transaction_id,order_datetime_utc,ingested_at_utc,country,source_system,source_scenario,product_code,product_name,product_category,brand,sales_channel,quantity,unit_price,currency,discount_pct,gross_amount,net_amount
TXN-CN-1-000001,2026-08-25 12:11:35,2026-08-25 12:15:35,CN,Other ERP,C,MED-002,Medora Derm Cream,RX,Medora,D2C,12,200.0,CNY,0.2,2400.0,1920.0
TXN-CN-1-000002,2026-08-25 13:35:32,2026-08-25 13:40:32,CN,Other ERP,C,DER-001,Dermacare GlowSerum,AES,Dermacare,Wholesale,4,246.15,CNY,0.1,984.6,886.14
TXN-CN-1-000003,2026-08-25 12:47:03,2026-08-25 12:53:03,CN,Other ERP,C,DER-001,Dermacare GlowSerum,AES,Dermacare,Pharmacy/B2B,4,246.15,CNY,0.15,984.6,836.91
TXN-CN-1-000004,2026-08-25 23:26:37,2026-08-25 23:30:37,CN,Other ERP,C,VIT-001,Vitalis C1000,SUP,Vitalis,E-commerce,12,161.54,CNY,0.0,1938.48,1938.48
TXN-CN-1-000005,2026-08-25 18:22:07,2026-08-25 18:23:07,CN,Other ERP,C,DER-002,Dermacare LiftCream,AES,Dermacare,E-commerce,2,284.62,CNY,0.15,569.24,483.85
TXN-CN-1-000006,2026-08-25 11:09:40,2026-08-25 11:11:40,CN,Other ERP,C,DER-001,Dermacare GlowSerum,AES,Dermacare,D2C,4,246.15,CNY,0.1,984.6,886.14
TXN-CN-1-000007,2026-08-25 23:14:16,2026-08-25 23:15:16,CN,Other ERP,C,VIT-002,Vitalis Multivit,SUP,Vitalis,Pharmacy/B2B,1,130.77,CNY,0.0,130.77,130.77
TXN-CN-1-000008,2026-08-25 10:46:09,2026-08-25 10:47:09,CN,Other ERP,C,VIT-002,Vitalis Multivit,SUP,Vitalis,E-commerce,11,130.77,CNY,0.0,1438.47,1438.47
TXN-CN-1-000009,2026-08-25 02:26:24,2026-08-25 02:29:24,CN,Other ERP,C,DER-002,Dermacare LiftCream,AES,Dermacare,Pharmacy/B2B,7,284.62,CNY,0.0,1992.34,1992.34
TXN-CN-1-000010,2026-08-25 14:40:22,2026-08-25 14:41:22,CN,Other ERP,C,PUR-002,PureLife BP Monitor,MD,PureLife,D2C,6,692.31,CNY,0.05,4153.86,3946.17
TXN-CN-1-000011,2026-08-25 13:39:00,2026-08-25 13:41:00,CN,Other ERP,C,SAN-001,SanaPlus PainRelief,OTC,SanaPlus,Wholesale,10,73.08,CNY,0.1,730.8,657.72
TXN-CN-1-000012,2026-08-25 17:25:10,2026-08-25 17:31:10,CN,Other ERP,C,PUR-002,PureLife BP Monitor,MD,PureLife,Pharmacy/B2B,11,692.31,CNY,0.05,7615.41,7234.64
TXN-CN-1-000013,2026-08-25 01:08:51,2026-08-25 01:12:51,CN,Other ERP,C,SAN-002,SanaPlus ColdFlu,OTC,SanaPlus,D2C,1,80.77,CNY,0.0,80.77,80.77
TXN-CN-1-000014,2026-08-25 17:14:35,2026-08-25 17:18:35,CN,Other ERP,C,PUR-001,PureLife GlucoMonitor,MD,PureLife,Pharmacy/B2B,7,653.85,CNY,0.15,4576.95,3890.41
TXN-CN-1-000015,2026-08-25 21:22:35,2026-08-25 21:27:35,CN,Other ERP,C,SAN-002,SanaPlus ColdFlu,OTC,SanaPlus,Wholesale,1,80.77,CNY,0.05,80.77,76.73
TXN-CN-1-000016,2026-08-25 01:24:28,2026-08-25 01:28:28,CN,Other ERP,C,MED-002,Medora Derm Cream,RX,Medora,Wholesale,5,200.0,CNY,0.1,1000.0,900.0
TXN-CN-1-000017,2026-08-25 03:21:05,2026-08-25 03:22:05,CN,Other ERP,C,VIT-002,Vitalis Multivit,SUP,Vitalis,Pharmacy/B2B,8,130.77,CNY,0.05,1046.16,993.85
TXN-CN-1-000018,2026-08-25 12:17:01,2026-08-25 12:19:01,CN,Other ERP,C,PUR-002,PureLife BP Monitor,MD,PureLife,Wholesale,1,692.31,CNY,0.0,692.31,692.31
TXN-CN-1-000019,2026-08-25 11:16:47,2026-08-25 11:21:47,CN,Other ERP,C,DER-002,Dermacare LiftCream,AES,Dermacare,E-commerce,10,284.62,CNY,0.05,2846.2,2703.89
TXN-CN-1-000020,2026-08-25 03:27:25,2026-08-25 03:28:25,CN,Other ERP,C,VIT-001,Vitalis C1000,SUP,Vitalis,Pharmacy/B2B,9,161.54,CNY,0.05,1453.86,1381.17
TXN-CN-1-000021,2026-08-25 02:30:57,2026-08-25 02:35:57,CN,Other ERP,C,VIT-001,Vitalis C1000,SUP,Vitalis,Wholesale,5,161.54,CNY,0.15,807.7,686.55
TXN-CN-1-000022,2026-08-25 20:34:22,2026-08-25 20:38:22,CN,Other ERP,C,PUR-001,PureLife GlucoMonitor,MD,PureLife,Pharmacy/B2B,5,653.85,CNY,0.1,3269.25,2942.33
TXN-CN-1-000023,2026-08-25 04:17:03,2026-08-25 04:23:03,CN,Other ERP,C,PUR-001,PureLife GlucoMonitor,MD,PureLife,Wholesale,3,653.85,CNY,0.05,1961.55,1863.47
TXN-CN-1-000024,2026-08-25 10:40:55,2026-08-25 10:42:55,CN,Other ERP,C,MED-001,Medora Cardio 10mg,RX,Medora,D2C,10,330.77,CNY,0.0,3307.7,3307.7
TXN-CN-1-000025,2026-08-25 15:32:12,2026-08-25 15:33:12,CN,Other ERP,C,VIT-001,Vitalis C1000,SUP,Vitalis,Pharmacy/B2B,4,161.54,CNY,0.05,646.16,613.85
TXN-CN-1-000026,2026-08-25 17:42:13,2026-08-25 17:44:13,CN,Other ERP,C,MED-001,Medora Cardio 10mg,RX,Medora,Wholesale,12,330.77,CNY,0.2,3969.24,3175.39
TXN-CN-1-000027,2026-08-25 23:48:24,2026-08-25 23:50:24,CN,Other ERP,C,DER-001,Dermacare GlowSerum,AES,Dermacare,Pharmacy/B2B,5,246.15,CNY,0.0,1230.75,1230.75
TXN-CN-1-000028,2026-08-25 08:08:04,2026-08-25 08:11:04,CN,Other ERP,C,PUR-002,PureLife BP Monitor,MD,PureLife,Wholesale,4,692.31,CNY,0.15,2769.24,2353.85
TXN-CN-1-000029,2026-08-25 16:11:23,2026-08-25 16:17:23,CN,Other ERP,C,MED-002,Medora Derm Cream,RX,Medora,Pharmacy/B2B,3,200.0,CNY,0.0,600.0,600.0
TXN-CN-1-000030,2026-08-25 04:48:21,2026-08-25 04:54:21,CN,Other ERP,C,PUR-002,PureLife BP Monitor,MD,PureLife,Pharmacy/B2B,8,692.31,CNY,0.05,5538.48,5261.56
TXN-CN-1-000031,2026-08-25 13:21:00,2026-08-25 13:27:00,CN,Other ERP,C,DER-001,Dermacare GlowSerum,AES,Dermacare,Pharmacy/B2B,12,246.15,CNY,0.1,2953.8,2658.42
TXN-CN-1-000032,2026-08-25 13:24:32,2026-08-25 13:30:32,CN,Other ERP,C,PUR-001,PureLife GlucoMonitor,MD,PureLife,Pharmacy/B2B,7,653.85,CNY,0.05,4576.95,4348.1
TXN-CN-1-000033,2026-08-25 01:13:15,2026-08-25 01:16:15,CN,Other ERP,C,DER-001,Dermacare GlowSerum,AES,Dermacare,Wholesale,2,246.15,CNY,0.0,492.3,492.3
TXN-CN-1-000034,2026-08-25 03:10:35,2026-08-25 03:13:35,CN,Other ERP,C,SAN-002,SanaPlus ColdFlu,OTC,SanaPlus,Wholesale,7,80.77,CNY,0.1,565.39,508.85
TXN-CN-1-000035,2026-08-25 08:51:20,2026-08-25 08:53:20,CN,Other ERP,C,MED-002,Medora Derm Cream,RX,Medora,Pharmacy/B2B,3,200.0,CNY,0.0,600.0,600.0
TXN-CN-1-000036,2026-08-25 20:46:06,2026-08-25 20:48:06,CN,Other ERP,C,VIT-002,Vitalis Multivit,SUP,Vitalis,Wholesale,11,130.77,CNY,0.1,1438.47,1294.62
TXN-CN-1-000037,2026-08-25 13:35:31,2026-08-25 13:40:31,CN,Other ERP,C,SAN-001,SanaPlus PainRelief,OTC,SanaPlus,Wholesale,2,73.08,CNY,0.2,146.16,116.93
TXN-CN-1-000038,2026-08-25 23:53:37,2026-08-25 23:55:37,CN,Other ERP,C,PUR-002,PureLife BP Monitor,MD,PureLife,Wholesale,2,692.31,CNY,0.1,1384.62,1246.16
TXN-CN-1-000039,2026-08-25 01:26:50,2026-08-25 01:28:50,CN,Other ERP,C,VIT-002,Vitalis Multivit,SUP,Vitalis,E-commerce,5,130.77,CNY,0.0,653.85,653.85
TXN-CN-1-000040,2026-08-25 14:13:31,2026-08-25 14:14:31,CN,Other ERP,C,SAN-002,SanaPlus ColdFlu,OTC,SanaPlus,Pharmacy/B2B,9,80.77,CNY,0.2,726.93,581.54
TXN-CN-1-000041,2026-08-25 00:26:34,2026-08-25 00:27:34,CN,Other ERP,C,PUR-001,PureLife GlucoMonitor,MD,PureLife,D2C,10,653.85,CNY,0.1,6538.5,5884.65
TXN-CN-1-000042,2026-08-25 00:19:20,2026-08-25 00:22:20,CN,Other ERP,C,VIT-001,Vitalis C1000,SUP,Vitalis,D2C,4,161.54,CNY,0.2,646.16,516.93
TXN-CN-1-000043,2026-08-25 17:29:25,2026-08-25 17:31:25,CN,Other ERP,C,VIT-002,Vitalis Multivit,SUP,Vitalis,Wholesale,8,130.77,CNY,0.05,1046.16,993.85
TXN-CN-1-000044,2026-08-25 07:47:45,2026-08-25 07:48:45,CN,Other ERP,C,VIT-001,Vitalis C1000,SUP,Vitalis,Wholesale,9,161.54,CNY,0.15,1453.86,1235.78
TXN-CN-1-000045,2026-08-25 22:49:46,2026-08-25 22:54:46,CN,Other ERP,C,MED-002,Medora Derm Cream,RX,Medora,E-commerce,11,200.0,CNY,0.0,2200.0,2200.0
TXN-CN-1-000046,2026-08-25 18:33:49,2026-08-25 18:35:49,CN,Other ERP,C,MED-002,Medora Derm Cream,RX,Medora,Wholesale,9,200.0,CNY,0.0,1800.0,1800.0
TXN-CN-1-000047,2026-08-25 20:36:47,2026-08-25 20:38:47,CN,Other ERP,C,VIT-002,Vitalis Multivit,SUP,Vitalis,Wholesale,11,130.77,CNY,0.0,1438.47,1438.47
TXN-CN-1-000048,2026-08-25 08:12:16,2026-08-25 08:15:16,CN,Other ERP,C,DER-001,Dermacare GlowSerum,AES,Dermacare,Pharmacy/B2B,7,246.15,CNY,0.0,1723.05,1723.05
TXN-CN-1-000049,2026-08-25 11:40:06,2026-08-25 11:44:06,CN,Other ERP,C,MED-001,Medora Cardio 10mg,RX,Medora,E-commerce,11,330.77,CNY,0.15,3638.47,3092.7
TXN-CN-1-000050,2026-08-25 13:36:19,2026-08-25 13:40:19,CN,Other ERP,C,DER-002,Dermacare LiftCream,AES,Dermacare,E-commerce,12,284.62,CNY,0.0,3415.44,3415.44
TXN-CN-1-000051,2026-08-25 17:27:11,2026-08-25 17:32:11,CN,Other ERP,C,PUR-001,PureLife GlucoMonitor,MD,PureLife,Wholesale,11,653.85,CNY,0.2,7192.35,5753.88
TXN-CN-1-000052,2026-08-25 23:07:55,2026-08-25 23:09:55,CN,Other ERP,C,VIT-002,Vitalis Multivit,SUP,Vitalis,D2C,8,130.77,CNY,0.2,1046.16,836.93
TXN-CN-1-000053,2026-08-25 02:43:57,2026-08-25 02:47:57,CN,Other ERP,C,PUR-002,PureLife BP Monitor,MD,PureLife,Pharmacy/B2B,7,692.31,CNY,0.0,4846.17,4846.17
TXN-CN-1-000054,2026-08-25 20:27:01,2026-08-25 20:28:01,CN,Other ERP,C,VIT-001,Vitalis C1000,SUP,Vitalis,Pharmacy/B2B,6,161.54,CNY,0.0,969.24,969.24
TXN-CN-1-000055,2026-08-25 14:19:06,2026-08-25 14:22:06,CN,Other ERP,C,DER-002,Dermacare LiftCream,AES,Dermacare,D2C,5,284.62,CNY,0.2,1423.1,1138.48
TXN-CN-1-000056,2026-08-25 19:29:21,2026-08-25 19:34:21,CN,Other ERP,C,SAN-002,SanaPlus ColdFlu,OTC,SanaPlus,D2C,8,80.77,CNY,0.1,646.16,581.54
TXN-CN-1-000057,2026-08-25 17:45:35,2026-08-25 17:49:35,CN,Other ERP,C,PUR-002,PureLife BP Monitor,MD,PureLife,E-commerce,8,692.31,CNY,0.0,5538.48,5538.48
TXN-CN-1-000058,2026-08-25 03:18:45,2026-08-25 03:24:45,CN,Other ERP,C,DER-002,Dermacare LiftCream,AES,Dermacare,D2C,9,284.62,CNY,0.1,2561.58,2305.42
TXN-CN-1-000059,2026-08-25 22:26:28,2026-08-25 22:32:28,CN,Other ERP,C,MED-002,Medora Derm Cream,RX,Medora,D2C,11,200.0,CNY,0.0,2200.0,2200.0
TXN-CN-1-000060,2026-08-25 09:52:33,2026-08-25 09:55:33,CN,Other ERP,C,PUR-002,PureLife BP Monitor,MD,PureLife,E-commerce,6,692.31,CNY,0.0,4153.86,4153.86
TXN-CN-1-000061,2026-08-25 08:43:00,2026-08-25 08:48:00,CN,Other ERP,C,VIT-002,Vitalis Multivit,SUP,Vitalis,D2C,5,130.77,CNY,0.0,653.85,653.85
TXN-CN-1-000062,2026-08-25 12:11:48,2026-08-25 12:16:48,CN,Other ERP,C,DER-001,Dermacare GlowSerum,AES,Dermacare,D2C,5,246.15,CNY,0.1,1230.75,1107.67
TXN-CN-1-000063,2026-08-25 15:25:54,2026-08-25 15:31:54,CN,Other ERP,C,VIT-002,Vitalis Multivit,SUP,Vitalis,E-commerce,12,130.77,CNY,0.0,1569.24,1569.24
TXN-CN-1-000064,2026-08-25 06:54:59,2026-08-25 07:00:59,CN,Other ERP,C,SAN-002,SanaPlus ColdFlu,OTC,SanaPlus,D2C,4,80.77,CNY,0.2,323.08,258.46
TXN-CN-1-000065,2026-08-25 16:50:45,2026-08-25 16:55:45,CN,Other ERP,C,PUR-001,PureLife GlucoMonitor,MD,PureLife,E-commerce,2,653.85,CNY,0.15,1307.7,1111.55
TXN-CN-1-000066,2026-08-25 10:36:42,2026-08-25 10:42:42,CN,Other ERP,C,VIT-002,Vitalis Multivit,SUP,Vitalis,E-commerce,10,130.77,CNY,0.2,1307.7,1046.16
TXN-CN-1-000067,2026-08-25 23:03:46,2026-08-25 23:06:46,CN,Other ERP,C,VIT-001,Vitalis C1000,SUP,Vitalis,Wholesale,6,161.54,CNY,0.0,969.24,969.24
TXN-CN-1-000068,2026-08-25 14:15:31,2026-08-25 14:19:31,CN,Other ERP,C,SAN-001,SanaPlus PainRelief,OTC,SanaPlus,Wholesale,9,73.08,CNY,0.0,657.72,657.72
TXN-CN-1-000069,2026-08-25 05:19:41,2026-08-25 05:22:41,CN,Other ERP,C,PUR-002,PureLife BP Monitor,MD,PureLife,Pharmacy/B2B,5,692.31,CNY,0.0,3461.55,3461.55
TXN-CN-1-000070,2026-08-25 13:42:36,2026-08-25 13:47:36,CN,Other ERP,C,DER-001,Dermacare GlowSerum,AES,Dermacare,Pharmacy/B2B,2,246.15,CNY,0.0,492.3,492.3
TXN-CN-1-000071,2026-08-25 09:16:38,2026-08-25 09:20:38,CN,Other ERP,C,DER-002,Dermacare LiftCream,AES,Dermacare,D2C,9,284.62,CNY,0.1,2561.58,2305.42
TXN-CN-1-000072,2026-08-25 15:18:34,2026-08-25 15:20:34,CN,Other ERP,C,SAN-001,SanaPlus PainRelief,OTC,SanaPlus,Pharmacy/B2B,7,73.08,CNY,0.15,511.56,434.83
TXN-CN-1-000073,2026-08-25 17:49:27,2026-08-25 17:54:27,CN,Other ERP,C,MED-002,Medora Derm Cream,RX,Medora,Wholesale,7,200.0,CNY,0.05,1400.0,1330.0
TXN-CN-1-000074,2026-08-25 11:24:04,2026-08-25 11:25:04,CN,Other ERP,C,VIT-001,Vitalis C1000,SUP,Vitalis,E-commerce,2,161.54,CNY,0.0,323.08,323.08
TXN-CN-1-000075,2026-08-25 01:59:03,2026-08-25 02:00:03,CN,Other ERP,C,MED-002,Medora Derm Cream,RX,Medora,D2C,2,200.0,CNY,0.1,400.0,360.0
TXN-CN-1-000076,2026-08-25 19:29:12,2026-08-25 19:32:12,CN,Other ERP,C,VIT-001,Vitalis C1000,SUP,Vitalis,Pharmacy/B2B,12,161.54,CNY,0.15,1938.48,1647.71
TXN-CN-1-000077,2026-08-25 15:24:38,2026-08-25 15:26:38,CN,Other ERP,C,MED-001,Medora Cardio 10mg,RX,Medora,Pharmacy/B2B,1,330.77,CNY,0.0,330.77,330.77
TXN-CN-1-000078,2026-08-25 12:17:30,2026-08-25 12:22:30,CN,Other ERP,C,SAN-001,SanaPlus PainRelief,OTC,SanaPlus,D2C,7,73.08,CNY,0.0,511.56,511.56
TXN-CN-1-000079,2026-08-25 08:23:30,2026-08-25 08:25:30,CN,Other ERP,C,PUR-002,PureLife BP Monitor,MD,PureLife,D2C,9,692.31,CNY,0.0,6230.79,6230.79
TXN-CN-1-000080,2026-08-25 08:36:20,2026-08-25 08:38:20,CN,Other ERP,C,MED-001,Medora Cardio 10mg,RX,Medora,D2C,4,330.77,CNY,0.0,1323.08,1323.08
TXN-CN-1-000081,2026-08-25 13:57:16,2026-08-25 13:59:16,CN,Other ERP,C,PUR-001,PureLife GlucoMonitor,MD,PureLife,Pharmacy/B2B,3,653.85,CNY,0.0,1961.55,1961.55
TXN-CN-1-000082,2026-08-25 20:47:53,2026-08-25 20:53:53,CN,Other ERP,C,PUR-002,PureLife BP Monitor,MD,PureLife,D2C,8,692.31,CNY,0.0,5538.48,5538.48
TXN-CN-1-000083,2026-08-25 03:29:01,2026-08-25 03:31:01,CN,Other ERP,C,DER-001,Dermacare GlowSerum,AES,Dermacare,E-commerce,4,246.15,CNY,0.05,984.6,935.37
TXN-CN-1-000084,2026-08-25 22:11:42,2026-08-25 22:13:42,CN,Other ERP,C,VIT-001,Vitalis C1000,SUP,Vitalis,E-commerce,5,161.54,CNY,0.0,807.7,807.7
TXN-CN-1-000085,2026-08-25 00:06:55,2026-08-25 00:08:55,CN,Other ERP,C,SAN-001,SanaPlus PainRelief,OTC,SanaPlus,Wholesale,10,73.08,CNY,0.2,730.8,584.64
TXN-CN-1-000086,2026-08-25 21:50:06,2026-08-25 21:54:06,CN,Other ERP,C,DER-002,Dermacare LiftCream,AES,Dermacare,E-commerce,4,284.62,CNY,0.0,1138.48,1138.48
TXN-CN-1-000087,2026-08-25 02:59:07,2026-08-25 03:03:07,CN,Other ERP,C,DER-002,Dermacare LiftCream,AES,Dermacare,Wholesale,3,284.62,CNY,0.15,853.86,725.78
TXN-CN-1-000088,2026-08-25 13:59:53,2026-08-25 14:04:53,CN,Other ERP,C,DER-001,Dermacare GlowSerum,AES,Dermacare,Pharmacy/B2B,9,246.15,CNY,0.2,2215.35,1772.28
TXN-CN-1-000089,2026-08-25 09:53:35,2026-08-25 09:55:35,CN,Other ERP,C,DER-002,Dermacare LiftCream,AES,Dermacare,Wholesale,9,284.62,CNY,0.0,2561.58,2561.58
TXN-CN-1-000090,2026-08-25 11:43:35,2026-08-25 11:44:35,CN,Other ERP,C,DER-002,Dermacare LiftCream,AES,Dermacare,Wholesale,8,284.62,CNY,0.1,2276.96,2049.26
TXN-CN-1-000091,2026-08-25 07:28:51,2026-08-25 07:31:51,CN,Other ERP,C,VIT-001,Vitalis C1000,SUP,Vitalis,Pharmacy/B2B,10,161.54,CNY,0.2,1615.4,1292.32
TXN-CN-1-000092,2026-08-25 13:45:01,2026-08-25 13:47:01,CN,Other ERP,C,DER-001,Dermacare GlowSerum,AES,Dermacare,E-commerce,4,246.15,CNY,0.0,984.6,984.6
TXN-CN-1-000093,2026-08-25 12:51:43,2026-08-25 12:55:43,CN,Other ERP,C,SAN-001,SanaPlus PainRelief,OTC,SanaPlus,E-commerce,12,73.08,CNY,0.0,876.96,876.96
TXN-CN-1-000094,2026-08-25 08:24:23,2026-08-25 08:28:23,CN,Other ERP,C,PUR-002,PureLife BP Monitor,MD,PureLife,Wholesale,1,692.31,CNY,0.15,692.31,588.46
TXN-CN-1-000095,2026-08-25 20:30:34,2026-08-25 20:32:34,CN,Other ERP,C,MED-002,Medora Derm Cream,RX,Medora,Wholesale,12,200.0,CNY,0.2,2400.0,1920.0
TXN-CN-1-000096,2026-08-25 00:47:47,2026-08-25 00:51:47,CN,Other ERP,C,PUR-002,PureLife BP Monitor,MD,PureLife,D2C,6,692.31,CNY,0.05,4153.86,3946.17
TXN-CN-1-000097,2026-08-25 00:44:46,2026-08-25 00:48:46,CN,Other ERP,C,DER-001,Dermacare GlowSerum,AES,Dermacare,Wholesale,7,246.15,CNY,0.0,1723.05,1723.05
TXN-CN-1-000098,2026-08-25 15:55:25,2026-08-25 15:58:25,CN,Other ERP,C,SAN-002,SanaPlus ColdFlu,OTC,SanaPlus,E-commerce,5,80.77,CNY,0.0,403.85,403.85
TXN-CN-1-000099,2026-08-25 09:27:40,2026-08-25 09:31:40,CN,Other ERP,C,VIT-001,Vitalis C1000,SUP,Vitalis,E-commerce,4,161.54,CNY,0.2,646.16,516.93
TXN-CN-1-000100,2026-08-25 21:19:01,2026-08-25 21:25:01,CN,Other ERP,C,PUR-001,PureLife GlucoMonitor,MD,PureLife,E-commerce,1,653.85,CNY,0.05,653.85,621.16
TXN-CN-1-000101,2026-08-25 13:16:25,2026-08-25 13:17:25,CN,Other ERP,C,VIT-002,Vitalis Multivit,SUP,Vitalis,Pharmacy/B2B,12,130.77,CNY,0.0,1569.24,1569.24
TXN-CN-1-000102,2026-08-25 03:21:48,2026-08-25 03:26:48,CN,Other ERP,C,PUR-001,PureLife GlucoMonitor,MD,PureLife,Pharmacy/B2B,5,653.85,CNY,0.0,3269.25,3269.25
TXN-CN-1-000103,2026-08-25 19:07:26,2026-08-25 19:10:26,CN,Other ERP,C,DER-002,Dermacare LiftCream,AES,Dermacare,E-commerce,5,284.62,CNY,0.0,1423.1,1423.1
TXN-CN-1-000104,2026-08-25 15:52:13,2026-08-25 15:55:13,CN,Other ERP,C,VIT-001,Vitalis C1000,SUP,Vitalis,E-commerce,7,161.54,CNY,0.0,1130.78,1130.78
TXN-CN-1-000105,2026-08-25 06:04:00,2026-08-25 06:09:00,CN,Other ERP,C,MED-002,Medora Derm Cream,RX,Medora,E-commerce,2,200.0,CNY,0.1,400.0,360.0
TXN-CN-1-000106,2026-08-25 01:53:54,2026-08-25 01:58:54,CN,Other ERP,C,VIT-001,Vitalis C1000,SUP,Vitalis,D2C,9,161.54,CNY,0.05,1453.86,1381.17
TXN-CN-1-000107,2026-08-25 15:24:38,2026-08-25 15:26:38,CN,Other ERP,C,VIT-002,Vitalis Multivit,SUP,Vitalis,Pharmacy/B2B,4,130.77,CNY,0.1,523.08,470.77
TXN-CN-1-000108,2026-08-25 02:48:18,2026-08-25 02:49:18,CN,Other ERP,C,MED-002,Medora Derm Cream,RX,Medora,D2C,3,200.0,CNY,0.1,600.0,540.0
TXN-CN-1-000109,2026-08-25 04:31:10,2026-08-25 04:35:10,CN,Other ERP,C,PUR-001,PureLife GlucoMonitor,MD,PureLife,D2C,12,653.85,CNY,0.0,7846.2,7846.2
TXN-CN-1-000110,2026-08-25 05:33:37,2026-08-25 05:38:37,CN,Other ERP,C,VIT-001,Vitalis C1000,SUP,Vitalis,E-commerce,1,161.54,CNY,0.0,161.54,161.54
TXN-CN-1-000111,2026-08-25 06:15:17,2026-08-25 06:18:17,CN,Other ERP,C,PUR-001,PureLife GlucoMonitor,MD,PureLife,Pharmacy/B2B,9,653.85,CNY,0.1,5884.65,5296.18
TXN-CN-1-000112,2026-08-25 02:04:11,2026-08-25 02:08:11,CN,Other ERP,C,VIT-001,Vitalis C1000,SUP,Vitalis,E-commerce,1,161.54,CNY,0.05,161.54,153.46
TXN-CN-1-000113,2026-08-25 05:40:35,2026-08-25 05:42:35,CN,Other ERP,C,VIT-002,Vitalis Multivit,SUP,Vitalis,D2C,10,130.77,CNY,0.2,1307.7,1046.16
TXN-CN-1-000114,2026-08-25 10:10:05,2026-08-25 10:14:05,CN,Other ERP,C,VIT-002,Vitalis Multivit,SUP,Vitalis,Wholesale,3,130.77,CNY,0.15,392.31,333.46
TXN-CN-1-000115,2026-08-25 04:00:01,2026-08-25 04:06:01,CN,Other ERP,C,VIT-002,Vitalis Multivit,SUP,Vitalis,E-commerce,11,130.77,CNY,0.1,1438.47,1294.62
TXN-CN-1-000116,2026-08-25 01:32:20,2026-08-25 01:33:20,CN,Other ERP,C,DER-001,Dermacare GlowSerum,AES,Dermacare,E-commerce,1,246.15,CNY,0.0,246.15,246.15
TXN-CN-1-000117,2026-08-25 16:46:34,2026-08-25 16:51:34,CN,Other ERP,C,DER-002,Dermacare LiftCream,AES,Dermacare,Wholesale,9,284.62,CNY,0.1,2561.58,2305.42
TXN-CN-1-000118,2026-08-25 14:42:19,2026-08-25 14:47:19,CN,Other ERP,C,DER-002,Dermacare LiftCream,AES,Dermacare,D2C,10,284.62,CNY,0.1,2846.2,2561.58
TXN-CN-1-000119,2026-08-25 14:45:10,2026-08-25 14:48:10,CN,Other ERP,C,PUR-001,PureLife GlucoMonitor,MD,PureLife,Wholesale,3,653.85,CNY,0.1,1961.55,1765.39
TXN-CN-1-000120,2026-08-25 18:11:40,2026-08-25 18:13:40,CN,Other ERP,C,MED-001,Medora Cardio 10mg,RX,Medora,E-commerce,2,330.77,CNY,0.1,661.54,595.39
TXN-CN-1-000121,2026-08-25 13:22:49,2026-08-25 13:25:49,CN,Other ERP,C,MED-002,Medora Derm Cream,RX,Medora,Wholesale,7,200.0,CNY,0.05,1400.0,1330.0
TXN-CN-1-000122,2026-08-25 10:54:18,2026-08-25 10:57:18,CN,Other ERP,C,MED-001,Medora Cardio 10mg,RX,Medora,D2C,8,330.77,CNY,0.0,2646.16,2646.16
TXN-CN-1-000123,2026-08-25 00:35:02,2026-08-25 00:37:02,CN,Other ERP,C,DER-001,Dermacare GlowSerum,AES,Dermacare,E-commerce,8,246.15,CNY,0.2,1969.2,1575.36
TXN-CN-1-000124,2026-08-25 21:29:48,2026-08-25 21:35:48,CN,Other ERP,C,VIT-001,Vitalis C1000,SUP,Vitalis,D2C,7,161.54,CNY,0.0,1130.78,1130.78
TXN-CN-1-000125,2026-08-25 05:10:53,2026-08-25 05:11:53,CN,Other ERP,C,VIT-002,Vitalis Multivit,SUP,Vitalis,Wholesale,5,130.77,CNY,0.05,653.85,621.16
TXN-CN-1-000126,2026-08-25 14:32:09,2026-08-25 14:36:09,CN,Other ERP,C,DER-002,Dermacare LiftCream,AES,Dermacare,D2C,4,284.62,CNY,0.05,1138.48,1081.56
TXN-CN-1-000127,2026-08-25 04:44:53,2026-08-25 04:48:53,CN,Other ERP,C,MED-001,Medora Cardio 10mg,RX,Medora,E-commerce,3,330.77,CNY,0.15,992.31,843.46
TXN-CN-1-000128,2026-08-25 03:41:15,2026-08-25 03:44:15,CN,Other ERP,C,SAN-002,SanaPlus ColdFlu,OTC,SanaPlus,Pharmacy/B2B,6,80.77,CNY,0.05,484.62,460.39
TXN-CN-1-000129,2026-08-25 14:04:26,2026-08-25 14:10:26,CN,Other ERP,C,DER-001,Dermacare GlowSerum,AES,Dermacare,Pharmacy/B2B,10,246.15,CNY,0.0,2461.5,2461.5
TXN-CN-1-000130,2026-08-25 12:55:00,2026-08-25 13:00:00,CN,Other ERP,C,PUR-001,PureLife GlucoMonitor,MD,PureLife,Wholesale,1,653.85,CNY,0.2,653.85,523.08
TXN-CN-1-000131,2026-08-25 17:27:23,2026-08-25 17:28:23,CN,Other ERP,C,SAN-002,SanaPlus ColdFlu,OTC,SanaPlus,D2C,4,80.77,CNY,0.0,323.08,323.08
TXN-CN-1-000132,2026-08-25 18:26:56,2026-08-25 18:28:56,CN,Other ERP,C,MED-001,Medora Cardio 10mg,RX,Medora,Pharmacy/B2B,3,330.77,CNY,0.15,992.31,843.46
TXN-CN-1-000133,2026-08-25 20:26:48,2026-08-25 20:29:48,CN,Other ERP,C,MED-001,Medora Cardio 10mg,RX,Medora,Pharmacy/B2B,9,330.77,CNY,0.0,2976.93,2976.93
TXN-CN-1-000134,2026-08-25 22:57:43,2026-08-25 23:02:43,CN,Other ERP,C,SAN-002,SanaPlus ColdFlu,OTC,SanaPlus,Pharmacy/B2B,8,80.77,CNY,0.05,646.16,613.85
TXN-CN-1-000135,2026-08-25 12:09:43,2026-08-25 12:14:43,CN,Other ERP,C,DER-002,Dermacare LiftCream,AES,Dermacare,D2C,10,284.62,CNY,0.0,2846.2,2846.2
TXN-CN-1-000136,2026-08-25 10:22:25,2026-08-25 10:25:25,CN,Other ERP,C,MED-001,Medora Cardio 10mg,RX,Medora,Pharmacy/B2B,8,330.77,CNY,0.2,2646.16,2116.93
TXN-CN-1-000137,2026-08-25 17:44:59,2026-08-25 17:48:59,CN,Other ERP,C,PUR-001,PureLife GlucoMonitor,MD,PureLife,Pharmacy/B2B,11,653.85,CNY,0.2,7192.35,5753.88
TXN-CN-1-000138,2026-08-25 19:57:06,2026-08-25 20:03:06,CN,Other ERP,C,PUR-002,PureLife BP Monitor,MD,PureLife,Pharmacy/B2B,3,692.31,CNY,0.2,2076.93,1661.54
TXN-CN-1-000139,2026-08-25 13:45:35,2026-08-25 13:48:35,CN,Other ERP,C,DER-002,Dermacare LiftCream,AES,Dermacare,D2C,3,284.62,CNY,0.0,853.86,853.86
TXN-CN-1-000140,2026-08-25 07:08:53,2026-08-25 07:09:53,CN,Other ERP,C,PUR-002,PureLife BP Monitor,MD,PureLife,Wholesale,5,692.31,CNY,0.05,3461.55,3288.47
TXN-CN-1-000141,2026-08-25 08:01:06,2026-08-25 08:02:06,CN,Other ERP,C,MED-001,Medora Cardio 10mg,RX,Medora,D2C,1,330.77,CNY,0.0,330.77,330.77
TXN-CN-1-000142,2026-08-25 07:04:52,2026-08-25 07:08:52,CN,Other ERP,C,PUR-002,PureLife BP Monitor,MD,PureLife,E-commerce,7,692.31,CNY,0.2,4846.17,3876.94
TXN-CN-1-000143,2026-08-25 05:31:16,2026-08-25 05:35:16,CN,Other ERP,C,PUR-001,PureLife GlucoMonitor,MD,PureLife,D2C,4,653.85,CNY,0.0,2615.4,2615.4
TXN-CN-1-000144,2026-08-25 02:24:40,2026-08-25 02:26:40,CN,Other ERP,C,MED-001,Medora Cardio 10mg,RX,Medora,D2C,12,330.77,CNY,0.05,3969.24,3770.78
TXN-CN-1-000145,2026-08-25 02:24:22,2026-08-25 02:26:22,CN,Other ERP,C,DER-002,Dermacare LiftCream,AES,Dermacare,E-commerce,11,284.62,CNY,0.05,3130.82,2974.28
TXN-CN-1-000146,2026-08-25 04:09:33,2026-08-25 04:10:33,CN,Other ERP,C,DER-002,Dermacare LiftCream,AES,Dermacare,D2C,10,284.62,CNY,0.15,2846.2,2419.27
TXN-CN-1-000147,2026-08-25 13:32:54,2026-08-25 13:36:54,CN,Other ERP,C,SAN-001,SanaPlus PainRelief,OTC,SanaPlus,D2C,11,73.08,CNY,0.15,803.88,683.3
TXN-CN-1-000148,2026-08-25 11:53:19,2026-08-25 11:58:19,CN,Other ERP,C,VIT-001,Vitalis C1000,SUP,Vitalis,D2C,10,161.54,CNY,0.2,1615.4,1292.32
TXN-CN-1-000149,2026-08-25 08:55:51,2026-08-25 08:57:51,CN,Other ERP,C,MED-001,Medora Cardio 10mg,RX,Medora,Wholesale,8,330.77,CNY,0.0,2646.16,2646.16
TXN-CN-1-000150,2026-08-25 11:56:51,2026-08-25 12:01:51,CN,Other ERP,C,SAN-001,SanaPlus PainRelief,OTC,SanaPlus,Wholesale,12,73.08,CNY,0.05,876.96,833.11
TXN-CN-1-000151,2026-08-25 01:52:02,2026-08-25 01:57:02,CN,Other ERP,C,SAN-001,SanaPlus PainRelief,OTC,SanaPlus,D2C,2,73.08,CNY,0.2,146.16,116.93
TXN-CN-1-000152,2026-08-25 05:23:14,2026-08-25 05:28:14,CN,Other ERP,C,VIT-002,Vitalis Multivit,SUP,Vitalis,E-commerce,4,130.77,CNY,0.05,523.08,496.93
TXN-CN-1-000153,2026-08-25 05:34:47,2026-08-25 05:35:47,CN,Other ERP,C,PUR-001,PureLife GlucoMonitor,MD,PureLife,D2C,7,653.85,CNY,0.15,4576.95,3890.41
TXN-CN-1-000154,2026-08-25 14:33:29,2026-08-25 14:37:29,CN,Other ERP,C,PUR-002,PureLife BP Monitor,MD,PureLife,D2C,5,692.31,CNY,0.0,3461.55,3461.55
TXN-CN-1-000155,2026-08-25 08:49:44,2026-08-25 08:51:44,CN,Other ERP,C,PUR-002,PureLife BP Monitor,MD,PureLife,Wholesale,11,692.31,CNY,0.0,7615.41,7615.41
TXN-CN-1-000156,2026-08-25 11:25:50,2026-08-25 11:26:50,CN,Other ERP,C,DER-001,Dermacare GlowSerum,AES,Dermacare,Wholesale,7,246.15,CNY,0.0,1723.05,1723.05
TXN-CN-1-000157,2026-08-25 15:04:53,2026-08-25 15:08:53,CN,Other ERP,C,MED-001,Medora Cardio 10mg,RX,Medora,D2C,6,330.77,CNY,0.0,1984.62,1984.62
TXN-CN-1-000158,2026-08-25 11:12:51,2026-08-25 11:14:51,CN,Other ERP,C,DER-002,Dermacare LiftCream,AES,Dermacare,Wholesale,7,284.62,CNY,0.1,1992.34,1793.11
TXN-CN-1-000159,2026-08-25 07:47:33,2026-08-25 07:51:33,CN,Other ERP,C,DER-001,Dermacare GlowSerum,AES,Dermacare,E-commerce,5,246.15,CNY,0.0,1230.75,1230.75
TXN-CN-1-000160,2026-08-25 22:13:48,2026-08-25 22:15:48,CN,Other ERP,C,SAN-002,SanaPlus ColdFlu,OTC,SanaPlus,E-commerce,10,80.77,CNY,0.0,807.7,807.7
TXN-CN-1-000161,2026-08-25 21:36:24,2026-08-25 21:40:24,CN,Other ERP,C,MED-002,Medora Derm Cream,RX,Medora,Pharmacy/B2B,2,200.0,CNY,0.0,400.0,400.0
TXN-CN-1-000162,2026-08-25 00:18:32,2026-08-25 00:20:32,CN,Other ERP,C,PUR-001,PureLife GlucoMonitor,MD,PureLife,Wholesale,8,653.85,CNY,0.0,5230.8,5230.8
TXN-CN-1-000163,2026-08-25 23:35:30,2026-08-25 23:37:30,CN,Other ERP,C,MED-001,Medora Cardio 10mg,RX,Medora,Pharmacy/B2B,8,330.77,CNY,0.0,2646.16,2646.16
TXN-CN-1-000164,2026-08-25 01:11:24,2026-08-25 01:13:24,CN,Other ERP,C,SAN-001,SanaPlus PainRelief,OTC,SanaPlus,D2C,11,73.08,CNY,0.15,803.88,683.3
TXN-CN-1-000165,2026-08-25 13:00:25,2026-08-25 13:06:25,CN,Other ERP,C,PUR-002,PureLife BP Monitor,MD,PureLife,Pharmacy/B2B,1,692.31,CNY,0.0,692.31,692.31
TXN-CN-1-000166,2026-08-25 11:16:41,2026-08-25 11:19:41,CN,Other ERP,C,MED-002,Medora Derm Cream,RX,Medora,Pharmacy/B2B,10,200.0,CNY,0.0,2000.0,2000.0
TXN-CN-1-000167,2026-08-25 01:26:19,2026-08-25 01:31:19,CN,Other ERP,C,MED-001,Medora Cardio 10mg,RX,Medora,E-commerce,3,330.77,CNY,0.05,992.31,942.69
TXN-CN-1-000168,2026-08-25 17:51:12,2026-08-25 17:52:12,CN,Other ERP,C,SAN-001,SanaPlus PainRelief,OTC,SanaPlus,D2C,10,73.08,CNY,0.2,730.8,584.64
TXN-CN-1-000169,2026-08-25 19:09:15,2026-08-25 19:10:15,CN,Other ERP,C,PUR-002,PureLife BP Monitor,MD,PureLife,D2C,3,692.31,CNY,0.0,2076.93,2076.93
TXN-CN-1-000170,2026-08-25 16:49:59,2026-08-25 16:54:59,CN,Other ERP,C,SAN-001,SanaPlus PainRelief,OTC,SanaPlus,E-commerce,11,73.08,CNY,0.2,803.88,643.1
TXN-CN-1-000171,2026-08-25 18:44:47,2026-08-25 18:45:47,CN,Other ERP,C,DER-002,Dermacare LiftCream,AES,Dermacare,E-commerce,12,284.62,CNY,0.0,3415.44,3415.44
TXN-CN-1-000172,2026-08-25 01:09:58,2026-08-25 01:13:58,CN,Other ERP,C,SAN-002,SanaPlus ColdFlu,OTC,SanaPlus,E-commerce,12,80.77,CNY,0.05,969.24,920.78
TXN-CN-1-000173,2026-08-25 16:28:31,2026-08-25 16:31:31,CN,Other ERP,C,PUR-001,PureLife GlucoMonitor,MD,PureLife,D2C,5,653.85,CNY,0.15,3269.25,2778.86
TXN-CN-1-000174,2026-08-25 14:36:12,2026-08-25 14:40:12,CN,Other ERP,C,VIT-002,Vitalis Multivit,SUP,Vitalis,D2C,11,130.77,CNY,0.0,1438.47,1438.47
TXN-CN-1-000175,2026-08-25 07:39:56,2026-08-25 07:41:56,CN,Other ERP,C,DER-002,Dermacare LiftCream,AES,Dermacare,E-commerce,12,284.62,CNY,0.0,3415.44,3415.44
TXN-CN-1-000176,2026-08-25 01:20:23,2026-08-25 01:21:23,CN,Other ERP,C,MED-001,Medora Cardio 10mg,RX,Medora,Pharmacy/B2B,3,330.77,CNY,0.0,992.31,992.31
TXN-CN-1-000177,2026-08-25 16:20:40,2026-08-25 16:22:40,CN,Other ERP,C,VIT-001,Vitalis C1000,SUP,Vitalis,Pharmacy/B2B,5,161.54,CNY,0.2,807.7,646.16
TXN-CN-1-000178,2026-08-25 12:06:51,2026-08-25 12:12:51,CN,Other ERP,C,SAN-002,SanaPlus ColdFlu,OTC,SanaPlus,E-commerce,12,80.77,CNY,0.05,969.24,920.78
TXN-CN-1-000179,2026-08-25 15:51:00,2026-08-25 15:55:00,CN,Other ERP,C,MED-002,Medora Derm Cream,RX,Medora,D2C,12,200.0,CNY,0.0,2400.0,2400.0
TXN-CN-1-000180,2026-08-25 17:13:46,2026-08-25 17:19:46,CN,Other ERP,C,MED-001,Medora Cardio 10mg,RX,Medora,D2C,3,330.77,CNY,0.05,992.31,942.69
TXN-CN-1-000181,2026-08-25 06:58:18,2026-08-25 07:01:18,CN,Other ERP,C,MED-002,Medora Derm Cream,RX,Medora,Pharmacy/B2B,1,200.0,CNY,0.2,200.0,160.0
TXN-CN-1-000182,2026-08-25 09:10:53,2026-08-25 09:14:53,CN,Other ERP,C,VIT-001,Vitalis C1000,SUP,Vitalis,Wholesale,8,161.54,CNY,0.15,1292.32,1098.47
TXN-CN-1-000183,2026-08-25 14:28:19,2026-08-25 14:34:19,CN,Other ERP,C,SAN-002,SanaPlus ColdFlu,OTC,SanaPlus,Wholesale,3,80.77,CNY,0.2,242.31,193.85
TXN-CN-1-000184,2026-08-25 11:54:08,2026-08-25 12:00:08,CN,Other ERP,C,DER-001,Dermacare GlowSerum,AES,Dermacare,D2C,10,246.15,CNY,0.2,2461.5,1969.2
TXN-CN-1-000185,2026-08-25 06:41:52,2026-08-25 06:42:52,CN,Other ERP,C,VIT-001,Vitalis C1000,SUP,Vitalis,D2C,7,161.54,CNY,0.0,1130.78,1130.78
TXN-CN-1-000186,2026-08-25 17:43:38,2026-08-25 17:46:38,CN,Other ERP,C,VIT-001,Vitalis C1000,SUP,Vitalis,Pharmacy/B2B,3,161.54,CNY,0.0,484.62,484.62
TXN-CN-1-000187,2026-08-25 18:40:11,2026-08-25 18:45:11,CN,Other ERP,C,DER-002,Dermacare LiftCream,AES,Dermacare,D2C,4,284.62,CNY,0.15,1138.48,967.71
TXN-CN-1-000188,2026-08-25 06:34:20,2026-08-25 06:38:20,CN,Other ERP,C,MED-001,Medora Cardio 10mg,RX,Medora,Pharmacy/B2B,11,330.77,CNY,0.0,3638.47,3638.47
TXN-CN-1-000189,2026-08-25 12:29:12,2026-08-25 12:34:12,CN,Other ERP,C,SAN-002,SanaPlus ColdFlu,OTC,SanaPlus,D2C,1,80.77,CNY,0.0,80.77,80.77
TXN-CN-1-000190,2026-08-25 17:34:41,2026-08-25 17:39:41,CN,Other ERP,C,VIT-002,Vitalis Multivit,SUP,Vitalis,E-commerce,3,130.77,CNY,0.0,392.31,392.31
TXN-CN-1-000191,2026-08-25 23:58:52,2026-08-26 00:04:52,CN,Other ERP,C,PUR-001,PureLife GlucoMonitor,MD,PureLife,D2C,9,653.85,CNY,0.05,5884.65,5590.42
TXN-CN-1-000192,2026-08-25 19:15:02,2026-08-25 19:20:02,CN,Other ERP,C,PUR-002,PureLife BP Monitor,MD,PureLife,E-commerce,7,692.31,CNY,0.2,4846.17,3876.94
TXN-CN-1-000193,2026-08-25 01:26:07,2026-08-25 01:30:07,CN,Other ERP,C,PUR-002,PureLife BP Monitor,MD,PureLife,D2C,9,692.31,CNY,0.2,6230.79,4984.63
TXN-CN-1-000194,2026-08-25 16:37:06,2026-08-25 16:38:06,CN,Other ERP,C,SAN-001,SanaPlus PainRelief,OTC,SanaPlus,D2C,1,73.08,CNY,0.05,73.08,69.43
TXN-CN-1-000195,2026-08-25 21:27:23,2026-08-25 21:33:23,CN,Other ERP,C,MED-002,Medora Derm Cream,RX,Medora,Wholesale,7,200.0,CNY,0.05,1400.0,1330.0
TXN-CN-1-000196,2026-08-25 22:09:51,2026-08-25 22:14:51,CN,Other ERP,C,VIT-002,Vitalis Multivit,SUP,Vitalis,D2C,10,130.77,CNY,0.0,1307.7,1307.7
TXN-CN-1-000197,2026-08-25 16:21:26,2026-08-25 16:24:26,CN,Other ERP,C,SAN-001,SanaPlus PainRelief,OTC,SanaPlus,Pharmacy/B2B,4,73.08,CNY,0.15,292.32,248.47
TXN-CN-1-000198,2026-08-25 21:06:04,2026-08-25 21:09:04,CN,Other ERP,C,DER-001,Dermacare GlowSerum,AES,Dermacare,D2C,1,246.15,CNY,0.1,246.15,221.53
TXN-CN-1-000199,2026-08-25 08:20:44,2026-08-25 08:21:44,CN,Other ERP,C,VIT-002,Vitalis Multivit,SUP,Vitalis,Wholesale,4,130.77,CNY,0.05,523.08,496.93
TXN-CN-1-000200,2026-08-25 00:04:54,2026-08-25 00:08:54,CN,Other ERP,C,MED-001,Medora Cardio 10mg,RX,Medora,Pharmacy/B2B,5,330.77,CNY,0.1,1653.85,1488.46
TXN-CN-1-000201,2026-08-25 19:53:56,2026-08-25 19:57:56,CN,Other ERP,C,MED-001,Medora Cardio 10mg,RX,Medora,D2C,10,330.77,CNY,0.15,3307.7,2811.54
TXN-CN-1-000202,2026-08-25 01:51:50,2026-08-25 01:55:50,CN,Other ERP,C,PUR-002,PureLife BP Monitor,MD,PureLife,E-commerce,9,692.31,CNY,0.15,6230.79,5296.17
TXN-CN-1-000203,2026-08-25 20:06:38,2026-08-25 20:09:38,CN,Other ERP,C,MED-002,Medora Derm Cream,RX,Medora,E-commerce,7,200.0,CNY,0.1,1400.0,1260.0
TXN-CN-1-000204,2026-08-25 11:57:48,2026-08-25 11:59:48,CN,Other ERP,C,PUR-001,PureLife GlucoMonitor,MD,PureLife,E-commerce,1,653.85,CNY,0.15,653.85,555.77
TXN-CN-1-000205,2026-08-25 15:38:15,2026-08-25 15:39:15,CN,Other ERP,C,SAN-002,SanaPlus ColdFlu,OTC,SanaPlus,E-commerce,8,80.77,CNY,0.0,646.16,646.16
TXN-CN-1-000206,2026-08-25 03:37:16,2026-08-25 03:39:16,CN,Other ERP,C,SAN-001,SanaPlus PainRelief,OTC,SanaPlus,E-commerce,11,73.08,CNY,0.0,803.88,803.88
TXN-CN-1-000207,2026-08-25 09:21:37,2026-08-25 09:25:37,CN,Other ERP,C,VIT-001,Vitalis C1000,SUP,Vitalis,Wholesale,4,161.54,CNY,0.15,646.16,549.24
TXN-CN-1-000208,2026-08-25 05:58:03,2026-08-25 06:01:03,CN,Other ERP,C,MED-002,Medora Derm Cream,RX,Medora,D2C,5,200.0,CNY,0.1,1000.0,900.0
TXN-CN-1-000209,2026-08-25 19:58:36,2026-08-25 20:04:36,CN,Other ERP,C,MED-002,Medora Derm Cream,RX,Medora,Pharmacy/B2B,3,200.0,CNY,0.2,600.0,480.0
TXN-CN-1-000210,2026-08-25 04:25:17,2026-08-25 04:26:17,CN,Other ERP,C,VIT-002,Vitalis Multivit,SUP,Vitalis,Pharmacy/B2B,5,130.77,CNY,0.0,653.85,653.85
TXN-CN-1-000211,2026-08-25 04:07:39,2026-08-25 04:11:39,CN,Other ERP,C,SAN-002,SanaPlus ColdFlu,OTC,SanaPlus,Pharmacy/B2B,9,80.77,CNY,0.2,726.93,581.54
TXN-CN-1-000212,2026-08-25 19:27:50,2026-08-25 19:31:50,CN,Other ERP,C,PUR-001,PureLife GlucoMonitor,MD,PureLife,Pharmacy/B2B,8,653.85,CNY,0.15,5230.8,4446.18
TXN-CN-1-000213,2026-08-25 22:22:06,2026-08-25 22:25:06,CN,Other ERP,C,MED-002,Medora Derm Cream,RX,Medora,D2C,2,200.0,CNY,0.0,400.0,400.0
TXN-CN-1-000214,2026-08-25 06:25:20,2026-08-25 06:29:20,CN,Other ERP,C,VIT-002,Vitalis Multivit,SUP,Vitalis,D2C,12,130.77,CNY,0.0,1569.24,1569.24
TXN-CN-1-000215,2026-08-25 22:35:09,2026-08-25 22:36:09,CN,Other ERP,C,MED-002,Medora Derm Cream,RX,Medora,E-commerce,3,200.0,CNY,0.0,600.0,600.0
TXN-CN-1-000216,2026-08-25 05:50:16,2026-08-25 05:55:16,CN,Other ERP,C,PUR-001,PureLife GlucoMonitor,MD,PureLife,E-commerce,8,653.85,CNY,0.2,5230.8,4184.64
TXN-CN-1-000217,2026-08-25 22:59:41,2026-08-25 23:02:41,CN,Other ERP,C,MED-001,Medora Cardio 10mg,RX,Medora,D2C,7,330.77,CNY,0.2,2315.39,1852.31
TXN-CN-1-000218,2026-08-25 15:44:35,2026-08-25 15:45:35,CN,Other ERP,C,PUR-001,PureLife GlucoMonitor,MD,PureLife,Wholesale,4,653.85,CNY,0.0,2615.4,2615.4
TXN-CN-1-000219,2026-08-25 06:55:22,2026-08-25 07:00:22,CN,Other ERP,C,DER-002,Dermacare LiftCream,AES,Dermacare,Pharmacy/B2B,12,284.62,CNY,0.0,3415.44,3415.44
TXN-CN-1-000220,2026-08-25 23:55:17,2026-08-25 23:59:17,CN,Other ERP,C,PUR-001,PureLife GlucoMonitor,MD,PureLife,Wholesale,7,653.85,CNY,0.0,4576.95,4576.95
TXN-CN-1-000221,2026-08-25 23:23:37,2026-08-25 23:26:37,CN,Other ERP,C,VIT-002,Vitalis Multivit,SUP,Vitalis,Pharmacy/B2B,1,130.77,CNY,0.05,130.77,124.23
TXN-CN-1-000222,2026-08-25 06:50:52,2026-08-25 06:51:52,CN,Other ERP,C,PUR-002,PureLife BP Monitor,MD,PureLife,D2C,1,692.31,CNY,0.15,692.31,588.46
TXN-CN-1-000223,2026-08-25 13:33:49,2026-08-25 13:39:49,CN,Other ERP,C,SAN-002,SanaPlus ColdFlu,OTC,SanaPlus,Wholesale,12,80.77,CNY,0.2,969.24,775.39
TXN-CN-1-000224,2026-08-25 00:16:14,2026-08-25 00:19:14,CN,Other ERP,C,DER-002,Dermacare LiftCream,AES,Dermacare,Pharmacy/B2B,3,284.62,CNY,0.2,853.86,683.09
TXN-CN-1-000225,2026-08-25 03:29:39,2026-08-25 03:34:39,CN,Other ERP,C,PUR-001,PureLife GlucoMonitor,MD,PureLife,Pharmacy/B2B,10,653.85,CNY,0.0,6538.5,6538.5
TXN-CN-1-000226,2026-08-25 17:14:13,2026-08-25 17:18:13,CN,Other ERP,C,PUR-001,PureLife GlucoMonitor,MD,PureLife,D2C,2,653.85,CNY,0.1,1307.7,1176.93
TXN-CN-1-000227,2026-08-25 01:10:57,2026-08-25 01:16:57,CN,Other ERP,C,SAN-002,SanaPlus ColdFlu,OTC,SanaPlus,E-commerce,5,80.77,CNY,0.1,403.85,363.47
TXN-CN-1-000228,2026-08-25 15:29:49,2026-08-25 15:32:49,CN,Other ERP,C,MED-001,Medora Cardio 10mg,RX,Medora,Pharmacy/B2B,1,330.77,CNY,0.0,330.77,330.77
TXN-CN-1-000229,2026-08-25 04:59:06,2026-08-25 05:05:06,CN,Other ERP,C,SAN-001,SanaPlus PainRelief,OTC,SanaPlus,Wholesale,3,73.08,CNY,0.0,219.24,219.24
TXN-CN-1-000230,2026-08-25 12:22:36,2026-08-25 12:26:36,CN,Other ERP,C,MED-002,Medora Derm Cream,RX,Medora,D2C,2,200.0,CNY,0.05,400.0,380.0
TXN-CN-1-000231,2026-08-25 11:13:40,2026-08-25 11:19:40,CN,Other ERP,C,SAN-001,SanaPlus PainRelief,OTC,SanaPlus,Wholesale,1,73.08,CNY,0.0,73.08,73.08
TXN-CN-1-000232,2026-08-25 10:22:55,2026-08-25 10:25:55,CN,Other ERP,C,VIT-001,Vitalis C1000,SUP,Vitalis,Pharmacy/B2B,3,161.54,CNY,0.1,484.62,436.16
TXN-CN-1-000233,2026-08-25 21:57:04,2026-08-25 22:02:04,CN,Other ERP,C,MED-002,Medora Derm Cream,RX,Medora,D2C,2,200.0,CNY,0.0,400.0,400.0
TXN-CN-1-000234,2026-08-25 09:37:09,2026-08-25 09:40:09,CN,Other ERP,C,SAN-002,SanaPlus ColdFlu,OTC,SanaPlus,Pharmacy/B2B,3,80.77,CNY,0.1,242.31,218.08
TXN-CN-1-000235,2026-08-25 07:43:47,2026-08-25 07:48:47,CN,Other ERP,C,MED-002,Medora Derm Cream,RX,Medora,E-commerce,1,200.0,CNY,0.0,200.0,200.0
TXN-CN-1-000236,2026-08-25 11:20:27,2026-08-25 11:25:27,CN,Other ERP,C,PUR-001,PureLife GlucoMonitor,MD,PureLife,Pharmacy/B2B,12,653.85,CNY,0.1,7846.2,7061.58
TXN-CN-1-000237,2026-08-25 21:01:15,2026-08-25 21:07:15,CN,Other ERP,C,PUR-001,PureLife GlucoMonitor,MD,PureLife,D2C,9,653.85,CNY,0.15,5884.65,5001.95
TXN-CN-1-000238,2026-08-25 10:49:59,2026-08-25 10:50:59,CN,Other ERP,C,DER-001,Dermacare GlowSerum,AES,Dermacare,Pharmacy/B2B,5,246.15,CNY,0.05,1230.75,1169.21
TXN-CN-1-000239,2026-08-25 03:23:05,2026-08-25 03:29:05,CN,Other ERP,C,SAN-002,SanaPlus ColdFlu,OTC,SanaPlus,D2C,12,80.77,CNY,0.0,969.24,969.24
TXN-CN-1-000240,2026-08-25 04:59:02,2026-08-25 05:00:02,CN,Other ERP,C,MED-002,Medora Derm Cream,RX,Medora,Pharmacy/B2B,2,200.0,CNY,0.05,400.0,380.0
TXN-CN-1-000241,2026-08-25 01:32:53,2026-08-25 01:36:53,CN,Other ERP,C,SAN-002,SanaPlus ColdFlu,OTC,SanaPlus,Wholesale,9,80.77,CNY,0.0,726.93,726.93
TXN-CN-1-000242,2026-08-25 09:37:20,2026-08-25 09:39:20,CN,Other ERP,C,PUR-002,PureLife BP Monitor,MD,PureLife,E-commerce,2,692.31,CNY,0.0,1384.62,1384.62
TXN-CN-1-000243,2026-08-25 06:07:49,2026-08-25 06:09:49,CN,Other ERP,C,PUR-002,PureLife BP Monitor,MD,PureLife,Pharmacy/B2B,11,692.31,CNY,0.2,7615.41,6092.33
TXN-CN-1-000244,2026-08-25 00:36:47,2026-08-25 00:40:47,CN,Other ERP,C,VIT-002,Vitalis Multivit,SUP,Vitalis,E-commerce,3,130.77,CNY,0.15,392.31,333.46
TXN-CN-1-000245,2026-08-25 18:33:25,2026-08-25 18:35:25,CN,Other ERP,C,DER-001,Dermacare GlowSerum,AES,Dermacare,Pharmacy/B2B,11,246.15,CNY,0.1,2707.65,2436.89
TXN-CN-1-000246,2026-08-25 09:57:03,2026-08-25 10:02:03,CN,Other ERP,C,VIT-002,Vitalis Multivit,SUP,Vitalis,Wholesale,9,130.77,CNY,0.0,1176.93,1176.93
TXN-CN-1-000247,2026-08-25 02:09:41,2026-08-25 02:13:41,CN,Other ERP,C,VIT-002,Vitalis Multivit,SUP,Vitalis,Wholesale,4,130.77,CNY,0.2,523.08,418.46
TXN-CN-1-000248,2026-08-25 19:12:57,2026-08-25 19:15:57,CN,Other ERP,C,SAN-002,SanaPlus ColdFlu,OTC,SanaPlus,E-commerce,7,80.77,CNY,0.1,565.39,508.85
TXN-CN-1-000249,2026-08-25 14:59:01,2026-08-25 15:04:01,CN,Other ERP,C,SAN-001,SanaPlus PainRelief,OTC,SanaPlus,D2C,4,73.08,CNY,0.1,292.32,263.09
TXN-CN-1-000250,2026-08-25 04:32:17,2026-08-25 04:38:17,CN,Other ERP,C,DER-001,Dermacare GlowSerum,AES,Dermacare,D2C,11,246.15,CNY,0.1,2707.65,2436.89
TXN-CN-1-000251,2026-08-25 18:07:11,2026-08-25 18:08:11,CN,Other ERP,C,MED-002,Medora Derm Cream,RX,Medora,Wholesale,10,200.0,CNY,0.0,2000.0,2000.0
TXN-CN-1-000252,2026-08-25 09:12:32,2026-08-25 09:18:32,CN,Other ERP,C,VIT-001,Vitalis C1000,SUP,Vitalis,E-commerce,11,161.54,CNY,0.1,1776.94,1599.25
TXN-CN-1-000253,2026-08-25 04:22:05,2026-08-25 04:28:05,CN,Other ERP,C,VIT-002,Vitalis Multivit,SUP,Vitalis,E-commerce,12,130.77,CNY,0.0,1569.24,1569.24
TXN-CN-1-000254,2026-08-25 08:24:18,2026-08-25 08:26:18,CN,Other ERP,C,MED-001,Medora Cardio 10mg,RX,Medora,Pharmacy/B2B,11,330.77,CNY,0.05,3638.47,3456.55
TXN-CN-1-000255,2026-08-25 04:50:27,2026-08-25 04:52:27,CN,Other ERP,C,SAN-001,SanaPlus PainRelief,OTC,SanaPlus,Pharmacy/B2B,10,73.08,CNY,0.0,730.8,730.8
TXN-CN-1-000256,2026-08-25 23:43:59,2026-08-25 23:45:59,CN,Other ERP,C,MED-002,Medora Derm Cream,RX,Medora,Pharmacy/B2B,7,200.0,CNY,0.0,1400.0,1400.0
TXN-CN-1-000257,2026-08-25 12:25:42,2026-08-25 12:27:42,CN,Other ERP,C,DER-002,Dermacare LiftCream,AES,Dermacare,E-commerce,3,284.62,CNY,0.15,853.86,725.78
TXN-CN-1-000258,2026-08-25 23:35:29,2026-08-25 23:36:29,CN,Other ERP,C,SAN-002,SanaPlus ColdFlu,OTC,SanaPlus,D2C,7,80.77,CNY,0.05,565.39,537.12
TXN-CN-1-000259,2026-08-25 18:53:28,2026-08-25 18:59:28,CN,Other ERP,C,SAN-001,SanaPlus PainRelief,OTC,SanaPlus,Wholesale,11,73.08,CNY,0.0,803.88,803.88
TXN-CN-1-000260,2026-08-25 23:07:17,2026-08-25 23:09:17,CN,Other ERP,C,VIT-002,Vitalis Multivit,SUP,Vitalis,Wholesale,6,130.77,CNY,0.0,784.62,784.62
TXN-CN-1-000261,2026-08-25 08:50:20,2026-08-25 08:54:20,CN,Other ERP,C,DER-002,Dermacare LiftCream,AES,Dermacare,D2C,7,284.62,CNY,0.0,1992.34,1992.34
TXN-CN-1-000262,2026-08-25 09:10:44,2026-08-25 09:11:44,CN,Other ERP,C,DER-001,Dermacare GlowSerum,AES,Dermacare,Wholesale,3,246.15,CNY,0.0,738.45,738.45
TXN-CN-1-000263,2026-08-25 02:10:10,2026-08-25 02:16:10,CN,Other ERP,C,DER-002,Dermacare LiftCream,AES,Dermacare,D2C,4,284.62,CNY,0.05,1138.48,1081.56
TXN-CN-1-000264,2026-08-25 04:01:12,2026-08-25 04:04:12,CN,Other ERP,C,VIT-001,Vitalis C1000,SUP,Vitalis,D2C,5,161.54,CNY,0.0,807.7,807.7
TXN-CN-1-000265,2026-08-25 15:30:56,2026-08-25 15:31:56,CN,Other ERP,C,DER-002,Dermacare LiftCream,AES,Dermacare,Pharmacy/B2B,10,284.62,CNY,0.05,2846.2,2703.89
TXN-CN-1-000266,2026-08-25 12:39:52,2026-08-25 12:42:52,CN,Other ERP,C,VIT-002,Vitalis Multivit,SUP,Vitalis,Wholesale,4,130.77,CNY,0.15,523.08,444.62
TXN-CN-1-000267,2026-08-25 10:02:05,2026-08-25 10:06:05,CN,Other ERP,C,DER-001,Dermacare GlowSerum,AES,Dermacare,D2C,3,246.15,CNY,0.05,738.45,701.53
TXN-CN-1-000268,2026-08-25 08:01:49,2026-08-25 08:05:49,CN,Other ERP,C,VIT-001,Vitalis C1000,SUP,Vitalis,Pharmacy/B2B,4,161.54,CNY,0.15,646.16,549.24
TXN-CN-1-000269,2026-08-25 17:41:28,2026-08-25 17:45:28,CN,Other ERP,C,VIT-002,Vitalis Multivit,SUP,Vitalis,E-commerce,2,130.77,CNY,0.0,261.54,261.54
TXN-CN-1-000270,2026-08-25 13:30:05,2026-08-25 13:35:05,CN,Other ERP,C,SAN-001,SanaPlus PainRelief,OTC,SanaPlus,Pharmacy/B2B,5,73.08,CNY,0.2,365.4,292.32
TXN-CN-1-000271,2026-08-25 23:58:03,2026-08-26 00:03:03,CN,Other ERP,C,SAN-001,SanaPlus PainRelief,OTC,SanaPlus,Wholesale,1,73.08,CNY,0.0,73.08,73.08
TXN-CN-1-000272,2026-08-25 20:38:58,2026-08-25 20:39:58,CN,Other ERP,C,VIT-002,Vitalis Multivit,SUP,Vitalis,D2C,5,130.77,CNY,0.2,653.85,523.08
TXN-CN-1-000273,2026-08-25 08:53:40,2026-08-25 08:59:40,CN,Other ERP,C,PUR-001,PureLife GlucoMonitor,MD,PureLife,E-commerce,11,653.85,CNY,0.05,7192.35,6832.73
TXN-CN-1-000274,2026-08-25 19:14:08,2026-08-25 19:15:08,CN,Other ERP,C,VIT-001,Vitalis C1000,SUP,Vitalis,Pharmacy/B2B,6,161.54,CNY,0.2,969.24,775.39
TXN-CN-1-000275,2026-08-25 20:09:57,2026-08-25 20:13:57,CN,Other ERP,C,PUR-002,PureLife BP Monitor,MD,PureLife,D2C,1,692.31,CNY,0.05,692.31,657.69
TXN-CN-1-000276,2026-08-25 07:02:31,2026-08-25 07:04:31,CN,Other ERP,C,MED-002,Medora Derm Cream,RX,Medora,D2C,12,200.0,CNY,0.2,2400.0,1920.0
TXN-CN-1-000277,2026-08-25 15:28:05,2026-08-25 15:31:05,CN,Other ERP,C,SAN-001,SanaPlus PainRelief,OTC,SanaPlus,E-commerce,11,73.08,CNY,0.05,803.88,763.69
TXN-CN-1-000278,2026-08-25 21:54:09,2026-08-25 21:59:09,CN,Other ERP,C,PUR-002,PureLife BP Monitor,MD,PureLife,D2C,2,692.31,CNY,0.05,1384.62,1315.39
TXN-CN-1-000279,2026-08-25 17:10:46,2026-08-25 17:15:46,CN,Other ERP,C,VIT-002,Vitalis Multivit,SUP,Vitalis,E-commerce,6,130.77,CNY,0.0,784.62,784.62
TXN-CN-1-000280,2026-08-25 12:14:19,2026-08-25 12:17:19,CN,Other ERP,C,DER-002,Dermacare LiftCream,AES,Dermacare,E-commerce,9,284.62,CNY,0.0,2561.58,2561.58
TXN-CN-1-000281,2026-08-25 17:57:18,2026-08-25 17:59:18,CN,Other ERP,C,DER-001,Dermacare GlowSerum,AES,Dermacare,Pharmacy/B2B,12,246.15,CNY,0.0,2953.8,2953.8
TXN-CN-1-000282,2026-08-25 03:45:25,2026-08-25 03:50:25,CN,Other ERP,C,VIT-001,Vitalis C1000,SUP,Vitalis,E-commerce,7,161.54,CNY,0.2,1130.78,904.62
TXN-CN-1-000283,2026-08-25 01:35:51,2026-08-25 01:37:51,CN,Other ERP,C,DER-002,Dermacare LiftCream,AES,Dermacare,Wholesale,9,284.62,CNY,0.15,2561.58,2177.34
TXN-CN-1-000284,2026-08-25 02:38:36,2026-08-25 02:39:36,CN,Other ERP,C,PUR-001,PureLife GlucoMonitor,MD,PureLife,Wholesale,12,653.85,CNY,0.0,7846.2,7846.2
TXN-CN-1-000285,2026-08-25 08:02:11,2026-08-25 08:08:11,CN,Other ERP,C,VIT-002,Vitalis Multivit,SUP,Vitalis,E-commerce,6,130.77,CNY,0.0,784.62,784.62
TXN-CN-1-000286,2026-08-25 01:19:59,2026-08-25 01:22:59,CN,Other ERP,C,MED-001,Medora Cardio 10mg,RX,Medora,Wholesale,2,330.77,CNY,0.0,661.54,661.54
TXN-CN-1-000287,2026-08-25 23:24:41,2026-08-25 23:29:41,CN,Other ERP,C,DER-002,Dermacare LiftCream,AES,Dermacare,E-commerce,2,284.62,CNY,0.0,569.24,569.24
TXN-CN-1-000288,2026-08-25 08:37:05,2026-08-25 08:42:05,CN,Other ERP,C,MED-002,Medora Derm Cream,RX,Medora,Pharmacy/B2B,5,200.0,CNY,0.2,1000.0,800.0
TXN-CN-1-000289,2026-08-25 21:47:03,2026-08-25 21:52:03,CN,Other ERP,C,VIT-002,Vitalis Multivit,SUP,Vitalis,Pharmacy/B2B,8,130.77,CNY,0.15,1046.16,889.24
TXN-CN-1-000290,2026-08-25 10:05:17,2026-08-25 10:10:17,CN,Other ERP,C,VIT-001,Vitalis C1000,SUP,Vitalis,Pharmacy/B2B,8,161.54,CNY,0.2,1292.32,1033.86
TXN-CN-1-000291,2026-08-25 07:52:38,2026-08-25 07:56:38,CN,Other ERP,C,SAN-002,SanaPlus ColdFlu,OTC,SanaPlus,Pharmacy/B2B,2,80.77,CNY,0.1,161.54,145.39
TXN-CN-1-000292,2026-08-25 21:13:19,2026-08-25 21:15:19,CN,Other ERP,C,PUR-002,PureLife BP Monitor,MD,PureLife,D2C,1,692.31,CNY,0.05,692.31,657.69
TXN-CN-1-000293,2026-08-25 12:42:18,2026-08-25 12:45:18,CN,Other ERP,C,DER-002,Dermacare LiftCream,AES,Dermacare,E-commerce,1,284.62,CNY,0.15,284.62,241.93
TXN-CN-1-000294,2026-08-25 03:33:00,2026-08-25 03:39:00,CN,Other ERP,C,PUR-002,PureLife BP Monitor,MD,PureLife,Pharmacy/B2B,11,692.31,CNY,0.0,7615.41,7615.41
TXN-CN-1-000295,2026-08-25 07:00:37,2026-08-25 07:02:37,CN,Other ERP,C,VIT-001,Vitalis C1000,SUP,Vitalis,E-commerce,12,161.54,CNY,0.0,1938.48,1938.48
TXN-CN-1-000296,2026-08-25 06:31:53,2026-08-25 06:33:53,CN,Other ERP,C,VIT-002,Vitalis Multivit,SUP,Vitalis,E-commerce,3,130.77,CNY,0.0,392.31,392.31
TXN-CN-1-000297,2026-08-25 16:46:45,2026-08-25 16:47:45,CN,Other ERP,C,DER-002,Dermacare LiftCream,AES,Dermacare,E-commerce,10,284.62,CNY,0.0,2846.2,2846.2
TXN-CN-1-000298,2026-08-25 01:08:47,2026-08-25 01:09:47,CN,Other ERP,C,VIT-002,Vitalis Multivit,SUP,Vitalis,D2C,11,130.77,CNY,0.2,1438.47,1150.78
TXN-CN-1-000299,2026-08-25 10:54:28,2026-08-25 11:00:28,CN,Other ERP,C,DER-001,Dermacare GlowSerum,AES,Dermacare,E-commerce,12,246.15,CNY,0.0,2953.8,2953.8
TXN-CN-1-000300,2026-08-25 05:47:29,2026-08-25 05:51:29,CN,Other ERP,C,DER-001,Dermacare GlowSerum,AES,Dermacare,Pharmacy/B2B,3,246.15,CNY,0.0,738.45,738.45
TXN-CN-1-000301,2026-08-25 01:16:44,2026-08-25 01:21:44,CN,Other ERP,C,VIT-001,Vitalis C1000,SUP,Vitalis,Wholesale,2,161.54,CNY,0.0,323.08,323.08
TXN-CN-1-000302,2026-08-25 05:44:08,2026-08-25 05:46:08,CN,Other ERP,C,MED-002,Medora Derm Cream,RX,Medora,E-commerce,7,200.0,CNY,0.0,1400.0,1400.0
TXN-CN-1-000303,2026-08-25 15:49:26,2026-08-25 15:51:26,CN,Other ERP,C,VIT-001,Vitalis C1000,SUP,Vitalis,D2C,12,161.54,CNY,0.1,1938.48,1744.63
TXN-CN-1-000304,2026-08-25 20:12:24,2026-08-25 20:18:24,CN,Other ERP,C,PUR-001,PureLife GlucoMonitor,MD,PureLife,D2C,8,653.85,CNY,0.0,5230.8,5230.8
TXN-CN-1-000305,2026-08-25 21:38:12,2026-08-25 21:43:12,CN,Other ERP,C,PUR-002,PureLife BP Monitor,MD,PureLife,E-commerce,8,692.31,CNY,0.05,5538.48,5261.56
TXN-CN-1-000306,2026-08-25 06:16:02,2026-08-25 06:21:02,CN,Other ERP,C,DER-002,Dermacare LiftCream,AES,Dermacare,D2C,6,284.62,CNY,0.0,1707.72,1707.72
TXN-CN-1-000307,2026-08-25 22:04:26,2026-08-25 22:06:26,CN,Other ERP,C,MED-001,Medora Cardio 10mg,RX,Medora,E-commerce,7,330.77,CNY,0.0,2315.39,2315.39
TXN-CN-1-000308,2026-08-25 13:40:20,2026-08-25 13:45:20,CN,Other ERP,C,DER-002,Dermacare LiftCream,AES,Dermacare,Pharmacy/B2B,10,284.62,CNY,0.0,2846.2,2846.2
TXN-CN-1-000309,2026-08-25 04:36:57,2026-08-25 04:37:57,CN,Other ERP,C,VIT-002,Vitalis Multivit,SUP,Vitalis,Pharmacy/B2B,9,130.77,CNY,0.05,1176.93,1118.08
TXN-CN-1-000310,2026-08-25 14:22:01,2026-08-25 14:28:01,CN,Other ERP,C,PUR-002,PureLife BP Monitor,MD,PureLife,E-commerce,1,692.31,CNY,0.1,692.31,623.08
TXN-CN-1-000311,2026-08-25 06:32:45,2026-08-25 06:37:45,CN,Other ERP,C,VIT-002,Vitalis Multivit,SUP,Vitalis,E-commerce,4,130.77,CNY,0.0,523.08,523.08
TXN-CN-1-000312,2026-08-25 18:30:39,2026-08-25 18:35:39,CN,Other ERP,C,PUR-001,PureLife GlucoMonitor,MD,PureLife,Pharmacy/B2B,4,653.85,CNY,0.1,2615.4,2353.86
TXN-CN-1-000313,2026-08-25 20:06:28,2026-08-25 20:07:28,CN,Other ERP,C,SAN-002,SanaPlus ColdFlu,OTC,SanaPlus,Pharmacy/B2B,5,80.77,CNY,0.0,403.85,403.85
TXN-CN-1-000314,2026-08-25 12:05:25,2026-08-25 12:10:25,CN,Other ERP,C,VIT-001,Vitalis C1000,SUP,Vitalis,E-commerce,1,161.54,CNY,0.05,161.54,153.46
TXN-CN-1-000315,2026-08-25 17:51:31,2026-08-25 17:53:31,CN,Other ERP,C,VIT-001,Vitalis C1000,SUP,Vitalis,E-commerce,12,161.54,CNY,0.15,1938.48,1647.71
TXN-CN-1-000316,2026-08-25 03:15:15,2026-08-25 03:20:15,CN,Other ERP,C,VIT-001,Vitalis C1000,SUP,Vitalis,Wholesale,2,161.54,CNY,0.05,323.08,306.93
TXN-CN-1-000317,2026-08-25 23:04:40,2026-08-25 23:09:40,CN,Other ERP,C,MED-002,Medora Derm Cream,RX,Medora,D2C,8,200.0,CNY,0.0,1600.0,1600.0
TXN-CN-1-000318,2026-08-25 10:03:36,2026-08-25 10:06:36,CN,Other ERP,C,MED-001,Medora Cardio 10mg,RX,Medora,Pharmacy/B2B,1,330.77,CNY,0.2,330.77,264.62
TXN-CN-1-000319,2026-08-25 00:59:41,2026-08-25 01:05:41,CN,Other ERP,C,MED-001,Medora Cardio 10mg,RX,Medora,Pharmacy/B2B,2,330.77,CNY,0.0,661.54,661.54
TXN-CN-1-000320,2026-08-25 06:00:16,2026-08-25 06:06:16,CN,Other ERP,C,PUR-002,PureLife BP Monitor,MD,PureLife,Pharmacy/B2B,2,692.31,CNY,0.15,1384.62,1176.93
TXN-CN-1-000321,2026-08-25 06:55:58,2026-08-25 06:59:58,CN,Other ERP,C,MED-002,Medora Derm Cream,RX,Medora,Wholesale,9,200.0,CNY,0.15,1800.0,1530.0
TXN-CN-1-000322,2026-08-25 13:31:38,2026-08-25 13:32:38,CN,Other ERP,C,PUR-002,PureLife BP Monitor,MD,PureLife,Pharmacy/B2B,12,692.31,CNY,0.0,8307.72,8307.72
TXN-CN-1-000323,2026-08-25 12:51:52,2026-08-25 12:54:52,CN,Other ERP,C,DER-001,Dermacare GlowSerum,AES,Dermacare,Pharmacy/B2B,9,246.15,CNY,0.15,2215.35,1883.05
TXN-CN-1-000324,2026-08-25 10:33:12,2026-08-25 10:36:12,CN,Other ERP,C,SAN-001,SanaPlus PainRelief,OTC,SanaPlus,E-commerce,2,73.08,CNY,0.1,146.16,131.54
TXN-CN-1-000325,2026-08-25 05:23:11,2026-08-25 05:28:11,CN,Other ERP,C,PUR-002,PureLife BP Monitor,MD,PureLife,Wholesale,5,692.31,CNY,0.05,3461.55,3288.47
TXN-CN-1-000326,2026-08-25 19:00:48,2026-08-25 19:01:48,CN,Other ERP,C,VIT-001,Vitalis C1000,SUP,Vitalis,E-commerce,5,161.54,CNY,0.1,807.7,726.93
TXN-CN-1-000327,2026-08-25 22:38:01,2026-08-25 22:39:01,CN,Other ERP,C,SAN-002,SanaPlus ColdFlu,OTC,SanaPlus,Wholesale,8,80.77,CNY,0.0,646.16,646.16
TXN-CN-1-000328,2026-08-25 18:27:52,2026-08-25 18:31:52,CN,Other ERP,C,DER-002,Dermacare LiftCream,AES,Dermacare,Pharmacy/B2B,1,284.62,CNY,0.1,284.62,256.16
TXN-CN-1-000329,2026-08-25 01:46:43,2026-08-25 01:47:43,CN,Other ERP,C,SAN-001,SanaPlus PainRelief,OTC,SanaPlus,E-commerce,7,73.08,CNY,0.0,511.56,511.56
TXN-CN-1-000330,2026-08-25 23:10:49,2026-08-25 23:13:49,CN,Other ERP,C,MED-002,Medora Derm Cream,RX,Medora,D2C,12,200.0,CNY,0.1,2400.0,2160.0
TXN-CN-1-000331,2026-08-25 10:00:55,2026-08-25 10:05:55,CN,Other ERP,C,VIT-001,Vitalis C1000,SUP,Vitalis,Wholesale,7,161.54,CNY,0.1,1130.78,1017.7
TXN-CN-1-000332,2026-08-25 04:28:34,2026-08-25 04:30:34,CN,Other ERP,C,DER-001,Dermacare GlowSerum,AES,Dermacare,E-commerce,5,246.15,CNY,0.1,1230.75,1107.67
TXN-CN-1-000333,2026-08-25 08:17:44,2026-08-25 08:20:44,CN,Other ERP,C,SAN-002,SanaPlus ColdFlu,OTC,SanaPlus,Pharmacy/B2B,6,80.77,CNY,0.0,484.62,484.62
TXN-CN-1-000334,2026-08-25 06:11:53,2026-08-25 06:16:53,CN,Other ERP,C,DER-001,Dermacare GlowSerum,AES,Dermacare,Pharmacy/B2B,9,246.15,CNY,0.15,2215.35,1883.05
TXN-CN-1-000335,2026-08-25 01:26:01,2026-08-25 01:32:01,CN,Other ERP,C,DER-002,Dermacare LiftCream,AES,Dermacare,Pharmacy/B2B,7,284.62,CNY,0.0,1992.34,1992.34
TXN-CN-1-000336,2026-08-25 08:45:08,2026-08-25 08:49:08,CN,Other ERP,C,PUR-002,PureLife BP Monitor,MD,PureLife,Wholesale,10,692.31,CNY,0.0,6923.1,6923.1
TXN-CN-1-000337,2026-08-25 00:37:07,2026-08-25 00:42:07,CN,Other ERP,C,PUR-001,PureLife GlucoMonitor,MD,PureLife,E-commerce,3,653.85,CNY,0.0,1961.55,1961.55
TXN-CN-1-000338,2026-08-25 02:12:37,2026-08-25 02:15:37,CN,Other ERP,C,MED-001,Medora Cardio 10mg,RX,Medora,Pharmacy/B2B,7,330.77,CNY,0.0,2315.39,2315.39
TXN-CN-1-000339,2026-08-25 19:14:41,2026-08-25 19:15:41,CN,Other ERP,C,PUR-001,PureLife GlucoMonitor,MD,PureLife,Pharmacy/B2B,5,653.85,CNY,0.15,3269.25,2778.86
TXN-CN-1-000340,2026-08-25 09:25:03,2026-08-25 09:31:03,CN,Other ERP,C,VIT-001,Vitalis C1000,SUP,Vitalis,Wholesale,8,161.54,CNY,0.0,1292.32,1292.32
TXN-CN-1-000341,2026-08-25 18:46:29,2026-08-25 18:48:29,CN,Other ERP,C,DER-001,Dermacare GlowSerum,AES,Dermacare,E-commerce,9,246.15,CNY,0.15,2215.35,1883.05
TXN-CN-1-000342,2026-08-25 02:20:10,2026-08-25 02:24:10,CN,Other ERP,C,SAN-001,SanaPlus PainRelief,OTC,SanaPlus,E-commerce,3,73.08,CNY,0.15,219.24,186.35
TXN-CN-1-000343,2026-08-25 02:23:09,2026-08-25 02:25:09,CN,Other ERP,C,DER-001,Dermacare GlowSerum,AES,Dermacare,D2C,12,246.15,CNY,0.0,2953.8,2953.8
TXN-CN-1-000344,2026-08-25 18:59:43,2026-08-25 19:04:43,CN,Other ERP,C,SAN-001,SanaPlus PainRelief,OTC,SanaPlus,Wholesale,5,73.08,CNY,0.0,365.4,365.4
TXN-CN-1-000345,2026-08-25 00:45:14,2026-08-25 00:47:14,CN,Other ERP,C,DER-001,Dermacare GlowSerum,AES,Dermacare,E-commerce,6,246.15,CNY,0.15,1476.9,1255.37
TXN-CN-1-000346,2026-08-25 19:14:08,2026-08-25 19:18:08,CN,Other ERP,C,VIT-002,Vitalis Multivit,SUP,Vitalis,Pharmacy/B2B,5,130.77,CNY,0.2,653.85,523.08
TXN-CN-1-000347,2026-08-25 09:10:10,2026-08-25 09:11:10,CN,Other ERP,C,DER-002,Dermacare LiftCream,AES,Dermacare,Pharmacy/B2B,7,284.62,CNY,0.0,1992.34,1992.34
TXN-CN-1-000348,2026-08-25 22:59:49,2026-08-25 23:03:49,CN,Other ERP,C,VIT-001,Vitalis C1000,SUP,Vitalis,D2C,6,161.54,CNY,0.2,969.24,775.39
TXN-CN-1-000349,2026-08-25 10:34:51,2026-08-25 10:35:51,CN,Other ERP,C,VIT-001,Vitalis C1000,SUP,Vitalis,Wholesale,4,161.54,CNY,0.15,646.16,549.24
TXN-CN-1-000350,2026-08-25 13:26:11,2026-08-25 13:29:11,CN,Other ERP,C,PUR-001,PureLife GlucoMonitor,MD,PureLife,E-commerce,5,653.85,CNY,0.0,3269.25,3269.25
TXN-CN-1-000351,2026-08-25 00:50:49,2026-08-25 00:56:49,CN,Other ERP,C,MED-002,Medora Derm Cream,RX,Medora,Wholesale,7,200.0,CNY,0.0,1400.0,1400.0
TXN-CN-1-000352,2026-08-25 14:58:15,2026-08-25 15:01:15,CN,Other ERP,C,SAN-001,SanaPlus PainRelief,OTC,SanaPlus,Pharmacy/B2B,4,73.08,CNY,0.15,292.32,248.47
TXN-CN-1-000353,2026-08-25 03:58:02,2026-08-25 04:01:02,CN,Other ERP,C,VIT-002,Vitalis Multivit,SUP,Vitalis,E-commerce,5,130.77,CNY,0.0,653.85,653.85
TXN-CN-1-000354,2026-08-25 04:53:16,2026-08-25 04:57:16,CN,Other ERP,C,PUR-002,PureLife BP Monitor,MD,PureLife,Pharmacy/B2B,11,692.31,CNY,0.15,7615.41,6473.1
TXN-CN-1-000355,2026-08-25 12:22:35,2026-08-25 12:23:35,CN,Other ERP,C,SAN-001,SanaPlus PainRelief,OTC,SanaPlus,Pharmacy/B2B,5,73.08,CNY,0.0,365.4,365.4
TXN-CN-1-000356,2026-08-25 07:27:02,2026-08-25 07:29:02,CN,Other ERP,C,VIT-002,Vitalis Multivit,SUP,Vitalis,D2C,4,130.77,CNY,0.2,523.08,418.46
TXN-CN-1-000357,2026-08-25 19:09:31,2026-08-25 19:12:31,CN,Other ERP,C,PUR-002,PureLife BP Monitor,MD,PureLife,D2C,12,692.31,CNY,0.0,8307.72,8307.72
TXN-CN-1-000358,2026-08-25 14:22:16,2026-08-25 14:28:16,CN,Other ERP,C,VIT-002,Vitalis Multivit,SUP,Vitalis,E-commerce,2,130.77,CNY,0.0,261.54,261.54
TXN-CN-1-000359,2026-08-25 03:26:36,2026-08-25 03:32:36,CN,Other ERP,C,PUR-002,PureLife BP Monitor,MD,PureLife,Wholesale,9,692.31,CNY,0.05,6230.79,5919.25
TXN-CN-1-000360,2026-08-25 04:30:23,2026-08-25 04:35:23,CN,Other ERP,C,MED-001,Medora Cardio 10mg,RX,Medora,E-commerce,4,330.77,CNY,0.1,1323.08,1190.77
TXN-CN-1-000361,2026-08-25 03:19:42,2026-08-25 03:25:42,CN,Other ERP,C,VIT-002,Vitalis Multivit,SUP,Vitalis,Wholesale,4,130.77,CNY,0.0,523.08,523.08
TXN-CN-1-000362,2026-08-25 14:44:43,2026-08-25 14:50:43,CN,Other ERP,C,SAN-002,SanaPlus ColdFlu,OTC,SanaPlus,E-commerce,1,80.77,CNY,0.05,80.77,76.73
TXN-CN-1-000363,2026-08-25 01:15:55,2026-08-25 01:21:55,CN,Other ERP,C,MED-002,Medora Derm Cream,RX,Medora,Pharmacy/B2B,10,200.0,CNY,0.2,2000.0,1600.0
TXN-CN-1-000364,2026-08-25 18:22:56,2026-08-25 18:26:56,CN,Other ERP,C,SAN-002,SanaPlus ColdFlu,OTC,SanaPlus,Wholesale,2,80.77,CNY,0.05,161.54,153.46
TXN-CN-1-000365,2026-08-25 18:13:45,2026-08-25 18:17:45,CN,Other ERP,C,PUR-001,PureLife GlucoMonitor,MD,PureLife,Pharmacy/B2B,1,653.85,CNY,0.0,653.85,653.85
TXN-CN-1-000366,2026-08-25 07:35:55,2026-08-25 07:36:55,CN,Other ERP,C,MED-001,Medora Cardio 10mg,RX,Medora,Pharmacy/B2B,6,330.77,CNY,0.2,1984.62,1587.7
TXN-CN-1-000367,2026-08-25 15:06:37,2026-08-25 15:07:37,CN,Other ERP,C,PUR-001,PureLife GlucoMonitor,MD,PureLife,E-commerce,10,653.85,CNY,0.1,6538.5,5884.65
TXN-CN-1-000368,2026-08-25 00:28:39,2026-08-25 00:30:39,CN,Other ERP,C,DER-001,Dermacare GlowSerum,AES,Dermacare,D2C,8,246.15,CNY,0.15,1969.2,1673.82
TXN-CN-1-000369,2026-08-25 18:06:28,2026-08-25 18:09:28,CN,Other ERP,C,SAN-001,SanaPlus PainRelief,OTC,SanaPlus,Pharmacy/B2B,12,73.08,CNY,0.05,876.96,833.11
TXN-CN-1-000370,2026-08-25 00:06:42,2026-08-25 00:11:42,CN,Other ERP,C,VIT-002,Vitalis Multivit,SUP,Vitalis,Wholesale,6,130.77,CNY,0.1,784.62,706.16
TXN-CN-1-000371,2026-08-25 12:35:23,2026-08-25 12:37:23,CN,Other ERP,C,MED-001,Medora Cardio 10mg,RX,Medora,Pharmacy/B2B,5,330.77,CNY,0.1,1653.85,1488.46
TXN-CN-1-000372,2026-08-25 02:34:54,2026-08-25 02:35:54,CN,Other ERP,C,PUR-001,PureLife GlucoMonitor,MD,PureLife,D2C,2,653.85,CNY,0.1,1307.7,1176.93
TXN-CN-1-000373,2026-08-25 10:38:24,2026-08-25 10:40:24,CN,Other ERP,C,VIT-002,Vitalis Multivit,SUP,Vitalis,Wholesale,9,130.77,CNY,0.05,1176.93,1118.08
TXN-CN-1-000374,2026-08-25 12:29:11,2026-08-25 12:30:11,CN,Other ERP,C,PUR-002,PureLife BP Monitor,MD,PureLife,E-commerce,7,692.31,CNY,0.0,4846.17,4846.17
TXN-CN-1-000375,2026-08-25 06:12:40,2026-08-25 06:18:40,CN,Other ERP,C,VIT-001,Vitalis C1000,SUP,Vitalis,E-commerce,10,161.54,CNY,0.1,1615.4,1453.86
TXN-CN-1-000376,2026-08-25 18:25:03,2026-08-25 18:27:03,CN,Other ERP,C,MED-002,Medora Derm Cream,RX,Medora,E-commerce,8,200.0,CNY,0.0,1600.0,1600.0
TXN-CN-1-000377,2026-08-25 12:12:14,2026-08-25 12:15:14,CN,Other ERP,C,DER-001,Dermacare GlowSerum,AES,Dermacare,Pharmacy/B2B,2,246.15,CNY,0.0,492.3,492.3
TXN-CN-1-000378,2026-08-25 01:19:41,2026-08-25 01:25:41,CN,Other ERP,C,SAN-001,SanaPlus PainRelief,OTC,SanaPlus,E-commerce,9,73.08,CNY,0.1,657.72,591.95
TXN-CN-1-000379,2026-08-25 14:49:38,2026-08-25 14:55:38,CN,Other ERP,C,MED-001,Medora Cardio 10mg,RX,Medora,D2C,11,330.77,CNY,0.0,3638.47,3638.47
TXN-CN-1-000380,2026-08-25 12:17:15,2026-08-25 12:19:15,CN,Other ERP,C,DER-002,Dermacare LiftCream,AES,Dermacare,Wholesale,7,284.62,CNY,0.05,1992.34,1892.72
TXN-CN-1-000381,2026-08-25 01:41:16,2026-08-25 01:46:16,CN,Other ERP,C,MED-002,Medora Derm Cream,RX,Medora,Pharmacy/B2B,12,200.0,CNY,0.0,2400.0,2400.0
TXN-CN-1-000382,2026-08-25 15:31:44,2026-08-25 15:32:44,CN,Other ERP,C,MED-001,Medora Cardio 10mg,RX,Medora,E-commerce,1,330.77,CNY,0.1,330.77,297.69
TXN-CN-1-000383,2026-08-25 07:23:51,2026-08-25 07:26:51,CN,Other ERP,C,DER-001,Dermacare GlowSerum,AES,Dermacare,Wholesale,10,246.15,CNY,0.0,2461.5,2461.5
TXN-CN-1-000384,2026-08-25 00:59:34,2026-08-25 01:03:34,CN,Other ERP,C,VIT-001,Vitalis C1000,SUP,Vitalis,Wholesale,2,161.54,CNY,0.0,323.08,323.08
TXN-CN-1-000385,2026-08-25 07:44:59,2026-08-25 07:45:59,CN,Other ERP,C,VIT-001,Vitalis C1000,SUP,Vitalis,E-commerce,5,161.54,CNY,0.0,807.7,807.7
TXN-CN-1-000386,2026-08-25 12:57:14,2026-08-25 12:58:14,CN,Other ERP,C,DER-001,Dermacare GlowSerum,AES,Dermacare,E-commerce,7,246.15,CNY,0.1,1723.05,1550.74
TXN-CN-1-000387,2026-08-25 03:57:37,2026-08-25 04:01:37,CN,Other ERP,C,DER-002,Dermacare LiftCream,AES,Dermacare,Wholesale,9,284.62,CNY,0.15,2561.58,2177.34
TXN-CN-1-000388,2026-08-25 05:11:30,2026-08-25 05:16:30,CN,Other ERP,C,VIT-002,Vitalis Multivit,SUP,Vitalis,D2C,5,130.77,CNY,0.15,653.85,555.77
TXN-CN-1-000389,2026-08-25 01:28:07,2026-08-25 01:29:07,CN,Other ERP,C,VIT-002,Vitalis Multivit,SUP,Vitalis,D2C,9,130.77,CNY,0.0,1176.93,1176.93
TXN-CN-1-000390,2026-08-25 19:13:01,2026-08-25 19:17:01,CN,Other ERP,C,VIT-002,Vitalis Multivit,SUP,Vitalis,D2C,5,130.77,CNY,0.0,653.85,653.85
TXN-CN-1-000391,2026-08-25 17:21:46,2026-08-25 17:27:46,CN,Other ERP,C,PUR-001,PureLife GlucoMonitor,MD,PureLife,E-commerce,7,653.85,CNY,0.0,4576.95,4576.95
TXN-CN-1-000392,2026-08-25 07:43:02,2026-08-25 07:45:02,CN,Other ERP,C,SAN-002,SanaPlus ColdFlu,OTC,SanaPlus,Pharmacy/B2B,1,80.77,CNY,0.0,80.77,80.77
TXN-CN-1-000393,2026-08-25 13:29:30,2026-08-25 13:33:30,CN,Other ERP,C,MED-001,Medora Cardio 10mg,RX,Medora,Pharmacy/B2B,9,330.77,CNY,0.0,2976.93,2976.93
TXN-CN-1-000394,2026-08-25 20:33:05,2026-08-25 20:38:05,CN,Other ERP,C,MED-002,Medora Derm Cream,RX,Medora,D2C,5,200.0,CNY,0.1,1000.0,900.0
TXN-CN-1-000395,2026-08-25 06:37:06,2026-08-25 06:38:06,CN,Other ERP,C,DER-002,Dermacare LiftCream,AES,Dermacare,D2C,10,284.62,CNY,0.2,2846.2,2276.96
TXN-CN-1-000396,2026-08-25 06:01:45,2026-08-25 06:05:45,CN,Other ERP,C,PUR-002,PureLife BP Monitor,MD,PureLife,Wholesale,10,692.31,CNY,0.1,6923.1,6230.79
TXN-CN-1-000397,2026-08-25 13:41:05,2026-08-25 13:47:05,CN,Other ERP,C,SAN-001,SanaPlus PainRelief,OTC,SanaPlus,Wholesale,2,73.08,CNY,0.1,146.16,131.54
TXN-CN-1-000398,2026-08-25 10:45:38,2026-08-25 10:47:38,CN,Other ERP,C,PUR-001,PureLife GlucoMonitor,MD,PureLife,D2C,10,653.85,CNY,0.05,6538.5,6211.57
TXN-CN-1-000399,2026-08-25 23:11:03,2026-08-25 23:16:03,CN,Other ERP,C,VIT-002,Vitalis Multivit,SUP,Vitalis,E-commerce,6,130.77,CNY,0.1,784.62,706.16
TXN-CN-1-000400,2026-08-25 03:44:53,2026-08-25 03:47:53,CN,Other ERP,C,MED-001,Medora Cardio 10mg,RX,Medora,D2C,10,330.77,CNY,0.1,3307.7,2976.93
TXN-CN-1-000401,2026-08-25 07:04:47,2026-08-25 07:06:47,CN,Other ERP,C,VIT-002,Vitalis Multivit,SUP,Vitalis,Pharmacy/B2B,3,130.77,CNY,0.2,392.31,313.85
TXN-CN-1-000402,2026-08-25 08:07:12,2026-08-25 08:10:12,CN,Other ERP,C,VIT-001,Vitalis C1000,SUP,Vitalis,Wholesale,7,161.54,CNY,0.1,1130.78,1017.7
TXN-CN-1-000403,2026-08-25 20:23:00,2026-08-25 20:24:00,CN,Other ERP,C,DER-001,Dermacare GlowSerum,AES,Dermacare,Pharmacy/B2B,9,246.15,CNY,0.05,2215.35,2104.58
TXN-CN-1-000404,2026-08-25 05:38:36,2026-08-25 05:42:36,CN,Other ERP,C,MED-002,Medora Derm Cream,RX,Medora,Wholesale,7,200.0,CNY,0.0,1400.0,1400.0
TXN-CN-1-000405,2026-08-25 23:22:19,2026-08-25 23:26:19,CN,Other ERP,C,VIT-001,Vitalis C1000,SUP,Vitalis,E-commerce,5,161.54,CNY,0.1,807.7,726.93
TXN-CN-1-000406,2026-08-25 08:18:18,2026-08-25 08:23:18,CN,Other ERP,C,PUR-002,PureLife BP Monitor,MD,PureLife,E-commerce,6,692.31,CNY,0.15,4153.86,3530.78
TXN-CN-1-000407,2026-08-25 21:55:57,2026-08-25 21:58:57,CN,Other ERP,C,VIT-002,Vitalis Multivit,SUP,Vitalis,E-commerce,11,130.77,CNY,0.1,1438.47,1294.62
TXN-CN-1-000408,2026-08-25 00:38:13,2026-08-25 00:41:13,CN,Other ERP,C,MED-001,Medora Cardio 10mg,RX,Medora,D2C,7,330.77,CNY,0.15,2315.39,1968.08
TXN-CN-1-000409,2026-08-25 04:17:20,2026-08-25 04:19:20,CN,Other ERP,C,PUR-002,PureLife BP Monitor,MD,PureLife,Wholesale,6,692.31,CNY,0.0,4153.86,4153.86
TXN-CN-1-000410,2026-08-25 19:59:51,2026-08-25 20:01:51,CN,Other ERP,C,DER-001,Dermacare GlowSerum,AES,Dermacare,D2C,9,246.15,CNY,0.15,2215.35,1883.05
TXN-CN-1-000411,2026-08-25 05:20:16,2026-08-25 05:24:16,CN,Other ERP,C,SAN-001,SanaPlus PainRelief,OTC,SanaPlus,Pharmacy/B2B,9,73.08,CNY,0.05,657.72,624.83
TXN-CN-1-000412,2026-08-25 20:51:32,2026-08-25 20:55:32,CN,Other ERP,C,SAN-002,SanaPlus ColdFlu,OTC,SanaPlus,Wholesale,11,80.77,CNY,0.0,888.47,888.47
TXN-CN-1-000413,2026-08-25 07:53:14,2026-08-25 07:54:14,CN,Other ERP,C,PUR-001,PureLife GlucoMonitor,MD,PureLife,Wholesale,7,653.85,CNY,0.0,4576.95,4576.95
TXN-CN-1-000414,2026-08-25 05:18:19,2026-08-25 05:20:19,CN,Other ERP,C,PUR-001,PureLife GlucoMonitor,MD,PureLife,D2C,10,653.85,CNY,0.0,6538.5,6538.5
TXN-CN-1-000415,2026-08-25 04:22:33,2026-08-25 04:25:33,CN,Other ERP,C,VIT-002,Vitalis Multivit,SUP,Vitalis,D2C,7,130.77,CNY,0.1,915.39,823.85
TXN-CN-1-000416,2026-08-25 05:25:23,2026-08-25 05:27:23,CN,Other ERP,C,PUR-002,PureLife BP Monitor,MD,PureLife,D2C,9,692.31,CNY,0.0,6230.79,6230.79
TXN-CN-1-000417,2026-08-25 22:47:36,2026-08-25 22:48:36,CN,Other ERP,C,MED-001,Medora Cardio 10mg,RX,Medora,E-commerce,8,330.77,CNY,0.2,2646.16,2116.93
TXN-CN-1-000418,2026-08-25 08:08:45,2026-08-25 08:09:45,CN,Other ERP,C,MED-001,Medora Cardio 10mg,RX,Medora,Wholesale,10,330.77,CNY,0.05,3307.7,3142.31
TXN-CN-1-000419,2026-08-25 14:10:24,2026-08-25 14:11:24,CN,Other ERP,C,MED-001,Medora Cardio 10mg,RX,Medora,Pharmacy/B2B,7,330.77,CNY,0.1,2315.39,2083.85
TXN-CN-1-000420,2026-08-25 07:21:24,2026-08-25 07:22:24,CN,Other ERP,C,MED-002,Medora Derm Cream,RX,Medora,E-commerce,10,200.0,CNY,0.0,2000.0,2000.0
TXN-CN-1-000421,2026-08-25 00:55:40,2026-08-25 00:56:40,CN,Other ERP,C,MED-002,Medora Derm Cream,RX,Medora,Wholesale,9,200.0,CNY,0.0,1800.0,1800.0
TXN-CN-1-000422,2026-08-25 22:17:04,2026-08-25 22:23:04,CN,Other ERP,C,SAN-001,SanaPlus PainRelief,OTC,SanaPlus,Pharmacy/B2B,5,73.08,CNY,0.15,365.4,310.59
TXN-CN-1-000423,2026-08-25 22:04:59,2026-08-25 22:05:59,CN,Other ERP,C,SAN-002,SanaPlus ColdFlu,OTC,SanaPlus,Pharmacy/B2B,8,80.77,CNY,0.05,646.16,613.85
TXN-CN-1-000424,2026-08-25 06:27:04,2026-08-25 06:33:04,CN,Other ERP,C,PUR-001,PureLife GlucoMonitor,MD,PureLife,E-commerce,10,653.85,CNY,0.05,6538.5,6211.57
TXN-CN-1-000425,2026-08-25 23:22:37,2026-08-25 23:26:37,CN,Other ERP,C,VIT-001,Vitalis C1000,SUP,Vitalis,Pharmacy/B2B,12,161.54,CNY,0.0,1938.48,1938.48
TXN-CN-1-000426,2026-08-25 08:01:42,2026-08-25 08:07:42,CN,Other ERP,C,SAN-001,SanaPlus PainRelief,OTC,SanaPlus,D2C,1,73.08,CNY,0.05,73.08,69.43
TXN-CN-1-000427,2026-08-25 16:02:36,2026-08-25 16:06:36,CN,Other ERP,C,PUR-002,PureLife BP Monitor,MD,PureLife,D2C,7,692.31,CNY,0.0,4846.17,4846.17
TXN-CN-1-000428,2026-08-25 02:07:06,2026-08-25 02:13:06,CN,Other ERP,C,DER-002,Dermacare LiftCream,AES,Dermacare,E-commerce,12,284.62,CNY,0.05,3415.44,3244.67
TXN-CN-1-000429,2026-08-25 14:59:15,2026-08-25 15:05:15,CN,Other ERP,C,VIT-001,Vitalis C1000,SUP,Vitalis,E-commerce,6,161.54,CNY,0.0,969.24,969.24
TXN-CN-1-000430,2026-08-25 20:13:25,2026-08-25 20:14:25,CN,Other ERP,C,DER-002,Dermacare LiftCream,AES,Dermacare,Wholesale,7,284.62,CNY,0.0,1992.34,1992.34
TXN-CN-1-000431,2026-08-25 05:51:38,2026-08-25 05:56:38,CN,Other ERP,C,PUR-002,PureLife BP Monitor,MD,PureLife,Pharmacy/B2B,5,692.31,CNY,0.0,3461.55,3461.55
TXN-CN-1-000432,2026-08-25 14:27:52,2026-08-25 14:32:52,CN,Other ERP,C,PUR-001,PureLife GlucoMonitor,MD,PureLife,D2C,2,653.85,CNY,0.0,1307.7,1307.7
TXN-CN-1-000433,2026-08-25 07:13:29,2026-08-25 07:15:29,CN,Other ERP,C,DER-002,Dermacare LiftCream,AES,Dermacare,E-commerce,2,284.62,CNY,0.0,569.24,569.24
TXN-CN-1-000434,2026-08-25 11:26:22,2026-08-25 11:29:22,CN,Other ERP,C,VIT-001,Vitalis C1000,SUP,Vitalis,E-commerce,6,161.54,CNY,0.05,969.24,920.78
TXN-CN-1-000435,2026-08-25 03:57:29,2026-08-25 04:01:29,CN,Other ERP,C,PUR-001,PureLife GlucoMonitor,MD,PureLife,Pharmacy/B2B,8,653.85,CNY,0.0,5230.8,5230.8
TXN-CN-1-000436,2026-08-25 07:27:38,2026-08-25 07:29:38,CN,Other ERP,C,MED-002,Medora Derm Cream,RX,Medora,Pharmacy/B2B,10,200.0,CNY,0.0,2000.0,2000.0
TXN-CN-1-000437,2026-08-25 00:01:00,2026-08-25 00:05:00,CN,Other ERP,C,MED-002,Medora Derm Cream,RX,Medora,E-commerce,7,200.0,CNY,0.0,1400.0,1400.0
TXN-CN-1-000438,2026-08-25 18:41:18,2026-08-25 18:47:18,CN,Other ERP,C,SAN-002,SanaPlus ColdFlu,OTC,SanaPlus,E-commerce,8,80.77,CNY,0.05,646.16,613.85
TXN-CN-1-000439,2026-08-25 19:53:00,2026-08-25 19:58:00,CN,Other ERP,C,SAN-002,SanaPlus ColdFlu,OTC,SanaPlus,Wholesale,2,80.77,CNY,0.0,161.54,161.54
TXN-CN-1-000440,2026-08-25 07:56:46,2026-08-25 08:00:46,CN,Other ERP,C,MED-002,Medora Derm Cream,RX,Medora,D2C,5,200.0,CNY,0.0,1000.0,1000.0
TXN-CN-1-000441,2026-08-25 21:34:27,2026-08-25 21:35:27,CN,Other ERP,C,VIT-001,Vitalis C1000,SUP,Vitalis,D2C,1,161.54,CNY,0.0,161.54,161.54
TXN-CN-1-000442,2026-08-25 14:24:10,2026-08-25 14:27:10,CN,Other ERP,C,PUR-001,PureLife GlucoMonitor,MD,PureLife,Pharmacy/B2B,2,653.85,CNY,0.05,1307.7,1242.32
TXN-CN-1-000443,2026-08-25 10:01:36,2026-08-25 10:04:36,CN,Other ERP,C,MED-001,Medora Cardio 10mg,RX,Medora,E-commerce,8,330.77,CNY,0.0,2646.16,2646.16
TXN-CN-1-000444,2026-08-25 09:06:24,2026-08-25 09:07:24,CN,Other ERP,C,DER-001,Dermacare GlowSerum,AES,Dermacare,Wholesale,9,246.15,CNY,0.0,2215.35,2215.35
TXN-CN-1-000445,2026-08-25 05:09:42,2026-08-25 05:13:42,CN,Other ERP,C,DER-002,Dermacare LiftCream,AES,Dermacare,E-commerce,3,284.62,CNY,0.0,853.86,853.86
TXN-CN-1-000446,2026-08-25 00:30:36,2026-08-25 00:32:36,CN,Other ERP,C,MED-002,Medora Derm Cream,RX,Medora,Wholesale,10,200.0,CNY,0.1,2000.0,1800.0
TXN-CN-1-000447,2026-08-25 06:38:26,2026-08-25 06:39:26,CN,Other ERP,C,VIT-002,Vitalis Multivit,SUP,Vitalis,D2C,9,130.77,CNY,0.05,1176.93,1118.08
TXN-CN-1-000448,2026-08-25 06:14:54,2026-08-25 06:19:54,CN,Other ERP,C,PUR-001,PureLife GlucoMonitor,MD,PureLife,D2C,12,653.85,CNY,0.2,7846.2,6276.96
TXN-CN-1-000449,2026-08-25 17:53:16,2026-08-25 17:59:16,CN,Other ERP,C,PUR-002,PureLife BP Monitor,MD,PureLife,Wholesale,4,692.31,CNY,0.2,2769.24,2215.39
TXN-CN-1-000450,2026-08-25 15:30:39,2026-08-25 15:32:39,CN,Other ERP,C,PUR-001,PureLife GlucoMonitor,MD,PureLife,E-commerce,2,653.85,CNY,0.2,1307.7,1046.16
TXN-CN-1-000451,2026-08-25 18:45:41,2026-08-25 18:47:41,CN,Other ERP,C,PUR-001,PureLife GlucoMonitor,MD,PureLife,D2C,7,653.85,CNY,0.0,4576.95,4576.95
TXN-CN-1-000452,2026-08-25 12:19:24,2026-08-25 12:21:24,CN,Other ERP,C,PUR-002,PureLife BP Monitor,MD,PureLife,Wholesale,12,692.31,CNY,0.0,8307.72,8307.72
TXN-CN-1-000453,2026-08-25 17:56:35,2026-08-25 18:02:35,CN,Other ERP,C,PUR-002,PureLife BP Monitor,MD,PureLife,Wholesale,7,692.31,CNY,0.15,4846.17,4119.24
TXN-CN-1-000454,2026-08-25 04:19:56,2026-08-25 04:23:56,CN,Other ERP,C,DER-002,Dermacare LiftCream,AES,Dermacare,Pharmacy/B2B,7,284.62,CNY,0.2,1992.34,1593.87
TXN-CN-1-000455,2026-08-25 18:04:32,2026-08-25 18:06:32,CN,Other ERP,C,DER-001,Dermacare GlowSerum,AES,Dermacare,E-commerce,1,246.15,CNY,0.0,246.15,246.15
TXN-CN-1-000456,2026-08-25 00:04:55,2026-08-25 00:08:55,CN,Other ERP,C,PUR-001,PureLife GlucoMonitor,MD,PureLife,E-commerce,2,653.85,CNY,0.15,1307.7,1111.55
TXN-CN-1-000457,2026-08-25 06:13:25,2026-08-25 06:15:25,CN,Other ERP,C,VIT-002,Vitalis Multivit,SUP,Vitalis,D2C,6,130.77,CNY,0.15,784.62,666.93
TXN-CN-1-000458,2026-08-25 05:47:48,2026-08-25 05:48:48,CN,Other ERP,C,DER-001,Dermacare GlowSerum,AES,Dermacare,D2C,1,246.15,CNY,0.2,246.15,196.92
TXN-CN-1-000459,2026-08-25 12:11:55,2026-08-25 12:16:55,CN,Other ERP,C,DER-002,Dermacare LiftCream,AES,Dermacare,Pharmacy/B2B,11,284.62,CNY,0.0,3130.82,3130.82
TXN-CN-1-000460,2026-08-25 14:44:35,2026-08-25 14:49:35,CN,Other ERP,C,VIT-001,Vitalis C1000,SUP,Vitalis,Pharmacy/B2B,9,161.54,CNY,0.15,1453.86,1235.78
TXN-CN-1-000461,2026-08-25 06:20:34,2026-08-25 06:21:34,CN,Other ERP,C,PUR-002,PureLife BP Monitor,MD,PureLife,E-commerce,6,692.31,CNY,0.1,4153.86,3738.47
TXN-CN-1-000462,2026-08-25 14:29:17,2026-08-25 14:33:17,CN,Other ERP,C,PUR-002,PureLife BP Monitor,MD,PureLife,Pharmacy/B2B,9,692.31,CNY,0.1,6230.79,5607.71
TXN-CN-1-000463,2026-08-25 19:27:06,2026-08-25 19:33:06,CN,Other ERP,C,SAN-001,SanaPlus PainRelief,OTC,SanaPlus,E-commerce,7,73.08,CNY,0.1,511.56,460.4
TXN-CN-1-000464,2026-08-25 22:10:17,2026-08-25 22:15:17,CN,Other ERP,C,SAN-001,SanaPlus PainRelief,OTC,SanaPlus,Pharmacy/B2B,3,73.08,CNY,0.0,219.24,219.24
TXN-CN-1-000465,2026-08-25 01:22:32,2026-08-25 01:25:32,CN,Other ERP,C,MED-001,Medora Cardio 10mg,RX,Medora,E-commerce,11,330.77,CNY,0.2,3638.47,2910.78
TXN-CN-1-000466,2026-08-25 19:44:38,2026-08-25 19:48:38,CN,Other ERP,C,PUR-002,PureLife BP Monitor,MD,PureLife,D2C,9,692.31,CNY,0.0,6230.79,6230.79
TXN-CN-1-000467,2026-08-25 23:36:23,2026-08-25 23:38:23,CN,Other ERP,C,SAN-001,SanaPlus PainRelief,OTC,SanaPlus,D2C,12,73.08,CNY,0.1,876.96,789.26
TXN-CN-1-000468,2026-08-25 18:38:55,2026-08-25 18:43:55,CN,Other ERP,C,MED-002,Medora Derm Cream,RX,Medora,Pharmacy/B2B,5,200.0,CNY,0.0,1000.0,1000.0
TXN-CN-1-000469,2026-08-25 16:27:06,2026-08-25 16:33:06,CN,Other ERP,C,PUR-001,PureLife GlucoMonitor,MD,PureLife,Wholesale,1,653.85,CNY,0.15,653.85,555.77
TXN-CN-1-000470,2026-08-25 23:50:30,2026-08-25 23:54:30,CN,Other ERP,C,MED-002,Medora Derm Cream,RX,Medora,D2C,3,200.0,CNY,0.0,600.0,600.0
TXN-CN-1-000471,2026-08-25 19:48:19,2026-08-25 19:52:19,CN,Other ERP,C,DER-002,Dermacare LiftCream,AES,Dermacare,Wholesale,8,284.62,CNY,0.0,2276.96,2276.96
TXN-CN-1-000472,2026-08-25 19:38:03,2026-08-25 19:44:03,CN,Other ERP,C,VIT-001,Vitalis C1000,SUP,Vitalis,Pharmacy/B2B,10,161.54,CNY,0.05,1615.4,1534.63
TXN-CN-1-000473,2026-08-25 10:00:31,2026-08-25 10:04:31,CN,Other ERP,C,MED-002,Medora Derm Cream,RX,Medora,Pharmacy/B2B,12,200.0,CNY,0.15,2400.0,2040.0
TXN-CN-1-000474,2026-08-25 16:47:57,2026-08-25 16:51:57,CN,Other ERP,C,PUR-002,PureLife BP Monitor,MD,PureLife,Wholesale,7,692.31,CNY,0.1,4846.17,4361.55
TXN-CN-1-000475,2026-08-25 05:27:29,2026-08-25 05:32:29,CN,Other ERP,C,PUR-002,PureLife BP Monitor,MD,PureLife,Wholesale,9,692.31,CNY,0.05,6230.79,5919.25
TXN-CN-1-000476,2026-08-25 05:36:13,2026-08-25 05:38:13,CN,Other ERP,C,SAN-002,SanaPlus ColdFlu,OTC,SanaPlus,E-commerce,8,80.77,CNY,0.15,646.16,549.24
TXN-CN-1-000477,2026-08-25 01:23:24,2026-08-25 01:29:24,CN,Other ERP,C,PUR-001,PureLife GlucoMonitor,MD,PureLife,D2C,11,653.85,CNY,0.1,7192.35,6473.12
TXN-CN-1-000478,2026-08-25 00:01:25,2026-08-25 00:05:25,CN,Other ERP,C,VIT-001,Vitalis C1000,SUP,Vitalis,E-commerce,6,161.54,CNY,0.0,969.24,969.24
TXN-CN-1-000479,2026-08-25 09:48:21,2026-08-25 09:49:21,CN,Other ERP,C,SAN-002,SanaPlus ColdFlu,OTC,SanaPlus,Wholesale,7,80.77,CNY,0.15,565.39,480.58
TXN-CN-1-000480,2026-08-25 22:33:24,2026-08-25 22:36:24,CN,Other ERP,C,DER-002,Dermacare LiftCream,AES,Dermacare,Pharmacy/B2B,1,284.62,CNY,0.15,284.62,241.93
TXN-CN-1-000481,2026-08-25 04:32:41,2026-08-25 04:34:41,CN,Other ERP,C,SAN-001,SanaPlus PainRelief,OTC,SanaPlus,E-commerce,12,73.08,CNY,0.0,876.96,876.96
TXN-CN-1-000482,2026-08-25 13:38:10,2026-08-25 13:41:10,CN,Other ERP,C,SAN-001,SanaPlus PainRelief,OTC,SanaPlus,E-commerce,9,73.08,CNY,0.05,657.72,624.83
TXN-CN-1-000483,2026-08-25 16:46:23,2026-08-25 16:51:23,CN,Other ERP,C,DER-001,Dermacare GlowSerum,AES,Dermacare,E-commerce,3,246.15,CNY,0.0,738.45,738.45
TXN-CN-1-000484,2026-08-25 22:15:35,2026-08-25 22:18:35,CN,Other ERP,C,VIT-001,Vitalis C1000,SUP,Vitalis,E-commerce,11,161.54,CNY,0.0,1776.94,1776.94
TXN-CN-1-000485,2026-08-25 19:23:42,2026-08-25 19:29:42,CN,Other ERP,C,PUR-002,PureLife BP Monitor,MD,PureLife,D2C,7,692.31,CNY,0.2,4846.17,3876.94
TXN-CN-1-000486,2026-08-25 08:05:23,2026-08-25 08:07:23,CN,Other ERP,C,PUR-001,PureLife GlucoMonitor,MD,PureLife,Pharmacy/B2B,6,653.85,CNY,0.05,3923.1,3726.94
TXN-CN-1-000487,2026-08-25 05:59:11,2026-08-25 06:02:11,CN,Other ERP,C,MED-002,Medora Derm Cream,RX,Medora,D2C,3,200.0,CNY,0.1,600.0,540.0
TXN-CN-1-000488,2026-08-25 12:18:07,2026-08-25 12:24:07,CN,Other ERP,C,DER-002,Dermacare LiftCream,AES,Dermacare,E-commerce,6,284.62,CNY,0.05,1707.72,1622.33
TXN-CN-1-000489,2026-08-25 06:06:18,2026-08-25 06:11:18,CN,Other ERP,C,VIT-001,Vitalis C1000,SUP,Vitalis,Wholesale,10,161.54,CNY,0.0,1615.4,1615.4
TXN-CN-1-000490,2026-08-25 08:05:33,2026-08-25 08:08:33,CN,Other ERP,C,PUR-001,PureLife GlucoMonitor,MD,PureLife,D2C,2,653.85,CNY,0.0,1307.7,1307.7
TXN-CN-1-000491,2026-08-25 18:22:03,2026-08-25 18:23:03,CN,Other ERP,C,PUR-001,PureLife GlucoMonitor,MD,PureLife,Wholesale,6,653.85,CNY,0.0,3923.1,3923.1
TXN-CN-1-000492,2026-08-25 00:56:03,2026-08-25 01:02:03,CN,Other ERP,C,DER-002,Dermacare LiftCream,AES,Dermacare,D2C,7,284.62,CNY,0.2,1992.34,1593.87
TXN-CN-1-000493,2026-08-25 20:20:27,2026-08-25 20:23:27,CN,Other ERP,C,MED-001,Medora Cardio 10mg,RX,Medora,D2C,8,330.77,CNY,0.2,2646.16,2116.93
TXN-CN-1-000494,2026-08-25 10:27:37,2026-08-25 10:30:37,CN,Other ERP,C,VIT-002,Vitalis Multivit,SUP,Vitalis,Pharmacy/B2B,4,130.77,CNY,0.0,523.08,523.08
TXN-CN-1-000495,2026-08-25 22:52:09,2026-08-25 22:57:09,CN,Other ERP,C,MED-002,Medora Derm Cream,RX,Medora,Pharmacy/B2B,2,200.0,CNY,0.05,400.0,380.0
TXN-CN-1-000496,2026-08-25 21:48:32,2026-08-25 21:52:32,CN,Other ERP,C,VIT-001,Vitalis C1000,SUP,Vitalis,Pharmacy/B2B,4,161.54,CNY,0.1,646.16,581.54
TXN-CN-1-000497,2026-08-25 12:08:47,2026-08-25 12:13:47,CN,Other ERP,C,VIT-002,Vitalis Multivit,SUP,Vitalis,D2C,1,130.77,CNY,0.0,130.77,130.77
TXN-CN-1-000498,2026-08-25 13:15:39,2026-08-25 13:17:39,CN,Other ERP,C,DER-001,Dermacare GlowSerum,AES,Dermacare,D2C,2,246.15,CNY,0.0,492.3,492.3
TXN-CN-1-000499,2026-08-25 10:41:29,2026-08-25 10:45:29,CN,Other ERP,C,MED-002,Medora Derm Cream,RX,Medora,D2C,6,200.0,CNY,0.0,1200.0,1200.0
TXN-CN-1-000500,2026-08-25 03:54:13,2026-08-25 03:56:13,CN,Other ERP,C,VIT-001,Vitalis C1000,SUP,Vitalis,D2C,10,161.54,CNY,0.0,1615.4,1615.4
TXN-CN-1-000501,2026-08-25 15:16:22,2026-08-25 15:20:22,CN,Other ERP,C,PUR-001,PureLife GlucoMonitor,MD,PureLife,Pharmacy/B2B,4,653.85,CNY,0.2,2615.4,2092.32
TXN-CN-1-000502,2026-08-25 15:31:09,2026-08-25 15:35:09,CN,Other ERP,C,SAN-002,SanaPlus ColdFlu,OTC,SanaPlus,Pharmacy/B2B,1,80.77,CNY,0.1,80.77,72.69
TXN-CN-1-000503,2026-08-25 09:40:32,2026-08-25 09:42:32,CN,Other ERP,C,MED-002,Medora Derm Cream,RX,Medora,D2C,2,200.0,CNY,0.0,400.0,400.0
TXN-CN-1-000504,2026-08-25 12:53:01,2026-08-25 12:55:01,CN,Other ERP,C,DER-002,Dermacare LiftCream,AES,Dermacare,Wholesale,10,284.62,CNY,0.1,2846.2,2561.58
TXN-CN-1-000505,2026-08-25 04:26:32,2026-08-25 04:32:32,CN,Other ERP,C,PUR-002,PureLife BP Monitor,MD,PureLife,Wholesale,9,692.31,CNY,0.0,6230.79,6230.79
TXN-CN-1-000506,2026-08-25 22:01:47,2026-08-25 22:07:47,CN,Other ERP,C,VIT-001,Vitalis C1000,SUP,Vitalis,Wholesale,1,161.54,CNY,0.0,161.54,161.54
TXN-CN-1-000507,2026-08-25 13:08:35,2026-08-25 13:10:35,CN,Other ERP,C,VIT-002,Vitalis Multivit,SUP,Vitalis,D2C,7,130.77,CNY,0.0,915.39,915.39
TXN-CN-1-000508,2026-08-25 04:58:57,2026-08-25 05:01:57,CN,Other ERP,C,PUR-001,PureLife GlucoMonitor,MD,PureLife,Wholesale,7,653.85,CNY,0.0,4576.95,4576.95
TXN-CN-1-000509,2026-08-25 11:48:46,2026-08-25 11:53:46,CN,Other ERP,C,PUR-001,PureLife GlucoMonitor,MD,PureLife,Wholesale,8,653.85,CNY,0.1,5230.8,4707.72
TXN-CN-1-000510,2026-08-25 16:06:00,2026-08-25 16:09:00,CN,Other ERP,C,SAN-001,SanaPlus PainRelief,OTC,SanaPlus,E-commerce,3,73.08,CNY,0.05,219.24,208.28
TXN-CN-1-000511,2026-08-25 12:18:07,2026-08-25 12:23:07,CN,Other ERP,C,SAN-002,SanaPlus ColdFlu,OTC,SanaPlus,D2C,9,80.77,CNY,0.15,726.93,617.89
TXN-CN-1-000512,2026-08-25 12:21:43,2026-08-25 12:27:43,CN,Other ERP,C,PUR-002,PureLife BP Monitor,MD,PureLife,Wholesale,6,692.31,CNY,0.2,4153.86,3323.09
TXN-CN-1-000513,2026-08-25 11:33:12,2026-08-25 11:39:12,CN,Other ERP,C,PUR-002,PureLife BP Monitor,MD,PureLife,D2C,3,692.31,CNY,0.1,2076.93,1869.24
TXN-CN-1-000514,2026-08-25 04:41:34,2026-08-25 04:44:34,CN,Other ERP,C,PUR-002,PureLife BP Monitor,MD,PureLife,Pharmacy/B2B,2,692.31,CNY,0.2,1384.62,1107.7
TXN-CN-1-000515,2026-08-25 15:35:12,2026-08-25 15:38:12,CN,Other ERP,C,MED-001,Medora Cardio 10mg,RX,Medora,E-commerce,1,330.77,CNY,0.0,330.77,330.77
TXN-CN-1-000516,2026-08-25 01:33:39,2026-08-25 01:35:39,CN,Other ERP,C,SAN-001,SanaPlus PainRelief,OTC,SanaPlus,D2C,11,73.08,CNY,0.0,803.88,803.88
TXN-CN-1-000517,2026-08-25 21:20:51,2026-08-25 21:26:51,CN,Other ERP,C,VIT-002,Vitalis Multivit,SUP,Vitalis,Pharmacy/B2B,4,130.77,CNY,0.0,523.08,523.08
TXN-CN-1-000518,2026-08-25 23:23:53,2026-08-25 23:24:53,CN,Other ERP,C,SAN-002,SanaPlus ColdFlu,OTC,SanaPlus,D2C,2,80.77,CNY,0.0,161.54,161.54
TXN-CN-1-000519,2026-08-25 00:12:10,2026-08-25 00:15:10,CN,Other ERP,C,SAN-002,SanaPlus ColdFlu,OTC,SanaPlus,Wholesale,1,80.77,CNY,0.1,80.77,72.69
TXN-CN-1-000520,2026-08-25 07:25:50,2026-08-25 07:31:50,CN,Other ERP,C,DER-001,Dermacare GlowSerum,AES,Dermacare,E-commerce,11,246.15,CNY,0.0,2707.65,2707.65
TXN-CN-1-000521,2026-08-25 10:20:12,2026-08-25 10:23:12,CN,Other ERP,C,SAN-001,SanaPlus PainRelief,OTC,SanaPlus,Wholesale,7,73.08,CNY,0.1,511.56,460.4
TXN-CN-1-000522,2026-08-25 22:34:19,2026-08-25 22:40:19,CN,Other ERP,C,DER-002,Dermacare LiftCream,AES,Dermacare,E-commerce,8,284.62,CNY,0.2,2276.96,1821.57
TXN-CN-1-000523,2026-08-25 08:05:09,2026-08-25 08:09:09,CN,Other ERP,C,DER-002,Dermacare LiftCream,AES,Dermacare,Wholesale,12,284.62,CNY,0.0,3415.44,3415.44
TXN-CN-1-000524,2026-08-25 23:24:58,2026-08-25 23:28:58,CN,Other ERP,C,VIT-001,Vitalis C1000,SUP,Vitalis,Pharmacy/B2B,3,161.54,CNY,0.0,484.62,484.62
TXN-CN-1-000525,2026-08-25 18:45:43,2026-08-25 18:51:43,CN,Other ERP,C,VIT-001,Vitalis C1000,SUP,Vitalis,D2C,5,161.54,CNY,0.0,807.7,807.7
TXN-CN-1-000526,2026-08-25 02:32:01,2026-08-25 02:37:01,CN,Other ERP,C,VIT-002,Vitalis Multivit,SUP,Vitalis,E-commerce,12,130.77,CNY,0.1,1569.24,1412.32
TXN-CN-1-000527,2026-08-25 03:51:15,2026-08-25 03:57:15,CN,Other ERP,C,VIT-001,Vitalis C1000,SUP,Vitalis,E-commerce,2,161.54,CNY,0.0,323.08,323.08
TXN-CN-1-000528,2026-08-25 07:17:18,2026-08-25 07:22:18,CN,Other ERP,C,VIT-001,Vitalis C1000,SUP,Vitalis,Pharmacy/B2B,11,161.54,CNY,0.0,1776.94,1776.94
TXN-CN-1-000529,2026-08-25 22:43:17,2026-08-25 22:44:17,CN,Other ERP,C,MED-001,Medora Cardio 10mg,RX,Medora,Wholesale,12,330.77,CNY,0.0,3969.24,3969.24
TXN-CN-1-000530,2026-08-25 03:16:16,2026-08-25 03:21:16,CN,Other ERP,C,VIT-002,Vitalis Multivit,SUP,Vitalis,Wholesale,5,130.77,CNY,0.05,653.85,621.16
TXN-CN-1-000531,2026-08-25 05:49:51,2026-08-25 05:51:51,CN,Other ERP,C,PUR-001,PureLife GlucoMonitor,MD,PureLife,Wholesale,6,653.85,CNY,0.0,3923.1,3923.1
TXN-CN-1-000532,2026-08-25 19:23:17,2026-08-25 19:25:17,CN,Other ERP,C,DER-002,Dermacare LiftCream,AES,Dermacare,Wholesale,9,284.62,CNY,0.15,2561.58,2177.34
TXN-CN-1-000533,2026-08-25 03:10:15,2026-08-25 03:16:15,CN,Other ERP,C,DER-002,Dermacare LiftCream,AES,Dermacare,E-commerce,3,284.62,CNY,0.0,853.86,853.86
TXN-CN-1-000534,2026-08-25 17:28:44,2026-08-25 17:32:44,CN,Other ERP,C,SAN-002,SanaPlus ColdFlu,OTC,SanaPlus,D2C,12,80.77,CNY,0.0,969.24,969.24
TXN-CN-1-000535,2026-08-25 20:27:47,2026-08-25 20:33:47,CN,Other ERP,C,SAN-001,SanaPlus PainRelief,OTC,SanaPlus,Wholesale,3,73.08,CNY,0.05,219.24,208.28
TXN-CN-1-000536,2026-08-25 05:38:04,2026-08-25 05:43:04,CN,Other ERP,C,MED-001,Medora Cardio 10mg,RX,Medora,D2C,3,330.77,CNY,0.1,992.31,893.08
TXN-CN-1-000537,2026-08-25 03:17:07,2026-08-25 03:22:07,CN,Other ERP,C,DER-002,Dermacare LiftCream,AES,Dermacare,Wholesale,11,284.62,CNY,0.1,3130.82,2817.74
TXN-CN-1-000538,2026-08-25 08:46:40,2026-08-25 08:52:40,CN,Other ERP,C,MED-002,Medora Derm Cream,RX,Medora,Wholesale,1,200.0,CNY,0.1,200.0,180.0
TXN-CN-1-000539,2026-08-25 06:36:49,2026-08-25 06:42:49,CN,Other ERP,C,DER-002,Dermacare LiftCream,AES,Dermacare,Pharmacy/B2B,11,284.62,CNY,0.05,3130.82,2974.28
TXN-CN-1-000540,2026-08-25 06:23:29,2026-08-25 06:24:29,CN,Other ERP,C,DER-002,Dermacare LiftCream,AES,Dermacare,E-commerce,4,284.62,CNY,0.05,1138.48,1081.56
TXN-CN-1-000541,2026-08-25 07:54:38,2026-08-25 07:59:38,CN,Other ERP,C,PUR-002,PureLife BP Monitor,MD,PureLife,E-commerce,1,692.31,CNY,0.0,692.31,692.31
TXN-CN-1-000542,2026-08-25 06:37:07,2026-08-25 06:39:07,CN,Other ERP,C,VIT-001,Vitalis C1000,SUP,Vitalis,E-commerce,12,161.54,CNY,0.05,1938.48,1841.56
TXN-CN-1-000543,2026-08-25 06:13:58,2026-08-25 06:14:58,CN,Other ERP,C,DER-001,Dermacare GlowSerum,AES,Dermacare,D2C,11,246.15,CNY,0.2,2707.65,2166.12
TXN-CN-1-000544,2026-08-25 21:18:20,2026-08-25 21:19:20,CN,Other ERP,C,SAN-001,SanaPlus PainRelief,OTC,SanaPlus,E-commerce,9,73.08,CNY,0.1,657.72,591.95
TXN-CN-1-000545,2026-08-25 05:14:17,2026-08-25 05:16:17,CN,Other ERP,C,VIT-001,Vitalis C1000,SUP,Vitalis,D2C,11,161.54,CNY,0.0,1776.94,1776.94
TXN-CN-1-000546,2026-08-25 08:54:09,2026-08-25 08:59:09,CN,Other ERP,C,PUR-001,PureLife GlucoMonitor,MD,PureLife,E-commerce,6,653.85,CNY,0.1,3923.1,3530.79
TXN-CN-1-000547,2026-08-25 11:12:58,2026-08-25 11:15:58,CN,Other ERP,C,DER-001,Dermacare GlowSerum,AES,Dermacare,Pharmacy/B2B,8,246.15,CNY,0.15,1969.2,1673.82
TXN-CN-1-000548,2026-08-25 23:28:09,2026-08-25 23:32:09,CN,Other ERP,C,DER-002,Dermacare LiftCream,AES,Dermacare,E-commerce,3,284.62,CNY,0.2,853.86,683.09
TXN-CN-1-000549,2026-08-25 14:18:42,2026-08-25 14:21:42,CN,Other ERP,C,VIT-002,Vitalis Multivit,SUP,Vitalis,Pharmacy/B2B,10,130.77,CNY,0.0,1307.7,1307.7
TXN-CN-1-000550,2026-08-25 09:30:14,2026-08-25 09:33:14,CN,Other ERP,C,PUR-002,PureLife BP Monitor,MD,PureLife,Wholesale,10,692.31,CNY,0.15,6923.1,5884.64
TXN-CN-1-000551,2026-08-25 04:14:27,2026-08-25 04:16:27,CN,Other ERP,C,DER-002,Dermacare LiftCream,AES,Dermacare,Wholesale,1,284.62,CNY,0.0,284.62,284.62
TXN-CN-1-000552,2026-08-25 20:47:27,2026-08-25 20:49:27,CN,Other ERP,C,DER-002,Dermacare LiftCream,AES,Dermacare,Pharmacy/B2B,3,284.62,CNY,0.0,853.86,853.86
TXN-CN-1-000553,2026-08-25 12:03:19,2026-08-25 12:05:19,CN,Other ERP,C,PUR-002,PureLife BP Monitor,MD,PureLife,Wholesale,9,692.31,CNY,0.05,6230.79,5919.25
TXN-CN-1-000554,2026-08-25 04:05:47,2026-08-25 04:07:47,CN,Other ERP,C,DER-002,Dermacare LiftCream,AES,Dermacare,D2C,3,284.62,CNY,0.1,853.86,768.47
TXN-CN-1-000555,2026-08-25 20:19:39,2026-08-25 20:24:39,CN,Other ERP,C,VIT-002,Vitalis Multivit,SUP,Vitalis,E-commerce,3,130.77,CNY,0.0,392.31,392.31
TXN-CN-1-000556,2026-08-25 03:35:17,2026-08-25 03:37:17,CN,Other ERP,C,SAN-002,SanaPlus ColdFlu,OTC,SanaPlus,Wholesale,12,80.77,CNY,0.2,969.24,775.39
TXN-CN-1-000557,2026-08-25 01:58:35,2026-08-25 02:03:35,CN,Other ERP,C,VIT-002,Vitalis Multivit,SUP,Vitalis,E-commerce,1,130.77,CNY,0.0,130.77,130.77
TXN-CN-1-000558,2026-08-25 09:39:34,2026-08-25 09:44:34,CN,Other ERP,C,DER-002,Dermacare LiftCream,AES,Dermacare,Wholesale,9,284.62,CNY,0.1,2561.58,2305.42
TXN-CN-1-000559,2026-08-25 18:25:11,2026-08-25 18:30:11,CN,Other ERP,C,DER-002,Dermacare LiftCream,AES,Dermacare,D2C,11,284.62,CNY,0.0,3130.82,3130.82
TXN-CN-1-000560,2026-08-25 13:33:04,2026-08-25 13:39:04,CN,Other ERP,C,PUR-001,PureLife GlucoMonitor,MD,PureLife,D2C,3,653.85,CNY,0.0,1961.55,1961.55
TXN-CN-1-000561,2026-08-25 23:12:28,2026-08-25 23:17:28,CN,Other ERP,C,DER-001,Dermacare GlowSerum,AES,Dermacare,Pharmacy/B2B,1,246.15,CNY,0.0,246.15,246.15
TXN-CN-1-000562,2026-08-25 00:37:52,2026-08-25 00:40:52,CN,Other ERP,C,SAN-001,SanaPlus PainRelief,OTC,SanaPlus,E-commerce,7,73.08,CNY,0.15,511.56,434.83
TXN-CN-1-000563,2026-08-25 02:59:09,2026-08-25 03:04:09,CN,Other ERP,C,PUR-002,PureLife BP Monitor,MD,PureLife,D2C,2,692.31,CNY,0.05,1384.62,1315.39
TXN-CN-1-000564,2026-08-25 02:25:04,2026-08-25 02:28:04,CN,Other ERP,C,VIT-001,Vitalis C1000,SUP,Vitalis,E-commerce,12,161.54,CNY,0.1,1938.48,1744.63
TXN-CN-1-000565,2026-08-25 03:24:24,2026-08-25 03:25:24,CN,Other ERP,C,VIT-001,Vitalis C1000,SUP,Vitalis,E-commerce,12,161.54,CNY,0.1,1938.48,1744.63
TXN-CN-1-000566,2026-08-25 12:40:45,2026-08-25 12:46:45,CN,Other ERP,C,MED-001,Medora Cardio 10mg,RX,Medora,Pharmacy/B2B,5,330.77,CNY,0.0,1653.85,1653.85
TXN-CN-1-000567,2026-08-25 17:24:08,2026-08-25 17:27:08,CN,Other ERP,C,PUR-001,PureLife GlucoMonitor,MD,PureLife,E-commerce,1,653.85,CNY,0.1,653.85,588.47
TXN-CN-1-000568,2026-08-25 07:08:53,2026-08-25 07:09:53,CN,Other ERP,C,PUR-002,PureLife BP Monitor,MD,PureLife,Wholesale,8,692.31,CNY,0.0,5538.48,5538.48
TXN-CN-1-000569,2026-08-25 07:39:39,2026-08-25 07:45:39,CN,Other ERP,C,PUR-002,PureLife BP Monitor,MD,PureLife,Wholesale,2,692.31,CNY,0.1,1384.62,1246.16
TXN-CN-1-000570,2026-08-25 04:11:35,2026-08-25 04:13:35,CN,Other ERP,C,DER-001,Dermacare GlowSerum,AES,Dermacare,Pharmacy/B2B,11,246.15,CNY,0.0,2707.65,2707.65
TXN-CN-1-000571,2026-08-25 05:31:35,2026-08-25 05:32:35,CN,Other ERP,C,VIT-002,Vitalis Multivit,SUP,Vitalis,E-commerce,2,130.77,CNY,0.2,261.54,209.23
TXN-CN-1-000572,2026-08-25 16:45:38,2026-08-25 16:49:38,CN,Other ERP,C,DER-002,Dermacare LiftCream,AES,Dermacare,E-commerce,1,284.62,CNY,0.0,284.62,284.62
TXN-CN-1-000573,2026-08-25 22:03:28,2026-08-25 22:09:28,CN,Other ERP,C,MED-002,Medora Derm Cream,RX,Medora,Pharmacy/B2B,2,200.0,CNY,0.05,400.0,380.0
TXN-CN-1-000574,2026-08-25 14:39:42,2026-08-25 14:40:42,CN,Other ERP,C,VIT-001,Vitalis C1000,SUP,Vitalis,E-commerce,1,161.54,CNY,0.0,161.54,161.54
TXN-CN-1-000575,2026-08-25 22:28:58,2026-08-25 22:34:58,CN,Other ERP,C,MED-001,Medora Cardio 10mg,RX,Medora,Wholesale,3,330.77,CNY,0.15,992.31,843.46
TXN-CN-1-000576,2026-08-25 12:29:09,2026-08-25 12:35:09,CN,Other ERP,C,PUR-001,PureLife GlucoMonitor,MD,PureLife,Wholesale,4,653.85,CNY,0.0,2615.4,2615.4
TXN-CN-1-000577,2026-08-25 22:40:54,2026-08-25 22:46:54,CN,Other ERP,C,VIT-002,Vitalis Multivit,SUP,Vitalis,Pharmacy/B2B,5,130.77,CNY,0.1,653.85,588.47
TXN-CN-1-000578,2026-08-25 07:00:24,2026-08-25 07:04:24,CN,Other ERP,C,DER-001,Dermacare GlowSerum,AES,Dermacare,D2C,4,246.15,CNY,0.1,984.6,886.14
TXN-CN-1-000579,2026-08-25 00:29:17,2026-08-25 00:35:17,CN,Other ERP,C,VIT-001,Vitalis C1000,SUP,Vitalis,Wholesale,11,161.54,CNY,0.15,1776.94,1510.4
TXN-CN-1-000580,2026-08-25 10:58:33,2026-08-25 11:03:33,CN,Other ERP,C,MED-002,Medora Derm Cream,RX,Medora,E-commerce,5,200.0,CNY,0.0,1000.0,1000.0
TXN-CN-1-000581,2026-08-25 03:39:27,2026-08-25 03:40:27,CN,Other ERP,C,SAN-001,SanaPlus PainRelief,OTC,SanaPlus,Pharmacy/B2B,9,73.08,CNY,0.15,657.72,559.06
TXN-CN-1-000582,2026-08-25 14:22:25,2026-08-25 14:28:25,CN,Other ERP,C,PUR-001,PureLife GlucoMonitor,MD,PureLife,E-commerce,6,653.85,CNY,0.2,3923.1,3138.48
TXN-CN-1-000583,2026-08-25 00:19:05,2026-08-25 00:24:05,CN,Other ERP,C,SAN-002,SanaPlus ColdFlu,OTC,SanaPlus,E-commerce,3,80.77,CNY,0.1,242.31,218.08
TXN-CN-1-000584,2026-08-25 10:26:20,2026-08-25 10:30:20,CN,Other ERP,C,VIT-001,Vitalis C1000,SUP,Vitalis,Pharmacy/B2B,10,161.54,CNY,0.0,1615.4,1615.4
TXN-CN-1-000585,2026-08-25 13:21:07,2026-08-25 13:24:07,CN,Other ERP,C,DER-001,Dermacare GlowSerum,AES,Dermacare,Pharmacy/B2B,12,246.15,CNY,0.15,2953.8,2510.73
TXN-CN-1-000586,2026-08-25 23:51:12,2026-08-25 23:52:12,CN,Other ERP,C,VIT-002,Vitalis Multivit,SUP,Vitalis,D2C,3,130.77,CNY,0.2,392.31,313.85
TXN-CN-1-000587,2026-08-25 21:14:35,2026-08-25 21:18:35,CN,Other ERP,C,MED-001,Medora Cardio 10mg,RX,Medora,Pharmacy/B2B,4,330.77,CNY,0.05,1323.08,1256.93
TXN-CN-1-000588,2026-08-25 04:19:11,2026-08-25 04:21:11,CN,Other ERP,C,SAN-001,SanaPlus PainRelief,OTC,SanaPlus,E-commerce,7,73.08,CNY,0.0,511.56,511.56
TXN-CN-1-000589,2026-08-25 20:00:49,2026-08-25 20:03:49,CN,Other ERP,C,PUR-001,PureLife GlucoMonitor,MD,PureLife,D2C,7,653.85,CNY,0.0,4576.95,4576.95
TXN-CN-1-000590,2026-08-25 04:44:43,2026-08-25 04:46:43,CN,Other ERP,C,MED-001,Medora Cardio 10mg,RX,Medora,D2C,2,330.77,CNY,0.15,661.54,562.31
TXN-CN-1-000591,2026-08-25 05:41:09,2026-08-25 05:42:09,CN,Other ERP,C,VIT-001,Vitalis C1000,SUP,Vitalis,Wholesale,1,161.54,CNY,0.05,161.54,153.46
TXN-CN-1-000592,2026-08-25 04:28:56,2026-08-25 04:31:56,CN,Other ERP,C,PUR-002,PureLife BP Monitor,MD,PureLife,E-commerce,8,692.31,CNY,0.0,5538.48,5538.48
TXN-CN-1-000593,2026-08-25 20:17:56,2026-08-25 20:21:56,CN,Other ERP,C,SAN-001,SanaPlus PainRelief,OTC,SanaPlus,Pharmacy/B2B,3,73.08,CNY,0.1,219.24,197.32
TXN-CN-1-000594,2026-08-25 22:33:09,2026-08-25 22:34:09,CN,Other ERP,C,DER-002,Dermacare LiftCream,AES,Dermacare,Pharmacy/B2B,7,284.62,CNY,0.05,1992.34,1892.72
TXN-CN-1-000595,2026-08-25 21:30:38,2026-08-25 21:31:38,CN,Other ERP,C,DER-001,Dermacare GlowSerum,AES,Dermacare,E-commerce,3,246.15,CNY,0.0,738.45,738.45
TXN-CN-1-000596,2026-08-25 10:14:43,2026-08-25 10:19:43,CN,Other ERP,C,MED-002,Medora Derm Cream,RX,Medora,D2C,6,200.0,CNY,0.0,1200.0,1200.0
TXN-CN-1-000597,2026-08-25 05:46:27,2026-08-25 05:52:27,CN,Other ERP,C,MED-001,Medora Cardio 10mg,RX,Medora,E-commerce,12,330.77,CNY,0.15,3969.24,3373.85
TXN-CN-1-000598,2026-08-25 10:23:35,2026-08-25 10:24:35,CN,Other ERP,C,VIT-002,Vitalis Multivit,SUP,Vitalis,Pharmacy/B2B,2,130.77,CNY,0.0,261.54,261.54
TXN-CN-1-000599,2026-08-25 22:25:58,2026-08-25 22:28:58,CN,Other ERP,C,DER-001,Dermacare GlowSerum,AES,Dermacare,Wholesale,10,246.15,CNY,0.2,2461.5,1969.2
TXN-CN-1-000600,2026-08-25 23:17:44,2026-08-25 23:21:44,CN,Other ERP,C,SAN-002,SanaPlus ColdFlu,OTC,SanaPlus,Wholesale,5,80.77,CNY,0.1,403.85,363.47
TXN-CN-1-000601,2026-08-25 02:21:44,2026-08-25 02:24:44,CN,Other ERP,C,DER-002,Dermacare LiftCream,AES,Dermacare,D2C,6,284.62,CNY,0.0,1707.72,1707.72
TXN-CN-1-000602,2026-08-25 15:28:47,2026-08-25 15:30:47,CN,Other ERP,C,VIT-002,Vitalis Multivit,SUP,Vitalis,D2C,8,130.77,CNY,0.2,1046.16,836.93
TXN-CN-1-000603,2026-08-25 03:52:29,2026-08-25 03:54:29,CN,Other ERP,C,SAN-001,SanaPlus PainRelief,OTC,SanaPlus,Wholesale,7,73.08,CNY,0.0,511.56,511.56
TXN-CN-1-000604,2026-08-25 04:01:31,2026-08-25 04:02:31,CN,Other ERP,C,PUR-001,PureLife GlucoMonitor,MD,PureLife,Pharmacy/B2B,2,653.85,CNY,0.2,1307.7,1046.16
TXN-CN-1-000605,2026-08-25 18:43:14,2026-08-25 18:44:14,CN,Other ERP,C,MED-001,Medora Cardio 10mg,RX,Medora,E-commerce,1,330.77,CNY,0.2,330.77,264.62
TXN-CN-1-000606,2026-08-25 15:01:16,2026-08-25 15:06:16,CN,Other ERP,C,VIT-002,Vitalis Multivit,SUP,Vitalis,Pharmacy/B2B,8,130.77,CNY,0.05,1046.16,993.85
TXN-CN-1-000607,2026-08-25 10:03:18,2026-08-25 10:04:18,CN,Other ERP,C,DER-002,Dermacare LiftCream,AES,Dermacare,E-commerce,7,284.62,CNY,0.1,1992.34,1793.11
TXN-CN-1-000608,2026-08-25 01:33:06,2026-08-25 01:38:06,CN,Other ERP,C,MED-001,Medora Cardio 10mg,RX,Medora,Pharmacy/B2B,12,330.77,CNY,0.15,3969.24,3373.85
TXN-CN-1-000609,2026-08-25 13:20:04,2026-08-25 13:24:04,CN,Other ERP,C,MED-002,Medora Derm Cream,RX,Medora,E-commerce,10,200.0,CNY,0.0,2000.0,2000.0
TXN-CN-1-000610,2026-08-25 03:56:19,2026-08-25 03:59:19,CN,Other ERP,C,MED-001,Medora Cardio 10mg,RX,Medora,Wholesale,2,330.77,CNY,0.0,661.54,661.54
TXN-CN-1-000611,2026-08-25 18:30:32,2026-08-25 18:31:32,CN,Other ERP,C,DER-001,Dermacare GlowSerum,AES,Dermacare,Wholesale,2,246.15,CNY,0.0,492.3,492.3
TXN-CN-1-000612,2026-08-25 01:57:42,2026-08-25 02:01:42,CN,Other ERP,C,VIT-002,Vitalis Multivit,SUP,Vitalis,D2C,2,130.77,CNY,0.0,261.54,261.54
TXN-CN-1-000613,2026-08-25 10:28:32,2026-08-25 10:31:32,CN,Other ERP,C,PUR-001,PureLife GlucoMonitor,MD,PureLife,D2C,8,653.85,CNY,0.0,5230.8,5230.8
TXN-CN-1-000614,2026-08-25 07:15:48,2026-08-25 07:19:48,CN,Other ERP,C,VIT-001,Vitalis C1000,SUP,Vitalis,Pharmacy/B2B,12,161.54,CNY,0.0,1938.48,1938.48
TXN-CN-1-000615,2026-08-25 00:54:09,2026-08-25 00:55:09,CN,Other ERP,C,PUR-002,PureLife BP Monitor,MD,PureLife,Wholesale,3,692.31,CNY,0.0,2076.93,2076.93
TXN-CN-1-000616,2026-08-25 19:21:29,2026-08-25 19:26:29,CN,Other ERP,C,SAN-002,SanaPlus ColdFlu,OTC,SanaPlus,Wholesale,7,80.77,CNY,0.15,565.39,480.58
TXN-CN-1-000617,2026-08-25 15:38:13,2026-08-25 15:43:13,CN,Other ERP,C,SAN-001,SanaPlus PainRelief,OTC,SanaPlus,Wholesale,1,73.08,CNY,0.0,73.08,73.08
TXN-CN-1-000618,2026-08-25 04:23:13,2026-08-25 04:28:13,CN,Other ERP,C,MED-001,Medora Cardio 10mg,RX,Medora,D2C,4,330.77,CNY,0.15,1323.08,1124.62
TXN-CN-1-000619,2026-08-25 07:17:42,2026-08-25 07:22:42,CN,Other ERP,C,DER-001,Dermacare GlowSerum,AES,Dermacare,E-commerce,8,246.15,CNY,0.0,1969.2,1969.2
TXN-CN-1-000620,2026-08-25 15:55:40,2026-08-25 15:59:40,CN,Other ERP,C,DER-001,Dermacare GlowSerum,AES,Dermacare,E-commerce,2,246.15,CNY,0.0,492.3,492.3
TXN-CN-1-000621,2026-08-25 21:18:16,2026-08-25 21:19:16,CN,Other ERP,C,PUR-001,PureLife GlucoMonitor,MD,PureLife,E-commerce,3,653.85,CNY,0.15,1961.55,1667.32
TXN-CN-1-000622,2026-08-25 17:17:39,2026-08-25 17:18:39,CN,Other ERP,C,MED-001,Medora Cardio 10mg,RX,Medora,Pharmacy/B2B,5,330.77,CNY,0.05,1653.85,1571.16
TXN-CN-1-000623,2026-08-25 15:06:09,2026-08-25 15:10:09,CN,Other ERP,C,MED-002,Medora Derm Cream,RX,Medora,D2C,6,200.0,CNY,0.15,1200.0,1020.0
TXN-CN-1-000624,2026-08-25 21:27:22,2026-08-25 21:28:22,CN,Other ERP,C,MED-002,Medora Derm Cream,RX,Medora,Pharmacy/B2B,1,200.0,CNY,0.05,200.0,190.0
TXN-CN-1-000625,2026-08-25 21:25:37,2026-08-25 21:29:37,CN,Other ERP,C,DER-002,Dermacare LiftCream,AES,Dermacare,Pharmacy/B2B,5,284.62,CNY,0.0,1423.1,1423.1
TXN-CN-1-000626,2026-08-25 00:42:55,2026-08-25 00:48:55,CN,Other ERP,C,SAN-001,SanaPlus PainRelief,OTC,SanaPlus,E-commerce,9,73.08,CNY,0.2,657.72,526.18
TXN-CN-1-000627,2026-08-25 20:05:56,2026-08-25 20:06:56,CN,Other ERP,C,PUR-002,PureLife BP Monitor,MD,PureLife,D2C,10,692.31,CNY,0.0,6923.1,6923.1
TXN-CN-1-000628,2026-08-25 11:28:13,2026-08-25 11:30:13,CN,Other ERP,C,MED-002,Medora Derm Cream,RX,Medora,D2C,3,200.0,CNY,0.0,600.0,600.0
TXN-CN-1-000629,2026-08-25 09:18:11,2026-08-25 09:23:11,CN,Other ERP,C,PUR-002,PureLife BP Monitor,MD,PureLife,Pharmacy/B2B,10,692.31,CNY,0.0,6923.1,6923.1
TXN-CN-1-000630,2026-08-25 23:32:29,2026-08-25 23:37:29,CN,Other ERP,C,DER-002,Dermacare LiftCream,AES,Dermacare,Wholesale,10,284.62,CNY,0.1,2846.2,2561.58
TXN-CN-1-000631,2026-08-25 17:56:35,2026-08-25 18:02:35,CN,Other ERP,C,VIT-002,Vitalis Multivit,SUP,Vitalis,Pharmacy/B2B,4,130.77,CNY,0.05,523.08,496.93
TXN-CN-1-000632,2026-08-25 21:29:34,2026-08-25 21:33:34,CN,Other ERP,C,MED-002,Medora Derm Cream,RX,Medora,Wholesale,7,200.0,CNY,0.1,1400.0,1260.0
TXN-CN-1-000633,2026-08-25 20:15:47,2026-08-25 20:21:47,CN,Other ERP,C,SAN-001,SanaPlus PainRelief,OTC,SanaPlus,Pharmacy/B2B,7,73.08,CNY,0.05,511.56,485.98
TXN-CN-1-000634,2026-08-25 03:37:31,2026-08-25 03:39:31,CN,Other ERP,C,VIT-002,Vitalis Multivit,SUP,Vitalis,Wholesale,5,130.77,CNY,0.0,653.85,653.85
TXN-CN-1-000635,2026-08-25 17:39:32,2026-08-25 17:43:32,CN,Other ERP,C,PUR-002,PureLife BP Monitor,MD,PureLife,D2C,4,692.31,CNY,0.0,2769.24,2769.24
TXN-CN-1-000636,2026-08-25 06:20:32,2026-08-25 06:23:32,CN,Other ERP,C,DER-001,Dermacare GlowSerum,AES,Dermacare,E-commerce,4,246.15,CNY,0.15,984.6,836.91
TXN-CN-1-000637,2026-08-25 18:45:52,2026-08-25 18:51:52,CN,Other ERP,C,PUR-002,PureLife BP Monitor,MD,PureLife,D2C,10,692.31,CNY,0.1,6923.1,6230.79
TXN-CN-1-000638,2026-08-25 04:08:54,2026-08-25 04:13:54,CN,Other ERP,C,DER-002,Dermacare LiftCream,AES,Dermacare,Pharmacy/B2B,2,284.62,CNY,0.15,569.24,483.85
TXN-CN-1-000639,2026-08-25 09:36:57,2026-08-25 09:38:57,CN,Other ERP,C,DER-001,Dermacare GlowSerum,AES,Dermacare,E-commerce,1,246.15,CNY,0.0,246.15,246.15
TXN-CN-1-000640,2026-08-25 17:00:45,2026-08-25 17:01:45,CN,Other ERP,C,PUR-001,PureLife GlucoMonitor,MD,PureLife,Wholesale,9,653.85,CNY,0.2,5884.65,4707.72
TXN-CN-1-000641,2026-08-25 06:14:42,2026-08-25 06:15:42,CN,Other ERP,C,MED-002,Medora Derm Cream,RX,Medora,Wholesale,1,200.0,CNY,0.2,200.0,160.0
TXN-CN-1-000642,2026-08-25 05:45:56,2026-08-25 05:51:56,CN,Other ERP,C,MED-001,Medora Cardio 10mg,RX,Medora,D2C,2,330.77,CNY,0.2,661.54,529.23
TXN-CN-1-000643,2026-08-25 19:52:12,2026-08-25 19:53:12,CN,Other ERP,C,VIT-002,Vitalis Multivit,SUP,Vitalis,D2C,11,130.77,CNY,0.15,1438.47,1222.7
TXN-CN-1-000644,2026-08-25 22:23:56,2026-08-25 22:28:56,CN,Other ERP,C,PUR-001,PureLife GlucoMonitor,MD,PureLife,Wholesale,3,653.85,CNY,0.0,1961.55,1961.55
TXN-CN-1-000645,2026-08-25 03:02:24,2026-08-25 03:06:24,CN,Other ERP,C,MED-001,Medora Cardio 10mg,RX,Medora,D2C,11,330.77,CNY,0.1,3638.47,3274.62
TXN-CN-1-000646,2026-08-25 01:06:42,2026-08-25 01:07:42,CN,Other ERP,C,PUR-001,PureLife GlucoMonitor,MD,PureLife,Wholesale,5,653.85,CNY,0.0,3269.25,3269.25
TXN-CN-1-000647,2026-08-25 19:28:57,2026-08-25 19:30:57,CN,Other ERP,C,VIT-001,Vitalis C1000,SUP,Vitalis,Pharmacy/B2B,8,161.54,CNY,0.0,1292.32,1292.32
TXN-CN-1-000648,2026-08-25 19:00:12,2026-08-25 19:05:12,CN,Other ERP,C,VIT-002,Vitalis Multivit,SUP,Vitalis,Wholesale,9,130.77,CNY,0.0,1176.93,1176.93
TXN-CN-1-000649,2026-08-25 15:56:05,2026-08-25 15:57:05,CN,Other ERP,C,PUR-001,PureLife GlucoMonitor,MD,PureLife,E-commerce,1,653.85,CNY,0.2,653.85,523.08
TXN-CN-1-000650,2026-08-25 00:56:07,2026-08-25 00:59:07,CN,Other ERP,C,PUR-001,PureLife GlucoMonitor,MD,PureLife,Pharmacy/B2B,7,653.85,CNY,0.05,4576.95,4348.1
TXN-CN-1-000651,2026-08-25 11:39:29,2026-08-25 11:43:29,CN,Other ERP,C,MED-002,Medora Derm Cream,RX,Medora,E-commerce,4,200.0,CNY,0.05,800.0,760.0
TXN-CN-1-000652,2026-08-25 20:30:49,2026-08-25 20:31:49,CN,Other ERP,C,SAN-001,SanaPlus PainRelief,OTC,SanaPlus,Wholesale,2,73.08,CNY,0.2,146.16,116.93
TXN-CN-1-000653,2026-08-25 23:35:28,2026-08-25 23:41:28,CN,Other ERP,C,MED-002,Medora Derm Cream,RX,Medora,E-commerce,9,200.0,CNY,0.05,1800.0,1710.0
TXN-CN-1-000654,2026-08-25 21:29:48,2026-08-25 21:32:48,CN,Other ERP,C,VIT-001,Vitalis C1000,SUP,Vitalis,Wholesale,9,161.54,CNY,0.1,1453.86,1308.47
TXN-CN-1-000655,2026-08-25 05:28:38,2026-08-25 05:32:38,CN,Other ERP,C,DER-001,Dermacare GlowSerum,AES,Dermacare,Wholesale,11,246.15,CNY,0.15,2707.65,2301.5
TXN-CN-1-000656,2026-08-25 01:49:16,2026-08-25 01:52:16,CN,Other ERP,C,MED-001,Medora Cardio 10mg,RX,Medora,D2C,4,330.77,CNY,0.15,1323.08,1124.62
TXN-CN-1-000657,2026-08-25 04:17:35,2026-08-25 04:20:35,CN,Other ERP,C,MED-002,Medora Derm Cream,RX,Medora,Wholesale,2,200.0,CNY,0.0,400.0,400.0
TXN-CN-1-000658,2026-08-25 15:33:07,2026-08-25 15:34:07,CN,Other ERP,C,DER-002,Dermacare LiftCream,AES,Dermacare,E-commerce,3,284.62,CNY,0.05,853.86,811.17
TXN-CN-1-000659,2026-08-25 10:20:39,2026-08-25 10:26:39,CN,Other ERP,C,PUR-001,PureLife GlucoMonitor,MD,PureLife,E-commerce,6,653.85,CNY,0.15,3923.1,3334.63
TXN-CN-1-000660,2026-08-25 13:44:24,2026-08-25 13:47:24,CN,Other ERP,C,MED-002,Medora Derm Cream,RX,Medora,Wholesale,10,200.0,CNY,0.2,2000.0,1600.0
TXN-CN-1-000661,2026-08-25 23:58:48,2026-08-26 00:04:48,CN,Other ERP,C,DER-001,Dermacare GlowSerum,AES,Dermacare,E-commerce,5,246.15,CNY,0.15,1230.75,1046.14
TXN-CN-1-000662,2026-08-25 01:38:40,2026-08-25 01:43:40,CN,Other ERP,C,DER-001,Dermacare GlowSerum,AES,Dermacare,D2C,10,246.15,CNY,0.05,2461.5,2338.42
TXN-CN-1-000663,2026-08-25 13:58:16,2026-08-25 14:03:16,CN,Other ERP,C,VIT-002,Vitalis Multivit,SUP,Vitalis,D2C,10,130.77,CNY,0.05,1307.7,1242.32
TXN-CN-1-000664,2026-08-25 00:55:58,2026-08-25 00:58:58,CN,Other ERP,C,DER-002,Dermacare LiftCream,AES,Dermacare,D2C,3,284.62,CNY,0.0,853.86,853.86
TXN-CN-1-000665,2026-08-25 16:09:48,2026-08-25 16:10:48,CN,Other ERP,C,VIT-001,Vitalis C1000,SUP,Vitalis,D2C,2,161.54,CNY,0.05,323.08,306.93
TXN-CN-1-000666,2026-08-25 05:10:56,2026-08-25 05:12:56,CN,Other ERP,C,SAN-002,SanaPlus ColdFlu,OTC,SanaPlus,E-commerce,11,80.77,CNY,0.05,888.47,844.05
TXN-CN-1-000667,2026-08-25 10:01:13,2026-08-25 10:06:13,CN,Other ERP,C,PUR-001,PureLife GlucoMonitor,MD,PureLife,E-commerce,1,653.85,CNY,0.1,653.85,588.47
TXN-CN-1-000668,2026-08-25 20:53:38,2026-08-25 20:55:38,CN,Other ERP,C,SAN-001,SanaPlus PainRelief,OTC,SanaPlus,Wholesale,9,73.08,CNY,0.15,657.72,559.06
TXN-CN-1-000669,2026-08-25 18:16:13,2026-08-25 18:18:13,CN,Other ERP,C,PUR-002,PureLife BP Monitor,MD,PureLife,Pharmacy/B2B,7,692.31,CNY,0.0,4846.17,4846.17
TXN-CN-1-000670,2026-08-25 09:24:46,2026-08-25 09:28:46,CN,Other ERP,C,DER-002,Dermacare LiftCream,AES,Dermacare,E-commerce,9,284.62,CNY,0.05,2561.58,2433.5
TXN-CN-1-000671,2026-08-25 21:54:57,2026-08-25 21:59:57,CN,Other ERP,C,MED-002,Medora Derm Cream,RX,Medora,Wholesale,1,200.0,CNY,0.1,200.0,180.0
TXN-CN-1-000672,2026-08-25 02:18:31,2026-08-25 02:19:31,CN,Other ERP,C,SAN-001,SanaPlus PainRelief,OTC,SanaPlus,Pharmacy/B2B,4,73.08,CNY,0.2,292.32,233.86
TXN-CN-1-000673,2026-08-25 04:06:44,2026-08-25 04:11:44,CN,Other ERP,C,VIT-002,Vitalis Multivit,SUP,Vitalis,D2C,11,130.77,CNY,0.2,1438.47,1150.78
TXN-CN-1-000674,2026-08-25 21:50:02,2026-08-25 21:56:02,CN,Other ERP,C,VIT-001,Vitalis C1000,SUP,Vitalis,E-commerce,12,161.54,CNY,0.05,1938.48,1841.56
TXN-CN-1-000675,2026-08-25 03:55:50,2026-08-25 03:57:50,CN,Other ERP,C,VIT-002,Vitalis Multivit,SUP,Vitalis,Wholesale,12,130.77,CNY,0.05,1569.24,1490.78
TXN-CN-1-000676,2026-08-25 00:00:55,2026-08-25 00:03:55,CN,Other ERP,C,VIT-001,Vitalis C1000,SUP,Vitalis,E-commerce,1,161.54,CNY,0.0,161.54,161.54
TXN-CN-1-000677,2026-08-25 11:41:42,2026-08-25 11:46:42,CN,Other ERP,C,PUR-001,PureLife GlucoMonitor,MD,PureLife,Pharmacy/B2B,7,653.85,CNY,0.0,4576.95,4576.95
TXN-CN-1-000678,2026-08-25 00:47:54,2026-08-25 00:49:54,CN,Other ERP,C,SAN-002,SanaPlus ColdFlu,OTC,SanaPlus,D2C,5,80.77,CNY,0.05,403.85,383.66
TXN-CN-1-000679,2026-08-25 05:15:58,2026-08-25 05:18:58,CN,Other ERP,C,MED-002,Medora Derm Cream,RX,Medora,Pharmacy/B2B,7,200.0,CNY,0.0,1400.0,1400.0
TXN-CN-1-000680,2026-08-25 23:40:34,2026-08-25 23:41:34,CN,Other ERP,C,VIT-002,Vitalis Multivit,SUP,Vitalis,D2C,5,130.77,CNY,0.0,653.85,653.85
TXN-CN-1-000681,2026-08-25 20:39:06,2026-08-25 20:43:06,CN,Other ERP,C,DER-001,Dermacare GlowSerum,AES,Dermacare,Pharmacy/B2B,8,246.15,CNY,0.2,1969.2,1575.36
TXN-CN-1-000682,2026-08-25 17:37:50,2026-08-25 17:43:50,CN,Other ERP,C,MED-002,Medora Derm Cream,RX,Medora,E-commerce,12,200.0,CNY,0.0,2400.0,2400.0
TXN-CN-1-000683,2026-08-25 21:38:48,2026-08-25 21:43:48,CN,Other ERP,C,PUR-002,PureLife BP Monitor,MD,PureLife,Pharmacy/B2B,9,692.31,CNY,0.1,6230.79,5607.71
TXN-CN-1-000684,2026-08-25 00:06:13,2026-08-25 00:10:13,CN,Other ERP,C,DER-002,Dermacare LiftCream,AES,Dermacare,E-commerce,2,284.62,CNY,0.0,569.24,569.24
TXN-CN-1-000685,2026-08-25 02:53:55,2026-08-25 02:57:55,CN,Other ERP,C,SAN-001,SanaPlus PainRelief,OTC,SanaPlus,Wholesale,9,73.08,CNY,0.2,657.72,526.18
TXN-CN-1-000686,2026-08-25 03:48:28,2026-08-25 03:50:28,CN,Other ERP,C,SAN-002,SanaPlus ColdFlu,OTC,SanaPlus,E-commerce,7,80.77,CNY,0.15,565.39,480.58
TXN-CN-1-000687,2026-08-25 13:42:32,2026-08-25 13:45:32,CN,Other ERP,C,PUR-001,PureLife GlucoMonitor,MD,PureLife,Wholesale,10,653.85,CNY,0.15,6538.5,5557.72
TXN-CN-1-000688,2026-08-25 19:36:09,2026-08-25 19:41:09,CN,Other ERP,C,VIT-002,Vitalis Multivit,SUP,Vitalis,Wholesale,12,130.77,CNY,0.1,1569.24,1412.32
TXN-CN-1-000689,2026-08-25 20:00:30,2026-08-25 20:04:30,CN,Other ERP,C,SAN-001,SanaPlus PainRelief,OTC,SanaPlus,Wholesale,10,73.08,CNY,0.0,730.8,730.8
TXN-CN-1-000690,2026-08-25 03:17:15,2026-08-25 03:20:15,CN,Other ERP,C,SAN-002,SanaPlus ColdFlu,OTC,SanaPlus,D2C,6,80.77,CNY,0.2,484.62,387.7
TXN-CN-1-000691,2026-08-25 01:47:41,2026-08-25 01:48:41,CN,Other ERP,C,MED-002,Medora Derm Cream,RX,Medora,E-commerce,12,200.0,CNY,0.1,2400.0,2160.0
TXN-CN-1-000692,2026-08-25 06:34:29,2026-08-25 06:35:29,CN,Other ERP,C,DER-002,Dermacare LiftCream,AES,Dermacare,D2C,4,284.62,CNY,0.15,1138.48,967.71
TXN-CN-1-000693,2026-08-25 13:53:22,2026-08-25 13:59:22,CN,Other ERP,C,MED-001,Medora Cardio 10mg,RX,Medora,D2C,2,330.77,CNY,0.0,661.54,661.54
TXN-CN-1-000694,2026-08-25 17:16:31,2026-08-25 17:17:31,CN,Other ERP,C,DER-001,Dermacare GlowSerum,AES,Dermacare,Pharmacy/B2B,4,246.15,CNY,0.2,984.6,787.68
TXN-CN-1-000695,2026-08-25 21:41:59,2026-08-25 21:46:59,CN,Other ERP,C,PUR-001,PureLife GlucoMonitor,MD,PureLife,Wholesale,4,653.85,CNY,0.05,2615.4,2484.63
TXN-CN-1-000696,2026-08-25 11:26:47,2026-08-25 11:28:47,CN,Other ERP,C,DER-001,Dermacare GlowSerum,AES,Dermacare,E-commerce,2,246.15,CNY,0.1,492.3,443.07
TXN-CN-1-000697,2026-08-25 21:05:25,2026-08-25 21:08:25,CN,Other ERP,C,SAN-002,SanaPlus ColdFlu,OTC,SanaPlus,D2C,10,80.77,CNY,0.0,807.7,807.7
TXN-CN-1-000698,2026-08-25 13:47:54,2026-08-25 13:51:54,CN,Other ERP,C,MED-001,Medora Cardio 10mg,RX,Medora,Pharmacy/B2B,1,330.77,CNY,0.1,330.77,297.69
TXN-CN-1-000699,2026-08-25 23:53:11,2026-08-25 23:59:11,CN,Other ERP,C,PUR-002,PureLife BP Monitor,MD,PureLife,D2C,3,692.31,CNY,0.0,2076.93,2076.93
TXN-CN-1-000700,2026-08-25 19:18:34,2026-08-25 19:23:34,CN,Other ERP,C,SAN-001,SanaPlus PainRelief,OTC,SanaPlus,E-commerce,1,73.08,CNY,0.0,73.08,73.08
TXN-CN-1-000701,2026-08-25 13:42:07,2026-08-25 13:46:07,CN,Other ERP,C,SAN-001,SanaPlus PainRelief,OTC,SanaPlus,Wholesale,7,73.08,CNY,0.05,511.56,485.98
TXN-CN-1-000702,2026-08-25 14:56:39,2026-08-25 14:57:39,CN,Other ERP,C,SAN-002,SanaPlus ColdFlu,OTC,SanaPlus,Wholesale,5,80.77,CNY,0.0,403.85,403.85
TXN-CN-1-000703,2026-08-25 00:31:21,2026-08-25 00:34:21,CN,Other ERP,C,SAN-002,SanaPlus ColdFlu,OTC,SanaPlus,Wholesale,6,80.77,CNY,0.05,484.62,460.39
TXN-CN-1-000704,2026-08-25 16:07:57,2026-08-25 16:10:57,CN,Other ERP,C,PUR-001,PureLife GlucoMonitor,MD,PureLife,Pharmacy/B2B,10,653.85,CNY,0.05,6538.5,6211.57
TXN-CN-1-000705,2026-08-25 11:13:58,2026-08-25 11:16:58,CN,Other ERP,C,VIT-002,Vitalis Multivit,SUP,Vitalis,E-commerce,9,130.77,CNY,0.2,1176.93,941.54
TXN-CN-1-000706,2026-08-25 22:09:31,2026-08-25 22:10:31,CN,Other ERP,C,DER-001,Dermacare GlowSerum,AES,Dermacare,E-commerce,4,246.15,CNY,0.2,984.6,787.68
TXN-CN-1-000707,2026-08-25 13:27:14,2026-08-25 13:30:14,CN,Other ERP,C,DER-001,Dermacare GlowSerum,AES,Dermacare,Wholesale,3,246.15,CNY,0.2,738.45,590.76
TXN-CN-1-000708,2026-08-25 23:03:58,2026-08-25 23:05:58,CN,Other ERP,C,DER-001,Dermacare GlowSerum,AES,Dermacare,D2C,12,246.15,CNY,0.0,2953.8,2953.8
TXN-CN-1-000709,2026-08-25 01:58:23,2026-08-25 01:59:23,CN,Other ERP,C,DER-001,Dermacare GlowSerum,AES,Dermacare,D2C,10,246.15,CNY,0.1,2461.5,2215.35
TXN-CN-1-000710,2026-08-25 12:38:05,2026-08-25 12:40:05,CN,Other ERP,C,MED-001,Medora Cardio 10mg,RX,Medora,Pharmacy/B2B,12,330.77,CNY,0.15,3969.24,3373.85
TXN-CN-1-000711,2026-08-25 15:29:30,2026-08-25 15:31:30,CN,Other ERP,C,VIT-001,Vitalis C1000,SUP,Vitalis,Pharmacy/B2B,3,161.54,CNY,0.0,484.62,484.62
TXN-CN-1-000712,2026-08-25 10:42:29,2026-08-25 10:44:29,CN,Other ERP,C,DER-002,Dermacare LiftCream,AES,Dermacare,Wholesale,8,284.62,CNY,0.15,2276.96,1935.42
TXN-CN-1-000713,2026-08-25 23:54:27,2026-08-25 23:58:27,CN,Other ERP,C,SAN-001,SanaPlus PainRelief,OTC,SanaPlus,Wholesale,3,73.08,CNY,0.2,219.24,175.39
TXN-CN-1-000714,2026-08-25 11:30:19,2026-08-25 11:35:19,CN,Other ERP,C,MED-002,Medora Derm Cream,RX,Medora,Wholesale,1,200.0,CNY,0.0,200.0,200.0
TXN-CN-1-000715,2026-08-25 02:52:43,2026-08-25 02:54:43,CN,Other ERP,C,SAN-001,SanaPlus PainRelief,OTC,SanaPlus,Pharmacy/B2B,2,73.08,CNY,0.0,146.16,146.16
TXN-CN-1-000716,2026-08-25 18:19:36,2026-08-25 18:22:36,CN,Other ERP,C,PUR-001,PureLife GlucoMonitor,MD,PureLife,Wholesale,1,653.85,CNY,0.0,653.85,653.85
TXN-CN-1-000717,2026-08-25 19:32:46,2026-08-25 19:33:46,CN,Other ERP,C,MED-002,Medora Derm Cream,RX,Medora,Wholesale,10,200.0,CNY,0.1,2000.0,1800.0
TXN-CN-1-000718,2026-08-25 14:25:15,2026-08-25 14:29:15,CN,Other ERP,C,DER-002,Dermacare LiftCream,AES,Dermacare,E-commerce,4,284.62,CNY,0.2,1138.48,910.78
TXN-CN-1-000719,2026-08-25 02:52:52,2026-08-25 02:54:52,CN,Other ERP,C,PUR-002,PureLife BP Monitor,MD,PureLife,D2C,8,692.31,CNY,0.2,5538.48,4430.78
TXN-CN-1-000720,2026-08-25 00:29:45,2026-08-25 00:32:45,CN,Other ERP,C,DER-002,Dermacare LiftCream,AES,Dermacare,E-commerce,12,284.62,CNY,0.05,3415.44,3244.67
TXN-CN-1-000721,2026-08-25 09:34:47,2026-08-25 09:36:47,CN,Other ERP,C,DER-001,Dermacare GlowSerum,AES,Dermacare,Pharmacy/B2B,3,246.15,CNY,0.15,738.45,627.68
TXN-CN-1-000722,2026-08-25 04:02:16,2026-08-25 04:04:16,CN,Other ERP,C,MED-001,Medora Cardio 10mg,RX,Medora,E-commerce,9,330.77,CNY,0.0,2976.93,2976.93
TXN-CN-1-000723,2026-08-25 08:19:50,2026-08-25 08:25:50,CN,Other ERP,C,DER-002,Dermacare LiftCream,AES,Dermacare,D2C,4,284.62,CNY,0.05,1138.48,1081.56
TXN-CN-1-000724,2026-08-25 12:35:14,2026-08-25 12:41:14,CN,Other ERP,C,PUR-002,PureLife BP Monitor,MD,PureLife,Wholesale,9,692.31,CNY,0.0,6230.79,6230.79
TXN-CN-1-000725,2026-08-25 16:47:30,2026-08-25 16:52:30,CN,Other ERP,C,SAN-002,SanaPlus ColdFlu,OTC,SanaPlus,E-commerce,6,80.77,CNY,0.0,484.62,484.62
TXN-CN-1-000726,2026-08-25 18:42:58,2026-08-25 18:44:58,CN,Other ERP,C,SAN-001,SanaPlus PainRelief,OTC,SanaPlus,E-commerce,2,73.08,CNY,0.15,146.16,124.24
TXN-CN-1-000727,2026-08-25 20:17:51,2026-08-25 20:23:51,CN,Other ERP,C,VIT-002,Vitalis Multivit,SUP,Vitalis,D2C,5,130.77,CNY,0.0,653.85,653.85
TXN-CN-1-000728,2026-08-25 09:46:13,2026-08-25 09:47:13,CN,Other ERP,C,MED-001,Medora Cardio 10mg,RX,Medora,Wholesale,5,330.77,CNY,0.0,1653.85,1653.85
TXN-CN-1-000729,2026-08-25 23:46:06,2026-08-25 23:49:06,CN,Other ERP,C,SAN-001,SanaPlus PainRelief,OTC,SanaPlus,Wholesale,6,73.08,CNY,0.15,438.48,372.71
TXN-CN-1-000730,2026-08-25 05:18:09,2026-08-25 05:20:09,CN,Other ERP,C,MED-002,Medora Derm Cream,RX,Medora,Pharmacy/B2B,3,200.0,CNY,0.0,600.0,600.0
TXN-CN-1-000731,2026-08-25 05:36:46,2026-08-25 05:42:46,CN,Other ERP,C,DER-002,Dermacare LiftCream,AES,Dermacare,D2C,9,284.62,CNY,0.1,2561.58,2305.42
TXN-CN-1-000732,2026-08-25 17:53:09,2026-08-25 17:59:09,CN,Other ERP,C,PUR-002,PureLife BP Monitor,MD,PureLife,Pharmacy/B2B,8,692.31,CNY,0.05,5538.48,5261.56
TXN-CN-1-000733,2026-08-25 14:29:45,2026-08-25 14:31:45,CN,Other ERP,C,VIT-002,Vitalis Multivit,SUP,Vitalis,D2C,11,130.77,CNY,0.15,1438.47,1222.7
TXN-CN-1-000734,2026-08-25 06:03:24,2026-08-25 06:07:24,CN,Other ERP,C,VIT-001,Vitalis C1000,SUP,Vitalis,Pharmacy/B2B,4,161.54,CNY,0.2,646.16,516.93
TXN-CN-1-000735,2026-08-25 20:12:36,2026-08-25 20:17:36,CN,Other ERP,C,DER-001,Dermacare GlowSerum,AES,Dermacare,E-commerce,2,246.15,CNY,0.05,492.3,467.69
TXN-CN-1-000736,2026-08-25 12:52:31,2026-08-25 12:58:31,CN,Other ERP,C,MED-001,Medora Cardio 10mg,RX,Medora,Pharmacy/B2B,2,330.77,CNY,0.1,661.54,595.39
TXN-CN-1-000737,2026-08-25 14:05:28,2026-08-25 14:07:28,CN,Other ERP,C,MED-001,Medora Cardio 10mg,RX,Medora,D2C,6,330.77,CNY,0.15,1984.62,1686.93
TXN-CN-1-000738,2026-08-25 23:07:55,2026-08-25 23:09:55,CN,Other ERP,C,MED-001,Medora Cardio 10mg,RX,Medora,Wholesale,10,330.77,CNY,0.2,3307.7,2646.16
TXN-CN-1-000739,2026-08-25 08:21:26,2026-08-25 08:24:26,CN,Other ERP,C,PUR-001,PureLife GlucoMonitor,MD,PureLife,E-commerce,5,653.85,CNY,0.1,3269.25,2942.33
TXN-CN-1-000740,2026-08-25 08:21:12,2026-08-25 08:24:12,CN,Other ERP,C,VIT-002,Vitalis Multivit,SUP,Vitalis,D2C,1,130.77,CNY,0.0,130.77,130.77
TXN-CN-1-000741,2026-08-25 23:05:48,2026-08-25 23:11:48,CN,Other ERP,C,MED-002,Medora Derm Cream,RX,Medora,Pharmacy/B2B,12,200.0,CNY,0.2,2400.0,1920.0
TXN-CN-1-000742,2026-08-25 14:25:48,2026-08-25 14:29:48,CN,Other ERP,C,DER-002,Dermacare LiftCream,AES,Dermacare,D2C,9,284.62,CNY,0.0,2561.58,2561.58
TXN-CN-1-000743,2026-08-25 15:28:23,2026-08-25 15:31:23,CN,Other ERP,C,VIT-001,Vitalis C1000,SUP,Vitalis,D2C,5,161.54,CNY,0.0,807.7,807.7
TXN-CN-1-000744,2026-08-25 13:05:15,2026-08-25 13:08:15,CN,Other ERP,C,SAN-001,SanaPlus PainRelief,OTC,SanaPlus,Wholesale,1,73.08,CNY,0.2,73.08,58.46
TXN-CN-1-000745,2026-08-25 19:21:35,2026-08-25 19:23:35,CN,Other ERP,C,PUR-001,PureLife GlucoMonitor,MD,PureLife,D2C,12,653.85,CNY,0.0,7846.2,7846.2
TXN-CN-1-000746,2026-08-25 17:17:53,2026-08-25 17:22:53,CN,Other ERP,C,PUR-002,PureLife BP Monitor,MD,PureLife,E-commerce,8,692.31,CNY,0.15,5538.48,4707.71
TXN-CN-1-000747,2026-08-25 20:06:53,2026-08-25 20:07:53,CN,Other ERP,C,MED-001,Medora Cardio 10mg,RX,Medora,D2C,4,330.77,CNY,0.15,1323.08,1124.62
TXN-CN-1-000748,2026-08-25 21:41:26,2026-08-25 21:42:26,CN,Other ERP,C,VIT-001,Vitalis C1000,SUP,Vitalis,Wholesale,9,161.54,CNY,0.1,1453.86,1308.47
TXN-CN-1-000749,2026-08-25 09:18:03,2026-08-25 09:23:03,CN,Other ERP,C,DER-001,Dermacare GlowSerum,AES,Dermacare,Wholesale,10,246.15,CNY,0.1,2461.5,2215.35
TXN-CN-1-000750,2026-08-25 18:43:55,2026-08-25 18:45:55,CN,Other ERP,C,PUR-002,PureLife BP Monitor,MD,PureLife,Pharmacy/B2B,5,692.31,CNY,0.0,3461.55,3461.55
TXN-CN-1-000751,2026-08-25 17:31:17,2026-08-25 17:36:17,CN,Other ERP,C,VIT-001,Vitalis C1000,SUP,Vitalis,Wholesale,2,161.54,CNY,0.0,323.08,323.08
TXN-CN-1-000752,2026-08-25 16:21:45,2026-08-25 16:27:45,CN,Other ERP,C,VIT-001,Vitalis C1000,SUP,Vitalis,D2C,7,161.54,CNY,0.0,1130.78,1130.78
TXN-CN-1-000753,2026-08-25 01:19:34,2026-08-25 01:20:34,CN,Other ERP,C,PUR-002,PureLife BP Monitor,MD,PureLife,Wholesale,12,692.31,CNY,0.0,8307.72,8307.72
TXN-CN-1-000754,2026-08-25 06:22:21,2026-08-25 06:25:21,CN,Other ERP,C,VIT-001,Vitalis C1000,SUP,Vitalis,E-commerce,9,161.54,CNY,0.15,1453.86,1235.78
TXN-CN-1-000755,2026-08-25 08:14:32,2026-08-25 08:19:32,CN,Other ERP,C,DER-002,Dermacare LiftCream,AES,Dermacare,E-commerce,9,284.62,CNY,0.0,2561.58,2561.58
TXN-CN-1-000756,2026-08-25 08:40:30,2026-08-25 08:45:30,CN,Other ERP,C,MED-002,Medora Derm Cream,RX,Medora,E-commerce,2,200.0,CNY,0.15,400.0,340.0
TXN-CN-1-000757,2026-08-25 20:00:51,2026-08-25 20:04:51,CN,Other ERP,C,MED-001,Medora Cardio 10mg,RX,Medora,Wholesale,3,330.77,CNY,0.1,992.31,893.08
TXN-CN-1-000758,2026-08-25 07:38:56,2026-08-25 07:40:56,CN,Other ERP,C,PUR-001,PureLife GlucoMonitor,MD,PureLife,Pharmacy/B2B,12,653.85,CNY,0.1,7846.2,7061.58
TXN-CN-1-000759,2026-08-25 20:16:53,2026-08-25 20:18:53,CN,Other ERP,C,VIT-001,Vitalis C1000,SUP,Vitalis,E-commerce,2,161.54,CNY,0.0,323.08,323.08
TXN-CN-1-000760,2026-08-25 04:15:31,2026-08-25 04:16:31,CN,Other ERP,C,VIT-001,Vitalis C1000,SUP,Vitalis,E-commerce,3,161.54,CNY,0.0,484.62,484.62
TXN-CN-1-000761,2026-08-25 00:35:33,2026-08-25 00:36:33,CN,Other ERP,C,PUR-001,PureLife GlucoMonitor,MD,PureLife,Wholesale,8,653.85,CNY,0.05,5230.8,4969.26
TXN-CN-1-000762,2026-08-25 13:48:49,2026-08-25 13:49:49,CN,Other ERP,C,MED-001,Medora Cardio 10mg,RX,Medora,Pharmacy/B2B,9,330.77,CNY,0.2,2976.93,2381.54
TXN-CN-1-000763,2026-08-25 22:59:16,2026-08-25 23:04:16,CN,Other ERP,C,PUR-001,PureLife GlucoMonitor,MD,PureLife,Wholesale,12,653.85,CNY,0.05,7846.2,7453.89
TXN-CN-1-000764,2026-08-25 04:25:51,2026-08-25 04:26:51,CN,Other ERP,C,PUR-001,PureLife GlucoMonitor,MD,PureLife,Pharmacy/B2B,5,653.85,CNY,0.0,3269.25,3269.25
TXN-CN-1-000765,2026-08-25 13:34:06,2026-08-25 13:38:06,CN,Other ERP,C,MED-002,Medora Derm Cream,RX,Medora,D2C,1,200.0,CNY,0.15,200.0,170.0
TXN-CN-1-000766,2026-08-25 08:33:52,2026-08-25 08:38:52,CN,Other ERP,C,SAN-001,SanaPlus PainRelief,OTC,SanaPlus,D2C,11,73.08,CNY,0.0,803.88,803.88
TXN-CN-1-000767,2026-08-25 23:20:37,2026-08-25 23:21:37,CN,Other ERP,C,PUR-002,PureLife BP Monitor,MD,PureLife,Pharmacy/B2B,8,692.31,CNY,0.0,5538.48,5538.48
TXN-CN-1-000768,2026-08-25 15:19:59,2026-08-25 15:24:59,CN,Other ERP,C,VIT-001,Vitalis C1000,SUP,Vitalis,E-commerce,6,161.54,CNY,0.0,969.24,969.24
TXN-CN-1-000769,2026-08-25 14:52:44,2026-08-25 14:57:44,CN,Other ERP,C,SAN-002,SanaPlus ColdFlu,OTC,SanaPlus,Pharmacy/B2B,1,80.77,CNY,0.0,80.77,80.77
TXN-CN-1-000770,2026-08-25 07:13:45,2026-08-25 07:19:45,CN,Other ERP,C,MED-001,Medora Cardio 10mg,RX,Medora,Wholesale,7,330.77,CNY,0.0,2315.39,2315.39
TXN-CN-1-000771,2026-08-25 00:07:39,2026-08-25 00:10:39,CN,Other ERP,C,SAN-001,SanaPlus PainRelief,OTC,SanaPlus,D2C,12,73.08,CNY,0.1,876.96,789.26
TXN-CN-1-000772,2026-08-25 13:48:21,2026-08-25 13:52:21,CN,Other ERP,C,MED-002,Medora Derm Cream,RX,Medora,D2C,1,200.0,CNY,0.15,200.0,170.0
TXN-CN-1-000773,2026-08-25 01:40:39,2026-08-25 01:44:39,CN,Other ERP,C,DER-001,Dermacare GlowSerum,AES,Dermacare,Wholesale,7,246.15,CNY,0.0,1723.05,1723.05
TXN-CN-1-000774,2026-08-25 03:21:02,2026-08-25 03:22:02,CN,Other ERP,C,MED-001,Medora Cardio 10mg,RX,Medora,Wholesale,6,330.77,CNY,0.0,1984.62,1984.62
TXN-CN-1-000775,2026-08-25 03:09:03,2026-08-25 03:15:03,CN,Other ERP,C,MED-002,Medora Derm Cream,RX,Medora,E-commerce,5,200.0,CNY,0.0,1000.0,1000.0
TXN-CN-1-000776,2026-08-25 16:16:31,2026-08-25 16:21:31,CN,Other ERP,C,SAN-002,SanaPlus ColdFlu,OTC,SanaPlus,Pharmacy/B2B,7,80.77,CNY,0.1,565.39,508.85
TXN-CN-1-000777,2026-08-25 21:32:06,2026-08-25 21:35:06,CN,Other ERP,C,PUR-002,PureLife BP Monitor,MD,PureLife,Wholesale,1,692.31,CNY,0.1,692.31,623.08
TXN-CN-1-000778,2026-08-25 22:23:52,2026-08-25 22:24:52,CN,Other ERP,C,SAN-002,SanaPlus ColdFlu,OTC,SanaPlus,E-commerce,7,80.77,CNY,0.05,565.39,537.12
TXN-CN-1-000779,2026-08-25 19:57:38,2026-08-25 19:59:38,CN,Other ERP,C,SAN-001,SanaPlus PainRelief,OTC,SanaPlus,E-commerce,7,73.08,CNY,0.1,511.56,460.4
TXN-CN-1-000780,2026-08-25 20:39:39,2026-08-25 20:44:39,CN,Other ERP,C,PUR-002,PureLife BP Monitor,MD,PureLife,Wholesale,3,692.31,CNY,0.05,2076.93,1973.08
TXN-CN-1-000781,2026-08-25 22:05:51,2026-08-25 22:09:51,CN,Other ERP,C,MED-001,Medora Cardio 10mg,RX,Medora,E-commerce,9,330.77,CNY,0.05,2976.93,2828.08
TXN-CN-1-000782,2026-08-25 20:19:02,2026-08-25 20:24:02,CN,Other ERP,C,PUR-001,PureLife GlucoMonitor,MD,PureLife,Pharmacy/B2B,8,653.85,CNY,0.1,5230.8,4707.72
TXN-CN-1-000783,2026-08-25 23:19:56,2026-08-25 23:23:56,CN,Other ERP,C,PUR-002,PureLife BP Monitor,MD,PureLife,Pharmacy/B2B,6,692.31,CNY,0.0,4153.86,4153.86
TXN-CN-1-000784,2026-08-25 13:30:27,2026-08-25 13:35:27,CN,Other ERP,C,DER-001,Dermacare GlowSerum,AES,Dermacare,E-commerce,6,246.15,CNY,0.05,1476.9,1403.06
TXN-CN-1-000785,2026-08-25 02:49:22,2026-08-25 02:54:22,CN,Other ERP,C,DER-002,Dermacare LiftCream,AES,Dermacare,Wholesale,1,284.62,CNY,0.15,284.62,241.93
TXN-CN-1-000786,2026-08-25 21:39:08,2026-08-25 21:41:08,CN,Other ERP,C,VIT-001,Vitalis C1000,SUP,Vitalis,Pharmacy/B2B,2,161.54,CNY,0.0,323.08,323.08
TXN-CN-1-000787,2026-08-25 15:42:52,2026-08-25 15:48:52,CN,Other ERP,C,SAN-002,SanaPlus ColdFlu,OTC,SanaPlus,Wholesale,11,80.77,CNY,0.1,888.47,799.62
TXN-CN-1-000788,2026-08-25 21:01:09,2026-08-25 21:06:09,CN,Other ERP,C,VIT-001,Vitalis C1000,SUP,Vitalis,Wholesale,1,161.54,CNY,0.0,161.54,161.54
TXN-CN-1-000789,2026-08-25 02:51:50,2026-08-25 02:56:50,CN,Other ERP,C,MED-001,Medora Cardio 10mg,RX,Medora,D2C,3,330.77,CNY,0.0,992.31,992.31
TXN-CN-1-000790,2026-08-25 16:47:02,2026-08-25 16:50:02,CN,Other ERP,C,SAN-002,SanaPlus ColdFlu,OTC,SanaPlus,D2C,2,80.77,CNY,0.05,161.54,153.46
TXN-CN-1-000791,2026-08-25 17:43:07,2026-08-25 17:47:07,CN,Other ERP,C,SAN-001,SanaPlus PainRelief,OTC,SanaPlus,Pharmacy/B2B,11,73.08,CNY,0.15,803.88,683.3
TXN-CN-1-000792,2026-08-25 05:01:23,2026-08-25 05:05:23,CN,Other ERP,C,SAN-001,SanaPlus PainRelief,OTC,SanaPlus,Wholesale,10,73.08,CNY,0.0,730.8,730.8
TXN-CN-1-000793,2026-08-25 02:43:01,2026-08-25 02:44:01,CN,Other ERP,C,PUR-001,PureLife GlucoMonitor,MD,PureLife,E-commerce,5,653.85,CNY,0.0,3269.25,3269.25
TXN-CN-1-000794,2026-08-25 22:09:24,2026-08-25 22:15:24,CN,Other ERP,C,PUR-002,PureLife BP Monitor,MD,PureLife,Wholesale,3,692.31,CNY,0.05,2076.93,1973.08
TXN-CN-1-000795,2026-08-25 09:41:40,2026-08-25 09:43:40,CN,Other ERP,C,VIT-001,Vitalis C1000,SUP,Vitalis,E-commerce,10,161.54,CNY,0.05,1615.4,1534.63
TXN-CN-1-000796,2026-08-25 12:10:13,2026-08-25 12:15:13,CN,Other ERP,C,PUR-002,PureLife BP Monitor,MD,PureLife,Pharmacy/B2B,8,692.31,CNY,0.0,5538.48,5538.48
TXN-CN-1-000797,2026-08-25 09:37:26,2026-08-25 09:43:26,CN,Other ERP,C,SAN-002,SanaPlus ColdFlu,OTC,SanaPlus,D2C,3,80.77,CNY,0.0,242.31,242.31
TXN-CN-1-000798,2026-08-25 20:09:15,2026-08-25 20:12:15,CN,Other ERP,C,SAN-001,SanaPlus PainRelief,OTC,SanaPlus,D2C,8,73.08,CNY,0.2,584.64,467.71
TXN-CN-1-000799,2026-08-25 01:39:06,2026-08-25 01:42:06,CN,Other ERP,C,DER-001,Dermacare GlowSerum,AES,Dermacare,E-commerce,1,246.15,CNY,0.2,246.15,196.92
TXN-CN-1-000800,2026-08-25 21:02:36,2026-08-25 21:04:36,CN,Other ERP,C,VIT-001,Vitalis C1000,SUP,Vitalis,D2C,8,161.54,CNY,0.2,1292.32,1033.86
TXN-CN-1-000801,2026-08-25 00:00:07,2026-08-25 00:06:07,CN,Other ERP,C,PUR-002,PureLife BP Monitor,MD,PureLife,Pharmacy/B2B,12,692.31,CNY,0.0,8307.72,8307.72
TXN-CN-1-000802,2026-08-25 02:18:25,2026-08-25 02:24:25,CN,Other ERP,C,DER-001,Dermacare GlowSerum,AES,Dermacare,E-commerce,12,246.15,CNY,0.0,2953.8,2953.8
TXN-CN-1-000803,2026-08-25 14:55:40,2026-08-25 14:58:40,CN,Other ERP,C,MED-001,Medora Cardio 10mg,RX,Medora,Wholesale,3,330.77,CNY,0.0,992.31,992.31
TXN-CN-1-000804,2026-08-25 04:57:07,2026-08-25 05:00:07,CN,Other ERP,C,DER-002,Dermacare LiftCream,AES,Dermacare,E-commerce,9,284.62,CNY,0.0,2561.58,2561.58
TXN-CN-1-000805,2026-08-25 20:23:19,2026-08-25 20:28:19,CN,Other ERP,C,SAN-002,SanaPlus ColdFlu,OTC,SanaPlus,D2C,1,80.77,CNY,0.0,80.77,80.77
TXN-CN-1-000806,2026-08-25 03:14:20,2026-08-25 03:18:20,CN,Other ERP,C,PUR-001,PureLife GlucoMonitor,MD,PureLife,E-commerce,3,653.85,CNY,0.15,1961.55,1667.32
TXN-CN-1-000807,2026-08-25 09:31:56,2026-08-25 09:37:56,CN,Other ERP,C,DER-002,Dermacare LiftCream,AES,Dermacare,E-commerce,2,284.62,CNY,0.0,569.24,569.24
TXN-CN-1-000808,2026-08-25 15:16:48,2026-08-25 15:17:48,CN,Other ERP,C,DER-001,Dermacare GlowSerum,AES,Dermacare,D2C,1,246.15,CNY,0.05,246.15,233.84
TXN-CN-1-000809,2026-08-25 02:23:59,2026-08-25 02:24:59,CN,Other ERP,C,SAN-002,SanaPlus ColdFlu,OTC,SanaPlus,Pharmacy/B2B,2,80.77,CNY,0.0,161.54,161.54
TXN-CN-1-000810,2026-08-25 20:54:42,2026-08-25 20:57:42,CN,Other ERP,C,MED-001,Medora Cardio 10mg,RX,Medora,E-commerce,8,330.77,CNY,0.2,2646.16,2116.93
TXN-CN-1-000811,2026-08-25 03:58:34,2026-08-25 04:04:34,CN,Other ERP,C,MED-002,Medora Derm Cream,RX,Medora,D2C,3,200.0,CNY,0.05,600.0,570.0
TXN-CN-1-000812,2026-08-25 02:56:39,2026-08-25 03:02:39,CN,Other ERP,C,MED-001,Medora Cardio 10mg,RX,Medora,D2C,4,330.77,CNY,0.2,1323.08,1058.46
TXN-CN-1-000813,2026-08-25 16:02:28,2026-08-25 16:03:28,CN,Other ERP,C,PUR-002,PureLife BP Monitor,MD,PureLife,E-commerce,4,692.31,CNY,0.0,2769.24,2769.24
TXN-CN-1-000814,2026-08-25 01:11:42,2026-08-25 01:15:42,CN,Other ERP,C,MED-002,Medora Derm Cream,RX,Medora,Wholesale,10,200.0,CNY,0.0,2000.0,2000.0
TXN-CN-1-000815,2026-08-25 00:32:07,2026-08-25 00:33:07,CN,Other ERP,C,DER-002,Dermacare LiftCream,AES,Dermacare,D2C,12,284.62,CNY,0.2,3415.44,2732.35
TXN-CN-1-000816,2026-08-25 23:47:54,2026-08-25 23:48:54,CN,Other ERP,C,PUR-001,PureLife GlucoMonitor,MD,PureLife,D2C,9,653.85,CNY,0.15,5884.65,5001.95
TXN-CN-1-000817,2026-08-25 11:54:50,2026-08-25 12:00:50,CN,Other ERP,C,SAN-001,SanaPlus PainRelief,OTC,SanaPlus,E-commerce,11,73.08,CNY,0.0,803.88,803.88
TXN-CN-1-000818,2026-08-25 20:39:41,2026-08-25 20:44:41,CN,Other ERP,C,DER-002,Dermacare LiftCream,AES,Dermacare,Wholesale,10,284.62,CNY,0.1,2846.2,2561.58
TXN-CN-1-000819,2026-08-25 20:51:55,2026-08-25 20:53:55,CN,Other ERP,C,DER-001,Dermacare GlowSerum,AES,Dermacare,D2C,3,246.15,CNY,0.1,738.45,664.61
TXN-CN-1-000820,2026-08-25 09:21:37,2026-08-25 09:24:37,CN,Other ERP,C,DER-002,Dermacare LiftCream,AES,Dermacare,Pharmacy/B2B,7,284.62,CNY,0.2,1992.34,1593.87
TXN-CN-1-000821,2026-08-25 03:12:26,2026-08-25 03:17:26,CN,Other ERP,C,PUR-001,PureLife GlucoMonitor,MD,PureLife,E-commerce,8,653.85,CNY,0.0,5230.8,5230.8
TXN-CN-1-000822,2026-08-25 11:19:04,2026-08-25 11:24:04,CN,Other ERP,C,MED-002,Medora Derm Cream,RX,Medora,E-commerce,12,200.0,CNY,0.2,2400.0,1920.0
TXN-CN-1-000823,2026-08-25 02:34:29,2026-08-25 02:35:29,CN,Other ERP,C,SAN-001,SanaPlus PainRelief,OTC,SanaPlus,D2C,1,73.08,CNY,0.0,73.08,73.08
TXN-CN-1-000824,2026-08-25 12:48:30,2026-08-25 12:53:30,CN,Other ERP,C,PUR-002,PureLife BP Monitor,MD,PureLife,Wholesale,4,692.31,CNY,0.15,2769.24,2353.85
TXN-CN-1-000825,2026-08-25 06:40:09,2026-08-25 06:41:09,CN,Other ERP,C,DER-002,Dermacare LiftCream,AES,Dermacare,D2C,4,284.62,CNY,0.2,1138.48,910.78
TXN-CN-1-000826,2026-08-25 13:06:18,2026-08-25 13:10:18,CN,Other ERP,C,SAN-001,SanaPlus PainRelief,OTC,SanaPlus,E-commerce,6,73.08,CNY,0.2,438.48,350.78
TXN-CN-1-000827,2026-08-25 05:30:42,2026-08-25 05:34:42,CN,Other ERP,C,PUR-001,PureLife GlucoMonitor,MD,PureLife,Pharmacy/B2B,7,653.85,CNY,0.2,4576.95,3661.56
TXN-CN-1-000828,2026-08-25 09:56:23,2026-08-25 10:01:23,CN,Other ERP,C,DER-001,Dermacare GlowSerum,AES,Dermacare,Pharmacy/B2B,12,246.15,CNY,0.05,2953.8,2806.11
TXN-CN-1-000829,2026-08-25 16:18:14,2026-08-25 16:20:14,CN,Other ERP,C,PUR-002,PureLife BP Monitor,MD,PureLife,E-commerce,12,692.31,CNY,0.0,8307.72,8307.72
TXN-CN-1-000830,2026-08-25 10:54:25,2026-08-25 10:59:25,CN,Other ERP,C,PUR-001,PureLife GlucoMonitor,MD,PureLife,E-commerce,9,653.85,CNY,0.0,5884.65,5884.65
TXN-CN-1-000831,2026-08-25 06:26:23,2026-08-25 06:29:23,CN,Other ERP,C,VIT-002,Vitalis Multivit,SUP,Vitalis,Wholesale,11,130.77,CNY,0.2,1438.47,1150.78
TXN-CN-1-000832,2026-08-25 10:50:48,2026-08-25 10:54:48,CN,Other ERP,C,VIT-001,Vitalis C1000,SUP,Vitalis,Pharmacy/B2B,6,161.54,CNY,0.0,969.24,969.24
TXN-CN-1-000833,2026-08-25 01:55:56,2026-08-25 01:59:56,CN,Other ERP,C,DER-002,Dermacare LiftCream,AES,Dermacare,D2C,12,284.62,CNY,0.0,3415.44,3415.44
TXN-CN-1-000834,2026-08-25 14:19:33,2026-08-25 14:22:33,CN,Other ERP,C,DER-002,Dermacare LiftCream,AES,Dermacare,D2C,6,284.62,CNY,0.0,1707.72,1707.72
TXN-CN-1-000835,2026-08-25 13:15:39,2026-08-25 13:19:39,CN,Other ERP,C,VIT-001,Vitalis C1000,SUP,Vitalis,E-commerce,10,161.54,CNY,0.0,1615.4,1615.4
TXN-CN-1-000836,2026-08-25 00:21:15,2026-08-25 00:26:15,CN,Other ERP,C,MED-001,Medora Cardio 10mg,RX,Medora,D2C,6,330.77,CNY,0.0,1984.62,1984.62
TXN-CN-1-000837,2026-08-25 01:32:51,2026-08-25 01:36:51,CN,Other ERP,C,SAN-001,SanaPlus PainRelief,OTC,SanaPlus,Pharmacy/B2B,11,73.08,CNY,0.1,803.88,723.49
TXN-CN-1-000838,2026-08-25 03:42:12,2026-08-25 03:44:12,CN,Other ERP,C,MED-002,Medora Derm Cream,RX,Medora,Pharmacy/B2B,2,200.0,CNY,0.05,400.0,380.0
TXN-CN-1-000839,2026-08-25 18:28:40,2026-08-25 18:32:40,CN,Other ERP,C,MED-002,Medora Derm Cream,RX,Medora,Pharmacy/B2B,3,200.0,CNY,0.0,600.0,600.0
TXN-CN-1-000840,2026-08-25 10:44:17,2026-08-25 10:50:17,CN,Other ERP,C,DER-002,Dermacare LiftCream,AES,Dermacare,Wholesale,1,284.62,CNY,0.15,284.62,241.93
TXN-CN-1-000841,2026-08-25 06:26:59,2026-08-25 06:28:59,CN,Other ERP,C,MED-001,Medora Cardio 10mg,RX,Medora,Wholesale,12,330.77,CNY,0.1,3969.24,3572.32
TXN-CN-1-000842,2026-08-25 13:30:21,2026-08-25 13:32:21,CN,Other ERP,C,SAN-002,SanaPlus ColdFlu,OTC,SanaPlus,D2C,12,80.77,CNY,0.0,969.24,969.24
TXN-CN-1-000843,2026-08-25 06:26:56,2026-08-25 06:27:56,CN,Other ERP,C,MED-002,Medora Derm Cream,RX,Medora,E-commerce,3,200.0,CNY,0.05,600.0,570.0
TXN-CN-1-000844,2026-08-25 11:25:23,2026-08-25 11:30:23,CN,Other ERP,C,SAN-002,SanaPlus ColdFlu,OTC,SanaPlus,Pharmacy/B2B,1,80.77,CNY,0.0,80.77,80.77
TXN-CN-1-000845,2026-08-25 15:12:26,2026-08-25 15:18:26,CN,Other ERP,C,MED-001,Medora Cardio 10mg,RX,Medora,Pharmacy/B2B,6,330.77,CNY,0.0,1984.62,1984.62
TXN-CN-1-000846,2026-08-25 12:16:45,2026-08-25 12:18:45,CN,Other ERP,C,VIT-001,Vitalis C1000,SUP,Vitalis,D2C,11,161.54,CNY,0.15,1776.94,1510.4
TXN-CN-1-000847,2026-08-25 21:24:56,2026-08-25 21:27:56,CN,Other ERP,C,DER-002,Dermacare LiftCream,AES,Dermacare,D2C,1,284.62,CNY,0.05,284.62,270.39
TXN-CN-1-000848,2026-08-25 10:17:10,2026-08-25 10:18:10,CN,Other ERP,C,DER-002,Dermacare LiftCream,AES,Dermacare,Pharmacy/B2B,8,284.62,CNY,0.15,2276.96,1935.42
TXN-CN-1-000849,2026-08-25 06:57:49,2026-08-25 06:59:49,CN,Other ERP,C,DER-002,Dermacare LiftCream,AES,Dermacare,Pharmacy/B2B,6,284.62,CNY,0.15,1707.72,1451.56
TXN-CN-1-000850,2026-08-25 21:28:37,2026-08-25 21:34:37,CN,Other ERP,C,SAN-002,SanaPlus ColdFlu,OTC,SanaPlus,Pharmacy/B2B,4,80.77,CNY,0.15,323.08,274.62
TXN-CN-1-000851,2026-08-25 02:23:39,2026-08-25 02:24:39,CN,Other ERP,C,MED-001,Medora Cardio 10mg,RX,Medora,Wholesale,5,330.77,CNY,0.15,1653.85,1405.77
TXN-CN-1-000852,2026-08-25 22:38:52,2026-08-25 22:40:52,CN,Other ERP,C,SAN-001,SanaPlus PainRelief,OTC,SanaPlus,Pharmacy/B2B,4,73.08,CNY,0.15,292.32,248.47
TXN-CN-1-000853,2026-08-25 21:04:47,2026-08-25 21:05:47,CN,Other ERP,C,MED-001,Medora Cardio 10mg,RX,Medora,D2C,6,330.77,CNY,0.0,1984.62,1984.62
TXN-CN-1-000854,2026-08-25 01:08:39,2026-08-25 01:10:39,CN,Other ERP,C,DER-001,Dermacare GlowSerum,AES,Dermacare,Pharmacy/B2B,9,246.15,CNY,0.1,2215.35,1993.82
TXN-CN-1-000855,2026-08-25 10:20:52,2026-08-25 10:21:52,CN,Other ERP,C,MED-002,Medora Derm Cream,RX,Medora,D2C,11,200.0,CNY,0.1,2200.0,1980.0
TXN-CN-1-000856,2026-08-25 03:24:53,2026-08-25 03:26:53,CN,Other ERP,C,SAN-002,SanaPlus ColdFlu,OTC,SanaPlus,E-commerce,9,80.77,CNY,0.0,726.93,726.93
TXN-CN-1-000857,2026-08-25 12:36:05,2026-08-25 12:38:05,CN,Other ERP,C,SAN-002,SanaPlus ColdFlu,OTC,SanaPlus,D2C,3,80.77,CNY,0.0,242.31,242.31
TXN-CN-1-000858,2026-08-25 13:09:22,2026-08-25 13:13:22,CN,Other ERP,C,MED-002,Medora Derm Cream,RX,Medora,Pharmacy/B2B,1,200.0,CNY,0.05,200.0,190.0
TXN-CN-1-000859,2026-08-25 17:43:38,2026-08-25 17:48:38,CN,Other ERP,C,PUR-002,PureLife BP Monitor,MD,PureLife,Pharmacy/B2B,11,692.31,CNY,0.0,7615.41,7615.41
TXN-CN-1-000860,2026-08-25 14:28:58,2026-08-25 14:33:58,CN,Other ERP,C,DER-001,Dermacare GlowSerum,AES,Dermacare,Pharmacy/B2B,2,246.15,CNY,0.1,492.3,443.07
TXN-CN-1-000861,2026-08-25 14:05:06,2026-08-25 14:11:06,CN,Other ERP,C,DER-002,Dermacare LiftCream,AES,Dermacare,Wholesale,5,284.62,CNY,0.0,1423.1,1423.1
TXN-CN-1-000862,2026-08-25 08:47:51,2026-08-25 08:51:51,CN,Other ERP,C,PUR-001,PureLife GlucoMonitor,MD,PureLife,D2C,12,653.85,CNY,0.15,7846.2,6669.27
TXN-CN-1-000863,2026-08-25 04:33:44,2026-08-25 04:39:44,CN,Other ERP,C,VIT-002,Vitalis Multivit,SUP,Vitalis,E-commerce,10,130.77,CNY,0.2,1307.7,1046.16
TXN-CN-1-000864,2026-08-25 10:31:16,2026-08-25 10:34:16,CN,Other ERP,C,PUR-002,PureLife BP Monitor,MD,PureLife,D2C,4,692.31,CNY,0.0,2769.24,2769.24
TXN-CN-1-000865,2026-08-25 00:06:04,2026-08-25 00:10:04,CN,Other ERP,C,DER-002,Dermacare LiftCream,AES,Dermacare,Wholesale,7,284.62,CNY,0.2,1992.34,1593.87
TXN-CN-1-000866,2026-08-25 05:43:21,2026-08-25 05:46:21,CN,Other ERP,C,SAN-002,SanaPlus ColdFlu,OTC,SanaPlus,Pharmacy/B2B,4,80.77,CNY,0.0,323.08,323.08
TXN-CN-1-000867,2026-08-25 23:02:33,2026-08-25 23:05:33,CN,Other ERP,C,MED-001,Medora Cardio 10mg,RX,Medora,Pharmacy/B2B,8,330.77,CNY,0.0,2646.16,2646.16
TXN-CN-1-000868,2026-08-25 13:48:59,2026-08-25 13:51:59,CN,Other ERP,C,SAN-001,SanaPlus PainRelief,OTC,SanaPlus,E-commerce,7,73.08,CNY,0.0,511.56,511.56
TXN-CN-1-000869,2026-08-25 10:24:29,2026-08-25 10:25:29,CN,Other ERP,C,DER-002,Dermacare LiftCream,AES,Dermacare,D2C,3,284.62,CNY,0.1,853.86,768.47
TXN-CN-1-000870,2026-08-25 02:13:34,2026-08-25 02:19:34,CN,Other ERP,C,VIT-001,Vitalis C1000,SUP,Vitalis,E-commerce,4,161.54,CNY,0.2,646.16,516.93
TXN-CN-1-000871,2026-08-25 08:03:29,2026-08-25 08:06:29,CN,Other ERP,C,SAN-002,SanaPlus ColdFlu,OTC,SanaPlus,Pharmacy/B2B,2,80.77,CNY,0.0,161.54,161.54
TXN-CN-1-000872,2026-08-25 01:09:47,2026-08-25 01:14:47,CN,Other ERP,C,MED-001,Medora Cardio 10mg,RX,Medora,Wholesale,11,330.77,CNY,0.0,3638.47,3638.47
TXN-CN-1-000873,2026-08-25 12:58:03,2026-08-25 13:00:03,CN,Other ERP,C,MED-001,Medora Cardio 10mg,RX,Medora,Wholesale,9,330.77,CNY,0.0,2976.93,2976.93
TXN-CN-1-000874,2026-08-25 08:50:47,2026-08-25 08:51:47,CN,Other ERP,C,VIT-001,Vitalis C1000,SUP,Vitalis,Pharmacy/B2B,2,161.54,CNY,0.05,323.08,306.93
TXN-CN-1-000875,2026-08-25 14:17:36,2026-08-25 14:21:36,CN,Other ERP,C,VIT-002,Vitalis Multivit,SUP,Vitalis,E-commerce,10,130.77,CNY,0.0,1307.7,1307.7
TXN-CN-1-000876,2026-08-25 10:15:08,2026-08-25 10:21:08,CN,Other ERP,C,SAN-002,SanaPlus ColdFlu,OTC,SanaPlus,Wholesale,6,80.77,CNY,0.2,484.62,387.7
TXN-CN-1-000877,2026-08-25 20:28:57,2026-08-25 20:33:57,CN,Other ERP,C,PUR-001,PureLife GlucoMonitor,MD,PureLife,Wholesale,6,653.85,CNY,0.2,3923.1,3138.48
TXN-CN-1-000878,2026-08-25 20:35:33,2026-08-25 20:37:33,CN,Other ERP,C,MED-002,Medora Derm Cream,RX,Medora,E-commerce,10,200.0,CNY,0.15,2000.0,1700.0
TXN-CN-1-000879,2026-08-25 21:36:43,2026-08-25 21:40:43,CN,Other ERP,C,SAN-001,SanaPlus PainRelief,OTC,SanaPlus,E-commerce,7,73.08,CNY,0.0,511.56,511.56
TXN-CN-1-000880,2026-08-25 08:24:30,2026-08-25 08:26:30,CN,Other ERP,C,DER-001,Dermacare GlowSerum,AES,Dermacare,E-commerce,1,246.15,CNY,0.15,246.15,209.23
TXN-CN-1-000881,2026-08-25 05:09:02,2026-08-25 05:13:02,CN,Other ERP,C,SAN-002,SanaPlus ColdFlu,OTC,SanaPlus,D2C,9,80.77,CNY,0.0,726.93,726.93
TXN-CN-1-000882,2026-08-25 02:49:49,2026-08-25 02:52:49,CN,Other ERP,C,DER-002,Dermacare LiftCream,AES,Dermacare,Wholesale,1,284.62,CNY,0.15,284.62,241.93
TXN-CN-1-000883,2026-08-25 21:41:37,2026-08-25 21:43:37,CN,Other ERP,C,MED-001,Medora Cardio 10mg,RX,Medora,Wholesale,2,330.77,CNY,0.0,661.54,661.54
TXN-CN-1-000884,2026-08-25 12:32:01,2026-08-25 12:34:01,CN,Other ERP,C,VIT-002,Vitalis Multivit,SUP,Vitalis,Pharmacy/B2B,3,130.77,CNY,0.0,392.31,392.31
TXN-CN-1-000885,2026-08-25 15:42:30,2026-08-25 15:48:30,CN,Other ERP,C,VIT-001,Vitalis C1000,SUP,Vitalis,Pharmacy/B2B,11,161.54,CNY,0.2,1776.94,1421.55
TXN-CN-1-000886,2026-08-25 22:08:11,2026-08-25 22:14:11,CN,Other ERP,C,VIT-001,Vitalis C1000,SUP,Vitalis,Pharmacy/B2B,6,161.54,CNY,0.1,969.24,872.32
TXN-CN-1-000887,2026-08-25 04:31:57,2026-08-25 04:36:57,CN,Other ERP,C,PUR-002,PureLife BP Monitor,MD,PureLife,Wholesale,12,692.31,CNY,0.0,8307.72,8307.72
TXN-CN-1-000888,2026-08-25 13:19:37,2026-08-25 13:24:37,CN,Other ERP,C,MED-002,Medora Derm Cream,RX,Medora,Wholesale,2,200.0,CNY,0.2,400.0,320.0
TXN-CN-1-000889,2026-08-25 04:04:48,2026-08-25 04:09:48,CN,Other ERP,C,DER-001,Dermacare GlowSerum,AES,Dermacare,E-commerce,9,246.15,CNY,0.0,2215.35,2215.35
TXN-CN-1-000890,2026-08-25 12:05:57,2026-08-25 12:10:57,CN,Other ERP,C,PUR-001,PureLife GlucoMonitor,MD,PureLife,Pharmacy/B2B,12,653.85,CNY,0.1,7846.2,7061.58
TXN-CN-1-000891,2026-08-25 11:23:38,2026-08-25 11:28:38,CN,Other ERP,C,DER-002,Dermacare LiftCream,AES,Dermacare,Wholesale,3,284.62,CNY,0.15,853.86,725.78
TXN-CN-1-000892,2026-08-25 03:25:46,2026-08-25 03:29:46,CN,Other ERP,C,PUR-001,PureLife GlucoMonitor,MD,PureLife,Pharmacy/B2B,12,653.85,CNY,0.0,7846.2,7846.2
TXN-CN-1-000893,2026-08-25 12:22:01,2026-08-25 12:24:01,CN,Other ERP,C,DER-002,Dermacare LiftCream,AES,Dermacare,E-commerce,2,284.62,CNY,0.1,569.24,512.32
TXN-CN-1-000894,2026-08-25 13:40:09,2026-08-25 13:45:09,CN,Other ERP,C,VIT-001,Vitalis C1000,SUP,Vitalis,Wholesale,3,161.54,CNY,0.2,484.62,387.7
TXN-CN-1-000895,2026-08-25 18:32:04,2026-08-25 18:35:04,CN,Other ERP,C,SAN-002,SanaPlus ColdFlu,OTC,SanaPlus,D2C,1,80.77,CNY,0.15,80.77,68.65
TXN-CN-1-000896,2026-08-25 03:29:39,2026-08-25 03:34:39,CN,Other ERP,C,VIT-001,Vitalis C1000,SUP,Vitalis,E-commerce,12,161.54,CNY,0.2,1938.48,1550.78
TXN-CN-1-000897,2026-08-25 17:21:31,2026-08-25 17:23:31,CN,Other ERP,C,MED-001,Medora Cardio 10mg,RX,Medora,Pharmacy/B2B,3,330.77,CNY,0.1,992.31,893.08
TXN-CN-1-000898,2026-08-25 07:46:56,2026-08-25 07:51:56,CN,Other ERP,C,SAN-001,SanaPlus PainRelief,OTC,SanaPlus,E-commerce,11,73.08,CNY,0.2,803.88,643.1
TXN-CN-1-000899,2026-08-25 08:19:28,2026-08-25 08:21:28,CN,Other ERP,C,VIT-001,Vitalis C1000,SUP,Vitalis,Pharmacy/B2B,5,161.54,CNY,0.0,807.7,807.7
TXN-CN-1-000900,2026-08-25 10:06:02,2026-08-25 10:09:02,CN,Other ERP,C,DER-002,Dermacare LiftCream,AES,Dermacare,D2C,11,284.62,CNY,0.0,3130.82,3130.82
TXN-CN-1-000901,2026-08-25 04:47:39,2026-08-25 04:53:39,CN,Other ERP,C,PUR-001,PureLife GlucoMonitor,MD,PureLife,Pharmacy/B2B,2,653.85,CNY,0.05,1307.7,1242.32
TXN-CN-1-000902,2026-08-25 13:06:13,2026-08-25 13:11:13,CN,Other ERP,C,PUR-002,PureLife BP Monitor,MD,PureLife,E-commerce,12,692.31,CNY,0.0,8307.72,8307.72
TXN-CN-1-000903,2026-08-25 04:36:24,2026-08-25 04:42:24,CN,Other ERP,C,MED-001,Medora Cardio 10mg,RX,Medora,E-commerce,1,330.77,CNY,0.15,330.77,281.15
TXN-CN-1-000904,2026-08-25 07:34:04,2026-08-25 07:35:04,CN,Other ERP,C,SAN-001,SanaPlus PainRelief,OTC,SanaPlus,E-commerce,4,73.08,CNY,0.2,292.32,233.86
TXN-CN-1-000905,2026-08-25 04:46:36,2026-08-25 04:48:36,CN,Other ERP,C,DER-002,Dermacare LiftCream,AES,Dermacare,Wholesale,6,284.62,CNY,0.2,1707.72,1366.18
TXN-CN-1-000906,2026-08-25 04:37:51,2026-08-25 04:43:51,CN,Other ERP,C,MED-002,Medora Derm Cream,RX,Medora,E-commerce,6,200.0,CNY,0.15,1200.0,1020.0
TXN-CN-1-000907,2026-08-25 07:03:43,2026-08-25 07:04:43,CN,Other ERP,C,VIT-001,Vitalis C1000,SUP,Vitalis,Pharmacy/B2B,7,161.54,CNY,0.0,1130.78,1130.78
TXN-CN-1-000908,2026-08-25 01:42:44,2026-08-25 01:46:44,CN,Other ERP,C,SAN-001,SanaPlus PainRelief,OTC,SanaPlus,Wholesale,4,73.08,CNY,0.0,292.32,292.32
TXN-CN-1-000909,2026-08-25 02:05:28,2026-08-25 02:08:28,CN,Other ERP,C,PUR-002,PureLife BP Monitor,MD,PureLife,E-commerce,8,692.31,CNY,0.05,5538.48,5261.56
TXN-CN-1-000910,2026-08-25 16:44:00,2026-08-25 16:47:00,CN,Other ERP,C,DER-001,Dermacare GlowSerum,AES,Dermacare,Pharmacy/B2B,10,246.15,CNY,0.1,2461.5,2215.35
TXN-CN-1-000911,2026-08-25 08:09:52,2026-08-25 08:11:52,CN,Other ERP,C,MED-002,Medora Derm Cream,RX,Medora,Pharmacy/B2B,11,200.0,CNY,0.0,2200.0,2200.0
TXN-CN-1-000912,2026-08-25 21:46:49,2026-08-25 21:47:49,CN,Other ERP,C,DER-001,Dermacare GlowSerum,AES,Dermacare,Pharmacy/B2B,8,246.15,CNY,0.0,1969.2,1969.2
TXN-CN-1-000913,2026-08-25 13:46:00,2026-08-25 13:51:00,CN,Other ERP,C,MED-001,Medora Cardio 10mg,RX,Medora,E-commerce,10,330.77,CNY,0.15,3307.7,2811.54
TXN-CN-1-000914,2026-08-25 19:19:44,2026-08-25 19:21:44,CN,Other ERP,C,MED-002,Medora Derm Cream,RX,Medora,Pharmacy/B2B,5,200.0,CNY,0.0,1000.0,1000.0
TXN-CN-1-000915,2026-08-25 19:42:17,2026-08-25 19:45:17,CN,Other ERP,C,MED-002,Medora Derm Cream,RX,Medora,Wholesale,7,200.0,CNY,0.0,1400.0,1400.0
TXN-CN-1-000916,2026-08-25 05:29:30,2026-08-25 05:34:30,CN,Other ERP,C,MED-002,Medora Derm Cream,RX,Medora,E-commerce,2,200.0,CNY,0.05,400.0,380.0
TXN-CN-1-000917,2026-08-25 17:43:32,2026-08-25 17:44:32,CN,Other ERP,C,PUR-001,PureLife GlucoMonitor,MD,PureLife,Pharmacy/B2B,6,653.85,CNY,0.05,3923.1,3726.94
TXN-CN-1-000918,2026-08-25 20:17:10,2026-08-25 20:20:10,CN,Other ERP,C,DER-001,Dermacare GlowSerum,AES,Dermacare,Wholesale,8,246.15,CNY,0.2,1969.2,1575.36
TXN-CN-1-000919,2026-08-25 01:28:38,2026-08-25 01:32:38,CN,Other ERP,C,VIT-002,Vitalis Multivit,SUP,Vitalis,Wholesale,3,130.77,CNY,0.0,392.31,392.31
TXN-CN-1-000920,2026-08-25 20:45:54,2026-08-25 20:50:54,CN,Other ERP,C,DER-001,Dermacare GlowSerum,AES,Dermacare,D2C,6,246.15,CNY,0.0,1476.9,1476.9
TXN-CN-1-000921,2026-08-25 11:02:20,2026-08-25 11:07:20,CN,Other ERP,C,SAN-001,SanaPlus PainRelief,OTC,SanaPlus,D2C,5,73.08,CNY,0.15,365.4,310.59
TXN-CN-1-000922,2026-08-25 01:19:01,2026-08-25 01:23:01,CN,Other ERP,C,DER-001,Dermacare GlowSerum,AES,Dermacare,Wholesale,4,246.15,CNY,0.15,984.6,836.91
TXN-CN-1-000923,2026-08-25 11:08:50,2026-08-25 11:13:50,CN,Other ERP,C,VIT-002,Vitalis Multivit,SUP,Vitalis,E-commerce,10,130.77,CNY,0.05,1307.7,1242.32
TXN-CN-1-000924,2026-08-25 12:31:01,2026-08-25 12:32:01,CN,Other ERP,C,SAN-001,SanaPlus PainRelief,OTC,SanaPlus,Wholesale,3,73.08,CNY,0.05,219.24,208.28
TXN-CN-1-000925,2026-08-25 06:54:33,2026-08-25 06:56:33,CN,Other ERP,C,VIT-001,Vitalis C1000,SUP,Vitalis,Wholesale,3,161.54,CNY,0.05,484.62,460.39
TXN-CN-1-000926,2026-08-25 04:16:37,2026-08-25 04:17:37,CN,Other ERP,C,SAN-001,SanaPlus PainRelief,OTC,SanaPlus,E-commerce,5,73.08,CNY,0.0,365.4,365.4
TXN-CN-1-000927,2026-08-25 14:57:42,2026-08-25 15:03:42,CN,Other ERP,C,VIT-001,Vitalis C1000,SUP,Vitalis,D2C,11,161.54,CNY,0.1,1776.94,1599.25
TXN-CN-1-000928,2026-08-25 11:40:16,2026-08-25 11:43:16,CN,Other ERP,C,VIT-001,Vitalis C1000,SUP,Vitalis,Pharmacy/B2B,11,161.54,CNY,0.1,1776.94,1599.25
TXN-CN-1-000929,2026-08-25 18:41:11,2026-08-25 18:47:11,CN,Other ERP,C,MED-001,Medora Cardio 10mg,RX,Medora,Wholesale,10,330.77,CNY,0.15,3307.7,2811.54
TXN-CN-1-000930,2026-08-25 22:29:23,2026-08-25 22:30:23,CN,Other ERP,C,PUR-002,PureLife BP Monitor,MD,PureLife,Wholesale,3,692.31,CNY,0.15,2076.93,1765.39
TXN-CN-1-000931,2026-08-25 08:44:30,2026-08-25 08:50:30,CN,Other ERP,C,SAN-001,SanaPlus PainRelief,OTC,SanaPlus,Pharmacy/B2B,11,73.08,CNY,0.1,803.88,723.49
TXN-CN-1-000932,2026-08-25 20:47:08,2026-08-25 20:53:08,CN,Other ERP,C,DER-001,Dermacare GlowSerum,AES,Dermacare,D2C,4,246.15,CNY,0.0,984.6,984.6
TXN-CN-1-000933,2026-08-25 20:22:41,2026-08-25 20:25:41,CN,Other ERP,C,VIT-002,Vitalis Multivit,SUP,Vitalis,E-commerce,12,130.77,CNY,0.0,1569.24,1569.24
TXN-CN-1-000934,2026-08-25 16:46:55,2026-08-25 16:48:55,CN,Other ERP,C,SAN-002,SanaPlus ColdFlu,OTC,SanaPlus,Pharmacy/B2B,6,80.77,CNY,0.1,484.62,436.16
TXN-CN-1-000935,2026-08-25 08:35:13,2026-08-25 08:37:13,CN,Other ERP,C,VIT-002,Vitalis Multivit,SUP,Vitalis,D2C,4,130.77,CNY,0.2,523.08,418.46
TXN-CN-1-000936,2026-08-25 01:15:52,2026-08-25 01:21:52,CN,Other ERP,C,VIT-002,Vitalis Multivit,SUP,Vitalis,Pharmacy/B2B,2,130.77,CNY,0.15,261.54,222.31
TXN-CN-1-000937,2026-08-25 13:19:11,2026-08-25 13:25:11,CN,Other ERP,C,PUR-001,PureLife GlucoMonitor,MD,PureLife,Wholesale,7,653.85,CNY,0.0,4576.95,4576.95
TXN-CN-1-000938,2026-08-25 13:36:42,2026-08-25 13:42:42,CN,Other ERP,C,SAN-001,SanaPlus PainRelief,OTC,SanaPlus,D2C,8,73.08,CNY,0.2,584.64,467.71
TXN-CN-1-000939,2026-08-25 14:12:51,2026-08-25 14:18:51,CN,Other ERP,C,PUR-002,PureLife BP Monitor,MD,PureLife,D2C,8,692.31,CNY,0.0,5538.48,5538.48
TXN-CN-1-000940,2026-08-25 16:30:45,2026-08-25 16:34:45,CN,Other ERP,C,PUR-002,PureLife BP Monitor,MD,PureLife,D2C,12,692.31,CNY,0.2,8307.72,6646.18
TXN-CN-1-000941,2026-08-25 23:08:46,2026-08-25 23:11:46,CN,Other ERP,C,VIT-002,Vitalis Multivit,SUP,Vitalis,D2C,4,130.77,CNY,0.05,523.08,496.93
TXN-CN-1-000942,2026-08-25 13:29:50,2026-08-25 13:34:50,CN,Other ERP,C,DER-002,Dermacare LiftCream,AES,Dermacare,D2C,7,284.62,CNY,0.05,1992.34,1892.72
TXN-CN-1-000943,2026-08-25 21:39:01,2026-08-25 21:44:01,CN,Other ERP,C,DER-001,Dermacare GlowSerum,AES,Dermacare,Pharmacy/B2B,7,246.15,CNY,0.0,1723.05,1723.05
TXN-CN-1-000944,2026-08-25 10:12:26,2026-08-25 10:14:26,CN,Other ERP,C,MED-002,Medora Derm Cream,RX,Medora,E-commerce,6,200.0,CNY,0.0,1200.0,1200.0
TXN-CN-1-000945,2026-08-25 13:28:08,2026-08-25 13:29:08,CN,Other ERP,C,PUR-001,PureLife GlucoMonitor,MD,PureLife,Pharmacy/B2B,10,653.85,CNY,0.0,6538.5,6538.5
TXN-CN-1-000946,2026-08-25 22:30:45,2026-08-25 22:33:45,CN,Other ERP,C,PUR-001,PureLife GlucoMonitor,MD,PureLife,Pharmacy/B2B,6,653.85,CNY,0.0,3923.1,3923.1
TXN-CN-1-000947,2026-08-25 14:31:50,2026-08-25 14:36:50,CN,Other ERP,C,VIT-001,Vitalis C1000,SUP,Vitalis,D2C,6,161.54,CNY,0.1,969.24,872.32
TXN-CN-1-000948,2026-08-25 13:52:56,2026-08-25 13:56:56,CN,Other ERP,C,SAN-001,SanaPlus PainRelief,OTC,SanaPlus,Wholesale,3,73.08,CNY,0.0,219.24,219.24
TXN-CN-1-000949,2026-08-25 08:43:15,2026-08-25 08:44:15,CN,Other ERP,C,DER-002,Dermacare LiftCream,AES,Dermacare,D2C,3,284.62,CNY,0.0,853.86,853.86
TXN-CN-1-000950,2026-08-25 13:23:46,2026-08-25 13:29:46,CN,Other ERP,C,PUR-002,PureLife BP Monitor,MD,PureLife,Pharmacy/B2B,5,692.31,CNY,0.0,3461.55,3461.55
TXN-CN-1-000951,2026-08-25 14:00:37,2026-08-25 14:01:37,CN,Other ERP,C,SAN-001,SanaPlus PainRelief,OTC,SanaPlus,Pharmacy/B2B,11,73.08,CNY,0.0,803.88,803.88
TXN-CN-1-000952,2026-08-25 23:41:23,2026-08-25 23:46:23,CN,Other ERP,C,PUR-002,PureLife BP Monitor,MD,PureLife,E-commerce,4,692.31,CNY,0.2,2769.24,2215.39
TXN-CN-1-000953,2026-08-25 05:43:52,2026-08-25 05:47:52,CN,Other ERP,C,MED-002,Medora Derm Cream,RX,Medora,D2C,6,200.0,CNY,0.0,1200.0,1200.0
TXN-CN-1-000954,2026-08-25 07:46:22,2026-08-25 07:52:22,CN,Other ERP,C,MED-001,Medora Cardio 10mg,RX,Medora,Wholesale,10,330.77,CNY,0.05,3307.7,3142.31
TXN-CN-1-000955,2026-08-25 08:00:37,2026-08-25 08:06:37,CN,Other ERP,C,DER-002,Dermacare LiftCream,AES,Dermacare,E-commerce,2,284.62,CNY,0.15,569.24,483.85
TXN-CN-1-000956,2026-08-25 00:39:28,2026-08-25 00:40:28,CN,Other ERP,C,PUR-001,PureLife GlucoMonitor,MD,PureLife,Pharmacy/B2B,8,653.85,CNY,0.1,5230.8,4707.72
TXN-CN-1-000957,2026-08-25 12:58:16,2026-08-25 13:00:16,CN,Other ERP,C,VIT-001,Vitalis C1000,SUP,Vitalis,Pharmacy/B2B,2,161.54,CNY,0.0,323.08,323.08
TXN-CN-1-000958,2026-08-25 19:59:16,2026-08-25 20:03:16,CN,Other ERP,C,MED-002,Medora Derm Cream,RX,Medora,D2C,6,200.0,CNY,0.0,1200.0,1200.0
TXN-CN-1-000959,2026-08-25 07:36:49,2026-08-25 07:39:49,CN,Other ERP,C,SAN-001,SanaPlus PainRelief,OTC,SanaPlus,E-commerce,7,73.08,CNY,0.1,511.56,460.4
TXN-CN-1-000960,2026-08-25 16:46:18,2026-08-25 16:49:18,CN,Other ERP,C,SAN-001,SanaPlus PainRelief,OTC,SanaPlus,Wholesale,1,73.08,CNY,0.0,73.08,73.08
TXN-CN-1-000961,2026-08-25 18:06:11,2026-08-25 18:08:11,CN,Other ERP,C,VIT-001,Vitalis C1000,SUP,Vitalis,Pharmacy/B2B,12,161.54,CNY,0.1,1938.48,1744.63
TXN-CN-1-000962,2026-08-25 14:57:40,2026-08-25 15:00:40,CN,Other ERP,C,VIT-001,Vitalis C1000,SUP,Vitalis,E-commerce,8,161.54,CNY,0.05,1292.32,1227.7
TXN-CN-1-000963,2026-08-25 16:29:31,2026-08-25 16:31:31,CN,Other ERP,C,PUR-002,PureLife BP Monitor,MD,PureLife,Wholesale,7,692.31,CNY,0.15,4846.17,4119.24
TXN-CN-1-000964,2026-08-25 11:47:36,2026-08-25 11:51:36,CN,Other ERP,C,VIT-002,Vitalis Multivit,SUP,Vitalis,E-commerce,8,130.77,CNY,0.0,1046.16,1046.16
TXN-CN-1-000965,2026-08-25 04:03:31,2026-08-25 04:06:31,CN,Other ERP,C,MED-001,Medora Cardio 10mg,RX,Medora,Pharmacy/B2B,11,330.77,CNY,0.15,3638.47,3092.7
TXN-CN-1-000966,2026-08-25 13:00:07,2026-08-25 13:02:07,CN,Other ERP,C,DER-002,Dermacare LiftCream,AES,Dermacare,Pharmacy/B2B,1,284.62,CNY,0.0,284.62,284.62
TXN-CN-1-000967,2026-08-25 11:51:01,2026-08-25 11:57:01,CN,Other ERP,C,PUR-001,PureLife GlucoMonitor,MD,PureLife,Pharmacy/B2B,1,653.85,CNY,0.0,653.85,653.85
TXN-CN-1-000968,2026-08-25 05:32:00,2026-08-25 05:36:00,CN,Other ERP,C,VIT-001,Vitalis C1000,SUP,Vitalis,E-commerce,2,161.54,CNY,0.0,323.08,323.08
TXN-CN-1-000969,2026-08-25 06:46:59,2026-08-25 06:49:59,CN,Other ERP,C,DER-002,Dermacare LiftCream,AES,Dermacare,E-commerce,2,284.62,CNY,0.05,569.24,540.78
TXN-CN-1-000970,2026-08-25 00:57:49,2026-08-25 01:02:49,CN,Other ERP,C,SAN-001,SanaPlus PainRelief,OTC,SanaPlus,E-commerce,10,73.08,CNY,0.15,730.8,621.18
TXN-CN-1-000971,2026-08-25 04:29:36,2026-08-25 04:31:36,CN,Other ERP,C,DER-001,Dermacare GlowSerum,AES,Dermacare,Pharmacy/B2B,8,246.15,CNY,0.0,1969.2,1969.2
TXN-CN-1-000972,2026-08-25 01:16:38,2026-08-25 01:18:38,CN,Other ERP,C,MED-002,Medora Derm Cream,RX,Medora,E-commerce,7,200.0,CNY,0.1,1400.0,1260.0
TXN-CN-1-000973,2026-08-25 12:35:32,2026-08-25 12:38:32,CN,Other ERP,C,VIT-001,Vitalis C1000,SUP,Vitalis,Wholesale,3,161.54,CNY,0.15,484.62,411.93
TXN-CN-1-000974,2026-08-25 00:58:31,2026-08-25 01:03:31,CN,Other ERP,C,VIT-001,Vitalis C1000,SUP,Vitalis,Wholesale,4,161.54,CNY,0.0,646.16,646.16
TXN-CN-1-000975,2026-08-25 04:39:13,2026-08-25 04:45:13,CN,Other ERP,C,SAN-002,SanaPlus ColdFlu,OTC,SanaPlus,D2C,11,80.77,CNY,0.15,888.47,755.2
TXN-CN-1-000976,2026-08-25 07:45:45,2026-08-25 07:47:45,CN,Other ERP,C,VIT-001,Vitalis C1000,SUP,Vitalis,E-commerce,3,161.54,CNY,0.15,484.62,411.93
TXN-CN-1-000977,2026-08-25 16:07:04,2026-08-25 16:09:04,CN,Other ERP,C,PUR-002,PureLife BP Monitor,MD,PureLife,E-commerce,9,692.31,CNY,0.1,6230.79,5607.71
TXN-CN-1-000978,2026-08-25 22:08:01,2026-08-25 22:10:01,CN,Other ERP,C,MED-001,Medora Cardio 10mg,RX,Medora,D2C,6,330.77,CNY,0.2,1984.62,1587.7
TXN-CN-1-000979,2026-08-25 17:14:46,2026-08-25 17:20:46,CN,Other ERP,C,VIT-002,Vitalis Multivit,SUP,Vitalis,D2C,4,130.77,CNY,0.0,523.08,523.08
TXN-CN-1-000980,2026-08-25 08:15:05,2026-08-25 08:19:05,CN,Other ERP,C,DER-001,Dermacare GlowSerum,AES,Dermacare,Pharmacy/B2B,9,246.15,CNY,0.0,2215.35,2215.35
TXN-CN-1-000981,2026-08-25 01:15:55,2026-08-25 01:19:55,CN,Other ERP,C,DER-001,Dermacare GlowSerum,AES,Dermacare,Pharmacy/B2B,1,246.15,CNY,0.1,246.15,221.53
TXN-CN-1-000982,2026-08-25 16:42:57,2026-08-25 16:43:57,CN,Other ERP,C,PUR-001,PureLife GlucoMonitor,MD,PureLife,E-commerce,7,653.85,CNY,0.1,4576.95,4119.26
TXN-CN-1-000983,2026-08-25 18:07:32,2026-08-25 18:08:32,CN,Other ERP,C,PUR-001,PureLife GlucoMonitor,MD,PureLife,E-commerce,4,653.85,CNY,0.05,2615.4,2484.63
TXN-CN-1-000984,2026-08-25 01:24:16,2026-08-25 01:25:16,CN,Other ERP,C,MED-001,Medora Cardio 10mg,RX,Medora,Wholesale,2,330.77,CNY,0.0,661.54,661.54
TXN-CN-1-000985,2026-08-25 14:26:00,2026-08-25 14:27:00,CN,Other ERP,C,SAN-002,SanaPlus ColdFlu,OTC,SanaPlus,E-commerce,9,80.77,CNY,0.15,726.93,617.89
TXN-CN-1-000986,2026-08-25 20:23:49,2026-08-25 20:29:49,CN,Other ERP,C,VIT-001,Vitalis C1000,SUP,Vitalis,Pharmacy/B2B,8,161.54,CNY,0.15,1292.32,1098.47
TXN-CN-1-000987,2026-08-25 22:56:50,2026-08-25 23:00:50,CN,Other ERP,C,SAN-001,SanaPlus PainRelief,OTC,SanaPlus,D2C,7,73.08,CNY,0.05,511.56,485.98
TXN-CN-1-000988,2026-08-25 07:17:34,2026-08-25 07:20:34,CN,Other ERP,C,DER-002,Dermacare LiftCream,AES,Dermacare,D2C,3,284.62,CNY,0.0,853.86,853.86
TXN-CN-1-000989,2026-08-25 07:38:21,2026-08-25 07:40:21,CN,Other ERP,C,VIT-001,Vitalis C1000,SUP,Vitalis,E-commerce,3,161.54,CNY,0.15,484.62,411.93
TXN-CN-1-000990,2026-08-25 18:30:31,2026-08-25 18:31:31,CN,Other ERP,C,MED-002,Medora Derm Cream,RX,Medora,D2C,5,200.0,CNY,0.0,1000.0,1000.0
TXN-CN-1-000991,2026-08-25 12:36:04,2026-08-25 12:41:04,CN,Other ERP,C,PUR-002,PureLife BP Monitor,MD,PureLife,E-commerce,12,692.31,CNY,0.2,8307.72,6646.18
TXN-CN-1-000992,2026-08-25 22:59:10,2026-08-25 23:01:10,CN,Other ERP,C,VIT-001,Vitalis C1000,SUP,Vitalis,D2C,7,161.54,CNY,0.0,1130.78,1130.78
TXN-CN-1-000993,2026-08-25 13:43:37,2026-08-25 13:45:37,CN,Other ERP,C,PUR-002,PureLife BP Monitor,MD,PureLife,D2C,4,692.31,CNY,0.0,2769.24,2769.24
TXN-CN-1-000994,2026-08-25 23:53:14,2026-08-25 23:54:14,CN,Other ERP,C,DER-001,Dermacare GlowSerum,AES,Dermacare,E-commerce,11,246.15,CNY,0.2,2707.65,2166.12
TXN-CN-1-000995,2026-08-25 17:25:55,2026-08-25 17:27:55,CN,Other ERP,C,MED-002,Medora Derm Cream,RX,Medora,Pharmacy/B2B,9,200.0,CNY,0.0,1800.0,1800.0
TXN-CN-1-000996,2026-08-25 09:53:13,2026-08-25 09:57:13,CN,Other ERP,C,DER-002,Dermacare LiftCream,AES,Dermacare,D2C,2,284.62,CNY,0.2,569.24,455.39
TXN-CN-1-000997,2026-08-25 08:36:14,2026-08-25 08:37:14,CN,Other ERP,C,DER-002,Dermacare LiftCream,AES,Dermacare,D2C,4,284.62,CNY,0.2,1138.48,910.78
TXN-CN-1-000998,2026-08-25 20:20:54,2026-08-25 20:23:54,CN,Other ERP,C,MED-002,Medora Derm Cream,RX,Medora,D2C,3,200.0,CNY,0.0,600.0,600.0
TXN-CN-1-000999,2026-08-25 02:36:42,2026-08-25 02:38:42,CN,Other ERP,C,DER-001,Dermacare GlowSerum,AES,Dermacare,E-commerce,7,246.15,CNY,0.15,1723.05,1464.59
TXN-CN-1-001000,2026-08-25 02:05:14,2026-08-25 02:10:14,CN,Other ERP,C,SAN-001,SanaPlus PainRelief,OTC,SanaPlus,Wholesale,4,73.08,CNY,0.1,292.32,263.09
TXN-CN-1-001001,2026-08-25 17:14:26,2026-08-25 17:20:26,CN,Other ERP,C,SAN-002,SanaPlus ColdFlu,OTC,SanaPlus,Wholesale,2,80.77,CNY,0.0,161.54,161.54
TXN-CN-1-001002,2026-08-25 10:04:47,2026-08-25 10:08:47,CN,Other ERP,C,MED-001,Medora Cardio 10mg,RX,Medora,D2C,6,330.77,CNY,0.0,1984.62,1984.62
TXN-CN-1-001003,2026-08-25 20:42:17,2026-08-25 20:43:17,CN,Other ERP,C,VIT-001,Vitalis C1000,SUP,Vitalis,Pharmacy/B2B,6,161.54,CNY,0.0,969.24,969.24
TXN-CN-1-001004,2026-08-25 15:35:14,2026-08-25 15:41:14,CN,Other ERP,C,SAN-001,SanaPlus PainRelief,OTC,SanaPlus,Pharmacy/B2B,2,73.08,CNY,0.1,146.16,131.54
TXN-CN-1-001005,2026-08-25 12:27:35,2026-08-25 12:30:35,CN,Other ERP,C,DER-001,Dermacare GlowSerum,AES,Dermacare,D2C,1,246.15,CNY,0.1,246.15,221.53
TXN-CN-1-001006,2026-08-25 03:19:30,2026-08-25 03:24:30,CN,Other ERP,C,DER-001,Dermacare GlowSerum,AES,Dermacare,E-commerce,10,246.15,CNY,0.0,2461.5,2461.5
TXN-CN-1-001007,2026-08-25 16:24:55,2026-08-25 16:29:55,CN,Other ERP,C,DER-002,Dermacare LiftCream,AES,Dermacare,D2C,3,284.62,CNY,0.0,853.86,853.86
TXN-CN-1-001008,2026-08-25 17:22:22,2026-08-25 17:23:22,CN,Other ERP,C,VIT-001,Vitalis C1000,SUP,Vitalis,Pharmacy/B2B,5,161.54,CNY,0.0,807.7,807.7
TXN-CN-1-001009,2026-08-25 15:49:23,2026-08-25 15:51:23,CN,Other ERP,C,MED-001,Medora Cardio 10mg,RX,Medora,Pharmacy/B2B,10,330.77,CNY,0.2,3307.7,2646.16
TXN-CN-1-001010,2026-08-25 23:44:22,2026-08-25 23:48:22,CN,Other ERP,C,MED-002,Medora Derm Cream,RX,Medora,E-commerce,12,200.0,CNY,0.15,2400.0,2040.0
TXN-CN-1-001011,2026-08-25 03:16:10,2026-08-25 03:18:10,CN,Other ERP,C,SAN-001,SanaPlus PainRelief,OTC,SanaPlus,Pharmacy/B2B,4,73.08,CNY,0.1,292.32,263.09
TXN-CN-1-001012,2026-08-25 08:52:15,2026-08-25 08:58:15,CN,Other ERP,C,DER-001,Dermacare GlowSerum,AES,Dermacare,Wholesale,8,246.15,CNY,0.1,1969.2,1772.28
TXN-CN-1-001013,2026-08-25 20:37:36,2026-08-25 20:43:36,CN,Other ERP,C,DER-002,Dermacare LiftCream,AES,Dermacare,Wholesale,1,284.62,CNY,0.1,284.62,256.16
TXN-CN-1-001014,2026-08-25 19:02:59,2026-08-25 19:06:59,CN,Other ERP,C,VIT-002,Vitalis Multivit,SUP,Vitalis,Pharmacy/B2B,3,130.77,CNY,0.05,392.31,372.69
TXN-CN-1-001015,2026-08-25 17:51:37,2026-08-25 17:55:37,CN,Other ERP,C,VIT-002,Vitalis Multivit,SUP,Vitalis,Pharmacy/B2B,10,130.77,CNY,0.2,1307.7,1046.16
TXN-CN-1-001016,2026-08-25 06:44:57,2026-08-25 06:46:57,CN,Other ERP,C,DER-002,Dermacare LiftCream,AES,Dermacare,Wholesale,11,284.62,CNY,0.2,3130.82,2504.66
TXN-CN-1-001017,2026-08-25 01:01:51,2026-08-25 01:05:51,CN,Other ERP,C,SAN-002,SanaPlus ColdFlu,OTC,SanaPlus,Wholesale,11,80.77,CNY,0.1,888.47,799.62
TXN-CN-1-001018,2026-08-25 15:18:16,2026-08-25 15:21:16,CN,Other ERP,C,VIT-002,Vitalis Multivit,SUP,Vitalis,E-commerce,11,130.77,CNY,0.15,1438.47,1222.7
TXN-CN-1-001019,2026-08-25 20:48:49,2026-08-25 20:54:49,CN,Other ERP,C,SAN-001,SanaPlus PainRelief,OTC,SanaPlus,E-commerce,2,73.08,CNY,0.1,146.16,131.54
TXN-CN-1-001020,2026-08-25 03:20:18,2026-08-25 03:26:18,CN,Other ERP,C,DER-001,Dermacare GlowSerum,AES,Dermacare,D2C,5,246.15,CNY,0.0,1230.75,1230.75
TXN-CN-1-001021,2026-08-25 01:07:27,2026-08-25 01:12:27,CN,Other ERP,C,PUR-002,PureLife BP Monitor,MD,PureLife,D2C,3,692.31,CNY,0.0,2076.93,2076.93
TXN-CN-1-001022,2026-08-25 04:32:23,2026-08-25 04:34:23,CN,Other ERP,C,MED-001,Medora Cardio 10mg,RX,Medora,E-commerce,2,330.77,CNY,0.1,661.54,595.39
TXN-CN-1-001023,2026-08-25 02:31:17,2026-08-25 02:34:17,CN,Other ERP,C,MED-001,Medora Cardio 10mg,RX,Medora,D2C,8,330.77,CNY,0.2,2646.16,2116.93
TXN-CN-1-001024,2026-08-25 13:46:03,2026-08-25 13:49:03,CN,Other ERP,C,SAN-001,SanaPlus PainRelief,OTC,SanaPlus,Wholesale,5,73.08,CNY,0.05,365.4,347.13
TXN-CN-1-001025,2026-08-25 00:15:02,2026-08-25 00:21:02,CN,Other ERP,C,MED-001,Medora Cardio 10mg,RX,Medora,Pharmacy/B2B,3,330.77,CNY,0.05,992.31,942.69
TXN-CN-1-001026,2026-08-25 20:26:05,2026-08-25 20:30:05,CN,Other ERP,C,DER-001,Dermacare GlowSerum,AES,Dermacare,D2C,5,246.15,CNY,0.1,1230.75,1107.67
TXN-CN-1-001027,2026-08-25 15:50:50,2026-08-25 15:54:50,CN,Other ERP,C,DER-001,Dermacare GlowSerum,AES,Dermacare,D2C,10,246.15,CNY,0.05,2461.5,2338.42
TXN-CN-1-001028,2026-08-25 21:35:36,2026-08-25 21:39:36,CN,Other ERP,C,SAN-001,SanaPlus PainRelief,OTC,SanaPlus,Pharmacy/B2B,7,73.08,CNY,0.2,511.56,409.25
TXN-CN-1-001029,2026-08-25 07:19:45,2026-08-25 07:23:45,CN,Other ERP,C,SAN-002,SanaPlus ColdFlu,OTC,SanaPlus,Wholesale,12,80.77,CNY,0.0,969.24,969.24
TXN-CN-1-001030,2026-08-25 09:21:16,2026-08-25 09:24:16,CN,Other ERP,C,MED-001,Medora Cardio 10mg,RX,Medora,Pharmacy/B2B,7,330.77,CNY,0.0,2315.39,2315.39
TXN-CN-1-001031,2026-08-25 12:51:08,2026-08-25 12:54:08,CN,Other ERP,C,VIT-002,Vitalis Multivit,SUP,Vitalis,Wholesale,4,130.77,CNY,0.0,523.08,523.08
TXN-CN-1-001032,2026-08-25 21:26:23,2026-08-25 21:32:23,CN,Other ERP,C,DER-001,Dermacare GlowSerum,AES,Dermacare,D2C,10,246.15,CNY,0.05,2461.5,2338.42
TXN-CN-1-001033,2026-08-25 22:26:40,2026-08-25 22:28:40,CN,Other ERP,C,DER-002,Dermacare LiftCream,AES,Dermacare,Wholesale,2,284.62,CNY,0.0,569.24,569.24
TXN-CN-1-001034,2026-08-25 23:07:09,2026-08-25 23:12:09,CN,Other ERP,C,SAN-002,SanaPlus ColdFlu,OTC,SanaPlus,E-commerce,10,80.77,CNY,0.15,807.7,686.55
TXN-CN-1-001035,2026-08-25 13:50:27,2026-08-25 13:52:27,CN,Other ERP,C,SAN-002,SanaPlus ColdFlu,OTC,SanaPlus,E-commerce,1,80.77,CNY,0.15,80.77,68.65
TXN-CN-1-001036,2026-08-25 13:30:22,2026-08-25 13:35:22,CN,Other ERP,C,DER-002,Dermacare LiftCream,AES,Dermacare,Pharmacy/B2B,3,284.62,CNY,0.0,853.86,853.86
TXN-CN-1-001037,2026-08-25 12:44:04,2026-08-25 12:45:04,CN,Other ERP,C,VIT-001,Vitalis C1000,SUP,Vitalis,E-commerce,8,161.54,CNY,0.05,1292.32,1227.7
TXN-CN-1-001038,2026-08-25 07:30:49,2026-08-25 07:34:49,CN,Other ERP,C,SAN-001,SanaPlus PainRelief,OTC,SanaPlus,E-commerce,2,73.08,CNY,0.2,146.16,116.93
TXN-CN-1-001039,2026-08-25 11:25:58,2026-08-25 11:30:58,CN,Other ERP,C,SAN-001,SanaPlus PainRelief,OTC,SanaPlus,D2C,10,73.08,CNY,0.05,730.8,694.26
TXN-CN-1-001040,2026-08-25 12:41:42,2026-08-25 12:44:42,CN,Other ERP,C,DER-001,Dermacare GlowSerum,AES,Dermacare,Wholesale,4,246.15,CNY,0.0,984.6,984.6
TXN-CN-1-001041,2026-08-25 12:01:47,2026-08-25 12:04:47,CN,Other ERP,C,SAN-001,SanaPlus PainRelief,OTC,SanaPlus,E-commerce,5,73.08,CNY,0.15,365.4,310.59
TXN-CN-1-001042,2026-08-25 09:22:17,2026-08-25 09:23:17,CN,Other ERP,C,SAN-001,SanaPlus PainRelief,OTC,SanaPlus,Pharmacy/B2B,7,73.08,CNY,0.1,511.56,460.4
TXN-CN-1-001043,2026-08-25 21:58:19,2026-08-25 22:03:19,CN,Other ERP,C,VIT-002,Vitalis Multivit,SUP,Vitalis,E-commerce,12,130.77,CNY,0.2,1569.24,1255.39
TXN-CN-1-001044,2026-08-25 09:24:39,2026-08-25 09:27:39,CN,Other ERP,C,PUR-002,PureLife BP Monitor,MD,PureLife,Wholesale,5,692.31,CNY,0.0,3461.55,3461.55
TXN-CN-1-001045,2026-08-25 20:55:55,2026-08-25 20:58:55,CN,Other ERP,C,DER-001,Dermacare GlowSerum,AES,Dermacare,D2C,1,246.15,CNY,0.1,246.15,221.53
TXN-CN-1-001046,2026-08-25 23:56:04,2026-08-26 00:02:04,CN,Other ERP,C,PUR-001,PureLife GlucoMonitor,MD,PureLife,E-commerce,3,653.85,CNY,0.0,1961.55,1961.55
TXN-CN-1-001047,2026-08-25 01:44:17,2026-08-25 01:49:17,CN,Other ERP,C,SAN-002,SanaPlus ColdFlu,OTC,SanaPlus,Wholesale,3,80.77,CNY,0.1,242.31,218.08
TXN-CN-1-001048,2026-08-25 17:22:05,2026-08-25 17:28:05,CN,Other ERP,C,VIT-002,Vitalis Multivit,SUP,Vitalis,D2C,2,130.77,CNY,0.0,261.54,261.54
TXN-CN-1-001049,2026-08-25 05:44:29,2026-08-25 05:45:29,CN,Other ERP,C,MED-001,Medora Cardio 10mg,RX,Medora,Wholesale,3,330.77,CNY,0.0,992.31,992.31
TXN-CN-1-001050,2026-08-25 06:18:39,2026-08-25 06:19:39,CN,Other ERP,C,DER-002,Dermacare LiftCream,AES,Dermacare,Pharmacy/B2B,8,284.62,CNY,0.0,2276.96,2276.96
TXN-CN-1-001051,2026-08-25 10:58:19,2026-08-25 11:03:19,CN,Other ERP,C,SAN-002,SanaPlus ColdFlu,OTC,SanaPlus,E-commerce,5,80.77,CNY,0.15,403.85,343.27
TXN-CN-1-001052,2026-08-25 15:01:46,2026-08-25 15:04:46,CN,Other ERP,C,SAN-002,SanaPlus ColdFlu,OTC,SanaPlus,Wholesale,10,80.77,CNY,0.0,807.7,807.7
TXN-CN-1-001053,2026-08-25 04:34:30,2026-08-25 04:35:30,CN,Other ERP,C,VIT-002,Vitalis Multivit,SUP,Vitalis,Pharmacy/B2B,1,130.77,CNY,0.0,130.77,130.77
TXN-CN-1-001054,2026-08-25 10:07:36,2026-08-25 10:12:36,CN,Other ERP,C,DER-001,Dermacare GlowSerum,AES,Dermacare,D2C,7,246.15,CNY,0.0,1723.05,1723.05
TXN-CN-1-001055,2026-08-25 05:24:08,2026-08-25 05:30:08,CN,Other ERP,C,PUR-002,PureLife BP Monitor,MD,PureLife,E-commerce,10,692.31,CNY,0.0,6923.1,6923.1
TXN-CN-1-001056,2026-08-25 00:59:49,2026-08-25 01:01:49,CN,Other ERP,C,SAN-002,SanaPlus ColdFlu,OTC,SanaPlus,Pharmacy/B2B,3,80.77,CNY,0.2,242.31,193.85
TXN-CN-1-001057,2026-08-25 04:10:46,2026-08-25 04:12:46,CN,Other ERP,C,DER-002,Dermacare LiftCream,AES,Dermacare,D2C,7,284.62,CNY,0.2,1992.34,1593.87
TXN-CN-1-001058,2026-08-25 12:58:12,2026-08-25 13:03:12,CN,Other ERP,C,PUR-002,PureLife BP Monitor,MD,PureLife,Wholesale,4,692.31,CNY,0.0,2769.24,2769.24
TXN-CN-1-001059,2026-08-25 21:12:09,2026-08-25 21:15:09,CN,Other ERP,C,DER-002,Dermacare LiftCream,AES,Dermacare,Pharmacy/B2B,9,284.62,CNY,0.05,2561.58,2433.5
TXN-CN-1-001060,2026-08-25 02:52:19,2026-08-25 02:57:19,CN,Other ERP,C,PUR-002,PureLife BP Monitor,MD,PureLife,E-commerce,2,692.31,CNY,0.0,1384.62,1384.62
TXN-CN-1-001061,2026-08-25 13:07:30,2026-08-25 13:12:30,CN,Other ERP,C,SAN-001,SanaPlus PainRelief,OTC,SanaPlus,E-commerce,5,73.08,CNY,0.15,365.4,310.59
TXN-CN-1-001062,2026-08-25 11:54:54,2026-08-25 11:58:54,CN,Other ERP,C,DER-001,Dermacare GlowSerum,AES,Dermacare,E-commerce,2,246.15,CNY,0.0,492.3,492.3
TXN-CN-1-001063,2026-08-25 08:06:45,2026-08-25 08:11:45,CN,Other ERP,C,PUR-001,PureLife GlucoMonitor,MD,PureLife,D2C,1,653.85,CNY,0.0,653.85,653.85
TXN-CN-1-001064,2026-08-25 10:47:59,2026-08-25 10:49:59,CN,Other ERP,C,VIT-002,Vitalis Multivit,SUP,Vitalis,Wholesale,3,130.77,CNY,0.15,392.31,333.46
TXN-CN-1-001065,2026-08-25 04:56:30,2026-08-25 04:57:30,CN,Other ERP,C,VIT-002,Vitalis Multivit,SUP,Vitalis,E-commerce,5,130.77,CNY,0.05,653.85,621.16
TXN-CN-1-001066,2026-08-25 10:39:31,2026-08-25 10:41:31,CN,Other ERP,C,SAN-001,SanaPlus PainRelief,OTC,SanaPlus,Wholesale,4,73.08,CNY,0.15,292.32,248.47
TXN-CN-1-001067,2026-08-25 03:55:27,2026-08-25 03:56:27,CN,Other ERP,C,SAN-001,SanaPlus PainRelief,OTC,SanaPlus,E-commerce,11,73.08,CNY,0.05,803.88,763.69
TXN-CN-1-001068,2026-08-25 21:05:49,2026-08-25 21:09:49,CN,Other ERP,C,PUR-001,PureLife GlucoMonitor,MD,PureLife,Wholesale,9,653.85,CNY,0.2,5884.65,4707.72
TXN-CN-1-001069,2026-08-25 01:01:12,2026-08-25 01:02:12,CN,Other ERP,C,PUR-001,PureLife GlucoMonitor,MD,PureLife,D2C,12,653.85,CNY,0.15,7846.2,6669.27
TXN-CN-1-001070,2026-08-25 05:07:43,2026-08-25 05:12:43,CN,Other ERP,C,SAN-001,SanaPlus PainRelief,OTC,SanaPlus,Wholesale,10,73.08,CNY,0.0,730.8,730.8
TXN-CN-1-001071,2026-08-25 05:34:12,2026-08-25 05:40:12,CN,Other ERP,C,MED-002,Medora Derm Cream,RX,Medora,Wholesale,8,200.0,CNY,0.0,1600.0,1600.0
TXN-CN-1-001072,2026-08-25 02:20:42,2026-08-25 02:24:42,CN,Other ERP,C,SAN-001,SanaPlus PainRelief,OTC,SanaPlus,E-commerce,1,73.08,CNY,0.0,73.08,73.08
TXN-CN-1-001073,2026-08-25 07:34:01,2026-08-25 07:37:01,CN,Other ERP,C,MED-001,Medora Cardio 10mg,RX,Medora,E-commerce,4,330.77,CNY,0.1,1323.08,1190.77
TXN-CN-1-001074,2026-08-25 13:20:52,2026-08-25 13:21:52,CN,Other ERP,C,VIT-001,Vitalis C1000,SUP,Vitalis,E-commerce,9,161.54,CNY,0.1,1453.86,1308.47
TXN-CN-1-001075,2026-08-25 10:12:23,2026-08-25 10:16:23,CN,Other ERP,C,DER-001,Dermacare GlowSerum,AES,Dermacare,D2C,3,246.15,CNY,0.05,738.45,701.53
TXN-CN-1-001076,2026-08-25 12:15:41,2026-08-25 12:21:41,CN,Other ERP,C,VIT-001,Vitalis C1000,SUP,Vitalis,E-commerce,4,161.54,CNY,0.0,646.16,646.16
TXN-CN-1-001077,2026-08-25 18:56:38,2026-08-25 18:58:38,CN,Other ERP,C,PUR-002,PureLife BP Monitor,MD,PureLife,E-commerce,1,692.31,CNY,0.0,692.31,692.31
TXN-CN-1-001078,2026-08-25 00:35:28,2026-08-25 00:37:28,CN,Other ERP,C,SAN-002,SanaPlus ColdFlu,OTC,SanaPlus,Wholesale,10,80.77,CNY,0.0,807.7,807.7
TXN-CN-1-001079,2026-08-25 07:50:49,2026-08-25 07:52:49,CN,Other ERP,C,MED-001,Medora Cardio 10mg,RX,Medora,E-commerce,1,330.77,CNY,0.0,330.77,330.77
TXN-CN-1-001080,2026-08-25 07:10:56,2026-08-25 07:13:56,CN,Other ERP,C,DER-001,Dermacare GlowSerum,AES,Dermacare,Wholesale,8,246.15,CNY,0.0,1969.2,1969.2
TXN-CN-1-001081,2026-08-25 04:28:22,2026-08-25 04:34:22,CN,Other ERP,C,DER-001,Dermacare GlowSerum,AES,Dermacare,Wholesale,6,246.15,CNY,0.2,1476.9,1181.52
TXN-CN-1-001082,2026-08-25 00:23:23,2026-08-25 00:27:23,CN,Other ERP,C,DER-001,Dermacare GlowSerum,AES,Dermacare,E-commerce,8,246.15,CNY,0.1,1969.2,1772.28
TXN-CN-1-001083,2026-08-25 22:12:28,2026-08-25 22:15:28,CN,Other ERP,C,SAN-002,SanaPlus ColdFlu,OTC,SanaPlus,E-commerce,12,80.77,CNY,0.0,969.24,969.24
TXN-CN-1-001084,2026-08-25 06:19:08,2026-08-25 06:22:08,CN,Other ERP,C,SAN-002,SanaPlus ColdFlu,OTC,SanaPlus,E-commerce,1,80.77,CNY,0.0,80.77,80.77
TXN-CN-1-001085,2026-08-25 06:18:00,2026-08-25 06:20:00,CN,Other ERP,C,PUR-002,PureLife BP Monitor,MD,PureLife,D2C,8,692.31,CNY,0.0,5538.48,5538.48
TXN-CN-1-001086,2026-08-25 08:33:20,2026-08-25 08:34:20,CN,Other ERP,C,VIT-002,Vitalis Multivit,SUP,Vitalis,D2C,12,130.77,CNY,0.2,1569.24,1255.39
TXN-CN-1-001087,2026-08-25 04:47:56,2026-08-25 04:48:56,CN,Other ERP,C,VIT-001,Vitalis C1000,SUP,Vitalis,D2C,8,161.54,CNY,0.0,1292.32,1292.32
TXN-CN-1-001088,2026-08-25 21:10:21,2026-08-25 21:16:21,CN,Other ERP,C,MED-001,Medora Cardio 10mg,RX,Medora,Pharmacy/B2B,8,330.77,CNY,0.15,2646.16,2249.24
TXN-CN-1-001089,2026-08-25 05:56:10,2026-08-25 05:58:10,CN,Other ERP,C,VIT-001,Vitalis C1000,SUP,Vitalis,D2C,1,161.54,CNY,0.0,161.54,161.54
TXN-CN-1-001090,2026-08-25 02:07:46,2026-08-25 02:11:46,CN,Other ERP,C,DER-001,Dermacare GlowSerum,AES,Dermacare,D2C,11,246.15,CNY,0.1,2707.65,2436.89
TXN-CN-1-001091,2026-08-25 16:50:29,2026-08-25 16:56:29,CN,Other ERP,C,MED-002,Medora Derm Cream,RX,Medora,Wholesale,11,200.0,CNY,0.15,2200.0,1870.0
TXN-CN-1-001092,2026-08-25 18:01:45,2026-08-25 18:04:45,CN,Other ERP,C,SAN-001,SanaPlus PainRelief,OTC,SanaPlus,Wholesale,2,73.08,CNY,0.1,146.16,131.54
TXN-CN-1-001093,2026-08-25 21:52:17,2026-08-25 21:54:17,CN,Other ERP,C,SAN-001,SanaPlus PainRelief,OTC,SanaPlus,Pharmacy/B2B,7,73.08,CNY,0.0,511.56,511.56
TXN-CN-1-001094,2026-08-25 23:17:42,2026-08-25 23:22:42,CN,Other ERP,C,VIT-002,Vitalis Multivit,SUP,Vitalis,Wholesale,3,130.77,CNY,0.2,392.31,313.85
TXN-CN-1-001095,2026-08-25 17:04:53,2026-08-25 17:10:53,CN,Other ERP,C,VIT-001,Vitalis C1000,SUP,Vitalis,D2C,9,161.54,CNY,0.2,1453.86,1163.09
TXN-CN-1-001096,2026-08-25 02:20:00,2026-08-25 02:22:00,CN,Other ERP,C,VIT-001,Vitalis C1000,SUP,Vitalis,D2C,10,161.54,CNY,0.0,1615.4,1615.4
TXN-CN-1-001097,2026-08-25 21:17:48,2026-08-25 21:23:48,CN,Other ERP,C,SAN-002,SanaPlus ColdFlu,OTC,SanaPlus,Wholesale,7,80.77,CNY,0.2,565.39,452.31
TXN-CN-1-001098,2026-08-25 19:26:03,2026-08-25 19:29:03,CN,Other ERP,C,SAN-001,SanaPlus PainRelief,OTC,SanaPlus,E-commerce,4,73.08,CNY,0.05,292.32,277.7
TXN-CN-1-001099,2026-08-25 09:04:10,2026-08-25 09:10:10,CN,Other ERP,C,VIT-002,Vitalis Multivit,SUP,Vitalis,Wholesale,10,130.77,CNY,0.2,1307.7,1046.16
TXN-CN-1-001100,2026-08-25 02:46:41,2026-08-25 02:48:41,CN,Other ERP,C,MED-002,Medora Derm Cream,RX,Medora,E-commerce,2,200.0,CNY,0.0,400.0,400.0
TXN-CN-1-001101,2026-08-25 01:42:59,2026-08-25 01:43:59,CN,Other ERP,C,PUR-001,PureLife GlucoMonitor,MD,PureLife,Wholesale,9,653.85,CNY,0.0,5884.65,5884.65
TXN-CN-1-001102,2026-08-25 08:34:54,2026-08-25 08:40:54,CN,Other ERP,C,SAN-002,SanaPlus ColdFlu,OTC,SanaPlus,Wholesale,12,80.77,CNY,0.1,969.24,872.32
TXN-CN-1-001103,2026-08-25 01:49:13,2026-08-25 01:55:13,CN,Other ERP,C,MED-002,Medora Derm Cream,RX,Medora,Wholesale,1,200.0,CNY,0.2,200.0,160.0
TXN-CN-1-001104,2026-08-25 17:38:54,2026-08-25 17:41:54,CN,Other ERP,C,MED-001,Medora Cardio 10mg,RX,Medora,E-commerce,10,330.77,CNY,0.0,3307.7,3307.7
TXN-CN-1-001105,2026-08-25 12:50:05,2026-08-25 12:51:05,CN,Other ERP,C,PUR-002,PureLife BP Monitor,MD,PureLife,D2C,12,692.31,CNY,0.0,8307.72,8307.72
TXN-CN-1-001106,2026-08-25 06:29:17,2026-08-25 06:34:17,CN,Other ERP,C,SAN-002,SanaPlus ColdFlu,OTC,SanaPlus,Pharmacy/B2B,8,80.77,CNY,0.0,646.16,646.16
TXN-CN-1-001107,2026-08-25 06:17:11,2026-08-25 06:19:11,CN,Other ERP,C,VIT-001,Vitalis C1000,SUP,Vitalis,Wholesale,7,161.54,CNY,0.15,1130.78,961.16
TXN-CN-1-001108,2026-08-25 09:16:01,2026-08-25 09:18:01,CN,Other ERP,C,VIT-002,Vitalis Multivit,SUP,Vitalis,Wholesale,3,130.77,CNY,0.0,392.31,392.31
TXN-CN-1-001109,2026-08-25 00:46:53,2026-08-25 00:49:53,CN,Other ERP,C,SAN-001,SanaPlus PainRelief,OTC,SanaPlus,E-commerce,3,73.08,CNY,0.0,219.24,219.24
TXN-CN-1-001110,2026-08-25 13:40:41,2026-08-25 13:42:41,CN,Other ERP,C,DER-001,Dermacare GlowSerum,AES,Dermacare,D2C,11,246.15,CNY,0.2,2707.65,2166.12
TXN-CN-1-001111,2026-08-25 09:29:26,2026-08-25 09:34:26,CN,Other ERP,C,DER-001,Dermacare GlowSerum,AES,Dermacare,E-commerce,4,246.15,CNY,0.15,984.6,836.91
TXN-CN-1-001112,2026-08-25 00:03:17,2026-08-25 00:09:17,CN,Other ERP,C,PUR-001,PureLife GlucoMonitor,MD,PureLife,E-commerce,4,653.85,CNY,0.0,2615.4,2615.4
TXN-CN-1-001113,2026-08-25 10:43:11,2026-08-25 10:46:11,CN,Other ERP,C,DER-002,Dermacare LiftCream,AES,Dermacare,Pharmacy/B2B,5,284.62,CNY,0.1,1423.1,1280.79
TXN-CN-1-001114,2026-08-25 18:52:49,2026-08-25 18:56:49,CN,Other ERP,C,PUR-001,PureLife GlucoMonitor,MD,PureLife,D2C,1,653.85,CNY,0.0,653.85,653.85
TXN-CN-1-001115,2026-08-25 16:54:59,2026-08-25 16:55:59,CN,Other ERP,C,VIT-001,Vitalis C1000,SUP,Vitalis,Pharmacy/B2B,6,161.54,CNY,0.1,969.24,872.32
TXN-CN-1-001116,2026-08-25 13:44:42,2026-08-25 13:49:42,CN,Other ERP,C,SAN-002,SanaPlus ColdFlu,OTC,SanaPlus,Pharmacy/B2B,10,80.77,CNY,0.2,807.7,646.16
TXN-CN-1-001117,2026-08-25 11:24:14,2026-08-25 11:26:14,CN,Other ERP,C,DER-002,Dermacare LiftCream,AES,Dermacare,Wholesale,5,284.62,CNY,0.1,1423.1,1280.79
TXN-CN-1-001118,2026-08-25 06:36:50,2026-08-25 06:40:50,CN,Other ERP,C,DER-001,Dermacare GlowSerum,AES,Dermacare,E-commerce,3,246.15,CNY,0.1,738.45,664.61
TXN-CN-1-001119,2026-08-25 11:31:28,2026-08-25 11:35:28,CN,Other ERP,C,VIT-002,Vitalis Multivit,SUP,Vitalis,D2C,3,130.77,CNY,0.05,392.31,372.69
TXN-CN-1-001120,2026-08-25 18:07:54,2026-08-25 18:11:54,CN,Other ERP,C,SAN-002,SanaPlus ColdFlu,OTC,SanaPlus,E-commerce,3,80.77,CNY,0.0,242.31,242.31
TXN-CN-1-001121,2026-08-25 20:39:09,2026-08-25 20:41:09,CN,Other ERP,C,MED-001,Medora Cardio 10mg,RX,Medora,Wholesale,2,330.77,CNY,0.05,661.54,628.46
TXN-CN-1-001122,2026-08-25 12:43:02,2026-08-25 12:48:02,CN,Other ERP,C,MED-002,Medora Derm Cream,RX,Medora,E-commerce,10,200.0,CNY,0.0,2000.0,2000.0
TXN-CN-1-001123,2026-08-25 01:00:40,2026-08-25 01:06:40,CN,Other ERP,C,SAN-002,SanaPlus ColdFlu,OTC,SanaPlus,E-commerce,3,80.77,CNY,0.1,242.31,218.08
TXN-CN-1-001124,2026-08-25 10:24:25,2026-08-25 10:25:25,CN,Other ERP,C,MED-002,Medora Derm Cream,RX,Medora,D2C,7,200.0,CNY,0.0,1400.0,1400.0
TXN-CN-1-001125,2026-08-25 01:31:50,2026-08-25 01:33:50,CN,Other ERP,C,PUR-002,PureLife BP Monitor,MD,PureLife,D2C,6,692.31,CNY,0.2,4153.86,3323.09
TXN-CN-1-001126,2026-08-25 21:10:26,2026-08-25 21:14:26,CN,Other ERP,C,VIT-002,Vitalis Multivit,SUP,Vitalis,Wholesale,4,130.77,CNY,0.05,523.08,496.93
TXN-CN-1-001127,2026-08-25 05:36:47,2026-08-25 05:42:47,CN,Other ERP,C,DER-001,Dermacare GlowSerum,AES,Dermacare,E-commerce,10,246.15,CNY,0.15,2461.5,2092.28
TXN-CN-1-001128,2026-08-25 10:48:03,2026-08-25 10:54:03,CN,Other ERP,C,VIT-001,Vitalis C1000,SUP,Vitalis,Pharmacy/B2B,7,161.54,CNY,0.05,1130.78,1074.24
TXN-CN-1-001129,2026-08-25 02:46:01,2026-08-25 02:49:01,CN,Other ERP,C,SAN-001,SanaPlus PainRelief,OTC,SanaPlus,Pharmacy/B2B,11,73.08,CNY,0.15,803.88,683.3
TXN-CN-1-001130,2026-08-25 20:04:10,2026-08-25 20:07:10,CN,Other ERP,C,MED-002,Medora Derm Cream,RX,Medora,E-commerce,4,200.0,CNY,0.15,800.0,680.0
TXN-CN-1-001131,2026-08-25 03:53:40,2026-08-25 03:55:40,CN,Other ERP,C,PUR-001,PureLife GlucoMonitor,MD,PureLife,Pharmacy/B2B,1,653.85,CNY,0.0,653.85,653.85
TXN-CN-1-001132,2026-08-25 20:53:41,2026-08-25 20:58:41,CN,Other ERP,C,VIT-002,Vitalis Multivit,SUP,Vitalis,E-commerce,2,130.77,CNY,0.2,261.54,209.23
TXN-CN-1-001133,2026-08-25 23:23:16,2026-08-25 23:24:16,CN,Other ERP,C,VIT-001,Vitalis C1000,SUP,Vitalis,E-commerce,2,161.54,CNY,0.2,323.08,258.46
TXN-CN-1-001134,2026-08-25 06:17:41,2026-08-25 06:18:41,CN,Other ERP,C,SAN-002,SanaPlus ColdFlu,OTC,SanaPlus,D2C,9,80.77,CNY,0.15,726.93,617.89
TXN-CN-1-001135,2026-08-25 04:06:05,2026-08-25 04:12:05,CN,Other ERP,C,SAN-002,SanaPlus ColdFlu,OTC,SanaPlus,E-commerce,7,80.77,CNY,0.1,565.39,508.85
TXN-CN-1-001136,2026-08-25 15:11:17,2026-08-25 15:16:17,CN,Other ERP,C,DER-002,Dermacare LiftCream,AES,Dermacare,Wholesale,5,284.62,CNY,0.0,1423.1,1423.1
TXN-CN-1-001137,2026-08-25 03:47:09,2026-08-25 03:52:09,CN,Other ERP,C,MED-002,Medora Derm Cream,RX,Medora,D2C,5,200.0,CNY,0.1,1000.0,900.0
TXN-CN-1-001138,2026-08-25 19:33:36,2026-08-25 19:34:36,CN,Other ERP,C,DER-001,Dermacare GlowSerum,AES,Dermacare,D2C,5,246.15,CNY,0.2,1230.75,984.6
TXN-CN-1-001139,2026-08-25 04:51:46,2026-08-25 04:57:46,CN,Other ERP,C,MED-001,Medora Cardio 10mg,RX,Medora,Pharmacy/B2B,7,330.77,CNY,0.0,2315.39,2315.39
TXN-CN-1-001140,2026-08-25 20:45:13,2026-08-25 20:50:13,CN,Other ERP,C,DER-002,Dermacare LiftCream,AES,Dermacare,Wholesale,11,284.62,CNY,0.1,3130.82,2817.74
TXN-CN-1-001141,2026-08-25 17:29:32,2026-08-25 17:31:32,CN,Other ERP,C,SAN-002,SanaPlus ColdFlu,OTC,SanaPlus,D2C,12,80.77,CNY,0.05,969.24,920.78
TXN-CN-1-001142,2026-08-25 23:13:18,2026-08-25 23:17:18,CN,Other ERP,C,SAN-001,SanaPlus PainRelief,OTC,SanaPlus,Wholesale,12,73.08,CNY,0.0,876.96,876.96
TXN-CN-1-001143,2026-08-25 04:19:25,2026-08-25 04:24:25,CN,Other ERP,C,DER-001,Dermacare GlowSerum,AES,Dermacare,E-commerce,4,246.15,CNY,0.0,984.6,984.6
TXN-CN-1-001144,2026-08-25 23:58:31,2026-08-26 00:00:31,CN,Other ERP,C,MED-002,Medora Derm Cream,RX,Medora,E-commerce,12,200.0,CNY,0.05,2400.0,2280.0
TXN-CN-1-001145,2026-08-25 05:16:23,2026-08-25 05:18:23,CN,Other ERP,C,MED-002,Medora Derm Cream,RX,Medora,E-commerce,3,200.0,CNY,0.0,600.0,600.0
TXN-CN-1-001146,2026-08-25 11:07:40,2026-08-25 11:13:40,CN,Other ERP,C,MED-002,Medora Derm Cream,RX,Medora,Pharmacy/B2B,5,200.0,CNY,0.0,1000.0,1000.0
TXN-CN-1-001147,2026-08-25 22:16:21,2026-08-25 22:19:21,CN,Other ERP,C,PUR-001,PureLife GlucoMonitor,MD,PureLife,E-commerce,2,653.85,CNY,0.0,1307.7,1307.7
TXN-CN-1-001148,2026-08-25 17:40:48,2026-08-25 17:45:48,CN,Other ERP,C,PUR-002,PureLife BP Monitor,MD,PureLife,Pharmacy/B2B,2,692.31,CNY,0.05,1384.62,1315.39
TXN-CN-1-001149,2026-08-25 22:23:28,2026-08-25 22:27:28,CN,Other ERP,C,VIT-001,Vitalis C1000,SUP,Vitalis,Wholesale,10,161.54,CNY,0.1,1615.4,1453.86
TXN-CN-1-001150,2026-08-25 21:37:44,2026-08-25 21:42:44,CN,Other ERP,C,SAN-001,SanaPlus PainRelief,OTC,SanaPlus,Pharmacy/B2B,11,73.08,CNY,0.0,803.88,803.88
TXN-CN-1-001151,2026-08-25 18:42:10,2026-08-25 18:48:10,CN,Other ERP,C,VIT-002,Vitalis Multivit,SUP,Vitalis,Pharmacy/B2B,12,130.77,CNY,0.1,1569.24,1412.32
TXN-CN-1-001152,2026-08-25 00:43:28,2026-08-25 00:44:28,CN,Other ERP,C,VIT-002,Vitalis Multivit,SUP,Vitalis,Wholesale,7,130.77,CNY,0.05,915.39,869.62
TXN-CN-1-001153,2026-08-25 00:45:44,2026-08-25 00:51:44,CN,Other ERP,C,VIT-001,Vitalis C1000,SUP,Vitalis,Pharmacy/B2B,1,161.54,CNY,0.0,161.54,161.54
TXN-CN-1-001154,2026-08-25 12:39:51,2026-08-25 12:41:51,CN,Other ERP,C,VIT-001,Vitalis C1000,SUP,Vitalis,D2C,4,161.54,CNY,0.1,646.16,581.54
TXN-CN-1-001155,2026-08-25 14:25:08,2026-08-25 14:27:08,CN,Other ERP,C,MED-002,Medora Derm Cream,RX,Medora,Pharmacy/B2B,6,200.0,CNY,0.15,1200.0,1020.0
TXN-CN-1-001156,2026-08-25 01:41:23,2026-08-25 01:44:23,CN,Other ERP,C,VIT-001,Vitalis C1000,SUP,Vitalis,D2C,4,161.54,CNY,0.1,646.16,581.54
TXN-CN-1-001157,2026-08-25 08:33:14,2026-08-25 08:38:14,CN,Other ERP,C,MED-001,Medora Cardio 10mg,RX,Medora,D2C,9,330.77,CNY,0.15,2976.93,2530.39
TXN-CN-1-001158,2026-08-25 05:53:32,2026-08-25 05:57:32,CN,Other ERP,C,PUR-002,PureLife BP Monitor,MD,PureLife,E-commerce,11,692.31,CNY,0.2,7615.41,6092.33
TXN-CN-1-001159,2026-08-25 20:33:17,2026-08-25 20:38:17,CN,Other ERP,C,MED-001,Medora Cardio 10mg,RX,Medora,Pharmacy/B2B,8,330.77,CNY,0.05,2646.16,2513.85
TXN-CN-1-001160,2026-08-25 19:26:30,2026-08-25 19:32:30,CN,Other ERP,C,DER-001,Dermacare GlowSerum,AES,Dermacare,E-commerce,8,246.15,CNY,0.2,1969.2,1575.36
TXN-CN-1-001161,2026-08-25 15:52:46,2026-08-25 15:54:46,CN,Other ERP,C,VIT-002,Vitalis Multivit,SUP,Vitalis,E-commerce,9,130.77,CNY,0.0,1176.93,1176.93
TXN-CN-1-001162,2026-08-25 18:15:45,2026-08-25 18:20:45,CN,Other ERP,C,DER-001,Dermacare GlowSerum,AES,Dermacare,E-commerce,4,246.15,CNY,0.2,984.6,787.68
TXN-CN-1-001163,2026-08-25 17:36:33,2026-08-25 17:40:33,CN,Other ERP,C,MED-002,Medora Derm Cream,RX,Medora,D2C,11,200.0,CNY,0.0,2200.0,2200.0
TXN-CN-1-001164,2026-08-25 22:58:40,2026-08-25 23:03:40,CN,Other ERP,C,DER-001,Dermacare GlowSerum,AES,Dermacare,E-commerce,7,246.15,CNY,0.05,1723.05,1636.9
TXN-CN-1-001165,2026-08-25 03:48:50,2026-08-25 03:50:50,CN,Other ERP,C,DER-001,Dermacare GlowSerum,AES,Dermacare,D2C,2,246.15,CNY,0.0,492.3,492.3
TXN-CN-1-001166,2026-08-25 02:42:29,2026-08-25 02:44:29,CN,Other ERP,C,VIT-001,Vitalis C1000,SUP,Vitalis,E-commerce,4,161.54,CNY,0.0,646.16,646.16
TXN-CN-1-001167,2026-08-25 22:09:53,2026-08-25 22:11:53,CN,Other ERP,C,MED-002,Medora Derm Cream,RX,Medora,E-commerce,6,200.0,CNY,0.0,1200.0,1200.0
TXN-CN-1-001168,2026-08-25 16:47:15,2026-08-25 16:53:15,CN,Other ERP,C,PUR-002,PureLife BP Monitor,MD,PureLife,Pharmacy/B2B,9,692.31,CNY,0.05,6230.79,5919.25
TXN-CN-1-001169,2026-08-25 11:50:46,2026-08-25 11:56:46,CN,Other ERP,C,MED-001,Medora Cardio 10mg,RX,Medora,Wholesale,8,330.77,CNY,0.05,2646.16,2513.85
TXN-CN-1-001170,2026-08-25 14:02:26,2026-08-25 14:03:26,CN,Other ERP,C,MED-001,Medora Cardio 10mg,RX,Medora,Wholesale,11,330.77,CNY,0.15,3638.47,3092.7
TXN-CN-1-001171,2026-08-25 13:28:47,2026-08-25 13:33:47,CN,Other ERP,C,VIT-001,Vitalis C1000,SUP,Vitalis,Pharmacy/B2B,11,161.54,CNY,0.1,1776.94,1599.25
TXN-CN-1-001172,2026-08-25 19:01:44,2026-08-25 19:02:44,CN,Other ERP,C,SAN-001,SanaPlus PainRelief,OTC,SanaPlus,E-commerce,2,73.08,CNY,0.1,146.16,131.54
TXN-CN-1-001173,2026-08-25 04:38:23,2026-08-25 04:42:23,CN,Other ERP,C,PUR-002,PureLife BP Monitor,MD,PureLife,Wholesale,7,692.31,CNY,0.0,4846.17,4846.17
TXN-CN-1-001174,2026-08-25 16:46:17,2026-08-25 16:51:17,CN,Other ERP,C,MED-002,Medora Derm Cream,RX,Medora,D2C,10,200.0,CNY,0.05,2000.0,1900.0
TXN-CN-1-001175,2026-08-25 21:06:03,2026-08-25 21:11:03,CN,Other ERP,C,VIT-002,Vitalis Multivit,SUP,Vitalis,D2C,6,130.77,CNY,0.15,784.62,666.93
TXN-CN-1-001176,2026-08-25 18:06:45,2026-08-25 18:08:45,CN,Other ERP,C,MED-001,Medora Cardio 10mg,RX,Medora,E-commerce,12,330.77,CNY,0.05,3969.24,3770.78
TXN-CN-1-001177,2026-08-25 13:43:17,2026-08-25 13:46:17,CN,Other ERP,C,DER-001,Dermacare GlowSerum,AES,Dermacare,Wholesale,3,246.15,CNY,0.1,738.45,664.61
TXN-CN-1-001178,2026-08-25 12:53:06,2026-08-25 12:58:06,CN,Other ERP,C,MED-002,Medora Derm Cream,RX,Medora,E-commerce,6,200.0,CNY,0.05,1200.0,1140.0
TXN-CN-1-001179,2026-08-25 07:25:57,2026-08-25 07:28:57,CN,Other ERP,C,PUR-002,PureLife BP Monitor,MD,PureLife,E-commerce,6,692.31,CNY,0.0,4153.86,4153.86
TXN-CN-1-001180,2026-08-25 08:08:16,2026-08-25 08:13:16,CN,Other ERP,C,SAN-001,SanaPlus PainRelief,OTC,SanaPlus,Wholesale,11,73.08,CNY,0.15,803.88,683.3
TXN-CN-1-001181,2026-08-25 00:19:43,2026-08-25 00:23:43,CN,Other ERP,C,SAN-001,SanaPlus PainRelief,OTC,SanaPlus,E-commerce,10,73.08,CNY,0.2,730.8,584.64
TXN-CN-1-001182,2026-08-25 22:07:49,2026-08-25 22:08:49,CN,Other ERP,C,DER-002,Dermacare LiftCream,AES,Dermacare,D2C,11,284.62,CNY,0.05,3130.82,2974.28
TXN-CN-1-001183,2026-08-25 05:11:46,2026-08-25 05:16:46,CN,Other ERP,C,DER-001,Dermacare GlowSerum,AES,Dermacare,Wholesale,10,246.15,CNY,0.0,2461.5,2461.5
TXN-CN-1-001184,2026-08-25 02:17:28,2026-08-25 02:21:28,CN,Other ERP,C,PUR-002,PureLife BP Monitor,MD,PureLife,Wholesale,8,692.31,CNY,0.0,5538.48,5538.48
TXN-CN-1-001185,2026-08-25 20:28:39,2026-08-25 20:29:39,CN,Other ERP,C,PUR-001,PureLife GlucoMonitor,MD,PureLife,Wholesale,5,653.85,CNY,0.15,3269.25,2778.86
TXN-CN-1-001186,2026-08-25 18:07:57,2026-08-25 18:10:57,CN,Other ERP,C,PUR-001,PureLife GlucoMonitor,MD,PureLife,D2C,11,653.85,CNY,0.1,7192.35,6473.12
TXN-CN-1-001187,2026-08-25 20:47:19,2026-08-25 20:50:19,CN,Other ERP,C,DER-001,Dermacare GlowSerum,AES,Dermacare,D2C,2,246.15,CNY,0.1,492.3,443.07
TXN-CN-1-001188,2026-08-25 07:02:47,2026-08-25 07:07:47,CN,Other ERP,C,PUR-001,PureLife GlucoMonitor,MD,PureLife,D2C,2,653.85,CNY,0.05,1307.7,1242.32
TXN-CN-1-001189,2026-08-25 16:49:20,2026-08-25 16:51:20,CN,Other ERP,C,SAN-001,SanaPlus PainRelief,OTC,SanaPlus,Wholesale,9,73.08,CNY,0.15,657.72,559.06
TXN-CN-1-001190,2026-08-25 12:30:05,2026-08-25 12:32:05,CN,Other ERP,C,DER-001,Dermacare GlowSerum,AES,Dermacare,Pharmacy/B2B,7,246.15,CNY,0.0,1723.05,1723.05
TXN-CN-1-001191,2026-08-25 21:16:22,2026-08-25 21:21:22,CN,Other ERP,C,MED-001,Medora Cardio 10mg,RX,Medora,D2C,5,330.77,CNY,0.0,1653.85,1653.85
TXN-CN-1-001192,2026-08-25 00:21:34,2026-08-25 00:26:34,CN,Other ERP,C,VIT-001,Vitalis C1000,SUP,Vitalis,Wholesale,1,161.54,CNY,0.0,161.54,161.54
TXN-CN-1-001193,2026-08-25 06:13:20,2026-08-25 06:14:20,CN,Other ERP,C,MED-001,Medora Cardio 10mg,RX,Medora,E-commerce,7,330.77,CNY,0.0,2315.39,2315.39
TXN-CN-1-001194,2026-08-25 16:42:00,2026-08-25 16:43:00,CN,Other ERP,C,DER-001,Dermacare GlowSerum,AES,Dermacare,Wholesale,5,246.15,CNY,0.1,1230.75,1107.67
TXN-CN-1-001195,2026-08-25 21:54:42,2026-08-25 21:55:42,CN,Other ERP,C,MED-001,Medora Cardio 10mg,RX,Medora,E-commerce,5,330.77,CNY,0.1,1653.85,1488.46
TXN-CN-1-001196,2026-08-25 09:11:57,2026-08-25 09:14:57,CN,Other ERP,C,PUR-001,PureLife GlucoMonitor,MD,PureLife,Pharmacy/B2B,4,653.85,CNY,0.0,2615.4,2615.4
TXN-CN-1-001197,2026-08-25 20:15:12,2026-08-25 20:20:12,CN,Other ERP,C,PUR-002,PureLife BP Monitor,MD,PureLife,E-commerce,11,692.31,CNY,0.2,7615.41,6092.33
TXN-CN-1-001198,2026-08-25 01:29:53,2026-08-25 01:32:53,CN,Other ERP,C,DER-002,Dermacare LiftCream,AES,Dermacare,D2C,11,284.62,CNY,0.2,3130.82,2504.66
TXN-CN-1-001199,2026-08-25 19:41:31,2026-08-25 19:46:31,CN,Other ERP,C,VIT-002,Vitalis Multivit,SUP,Vitalis,Wholesale,5,130.77,CNY,0.2,653.85,523.08
TXN-CN-1-001200,2026-08-25 03:51:31,2026-08-25 03:56:31,CN,Other ERP,C,SAN-002,SanaPlus ColdFlu,OTC,SanaPlus,Wholesale,4,80.77,CNY,0.0,323.08,323.08
TXN-CN-1-001201,2026-08-25 05:26:19,2026-08-25 05:30:19,CN,Other ERP,C,SAN-002,SanaPlus ColdFlu,OTC,SanaPlus,Pharmacy/B2B,1,80.77,CNY,0.0,80.77,80.77
TXN-CN-1-001202,2026-08-25 07:44:59,2026-08-25 07:45:59,CN,Other ERP,C,SAN-002,SanaPlus ColdFlu,OTC,SanaPlus,Wholesale,11,80.77,CNY,0.05,888.47,844.05
TXN-CN-1-001203,2026-08-25 03:42:26,2026-08-25 03:47:26,CN,Other ERP,C,PUR-002,PureLife BP Monitor,MD,PureLife,D2C,11,692.31,CNY,0.0,7615.41,7615.41
TXN-CN-1-001204,2026-08-25 00:37:45,2026-08-25 00:40:45,CN,Other ERP,C,DER-001,Dermacare GlowSerum,AES,Dermacare,D2C,2,246.15,CNY,0.1,492.3,443.07
TXN-CN-1-001205,2026-08-25 09:30:17,2026-08-25 09:35:17,CN,Other ERP,C,VIT-002,Vitalis Multivit,SUP,Vitalis,Wholesale,9,130.77,CNY,0.15,1176.93,1000.39
TXN-CN-1-001206,2026-08-25 10:42:40,2026-08-25 10:46:40,CN,Other ERP,C,DER-002,Dermacare LiftCream,AES,Dermacare,Pharmacy/B2B,9,284.62,CNY,0.2,2561.58,2049.26
TXN-CN-1-001207,2026-08-25 17:28:15,2026-08-25 17:34:15,CN,Other ERP,C,MED-001,Medora Cardio 10mg,RX,Medora,Pharmacy/B2B,9,330.77,CNY,0.05,2976.93,2828.08
TXN-CN-1-001208,2026-08-25 05:53:53,2026-08-25 05:57:53,CN,Other ERP,C,MED-001,Medora Cardio 10mg,RX,Medora,Pharmacy/B2B,2,330.77,CNY,0.15,661.54,562.31
TXN-CN-1-001209,2026-08-25 07:25:44,2026-08-25 07:29:44,CN,Other ERP,C,SAN-002,SanaPlus ColdFlu,OTC,SanaPlus,Pharmacy/B2B,1,80.77,CNY,0.0,80.77,80.77
TXN-CN-1-001210,2026-08-25 09:52:50,2026-08-25 09:55:50,CN,Other ERP,C,SAN-001,SanaPlus PainRelief,OTC,SanaPlus,D2C,3,73.08,CNY,0.1,219.24,197.32
TXN-CN-1-001211,2026-08-25 21:40:27,2026-08-25 21:41:27,CN,Other ERP,C,DER-001,Dermacare GlowSerum,AES,Dermacare,Wholesale,5,246.15,CNY,0.15,1230.75,1046.14
TXN-CN-1-001212,2026-08-25 12:29:10,2026-08-25 12:33:10,CN,Other ERP,C,PUR-001,PureLife GlucoMonitor,MD,PureLife,Wholesale,6,653.85,CNY,0.0,3923.1,3923.1
TXN-CN-1-001213,2026-08-25 10:57:17,2026-08-25 10:58:17,CN,Other ERP,C,DER-001,Dermacare GlowSerum,AES,Dermacare,E-commerce,3,246.15,CNY,0.0,738.45,738.45
TXN-CN-1-001214,2026-08-25 11:46:55,2026-08-25 11:49:55,CN,Other ERP,C,PUR-002,PureLife BP Monitor,MD,PureLife,Wholesale,8,692.31,CNY,0.0,5538.48,5538.48
TXN-CN-1-001215,2026-08-25 11:29:03,2026-08-25 11:33:03,CN,Other ERP,C,VIT-001,Vitalis C1000,SUP,Vitalis,E-commerce,3,161.54,CNY,0.0,484.62,484.62
TXN-CN-1-001216,2026-08-25 22:10:21,2026-08-25 22:11:21,CN,Other ERP,C,SAN-002,SanaPlus ColdFlu,OTC,SanaPlus,E-commerce,4,80.77,CNY,0.15,323.08,274.62
TXN-CN-1-001217,2026-08-25 23:34:31,2026-08-25 23:40:31,CN,Other ERP,C,SAN-001,SanaPlus PainRelief,OTC,SanaPlus,Wholesale,1,73.08,CNY,0.0,73.08,73.08
TXN-CN-1-001218,2026-08-25 18:09:52,2026-08-25 18:12:52,CN,Other ERP,C,DER-002,Dermacare LiftCream,AES,Dermacare,Wholesale,5,284.62,CNY,0.1,1423.1,1280.79
TXN-CN-1-001219,2026-08-25 10:30:23,2026-08-25 10:36:23,CN,Other ERP,C,SAN-002,SanaPlus ColdFlu,OTC,SanaPlus,D2C,10,80.77,CNY,0.0,807.7,807.7
TXN-CN-1-001220,2026-08-25 21:52:25,2026-08-25 21:56:25,CN,Other ERP,C,SAN-002,SanaPlus ColdFlu,OTC,SanaPlus,E-commerce,2,80.77,CNY,0.2,161.54,129.23
TXN-CN-1-001221,2026-08-25 08:26:17,2026-08-25 08:31:17,CN,Other ERP,C,VIT-002,Vitalis Multivit,SUP,Vitalis,D2C,1,130.77,CNY,0.05,130.77,124.23
TXN-CN-1-001222,2026-08-25 02:58:46,2026-08-25 03:00:46,CN,Other ERP,C,SAN-001,SanaPlus PainRelief,OTC,SanaPlus,D2C,12,73.08,CNY,0.0,876.96,876.96
TXN-CN-1-001223,2026-08-25 07:56:34,2026-08-25 07:57:34,CN,Other ERP,C,VIT-001,Vitalis C1000,SUP,Vitalis,Pharmacy/B2B,1,161.54,CNY,0.15,161.54,137.31
TXN-CN-1-001224,2026-08-25 09:04:14,2026-08-25 09:08:14,CN,Other ERP,C,VIT-001,Vitalis C1000,SUP,Vitalis,E-commerce,2,161.54,CNY,0.2,323.08,258.46
TXN-CN-1-001225,2026-08-25 02:28:31,2026-08-25 02:34:31,CN,Other ERP,C,DER-002,Dermacare LiftCream,AES,Dermacare,E-commerce,11,284.62,CNY,0.0,3130.82,3130.82
TXN-CN-1-001226,2026-08-25 23:03:28,2026-08-25 23:07:28,CN,Other ERP,C,DER-002,Dermacare LiftCream,AES,Dermacare,E-commerce,7,284.62,CNY,0.2,1992.34,1593.87
TXN-CN-1-001227,2026-08-25 09:51:21,2026-08-25 09:56:21,CN,Other ERP,C,PUR-001,PureLife GlucoMonitor,MD,PureLife,E-commerce,10,653.85,CNY,0.0,6538.5,6538.5
TXN-CN-1-001228,2026-08-25 20:13:54,2026-08-25 20:16:54,CN,Other ERP,C,SAN-002,SanaPlus ColdFlu,OTC,SanaPlus,D2C,3,80.77,CNY,0.0,242.31,242.31
TXN-CN-1-001229,2026-08-25 21:16:45,2026-08-25 21:22:45,CN,Other ERP,C,SAN-001,SanaPlus PainRelief,OTC,SanaPlus,E-commerce,11,73.08,CNY,0.2,803.88,643.1
TXN-CN-1-001230,2026-08-25 12:36:27,2026-08-25 12:38:27,CN,Other ERP,C,SAN-002,SanaPlus ColdFlu,OTC,SanaPlus,Pharmacy/B2B,7,80.77,CNY,0.0,565.39,565.39
TXN-CN-1-001231,2026-08-25 18:17:24,2026-08-25 18:20:24,CN,Other ERP,C,DER-002,Dermacare LiftCream,AES,Dermacare,D2C,10,284.62,CNY,0.0,2846.2,2846.2
TXN-CN-1-001232,2026-08-25 16:20:02,2026-08-25 16:21:02,CN,Other ERP,C,MED-001,Medora Cardio 10mg,RX,Medora,D2C,1,330.77,CNY,0.1,330.77,297.69
TXN-CN-1-001233,2026-08-25 23:10:57,2026-08-25 23:11:57,CN,Other ERP,C,SAN-002,SanaPlus ColdFlu,OTC,SanaPlus,D2C,10,80.77,CNY,0.0,807.7,807.7
TXN-CN-1-001234,2026-08-25 09:24:19,2026-08-25 09:28:19,CN,Other ERP,C,DER-002,Dermacare LiftCream,AES,Dermacare,D2C,5,284.62,CNY,0.05,1423.1,1351.94
TXN-CN-1-001235,2026-08-25 08:23:08,2026-08-25 08:26:08,CN,Other ERP,C,VIT-002,Vitalis Multivit,SUP,Vitalis,D2C,3,130.77,CNY,0.0,392.31,392.31
TXN-CN-1-001236,2026-08-25 15:57:36,2026-08-25 16:02:36,CN,Other ERP,C,SAN-001,SanaPlus PainRelief,OTC,SanaPlus,Pharmacy/B2B,8,73.08,CNY,0.0,584.64,584.64
TXN-CN-1-001237,2026-08-25 12:58:34,2026-08-25 13:03:34,CN,Other ERP,C,SAN-001,SanaPlus PainRelief,OTC,SanaPlus,Wholesale,4,73.08,CNY,0.0,292.32,292.32
TXN-CN-1-001238,2026-08-25 10:32:10,2026-08-25 10:37:10,CN,Other ERP,C,VIT-002,Vitalis Multivit,SUP,Vitalis,Pharmacy/B2B,6,130.77,CNY,0.0,784.62,784.62
TXN-CN-1-001239,2026-08-25 17:46:46,2026-08-25 17:51:46,CN,Other ERP,C,PUR-001,PureLife GlucoMonitor,MD,PureLife,Pharmacy/B2B,4,653.85,CNY,0.0,2615.4,2615.4
TXN-CN-1-001240,2026-08-25 04:32:39,2026-08-25 04:37:39,CN,Other ERP,C,VIT-002,Vitalis Multivit,SUP,Vitalis,Wholesale,2,130.77,CNY,0.2,261.54,209.23
TXN-CN-1-001241,2026-08-25 02:29:57,2026-08-25 02:35:57,CN,Other ERP,C,VIT-002,Vitalis Multivit,SUP,Vitalis,E-commerce,11,130.77,CNY,0.1,1438.47,1294.62
TXN-CN-1-001242,2026-08-25 21:52:37,2026-08-25 21:54:37,CN,Other ERP,C,DER-001,Dermacare GlowSerum,AES,Dermacare,Pharmacy/B2B,9,246.15,CNY,0.05,2215.35,2104.58
TXN-CN-1-001243,2026-08-25 18:25:26,2026-08-25 18:30:26,CN,Other ERP,C,VIT-001,Vitalis C1000,SUP,Vitalis,Pharmacy/B2B,6,161.54,CNY,0.2,969.24,775.39
TXN-CN-1-001244,2026-08-25 06:20:18,2026-08-25 06:24:18,CN,Other ERP,C,PUR-001,PureLife GlucoMonitor,MD,PureLife,Wholesale,4,653.85,CNY,0.0,2615.4,2615.4
TXN-CN-1-001245,2026-08-25 10:23:07,2026-08-25 10:28:07,CN,Other ERP,C,DER-001,Dermacare GlowSerum,AES,Dermacare,E-commerce,6,246.15,CNY,0.15,1476.9,1255.37
TXN-CN-1-001246,2026-08-25 02:16:44,2026-08-25 02:19:44,CN,Other ERP,C,VIT-001,Vitalis C1000,SUP,Vitalis,Pharmacy/B2B,8,161.54,CNY,0.15,1292.32,1098.47
TXN-CN-1-001247,2026-08-25 11:07:52,2026-08-25 11:11:52,CN,Other ERP,C,SAN-002,SanaPlus ColdFlu,OTC,SanaPlus,E-commerce,6,80.77,CNY,0.15,484.62,411.93
TXN-CN-1-001248,2026-08-25 08:14:38,2026-08-25 08:18:38,CN,Other ERP,C,PUR-001,PureLife GlucoMonitor,MD,PureLife,Pharmacy/B2B,2,653.85,CNY,0.1,1307.7,1176.93
TXN-CN-1-001249,2026-08-25 20:33:13,2026-08-25 20:34:13,CN,Other ERP,C,SAN-002,SanaPlus ColdFlu,OTC,SanaPlus,Wholesale,11,80.77,CNY,0.05,888.47,844.05
TXN-CN-1-001250,2026-08-25 06:50:40,2026-08-25 06:53:40,CN,Other ERP,C,SAN-001,SanaPlus PainRelief,OTC,SanaPlus,Wholesale,8,73.08,CNY,0.0,584.64,584.64
TXN-CN-1-001251,2026-08-25 17:26:48,2026-08-25 17:30:48,CN,Other ERP,C,DER-001,Dermacare GlowSerum,AES,Dermacare,E-commerce,10,246.15,CNY,0.2,2461.5,1969.2
TXN-CN-1-001252,2026-08-25 14:28:19,2026-08-25 14:33:19,CN,Other ERP,C,MED-002,Medora Derm Cream,RX,Medora,D2C,4,200.0,CNY,0.0,800.0,800.0
TXN-CN-1-001253,2026-08-25 14:25:11,2026-08-25 14:27:11,CN,Other ERP,C,PUR-002,PureLife BP Monitor,MD,PureLife,D2C,7,692.31,CNY,0.15,4846.17,4119.24
TXN-CN-1-001254,2026-08-25 15:39:22,2026-08-25 15:42:22,CN,Other ERP,C,SAN-002,SanaPlus ColdFlu,OTC,SanaPlus,Pharmacy/B2B,10,80.77,CNY,0.1,807.7,726.93
TXN-CN-1-001255,2026-08-25 20:56:21,2026-08-25 21:01:21,CN,Other ERP,C,MED-001,Medora Cardio 10mg,RX,Medora,Pharmacy/B2B,2,330.77,CNY,0.0,661.54,661.54
TXN-CN-1-001256,2026-08-25 19:22:45,2026-08-25 19:27:45,CN,Other ERP,C,PUR-001,PureLife GlucoMonitor,MD,PureLife,D2C,8,653.85,CNY,0.0,5230.8,5230.8
TXN-CN-1-001257,2026-08-25 21:01:26,2026-08-25 21:02:26,CN,Other ERP,C,PUR-001,PureLife GlucoMonitor,MD,PureLife,E-commerce,11,653.85,CNY,0.15,7192.35,6113.5
TXN-CN-1-001258,2026-08-25 12:23:34,2026-08-25 12:25:34,CN,Other ERP,C,MED-002,Medora Derm Cream,RX,Medora,Pharmacy/B2B,9,200.0,CNY,0.1,1800.0,1620.0
TXN-CN-1-001259,2026-08-25 14:54:46,2026-08-25 15:00:46,CN,Other ERP,C,PUR-001,PureLife GlucoMonitor,MD,PureLife,D2C,5,653.85,CNY,0.0,3269.25,3269.25
TXN-CN-1-001260,2026-08-25 23:41:09,2026-08-25 23:44:09,CN,Other ERP,C,DER-001,Dermacare GlowSerum,AES,Dermacare,D2C,12,246.15,CNY,0.1,2953.8,2658.42
TXN-CN-1-001261,2026-08-25 18:48:45,2026-08-25 18:51:45,CN,Other ERP,C,PUR-002,PureLife BP Monitor,MD,PureLife,Wholesale,10,692.31,CNY,0.0,6923.1,6923.1
TXN-CN-1-001262,2026-08-25 15:56:54,2026-08-25 15:58:54,CN,Other ERP,C,PUR-001,PureLife GlucoMonitor,MD,PureLife,D2C,8,653.85,CNY,0.0,5230.8,5230.8
TXN-CN-1-001263,2026-08-25 23:07:25,2026-08-25 23:13:25,CN,Other ERP,C,PUR-002,PureLife BP Monitor,MD,PureLife,D2C,9,692.31,CNY,0.0,6230.79,6230.79
TXN-CN-1-001264,2026-08-25 18:52:16,2026-08-25 18:58:16,CN,Other ERP,C,MED-002,Medora Derm Cream,RX,Medora,Pharmacy/B2B,3,200.0,CNY,0.0,600.0,600.0
TXN-CN-1-001265,2026-08-25 02:36:06,2026-08-25 02:40:06,CN,Other ERP,C,PUR-002,PureLife BP Monitor,MD,PureLife,Wholesale,12,692.31,CNY,0.1,8307.72,7476.95
TXN-CN-1-001266,2026-08-25 22:10:49,2026-08-25 22:16:49,CN,Other ERP,C,MED-002,Medora Derm Cream,RX,Medora,E-commerce,5,200.0,CNY,0.1,1000.0,900.0
TXN-CN-1-001267,2026-08-25 19:40:37,2026-08-25 19:42:37,CN,Other ERP,C,PUR-002,PureLife BP Monitor,MD,PureLife,Wholesale,2,692.31,CNY,0.05,1384.62,1315.39
TXN-CN-1-001268,2026-08-25 00:31:25,2026-08-25 00:34:25,CN,Other ERP,C,PUR-002,PureLife BP Monitor,MD,PureLife,D2C,5,692.31,CNY,0.0,3461.55,3461.55
TXN-CN-1-001269,2026-08-25 03:36:00,2026-08-25 03:39:00,CN,Other ERP,C,VIT-002,Vitalis Multivit,SUP,Vitalis,Wholesale,8,130.77,CNY,0.2,1046.16,836.93
TXN-CN-1-001270,2026-08-25 05:49:15,2026-08-25 05:54:15,CN,Other ERP,C,DER-001,Dermacare GlowSerum,AES,Dermacare,Pharmacy/B2B,2,246.15,CNY,0.0,492.3,492.3
TXN-CN-1-001271,2026-08-25 07:55:26,2026-08-25 08:01:26,CN,Other ERP,C,MED-001,Medora Cardio 10mg,RX,Medora,E-commerce,9,330.77,CNY,0.1,2976.93,2679.24
TXN-CN-1-001272,2026-08-25 12:26:29,2026-08-25 12:30:29,CN,Other ERP,C,PUR-001,PureLife GlucoMonitor,MD,PureLife,Pharmacy/B2B,2,653.85,CNY,0.1,1307.7,1176.93
TXN-CN-1-001273,2026-08-25 08:56:52,2026-08-25 09:01:52,CN,Other ERP,C,DER-002,Dermacare LiftCream,AES,Dermacare,Pharmacy/B2B,5,284.62,CNY,0.0,1423.1,1423.1
TXN-CN-1-001274,2026-08-25 20:59:14,2026-08-25 21:00:14,CN,Other ERP,C,MED-001,Medora Cardio 10mg,RX,Medora,E-commerce,2,330.77,CNY,0.05,661.54,628.46
TXN-CN-1-001275,2026-08-25 17:02:23,2026-08-25 17:07:23,CN,Other ERP,C,MED-001,Medora Cardio 10mg,RX,Medora,D2C,6,330.77,CNY,0.0,1984.62,1984.62
TXN-CN-1-001276,2026-08-25 20:23:56,2026-08-25 20:27:56,CN,Other ERP,C,DER-001,Dermacare GlowSerum,AES,Dermacare,E-commerce,4,246.15,CNY,0.2,984.6,787.68
TXN-CN-1-001277,2026-08-25 13:36:17,2026-08-25 13:37:17,CN,Other ERP,C,SAN-002,SanaPlus ColdFlu,OTC,SanaPlus,Pharmacy/B2B,12,80.77,CNY,0.05,969.24,920.78
TXN-CN-1-001278,2026-08-25 00:25:58,2026-08-25 00:31:58,CN,Other ERP,C,SAN-002,SanaPlus ColdFlu,OTC,SanaPlus,E-commerce,3,80.77,CNY,0.15,242.31,205.96
TXN-CN-1-001279,2026-08-25 14:21:56,2026-08-25 14:22:56,CN,Other ERP,C,MED-002,Medora Derm Cream,RX,Medora,Pharmacy/B2B,10,200.0,CNY,0.0,2000.0,2000.0
TXN-CN-1-001280,2026-08-25 21:16:50,2026-08-25 21:17:50,CN,Other ERP,C,MED-001,Medora Cardio 10mg,RX,Medora,E-commerce,9,330.77,CNY,0.0,2976.93,2976.93
TXN-CN-1-001281,2026-08-25 20:52:50,2026-08-25 20:56:50,CN,Other ERP,C,SAN-001,SanaPlus PainRelief,OTC,SanaPlus,E-commerce,11,73.08,CNY,0.2,803.88,643.1
TXN-CN-1-001282,2026-08-25 11:28:27,2026-08-25 11:31:27,CN,Other ERP,C,MED-002,Medora Derm Cream,RX,Medora,E-commerce,12,200.0,CNY,0.05,2400.0,2280.0
TXN-CN-1-001283,2026-08-25 01:32:19,2026-08-25 01:37:19,CN,Other ERP,C,MED-001,Medora Cardio 10mg,RX,Medora,D2C,9,330.77,CNY,0.2,2976.93,2381.54
TXN-CN-1-001284,2026-08-25 03:40:46,2026-08-25 03:45:46,CN,Other ERP,C,MED-002,Medora Derm Cream,RX,Medora,Pharmacy/B2B,5,200.0,CNY,0.0,1000.0,1000.0
TXN-CN-1-001285,2026-08-25 02:13:14,2026-08-25 02:15:14,CN,Other ERP,C,SAN-001,SanaPlus PainRelief,OTC,SanaPlus,E-commerce,12,73.08,CNY,0.05,876.96,833.11
TXN-CN-1-001286,2026-08-25 07:31:17,2026-08-25 07:35:17,CN,Other ERP,C,MED-002,Medora Derm Cream,RX,Medora,D2C,12,200.0,CNY,0.2,2400.0,1920.0
TXN-CN-1-001287,2026-08-25 19:19:50,2026-08-25 19:23:50,CN,Other ERP,C,VIT-002,Vitalis Multivit,SUP,Vitalis,Wholesale,7,130.77,CNY,0.0,915.39,915.39
TXN-CN-1-001288,2026-08-25 16:00:54,2026-08-25 16:01:54,CN,Other ERP,C,VIT-002,Vitalis Multivit,SUP,Vitalis,D2C,9,130.77,CNY,0.15,1176.93,1000.39
TXN-CN-1-001289,2026-08-25 21:49:48,2026-08-25 21:53:48,CN,Other ERP,C,PUR-002,PureLife BP Monitor,MD,PureLife,E-commerce,4,692.31,CNY,0.0,2769.24,2769.24
TXN-CN-1-001290,2026-08-25 08:48:38,2026-08-25 08:53:38,CN,Other ERP,C,MED-001,Medora Cardio 10mg,RX,Medora,Pharmacy/B2B,11,330.77,CNY,0.0,3638.47,3638.47
TXN-CN-1-001291,2026-08-25 19:49:35,2026-08-25 19:52:35,CN,Other ERP,C,DER-001,Dermacare GlowSerum,AES,Dermacare,Pharmacy/B2B,6,246.15,CNY,0.15,1476.9,1255.37
TXN-CN-1-001292,2026-08-25 10:37:39,2026-08-25 10:41:39,CN,Other ERP,C,VIT-002,Vitalis Multivit,SUP,Vitalis,Pharmacy/B2B,11,130.77,CNY,0.0,1438.47,1438.47
TXN-CN-1-001293,2026-08-25 14:02:52,2026-08-25 14:06:52,CN,Other ERP,C,VIT-002,Vitalis Multivit,SUP,Vitalis,Wholesale,10,130.77,CNY,0.0,1307.7,1307.7
TXN-CN-1-001294,2026-08-25 13:00:01,2026-08-25 13:03:01,CN,Other ERP,C,MED-002,Medora Derm Cream,RX,Medora,Pharmacy/B2B,7,200.0,CNY,0.0,1400.0,1400.0
TXN-CN-1-001295,2026-08-25 08:57:36,2026-08-25 09:01:36,CN,Other ERP,C,PUR-002,PureLife BP Monitor,MD,PureLife,Pharmacy/B2B,11,692.31,CNY,0.0,7615.41,7615.41
TXN-CN-1-001296,2026-08-25 18:29:52,2026-08-25 18:31:52,CN,Other ERP,C,DER-002,Dermacare LiftCream,AES,Dermacare,Wholesale,3,284.62,CNY,0.05,853.86,811.17
TXN-CN-1-001297,2026-08-25 01:01:32,2026-08-25 01:03:32,CN,Other ERP,C,PUR-001,PureLife GlucoMonitor,MD,PureLife,Wholesale,11,653.85,CNY,0.05,7192.35,6832.73
TXN-CN-1-001298,2026-08-25 14:55:21,2026-08-25 14:56:21,CN,Other ERP,C,SAN-002,SanaPlus ColdFlu,OTC,SanaPlus,E-commerce,5,80.77,CNY,0.0,403.85,403.85
TXN-CN-1-001299,2026-08-25 18:58:39,2026-08-25 18:59:39,CN,Other ERP,C,DER-001,Dermacare GlowSerum,AES,Dermacare,D2C,5,246.15,CNY,0.0,1230.75,1230.75
TXN-CN-1-001300,2026-08-25 15:00:29,2026-08-25 15:01:29,CN,Other ERP,C,MED-001,Medora Cardio 10mg,RX,Medora,Pharmacy/B2B,10,330.77,CNY,0.15,3307.7,2811.54
TXN-CN-1-001301,2026-08-25 16:48:52,2026-08-25 16:51:52,CN,Other ERP,C,VIT-002,Vitalis Multivit,SUP,Vitalis,D2C,9,130.77,CNY,0.2,1176.93,941.54
TXN-CN-1-001302,2026-08-25 23:06:46,2026-08-25 23:09:46,CN,Other ERP,C,DER-001,Dermacare GlowSerum,AES,Dermacare,D2C,1,246.15,CNY,0.0,246.15,246.15
TXN-CN-1-001303,2026-08-25 04:31:50,2026-08-25 04:32:50,CN,Other ERP,C,VIT-002,Vitalis Multivit,SUP,Vitalis,Pharmacy/B2B,3,130.77,CNY,0.05,392.31,372.69
TXN-CN-1-001304,2026-08-25 07:47:28,2026-08-25 07:48:28,CN,Other ERP,C,SAN-001,SanaPlus PainRelief,OTC,SanaPlus,E-commerce,8,73.08,CNY,0.05,584.64,555.41
TXN-CN-1-001305,2026-08-25 07:35:32,2026-08-25 07:39:32,CN,Other ERP,C,VIT-001,Vitalis C1000,SUP,Vitalis,Pharmacy/B2B,5,161.54,CNY,0.15,807.7,686.55
TXN-CN-1-001306,2026-08-25 09:26:09,2026-08-25 09:32:09,CN,Other ERP,C,SAN-001,SanaPlus PainRelief,OTC,SanaPlus,Wholesale,2,73.08,CNY,0.1,146.16,131.54
TXN-CN-1-001307,2026-08-25 21:04:52,2026-08-25 21:06:52,CN,Other ERP,C,PUR-002,PureLife BP Monitor,MD,PureLife,D2C,4,692.31,CNY,0.0,2769.24,2769.24
TXN-CN-1-001308,2026-08-25 20:56:51,2026-08-25 21:00:51,CN,Other ERP,C,PUR-002,PureLife BP Monitor,MD,PureLife,Pharmacy/B2B,7,692.31,CNY,0.05,4846.17,4603.86
TXN-CN-1-001309,2026-08-25 14:38:28,2026-08-25 14:41:28,CN,Other ERP,C,PUR-002,PureLife BP Monitor,MD,PureLife,Pharmacy/B2B,10,692.31,CNY,0.0,6923.1,6923.1
TXN-CN-1-001310,2026-08-25 06:18:12,2026-08-25 06:23:12,CN,Other ERP,C,PUR-001,PureLife GlucoMonitor,MD,PureLife,D2C,10,653.85,CNY,0.1,6538.5,5884.65
TXN-CN-1-001311,2026-08-25 16:32:31,2026-08-25 16:35:31,CN,Other ERP,C,SAN-002,SanaPlus ColdFlu,OTC,SanaPlus,D2C,2,80.77,CNY,0.2,161.54,129.23
TXN-CN-1-001312,2026-08-25 08:38:01,2026-08-25 08:41:01,CN,Other ERP,C,PUR-001,PureLife GlucoMonitor,MD,PureLife,Wholesale,3,653.85,CNY,0.2,1961.55,1569.24
TXN-CN-1-001313,2026-08-25 17:52:31,2026-08-25 17:53:31,CN,Other ERP,C,DER-002,Dermacare LiftCream,AES,Dermacare,D2C,4,284.62,CNY,0.0,1138.48,1138.48
TXN-CN-1-001314,2026-08-25 23:22:02,2026-08-25 23:26:02,CN,Other ERP,C,PUR-001,PureLife GlucoMonitor,MD,PureLife,Pharmacy/B2B,2,653.85,CNY,0.2,1307.7,1046.16
TXN-CN-1-001315,2026-08-25 13:58:18,2026-08-25 14:01:18,CN,Other ERP,C,MED-001,Medora Cardio 10mg,RX,Medora,E-commerce,5,330.77,CNY,0.0,1653.85,1653.85
TXN-CN-1-001316,2026-08-25 21:30:17,2026-08-25 21:35:17,CN,Other ERP,C,PUR-001,PureLife GlucoMonitor,MD,PureLife,Pharmacy/B2B,9,653.85,CNY,0.05,5884.65,5590.42
TXN-CN-1-001317,2026-08-25 07:29:01,2026-08-25 07:34:01,CN,Other ERP,C,DER-002,Dermacare LiftCream,AES,Dermacare,Wholesale,11,284.62,CNY,0.15,3130.82,2661.2
TXN-CN-1-001318,2026-08-25 13:04:33,2026-08-25 13:09:33,CN,Other ERP,C,VIT-002,Vitalis Multivit,SUP,Vitalis,E-commerce,4,130.77,CNY,0.05,523.08,496.93
TXN-CN-1-001319,2026-08-25 10:20:19,2026-08-25 10:24:19,CN,Other ERP,C,DER-002,Dermacare LiftCream,AES,Dermacare,Pharmacy/B2B,5,284.62,CNY,0.0,1423.1,1423.1
TXN-CN-1-001320,2026-08-25 08:28:00,2026-08-25 08:34:00,CN,Other ERP,C,MED-001,Medora Cardio 10mg,RX,Medora,Pharmacy/B2B,10,330.77,CNY,0.0,3307.7,3307.7
TXN-CN-1-001321,2026-08-25 12:42:38,2026-08-25 12:44:38,CN,Other ERP,C,PUR-001,PureLife GlucoMonitor,MD,PureLife,Wholesale,1,653.85,CNY,0.0,653.85,653.85
TXN-CN-1-001322,2026-08-25 19:50:27,2026-08-25 19:52:27,CN,Other ERP,C,DER-001,Dermacare GlowSerum,AES,Dermacare,E-commerce,6,246.15,CNY,0.0,1476.9,1476.9
TXN-CN-1-001323,2026-08-25 06:04:30,2026-08-25 06:05:30,CN,Other ERP,C,SAN-001,SanaPlus PainRelief,OTC,SanaPlus,Pharmacy/B2B,11,73.08,CNY,0.2,803.88,643.1
TXN-CN-1-001324,2026-08-25 06:12:12,2026-08-25 06:14:12,CN,Other ERP,C,MED-002,Medora Derm Cream,RX,Medora,Pharmacy/B2B,12,200.0,CNY,0.15,2400.0,2040.0
TXN-CN-1-001325,2026-08-25 12:57:54,2026-08-25 13:01:54,CN,Other ERP,C,DER-002,Dermacare LiftCream,AES,Dermacare,E-commerce,1,284.62,CNY,0.0,284.62,284.62
TXN-CN-1-001326,2026-08-25 10:10:34,2026-08-25 10:11:34,CN,Other ERP,C,MED-001,Medora Cardio 10mg,RX,Medora,Pharmacy/B2B,12,330.77,CNY,0.15,3969.24,3373.85
TXN-CN-1-001327,2026-08-25 18:00:47,2026-08-25 18:06:47,CN,Other ERP,C,PUR-002,PureLife BP Monitor,MD,PureLife,D2C,2,692.31,CNY,0.1,1384.62,1246.16
TXN-CN-1-001328,2026-08-25 07:49:52,2026-08-25 07:51:52,CN,Other ERP,C,SAN-001,SanaPlus PainRelief,OTC,SanaPlus,D2C,4,73.08,CNY,0.2,292.32,233.86
TXN-CN-1-001329,2026-08-25 20:03:19,2026-08-25 20:09:19,CN,Other ERP,C,MED-002,Medora Derm Cream,RX,Medora,Pharmacy/B2B,10,200.0,CNY,0.05,2000.0,1900.0
TXN-CN-1-001330,2026-08-25 22:25:56,2026-08-25 22:28:56,CN,Other ERP,C,MED-002,Medora Derm Cream,RX,Medora,E-commerce,3,200.0,CNY,0.2,600.0,480.0
TXN-CN-1-001331,2026-08-25 10:05:13,2026-08-25 10:10:13,CN,Other ERP,C,DER-002,Dermacare LiftCream,AES,Dermacare,Pharmacy/B2B,10,284.62,CNY,0.15,2846.2,2419.27
TXN-CN-1-001332,2026-08-25 20:19:00,2026-08-25 20:23:00,CN,Other ERP,C,VIT-001,Vitalis C1000,SUP,Vitalis,Wholesale,5,161.54,CNY,0.2,807.7,646.16
TXN-CN-1-001333,2026-08-25 20:54:39,2026-08-25 20:58:39,CN,Other ERP,C,VIT-002,Vitalis Multivit,SUP,Vitalis,E-commerce,3,130.77,CNY,0.0,392.31,392.31
TXN-CN-1-001334,2026-08-25 02:50:40,2026-08-25 02:54:40,CN,Other ERP,C,SAN-001,SanaPlus PainRelief,OTC,SanaPlus,E-commerce,3,73.08,CNY,0.0,219.24,219.24
TXN-CN-1-001335,2026-08-25 00:30:33,2026-08-25 00:33:33,CN,Other ERP,C,VIT-002,Vitalis Multivit,SUP,Vitalis,E-commerce,7,130.77,CNY,0.0,915.39,915.39
TXN-CN-1-001336,2026-08-25 03:55:40,2026-08-25 04:00:40,CN,Other ERP,C,PUR-002,PureLife BP Monitor,MD,PureLife,Pharmacy/B2B,1,692.31,CNY,0.0,692.31,692.31
TXN-CN-1-001337,2026-08-25 11:07:19,2026-08-25 11:11:19,CN,Other ERP,C,PUR-001,PureLife GlucoMonitor,MD,PureLife,Wholesale,2,653.85,CNY,0.15,1307.7,1111.55
TXN-CN-1-001338,2026-08-25 13:53:21,2026-08-25 13:55:21,CN,Other ERP,C,MED-001,Medora Cardio 10mg,RX,Medora,Wholesale,1,330.77,CNY,0.0,330.77,330.77
TXN-CN-1-001339,2026-08-25 19:53:05,2026-08-25 19:57:05,CN,Other ERP,C,DER-002,Dermacare LiftCream,AES,Dermacare,E-commerce,1,284.62,CNY,0.0,284.62,284.62
TXN-CN-1-001340,2026-08-25 01:16:46,2026-08-25 01:17:46,CN,Other ERP,C,PUR-002,PureLife BP Monitor,MD,PureLife,D2C,4,692.31,CNY,0.05,2769.24,2630.78
TXN-CN-1-001341,2026-08-25 15:04:37,2026-08-25 15:10:37,CN,Other ERP,C,VIT-001,Vitalis C1000,SUP,Vitalis,Pharmacy/B2B,10,161.54,CNY,0.0,1615.4,1615.4
TXN-CN-1-001342,2026-08-25 07:09:27,2026-08-25 07:13:27,CN,Other ERP,C,PUR-001,PureLife GlucoMonitor,MD,PureLife,Pharmacy/B2B,1,653.85,CNY,0.0,653.85,653.85
TXN-CN-1-001343,2026-08-25 16:55:28,2026-08-25 16:59:28,CN,Other ERP,C,PUR-002,PureLife BP Monitor,MD,PureLife,D2C,1,692.31,CNY,0.0,692.31,692.31
TXN-CN-1-001344,2026-08-25 03:29:14,2026-08-25 03:33:14,CN,Other ERP,C,VIT-002,Vitalis Multivit,SUP,Vitalis,E-commerce,6,130.77,CNY,0.2,784.62,627.7
TXN-CN-1-001345,2026-08-25 20:30:04,2026-08-25 20:31:04,CN,Other ERP,C,MED-001,Medora Cardio 10mg,RX,Medora,Wholesale,4,330.77,CNY,0.1,1323.08,1190.77
TXN-CN-1-001346,2026-08-25 16:48:06,2026-08-25 16:49:06,CN,Other ERP,C,VIT-002,Vitalis Multivit,SUP,Vitalis,Pharmacy/B2B,11,130.77,CNY,0.05,1438.47,1366.55
TXN-CN-1-001347,2026-08-25 06:15:00,2026-08-25 06:17:00,CN,Other ERP,C,MED-002,Medora Derm Cream,RX,Medora,Pharmacy/B2B,4,200.0,CNY,0.1,800.0,720.0
TXN-CN-1-001348,2026-08-25 13:51:35,2026-08-25 13:56:35,CN,Other ERP,C,MED-001,Medora Cardio 10mg,RX,Medora,Wholesale,2,330.77,CNY,0.15,661.54,562.31
TXN-CN-1-001349,2026-08-25 14:11:38,2026-08-25 14:15:38,CN,Other ERP,C,VIT-001,Vitalis C1000,SUP,Vitalis,E-commerce,2,161.54,CNY,0.0,323.08,323.08
TXN-CN-1-001350,2026-08-25 09:14:37,2026-08-25 09:17:37,CN,Other ERP,C,SAN-001,SanaPlus PainRelief,OTC,SanaPlus,Wholesale,2,73.08,CNY,0.05,146.16,138.85
TXN-CN-1-001351,2026-08-25 04:02:23,2026-08-25 04:07:23,CN,Other ERP,C,VIT-001,Vitalis C1000,SUP,Vitalis,Pharmacy/B2B,8,161.54,CNY,0.2,1292.32,1033.86
TXN-CN-1-001352,2026-08-25 00:13:44,2026-08-25 00:17:44,CN,Other ERP,C,SAN-001,SanaPlus PainRelief,OTC,SanaPlus,D2C,4,73.08,CNY,0.05,292.32,277.7
TXN-CN-1-001353,2026-08-25 01:57:30,2026-08-25 01:59:30,CN,Other ERP,C,VIT-002,Vitalis Multivit,SUP,Vitalis,D2C,5,130.77,CNY,0.2,653.85,523.08
TXN-CN-1-001354,2026-08-25 04:47:48,2026-08-25 04:49:48,CN,Other ERP,C,SAN-002,SanaPlus ColdFlu,OTC,SanaPlus,E-commerce,2,80.77,CNY,0.15,161.54,137.31
TXN-CN-1-001355,2026-08-25 14:27:56,2026-08-25 14:28:56,CN,Other ERP,C,VIT-001,Vitalis C1000,SUP,Vitalis,D2C,3,161.54,CNY,0.0,484.62,484.62
TXN-CN-1-001356,2026-08-25 21:23:52,2026-08-25 21:26:52,CN,Other ERP,C,MED-002,Medora Derm Cream,RX,Medora,E-commerce,12,200.0,CNY,0.15,2400.0,2040.0
TXN-CN-1-001357,2026-08-25 00:37:10,2026-08-25 00:42:10,CN,Other ERP,C,SAN-001,SanaPlus PainRelief,OTC,SanaPlus,D2C,12,73.08,CNY,0.2,876.96,701.57
TXN-CN-1-001358,2026-08-25 16:14:28,2026-08-25 16:18:28,CN,Other ERP,C,VIT-001,Vitalis C1000,SUP,Vitalis,Wholesale,10,161.54,CNY,0.0,1615.4,1615.4
TXN-CN-1-001359,2026-08-25 07:34:54,2026-08-25 07:40:54,CN,Other ERP,C,VIT-001,Vitalis C1000,SUP,Vitalis,Wholesale,11,161.54,CNY,0.15,1776.94,1510.4
TXN-CN-1-001360,2026-08-25 12:51:24,2026-08-25 12:54:24,CN,Other ERP,C,MED-002,Medora Derm Cream,RX,Medora,E-commerce,3,200.0,CNY,0.05,600.0,570.0
TXN-CN-1-001361,2026-08-25 14:53:25,2026-08-25 14:54:25,CN,Other ERP,C,DER-002,Dermacare LiftCream,AES,Dermacare,D2C,12,284.62,CNY,0.1,3415.44,3073.9
TXN-CN-1-001362,2026-08-25 00:52:39,2026-08-25 00:58:39,CN,Other ERP,C,VIT-001,Vitalis C1000,SUP,Vitalis,D2C,6,161.54,CNY,0.2,969.24,775.39
TXN-CN-1-001363,2026-08-25 13:04:26,2026-08-25 13:09:26,CN,Other ERP,C,PUR-001,PureLife GlucoMonitor,MD,PureLife,D2C,2,653.85,CNY,0.05,1307.7,1242.32
TXN-CN-1-001364,2026-08-25 01:20:56,2026-08-25 01:22:56,CN,Other ERP,C,MED-002,Medora Derm Cream,RX,Medora,Pharmacy/B2B,10,200.0,CNY,0.15,2000.0,1700.0
TXN-CN-1-001365,2026-08-25 04:01:15,2026-08-25 04:04:15,CN,Other ERP,C,PUR-001,PureLife GlucoMonitor,MD,PureLife,Pharmacy/B2B,3,653.85,CNY,0.2,1961.55,1569.24
TXN-CN-1-001366,2026-08-25 15:39:03,2026-08-25 15:44:03,CN,Other ERP,C,DER-001,Dermacare GlowSerum,AES,Dermacare,D2C,12,246.15,CNY,0.1,2953.8,2658.42
TXN-CN-1-001367,2026-08-25 19:30:36,2026-08-25 19:34:36,CN,Other ERP,C,SAN-001,SanaPlus PainRelief,OTC,SanaPlus,Wholesale,9,73.08,CNY,0.05,657.72,624.83
TXN-CN-1-001368,2026-08-25 18:42:11,2026-08-25 18:48:11,CN,Other ERP,C,DER-001,Dermacare GlowSerum,AES,Dermacare,E-commerce,4,246.15,CNY,0.05,984.6,935.37
TXN-CN-1-001369,2026-08-25 13:48:44,2026-08-25 13:49:44,CN,Other ERP,C,MED-001,Medora Cardio 10mg,RX,Medora,D2C,5,330.77,CNY,0.05,1653.85,1571.16
TXN-CN-1-001370,2026-08-25 09:25:23,2026-08-25 09:26:23,CN,Other ERP,C,PUR-001,PureLife GlucoMonitor,MD,PureLife,E-commerce,8,653.85,CNY,0.2,5230.8,4184.64
TXN-CN-1-001371,2026-08-25 23:56:00,2026-08-26 00:01:00,CN,Other ERP,C,MED-002,Medora Derm Cream,RX,Medora,Pharmacy/B2B,10,200.0,CNY,0.0,2000.0,2000.0
TXN-CN-1-001372,2026-08-25 17:51:56,2026-08-25 17:54:56,CN,Other ERP,C,PUR-002,PureLife BP Monitor,MD,PureLife,E-commerce,2,692.31,CNY,0.05,1384.62,1315.39
TXN-CN-1-001373,2026-08-25 10:57:03,2026-08-25 10:58:03,CN,Other ERP,C,MED-001,Medora Cardio 10mg,RX,Medora,Wholesale,10,330.77,CNY,0.15,3307.7,2811.54
TXN-CN-1-001374,2026-08-25 19:15:48,2026-08-25 19:17:48,CN,Other ERP,C,DER-001,Dermacare GlowSerum,AES,Dermacare,E-commerce,4,246.15,CNY,0.2,984.6,787.68
TXN-CN-1-001375,2026-08-25 11:52:14,2026-08-25 11:54:14,CN,Other ERP,C,SAN-001,SanaPlus PainRelief,OTC,SanaPlus,D2C,9,73.08,CNY,0.05,657.72,624.83
TXN-CN-1-001376,2026-08-25 09:50:44,2026-08-25 09:54:44,CN,Other ERP,C,MED-001,Medora Cardio 10mg,RX,Medora,E-commerce,2,330.77,CNY,0.0,661.54,661.54
TXN-CN-1-001377,2026-08-25 20:54:06,2026-08-25 20:59:06,CN,Other ERP,C,DER-001,Dermacare GlowSerum,AES,Dermacare,D2C,5,246.15,CNY,0.05,1230.75,1169.21
TXN-CN-1-001378,2026-08-25 06:49:34,2026-08-25 06:51:34,CN,Other ERP,C,MED-001,Medora Cardio 10mg,RX,Medora,E-commerce,2,330.77,CNY,0.0,661.54,661.54
TXN-CN-1-001379,2026-08-25 07:15:22,2026-08-25 07:21:22,CN,Other ERP,C,DER-002,Dermacare LiftCream,AES,Dermacare,E-commerce,1,284.62,CNY,0.0,284.62,284.62
TXN-CN-1-001380,2026-08-25 11:58:23,2026-08-25 11:59:23,CN,Other ERP,C,VIT-002,Vitalis Multivit,SUP,Vitalis,E-commerce,1,130.77,CNY,0.0,130.77,130.77
TXN-CN-1-001381,2026-08-25 00:45:02,2026-08-25 00:46:02,CN,Other ERP,C,PUR-001,PureLife GlucoMonitor,MD,PureLife,Wholesale,4,653.85,CNY,0.2,2615.4,2092.32
TXN-CN-1-001382,2026-08-25 10:37:12,2026-08-25 10:43:12,CN,Other ERP,C,DER-001,Dermacare GlowSerum,AES,Dermacare,Wholesale,4,246.15,CNY,0.1,984.6,886.14
TXN-CN-1-001383,2026-08-25 04:02:59,2026-08-25 04:07:59,CN,Other ERP,C,MED-001,Medora Cardio 10mg,RX,Medora,Pharmacy/B2B,9,330.77,CNY,0.1,2976.93,2679.24
TXN-CN-1-001384,2026-08-25 20:48:58,2026-08-25 20:53:58,CN,Other ERP,C,MED-002,Medora Derm Cream,RX,Medora,Pharmacy/B2B,5,200.0,CNY,0.0,1000.0,1000.0
TXN-CN-1-001385,2026-08-25 14:47:20,2026-08-25 14:48:20,CN,Other ERP,C,MED-001,Medora Cardio 10mg,RX,Medora,Pharmacy/B2B,7,330.77,CNY,0.1,2315.39,2083.85
TXN-CN-1-001386,2026-08-25 22:51:23,2026-08-25 22:53:23,CN,Other ERP,C,VIT-002,Vitalis Multivit,SUP,Vitalis,E-commerce,11,130.77,CNY,0.05,1438.47,1366.55
TXN-CN-1-001387,2026-08-25 07:20:16,2026-08-25 07:24:16,CN,Other ERP,C,PUR-002,PureLife BP Monitor,MD,PureLife,Wholesale,12,692.31,CNY,0.15,8307.72,7061.56
TXN-CN-1-001388,2026-08-25 22:29:33,2026-08-25 22:30:33,CN,Other ERP,C,DER-001,Dermacare GlowSerum,AES,Dermacare,Pharmacy/B2B,9,246.15,CNY,0.2,2215.35,1772.28
TXN-CN-1-001389,2026-08-25 12:15:50,2026-08-25 12:18:50,CN,Other ERP,C,PUR-001,PureLife GlucoMonitor,MD,PureLife,Pharmacy/B2B,9,653.85,CNY,0.05,5884.65,5590.42
TXN-CN-1-001390,2026-08-25 17:28:38,2026-08-25 17:31:38,CN,Other ERP,C,DER-001,Dermacare GlowSerum,AES,Dermacare,E-commerce,1,246.15,CNY,0.0,246.15,246.15
TXN-CN-1-001391,2026-08-25 00:50:22,2026-08-25 00:55:22,CN,Other ERP,C,PUR-002,PureLife BP Monitor,MD,PureLife,D2C,11,692.31,CNY,0.0,7615.41,7615.41
TXN-CN-1-001392,2026-08-25 09:04:02,2026-08-25 09:08:02,CN,Other ERP,C,MED-002,Medora Derm Cream,RX,Medora,Pharmacy/B2B,12,200.0,CNY,0.2,2400.0,1920.0
TXN-CN-1-001393,2026-08-25 08:53:43,2026-08-25 08:57:43,CN,Other ERP,C,MED-002,Medora Derm Cream,RX,Medora,Pharmacy/B2B,9,200.0,CNY,0.0,1800.0,1800.0
TXN-CN-1-001394,2026-08-25 11:35:25,2026-08-25 11:36:25,CN,Other ERP,C,PUR-002,PureLife BP Monitor,MD,PureLife,D2C,12,692.31,CNY,0.0,8307.72,8307.72
TXN-CN-1-001395,2026-08-25 12:00:17,2026-08-25 12:05:17,CN,Other ERP,C,VIT-001,Vitalis C1000,SUP,Vitalis,D2C,3,161.54,CNY,0.0,484.62,484.62
TXN-CN-1-001396,2026-08-25 06:53:07,2026-08-25 06:59:07,CN,Other ERP,C,SAN-001,SanaPlus PainRelief,OTC,SanaPlus,Pharmacy/B2B,2,73.08,CNY,0.0,146.16,146.16
TXN-CN-1-001397,2026-08-25 07:24:27,2026-08-25 07:27:27,CN,Other ERP,C,VIT-002,Vitalis Multivit,SUP,Vitalis,D2C,7,130.77,CNY,0.05,915.39,869.62
TXN-CN-1-001398,2026-08-25 01:05:28,2026-08-25 01:09:28,CN,Other ERP,C,SAN-002,SanaPlus ColdFlu,OTC,SanaPlus,Wholesale,10,80.77,CNY,0.1,807.7,726.93
TXN-CN-1-001399,2026-08-25 21:44:40,2026-08-25 21:47:40,CN,Other ERP,C,SAN-001,SanaPlus PainRelief,OTC,SanaPlus,D2C,7,73.08,CNY,0.05,511.56,485.98
TXN-CN-1-001400,2026-08-25 16:04:43,2026-08-25 16:06:43,CN,Other ERP,C,MED-001,Medora Cardio 10mg,RX,Medora,Pharmacy/B2B,1,330.77,CNY,0.1,330.77,297.69
TXN-CN-1-001401,2026-08-25 05:01:21,2026-08-25 05:04:21,CN,Other ERP,C,MED-001,Medora Cardio 10mg,RX,Medora,E-commerce,12,330.77,CNY,0.2,3969.24,3175.39
TXN-CN-1-001402,2026-08-25 19:37:37,2026-08-25 19:38:37,CN,Other ERP,C,PUR-001,PureLife GlucoMonitor,MD,PureLife,E-commerce,3,653.85,CNY,0.15,1961.55,1667.32
TXN-CN-1-001403,2026-08-25 08:06:02,2026-08-25 08:11:02,CN,Other ERP,C,DER-002,Dermacare LiftCream,AES,Dermacare,D2C,1,284.62,CNY,0.0,284.62,284.62
TXN-CN-1-001404,2026-08-25 14:14:19,2026-08-25 14:16:19,CN,Other ERP,C,MED-001,Medora Cardio 10mg,RX,Medora,D2C,9,330.77,CNY,0.0,2976.93,2976.93
TXN-CN-1-001405,2026-08-25 18:05:27,2026-08-25 18:08:27,CN,Other ERP,C,SAN-002,SanaPlus ColdFlu,OTC,SanaPlus,E-commerce,8,80.77,CNY,0.0,646.16,646.16
TXN-CN-1-001406,2026-08-25 13:03:10,2026-08-25 13:09:10,CN,Other ERP,C,VIT-002,Vitalis Multivit,SUP,Vitalis,Wholesale,5,130.77,CNY,0.0,653.85,653.85
TXN-CN-1-001407,2026-08-25 08:05:33,2026-08-25 08:08:33,CN,Other ERP,C,DER-002,Dermacare LiftCream,AES,Dermacare,Pharmacy/B2B,1,284.62,CNY,0.0,284.62,284.62
TXN-CN-1-001408,2026-08-25 03:10:28,2026-08-25 03:12:28,CN,Other ERP,C,PUR-002,PureLife BP Monitor,MD,PureLife,Pharmacy/B2B,9,692.31,CNY,0.0,6230.79,6230.79
TXN-CN-1-001409,2026-08-25 20:05:07,2026-08-25 20:11:07,CN,Other ERP,C,SAN-002,SanaPlus ColdFlu,OTC,SanaPlus,Pharmacy/B2B,9,80.77,CNY,0.0,726.93,726.93
TXN-CN-1-001410,2026-08-25 15:14:36,2026-08-25 15:15:36,CN,Other ERP,C,VIT-001,Vitalis C1000,SUP,Vitalis,D2C,6,161.54,CNY,0.1,969.24,872.32
TXN-CN-1-001411,2026-08-25 00:39:06,2026-08-25 00:42:06,CN,Other ERP,C,DER-001,Dermacare GlowSerum,AES,Dermacare,Pharmacy/B2B,1,246.15,CNY,0.0,246.15,246.15
TXN-CN-1-001412,2026-08-25 16:55:02,2026-08-25 17:00:02,CN,Other ERP,C,VIT-001,Vitalis C1000,SUP,Vitalis,E-commerce,1,161.54,CNY,0.0,161.54,161.54
TXN-CN-1-001413,2026-08-25 15:31:38,2026-08-25 15:35:38,CN,Other ERP,C,MED-001,Medora Cardio 10mg,RX,Medora,Pharmacy/B2B,2,330.77,CNY,0.0,661.54,661.54
TXN-CN-1-001414,2026-08-25 20:26:44,2026-08-25 20:28:44,CN,Other ERP,C,PUR-001,PureLife GlucoMonitor,MD,PureLife,E-commerce,8,653.85,CNY,0.0,5230.8,5230.8
TXN-CN-1-001415,2026-08-25 01:04:42,2026-08-25 01:05:42,CN,Other ERP,C,VIT-001,Vitalis C1000,SUP,Vitalis,E-commerce,3,161.54,CNY,0.1,484.62,436.16
TXN-CN-1-001416,2026-08-25 22:50:01,2026-08-25 22:54:01,CN,Other ERP,C,MED-002,Medora Derm Cream,RX,Medora,D2C,2,200.0,CNY,0.0,400.0,400.0
TXN-CN-1-001417,2026-08-25 01:04:08,2026-08-25 01:10:08,CN,Other ERP,C,SAN-001,SanaPlus PainRelief,OTC,SanaPlus,D2C,1,73.08,CNY,0.05,73.08,69.43
TXN-CN-1-001418,2026-08-25 15:38:00,2026-08-25 15:42:00,CN,Other ERP,C,SAN-002,SanaPlus ColdFlu,OTC,SanaPlus,E-commerce,12,80.77,CNY,0.2,969.24,775.39
TXN-CN-1-001419,2026-08-25 09:24:48,2026-08-25 09:27:48,CN,Other ERP,C,DER-001,Dermacare GlowSerum,AES,Dermacare,Pharmacy/B2B,5,246.15,CNY,0.15,1230.75,1046.14
TXN-CN-1-001420,2026-08-25 06:28:12,2026-08-25 06:30:12,CN,Other ERP,C,DER-002,Dermacare LiftCream,AES,Dermacare,Wholesale,4,284.62,CNY,0.2,1138.48,910.78
TXN-CN-1-001421,2026-08-25 23:05:01,2026-08-25 23:08:01,CN,Other ERP,C,DER-001,Dermacare GlowSerum,AES,Dermacare,Pharmacy/B2B,2,246.15,CNY,0.1,492.3,443.07
TXN-CN-1-001422,2026-08-25 03:12:29,2026-08-25 03:15:29,CN,Other ERP,C,VIT-002,Vitalis Multivit,SUP,Vitalis,Pharmacy/B2B,6,130.77,CNY,0.05,784.62,745.39
TXN-CN-1-001423,2026-08-25 22:47:20,2026-08-25 22:49:20,CN,Other ERP,C,SAN-001,SanaPlus PainRelief,OTC,SanaPlus,Wholesale,3,73.08,CNY,0.0,219.24,219.24
TXN-CN-1-001424,2026-08-25 08:33:05,2026-08-25 08:36:05,CN,Other ERP,C,PUR-001,PureLife GlucoMonitor,MD,PureLife,Wholesale,2,653.85,CNY,0.05,1307.7,1242.32
TXN-CN-1-001425,2026-08-25 14:55:17,2026-08-25 15:00:17,CN,Other ERP,C,VIT-001,Vitalis C1000,SUP,Vitalis,E-commerce,6,161.54,CNY,0.2,969.24,775.39
TXN-CN-1-001426,2026-08-25 03:41:51,2026-08-25 03:47:51,CN,Other ERP,C,VIT-001,Vitalis C1000,SUP,Vitalis,Wholesale,11,161.54,CNY,0.0,1776.94,1776.94
TXN-CN-1-001427,2026-08-25 14:21:13,2026-08-25 14:25:13,CN,Other ERP,C,MED-001,Medora Cardio 10mg,RX,Medora,Wholesale,7,330.77,CNY,0.15,2315.39,1968.08
TXN-CN-1-001428,2026-08-25 14:06:20,2026-08-25 14:09:20,CN,Other ERP,C,DER-001,Dermacare GlowSerum,AES,Dermacare,E-commerce,3,246.15,CNY,0.0,738.45,738.45
TXN-CN-1-001429,2026-08-25 02:47:18,2026-08-25 02:52:18,CN,Other ERP,C,DER-002,Dermacare LiftCream,AES,Dermacare,Wholesale,9,284.62,CNY,0.05,2561.58,2433.5
TXN-CN-1-001430,2026-08-25 18:35:30,2026-08-25 18:38:30,CN,Other ERP,C,PUR-002,PureLife BP Monitor,MD,PureLife,D2C,8,692.31,CNY,0.05,5538.48,5261.56
TXN-CN-1-001431,2026-08-25 02:55:53,2026-08-25 03:01:53,CN,Other ERP,C,VIT-001,Vitalis C1000,SUP,Vitalis,Pharmacy/B2B,11,161.54,CNY,0.0,1776.94,1776.94
TXN-CN-1-001432,2026-08-25 13:09:56,2026-08-25 13:10:56,CN,Other ERP,C,MED-001,Medora Cardio 10mg,RX,Medora,Wholesale,2,330.77,CNY,0.2,661.54,529.23
TXN-CN-1-001433,2026-08-25 18:34:40,2026-08-25 18:37:40,CN,Other ERP,C,PUR-001,PureLife GlucoMonitor,MD,PureLife,Wholesale,5,653.85,CNY,0.0,3269.25,3269.25
TXN-CN-1-001434,2026-08-25 04:34:16,2026-08-25 04:36:16,CN,Other ERP,C,SAN-002,SanaPlus ColdFlu,OTC,SanaPlus,D2C,4,80.77,CNY,0.0,323.08,323.08
TXN-CN-1-001435,2026-08-25 01:57:11,2026-08-25 02:00:11,CN,Other ERP,C,DER-001,Dermacare GlowSerum,AES,Dermacare,Wholesale,9,246.15,CNY,0.0,2215.35,2215.35
TXN-CN-1-001436,2026-08-25 04:01:18,2026-08-25 04:03:18,CN,Other ERP,C,MED-002,Medora Derm Cream,RX,Medora,D2C,11,200.0,CNY,0.05,2200.0,2090.0
TXN-CN-1-001437,2026-08-25 09:12:12,2026-08-25 09:17:12,CN,Other ERP,C,SAN-002,SanaPlus ColdFlu,OTC,SanaPlus,E-commerce,6,80.77,CNY,0.0,484.62,484.62
TXN-CN-1-001438,2026-08-25 20:55:44,2026-08-25 20:57:44,CN,Other ERP,C,MED-001,Medora Cardio 10mg,RX,Medora,Wholesale,11,330.77,CNY,0.15,3638.47,3092.7
TXN-CN-1-001439,2026-08-25 10:03:49,2026-08-25 10:06:49,CN,Other ERP,C,MED-002,Medora Derm Cream,RX,Medora,Pharmacy/B2B,2,200.0,CNY,0.15,400.0,340.0
TXN-CN-1-001440,2026-08-25 22:17:56,2026-08-25 22:21:56,CN,Other ERP,C,VIT-002,Vitalis Multivit,SUP,Vitalis,Pharmacy/B2B,9,130.77,CNY,0.0,1176.93,1176.93
TXN-CN-1-001441,2026-08-25 16:52:44,2026-08-25 16:54:44,CN,Other ERP,C,MED-001,Medora Cardio 10mg,RX,Medora,Wholesale,4,330.77,CNY,0.0,1323.08,1323.08
TXN-CN-1-001442,2026-08-25 08:12:16,2026-08-25 08:15:16,CN,Other ERP,C,PUR-002,PureLife BP Monitor,MD,PureLife,D2C,9,692.31,CNY,0.2,6230.79,4984.63
TXN-CN-1-001443,2026-08-25 18:18:08,2026-08-25 18:20:08,CN,Other ERP,C,MED-002,Medora Derm Cream,RX,Medora,D2C,10,200.0,CNY,0.2,2000.0,1600.0
TXN-CN-1-001444,2026-08-25 15:17:00,2026-08-25 15:22:00,CN,Other ERP,C,MED-001,Medora Cardio 10mg,RX,Medora,Wholesale,7,330.77,CNY,0.0,2315.39,2315.39
TXN-CN-1-001445,2026-08-25 00:39:56,2026-08-25 00:42:56,CN,Other ERP,C,MED-002,Medora Derm Cream,RX,Medora,Pharmacy/B2B,1,200.0,CNY,0.0,200.0,200.0
TXN-CN-1-001446,2026-08-25 03:19:01,2026-08-25 03:21:01,CN,Other ERP,C,SAN-002,SanaPlus ColdFlu,OTC,SanaPlus,D2C,4,80.77,CNY,0.15,323.08,274.62
TXN-CN-1-001447,2026-08-25 10:09:24,2026-08-25 10:10:24,CN,Other ERP,C,VIT-001,Vitalis C1000,SUP,Vitalis,E-commerce,1,161.54,CNY,0.0,161.54,161.54
TXN-CN-1-001448,2026-08-25 14:36:58,2026-08-25 14:37:58,CN,Other ERP,C,SAN-001,SanaPlus PainRelief,OTC,SanaPlus,Wholesale,1,73.08,CNY,0.2,73.08,58.46
TXN-CN-1-001449,2026-08-25 08:43:40,2026-08-25 08:47:40,CN,Other ERP,C,VIT-001,Vitalis C1000,SUP,Vitalis,Pharmacy/B2B,12,161.54,CNY,0.15,1938.48,1647.71
TXN-CN-1-001450,2026-08-25 23:22:09,2026-08-25 23:27:09,CN,Other ERP,C,DER-001,Dermacare GlowSerum,AES,Dermacare,Pharmacy/B2B,1,246.15,CNY,0.0,246.15,246.15
TXN-CN-1-001451,2026-08-25 05:56:25,2026-08-25 05:57:25,CN,Other ERP,C,VIT-002,Vitalis Multivit,SUP,Vitalis,Pharmacy/B2B,10,130.77,CNY,0.05,1307.7,1242.32
TXN-CN-1-001452,2026-08-25 20:03:09,2026-08-25 20:08:09,CN,Other ERP,C,PUR-002,PureLife BP Monitor,MD,PureLife,Pharmacy/B2B,2,692.31,CNY,0.0,1384.62,1384.62
TXN-CN-1-001453,2026-08-25 10:02:58,2026-08-25 10:03:58,CN,Other ERP,C,MED-001,Medora Cardio 10mg,RX,Medora,E-commerce,5,330.77,CNY,0.05,1653.85,1571.16
TXN-CN-1-001454,2026-08-25 04:15:06,2026-08-25 04:17:06,CN,Other ERP,C,MED-002,Medora Derm Cream,RX,Medora,Wholesale,12,200.0,CNY,0.0,2400.0,2400.0
TXN-CN-1-001455,2026-08-25 21:28:12,2026-08-25 21:32:12,CN,Other ERP,C,PUR-001,PureLife GlucoMonitor,MD,PureLife,Wholesale,1,653.85,CNY,0.2,653.85,523.08
TXN-CN-1-001456,2026-08-25 03:49:17,2026-08-25 03:55:17,CN,Other ERP,C,DER-001,Dermacare GlowSerum,AES,Dermacare,E-commerce,6,246.15,CNY,0.15,1476.9,1255.37
TXN-CN-1-001457,2026-08-25 22:27:30,2026-08-25 22:28:30,CN,Other ERP,C,PUR-001,PureLife GlucoMonitor,MD,PureLife,D2C,2,653.85,CNY,0.1,1307.7,1176.93
TXN-CN-1-001458,2026-08-25 23:35:36,2026-08-25 23:38:36,CN,Other ERP,C,DER-002,Dermacare LiftCream,AES,Dermacare,D2C,6,284.62,CNY,0.0,1707.72,1707.72
TXN-CN-1-001459,2026-08-25 22:53:23,2026-08-25 22:54:23,CN,Other ERP,C,MED-002,Medora Derm Cream,RX,Medora,E-commerce,8,200.0,CNY,0.0,1600.0,1600.0
TXN-CN-1-001460,2026-08-25 08:08:08,2026-08-25 08:11:08,CN,Other ERP,C,PUR-001,PureLife GlucoMonitor,MD,PureLife,E-commerce,12,653.85,CNY,0.0,7846.2,7846.2
TXN-CN-1-001461,2026-08-25 00:49:26,2026-08-25 00:53:26,CN,Other ERP,C,VIT-001,Vitalis C1000,SUP,Vitalis,Wholesale,9,161.54,CNY,0.15,1453.86,1235.78
TXN-CN-1-001462,2026-08-25 00:07:33,2026-08-25 00:11:33,CN,Other ERP,C,VIT-001,Vitalis C1000,SUP,Vitalis,Wholesale,10,161.54,CNY,0.2,1615.4,1292.32
TXN-CN-1-001463,2026-08-25 02:02:51,2026-08-25 02:08:51,CN,Other ERP,C,VIT-002,Vitalis Multivit,SUP,Vitalis,Wholesale,2,130.77,CNY,0.05,261.54,248.46
TXN-CN-1-001464,2026-08-25 03:51:05,2026-08-25 03:55:05,CN,Other ERP,C,MED-001,Medora Cardio 10mg,RX,Medora,Pharmacy/B2B,10,330.77,CNY,0.05,3307.7,3142.31
TXN-CN-1-001465,2026-08-25 05:37:47,2026-08-25 05:39:47,CN,Other ERP,C,VIT-002,Vitalis Multivit,SUP,Vitalis,Wholesale,5,130.77,CNY,0.05,653.85,621.16
TXN-CN-1-001466,2026-08-25 17:51:19,2026-08-25 17:52:19,CN,Other ERP,C,PUR-001,PureLife GlucoMonitor,MD,PureLife,E-commerce,8,653.85,CNY,0.0,5230.8,5230.8
TXN-CN-1-001467,2026-08-25 08:15:12,2026-08-25 08:16:12,CN,Other ERP,C,DER-002,Dermacare LiftCream,AES,Dermacare,Wholesale,9,284.62,CNY,0.2,2561.58,2049.26
TXN-CN-1-001468,2026-08-25 03:51:39,2026-08-25 03:52:39,CN,Other ERP,C,VIT-001,Vitalis C1000,SUP,Vitalis,D2C,9,161.54,CNY,0.0,1453.86,1453.86
TXN-CN-1-001469,2026-08-25 19:59:23,2026-08-25 20:02:23,CN,Other ERP,C,SAN-002,SanaPlus ColdFlu,OTC,SanaPlus,Wholesale,9,80.77,CNY,0.0,726.93,726.93
TXN-CN-1-001470,2026-08-25 00:32:10,2026-08-25 00:34:10,CN,Other ERP,C,SAN-001,SanaPlus PainRelief,OTC,SanaPlus,D2C,4,73.08,CNY,0.2,292.32,233.86
TXN-CN-1-001471,2026-08-25 04:54:48,2026-08-25 04:56:48,CN,Other ERP,C,DER-001,Dermacare GlowSerum,AES,Dermacare,E-commerce,3,246.15,CNY,0.2,738.45,590.76
TXN-CN-1-001472,2026-08-25 04:25:30,2026-08-25 04:29:30,CN,Other ERP,C,PUR-002,PureLife BP Monitor,MD,PureLife,Pharmacy/B2B,7,692.31,CNY,0.1,4846.17,4361.55
TXN-CN-1-001473,2026-08-25 13:55:25,2026-08-25 14:00:25,CN,Other ERP,C,SAN-002,SanaPlus ColdFlu,OTC,SanaPlus,Wholesale,5,80.77,CNY,0.05,403.85,383.66
TXN-CN-1-001474,2026-08-25 17:11:26,2026-08-25 17:12:26,CN,Other ERP,C,DER-001,Dermacare GlowSerum,AES,Dermacare,Wholesale,11,246.15,CNY,0.15,2707.65,2301.5
TXN-CN-1-001475,2026-08-25 12:58:48,2026-08-25 12:59:48,CN,Other ERP,C,DER-001,Dermacare GlowSerum,AES,Dermacare,Pharmacy/B2B,4,246.15,CNY,0.1,984.6,886.14
TXN-CN-1-001476,2026-08-25 13:16:38,2026-08-25 13:22:38,CN,Other ERP,C,VIT-001,Vitalis C1000,SUP,Vitalis,Pharmacy/B2B,6,161.54,CNY,0.0,969.24,969.24
TXN-CN-1-001477,2026-08-25 04:12:10,2026-08-25 04:16:10,CN,Other ERP,C,SAN-001,SanaPlus PainRelief,OTC,SanaPlus,E-commerce,7,73.08,CNY,0.0,511.56,511.56
TXN-CN-1-001478,2026-08-25 00:09:38,2026-08-25 00:13:38,CN,Other ERP,C,MED-001,Medora Cardio 10mg,RX,Medora,E-commerce,4,330.77,CNY,0.0,1323.08,1323.08
TXN-CN-1-001479,2026-08-25 01:41:24,2026-08-25 01:47:24,CN,Other ERP,C,PUR-001,PureLife GlucoMonitor,MD,PureLife,D2C,3,653.85,CNY,0.0,1961.55,1961.55
TXN-CN-1-001480,2026-08-25 07:42:51,2026-08-25 07:48:51,CN,Other ERP,C,MED-002,Medora Derm Cream,RX,Medora,E-commerce,10,200.0,CNY,0.0,2000.0,2000.0
TXN-CN-1-001481,2026-08-25 10:30:21,2026-08-25 10:35:21,CN,Other ERP,C,SAN-001,SanaPlus PainRelief,OTC,SanaPlus,Pharmacy/B2B,4,73.08,CNY,0.0,292.32,292.32
TXN-CN-1-001482,2026-08-25 00:22:19,2026-08-25 00:25:19,CN,Other ERP,C,MED-002,Medora Derm Cream,RX,Medora,Wholesale,10,200.0,CNY,0.2,2000.0,1600.0
TXN-CN-1-001483,2026-08-25 02:42:57,2026-08-25 02:43:57,CN,Other ERP,C,SAN-002,SanaPlus ColdFlu,OTC,SanaPlus,E-commerce,1,80.77,CNY,0.0,80.77,80.77
TXN-CN-1-001484,2026-08-25 03:40:29,2026-08-25 03:43:29,CN,Other ERP,C,MED-002,Medora Derm Cream,RX,Medora,Wholesale,8,200.0,CNY,0.15,1600.0,1360.0
TXN-CN-1-001485,2026-08-25 13:16:45,2026-08-25 13:22:45,CN,Other ERP,C,PUR-001,PureLife GlucoMonitor,MD,PureLife,Wholesale,12,653.85,CNY,0.0,7846.2,7846.2
TXN-CN-1-001486,2026-08-25 14:43:09,2026-08-25 14:49:09,CN,Other ERP,C,VIT-002,Vitalis Multivit,SUP,Vitalis,E-commerce,11,130.77,CNY,0.2,1438.47,1150.78
TXN-CN-1-001487,2026-08-25 22:22:19,2026-08-25 22:25:19,CN,Other ERP,C,VIT-002,Vitalis Multivit,SUP,Vitalis,D2C,9,130.77,CNY,0.0,1176.93,1176.93
TXN-CN-1-001488,2026-08-25 03:24:11,2026-08-25 03:25:11,CN,Other ERP,C,SAN-002,SanaPlus ColdFlu,OTC,SanaPlus,Pharmacy/B2B,2,80.77,CNY,0.2,161.54,129.23
TXN-CN-1-001489,2026-08-25 10:03:13,2026-08-25 10:07:13,CN,Other ERP,C,DER-001,Dermacare GlowSerum,AES,Dermacare,D2C,3,246.15,CNY,0.05,738.45,701.53
TXN-CN-1-001490,2026-08-25 18:24:25,2026-08-25 18:29:25,CN,Other ERP,C,DER-001,Dermacare GlowSerum,AES,Dermacare,Pharmacy/B2B,6,246.15,CNY,0.05,1476.9,1403.06
TXN-CN-1-001491,2026-08-25 08:59:06,2026-08-25 09:04:06,CN,Other ERP,C,SAN-002,SanaPlus ColdFlu,OTC,SanaPlus,D2C,12,80.77,CNY,0.2,969.24,775.39
TXN-CN-1-001492,2026-08-25 04:02:50,2026-08-25 04:04:50,CN,Other ERP,C,PUR-001,PureLife GlucoMonitor,MD,PureLife,Pharmacy/B2B,8,653.85,CNY,0.05,5230.8,4969.26
TXN-CN-1-001493,2026-08-25 11:59:50,2026-08-25 12:00:50,CN,Other ERP,C,VIT-001,Vitalis C1000,SUP,Vitalis,E-commerce,10,161.54,CNY,0.0,1615.4,1615.4
TXN-CN-1-001494,2026-08-25 20:29:25,2026-08-25 20:33:25,CN,Other ERP,C,PUR-001,PureLife GlucoMonitor,MD,PureLife,Pharmacy/B2B,6,653.85,CNY,0.0,3923.1,3923.1
TXN-CN-1-001495,2026-08-25 09:27:05,2026-08-25 09:29:05,CN,Other ERP,C,DER-001,Dermacare GlowSerum,AES,Dermacare,Pharmacy/B2B,11,246.15,CNY,0.2,2707.65,2166.12
TXN-CN-1-001496,2026-08-25 21:47:34,2026-08-25 21:51:34,CN,Other ERP,C,VIT-001,Vitalis C1000,SUP,Vitalis,E-commerce,12,161.54,CNY,0.05,1938.48,1841.56
TXN-CN-1-001497,2026-08-25 00:41:12,2026-08-25 00:43:12,CN,Other ERP,C,SAN-001,SanaPlus PainRelief,OTC,SanaPlus,D2C,7,73.08,CNY,0.2,511.56,409.25
TXN-CN-1-001498,2026-08-25 13:27:51,2026-08-25 13:30:51,CN,Other ERP,C,DER-001,Dermacare GlowSerum,AES,Dermacare,Wholesale,8,246.15,CNY,0.0,1969.2,1969.2
TXN-CN-1-001499,2026-08-25 01:20:07,2026-08-25 01:23:07,CN,Other ERP,C,MED-002,Medora Derm Cream,RX,Medora,Wholesale,2,200.0,CNY,0.0,400.0,400.0
TXN-CN-1-001500,2026-08-25 16:46:23,2026-08-25 16:48:23,CN,Other ERP,C,MED-001,Medora Cardio 10mg,RX,Medora,Wholesale,2,330.77,CNY,0.0,661.54,661.54
TXN-CN-1-001501,2026-08-25 13:59:27,2026-08-25 14:02:27,CN,Other ERP,C,DER-002,Dermacare LiftCream,AES,Dermacare,E-commerce,8,284.62,CNY,0.15,2276.96,1935.42
TXN-CN-1-001502,2026-08-25 02:13:41,2026-08-25 02:15:41,CN,Other ERP,C,MED-002,Medora Derm Cream,RX,Medora,Wholesale,6,200.0,CNY,0.0,1200.0,1200.0
TXN-CN-1-001503,2026-08-25 08:18:39,2026-08-25 08:23:39,CN,Other ERP,C,MED-001,Medora Cardio 10mg,RX,Medora,E-commerce,8,330.77,CNY,0.0,2646.16,2646.16
TXN-CN-1-001504,2026-08-25 02:39:14,2026-08-25 02:42:14,CN,Other ERP,C,PUR-001,PureLife GlucoMonitor,MD,PureLife,D2C,12,653.85,CNY,0.05,7846.2,7453.89
TXN-CN-1-001505,2026-08-25 06:35:32,2026-08-25 06:39:32,CN,Other ERP,C,MED-001,Medora Cardio 10mg,RX,Medora,E-commerce,10,330.77,CNY,0.0,3307.7,3307.7
TXN-CN-1-001506,2026-08-25 12:05:59,2026-08-25 12:08:59,CN,Other ERP,C,DER-001,Dermacare GlowSerum,AES,Dermacare,Wholesale,3,246.15,CNY,0.05,738.45,701.53
TXN-CN-1-001507,2026-08-25 06:46:11,2026-08-25 06:51:11,CN,Other ERP,C,PUR-001,PureLife GlucoMonitor,MD,PureLife,D2C,1,653.85,CNY,0.05,653.85,621.16
TXN-CN-1-001508,2026-08-25 15:10:07,2026-08-25 15:14:07,CN,Other ERP,C,SAN-001,SanaPlus PainRelief,OTC,SanaPlus,E-commerce,1,73.08,CNY,0.05,73.08,69.43
TXN-CN-1-001509,2026-08-25 23:45:51,2026-08-25 23:49:51,CN,Other ERP,C,VIT-002,Vitalis Multivit,SUP,Vitalis,E-commerce,8,130.77,CNY,0.0,1046.16,1046.16
TXN-CN-1-001510,2026-08-25 07:31:09,2026-08-25 07:34:09,CN,Other ERP,C,VIT-002,Vitalis Multivit,SUP,Vitalis,Wholesale,8,130.77,CNY,0.05,1046.16,993.85
TXN-CN-1-001511,2026-08-25 05:02:15,2026-08-25 05:05:15,CN,Other ERP,C,PUR-002,PureLife BP Monitor,MD,PureLife,E-commerce,4,692.31,CNY,0.1,2769.24,2492.32
TXN-CN-1-001512,2026-08-25 15:42:03,2026-08-25 15:48:03,CN,Other ERP,C,PUR-001,PureLife GlucoMonitor,MD,PureLife,Wholesale,10,653.85,CNY,0.0,6538.5,6538.5
TXN-CN-1-001513,2026-08-25 14:47:52,2026-08-25 14:53:52,CN,Other ERP,C,MED-001,Medora Cardio 10mg,RX,Medora,D2C,9,330.77,CNY,0.1,2976.93,2679.24
TXN-CN-1-001514,2026-08-25 14:19:21,2026-08-25 14:24:21,CN,Other ERP,C,VIT-002,Vitalis Multivit,SUP,Vitalis,E-commerce,1,130.77,CNY,0.15,130.77,111.15
TXN-CN-1-001515,2026-08-25 12:10:57,2026-08-25 12:13:57,CN,Other ERP,C,VIT-002,Vitalis Multivit,SUP,Vitalis,D2C,1,130.77,CNY,0.0,130.77,130.77
TXN-CN-1-001516,2026-08-25 00:55:29,2026-08-25 01:01:29,CN,Other ERP,C,PUR-001,PureLife GlucoMonitor,MD,PureLife,E-commerce,8,653.85,CNY,0.0,5230.8,5230.8
TXN-CN-1-001517,2026-08-25 21:02:01,2026-08-25 21:06:01,CN,Other ERP,C,MED-002,Medora Derm Cream,RX,Medora,D2C,10,200.0,CNY,0.2,2000.0,1600.0
TXN-CN-1-001518,2026-08-25 16:21:40,2026-08-25 16:25:40,CN,Other ERP,C,SAN-001,SanaPlus PainRelief,OTC,SanaPlus,Pharmacy/B2B,6,73.08,CNY,0.0,438.48,438.48
TXN-CN-1-001519,2026-08-25 23:53:34,2026-08-25 23:59:34,CN,Other ERP,C,SAN-002,SanaPlus ColdFlu,OTC,SanaPlus,Wholesale,8,80.77,CNY,0.0,646.16,646.16
TXN-CN-1-001520,2026-08-25 17:14:47,2026-08-25 17:19:47,CN,Other ERP,C,PUR-002,PureLife BP Monitor,MD,PureLife,Wholesale,8,692.31,CNY,0.15,5538.48,4707.71
TXN-CN-1-001521,2026-08-25 12:20:33,2026-08-25 12:23:33,CN,Other ERP,C,SAN-001,SanaPlus PainRelief,OTC,SanaPlus,E-commerce,7,73.08,CNY,0.2,511.56,409.25
TXN-CN-1-001522,2026-08-25 02:48:09,2026-08-25 02:53:09,CN,Other ERP,C,MED-001,Medora Cardio 10mg,RX,Medora,E-commerce,9,330.77,CNY,0.0,2976.93,2976.93
TXN-CN-1-001523,2026-08-25 05:21:28,2026-08-25 05:23:28,CN,Other ERP,C,DER-002,Dermacare LiftCream,AES,Dermacare,E-commerce,7,284.62,CNY,0.15,1992.34,1693.49
TXN-CN-1-001524,2026-08-25 04:44:30,2026-08-25 04:48:30,CN,Other ERP,C,VIT-002,Vitalis Multivit,SUP,Vitalis,E-commerce,1,130.77,CNY,0.15,130.77,111.15
TXN-CN-1-001525,2026-08-25 06:24:37,2026-08-25 06:26:37,CN,Other ERP,C,VIT-001,Vitalis C1000,SUP,Vitalis,Wholesale,2,161.54,CNY,0.0,323.08,323.08
TXN-CN-1-001526,2026-08-25 02:43:51,2026-08-25 02:47:51,CN,Other ERP,C,SAN-002,SanaPlus ColdFlu,OTC,SanaPlus,Wholesale,7,80.77,CNY,0.1,565.39,508.85
TXN-CN-1-001527,2026-08-25 04:23:39,2026-08-25 04:27:39,CN,Other ERP,C,MED-002,Medora Derm Cream,RX,Medora,Wholesale,3,200.0,CNY,0.0,600.0,600.0
TXN-CN-1-001528,2026-08-25 10:43:24,2026-08-25 10:45:24,CN,Other ERP,C,PUR-002,PureLife BP Monitor,MD,PureLife,D2C,2,692.31,CNY,0.0,1384.62,1384.62
TXN-CN-1-001529,2026-08-25 09:45:54,2026-08-25 09:50:54,CN,Other ERP,C,DER-001,Dermacare GlowSerum,AES,Dermacare,E-commerce,1,246.15,CNY,0.0,246.15,246.15
TXN-CN-1-001530,2026-08-25 06:23:52,2026-08-25 06:24:52,CN,Other ERP,C,DER-001,Dermacare GlowSerum,AES,Dermacare,Pharmacy/B2B,4,246.15,CNY,0.1,984.6,886.14
TXN-CN-1-001531,2026-08-25 06:31:24,2026-08-25 06:33:24,CN,Other ERP,C,MED-001,Medora Cardio 10mg,RX,Medora,E-commerce,12,330.77,CNY,0.05,3969.24,3770.78
TXN-CN-1-001532,2026-08-25 20:42:12,2026-08-25 20:47:12,CN,Other ERP,C,MED-001,Medora Cardio 10mg,RX,Medora,Pharmacy/B2B,5,330.77,CNY,0.0,1653.85,1653.85
TXN-CN-1-001533,2026-08-25 14:28:23,2026-08-25 14:31:23,CN,Other ERP,C,DER-002,Dermacare LiftCream,AES,Dermacare,Pharmacy/B2B,1,284.62,CNY,0.05,284.62,270.39
TXN-CN-1-001534,2026-08-25 19:53:33,2026-08-25 19:54:33,CN,Other ERP,C,MED-002,Medora Derm Cream,RX,Medora,Wholesale,8,200.0,CNY,0.2,1600.0,1280.0
TXN-CN-1-001535,2026-08-25 00:42:13,2026-08-25 00:44:13,CN,Other ERP,C,MED-002,Medora Derm Cream,RX,Medora,Wholesale,4,200.0,CNY,0.05,800.0,760.0
TXN-CN-1-001536,2026-08-25 01:25:56,2026-08-25 01:28:56,CN,Other ERP,C,MED-001,Medora Cardio 10mg,RX,Medora,Pharmacy/B2B,5,330.77,CNY,0.1,1653.85,1488.46
TXN-CN-1-001537,2026-08-25 07:13:09,2026-08-25 07:15:09,CN,Other ERP,C,VIT-001,Vitalis C1000,SUP,Vitalis,Wholesale,8,161.54,CNY,0.0,1292.32,1292.32
TXN-CN-1-001538,2026-08-25 09:14:26,2026-08-25 09:17:26,CN,Other ERP,C,DER-001,Dermacare GlowSerum,AES,Dermacare,E-commerce,2,246.15,CNY,0.2,492.3,393.84
TXN-CN-1-001539,2026-08-25 16:02:26,2026-08-25 16:04:26,CN,Other ERP,C,PUR-002,PureLife BP Monitor,MD,PureLife,D2C,8,692.31,CNY,0.05,5538.48,5261.56
TXN-CN-1-001540,2026-08-25 08:47:55,2026-08-25 08:52:55,CN,Other ERP,C,MED-001,Medora Cardio 10mg,RX,Medora,E-commerce,10,330.77,CNY,0.0,3307.7,3307.7
TXN-CN-1-001541,2026-08-25 14:28:47,2026-08-25 14:31:47,CN,Other ERP,C,SAN-001,SanaPlus PainRelief,OTC,SanaPlus,Pharmacy/B2B,3,73.08,CNY,0.0,219.24,219.24
TXN-CN-1-001542,2026-08-25 22:25:11,2026-08-25 22:31:11,CN,Other ERP,C,PUR-002,PureLife BP Monitor,MD,PureLife,D2C,2,692.31,CNY,0.15,1384.62,1176.93
TXN-CN-1-001543,2026-08-25 21:58:38,2026-08-25 22:00:38,CN,Other ERP,C,PUR-002,PureLife BP Monitor,MD,PureLife,E-commerce,3,692.31,CNY,0.05,2076.93,1973.08
TXN-CN-1-001544,2026-08-25 05:45:09,2026-08-25 05:49:09,CN,Other ERP,C,VIT-001,Vitalis C1000,SUP,Vitalis,Pharmacy/B2B,3,161.54,CNY,0.1,484.62,436.16
TXN-CN-1-001545,2026-08-25 04:17:29,2026-08-25 04:21:29,CN,Other ERP,C,VIT-002,Vitalis Multivit,SUP,Vitalis,D2C,11,130.77,CNY,0.0,1438.47,1438.47
TXN-CN-1-001546,2026-08-25 10:52:00,2026-08-25 10:57:00,CN,Other ERP,C,DER-001,Dermacare GlowSerum,AES,Dermacare,Pharmacy/B2B,3,246.15,CNY,0.2,738.45,590.76
TXN-CN-1-001547,2026-08-25 15:40:19,2026-08-25 15:46:19,CN,Other ERP,C,DER-001,Dermacare GlowSerum,AES,Dermacare,Wholesale,7,246.15,CNY,0.15,1723.05,1464.59
TXN-CN-1-001548,2026-08-25 12:03:21,2026-08-25 12:05:21,CN,Other ERP,C,DER-002,Dermacare LiftCream,AES,Dermacare,E-commerce,9,284.62,CNY,0.15,2561.58,2177.34
TXN-CN-1-001549,2026-08-25 11:03:29,2026-08-25 11:06:29,CN,Other ERP,C,VIT-002,Vitalis Multivit,SUP,Vitalis,Wholesale,5,130.77,CNY,0.1,653.85,588.47
TXN-CN-1-001550,2026-08-25 22:48:49,2026-08-25 22:53:49,CN,Other ERP,C,SAN-002,SanaPlus ColdFlu,OTC,SanaPlus,Pharmacy/B2B,8,80.77,CNY,0.15,646.16,549.24
TXN-CN-1-001551,2026-08-25 00:01:14,2026-08-25 00:06:14,CN,Other ERP,C,PUR-001,PureLife GlucoMonitor,MD,PureLife,Wholesale,5,653.85,CNY,0.2,3269.25,2615.4
TXN-CN-1-001552,2026-08-25 00:06:05,2026-08-25 00:10:05,CN,Other ERP,C,DER-002,Dermacare LiftCream,AES,Dermacare,D2C,7,284.62,CNY,0.2,1992.34,1593.87
TXN-CN-1-001553,2026-08-25 00:47:24,2026-08-25 00:49:24,CN,Other ERP,C,MED-001,Medora Cardio 10mg,RX,Medora,Pharmacy/B2B,11,330.77,CNY,0.15,3638.47,3092.7
TXN-CN-1-001554,2026-08-25 03:45:37,2026-08-25 03:50:37,CN,Other ERP,C,VIT-001,Vitalis C1000,SUP,Vitalis,Pharmacy/B2B,3,161.54,CNY,0.0,484.62,484.62
TXN-CN-1-001555,2026-08-25 02:49:51,2026-08-25 02:52:51,CN,Other ERP,C,SAN-001,SanaPlus PainRelief,OTC,SanaPlus,E-commerce,10,73.08,CNY,0.0,730.8,730.8
TXN-CN-1-001556,2026-08-25 10:10:33,2026-08-25 10:13:33,CN,Other ERP,C,PUR-001,PureLife GlucoMonitor,MD,PureLife,Pharmacy/B2B,10,653.85,CNY,0.0,6538.5,6538.5
TXN-CN-1-001557,2026-08-25 06:18:41,2026-08-25 06:20:41,CN,Other ERP,C,SAN-002,SanaPlus ColdFlu,OTC,SanaPlus,E-commerce,4,80.77,CNY,0.0,323.08,323.08
TXN-CN-1-001558,2026-08-25 06:18:36,2026-08-25 06:19:36,CN,Other ERP,C,VIT-001,Vitalis C1000,SUP,Vitalis,E-commerce,6,161.54,CNY,0.0,969.24,969.24
TXN-CN-1-001559,2026-08-25 01:28:59,2026-08-25 01:30:59,CN,Other ERP,C,SAN-002,SanaPlus ColdFlu,OTC,SanaPlus,D2C,6,80.77,CNY,0.2,484.62,387.7
TXN-CN-1-001560,2026-08-25 02:09:42,2026-08-25 02:10:42,CN,Other ERP,C,PUR-002,PureLife BP Monitor,MD,PureLife,E-commerce,6,692.31,CNY,0.0,4153.86,4153.86
TXN-CN-1-001561,2026-08-25 11:57:45,2026-08-25 12:03:45,CN,Other ERP,C,MED-001,Medora Cardio 10mg,RX,Medora,E-commerce,7,330.77,CNY,0.1,2315.39,2083.85
TXN-CN-1-001562,2026-08-25 18:21:38,2026-08-25 18:26:38,CN,Other ERP,C,PUR-001,PureLife GlucoMonitor,MD,PureLife,D2C,12,653.85,CNY,0.2,7846.2,6276.96
TXN-CN-1-001563,2026-08-25 07:34:42,2026-08-25 07:39:42,CN,Other ERP,C,VIT-002,Vitalis Multivit,SUP,Vitalis,E-commerce,4,130.77,CNY,0.0,523.08,523.08
TXN-CN-1-001564,2026-08-25 10:43:26,2026-08-25 10:45:26,CN,Other ERP,C,DER-001,Dermacare GlowSerum,AES,Dermacare,E-commerce,10,246.15,CNY,0.05,2461.5,2338.42
TXN-CN-1-001565,2026-08-25 04:48:55,2026-08-25 04:49:55,CN,Other ERP,C,PUR-001,PureLife GlucoMonitor,MD,PureLife,Pharmacy/B2B,6,653.85,CNY,0.1,3923.1,3530.79
TXN-CN-1-001566,2026-08-25 19:36:04,2026-08-25 19:42:04,CN,Other ERP,C,VIT-002,Vitalis Multivit,SUP,Vitalis,Pharmacy/B2B,3,130.77,CNY,0.2,392.31,313.85
TXN-CN-1-001567,2026-08-25 09:48:39,2026-08-25 09:51:39,CN,Other ERP,C,MED-002,Medora Derm Cream,RX,Medora,E-commerce,10,200.0,CNY,0.0,2000.0,2000.0
TXN-CN-1-001568,2026-08-25 16:10:39,2026-08-25 16:13:39,CN,Other ERP,C,PUR-002,PureLife BP Monitor,MD,PureLife,Wholesale,6,692.31,CNY,0.2,4153.86,3323.09
TXN-CN-1-001569,2026-08-25 22:16:20,2026-08-25 22:21:20,CN,Other ERP,C,PUR-002,PureLife BP Monitor,MD,PureLife,E-commerce,1,692.31,CNY,0.0,692.31,692.31
TXN-CN-1-001570,2026-08-25 05:11:36,2026-08-25 05:13:36,CN,Other ERP,C,DER-002,Dermacare LiftCream,AES,Dermacare,Wholesale,4,284.62,CNY,0.0,1138.48,1138.48
TXN-CN-1-001571,2026-08-25 17:31:01,2026-08-25 17:35:01,CN,Other ERP,C,SAN-001,SanaPlus PainRelief,OTC,SanaPlus,D2C,5,73.08,CNY,0.0,365.4,365.4
TXN-CN-1-001572,2026-08-25 02:23:13,2026-08-25 02:24:13,CN,Other ERP,C,DER-001,Dermacare GlowSerum,AES,Dermacare,E-commerce,10,246.15,CNY,0.2,2461.5,1969.2
TXN-CN-1-001573,2026-08-25 09:45:53,2026-08-25 09:51:53,CN,Other ERP,C,MED-002,Medora Derm Cream,RX,Medora,E-commerce,8,200.0,CNY,0.0,1600.0,1600.0
TXN-CN-1-001574,2026-08-25 22:39:04,2026-08-25 22:40:04,CN,Other ERP,C,PUR-002,PureLife BP Monitor,MD,PureLife,E-commerce,3,692.31,CNY,0.05,2076.93,1973.08
TXN-CN-1-001575,2026-08-25 16:15:02,2026-08-25 16:16:02,CN,Other ERP,C,VIT-002,Vitalis Multivit,SUP,Vitalis,Pharmacy/B2B,8,130.77,CNY,0.0,1046.16,1046.16
TXN-CN-1-001576,2026-08-25 08:27:04,2026-08-25 08:33:04,CN,Other ERP,C,DER-001,Dermacare GlowSerum,AES,Dermacare,E-commerce,7,246.15,CNY,0.2,1723.05,1378.44
TXN-CN-1-001577,2026-08-25 09:58:42,2026-08-25 10:02:42,CN,Other ERP,C,SAN-002,SanaPlus ColdFlu,OTC,SanaPlus,E-commerce,11,80.77,CNY,0.2,888.47,710.78
TXN-CN-1-001578,2026-08-25 18:31:15,2026-08-25 18:37:15,CN,Other ERP,C,DER-001,Dermacare GlowSerum,AES,Dermacare,D2C,7,246.15,CNY,0.0,1723.05,1723.05
TXN-CN-1-001579,2026-08-25 05:09:54,2026-08-25 05:15:54,CN,Other ERP,C,MED-001,Medora Cardio 10mg,RX,Medora,Wholesale,2,330.77,CNY,0.05,661.54,628.46
TXN-CN-1-001580,2026-08-25 08:19:18,2026-08-25 08:20:18,CN,Other ERP,C,MED-001,Medora Cardio 10mg,RX,Medora,E-commerce,11,330.77,CNY,0.15,3638.47,3092.7
TXN-CN-1-001581,2026-08-25 19:24:27,2026-08-25 19:27:27,CN,Other ERP,C,SAN-002,SanaPlus ColdFlu,OTC,SanaPlus,E-commerce,5,80.77,CNY,0.0,403.85,403.85
TXN-CN-1-001582,2026-08-25 06:57:21,2026-08-25 06:59:21,CN,Other ERP,C,MED-002,Medora Derm Cream,RX,Medora,Pharmacy/B2B,6,200.0,CNY,0.15,1200.0,1020.0
TXN-CN-1-001583,2026-08-25 08:23:02,2026-08-25 08:26:02,CN,Other ERP,C,SAN-002,SanaPlus ColdFlu,OTC,SanaPlus,Pharmacy/B2B,6,80.77,CNY,0.0,484.62,484.62
TXN-CN-1-001584,2026-08-25 09:51:48,2026-08-25 09:53:48,CN,Other ERP,C,VIT-001,Vitalis C1000,SUP,Vitalis,Pharmacy/B2B,10,161.54,CNY,0.15,1615.4,1373.09
TXN-CN-1-001585,2026-08-25 03:49:31,2026-08-25 03:52:31,CN,Other ERP,C,VIT-002,Vitalis Multivit,SUP,Vitalis,Pharmacy/B2B,9,130.77,CNY,0.2,1176.93,941.54
TXN-CN-1-001586,2026-08-25 16:04:43,2026-08-25 16:08:43,CN,Other ERP,C,PUR-002,PureLife BP Monitor,MD,PureLife,Wholesale,11,692.31,CNY,0.0,7615.41,7615.41
TXN-CN-1-001587,2026-08-25 09:30:00,2026-08-25 09:34:00,CN,Other ERP,C,PUR-002,PureLife BP Monitor,MD,PureLife,E-commerce,6,692.31,CNY,0.15,4153.86,3530.78
TXN-CN-1-001588,2026-08-25 09:09:01,2026-08-25 09:11:01,CN,Other ERP,C,VIT-001,Vitalis C1000,SUP,Vitalis,Pharmacy/B2B,9,161.54,CNY,0.1,1453.86,1308.47
TXN-CN-1-001589,2026-08-25 08:36:07,2026-08-25 08:42:07,CN,Other ERP,C,SAN-001,SanaPlus PainRelief,OTC,SanaPlus,D2C,12,73.08,CNY,0.1,876.96,789.26
TXN-CN-1-001590,2026-08-25 03:59:07,2026-08-25 04:04:07,CN,Other ERP,C,VIT-001,Vitalis C1000,SUP,Vitalis,Pharmacy/B2B,5,161.54,CNY,0.2,807.7,646.16
TXN-CN-1-001591,2026-08-25 19:45:36,2026-08-25 19:49:36,CN,Other ERP,C,DER-002,Dermacare LiftCream,AES,Dermacare,Pharmacy/B2B,7,284.62,CNY,0.05,1992.34,1892.72
TXN-CN-1-001592,2026-08-25 23:05:05,2026-08-25 23:09:05,CN,Other ERP,C,PUR-002,PureLife BP Monitor,MD,PureLife,E-commerce,4,692.31,CNY,0.0,2769.24,2769.24
TXN-CN-1-001593,2026-08-25 06:11:42,2026-08-25 06:16:42,CN,Other ERP,C,PUR-002,PureLife BP Monitor,MD,PureLife,Wholesale,6,692.31,CNY,0.0,4153.86,4153.86
TXN-CN-1-001594,2026-08-25 13:01:59,2026-08-25 13:06:59,CN,Other ERP,C,MED-001,Medora Cardio 10mg,RX,Medora,E-commerce,6,330.77,CNY,0.05,1984.62,1885.39
TXN-CN-1-001595,2026-08-25 19:45:59,2026-08-25 19:51:59,CN,Other ERP,C,SAN-001,SanaPlus PainRelief,OTC,SanaPlus,Wholesale,5,73.08,CNY,0.0,365.4,365.4
TXN-CN-1-001596,2026-08-25 18:55:26,2026-08-25 18:58:26,CN,Other ERP,C,PUR-001,PureLife GlucoMonitor,MD,PureLife,D2C,12,653.85,CNY,0.1,7846.2,7061.58
TXN-CN-1-001597,2026-08-25 19:18:41,2026-08-25 19:20:41,CN,Other ERP,C,PUR-001,PureLife GlucoMonitor,MD,PureLife,E-commerce,6,653.85,CNY,0.15,3923.1,3334.63
TXN-CN-1-001598,2026-08-25 15:55:10,2026-08-25 16:01:10,CN,Other ERP,C,DER-002,Dermacare LiftCream,AES,Dermacare,E-commerce,7,284.62,CNY,0.2,1992.34,1593.87
TXN-CN-1-001599,2026-08-25 06:15:31,2026-08-25 06:16:31,CN,Other ERP,C,PUR-001,PureLife GlucoMonitor,MD,PureLife,D2C,7,653.85,CNY,0.05,4576.95,4348.1
TXN-CN-1-001600,2026-08-25 04:33:47,2026-08-25 04:39:47,CN,Other ERP,C,PUR-002,PureLife BP Monitor,MD,PureLife,E-commerce,6,692.31,CNY,0.0,4153.86,4153.86
TXN-CN-1-001601,2026-08-25 07:53:24,2026-08-25 07:59:24,CN,Other ERP,C,SAN-002,SanaPlus ColdFlu,OTC,SanaPlus,D2C,2,80.77,CNY,0.2,161.54,129.23
TXN-CN-1-001602,2026-08-25 21:19:16,2026-08-25 21:23:16,CN,Other ERP,C,VIT-001,Vitalis C1000,SUP,Vitalis,E-commerce,3,161.54,CNY,0.0,484.62,484.62
TXN-CN-1-001603,2026-08-25 12:45:22,2026-08-25 12:46:22,CN,Other ERP,C,MED-002,Medora Derm Cream,RX,Medora,E-commerce,6,200.0,CNY,0.15,1200.0,1020.0
TXN-CN-1-001604,2026-08-25 23:08:33,2026-08-25 23:12:33,CN,Other ERP,C,VIT-001,Vitalis C1000,SUP,Vitalis,D2C,8,161.54,CNY,0.0,1292.32,1292.32
TXN-CN-1-001605,2026-08-25 20:06:53,2026-08-25 20:10:53,CN,Other ERP,C,VIT-002,Vitalis Multivit,SUP,Vitalis,D2C,3,130.77,CNY,0.15,392.31,333.46
TXN-CN-1-001606,2026-08-25 00:27:46,2026-08-25 00:28:46,CN,Other ERP,C,VIT-001,Vitalis C1000,SUP,Vitalis,E-commerce,4,161.54,CNY,0.0,646.16,646.16
TXN-CN-1-001607,2026-08-25 03:10:28,2026-08-25 03:13:28,CN,Other ERP,C,PUR-002,PureLife BP Monitor,MD,PureLife,E-commerce,10,692.31,CNY,0.0,6923.1,6923.1
TXN-CN-1-001608,2026-08-25 00:29:22,2026-08-25 00:34:22,CN,Other ERP,C,DER-001,Dermacare GlowSerum,AES,Dermacare,Wholesale,3,246.15,CNY,0.2,738.45,590.76
TXN-CN-1-001609,2026-08-25 16:08:35,2026-08-25 16:09:35,CN,Other ERP,C,VIT-001,Vitalis C1000,SUP,Vitalis,Wholesale,7,161.54,CNY,0.0,1130.78,1130.78
TXN-CN-1-001610,2026-08-25 09:32:57,2026-08-25 09:35:57,CN,Other ERP,C,MED-001,Medora Cardio 10mg,RX,Medora,D2C,7,330.77,CNY,0.0,2315.39,2315.39
TXN-CN-1-001611,2026-08-25 06:44:22,2026-08-25 06:45:22,CN,Other ERP,C,DER-002,Dermacare LiftCream,AES,Dermacare,D2C,11,284.62,CNY,0.0,3130.82,3130.82
TXN-CN-1-001612,2026-08-25 00:40:59,2026-08-25 00:46:59,CN,Other ERP,C,VIT-002,Vitalis Multivit,SUP,Vitalis,Pharmacy/B2B,1,130.77,CNY,0.15,130.77,111.15
TXN-CN-1-001613,2026-08-25 03:04:22,2026-08-25 03:09:22,CN,Other ERP,C,VIT-002,Vitalis Multivit,SUP,Vitalis,E-commerce,6,130.77,CNY,0.2,784.62,627.7
TXN-CN-1-001614,2026-08-25 07:18:38,2026-08-25 07:23:38,CN,Other ERP,C,PUR-002,PureLife BP Monitor,MD,PureLife,E-commerce,3,692.31,CNY,0.0,2076.93,2076.93
TXN-CN-1-001615,2026-08-25 10:50:43,2026-08-25 10:54:43,CN,Other ERP,C,MED-002,Medora Derm Cream,RX,Medora,Pharmacy/B2B,10,200.0,CNY,0.0,2000.0,2000.0
TXN-CN-1-001616,2026-08-25 13:55:11,2026-08-25 13:56:11,CN,Other ERP,C,MED-001,Medora Cardio 10mg,RX,Medora,Wholesale,1,330.77,CNY,0.1,330.77,297.69
TXN-CN-1-001617,2026-08-25 05:13:37,2026-08-25 05:17:37,CN,Other ERP,C,DER-002,Dermacare LiftCream,AES,Dermacare,Pharmacy/B2B,6,284.62,CNY,0.05,1707.72,1622.33
TXN-CN-1-001618,2026-08-25 10:13:49,2026-08-25 10:17:49,CN,Other ERP,C,MED-002,Medora Derm Cream,RX,Medora,Wholesale,1,200.0,CNY,0.05,200.0,190.0
TXN-CN-1-001619,2026-08-25 15:52:17,2026-08-25 15:54:17,CN,Other ERP,C,DER-001,Dermacare GlowSerum,AES,Dermacare,D2C,4,246.15,CNY,0.15,984.6,836.91
TXN-CN-1-001620,2026-08-25 19:08:27,2026-08-25 19:14:27,CN,Other ERP,C,SAN-002,SanaPlus ColdFlu,OTC,SanaPlus,Pharmacy/B2B,1,80.77,CNY,0.1,80.77,72.69
TXN-CN-1-001621,2026-08-25 11:51:12,2026-08-25 11:53:12,CN,Other ERP,C,DER-002,Dermacare LiftCream,AES,Dermacare,E-commerce,4,284.62,CNY,0.0,1138.48,1138.48
TXN-CN-1-001622,2026-08-25 15:25:29,2026-08-25 15:26:29,CN,Other ERP,C,DER-002,Dermacare LiftCream,AES,Dermacare,Wholesale,11,284.62,CNY,0.0,3130.82,3130.82
TXN-CN-1-001623,2026-08-25 08:07:00,2026-08-25 08:13:00,CN,Other ERP,C,MED-002,Medora Derm Cream,RX,Medora,E-commerce,4,200.0,CNY,0.2,800.0,640.0
TXN-CN-1-001624,2026-08-25 14:56:27,2026-08-25 14:57:27,CN,Other ERP,C,MED-001,Medora Cardio 10mg,RX,Medora,D2C,5,330.77,CNY,0.15,1653.85,1405.77
TXN-CN-1-001625,2026-08-25 03:23:29,2026-08-25 03:27:29,CN,Other ERP,C,SAN-001,SanaPlus PainRelief,OTC,SanaPlus,E-commerce,4,73.08,CNY,0.15,292.32,248.47
TXN-CN-1-001626,2026-08-25 03:36:34,2026-08-25 03:40:34,CN,Other ERP,C,SAN-002,SanaPlus ColdFlu,OTC,SanaPlus,D2C,5,80.77,CNY,0.0,403.85,403.85
TXN-CN-1-001627,2026-08-25 07:09:32,2026-08-25 07:13:32,CN,Other ERP,C,VIT-001,Vitalis C1000,SUP,Vitalis,Wholesale,8,161.54,CNY,0.15,1292.32,1098.47
TXN-CN-1-001628,2026-08-25 14:08:23,2026-08-25 14:13:23,CN,Other ERP,C,SAN-002,SanaPlus ColdFlu,OTC,SanaPlus,Wholesale,7,80.77,CNY,0.2,565.39,452.31
TXN-CN-1-001629,2026-08-25 01:09:07,2026-08-25 01:13:07,CN,Other ERP,C,VIT-002,Vitalis Multivit,SUP,Vitalis,D2C,10,130.77,CNY,0.0,1307.7,1307.7
TXN-CN-1-001630,2026-08-25 06:33:20,2026-08-25 06:38:20,CN,Other ERP,C,MED-001,Medora Cardio 10mg,RX,Medora,D2C,7,330.77,CNY,0.2,2315.39,1852.31
TXN-CN-1-001631,2026-08-25 02:31:44,2026-08-25 02:35:44,CN,Other ERP,C,SAN-002,SanaPlus ColdFlu,OTC,SanaPlus,D2C,2,80.77,CNY,0.1,161.54,145.39
TXN-CN-1-001632,2026-08-25 20:02:32,2026-08-25 20:06:32,CN,Other ERP,C,MED-001,Medora Cardio 10mg,RX,Medora,Pharmacy/B2B,8,330.77,CNY,0.1,2646.16,2381.54
TXN-CN-1-001633,2026-08-25 22:24:34,2026-08-25 22:29:34,CN,Other ERP,C,VIT-002,Vitalis Multivit,SUP,Vitalis,E-commerce,5,130.77,CNY,0.15,653.85,555.77
TXN-CN-1-001634,2026-08-25 06:39:13,2026-08-25 06:40:13,CN,Other ERP,C,VIT-001,Vitalis C1000,SUP,Vitalis,D2C,9,161.54,CNY,0.0,1453.86,1453.86
TXN-CN-1-001635,2026-08-25 16:12:45,2026-08-25 16:15:45,CN,Other ERP,C,SAN-001,SanaPlus PainRelief,OTC,SanaPlus,D2C,2,73.08,CNY,0.2,146.16,116.93
TXN-CN-1-001636,2026-08-25 18:03:59,2026-08-25 18:05:59,CN,Other ERP,C,VIT-002,Vitalis Multivit,SUP,Vitalis,D2C,6,130.77,CNY,0.05,784.62,745.39
TXN-CN-1-001637,2026-08-25 12:12:20,2026-08-25 12:14:20,CN,Other ERP,C,PUR-001,PureLife GlucoMonitor,MD,PureLife,Wholesale,10,653.85,CNY,0.0,6538.5,6538.5
TXN-CN-1-001638,2026-08-25 16:20:03,2026-08-25 16:25:03,CN,Other ERP,C,MED-001,Medora Cardio 10mg,RX,Medora,E-commerce,6,330.77,CNY,0.2,1984.62,1587.7
TXN-CN-1-001639,2026-08-25 10:40:59,2026-08-25 10:45:59,CN,Other ERP,C,SAN-002,SanaPlus ColdFlu,OTC,SanaPlus,E-commerce,7,80.77,CNY,0.2,565.39,452.31
TXN-CN-1-001640,2026-08-25 04:58:52,2026-08-25 05:02:52,CN,Other ERP,C,PUR-001,PureLife GlucoMonitor,MD,PureLife,Pharmacy/B2B,5,653.85,CNY,0.15,3269.25,2778.86
TXN-CN-1-001641,2026-08-25 17:01:30,2026-08-25 17:03:30,CN,Other ERP,C,VIT-002,Vitalis Multivit,SUP,Vitalis,Wholesale,12,130.77,CNY,0.15,1569.24,1333.85
TXN-CN-1-001642,2026-08-25 09:41:34,2026-08-25 09:42:34,CN,Other ERP,C,MED-001,Medora Cardio 10mg,RX,Medora,Pharmacy/B2B,10,330.77,CNY,0.0,3307.7,3307.7
TXN-CN-1-001643,2026-08-25 08:16:11,2026-08-25 08:21:11,CN,Other ERP,C,SAN-002,SanaPlus ColdFlu,OTC,SanaPlus,D2C,8,80.77,CNY,0.15,646.16,549.24
TXN-CN-1-001644,2026-08-25 09:45:16,2026-08-25 09:47:16,CN,Other ERP,C,MED-002,Medora Derm Cream,RX,Medora,Wholesale,12,200.0,CNY,0.0,2400.0,2400.0
TXN-CN-1-001645,2026-08-25 08:32:10,2026-08-25 08:35:10,CN,Other ERP,C,PUR-002,PureLife BP Monitor,MD,PureLife,Pharmacy/B2B,1,692.31,CNY,0.1,692.31,623.08
TXN-CN-1-001646,2026-08-25 08:01:24,2026-08-25 08:05:24,CN,Other ERP,C,PUR-001,PureLife GlucoMonitor,MD,PureLife,Pharmacy/B2B,5,653.85,CNY,0.15,3269.25,2778.86
TXN-CN-1-001647,2026-08-25 15:33:32,2026-08-25 15:34:32,CN,Other ERP,C,SAN-001,SanaPlus PainRelief,OTC,SanaPlus,Wholesale,11,73.08,CNY,0.15,803.88,683.3
TXN-CN-1-001648,2026-08-25 14:56:53,2026-08-25 15:02:53,CN,Other ERP,C,MED-002,Medora Derm Cream,RX,Medora,D2C,4,200.0,CNY,0.05,800.0,760.0
TXN-CN-1-001649,2026-08-25 18:23:36,2026-08-25 18:28:36,CN,Other ERP,C,SAN-001,SanaPlus PainRelief,OTC,SanaPlus,D2C,4,73.08,CNY,0.05,292.32,277.7
TXN-CN-1-001650,2026-08-25 01:51:54,2026-08-25 01:55:54,CN,Other ERP,C,DER-001,Dermacare GlowSerum,AES,Dermacare,Pharmacy/B2B,9,246.15,CNY,0.2,2215.35,1772.28
TXN-CN-1-001651,2026-08-25 16:26:02,2026-08-25 16:32:02,CN,Other ERP,C,SAN-002,SanaPlus ColdFlu,OTC,SanaPlus,Wholesale,5,80.77,CNY,0.05,403.85,383.66
TXN-CN-1-001652,2026-08-25 17:00:57,2026-08-25 17:02:57,CN,Other ERP,C,DER-001,Dermacare GlowSerum,AES,Dermacare,E-commerce,7,246.15,CNY,0.1,1723.05,1550.74
TXN-CN-1-001653,2026-08-25 02:26:40,2026-08-25 02:29:40,CN,Other ERP,C,SAN-001,SanaPlus PainRelief,OTC,SanaPlus,Pharmacy/B2B,9,73.08,CNY,0.0,657.72,657.72
TXN-CN-1-001654,2026-08-25 18:50:33,2026-08-25 18:56:33,CN,Other ERP,C,PUR-002,PureLife BP Monitor,MD,PureLife,Pharmacy/B2B,1,692.31,CNY,0.0,692.31,692.31
TXN-CN-1-001655,2026-08-25 16:29:10,2026-08-25 16:33:10,CN,Other ERP,C,VIT-001,Vitalis C1000,SUP,Vitalis,Pharmacy/B2B,1,161.54,CNY,0.2,161.54,129.23
TXN-CN-1-001656,2026-08-25 18:49:27,2026-08-25 18:52:27,CN,Other ERP,C,SAN-002,SanaPlus ColdFlu,OTC,SanaPlus,Pharmacy/B2B,12,80.77,CNY,0.05,969.24,920.78
TXN-CN-1-001657,2026-08-25 23:39:32,2026-08-25 23:44:32,CN,Other ERP,C,DER-001,Dermacare GlowSerum,AES,Dermacare,Pharmacy/B2B,5,246.15,CNY,0.0,1230.75,1230.75
TXN-CN-1-001658,2026-08-25 13:13:43,2026-08-25 13:17:43,CN,Other ERP,C,DER-001,Dermacare GlowSerum,AES,Dermacare,Pharmacy/B2B,6,246.15,CNY,0.0,1476.9,1476.9
TXN-CN-1-001659,2026-08-25 08:17:50,2026-08-25 08:23:50,CN,Other ERP,C,VIT-002,Vitalis Multivit,SUP,Vitalis,Wholesale,5,130.77,CNY,0.05,653.85,621.16
TXN-CN-1-001660,2026-08-25 21:33:32,2026-08-25 21:38:32,CN,Other ERP,C,VIT-002,Vitalis Multivit,SUP,Vitalis,E-commerce,1,130.77,CNY,0.05,130.77,124.23
TXN-CN-1-001661,2026-08-25 17:35:13,2026-08-25 17:41:13,CN,Other ERP,C,DER-002,Dermacare LiftCream,AES,Dermacare,E-commerce,1,284.62,CNY,0.2,284.62,227.7
TXN-CN-1-001662,2026-08-25 14:43:45,2026-08-25 14:47:45,CN,Other ERP,C,MED-002,Medora Derm Cream,RX,Medora,E-commerce,3,200.0,CNY,0.15,600.0,510.0
TXN-CN-1-001663,2026-08-25 06:40:39,2026-08-25 06:44:39,CN,Other ERP,C,DER-001,Dermacare GlowSerum,AES,Dermacare,Wholesale,10,246.15,CNY,0.15,2461.5,2092.28
TXN-CN-1-001664,2026-08-25 10:14:18,2026-08-25 10:15:18,CN,Other ERP,C,PUR-002,PureLife BP Monitor,MD,PureLife,Pharmacy/B2B,9,692.31,CNY,0.05,6230.79,5919.25
TXN-CN-1-001665,2026-08-25 18:29:55,2026-08-25 18:35:55,CN,Other ERP,C,PUR-001,PureLife GlucoMonitor,MD,PureLife,Wholesale,6,653.85,CNY,0.0,3923.1,3923.1
TXN-CN-1-001666,2026-08-25 18:17:28,2026-08-25 18:20:28,CN,Other ERP,C,PUR-002,PureLife BP Monitor,MD,PureLife,Pharmacy/B2B,7,692.31,CNY,0.05,4846.17,4603.86
TXN-CN-1-001667,2026-08-25 07:28:22,2026-08-25 07:33:22,CN,Other ERP,C,DER-001,Dermacare GlowSerum,AES,Dermacare,E-commerce,5,246.15,CNY,0.15,1230.75,1046.14
TXN-CN-1-001668,2026-08-25 06:09:32,2026-08-25 06:15:32,CN,Other ERP,C,PUR-001,PureLife GlucoMonitor,MD,PureLife,Wholesale,7,653.85,CNY,0.0,4576.95,4576.95
TXN-CN-1-001669,2026-08-25 11:27:56,2026-08-25 11:33:56,CN,Other ERP,C,SAN-002,SanaPlus ColdFlu,OTC,SanaPlus,Pharmacy/B2B,11,80.77,CNY,0.15,888.47,755.2
TXN-CN-1-001670,2026-08-25 11:01:13,2026-08-25 11:06:13,CN,Other ERP,C,VIT-001,Vitalis C1000,SUP,Vitalis,E-commerce,2,161.54,CNY,0.15,323.08,274.62
TXN-CN-1-001671,2026-08-25 16:34:51,2026-08-25 16:35:51,CN,Other ERP,C,SAN-001,SanaPlus PainRelief,OTC,SanaPlus,Wholesale,12,73.08,CNY,0.2,876.96,701.57
TXN-CN-1-001672,2026-08-25 02:49:50,2026-08-25 02:54:50,CN,Other ERP,C,DER-001,Dermacare GlowSerum,AES,Dermacare,Wholesale,1,246.15,CNY,0.05,246.15,233.84
TXN-CN-1-001673,2026-08-25 14:13:36,2026-08-25 14:15:36,CN,Other ERP,C,VIT-001,Vitalis C1000,SUP,Vitalis,Pharmacy/B2B,2,161.54,CNY,0.05,323.08,306.93
TXN-CN-1-001674,2026-08-25 05:55:46,2026-08-25 06:00:46,CN,Other ERP,C,MED-001,Medora Cardio 10mg,RX,Medora,Wholesale,4,330.77,CNY,0.2,1323.08,1058.46
TXN-CN-1-001675,2026-08-25 21:07:30,2026-08-25 21:12:30,CN,Other ERP,C,VIT-001,Vitalis C1000,SUP,Vitalis,Pharmacy/B2B,11,161.54,CNY,0.1,1776.94,1599.25
TXN-CN-1-001676,2026-08-25 19:32:01,2026-08-25 19:34:01,CN,Other ERP,C,DER-002,Dermacare LiftCream,AES,Dermacare,Pharmacy/B2B,9,284.62,CNY,0.0,2561.58,2561.58
TXN-CN-1-001677,2026-08-25 15:14:37,2026-08-25 15:20:37,CN,Other ERP,C,SAN-002,SanaPlus ColdFlu,OTC,SanaPlus,E-commerce,4,80.77,CNY,0.05,323.08,306.93
TXN-CN-1-001678,2026-08-25 03:17:33,2026-08-25 03:21:33,CN,Other ERP,C,MED-001,Medora Cardio 10mg,RX,Medora,Wholesale,5,330.77,CNY,0.1,1653.85,1488.46
TXN-CN-1-001679,2026-08-25 09:33:15,2026-08-25 09:35:15,CN,Other ERP,C,DER-001,Dermacare GlowSerum,AES,Dermacare,D2C,3,246.15,CNY,0.0,738.45,738.45
TXN-CN-1-001680,2026-08-25 07:30:33,2026-08-25 07:36:33,CN,Other ERP,C,PUR-002,PureLife BP Monitor,MD,PureLife,E-commerce,2,692.31,CNY,0.15,1384.62,1176.93
TXN-CN-1-001681,2026-08-25 08:38:37,2026-08-25 08:41:37,CN,Other ERP,C,SAN-001,SanaPlus PainRelief,OTC,SanaPlus,Pharmacy/B2B,2,73.08,CNY,0.0,146.16,146.16
TXN-CN-1-001682,2026-08-25 13:03:47,2026-08-25 13:08:47,CN,Other ERP,C,PUR-002,PureLife BP Monitor,MD,PureLife,Wholesale,8,692.31,CNY,0.0,5538.48,5538.48
TXN-CN-1-001683,2026-08-25 13:50:57,2026-08-25 13:55:57,CN,Other ERP,C,VIT-001,Vitalis C1000,SUP,Vitalis,Pharmacy/B2B,10,161.54,CNY,0.0,1615.4,1615.4
TXN-CN-1-001684,2026-08-25 19:36:36,2026-08-25 19:40:36,CN,Other ERP,C,VIT-002,Vitalis Multivit,SUP,Vitalis,Pharmacy/B2B,6,130.77,CNY,0.0,784.62,784.62
TXN-CN-1-001685,2026-08-25 22:06:34,2026-08-25 22:11:34,CN,Other ERP,C,VIT-001,Vitalis C1000,SUP,Vitalis,D2C,4,161.54,CNY,0.1,646.16,581.54
TXN-CN-1-001686,2026-08-25 18:39:51,2026-08-25 18:45:51,CN,Other ERP,C,SAN-001,SanaPlus PainRelief,OTC,SanaPlus,E-commerce,1,73.08,CNY,0.15,73.08,62.12
TXN-CN-1-001687,2026-08-25 05:20:28,2026-08-25 05:26:28,CN,Other ERP,C,MED-002,Medora Derm Cream,RX,Medora,Wholesale,12,200.0,CNY,0.1,2400.0,2160.0
TXN-CN-1-001688,2026-08-25 04:03:53,2026-08-25 04:07:53,CN,Other ERP,C,DER-002,Dermacare LiftCream,AES,Dermacare,Pharmacy/B2B,7,284.62,CNY,0.15,1992.34,1693.49
TXN-CN-1-001689,2026-08-25 13:43:21,2026-08-25 13:49:21,CN,Other ERP,C,SAN-001,SanaPlus PainRelief,OTC,SanaPlus,E-commerce,11,73.08,CNY,0.0,803.88,803.88
TXN-CN-1-001690,2026-08-25 12:30:54,2026-08-25 12:36:54,CN,Other ERP,C,PUR-001,PureLife GlucoMonitor,MD,PureLife,Pharmacy/B2B,2,653.85,CNY,0.05,1307.7,1242.32
TXN-CN-1-001691,2026-08-25 23:41:01,2026-08-25 23:44:01,CN,Other ERP,C,PUR-002,PureLife BP Monitor,MD,PureLife,E-commerce,11,692.31,CNY,0.1,7615.41,6853.87
TXN-CN-1-001692,2026-08-25 03:23:29,2026-08-25 03:26:29,CN,Other ERP,C,MED-001,Medora Cardio 10mg,RX,Medora,E-commerce,8,330.77,CNY,0.2,2646.16,2116.93
TXN-CN-1-001693,2026-08-25 01:41:19,2026-08-25 01:42:19,CN,Other ERP,C,DER-002,Dermacare LiftCream,AES,Dermacare,Pharmacy/B2B,10,284.62,CNY,0.0,2846.2,2846.2
TXN-CN-1-001694,2026-08-25 15:00:36,2026-08-25 15:06:36,CN,Other ERP,C,SAN-001,SanaPlus PainRelief,OTC,SanaPlus,Pharmacy/B2B,8,73.08,CNY,0.0,584.64,584.64
TXN-CN-1-001695,2026-08-25 07:24:44,2026-08-25 07:25:44,CN,Other ERP,C,PUR-001,PureLife GlucoMonitor,MD,PureLife,Pharmacy/B2B,9,653.85,CNY,0.15,5884.65,5001.95
TXN-CN-1-001696,2026-08-25 02:23:17,2026-08-25 02:27:17,CN,Other ERP,C,VIT-001,Vitalis C1000,SUP,Vitalis,Wholesale,3,161.54,CNY,0.1,484.62,436.16
TXN-CN-1-001697,2026-08-25 06:01:46,2026-08-25 06:06:46,CN,Other ERP,C,DER-001,Dermacare GlowSerum,AES,Dermacare,E-commerce,11,246.15,CNY,0.2,2707.65,2166.12
TXN-CN-1-001698,2026-08-25 10:46:35,2026-08-25 10:49:35,CN,Other ERP,C,PUR-001,PureLife GlucoMonitor,MD,PureLife,D2C,1,653.85,CNY,0.15,653.85,555.77
TXN-CN-1-001699,2026-08-25 00:42:01,2026-08-25 00:46:01,CN,Other ERP,C,VIT-001,Vitalis C1000,SUP,Vitalis,D2C,10,161.54,CNY,0.0,1615.4,1615.4
TXN-CN-1-001700,2026-08-25 23:21:33,2026-08-25 23:27:33,CN,Other ERP,C,DER-002,Dermacare LiftCream,AES,Dermacare,D2C,2,284.62,CNY,0.0,569.24,569.24
