transaction_id,order_datetime_utc,ingested_at_utc,country,source_system,source_scenario,product_code,product_name,product_category,brand,sales_channel,quantity,unit_price,currency,discount_pct,gross_amount,net_amount
TXN-DE-1-000001,2026-08-25 19:39:17,2026-08-25 19:40:17,DE,SaaS Platform,D,DER-001,Dermacare GlowSerum,Aesthetic,Dermacare,Pharmacy/B2B,12,32.0,EUR,0.1,384.0,345.6
TXN-DE-1-000002,2026-08-25 14:00:46,2026-08-25 14:01:46,DE,SaaS Platform,D,VIT-001,Vitalis C1000,Supplement,Vitalis,Wholesale,7,21.0,EUR,0.05,147.0,139.65
TXN-DE-1-000003,2026-08-25 04:49:18,2026-08-25 04:50:18,DE,SaaS Platform,D,PUR-001,PureLife GlucoMonitor,Medical Device,PureLife,Pharmacy/B2B,9,85.0,EUR,0.0,765.0,765.0
TXN-DE-1-000004,2026-08-25 00:36:34,2026-08-25 00:38:34,DE,SaaS Platform,D,PUR-002,PureLife BP Monitor,Medical Device,PureLife,Pharmacy/B2B,8,90.0,EUR,0.0,720.0,720.0
TXN-DE-1-000005,2026-08-25 23:08:29,2026-08-25 23:10:29,DE,SaaS Platform,D,DER-001,Dermacare GlowSerum,Aesthetic,Dermacare,E-commerce,11,32.0,EUR,0.0,352.0,352.0
TXN-DE-1-000006,2026-08-25 10:13:00,2026-08-25 10:16:00,DE,SaaS Platform,D,VIT-002,Vitalis Multivit,Supplement,Vitalis,D2C,10,17.0,EUR,0.05,170.0,161.5
TXN-DE-1-000007,2026-08-25 22:56:43,2026-08-25 23:02:43,DE,SaaS Platform,D,VIT-001,Vitalis C1000,Supplement,Vitalis,D2C,6,21.0,EUR,0.1,126.0,113.4
TXN-DE-1-000008,2026-08-25 17:38:31,2026-08-25 17:39:31,DE,SaaS Platform,D,MED-002,Medora Derm Cream,Prescription,Medora,E-commerce,1,26.0,EUR,0.15,26.0,22.1
TXN-DE-1-000009,2026-08-25 10:44:57,2026-08-25 10:50:57,DE,SaaS Platform,D,VIT-001,Vitalis C1000,Supplement,Vitalis,D2C,3,21.0,EUR,0.15,63.0,53.55
TXN-DE-1-000010,2026-08-25 13:36:52,2026-08-25 13:38:52,DE,SaaS Platform,D,DER-001,Dermacare GlowSerum,Aesthetic,Dermacare,Pharmacy/B2B,10,32.0,EUR,0.0,320.0,320.0
TXN-DE-1-000011,2026-08-25 05:41:14,2026-08-25 05:43:14,DE,SaaS Platform,D,DER-002,Dermacare LiftCream,Aesthetic,Dermacare,D2C,4,37.0,EUR,0.0,148.0,148.0
TXN-DE-1-000012,2026-08-25 06:38:58,2026-08-25 06:43:58,DE,SaaS Platform,D,SAN-001,SanaPlus PainRelief,OTC,SanaPlus,Wholesale,7,9.5,EUR,0.2,66.5,53.2
TXN-DE-1-000013,2026-08-25 02:08:26,2026-08-25 02:10:26,DE,SaaS Platform,D,PUR-002,PureLife BP Monitor,Medical Device,PureLife,Wholesale,11,90.0,EUR,0.2,990.0,792.0
TXN-DE-1-000014,2026-08-25 16:20:32,2026-08-25 16:21:32,DE,SaaS Platform,D,VIT-001,Vitalis C1000,Supplement,Vitalis,D2C,4,21.0,EUR,0.05,84.0,79.8
TXN-DE-1-000015,2026-08-25 11:35:13,2026-08-25 11:37:13,DE,SaaS Platform,D,SAN-001,SanaPlus PainRelief,OTC,SanaPlus,Pharmacy/B2B,6,9.5,EUR,0.0,57.0,57.0
TXN-DE-1-000016,2026-08-25 08:05:38,2026-08-25 08:11:38,DE,SaaS Platform,D,DER-001,Dermacare GlowSerum,Aesthetic,Dermacare,D2C,9,32.0,EUR,0.2,288.0,230.4
TXN-DE-1-000017,2026-08-25 02:52:55,2026-08-25 02:58:55,DE,SaaS Platform,D,PUR-001,PureLife GlucoMonitor,Medical Device,PureLife,Wholesale,6,85.0,EUR,0.2,510.0,408.0
TXN-DE-1-000018,2026-08-25 10:08:08,2026-08-25 10:14:08,DE,SaaS Platform,D,MED-001,Medora Cardio 10mg,Prescription,Medora,E-commerce,7,43.0,EUR,0.2,301.0,240.8
TXN-DE-1-000019,2026-08-25 09:54:08,2026-08-25 09:59:08,DE,SaaS Platform,D,PUR-001,PureLife GlucoMonitor,Medical Device,PureLife,E-commerce,2,85.0,EUR,0.0,170.0,170.0
TXN-DE-1-000020,2026-08-25 20:45:05,2026-08-25 20:49:05,DE,SaaS Platform,D,DER-002,Dermacare LiftCream,Aesthetic,Dermacare,E-commerce,9,37.0,EUR,0.0,333.0,333.0
TXN-DE-1-000021,2026-08-25 10:03:54,2026-08-25 10:09:54,DE,SaaS Platform,D,DER-001,Dermacare GlowSerum,Aesthetic,Dermacare,Wholesale,3,32.0,EUR,0.0,96.0,96.0
TXN-DE-1-000022,2026-08-25 04:37:48,2026-08-25 04:39:48,DE,SaaS Platform,D,DER-001,Dermacare GlowSerum,Aesthetic,Dermacare,Pharmacy/B2B,7,32.0,EUR,0.05,224.0,212.8
TXN-DE-1-000023,2026-08-25 16:52:44,2026-08-25 16:57:44,DE,SaaS Platform,D,PUR-002,PureLife BP Monitor,Medical Device,PureLife,Wholesale,5,90.0,EUR,0.1,450.0,405.0
TXN-DE-1-000024,2026-08-25 02:40:58,2026-08-25 02:42:58,DE,SaaS Platform,D,SAN-002,SanaPlus ColdFlu,OTC,SanaPlus,D2C,10,10.5,EUR,0.2,105.0,84.0
TXN-DE-1-000025,2026-08-25 17:38:37,2026-08-25 17:44:37,DE,SaaS Platform,D,VIT-001,Vitalis C1000,Supplement,Vitalis,E-commerce,12,21.0,EUR,0.0,252.0,252.0
TXN-DE-1-000026,2026-08-25 09:20:29,2026-08-25 09:22:29,DE,SaaS Platform,D,PUR-002,PureLife BP Monitor,Medical Device,PureLife,Wholesale,3,90.0,EUR,0.0,270.0,270.0
TXN-DE-1-000027,2026-08-25 14:57:15,2026-08-25 15:02:15,DE,SaaS Platform,D,PUR-002,PureLife BP Monitor,Medical Device,PureLife,E-commerce,1,90.0,EUR,0.05,90.0,85.5
TXN-DE-1-000028,2026-08-25 15:10:50,2026-08-25 15:14:50,DE,SaaS Platform,D,MED-002,Medora Derm Cream,Prescription,Medora,Wholesale,10,26.0,EUR,0.1,260.0,234.0
TXN-DE-1-000029,2026-08-25 14:51:41,2026-08-25 14:53:41,DE,SaaS Platform,D,VIT-002,Vitalis Multivit,Supplement,Vitalis,D2C,7,17.0,EUR,0.1,119.0,107.1
TXN-DE-1-000030,2026-08-25 21:28:53,2026-08-25 21:33:53,DE,SaaS Platform,D,VIT-001,Vitalis C1000,Supplement,Vitalis,E-commerce,4,21.0,EUR,0.0,84.0,84.0
TXN-DE-1-000031,2026-08-25 20:07:42,2026-08-25 20:13:42,DE,SaaS Platform,D,DER-002,Dermacare LiftCream,Aesthetic,Dermacare,Wholesale,9,37.0,EUR,0.1,333.0,299.7
TXN-DE-1-000032,2026-08-25 16:53:36,2026-08-25 16:59:36,DE,SaaS Platform,D,DER-002,Dermacare LiftCream,Aesthetic,Dermacare,Wholesale,10,37.0,EUR,0.0,370.0,370.0
TXN-DE-1-000033,2026-08-25 13:33:00,2026-08-25 13:37:00,DE,SaaS Platform,D,MED-001,Medora Cardio 10mg,Prescription,Medora,D2C,2,43.0,EUR,0.0,86.0,86.0
TXN-DE-1-000034,2026-08-25 09:16:38,2026-08-25 09:21:38,DE,SaaS Platform,D,VIT-001,Vitalis C1000,Supplement,Vitalis,Pharmacy/B2B,9,21.0,EUR,0.2,189.0,151.2
TXN-DE-1-000035,2026-08-25 09:09:20,2026-08-25 09:14:20,DE,SaaS Platform,D,VIT-002,Vitalis Multivit,Supplement,Vitalis,Pharmacy/B2B,6,17.0,EUR,0.0,102.0,102.0
TXN-DE-1-000036,2026-08-25 21:57:32,2026-08-25 22:02:32,DE,SaaS Platform,D,VIT-002,Vitalis Multivit,Supplement,Vitalis,Pharmacy/B2B,3,17.0,EUR,0.0,51.0,51.0
TXN-DE-1-000037,2026-08-25 14:39:10,2026-08-25 14:40:10,DE,SaaS Platform,D,MED-001,Medora Cardio 10mg,Prescription,Medora,Pharmacy/B2B,2,43.0,EUR,0.0,86.0,86.0
TXN-DE-1-000038,2026-08-25 10:49:52,2026-08-25 10:50:52,DE,SaaS Platform,D,DER-002,Dermacare LiftCream,Aesthetic,Dermacare,Wholesale,3,37.0,EUR,0.2,111.0,88.8
TXN-DE-1-000039,2026-08-25 22:27:43,2026-08-25 22:33:43,DE,SaaS Platform,D,MED-002,Medora Derm Cream,Prescription,Medora,D2C,12,26.0,EUR,0.15,312.0,265.2
TXN-DE-1-000040,2026-08-25 08:15:30,2026-08-25 08:16:30,DE,SaaS Platform,D,SAN-001,SanaPlus PainRelief,OTC,SanaPlus,Pharmacy/B2B,4,9.5,EUR,0.0,38.0,38.0
TXN-DE-1-000041,2026-08-25 04:18:13,2026-08-25 04:19:13,DE,SaaS Platform,D,VIT-002,Vitalis Multivit,Supplement,Vitalis,Wholesale,6,17.0,EUR,0.0,102.0,102.0
TXN-DE-1-000042,2026-08-25 23:08:25,2026-08-25 23:13:25,DE,SaaS Platform,D,DER-002,Dermacare LiftCream,Aesthetic,Dermacare,E-commerce,1,37.0,EUR,0.1,37.0,33.3
TXN-DE-1-000043,2026-08-25 22:18:53,2026-08-25 22:23:53,DE,SaaS Platform,D,DER-001,Dermacare GlowSerum,Aesthetic,Dermacare,D2C,11,32.0,EUR,0.05,352.0,334.4
TXN-DE-1-000044,2026-08-25 10:49:04,2026-08-25 10:51:04,DE,SaaS Platform,D,VIT-001,Vitalis C1000,Supplement,Vitalis,D2C,1,21.0,EUR,0.0,21.0,21.0
TXN-DE-1-000045,2026-08-25 22:36:46,2026-08-25 22:42:46,DE,SaaS Platform,D,VIT-001,Vitalis C1000,Supplement,Vitalis,Pharmacy/B2B,9,21.0,EUR,0.0,189.0,189.0
TXN-DE-1-000046,2026-08-25 08:30:09,2026-08-25 08:33:09,DE,SaaS Platform,D,VIT-002,Vitalis Multivit,Supplement,Vitalis,Pharmacy/B2B,10,17.0,EUR,0.05,170.0,161.5
TXN-DE-1-000047,2026-08-25 15:31:58,2026-08-25 15:35:58,DE,SaaS Platform,D,PUR-002,PureLife BP Monitor,Medical Device,PureLife,Pharmacy/B2B,10,90.0,EUR,0.0,900.0,900.0
TXN-DE-1-000048,2026-08-25 20:20:29,2026-08-25 20:25:29,DE,SaaS Platform,D,DER-001,Dermacare GlowSerum,Aesthetic,Dermacare,E-commerce,10,32.0,EUR,0.2,320.0,256.0
TXN-DE-1-000049,2026-08-25 19:51:00,2026-08-25 19:52:00,DE,SaaS Platform,D,SAN-002,SanaPlus ColdFlu,OTC,SanaPlus,Wholesale,9,10.5,EUR,0.0,94.5,94.5
TXN-DE-1-000050,2026-08-25 00:09:25,2026-08-25 00:10:25,DE,SaaS Platform,D,DER-002,Dermacare LiftCream,Aesthetic,Dermacare,D2C,4,37.0,EUR,0.15,148.0,125.8
TXN-DE-1-000051,2026-08-25 00:06:04,2026-08-25 00:10:04,DE,SaaS Platform,D,PUR-002,PureLife BP Monitor,Medical Device,PureLife,Wholesale,7,90.0,EUR,0.0,630.0,630.0
TXN-DE-1-000052,2026-08-25 19:09:29,2026-08-25 19:13:29,DE,SaaS Platform,D,PUR-002,PureLife BP Monitor,Medical Device,PureLife,D2C,8,90.0,EUR,0.0,720.0,720.0
TXN-DE-1-000053,2026-08-25 23:43:31,2026-08-25 23:49:31,DE,SaaS Platform,D,SAN-001,SanaPlus PainRelief,OTC,SanaPlus,Pharmacy/B2B,5,9.5,EUR,0.0,47.5,47.5
TXN-DE-1-000054,2026-08-25 11:11:25,2026-08-25 11:15:25,DE,SaaS Platform,D,SAN-001,SanaPlus PainRelief,OTC,SanaPlus,Pharmacy/B2B,12,9.5,EUR,0.0,114.0,114.0
TXN-DE-1-000055,2026-08-25 11:34:39,2026-08-25 11:36:39,DE,SaaS Platform,D,MED-002,Medora Derm Cream,Prescription,Medora,E-commerce,8,26.0,EUR,0.15,208.0,176.8
TXN-DE-1-000056,2026-08-25 22:31:30,2026-08-25 22:34:30,DE,SaaS Platform,D,DER-001,Dermacare GlowSerum,Aesthetic,Dermacare,Pharmacy/B2B,1,32.0,EUR,0.0,32.0,32.0
TXN-DE-1-000057,2026-08-25 18:03:58,2026-08-25 18:07:58,DE,SaaS Platform,D,DER-002,Dermacare LiftCream,Aesthetic,Dermacare,E-commerce,11,37.0,EUR,0.0,407.0,407.0
TXN-DE-1-000058,2026-08-25 02:40:04,2026-08-25 02:44:04,DE,SaaS Platform,D,SAN-002,SanaPlus ColdFlu,OTC,SanaPlus,Pharmacy/B2B,4,10.5,EUR,0.05,42.0,39.9
TXN-DE-1-000059,2026-08-25 03:08:13,2026-08-25 03:13:13,DE,SaaS Platform,D,VIT-001,Vitalis C1000,Supplement,Vitalis,Pharmacy/B2B,3,21.0,EUR,0.15,63.0,53.55
TXN-DE-1-000060,2026-08-25 12:08:35,2026-08-25 12:13:35,DE,SaaS Platform,D,PUR-002,PureLife BP Monitor,Medical Device,PureLife,Pharmacy/B2B,10,90.0,EUR,0.0,900.0,900.0
TXN-DE-1-000061,2026-08-25 18:46:25,2026-08-25 18:50:25,DE,SaaS Platform,D,VIT-002,Vitalis Multivit,Supplement,Vitalis,E-commerce,8,17.0,EUR,0.0,136.0,136.0
TXN-DE-1-000062,2026-08-25 06:54:47,2026-08-25 06:57:47,DE,SaaS Platform,D,VIT-001,Vitalis C1000,Supplement,Vitalis,D2C,5,21.0,EUR,0.0,105.0,105.0
TXN-DE-1-000063,2026-08-25 16:19:52,2026-08-25 16:22:52,DE,SaaS Platform,D,PUR-001,PureLife GlucoMonitor,Medical Device,PureLife,Pharmacy/B2B,5,85.0,EUR,0.05,425.0,403.75
TXN-DE-1-000064,2026-08-25 15:42:05,2026-08-25 15:43:05,DE,SaaS Platform,D,DER-002,Dermacare LiftCream,Aesthetic,Dermacare,Wholesale,3,37.0,EUR,0.2,111.0,88.8
TXN-DE-1-000065,2026-08-25 08:12:35,2026-08-25 08:15:35,DE,SaaS Platform,D,MED-002,Medora Derm Cream,Prescription,Medora,Pharmacy/B2B,12,26.0,EUR,0.2,312.0,249.6
TXN-DE-1-000066,2026-08-25 17:07:40,2026-08-25 17:11:40,DE,SaaS Platform,D,SAN-002,SanaPlus ColdFlu,OTC,SanaPlus,Pharmacy/B2B,10,10.5,EUR,0.0,105.0,105.0
TXN-DE-1-000067,2026-08-25 17:09:23,2026-08-25 17:15:23,DE,SaaS Platform,D,MED-001,Medora Cardio 10mg,Prescription,Medora,D2C,2,43.0,EUR,0.05,86.0,81.7
TXN-DE-1-000068,2026-08-25 08:41:52,2026-08-25 08:47:52,DE,SaaS Platform,D,VIT-001,Vitalis C1000,Supplement,Vitalis,D2C,2,21.0,EUR,0.0,42.0,42.0
TXN-DE-1-000069,2026-08-25 12:48:14,2026-08-25 12:52:14,DE,SaaS Platform,D,VIT-002,Vitalis Multivit,Supplement,Vitalis,D2C,1,17.0,EUR,0.1,17.0,15.3
TXN-DE-1-000070,2026-08-25 02:40:17,2026-08-25 02:45:17,DE,SaaS Platform,D,SAN-002,SanaPlus ColdFlu,OTC,SanaPlus,Pharmacy/B2B,6,10.5,EUR,0.0,63.0,63.0
TXN-DE-1-000071,2026-08-25 19:49:42,2026-08-25 19:55:42,DE,SaaS Platform,D,MED-002,Medora Derm Cream,Prescription,Medora,Pharmacy/B2B,6,26.0,EUR,0.2,156.0,124.8
TXN-DE-1-000072,2026-08-25 16:27:10,2026-08-25 16:30:10,DE,SaaS Platform,D,SAN-001,SanaPlus PainRelief,OTC,SanaPlus,Wholesale,11,9.5,EUR,0.0,104.5,104.5
TXN-DE-1-000073,2026-08-25 09:03:40,2026-08-25 09:08:40,DE,SaaS Platform,D,MED-002,Medora Derm Cream,Prescription,Medora,Wholesale,1,26.0,EUR,0.15,26.0,22.1
TXN-DE-1-000074,2026-08-25 17:54:33,2026-08-25 17:58:33,DE,SaaS Platform,D,MED-001,Medora Cardio 10mg,Prescription,Medora,Pharmacy/B2B,5,43.0,EUR,0.0,215.0,215.0
TXN-DE-1-000075,2026-08-25 21:24:08,2026-08-25 21:26:08,DE,SaaS Platform,D,MED-001,Medora Cardio 10mg,Prescription,Medora,D2C,6,43.0,EUR,0.0,258.0,258.0
TXN-DE-1-000076,2026-08-25 04:16:05,2026-08-25 04:21:05,DE,SaaS Platform,D,SAN-001,SanaPlus PainRelief,OTC,SanaPlus,Pharmacy/B2B,4,9.5,EUR,0.1,38.0,34.2
TXN-DE-1-000077,2026-08-25 19:52:36,2026-08-25 19:54:36,DE,SaaS Platform,D,VIT-001,Vitalis C1000,Supplement,Vitalis,Pharmacy/B2B,9,21.0,EUR,0.0,189.0,189.0
TXN-DE-1-000078,2026-08-25 07:36:34,2026-08-25 07:41:34,DE,SaaS Platform,D,DER-001,Dermacare GlowSerum,Aesthetic,Dermacare,Wholesale,3,32.0,EUR,0.2,96.0,76.8
TXN-DE-1-000079,2026-08-25 01:27:10,2026-08-25 01:29:10,DE,SaaS Platform,D,PUR-001,PureLife GlucoMonitor,Medical Device,PureLife,D2C,9,85.0,EUR,0.1,765.0,688.5
TXN-DE-1-000080,2026-08-25 14:32:22,2026-08-25 14:38:22,DE,SaaS Platform,D,SAN-001,SanaPlus PainRelief,OTC,SanaPlus,Pharmacy/B2B,11,9.5,EUR,0.05,104.5,99.27
TXN-DE-1-000081,2026-08-25 19:26:55,2026-08-25 19:31:55,DE,SaaS Platform,D,MED-001,Medora Cardio 10mg,Prescription,Medora,E-commerce,7,43.0,EUR,0.0,301.0,301.0
TXN-DE-1-000082,2026-08-25 05:43:57,2026-08-25 05:48:57,DE,SaaS Platform,D,SAN-002,SanaPlus ColdFlu,OTC,SanaPlus,Pharmacy/B2B,7,10.5,EUR,0.0,73.5,73.5
TXN-DE-1-000083,2026-08-25 15:55:21,2026-08-25 16:01:21,DE,SaaS Platform,D,PUR-002,PureLife BP Monitor,Medical Device,PureLife,E-commerce,4,90.0,EUR,0.15,360.0,306.0
TXN-DE-1-000084,2026-08-25 08:37:08,2026-08-25 08:40:08,DE,SaaS Platform,D,DER-001,Dermacare GlowSerum,Aesthetic,Dermacare,E-commerce,4,32.0,EUR,0.0,128.0,128.0
TXN-DE-1-000085,2026-08-25 06:54:47,2026-08-25 06:59:47,DE,SaaS Platform,D,DER-002,Dermacare LiftCream,Aesthetic,Dermacare,D2C,5,37.0,EUR,0.2,185.0,148.0
TXN-DE-1-000086,2026-08-25 00:45:08,2026-08-25 00:50:08,DE,SaaS Platform,D,PUR-001,PureLife GlucoMonitor,Medical Device,PureLife,Pharmacy/B2B,7,85.0,EUR,0.05,595.0,565.25
TXN-DE-1-000087,2026-08-25 01:32:59,2026-08-25 01:37:59,DE,SaaS Platform,D,PUR-002,PureLife BP Monitor,Medical Device,PureLife,Wholesale,1,90.0,EUR,0.1,90.0,81.0
TXN-DE-1-000088,2026-08-25 06:07:24,2026-08-25 06:08:24,DE,SaaS Platform,D,MED-002,Medora Derm Cream,Prescription,Medora,Pharmacy/B2B,9,26.0,EUR,0.2,234.0,187.2
TXN-DE-1-000089,2026-08-25 22:54:30,2026-08-25 22:57:30,DE,SaaS Platform,D,VIT-002,Vitalis Multivit,Supplement,Vitalis,Pharmacy/B2B,2,17.0,EUR,0.0,34.0,34.0
TXN-DE-1-000090,2026-08-25 05:17:19,2026-08-25 05:21:19,DE,SaaS Platform,D,DER-001,Dermacare GlowSerum,Aesthetic,Dermacare,Pharmacy/B2B,2,32.0,EUR,0.0,64.0,64.0
TXN-DE-1-000091,2026-08-25 19:33:20,2026-08-25 19:36:20,DE,SaaS Platform,D,PUR-001,PureLife GlucoMonitor,Medical Device,PureLife,D2C,9,85.0,EUR,0.0,765.0,765.0
TXN-DE-1-000092,2026-08-25 12:29:05,2026-08-25 12:31:05,DE,SaaS Platform,D,DER-001,Dermacare GlowSerum,Aesthetic,Dermacare,E-commerce,3,32.0,EUR,0.15,96.0,81.6
TXN-DE-1-000093,2026-08-25 04:20:37,2026-08-25 04:21:37,DE,SaaS Platform,D,PUR-002,PureLife BP Monitor,Medical Device,PureLife,Wholesale,1,90.0,EUR,0.0,90.0,90.0
TXN-DE-1-000094,2026-08-25 16:33:34,2026-08-25 16:39:34,DE,SaaS Platform,D,VIT-001,Vitalis C1000,Supplement,Vitalis,E-commerce,1,21.0,EUR,0.0,21.0,21.0
TXN-DE-1-000095,2026-08-25 08:13:27,2026-08-25 08:18:27,DE,SaaS Platform,D,DER-002,Dermacare LiftCream,Aesthetic,Dermacare,Pharmacy/B2B,8,37.0,EUR,0.05,296.0,281.2
TXN-DE-1-000096,2026-08-25 09:55:35,2026-08-25 09:58:35,DE,SaaS Platform,D,SAN-001,SanaPlus PainRelief,OTC,SanaPlus,D2C,8,9.5,EUR,0.15,76.0,64.6
TXN-DE-1-000097,2026-08-25 02:03:52,2026-08-25 02:08:52,DE,SaaS Platform,D,VIT-001,Vitalis C1000,Supplement,Vitalis,E-commerce,2,21.0,EUR,0.05,42.0,39.9
TXN-DE-1-000098,2026-08-25 02:18:46,2026-08-25 02:21:46,DE,SaaS Platform,D,DER-001,Dermacare GlowSerum,Aesthetic,Dermacare,Pharmacy/B2B,10,32.0,EUR,0.1,320.0,288.0
TXN-DE-1-000099,2026-08-25 12:20:27,2026-08-25 12:26:27,DE,SaaS Platform,D,VIT-002,Vitalis Multivit,Supplement,Vitalis,D2C,7,17.0,EUR,0.2,119.0,95.2
TXN-DE-1-000100,2026-08-25 17:41:30,2026-08-25 17:45:30,DE,SaaS Platform,D,DER-001,Dermacare GlowSerum,Aesthetic,Dermacare,E-commerce,7,32.0,EUR,0.0,224.0,224.0
TXN-DE-1-000101,2026-08-25 09:02:11,2026-08-25 09:05:11,DE,SaaS Platform,D,PUR-002,PureLife BP Monitor,Medical Device,PureLife,Wholesale,1,90.0,EUR,0.0,90.0,90.0
TXN-DE-1-000102,2026-08-25 08:27:00,2026-08-25 08:28:00,DE,SaaS Platform,D,VIT-001,Vitalis C1000,Supplement,Vitalis,Wholesale,2,21.0,EUR,0.15,42.0,35.7
TXN-DE-1-000103,2026-08-25 19:27:53,2026-08-25 19:30:53,DE,SaaS Platform,D,MED-001,Medora Cardio 10mg,Prescription,Medora,E-commerce,6,43.0,EUR,0.05,258.0,245.1
TXN-DE-1-000104,2026-08-25 20:13:33,2026-08-25 20:17:33,DE,SaaS Platform,D,MED-001,Medora Cardio 10mg,Prescription,Medora,E-commerce,7,43.0,EUR,0.1,301.0,270.9
TXN-DE-1-000105,2026-08-25 14:36:37,2026-08-25 14:37:37,DE,SaaS Platform,D,SAN-002,SanaPlus ColdFlu,OTC,SanaPlus,Pharmacy/B2B,7,10.5,EUR,0.0,73.5,73.5
TXN-DE-1-000106,2026-08-25 01:30:43,2026-08-25 01:34:43,DE,SaaS Platform,D,DER-001,Dermacare GlowSerum,Aesthetic,Dermacare,E-commerce,7,32.0,EUR,0.2,224.0,179.2
TXN-DE-1-000107,2026-08-25 00:18:16,2026-08-25 00:21:16,DE,SaaS Platform,D,MED-001,Medora Cardio 10mg,Prescription,Medora,E-commerce,12,43.0,EUR,0.1,516.0,464.4
TXN-DE-1-000108,2026-08-25 23:20:26,2026-08-25 23:21:26,DE,SaaS Platform,D,DER-001,Dermacare GlowSerum,Aesthetic,Dermacare,D2C,1,32.0,EUR,0.1,32.0,28.8
TXN-DE-1-000109,2026-08-25 19:50:36,2026-08-25 19:55:36,DE,SaaS Platform,D,MED-002,Medora Derm Cream,Prescription,Medora,Pharmacy/B2B,4,26.0,EUR,0.1,104.0,93.6
TXN-DE-1-000110,2026-08-25 01:35:41,2026-08-25 01:40:41,DE,SaaS Platform,D,MED-002,Medora Derm Cream,Prescription,Medora,E-commerce,1,26.0,EUR,0.2,26.0,20.8
TXN-DE-1-000111,2026-08-25 08:38:17,2026-08-25 08:44:17,DE,SaaS Platform,D,MED-001,Medora Cardio 10mg,Prescription,Medora,E-commerce,6,43.0,EUR,0.0,258.0,258.0
TXN-DE-1-000112,2026-08-25 00:50:54,2026-08-25 00:55:54,DE,SaaS Platform,D,SAN-001,SanaPlus PainRelief,OTC,SanaPlus,D2C,3,9.5,EUR,0.15,28.5,24.22
TXN-DE-1-000113,2026-08-25 07:16:58,2026-08-25 07:20:58,DE,SaaS Platform,D,SAN-002,SanaPlus ColdFlu,OTC,SanaPlus,Wholesale,12,10.5,EUR,0.1,126.0,113.4
TXN-DE-1-000114,2026-08-25 13:20:59,2026-08-25 13:22:59,DE,SaaS Platform,D,MED-002,Medora Derm Cream,Prescription,Medora,E-commerce,7,26.0,EUR,0.0,182.0,182.0
TXN-DE-1-000115,2026-08-25 01:48:13,2026-08-25 01:53:13,DE,SaaS Platform,D,PUR-001,PureLife GlucoMonitor,Medical Device,PureLife,Wholesale,1,85.0,EUR,0.0,85.0,85.0
TXN-DE-1-000116,2026-08-25 16:52:27,2026-08-25 16:55:27,DE,SaaS Platform,D,DER-002,Dermacare LiftCream,Aesthetic,Dermacare,D2C,11,37.0,EUR,0.0,407.0,407.0
TXN-DE-1-000117,2026-08-25 09:23:08,2026-08-25 09:26:08,DE,SaaS Platform,D,PUR-002,PureLife BP Monitor,Medical Device,PureLife,E-commerce,1,90.0,EUR,0.0,90.0,90.0
TXN-DE-1-000118,2026-08-25 10:24:24,2026-08-25 10:30:24,DE,SaaS Platform,D,PUR-001,PureLife GlucoMonitor,Medical Device,PureLife,D2C,12,85.0,EUR,0.0,1020.0,1020.0
TXN-DE-1-000119,2026-08-25 11:59:32,2026-08-25 12:01:32,DE,SaaS Platform,D,PUR-001,PureLife GlucoMonitor,Medical Device,PureLife,Pharmacy/B2B,2,85.0,EUR,0.1,170.0,153.0
TXN-DE-1-000120,2026-08-25 00:35:35,2026-08-25 00:41:35,DE,SaaS Platform,D,PUR-001,PureLife GlucoMonitor,Medical Device,PureLife,Pharmacy/B2B,12,85.0,EUR,0.1,1020.0,918.0
TXN-DE-1-000121,2026-08-25 21:40:19,2026-08-25 21:44:19,DE,SaaS Platform,D,SAN-002,SanaPlus ColdFlu,OTC,SanaPlus,D2C,9,10.5,EUR,0.0,94.5,94.5
TXN-DE-1-000122,2026-08-25 10:19:04,2026-08-25 10:22:04,DE,SaaS Platform,D,SAN-002,SanaPlus ColdFlu,OTC,SanaPlus,Wholesale,7,10.5,EUR,0.0,73.5,73.5
TXN-DE-1-000123,2026-08-25 06:06:43,2026-08-25 06:11:43,DE,SaaS Platform,D,SAN-002,SanaPlus ColdFlu,OTC,SanaPlus,E-commerce,2,10.5,EUR,0.05,21.0,19.95
TXN-DE-1-000124,2026-08-25 22:26:49,2026-08-25 22:30:49,DE,SaaS Platform,D,MED-001,Medora Cardio 10mg,Prescription,Medora,D2C,12,43.0,EUR,0.05,516.0,490.2
TXN-DE-1-000125,2026-08-25 13:49:52,2026-08-25 13:50:52,DE,SaaS Platform,D,VIT-002,Vitalis Multivit,Supplement,Vitalis,Wholesale,2,17.0,EUR,0.2,34.0,27.2
TXN-DE-1-000126,2026-08-25 15:17:30,2026-08-25 15:19:30,DE,SaaS Platform,D,SAN-001,SanaPlus PainRelief,OTC,SanaPlus,Wholesale,1,9.5,EUR,0.05,9.5,9.03
TXN-DE-1-000127,2026-08-25 00:22:54,2026-08-25 00:25:54,DE,SaaS Platform,D,DER-002,Dermacare LiftCream,Aesthetic,Dermacare,E-commerce,7,37.0,EUR,0.05,259.0,246.05
TXN-DE-1-000128,2026-08-25 00:35:01,2026-08-25 00:37:01,DE,SaaS Platform,D,VIT-002,Vitalis Multivit,Supplement,Vitalis,D2C,2,17.0,EUR,0.0,34.0,34.0
TXN-DE-1-000129,2026-08-25 18:20:56,2026-08-25 18:23:56,DE,SaaS Platform,D,MED-001,Medora Cardio 10mg,Prescription,Medora,Pharmacy/B2B,6,43.0,EUR,0.0,258.0,258.0
TXN-DE-1-000130,2026-08-25 00:09:32,2026-08-25 00:10:32,DE,SaaS Platform,D,DER-002,Dermacare LiftCream,Aesthetic,Dermacare,E-commerce,11,37.0,EUR,0.15,407.0,345.95
TXN-DE-1-000131,2026-08-25 23:06:45,2026-08-25 23:07:45,DE,SaaS Platform,D,DER-001,Dermacare GlowSerum,Aesthetic,Dermacare,Wholesale,2,32.0,EUR,0.0,64.0,64.0
TXN-DE-1-000132,2026-08-25 15:24:35,2026-08-25 15:25:35,DE,SaaS Platform,D,SAN-002,SanaPlus ColdFlu,OTC,SanaPlus,Wholesale,10,10.5,EUR,0.0,105.0,105.0
TXN-DE-1-000133,2026-08-25 13:35:44,2026-08-25 13:37:44,DE,SaaS Platform,D,VIT-001,Vitalis C1000,Supplement,Vitalis,D2C,5,21.0,EUR,0.0,105.0,105.0
TXN-DE-1-000134,2026-08-25 07:36:58,2026-08-25 07:38:58,DE,SaaS Platform,D,PUR-002,PureLife BP Monitor,Medical Device,PureLife,D2C,5,90.0,EUR,0.05,450.0,427.5
TXN-DE-1-000135,2026-08-25 20:38:59,2026-08-25 20:41:59,DE,SaaS Platform,D,MED-001,Medora Cardio 10mg,Prescription,Medora,Wholesale,5,43.0,EUR,0.15,215.0,182.75
TXN-DE-1-000136,2026-08-25 13:18:09,2026-08-25 13:20:09,DE,SaaS Platform,D,MED-002,Medora Derm Cream,Prescription,Medora,D2C,12,26.0,EUR,0.05,312.0,296.4
TXN-DE-1-000137,2026-08-25 21:14:43,2026-08-25 21:15:43,DE,SaaS Platform,D,SAN-002,SanaPlus ColdFlu,OTC,SanaPlus,Wholesale,2,10.5,EUR,0.1,21.0,18.9
TXN-DE-1-000138,2026-08-25 02:54:39,2026-08-25 03:00:39,DE,SaaS Platform,D,PUR-001,PureLife GlucoMonitor,Medical Device,PureLife,Wholesale,7,85.0,EUR,0.15,595.0,505.75
TXN-DE-1-000139,2026-08-25 10:56:06,2026-08-25 11:02:06,DE,SaaS Platform,D,DER-001,Dermacare GlowSerum,Aesthetic,Dermacare,E-commerce,7,32.0,EUR,0.0,224.0,224.0
TXN-DE-1-000140,2026-08-25 14:08:20,2026-08-25 14:09:20,DE,SaaS Platform,D,PUR-001,PureLife GlucoMonitor,Medical Device,PureLife,E-commerce,4,85.0,EUR,0.0,340.0,340.0
TXN-DE-1-000141,2026-08-25 22:06:36,2026-08-25 22:10:36,DE,SaaS Platform,D,SAN-001,SanaPlus PainRelief,OTC,SanaPlus,Wholesale,7,9.5,EUR,0.1,66.5,59.85
TXN-DE-1-000142,2026-08-25 00:15:06,2026-08-25 00:18:06,DE,SaaS Platform,D,DER-002,Dermacare LiftCream,Aesthetic,Dermacare,Pharmacy/B2B,3,37.0,EUR,0.0,111.0,111.0
TXN-DE-1-000143,2026-08-25 17:24:47,2026-08-25 17:28:47,DE,SaaS Platform,D,MED-002,Medora Derm Cream,Prescription,Medora,D2C,4,26.0,EUR,0.2,104.0,83.2
TXN-DE-1-000144,2026-08-25 00:13:03,2026-08-25 00:19:03,DE,SaaS Platform,D,MED-002,Medora Derm Cream,Prescription,Medora,E-commerce,3,26.0,EUR,0.0,78.0,78.0
TXN-DE-1-000145,2026-08-25 21:58:18,2026-08-25 22:01:18,DE,SaaS Platform,D,DER-001,Dermacare GlowSerum,Aesthetic,Dermacare,Wholesale,4,32.0,EUR,0.0,128.0,128.0
TXN-DE-1-000146,2026-08-25 06:54:18,2026-08-25 06:56:18,DE,SaaS Platform,D,PUR-002,PureLife BP Monitor,Medical Device,PureLife,Wholesale,4,90.0,EUR,0.2,360.0,288.0
TXN-DE-1-000147,2026-08-25 04:51:06,2026-08-25 04:53:06,DE,SaaS Platform,D,PUR-002,PureLife BP Monitor,Medical Device,PureLife,Wholesale,5,90.0,EUR,0.0,450.0,450.0
TXN-DE-1-000148,2026-08-25 01:27:12,2026-08-25 01:29:12,DE,SaaS Platform,D,PUR-001,PureLife GlucoMonitor,Medical Device,PureLife,E-commerce,6,85.0,EUR,0.0,510.0,510.0
TXN-DE-1-000149,2026-08-25 05:57:58,2026-08-25 06:01:58,DE,SaaS Platform,D,DER-002,Dermacare LiftCream,Aesthetic,Dermacare,Wholesale,10,37.0,EUR,0.2,370.0,296.0
TXN-DE-1-000150,2026-08-25 21:37:02,2026-08-25 21:43:02,DE,SaaS Platform,D,VIT-001,Vitalis C1000,Supplement,Vitalis,D2C,3,21.0,EUR,0.05,63.0,59.85
TXN-DE-1-000151,2026-08-25 17:14:09,2026-08-25 17:16:09,DE,SaaS Platform,D,PUR-002,PureLife BP Monitor,Medical Device,PureLife,E-commerce,4,90.0,EUR,0.15,360.0,306.0
TXN-DE-1-000152,2026-08-25 19:28:32,2026-08-25 19:31:32,DE,SaaS Platform,D,VIT-001,Vitalis C1000,Supplement,Vitalis,Pharmacy/B2B,3,21.0,EUR,0.0,63.0,63.0
TXN-DE-1-000153,2026-08-25 06:38:22,2026-08-25 06:39:22,DE,SaaS Platform,D,PUR-002,PureLife BP Monitor,Medical Device,PureLife,Pharmacy/B2B,5,90.0,EUR,0.15,450.0,382.5
TXN-DE-1-000154,2026-08-25 00:00:17,2026-08-25 00:01:17,DE,SaaS Platform,D,DER-001,Dermacare GlowSerum,Aesthetic,Dermacare,E-commerce,4,32.0,EUR,0.2,128.0,102.4
TXN-DE-1-000155,2026-08-25 06:22:42,2026-08-25 06:27:42,DE,SaaS Platform,D,SAN-001,SanaPlus PainRelief,OTC,SanaPlus,D2C,3,9.5,EUR,0.0,28.5,28.5
TXN-DE-1-000156,2026-08-25 10:48:38,2026-08-25 10:52:38,DE,SaaS Platform,D,MED-002,Medora Derm Cream,Prescription,Medora,E-commerce,10,26.0,EUR,0.0,260.0,260.0
TXN-DE-1-000157,2026-08-25 17:35:43,2026-08-25 17:38:43,DE,SaaS Platform,D,SAN-002,SanaPlus ColdFlu,OTC,SanaPlus,Pharmacy/B2B,6,10.5,EUR,0.2,63.0,50.4
TXN-DE-1-000158,2026-08-25 09:47:02,2026-08-25 09:53:02,DE,SaaS Platform,D,SAN-002,SanaPlus ColdFlu,OTC,SanaPlus,E-commerce,7,10.5,EUR,0.0,73.5,73.5
TXN-DE-1-000159,2026-08-25 16:06:47,2026-08-25 16:09:47,DE,SaaS Platform,D,DER-001,Dermacare GlowSerum,Aesthetic,Dermacare,Pharmacy/B2B,4,32.0,EUR,0.1,128.0,115.2
TXN-DE-1-000160,2026-08-25 08:03:04,2026-08-25 08:04:04,DE,SaaS Platform,D,MED-001,Medora Cardio 10mg,Prescription,Medora,Pharmacy/B2B,12,43.0,EUR,0.2,516.0,412.8
TXN-DE-1-000161,2026-08-25 14:19:16,2026-08-25 14:22:16,DE,SaaS Platform,D,VIT-002,Vitalis Multivit,Supplement,Vitalis,E-commerce,11,17.0,EUR,0.0,187.0,187.0
TXN-DE-1-000162,2026-08-25 06:42:37,2026-08-25 06:46:37,DE,SaaS Platform,D,VIT-001,Vitalis C1000,Supplement,Vitalis,E-commerce,8,21.0,EUR,0.05,168.0,159.6
TXN-DE-1-000163,2026-08-25 17:01:08,2026-08-25 17:05:08,DE,SaaS Platform,D,VIT-002,Vitalis Multivit,Supplement,Vitalis,E-commerce,2,17.0,EUR,0.05,34.0,32.3
TXN-DE-1-000164,2026-08-25 18:25:52,2026-08-25 18:31:52,DE,SaaS Platform,D,MED-001,Medora Cardio 10mg,Prescription,Medora,Wholesale,7,43.0,EUR,0.0,301.0,301.0
TXN-DE-1-000165,2026-08-25 17:24:31,2026-08-25 17:25:31,DE,SaaS Platform,D,DER-002,Dermacare LiftCream,Aesthetic,Dermacare,Pharmacy/B2B,4,37.0,EUR,0.1,148.0,133.2
TXN-DE-1-000166,2026-08-25 13:09:43,2026-08-25 13:10:43,DE,SaaS Platform,D,VIT-002,Vitalis Multivit,Supplement,Vitalis,Wholesale,1,17.0,EUR,0.0,17.0,17.0
TXN-DE-1-000167,2026-08-25 22:22:05,2026-08-25 22:25:05,DE,SaaS Platform,D,VIT-001,Vitalis C1000,Supplement,Vitalis,D2C,3,21.0,EUR,0.15,63.0,53.55
TXN-DE-1-000168,2026-08-25 10:28:24,2026-08-25 10:29:24,DE,SaaS Platform,D,MED-001,Medora Cardio 10mg,Prescription,Medora,Wholesale,12,43.0,EUR,0.0,516.0,516.0
TXN-DE-1-000169,2026-08-25 01:57:11,2026-08-25 01:59:11,DE,SaaS Platform,D,DER-002,Dermacare LiftCream,Aesthetic,Dermacare,D2C,1,37.0,EUR,0.15,37.0,31.45
TXN-DE-1-000170,2026-08-25 23:35:35,2026-08-25 23:39:35,DE,SaaS Platform,D,DER-002,Dermacare LiftCream,Aesthetic,Dermacare,D2C,9,37.0,EUR,0.0,333.0,333.0
TXN-DE-1-000171,2026-08-25 15:35:02,2026-08-25 15:39:02,DE,SaaS Platform,D,DER-001,Dermacare GlowSerum,Aesthetic,Dermacare,E-commerce,6,32.0,EUR,0.1,192.0,172.8
TXN-DE-1-000172,2026-08-25 00:05:17,2026-08-25 00:09:17,DE,SaaS Platform,D,VIT-001,Vitalis C1000,Supplement,Vitalis,Pharmacy/B2B,1,21.0,EUR,0.0,21.0,21.0
TXN-DE-1-000173,2026-08-25 14:44:22,2026-08-25 14:46:22,DE,SaaS Platform,D,PUR-001,PureLife GlucoMonitor,Medical Device,PureLife,D2C,11,85.0,EUR,0.2,935.0,748.0
TXN-DE-1-000174,2026-08-25 14:41:32,2026-08-25 14:44:32,DE,SaaS Platform,D,DER-001,Dermacare GlowSerum,Aesthetic,Dermacare,Pharmacy/B2B,5,32.0,EUR,0.1,160.0,144.0
TXN-DE-1-000175,2026-08-25 16:18:16,2026-08-25 16:21:16,DE,SaaS Platform,D,SAN-002,SanaPlus ColdFlu,OTC,SanaPlus,Wholesale,11,10.5,EUR,0.1,115.5,103.95
TXN-DE-1-000176,2026-08-25 07:36:16,2026-08-25 07:37:16,DE,SaaS Platform,D,PUR-001,PureLife GlucoMonitor,Medical Device,PureLife,E-commerce,10,85.0,EUR,0.15,850.0,722.5
TXN-DE-1-000177,2026-08-25 20:46:47,2026-08-25 20:52:47,DE,SaaS Platform,D,DER-002,Dermacare LiftCream,Aesthetic,Dermacare,D2C,10,37.0,EUR,0.2,370.0,296.0
TXN-DE-1-000178,2026-08-25 02:49:03,2026-08-25 02:52:03,DE,SaaS Platform,D,PUR-002,PureLife BP Monitor,Medical Device,PureLife,Wholesale,1,90.0,EUR,0.1,90.0,81.0
TXN-DE-1-000179,2026-08-25 22:34:53,2026-08-25 22:37:53,DE,SaaS Platform,D,SAN-002,SanaPlus ColdFlu,OTC,SanaPlus,Pharmacy/B2B,5,10.5,EUR,0.1,52.5,47.25
TXN-DE-1-000180,2026-08-25 07:33:22,2026-08-25 07:35:22,DE,SaaS Platform,D,DER-001,Dermacare GlowSerum,Aesthetic,Dermacare,Wholesale,5,32.0,EUR,0.0,160.0,160.0
TXN-DE-1-000181,2026-08-25 04:38:39,2026-08-25 04:40:39,DE,SaaS Platform,D,VIT-002,Vitalis Multivit,Supplement,Vitalis,D2C,7,17.0,EUR,0.0,119.0,119.0
TXN-DE-1-000182,2026-08-25 04:45:39,2026-08-25 04:46:39,DE,SaaS Platform,D,VIT-001,Vitalis C1000,Supplement,Vitalis,Pharmacy/B2B,11,21.0,EUR,0.2,231.0,184.8
TXN-DE-1-000183,2026-08-25 03:47:54,2026-08-25 03:50:54,DE,SaaS Platform,D,PUR-002,PureLife BP Monitor,Medical Device,PureLife,D2C,9,90.0,EUR,0.0,810.0,810.0
TXN-DE-1-000184,2026-08-25 08:18:01,2026-08-25 08:21:01,DE,SaaS Platform,D,MED-001,Medora Cardio 10mg,Prescription,Medora,Pharmacy/B2B,12,43.0,EUR,0.0,516.0,516.0
TXN-DE-1-000185,2026-08-25 06:38:34,2026-08-25 06:44:34,DE,SaaS Platform,D,DER-002,Dermacare LiftCream,Aesthetic,Dermacare,Wholesale,12,37.0,EUR,0.15,444.0,377.4
TXN-DE-1-000186,2026-08-25 05:56:50,2026-08-25 05:58:50,DE,SaaS Platform,D,VIT-002,Vitalis Multivit,Supplement,Vitalis,D2C,8,17.0,EUR,0.0,136.0,136.0
TXN-DE-1-000187,2026-08-25 06:17:06,2026-08-25 06:23:06,DE,SaaS Platform,D,VIT-001,Vitalis C1000,Supplement,Vitalis,D2C,7,21.0,EUR,0.15,147.0,124.95
TXN-DE-1-000188,2026-08-25 16:47:16,2026-08-25 16:53:16,DE,SaaS Platform,D,PUR-001,PureLife GlucoMonitor,Medical Device,PureLife,Wholesale,2,85.0,EUR,0.2,170.0,136.0
TXN-DE-1-000189,2026-08-25 18:41:31,2026-08-25 18:46:31,DE,SaaS Platform,D,PUR-001,PureLife GlucoMonitor,Medical Device,PureLife,E-commerce,3,85.0,EUR,0.0,255.0,255.0
TXN-DE-1-000190,2026-08-25 16:23:35,2026-08-25 16:28:35,DE,SaaS Platform,D,PUR-001,PureLife GlucoMonitor,Medical Device,PureLife,Wholesale,1,85.0,EUR,0.0,85.0,85.0
TXN-DE-1-000191,2026-08-25 23:55:48,2026-08-26 00:00:48,DE,SaaS Platform,D,SAN-001,SanaPlus PainRelief,OTC,SanaPlus,Pharmacy/B2B,7,9.5,EUR,0.1,66.5,59.85
TXN-DE-1-000192,2026-08-25 01:48:04,2026-08-25 01:52:04,DE,SaaS Platform,D,MED-002,Medora Derm Cream,Prescription,Medora,E-commerce,12,26.0,EUR,0.15,312.0,265.2
TXN-DE-1-000193,2026-08-25 09:17:58,2026-08-25 09:22:58,DE,SaaS Platform,D,SAN-002,SanaPlus ColdFlu,OTC,SanaPlus,Wholesale,5,10.5,EUR,0.05,52.5,49.88
TXN-DE-1-000194,2026-08-25 20:56:00,2026-08-25 21:01:00,DE,SaaS Platform,D,PUR-001,PureLife GlucoMonitor,Medical Device,PureLife,D2C,7,85.0,EUR,0.0,595.0,595.0
TXN-DE-1-000195,2026-08-25 11:49:01,2026-08-25 11:54:01,DE,SaaS Platform,D,DER-001,Dermacare GlowSerum,Aesthetic,Dermacare,Wholesale,10,32.0,EUR,0.0,320.0,320.0
TXN-DE-1-000196,2026-08-25 20:39:26,2026-08-25 20:43:26,DE,SaaS Platform,D,VIT-002,Vitalis Multivit,Supplement,Vitalis,E-commerce,1,17.0,EUR,0.2,17.0,13.6
TXN-DE-1-000197,2026-08-25 22:36:22,2026-08-25 22:40:22,DE,SaaS Platform,D,VIT-001,Vitalis C1000,Supplement,Vitalis,E-commerce,7,21.0,EUR,0.2,147.0,117.6
TXN-DE-1-000198,2026-08-25 04:20:40,2026-08-25 04:21:40,DE,SaaS Platform,D,PUR-001,PureLife GlucoMonitor,Medical Device,PureLife,Pharmacy/B2B,10,85.0,EUR,0.0,850.0,850.0
TXN-DE-1-000199,2026-08-25 15:11:20,2026-08-25 15:12:20,DE,SaaS Platform,D,DER-001,Dermacare GlowSerum,Aesthetic,Dermacare,Wholesale,3,32.0,EUR,0.0,96.0,96.0
TXN-DE-1-000200,2026-08-25 03:36:10,2026-08-25 03:40:10,DE,SaaS Platform,D,SAN-002,SanaPlus ColdFlu,OTC,SanaPlus,D2C,6,10.5,EUR,0.15,63.0,53.55
TXN-DE-1-000201,2026-08-25 16:22:12,2026-08-25 16:28:12,DE,SaaS Platform,D,PUR-001,PureLife GlucoMonitor,Medical Device,PureLife,Wholesale,5,85.0,EUR,0.0,425.0,425.0
TXN-DE-1-000202,2026-08-25 18:10:39,2026-08-25 18:16:39,DE,SaaS Platform,D,PUR-001,PureLife GlucoMonitor,Medical Device,PureLife,Wholesale,6,85.0,EUR,0.0,510.0,510.0
TXN-DE-1-000203,2026-08-25 13:03:05,2026-08-25 13:07:05,DE,SaaS Platform,D,SAN-002,SanaPlus ColdFlu,OTC,SanaPlus,Pharmacy/B2B,3,10.5,EUR,0.0,31.5,31.5
TXN-DE-1-000204,2026-08-25 17:07:17,2026-08-25 17:11:17,DE,SaaS Platform,D,SAN-001,SanaPlus PainRelief,OTC,SanaPlus,Pharmacy/B2B,1,9.5,EUR,0.0,9.5,9.5
TXN-DE-1-000205,2026-08-25 14:04:08,2026-08-25 14:09:08,DE,SaaS Platform,D,DER-002,Dermacare LiftCream,Aesthetic,Dermacare,D2C,9,37.0,EUR,0.2,333.0,266.4
TXN-DE-1-000206,2026-08-25 15:06:25,2026-08-25 15:11:25,DE,SaaS Platform,D,VIT-001,Vitalis C1000,Supplement,Vitalis,D2C,11,21.0,EUR,0.0,231.0,231.0
TXN-DE-1-000207,2026-08-25 13:00:46,2026-08-25 13:01:46,DE,SaaS Platform,D,DER-001,Dermacare GlowSerum,Aesthetic,Dermacare,Wholesale,6,32.0,EUR,0.0,192.0,192.0
TXN-DE-1-000208,2026-08-25 11:50:10,2026-08-25 11:51:10,DE,SaaS Platform,D,VIT-001,Vitalis C1000,Supplement,Vitalis,E-commerce,5,21.0,EUR,0.2,105.0,84.0
TXN-DE-1-000209,2026-08-25 11:00:54,2026-08-25 11:03:54,DE,SaaS Platform,D,MED-002,Medora Derm Cream,Prescription,Medora,Wholesale,5,26.0,EUR,0.0,130.0,130.0
TXN-DE-1-000210,2026-08-25 05:13:57,2026-08-25 05:15:57,DE,SaaS Platform,D,VIT-002,Vitalis Multivit,Supplement,Vitalis,Wholesale,9,17.0,EUR,0.05,153.0,145.35
TXN-DE-1-000211,2026-08-25 00:37:06,2026-08-25 00:42:06,DE,SaaS Platform,D,VIT-002,Vitalis Multivit,Supplement,Vitalis,D2C,8,17.0,EUR,0.2,136.0,108.8
TXN-DE-1-000212,2026-08-25 01:31:31,2026-08-25 01:37:31,DE,SaaS Platform,D,MED-002,Medora Derm Cream,Prescription,Medora,Wholesale,1,26.0,EUR,0.0,26.0,26.0
TXN-DE-1-000213,2026-08-25 14:51:44,2026-08-25 14:53:44,DE,SaaS Platform,D,MED-001,Medora Cardio 10mg,Prescription,Medora,D2C,5,43.0,EUR,0.0,215.0,215.0
TXN-DE-1-000214,2026-08-25 07:43:28,2026-08-25 07:48:28,DE,SaaS Platform,D,DER-001,Dermacare GlowSerum,Aesthetic,Dermacare,Pharmacy/B2B,3,32.0,EUR,0.0,96.0,96.0
TXN-DE-1-000215,2026-08-25 12:06:58,2026-08-25 12:12:58,DE,SaaS Platform,D,MED-001,Medora Cardio 10mg,Prescription,Medora,E-commerce,1,43.0,EUR,0.1,43.0,38.7
TXN-DE-1-000216,2026-08-25 10:07:15,2026-08-25 10:13:15,DE,SaaS Platform,D,MED-002,Medora Derm Cream,Prescription,Medora,E-commerce,5,26.0,EUR,0.15,130.0,110.5
TXN-DE-1-000217,2026-08-25 21:03:30,2026-08-25 21:04:30,DE,SaaS Platform,D,PUR-002,PureLife BP Monitor,Medical Device,PureLife,Wholesale,11,90.0,EUR,0.0,990.0,990.0
TXN-DE-1-000218,2026-08-25 22:06:53,2026-08-25 22:10:53,DE,SaaS Platform,D,PUR-002,PureLife BP Monitor,Medical Device,PureLife,Wholesale,10,90.0,EUR,0.05,900.0,855.0
TXN-DE-1-000219,2026-08-25 04:54:45,2026-08-25 04:57:45,DE,SaaS Platform,D,SAN-002,SanaPlus ColdFlu,OTC,SanaPlus,E-commerce,9,10.5,EUR,0.0,94.5,94.5
TXN-DE-1-000220,2026-08-25 03:59:14,2026-08-25 04:01:14,DE,SaaS Platform,D,SAN-002,SanaPlus ColdFlu,OTC,SanaPlus,Wholesale,10,10.5,EUR,0.0,105.0,105.0
TXN-DE-1-000221,2026-08-25 19:10:26,2026-08-25 19:11:26,DE,SaaS Platform,D,SAN-001,SanaPlus PainRelief,OTC,SanaPlus,D2C,1,9.5,EUR,0.05,9.5,9.03
TXN-DE-1-000222,2026-08-25 07:27:03,2026-08-25 07:30:03,DE,SaaS Platform,D,DER-001,Dermacare GlowSerum,Aesthetic,Dermacare,Wholesale,5,32.0,EUR,0.1,160.0,144.0
TXN-DE-1-000223,2026-08-25 00:30:56,2026-08-25 00:35:56,DE,SaaS Platform,D,SAN-002,SanaPlus ColdFlu,OTC,SanaPlus,Wholesale,11,10.5,EUR,0.15,115.5,98.17
TXN-DE-1-000224,2026-08-25 08:06:39,2026-08-25 08:11:39,DE,SaaS Platform,D,SAN-001,SanaPlus PainRelief,OTC,SanaPlus,Pharmacy/B2B,6,9.5,EUR,0.1,57.0,51.3
TXN-DE-1-000225,2026-08-25 22:51:44,2026-08-25 22:56:44,DE,SaaS Platform,D,MED-001,Medora Cardio 10mg,Prescription,Medora,E-commerce,11,43.0,EUR,0.05,473.0,449.35
TXN-DE-1-000226,2026-08-25 00:02:22,2026-08-25 00:04:22,DE,SaaS Platform,D,PUR-002,PureLife BP Monitor,Medical Device,PureLife,D2C,5,90.0,EUR,0.0,450.0,450.0
TXN-DE-1-000227,2026-08-25 23:41:25,2026-08-25 23:42:25,DE,SaaS Platform,D,VIT-002,Vitalis Multivit,Supplement,Vitalis,Pharmacy/B2B,6,17.0,EUR,0.1,102.0,91.8
TXN-DE-1-000228,2026-08-25 21:51:44,2026-08-25 21:53:44,DE,SaaS Platform,D,SAN-002,SanaPlus ColdFlu,OTC,SanaPlus,D2C,10,10.5,EUR,0.2,105.0,84.0
TXN-DE-1-000229,2026-08-25 00:38:21,2026-08-25 00:42:21,DE,SaaS Platform,D,VIT-002,Vitalis Multivit,Supplement,Vitalis,D2C,3,17.0,EUR,0.0,51.0,51.0
TXN-DE-1-000230,2026-08-25 08:16:40,2026-08-25 08:17:40,DE,SaaS Platform,D,PUR-002,PureLife BP Monitor,Medical Device,PureLife,Wholesale,11,90.0,EUR,0.05,990.0,940.5
TXN-DE-1-000231,2026-08-25 17:09:16,2026-08-25 17:12:16,DE,SaaS Platform,D,PUR-001,PureLife GlucoMonitor,Medical Device,PureLife,Wholesale,8,85.0,EUR,0.0,680.0,680.0
TXN-DE-1-000232,2026-08-25 22:11:49,2026-08-25 22:14:49,DE,SaaS Platform,D,MED-002,Medora Derm Cream,Prescription,Medora,D2C,2,26.0,EUR,0.1,52.0,46.8
TXN-DE-1-000233,2026-08-25 15:29:12,2026-08-25 15:35:12,DE,SaaS Platform,D,SAN-001,SanaPlus PainRelief,OTC,SanaPlus,E-commerce,4,9.5,EUR,0.0,38.0,38.0
TXN-DE-1-000234,2026-08-25 18:14:08,2026-08-25 18:19:08,DE,SaaS Platform,D,VIT-001,Vitalis C1000,Supplement,Vitalis,D2C,11,21.0,EUR,0.1,231.0,207.9
TXN-DE-1-000235,2026-08-25 14:26:01,2026-08-25 14:32:01,DE,SaaS Platform,D,PUR-001,PureLife GlucoMonitor,Medical Device,PureLife,D2C,2,85.0,EUR,0.1,170.0,153.0
TXN-DE-1-000236,2026-08-25 15:18:07,2026-08-25 15:20:07,DE,SaaS Platform,D,VIT-002,Vitalis Multivit,Supplement,Vitalis,E-commerce,3,17.0,EUR,0.05,51.0,48.45
TXN-DE-1-000237,2026-08-25 01:08:00,2026-08-25 01:14:00,DE,SaaS Platform,D,SAN-002,SanaPlus ColdFlu,OTC,SanaPlus,Wholesale,12,10.5,EUR,0.1,126.0,113.4
TXN-DE-1-000238,2026-08-25 10:11:33,2026-08-25 10:13:33,DE,SaaS Platform,D,DER-002,Dermacare LiftCream,Aesthetic,Dermacare,Wholesale,8,37.0,EUR,0.0,296.0,296.0
TXN-DE-1-000239,2026-08-25 18:47:59,2026-08-25 18:49:59,DE,SaaS Platform,D,MED-002,Medora Derm Cream,Prescription,Medora,Wholesale,4,26.0,EUR,0.15,104.0,88.4
TXN-DE-1-000240,2026-08-25 00:05:26,2026-08-25 00:09:26,DE,SaaS Platform,D,DER-001,Dermacare GlowSerum,Aesthetic,Dermacare,E-commerce,10,32.0,EUR,0.0,320.0,320.0
TXN-DE-1-000241,2026-08-25 23:55:40,2026-08-26 00:01:40,DE,SaaS Platform,D,MED-002,Medora Derm Cream,Prescription,Medora,D2C,2,26.0,EUR,0.2,52.0,41.6
TXN-DE-1-000242,2026-08-25 19:16:59,2026-08-25 19:17:59,DE,SaaS Platform,D,DER-002,Dermacare LiftCream,Aesthetic,Dermacare,E-commerce,5,37.0,EUR,0.2,185.0,148.0
TXN-DE-1-000243,2026-08-25 05:20:25,2026-08-25 05:24:25,DE,SaaS Platform,D,SAN-002,SanaPlus ColdFlu,OTC,SanaPlus,D2C,10,10.5,EUR,0.0,105.0,105.0
TXN-DE-1-000244,2026-08-25 15:05:05,2026-08-25 15:10:05,DE,SaaS Platform,D,PUR-001,PureLife GlucoMonitor,Medical Device,PureLife,Pharmacy/B2B,7,85.0,EUR,0.0,595.0,595.0
TXN-DE-1-000245,2026-08-25 08:34:36,2026-08-25 08:36:36,DE,SaaS Platform,D,DER-002,Dermacare LiftCream,Aesthetic,Dermacare,E-commerce,4,37.0,EUR,0.15,148.0,125.8
TXN-DE-1-000246,2026-08-25 17:14:56,2026-08-25 17:15:56,DE,SaaS Platform,D,DER-002,Dermacare LiftCream,Aesthetic,Dermacare,Pharmacy/B2B,3,37.0,EUR,0.0,111.0,111.0
TXN-DE-1-000247,2026-08-25 08:18:04,2026-08-25 08:22:04,DE,SaaS Platform,D,PUR-002,PureLife BP Monitor,Medical Device,PureLife,Pharmacy/B2B,1,90.0,EUR,0.15,90.0,76.5
TXN-DE-1-000248,2026-08-25 15:35:52,2026-08-25 15:38:52,DE,SaaS Platform,D,SAN-001,SanaPlus PainRelief,OTC,SanaPlus,Wholesale,1,9.5,EUR,0.15,9.5,8.07
TXN-DE-1-000249,2026-08-25 20:06:16,2026-08-25 20:09:16,DE,SaaS Platform,D,DER-002,Dermacare LiftCream,Aesthetic,Dermacare,Wholesale,10,37.0,EUR,0.0,370.0,370.0
TXN-DE-1-000250,2026-08-25 09:26:51,2026-08-25 09:27:51,DE,SaaS Platform,D,DER-002,Dermacare LiftCream,Aesthetic,Dermacare,Wholesale,8,37.0,EUR,0.0,296.0,296.0
TXN-DE-1-000251,2026-08-25 11:25:40,2026-08-25 11:27:40,DE,SaaS Platform,D,PUR-002,PureLife BP Monitor,Medical Device,PureLife,Pharmacy/B2B,9,90.0,EUR,0.1,810.0,729.0
TXN-DE-1-000252,2026-08-25 22:43:50,2026-08-25 22:49:50,DE,SaaS Platform,D,MED-001,Medora Cardio 10mg,Prescription,Medora,Wholesale,12,43.0,EUR,0.0,516.0,516.0
TXN-DE-1-000253,2026-08-25 16:50:56,2026-08-25 16:55:56,DE,SaaS Platform,D,MED-002,Medora Derm Cream,Prescription,Medora,D2C,10,26.0,EUR,0.0,260.0,260.0
TXN-DE-1-000254,2026-08-25 11:39:56,2026-08-25 11:43:56,DE,SaaS Platform,D,PUR-002,PureLife BP Monitor,Medical Device,PureLife,Pharmacy/B2B,9,90.0,EUR,0.1,810.0,729.0
TXN-DE-1-000255,2026-08-25 11:00:49,2026-08-25 11:03:49,DE,SaaS Platform,D,PUR-001,PureLife GlucoMonitor,Medical Device,PureLife,Wholesale,3,85.0,EUR,0.05,255.0,242.25
TXN-DE-1-000256,2026-08-25 20:01:20,2026-08-25 20:03:20,DE,SaaS Platform,D,PUR-001,PureLife GlucoMonitor,Medical Device,PureLife,D2C,9,85.0,EUR,0.1,765.0,688.5
TXN-DE-1-000257,2026-08-25 16:08:23,2026-08-25 16:12:23,DE,SaaS Platform,D,VIT-002,Vitalis Multivit,Supplement,Vitalis,Pharmacy/B2B,3,17.0,EUR,0.0,51.0,51.0
TXN-DE-1-000258,2026-08-25 17:26:21,2026-08-25 17:30:21,DE,SaaS Platform,D,MED-002,Medora Derm Cream,Prescription,Medora,E-commerce,4,26.0,EUR,0.1,104.0,93.6
TXN-DE-1-000259,2026-08-25 14:31:57,2026-08-25 14:37:57,DE,SaaS Platform,D,MED-002,Medora Derm Cream,Prescription,Medora,E-commerce,2,26.0,EUR,0.15,52.0,44.2
TXN-DE-1-000260,2026-08-25 21:56:27,2026-08-25 21:57:27,DE,SaaS Platform,D,SAN-002,SanaPlus ColdFlu,OTC,SanaPlus,Pharmacy/B2B,9,10.5,EUR,0.2,94.5,75.6
TXN-DE-1-000261,2026-08-25 19:54:33,2026-08-25 19:55:33,DE,SaaS Platform,D,VIT-001,Vitalis C1000,Supplement,Vitalis,Wholesale,11,21.0,EUR,0.2,231.0,184.8
TXN-DE-1-000262,2026-08-25 03:34:43,2026-08-25 03:39:43,DE,SaaS Platform,D,VIT-001,Vitalis C1000,Supplement,Vitalis,Pharmacy/B2B,11,21.0,EUR,0.2,231.0,184.8
TXN-DE-1-000263,2026-08-25 17:47:02,2026-08-25 17:48:02,DE,SaaS Platform,D,DER-001,Dermacare GlowSerum,Aesthetic,Dermacare,Wholesale,12,32.0,EUR,0.2,384.0,307.2
TXN-DE-1-000264,2026-08-25 21:41:57,2026-08-25 21:42:57,DE,SaaS Platform,D,MED-002,Medora Derm Cream,Prescription,Medora,Pharmacy/B2B,8,26.0,EUR,0.1,208.0,187.2
TXN-DE-1-000265,2026-08-25 04:48:15,2026-08-25 04:50:15,DE,SaaS Platform,D,DER-002,Dermacare LiftCream,Aesthetic,Dermacare,E-commerce,10,37.0,EUR,0.1,370.0,333.0
TXN-DE-1-000266,2026-08-25 05:14:31,2026-08-25 05:18:31,DE,SaaS Platform,D,PUR-001,PureLife GlucoMonitor,Medical Device,PureLife,E-commerce,4,85.0,EUR,0.0,340.0,340.0
TXN-DE-1-000267,2026-08-25 18:37:07,2026-08-25 18:43:07,DE,SaaS Platform,D,DER-001,Dermacare GlowSerum,Aesthetic,Dermacare,D2C,10,32.0,EUR,0.05,320.0,304.0
TXN-DE-1-000268,2026-08-25 01:40:58,2026-08-25 01:42:58,DE,SaaS Platform,D,SAN-002,SanaPlus ColdFlu,OTC,SanaPlus,Pharmacy/B2B,7,10.5,EUR,0.05,73.5,69.83
TXN-DE-1-000269,2026-08-25 11:56:18,2026-08-25 12:00:18,DE,SaaS Platform,D,PUR-001,PureLife GlucoMonitor,Medical Device,PureLife,Wholesale,9,85.0,EUR,0.2,765.0,612.0
TXN-DE-1-000270,2026-08-25 08:12:08,2026-08-25 08:14:08,DE,SaaS Platform,D,SAN-002,SanaPlus ColdFlu,OTC,SanaPlus,D2C,12,10.5,EUR,0.05,126.0,119.7
TXN-DE-1-000271,2026-08-25 00:28:59,2026-08-25 00:32:59,DE,SaaS Platform,D,DER-002,Dermacare LiftCream,Aesthetic,Dermacare,E-commerce,12,37.0,EUR,0.0,444.0,444.0
TXN-DE-1-000272,2026-08-25 06:13:08,2026-08-25 06:19:08,DE,SaaS Platform,D,VIT-002,Vitalis Multivit,Supplement,Vitalis,Pharmacy/B2B,6,17.0,EUR,0.0,102.0,102.0
TXN-DE-1-000273,2026-08-25 12:23:19,2026-08-25 12:29:19,DE,SaaS Platform,D,MED-001,Medora Cardio 10mg,Prescription,Medora,D2C,8,43.0,EUR,0.15,344.0,292.4
TXN-DE-1-000274,2026-08-25 01:11:30,2026-08-25 01:14:30,DE,SaaS Platform,D,VIT-001,Vitalis C1000,Supplement,Vitalis,Pharmacy/B2B,9,21.0,EUR,0.05,189.0,179.55
TXN-DE-1-000275,2026-08-25 22:29:45,2026-08-25 22:34:45,DE,SaaS Platform,D,VIT-002,Vitalis Multivit,Supplement,Vitalis,D2C,12,17.0,EUR,0.2,204.0,163.2
TXN-DE-1-000276,2026-08-25 10:12:00,2026-08-25 10:15:00,DE,SaaS Platform,D,MED-001,Medora Cardio 10mg,Prescription,Medora,D2C,6,43.0,EUR,0.1,258.0,232.2
TXN-DE-1-000277,2026-08-25 19:33:57,2026-08-25 19:35:57,DE,SaaS Platform,D,MED-002,Medora Derm Cream,Prescription,Medora,Pharmacy/B2B,5,26.0,EUR,0.0,130.0,130.0
TXN-DE-1-000278,2026-08-25 11:14:04,2026-08-25 11:18:04,DE,SaaS Platform,D,MED-001,Medora Cardio 10mg,Prescription,Medora,Pharmacy/B2B,3,43.0,EUR,0.0,129.0,129.0
TXN-DE-1-000279,2026-08-25 23:35:57,2026-08-25 23:38:57,DE,SaaS Platform,D,MED-001,Medora Cardio 10mg,Prescription,Medora,E-commerce,7,43.0,EUR,0.1,301.0,270.9
TXN-DE-1-000280,2026-08-25 16:09:51,2026-08-25 16:10:51,DE,SaaS Platform,D,SAN-002,SanaPlus ColdFlu,OTC,SanaPlus,Wholesale,9,10.5,EUR,0.1,94.5,85.05
TXN-DE-1-000281,2026-08-25 02:43:04,2026-08-25 02:49:04,DE,SaaS Platform,D,MED-001,Medora Cardio 10mg,Prescription,Medora,Wholesale,8,43.0,EUR,0.1,344.0,309.6
TXN-DE-1-000282,2026-08-25 16:15:11,2026-08-25 16:20:11,DE,SaaS Platform,D,MED-001,Medora Cardio 10mg,Prescription,Medora,E-commerce,4,43.0,EUR,0.15,172.0,146.2
TXN-DE-1-000283,2026-08-25 11:00:56,2026-08-25 11:06:56,DE,SaaS Platform,D,SAN-001,SanaPlus PainRelief,OTC,SanaPlus,D2C,7,9.5,EUR,0.1,66.5,59.85
TXN-DE-1-000284,2026-08-25 10:37:42,2026-08-25 10:40:42,DE,SaaS Platform,D,DER-001,Dermacare GlowSerum,Aesthetic,Dermacare,Wholesale,10,32.0,EUR,0.2,320.0,256.0
TXN-DE-1-000285,2026-08-25 10:41:02,2026-08-25 10:42:02,DE,SaaS Platform,D,VIT-002,Vitalis Multivit,Supplement,Vitalis,Wholesale,12,17.0,EUR,0.2,204.0,163.2
TXN-DE-1-000286,2026-08-25 15:33:23,2026-08-25 15:36:23,DE,SaaS Platform,D,MED-001,Medora Cardio 10mg,Prescription,Medora,Pharmacy/B2B,7,43.0,EUR,0.0,301.0,301.0
TXN-DE-1-000287,2026-08-25 04:54:17,2026-08-25 04:59:17,DE,SaaS Platform,D,SAN-002,SanaPlus ColdFlu,OTC,SanaPlus,Wholesale,4,10.5,EUR,0.2,42.0,33.6
TXN-DE-1-000288,2026-08-25 18:09:13,2026-08-25 18:14:13,DE,SaaS Platform,D,VIT-002,Vitalis Multivit,Supplement,Vitalis,Pharmacy/B2B,6,17.0,EUR,0.1,102.0,91.8
TXN-DE-1-000289,2026-08-25 18:08:22,2026-08-25 18:11:22,DE,SaaS Platform,D,DER-002,Dermacare LiftCream,Aesthetic,Dermacare,E-commerce,10,37.0,EUR,0.15,370.0,314.5
TXN-DE-1-000290,2026-08-25 05:21:47,2026-08-25 05:27:47,DE,SaaS Platform,D,DER-002,Dermacare LiftCream,Aesthetic,Dermacare,E-commerce,2,37.0,EUR,0.1,74.0,66.6
TXN-DE-1-000291,2026-08-25 14:19:37,2026-08-25 14:24:37,DE,SaaS Platform,D,VIT-002,Vitalis Multivit,Supplement,Vitalis,Pharmacy/B2B,3,17.0,EUR,0.1,51.0,45.9
TXN-DE-1-000292,2026-08-25 03:13:49,2026-08-25 03:16:49,DE,SaaS Platform,D,PUR-001,PureLife GlucoMonitor,Medical Device,PureLife,D2C,12,85.0,EUR,0.15,1020.0,867.0
TXN-DE-1-000293,2026-08-25 11:04:45,2026-08-25 11:10:45,DE,SaaS Platform,D,VIT-001,Vitalis C1000,Supplement,Vitalis,E-commerce,4,21.0,EUR,0.0,84.0,84.0
TXN-DE-1-000294,2026-08-25 10:55:32,2026-08-25 10:56:32,DE,SaaS Platform,D,DER-001,Dermacare GlowSerum,Aesthetic,Dermacare,D2C,2,32.0,EUR,0.1,64.0,57.6
TXN-DE-1-000295,2026-08-25 12:37:56,2026-08-25 12:43:56,DE,SaaS Platform,D,SAN-001,SanaPlus PainRelief,OTC,SanaPlus,E-commerce,10,9.5,EUR,0.05,95.0,90.25
TXN-DE-1-000296,2026-08-25 14:09:55,2026-08-25 14:10:55,DE,SaaS Platform,D,DER-002,Dermacare LiftCream,Aesthetic,Dermacare,E-commerce,5,37.0,EUR,0.0,185.0,185.0
TXN-DE-1-000297,2026-08-25 13:59:31,2026-08-25 14:03:31,DE,SaaS Platform,D,SAN-001,SanaPlus PainRelief,OTC,SanaPlus,Wholesale,3,9.5,EUR,0.15,28.5,24.22
TXN-DE-1-000298,2026-08-25 04:27:14,2026-08-25 04:30:14,DE,SaaS Platform,D,PUR-002,PureLife BP Monitor,Medical Device,PureLife,D2C,9,90.0,EUR,0.0,810.0,810.0
TXN-DE-1-000299,2026-08-25 23:40:36,2026-08-25 23:41:36,DE,SaaS Platform,D,DER-002,Dermacare LiftCream,Aesthetic,Dermacare,D2C,12,37.0,EUR,0.1,444.0,399.6
TXN-DE-1-000300,2026-08-25 04:11:00,2026-08-25 04:15:00,DE,SaaS Platform,D,MED-002,Medora Derm Cream,Prescription,Medora,Wholesale,1,26.0,EUR,0.0,26.0,26.0
TXN-DE-1-000301,2026-08-25 00:28:40,2026-08-25 00:30:40,DE,SaaS Platform,D,VIT-001,Vitalis C1000,Supplement,Vitalis,Pharmacy/B2B,9,21.0,EUR,0.15,189.0,160.65
TXN-DE-1-000302,2026-08-25 03:25:26,2026-08-25 03:29:26,DE,SaaS Platform,D,PUR-002,PureLife BP Monitor,Medical Device,PureLife,Pharmacy/B2B,11,90.0,EUR,0.2,990.0,792.0
TXN-DE-1-000303,2026-08-25 10:26:15,2026-08-25 10:27:15,DE,SaaS Platform,D,VIT-002,Vitalis Multivit,Supplement,Vitalis,D2C,5,17.0,EUR,0.15,85.0,72.25
TXN-DE-1-000304,2026-08-25 17:27:30,2026-08-25 17:31:30,DE,SaaS Platform,D,MED-001,Medora Cardio 10mg,Prescription,Medora,D2C,9,43.0,EUR,0.0,387.0,387.0
TXN-DE-1-000305,2026-08-25 17:43:32,2026-08-25 17:47:32,DE,SaaS Platform,D,SAN-001,SanaPlus PainRelief,OTC,SanaPlus,Pharmacy/B2B,12,9.5,EUR,0.0,114.0,114.0
TXN-DE-1-000306,2026-08-25 21:32:07,2026-08-25 21:38:07,DE,SaaS Platform,D,VIT-001,Vitalis C1000,Supplement,Vitalis,Wholesale,5,21.0,EUR,0.15,105.0,89.25
TXN-DE-1-000307,2026-08-25 23:11:22,2026-08-25 23:13:22,DE,SaaS Platform,D,VIT-002,Vitalis Multivit,Supplement,Vitalis,Pharmacy/B2B,3,17.0,EUR,0.05,51.0,48.45
TXN-DE-1-000308,2026-08-25 23:05:54,2026-08-25 23:08:54,DE,SaaS Platform,D,MED-001,Medora Cardio 10mg,Prescription,Medora,Wholesale,12,43.0,EUR,0.2,516.0,412.8
TXN-DE-1-000309,2026-08-25 06:48:52,2026-08-25 06:49:52,DE,SaaS Platform,D,PUR-001,PureLife GlucoMonitor,Medical Device,PureLife,E-commerce,7,85.0,EUR,0.05,595.0,565.25
TXN-DE-1-000310,2026-08-25 16:28:19,2026-08-25 16:32:19,DE,SaaS Platform,D,MED-002,Medora Derm Cream,Prescription,Medora,Wholesale,7,26.0,EUR,0.05,182.0,172.9
TXN-DE-1-000311,2026-08-25 15:51:22,2026-08-25 15:52:22,DE,SaaS Platform,D,MED-001,Medora Cardio 10mg,Prescription,Medora,E-commerce,6,43.0,EUR,0.15,258.0,219.3
TXN-DE-1-000312,2026-08-25 14:21:02,2026-08-25 14:23:02,DE,SaaS Platform,D,SAN-001,SanaPlus PainRelief,OTC,SanaPlus,E-commerce,1,9.5,EUR,0.0,9.5,9.5
TXN-DE-1-000313,2026-08-25 04:39:37,2026-08-25 04:41:37,DE,SaaS Platform,D,VIT-002,Vitalis Multivit,Supplement,Vitalis,D2C,10,17.0,EUR,0.1,170.0,153.0
TXN-DE-1-000314,2026-08-25 19:48:51,2026-08-25 19:49:51,DE,SaaS Platform,D,MED-002,Medora Derm Cream,Prescription,Medora,E-commerce,12,26.0,EUR,0.05,312.0,296.4
TXN-DE-1-000315,2026-08-25 15:24:52,2026-08-25 15:29:52,DE,SaaS Platform,D,VIT-002,Vitalis Multivit,Supplement,Vitalis,Wholesale,8,17.0,EUR,0.0,136.0,136.0
TXN-DE-1-000316,2026-08-25 22:28:17,2026-08-25 22:34:17,DE,SaaS Platform,D,MED-001,Medora Cardio 10mg,Prescription,Medora,Pharmacy/B2B,8,43.0,EUR,0.2,344.0,275.2
TXN-DE-1-000317,2026-08-25 16:28:09,2026-08-25 16:33:09,DE,SaaS Platform,D,MED-002,Medora Derm Cream,Prescription,Medora,D2C,3,26.0,EUR,0.15,78.0,66.3
TXN-DE-1-000318,2026-08-25 11:05:02,2026-08-25 11:08:02,DE,SaaS Platform,D,DER-001,Dermacare GlowSerum,Aesthetic,Dermacare,Pharmacy/B2B,5,32.0,EUR,0.0,160.0,160.0
TXN-DE-1-000319,2026-08-25 00:58:46,2026-08-25 01:03:46,DE,SaaS Platform,D,VIT-001,Vitalis C1000,Supplement,Vitalis,E-commerce,4,21.0,EUR,0.2,84.0,67.2
TXN-DE-1-000320,2026-08-25 12:45:35,2026-08-25 12:46:35,DE,SaaS Platform,D,DER-002,Dermacare LiftCream,Aesthetic,Dermacare,D2C,7,37.0,EUR,0.0,259.0,259.0
TXN-DE-1-000321,2026-08-25 15:48:42,2026-08-25 15:51:42,DE,SaaS Platform,D,VIT-001,Vitalis C1000,Supplement,Vitalis,Wholesale,1,21.0,EUR,0.0,21.0,21.0
TXN-DE-1-000322,2026-08-25 20:00:35,2026-08-25 20:04:35,DE,SaaS Platform,D,VIT-002,Vitalis Multivit,Supplement,Vitalis,Wholesale,3,17.0,EUR,0.05,51.0,48.45
TXN-DE-1-000323,2026-08-25 07:56:37,2026-08-25 07:57:37,DE,SaaS Platform,D,PUR-002,PureLife BP Monitor,Medical Device,PureLife,D2C,12,90.0,EUR,0.15,1080.0,918.0
TXN-DE-1-000324,2026-08-25 13:53:09,2026-08-25 13:58:09,DE,SaaS Platform,D,SAN-002,SanaPlus ColdFlu,OTC,SanaPlus,D2C,10,10.5,EUR,0.2,105.0,84.0
TXN-DE-1-000325,2026-08-25 05:45:02,2026-08-25 05:51:02,DE,SaaS Platform,D,VIT-001,Vitalis C1000,Supplement,Vitalis,Wholesale,11,21.0,EUR,0.05,231.0,219.45
TXN-DE-1-000326,2026-08-25 13:40:34,2026-08-25 13:43:34,DE,SaaS Platform,D,MED-002,Medora Derm Cream,Prescription,Medora,D2C,10,26.0,EUR,0.0,260.0,260.0
TXN-DE-1-000327,2026-08-25 00:57:30,2026-08-25 00:59:30,DE,SaaS Platform,D,PUR-001,PureLife GlucoMonitor,Medical Device,PureLife,D2C,1,85.0,EUR,0.0,85.0,85.0
TXN-DE-1-000328,2026-08-25 12:10:46,2026-08-25 12:13:46,DE,SaaS Platform,D,MED-002,Medora Derm Cream,Prescription,Medora,E-commerce,5,26.0,EUR,0.2,130.0,104.0
TXN-DE-1-000329,2026-08-25 10:30:20,2026-08-25 10:36:20,DE,SaaS Platform,D,SAN-001,SanaPlus PainRelief,OTC,SanaPlus,Wholesale,8,9.5,EUR,0.0,76.0,76.0
TXN-DE-1-000330,2026-08-25 06:34:27,2026-08-25 06:39:27,DE,SaaS Platform,D,PUR-001,PureLife GlucoMonitor,Medical Device,PureLife,E-commerce,10,85.0,EUR,0.0,850.0,850.0
TXN-DE-1-000331,2026-08-25 10:56:52,2026-08-25 11:00:52,DE,SaaS Platform,D,VIT-002,Vitalis Multivit,Supplement,Vitalis,E-commerce,2,17.0,EUR,0.0,34.0,34.0
TXN-DE-1-000332,2026-08-25 13:09:02,2026-08-25 13:12:02,DE,SaaS Platform,D,DER-001,Dermacare GlowSerum,Aesthetic,Dermacare,Pharmacy/B2B,6,32.0,EUR,0.15,192.0,163.2
TXN-DE-1-000333,2026-08-25 17:33:23,2026-08-25 17:36:23,DE,SaaS Platform,D,PUR-002,PureLife BP Monitor,Medical Device,PureLife,E-commerce,3,90.0,EUR,0.0,270.0,270.0
TXN-DE-1-000334,2026-08-25 03:22:42,2026-08-25 03:23:42,DE,SaaS Platform,D,SAN-001,SanaPlus PainRelief,OTC,SanaPlus,Wholesale,9,9.5,EUR,0.1,85.5,76.95
TXN-DE-1-000335,2026-08-25 16:59:12,2026-08-25 17:04:12,DE,SaaS Platform,D,SAN-002,SanaPlus ColdFlu,OTC,SanaPlus,E-commerce,2,10.5,EUR,0.0,21.0,21.0
TXN-DE-1-000336,2026-08-25 00:17:38,2026-08-25 00:20:38,DE,SaaS Platform,D,MED-001,Medora Cardio 10mg,Prescription,Medora,D2C,5,43.0,EUR,0.0,215.0,215.0
TXN-DE-1-000337,2026-08-25 16:02:58,2026-08-25 16:06:58,DE,SaaS Platform,D,DER-001,Dermacare GlowSerum,Aesthetic,Dermacare,Wholesale,2,32.0,EUR,0.1,64.0,57.6
TXN-DE-1-000338,2026-08-25 07:04:29,2026-08-25 07:05:29,DE,SaaS Platform,D,PUR-001,PureLife GlucoMonitor,Medical Device,PureLife,D2C,9,85.0,EUR,0.0,765.0,765.0
TXN-DE-1-000339,2026-08-25 02:10:34,2026-08-25 02:11:34,DE,SaaS Platform,D,PUR-001,PureLife GlucoMonitor,Medical Device,PureLife,Wholesale,4,85.0,EUR,0.0,340.0,340.0
TXN-DE-1-000340,2026-08-25 11:21:37,2026-08-25 11:23:37,DE,SaaS Platform,D,PUR-002,PureLife BP Monitor,Medical Device,PureLife,Pharmacy/B2B,6,90.0,EUR,0.0,540.0,540.0
TXN-DE-1-000341,2026-08-25 02:21:49,2026-08-25 02:24:49,DE,SaaS Platform,D,VIT-002,Vitalis Multivit,Supplement,Vitalis,Wholesale,8,17.0,EUR,0.1,136.0,122.4
TXN-DE-1-000342,2026-08-25 15:01:14,2026-08-25 15:03:14,DE,SaaS Platform,D,MED-002,Medora Derm Cream,Prescription,Medora,Pharmacy/B2B,8,26.0,EUR,0.2,208.0,166.4
TXN-DE-1-000343,2026-08-25 19:58:13,2026-08-25 19:59:13,DE,SaaS Platform,D,PUR-001,PureLife GlucoMonitor,Medical Device,PureLife,Wholesale,2,85.0,EUR,0.0,170.0,170.0
TXN-DE-1-000344,2026-08-25 22:23:47,2026-08-25 22:29:47,DE,SaaS Platform,D,DER-001,Dermacare GlowSerum,Aesthetic,Dermacare,D2C,7,32.0,EUR,0.0,224.0,224.0
TXN-DE-1-000345,2026-08-25 04:41:31,2026-08-25 04:44:31,DE,SaaS Platform,D,DER-002,Dermacare LiftCream,Aesthetic,Dermacare,Pharmacy/B2B,7,37.0,EUR,0.15,259.0,220.15
TXN-DE-1-000346,2026-08-25 19:56:56,2026-08-25 20:02:56,DE,SaaS Platform,D,MED-001,Medora Cardio 10mg,Prescription,Medora,E-commerce,7,43.0,EUR,0.2,301.0,240.8
TXN-DE-1-000347,2026-08-25 21:03:04,2026-08-25 21:09:04,DE,SaaS Platform,D,VIT-002,Vitalis Multivit,Supplement,Vitalis,E-commerce,12,17.0,EUR,0.0,204.0,204.0
TXN-DE-1-000348,2026-08-25 13:33:16,2026-08-25 13:36:16,DE,SaaS Platform,D,VIT-001,Vitalis C1000,Supplement,Vitalis,E-commerce,1,21.0,EUR,0.05,21.0,19.95
TXN-DE-1-000349,2026-08-25 01:12:36,2026-08-25 01:13:36,DE,SaaS Platform,D,VIT-001,Vitalis C1000,Supplement,Vitalis,E-commerce,1,21.0,EUR,0.0,21.0,21.0
TXN-DE-1-000350,2026-08-25 18:17:04,2026-08-25 18:21:04,DE,SaaS Platform,D,SAN-002,SanaPlus ColdFlu,OTC,SanaPlus,D2C,12,10.5,EUR,0.0,126.0,126.0
TXN-DE-1-000351,2026-08-25 11:53:07,2026-08-25 11:55:07,DE,SaaS Platform,D,VIT-001,Vitalis C1000,Supplement,Vitalis,D2C,12,21.0,EUR,0.0,252.0,252.0
TXN-DE-1-000352,2026-08-25 03:29:21,2026-08-25 03:32:21,DE,SaaS Platform,D,VIT-001,Vitalis C1000,Supplement,Vitalis,Pharmacy/B2B,7,21.0,EUR,0.05,147.0,139.65
TXN-DE-1-000353,2026-08-25 17:29:26,2026-08-25 17:30:26,DE,SaaS Platform,D,MED-002,Medora Derm Cream,Prescription,Medora,D2C,2,26.0,EUR,0.0,52.0,52.0
TXN-DE-1-000354,2026-08-25 11:38:31,2026-08-25 11:44:31,DE,SaaS Platform,D,PUR-002,PureLife BP Monitor,Medical Device,PureLife,E-commerce,1,90.0,EUR,0.0,90.0,90.0
TXN-DE-1-000355,2026-08-25 14:37:44,2026-08-25 14:41:44,DE,SaaS Platform,D,VIT-002,Vitalis Multivit,Supplement,Vitalis,E-commerce,12,17.0,EUR,0.1,204.0,183.6
TXN-DE-1-000356,2026-08-25 05:07:15,2026-08-25 05:09:15,DE,SaaS Platform,D,VIT-001,Vitalis C1000,Supplement,Vitalis,E-commerce,5,21.0,EUR,0.0,105.0,105.0
TXN-DE-1-000357,2026-08-25 01:08:49,2026-08-25 01:11:49,DE,SaaS Platform,D,VIT-002,Vitalis Multivit,Supplement,Vitalis,E-commerce,3,17.0,EUR,0.15,51.0,43.35
TXN-DE-1-000358,2026-08-25 06:24:41,2026-08-25 06:25:41,DE,SaaS Platform,D,SAN-002,SanaPlus ColdFlu,OTC,SanaPlus,Wholesale,3,10.5,EUR,0.15,31.5,26.77
TXN-DE-1-000359,2026-08-25 01:00:08,2026-08-25 01:01:08,DE,SaaS Platform,D,PUR-002,PureLife BP Monitor,Medical Device,PureLife,Pharmacy/B2B,2,90.0,EUR,0.0,180.0,180.0
TXN-DE-1-000360,2026-08-25 07:33:48,2026-08-25 07:36:48,DE,SaaS Platform,D,PUR-001,PureLife GlucoMonitor,Medical Device,PureLife,D2C,4,85.0,EUR,0.0,340.0,340.0
TXN-DE-1-000361,2026-08-25 20:58:01,2026-08-25 20:59:01,DE,SaaS Platform,D,VIT-002,Vitalis Multivit,Supplement,Vitalis,E-commerce,11,17.0,EUR,0.0,187.0,187.0
TXN-DE-1-000362,2026-08-25 13:14:20,2026-08-25 13:16:20,DE,SaaS Platform,D,PUR-001,PureLife GlucoMonitor,Medical Device,PureLife,Wholesale,2,85.0,EUR,0.2,170.0,136.0
TXN-DE-1-000363,2026-08-25 07:48:58,2026-08-25 07:50:58,DE,SaaS Platform,D,VIT-002,Vitalis Multivit,Supplement,Vitalis,D2C,6,17.0,EUR,0.2,102.0,81.6
TXN-DE-1-000364,2026-08-25 14:59:25,2026-08-25 15:05:25,DE,SaaS Platform,D,SAN-001,SanaPlus PainRelief,OTC,SanaPlus,D2C,3,9.5,EUR,0.0,28.5,28.5
TXN-DE-1-000365,2026-08-25 11:04:42,2026-08-25 11:06:42,DE,SaaS Platform,D,PUR-001,PureLife GlucoMonitor,Medical Device,PureLife,Wholesale,5,85.0,EUR,0.2,425.0,340.0
TXN-DE-1-000366,2026-08-25 10:50:52,2026-08-25 10:55:52,DE,SaaS Platform,D,DER-002,Dermacare LiftCream,Aesthetic,Dermacare,Wholesale,1,37.0,EUR,0.0,37.0,37.0
TXN-DE-1-000367,2026-08-25 09:36:04,2026-08-25 09:41:04,DE,SaaS Platform,D,PUR-001,PureLife GlucoMonitor,Medical Device,PureLife,Wholesale,7,85.0,EUR,0.0,595.0,595.0
TXN-DE-1-000368,2026-08-25 09:44:37,2026-08-25 09:46:37,DE,SaaS Platform,D,MED-001,Medora Cardio 10mg,Prescription,Medora,D2C,4,43.0,EUR,0.05,172.0,163.4
TXN-DE-1-000369,2026-08-25 16:31:22,2026-08-25 16:37:22,DE,SaaS Platform,D,DER-002,Dermacare LiftCream,Aesthetic,Dermacare,E-commerce,5,37.0,EUR,0.15,185.0,157.25
TXN-DE-1-000370,2026-08-25 20:51:24,2026-08-25 20:56:24,DE,SaaS Platform,D,SAN-002,SanaPlus ColdFlu,OTC,SanaPlus,E-commerce,10,10.5,EUR,0.05,105.0,99.75
TXN-DE-1-000371,2026-08-25 08:26:55,2026-08-25 08:29:55,DE,SaaS Platform,D,DER-001,Dermacare GlowSerum,Aesthetic,Dermacare,Pharmacy/B2B,6,32.0,EUR,0.15,192.0,163.2
TXN-DE-1-000372,2026-08-25 06:27:53,2026-08-25 06:31:53,DE,SaaS Platform,D,DER-001,Dermacare GlowSerum,Aesthetic,Dermacare,D2C,6,32.0,EUR,0.1,192.0,172.8
TXN-DE-1-000373,2026-08-25 02:24:54,2026-08-25 02:27:54,DE,SaaS Platform,D,DER-002,Dermacare LiftCream,Aesthetic,Dermacare,Wholesale,3,37.0,EUR,0.0,111.0,111.0
TXN-DE-1-000374,2026-08-25 08:58:01,2026-08-25 09:04:01,DE,SaaS Platform,D,PUR-001,PureLife GlucoMonitor,Medical Device,PureLife,Pharmacy/B2B,10,85.0,EUR,0.05,850.0,807.5
TXN-DE-1-000375,2026-08-25 15:09:50,2026-08-25 15:12:50,DE,SaaS Platform,D,MED-002,Medora Derm Cream,Prescription,Medora,D2C,8,26.0,EUR,0.2,208.0,166.4
TXN-DE-1-000376,2026-08-25 13:27:07,2026-08-25 13:29:07,DE,SaaS Platform,D,VIT-002,Vitalis Multivit,Supplement,Vitalis,Wholesale,10,17.0,EUR,0.15,170.0,144.5
TXN-DE-1-000377,2026-08-25 13:30:10,2026-08-25 13:32:10,DE,SaaS Platform,D,SAN-001,SanaPlus PainRelief,OTC,SanaPlus,Wholesale,5,9.5,EUR,0.2,47.5,38.0
TXN-DE-1-000378,2026-08-25 14:20:17,2026-08-25 14:24:17,DE,SaaS Platform,D,SAN-002,SanaPlus ColdFlu,OTC,SanaPlus,E-commerce,6,10.5,EUR,0.0,63.0,63.0
TXN-DE-1-000379,2026-08-25 20:25:56,2026-08-25 20:30:56,DE,SaaS Platform,D,DER-001,Dermacare GlowSerum,Aesthetic,Dermacare,E-commerce,11,32.0,EUR,0.2,352.0,281.6
TXN-DE-1-000380,2026-08-25 20:59:34,2026-08-25 21:04:34,DE,SaaS Platform,D,SAN-002,SanaPlus ColdFlu,OTC,SanaPlus,E-commerce,3,10.5,EUR,0.0,31.5,31.5
TXN-DE-1-000381,2026-08-25 07:22:28,2026-08-25 07:28:28,DE,SaaS Platform,D,DER-001,Dermacare GlowSerum,Aesthetic,Dermacare,Wholesale,10,32.0,EUR,0.0,320.0,320.0
TXN-DE-1-000382,2026-08-25 10:50:34,2026-08-25 10:51:34,DE,SaaS Platform,D,SAN-002,SanaPlus ColdFlu,OTC,SanaPlus,Wholesale,2,10.5,EUR,0.0,21.0,21.0
TXN-DE-1-000383,2026-08-25 23:20:11,2026-08-25 23:24:11,DE,SaaS Platform,D,DER-001,Dermacare GlowSerum,Aesthetic,Dermacare,E-commerce,12,32.0,EUR,0.15,384.0,326.4
TXN-DE-1-000384,2026-08-25 19:55:03,2026-08-25 19:57:03,DE,SaaS Platform,D,SAN-002,SanaPlus ColdFlu,OTC,SanaPlus,D2C,4,10.5,EUR,0.15,42.0,35.7
TXN-DE-1-000385,2026-08-25 10:26:07,2026-08-25 10:30:07,DE,SaaS Platform,D,PUR-001,PureLife GlucoMonitor,Medical Device,PureLife,D2C,9,85.0,EUR,0.15,765.0,650.25
TXN-DE-1-000386,2026-08-25 15:37:31,2026-08-25 15:39:31,DE,SaaS Platform,D,PUR-002,PureLife BP Monitor,Medical Device,PureLife,Pharmacy/B2B,7,90.0,EUR,0.2,630.0,504.0
TXN-DE-1-000387,2026-08-25 03:41:13,2026-08-25 03:45:13,DE,SaaS Platform,D,PUR-001,PureLife GlucoMonitor,Medical Device,PureLife,E-commerce,5,85.0,EUR,0.1,425.0,382.5
TXN-DE-1-000388,2026-08-25 17:07:34,2026-08-25 17:12:34,DE,SaaS Platform,D,VIT-002,Vitalis Multivit,Supplement,Vitalis,Pharmacy/B2B,7,17.0,EUR,0.0,119.0,119.0
TXN-DE-1-000389,2026-08-25 12:54:23,2026-08-25 12:56:23,DE,SaaS Platform,D,PUR-001,PureLife GlucoMonitor,Medical Device,PureLife,Pharmacy/B2B,2,85.0,EUR,0.05,170.0,161.5
TXN-DE-1-000390,2026-08-25 18:45:37,2026-08-25 18:51:37,DE,SaaS Platform,D,VIT-002,Vitalis Multivit,Supplement,Vitalis,Wholesale,2,17.0,EUR,0.0,34.0,34.0
TXN-DE-1-000391,2026-08-25 08:54:52,2026-08-25 08:55:52,DE,SaaS Platform,D,DER-002,Dermacare LiftCream,Aesthetic,Dermacare,E-commerce,8,37.0,EUR,0.0,296.0,296.0
TXN-DE-1-000392,2026-08-25 13:49:07,2026-08-25 13:50:07,DE,SaaS Platform,D,DER-002,Dermacare LiftCream,Aesthetic,Dermacare,E-commerce,1,37.0,EUR,0.0,37.0,37.0
TXN-DE-1-000393,2026-08-25 09:58:16,2026-08-25 10:03:16,DE,SaaS Platform,D,PUR-002,PureLife BP Monitor,Medical Device,PureLife,Wholesale,8,90.0,EUR,0.1,720.0,648.0
TXN-DE-1-000394,2026-08-25 00:41:43,2026-08-25 00:46:43,DE,SaaS Platform,D,VIT-001,Vitalis C1000,Supplement,Vitalis,Wholesale,12,21.0,EUR,0.0,252.0,252.0
TXN-DE-1-000395,2026-08-25 20:53:34,2026-08-25 20:55:34,DE,SaaS Platform,D,MED-002,Medora Derm Cream,Prescription,Medora,E-commerce,2,26.0,EUR,0.0,52.0,52.0
TXN-DE-1-000396,2026-08-25 14:29:57,2026-08-25 14:31:57,DE,SaaS Platform,D,PUR-002,PureLife BP Monitor,Medical Device,PureLife,D2C,8,90.0,EUR,0.05,720.0,684.0
TXN-DE-1-000397,2026-08-25 06:41:49,2026-08-25 06:44:49,DE,SaaS Platform,D,SAN-001,SanaPlus PainRelief,OTC,SanaPlus,E-commerce,12,9.5,EUR,0.1,114.0,102.6
TXN-DE-1-000398,2026-08-25 23:02:26,2026-08-25 23:04:26,DE,SaaS Platform,D,DER-001,Dermacare GlowSerum,Aesthetic,Dermacare,D2C,6,32.0,EUR,0.2,192.0,153.6
TXN-DE-1-000399,2026-08-25 14:45:44,2026-08-25 14:47:44,DE,SaaS Platform,D,VIT-002,Vitalis Multivit,Supplement,Vitalis,Pharmacy/B2B,8,17.0,EUR,0.0,136.0,136.0
TXN-DE-1-000400,2026-08-25 21:18:07,2026-08-25 21:23:07,DE,SaaS Platform,D,SAN-001,SanaPlus PainRelief,OTC,SanaPlus,Pharmacy/B2B,4,9.5,EUR,0.05,38.0,36.1
TXN-DE-1-000401,2026-08-25 20:50:59,2026-08-25 20:53:59,DE,SaaS Platform,D,PUR-001,PureLife GlucoMonitor,Medical Device,PureLife,Pharmacy/B2B,11,85.0,EUR,0.0,935.0,935.0
TXN-DE-1-000402,2026-08-25 06:36:32,2026-08-25 06:42:32,DE,SaaS Platform,D,DER-001,Dermacare GlowSerum,Aesthetic,Dermacare,Wholesale,12,32.0,EUR,0.0,384.0,384.0
TXN-DE-1-000403,2026-08-25 20:38:58,2026-08-25 20:42:58,DE,SaaS Platform,D,MED-002,Medora Derm Cream,Prescription,Medora,Wholesale,8,26.0,EUR,0.15,208.0,176.8
TXN-DE-1-000404,2026-08-25 00:55:52,2026-08-25 00:59:52,DE,SaaS Platform,D,PUR-001,PureLife GlucoMonitor,Medical Device,PureLife,E-commerce,4,85.0,EUR,0.0,340.0,340.0
TXN-DE-1-000405,2026-08-25 08:02:04,2026-08-25 08:07:04,DE,SaaS Platform,D,MED-002,Medora Derm Cream,Prescription,Medora,Pharmacy/B2B,2,26.0,EUR,0.05,52.0,49.4
TXN-DE-1-000406,2026-08-25 03:54:41,2026-08-25 03:56:41,DE,SaaS Platform,D,SAN-002,SanaPlus ColdFlu,OTC,SanaPlus,Pharmacy/B2B,2,10.5,EUR,0.05,21.0,19.95
TXN-DE-1-000407,2026-08-25 08:59:21,2026-08-25 09:04:21,DE,SaaS Platform,D,PUR-002,PureLife BP Monitor,Medical Device,PureLife,D2C,12,90.0,EUR,0.1,1080.0,972.0
TXN-DE-1-000408,2026-08-25 01:14:01,2026-08-25 01:15:01,DE,SaaS Platform,D,VIT-002,Vitalis Multivit,Supplement,Vitalis,E-commerce,4,17.0,EUR,0.0,68.0,68.0
TXN-DE-1-000409,2026-08-25 09:53:58,2026-08-25 09:55:58,DE,SaaS Platform,D,DER-002,Dermacare LiftCream,Aesthetic,Dermacare,Wholesale,8,37.0,EUR,0.15,296.0,251.6
TXN-DE-1-000410,2026-08-25 07:28:05,2026-08-25 07:34:05,DE,SaaS Platform,D,SAN-001,SanaPlus PainRelief,OTC,SanaPlus,Pharmacy/B2B,5,9.5,EUR,0.0,47.5,47.5
TXN-DE-1-000411,2026-08-25 20:30:39,2026-08-25 20:35:39,DE,SaaS Platform,D,SAN-001,SanaPlus PainRelief,OTC,SanaPlus,Pharmacy/B2B,12,9.5,EUR,0.0,114.0,114.0
TXN-DE-1-000412,2026-08-25 02:35:26,2026-08-25 02:39:26,DE,SaaS Platform,D,DER-002,Dermacare LiftCream,Aesthetic,Dermacare,E-commerce,1,37.0,EUR,0.0,37.0,37.0
TXN-DE-1-000413,2026-08-25 09:08:25,2026-08-25 09:13:25,DE,SaaS Platform,D,MED-002,Medora Derm Cream,Prescription,Medora,Pharmacy/B2B,7,26.0,EUR,0.0,182.0,182.0
TXN-DE-1-000414,2026-08-25 10:18:03,2026-08-25 10:23:03,DE,SaaS Platform,D,PUR-002,PureLife BP Monitor,Medical Device,PureLife,Pharmacy/B2B,1,90.0,EUR,0.0,90.0,90.0
TXN-DE-1-000415,2026-08-25 11:20:35,2026-08-25 11:26:35,DE,SaaS Platform,D,VIT-001,Vitalis C1000,Supplement,Vitalis,Pharmacy/B2B,3,21.0,EUR,0.1,63.0,56.7
TXN-DE-1-000416,2026-08-25 20:27:19,2026-08-25 20:31:19,DE,SaaS Platform,D,DER-001,Dermacare GlowSerum,Aesthetic,Dermacare,Pharmacy/B2B,7,32.0,EUR,0.1,224.0,201.6
TXN-DE-1-000417,2026-08-25 01:12:02,2026-08-25 01:18:02,DE,SaaS Platform,D,MED-002,Medora Derm Cream,Prescription,Medora,Pharmacy/B2B,4,26.0,EUR,0.0,104.0,104.0
TXN-DE-1-000418,2026-08-25 05:15:24,2026-08-25 05:16:24,DE,SaaS Platform,D,VIT-002,Vitalis Multivit,Supplement,Vitalis,D2C,9,17.0,EUR,0.15,153.0,130.05
TXN-DE-1-000419,2026-08-25 11:58:59,2026-08-25 12:01:59,DE,SaaS Platform,D,PUR-001,PureLife GlucoMonitor,Medical Device,PureLife,D2C,3,85.0,EUR,0.0,255.0,255.0
TXN-DE-1-000420,2026-08-25 07:37:43,2026-08-25 07:40:43,DE,SaaS Platform,D,VIT-002,Vitalis Multivit,Supplement,Vitalis,Pharmacy/B2B,7,17.0,EUR,0.0,119.0,119.0
TXN-DE-1-000421,2026-08-25 17:24:19,2026-08-25 17:29:19,DE,SaaS Platform,D,MED-002,Medora Derm Cream,Prescription,Medora,Wholesale,10,26.0,EUR,0.0,260.0,260.0
TXN-DE-1-000422,2026-08-25 07:28:43,2026-08-25 07:33:43,DE,SaaS Platform,D,DER-001,Dermacare GlowSerum,Aesthetic,Dermacare,Pharmacy/B2B,2,32.0,EUR,0.0,64.0,64.0
TXN-DE-1-000423,2026-08-25 17:29:46,2026-08-25 17:30:46,DE,SaaS Platform,D,MED-002,Medora Derm Cream,Prescription,Medora,Wholesale,2,26.0,EUR,0.0,52.0,52.0
TXN-DE-1-000424,2026-08-25 04:55:25,2026-08-25 05:01:25,DE,SaaS Platform,D,MED-002,Medora Derm Cream,Prescription,Medora,D2C,1,26.0,EUR,0.0,26.0,26.0
TXN-DE-1-000425,2026-08-25 11:02:54,2026-08-25 11:06:54,DE,SaaS Platform,D,MED-001,Medora Cardio 10mg,Prescription,Medora,E-commerce,9,43.0,EUR,0.1,387.0,348.3
TXN-DE-1-000426,2026-08-25 23:51:18,2026-08-25 23:52:18,DE,SaaS Platform,D,SAN-001,SanaPlus PainRelief,OTC,SanaPlus,Pharmacy/B2B,2,9.5,EUR,0.0,19.0,19.0
TXN-DE-1-000427,2026-08-25 19:25:42,2026-08-25 19:29:42,DE,SaaS Platform,D,SAN-001,SanaPlus PainRelief,OTC,SanaPlus,D2C,3,9.5,EUR,0.05,28.5,27.07
TXN-DE-1-000428,2026-08-25 02:44:01,2026-08-25 02:49:01,DE,SaaS Platform,D,VIT-002,Vitalis Multivit,Supplement,Vitalis,Wholesale,8,17.0,EUR,0.2,136.0,108.8
TXN-DE-1-000429,2026-08-25 18:34:16,2026-08-25 18:37:16,DE,SaaS Platform,D,DER-002,Dermacare LiftCream,Aesthetic,Dermacare,Wholesale,5,37.0,EUR,0.2,185.0,148.0
TXN-DE-1-000430,2026-08-25 15:36:30,2026-08-25 15:38:30,DE,SaaS Platform,D,PUR-002,PureLife BP Monitor,Medical Device,PureLife,Pharmacy/B2B,4,90.0,EUR,0.1,360.0,324.0
TXN-DE-1-000431,2026-08-25 02:54:05,2026-08-25 02:55:05,DE,SaaS Platform,D,DER-002,Dermacare LiftCream,Aesthetic,Dermacare,D2C,10,37.0,EUR,0.0,370.0,370.0
TXN-DE-1-000432,2026-08-25 23:56:35,2026-08-26 00:00:35,DE,SaaS Platform,D,MED-002,Medora Derm Cream,Prescription,Medora,D2C,3,26.0,EUR,0.0,78.0,78.0
TXN-DE-1-000433,2026-08-25 23:21:11,2026-08-25 23:23:11,DE,SaaS Platform,D,MED-002,Medora Derm Cream,Prescription,Medora,D2C,5,26.0,EUR,0.0,130.0,130.0
TXN-DE-1-000434,2026-08-25 02:46:19,2026-08-25 02:52:19,DE,SaaS Platform,D,VIT-002,Vitalis Multivit,Supplement,Vitalis,Pharmacy/B2B,6,17.0,EUR,0.0,102.0,102.0
TXN-DE-1-000435,2026-08-25 12:04:09,2026-08-25 12:05:09,DE,SaaS Platform,D,DER-001,Dermacare GlowSerum,Aesthetic,Dermacare,Wholesale,11,32.0,EUR,0.0,352.0,352.0
TXN-DE-1-000436,2026-08-25 14:08:46,2026-08-25 14:09:46,DE,SaaS Platform,D,DER-001,Dermacare GlowSerum,Aesthetic,Dermacare,D2C,6,32.0,EUR,0.0,192.0,192.0
TXN-DE-1-000437,2026-08-25 06:05:17,2026-08-25 06:08:17,DE,SaaS Platform,D,VIT-001,Vitalis C1000,Supplement,Vitalis,Wholesale,12,21.0,EUR,0.0,252.0,252.0
TXN-DE-1-000438,2026-08-25 02:43:57,2026-08-25 02:44:57,DE,SaaS Platform,D,VIT-001,Vitalis C1000,Supplement,Vitalis,D2C,5,21.0,EUR,0.05,105.0,99.75
TXN-DE-1-000439,2026-08-25 02:22:00,2026-08-25 02:28:00,DE,SaaS Platform,D,DER-002,Dermacare LiftCream,Aesthetic,Dermacare,D2C,9,37.0,EUR,0.1,333.0,299.7
TXN-DE-1-000440,2026-08-25 13:04:00,2026-08-25 13:08:00,DE,SaaS Platform,D,DER-001,Dermacare GlowSerum,Aesthetic,Dermacare,D2C,9,32.0,EUR,0.1,288.0,259.2
TXN-DE-1-000441,2026-08-25 21:46:05,2026-08-25 21:48:05,DE,SaaS Platform,D,MED-001,Medora Cardio 10mg,Prescription,Medora,Pharmacy/B2B,6,43.0,EUR,0.0,258.0,258.0
TXN-DE-1-000442,2026-08-25 21:30:43,2026-08-25 21:36:43,DE,SaaS Platform,D,SAN-002,SanaPlus ColdFlu,OTC,SanaPlus,Wholesale,8,10.5,EUR,0.0,84.0,84.0
TXN-DE-1-000443,2026-08-25 14:37:56,2026-08-25 14:39:56,DE,SaaS Platform,D,SAN-002,SanaPlus ColdFlu,OTC,SanaPlus,D2C,9,10.5,EUR,0.0,94.5,94.5
TXN-DE-1-000444,2026-08-25 05:18:09,2026-08-25 05:20:09,DE,SaaS Platform,D,DER-002,Dermacare LiftCream,Aesthetic,Dermacare,Pharmacy/B2B,8,37.0,EUR,0.0,296.0,296.0
TXN-DE-1-000445,2026-08-25 14:11:20,2026-08-25 14:15:20,DE,SaaS Platform,D,VIT-001,Vitalis C1000,Supplement,Vitalis,D2C,7,21.0,EUR,0.0,147.0,147.0
TXN-DE-1-000446,2026-08-25 00:56:33,2026-08-25 00:59:33,DE,SaaS Platform,D,DER-001,Dermacare GlowSerum,Aesthetic,Dermacare,Pharmacy/B2B,8,32.0,EUR,0.0,256.0,256.0
TXN-DE-1-000447,2026-08-25 01:33:34,2026-08-25 01:34:34,DE,SaaS Platform,D,SAN-001,SanaPlus PainRelief,OTC,SanaPlus,D2C,2,9.5,EUR,0.2,19.0,15.2
TXN-DE-1-000448,2026-08-25 08:06:01,2026-08-25 08:07:01,DE,SaaS Platform,D,DER-001,Dermacare GlowSerum,Aesthetic,Dermacare,Wholesale,3,32.0,EUR,0.0,96.0,96.0
TXN-DE-1-000449,2026-08-25 01:28:31,2026-08-25 01:34:31,DE,SaaS Platform,D,PUR-001,PureLife GlucoMonitor,Medical Device,PureLife,Wholesale,2,85.0,EUR,0.0,170.0,170.0
TXN-DE-1-000450,2026-08-25 00:07:29,2026-08-25 00:13:29,DE,SaaS Platform,D,DER-001,Dermacare GlowSerum,Aesthetic,Dermacare,Wholesale,9,32.0,EUR,0.1,288.0,259.2
TXN-DE-1-000451,2026-08-25 02:08:52,2026-08-25 02:14:52,DE,SaaS Platform,D,SAN-001,SanaPlus PainRelief,OTC,SanaPlus,Pharmacy/B2B,8,9.5,EUR,0.0,76.0,76.0
TXN-DE-1-000452,2026-08-25 19:31:33,2026-08-25 19:33:33,DE,SaaS Platform,D,MED-001,Medora Cardio 10mg,Prescription,Medora,Wholesale,7,43.0,EUR,0.0,301.0,301.0
TXN-DE-1-000453,2026-08-25 06:59:48,2026-08-25 07:04:48,DE,SaaS Platform,D,MED-002,Medora Derm Cream,Prescription,Medora,Pharmacy/B2B,6,26.0,EUR,0.2,156.0,124.8
TXN-DE-1-000454,2026-08-25 05:52:26,2026-08-25 05:54:26,DE,SaaS Platform,D,VIT-002,Vitalis Multivit,Supplement,Vitalis,E-commerce,9,17.0,EUR,0.0,153.0,153.0
TXN-DE-1-000455,2026-08-25 06:35:21,2026-08-25 06:37:21,DE,SaaS Platform,D,PUR-001,PureLife GlucoMonitor,Medical Device,PureLife,E-commerce,5,85.0,EUR,0.0,425.0,425.0
TXN-DE-1-000456,2026-08-25 19:31:01,2026-08-25 19:34:01,DE,SaaS Platform,D,DER-002,Dermacare LiftCream,Aesthetic,Dermacare,D2C,3,37.0,EUR,0.1,111.0,99.9
TXN-DE-1-000457,2026-08-25 07:00:45,2026-08-25 07:03:45,DE,SaaS Platform,D,PUR-002,PureLife BP Monitor,Medical Device,PureLife,D2C,1,90.0,EUR,0.0,90.0,90.0
TXN-DE-1-000458,2026-08-25 09:56:12,2026-08-25 09:57:12,DE,SaaS Platform,D,MED-001,Medora Cardio 10mg,Prescription,Medora,D2C,8,43.0,EUR,0.1,344.0,309.6
TXN-DE-1-000459,2026-08-25 04:13:01,2026-08-25 04:15:01,DE,SaaS Platform,D,SAN-002,SanaPlus ColdFlu,OTC,SanaPlus,Pharmacy/B2B,12,10.5,EUR,0.0,126.0,126.0
TXN-DE-1-000460,2026-08-25 08:57:59,2026-08-25 09:00:59,DE,SaaS Platform,D,MED-001,Medora Cardio 10mg,Prescription,Medora,D2C,4,43.0,EUR,0.0,172.0,172.0
TXN-DE-1-000461,2026-08-25 16:07:44,2026-08-25 16:09:44,DE,SaaS Platform,D,VIT-001,Vitalis C1000,Supplement,Vitalis,E-commerce,1,21.0,EUR,0.2,21.0,16.8
TXN-DE-1-000462,2026-08-25 15:53:56,2026-08-25 15:56:56,DE,SaaS Platform,D,MED-002,Medora Derm Cream,Prescription,Medora,D2C,8,26.0,EUR,0.1,208.0,187.2
TXN-DE-1-000463,2026-08-25 01:29:25,2026-08-25 01:34:25,DE,SaaS Platform,D,DER-002,Dermacare LiftCream,Aesthetic,Dermacare,E-commerce,1,37.0,EUR,0.0,37.0,37.0
TXN-DE-1-000464,2026-08-25 19:40:37,2026-08-25 19:41:37,DE,SaaS Platform,D,MED-002,Medora Derm Cream,Prescription,Medora,Pharmacy/B2B,5,26.0,EUR,0.0,130.0,130.0
TXN-DE-1-000465,2026-08-25 22:38:54,2026-08-25 22:41:54,DE,SaaS Platform,D,SAN-002,SanaPlus ColdFlu,OTC,SanaPlus,E-commerce,5,10.5,EUR,0.0,52.5,52.5
TXN-DE-1-000466,2026-08-25 22:19:41,2026-08-25 22:22:41,DE,SaaS Platform,D,VIT-001,Vitalis C1000,Supplement,Vitalis,Pharmacy/B2B,11,21.0,EUR,0.0,231.0,231.0
TXN-DE-1-000467,2026-08-25 10:28:57,2026-08-25 10:32:57,DE,SaaS Platform,D,PUR-001,PureLife GlucoMonitor,Medical Device,PureLife,Wholesale,8,85.0,EUR,0.0,680.0,680.0
TXN-DE-1-000468,2026-08-25 22:53:39,2026-08-25 22:55:39,DE,SaaS Platform,D,PUR-001,PureLife GlucoMonitor,Medical Device,PureLife,Pharmacy/B2B,3,85.0,EUR,0.0,255.0,255.0
TXN-DE-1-000469,2026-08-25 23:21:30,2026-08-25 23:26:30,DE,SaaS Platform,D,PUR-001,PureLife GlucoMonitor,Medical Device,PureLife,E-commerce,1,85.0,EUR,0.05,85.0,80.75
TXN-DE-1-000470,2026-08-25 08:04:59,2026-08-25 08:07:59,DE,SaaS Platform,D,DER-002,Dermacare LiftCream,Aesthetic,Dermacare,Pharmacy/B2B,11,37.0,EUR,0.0,407.0,407.0
TXN-DE-1-000471,2026-08-25 16:55:03,2026-08-25 17:00:03,DE,SaaS Platform,D,PUR-002,PureLife BP Monitor,Medical Device,PureLife,Pharmacy/B2B,11,90.0,EUR,0.0,990.0,990.0
TXN-DE-1-000472,2026-08-25 03:32:39,2026-08-25 03:34:39,DE,SaaS Platform,D,PUR-002,PureLife BP Monitor,Medical Device,PureLife,Wholesale,5,90.0,EUR,0.0,450.0,450.0
TXN-DE-1-000473,2026-08-25 14:39:16,2026-08-25 14:44:16,DE,SaaS Platform,D,PUR-002,PureLife BP Monitor,Medical Device,PureLife,Pharmacy/B2B,6,90.0,EUR,0.2,540.0,432.0
TXN-DE-1-000474,2026-08-25 12:05:07,2026-08-25 12:10:07,DE,SaaS Platform,D,SAN-002,SanaPlus ColdFlu,OTC,SanaPlus,D2C,8,10.5,EUR,0.2,84.0,67.2
TXN-DE-1-000475,2026-08-25 13:32:49,2026-08-25 13:37:49,DE,SaaS Platform,D,PUR-002,PureLife BP Monitor,Medical Device,PureLife,D2C,12,90.0,EUR,0.2,1080.0,864.0
TXN-DE-1-000476,2026-08-25 00:45:33,2026-08-25 00:50:33,DE,SaaS Platform,D,SAN-001,SanaPlus PainRelief,OTC,SanaPlus,E-commerce,10,9.5,EUR,0.15,95.0,80.75
TXN-DE-1-000477,2026-08-25 00:01:26,2026-08-25 00:05:26,DE,SaaS Platform,D,PUR-002,PureLife BP Monitor,Medical Device,PureLife,Wholesale,10,90.0,EUR,0.15,900.0,765.0
TXN-DE-1-000478,2026-08-25 01:46:41,2026-08-25 01:52:41,DE,SaaS Platform,D,SAN-001,SanaPlus PainRelief,OTC,SanaPlus,D2C,3,9.5,EUR,0.1,28.5,25.65
TXN-DE-1-000479,2026-08-25 22:07:37,2026-08-25 22:12:37,DE,SaaS Platform,D,DER-001,Dermacare GlowSerum,Aesthetic,Dermacare,Pharmacy/B2B,7,32.0,EUR,0.0,224.0,224.0
TXN-DE-1-000480,2026-08-25 01:45:53,2026-08-25 01:49:53,DE,SaaS Platform,D,SAN-002,SanaPlus ColdFlu,OTC,SanaPlus,Wholesale,8,10.5,EUR,0.0,84.0,84.0
TXN-DE-1-000481,2026-08-25 08:30:09,2026-08-25 08:34:09,DE,SaaS Platform,D,SAN-001,SanaPlus PainRelief,OTC,SanaPlus,D2C,8,9.5,EUR,0.0,76.0,76.0
TXN-DE-1-000482,2026-08-25 03:01:18,2026-08-25 03:05:18,DE,SaaS Platform,D,SAN-002,SanaPlus ColdFlu,OTC,SanaPlus,E-commerce,8,10.5,EUR,0.05,84.0,79.8
TXN-DE-1-000483,2026-08-25 03:23:40,2026-08-25 03:25:40,DE,SaaS Platform,D,DER-001,Dermacare GlowSerum,Aesthetic,Dermacare,Pharmacy/B2B,5,32.0,EUR,0.1,160.0,144.0
TXN-DE-1-000484,2026-08-25 20:05:30,2026-08-25 20:06:30,DE,SaaS Platform,D,VIT-001,Vitalis C1000,Supplement,Vitalis,D2C,4,21.0,EUR,0.15,84.0,71.4
TXN-DE-1-000485,2026-08-25 00:44:46,2026-08-25 00:49:46,DE,SaaS Platform,D,SAN-001,SanaPlus PainRelief,OTC,SanaPlus,E-commerce,8,9.5,EUR,0.15,76.0,64.6
TXN-DE-1-000486,2026-08-25 14:30:28,2026-08-25 14:35:28,DE,SaaS Platform,D,PUR-002,PureLife BP Monitor,Medical Device,PureLife,E-commerce,11,90.0,EUR,0.1,990.0,891.0
TXN-DE-1-000487,2026-08-25 14:28:56,2026-08-25 14:31:56,DE,SaaS Platform,D,SAN-001,SanaPlus PainRelief,OTC,SanaPlus,D2C,8,9.5,EUR,0.2,76.0,60.8
TXN-DE-1-000488,2026-08-25 18:09:51,2026-08-25 18:11:51,DE,SaaS Platform,D,SAN-002,SanaPlus ColdFlu,OTC,SanaPlus,Pharmacy/B2B,9,10.5,EUR,0.0,94.5,94.5
TXN-DE-1-000489,2026-08-25 06:42:21,2026-08-25 06:44:21,DE,SaaS Platform,D,VIT-001,Vitalis C1000,Supplement,Vitalis,D2C,3,21.0,EUR,0.0,63.0,63.0
TXN-DE-1-000490,2026-08-25 10:58:35,2026-08-25 11:03:35,DE,SaaS Platform,D,MED-001,Medora Cardio 10mg,Prescription,Medora,Pharmacy/B2B,5,43.0,EUR,0.0,215.0,215.0
TXN-DE-1-000491,2026-08-25 16:32:35,2026-08-25 16:38:35,DE,SaaS Platform,D,VIT-001,Vitalis C1000,Supplement,Vitalis,D2C,2,21.0,EUR,0.15,42.0,35.7
TXN-DE-1-000492,2026-08-25 12:03:04,2026-08-25 12:06:04,DE,SaaS Platform,D,VIT-002,Vitalis Multivit,Supplement,Vitalis,Wholesale,10,17.0,EUR,0.0,170.0,170.0
TXN-DE-1-000493,2026-08-25 11:55:42,2026-08-25 12:00:42,DE,SaaS Platform,D,SAN-002,SanaPlus ColdFlu,OTC,SanaPlus,D2C,8,10.5,EUR,0.0,84.0,84.0
TXN-DE-1-000494,2026-08-25 21:17:51,2026-08-25 21:18:51,DE,SaaS Platform,D,DER-001,Dermacare GlowSerum,Aesthetic,Dermacare,E-commerce,8,32.0,EUR,0.1,256.0,230.4
TXN-DE-1-000495,2026-08-25 13:47:33,2026-08-25 13:48:33,DE,SaaS Platform,D,VIT-001,Vitalis C1000,Supplement,Vitalis,D2C,3,21.0,EUR,0.0,63.0,63.0
TXN-DE-1-000496,2026-08-25 16:27:47,2026-08-25 16:28:47,DE,SaaS Platform,D,VIT-002,Vitalis Multivit,Supplement,Vitalis,E-commerce,4,17.0,EUR,0.15,68.0,57.8
TXN-DE-1-000497,2026-08-25 05:15:26,2026-08-25 05:20:26,DE,SaaS Platform,D,SAN-002,SanaPlus ColdFlu,OTC,SanaPlus,D2C,6,10.5,EUR,0.0,63.0,63.0
TXN-DE-1-000498,2026-08-25 08:05:29,2026-08-25 08:06:29,DE,SaaS Platform,D,SAN-002,SanaPlus ColdFlu,OTC,SanaPlus,E-commerce,9,10.5,EUR,0.05,94.5,89.77
TXN-DE-1-000499,2026-08-25 08:14:29,2026-08-25 08:15:29,DE,SaaS Platform,D,SAN-001,SanaPlus PainRelief,OTC,SanaPlus,Pharmacy/B2B,3,9.5,EUR,0.1,28.5,25.65
TXN-DE-1-000500,2026-08-25 15:50:27,2026-08-25 15:54:27,DE,SaaS Platform,D,VIT-001,Vitalis C1000,Supplement,Vitalis,Pharmacy/B2B,8,21.0,EUR,0.0,168.0,168.0
TXN-DE-1-000501,2026-08-25 03:36:43,2026-08-25 03:40:43,DE,SaaS Platform,D,SAN-001,SanaPlus PainRelief,OTC,SanaPlus,E-commerce,10,9.5,EUR,0.0,95.0,95.0
TXN-DE-1-000502,2026-08-25 04:46:13,2026-08-25 04:47:13,DE,SaaS Platform,D,SAN-001,SanaPlus PainRelief,OTC,SanaPlus,Pharmacy/B2B,7,9.5,EUR,0.05,66.5,63.17
TXN-DE-1-000503,2026-08-25 19:43:05,2026-08-25 19:45:05,DE,SaaS Platform,D,MED-002,Medora Derm Cream,Prescription,Medora,D2C,11,26.0,EUR,0.0,286.0,286.0
TXN-DE-1-000504,2026-08-25 21:29:37,2026-08-25 21:31:37,DE,SaaS Platform,D,DER-001,Dermacare GlowSerum,Aesthetic,Dermacare,Wholesale,10,32.0,EUR,0.0,320.0,320.0
TXN-DE-1-000505,2026-08-25 17:17:18,2026-08-25 17:18:18,DE,SaaS Platform,D,DER-001,Dermacare GlowSerum,Aesthetic,Dermacare,E-commerce,3,32.0,EUR,0.2,96.0,76.8
TXN-DE-1-000506,2026-08-25 12:55:24,2026-08-25 12:56:24,DE,SaaS Platform,D,VIT-002,Vitalis Multivit,Supplement,Vitalis,Pharmacy/B2B,4,17.0,EUR,0.1,68.0,61.2
TXN-DE-1-000507,2026-08-25 05:42:44,2026-08-25 05:47:44,DE,SaaS Platform,D,MED-001,Medora Cardio 10mg,Prescription,Medora,D2C,9,43.0,EUR,0.2,387.0,309.6
TXN-DE-1-000508,2026-08-25 13:02:42,2026-08-25 13:03:42,DE,SaaS Platform,D,VIT-001,Vitalis C1000,Supplement,Vitalis,E-commerce,1,21.0,EUR,0.05,21.0,19.95
TXN-DE-1-000509,2026-08-25 03:28:00,2026-08-25 03:34:00,DE,SaaS Platform,D,PUR-002,PureLife BP Monitor,Medical Device,PureLife,Pharmacy/B2B,2,90.0,EUR,0.1,180.0,162.0
TXN-DE-1-000510,2026-08-25 08:42:53,2026-08-25 08:48:53,DE,SaaS Platform,D,VIT-002,Vitalis Multivit,Supplement,Vitalis,E-commerce,6,17.0,EUR,0.1,102.0,91.8
TXN-DE-1-000511,2026-08-25 08:13:02,2026-08-25 08:17:02,DE,SaaS Platform,D,PUR-002,PureLife BP Monitor,Medical Device,PureLife,Wholesale,2,90.0,EUR,0.1,180.0,162.0
TXN-DE-1-000512,2026-08-25 02:14:59,2026-08-25 02:15:59,DE,SaaS Platform,D,MED-001,Medora Cardio 10mg,Prescription,Medora,Pharmacy/B2B,3,43.0,EUR,0.15,129.0,109.65
TXN-DE-1-000513,2026-08-25 21:10:53,2026-08-25 21:16:53,DE,SaaS Platform,D,SAN-002,SanaPlus ColdFlu,OTC,SanaPlus,Wholesale,2,10.5,EUR,0.05,21.0,19.95
TXN-DE-1-000514,2026-08-25 05:19:25,2026-08-25 05:21:25,DE,SaaS Platform,D,SAN-002,SanaPlus ColdFlu,OTC,SanaPlus,Wholesale,12,10.5,EUR,0.15,126.0,107.1
TXN-DE-1-000515,2026-08-25 10:13:21,2026-08-25 10:19:21,DE,SaaS Platform,D,DER-002,Dermacare LiftCream,Aesthetic,Dermacare,Pharmacy/B2B,9,37.0,EUR,0.15,333.0,283.05
TXN-DE-1-000516,2026-08-25 13:24:55,2026-08-25 13:27:55,DE,SaaS Platform,D,PUR-002,PureLife BP Monitor,Medical Device,PureLife,D2C,1,90.0,EUR,0.15,90.0,76.5
TXN-DE-1-000517,2026-08-25 16:21:56,2026-08-25 16:26:56,DE,SaaS Platform,D,PUR-002,PureLife BP Monitor,Medical Device,PureLife,E-commerce,4,90.0,EUR,0.0,360.0,360.0
TXN-DE-1-000518,2026-08-25 10:24:01,2026-08-25 10:27:01,DE,SaaS Platform,D,VIT-002,Vitalis Multivit,Supplement,Vitalis,E-commerce,12,17.0,EUR,0.0,204.0,204.0
TXN-DE-1-000519,2026-08-25 03:00:58,2026-08-25 03:04:58,DE,SaaS Platform,D,DER-002,Dermacare LiftCream,Aesthetic,Dermacare,Wholesale,9,37.0,EUR,0.2,333.0,266.4
TXN-DE-1-000520,2026-08-25 02:44:51,2026-08-25 02:47:51,DE,SaaS Platform,D,SAN-002,SanaPlus ColdFlu,OTC,SanaPlus,Wholesale,5,10.5,EUR,0.05,52.5,49.88
TXN-DE-1-000521,2026-08-25 10:29:00,2026-08-25 10:31:00,DE,SaaS Platform,D,DER-002,Dermacare LiftCream,Aesthetic,Dermacare,Pharmacy/B2B,12,37.0,EUR,0.0,444.0,444.0
TXN-DE-1-000522,2026-08-25 22:23:21,2026-08-25 22:26:21,DE,SaaS Platform,D,SAN-002,SanaPlus ColdFlu,OTC,SanaPlus,E-commerce,11,10.5,EUR,0.1,115.5,103.95
TXN-DE-1-000523,2026-08-25 03:48:05,2026-08-25 03:49:05,DE,SaaS Platform,D,DER-002,Dermacare LiftCream,Aesthetic,Dermacare,Wholesale,7,37.0,EUR,0.05,259.0,246.05
TXN-DE-1-000524,2026-08-25 15:35:00,2026-08-25 15:38:00,DE,SaaS Platform,D,MED-001,Medora Cardio 10mg,Prescription,Medora,D2C,3,43.0,EUR,0.15,129.0,109.65
TXN-DE-1-000525,2026-08-25 17:08:45,2026-08-25 17:14:45,DE,SaaS Platform,D,DER-001,Dermacare GlowSerum,Aesthetic,Dermacare,Pharmacy/B2B,3,32.0,EUR,0.0,96.0,96.0
TXN-DE-1-000526,2026-08-25 20:57:11,2026-08-25 20:59:11,DE,SaaS Platform,D,PUR-001,PureLife GlucoMonitor,Medical Device,PureLife,Pharmacy/B2B,12,85.0,EUR,0.15,1020.0,867.0
TXN-DE-1-000527,2026-08-25 11:41:34,2026-08-25 11:45:34,DE,SaaS Platform,D,PUR-001,PureLife GlucoMonitor,Medical Device,PureLife,Pharmacy/B2B,7,85.0,EUR,0.15,595.0,505.75
TXN-DE-1-000528,2026-08-25 02:42:02,2026-08-25 02:48:02,DE,SaaS Platform,D,PUR-002,PureLife BP Monitor,Medical Device,PureLife,Pharmacy/B2B,3,90.0,EUR,0.0,270.0,270.0
TXN-DE-1-000529,2026-08-25 08:57:11,2026-08-25 08:58:11,DE,SaaS Platform,D,MED-002,Medora Derm Cream,Prescription,Medora,Wholesale,8,26.0,EUR,0.15,208.0,176.8
TXN-DE-1-000530,2026-08-25 19:55:08,2026-08-25 20:01:08,DE,SaaS Platform,D,DER-002,Dermacare LiftCream,Aesthetic,Dermacare,Pharmacy/B2B,7,37.0,EUR,0.15,259.0,220.15
TXN-DE-1-000531,2026-08-25 17:23:49,2026-08-25 17:29:49,DE,SaaS Platform,D,DER-001,Dermacare GlowSerum,Aesthetic,Dermacare,E-commerce,6,32.0,EUR,0.0,192.0,192.0
TXN-DE-1-000532,2026-08-25 04:55:58,2026-08-25 04:57:58,DE,SaaS Platform,D,VIT-002,Vitalis Multivit,Supplement,Vitalis,Wholesale,2,17.0,EUR,0.1,34.0,30.6
TXN-DE-1-000533,2026-08-25 12:57:06,2026-08-25 13:02:06,DE,SaaS Platform,D,VIT-001,Vitalis C1000,Supplement,Vitalis,Pharmacy/B2B,3,21.0,EUR,0.05,63.0,59.85
TXN-DE-1-000534,2026-08-25 23:08:50,2026-08-25 23:13:50,DE,SaaS Platform,D,SAN-001,SanaPlus PainRelief,OTC,SanaPlus,D2C,7,9.5,EUR,0.0,66.5,66.5
TXN-DE-1-000535,2026-08-25 18:07:51,2026-08-25 18:08:51,DE,SaaS Platform,D,MED-002,Medora Derm Cream,Prescription,Medora,D2C,3,26.0,EUR,0.1,78.0,70.2
TXN-DE-1-000536,2026-08-25 11:20:37,2026-08-25 11:22:37,DE,SaaS Platform,D,MED-001,Medora Cardio 10mg,Prescription,Medora,Pharmacy/B2B,1,43.0,EUR,0.15,43.0,36.55
TXN-DE-1-000537,2026-08-25 08:54:51,2026-08-25 08:58:51,DE,SaaS Platform,D,SAN-002,SanaPlus ColdFlu,OTC,SanaPlus,E-commerce,10,10.5,EUR,0.2,105.0,84.0
TXN-DE-1-000538,2026-08-25 19:35:00,2026-08-25 19:40:00,DE,SaaS Platform,D,VIT-001,Vitalis C1000,Supplement,Vitalis,E-commerce,12,21.0,EUR,0.15,252.0,214.2
TXN-DE-1-000539,2026-08-25 02:39:47,2026-08-25 02:41:47,DE,SaaS Platform,D,VIT-001,Vitalis C1000,Supplement,Vitalis,D2C,7,21.0,EUR,0.0,147.0,147.0
TXN-DE-1-000540,2026-08-25 21:49:29,2026-08-25 21:55:29,DE,SaaS Platform,D,PUR-001,PureLife GlucoMonitor,Medical Device,PureLife,Wholesale,7,85.0,EUR,0.1,595.0,535.5
TXN-DE-1-000541,2026-08-25 07:35:53,2026-08-25 07:37:53,DE,SaaS Platform,D,DER-002,Dermacare LiftCream,Aesthetic,Dermacare,D2C,2,37.0,EUR,0.05,74.0,70.3
TXN-DE-1-000542,2026-08-25 23:59:50,2026-08-26 00:04:50,DE,SaaS Platform,D,VIT-002,Vitalis Multivit,Supplement,Vitalis,Wholesale,7,17.0,EUR,0.0,119.0,119.0
TXN-DE-1-000543,2026-08-25 20:45:27,2026-08-25 20:46:27,DE,SaaS Platform,D,SAN-002,SanaPlus ColdFlu,OTC,SanaPlus,E-commerce,9,10.5,EUR,0.0,94.5,94.5
TXN-DE-1-000544,2026-08-25 01:30:05,2026-08-25 01:31:05,DE,SaaS Platform,D,MED-002,Medora Derm Cream,Prescription,Medora,D2C,11,26.0,EUR,0.2,286.0,228.8
TXN-DE-1-000545,2026-08-25 01:06:15,2026-08-25 01:10:15,DE,SaaS Platform,D,SAN-002,SanaPlus ColdFlu,OTC,SanaPlus,E-commerce,12,10.5,EUR,0.05,126.0,119.7
TXN-DE-1-000546,2026-08-25 14:18:20,2026-08-25 14:21:20,DE,SaaS Platform,D,VIT-001,Vitalis C1000,Supplement,Vitalis,Wholesale,8,21.0,EUR,0.2,168.0,134.4
TXN-DE-1-000547,2026-08-25 08:01:18,2026-08-25 08:04:18,DE,SaaS Platform,D,MED-002,Medora Derm Cream,Prescription,Medora,E-commerce,8,26.0,EUR,0.0,208.0,208.0
TXN-DE-1-000548,2026-08-25 10:10:54,2026-08-25 10:13:54,DE,SaaS Platform,D,SAN-002,SanaPlus ColdFlu,OTC,SanaPlus,E-commerce,4,10.5,EUR,0.05,42.0,39.9
TXN-DE-1-000549,2026-08-25 13:18:17,2026-08-25 13:24:17,DE,SaaS Platform,D,DER-001,Dermacare GlowSerum,Aesthetic,Dermacare,D2C,7,32.0,EUR,0.1,224.0,201.6
TXN-DE-1-000550,2026-08-25 17:05:07,2026-08-25 17:09:07,DE,SaaS Platform,D,SAN-001,SanaPlus PainRelief,OTC,SanaPlus,Wholesale,9,9.5,EUR,0.0,85.5,85.5
TXN-DE-1-000551,2026-08-25 21:25:59,2026-08-25 21:29:59,DE,SaaS Platform,D,VIT-001,Vitalis C1000,Supplement,Vitalis,E-commerce,5,21.0,EUR,0.2,105.0,84.0
TXN-DE-1-000552,2026-08-25 21:02:07,2026-08-25 21:05:07,DE,SaaS Platform,D,SAN-002,SanaPlus ColdFlu,OTC,SanaPlus,Pharmacy/B2B,1,10.5,EUR,0.0,10.5,10.5
TXN-DE-1-000553,2026-08-25 14:48:39,2026-08-25 14:54:39,DE,SaaS Platform,D,VIT-001,Vitalis C1000,Supplement,Vitalis,D2C,1,21.0,EUR,0.05,21.0,19.95
TXN-DE-1-000554,2026-08-25 21:03:57,2026-08-25 21:05:57,DE,SaaS Platform,D,PUR-002,PureLife BP Monitor,Medical Device,PureLife,Wholesale,6,90.0,EUR,0.05,540.0,513.0
TXN-DE-1-000555,2026-08-25 19:26:10,2026-08-25 19:29:10,DE,SaaS Platform,D,MED-002,Medora Derm Cream,Prescription,Medora,E-commerce,11,26.0,EUR,0.0,286.0,286.0
TXN-DE-1-000556,2026-08-25 15:21:13,2026-08-25 15:23:13,DE,SaaS Platform,D,DER-002,Dermacare LiftCream,Aesthetic,Dermacare,Wholesale,12,37.0,EUR,0.05,444.0,421.8
TXN-DE-1-000557,2026-08-25 06:31:44,2026-08-25 06:36:44,DE,SaaS Platform,D,VIT-002,Vitalis Multivit,Supplement,Vitalis,D2C,12,17.0,EUR,0.0,204.0,204.0
TXN-DE-1-000558,2026-08-25 22:21:03,2026-08-25 22:25:03,DE,SaaS Platform,D,PUR-002,PureLife BP Monitor,Medical Device,PureLife,E-commerce,5,90.0,EUR,0.15,450.0,382.5
TXN-DE-1-000559,2026-08-25 09:48:16,2026-08-25 09:50:16,DE,SaaS Platform,D,MED-002,Medora Derm Cream,Prescription,Medora,E-commerce,10,26.0,EUR,0.0,260.0,260.0
TXN-DE-1-000560,2026-08-25 10:57:53,2026-08-25 11:01:53,DE,SaaS Platform,D,SAN-002,SanaPlus ColdFlu,OTC,SanaPlus,Pharmacy/B2B,3,10.5,EUR,0.0,31.5,31.5
TXN-DE-1-000561,2026-08-25 07:07:54,2026-08-25 07:10:54,DE,SaaS Platform,D,DER-002,Dermacare LiftCream,Aesthetic,Dermacare,Wholesale,9,37.0,EUR,0.2,333.0,266.4
TXN-DE-1-000562,2026-08-25 00:13:39,2026-08-25 00:16:39,DE,SaaS Platform,D,SAN-002,SanaPlus ColdFlu,OTC,SanaPlus,Wholesale,12,10.5,EUR,0.1,126.0,113.4
TXN-DE-1-000563,2026-08-25 16:52:50,2026-08-25 16:54:50,DE,SaaS Platform,D,SAN-002,SanaPlus ColdFlu,OTC,SanaPlus,Pharmacy/B2B,9,10.5,EUR,0.0,94.5,94.5
TXN-DE-1-000564,2026-08-25 23:51:49,2026-08-25 23:52:49,DE,SaaS Platform,D,DER-002,Dermacare LiftCream,Aesthetic,Dermacare,Pharmacy/B2B,4,37.0,EUR,0.0,148.0,148.0
TXN-DE-1-000565,2026-08-25 23:39:21,2026-08-25 23:44:21,DE,SaaS Platform,D,PUR-001,PureLife GlucoMonitor,Medical Device,PureLife,E-commerce,2,85.0,EUR,0.0,170.0,170.0
TXN-DE-1-000566,2026-08-25 16:29:07,2026-08-25 16:34:07,DE,SaaS Platform,D,VIT-001,Vitalis C1000,Supplement,Vitalis,E-commerce,4,21.0,EUR,0.05,84.0,79.8
TXN-DE-1-000567,2026-08-25 23:29:15,2026-08-25 23:35:15,DE,SaaS Platform,D,VIT-001,Vitalis C1000,Supplement,Vitalis,Pharmacy/B2B,10,21.0,EUR,0.15,210.0,178.5
TXN-DE-1-000568,2026-08-25 09:49:13,2026-08-25 09:52:13,DE,SaaS Platform,D,MED-002,Medora Derm Cream,Prescription,Medora,Wholesale,8,26.0,EUR,0.05,208.0,197.6
TXN-DE-1-000569,2026-08-25 16:12:42,2026-08-25 16:13:42,DE,SaaS Platform,D,DER-001,Dermacare GlowSerum,Aesthetic,Dermacare,E-commerce,7,32.0,EUR,0.15,224.0,190.4
TXN-DE-1-000570,2026-08-25 07:59:57,2026-08-25 08:05:57,DE,SaaS Platform,D,VIT-001,Vitalis C1000,Supplement,Vitalis,Wholesale,4,21.0,EUR,0.0,84.0,84.0
TXN-DE-1-000571,2026-08-25 04:06:28,2026-08-25 04:07:28,DE,SaaS Platform,D,VIT-001,Vitalis C1000,Supplement,Vitalis,E-commerce,1,21.0,EUR,0.2,21.0,16.8
TXN-DE-1-000572,2026-08-25 01:47:03,2026-08-25 01:53:03,DE,SaaS Platform,D,PUR-001,PureLife GlucoMonitor,Medical Device,PureLife,D2C,9,85.0,EUR,0.0,765.0,765.0
TXN-DE-1-000573,2026-08-25 04:36:20,2026-08-25 04:40:20,DE,SaaS Platform,D,SAN-001,SanaPlus PainRelief,OTC,SanaPlus,E-commerce,4,9.5,EUR,0.2,38.0,30.4
TXN-DE-1-000574,2026-08-25 07:44:14,2026-08-25 07:48:14,DE,SaaS Platform,D,DER-002,Dermacare LiftCream,Aesthetic,Dermacare,Wholesale,1,37.0,EUR,0.2,37.0,29.6
TXN-DE-1-000575,2026-08-25 18:33:02,2026-08-25 18:35:02,DE,SaaS Platform,D,PUR-001,PureLife GlucoMonitor,Medical Device,PureLife,Wholesale,8,85.0,EUR,0.15,680.0,578.0
TXN-DE-1-000576,2026-08-25 23:14:01,2026-08-25 23:15:01,DE,SaaS Platform,D,VIT-002,Vitalis Multivit,Supplement,Vitalis,Wholesale,1,17.0,EUR,0.2,17.0,13.6
TXN-DE-1-000577,2026-08-25 12:13:03,2026-08-25 12:19:03,DE,SaaS Platform,D,SAN-001,SanaPlus PainRelief,OTC,SanaPlus,D2C,7,9.5,EUR,0.1,66.5,59.85
TXN-DE-1-000578,2026-08-25 04:50:43,2026-08-25 04:51:43,DE,SaaS Platform,D,PUR-001,PureLife GlucoMonitor,Medical Device,PureLife,D2C,7,85.0,EUR,0.0,595.0,595.0
TXN-DE-1-000579,2026-08-25 20:41:22,2026-08-25 20:47:22,DE,SaaS Platform,D,MED-001,Medora Cardio 10mg,Prescription,Medora,Pharmacy/B2B,4,43.0,EUR,0.0,172.0,172.0
TXN-DE-1-000580,2026-08-25 09:31:22,2026-08-25 09:36:22,DE,SaaS Platform,D,SAN-002,SanaPlus ColdFlu,OTC,SanaPlus,Pharmacy/B2B,10,10.5,EUR,0.0,105.0,105.0
TXN-DE-1-000581,2026-08-25 13:37:27,2026-08-25 13:38:27,DE,SaaS Platform,D,MED-001,Medora Cardio 10mg,Prescription,Medora,Pharmacy/B2B,2,43.0,EUR,0.0,86.0,86.0
TXN-DE-1-000582,2026-08-25 10:37:23,2026-08-25 10:41:23,DE,SaaS Platform,D,MED-002,Medora Derm Cream,Prescription,Medora,Wholesale,6,26.0,EUR,0.2,156.0,124.8
TXN-DE-1-000583,2026-08-25 19:19:06,2026-08-25 19:25:06,DE,SaaS Platform,D,MED-001,Medora Cardio 10mg,Prescription,Medora,Pharmacy/B2B,4,43.0,EUR,0.1,172.0,154.8
TXN-DE-1-000584,2026-08-25 18:33:10,2026-08-25 18:38:10,DE,SaaS Platform,D,MED-001,Medora Cardio 10mg,Prescription,Medora,D2C,5,43.0,EUR,0.15,215.0,182.75
TXN-DE-1-000585,2026-08-25 02:28:50,2026-08-25 02:29:50,DE,SaaS Platform,D,SAN-001,SanaPlus PainRelief,OTC,SanaPlus,Pharmacy/B2B,5,9.5,EUR,0.0,47.5,47.5
TXN-DE-1-000586,2026-08-25 02:19:32,2026-08-25 02:22:32,DE,SaaS Platform,D,DER-001,Dermacare GlowSerum,Aesthetic,Dermacare,Wholesale,9,32.0,EUR,0.0,288.0,288.0
TXN-DE-1-000587,2026-08-25 02:45:41,2026-08-25 02:51:41,DE,SaaS Platform,D,VIT-002,Vitalis Multivit,Supplement,Vitalis,D2C,4,17.0,EUR,0.1,68.0,61.2
TXN-DE-1-000588,2026-08-25 23:05:39,2026-08-25 23:11:39,DE,SaaS Platform,D,MED-002,Medora Derm Cream,Prescription,Medora,D2C,9,26.0,EUR,0.15,234.0,198.9
TXN-DE-1-000589,2026-08-25 07:54:34,2026-08-25 07:58:34,DE,SaaS Platform,D,SAN-001,SanaPlus PainRelief,OTC,SanaPlus,Wholesale,6,9.5,EUR,0.0,57.0,57.0
TXN-DE-1-000590,2026-08-25 18:24:41,2026-08-25 18:25:41,DE,SaaS Platform,D,VIT-002,Vitalis Multivit,Supplement,Vitalis,Pharmacy/B2B,10,17.0,EUR,0.15,170.0,144.5
TXN-DE-1-000591,2026-08-25 00:26:15,2026-08-25 00:27:15,DE,SaaS Platform,D,DER-001,Dermacare GlowSerum,Aesthetic,Dermacare,D2C,7,32.0,EUR,0.0,224.0,224.0
TXN-DE-1-000592,2026-08-25 16:17:18,2026-08-25 16:18:18,DE,SaaS Platform,D,DER-002,Dermacare LiftCream,Aesthetic,Dermacare,Wholesale,9,37.0,EUR,0.0,333.0,333.0
TXN-DE-1-000593,2026-08-25 01:18:50,2026-08-25 01:19:50,DE,SaaS Platform,D,PUR-002,PureLife BP Monitor,Medical Device,PureLife,Pharmacy/B2B,3,90.0,EUR,0.05,270.0,256.5
TXN-DE-1-000594,2026-08-25 23:55:21,2026-08-25 23:56:21,DE,SaaS Platform,D,DER-001,Dermacare GlowSerum,Aesthetic,Dermacare,E-commerce,8,32.0,EUR,0.15,256.0,217.6
TXN-DE-1-000595,2026-08-25 03:44:38,2026-08-25 03:48:38,DE,SaaS Platform,D,MED-002,Medora Derm Cream,Prescription,Medora,Pharmacy/B2B,6,26.0,EUR,0.1,156.0,140.4
TXN-DE-1-000596,2026-08-25 14:10:21,2026-08-25 14:14:21,DE,SaaS Platform,D,PUR-001,PureLife GlucoMonitor,Medical Device,PureLife,Wholesale,2,85.0,EUR,0.0,170.0,170.0
TXN-DE-1-000597,2026-08-25 20:42:27,2026-08-25 20:47:27,DE,SaaS Platform,D,DER-002,Dermacare LiftCream,Aesthetic,Dermacare,Wholesale,8,37.0,EUR,0.0,296.0,296.0
TXN-DE-1-000598,2026-08-25 21:05:09,2026-08-25 21:11:09,DE,SaaS Platform,D,PUR-001,PureLife GlucoMonitor,Medical Device,PureLife,E-commerce,11,85.0,EUR,0.0,935.0,935.0
TXN-DE-1-000599,2026-08-25 05:49:09,2026-08-25 05:53:09,DE,SaaS Platform,D,MED-002,Medora Derm Cream,Prescription,Medora,Wholesale,1,26.0,EUR,0.15,26.0,22.1
TXN-DE-1-000600,2026-08-25 11:40:54,2026-08-25 11:41:54,DE,SaaS Platform,D,SAN-002,SanaPlus ColdFlu,OTC,SanaPlus,E-commerce,6,10.5,EUR,0.0,63.0,63.0
TXN-DE-1-000601,2026-08-25 09:18:19,2026-08-25 09:21:19,DE,SaaS Platform,D,PUR-001,PureLife GlucoMonitor,Medical Device,PureLife,Pharmacy/B2B,10,85.0,EUR,0.0,850.0,850.0
TXN-DE-1-000602,2026-08-25 15:21:50,2026-08-25 15:24:50,DE,SaaS Platform,D,DER-002,Dermacare LiftCream,Aesthetic,Dermacare,E-commerce,9,37.0,EUR,0.0,333.0,333.0
TXN-DE-1-000603,2026-08-25 08:59:23,2026-08-25 09:02:23,DE,SaaS Platform,D,VIT-002,Vitalis Multivit,Supplement,Vitalis,E-commerce,10,17.0,EUR,0.15,170.0,144.5
TXN-DE-1-000604,2026-08-25 21:36:00,2026-08-25 21:41:00,DE,SaaS Platform,D,VIT-001,Vitalis C1000,Supplement,Vitalis,D2C,3,21.0,EUR,0.05,63.0,59.85
TXN-DE-1-000605,2026-08-25 14:34:12,2026-08-25 14:40:12,DE,SaaS Platform,D,VIT-001,Vitalis C1000,Supplement,Vitalis,Pharmacy/B2B,8,21.0,EUR,0.2,168.0,134.4
TXN-DE-1-000606,2026-08-25 17:32:53,2026-08-25 17:35:53,DE,SaaS Platform,D,PUR-001,PureLife GlucoMonitor,Medical Device,PureLife,Pharmacy/B2B,2,85.0,EUR,0.15,170.0,144.5
TXN-DE-1-000607,2026-08-25 12:01:26,2026-08-25 12:06:26,DE,SaaS Platform,D,SAN-001,SanaPlus PainRelief,OTC,SanaPlus,Wholesale,7,9.5,EUR,0.1,66.5,59.85
TXN-DE-1-000608,2026-08-25 17:39:13,2026-08-25 17:44:13,DE,SaaS Platform,D,VIT-002,Vitalis Multivit,Supplement,Vitalis,Pharmacy/B2B,4,17.0,EUR,0.0,68.0,68.0
TXN-DE-1-000609,2026-08-25 05:31:13,2026-08-25 05:36:13,DE,SaaS Platform,D,SAN-002,SanaPlus ColdFlu,OTC,SanaPlus,E-commerce,3,10.5,EUR,0.2,31.5,25.2
TXN-DE-1-000610,2026-08-25 16:49:18,2026-08-25 16:51:18,DE,SaaS Platform,D,DER-002,Dermacare LiftCream,Aesthetic,Dermacare,Wholesale,7,37.0,EUR,0.1,259.0,233.1
TXN-DE-1-000611,2026-08-25 20:23:43,2026-08-25 20:29:43,DE,SaaS Platform,D,VIT-002,Vitalis Multivit,Supplement,Vitalis,D2C,6,17.0,EUR,0.0,102.0,102.0
TXN-DE-1-000612,2026-08-25 23:13:40,2026-08-25 23:16:40,DE,SaaS Platform,D,MED-001,Medora Cardio 10mg,Prescription,Medora,E-commerce,6,43.0,EUR,0.0,258.0,258.0
TXN-DE-1-000613,2026-08-25 18:51:16,2026-08-25 18:54:16,DE,SaaS Platform,D,SAN-001,SanaPlus PainRelief,OTC,SanaPlus,Wholesale,2,9.5,EUR,0.0,19.0,19.0
TXN-DE-1-000614,2026-08-25 00:09:39,2026-08-25 00:14:39,DE,SaaS Platform,D,DER-002,Dermacare LiftCream,Aesthetic,Dermacare,E-commerce,1,37.0,EUR,0.1,37.0,33.3
TXN-DE-1-000615,2026-08-25 20:32:44,2026-08-25 20:36:44,DE,SaaS Platform,D,VIT-001,Vitalis C1000,Supplement,Vitalis,Pharmacy/B2B,11,21.0,EUR,0.05,231.0,219.45
TXN-DE-1-000616,2026-08-25 08:08:48,2026-08-25 08:13:48,DE,SaaS Platform,D,VIT-001,Vitalis C1000,Supplement,Vitalis,Wholesale,8,21.0,EUR,0.05,168.0,159.6
TXN-DE-1-000617,2026-08-25 16:35:53,2026-08-25 16:41:53,DE,SaaS Platform,D,MED-002,Medora Derm Cream,Prescription,Medora,Pharmacy/B2B,9,26.0,EUR,0.0,234.0,234.0
TXN-DE-1-000618,2026-08-25 05:06:17,2026-08-25 05:09:17,DE,SaaS Platform,D,VIT-001,Vitalis C1000,Supplement,Vitalis,Wholesale,11,21.0,EUR,0.1,231.0,207.9
TXN-DE-1-000619,2026-08-25 14:11:49,2026-08-25 14:13:49,DE,SaaS Platform,D,MED-001,Medora Cardio 10mg,Prescription,Medora,Pharmacy/B2B,1,43.0,EUR,0.05,43.0,40.85
TXN-DE-1-000620,2026-08-25 03:01:11,2026-08-25 03:03:11,DE,SaaS Platform,D,MED-002,Medora Derm Cream,Prescription,Medora,Pharmacy/B2B,3,26.0,EUR,0.15,78.0,66.3
TXN-DE-1-000621,2026-08-25 10:08:44,2026-08-25 10:10:44,DE,SaaS Platform,D,VIT-002,Vitalis Multivit,Supplement,Vitalis,D2C,11,17.0,EUR,0.0,187.0,187.0
TXN-DE-1-000622,2026-08-25 17:47:55,2026-08-25 17:49:55,DE,SaaS Platform,D,MED-001,Medora Cardio 10mg,Prescription,Medora,D2C,12,43.0,EUR,0.15,516.0,438.6
TXN-DE-1-000623,2026-08-25 17:36:03,2026-08-25 17:42:03,DE,SaaS Platform,D,DER-002,Dermacare LiftCream,Aesthetic,Dermacare,Wholesale,2,37.0,EUR,0.2,74.0,59.2
TXN-DE-1-000624,2026-08-25 22:32:19,2026-08-25 22:38:19,DE,SaaS Platform,D,DER-001,Dermacare GlowSerum,Aesthetic,Dermacare,Pharmacy/B2B,11,32.0,EUR,0.1,352.0,316.8
TXN-DE-1-000625,2026-08-25 21:12:37,2026-08-25 21:18:37,DE,SaaS Platform,D,DER-002,Dermacare LiftCream,Aesthetic,Dermacare,Pharmacy/B2B,7,37.0,EUR,0.0,259.0,259.0
TXN-DE-1-000626,2026-08-25 22:12:22,2026-08-25 22:16:22,DE,SaaS Platform,D,SAN-002,SanaPlus ColdFlu,OTC,SanaPlus,Wholesale,7,10.5,EUR,0.2,73.5,58.8
TXN-DE-1-000627,2026-08-25 16:34:31,2026-08-25 16:38:31,DE,SaaS Platform,D,SAN-001,SanaPlus PainRelief,OTC,SanaPlus,Pharmacy/B2B,10,9.5,EUR,0.1,95.0,85.5
TXN-DE-1-000628,2026-08-25 13:44:56,2026-08-25 13:49:56,DE,SaaS Platform,D,VIT-002,Vitalis Multivit,Supplement,Vitalis,E-commerce,5,17.0,EUR,0.2,85.0,68.0
TXN-DE-1-000629,2026-08-25 09:41:07,2026-08-25 09:42:07,DE,SaaS Platform,D,MED-001,Medora Cardio 10mg,Prescription,Medora,D2C,3,43.0,EUR,0.0,129.0,129.0
TXN-DE-1-000630,2026-08-25 10:15:03,2026-08-25 10:17:03,DE,SaaS Platform,D,DER-001,Dermacare GlowSerum,Aesthetic,Dermacare,D2C,4,32.0,EUR,0.2,128.0,102.4
TXN-DE-1-000631,2026-08-25 16:42:28,2026-08-25 16:47:28,DE,SaaS Platform,D,VIT-002,Vitalis Multivit,Supplement,Vitalis,E-commerce,3,17.0,EUR,0.2,51.0,40.8
TXN-DE-1-000632,2026-08-25 03:12:46,2026-08-25 03:17:46,DE,SaaS Platform,D,MED-002,Medora Derm Cream,Prescription,Medora,D2C,4,26.0,EUR,0.1,104.0,93.6
TXN-DE-1-000633,2026-08-25 00:29:01,2026-08-25 00:33:01,DE,SaaS Platform,D,MED-001,Medora Cardio 10mg,Prescription,Medora,D2C,12,43.0,EUR,0.0,516.0,516.0
TXN-DE-1-000634,2026-08-25 17:24:43,2026-08-25 17:30:43,DE,SaaS Platform,D,VIT-002,Vitalis Multivit,Supplement,Vitalis,Wholesale,1,17.0,EUR,0.2,17.0,13.6
TXN-DE-1-000635,2026-08-25 04:09:04,2026-08-25 04:12:04,DE,SaaS Platform,D,DER-002,Dermacare LiftCream,Aesthetic,Dermacare,Pharmacy/B2B,2,37.0,EUR,0.0,74.0,74.0
TXN-DE-1-000636,2026-08-25 01:21:08,2026-08-25 01:27:08,DE,SaaS Platform,D,MED-002,Medora Derm Cream,Prescription,Medora,Pharmacy/B2B,2,26.0,EUR,0.05,52.0,49.4
TXN-DE-1-000637,2026-08-25 05:30:43,2026-08-25 05:34:43,DE,SaaS Platform,D,MED-001,Medora Cardio 10mg,Prescription,Medora,Pharmacy/B2B,9,43.0,EUR,0.0,387.0,387.0
TXN-DE-1-000638,2026-08-25 04:53:55,2026-08-25 04:57:55,DE,SaaS Platform,D,SAN-002,SanaPlus ColdFlu,OTC,SanaPlus,E-commerce,11,10.5,EUR,0.0,115.5,115.5
TXN-DE-1-000639,2026-08-25 17:03:56,2026-08-25 17:06:56,DE,SaaS Platform,D,PUR-002,PureLife BP Monitor,Medical Device,PureLife,Wholesale,9,90.0,EUR,0.2,810.0,648.0
TXN-DE-1-000640,2026-08-25 07:24:07,2026-08-25 07:26:07,DE,SaaS Platform,D,SAN-002,SanaPlus ColdFlu,OTC,SanaPlus,D2C,9,10.5,EUR,0.1,94.5,85.05
TXN-DE-1-000641,2026-08-25 07:32:14,2026-08-25 07:35:14,DE,SaaS Platform,D,DER-002,Dermacare LiftCream,Aesthetic,Dermacare,Pharmacy/B2B,10,37.0,EUR,0.0,370.0,370.0
TXN-DE-1-000642,2026-08-25 03:55:29,2026-08-25 03:58:29,DE,SaaS Platform,D,PUR-002,PureLife BP Monitor,Medical Device,PureLife,Wholesale,8,90.0,EUR,0.1,720.0,648.0
TXN-DE-1-000643,2026-08-25 03:19:25,2026-08-25 03:22:25,DE,SaaS Platform,D,DER-001,Dermacare GlowSerum,Aesthetic,Dermacare,E-commerce,12,32.0,EUR,0.1,384.0,345.6
TXN-DE-1-000644,2026-08-25 15:02:34,2026-08-25 15:08:34,DE,SaaS Platform,D,DER-001,Dermacare GlowSerum,Aesthetic,Dermacare,D2C,11,32.0,EUR,0.2,352.0,281.6
TXN-DE-1-000645,2026-08-25 08:44:25,2026-08-25 08:46:25,DE,SaaS Platform,D,MED-001,Medora Cardio 10mg,Prescription,Medora,E-commerce,2,43.0,EUR,0.05,86.0,81.7
TXN-DE-1-000646,2026-08-25 05:03:00,2026-08-25 05:09:00,DE,SaaS Platform,D,DER-001,Dermacare GlowSerum,Aesthetic,Dermacare,Wholesale,6,32.0,EUR,0.0,192.0,192.0
TXN-DE-1-000647,2026-08-25 18:52:33,2026-08-25 18:54:33,DE,SaaS Platform,D,SAN-001,SanaPlus PainRelief,OTC,SanaPlus,Wholesale,9,9.5,EUR,0.0,85.5,85.5
TXN-DE-1-000648,2026-08-25 09:36:25,2026-08-25 09:41:25,DE,SaaS Platform,D,VIT-001,Vitalis C1000,Supplement,Vitalis,Wholesale,11,21.0,EUR,0.0,231.0,231.0
TXN-DE-1-000649,2026-08-25 10:33:43,2026-08-25 10:34:43,DE,SaaS Platform,D,MED-001,Medora Cardio 10mg,Prescription,Medora,Pharmacy/B2B,12,43.0,EUR,0.15,516.0,438.6
TXN-DE-1-000650,2026-08-25 23:57:02,2026-08-25 23:59:02,DE,SaaS Platform,D,MED-001,Medora Cardio 10mg,Prescription,Medora,Wholesale,11,43.0,EUR,0.0,473.0,473.0
TXN-DE-1-000651,2026-08-25 03:08:39,2026-08-25 03:11:39,DE,SaaS Platform,D,DER-001,Dermacare GlowSerum,Aesthetic,Dermacare,Pharmacy/B2B,6,32.0,EUR,0.0,192.0,192.0
TXN-DE-1-000652,2026-08-25 21:27:11,2026-08-25 21:28:11,DE,SaaS Platform,D,PUR-001,PureLife GlucoMonitor,Medical Device,PureLife,D2C,5,85.0,EUR,0.0,425.0,425.0
TXN-DE-1-000653,2026-08-25 05:12:54,2026-08-25 05:16:54,DE,SaaS Platform,D,MED-002,Medora Derm Cream,Prescription,Medora,Wholesale,11,26.0,EUR,0.0,286.0,286.0
TXN-DE-1-000654,2026-08-25 02:04:33,2026-08-25 02:10:33,DE,SaaS Platform,D,VIT-002,Vitalis Multivit,Supplement,Vitalis,E-commerce,6,17.0,EUR,0.05,102.0,96.9
TXN-DE-1-000655,2026-08-25 23:51:51,2026-08-25 23:53:51,DE,SaaS Platform,D,DER-001,Dermacare GlowSerum,Aesthetic,Dermacare,E-commerce,1,32.0,EUR,0.0,32.0,32.0
TXN-DE-1-000656,2026-08-25 02:07:10,2026-08-25 02:08:10,DE,SaaS Platform,D,MED-001,Medora Cardio 10mg,Prescription,Medora,Pharmacy/B2B,9,43.0,EUR,0.2,387.0,309.6
TXN-DE-1-000657,2026-08-25 21:40:12,2026-08-25 21:45:12,DE,SaaS Platform,D,VIT-002,Vitalis Multivit,Supplement,Vitalis,Pharmacy/B2B,9,17.0,EUR,0.05,153.0,145.35
TXN-DE-1-000658,2026-08-25 18:58:13,2026-08-25 18:59:13,DE,SaaS Platform,D,MED-001,Medora Cardio 10mg,Prescription,Medora,D2C,9,43.0,EUR,0.0,387.0,387.0
TXN-DE-1-000659,2026-08-25 06:18:59,2026-08-25 06:23:59,DE,SaaS Platform,D,VIT-002,Vitalis Multivit,Supplement,Vitalis,D2C,12,17.0,EUR,0.0,204.0,204.0
TXN-DE-1-000660,2026-08-25 02:20:50,2026-08-25 02:23:50,DE,SaaS Platform,D,PUR-001,PureLife GlucoMonitor,Medical Device,PureLife,E-commerce,10,85.0,EUR,0.15,850.0,722.5
TXN-DE-1-000661,2026-08-25 01:50:28,2026-08-25 01:55:28,DE,SaaS Platform,D,VIT-002,Vitalis Multivit,Supplement,Vitalis,Pharmacy/B2B,5,17.0,EUR,0.15,85.0,72.25
TXN-DE-1-000662,2026-08-25 08:01:57,2026-08-25 08:07:57,DE,SaaS Platform,D,DER-002,Dermacare LiftCream,Aesthetic,Dermacare,Wholesale,7,37.0,EUR,0.0,259.0,259.0
TXN-DE-1-000663,2026-08-25 08:49:37,2026-08-25 08:53:37,DE,SaaS Platform,D,DER-001,Dermacare GlowSerum,Aesthetic,Dermacare,E-commerce,9,32.0,EUR,0.15,288.0,244.8
TXN-DE-1-000664,2026-08-25 00:54:01,2026-08-25 00:59:01,DE,SaaS Platform,D,MED-002,Medora Derm Cream,Prescription,Medora,E-commerce,3,26.0,EUR,0.15,78.0,66.3
TXN-DE-1-000665,2026-08-25 23:07:35,2026-08-25 23:11:35,DE,SaaS Platform,D,PUR-001,PureLife GlucoMonitor,Medical Device,PureLife,Pharmacy/B2B,6,85.0,EUR,0.2,510.0,408.0
TXN-DE-1-000666,2026-08-25 20:49:43,2026-08-25 20:52:43,DE,SaaS Platform,D,DER-002,Dermacare LiftCream,Aesthetic,Dermacare,D2C,8,37.0,EUR,0.2,296.0,236.8
TXN-DE-1-000667,2026-08-25 00:08:10,2026-08-25 00:11:10,DE,SaaS Platform,D,VIT-002,Vitalis Multivit,Supplement,Vitalis,Pharmacy/B2B,2,17.0,EUR,0.0,34.0,34.0
TXN-DE-1-000668,2026-08-25 12:42:04,2026-08-25 12:48:04,DE,SaaS Platform,D,PUR-001,PureLife GlucoMonitor,Medical Device,PureLife,E-commerce,11,85.0,EUR,0.2,935.0,748.0
TXN-DE-1-000669,2026-08-25 08:54:08,2026-08-25 08:55:08,DE,SaaS Platform,D,PUR-002,PureLife BP Monitor,Medical Device,PureLife,Wholesale,8,90.0,EUR,0.0,720.0,720.0
TXN-DE-1-000670,2026-08-25 22:00:54,2026-08-25 22:04:54,DE,SaaS Platform,D,PUR-002,PureLife BP Monitor,Medical Device,PureLife,D2C,3,90.0,EUR,0.0,270.0,270.0
TXN-DE-1-000671,2026-08-25 20:18:18,2026-08-25 20:23:18,DE,SaaS Platform,D,MED-002,Medora Derm Cream,Prescription,Medora,D2C,3,26.0,EUR,0.15,78.0,66.3
TXN-DE-1-000672,2026-08-25 15:22:17,2026-08-25 15:27:17,DE,SaaS Platform,D,VIT-002,Vitalis Multivit,Supplement,Vitalis,Wholesale,7,17.0,EUR,0.15,119.0,101.15
TXN-DE-1-000673,2026-08-25 12:57:38,2026-08-25 13:03:38,DE,SaaS Platform,D,MED-001,Medora Cardio 10mg,Prescription,Medora,Pharmacy/B2B,7,43.0,EUR,0.2,301.0,240.8
TXN-DE-1-000674,2026-08-25 17:41:17,2026-08-25 17:45:17,DE,SaaS Platform,D,DER-002,Dermacare LiftCream,Aesthetic,Dermacare,Pharmacy/B2B,9,37.0,EUR,0.05,333.0,316.35
TXN-DE-1-000675,2026-08-25 17:25:46,2026-08-25 17:29:46,DE,SaaS Platform,D,VIT-001,Vitalis C1000,Supplement,Vitalis,E-commerce,7,21.0,EUR,0.0,147.0,147.0
TXN-DE-1-000676,2026-08-25 15:44:41,2026-08-25 15:49:41,DE,SaaS Platform,D,PUR-001,PureLife GlucoMonitor,Medical Device,PureLife,D2C,1,85.0,EUR,0.0,85.0,85.0
TXN-DE-1-000677,2026-08-25 23:50:18,2026-08-25 23:54:18,DE,SaaS Platform,D,VIT-001,Vitalis C1000,Supplement,Vitalis,Wholesale,7,21.0,EUR,0.0,147.0,147.0
TXN-DE-1-000678,2026-08-25 21:33:30,2026-08-25 21:35:30,DE,SaaS Platform,D,VIT-001,Vitalis C1000,Supplement,Vitalis,Wholesale,7,21.0,EUR,0.05,147.0,139.65
TXN-DE-1-000679,2026-08-25 16:09:36,2026-08-25 16:14:36,DE,SaaS Platform,D,PUR-001,PureLife GlucoMonitor,Medical Device,PureLife,Pharmacy/B2B,10,85.0,EUR,0.15,850.0,722.5
TXN-DE-1-000680,2026-08-25 07:05:21,2026-08-25 07:09:21,DE,SaaS Platform,D,DER-001,Dermacare GlowSerum,Aesthetic,Dermacare,Pharmacy/B2B,7,32.0,EUR,0.2,224.0,179.2
TXN-DE-1-000681,2026-08-25 11:49:40,2026-08-25 11:51:40,DE,SaaS Platform,D,VIT-001,Vitalis C1000,Supplement,Vitalis,Pharmacy/B2B,8,21.0,EUR,0.0,168.0,168.0
TXN-DE-1-000682,2026-08-25 21:08:44,2026-08-25 21:13:44,DE,SaaS Platform,D,VIT-002,Vitalis Multivit,Supplement,Vitalis,D2C,10,17.0,EUR,0.1,170.0,153.0
TXN-DE-1-000683,2026-08-25 03:51:56,2026-08-25 03:53:56,DE,SaaS Platform,D,SAN-002,SanaPlus ColdFlu,OTC,SanaPlus,D2C,10,10.5,EUR,0.05,105.0,99.75
TXN-DE-1-000684,2026-08-25 17:29:10,2026-08-25 17:33:10,DE,SaaS Platform,D,VIT-001,Vitalis C1000,Supplement,Vitalis,Wholesale,6,21.0,EUR,0.1,126.0,113.4
TXN-DE-1-000685,2026-08-25 18:03:32,2026-08-25 18:07:32,DE,SaaS Platform,D,SAN-001,SanaPlus PainRelief,OTC,SanaPlus,Pharmacy/B2B,9,9.5,EUR,0.2,85.5,68.4
TXN-DE-1-000686,2026-08-25 06:50:36,2026-08-25 06:55:36,DE,SaaS Platform,D,SAN-002,SanaPlus ColdFlu,OTC,SanaPlus,Pharmacy/B2B,6,10.5,EUR,0.0,63.0,63.0
TXN-DE-1-000687,2026-08-25 02:38:14,2026-08-25 02:44:14,DE,SaaS Platform,D,SAN-001,SanaPlus PainRelief,OTC,SanaPlus,Pharmacy/B2B,8,9.5,EUR,0.0,76.0,76.0
TXN-DE-1-000688,2026-08-25 14:06:34,2026-08-25 14:09:34,DE,SaaS Platform,D,DER-002,Dermacare LiftCream,Aesthetic,Dermacare,E-commerce,10,37.0,EUR,0.0,370.0,370.0
TXN-DE-1-000689,2026-08-25 05:03:48,2026-08-25 05:08:48,DE,SaaS Platform,D,SAN-002,SanaPlus ColdFlu,OTC,SanaPlus,Wholesale,6,10.5,EUR,0.2,63.0,50.4
TXN-DE-1-000690,2026-08-25 03:22:45,2026-08-25 03:27:45,DE,SaaS Platform,D,PUR-001,PureLife GlucoMonitor,Medical Device,PureLife,Wholesale,2,85.0,EUR,0.15,170.0,144.5
TXN-DE-1-000691,2026-08-25 04:09:21,2026-08-25 04:12:21,DE,SaaS Platform,D,PUR-001,PureLife GlucoMonitor,Medical Device,PureLife,Wholesale,1,85.0,EUR,0.0,85.0,85.0
TXN-DE-1-000692,2026-08-25 23:43:11,2026-08-25 23:46:11,DE,SaaS Platform,D,MED-001,Medora Cardio 10mg,Prescription,Medora,Pharmacy/B2B,12,43.0,EUR,0.1,516.0,464.4
TXN-DE-1-000693,2026-08-25 06:41:09,2026-08-25 06:44:09,DE,SaaS Platform,D,SAN-001,SanaPlus PainRelief,OTC,SanaPlus,E-commerce,9,9.5,EUR,0.05,85.5,81.22
TXN-DE-1-000694,2026-08-25 20:25:54,2026-08-25 20:29:54,DE,SaaS Platform,D,SAN-002,SanaPlus ColdFlu,OTC,SanaPlus,Wholesale,1,10.5,EUR,0.15,10.5,8.92
TXN-DE-1-000695,2026-08-25 08:28:48,2026-08-25 08:34:48,DE,SaaS Platform,D,MED-001,Medora Cardio 10mg,Prescription,Medora,E-commerce,10,43.0,EUR,0.0,430.0,430.0
TXN-DE-1-000696,2026-08-25 00:39:21,2026-08-25 00:40:21,DE,SaaS Platform,D,MED-002,Medora Derm Cream,Prescription,Medora,E-commerce,6,26.0,EUR,0.15,156.0,132.6
TXN-DE-1-000697,2026-08-25 00:28:49,2026-08-25 00:29:49,DE,SaaS Platform,D,PUR-001,PureLife GlucoMonitor,Medical Device,PureLife,Wholesale,11,85.0,EUR,0.0,935.0,935.0
TXN-DE-1-000698,2026-08-25 17:57:51,2026-08-25 18:00:51,DE,SaaS Platform,D,VIT-001,Vitalis C1000,Supplement,Vitalis,Pharmacy/B2B,7,21.0,EUR,0.15,147.0,124.95
TXN-DE-1-000699,2026-08-25 23:24:56,2026-08-25 23:29:56,DE,SaaS Platform,D,SAN-002,SanaPlus ColdFlu,OTC,SanaPlus,E-commerce,3,10.5,EUR,0.0,31.5,31.5
TXN-DE-1-000700,2026-08-25 08:16:01,2026-08-25 08:18:01,DE,SaaS Platform,D,DER-001,Dermacare GlowSerum,Aesthetic,Dermacare,E-commerce,2,32.0,EUR,0.15,64.0,54.4
TXN-DE-1-000701,2026-08-25 20:25:04,2026-08-25 20:26:04,DE,SaaS Platform,D,DER-001,Dermacare GlowSerum,Aesthetic,Dermacare,E-commerce,1,32.0,EUR,0.0,32.0,32.0
TXN-DE-1-000702,2026-08-25 18:08:56,2026-08-25 18:14:56,DE,SaaS Platform,D,VIT-002,Vitalis Multivit,Supplement,Vitalis,Pharmacy/B2B,3,17.0,EUR,0.2,51.0,40.8
TXN-DE-1-000703,2026-08-25 09:31:38,2026-08-25 09:33:38,DE,SaaS Platform,D,DER-001,Dermacare GlowSerum,Aesthetic,Dermacare,Wholesale,3,32.0,EUR,0.0,96.0,96.0
TXN-DE-1-000704,2026-08-25 20:54:23,2026-08-25 20:58:23,DE,SaaS Platform,D,SAN-002,SanaPlus ColdFlu,OTC,SanaPlus,E-commerce,8,10.5,EUR,0.2,84.0,67.2
TXN-DE-1-000705,2026-08-25 23:07:18,2026-08-25 23:10:18,DE,SaaS Platform,D,MED-001,Medora Cardio 10mg,Prescription,Medora,D2C,8,43.0,EUR,0.2,344.0,275.2
TXN-DE-1-000706,2026-08-25 03:21:01,2026-08-25 03:27:01,DE,SaaS Platform,D,SAN-001,SanaPlus PainRelief,OTC,SanaPlus,D2C,7,9.5,EUR,0.15,66.5,56.52
TXN-DE-1-000707,2026-08-25 21:45:23,2026-08-25 21:48:23,DE,SaaS Platform,D,DER-001,Dermacare GlowSerum,Aesthetic,Dermacare,Wholesale,5,32.0,EUR,0.0,160.0,160.0
TXN-DE-1-000708,2026-08-25 13:51:03,2026-08-25 13:56:03,DE,SaaS Platform,D,DER-002,Dermacare LiftCream,Aesthetic,Dermacare,E-commerce,6,37.0,EUR,0.15,222.0,188.7
TXN-DE-1-000709,2026-08-25 11:03:56,2026-08-25 11:06:56,DE,SaaS Platform,D,SAN-002,SanaPlus ColdFlu,OTC,SanaPlus,E-commerce,5,10.5,EUR,0.0,52.5,52.5
TXN-DE-1-000710,2026-08-25 02:23:16,2026-08-25 02:26:16,DE,SaaS Platform,D,DER-001,Dermacare GlowSerum,Aesthetic,Dermacare,Wholesale,9,32.0,EUR,0.1,288.0,259.2
TXN-DE-1-000711,2026-08-25 15:14:57,2026-08-25 15:17:57,DE,SaaS Platform,D,PUR-001,PureLife GlucoMonitor,Medical Device,PureLife,E-commerce,11,85.0,EUR,0.15,935.0,794.75
TXN-DE-1-000712,2026-08-25 09:44:43,2026-08-25 09:49:43,DE,SaaS Platform,D,VIT-002,Vitalis Multivit,Supplement,Vitalis,D2C,9,17.0,EUR,0.15,153.0,130.05
TXN-DE-1-000713,2026-08-25 08:19:28,2026-08-25 08:25:28,DE,SaaS Platform,D,SAN-002,SanaPlus ColdFlu,OTC,SanaPlus,Wholesale,11,10.5,EUR,0.0,115.5,115.5
TXN-DE-1-000714,2026-08-25 15:09:50,2026-08-25 15:13:50,DE,SaaS Platform,D,VIT-002,Vitalis Multivit,Supplement,Vitalis,Wholesale,7,17.0,EUR,0.2,119.0,95.2
TXN-DE-1-000715,2026-08-25 10:54:44,2026-08-25 10:59:44,DE,SaaS Platform,D,SAN-002,SanaPlus ColdFlu,OTC,SanaPlus,E-commerce,3,10.5,EUR,0.0,31.5,31.5
TXN-DE-1-000716,2026-08-25 16:46:27,2026-08-25 16:50:27,DE,SaaS Platform,D,SAN-002,SanaPlus ColdFlu,OTC,SanaPlus,Wholesale,1,10.5,EUR,0.1,10.5,9.45
TXN-DE-1-000717,2026-08-25 22:10:16,2026-08-25 22:13:16,DE,SaaS Platform,D,VIT-002,Vitalis Multivit,Supplement,Vitalis,E-commerce,11,17.0,EUR,0.05,187.0,177.65
TXN-DE-1-000718,2026-08-25 22:12:44,2026-08-25 22:17:44,DE,SaaS Platform,D,VIT-002,Vitalis Multivit,Supplement,Vitalis,D2C,5,17.0,EUR,0.0,85.0,85.0
TXN-DE-1-000719,2026-08-25 15:40:42,2026-08-25 15:45:42,DE,SaaS Platform,D,SAN-002,SanaPlus ColdFlu,OTC,SanaPlus,Pharmacy/B2B,6,10.5,EUR,0.0,63.0,63.0
TXN-DE-1-000720,2026-08-25 11:07:35,2026-08-25 11:10:35,DE,SaaS Platform,D,MED-001,Medora Cardio 10mg,Prescription,Medora,D2C,12,43.0,EUR,0.0,516.0,516.0
TXN-DE-1-000721,2026-08-25 21:41:43,2026-08-25 21:43:43,DE,SaaS Platform,D,PUR-001,PureLife GlucoMonitor,Medical Device,PureLife,D2C,7,85.0,EUR,0.05,595.0,565.25
TXN-DE-1-000722,2026-08-25 06:00:51,2026-08-25 06:06:51,DE,SaaS Platform,D,MED-001,Medora Cardio 10mg,Prescription,Medora,Pharmacy/B2B,8,43.0,EUR,0.0,344.0,344.0
TXN-DE-1-000723,2026-08-25 10:12:27,2026-08-25 10:14:27,DE,SaaS Platform,D,PUR-002,PureLife BP Monitor,Medical Device,PureLife,E-commerce,10,90.0,EUR,0.0,900.0,900.0
TXN-DE-1-000724,2026-08-25 17:01:08,2026-08-25 17:05:08,DE,SaaS Platform,D,VIT-002,Vitalis Multivit,Supplement,Vitalis,Wholesale,3,17.0,EUR,0.2,51.0,40.8
TXN-DE-1-000725,2026-08-25 21:29:30,2026-08-25 21:32:30,DE,SaaS Platform,D,SAN-001,SanaPlus PainRelief,OTC,SanaPlus,D2C,11,9.5,EUR,0.15,104.5,88.83
TXN-DE-1-000726,2026-08-25 00:10:27,2026-08-25 00:12:27,DE,SaaS Platform,D,PUR-001,PureLife GlucoMonitor,Medical Device,PureLife,Pharmacy/B2B,2,85.0,EUR,0.05,170.0,161.5
TXN-DE-1-000727,2026-08-25 05:00:49,2026-08-25 05:03:49,DE,SaaS Platform,D,PUR-001,PureLife GlucoMonitor,Medical Device,PureLife,D2C,2,85.0,EUR,0.0,170.0,170.0
TXN-DE-1-000728,2026-08-25 01:23:59,2026-08-25 01:29:59,DE,SaaS Platform,D,VIT-001,Vitalis C1000,Supplement,Vitalis,Pharmacy/B2B,5,21.0,EUR,0.0,105.0,105.0
TXN-DE-1-000729,2026-08-25 00:50:35,2026-08-25 00:56:35,DE,SaaS Platform,D,VIT-001,Vitalis C1000,Supplement,Vitalis,Pharmacy/B2B,5,21.0,EUR,0.0,105.0,105.0
TXN-DE-1-000730,2026-08-25 12:30:12,2026-08-25 12:32:12,DE,SaaS Platform,D,MED-002,Medora Derm Cream,Prescription,Medora,E-commerce,8,26.0,EUR,0.1,208.0,187.2
TXN-DE-1-000731,2026-08-25 09:38:30,2026-08-25 09:44:30,DE,SaaS Platform,D,VIT-002,Vitalis Multivit,Supplement,Vitalis,E-commerce,8,17.0,EUR,0.1,136.0,122.4
TXN-DE-1-000732,2026-08-25 12:02:13,2026-08-25 12:04:13,DE,SaaS Platform,D,MED-002,Medora Derm Cream,Prescription,Medora,Pharmacy/B2B,2,26.0,EUR,0.0,52.0,52.0
TXN-DE-1-000733,2026-08-25 08:42:06,2026-08-25 08:48:06,DE,SaaS Platform,D,SAN-002,SanaPlus ColdFlu,OTC,SanaPlus,Pharmacy/B2B,5,10.5,EUR,0.2,52.5,42.0
TXN-DE-1-000734,2026-08-25 06:04:31,2026-08-25 06:08:31,DE,SaaS Platform,D,SAN-002,SanaPlus ColdFlu,OTC,SanaPlus,E-commerce,8,10.5,EUR,0.2,84.0,67.2
TXN-DE-1-000735,2026-08-25 09:37:08,2026-08-25 09:39:08,DE,SaaS Platform,D,PUR-001,PureLife GlucoMonitor,Medical Device,PureLife,Wholesale,11,85.0,EUR,0.05,935.0,888.25
TXN-DE-1-000736,2026-08-25 06:40:09,2026-08-25 06:46:09,DE,SaaS Platform,D,SAN-002,SanaPlus ColdFlu,OTC,SanaPlus,Pharmacy/B2B,12,10.5,EUR,0.0,126.0,126.0
TXN-DE-1-000737,2026-08-25 19:03:45,2026-08-25 19:06:45,DE,SaaS Platform,D,DER-002,Dermacare LiftCream,Aesthetic,Dermacare,E-commerce,9,37.0,EUR,0.0,333.0,333.0
TXN-DE-1-000738,2026-08-25 20:10:14,2026-08-25 20:16:14,DE,SaaS Platform,D,SAN-002,SanaPlus ColdFlu,OTC,SanaPlus,D2C,5,10.5,EUR,0.0,52.5,52.5
TXN-DE-1-000739,2026-08-25 02:55:18,2026-08-25 02:58:18,DE,SaaS Platform,D,DER-001,Dermacare GlowSerum,Aesthetic,Dermacare,Pharmacy/B2B,10,32.0,EUR,0.2,320.0,256.0
TXN-DE-1-000740,2026-08-25 22:47:06,2026-08-25 22:48:06,DE,SaaS Platform,D,PUR-002,PureLife BP Monitor,Medical Device,PureLife,E-commerce,6,90.0,EUR,0.0,540.0,540.0
TXN-DE-1-000741,2026-08-25 02:51:15,2026-08-25 02:55:15,DE,SaaS Platform,D,SAN-001,SanaPlus PainRelief,OTC,SanaPlus,D2C,6,9.5,EUR,0.0,57.0,57.0
TXN-DE-1-000742,2026-08-25 08:00:25,2026-08-25 08:06:25,DE,SaaS Platform,D,DER-002,Dermacare LiftCream,Aesthetic,Dermacare,Pharmacy/B2B,7,37.0,EUR,0.0,259.0,259.0
TXN-DE-1-000743,2026-08-25 17:15:15,2026-08-25 17:17:15,DE,SaaS Platform,D,PUR-001,PureLife GlucoMonitor,Medical Device,PureLife,Pharmacy/B2B,7,85.0,EUR,0.05,595.0,565.25
TXN-DE-1-000744,2026-08-25 07:16:27,2026-08-25 07:18:27,DE,SaaS Platform,D,DER-002,Dermacare LiftCream,Aesthetic,Dermacare,D2C,7,37.0,EUR,0.0,259.0,259.0
TXN-DE-1-000745,2026-08-25 05:06:42,2026-08-25 05:07:42,DE,SaaS Platform,D,SAN-002,SanaPlus ColdFlu,OTC,SanaPlus,Wholesale,6,10.5,EUR,0.05,63.0,59.85
TXN-DE-1-000746,2026-08-25 06:04:20,2026-08-25 06:08:20,DE,SaaS Platform,D,SAN-001,SanaPlus PainRelief,OTC,SanaPlus,Pharmacy/B2B,3,9.5,EUR,0.2,28.5,22.8
TXN-DE-1-000747,2026-08-25 15:26:55,2026-08-25 15:27:55,DE,SaaS Platform,D,PUR-001,PureLife GlucoMonitor,Medical Device,PureLife,D2C,9,85.0,EUR,0.0,765.0,765.0
TXN-DE-1-000748,2026-08-25 18:36:39,2026-08-25 18:42:39,DE,SaaS Platform,D,DER-002,Dermacare LiftCream,Aesthetic,Dermacare,Wholesale,3,37.0,EUR,0.0,111.0,111.0
TXN-DE-1-000749,2026-08-25 21:27:01,2026-08-25 21:32:01,DE,SaaS Platform,D,MED-001,Medora Cardio 10mg,Prescription,Medora,Wholesale,10,43.0,EUR,0.0,430.0,430.0
TXN-DE-1-000750,2026-08-25 03:03:08,2026-08-25 03:08:08,DE,SaaS Platform,D,DER-001,Dermacare GlowSerum,Aesthetic,Dermacare,E-commerce,1,32.0,EUR,0.2,32.0,25.6
TXN-DE-1-000751,2026-08-25 08:33:05,2026-08-25 08:38:05,DE,SaaS Platform,D,PUR-002,PureLife BP Monitor,Medical Device,PureLife,D2C,2,90.0,EUR,0.05,180.0,171.0
TXN-DE-1-000752,2026-08-25 17:59:18,2026-08-25 18:00:18,DE,SaaS Platform,D,SAN-001,SanaPlus PainRelief,OTC,SanaPlus,D2C,1,9.5,EUR,0.15,9.5,8.07
TXN-DE-1-000753,2026-08-25 12:00:44,2026-08-25 12:06:44,DE,SaaS Platform,D,PUR-002,PureLife BP Monitor,Medical Device,PureLife,E-commerce,3,90.0,EUR,0.15,270.0,229.5
TXN-DE-1-000754,2026-08-25 15:14:49,2026-08-25 15:18:49,DE,SaaS Platform,D,VIT-002,Vitalis Multivit,Supplement,Vitalis,Pharmacy/B2B,3,17.0,EUR,0.2,51.0,40.8
TXN-DE-1-000755,2026-08-25 07:50:21,2026-08-25 07:53:21,DE,SaaS Platform,D,VIT-002,Vitalis Multivit,Supplement,Vitalis,Pharmacy/B2B,5,17.0,EUR,0.1,85.0,76.5
TXN-DE-1-000756,2026-08-25 12:31:49,2026-08-25 12:32:49,DE,SaaS Platform,D,SAN-001,SanaPlus PainRelief,OTC,SanaPlus,E-commerce,1,9.5,EUR,0.0,9.5,9.5
TXN-DE-1-000757,2026-08-25 13:26:44,2026-08-25 13:31:44,DE,SaaS Platform,D,VIT-002,Vitalis Multivit,Supplement,Vitalis,Wholesale,5,17.0,EUR,0.0,85.0,85.0
TXN-DE-1-000758,2026-08-25 01:40:55,2026-08-25 01:46:55,DE,SaaS Platform,D,VIT-001,Vitalis C1000,Supplement,Vitalis,E-commerce,12,21.0,EUR,0.0,252.0,252.0
TXN-DE-1-000759,2026-08-25 03:53:53,2026-08-25 03:55:53,DE,SaaS Platform,D,SAN-001,SanaPlus PainRelief,OTC,SanaPlus,E-commerce,8,9.5,EUR,0.0,76.0,76.0
TXN-DE-1-000760,2026-08-25 13:30:38,2026-08-25 13:34:38,DE,SaaS Platform,D,DER-001,Dermacare GlowSerum,Aesthetic,Dermacare,Wholesale,3,32.0,EUR,0.1,96.0,86.4
TXN-DE-1-000761,2026-08-25 22:11:45,2026-08-25 22:12:45,DE,SaaS Platform,D,MED-002,Medora Derm Cream,Prescription,Medora,D2C,5,26.0,EUR,0.1,130.0,117.0
TXN-DE-1-000762,2026-08-25 00:53:02,2026-08-25 00:59:02,DE,SaaS Platform,D,SAN-001,SanaPlus PainRelief,OTC,SanaPlus,D2C,4,9.5,EUR,0.0,38.0,38.0
TXN-DE-1-000763,2026-08-25 18:58:52,2026-08-25 19:04:52,DE,SaaS Platform,D,VIT-002,Vitalis Multivit,Supplement,Vitalis,D2C,4,17.0,EUR,0.05,68.0,64.6
TXN-DE-1-000764,2026-08-25 22:23:34,2026-08-25 22:26:34,DE,SaaS Platform,D,VIT-002,Vitalis Multivit,Supplement,Vitalis,Pharmacy/B2B,1,17.0,EUR,0.15,17.0,14.45
TXN-DE-1-000765,2026-08-25 23:46:52,2026-08-25 23:48:52,DE,SaaS Platform,D,PUR-002,PureLife BP Monitor,Medical Device,PureLife,Wholesale,8,90.0,EUR,0.0,720.0,720.0
TXN-DE-1-000766,2026-08-25 23:23:35,2026-08-25 23:24:35,DE,SaaS Platform,D,SAN-002,SanaPlus ColdFlu,OTC,SanaPlus,Pharmacy/B2B,7,10.5,EUR,0.0,73.5,73.5
TXN-DE-1-000767,2026-08-25 21:16:57,2026-08-25 21:17:57,DE,SaaS Platform,D,DER-002,Dermacare LiftCream,Aesthetic,Dermacare,E-commerce,7,37.0,EUR,0.2,259.0,207.2
TXN-DE-1-000768,2026-08-25 12:22:09,2026-08-25 12:23:09,DE,SaaS Platform,D,DER-002,Dermacare LiftCream,Aesthetic,Dermacare,E-commerce,3,37.0,EUR,0.1,111.0,99.9
TXN-DE-1-000769,2026-08-25 04:03:40,2026-08-25 04:07:40,DE,SaaS Platform,D,VIT-001,Vitalis C1000,Supplement,Vitalis,Pharmacy/B2B,12,21.0,EUR,0.0,252.0,252.0
TXN-DE-1-000770,2026-08-25 18:19:44,2026-08-25 18:23:44,DE,SaaS Platform,D,VIT-002,Vitalis Multivit,Supplement,Vitalis,E-commerce,3,17.0,EUR,0.0,51.0,51.0
TXN-DE-1-000771,2026-08-25 21:36:57,2026-08-25 21:41:57,DE,SaaS Platform,D,VIT-002,Vitalis Multivit,Supplement,Vitalis,Wholesale,10,17.0,EUR,0.0,170.0,170.0
TXN-DE-1-000772,2026-08-25 11:43:59,2026-08-25 11:47:59,DE,SaaS Platform,D,VIT-002,Vitalis Multivit,Supplement,Vitalis,Wholesale,7,17.0,EUR,0.2,119.0,95.2
TXN-DE-1-000773,2026-08-25 17:37:24,2026-08-25 17:38:24,DE,SaaS Platform,D,MED-001,Medora Cardio 10mg,Prescription,Medora,D2C,3,43.0,EUR,0.1,129.0,116.1
TXN-DE-1-000774,2026-08-25 18:42:30,2026-08-25 18:48:30,DE,SaaS Platform,D,DER-002,Dermacare LiftCream,Aesthetic,Dermacare,Wholesale,1,37.0,EUR,0.05,37.0,35.15
TXN-DE-1-000775,2026-08-25 23:25:40,2026-08-25 23:28:40,DE,SaaS Platform,D,SAN-002,SanaPlus ColdFlu,OTC,SanaPlus,Pharmacy/B2B,6,10.5,EUR,0.2,63.0,50.4
TXN-DE-1-000776,2026-08-25 07:09:15,2026-08-25 07:10:15,DE,SaaS Platform,D,SAN-001,SanaPlus PainRelief,OTC,SanaPlus,D2C,6,9.5,EUR,0.0,57.0,57.0
TXN-DE-1-000777,2026-08-25 00:22:36,2026-08-25 00:24:36,DE,SaaS Platform,D,MED-001,Medora Cardio 10mg,Prescription,Medora,E-commerce,11,43.0,EUR,0.05,473.0,449.35
TXN-DE-1-000778,2026-08-25 18:57:34,2026-08-25 18:59:34,DE,SaaS Platform,D,PUR-001,PureLife GlucoMonitor,Medical Device,PureLife,Wholesale,9,85.0,EUR,0.1,765.0,688.5
TXN-DE-1-000779,2026-08-25 01:14:44,2026-08-25 01:16:44,DE,SaaS Platform,D,SAN-001,SanaPlus PainRelief,OTC,SanaPlus,D2C,1,9.5,EUR,0.0,9.5,9.5
TXN-DE-1-000780,2026-08-25 21:38:35,2026-08-25 21:41:35,DE,SaaS Platform,D,PUR-001,PureLife GlucoMonitor,Medical Device,PureLife,Wholesale,8,85.0,EUR,0.2,680.0,544.0
TXN-DE-1-000781,2026-08-25 14:26:23,2026-08-25 14:27:23,DE,SaaS Platform,D,VIT-002,Vitalis Multivit,Supplement,Vitalis,Pharmacy/B2B,5,17.0,EUR,0.0,85.0,85.0
TXN-DE-1-000782,2026-08-25 22:00:44,2026-08-25 22:06:44,DE,SaaS Platform,D,VIT-002,Vitalis Multivit,Supplement,Vitalis,D2C,7,17.0,EUR,0.15,119.0,101.15
TXN-DE-1-000783,2026-08-25 16:43:13,2026-08-25 16:49:13,DE,SaaS Platform,D,SAN-002,SanaPlus ColdFlu,OTC,SanaPlus,D2C,11,10.5,EUR,0.0,115.5,115.5
TXN-DE-1-000784,2026-08-25 19:31:56,2026-08-25 19:37:56,DE,SaaS Platform,D,VIT-001,Vitalis C1000,Supplement,Vitalis,E-commerce,7,21.0,EUR,0.1,147.0,132.3
TXN-DE-1-000785,2026-08-25 18:23:09,2026-08-25 18:24:09,DE,SaaS Platform,D,MED-001,Medora Cardio 10mg,Prescription,Medora,Pharmacy/B2B,4,43.0,EUR,0.2,172.0,137.6
TXN-DE-1-000786,2026-08-25 20:00:18,2026-08-25 20:06:18,DE,SaaS Platform,D,VIT-001,Vitalis C1000,Supplement,Vitalis,Wholesale,3,21.0,EUR,0.0,63.0,63.0
TXN-DE-1-000787,2026-08-25 01:45:52,2026-08-25 01:48:52,DE,SaaS Platform,D,MED-002,Medora Derm Cream,Prescription,Medora,E-commerce,4,26.0,EUR,0.0,104.0,104.0
TXN-DE-1-000788,2026-08-25 13:39:50,2026-08-25 13:40:50,DE,SaaS Platform,D,MED-002,Medora Derm Cream,Prescription,Medora,D2C,3,26.0,EUR,0.0,78.0,78.0
TXN-DE-1-000789,2026-08-25 00:06:22,2026-08-25 00:07:22,DE,SaaS Platform,D,VIT-002,Vitalis Multivit,Supplement,Vitalis,E-commerce,6,17.0,EUR,0.2,102.0,81.6
TXN-DE-1-000790,2026-08-25 08:35:39,2026-08-25 08:37:39,DE,SaaS Platform,D,MED-001,Medora Cardio 10mg,Prescription,Medora,E-commerce,11,43.0,EUR,0.15,473.0,402.05
TXN-DE-1-000791,2026-08-25 02:47:45,2026-08-25 02:53:45,DE,SaaS Platform,D,DER-001,Dermacare GlowSerum,Aesthetic,Dermacare,Pharmacy/B2B,12,32.0,EUR,0.2,384.0,307.2
TXN-DE-1-000792,2026-08-25 23:11:55,2026-08-25 23:15:55,DE,SaaS Platform,D,VIT-002,Vitalis Multivit,Supplement,Vitalis,Wholesale,1,17.0,EUR,0.0,17.0,17.0
TXN-DE-1-000793,2026-08-25 19:34:07,2026-08-25 19:39:07,DE,SaaS Platform,D,MED-002,Medora Derm Cream,Prescription,Medora,Wholesale,4,26.0,EUR,0.15,104.0,88.4
TXN-DE-1-000794,2026-08-25 13:50:56,2026-08-25 13:55:56,DE,SaaS Platform,D,MED-001,Medora Cardio 10mg,Prescription,Medora,Wholesale,12,43.0,EUR,0.1,516.0,464.4
TXN-DE-1-000795,2026-08-25 21:34:21,2026-08-25 21:40:21,DE,SaaS Platform,D,SAN-001,SanaPlus PainRelief,OTC,SanaPlus,Wholesale,7,9.5,EUR,0.05,66.5,63.17
TXN-DE-1-000796,2026-08-25 06:42:21,2026-08-25 06:43:21,DE,SaaS Platform,D,MED-001,Medora Cardio 10mg,Prescription,Medora,Pharmacy/B2B,6,43.0,EUR,0.0,258.0,258.0
TXN-DE-1-000797,2026-08-25 02:56:29,2026-08-25 02:59:29,DE,SaaS Platform,D,MED-002,Medora Derm Cream,Prescription,Medora,Pharmacy/B2B,8,26.0,EUR,0.0,208.0,208.0
TXN-DE-1-000798,2026-08-25 16:37:47,2026-08-25 16:38:47,DE,SaaS Platform,D,DER-001,Dermacare GlowSerum,Aesthetic,Dermacare,E-commerce,5,32.0,EUR,0.1,160.0,144.0
TXN-DE-1-000799,2026-08-25 13:17:45,2026-08-25 13:18:45,DE,SaaS Platform,D,PUR-001,PureLife GlucoMonitor,Medical Device,PureLife,D2C,2,85.0,EUR,0.0,170.0,170.0
TXN-DE-1-000800,2026-08-25 07:53:22,2026-08-25 07:57:22,DE,SaaS Platform,D,MED-001,Medora Cardio 10mg,Prescription,Medora,D2C,2,43.0,EUR,0.2,86.0,68.8
TXN-DE-1-000801,2026-08-25 04:00:34,2026-08-25 04:05:34,DE,SaaS Platform,D,MED-002,Medora Derm Cream,Prescription,Medora,D2C,11,26.0,EUR,0.0,286.0,286.0
TXN-DE-1-000802,2026-08-25 13:10:22,2026-08-25 13:13:22,DE,SaaS Platform,D,SAN-002,SanaPlus ColdFlu,OTC,SanaPlus,Wholesale,10,10.5,EUR,0.05,105.0,99.75
TXN-DE-1-000803,2026-08-25 05:09:41,2026-08-25 05:14:41,DE,SaaS Platform,D,DER-001,Dermacare GlowSerum,Aesthetic,Dermacare,D2C,6,32.0,EUR,0.05,192.0,182.4
TXN-DE-1-000804,2026-08-25 04:10:58,2026-08-25 04:15:58,DE,SaaS Platform,D,VIT-001,Vitalis C1000,Supplement,Vitalis,Wholesale,7,21.0,EUR,0.05,147.0,139.65
TXN-DE-1-000805,2026-08-25 02:50:56,2026-08-25 02:52:56,DE,SaaS Platform,D,DER-002,Dermacare LiftCream,Aesthetic,Dermacare,Wholesale,12,37.0,EUR,0.15,444.0,377.4
TXN-DE-1-000806,2026-08-25 04:14:07,2026-08-25 04:20:07,DE,SaaS Platform,D,PUR-001,PureLife GlucoMonitor,Medical Device,PureLife,Wholesale,3,85.0,EUR,0.2,255.0,204.0
TXN-DE-1-000807,2026-08-25 15:29:51,2026-08-25 15:31:51,DE,SaaS Platform,D,PUR-002,PureLife BP Monitor,Medical Device,PureLife,D2C,7,90.0,EUR,0.0,630.0,630.0
TXN-DE-1-000808,2026-08-25 04:53:45,2026-08-25 04:59:45,DE,SaaS Platform,D,DER-001,Dermacare GlowSerum,Aesthetic,Dermacare,Wholesale,8,32.0,EUR,0.1,256.0,230.4
TXN-DE-1-000809,2026-08-25 07:57:53,2026-08-25 07:58:53,DE,SaaS Platform,D,SAN-002,SanaPlus ColdFlu,OTC,SanaPlus,D2C,8,10.5,EUR,0.0,84.0,84.0
TXN-DE-1-000810,2026-08-25 16:42:11,2026-08-25 16:43:11,DE,SaaS Platform,D,VIT-002,Vitalis Multivit,Supplement,Vitalis,Wholesale,12,17.0,EUR,0.0,204.0,204.0
TXN-DE-1-000811,2026-08-25 01:41:39,2026-08-25 01:43:39,DE,SaaS Platform,D,VIT-001,Vitalis C1000,Supplement,Vitalis,E-commerce,11,21.0,EUR,0.15,231.0,196.35
TXN-DE-1-000812,2026-08-25 10:30:39,2026-08-25 10:36:39,DE,SaaS Platform,D,DER-001,Dermacare GlowSerum,Aesthetic,Dermacare,Pharmacy/B2B,5,32.0,EUR,0.0,160.0,160.0
TXN-DE-1-000813,2026-08-25 14:14:06,2026-08-25 14:18:06,DE,SaaS Platform,D,VIT-001,Vitalis C1000,Supplement,Vitalis,Wholesale,7,21.0,EUR,0.0,147.0,147.0
TXN-DE-1-000814,2026-08-25 07:57:07,2026-08-25 07:58:07,DE,SaaS Platform,D,SAN-001,SanaPlus PainRelief,OTC,SanaPlus,Pharmacy/B2B,2,9.5,EUR,0.2,19.0,15.2
TXN-DE-1-000815,2026-08-25 16:38:30,2026-08-25 16:42:30,DE,SaaS Platform,D,MED-002,Medora Derm Cream,Prescription,Medora,D2C,3,26.0,EUR,0.15,78.0,66.3
TXN-DE-1-000816,2026-08-25 03:43:24,2026-08-25 03:46:24,DE,SaaS Platform,D,VIT-001,Vitalis C1000,Supplement,Vitalis,D2C,9,21.0,EUR,0.0,189.0,189.0
TXN-DE-1-000817,2026-08-25 04:06:11,2026-08-25 04:11:11,DE,SaaS Platform,D,DER-001,Dermacare GlowSerum,Aesthetic,Dermacare,Wholesale,4,32.0,EUR,0.05,128.0,121.6
TXN-DE-1-000818,2026-08-25 09:32:11,2026-08-25 09:36:11,DE,SaaS Platform,D,MED-001,Medora Cardio 10mg,Prescription,Medora,D2C,7,43.0,EUR,0.0,301.0,301.0
TXN-DE-1-000819,2026-08-25 13:43:48,2026-08-25 13:48:48,DE,SaaS Platform,D,PUR-002,PureLife BP Monitor,Medical Device,PureLife,Wholesale,10,90.0,EUR,0.1,900.0,810.0
TXN-DE-1-000820,2026-08-25 17:35:12,2026-08-25 17:36:12,DE,SaaS Platform,D,VIT-002,Vitalis Multivit,Supplement,Vitalis,Wholesale,9,17.0,EUR,0.1,153.0,137.7
TXN-DE-1-000821,2026-08-25 08:25:20,2026-08-25 08:26:20,DE,SaaS Platform,D,MED-001,Medora Cardio 10mg,Prescription,Medora,D2C,9,43.0,EUR,0.0,387.0,387.0
TXN-DE-1-000822,2026-08-25 17:42:36,2026-08-25 17:48:36,DE,SaaS Platform,D,PUR-002,PureLife BP Monitor,Medical Device,PureLife,E-commerce,7,90.0,EUR,0.15,630.0,535.5
TXN-DE-1-000823,2026-08-25 08:15:55,2026-08-25 08:21:55,DE,SaaS Platform,D,MED-002,Medora Derm Cream,Prescription,Medora,D2C,10,26.0,EUR,0.0,260.0,260.0
TXN-DE-1-000824,2026-08-25 05:16:41,2026-08-25 05:22:41,DE,SaaS Platform,D,PUR-002,PureLife BP Monitor,Medical Device,PureLife,Pharmacy/B2B,11,90.0,EUR,0.15,990.0,841.5
TXN-DE-1-000825,2026-08-25 06:06:16,2026-08-25 06:10:16,DE,SaaS Platform,D,MED-001,Medora Cardio 10mg,Prescription,Medora,Wholesale,6,43.0,EUR,0.1,258.0,232.2
TXN-DE-1-000826,2026-08-25 08:07:16,2026-08-25 08:10:16,DE,SaaS Platform,D,MED-002,Medora Derm Cream,Prescription,Medora,Pharmacy/B2B,5,26.0,EUR,0.0,130.0,130.0
TXN-DE-1-000827,2026-08-25 13:43:49,2026-08-25 13:49:49,DE,SaaS Platform,D,VIT-001,Vitalis C1000,Supplement,Vitalis,Pharmacy/B2B,2,21.0,EUR,0.1,42.0,37.8
TXN-DE-1-000828,2026-08-25 16:26:40,2026-08-25 16:28:40,DE,SaaS Platform,D,VIT-001,Vitalis C1000,Supplement,Vitalis,E-commerce,5,21.0,EUR,0.05,105.0,99.75
TXN-DE-1-000829,2026-08-25 04:31:03,2026-08-25 04:36:03,DE,SaaS Platform,D,VIT-002,Vitalis Multivit,Supplement,Vitalis,Pharmacy/B2B,2,17.0,EUR,0.1,34.0,30.6
TXN-DE-1-000830,2026-08-25 04:09:30,2026-08-25 04:13:30,DE,SaaS Platform,D,PUR-002,PureLife BP Monitor,Medical Device,PureLife,Wholesale,11,90.0,EUR,0.0,990.0,990.0
TXN-DE-1-000831,2026-08-25 17:29:34,2026-08-25 17:32:34,DE,SaaS Platform,D,DER-002,Dermacare LiftCream,Aesthetic,Dermacare,D2C,10,37.0,EUR,0.05,370.0,351.5
TXN-DE-1-000832,2026-08-25 10:22:17,2026-08-25 10:27:17,DE,SaaS Platform,D,PUR-002,PureLife BP Monitor,Medical Device,PureLife,Wholesale,10,90.0,EUR,0.1,900.0,810.0
TXN-DE-1-000833,2026-08-25 02:04:15,2026-08-25 02:07:15,DE,SaaS Platform,D,VIT-001,Vitalis C1000,Supplement,Vitalis,E-commerce,2,21.0,EUR,0.05,42.0,39.9
TXN-DE-1-000834,2026-08-25 04:31:24,2026-08-25 04:32:24,DE,SaaS Platform,D,SAN-001,SanaPlus PainRelief,OTC,SanaPlus,Wholesale,6,9.5,EUR,0.05,57.0,54.15
TXN-DE-1-000835,2026-08-25 12:57:34,2026-08-25 13:02:34,DE,SaaS Platform,D,MED-002,Medora Derm Cream,Prescription,Medora,Pharmacy/B2B,1,26.0,EUR,0.05,26.0,24.7
TXN-DE-1-000836,2026-08-25 02:48:08,2026-08-25 02:52:08,DE,SaaS Platform,D,VIT-002,Vitalis Multivit,Supplement,Vitalis,D2C,7,17.0,EUR,0.2,119.0,95.2
TXN-DE-1-000837,2026-08-25 08:51:23,2026-08-25 08:52:23,DE,SaaS Platform,D,DER-001,Dermacare GlowSerum,Aesthetic,Dermacare,E-commerce,2,32.0,EUR,0.0,64.0,64.0
TXN-DE-1-000838,2026-08-25 21:42:48,2026-08-25 21:46:48,DE,SaaS Platform,D,SAN-002,SanaPlus ColdFlu,OTC,SanaPlus,D2C,8,10.5,EUR,0.2,84.0,67.2
TXN-DE-1-000839,2026-08-25 06:28:51,2026-08-25 06:34:51,DE,SaaS Platform,D,DER-001,Dermacare GlowSerum,Aesthetic,Dermacare,Pharmacy/B2B,7,32.0,EUR,0.1,224.0,201.6
TXN-DE-1-000840,2026-08-25 11:06:28,2026-08-25 11:11:28,DE,SaaS Platform,D,DER-001,Dermacare GlowSerum,Aesthetic,Dermacare,E-commerce,8,32.0,EUR,0.1,256.0,230.4
TXN-DE-1-000841,2026-08-25 18:27:48,2026-08-25 18:28:48,DE,SaaS Platform,D,MED-002,Medora Derm Cream,Prescription,Medora,E-commerce,9,26.0,EUR,0.2,234.0,187.2
TXN-DE-1-000842,2026-08-25 21:28:49,2026-08-25 21:34:49,DE,SaaS Platform,D,PUR-002,PureLife BP Monitor,Medical Device,PureLife,Pharmacy/B2B,7,90.0,EUR,0.1,630.0,567.0
TXN-DE-1-000843,2026-08-25 06:04:08,2026-08-25 06:10:08,DE,SaaS Platform,D,MED-001,Medora Cardio 10mg,Prescription,Medora,Pharmacy/B2B,4,43.0,EUR,0.15,172.0,146.2
TXN-DE-1-000844,2026-08-25 00:28:19,2026-08-25 00:32:19,DE,SaaS Platform,D,MED-002,Medora Derm Cream,Prescription,Medora,Wholesale,8,26.0,EUR,0.0,208.0,208.0
TXN-DE-1-000845,2026-08-25 06:51:50,2026-08-25 06:57:50,DE,SaaS Platform,D,VIT-001,Vitalis C1000,Supplement,Vitalis,Pharmacy/B2B,7,21.0,EUR,0.0,147.0,147.0
TXN-DE-1-000846,2026-08-25 07:04:49,2026-08-25 07:08:49,DE,SaaS Platform,D,MED-002,Medora Derm Cream,Prescription,Medora,E-commerce,2,26.0,EUR,0.05,52.0,49.4
TXN-DE-1-000847,2026-08-25 22:21:07,2026-08-25 22:26:07,DE,SaaS Platform,D,SAN-002,SanaPlus ColdFlu,OTC,SanaPlus,D2C,10,10.5,EUR,0.0,105.0,105.0
TXN-DE-1-000848,2026-08-25 01:39:11,2026-08-25 01:42:11,DE,SaaS Platform,D,PUR-002,PureLife BP Monitor,Medical Device,PureLife,Pharmacy/B2B,4,90.0,EUR,0.05,360.0,342.0
TXN-DE-1-000849,2026-08-25 05:56:49,2026-08-25 06:01:49,DE,SaaS Platform,D,SAN-002,SanaPlus ColdFlu,OTC,SanaPlus,D2C,6,10.5,EUR,0.1,63.0,56.7
TXN-DE-1-000850,2026-08-25 12:07:14,2026-08-25 12:12:14,DE,SaaS Platform,D,VIT-002,Vitalis Multivit,Supplement,Vitalis,D2C,12,17.0,EUR,0.05,204.0,193.8
TXN-DE-1-000851,2026-08-25 08:32:05,2026-08-25 08:38:05,DE,SaaS Platform,D,PUR-002,PureLife BP Monitor,Medical Device,PureLife,Pharmacy/B2B,3,90.0,EUR,0.05,270.0,256.5
TXN-DE-1-000852,2026-08-25 10:08:17,2026-08-25 10:14:17,DE,SaaS Platform,D,VIT-002,Vitalis Multivit,Supplement,Vitalis,E-commerce,3,17.0,EUR,0.0,51.0,51.0
TXN-DE-1-000853,2026-08-25 12:27:09,2026-08-25 12:28:09,DE,SaaS Platform,D,DER-002,Dermacare LiftCream,Aesthetic,Dermacare,D2C,2,37.0,EUR,0.2,74.0,59.2
TXN-DE-1-000854,2026-08-25 21:51:09,2026-08-25 21:57:09,DE,SaaS Platform,D,VIT-001,Vitalis C1000,Supplement,Vitalis,D2C,9,21.0,EUR,0.0,189.0,189.0
TXN-DE-1-000855,2026-08-25 22:54:50,2026-08-25 23:00:50,DE,SaaS Platform,D,SAN-001,SanaPlus PainRelief,OTC,SanaPlus,Wholesale,7,9.5,EUR,0.0,66.5,66.5
TXN-DE-1-000856,2026-08-25 03:52:12,2026-08-25 03:58:12,DE,SaaS Platform,D,VIT-001,Vitalis C1000,Supplement,Vitalis,E-commerce,7,21.0,EUR,0.2,147.0,117.6
TXN-DE-1-000857,2026-08-25 01:21:31,2026-08-25 01:22:31,DE,SaaS Platform,D,PUR-001,PureLife GlucoMonitor,Medical Device,PureLife,Wholesale,4,85.0,EUR,0.1,340.0,306.0
TXN-DE-1-000858,2026-08-25 21:46:51,2026-08-25 21:49:51,DE,SaaS Platform,D,SAN-002,SanaPlus ColdFlu,OTC,SanaPlus,D2C,2,10.5,EUR,0.2,21.0,16.8
TXN-DE-1-000859,2026-08-25 07:34:11,2026-08-25 07:40:11,DE,SaaS Platform,D,PUR-001,PureLife GlucoMonitor,Medical Device,PureLife,D2C,6,85.0,EUR,0.0,510.0,510.0
TXN-DE-1-000860,2026-08-25 03:24:56,2026-08-25 03:27:56,DE,SaaS Platform,D,DER-001,Dermacare GlowSerum,Aesthetic,Dermacare,E-commerce,1,32.0,EUR,0.1,32.0,28.8
TXN-DE-1-000861,2026-08-25 08:49:26,2026-08-25 08:50:26,DE,SaaS Platform,D,DER-002,Dermacare LiftCream,Aesthetic,Dermacare,Wholesale,9,37.0,EUR,0.15,333.0,283.05
TXN-DE-1-000862,2026-08-25 12:17:39,2026-08-25 12:22:39,DE,SaaS Platform,D,MED-001,Medora Cardio 10mg,Prescription,Medora,Wholesale,12,43.0,EUR,0.15,516.0,438.6
TXN-DE-1-000863,2026-08-25 11:08:08,2026-08-25 11:11:08,DE,SaaS Platform,D,PUR-002,PureLife BP Monitor,Medical Device,PureLife,Wholesale,3,90.0,EUR,0.15,270.0,229.5
TXN-DE-1-000864,2026-08-25 10:06:21,2026-08-25 10:12:21,DE,SaaS Platform,D,MED-001,Medora Cardio 10mg,Prescription,Medora,E-commerce,12,43.0,EUR,0.0,516.0,516.0
TXN-DE-1-000865,2026-08-25 16:46:51,2026-08-25 16:50:51,DE,SaaS Platform,D,VIT-002,Vitalis Multivit,Supplement,Vitalis,D2C,11,17.0,EUR,0.2,187.0,149.6
TXN-DE-1-000866,2026-08-25 03:23:02,2026-08-25 03:27:02,DE,SaaS Platform,D,DER-001,Dermacare GlowSerum,Aesthetic,Dermacare,Pharmacy/B2B,2,32.0,EUR,0.0,64.0,64.0
TXN-DE-1-000867,2026-08-25 07:51:24,2026-08-25 07:56:24,DE,SaaS Platform,D,DER-002,Dermacare LiftCream,Aesthetic,Dermacare,E-commerce,7,37.0,EUR,0.05,259.0,246.05
TXN-DE-1-000868,2026-08-25 01:02:52,2026-08-25 01:06:52,DE,SaaS Platform,D,VIT-001,Vitalis C1000,Supplement,Vitalis,Pharmacy/B2B,8,21.0,EUR,0.15,168.0,142.8
TXN-DE-1-000869,2026-08-25 08:14:29,2026-08-25 08:20:29,DE,SaaS Platform,D,SAN-001,SanaPlus PainRelief,OTC,SanaPlus,Pharmacy/B2B,12,9.5,EUR,0.0,114.0,114.0
TXN-DE-1-000870,2026-08-25 11:07:39,2026-08-25 11:09:39,DE,SaaS Platform,D,VIT-001,Vitalis C1000,Supplement,Vitalis,E-commerce,12,21.0,EUR,0.2,252.0,201.6
TXN-DE-1-000871,2026-08-25 09:50:38,2026-08-25 09:51:38,DE,SaaS Platform,D,PUR-002,PureLife BP Monitor,Medical Device,PureLife,E-commerce,1,90.0,EUR,0.05,90.0,85.5
TXN-DE-1-000872,2026-08-25 08:56:35,2026-08-25 08:58:35,DE,SaaS Platform,D,VIT-002,Vitalis Multivit,Supplement,Vitalis,Wholesale,6,17.0,EUR,0.0,102.0,102.0
TXN-DE-1-000873,2026-08-25 00:31:29,2026-08-25 00:32:29,DE,SaaS Platform,D,PUR-001,PureLife GlucoMonitor,Medical Device,PureLife,Pharmacy/B2B,11,85.0,EUR,0.2,935.0,748.0
TXN-DE-1-000874,2026-08-25 11:17:12,2026-08-25 11:20:12,DE,SaaS Platform,D,SAN-001,SanaPlus PainRelief,OTC,SanaPlus,E-commerce,5,9.5,EUR,0.2,47.5,38.0
TXN-DE-1-000875,2026-08-25 20:07:29,2026-08-25 20:10:29,DE,SaaS Platform,D,VIT-001,Vitalis C1000,Supplement,Vitalis,Pharmacy/B2B,3,21.0,EUR,0.15,63.0,53.55
TXN-DE-1-000876,2026-08-25 10:10:36,2026-08-25 10:12:36,DE,SaaS Platform,D,SAN-002,SanaPlus ColdFlu,OTC,SanaPlus,Pharmacy/B2B,12,10.5,EUR,0.1,126.0,113.4
TXN-DE-1-000877,2026-08-25 11:12:04,2026-08-25 11:16:04,DE,SaaS Platform,D,DER-001,Dermacare GlowSerum,Aesthetic,Dermacare,D2C,12,32.0,EUR,0.0,384.0,384.0
TXN-DE-1-000878,2026-08-25 04:17:48,2026-08-25 04:23:48,DE,SaaS Platform,D,PUR-001,PureLife GlucoMonitor,Medical Device,PureLife,Wholesale,11,85.0,EUR,0.0,935.0,935.0
TXN-DE-1-000879,2026-08-25 12:14:47,2026-08-25 12:18:47,DE,SaaS Platform,D,SAN-001,SanaPlus PainRelief,OTC,SanaPlus,Pharmacy/B2B,10,9.5,EUR,0.2,95.0,76.0
TXN-DE-1-000880,2026-08-25 20:58:11,2026-08-25 21:01:11,DE,SaaS Platform,D,MED-002,Medora Derm Cream,Prescription,Medora,D2C,8,26.0,EUR,0.0,208.0,208.0
TXN-DE-1-000881,2026-08-25 07:00:18,2026-08-25 07:05:18,DE,SaaS Platform,D,PUR-001,PureLife GlucoMonitor,Medical Device,PureLife,Pharmacy/B2B,4,85.0,EUR,0.05,340.0,323.0
TXN-DE-1-000882,2026-08-25 01:25:02,2026-08-25 01:28:02,DE,SaaS Platform,D,SAN-001,SanaPlus PainRelief,OTC,SanaPlus,E-commerce,5,9.5,EUR,0.2,47.5,38.0
TXN-DE-1-000883,2026-08-25 11:49:30,2026-08-25 11:50:30,DE,SaaS Platform,D,PUR-002,PureLife BP Monitor,Medical Device,PureLife,Pharmacy/B2B,9,90.0,EUR,0.2,810.0,648.0
TXN-DE-1-000884,2026-08-25 06:31:12,2026-08-25 06:35:12,DE,SaaS Platform,D,MED-002,Medora Derm Cream,Prescription,Medora,Pharmacy/B2B,1,26.0,EUR,0.15,26.0,22.1
TXN-DE-1-000885,2026-08-25 07:16:06,2026-08-25 07:19:06,DE,SaaS Platform,D,DER-001,Dermacare GlowSerum,Aesthetic,Dermacare,D2C,10,32.0,EUR,0.0,320.0,320.0
TXN-DE-1-000886,2026-08-25 06:35:55,2026-08-25 06:41:55,DE,SaaS Platform,D,PUR-002,PureLife BP Monitor,Medical Device,PureLife,E-commerce,1,90.0,EUR,0.15,90.0,76.5
TXN-DE-1-000887,2026-08-25 06:21:12,2026-08-25 06:23:12,DE,SaaS Platform,D,DER-002,Dermacare LiftCream,Aesthetic,Dermacare,Wholesale,12,37.0,EUR,0.05,444.0,421.8
TXN-DE-1-000888,2026-08-25 15:45:25,2026-08-25 15:50:25,DE,SaaS Platform,D,DER-001,Dermacare GlowSerum,Aesthetic,Dermacare,E-commerce,3,32.0,EUR,0.1,96.0,86.4
TXN-DE-1-000889,2026-08-25 12:37:58,2026-08-25 12:39:58,DE,SaaS Platform,D,VIT-002,Vitalis Multivit,Supplement,Vitalis,Wholesale,2,17.0,EUR,0.1,34.0,30.6
TXN-DE-1-000890,2026-08-25 09:06:14,2026-08-25 09:07:14,DE,SaaS Platform,D,MED-002,Medora Derm Cream,Prescription,Medora,E-commerce,10,26.0,EUR,0.15,260.0,221.0
TXN-DE-1-000891,2026-08-25 00:35:28,2026-08-25 00:40:28,DE,SaaS Platform,D,VIT-002,Vitalis Multivit,Supplement,Vitalis,D2C,3,17.0,EUR,0.0,51.0,51.0
TXN-DE-1-000892,2026-08-25 23:48:02,2026-08-25 23:54:02,DE,SaaS Platform,D,VIT-001,Vitalis C1000,Supplement,Vitalis,D2C,1,21.0,EUR,0.05,21.0,19.95
TXN-DE-1-000893,2026-08-25 15:27:38,2026-08-25 15:33:38,DE,SaaS Platform,D,VIT-001,Vitalis C1000,Supplement,Vitalis,E-commerce,5,21.0,EUR,0.05,105.0,99.75
TXN-DE-1-000894,2026-08-25 06:57:56,2026-08-25 06:59:56,DE,SaaS Platform,D,SAN-001,SanaPlus PainRelief,OTC,SanaPlus,E-commerce,4,9.5,EUR,0.0,38.0,38.0
TXN-DE-1-000895,2026-08-25 07:35:53,2026-08-25 07:39:53,DE,SaaS Platform,D,SAN-002,SanaPlus ColdFlu,OTC,SanaPlus,Pharmacy/B2B,12,10.5,EUR,0.1,126.0,113.4
TXN-DE-1-000896,2026-08-25 13:52:51,2026-08-25 13:56:51,DE,SaaS Platform,D,PUR-002,PureLife BP Monitor,Medical Device,PureLife,D2C,12,90.0,EUR,0.0,1080.0,1080.0
TXN-DE-1-000897,2026-08-25 18:29:09,2026-08-25 18:33:09,DE,SaaS Platform,D,SAN-002,SanaPlus ColdFlu,OTC,SanaPlus,D2C,3,10.5,EUR,0.0,31.5,31.5
TXN-DE-1-000898,2026-08-25 09:04:08,2026-08-25 09:10:08,DE,SaaS Platform,D,PUR-001,PureLife GlucoMonitor,Medical Device,PureLife,E-commerce,7,85.0,EUR,0.1,595.0,535.5
TXN-DE-1-000899,2026-08-25 04:51:44,2026-08-25 04:56:44,DE,SaaS Platform,D,SAN-002,SanaPlus ColdFlu,OTC,SanaPlus,D2C,1,10.5,EUR,0.05,10.5,9.97
TXN-DE-1-000900,2026-08-25 09:47:36,2026-08-25 09:49:36,DE,SaaS Platform,D,SAN-002,SanaPlus ColdFlu,OTC,SanaPlus,Pharmacy/B2B,10,10.5,EUR,0.2,105.0,84.0
TXN-DE-1-000901,2026-08-25 12:38:53,2026-08-25 12:40:53,DE,SaaS Platform,D,PUR-001,PureLife GlucoMonitor,Medical Device,PureLife,D2C,10,85.0,EUR,0.0,850.0,850.0
TXN-DE-1-000902,2026-08-25 17:27:42,2026-08-25 17:33:42,DE,SaaS Platform,D,MED-001,Medora Cardio 10mg,Prescription,Medora,E-commerce,10,43.0,EUR,0.05,430.0,408.5
TXN-DE-1-000903,2026-08-25 22:01:45,2026-08-25 22:05:45,DE,SaaS Platform,D,SAN-001,SanaPlus PainRelief,OTC,SanaPlus,D2C,4,9.5,EUR,0.0,38.0,38.0
TXN-DE-1-000904,2026-08-25 21:52:46,2026-08-25 21:53:46,DE,SaaS Platform,D,DER-002,Dermacare LiftCream,Aesthetic,Dermacare,Wholesale,6,37.0,EUR,0.0,222.0,222.0
TXN-DE-1-000905,2026-08-25 09:24:57,2026-08-25 09:28:57,DE,SaaS Platform,D,MED-002,Medora Derm Cream,Prescription,Medora,E-commerce,1,26.0,EUR,0.0,26.0,26.0
TXN-DE-1-000906,2026-08-25 21:33:03,2026-08-25 21:38:03,DE,SaaS Platform,D,SAN-002,SanaPlus ColdFlu,OTC,SanaPlus,D2C,3,10.5,EUR,0.1,31.5,28.35
TXN-DE-1-000907,2026-08-25 18:31:10,2026-08-25 18:35:10,DE,SaaS Platform,D,VIT-002,Vitalis Multivit,Supplement,Vitalis,D2C,5,17.0,EUR,0.15,85.0,72.25
TXN-DE-1-000908,2026-08-25 22:13:42,2026-08-25 22:19:42,DE,SaaS Platform,D,DER-001,Dermacare GlowSerum,Aesthetic,Dermacare,Wholesale,9,32.0,EUR,0.05,288.0,273.6
TXN-DE-1-000909,2026-08-25 15:38:41,2026-08-25 15:42:41,DE,SaaS Platform,D,PUR-002,PureLife BP Monitor,Medical Device,PureLife,D2C,8,90.0,EUR,0.0,720.0,720.0
TXN-DE-1-000910,2026-08-25 14:52:33,2026-08-25 14:58:33,DE,SaaS Platform,D,MED-002,Medora Derm Cream,Prescription,Medora,Wholesale,12,26.0,EUR,0.2,312.0,249.6
TXN-DE-1-000911,2026-08-25 23:23:30,2026-08-25 23:24:30,DE,SaaS Platform,D,DER-001,Dermacare GlowSerum,Aesthetic,Dermacare,Pharmacy/B2B,2,32.0,EUR,0.2,64.0,51.2
TXN-DE-1-000912,2026-08-25 09:29:51,2026-08-25 09:34:51,DE,SaaS Platform,D,DER-002,Dermacare LiftCream,Aesthetic,Dermacare,Pharmacy/B2B,2,37.0,EUR,0.0,74.0,74.0
TXN-DE-1-000913,2026-08-25 07:49:26,2026-08-25 07:54:26,DE,SaaS Platform,D,SAN-001,SanaPlus PainRelief,OTC,SanaPlus,Wholesale,2,9.5,EUR,0.0,19.0,19.0
TXN-DE-1-000914,2026-08-25 14:16:44,2026-08-25 14:20:44,DE,SaaS Platform,D,SAN-002,SanaPlus ColdFlu,OTC,SanaPlus,Wholesale,7,10.5,EUR,0.15,73.5,62.48
TXN-DE-1-000915,2026-08-25 11:51:42,2026-08-25 11:52:42,DE,SaaS Platform,D,SAN-002,SanaPlus ColdFlu,OTC,SanaPlus,Pharmacy/B2B,9,10.5,EUR,0.15,94.5,80.33
TXN-DE-1-000916,2026-08-25 18:23:35,2026-08-25 18:27:35,DE,SaaS Platform,D,MED-001,Medora Cardio 10mg,Prescription,Medora,Pharmacy/B2B,7,43.0,EUR,0.05,301.0,285.95
TXN-DE-1-000917,2026-08-25 10:39:02,2026-08-25 10:42:02,DE,SaaS Platform,D,PUR-002,PureLife BP Monitor,Medical Device,PureLife,E-commerce,4,90.0,EUR,0.0,360.0,360.0
TXN-DE-1-000918,2026-08-25 07:33:15,2026-08-25 07:36:15,DE,SaaS Platform,D,PUR-002,PureLife BP Monitor,Medical Device,PureLife,Wholesale,10,90.0,EUR,0.1,900.0,810.0
TXN-DE-1-000919,2026-08-25 11:55:47,2026-08-25 11:56:47,DE,SaaS Platform,D,SAN-001,SanaPlus PainRelief,OTC,SanaPlus,D2C,1,9.5,EUR,0.15,9.5,8.07
TXN-DE-1-000920,2026-08-25 12:12:05,2026-08-25 12:16:05,DE,SaaS Platform,D,DER-001,Dermacare GlowSerum,Aesthetic,Dermacare,E-commerce,8,32.0,EUR,0.0,256.0,256.0
TXN-DE-1-000921,2026-08-25 11:19:05,2026-08-25 11:20:05,DE,SaaS Platform,D,VIT-001,Vitalis C1000,Supplement,Vitalis,D2C,3,21.0,EUR,0.2,63.0,50.4
TXN-DE-1-000922,2026-08-25 20:25:30,2026-08-25 20:29:30,DE,SaaS Platform,D,MED-002,Medora Derm Cream,Prescription,Medora,Wholesale,12,26.0,EUR,0.1,312.0,280.8
TXN-DE-1-000923,2026-08-25 21:24:07,2026-08-25 21:26:07,DE,SaaS Platform,D,SAN-002,SanaPlus ColdFlu,OTC,SanaPlus,Wholesale,2,10.5,EUR,0.0,21.0,21.0
TXN-DE-1-000924,2026-08-25 01:12:43,2026-08-25 01:14:43,DE,SaaS Platform,D,SAN-002,SanaPlus ColdFlu,OTC,SanaPlus,Pharmacy/B2B,11,10.5,EUR,0.2,115.5,92.4
TXN-DE-1-000925,2026-08-25 08:45:51,2026-08-25 08:50:51,DE,SaaS Platform,D,SAN-002,SanaPlus ColdFlu,OTC,SanaPlus,Wholesale,7,10.5,EUR,0.15,73.5,62.48
TXN-DE-1-000926,2026-08-25 06:16:40,2026-08-25 06:20:40,DE,SaaS Platform,D,SAN-001,SanaPlus PainRelief,OTC,SanaPlus,Pharmacy/B2B,11,9.5,EUR,0.05,104.5,99.27
TXN-DE-1-000927,2026-08-25 09:04:45,2026-08-25 09:09:45,DE,SaaS Platform,D,SAN-001,SanaPlus PainRelief,OTC,SanaPlus,E-commerce,12,9.5,EUR,0.05,114.0,108.3
TXN-DE-1-000928,2026-08-25 20:21:46,2026-08-25 20:22:46,DE,SaaS Platform,D,DER-001,Dermacare GlowSerum,Aesthetic,Dermacare,E-commerce,6,32.0,EUR,0.1,192.0,172.8
TXN-DE-1-000929,2026-08-25 12:46:19,2026-08-25 12:48:19,DE,SaaS Platform,D,MED-001,Medora Cardio 10mg,Prescription,Medora,Pharmacy/B2B,1,43.0,EUR,0.2,43.0,34.4
TXN-DE-1-000930,2026-08-25 02:53:35,2026-08-25 02:55:35,DE,SaaS Platform,D,DER-002,Dermacare LiftCream,Aesthetic,Dermacare,Wholesale,10,37.0,EUR,0.0,370.0,370.0
TXN-DE-1-000931,2026-08-25 03:03:37,2026-08-25 03:08:37,DE,SaaS Platform,D,VIT-002,Vitalis Multivit,Supplement,Vitalis,Pharmacy/B2B,5,17.0,EUR,0.15,85.0,72.25
TXN-DE-1-000932,2026-08-25 18:20:22,2026-08-25 18:23:22,DE,SaaS Platform,D,VIT-001,Vitalis C1000,Supplement,Vitalis,Wholesale,8,21.0,EUR,0.0,168.0,168.0
TXN-DE-1-000933,2026-08-25 19:05:05,2026-08-25 19:09:05,DE,SaaS Platform,D,DER-002,Dermacare LiftCream,Aesthetic,Dermacare,Pharmacy/B2B,4,37.0,EUR,0.05,148.0,140.6
TXN-DE-1-000934,2026-08-25 11:55:32,2026-08-25 11:59:32,DE,SaaS Platform,D,VIT-001,Vitalis C1000,Supplement,Vitalis,Pharmacy/B2B,4,21.0,EUR,0.15,84.0,71.4
TXN-DE-1-000935,2026-08-25 15:22:52,2026-08-25 15:24:52,DE,SaaS Platform,D,SAN-001,SanaPlus PainRelief,OTC,SanaPlus,D2C,11,9.5,EUR,0.0,104.5,104.5
TXN-DE-1-000936,2026-08-25 07:41:33,2026-08-25 07:47:33,DE,SaaS Platform,D,PUR-002,PureLife BP Monitor,Medical Device,PureLife,D2C,7,90.0,EUR,0.1,630.0,567.0
TXN-DE-1-000937,2026-08-25 21:45:48,2026-08-25 21:49:48,DE,SaaS Platform,D,VIT-002,Vitalis Multivit,Supplement,Vitalis,E-commerce,2,17.0,EUR,0.1,34.0,30.6
TXN-DE-1-000938,2026-08-25 02:37:09,2026-08-25 02:43:09,DE,SaaS Platform,D,VIT-001,Vitalis C1000,Supplement,Vitalis,E-commerce,4,21.0,EUR,0.0,84.0,84.0
TXN-DE-1-000939,2026-08-25 16:00:38,2026-08-25 16:06:38,DE,SaaS Platform,D,DER-001,Dermacare GlowSerum,Aesthetic,Dermacare,Pharmacy/B2B,8,32.0,EUR,0.15,256.0,217.6
TXN-DE-1-000940,2026-08-25 01:44:27,2026-08-25 01:48:27,DE,SaaS Platform,D,VIT-002,Vitalis Multivit,Supplement,Vitalis,Pharmacy/B2B,8,17.0,EUR,0.0,136.0,136.0
TXN-DE-1-000941,2026-08-25 10:11:32,2026-08-25 10:14:32,DE,SaaS Platform,D,DER-002,Dermacare LiftCream,Aesthetic,Dermacare,Wholesale,7,37.0,EUR,0.0,259.0,259.0
TXN-DE-1-000942,2026-08-25 15:03:15,2026-08-25 15:05:15,DE,SaaS Platform,D,DER-001,Dermacare GlowSerum,Aesthetic,Dermacare,E-commerce,7,32.0,EUR,0.05,224.0,212.8
TXN-DE-1-000943,2026-08-25 19:35:40,2026-08-25 19:38:40,DE,SaaS Platform,D,MED-001,Medora Cardio 10mg,Prescription,Medora,Wholesale,8,43.0,EUR,0.0,344.0,344.0
TXN-DE-1-000944,2026-08-25 18:03:04,2026-08-25 18:06:04,DE,SaaS Platform,D,PUR-002,PureLife BP Monitor,Medical Device,PureLife,D2C,11,90.0,EUR,0.0,990.0,990.0
TXN-DE-1-000945,2026-08-25 23:40:05,2026-08-25 23:42:05,DE,SaaS Platform,D,SAN-001,SanaPlus PainRelief,OTC,SanaPlus,D2C,3,9.5,EUR,0.1,28.5,25.65
TXN-DE-1-000946,2026-08-25 12:53:38,2026-08-25 12:55:38,DE,SaaS Platform,D,DER-002,Dermacare LiftCream,Aesthetic,Dermacare,Wholesale,5,37.0,EUR,0.2,185.0,148.0
TXN-DE-1-000947,2026-08-25 01:00:04,2026-08-25 01:02:04,DE,SaaS Platform,D,DER-002,Dermacare LiftCream,Aesthetic,Dermacare,Wholesale,8,37.0,EUR,0.05,296.0,281.2
TXN-DE-1-000948,2026-08-25 20:18:02,2026-08-25 20:22:02,DE,SaaS Platform,D,SAN-001,SanaPlus PainRelief,OTC,SanaPlus,Pharmacy/B2B,5,9.5,EUR,0.2,47.5,38.0
TXN-DE-1-000949,2026-08-25 05:28:19,2026-08-25 05:29:19,DE,SaaS Platform,D,DER-002,Dermacare LiftCream,Aesthetic,Dermacare,Wholesale,8,37.0,EUR,0.0,296.0,296.0
TXN-DE-1-000950,2026-08-25 02:55:53,2026-08-25 02:58:53,DE,SaaS Platform,D,PUR-002,PureLife BP Monitor,Medical Device,PureLife,Wholesale,6,90.0,EUR,0.0,540.0,540.0
TXN-DE-1-000951,2026-08-25 10:51:05,2026-08-25 10:52:05,DE,SaaS Platform,D,MED-002,Medora Derm Cream,Prescription,Medora,D2C,8,26.0,EUR,0.2,208.0,166.4
TXN-DE-1-000952,2026-08-25 07:33:43,2026-08-25 07:39:43,DE,SaaS Platform,D,VIT-002,Vitalis Multivit,Supplement,Vitalis,Pharmacy/B2B,10,17.0,EUR,0.1,170.0,153.0
TXN-DE-1-000953,2026-08-25 02:07:06,2026-08-25 02:08:06,DE,SaaS Platform,D,MED-001,Medora Cardio 10mg,Prescription,Medora,D2C,12,43.0,EUR,0.0,516.0,516.0
TXN-DE-1-000954,2026-08-25 14:53:33,2026-08-25 14:56:33,DE,SaaS Platform,D,DER-001,Dermacare GlowSerum,Aesthetic,Dermacare,D2C,12,32.0,EUR,0.1,384.0,345.6
TXN-DE-1-000955,2026-08-25 05:27:42,2026-08-25 05:29:42,DE,SaaS Platform,D,SAN-001,SanaPlus PainRelief,OTC,SanaPlus,D2C,6,9.5,EUR,0.0,57.0,57.0
TXN-DE-1-000956,2026-08-25 19:07:36,2026-08-25 19:10:36,DE,SaaS Platform,D,DER-001,Dermacare GlowSerum,Aesthetic,Dermacare,D2C,4,32.0,EUR,0.0,128.0,128.0
TXN-DE-1-000957,2026-08-25 06:33:51,2026-08-25 06:35:51,DE,SaaS Platform,D,VIT-001,Vitalis C1000,Supplement,Vitalis,Wholesale,7,21.0,EUR,0.0,147.0,147.0
TXN-DE-1-000958,2026-08-25 22:59:05,2026-08-25 23:05:05,DE,SaaS Platform,D,MED-001,Medora Cardio 10mg,Prescription,Medora,Pharmacy/B2B,5,43.0,EUR,0.05,215.0,204.25
TXN-DE-1-000959,2026-08-25 01:03:08,2026-08-25 01:08:08,DE,SaaS Platform,D,MED-002,Medora Derm Cream,Prescription,Medora,Pharmacy/B2B,1,26.0,EUR,0.15,26.0,22.1
TXN-DE-1-000960,2026-08-25 08:56:20,2026-08-25 08:59:20,DE,SaaS Platform,D,PUR-002,PureLife BP Monitor,Medical Device,PureLife,D2C,7,90.0,EUR,0.0,630.0,630.0
TXN-DE-1-000961,2026-08-25 02:51:50,2026-08-25 02:56:50,DE,SaaS Platform,D,PUR-002,PureLife BP Monitor,Medical Device,PureLife,Wholesale,6,90.0,EUR,0.0,540.0,540.0
TXN-DE-1-000962,2026-08-25 03:09:32,2026-08-25 03:14:32,DE,SaaS Platform,D,MED-002,Medora Derm Cream,Prescription,Medora,D2C,9,26.0,EUR,0.0,234.0,234.0
TXN-DE-1-000963,2026-08-25 16:18:16,2026-08-25 16:21:16,DE,SaaS Platform,D,DER-001,Dermacare GlowSerum,Aesthetic,Dermacare,Wholesale,2,32.0,EUR,0.0,64.0,64.0
TXN-DE-1-000964,2026-08-25 11:09:22,2026-08-25 11:13:22,DE,SaaS Platform,D,DER-002,Dermacare LiftCream,Aesthetic,Dermacare,Wholesale,2,37.0,EUR,0.1,74.0,66.6
TXN-DE-1-000965,2026-08-25 23:24:17,2026-08-25 23:30:17,DE,SaaS Platform,D,DER-001,Dermacare GlowSerum,Aesthetic,Dermacare,Wholesale,11,32.0,EUR,0.0,352.0,352.0
TXN-DE-1-000966,2026-08-25 10:13:07,2026-08-25 10:19:07,DE,SaaS Platform,D,DER-002,Dermacare LiftCream,Aesthetic,Dermacare,Wholesale,7,37.0,EUR,0.15,259.0,220.15
TXN-DE-1-000967,2026-08-25 23:41:54,2026-08-25 23:45:54,DE,SaaS Platform,D,PUR-001,PureLife GlucoMonitor,Medical Device,PureLife,E-commerce,12,85.0,EUR,0.1,1020.0,918.0
TXN-DE-1-000968,2026-08-25 00:34:33,2026-08-25 00:40:33,DE,SaaS Platform,D,SAN-002,SanaPlus ColdFlu,OTC,SanaPlus,E-commerce,6,10.5,EUR,0.05,63.0,59.85
TXN-DE-1-000969,2026-08-25 12:29:29,2026-08-25 12:34:29,DE,SaaS Platform,D,PUR-002,PureLife BP Monitor,Medical Device,PureLife,D2C,1,90.0,EUR,0.1,90.0,81.0
TXN-DE-1-000970,2026-08-25 23:22:15,2026-08-25 23:27:15,DE,SaaS Platform,D,MED-002,Medora Derm Cream,Prescription,Medora,D2C,12,26.0,EUR,0.0,312.0,312.0
TXN-DE-1-000971,2026-08-25 08:28:16,2026-08-25 08:34:16,DE,SaaS Platform,D,VIT-002,Vitalis Multivit,Supplement,Vitalis,Pharmacy/B2B,12,17.0,EUR,0.0,204.0,204.0
TXN-DE-1-000972,2026-08-25 20:54:28,2026-08-25 21:00:28,DE,SaaS Platform,D,VIT-001,Vitalis C1000,Supplement,Vitalis,Wholesale,7,21.0,EUR,0.0,147.0,147.0
TXN-DE-1-000973,2026-08-25 00:37:53,2026-08-25 00:40:53,DE,SaaS Platform,D,SAN-001,SanaPlus PainRelief,OTC,SanaPlus,Wholesale,11,9.5,EUR,0.0,104.5,104.5
TXN-DE-1-000974,2026-08-25 22:41:16,2026-08-25 22:46:16,DE,SaaS Platform,D,DER-001,Dermacare GlowSerum,Aesthetic,Dermacare,E-commerce,3,32.0,EUR,0.0,96.0,96.0
TXN-DE-1-000975,2026-08-25 09:13:30,2026-08-25 09:14:30,DE,SaaS Platform,D,SAN-002,SanaPlus ColdFlu,OTC,SanaPlus,Pharmacy/B2B,4,10.5,EUR,0.0,42.0,42.0
TXN-DE-1-000976,2026-08-25 19:22:01,2026-08-25 19:26:01,DE,SaaS Platform,D,DER-001,Dermacare GlowSerum,Aesthetic,Dermacare,Pharmacy/B2B,5,32.0,EUR,0.05,160.0,152.0
TXN-DE-1-000977,2026-08-25 11:11:48,2026-08-25 11:15:48,DE,SaaS Platform,D,VIT-002,Vitalis Multivit,Supplement,Vitalis,E-commerce,9,17.0,EUR,0.1,153.0,137.7
TXN-DE-1-000978,2026-08-25 03:17:14,2026-08-25 03:20:14,DE,SaaS Platform,D,DER-002,Dermacare LiftCream,Aesthetic,Dermacare,D2C,3,37.0,EUR,0.0,111.0,111.0
TXN-DE-1-000979,2026-08-25 16:34:24,2026-08-25 16:37:24,DE,SaaS Platform,D,SAN-001,SanaPlus PainRelief,OTC,SanaPlus,E-commerce,1,9.5,EUR,0.0,9.5,9.5
TXN-DE-1-000980,2026-08-25 11:55:01,2026-08-25 12:00:01,DE,SaaS Platform,D,SAN-001,SanaPlus PainRelief,OTC,SanaPlus,D2C,2,9.5,EUR,0.0,19.0,19.0
TXN-DE-1-000981,2026-08-25 06:03:41,2026-08-25 06:09:41,DE,SaaS Platform,D,VIT-002,Vitalis Multivit,Supplement,Vitalis,Wholesale,11,17.0,EUR,0.0,187.0,187.0
TXN-DE-1-000982,2026-08-25 13:00:38,2026-08-25 13:01:38,DE,SaaS Platform,D,PUR-001,PureLife GlucoMonitor,Medical Device,PureLife,Wholesale,7,85.0,EUR,0.0,595.0,595.0
TXN-DE-1-000983,2026-08-25 18:05:29,2026-08-25 18:09:29,DE,SaaS Platform,D,SAN-001,SanaPlus PainRelief,OTC,SanaPlus,Pharmacy/B2B,4,9.5,EUR,0.0,38.0,38.0
TXN-DE-1-000984,2026-08-25 07:24:40,2026-08-25 07:27:40,DE,SaaS Platform,D,MED-002,Medora Derm Cream,Prescription,Medora,E-commerce,1,26.0,EUR,0.0,26.0,26.0
TXN-DE-1-000985,2026-08-25 12:56:15,2026-08-25 13:01:15,DE,SaaS Platform,D,SAN-002,SanaPlus ColdFlu,OTC,SanaPlus,E-commerce,5,10.5,EUR,0.05,52.5,49.88
TXN-DE-1-000986,2026-08-25 11:35:17,2026-08-25 11:40:17,DE,SaaS Platform,D,MED-002,Medora Derm Cream,Prescription,Medora,D2C,4,26.0,EUR,0.1,104.0,93.6
TXN-DE-1-000987,2026-08-25 19:11:44,2026-08-25 19:16:44,DE,SaaS Platform,D,SAN-002,SanaPlus ColdFlu,OTC,SanaPlus,E-commerce,12,10.5,EUR,0.0,126.0,126.0
TXN-DE-1-000988,2026-08-25 17:48:08,2026-08-25 17:53:08,DE,SaaS Platform,D,PUR-002,PureLife BP Monitor,Medical Device,PureLife,D2C,6,90.0,EUR,0.1,540.0,486.0
TXN-DE-1-000989,2026-08-25 22:34:08,2026-08-25 22:35:08,DE,SaaS Platform,D,PUR-002,PureLife BP Monitor,Medical Device,PureLife,D2C,12,90.0,EUR,0.15,1080.0,918.0
TXN-DE-1-000990,2026-08-25 02:45:58,2026-08-25 02:47:58,DE,SaaS Platform,D,PUR-001,PureLife GlucoMonitor,Medical Device,PureLife,Wholesale,6,85.0,EUR,0.0,510.0,510.0
TXN-DE-1-000991,2026-08-25 18:53:23,2026-08-25 18:54:23,DE,SaaS Platform,D,DER-001,Dermacare GlowSerum,Aesthetic,Dermacare,Wholesale,6,32.0,EUR,0.2,192.0,153.6
TXN-DE-1-000992,2026-08-25 22:36:13,2026-08-25 22:38:13,DE,SaaS Platform,D,VIT-002,Vitalis Multivit,Supplement,Vitalis,E-commerce,2,17.0,EUR,0.1,34.0,30.6
TXN-DE-1-000993,2026-08-25 08:01:20,2026-08-25 08:04:20,DE,SaaS Platform,D,PUR-001,PureLife GlucoMonitor,Medical Device,PureLife,Pharmacy/B2B,9,85.0,EUR,0.15,765.0,650.25
TXN-DE-1-000994,2026-08-25 01:29:40,2026-08-25 01:35:40,DE,SaaS Platform,D,MED-001,Medora Cardio 10mg,Prescription,Medora,E-commerce,9,43.0,EUR,0.0,387.0,387.0
TXN-DE-1-000995,2026-08-25 09:24:02,2026-08-25 09:28:02,DE,SaaS Platform,D,VIT-002,Vitalis Multivit,Supplement,Vitalis,D2C,3,17.0,EUR,0.15,51.0,43.35
TXN-DE-1-000996,2026-08-25 22:05:21,2026-08-25 22:07:21,DE,SaaS Platform,D,SAN-001,SanaPlus PainRelief,OTC,SanaPlus,E-commerce,2,9.5,EUR,0.15,19.0,16.15
TXN-DE-1-000997,2026-08-25 22:08:46,2026-08-25 22:11:46,DE,SaaS Platform,D,PUR-002,PureLife BP Monitor,Medical Device,PureLife,Wholesale,12,90.0,EUR,0.2,1080.0,864.0
TXN-DE-1-000998,2026-08-25 08:49:00,2026-08-25 08:50:00,DE,SaaS Platform,D,PUR-002,PureLife BP Monitor,Medical Device,PureLife,Pharmacy/B2B,3,90.0,EUR,0.0,270.0,270.0
TXN-DE-1-000999,2026-08-25 18:45:03,2026-08-25 18:48:03,DE,SaaS Platform,D,VIT-001,Vitalis C1000,Supplement,Vitalis,Wholesale,4,21.0,EUR,0.0,84.0,84.0
TXN-DE-1-001000,2026-08-25 03:18:05,2026-08-25 03:19:05,DE,SaaS Platform,D,SAN-001,SanaPlus PainRelief,OTC,SanaPlus,Wholesale,2,9.5,EUR,0.0,19.0,19.0
TXN-DE-1-001001,2026-08-25 09:04:57,2026-08-25 09:05:57,DE,SaaS Platform,D,SAN-002,SanaPlus ColdFlu,OTC,SanaPlus,D2C,6,10.5,EUR,0.0,63.0,63.0
TXN-DE-1-001002,2026-08-25 01:57:54,2026-08-25 01:58:54,DE,SaaS Platform,D,SAN-002,SanaPlus ColdFlu,OTC,SanaPlus,E-commerce,1,10.5,EUR,0.0,10.5,10.5
TXN-DE-1-001003,2026-08-25 02:08:38,2026-08-25 02:11:38,DE,SaaS Platform,D,SAN-001,SanaPlus PainRelief,OTC,SanaPlus,Pharmacy/B2B,8,9.5,EUR,0.05,76.0,72.2
TXN-DE-1-001004,2026-08-25 19:23:58,2026-08-25 19:24:58,DE,SaaS Platform,D,MED-002,Medora Derm Cream,Prescription,Medora,Pharmacy/B2B,10,26.0,EUR,0.15,260.0,221.0
TXN-DE-1-001005,2026-08-25 14:49:41,2026-08-25 14:52:41,DE,SaaS Platform,D,PUR-002,PureLife BP Monitor,Medical Device,PureLife,D2C,11,90.0,EUR,0.2,990.0,792.0
TXN-DE-1-001006,2026-08-25 11:23:27,2026-08-25 11:26:27,DE,SaaS Platform,D,DER-002,Dermacare LiftCream,Aesthetic,Dermacare,Wholesale,12,37.0,EUR,0.2,444.0,355.2
TXN-DE-1-001007,2026-08-25 15:44:03,2026-08-25 15:46:03,DE,SaaS Platform,D,SAN-001,SanaPlus PainRelief,OTC,SanaPlus,D2C,5,9.5,EUR,0.0,47.5,47.5
TXN-DE-1-001008,2026-08-25 20:19:45,2026-08-25 20:25:45,DE,SaaS Platform,D,VIT-001,Vitalis C1000,Supplement,Vitalis,Pharmacy/B2B,3,21.0,EUR,0.05,63.0,59.85
TXN-DE-1-001009,2026-08-25 22:21:01,2026-08-25 22:26:01,DE,SaaS Platform,D,SAN-001,SanaPlus PainRelief,OTC,SanaPlus,D2C,3,9.5,EUR,0.0,28.5,28.5
TXN-DE-1-001010,2026-08-25 15:10:53,2026-08-25 15:13:53,DE,SaaS Platform,D,MED-002,Medora Derm Cream,Prescription,Medora,Pharmacy/B2B,1,26.0,EUR,0.05,26.0,24.7
TXN-DE-1-001011,2026-08-25 03:48:35,2026-08-25 03:54:35,DE,SaaS Platform,D,DER-001,Dermacare GlowSerum,Aesthetic,Dermacare,Wholesale,12,32.0,EUR,0.1,384.0,345.6
TXN-DE-1-001012,2026-08-25 03:23:46,2026-08-25 03:24:46,DE,SaaS Platform,D,MED-001,Medora Cardio 10mg,Prescription,Medora,E-commerce,3,43.0,EUR,0.15,129.0,109.65
TXN-DE-1-001013,2026-08-25 09:06:15,2026-08-25 09:08:15,DE,SaaS Platform,D,MED-002,Medora Derm Cream,Prescription,Medora,Wholesale,9,26.0,EUR,0.0,234.0,234.0
TXN-DE-1-001014,2026-08-25 15:11:49,2026-08-25 15:16:49,DE,SaaS Platform,D,VIT-001,Vitalis C1000,Supplement,Vitalis,E-commerce,11,21.0,EUR,0.0,231.0,231.0
TXN-DE-1-001015,2026-08-25 23:02:24,2026-08-25 23:06:24,DE,SaaS Platform,D,SAN-002,SanaPlus ColdFlu,OTC,SanaPlus,Wholesale,3,10.5,EUR,0.15,31.5,26.77
TXN-DE-1-001016,2026-08-25 13:52:22,2026-08-25 13:57:22,DE,SaaS Platform,D,PUR-002,PureLife BP Monitor,Medical Device,PureLife,Wholesale,3,90.0,EUR,0.0,270.0,270.0
TXN-DE-1-001017,2026-08-25 19:15:47,2026-08-25 19:17:47,DE,SaaS Platform,D,SAN-001,SanaPlus PainRelief,OTC,SanaPlus,Wholesale,10,9.5,EUR,0.2,95.0,76.0
TXN-DE-1-001018,2026-08-25 03:08:38,2026-08-25 03:14:38,DE,SaaS Platform,D,MED-001,Medora Cardio 10mg,Prescription,Medora,Pharmacy/B2B,6,43.0,EUR,0.1,258.0,232.2
TXN-DE-1-001019,2026-08-25 08:23:18,2026-08-25 08:25:18,DE,SaaS Platform,D,SAN-002,SanaPlus ColdFlu,OTC,SanaPlus,Wholesale,3,10.5,EUR,0.2,31.5,25.2
TXN-DE-1-001020,2026-08-25 04:49:49,2026-08-25 04:54:49,DE,SaaS Platform,D,DER-002,Dermacare LiftCream,Aesthetic,Dermacare,Pharmacy/B2B,12,37.0,EUR,0.0,444.0,444.0
TXN-DE-1-001021,2026-08-25 05:44:56,2026-08-25 05:46:56,DE,SaaS Platform,D,MED-001,Medora Cardio 10mg,Prescription,Medora,Pharmacy/B2B,11,43.0,EUR,0.15,473.0,402.05
TXN-DE-1-001022,2026-08-25 16:52:05,2026-08-25 16:55:05,DE,SaaS Platform,D,PUR-001,PureLife GlucoMonitor,Medical Device,PureLife,D2C,10,85.0,EUR,0.05,850.0,807.5
TXN-DE-1-001023,2026-08-25 04:41:24,2026-08-25 04:44:24,DE,SaaS Platform,D,VIT-002,Vitalis Multivit,Supplement,Vitalis,Wholesale,2,17.0,EUR,0.0,34.0,34.0
TXN-DE-1-001024,2026-08-25 22:12:41,2026-08-25 22:15:41,DE,SaaS Platform,D,MED-002,Medora Derm Cream,Prescription,Medora,D2C,6,26.0,EUR,0.0,156.0,156.0
TXN-DE-1-001025,2026-08-25 01:37:38,2026-08-25 01:40:38,DE,SaaS Platform,D,PUR-001,PureLife GlucoMonitor,Medical Device,PureLife,Pharmacy/B2B,12,85.0,EUR,0.0,1020.0,1020.0
TXN-DE-1-001026,2026-08-25 23:00:05,2026-08-25 23:05:05,DE,SaaS Platform,D,DER-001,Dermacare GlowSerum,Aesthetic,Dermacare,Pharmacy/B2B,7,32.0,EUR,0.0,224.0,224.0
TXN-DE-1-001027,2026-08-25 10:29:13,2026-08-25 10:34:13,DE,SaaS Platform,D,MED-001,Medora Cardio 10mg,Prescription,Medora,E-commerce,3,43.0,EUR,0.0,129.0,129.0
TXN-DE-1-001028,2026-08-25 00:27:56,2026-08-25 00:31:56,DE,SaaS Platform,D,SAN-002,SanaPlus ColdFlu,OTC,SanaPlus,D2C,8,10.5,EUR,0.0,84.0,84.0
TXN-DE-1-001029,2026-08-25 16:25:33,2026-08-25 16:29:33,DE,SaaS Platform,D,PUR-002,PureLife BP Monitor,Medical Device,PureLife,D2C,1,90.0,EUR,0.15,90.0,76.5
TXN-DE-1-001030,2026-08-25 21:06:05,2026-08-25 21:07:05,DE,SaaS Platform,D,SAN-001,SanaPlus PainRelief,OTC,SanaPlus,Pharmacy/B2B,11,9.5,EUR,0.1,104.5,94.05
TXN-DE-1-001031,2026-08-25 21:16:41,2026-08-25 21:21:41,DE,SaaS Platform,D,SAN-002,SanaPlus ColdFlu,OTC,SanaPlus,Wholesale,7,10.5,EUR,0.15,73.5,62.48
TXN-DE-1-001032,2026-08-25 09:27:04,2026-08-25 09:29:04,DE,SaaS Platform,D,MED-001,Medora Cardio 10mg,Prescription,Medora,Pharmacy/B2B,7,43.0,EUR,0.0,301.0,301.0
TXN-DE-1-001033,2026-08-25 22:49:42,2026-08-25 22:52:42,DE,SaaS Platform,D,DER-001,Dermacare GlowSerum,Aesthetic,Dermacare,E-commerce,4,32.0,EUR,0.1,128.0,115.2
TXN-DE-1-001034,2026-08-25 20:20:51,2026-08-25 20:24:51,DE,SaaS Platform,D,PUR-001,PureLife GlucoMonitor,Medical Device,PureLife,Wholesale,12,85.0,EUR,0.05,1020.0,969.0
TXN-DE-1-001035,2026-08-25 12:39:19,2026-08-25 12:43:19,DE,SaaS Platform,D,PUR-002,PureLife BP Monitor,Medical Device,PureLife,E-commerce,2,90.0,EUR,0.0,180.0,180.0
TXN-DE-1-001036,2026-08-25 14:10:33,2026-08-25 14:16:33,DE,SaaS Platform,D,MED-001,Medora Cardio 10mg,Prescription,Medora,Wholesale,11,43.0,EUR,0.0,473.0,473.0
TXN-DE-1-001037,2026-08-25 05:01:34,2026-08-25 05:06:34,DE,SaaS Platform,D,MED-001,Medora Cardio 10mg,Prescription,Medora,Pharmacy/B2B,2,43.0,EUR,0.2,86.0,68.8
TXN-DE-1-001038,2026-08-25 07:02:46,2026-08-25 07:07:46,DE,SaaS Platform,D,DER-001,Dermacare GlowSerum,Aesthetic,Dermacare,Pharmacy/B2B,5,32.0,EUR,0.05,160.0,152.0
TXN-DE-1-001039,2026-08-25 21:26:57,2026-08-25 21:29:57,DE,SaaS Platform,D,DER-002,Dermacare LiftCream,Aesthetic,Dermacare,Pharmacy/B2B,10,37.0,EUR,0.1,370.0,333.0
TXN-DE-1-001040,2026-08-25 00:33:41,2026-08-25 00:35:41,DE,SaaS Platform,D,PUR-001,PureLife GlucoMonitor,Medical Device,PureLife,Pharmacy/B2B,4,85.0,EUR,0.0,340.0,340.0
TXN-DE-1-001041,2026-08-25 04:24:52,2026-08-25 04:30:52,DE,SaaS Platform,D,SAN-001,SanaPlus PainRelief,OTC,SanaPlus,D2C,12,9.5,EUR,0.0,114.0,114.0
TXN-DE-1-001042,2026-08-25 20:23:35,2026-08-25 20:25:35,DE,SaaS Platform,D,PUR-002,PureLife BP Monitor,Medical Device,PureLife,D2C,5,90.0,EUR,0.0,450.0,450.0
TXN-DE-1-001043,2026-08-25 21:26:57,2026-08-25 21:32:57,DE,SaaS Platform,D,MED-002,Medora Derm Cream,Prescription,Medora,D2C,8,26.0,EUR,0.2,208.0,166.4
TXN-DE-1-001044,2026-08-25 20:30:40,2026-08-25 20:36:40,DE,SaaS Platform,D,MED-001,Medora Cardio 10mg,Prescription,Medora,D2C,4,43.0,EUR,0.0,172.0,172.0
TXN-DE-1-001045,2026-08-25 16:02:17,2026-08-25 16:04:17,DE,SaaS Platform,D,PUR-001,PureLife GlucoMonitor,Medical Device,PureLife,E-commerce,10,85.0,EUR,0.0,850.0,850.0
TXN-DE-1-001046,2026-08-25 03:23:06,2026-08-25 03:29:06,DE,SaaS Platform,D,DER-001,Dermacare GlowSerum,Aesthetic,Dermacare,Wholesale,4,32.0,EUR,0.15,128.0,108.8
TXN-DE-1-001047,2026-08-25 02:02:58,2026-08-25 02:07:58,DE,SaaS Platform,D,SAN-002,SanaPlus ColdFlu,OTC,SanaPlus,E-commerce,3,10.5,EUR,0.15,31.5,26.77
TXN-DE-1-001048,2026-08-25 14:20:21,2026-08-25 14:24:21,DE,SaaS Platform,D,MED-001,Medora Cardio 10mg,Prescription,Medora,D2C,9,43.0,EUR,0.2,387.0,309.6
TXN-DE-1-001049,2026-08-25 18:49:33,2026-08-25 18:53:33,DE,SaaS Platform,D,PUR-001,PureLife GlucoMonitor,Medical Device,PureLife,Wholesale,6,85.0,EUR,0.05,510.0,484.5
TXN-DE-1-001050,2026-08-25 05:26:02,2026-08-25 05:31:02,DE,SaaS Platform,D,VIT-001,Vitalis C1000,Supplement,Vitalis,D2C,11,21.0,EUR,0.15,231.0,196.35
TXN-DE-1-001051,2026-08-25 19:28:16,2026-08-25 19:34:16,DE,SaaS Platform,D,VIT-001,Vitalis C1000,Supplement,Vitalis,E-commerce,9,21.0,EUR,0.0,189.0,189.0
TXN-DE-1-001052,2026-08-25 19:32:02,2026-08-25 19:33:02,DE,SaaS Platform,D,MED-002,Medora Derm Cream,Prescription,Medora,E-commerce,3,26.0,EUR,0.0,78.0,78.0
TXN-DE-1-001053,2026-08-25 13:35:57,2026-08-25 13:37:57,DE,SaaS Platform,D,MED-001,Medora Cardio 10mg,Prescription,Medora,Wholesale,9,43.0,EUR,0.1,387.0,348.3
TXN-DE-1-001054,2026-08-25 12:28:57,2026-08-25 12:32:57,DE,SaaS Platform,D,PUR-001,PureLife GlucoMonitor,Medical Device,PureLife,D2C,11,85.0,EUR,0.2,935.0,748.0
TXN-DE-1-001055,2026-08-25 15:22:45,2026-08-25 15:26:45,DE,SaaS Platform,D,DER-001,Dermacare GlowSerum,Aesthetic,Dermacare,Wholesale,9,32.0,EUR,0.0,288.0,288.0
TXN-DE-1-001056,2026-08-25 22:14:20,2026-08-25 22:18:20,DE,SaaS Platform,D,SAN-001,SanaPlus PainRelief,OTC,SanaPlus,D2C,9,9.5,EUR,0.0,85.5,85.5
TXN-DE-1-001057,2026-08-25 17:27:46,2026-08-25 17:30:46,DE,SaaS Platform,D,SAN-001,SanaPlus PainRelief,OTC,SanaPlus,D2C,10,9.5,EUR,0.05,95.0,90.25
TXN-DE-1-001058,2026-08-25 12:11:12,2026-08-25 12:13:12,DE,SaaS Platform,D,MED-002,Medora Derm Cream,Prescription,Medora,E-commerce,6,26.0,EUR,0.15,156.0,132.6
TXN-DE-1-001059,2026-08-25 07:18:21,2026-08-25 07:19:21,DE,SaaS Platform,D,DER-002,Dermacare LiftCream,Aesthetic,Dermacare,D2C,6,37.0,EUR,0.15,222.0,188.7
TXN-DE-1-001060,2026-08-25 12:00:21,2026-08-25 12:05:21,DE,SaaS Platform,D,VIT-001,Vitalis C1000,Supplement,Vitalis,Wholesale,5,21.0,EUR,0.1,105.0,94.5
TXN-DE-1-001061,2026-08-25 16:39:06,2026-08-25 16:42:06,DE,SaaS Platform,D,MED-002,Medora Derm Cream,Prescription,Medora,Pharmacy/B2B,12,26.0,EUR,0.15,312.0,265.2
TXN-DE-1-001062,2026-08-25 10:35:59,2026-08-25 10:40:59,DE,SaaS Platform,D,DER-001,Dermacare GlowSerum,Aesthetic,Dermacare,E-commerce,7,32.0,EUR,0.05,224.0,212.8
TXN-DE-1-001063,2026-08-25 11:46:06,2026-08-25 11:47:06,DE,SaaS Platform,D,MED-002,Medora Derm Cream,Prescription,Medora,Wholesale,7,26.0,EUR,0.0,182.0,182.0
TXN-DE-1-001064,2026-08-25 12:11:02,2026-08-25 12:13:02,DE,SaaS Platform,D,SAN-001,SanaPlus PainRelief,OTC,SanaPlus,Wholesale,6,9.5,EUR,0.2,57.0,45.6
TXN-DE-1-001065,2026-08-25 11:35:19,2026-08-25 11:36:19,DE,SaaS Platform,D,SAN-002,SanaPlus ColdFlu,OTC,SanaPlus,Wholesale,5,10.5,EUR,0.0,52.5,52.5
TXN-DE-1-001066,2026-08-25 22:15:34,2026-08-25 22:19:34,DE,SaaS Platform,D,DER-002,Dermacare LiftCream,Aesthetic,Dermacare,Wholesale,4,37.0,EUR,0.15,148.0,125.8
TXN-DE-1-001067,2026-08-25 00:17:20,2026-08-25 00:18:20,DE,SaaS Platform,D,PUR-002,PureLife BP Monitor,Medical Device,PureLife,E-commerce,6,90.0,EUR,0.15,540.0,459.0
TXN-DE-1-001068,2026-08-25 18:21:41,2026-08-25 18:23:41,DE,SaaS Platform,D,MED-001,Medora Cardio 10mg,Prescription,Medora,Pharmacy/B2B,7,43.0,EUR,0.2,301.0,240.8
TXN-DE-1-001069,2026-08-25 06:58:42,2026-08-25 06:59:42,DE,SaaS Platform,D,MED-002,Medora Derm Cream,Prescription,Medora,D2C,10,26.0,EUR,0.05,260.0,247.0
TXN-DE-1-001070,2026-08-25 23:44:46,2026-08-25 23:50:46,DE,SaaS Platform,D,VIT-001,Vitalis C1000,Supplement,Vitalis,E-commerce,5,21.0,EUR,0.0,105.0,105.0
TXN-DE-1-001071,2026-08-25 04:35:48,2026-08-25 04:40:48,DE,SaaS Platform,D,SAN-001,SanaPlus PainRelief,OTC,SanaPlus,E-commerce,5,9.5,EUR,0.2,47.5,38.0
TXN-DE-1-001072,2026-08-25 21:51:09,2026-08-25 21:53:09,DE,SaaS Platform,D,DER-002,Dermacare LiftCream,Aesthetic,Dermacare,Wholesale,7,37.0,EUR,0.1,259.0,233.1
TXN-DE-1-001073,2026-08-25 01:46:38,2026-08-25 01:51:38,DE,SaaS Platform,D,PUR-001,PureLife GlucoMonitor,Medical Device,PureLife,D2C,7,85.0,EUR,0.15,595.0,505.75
TXN-DE-1-001074,2026-08-25 01:47:43,2026-08-25 01:48:43,DE,SaaS Platform,D,PUR-001,PureLife GlucoMonitor,Medical Device,PureLife,Pharmacy/B2B,5,85.0,EUR,0.0,425.0,425.0
TXN-DE-1-001075,2026-08-25 07:25:36,2026-08-25 07:27:36,DE,SaaS Platform,D,SAN-001,SanaPlus PainRelief,OTC,SanaPlus,Pharmacy/B2B,2,9.5,EUR,0.2,19.0,15.2
TXN-DE-1-001076,2026-08-25 12:08:51,2026-08-25 12:10:51,DE,SaaS Platform,D,DER-002,Dermacare LiftCream,Aesthetic,Dermacare,E-commerce,6,37.0,EUR,0.2,222.0,177.6
TXN-DE-1-001077,2026-08-25 19:11:12,2026-08-25 19:15:12,DE,SaaS Platform,D,DER-001,Dermacare GlowSerum,Aesthetic,Dermacare,Wholesale,2,32.0,EUR,0.0,64.0,64.0
TXN-DE-1-001078,2026-08-25 11:52:48,2026-08-25 11:55:48,DE,SaaS Platform,D,SAN-001,SanaPlus PainRelief,OTC,SanaPlus,Wholesale,1,9.5,EUR,0.0,9.5,9.5
TXN-DE-1-001079,2026-08-25 08:55:18,2026-08-25 09:00:18,DE,SaaS Platform,D,VIT-001,Vitalis C1000,Supplement,Vitalis,Wholesale,1,21.0,EUR,0.1,21.0,18.9
TXN-DE-1-001080,2026-08-25 15:55:33,2026-08-25 15:59:33,DE,SaaS Platform,D,SAN-001,SanaPlus PainRelief,OTC,SanaPlus,Wholesale,11,9.5,EUR,0.15,104.5,88.83
TXN-DE-1-001081,2026-08-25 05:00:59,2026-08-25 05:04:59,DE,SaaS Platform,D,VIT-001,Vitalis C1000,Supplement,Vitalis,Pharmacy/B2B,11,21.0,EUR,0.0,231.0,231.0
TXN-DE-1-001082,2026-08-25 07:30:28,2026-08-25 07:34:28,DE,SaaS Platform,D,SAN-001,SanaPlus PainRelief,OTC,SanaPlus,Pharmacy/B2B,2,9.5,EUR,0.1,19.0,17.1
TXN-DE-1-001083,2026-08-25 05:34:34,2026-08-25 05:40:34,DE,SaaS Platform,D,PUR-001,PureLife GlucoMonitor,Medical Device,PureLife,D2C,7,85.0,EUR,0.05,595.0,565.25
TXN-DE-1-001084,2026-08-25 22:48:41,2026-08-25 22:54:41,DE,SaaS Platform,D,VIT-001,Vitalis C1000,Supplement,Vitalis,D2C,12,21.0,EUR,0.0,252.0,252.0
TXN-DE-1-001085,2026-08-25 06:12:55,2026-08-25 06:13:55,DE,SaaS Platform,D,SAN-002,SanaPlus ColdFlu,OTC,SanaPlus,D2C,12,10.5,EUR,0.2,126.0,100.8
TXN-DE-1-001086,2026-08-25 23:37:46,2026-08-25 23:43:46,DE,SaaS Platform,D,VIT-002,Vitalis Multivit,Supplement,Vitalis,E-commerce,1,17.0,EUR,0.15,17.0,14.45
TXN-DE-1-001087,2026-08-25 18:05:59,2026-08-25 18:09:59,DE,SaaS Platform,D,SAN-002,SanaPlus ColdFlu,OTC,SanaPlus,D2C,9,10.5,EUR,0.0,94.5,94.5
TXN-DE-1-001088,2026-08-25 03:15:10,2026-08-25 03:17:10,DE,SaaS Platform,D,DER-001,Dermacare GlowSerum,Aesthetic,Dermacare,E-commerce,7,32.0,EUR,0.0,224.0,224.0
TXN-DE-1-001089,2026-08-25 07:55:13,2026-08-25 08:00:13,DE,SaaS Platform,D,SAN-002,SanaPlus ColdFlu,OTC,SanaPlus,Wholesale,8,10.5,EUR,0.15,84.0,71.4
TXN-DE-1-001090,2026-08-25 18:38:28,2026-08-25 18:41:28,DE,SaaS Platform,D,SAN-001,SanaPlus PainRelief,OTC,SanaPlus,Wholesale,1,9.5,EUR,0.05,9.5,9.03
TXN-DE-1-001091,2026-08-25 20:25:54,2026-08-25 20:30:54,DE,SaaS Platform,D,MED-001,Medora Cardio 10mg,Prescription,Medora,Wholesale,6,43.0,EUR,0.0,258.0,258.0
TXN-DE-1-001092,2026-08-25 20:28:58,2026-08-25 20:34:58,DE,SaaS Platform,D,PUR-002,PureLife BP Monitor,Medical Device,PureLife,Pharmacy/B2B,10,90.0,EUR,0.1,900.0,810.0
TXN-DE-1-001093,2026-08-25 02:21:16,2026-08-25 02:25:16,DE,SaaS Platform,D,DER-002,Dermacare LiftCream,Aesthetic,Dermacare,D2C,6,37.0,EUR,0.0,222.0,222.0
TXN-DE-1-001094,2026-08-25 05:34:37,2026-08-25 05:39:37,DE,SaaS Platform,D,SAN-001,SanaPlus PainRelief,OTC,SanaPlus,D2C,2,9.5,EUR,0.2,19.0,15.2
TXN-DE-1-001095,2026-08-25 11:10:15,2026-08-25 11:15:15,DE,SaaS Platform,D,VIT-001,Vitalis C1000,Supplement,Vitalis,D2C,4,21.0,EUR,0.15,84.0,71.4
TXN-DE-1-001096,2026-08-25 03:39:07,2026-08-25 03:43:07,DE,SaaS Platform,D,SAN-001,SanaPlus PainRelief,OTC,SanaPlus,E-commerce,9,9.5,EUR,0.2,85.5,68.4
TXN-DE-1-001097,2026-08-25 08:54:11,2026-08-25 08:59:11,DE,SaaS Platform,D,SAN-002,SanaPlus ColdFlu,OTC,SanaPlus,Wholesale,5,10.5,EUR,0.05,52.5,49.88
TXN-DE-1-001098,2026-08-25 16:11:59,2026-08-25 16:15:59,DE,SaaS Platform,D,SAN-002,SanaPlus ColdFlu,OTC,SanaPlus,Wholesale,6,10.5,EUR,0.1,63.0,56.7
TXN-DE-1-001099,2026-08-25 01:20:10,2026-08-25 01:24:10,DE,SaaS Platform,D,MED-001,Medora Cardio 10mg,Prescription,Medora,D2C,6,43.0,EUR,0.0,258.0,258.0
TXN-DE-1-001100,2026-08-25 22:18:35,2026-08-25 22:21:35,DE,SaaS Platform,D,VIT-002,Vitalis Multivit,Supplement,Vitalis,D2C,4,17.0,EUR,0.2,68.0,54.4
TXN-DE-1-001101,2026-08-25 15:43:31,2026-08-25 15:48:31,DE,SaaS Platform,D,DER-002,Dermacare LiftCream,Aesthetic,Dermacare,Wholesale,2,37.0,EUR,0.0,74.0,74.0
TXN-DE-1-001102,2026-08-25 14:56:48,2026-08-25 15:01:48,DE,SaaS Platform,D,VIT-001,Vitalis C1000,Supplement,Vitalis,E-commerce,12,21.0,EUR,0.0,252.0,252.0
TXN-DE-1-001103,2026-08-25 21:11:58,2026-08-25 21:14:58,DE,SaaS Platform,D,PUR-002,PureLife BP Monitor,Medical Device,PureLife,Pharmacy/B2B,8,90.0,EUR,0.05,720.0,684.0
TXN-DE-1-001104,2026-08-25 08:46:27,2026-08-25 08:49:27,DE,SaaS Platform,D,MED-002,Medora Derm Cream,Prescription,Medora,D2C,4,26.0,EUR,0.0,104.0,104.0
TXN-DE-1-001105,2026-08-25 21:37:02,2026-08-25 21:41:02,DE,SaaS Platform,D,DER-002,Dermacare LiftCream,Aesthetic,Dermacare,Pharmacy/B2B,1,37.0,EUR,0.15,37.0,31.45
TXN-DE-1-001106,2026-08-25 01:44:17,2026-08-25 01:45:17,DE,SaaS Platform,D,MED-002,Medora Derm Cream,Prescription,Medora,D2C,11,26.0,EUR,0.0,286.0,286.0
TXN-DE-1-001107,2026-08-25 16:50:00,2026-08-25 16:54:00,DE,SaaS Platform,D,VIT-002,Vitalis Multivit,Supplement,Vitalis,D2C,10,17.0,EUR,0.0,170.0,170.0
TXN-DE-1-001108,2026-08-25 08:45:08,2026-08-25 08:51:08,DE,SaaS Platform,D,MED-002,Medora Derm Cream,Prescription,Medora,D2C,12,26.0,EUR,0.1,312.0,280.8
TXN-DE-1-001109,2026-08-25 17:36:46,2026-08-25 17:38:46,DE,SaaS Platform,D,VIT-001,Vitalis C1000,Supplement,Vitalis,D2C,6,21.0,EUR,0.05,126.0,119.7
TXN-DE-1-001110,2026-08-25 18:13:19,2026-08-25 18:16:19,DE,SaaS Platform,D,DER-001,Dermacare GlowSerum,Aesthetic,Dermacare,D2C,2,32.0,EUR,0.0,64.0,64.0
TXN-DE-1-001111,2026-08-25 12:28:26,2026-08-25 12:31:26,DE,SaaS Platform,D,DER-002,Dermacare LiftCream,Aesthetic,Dermacare,D2C,2,37.0,EUR,0.05,74.0,70.3
TXN-DE-1-001112,2026-08-25 19:26:28,2026-08-25 19:29:28,DE,SaaS Platform,D,SAN-002,SanaPlus ColdFlu,OTC,SanaPlus,Wholesale,4,10.5,EUR,0.1,42.0,37.8
TXN-DE-1-001113,2026-08-25 11:26:06,2026-08-25 11:28:06,DE,SaaS Platform,D,VIT-002,Vitalis Multivit,Supplement,Vitalis,E-commerce,9,17.0,EUR,0.0,153.0,153.0
TXN-DE-1-001114,2026-08-25 13:34:34,2026-08-25 13:37:34,DE,SaaS Platform,D,PUR-001,PureLife GlucoMonitor,Medical Device,PureLife,Pharmacy/B2B,11,85.0,EUR,0.15,935.0,794.75
TXN-DE-1-001115,2026-08-25 21:11:33,2026-08-25 21:14:33,DE,SaaS Platform,D,DER-002,Dermacare LiftCream,Aesthetic,Dermacare,D2C,8,37.0,EUR,0.0,296.0,296.0
TXN-DE-1-001116,2026-08-25 18:15:43,2026-08-25 18:16:43,DE,SaaS Platform,D,DER-001,Dermacare GlowSerum,Aesthetic,Dermacare,Wholesale,1,32.0,EUR,0.0,32.0,32.0
TXN-DE-1-001117,2026-08-25 19:19:46,2026-08-25 19:22:46,DE,SaaS Platform,D,MED-002,Medora Derm Cream,Prescription,Medora,E-commerce,7,26.0,EUR,0.0,182.0,182.0
TXN-DE-1-001118,2026-08-25 08:40:39,2026-08-25 08:42:39,DE,SaaS Platform,D,SAN-001,SanaPlus PainRelief,OTC,SanaPlus,Wholesale,1,9.5,EUR,0.0,9.5,9.5
TXN-DE-1-001119,2026-08-25 00:39:51,2026-08-25 00:43:51,DE,SaaS Platform,D,MED-002,Medora Derm Cream,Prescription,Medora,D2C,7,26.0,EUR,0.2,182.0,145.6
TXN-DE-1-001120,2026-08-25 21:35:12,2026-08-25 21:39:12,DE,SaaS Platform,D,MED-002,Medora Derm Cream,Prescription,Medora,D2C,12,26.0,EUR,0.05,312.0,296.4
TXN-DE-1-001121,2026-08-25 21:28:35,2026-08-25 21:32:35,DE,SaaS Platform,D,VIT-002,Vitalis Multivit,Supplement,Vitalis,D2C,2,17.0,EUR,0.1,34.0,30.6
TXN-DE-1-001122,2026-08-25 12:43:03,2026-08-25 12:49:03,DE,SaaS Platform,D,SAN-002,SanaPlus ColdFlu,OTC,SanaPlus,D2C,1,10.5,EUR,0.1,10.5,9.45
TXN-DE-1-001123,2026-08-25 07:53:30,2026-08-25 07:57:30,DE,SaaS Platform,D,SAN-001,SanaPlus PainRelief,OTC,SanaPlus,D2C,12,9.5,EUR,0.2,114.0,91.2
TXN-DE-1-001124,2026-08-25 14:39:06,2026-08-25 14:40:06,DE,SaaS Platform,D,MED-002,Medora Derm Cream,Prescription,Medora,Wholesale,1,26.0,EUR,0.0,26.0,26.0
TXN-DE-1-001125,2026-08-25 22:09:15,2026-08-25 22:13:15,DE,SaaS Platform,D,MED-002,Medora Derm Cream,Prescription,Medora,Pharmacy/B2B,2,26.0,EUR,0.05,52.0,49.4
TXN-DE-1-001126,2026-08-25 12:40:04,2026-08-25 12:45:04,DE,SaaS Platform,D,MED-001,Medora Cardio 10mg,Prescription,Medora,Pharmacy/B2B,2,43.0,EUR,0.05,86.0,81.7
TXN-DE-1-001127,2026-08-25 01:17:02,2026-08-25 01:21:02,DE,SaaS Platform,D,DER-002,Dermacare LiftCream,Aesthetic,Dermacare,D2C,10,37.0,EUR,0.0,370.0,370.0
TXN-DE-1-001128,2026-08-25 17:47:58,2026-08-25 17:52:58,DE,SaaS Platform,D,DER-001,Dermacare GlowSerum,Aesthetic,Dermacare,E-commerce,9,32.0,EUR,0.0,288.0,288.0
TXN-DE-1-001129,2026-08-25 11:25:32,2026-08-25 11:31:32,DE,SaaS Platform,D,MED-002,Medora Derm Cream,Prescription,Medora,Wholesale,12,26.0,EUR,0.0,312.0,312.0
TXN-DE-1-001130,2026-08-25 03:59:57,2026-08-25 04:05:57,DE,SaaS Platform,D,SAN-002,SanaPlus ColdFlu,OTC,SanaPlus,E-commerce,11,10.5,EUR,0.1,115.5,103.95
TXN-DE-1-001131,2026-08-25 21:18:46,2026-08-25 21:22:46,DE,SaaS Platform,D,DER-002,Dermacare LiftCream,Aesthetic,Dermacare,Wholesale,11,37.0,EUR,0.0,407.0,407.0
TXN-DE-1-001132,2026-08-25 12:51:00,2026-08-25 12:53:00,DE,SaaS Platform,D,DER-001,Dermacare GlowSerum,Aesthetic,Dermacare,Wholesale,4,32.0,EUR,0.0,128.0,128.0
TXN-DE-1-001133,2026-08-25 12:57:47,2026-08-25 13:03:47,DE,SaaS Platform,D,PUR-001,PureLife GlucoMonitor,Medical Device,PureLife,Wholesale,1,85.0,EUR,0.05,85.0,80.75
TXN-DE-1-001134,2026-08-25 02:06:15,2026-08-25 02:10:15,DE,SaaS Platform,D,VIT-001,Vitalis C1000,Supplement,Vitalis,E-commerce,9,21.0,EUR,0.1,189.0,170.1
TXN-DE-1-001135,2026-08-25 07:48:21,2026-08-25 07:51:21,DE,SaaS Platform,D,MED-002,Medora Derm Cream,Prescription,Medora,E-commerce,4,26.0,EUR,0.2,104.0,83.2
TXN-DE-1-001136,2026-08-25 12:34:33,2026-08-25 12:35:33,DE,SaaS Platform,D,VIT-002,Vitalis Multivit,Supplement,Vitalis,Pharmacy/B2B,2,17.0,EUR,0.0,34.0,34.0
TXN-DE-1-001137,2026-08-25 06:54:06,2026-08-25 06:55:06,DE,SaaS Platform,D,PUR-002,PureLife BP Monitor,Medical Device,PureLife,Wholesale,5,90.0,EUR,0.0,450.0,450.0
TXN-DE-1-001138,2026-08-25 17:55:52,2026-08-25 18:01:52,DE,SaaS Platform,D,SAN-001,SanaPlus PainRelief,OTC,SanaPlus,E-commerce,7,9.5,EUR,0.05,66.5,63.17
TXN-DE-1-001139,2026-08-25 08:11:33,2026-08-25 08:14:33,DE,SaaS Platform,D,DER-002,Dermacare LiftCream,Aesthetic,Dermacare,Wholesale,8,37.0,EUR,0.2,296.0,236.8
TXN-DE-1-001140,2026-08-25 02:16:39,2026-08-25 02:22:39,DE,SaaS Platform,D,SAN-001,SanaPlus PainRelief,OTC,SanaPlus,Pharmacy/B2B,4,9.5,EUR,0.15,38.0,32.3
TXN-DE-1-001141,2026-08-25 00:24:02,2026-08-25 00:30:02,DE,SaaS Platform,D,MED-001,Medora Cardio 10mg,Prescription,Medora,Wholesale,11,43.0,EUR,0.15,473.0,402.05
TXN-DE-1-001142,2026-08-25 08:18:47,2026-08-25 08:21:47,DE,SaaS Platform,D,DER-001,Dermacare GlowSerum,Aesthetic,Dermacare,D2C,9,32.0,EUR,0.2,288.0,230.4
TXN-DE-1-001143,2026-08-25 05:35:02,2026-08-25 05:39:02,DE,SaaS Platform,D,MED-001,Medora Cardio 10mg,Prescription,Medora,E-commerce,6,43.0,EUR,0.0,258.0,258.0
TXN-DE-1-001144,2026-08-25 15:06:45,2026-08-25 15:08:45,DE,SaaS Platform,D,DER-002,Dermacare LiftCream,Aesthetic,Dermacare,D2C,12,37.0,EUR,0.2,444.0,355.2
TXN-DE-1-001145,2026-08-25 02:29:13,2026-08-25 02:31:13,DE,SaaS Platform,D,PUR-001,PureLife GlucoMonitor,Medical Device,PureLife,Wholesale,7,85.0,EUR,0.1,595.0,535.5
TXN-DE-1-001146,2026-08-25 03:46:30,2026-08-25 03:47:30,DE,SaaS Platform,D,VIT-001,Vitalis C1000,Supplement,Vitalis,E-commerce,4,21.0,EUR,0.2,84.0,67.2
TXN-DE-1-001147,2026-08-25 06:03:10,2026-08-25 06:04:10,DE,SaaS Platform,D,SAN-001,SanaPlus PainRelief,OTC,SanaPlus,E-commerce,6,9.5,EUR,0.2,57.0,45.6
TXN-DE-1-001148,2026-08-25 05:47:29,2026-08-25 05:51:29,DE,SaaS Platform,D,MED-002,Medora Derm Cream,Prescription,Medora,Pharmacy/B2B,10,26.0,EUR,0.05,260.0,247.0
TXN-DE-1-001149,2026-08-25 23:22:16,2026-08-25 23:27:16,DE,SaaS Platform,D,PUR-002,PureLife BP Monitor,Medical Device,PureLife,E-commerce,6,90.0,EUR,0.2,540.0,432.0
TXN-DE-1-001150,2026-08-25 22:31:33,2026-08-25 22:34:33,DE,SaaS Platform,D,DER-001,Dermacare GlowSerum,Aesthetic,Dermacare,D2C,8,32.0,EUR,0.0,256.0,256.0
TXN-DE-1-001151,2026-08-25 22:54:27,2026-08-25 23:00:27,DE,SaaS Platform,D,SAN-001,SanaPlus PainRelief,OTC,SanaPlus,Wholesale,6,9.5,EUR,0.15,57.0,48.45
TXN-DE-1-001152,2026-08-25 07:49:10,2026-08-25 07:51:10,DE,SaaS Platform,D,SAN-002,SanaPlus ColdFlu,OTC,SanaPlus,D2C,5,10.5,EUR,0.0,52.5,52.5
TXN-DE-1-001153,2026-08-25 02:46:55,2026-08-25 02:47:55,DE,SaaS Platform,D,PUR-001,PureLife GlucoMonitor,Medical Device,PureLife,Pharmacy/B2B,12,85.0,EUR,0.1,1020.0,918.0
TXN-DE-1-001154,2026-08-25 12:28:26,2026-08-25 12:29:26,DE,SaaS Platform,D,VIT-002,Vitalis Multivit,Supplement,Vitalis,Wholesale,8,17.0,EUR,0.0,136.0,136.0
TXN-DE-1-001155,2026-08-25 18:36:45,2026-08-25 18:37:45,DE,SaaS Platform,D,SAN-002,SanaPlus ColdFlu,OTC,SanaPlus,E-commerce,1,10.5,EUR,0.0,10.5,10.5
TXN-DE-1-001156,2026-08-25 20:07:12,2026-08-25 20:13:12,DE,SaaS Platform,D,PUR-001,PureLife GlucoMonitor,Medical Device,PureLife,Pharmacy/B2B,12,85.0,EUR,0.1,1020.0,918.0
TXN-DE-1-001157,2026-08-25 07:52:42,2026-08-25 07:56:42,DE,SaaS Platform,D,DER-001,Dermacare GlowSerum,Aesthetic,Dermacare,D2C,2,32.0,EUR,0.1,64.0,57.6
TXN-DE-1-001158,2026-08-25 10:10:29,2026-08-25 10:14:29,DE,SaaS Platform,D,MED-002,Medora Derm Cream,Prescription,Medora,D2C,7,26.0,EUR,0.15,182.0,154.7
TXN-DE-1-001159,2026-08-25 04:53:59,2026-08-25 04:55:59,DE,SaaS Platform,D,MED-001,Medora Cardio 10mg,Prescription,Medora,Pharmacy/B2B,5,43.0,EUR,0.15,215.0,182.75
TXN-DE-1-001160,2026-08-25 19:00:49,2026-08-25 19:02:49,DE,SaaS Platform,D,VIT-002,Vitalis Multivit,Supplement,Vitalis,E-commerce,6,17.0,EUR,0.0,102.0,102.0
TXN-DE-1-001161,2026-08-25 02:10:20,2026-08-25 02:11:20,DE,SaaS Platform,D,MED-002,Medora Derm Cream,Prescription,Medora,E-commerce,8,26.0,EUR,0.0,208.0,208.0
TXN-DE-1-001162,2026-08-25 19:43:22,2026-08-25 19:45:22,DE,SaaS Platform,D,DER-001,Dermacare GlowSerum,Aesthetic,Dermacare,Pharmacy/B2B,4,32.0,EUR,0.0,128.0,128.0
TXN-DE-1-001163,2026-08-25 18:30:05,2026-08-25 18:34:05,DE,SaaS Platform,D,DER-001,Dermacare GlowSerum,Aesthetic,Dermacare,D2C,8,32.0,EUR,0.05,256.0,243.2
TXN-DE-1-001164,2026-08-25 01:40:56,2026-08-25 01:46:56,DE,SaaS Platform,D,PUR-002,PureLife BP Monitor,Medical Device,PureLife,Pharmacy/B2B,7,90.0,EUR,0.15,630.0,535.5
TXN-DE-1-001165,2026-08-25 17:35:29,2026-08-25 17:39:29,DE,SaaS Platform,D,MED-002,Medora Derm Cream,Prescription,Medora,E-commerce,8,26.0,EUR,0.05,208.0,197.6
TXN-DE-1-001166,2026-08-25 05:15:24,2026-08-25 05:21:24,DE,SaaS Platform,D,PUR-002,PureLife BP Monitor,Medical Device,PureLife,D2C,1,90.0,EUR,0.05,90.0,85.5
TXN-DE-1-001167,2026-08-25 15:19:50,2026-08-25 15:25:50,DE,SaaS Platform,D,DER-002,Dermacare LiftCream,Aesthetic,Dermacare,Pharmacy/B2B,11,37.0,EUR,0.05,407.0,386.65
TXN-DE-1-001168,2026-08-25 06:45:19,2026-08-25 06:46:19,DE,SaaS Platform,D,DER-002,Dermacare LiftCream,Aesthetic,Dermacare,E-commerce,1,37.0,EUR,0.0,37.0,37.0
TXN-DE-1-001169,2026-08-25 19:51:52,2026-08-25 19:56:52,DE,SaaS Platform,D,PUR-001,PureLife GlucoMonitor,Medical Device,PureLife,Wholesale,9,85.0,EUR,0.0,765.0,765.0
TXN-DE-1-001170,2026-08-25 23:54:44,2026-08-25 23:57:44,DE,SaaS Platform,D,MED-002,Medora Derm Cream,Prescription,Medora,Wholesale,10,26.0,EUR,0.0,260.0,260.0
TXN-DE-1-001171,2026-08-25 01:37:41,2026-08-25 01:39:41,DE,SaaS Platform,D,VIT-001,Vitalis C1000,Supplement,Vitalis,Wholesale,5,21.0,EUR,0.15,105.0,89.25
TXN-DE-1-001172,2026-08-25 11:57:38,2026-08-25 12:01:38,DE,SaaS Platform,D,SAN-001,SanaPlus PainRelief,OTC,SanaPlus,Wholesale,8,9.5,EUR,0.0,76.0,76.0
TXN-DE-1-001173,2026-08-25 03:58:31,2026-08-25 04:03:31,DE,SaaS Platform,D,PUR-002,PureLife BP Monitor,Medical Device,PureLife,Pharmacy/B2B,7,90.0,EUR,0.0,630.0,630.0
TXN-DE-1-001174,2026-08-25 11:45:23,2026-08-25 11:51:23,DE,SaaS Platform,D,VIT-002,Vitalis Multivit,Supplement,Vitalis,Pharmacy/B2B,7,17.0,EUR,0.2,119.0,95.2
TXN-DE-1-001175,2026-08-25 09:06:30,2026-08-25 09:11:30,DE,SaaS Platform,D,MED-001,Medora Cardio 10mg,Prescription,Medora,Wholesale,11,43.0,EUR,0.0,473.0,473.0
TXN-DE-1-001176,2026-08-25 08:21:16,2026-08-25 08:24:16,DE,SaaS Platform,D,VIT-001,Vitalis C1000,Supplement,Vitalis,D2C,11,21.0,EUR,0.0,231.0,231.0
TXN-DE-1-001177,2026-08-25 21:42:22,2026-08-25 21:46:22,DE,SaaS Platform,D,MED-001,Medora Cardio 10mg,Prescription,Medora,Pharmacy/B2B,9,43.0,EUR,0.0,387.0,387.0
TXN-DE-1-001178,2026-08-25 13:36:29,2026-08-25 13:41:29,DE,SaaS Platform,D,PUR-002,PureLife BP Monitor,Medical Device,PureLife,Pharmacy/B2B,4,90.0,EUR,0.05,360.0,342.0
TXN-DE-1-001179,2026-08-25 19:50:11,2026-08-25 19:52:11,DE,SaaS Platform,D,PUR-002,PureLife BP Monitor,Medical Device,PureLife,Wholesale,8,90.0,EUR,0.0,720.0,720.0
TXN-DE-1-001180,2026-08-25 16:50:03,2026-08-25 16:53:03,DE,SaaS Platform,D,VIT-001,Vitalis C1000,Supplement,Vitalis,Pharmacy/B2B,6,21.0,EUR,0.0,126.0,126.0
TXN-DE-1-001181,2026-08-25 02:26:19,2026-08-25 02:31:19,DE,SaaS Platform,D,VIT-002,Vitalis Multivit,Supplement,Vitalis,Wholesale,12,17.0,EUR,0.0,204.0,204.0
TXN-DE-1-001182,2026-08-25 12:24:46,2026-08-25 12:26:46,DE,SaaS Platform,D,DER-001,Dermacare GlowSerum,Aesthetic,Dermacare,Pharmacy/B2B,3,32.0,EUR,0.0,96.0,96.0
TXN-DE-1-001183,2026-08-25 04:07:01,2026-08-25 04:11:01,DE,SaaS Platform,D,PUR-002,PureLife BP Monitor,Medical Device,PureLife,Pharmacy/B2B,9,90.0,EUR,0.15,810.0,688.5
TXN-DE-1-001184,2026-08-25 18:34:12,2026-08-25 18:38:12,DE,SaaS Platform,D,SAN-002,SanaPlus ColdFlu,OTC,SanaPlus,D2C,9,10.5,EUR,0.0,94.5,94.5
TXN-DE-1-001185,2026-08-25 05:09:15,2026-08-25 05:14:15,DE,SaaS Platform,D,VIT-002,Vitalis Multivit,Supplement,Vitalis,E-commerce,6,17.0,EUR,0.1,102.0,91.8
TXN-DE-1-001186,2026-08-25 08:24:10,2026-08-25 08:29:10,DE,SaaS Platform,D,SAN-001,SanaPlus PainRelief,OTC,SanaPlus,E-commerce,11,9.5,EUR,0.2,104.5,83.6
TXN-DE-1-001187,2026-08-25 22:37:48,2026-08-25 22:43:48,DE,SaaS Platform,D,MED-002,Medora Derm Cream,Prescription,Medora,Pharmacy/B2B,7,26.0,EUR,0.0,182.0,182.0
TXN-DE-1-001188,2026-08-25 16:20:03,2026-08-25 16:22:03,DE,SaaS Platform,D,SAN-002,SanaPlus ColdFlu,OTC,SanaPlus,Pharmacy/B2B,8,10.5,EUR,0.0,84.0,84.0
TXN-DE-1-001189,2026-08-25 12:18:31,2026-08-25 12:21:31,DE,SaaS Platform,D,DER-001,Dermacare GlowSerum,Aesthetic,Dermacare,E-commerce,12,32.0,EUR,0.15,384.0,326.4
TXN-DE-1-001190,2026-08-25 12:34:00,2026-08-25 12:35:00,DE,SaaS Platform,D,MED-001,Medora Cardio 10mg,Prescription,Medora,E-commerce,12,43.0,EUR,0.0,516.0,516.0
TXN-DE-1-001191,2026-08-25 11:04:39,2026-08-25 11:05:39,DE,SaaS Platform,D,MED-002,Medora Derm Cream,Prescription,Medora,E-commerce,9,26.0,EUR,0.0,234.0,234.0
TXN-DE-1-001192,2026-08-25 06:53:44,2026-08-25 06:54:44,DE,SaaS Platform,D,PUR-002,PureLife BP Monitor,Medical Device,PureLife,D2C,6,90.0,EUR,0.1,540.0,486.0
TXN-DE-1-001193,2026-08-25 23:06:42,2026-08-25 23:11:42,DE,SaaS Platform,D,DER-002,Dermacare LiftCream,Aesthetic,Dermacare,Pharmacy/B2B,4,37.0,EUR,0.0,148.0,148.0
TXN-DE-1-001194,2026-08-25 21:57:03,2026-08-25 22:01:03,DE,SaaS Platform,D,MED-002,Medora Derm Cream,Prescription,Medora,Wholesale,8,26.0,EUR,0.0,208.0,208.0
TXN-DE-1-001195,2026-08-25 17:41:32,2026-08-25 17:47:32,DE,SaaS Platform,D,MED-001,Medora Cardio 10mg,Prescription,Medora,E-commerce,1,43.0,EUR,0.0,43.0,43.0
TXN-DE-1-001196,2026-08-25 14:57:25,2026-08-25 15:02:25,DE,SaaS Platform,D,DER-002,Dermacare LiftCream,Aesthetic,Dermacare,Pharmacy/B2B,10,37.0,EUR,0.0,370.0,370.0
TXN-DE-1-001197,2026-08-25 02:41:01,2026-08-25 02:43:01,DE,SaaS Platform,D,SAN-001,SanaPlus PainRelief,OTC,SanaPlus,Wholesale,1,9.5,EUR,0.0,9.5,9.5
TXN-DE-1-001198,2026-08-25 03:23:38,2026-08-25 03:27:38,DE,SaaS Platform,D,SAN-001,SanaPlus PainRelief,OTC,SanaPlus,E-commerce,11,9.5,EUR,0.15,104.5,88.83
TXN-DE-1-001199,2026-08-25 20:13:01,2026-08-25 20:18:01,DE,SaaS Platform,D,SAN-002,SanaPlus ColdFlu,OTC,SanaPlus,E-commerce,4,10.5,EUR,0.05,42.0,39.9
TXN-DE-1-001200,2026-08-25 14:01:26,2026-08-25 14:06:26,DE,SaaS Platform,D,SAN-001,SanaPlus PainRelief,OTC,SanaPlus,Pharmacy/B2B,9,9.5,EUR,0.05,85.5,81.22
TXN-DE-1-001201,2026-08-25 14:41:55,2026-08-25 14:45:55,DE,SaaS Platform,D,DER-002,Dermacare LiftCream,Aesthetic,Dermacare,Wholesale,1,37.0,EUR,0.0,37.0,37.0
TXN-DE-1-001202,2026-08-25 14:07:06,2026-08-25 14:10:06,DE,SaaS Platform,D,VIT-002,Vitalis Multivit,Supplement,Vitalis,D2C,6,17.0,EUR,0.15,102.0,86.7
TXN-DE-1-001203,2026-08-25 21:22:35,2026-08-25 21:28:35,DE,SaaS Platform,D,DER-002,Dermacare LiftCream,Aesthetic,Dermacare,E-commerce,2,37.0,EUR,0.15,74.0,62.9
TXN-DE-1-001204,2026-08-25 17:12:00,2026-08-25 17:14:00,DE,SaaS Platform,D,MED-001,Medora Cardio 10mg,Prescription,Medora,E-commerce,4,43.0,EUR,0.0,172.0,172.0
TXN-DE-1-001205,2026-08-25 09:37:08,2026-08-25 09:42:08,DE,SaaS Platform,D,DER-001,Dermacare GlowSerum,Aesthetic,Dermacare,Wholesale,6,32.0,EUR,0.2,192.0,153.6
TXN-DE-1-001206,2026-08-25 18:11:59,2026-08-25 18:14:59,DE,SaaS Platform,D,SAN-002,SanaPlus ColdFlu,OTC,SanaPlus,Pharmacy/B2B,1,10.5,EUR,0.0,10.5,10.5
TXN-DE-1-001207,2026-08-25 19:45:51,2026-08-25 19:48:51,DE,SaaS Platform,D,PUR-001,PureLife GlucoMonitor,Medical Device,PureLife,Pharmacy/B2B,10,85.0,EUR,0.0,850.0,850.0
TXN-DE-1-001208,2026-08-25 15:58:32,2026-08-25 16:04:32,DE,SaaS Platform,D,VIT-002,Vitalis Multivit,Supplement,Vitalis,Pharmacy/B2B,9,17.0,EUR,0.0,153.0,153.0
TXN-DE-1-001209,2026-08-25 12:32:26,2026-08-25 12:36:26,DE,SaaS Platform,D,MED-001,Medora Cardio 10mg,Prescription,Medora,D2C,5,43.0,EUR,0.0,215.0,215.0
TXN-DE-1-001210,2026-08-25 17:36:32,2026-08-25 17:37:32,DE,SaaS Platform,D,DER-002,Dermacare LiftCream,Aesthetic,Dermacare,D2C,10,37.0,EUR,0.15,370.0,314.5
TXN-DE-1-001211,2026-08-25 10:52:56,2026-08-25 10:56:56,DE,SaaS Platform,D,DER-001,Dermacare GlowSerum,Aesthetic,Dermacare,Pharmacy/B2B,2,32.0,EUR,0.0,64.0,64.0
TXN-DE-1-001212,2026-08-25 01:51:54,2026-08-25 01:55:54,DE,SaaS Platform,D,PUR-002,PureLife BP Monitor,Medical Device,PureLife,Wholesale,7,90.0,EUR,0.0,630.0,630.0
TXN-DE-1-001213,2026-08-25 16:22:06,2026-08-25 16:25:06,DE,SaaS Platform,D,SAN-001,SanaPlus PainRelief,OTC,SanaPlus,D2C,7,9.5,EUR,0.0,66.5,66.5
TXN-DE-1-001214,2026-08-25 16:47:48,2026-08-25 16:49:48,DE,SaaS Platform,D,PUR-001,PureLife GlucoMonitor,Medical Device,PureLife,Wholesale,3,85.0,EUR,0.0,255.0,255.0
TXN-DE-1-001215,2026-08-25 14:06:17,2026-08-25 14:12:17,DE,SaaS Platform,D,PUR-002,PureLife BP Monitor,Medical Device,PureLife,E-commerce,5,90.0,EUR,0.1,450.0,405.0
TXN-DE-1-001216,2026-08-25 12:18:03,2026-08-25 12:21:03,DE,SaaS Platform,D,MED-001,Medora Cardio 10mg,Prescription,Medora,E-commerce,10,43.0,EUR,0.0,430.0,430.0
TXN-DE-1-001217,2026-08-25 22:10:03,2026-08-25 22:15:03,DE,SaaS Platform,D,SAN-001,SanaPlus PainRelief,OTC,SanaPlus,Wholesale,9,9.5,EUR,0.2,85.5,68.4
TXN-DE-1-001218,2026-08-25 12:42:07,2026-08-25 12:48:07,DE,SaaS Platform,D,DER-001,Dermacare GlowSerum,Aesthetic,Dermacare,Pharmacy/B2B,7,32.0,EUR,0.05,224.0,212.8
TXN-DE-1-001219,2026-08-25 21:29:09,2026-08-25 21:35:09,DE,SaaS Platform,D,PUR-002,PureLife BP Monitor,Medical Device,PureLife,E-commerce,11,90.0,EUR,0.15,990.0,841.5
TXN-DE-1-001220,2026-08-25 14:50:41,2026-08-25 14:51:41,DE,SaaS Platform,D,VIT-002,Vitalis Multivit,Supplement,Vitalis,E-commerce,7,17.0,EUR,0.2,119.0,95.2
TXN-DE-1-001221,2026-08-25 19:56:49,2026-08-25 20:00:49,DE,SaaS Platform,D,MED-001,Medora Cardio 10mg,Prescription,Medora,Wholesale,8,43.0,EUR,0.05,344.0,326.8
TXN-DE-1-001222,2026-08-25 15:59:04,2026-08-25 16:04:04,DE,SaaS Platform,D,SAN-002,SanaPlus ColdFlu,OTC,SanaPlus,Wholesale,1,10.5,EUR,0.2,10.5,8.4
TXN-DE-1-001223,2026-08-25 23:49:14,2026-08-25 23:51:14,DE,SaaS Platform,D,PUR-002,PureLife BP Monitor,Medical Device,PureLife,Wholesale,3,90.0,EUR,0.05,270.0,256.5
TXN-DE-1-001224,2026-08-25 08:06:45,2026-08-25 08:10:45,DE,SaaS Platform,D,DER-002,Dermacare LiftCream,Aesthetic,Dermacare,E-commerce,12,37.0,EUR,0.2,444.0,355.2
TXN-DE-1-001225,2026-08-25 16:10:01,2026-08-25 16:11:01,DE,SaaS Platform,D,MED-002,Medora Derm Cream,Prescription,Medora,Pharmacy/B2B,8,26.0,EUR,0.2,208.0,166.4
TXN-DE-1-001226,2026-08-25 08:40:42,2026-08-25 08:43:42,DE,SaaS Platform,D,MED-002,Medora Derm Cream,Prescription,Medora,E-commerce,9,26.0,EUR,0.1,234.0,210.6
TXN-DE-1-001227,2026-08-25 15:16:17,2026-08-25 15:18:17,DE,SaaS Platform,D,VIT-001,Vitalis C1000,Supplement,Vitalis,Pharmacy/B2B,7,21.0,EUR,0.1,147.0,132.3
TXN-DE-1-001228,2026-08-25 23:46:50,2026-08-25 23:48:50,DE,SaaS Platform,D,SAN-001,SanaPlus PainRelief,OTC,SanaPlus,E-commerce,3,9.5,EUR,0.0,28.5,28.5
TXN-DE-1-001229,2026-08-25 07:00:43,2026-08-25 07:06:43,DE,SaaS Platform,D,VIT-002,Vitalis Multivit,Supplement,Vitalis,Pharmacy/B2B,3,17.0,EUR,0.0,51.0,51.0
TXN-DE-1-001230,2026-08-25 22:27:22,2026-08-25 22:32:22,DE,SaaS Platform,D,VIT-002,Vitalis Multivit,Supplement,Vitalis,D2C,5,17.0,EUR,0.05,85.0,80.75
TXN-DE-1-001231,2026-08-25 00:49:16,2026-08-25 00:53:16,DE,SaaS Platform,D,MED-001,Medora Cardio 10mg,Prescription,Medora,Wholesale,10,43.0,EUR,0.0,430.0,430.0
TXN-DE-1-001232,2026-08-25 08:14:56,2026-08-25 08:20:56,DE,SaaS Platform,D,MED-001,Medora Cardio 10mg,Prescription,Medora,Wholesale,10,43.0,EUR,0.0,430.0,430.0
TXN-DE-1-001233,2026-08-25 23:49:29,2026-08-25 23:51:29,DE,SaaS Platform,D,VIT-002,Vitalis Multivit,Supplement,Vitalis,D2C,8,17.0,EUR,0.1,136.0,122.4
TXN-DE-1-001234,2026-08-25 14:15:52,2026-08-25 14:18:52,DE,SaaS Platform,D,VIT-001,Vitalis C1000,Supplement,Vitalis,D2C,2,21.0,EUR,0.0,42.0,42.0
TXN-DE-1-001235,2026-08-25 18:25:02,2026-08-25 18:28:02,DE,SaaS Platform,D,VIT-002,Vitalis Multivit,Supplement,Vitalis,Wholesale,12,17.0,EUR,0.2,204.0,163.2
TXN-DE-1-001236,2026-08-25 01:46:04,2026-08-25 01:47:04,DE,SaaS Platform,D,DER-001,Dermacare GlowSerum,Aesthetic,Dermacare,D2C,5,32.0,EUR,0.1,160.0,144.0
TXN-DE-1-001237,2026-08-25 20:13:54,2026-08-25 20:16:54,DE,SaaS Platform,D,SAN-001,SanaPlus PainRelief,OTC,SanaPlus,Wholesale,6,9.5,EUR,0.0,57.0,57.0
TXN-DE-1-001238,2026-08-25 03:52:56,2026-08-25 03:53:56,DE,SaaS Platform,D,PUR-002,PureLife BP Monitor,Medical Device,PureLife,Pharmacy/B2B,5,90.0,EUR,0.0,450.0,450.0
TXN-DE-1-001239,2026-08-25 13:11:02,2026-08-25 13:14:02,DE,SaaS Platform,D,SAN-001,SanaPlus PainRelief,OTC,SanaPlus,E-commerce,9,9.5,EUR,0.2,85.5,68.4
TXN-DE-1-001240,2026-08-25 00:14:06,2026-08-25 00:17:06,DE,SaaS Platform,D,VIT-002,Vitalis Multivit,Supplement,Vitalis,Wholesale,7,17.0,EUR,0.2,119.0,95.2
TXN-DE-1-001241,2026-08-25 11:01:13,2026-08-25 11:03:13,DE,SaaS Platform,D,SAN-002,SanaPlus ColdFlu,OTC,SanaPlus,D2C,1,10.5,EUR,0.05,10.5,9.97
TXN-DE-1-001242,2026-08-25 20:17:04,2026-08-25 20:21:04,DE,SaaS Platform,D,PUR-001,PureLife GlucoMonitor,Medical Device,PureLife,Wholesale,9,85.0,EUR,0.05,765.0,726.75
TXN-DE-1-001243,2026-08-25 00:59:53,2026-08-25 01:05:53,DE,SaaS Platform,D,VIT-001,Vitalis C1000,Supplement,Vitalis,Pharmacy/B2B,4,21.0,EUR,0.15,84.0,71.4
TXN-DE-1-001244,2026-08-25 21:29:04,2026-08-25 21:31:04,DE,SaaS Platform,D,VIT-001,Vitalis C1000,Supplement,Vitalis,Pharmacy/B2B,4,21.0,EUR,0.0,84.0,84.0
TXN-DE-1-001245,2026-08-25 17:29:44,2026-08-25 17:30:44,DE,SaaS Platform,D,MED-002,Medora Derm Cream,Prescription,Medora,D2C,9,26.0,EUR,0.05,234.0,222.3
TXN-DE-1-001246,2026-08-25 15:05:56,2026-08-25 15:07:56,DE,SaaS Platform,D,PUR-002,PureLife BP Monitor,Medical Device,PureLife,E-commerce,9,90.0,EUR,0.2,810.0,648.0
TXN-DE-1-001247,2026-08-25 17:11:02,2026-08-25 17:16:02,DE,SaaS Platform,D,PUR-001,PureLife GlucoMonitor,Medical Device,PureLife,Wholesale,3,85.0,EUR,0.1,255.0,229.5
TXN-DE-1-001248,2026-08-25 18:05:51,2026-08-25 18:07:51,DE,SaaS Platform,D,MED-002,Medora Derm Cream,Prescription,Medora,D2C,3,26.0,EUR,0.2,78.0,62.4
TXN-DE-1-001249,2026-08-25 11:16:34,2026-08-25 11:21:34,DE,SaaS Platform,D,SAN-002,SanaPlus ColdFlu,OTC,SanaPlus,Wholesale,3,10.5,EUR,0.1,31.5,28.35
TXN-DE-1-001250,2026-08-25 04:07:04,2026-08-25 04:11:04,DE,SaaS Platform,D,PUR-002,PureLife BP Monitor,Medical Device,PureLife,Wholesale,5,90.0,EUR,0.0,450.0,450.0
TXN-DE-1-001251,2026-08-25 04:10:54,2026-08-25 04:14:54,DE,SaaS Platform,D,MED-001,Medora Cardio 10mg,Prescription,Medora,E-commerce,4,43.0,EUR,0.2,172.0,137.6
TXN-DE-1-001252,2026-08-25 06:39:13,2026-08-25 06:44:13,DE,SaaS Platform,D,PUR-001,PureLife GlucoMonitor,Medical Device,PureLife,Pharmacy/B2B,8,85.0,EUR,0.0,680.0,680.0
TXN-DE-1-001253,2026-08-25 00:42:20,2026-08-25 00:45:20,DE,SaaS Platform,D,MED-002,Medora Derm Cream,Prescription,Medora,Pharmacy/B2B,3,26.0,EUR,0.1,78.0,70.2
TXN-DE-1-001254,2026-08-25 17:45:19,2026-08-25 17:48:19,DE,SaaS Platform,D,SAN-002,SanaPlus ColdFlu,OTC,SanaPlus,Pharmacy/B2B,3,10.5,EUR,0.0,31.5,31.5
TXN-DE-1-001255,2026-08-25 05:21:25,2026-08-25 05:27:25,DE,SaaS Platform,D,VIT-001,Vitalis C1000,Supplement,Vitalis,Pharmacy/B2B,2,21.0,EUR,0.15,42.0,35.7
TXN-DE-1-001256,2026-08-25 17:48:27,2026-08-25 17:51:27,DE,SaaS Platform,D,SAN-001,SanaPlus PainRelief,OTC,SanaPlus,D2C,5,9.5,EUR,0.0,47.5,47.5
TXN-DE-1-001257,2026-08-25 14:30:12,2026-08-25 14:33:12,DE,SaaS Platform,D,PUR-001,PureLife GlucoMonitor,Medical Device,PureLife,Wholesale,10,85.0,EUR,0.0,850.0,850.0
TXN-DE-1-001258,2026-08-25 23:58:37,2026-08-26 00:04:37,DE,SaaS Platform,D,MED-002,Medora Derm Cream,Prescription,Medora,Pharmacy/B2B,5,26.0,EUR,0.05,130.0,123.5
TXN-DE-1-001259,2026-08-25 15:06:41,2026-08-25 15:08:41,DE,SaaS Platform,D,DER-002,Dermacare LiftCream,Aesthetic,Dermacare,D2C,11,37.0,EUR,0.15,407.0,345.95
TXN-DE-1-001260,2026-08-25 00:39:07,2026-08-25 00:40:07,DE,SaaS Platform,D,SAN-002,SanaPlus ColdFlu,OTC,SanaPlus,E-commerce,7,10.5,EUR,0.15,73.5,62.48
TXN-DE-1-001261,2026-08-25 20:47:42,2026-08-25 20:51:42,DE,SaaS Platform,D,SAN-001,SanaPlus PainRelief,OTC,SanaPlus,D2C,3,9.5,EUR,0.2,28.5,22.8
TXN-DE-1-001262,2026-08-25 01:50:58,2026-08-25 01:52:58,DE,SaaS Platform,D,DER-001,Dermacare GlowSerum,Aesthetic,Dermacare,Pharmacy/B2B,8,32.0,EUR,0.1,256.0,230.4
TXN-DE-1-001263,2026-08-25 12:26:21,2026-08-25 12:29:21,DE,SaaS Platform,D,PUR-001,PureLife GlucoMonitor,Medical Device,PureLife,E-commerce,4,85.0,EUR,0.0,340.0,340.0
TXN-DE-1-001264,2026-08-25 20:51:26,2026-08-25 20:54:26,DE,SaaS Platform,D,PUR-001,PureLife GlucoMonitor,Medical Device,PureLife,Wholesale,3,85.0,EUR,0.0,255.0,255.0
TXN-DE-1-001265,2026-08-25 20:13:16,2026-08-25 20:15:16,DE,SaaS Platform,D,DER-001,Dermacare GlowSerum,Aesthetic,Dermacare,Pharmacy/B2B,7,32.0,EUR,0.0,224.0,224.0
TXN-DE-1-001266,2026-08-25 03:12:04,2026-08-25 03:15:04,DE,SaaS Platform,D,SAN-002,SanaPlus ColdFlu,OTC,SanaPlus,Wholesale,10,10.5,EUR,0.0,105.0,105.0
TXN-DE-1-001267,2026-08-25 08:20:31,2026-08-25 08:22:31,DE,SaaS Platform,D,DER-001,Dermacare GlowSerum,Aesthetic,Dermacare,Wholesale,2,32.0,EUR,0.0,64.0,64.0
TXN-DE-1-001268,2026-08-25 19:21:08,2026-08-25 19:24:08,DE,SaaS Platform,D,PUR-001,PureLife GlucoMonitor,Medical Device,PureLife,Pharmacy/B2B,10,85.0,EUR,0.15,850.0,722.5
TXN-DE-1-001269,2026-08-25 16:45:32,2026-08-25 16:46:32,DE,SaaS Platform,D,MED-002,Medora Derm Cream,Prescription,Medora,D2C,1,26.0,EUR,0.15,26.0,22.1
TXN-DE-1-001270,2026-08-25 03:53:26,2026-08-25 03:58:26,DE,SaaS Platform,D,DER-001,Dermacare GlowSerum,Aesthetic,Dermacare,Wholesale,10,32.0,EUR,0.2,320.0,256.0
TXN-DE-1-001271,2026-08-25 17:35:58,2026-08-25 17:41:58,DE,SaaS Platform,D,VIT-001,Vitalis C1000,Supplement,Vitalis,Pharmacy/B2B,10,21.0,EUR,0.0,210.0,210.0
TXN-DE-1-001272,2026-08-25 12:45:27,2026-08-25 12:46:27,DE,SaaS Platform,D,PUR-002,PureLife BP Monitor,Medical Device,PureLife,E-commerce,1,90.0,EUR,0.0,90.0,90.0
TXN-DE-1-001273,2026-08-25 20:28:28,2026-08-25 20:30:28,DE,SaaS Platform,D,PUR-001,PureLife GlucoMonitor,Medical Device,PureLife,D2C,3,85.0,EUR,0.0,255.0,255.0
TXN-DE-1-001274,2026-08-25 08:15:32,2026-08-25 08:21:32,DE,SaaS Platform,D,VIT-001,Vitalis C1000,Supplement,Vitalis,Wholesale,1,21.0,EUR,0.2,21.0,16.8
TXN-DE-1-001275,2026-08-25 09:46:52,2026-08-25 09:51:52,DE,SaaS Platform,D,VIT-002,Vitalis Multivit,Supplement,Vitalis,Wholesale,10,17.0,EUR,0.0,170.0,170.0
TXN-DE-1-001276,2026-08-25 18:24:19,2026-08-25 18:26:19,DE,SaaS Platform,D,PUR-002,PureLife BP Monitor,Medical Device,PureLife,Pharmacy/B2B,6,90.0,EUR,0.1,540.0,486.0
TXN-DE-1-001277,2026-08-25 22:59:49,2026-08-25 23:02:49,DE,SaaS Platform,D,SAN-002,SanaPlus ColdFlu,OTC,SanaPlus,Pharmacy/B2B,2,10.5,EUR,0.05,21.0,19.95
TXN-DE-1-001278,2026-08-25 07:40:57,2026-08-25 07:45:57,DE,SaaS Platform,D,DER-002,Dermacare LiftCream,Aesthetic,Dermacare,Pharmacy/B2B,5,37.0,EUR,0.1,185.0,166.5
TXN-DE-1-001279,2026-08-25 06:00:10,2026-08-25 06:01:10,DE,SaaS Platform,D,DER-002,Dermacare LiftCream,Aesthetic,Dermacare,D2C,8,37.0,EUR,0.0,296.0,296.0
TXN-DE-1-001280,2026-08-25 04:01:49,2026-08-25 04:04:49,DE,SaaS Platform,D,VIT-001,Vitalis C1000,Supplement,Vitalis,D2C,9,21.0,EUR,0.2,189.0,151.2
TXN-DE-1-001281,2026-08-25 17:01:48,2026-08-25 17:03:48,DE,SaaS Platform,D,PUR-002,PureLife BP Monitor,Medical Device,PureLife,Wholesale,3,90.0,EUR,0.05,270.0,256.5
TXN-DE-1-001282,2026-08-25 04:44:36,2026-08-25 04:47:36,DE,SaaS Platform,D,PUR-002,PureLife BP Monitor,Medical Device,PureLife,Pharmacy/B2B,9,90.0,EUR,0.1,810.0,729.0
TXN-DE-1-001283,2026-08-25 08:39:20,2026-08-25 08:45:20,DE,SaaS Platform,D,MED-002,Medora Derm Cream,Prescription,Medora,E-commerce,5,26.0,EUR,0.15,130.0,110.5
TXN-DE-1-001284,2026-08-25 20:56:20,2026-08-25 21:00:20,DE,SaaS Platform,D,DER-002,Dermacare LiftCream,Aesthetic,Dermacare,E-commerce,11,37.0,EUR,0.05,407.0,386.65
TXN-DE-1-001285,2026-08-25 16:47:15,2026-08-25 16:51:15,DE,SaaS Platform,D,VIT-001,Vitalis C1000,Supplement,Vitalis,D2C,5,21.0,EUR,0.0,105.0,105.0
TXN-DE-1-001286,2026-08-25 23:07:57,2026-08-25 23:10:57,DE,SaaS Platform,D,VIT-002,Vitalis Multivit,Supplement,Vitalis,D2C,5,17.0,EUR,0.1,85.0,76.5
TXN-DE-1-001287,2026-08-25 16:50:12,2026-08-25 16:55:12,DE,SaaS Platform,D,DER-002,Dermacare LiftCream,Aesthetic,Dermacare,E-commerce,10,37.0,EUR,0.2,370.0,296.0
TXN-DE-1-001288,2026-08-25 13:42:14,2026-08-25 13:45:14,DE,SaaS Platform,D,DER-002,Dermacare LiftCream,Aesthetic,Dermacare,Pharmacy/B2B,6,37.0,EUR,0.05,222.0,210.9
TXN-DE-1-001289,2026-08-25 11:11:29,2026-08-25 11:13:29,DE,SaaS Platform,D,PUR-001,PureLife GlucoMonitor,Medical Device,PureLife,Pharmacy/B2B,3,85.0,EUR,0.1,255.0,229.5
TXN-DE-1-001290,2026-08-25 20:48:08,2026-08-25 20:49:08,DE,SaaS Platform,D,VIT-002,Vitalis Multivit,Supplement,Vitalis,D2C,9,17.0,EUR,0.15,153.0,130.05
TXN-DE-1-001291,2026-08-25 00:40:59,2026-08-25 00:46:59,DE,SaaS Platform,D,SAN-001,SanaPlus PainRelief,OTC,SanaPlus,E-commerce,5,9.5,EUR,0.05,47.5,45.12
TXN-DE-1-001292,2026-08-25 21:09:36,2026-08-25 21:13:36,DE,SaaS Platform,D,MED-001,Medora Cardio 10mg,Prescription,Medora,Pharmacy/B2B,12,43.0,EUR,0.0,516.0,516.0
TXN-DE-1-001293,2026-08-25 20:39:59,2026-08-25 20:42:59,DE,SaaS Platform,D,MED-001,Medora Cardio 10mg,Prescription,Medora,Pharmacy/B2B,7,43.0,EUR,0.15,301.0,255.85
TXN-DE-1-001294,2026-08-25 12:54:03,2026-08-25 12:58:03,DE,SaaS Platform,D,VIT-002,Vitalis Multivit,Supplement,Vitalis,Wholesale,7,17.0,EUR,0.0,119.0,119.0
TXN-DE-1-001295,2026-08-25 10:29:06,2026-08-25 10:31:06,DE,SaaS Platform,D,DER-001,Dermacare GlowSerum,Aesthetic,Dermacare,Wholesale,12,32.0,EUR,0.2,384.0,307.2
TXN-DE-1-001296,2026-08-25 05:02:23,2026-08-25 05:04:23,DE,SaaS Platform,D,SAN-002,SanaPlus ColdFlu,OTC,SanaPlus,D2C,10,10.5,EUR,0.0,105.0,105.0
TXN-DE-1-001297,2026-08-25 01:12:12,2026-08-25 01:14:12,DE,SaaS Platform,D,DER-001,Dermacare GlowSerum,Aesthetic,Dermacare,E-commerce,1,32.0,EUR,0.1,32.0,28.8
TXN-DE-1-001298,2026-08-25 03:04:39,2026-08-25 03:10:39,DE,SaaS Platform,D,SAN-001,SanaPlus PainRelief,OTC,SanaPlus,Pharmacy/B2B,2,9.5,EUR,0.15,19.0,16.15
TXN-DE-1-001299,2026-08-25 12:05:27,2026-08-25 12:07:27,DE,SaaS Platform,D,DER-002,Dermacare LiftCream,Aesthetic,Dermacare,E-commerce,2,37.0,EUR,0.15,74.0,62.9
TXN-DE-1-001300,2026-08-25 04:08:16,2026-08-25 04:12:16,DE,SaaS Platform,D,VIT-001,Vitalis C1000,Supplement,Vitalis,E-commerce,7,21.0,EUR,0.0,147.0,147.0
TXN-DE-1-001301,2026-08-25 02:23:48,2026-08-25 02:26:48,DE,SaaS Platform,D,DER-002,Dermacare LiftCream,Aesthetic,Dermacare,D2C,7,37.0,EUR,0.1,259.0,233.1
TXN-DE-1-001302,2026-08-25 00:27:50,2026-08-25 00:28:50,DE,SaaS Platform,D,MED-002,Medora Derm Cream,Prescription,Medora,D2C,3,26.0,EUR,0.1,78.0,70.2
TXN-DE-1-001303,2026-08-25 08:06:39,2026-08-25 08:08:39,DE,SaaS Platform,D,SAN-002,SanaPlus ColdFlu,OTC,SanaPlus,D2C,8,10.5,EUR,0.2,84.0,67.2
TXN-DE-1-001304,2026-08-25 11:08:50,2026-08-25 11:10:50,DE,SaaS Platform,D,VIT-001,Vitalis C1000,Supplement,Vitalis,E-commerce,11,21.0,EUR,0.2,231.0,184.8
TXN-DE-1-001305,2026-08-25 11:45:41,2026-08-25 11:50:41,DE,SaaS Platform,D,DER-001,Dermacare GlowSerum,Aesthetic,Dermacare,Wholesale,12,32.0,EUR,0.05,384.0,364.8
TXN-DE-1-001306,2026-08-25 17:21:17,2026-08-25 17:22:17,DE,SaaS Platform,D,SAN-002,SanaPlus ColdFlu,OTC,SanaPlus,E-commerce,10,10.5,EUR,0.0,105.0,105.0
TXN-DE-1-001307,2026-08-25 06:08:46,2026-08-25 06:10:46,DE,SaaS Platform,D,DER-001,Dermacare GlowSerum,Aesthetic,Dermacare,E-commerce,12,32.0,EUR,0.0,384.0,384.0
TXN-DE-1-001308,2026-08-25 16:55:44,2026-08-25 17:01:44,DE,SaaS Platform,D,VIT-002,Vitalis Multivit,Supplement,Vitalis,Wholesale,6,17.0,EUR,0.0,102.0,102.0
TXN-DE-1-001309,2026-08-25 01:33:17,2026-08-25 01:39:17,DE,SaaS Platform,D,VIT-002,Vitalis Multivit,Supplement,Vitalis,E-commerce,10,17.0,EUR,0.1,170.0,153.0
TXN-DE-1-001310,2026-08-25 00:34:43,2026-08-25 00:39:43,DE,SaaS Platform,D,MED-001,Medora Cardio 10mg,Prescription,Medora,Pharmacy/B2B,7,43.0,EUR,0.0,301.0,301.0
TXN-DE-1-001311,2026-08-25 16:30:12,2026-08-25 16:34:12,DE,SaaS Platform,D,MED-002,Medora Derm Cream,Prescription,Medora,D2C,5,26.0,EUR,0.0,130.0,130.0
TXN-DE-1-001312,2026-08-25 16:26:33,2026-08-25 16:31:33,DE,SaaS Platform,D,DER-002,Dermacare LiftCream,Aesthetic,Dermacare,E-commerce,12,37.0,EUR,0.15,444.0,377.4
TXN-DE-1-001313,2026-08-25 11:49:43,2026-08-25 11:52:43,DE,SaaS Platform,D,SAN-001,SanaPlus PainRelief,OTC,SanaPlus,Pharmacy/B2B,12,9.5,EUR,0.0,114.0,114.0
TXN-DE-1-001314,2026-08-25 06:24:33,2026-08-25 06:30:33,DE,SaaS Platform,D,VIT-002,Vitalis Multivit,Supplement,Vitalis,Pharmacy/B2B,7,17.0,EUR,0.1,119.0,107.1
TXN-DE-1-001315,2026-08-25 17:56:20,2026-08-25 18:01:20,DE,SaaS Platform,D,VIT-001,Vitalis C1000,Supplement,Vitalis,Pharmacy/B2B,12,21.0,EUR,0.05,252.0,239.4
TXN-DE-1-001316,2026-08-25 16:07:28,2026-08-25 16:10:28,DE,SaaS Platform,D,SAN-001,SanaPlus PainRelief,OTC,SanaPlus,E-commerce,10,9.5,EUR,0.0,95.0,95.0
TXN-DE-1-001317,2026-08-25 11:07:58,2026-08-25 11:09:58,DE,SaaS Platform,D,PUR-002,PureLife BP Monitor,Medical Device,PureLife,Wholesale,10,90.0,EUR,0.0,900.0,900.0
TXN-DE-1-001318,2026-08-25 10:05:30,2026-08-25 10:08:30,DE,SaaS Platform,D,VIT-002,Vitalis Multivit,Supplement,Vitalis,E-commerce,12,17.0,EUR,0.0,204.0,204.0
TXN-DE-1-001319,2026-08-25 06:21:14,2026-08-25 06:26:14,DE,SaaS Platform,D,DER-002,Dermacare LiftCream,Aesthetic,Dermacare,E-commerce,6,37.0,EUR,0.05,222.0,210.9
TXN-DE-1-001320,2026-08-25 07:12:49,2026-08-25 07:14:49,DE,SaaS Platform,D,PUR-001,PureLife GlucoMonitor,Medical Device,PureLife,Pharmacy/B2B,4,85.0,EUR,0.0,340.0,340.0
TXN-DE-1-001321,2026-08-25 00:43:01,2026-08-25 00:47:01,DE,SaaS Platform,D,VIT-002,Vitalis Multivit,Supplement,Vitalis,D2C,6,17.0,EUR,0.0,102.0,102.0
TXN-DE-1-001322,2026-08-25 22:54:13,2026-08-25 23:00:13,DE,SaaS Platform,D,VIT-002,Vitalis Multivit,Supplement,Vitalis,Pharmacy/B2B,3,17.0,EUR,0.0,51.0,51.0
TXN-DE-1-001323,2026-08-25 15:24:16,2026-08-25 15:27:16,DE,SaaS Platform,D,MED-002,Medora Derm Cream,Prescription,Medora,E-commerce,3,26.0,EUR,0.0,78.0,78.0
TXN-DE-1-001324,2026-08-25 17:19:04,2026-08-25 17:22:04,DE,SaaS Platform,D,MED-001,Medora Cardio 10mg,Prescription,Medora,D2C,4,43.0,EUR,0.15,172.0,146.2
TXN-DE-1-001325,2026-08-25 16:41:54,2026-08-25 16:43:54,DE,SaaS Platform,D,MED-001,Medora Cardio 10mg,Prescription,Medora,E-commerce,4,43.0,EUR,0.0,172.0,172.0
TXN-DE-1-001326,2026-08-25 01:37:54,2026-08-25 01:40:54,DE,SaaS Platform,D,MED-002,Medora Derm Cream,Prescription,Medora,Wholesale,1,26.0,EUR,0.0,26.0,26.0
TXN-DE-1-001327,2026-08-25 09:02:56,2026-08-25 09:04:56,DE,SaaS Platform,D,SAN-002,SanaPlus ColdFlu,OTC,SanaPlus,Pharmacy/B2B,1,10.5,EUR,0.05,10.5,9.97
TXN-DE-1-001328,2026-08-25 03:16:06,2026-08-25 03:19:06,DE,SaaS Platform,D,SAN-002,SanaPlus ColdFlu,OTC,SanaPlus,D2C,9,10.5,EUR,0.2,94.5,75.6
TXN-DE-1-001329,2026-08-25 18:09:19,2026-08-25 18:10:19,DE,SaaS Platform,D,PUR-002,PureLife BP Monitor,Medical Device,PureLife,D2C,11,90.0,EUR,0.15,990.0,841.5
TXN-DE-1-001330,2026-08-25 01:54:18,2026-08-25 01:57:18,DE,SaaS Platform,D,VIT-001,Vitalis C1000,Supplement,Vitalis,E-commerce,11,21.0,EUR,0.2,231.0,184.8
TXN-DE-1-001331,2026-08-25 10:53:30,2026-08-25 10:56:30,DE,SaaS Platform,D,DER-001,Dermacare GlowSerum,Aesthetic,Dermacare,D2C,2,32.0,EUR,0.0,64.0,64.0
TXN-DE-1-001332,2026-08-25 21:37:01,2026-08-25 21:42:01,DE,SaaS Platform,D,VIT-001,Vitalis C1000,Supplement,Vitalis,D2C,6,21.0,EUR,0.2,126.0,100.8
TXN-DE-1-001333,2026-08-25 03:11:22,2026-08-25 03:13:22,DE,SaaS Platform,D,SAN-002,SanaPlus ColdFlu,OTC,SanaPlus,E-commerce,9,10.5,EUR,0.2,94.5,75.6
TXN-DE-1-001334,2026-08-25 01:17:45,2026-08-25 01:21:45,DE,SaaS Platform,D,PUR-001,PureLife GlucoMonitor,Medical Device,PureLife,Pharmacy/B2B,10,85.0,EUR,0.0,850.0,850.0
TXN-DE-1-001335,2026-08-25 09:04:58,2026-08-25 09:10:58,DE,SaaS Platform,D,SAN-002,SanaPlus ColdFlu,OTC,SanaPlus,Pharmacy/B2B,6,10.5,EUR,0.15,63.0,53.55
TXN-DE-1-001336,2026-08-25 08:07:37,2026-08-25 08:13:37,DE,SaaS Platform,D,SAN-001,SanaPlus PainRelief,OTC,SanaPlus,D2C,2,9.5,EUR,0.1,19.0,17.1
TXN-DE-1-001337,2026-08-25 17:07:42,2026-08-25 17:08:42,DE,SaaS Platform,D,SAN-002,SanaPlus ColdFlu,OTC,SanaPlus,Wholesale,6,10.5,EUR,0.0,63.0,63.0
TXN-DE-1-001338,2026-08-25 18:03:54,2026-08-25 18:04:54,DE,SaaS Platform,D,DER-001,Dermacare GlowSerum,Aesthetic,Dermacare,Wholesale,4,32.0,EUR,0.0,128.0,128.0
TXN-DE-1-001339,2026-08-25 18:44:53,2026-08-25 18:50:53,DE,SaaS Platform,D,VIT-001,Vitalis C1000,Supplement,Vitalis,D2C,7,21.0,EUR,0.0,147.0,147.0
TXN-DE-1-001340,2026-08-25 00:38:07,2026-08-25 00:42:07,DE,SaaS Platform,D,MED-002,Medora Derm Cream,Prescription,Medora,Wholesale,3,26.0,EUR,0.2,78.0,62.4
TXN-DE-1-001341,2026-08-25 02:42:36,2026-08-25 02:48:36,DE,SaaS Platform,D,PUR-001,PureLife GlucoMonitor,Medical Device,PureLife,D2C,12,85.0,EUR,0.05,1020.0,969.0
TXN-DE-1-001342,2026-08-25 08:38:42,2026-08-25 08:41:42,DE,SaaS Platform,D,VIT-001,Vitalis C1000,Supplement,Vitalis,Pharmacy/B2B,1,21.0,EUR,0.05,21.0,19.95
TXN-DE-1-001343,2026-08-25 15:52:03,2026-08-25 15:53:03,DE,SaaS Platform,D,SAN-002,SanaPlus ColdFlu,OTC,SanaPlus,Pharmacy/B2B,5,10.5,EUR,0.0,52.5,52.5
TXN-DE-1-001344,2026-08-25 01:59:34,2026-08-25 02:02:34,DE,SaaS Platform,D,PUR-002,PureLife BP Monitor,Medical Device,PureLife,Wholesale,9,90.0,EUR,0.2,810.0,648.0
TXN-DE-1-001345,2026-08-25 13:03:09,2026-08-25 13:09:09,DE,SaaS Platform,D,DER-001,Dermacare GlowSerum,Aesthetic,Dermacare,Wholesale,8,32.0,EUR,0.0,256.0,256.0
TXN-DE-1-001346,2026-08-25 11:08:37,2026-08-25 11:10:37,DE,SaaS Platform,D,VIT-002,Vitalis Multivit,Supplement,Vitalis,Wholesale,1,17.0,EUR,0.1,17.0,15.3
TXN-DE-1-001347,2026-08-25 01:31:49,2026-08-25 01:37:49,DE,SaaS Platform,D,PUR-002,PureLife BP Monitor,Medical Device,PureLife,Pharmacy/B2B,2,90.0,EUR,0.0,180.0,180.0
TXN-DE-1-001348,2026-08-25 02:51:48,2026-08-25 02:54:48,DE,SaaS Platform,D,DER-001,Dermacare GlowSerum,Aesthetic,Dermacare,Pharmacy/B2B,1,32.0,EUR,0.15,32.0,27.2
TXN-DE-1-001349,2026-08-25 07:53:03,2026-08-25 07:58:03,DE,SaaS Platform,D,VIT-001,Vitalis C1000,Supplement,Vitalis,Wholesale,9,21.0,EUR,0.1,189.0,170.1
TXN-DE-1-001350,2026-08-25 18:14:05,2026-08-25 18:19:05,DE,SaaS Platform,D,MED-002,Medora Derm Cream,Prescription,Medora,E-commerce,1,26.0,EUR,0.0,26.0,26.0
TXN-DE-1-001351,2026-08-25 14:13:34,2026-08-25 14:19:34,DE,SaaS Platform,D,MED-002,Medora Derm Cream,Prescription,Medora,Wholesale,4,26.0,EUR,0.1,104.0,93.6
TXN-DE-1-001352,2026-08-25 19:02:31,2026-08-25 19:03:31,DE,SaaS Platform,D,DER-001,Dermacare GlowSerum,Aesthetic,Dermacare,Wholesale,12,32.0,EUR,0.1,384.0,345.6
TXN-DE-1-001353,2026-08-25 12:49:38,2026-08-25 12:50:38,DE,SaaS Platform,D,PUR-001,PureLife GlucoMonitor,Medical Device,PureLife,D2C,7,85.0,EUR,0.1,595.0,535.5
TXN-DE-1-001354,2026-08-25 01:39:56,2026-08-25 01:42:56,DE,SaaS Platform,D,MED-001,Medora Cardio 10mg,Prescription,Medora,Wholesale,6,43.0,EUR,0.05,258.0,245.1
TXN-DE-1-001355,2026-08-25 20:16:21,2026-08-25 20:21:21,DE,SaaS Platform,D,VIT-001,Vitalis C1000,Supplement,Vitalis,Wholesale,8,21.0,EUR,0.0,168.0,168.0
TXN-DE-1-001356,2026-08-25 19:04:42,2026-08-25 19:05:42,DE,SaaS Platform,D,MED-001,Medora Cardio 10mg,Prescription,Medora,Wholesale,3,43.0,EUR,0.15,129.0,109.65
TXN-DE-1-001357,2026-08-25 17:46:39,2026-08-25 17:48:39,DE,SaaS Platform,D,MED-001,Medora Cardio 10mg,Prescription,Medora,Pharmacy/B2B,11,43.0,EUR,0.15,473.0,402.05
TXN-DE-1-001358,2026-08-25 10:34:21,2026-08-25 10:38:21,DE,SaaS Platform,D,VIT-001,Vitalis C1000,Supplement,Vitalis,E-commerce,8,21.0,EUR,0.0,168.0,168.0
TXN-DE-1-001359,2026-08-25 12:48:18,2026-08-25 12:52:18,DE,SaaS Platform,D,SAN-001,SanaPlus PainRelief,OTC,SanaPlus,Pharmacy/B2B,8,9.5,EUR,0.1,76.0,68.4
TXN-DE-1-001360,2026-08-25 08:07:45,2026-08-25 08:13:45,DE,SaaS Platform,D,MED-001,Medora Cardio 10mg,Prescription,Medora,E-commerce,1,43.0,EUR,0.2,43.0,34.4
TXN-DE-1-001361,2026-08-25 14:34:33,2026-08-25 14:39:33,DE,SaaS Platform,D,DER-002,Dermacare LiftCream,Aesthetic,Dermacare,D2C,2,37.0,EUR,0.15,74.0,62.9
TXN-DE-1-001362,2026-08-25 09:17:43,2026-08-25 09:20:43,DE,SaaS Platform,D,SAN-001,SanaPlus PainRelief,OTC,SanaPlus,E-commerce,7,9.5,EUR,0.05,66.5,63.17
TXN-DE-1-001363,2026-08-25 02:53:31,2026-08-25 02:56:31,DE,SaaS Platform,D,DER-001,Dermacare GlowSerum,Aesthetic,Dermacare,Wholesale,5,32.0,EUR,0.1,160.0,144.0
TXN-DE-1-001364,2026-08-25 01:17:09,2026-08-25 01:21:09,DE,SaaS Platform,D,DER-001,Dermacare GlowSerum,Aesthetic,Dermacare,Wholesale,8,32.0,EUR,0.0,256.0,256.0
TXN-DE-1-001365,2026-08-25 02:29:22,2026-08-25 02:34:22,DE,SaaS Platform,D,SAN-002,SanaPlus ColdFlu,OTC,SanaPlus,Wholesale,2,10.5,EUR,0.0,21.0,21.0
TXN-DE-1-001366,2026-08-25 15:28:23,2026-08-25 15:31:23,DE,SaaS Platform,D,SAN-002,SanaPlus ColdFlu,OTC,SanaPlus,Wholesale,1,10.5,EUR,0.0,10.5,10.5
TXN-DE-1-001367,2026-08-25 22:07:21,2026-08-25 22:10:21,DE,SaaS Platform,D,DER-001,Dermacare GlowSerum,Aesthetic,Dermacare,E-commerce,5,32.0,EUR,0.0,160.0,160.0
TXN-DE-1-001368,2026-08-25 03:15:18,2026-08-25 03:20:18,DE,SaaS Platform,D,MED-001,Medora Cardio 10mg,Prescription,Medora,Wholesale,4,43.0,EUR,0.1,172.0,154.8
TXN-DE-1-001369,2026-08-25 05:20:08,2026-08-25 05:21:08,DE,SaaS Platform,D,MED-001,Medora Cardio 10mg,Prescription,Medora,E-commerce,6,43.0,EUR,0.1,258.0,232.2
TXN-DE-1-001370,2026-08-25 12:36:04,2026-08-25 12:40:04,DE,SaaS Platform,D,SAN-002,SanaPlus ColdFlu,OTC,SanaPlus,E-commerce,4,10.5,EUR,0.2,42.0,33.6
TXN-DE-1-001371,2026-08-25 17:06:07,2026-08-25 17:12:07,DE,SaaS Platform,D,DER-002,Dermacare LiftCream,Aesthetic,Dermacare,Wholesale,4,37.0,EUR,0.0,148.0,148.0
TXN-DE-1-001372,2026-08-25 07:17:02,2026-08-25 07:18:02,DE,SaaS Platform,D,DER-001,Dermacare GlowSerum,Aesthetic,Dermacare,Wholesale,12,32.0,EUR,0.1,384.0,345.6
TXN-DE-1-001373,2026-08-25 17:30:49,2026-08-25 17:31:49,DE,SaaS Platform,D,PUR-002,PureLife BP Monitor,Medical Device,PureLife,E-commerce,7,90.0,EUR,0.0,630.0,630.0
TXN-DE-1-001374,2026-08-25 13:30:50,2026-08-25 13:33:50,DE,SaaS Platform,D,PUR-001,PureLife GlucoMonitor,Medical Device,PureLife,Wholesale,11,85.0,EUR,0.0,935.0,935.0
TXN-DE-1-001375,2026-08-25 00:27:33,2026-08-25 00:28:33,DE,SaaS Platform,D,VIT-001,Vitalis C1000,Supplement,Vitalis,D2C,11,21.0,EUR,0.0,231.0,231.0
TXN-DE-1-001376,2026-08-25 05:02:32,2026-08-25 05:05:32,DE,SaaS Platform,D,SAN-001,SanaPlus PainRelief,OTC,SanaPlus,D2C,6,9.5,EUR,0.0,57.0,57.0
TXN-DE-1-001377,2026-08-25 23:57:49,2026-08-25 23:58:49,DE,SaaS Platform,D,SAN-002,SanaPlus ColdFlu,OTC,SanaPlus,D2C,10,10.5,EUR,0.0,105.0,105.0
TXN-DE-1-001378,2026-08-25 18:28:10,2026-08-25 18:34:10,DE,SaaS Platform,D,MED-001,Medora Cardio 10mg,Prescription,Medora,E-commerce,10,43.0,EUR,0.2,430.0,344.0
TXN-DE-1-001379,2026-08-25 18:03:28,2026-08-25 18:07:28,DE,SaaS Platform,D,DER-002,Dermacare LiftCream,Aesthetic,Dermacare,E-commerce,9,37.0,EUR,0.1,333.0,299.7
TXN-DE-1-001380,2026-08-25 17:24:53,2026-08-25 17:26:53,DE,SaaS Platform,D,SAN-001,SanaPlus PainRelief,OTC,SanaPlus,Wholesale,2,9.5,EUR,0.05,19.0,18.05
TXN-DE-1-001381,2026-08-25 07:48:42,2026-08-25 07:49:42,DE,SaaS Platform,D,VIT-002,Vitalis Multivit,Supplement,Vitalis,D2C,4,17.0,EUR,0.1,68.0,61.2
TXN-DE-1-001382,2026-08-25 08:00:04,2026-08-25 08:06:04,DE,SaaS Platform,D,MED-001,Medora Cardio 10mg,Prescription,Medora,Pharmacy/B2B,1,43.0,EUR,0.1,43.0,38.7
TXN-DE-1-001383,2026-08-25 02:53:36,2026-08-25 02:56:36,DE,SaaS Platform,D,VIT-002,Vitalis Multivit,Supplement,Vitalis,D2C,3,17.0,EUR,0.1,51.0,45.9
TXN-DE-1-001384,2026-08-25 11:11:07,2026-08-25 11:16:07,DE,SaaS Platform,D,VIT-002,Vitalis Multivit,Supplement,Vitalis,Pharmacy/B2B,8,17.0,EUR,0.15,136.0,115.6
TXN-DE-1-001385,2026-08-25 10:07:15,2026-08-25 10:08:15,DE,SaaS Platform,D,DER-002,Dermacare LiftCream,Aesthetic,Dermacare,Wholesale,6,37.0,EUR,0.0,222.0,222.0
TXN-DE-1-001386,2026-08-25 15:02:53,2026-08-25 15:06:53,DE,SaaS Platform,D,VIT-001,Vitalis C1000,Supplement,Vitalis,Wholesale,12,21.0,EUR,0.0,252.0,252.0
TXN-DE-1-001387,2026-08-25 13:04:44,2026-08-25 13:05:44,DE,SaaS Platform,D,PUR-001,PureLife GlucoMonitor,Medical Device,PureLife,Wholesale,3,85.0,EUR,0.0,255.0,255.0
TXN-DE-1-001388,2026-08-25 12:15:48,2026-08-25 12:17:48,DE,SaaS Platform,D,DER-002,Dermacare LiftCream,Aesthetic,Dermacare,D2C,11,37.0,EUR,0.05,407.0,386.65
TXN-DE-1-001389,2026-08-25 02:01:38,2026-08-25 02:02:38,DE,SaaS Platform,D,VIT-001,Vitalis C1000,Supplement,Vitalis,E-commerce,4,21.0,EUR,0.0,84.0,84.0
TXN-DE-1-001390,2026-08-25 04:43:12,2026-08-25 04:45:12,DE,SaaS Platform,D,SAN-001,SanaPlus PainRelief,OTC,SanaPlus,Pharmacy/B2B,6,9.5,EUR,0.05,57.0,54.15
TXN-DE-1-001391,2026-08-25 17:02:34,2026-08-25 17:06:34,DE,SaaS Platform,D,MED-002,Medora Derm Cream,Prescription,Medora,E-commerce,6,26.0,EUR,0.0,156.0,156.0
TXN-DE-1-001392,2026-08-25 13:26:00,2026-08-25 13:31:00,DE,SaaS Platform,D,PUR-002,PureLife BP Monitor,Medical Device,PureLife,Pharmacy/B2B,5,90.0,EUR,0.0,450.0,450.0
TXN-DE-1-001393,2026-08-25 18:48:29,2026-08-25 18:54:29,DE,SaaS Platform,D,VIT-001,Vitalis C1000,Supplement,Vitalis,Pharmacy/B2B,6,21.0,EUR,0.0,126.0,126.0
TXN-DE-1-001394,2026-08-25 15:01:48,2026-08-25 15:05:48,DE,SaaS Platform,D,DER-001,Dermacare GlowSerum,Aesthetic,Dermacare,Pharmacy/B2B,12,32.0,EUR,0.1,384.0,345.6
TXN-DE-1-001395,2026-08-25 04:10:41,2026-08-25 04:12:41,DE,SaaS Platform,D,VIT-002,Vitalis Multivit,Supplement,Vitalis,E-commerce,8,17.0,EUR,0.1,136.0,122.4
TXN-DE-1-001396,2026-08-25 20:08:45,2026-08-25 20:11:45,DE,SaaS Platform,D,SAN-001,SanaPlus PainRelief,OTC,SanaPlus,Wholesale,11,9.5,EUR,0.1,104.5,94.05
TXN-DE-1-001397,2026-08-25 01:13:29,2026-08-25 01:18:29,DE,SaaS Platform,D,PUR-001,PureLife GlucoMonitor,Medical Device,PureLife,Wholesale,4,85.0,EUR,0.05,340.0,323.0
TXN-DE-1-001398,2026-08-25 03:01:05,2026-08-25 03:04:05,DE,SaaS Platform,D,VIT-001,Vitalis C1000,Supplement,Vitalis,Wholesale,7,21.0,EUR,0.1,147.0,132.3
TXN-DE-1-001399,2026-08-25 11:45:30,2026-08-25 11:50:30,DE,SaaS Platform,D,SAN-001,SanaPlus PainRelief,OTC,SanaPlus,D2C,5,9.5,EUR,0.0,47.5,47.5
TXN-DE-1-001400,2026-08-25 00:32:21,2026-08-25 00:34:21,DE,SaaS Platform,D,VIT-001,Vitalis C1000,Supplement,Vitalis,D2C,12,21.0,EUR,0.1,252.0,226.8
TXN-DE-1-001401,2026-08-25 05:25:52,2026-08-25 05:28:52,DE,SaaS Platform,D,PUR-001,PureLife GlucoMonitor,Medical Device,PureLife,Wholesale,4,85.0,EUR,0.15,340.0,289.0
TXN-DE-1-001402,2026-08-25 02:34:00,2026-08-25 02:36:00,DE,SaaS Platform,D,DER-002,Dermacare LiftCream,Aesthetic,Dermacare,E-commerce,8,37.0,EUR,0.0,296.0,296.0
TXN-DE-1-001403,2026-08-25 10:55:48,2026-08-25 10:58:48,DE,SaaS Platform,D,MED-001,Medora Cardio 10mg,Prescription,Medora,E-commerce,2,43.0,EUR,0.2,86.0,68.8
TXN-DE-1-001404,2026-08-25 04:00:01,2026-08-25 04:05:01,DE,SaaS Platform,D,MED-001,Medora Cardio 10mg,Prescription,Medora,E-commerce,7,43.0,EUR,0.15,301.0,255.85
TXN-DE-1-001405,2026-08-25 13:51:32,2026-08-25 13:57:32,DE,SaaS Platform,D,PUR-002,PureLife BP Monitor,Medical Device,PureLife,Pharmacy/B2B,5,90.0,EUR,0.2,450.0,360.0
TXN-DE-1-001406,2026-08-25 04:25:28,2026-08-25 04:30:28,DE,SaaS Platform,D,VIT-002,Vitalis Multivit,Supplement,Vitalis,Wholesale,1,17.0,EUR,0.05,17.0,16.15
TXN-DE-1-001407,2026-08-25 03:06:16,2026-08-25 03:07:16,DE,SaaS Platform,D,SAN-001,SanaPlus PainRelief,OTC,SanaPlus,Wholesale,2,9.5,EUR,0.2,19.0,15.2
TXN-DE-1-001408,2026-08-25 18:15:14,2026-08-25 18:20:14,DE,SaaS Platform,D,MED-002,Medora Derm Cream,Prescription,Medora,Pharmacy/B2B,10,26.0,EUR,0.2,260.0,208.0
TXN-DE-1-001409,2026-08-25 22:24:52,2026-08-25 22:26:52,DE,SaaS Platform,D,SAN-002,SanaPlus ColdFlu,OTC,SanaPlus,Wholesale,11,10.5,EUR,0.15,115.5,98.17
TXN-DE-1-001410,2026-08-25 21:49:04,2026-08-25 21:51:04,DE,SaaS Platform,D,SAN-001,SanaPlus PainRelief,OTC,SanaPlus,Wholesale,7,9.5,EUR,0.1,66.5,59.85
TXN-DE-1-001411,2026-08-25 20:06:19,2026-08-25 20:12:19,DE,SaaS Platform,D,VIT-002,Vitalis Multivit,Supplement,Vitalis,D2C,2,17.0,EUR,0.0,34.0,34.0
TXN-DE-1-001412,2026-08-25 08:01:34,2026-08-25 08:04:34,DE,SaaS Platform,D,MED-002,Medora Derm Cream,Prescription,Medora,D2C,2,26.0,EUR,0.0,52.0,52.0
TXN-DE-1-001413,2026-08-25 02:32:23,2026-08-25 02:37:23,DE,SaaS Platform,D,MED-002,Medora Derm Cream,Prescription,Medora,Pharmacy/B2B,9,26.0,EUR,0.15,234.0,198.9
TXN-DE-1-001414,2026-08-25 03:46:14,2026-08-25 03:49:14,DE,SaaS Platform,D,MED-001,Medora Cardio 10mg,Prescription,Medora,D2C,2,43.0,EUR,0.15,86.0,73.1
TXN-DE-1-001415,2026-08-25 08:25:37,2026-08-25 08:27:37,DE,SaaS Platform,D,SAN-002,SanaPlus ColdFlu,OTC,SanaPlus,Pharmacy/B2B,8,10.5,EUR,0.2,84.0,67.2
TXN-DE-1-001416,2026-08-25 21:22:51,2026-08-25 21:28:51,DE,SaaS Platform,D,MED-001,Medora Cardio 10mg,Prescription,Medora,D2C,5,43.0,EUR,0.05,215.0,204.25
TXN-DE-1-001417,2026-08-25 01:24:13,2026-08-25 01:29:13,DE,SaaS Platform,D,SAN-002,SanaPlus ColdFlu,OTC,SanaPlus,Wholesale,1,10.5,EUR,0.1,10.5,9.45
TXN-DE-1-001418,2026-08-25 10:00:30,2026-08-25 10:01:30,DE,SaaS Platform,D,DER-001,Dermacare GlowSerum,Aesthetic,Dermacare,Wholesale,2,32.0,EUR,0.0,64.0,64.0
TXN-DE-1-001419,2026-08-25 18:19:32,2026-08-25 18:23:32,DE,SaaS Platform,D,PUR-001,PureLife GlucoMonitor,Medical Device,PureLife,E-commerce,2,85.0,EUR,0.0,170.0,170.0
TXN-DE-1-001420,2026-08-25 07:12:23,2026-08-25 07:13:23,DE,SaaS Platform,D,SAN-001,SanaPlus PainRelief,OTC,SanaPlus,D2C,7,9.5,EUR,0.0,66.5,66.5
TXN-DE-1-001421,2026-08-25 11:27:28,2026-08-25 11:31:28,DE,SaaS Platform,D,VIT-001,Vitalis C1000,Supplement,Vitalis,E-commerce,8,21.0,EUR,0.0,168.0,168.0
TXN-DE-1-001422,2026-08-25 17:11:57,2026-08-25 17:16:57,DE,SaaS Platform,D,SAN-001,SanaPlus PainRelief,OTC,SanaPlus,Pharmacy/B2B,8,9.5,EUR,0.15,76.0,64.6
TXN-DE-1-001423,2026-08-25 09:44:51,2026-08-25 09:45:51,DE,SaaS Platform,D,VIT-002,Vitalis Multivit,Supplement,Vitalis,E-commerce,8,17.0,EUR,0.0,136.0,136.0
TXN-DE-1-001424,2026-08-25 09:24:12,2026-08-25 09:29:12,DE,SaaS Platform,D,PUR-002,PureLife BP Monitor,Medical Device,PureLife,Wholesale,1,90.0,EUR,0.1,90.0,81.0
TXN-DE-1-001425,2026-08-25 08:21:43,2026-08-25 08:23:43,DE,SaaS Platform,D,PUR-002,PureLife BP Monitor,Medical Device,PureLife,Pharmacy/B2B,12,90.0,EUR,0.0,1080.0,1080.0
TXN-DE-1-001426,2026-08-25 14:18:55,2026-08-25 14:24:55,DE,SaaS Platform,D,PUR-002,PureLife BP Monitor,Medical Device,PureLife,D2C,2,90.0,EUR,0.0,180.0,180.0
TXN-DE-1-001427,2026-08-25 22:56:25,2026-08-25 23:00:25,DE,SaaS Platform,D,SAN-001,SanaPlus PainRelief,OTC,SanaPlus,Pharmacy/B2B,1,9.5,EUR,0.2,9.5,7.6
TXN-DE-1-001428,2026-08-25 14:01:43,2026-08-25 14:02:43,DE,SaaS Platform,D,VIT-002,Vitalis Multivit,Supplement,Vitalis,E-commerce,7,17.0,EUR,0.2,119.0,95.2
TXN-DE-1-001429,2026-08-25 16:25:03,2026-08-25 16:28:03,DE,SaaS Platform,D,VIT-002,Vitalis Multivit,Supplement,Vitalis,Pharmacy/B2B,12,17.0,EUR,0.15,204.0,173.4
