transaction_id,order_datetime_utc,ingested_at_utc,country,source_system,source_scenario,product_code,product_name,product_category,brand,sales_channel,quantity,unit_price,currency,discount_pct,gross_amount,net_amount
TXN-GB-1-000001,2026-08-25 01:39:20,2026-08-25 01:42:20,GB,Legacy Oracle EBS,E,DER-002,Dermacare LiftCream,Aesthetic,Dermacare,Wholesale,4,31.62,GBP,0.0,126.48,126.48
TXN-GB-1-000002,2026-08-25 01:19:05,2026-08-25 01:20:05,GB,Legacy Oracle EBS,E,MED-001,Medora Cardio 10mg,Prescription,Medora,Wholesale,11,36.75,GBP,0.0,404.25,404.25
TXN-GB-1-000003,2026-08-25 10:45:08,2026-08-25 10:49:08,GB,Legacy Oracle EBS,E,MED-002,Medora Derm Cream,Prescription,Medora,E-commerce,6,22.22,GBP,0.0,133.32,133.32
TXN-GB-1-000004,2026-08-25 14:25:26,2026-08-25 14:26:26,GB,Legacy Oracle EBS,E,DER-001,Dermacare GlowSerum,Aesthetic,Dermacare,D2C,1,27.35,GBP,0.0,27.35,27.35
TXN-GB-1-000005,2026-08-25 10:13:37,2026-08-25 10:17:37,GB,Legacy Oracle EBS,E,SAN-001,SanaPlus PainRelief,OTC,SanaPlus,Wholesale,8,8.12,GBP,0.1,64.96,58.46
TXN-GB-1-000006,2026-08-25 10:56:02,2026-08-25 11:01:02,GB,Legacy Oracle EBS,E,DER-001,Dermacare GlowSerum,Aesthetic,Dermacare,D2C,9,27.35,GBP,0.0,246.15,246.15
TXN-GB-1-000007,2026-08-25 18:48:53,2026-08-25 18:49:53,GB,Legacy Oracle EBS,E,DER-002,Dermacare LiftCream,Aesthetic,Dermacare,Pharmacy/B2B,11,31.62,GBP,0.0,347.82,347.82
TXN-GB-1-000008,2026-08-25 14:45:21,2026-08-25 14:46:21,GB,Legacy Oracle EBS,E,MED-001,Medora Cardio 10mg,Prescription,Medora,Pharmacy/B2B,8,36.75,GBP,0.2,294.0,235.2
TXN-GB-1-000009,2026-08-25 17:03:31,2026-08-25 17:04:31,GB,Legacy Oracle EBS,E,MED-002,Medora Derm Cream,Prescription,Medora,Wholesale,8,22.22,GBP,0.2,177.76,142.21
TXN-GB-1-000010,2026-08-25 08:04:47,2026-08-25 08:10:47,GB,Legacy Oracle EBS,E,DER-002,Dermacare LiftCream,Aesthetic,Dermacare,D2C,10,31.62,GBP,0.0,316.2,316.2
TXN-GB-1-000011,2026-08-25 21:40:55,2026-08-25 21:42:55,GB,Legacy Oracle EBS,E,VIT-002,Vitalis Multivit,Supplement,Vitalis,Pharmacy/B2B,8,14.53,GBP,0.1,116.24,104.62
TXN-GB-1-000012,2026-08-25 03:45:34,2026-08-25 03:46:34,GB,Legacy Oracle EBS,E,MED-002,Medora Derm Cream,Prescription,Medora,Wholesale,2,22.22,GBP,0.1,44.44,40.0
TXN-GB-1-000013,2026-08-25 15:24:19,2026-08-25 15:25:19,GB,Legacy Oracle EBS,E,MED-001,Medora Cardio 10mg,Prescription,Medora,D2C,10,36.75,GBP,0.0,367.5,367.5
TXN-GB-1-000014,2026-08-25 06:11:51,2026-08-25 06:12:51,GB,Legacy Oracle EBS,E,SAN-001,SanaPlus PainRelief,OTC,SanaPlus,D2C,5,8.12,GBP,0.0,40.6,40.6
TXN-GB-1-000015,2026-08-25 12:59:09,2026-08-25 13:02:09,GB,Legacy Oracle EBS,E,PUR-002,PureLife BP Monitor,Medical Device,PureLife,Wholesale,8,76.92,GBP,0.0,615.36,615.36
TXN-GB-1-000016,2026-08-25 08:16:52,2026-08-25 08:18:52,GB,Legacy Oracle EBS,E,VIT-002,Vitalis Multivit,Supplement,Vitalis,D2C,11,14.53,GBP,0.1,159.83,143.85
TXN-GB-1-000017,2026-08-25 14:49:26,2026-08-25 14:55:26,GB,Legacy Oracle EBS,E,SAN-002,SanaPlus ColdFlu,OTC,SanaPlus,D2C,3,8.97,GBP,0.0,26.91,26.91
TXN-GB-1-000018,2026-08-25 20:39:49,2026-08-25 20:40:49,GB,Legacy Oracle EBS,E,DER-002,Dermacare LiftCream,Aesthetic,Dermacare,Pharmacy/B2B,4,31.62,GBP,0.15,126.48,107.51
TXN-GB-1-000019,2026-08-25 08:31:28,2026-08-25 08:34:28,GB,Legacy Oracle EBS,E,VIT-002,Vitalis Multivit,Supplement,Vitalis,Pharmacy/B2B,1,14.53,GBP,0.0,14.53,14.53
TXN-GB-1-000020,2026-08-25 22:28:16,2026-08-25 22:34:16,GB,Legacy Oracle EBS,E,PUR-002,PureLife BP Monitor,Medical Device,PureLife,E-commerce,7,76.92,GBP,0.15,538.44,457.67
TXN-GB-1-000021,2026-08-25 14:43:01,2026-08-25 14:46:01,GB,Legacy Oracle EBS,E,VIT-002,Vitalis Multivit,Supplement,Vitalis,Wholesale,12,14.53,GBP,0.0,174.36,174.36
TXN-GB-1-000022,2026-08-25 22:20:02,2026-08-25 22:24:02,GB,Legacy Oracle EBS,E,DER-002,Dermacare LiftCream,Aesthetic,Dermacare,E-commerce,2,31.62,GBP,0.05,63.24,60.08
TXN-GB-1-000023,2026-08-25 07:52:51,2026-08-25 07:57:51,GB,Legacy Oracle EBS,E,SAN-001,SanaPlus PainRelief,OTC,SanaPlus,Wholesale,12,8.12,GBP,0.0,97.44,97.44
TXN-GB-1-000024,2026-08-25 09:56:28,2026-08-25 10:01:28,GB,Legacy Oracle EBS,E,DER-002,Dermacare LiftCream,Aesthetic,Dermacare,E-commerce,4,31.62,GBP,0.2,126.48,101.18
TXN-GB-1-000025,2026-08-25 20:23:40,2026-08-25 20:26:40,GB,Legacy Oracle EBS,E,PUR-001,PureLife GlucoMonitor,Medical Device,PureLife,Wholesale,6,72.65,GBP,0.15,435.9,370.51
TXN-GB-1-000026,2026-08-25 08:52:09,2026-08-25 08:57:09,GB,Legacy Oracle EBS,E,VIT-001,Vitalis C1000,Supplement,Vitalis,Wholesale,11,17.95,GBP,0.2,197.45,157.96
TXN-GB-1-000027,2026-08-25 14:07:38,2026-08-25 14:12:38,GB,Legacy Oracle EBS,E,DER-002,Dermacare LiftCream,Aesthetic,Dermacare,Pharmacy/B2B,5,31.62,GBP,0.15,158.1,134.38
TXN-GB-1-000028,2026-08-25 02:50:55,2026-08-25 02:52:55,GB,Legacy Oracle EBS,E,SAN-001,SanaPlus PainRelief,OTC,SanaPlus,E-commerce,2,8.12,GBP,0.2,16.24,12.99
TXN-GB-1-000029,2026-08-25 17:32:04,2026-08-25 17:37:04,GB,Legacy Oracle EBS,E,DER-001,Dermacare GlowSerum,Aesthetic,Dermacare,Wholesale,1,27.35,GBP,0.05,27.35,25.98
TXN-GB-1-000030,2026-08-25 00:12:48,2026-08-25 00:15:48,GB,Legacy Oracle EBS,E,SAN-002,SanaPlus ColdFlu,OTC,SanaPlus,Pharmacy/B2B,8,8.97,GBP,0.2,71.76,57.41
TXN-GB-1-000031,2026-08-25 08:20:14,2026-08-25 08:23:14,GB,Legacy Oracle EBS,E,DER-002,Dermacare LiftCream,Aesthetic,Dermacare,E-commerce,2,31.62,GBP,0.15,63.24,53.75
TXN-GB-1-000032,2026-08-25 04:25:16,2026-08-25 04:29:16,GB,Legacy Oracle EBS,E,VIT-001,Vitalis C1000,Supplement,Vitalis,D2C,1,17.95,GBP,0.05,17.95,17.05
TXN-GB-1-000033,2026-08-25 21:23:17,2026-08-25 21:28:17,GB,Legacy Oracle EBS,E,PUR-002,PureLife BP Monitor,Medical Device,PureLife,E-commerce,6,76.92,GBP,0.2,461.52,369.22
TXN-GB-1-000034,2026-08-25 09:34:28,2026-08-25 09:38:28,GB,Legacy Oracle EBS,E,SAN-001,SanaPlus PainRelief,OTC,SanaPlus,Wholesale,4,8.12,GBP,0.2,32.48,25.98
TXN-GB-1-000035,2026-08-25 21:34:24,2026-08-25 21:39:24,GB,Legacy Oracle EBS,E,PUR-002,PureLife BP Monitor,Medical Device,PureLife,Wholesale,1,76.92,GBP,0.0,76.92,76.92
TXN-GB-1-000036,2026-08-25 10:46:33,2026-08-25 10:52:33,GB,Legacy Oracle EBS,E,SAN-002,SanaPlus ColdFlu,OTC,SanaPlus,D2C,8,8.97,GBP,0.0,71.76,71.76
TXN-GB-1-000037,2026-08-25 08:24:08,2026-08-25 08:29:08,GB,Legacy Oracle EBS,E,VIT-002,Vitalis Multivit,Supplement,Vitalis,D2C,11,14.53,GBP,0.0,159.83,159.83
TXN-GB-1-000038,2026-08-25 17:18:36,2026-08-25 17:24:36,GB,Legacy Oracle EBS,E,MED-002,Medora Derm Cream,Prescription,Medora,Wholesale,7,22.22,GBP,0.15,155.54,132.21
TXN-GB-1-000039,2026-08-25 21:14:00,2026-08-25 21:16:00,GB,Legacy Oracle EBS,E,SAN-002,SanaPlus ColdFlu,OTC,SanaPlus,D2C,3,8.97,GBP,0.1,26.91,24.22
TXN-GB-1-000040,2026-08-25 23:36:33,2026-08-25 23:37:33,GB,Legacy Oracle EBS,E,SAN-002,SanaPlus ColdFlu,OTC,SanaPlus,Pharmacy/B2B,10,8.97,GBP,0.0,89.7,89.7
TXN-GB-1-000041,2026-08-25 14:10:43,2026-08-25 14:11:43,GB,Legacy Oracle EBS,E,MED-001,Medora Cardio 10mg,Prescription,Medora,Pharmacy/B2B,11,36.75,GBP,0.0,404.25,404.25
TXN-GB-1-000042,2026-08-25 04:02:40,2026-08-25 04:08:40,GB,Legacy Oracle EBS,E,MED-001,Medora Cardio 10mg,Prescription,Medora,Pharmacy/B2B,6,36.75,GBP,0.05,220.5,209.47
TXN-GB-1-000043,2026-08-25 02:41:13,2026-08-25 02:45:13,GB,Legacy Oracle EBS,E,MED-002,Medora Derm Cream,Prescription,Medora,Wholesale,4,22.22,GBP,0.1,88.88,79.99
TXN-GB-1-000044,2026-08-25 09:23:26,2026-08-25 09:26:26,GB,Legacy Oracle EBS,E,PUR-002,PureLife BP Monitor,Medical Device,PureLife,Pharmacy/B2B,3,76.92,GBP,0.0,230.76,230.76
TXN-GB-1-000045,2026-08-25 08:24:36,2026-08-25 08:25:36,GB,Legacy Oracle EBS,E,MED-001,Medora Cardio 10mg,Prescription,Medora,E-commerce,11,36.75,GBP,0.2,404.25,323.4
TXN-GB-1-000046,2026-08-25 07:02:05,2026-08-25 07:07:05,GB,Legacy Oracle EBS,E,SAN-001,SanaPlus PainRelief,OTC,SanaPlus,Wholesale,10,8.12,GBP,0.1,81.2,73.08
TXN-GB-1-000047,2026-08-25 01:51:55,2026-08-25 01:57:55,GB,Legacy Oracle EBS,E,PUR-001,PureLife GlucoMonitor,Medical Device,PureLife,Wholesale,8,72.65,GBP,0.0,581.2,581.2
TXN-GB-1-000048,2026-08-25 07:09:34,2026-08-25 07:15:34,GB,Legacy Oracle EBS,E,VIT-002,Vitalis Multivit,Supplement,Vitalis,Pharmacy/B2B,1,14.53,GBP,0.0,14.53,14.53
TXN-GB-1-000049,2026-08-25 09:33:13,2026-08-25 09:38:13,GB,Legacy Oracle EBS,E,MED-002,Medora Derm Cream,Prescription,Medora,Wholesale,11,22.22,GBP,0.05,244.42,232.2
TXN-GB-1-000050,2026-08-25 22:52:05,2026-08-25 22:54:05,GB,Legacy Oracle EBS,E,DER-001,Dermacare GlowSerum,Aesthetic,Dermacare,D2C,6,27.35,GBP,0.15,164.1,139.48
TXN-GB-1-000051,2026-08-25 15:15:17,2026-08-25 15:16:17,GB,Legacy Oracle EBS,E,PUR-002,PureLife BP Monitor,Medical Device,PureLife,E-commerce,3,76.92,GBP,0.0,230.76,230.76
TXN-GB-1-000052,2026-08-25 19:18:28,2026-08-25 19:23:28,GB,Legacy Oracle EBS,E,VIT-001,Vitalis C1000,Supplement,Vitalis,E-commerce,1,17.95,GBP,0.05,17.95,17.05
TXN-GB-1-000053,2026-08-25 07:46:00,2026-08-25 07:47:00,GB,Legacy Oracle EBS,E,PUR-001,PureLife GlucoMonitor,Medical Device,PureLife,Wholesale,5,72.65,GBP,0.0,363.25,363.25
TXN-GB-1-000054,2026-08-25 17:30:05,2026-08-25 17:34:05,GB,Legacy Oracle EBS,E,MED-002,Medora Derm Cream,Prescription,Medora,E-commerce,1,22.22,GBP,0.0,22.22,22.22
TXN-GB-1-000055,2026-08-25 06:54:09,2026-08-25 06:58:09,GB,Legacy Oracle EBS,E,SAN-001,SanaPlus PainRelief,OTC,SanaPlus,Pharmacy/B2B,12,8.12,GBP,0.15,97.44,82.82
TXN-GB-1-000056,2026-08-25 15:53:14,2026-08-25 15:58:14,GB,Legacy Oracle EBS,E,VIT-002,Vitalis Multivit,Supplement,Vitalis,Wholesale,9,14.53,GBP,0.0,130.77,130.77
TXN-GB-1-000057,2026-08-25 11:32:12,2026-08-25 11:38:12,GB,Legacy Oracle EBS,E,PUR-002,PureLife BP Monitor,Medical Device,PureLife,Pharmacy/B2B,7,76.92,GBP,0.2,538.44,430.75
TXN-GB-1-000058,2026-08-25 16:50:13,2026-08-25 16:54:13,GB,Legacy Oracle EBS,E,SAN-001,SanaPlus PainRelief,OTC,SanaPlus,Pharmacy/B2B,4,8.12,GBP,0.0,32.48,32.48
TXN-GB-1-000059,2026-08-25 08:12:14,2026-08-25 08:17:14,GB,Legacy Oracle EBS,E,MED-002,Medora Derm Cream,Prescription,Medora,E-commerce,11,22.22,GBP,0.0,244.42,244.42
TXN-GB-1-000060,2026-08-25 12:29:55,2026-08-25 12:31:55,GB,Legacy Oracle EBS,E,PUR-001,PureLife GlucoMonitor,Medical Device,PureLife,E-commerce,11,72.65,GBP,0.2,799.15,639.32
TXN-GB-1-000061,2026-08-25 14:38:52,2026-08-25 14:42:52,GB,Legacy Oracle EBS,E,MED-002,Medora Derm Cream,Prescription,Medora,E-commerce,7,22.22,GBP,0.1,155.54,139.99
TXN-GB-1-000062,2026-08-25 08:45:09,2026-08-25 08:49:09,GB,Legacy Oracle EBS,E,PUR-002,PureLife BP Monitor,Medical Device,PureLife,D2C,10,76.92,GBP,0.2,769.2,615.36
TXN-GB-1-000063,2026-08-25 22:44:29,2026-08-25 22:49:29,GB,Legacy Oracle EBS,E,SAN-002,SanaPlus ColdFlu,OTC,SanaPlus,E-commerce,3,8.97,GBP,0.0,26.91,26.91
TXN-GB-1-000064,2026-08-25 06:44:09,2026-08-25 06:49:09,GB,Legacy Oracle EBS,E,DER-001,Dermacare GlowSerum,Aesthetic,Dermacare,D2C,5,27.35,GBP,0.0,136.75,136.75
TXN-GB-1-000065,2026-08-25 18:56:28,2026-08-25 18:59:28,GB,Legacy Oracle EBS,E,VIT-002,Vitalis Multivit,Supplement,Vitalis,Wholesale,12,14.53,GBP,0.15,174.36,148.21
TXN-GB-1-000066,2026-08-25 19:44:17,2026-08-25 19:48:17,GB,Legacy Oracle EBS,E,PUR-001,PureLife GlucoMonitor,Medical Device,PureLife,Pharmacy/B2B,2,72.65,GBP,0.0,145.3,145.3
TXN-GB-1-000067,2026-08-25 11:15:15,2026-08-25 11:17:15,GB,Legacy Oracle EBS,E,VIT-002,Vitalis Multivit,Supplement,Vitalis,Pharmacy/B2B,7,14.53,GBP,0.0,101.71,101.71
TXN-GB-1-000068,2026-08-25 00:53:06,2026-08-25 00:58:06,GB,Legacy Oracle EBS,E,PUR-001,PureLife GlucoMonitor,Medical Device,PureLife,Pharmacy/B2B,6,72.65,GBP,0.1,435.9,392.31
TXN-GB-1-000069,2026-08-25 18:11:34,2026-08-25 18:15:34,GB,Legacy Oracle EBS,E,MED-002,Medora Derm Cream,Prescription,Medora,D2C,6,22.22,GBP,0.15,133.32,113.32
TXN-GB-1-000070,2026-08-25 12:39:36,2026-08-25 12:44:36,GB,Legacy Oracle EBS,E,MED-001,Medora Cardio 10mg,Prescription,Medora,Wholesale,12,36.75,GBP,0.0,441.0,441.0
TXN-GB-1-000071,2026-08-25 17:31:48,2026-08-25 17:36:48,GB,Legacy Oracle EBS,E,DER-002,Dermacare LiftCream,Aesthetic,Dermacare,Pharmacy/B2B,3,31.62,GBP,0.0,94.86,94.86
TXN-GB-1-000072,2026-08-25 21:00:45,2026-08-25 21:01:45,GB,Legacy Oracle EBS,E,VIT-001,Vitalis C1000,Supplement,Vitalis,Pharmacy/B2B,12,17.95,GBP,0.15,215.4,183.09
TXN-GB-1-000073,2026-08-25 09:42:03,2026-08-25 09:46:03,GB,Legacy Oracle EBS,E,VIT-002,Vitalis Multivit,Supplement,Vitalis,Wholesale,3,14.53,GBP,0.0,43.59,43.59
TXN-GB-1-000074,2026-08-25 15:01:01,2026-08-25 15:03:01,GB,Legacy Oracle EBS,E,DER-001,Dermacare GlowSerum,Aesthetic,Dermacare,Wholesale,12,27.35,GBP,0.0,328.2,328.2
TXN-GB-1-000075,2026-08-25 07:52:39,2026-08-25 07:54:39,GB,Legacy Oracle EBS,E,VIT-002,Vitalis Multivit,Supplement,Vitalis,D2C,9,14.53,GBP,0.0,130.77,130.77
TXN-GB-1-000076,2026-08-25 02:38:17,2026-08-25 02:43:17,GB,Legacy Oracle EBS,E,MED-001,Medora Cardio 10mg,Prescription,Medora,E-commerce,10,36.75,GBP,0.0,367.5,367.5
TXN-GB-1-000077,2026-08-25 12:33:00,2026-08-25 12:39:00,GB,Legacy Oracle EBS,E,PUR-002,PureLife BP Monitor,Medical Device,PureLife,Wholesale,8,76.92,GBP,0.2,615.36,492.29
TXN-GB-1-000078,2026-08-25 08:16:42,2026-08-25 08:22:42,GB,Legacy Oracle EBS,E,DER-002,Dermacare LiftCream,Aesthetic,Dermacare,E-commerce,10,31.62,GBP,0.2,316.2,252.96
TXN-GB-1-000079,2026-08-25 13:04:15,2026-08-25 13:08:15,GB,Legacy Oracle EBS,E,PUR-002,PureLife BP Monitor,Medical Device,PureLife,D2C,6,76.92,GBP,0.0,461.52,461.52
TXN-GB-1-000080,2026-08-25 20:32:47,2026-08-25 20:38:47,GB,Legacy Oracle EBS,E,VIT-001,Vitalis C1000,Supplement,Vitalis,D2C,12,17.95,GBP,0.05,215.4,204.63
TXN-GB-1-000081,2026-08-25 09:48:35,2026-08-25 09:54:35,GB,Legacy Oracle EBS,E,MED-002,Medora Derm Cream,Prescription,Medora,Pharmacy/B2B,2,22.22,GBP,0.05,44.44,42.22
TXN-GB-1-000082,2026-08-25 07:53:06,2026-08-25 07:57:06,GB,Legacy Oracle EBS,E,DER-002,Dermacare LiftCream,Aesthetic,Dermacare,Pharmacy/B2B,4,31.62,GBP,0.15,126.48,107.51
TXN-GB-1-000083,2026-08-25 19:12:47,2026-08-25 19:16:47,GB,Legacy Oracle EBS,E,VIT-001,Vitalis C1000,Supplement,Vitalis,D2C,7,17.95,GBP,0.15,125.65,106.8
TXN-GB-1-000084,2026-08-25 16:51:28,2026-08-25 16:55:28,GB,Legacy Oracle EBS,E,MED-002,Medora Derm Cream,Prescription,Medora,Pharmacy/B2B,3,22.22,GBP,0.0,66.66,66.66
TXN-GB-1-000085,2026-08-25 20:13:45,2026-08-25 20:16:45,GB,Legacy Oracle EBS,E,VIT-001,Vitalis C1000,Supplement,Vitalis,E-commerce,4,17.95,GBP,0.0,71.8,71.8
TXN-GB-1-000086,2026-08-25 00:31:29,2026-08-25 00:36:29,GB,Legacy Oracle EBS,E,MED-001,Medora Cardio 10mg,Prescription,Medora,D2C,7,36.75,GBP,0.0,257.25,257.25
TXN-GB-1-000087,2026-08-25 01:10:03,2026-08-25 01:16:03,GB,Legacy Oracle EBS,E,PUR-001,PureLife GlucoMonitor,Medical Device,PureLife,E-commerce,10,72.65,GBP,0.0,726.5,726.5
TXN-GB-1-000088,2026-08-25 22:52:29,2026-08-25 22:55:29,GB,Legacy Oracle EBS,E,PUR-001,PureLife GlucoMonitor,Medical Device,PureLife,E-commerce,9,72.65,GBP,0.05,653.85,621.16
TXN-GB-1-000089,2026-08-25 08:07:31,2026-08-25 08:09:31,GB,Legacy Oracle EBS,E,MED-002,Medora Derm Cream,Prescription,Medora,Pharmacy/B2B,8,22.22,GBP,0.15,177.76,151.1
TXN-GB-1-000090,2026-08-25 18:59:40,2026-08-25 19:04:40,GB,Legacy Oracle EBS,E,VIT-002,Vitalis Multivit,Supplement,Vitalis,Pharmacy/B2B,3,14.53,GBP,0.15,43.59,37.05
TXN-GB-1-000091,2026-08-25 16:04:12,2026-08-25 16:06:12,GB,Legacy Oracle EBS,E,DER-001,Dermacare GlowSerum,Aesthetic,Dermacare,D2C,5,27.35,GBP,0.1,136.75,123.08
TXN-GB-1-000092,2026-08-25 12:42:15,2026-08-25 12:44:15,GB,Legacy Oracle EBS,E,VIT-001,Vitalis C1000,Supplement,Vitalis,Pharmacy/B2B,8,17.95,GBP,0.0,143.6,143.6
TXN-GB-1-000093,2026-08-25 00:14:22,2026-08-25 00:15:22,GB,Legacy Oracle EBS,E,PUR-002,PureLife BP Monitor,Medical Device,PureLife,Wholesale,1,76.92,GBP,0.1,76.92,69.23
TXN-GB-1-000094,2026-08-25 10:44:16,2026-08-25 10:46:16,GB,Legacy Oracle EBS,E,PUR-001,PureLife GlucoMonitor,Medical Device,PureLife,Wholesale,5,72.65,GBP,0.2,363.25,290.6
TXN-GB-1-000095,2026-08-25 02:31:30,2026-08-25 02:35:30,GB,Legacy Oracle EBS,E,VIT-001,Vitalis C1000,Supplement,Vitalis,Wholesale,10,17.95,GBP,0.15,179.5,152.57
TXN-GB-1-000096,2026-08-25 15:39:05,2026-08-25 15:41:05,GB,Legacy Oracle EBS,E,DER-001,Dermacare GlowSerum,Aesthetic,Dermacare,D2C,2,27.35,GBP,0.0,54.7,54.7
TXN-GB-1-000097,2026-08-25 22:44:41,2026-08-25 22:50:41,GB,Legacy Oracle EBS,E,SAN-002,SanaPlus ColdFlu,OTC,SanaPlus,D2C,6,8.97,GBP,0.0,53.82,53.82
TXN-GB-1-000098,2026-08-25 00:42:33,2026-08-25 00:43:33,GB,Legacy Oracle EBS,E,SAN-002,SanaPlus ColdFlu,OTC,SanaPlus,Pharmacy/B2B,1,8.97,GBP,0.1,8.97,8.07
TXN-GB-1-000099,2026-08-25 04:10:50,2026-08-25 04:15:50,GB,Legacy Oracle EBS,E,SAN-001,SanaPlus PainRelief,OTC,SanaPlus,D2C,12,8.12,GBP,0.0,97.44,97.44
TXN-GB-1-000100,2026-08-25 04:41:24,2026-08-25 04:45:24,GB,Legacy Oracle EBS,E,VIT-001,Vitalis C1000,Supplement,Vitalis,E-commerce,12,17.95,GBP,0.0,215.4,215.4
TXN-GB-1-000101,2026-08-25 00:28:06,2026-08-25 00:30:06,GB,Legacy Oracle EBS,E,DER-001,Dermacare GlowSerum,Aesthetic,Dermacare,Pharmacy/B2B,8,27.35,GBP,0.0,218.8,218.8
TXN-GB-1-000102,2026-08-25 04:41:48,2026-08-25 04:43:48,GB,Legacy Oracle EBS,E,SAN-002,SanaPlus ColdFlu,OTC,SanaPlus,Pharmacy/B2B,3,8.97,GBP,0.15,26.91,22.87
TXN-GB-1-000103,2026-08-25 23:49:06,2026-08-25 23:54:06,GB,Legacy Oracle EBS,E,VIT-002,Vitalis Multivit,Supplement,Vitalis,Pharmacy/B2B,12,14.53,GBP,0.0,174.36,174.36
TXN-GB-1-000104,2026-08-25 09:53:34,2026-08-25 09:59:34,GB,Legacy Oracle EBS,E,VIT-001,Vitalis C1000,Supplement,Vitalis,D2C,4,17.95,GBP,0.05,71.8,68.21
TXN-GB-1-000105,2026-08-25 12:02:50,2026-08-25 12:04:50,GB,Legacy Oracle EBS,E,PUR-002,PureLife BP Monitor,Medical Device,PureLife,Pharmacy/B2B,7,76.92,GBP,0.2,538.44,430.75
TXN-GB-1-000106,2026-08-25 20:52:00,2026-08-25 20:54:00,GB,Legacy Oracle EBS,E,PUR-001,PureLife GlucoMonitor,Medical Device,PureLife,Pharmacy/B2B,10,72.65,GBP,0.0,726.5,726.5
TXN-GB-1-000107,2026-08-25 15:07:46,2026-08-25 15:13:46,GB,Legacy Oracle EBS,E,DER-001,Dermacare GlowSerum,Aesthetic,Dermacare,E-commerce,2,27.35,GBP,0.05,54.7,51.97
TXN-GB-1-000108,2026-08-25 15:31:12,2026-08-25 15:36:12,GB,Legacy Oracle EBS,E,DER-001,Dermacare GlowSerum,Aesthetic,Dermacare,Wholesale,12,27.35,GBP,0.15,328.2,278.97
TXN-GB-1-000109,2026-08-25 11:07:28,2026-08-25 11:08:28,GB,Legacy Oracle EBS,E,VIT-002,Vitalis Multivit,Supplement,Vitalis,E-commerce,1,14.53,GBP,0.0,14.53,14.53
TXN-GB-1-000110,2026-08-25 13:36:36,2026-08-25 13:39:36,GB,Legacy Oracle EBS,E,SAN-001,SanaPlus PainRelief,OTC,SanaPlus,Pharmacy/B2B,1,8.12,GBP,0.05,8.12,7.71
TXN-GB-1-000111,2026-08-25 03:37:33,2026-08-25 03:41:33,GB,Legacy Oracle EBS,E,DER-001,Dermacare GlowSerum,Aesthetic,Dermacare,D2C,10,27.35,GBP,0.05,273.5,259.82
TXN-GB-1-000112,2026-08-25 00:09:21,2026-08-25 00:10:21,GB,Legacy Oracle EBS,E,PUR-001,PureLife GlucoMonitor,Medical Device,PureLife,D2C,5,72.65,GBP,0.2,363.25,290.6
TXN-GB-1-000113,2026-08-25 12:03:42,2026-08-25 12:08:42,GB,Legacy Oracle EBS,E,MED-001,Medora Cardio 10mg,Prescription,Medora,Pharmacy/B2B,6,36.75,GBP,0.15,220.5,187.42
TXN-GB-1-000114,2026-08-25 23:52:48,2026-08-25 23:53:48,GB,Legacy Oracle EBS,E,DER-002,Dermacare LiftCream,Aesthetic,Dermacare,Wholesale,5,31.62,GBP,0.0,158.1,158.1
TXN-GB-1-000115,2026-08-25 21:07:15,2026-08-25 21:11:15,GB,Legacy Oracle EBS,E,VIT-001,Vitalis C1000,Supplement,Vitalis,Pharmacy/B2B,10,17.95,GBP,0.0,179.5,179.5
TXN-GB-1-000116,2026-08-25 10:46:00,2026-08-25 10:47:00,GB,Legacy Oracle EBS,E,MED-002,Medora Derm Cream,Prescription,Medora,D2C,1,22.22,GBP,0.0,22.22,22.22
TXN-GB-1-000117,2026-08-25 00:39:40,2026-08-25 00:45:40,GB,Legacy Oracle EBS,E,PUR-002,PureLife BP Monitor,Medical Device,PureLife,Wholesale,10,76.92,GBP,0.1,769.2,692.28
TXN-GB-1-000118,2026-08-25 15:08:06,2026-08-25 15:09:06,GB,Legacy Oracle EBS,E,VIT-002,Vitalis Multivit,Supplement,Vitalis,Pharmacy/B2B,6,14.53,GBP,0.2,87.18,69.74
TXN-GB-1-000119,2026-08-25 05:54:49,2026-08-25 06:00:49,GB,Legacy Oracle EBS,E,SAN-002,SanaPlus ColdFlu,OTC,SanaPlus,D2C,3,8.97,GBP,0.15,26.91,22.87
TXN-GB-1-000120,2026-08-25 08:54:12,2026-08-25 09:00:12,GB,Legacy Oracle EBS,E,VIT-001,Vitalis C1000,Supplement,Vitalis,E-commerce,11,17.95,GBP,0.2,197.45,157.96
TXN-GB-1-000121,2026-08-25 20:07:20,2026-08-25 20:08:20,GB,Legacy Oracle EBS,E,SAN-002,SanaPlus ColdFlu,OTC,SanaPlus,E-commerce,8,8.97,GBP,0.15,71.76,61.0
TXN-GB-1-000122,2026-08-25 16:12:14,2026-08-25 16:18:14,GB,Legacy Oracle EBS,E,SAN-001,SanaPlus PainRelief,OTC,SanaPlus,E-commerce,6,8.12,GBP,0.0,48.72,48.72
TXN-GB-1-000123,2026-08-25 02:05:05,2026-08-25 02:11:05,GB,Legacy Oracle EBS,E,SAN-001,SanaPlus PainRelief,OTC,SanaPlus,Wholesale,7,8.12,GBP,0.0,56.84,56.84
TXN-GB-1-000124,2026-08-25 12:22:26,2026-08-25 12:28:26,GB,Legacy Oracle EBS,E,VIT-002,Vitalis Multivit,Supplement,Vitalis,D2C,1,14.53,GBP,0.2,14.53,11.62
TXN-GB-1-000125,2026-08-25 03:52:40,2026-08-25 03:53:40,GB,Legacy Oracle EBS,E,MED-002,Medora Derm Cream,Prescription,Medora,D2C,3,22.22,GBP,0.2,66.66,53.33
TXN-GB-1-000126,2026-08-25 11:49:09,2026-08-25 11:52:09,GB,Legacy Oracle EBS,E,PUR-001,PureLife GlucoMonitor,Medical Device,PureLife,Wholesale,3,72.65,GBP,0.05,217.95,207.05
TXN-GB-1-000127,2026-08-25 16:12:49,2026-08-25 16:18:49,GB,Legacy Oracle EBS,E,PUR-001,PureLife GlucoMonitor,Medical Device,PureLife,E-commerce,7,72.65,GBP,0.0,508.55,508.55
TXN-GB-1-000128,2026-08-25 08:02:53,2026-08-25 08:03:53,GB,Legacy Oracle EBS,E,DER-002,Dermacare LiftCream,Aesthetic,Dermacare,D2C,9,31.62,GBP,0.1,284.58,256.12
TXN-GB-1-000129,2026-08-25 00:40:48,2026-08-25 00:42:48,GB,Legacy Oracle EBS,E,MED-001,Medora Cardio 10mg,Prescription,Medora,D2C,6,36.75,GBP,0.2,220.5,176.4
TXN-GB-1-000130,2026-08-25 19:25:46,2026-08-25 19:30:46,GB,Legacy Oracle EBS,E,MED-001,Medora Cardio 10mg,Prescription,Medora,Wholesale,2,36.75,GBP,0.2,73.5,58.8
TXN-GB-1-000131,2026-08-25 19:47:26,2026-08-25 19:51:26,GB,Legacy Oracle EBS,E,MED-002,Medora Derm Cream,Prescription,Medora,D2C,3,22.22,GBP,0.0,66.66,66.66
TXN-GB-1-000132,2026-08-25 22:10:42,2026-08-25 22:12:42,GB,Legacy Oracle EBS,E,SAN-002,SanaPlus ColdFlu,OTC,SanaPlus,D2C,12,8.97,GBP,0.2,107.64,86.11
TXN-GB-1-000133,2026-08-25 10:44:28,2026-08-25 10:50:28,GB,Legacy Oracle EBS,E,SAN-002,SanaPlus ColdFlu,OTC,SanaPlus,E-commerce,1,8.97,GBP,0.0,8.97,8.97
TXN-GB-1-000134,2026-08-25 12:50:19,2026-08-25 12:55:19,GB,Legacy Oracle EBS,E,DER-001,Dermacare GlowSerum,Aesthetic,Dermacare,Wholesale,6,27.35,GBP,0.05,164.1,155.89
TXN-GB-1-000135,2026-08-25 18:03:21,2026-08-25 18:08:21,GB,Legacy Oracle EBS,E,PUR-002,PureLife BP Monitor,Medical Device,PureLife,Pharmacy/B2B,2,76.92,GBP,0.15,153.84,130.76
TXN-GB-1-000136,2026-08-25 06:51:29,2026-08-25 06:55:29,GB,Legacy Oracle EBS,E,PUR-002,PureLife BP Monitor,Medical Device,PureLife,E-commerce,1,76.92,GBP,0.15,76.92,65.38
TXN-GB-1-000137,2026-08-25 11:07:15,2026-08-25 11:10:15,GB,Legacy Oracle EBS,E,DER-002,Dermacare LiftCream,Aesthetic,Dermacare,Wholesale,3,31.62,GBP,0.05,94.86,90.12
TXN-GB-1-000138,2026-08-25 09:06:22,2026-08-25 09:09:22,GB,Legacy Oracle EBS,E,MED-002,Medora Derm Cream,Prescription,Medora,Pharmacy/B2B,7,22.22,GBP,0.0,155.54,155.54
TXN-GB-1-000139,2026-08-25 20:00:23,2026-08-25 20:05:23,GB,Legacy Oracle EBS,E,SAN-002,SanaPlus ColdFlu,OTC,SanaPlus,Wholesale,1,8.97,GBP,0.2,8.97,7.18
TXN-GB-1-000140,2026-08-25 03:58:10,2026-08-25 04:01:10,GB,Legacy Oracle EBS,E,VIT-001,Vitalis C1000,Supplement,Vitalis,E-commerce,2,17.95,GBP,0.2,35.9,28.72
TXN-GB-1-000141,2026-08-25 07:28:03,2026-08-25 07:30:03,GB,Legacy Oracle EBS,E,DER-001,Dermacare GlowSerum,Aesthetic,Dermacare,Wholesale,1,27.35,GBP,0.0,27.35,27.35
TXN-GB-1-000142,2026-08-25 18:42:53,2026-08-25 18:44:53,GB,Legacy Oracle EBS,E,SAN-001,SanaPlus PainRelief,OTC,SanaPlus,Wholesale,7,8.12,GBP,0.15,56.84,48.31
TXN-GB-1-000143,2026-08-25 02:33:40,2026-08-25 02:35:40,GB,Legacy Oracle EBS,E,PUR-001,PureLife GlucoMonitor,Medical Device,PureLife,E-commerce,1,72.65,GBP,0.15,72.65,61.75
TXN-GB-1-000144,2026-08-25 18:03:11,2026-08-25 18:06:11,GB,Legacy Oracle EBS,E,DER-001,Dermacare GlowSerum,Aesthetic,Dermacare,Pharmacy/B2B,12,27.35,GBP,0.0,328.2,328.2
TXN-GB-1-000145,2026-08-25 08:58:18,2026-08-25 09:04:18,GB,Legacy Oracle EBS,E,PUR-002,PureLife BP Monitor,Medical Device,PureLife,Wholesale,10,76.92,GBP,0.2,769.2,615.36
TXN-GB-1-000146,2026-08-25 21:38:28,2026-08-25 21:40:28,GB,Legacy Oracle EBS,E,DER-002,Dermacare LiftCream,Aesthetic,Dermacare,Pharmacy/B2B,11,31.62,GBP,0.0,347.82,347.82
TXN-GB-1-000147,2026-08-25 14:20:35,2026-08-25 14:21:35,GB,Legacy Oracle EBS,E,VIT-002,Vitalis Multivit,Supplement,Vitalis,E-commerce,9,14.53,GBP,0.15,130.77,111.15
TXN-GB-1-000148,2026-08-25 17:41:08,2026-08-25 17:47:08,GB,Legacy Oracle EBS,E,PUR-001,PureLife GlucoMonitor,Medical Device,PureLife,D2C,3,72.65,GBP,0.1,217.95,196.16
TXN-GB-1-000149,2026-08-25 13:18:26,2026-08-25 13:24:26,GB,Legacy Oracle EBS,E,PUR-001,PureLife GlucoMonitor,Medical Device,PureLife,Wholesale,9,72.65,GBP,0.15,653.85,555.77
TXN-GB-1-000150,2026-08-25 03:49:11,2026-08-25 03:54:11,GB,Legacy Oracle EBS,E,SAN-001,SanaPlus PainRelief,OTC,SanaPlus,E-commerce,10,8.12,GBP,0.05,81.2,77.14
TXN-GB-1-000151,2026-08-25 14:24:54,2026-08-25 14:30:54,GB,Legacy Oracle EBS,E,VIT-002,Vitalis Multivit,Supplement,Vitalis,Pharmacy/B2B,12,14.53,GBP,0.1,174.36,156.92
TXN-GB-1-000152,2026-08-25 00:18:41,2026-08-25 00:24:41,GB,Legacy Oracle EBS,E,MED-001,Medora Cardio 10mg,Prescription,Medora,Wholesale,4,36.75,GBP,0.05,147.0,139.65
TXN-GB-1-000153,2026-08-25 21:23:09,2026-08-25 21:26:09,GB,Legacy Oracle EBS,E,PUR-002,PureLife BP Monitor,Medical Device,PureLife,D2C,5,76.92,GBP,0.0,384.6,384.6
TXN-GB-1-000154,2026-08-25 16:50:27,2026-08-25 16:56:27,GB,Legacy Oracle EBS,E,SAN-001,SanaPlus PainRelief,OTC,SanaPlus,D2C,5,8.12,GBP,0.0,40.6,40.6
TXN-GB-1-000155,2026-08-25 01:34:24,2026-08-25 01:38:24,GB,Legacy Oracle EBS,E,DER-001,Dermacare GlowSerum,Aesthetic,Dermacare,E-commerce,12,27.35,GBP,0.05,328.2,311.79
TXN-GB-1-000156,2026-08-25 04:55:52,2026-08-25 04:59:52,GB,Legacy Oracle EBS,E,SAN-002,SanaPlus ColdFlu,OTC,SanaPlus,D2C,11,8.97,GBP,0.0,98.67,98.67
TXN-GB-1-000157,2026-08-25 10:50:22,2026-08-25 10:54:22,GB,Legacy Oracle EBS,E,SAN-002,SanaPlus ColdFlu,OTC,SanaPlus,Pharmacy/B2B,12,8.97,GBP,0.05,107.64,102.26
TXN-GB-1-000158,2026-08-25 01:07:42,2026-08-25 01:13:42,GB,Legacy Oracle EBS,E,SAN-001,SanaPlus PainRelief,OTC,SanaPlus,E-commerce,6,8.12,GBP,0.1,48.72,43.85
TXN-GB-1-000159,2026-08-25 23:44:52,2026-08-25 23:49:52,GB,Legacy Oracle EBS,E,VIT-002,Vitalis Multivit,Supplement,Vitalis,D2C,11,14.53,GBP,0.15,159.83,135.86
TXN-GB-1-000160,2026-08-25 20:40:08,2026-08-25 20:46:08,GB,Legacy Oracle EBS,E,MED-001,Medora Cardio 10mg,Prescription,Medora,Wholesale,10,36.75,GBP,0.15,367.5,312.38
TXN-GB-1-000161,2026-08-25 20:50:12,2026-08-25 20:54:12,GB,Legacy Oracle EBS,E,SAN-002,SanaPlus ColdFlu,OTC,SanaPlus,D2C,8,8.97,GBP,0.1,71.76,64.58
TXN-GB-1-000162,2026-08-25 08:07:04,2026-08-25 08:13:04,GB,Legacy Oracle EBS,E,DER-002,Dermacare LiftCream,Aesthetic,Dermacare,D2C,7,31.62,GBP,0.15,221.34,188.14
TXN-GB-1-000163,2026-08-25 20:06:13,2026-08-25 20:07:13,GB,Legacy Oracle EBS,E,DER-001,Dermacare GlowSerum,Aesthetic,Dermacare,Wholesale,9,27.35,GBP,0.0,246.15,246.15
TXN-GB-1-000164,2026-08-25 07:56:24,2026-08-25 07:59:24,GB,Legacy Oracle EBS,E,MED-001,Medora Cardio 10mg,Prescription,Medora,Wholesale,12,36.75,GBP,0.0,441.0,441.0
TXN-GB-1-000165,2026-08-25 02:04:03,2026-08-25 02:08:03,GB,Legacy Oracle EBS,E,MED-002,Medora Derm Cream,Prescription,Medora,Wholesale,8,22.22,GBP,0.05,177.76,168.87
TXN-GB-1-000166,2026-08-25 03:25:10,2026-08-25 03:31:10,GB,Legacy Oracle EBS,E,VIT-002,Vitalis Multivit,Supplement,Vitalis,D2C,11,14.53,GBP,0.0,159.83,159.83
TXN-GB-1-000167,2026-08-25 23:22:17,2026-08-25 23:28:17,GB,Legacy Oracle EBS,E,MED-001,Medora Cardio 10mg,Prescription,Medora,Wholesale,9,36.75,GBP,0.1,330.75,297.68
TXN-GB-1-000168,2026-08-25 07:56:02,2026-08-25 08:00:02,GB,Legacy Oracle EBS,E,PUR-002,PureLife BP Monitor,Medical Device,PureLife,E-commerce,3,76.92,GBP,0.0,230.76,230.76
TXN-GB-1-000169,2026-08-25 07:11:09,2026-08-25 07:17:09,GB,Legacy Oracle EBS,E,PUR-001,PureLife GlucoMonitor,Medical Device,PureLife,D2C,5,72.65,GBP,0.0,363.25,363.25
TXN-GB-1-000170,2026-08-25 08:36:11,2026-08-25 08:38:11,GB,Legacy Oracle EBS,E,DER-001,Dermacare GlowSerum,Aesthetic,Dermacare,D2C,3,27.35,GBP,0.1,82.05,73.84
TXN-GB-1-000171,2026-08-25 12:07:30,2026-08-25 12:13:30,GB,Legacy Oracle EBS,E,MED-001,Medora Cardio 10mg,Prescription,Medora,E-commerce,4,36.75,GBP,0.0,147.0,147.0
TXN-GB-1-000172,2026-08-25 05:01:59,2026-08-25 05:07:59,GB,Legacy Oracle EBS,E,DER-001,Dermacare GlowSerum,Aesthetic,Dermacare,D2C,4,27.35,GBP,0.0,109.4,109.4
TXN-GB-1-000173,2026-08-25 16:41:49,2026-08-25 16:43:49,GB,Legacy Oracle EBS,E,SAN-002,SanaPlus ColdFlu,OTC,SanaPlus,D2C,2,8.97,GBP,0.0,17.94,17.94
TXN-GB-1-000174,2026-08-25 22:41:06,2026-08-25 22:45:06,GB,Legacy Oracle EBS,E,VIT-001,Vitalis C1000,Supplement,Vitalis,D2C,10,17.95,GBP,0.15,179.5,152.57
TXN-GB-1-000175,2026-08-25 01:57:09,2026-08-25 01:59:09,GB,Legacy Oracle EBS,E,VIT-001,Vitalis C1000,Supplement,Vitalis,E-commerce,4,17.95,GBP,0.0,71.8,71.8
TXN-GB-1-000176,2026-08-25 17:33:06,2026-08-25 17:37:06,GB,Legacy Oracle EBS,E,MED-002,Medora Derm Cream,Prescription,Medora,D2C,7,22.22,GBP,0.2,155.54,124.43
TXN-GB-1-000177,2026-08-25 22:17:45,2026-08-25 22:20:45,GB,Legacy Oracle EBS,E,MED-001,Medora Cardio 10mg,Prescription,Medora,E-commerce,12,36.75,GBP,0.0,441.0,441.0
TXN-GB-1-000178,2026-08-25 11:25:51,2026-08-25 11:28:51,GB,Legacy Oracle EBS,E,SAN-002,SanaPlus ColdFlu,OTC,SanaPlus,Wholesale,1,8.97,GBP,0.0,8.97,8.97
TXN-GB-1-000179,2026-08-25 01:20:16,2026-08-25 01:21:16,GB,Legacy Oracle EBS,E,DER-001,Dermacare GlowSerum,Aesthetic,Dermacare,Pharmacy/B2B,8,27.35,GBP,0.0,218.8,218.8
TXN-GB-1-000180,2026-08-25 02:40:52,2026-08-25 02:42:52,GB,Legacy Oracle EBS,E,DER-001,Dermacare GlowSerum,Aesthetic,Dermacare,D2C,5,27.35,GBP,0.2,136.75,109.4
TXN-GB-1-000181,2026-08-25 13:07:25,2026-08-25 13:12:25,GB,Legacy Oracle EBS,E,SAN-001,SanaPlus PainRelief,OTC,SanaPlus,Wholesale,7,8.12,GBP,0.0,56.84,56.84
TXN-GB-1-000182,2026-08-25 05:49:46,2026-08-25 05:50:46,GB,Legacy Oracle EBS,E,PUR-001,PureLife GlucoMonitor,Medical Device,PureLife,E-commerce,11,72.65,GBP,0.1,799.15,719.24
TXN-GB-1-000183,2026-08-25 03:23:41,2026-08-25 03:29:41,GB,Legacy Oracle EBS,E,VIT-001,Vitalis C1000,Supplement,Vitalis,Wholesale,11,17.95,GBP,0.15,197.45,167.83
TXN-GB-1-000184,2026-08-25 00:31:10,2026-08-25 00:35:10,GB,Legacy Oracle EBS,E,SAN-002,SanaPlus ColdFlu,OTC,SanaPlus,Pharmacy/B2B,8,8.97,GBP,0.15,71.76,61.0
TXN-GB-1-000185,2026-08-25 14:45:13,2026-08-25 14:46:13,GB,Legacy Oracle EBS,E,VIT-001,Vitalis C1000,Supplement,Vitalis,E-commerce,3,17.95,GBP,0.1,53.85,48.47
TXN-GB-1-000186,2026-08-25 23:37:59,2026-08-25 23:39:59,GB,Legacy Oracle EBS,E,MED-001,Medora Cardio 10mg,Prescription,Medora,D2C,7,36.75,GBP,0.0,257.25,257.25
TXN-GB-1-000187,2026-08-25 10:18:50,2026-08-25 10:22:50,GB,Legacy Oracle EBS,E,PUR-001,PureLife GlucoMonitor,Medical Device,PureLife,D2C,4,72.65,GBP,0.15,290.6,247.01
TXN-GB-1-000188,2026-08-25 00:09:32,2026-08-25 00:12:32,GB,Legacy Oracle EBS,E,SAN-002,SanaPlus ColdFlu,OTC,SanaPlus,D2C,6,8.97,GBP,0.2,53.82,43.06
TXN-GB-1-000189,2026-08-25 12:22:58,2026-08-25 12:27:58,GB,Legacy Oracle EBS,E,SAN-002,SanaPlus ColdFlu,OTC,SanaPlus,Pharmacy/B2B,3,8.97,GBP,0.05,26.91,25.56
TXN-GB-1-000190,2026-08-25 07:43:39,2026-08-25 07:49:39,GB,Legacy Oracle EBS,E,SAN-002,SanaPlus ColdFlu,OTC,SanaPlus,Wholesale,1,8.97,GBP,0.05,8.97,8.52
TXN-GB-1-000191,2026-08-25 18:08:48,2026-08-25 18:12:48,GB,Legacy Oracle EBS,E,PUR-001,PureLife GlucoMonitor,Medical Device,PureLife,D2C,4,72.65,GBP,0.0,290.6,290.6
TXN-GB-1-000192,2026-08-25 23:31:34,2026-08-25 23:33:34,GB,Legacy Oracle EBS,E,DER-002,Dermacare LiftCream,Aesthetic,Dermacare,Wholesale,4,31.62,GBP,0.1,126.48,113.83
TXN-GB-1-000193,2026-08-25 21:52:02,2026-08-25 21:53:02,GB,Legacy Oracle EBS,E,SAN-001,SanaPlus PainRelief,OTC,SanaPlus,Wholesale,1,8.12,GBP,0.0,8.12,8.12
TXN-GB-1-000194,2026-08-25 18:54:58,2026-08-25 18:56:58,GB,Legacy Oracle EBS,E,VIT-002,Vitalis Multivit,Supplement,Vitalis,Wholesale,10,14.53,GBP,0.05,145.3,138.03
TXN-GB-1-000195,2026-08-25 05:10:27,2026-08-25 05:14:27,GB,Legacy Oracle EBS,E,PUR-002,PureLife BP Monitor,Medical Device,PureLife,Pharmacy/B2B,3,76.92,GBP,0.15,230.76,196.15
TXN-GB-1-000196,2026-08-25 06:41:25,2026-08-25 06:43:25,GB,Legacy Oracle EBS,E,MED-001,Medora Cardio 10mg,Prescription,Medora,Wholesale,6,36.75,GBP,0.0,220.5,220.5
TXN-GB-1-000197,2026-08-25 00:51:02,2026-08-25 00:55:02,GB,Legacy Oracle EBS,E,MED-002,Medora Derm Cream,Prescription,Medora,Wholesale,10,22.22,GBP,0.0,222.2,222.2
TXN-GB-1-000198,2026-08-25 15:42:59,2026-08-25 15:48:59,GB,Legacy Oracle EBS,E,DER-002,Dermacare LiftCream,Aesthetic,Dermacare,Pharmacy/B2B,12,31.62,GBP,0.0,379.44,379.44
TXN-GB-1-000199,2026-08-25 12:24:24,2026-08-25 12:30:24,GB,Legacy Oracle EBS,E,MED-002,Medora Derm Cream,Prescription,Medora,E-commerce,1,22.22,GBP,0.0,22.22,22.22
TXN-GB-1-000200,2026-08-25 07:32:38,2026-08-25 07:37:38,GB,Legacy Oracle EBS,E,VIT-002,Vitalis Multivit,Supplement,Vitalis,D2C,5,14.53,GBP,0.1,72.65,65.39
TXN-GB-1-000201,2026-08-25 01:12:26,2026-08-25 01:16:26,GB,Legacy Oracle EBS,E,DER-001,Dermacare GlowSerum,Aesthetic,Dermacare,Wholesale,3,27.35,GBP,0.0,82.05,82.05
TXN-GB-1-000202,2026-08-25 13:55:20,2026-08-25 13:57:20,GB,Legacy Oracle EBS,E,MED-002,Medora Derm Cream,Prescription,Medora,E-commerce,11,22.22,GBP,0.0,244.42,244.42
TXN-GB-1-000203,2026-08-25 08:25:05,2026-08-25 08:30:05,GB,Legacy Oracle EBS,E,MED-002,Medora Derm Cream,Prescription,Medora,E-commerce,10,22.22,GBP,0.05,222.2,211.09
TXN-GB-1-000204,2026-08-25 23:37:19,2026-08-25 23:42:19,GB,Legacy Oracle EBS,E,VIT-001,Vitalis C1000,Supplement,Vitalis,Pharmacy/B2B,1,17.95,GBP,0.2,17.95,14.36
TXN-GB-1-000205,2026-08-25 12:16:34,2026-08-25 12:18:34,GB,Legacy Oracle EBS,E,MED-001,Medora Cardio 10mg,Prescription,Medora,Wholesale,2,36.75,GBP,0.0,73.5,73.5
TXN-GB-1-000206,2026-08-25 06:18:39,2026-08-25 06:22:39,GB,Legacy Oracle EBS,E,MED-001,Medora Cardio 10mg,Prescription,Medora,Pharmacy/B2B,9,36.75,GBP,0.0,330.75,330.75
TXN-GB-1-000207,2026-08-25 05:17:27,2026-08-25 05:22:27,GB,Legacy Oracle EBS,E,VIT-002,Vitalis Multivit,Supplement,Vitalis,Wholesale,8,14.53,GBP,0.15,116.24,98.8
TXN-GB-1-000208,2026-08-25 10:11:04,2026-08-25 10:13:04,GB,Legacy Oracle EBS,E,DER-002,Dermacare LiftCream,Aesthetic,Dermacare,Pharmacy/B2B,6,31.62,GBP,0.0,189.72,189.72
TXN-GB-1-000209,2026-08-25 22:35:22,2026-08-25 22:40:22,GB,Legacy Oracle EBS,E,SAN-002,SanaPlus ColdFlu,OTC,SanaPlus,Wholesale,12,8.97,GBP,0.1,107.64,96.88
TXN-GB-1-000210,2026-08-25 19:29:42,2026-08-25 19:33:42,GB,Legacy Oracle EBS,E,VIT-001,Vitalis C1000,Supplement,Vitalis,E-commerce,1,17.95,GBP,0.05,17.95,17.05
TXN-GB-1-000211,2026-08-25 07:02:44,2026-08-25 07:04:44,GB,Legacy Oracle EBS,E,VIT-001,Vitalis C1000,Supplement,Vitalis,Pharmacy/B2B,2,17.95,GBP,0.0,35.9,35.9
TXN-GB-1-000212,2026-08-25 15:20:32,2026-08-25 15:25:32,GB,Legacy Oracle EBS,E,PUR-001,PureLife GlucoMonitor,Medical Device,PureLife,Pharmacy/B2B,5,72.65,GBP,0.0,363.25,363.25
TXN-GB-1-000213,2026-08-25 15:08:40,2026-08-25 15:14:40,GB,Legacy Oracle EBS,E,DER-001,Dermacare GlowSerum,Aesthetic,Dermacare,D2C,9,27.35,GBP,0.1,246.15,221.53
TXN-GB-1-000214,2026-08-25 11:47:53,2026-08-25 11:49:53,GB,Legacy Oracle EBS,E,SAN-001,SanaPlus PainRelief,OTC,SanaPlus,Wholesale,7,8.12,GBP,0.0,56.84,56.84
TXN-GB-1-000215,2026-08-25 20:40:31,2026-08-25 20:44:31,GB,Legacy Oracle EBS,E,MED-001,Medora Cardio 10mg,Prescription,Medora,Wholesale,5,36.75,GBP,0.05,183.75,174.56
TXN-GB-1-000216,2026-08-25 05:39:58,2026-08-25 05:45:58,GB,Legacy Oracle EBS,E,SAN-001,SanaPlus PainRelief,OTC,SanaPlus,D2C,3,8.12,GBP,0.0,24.36,24.36
TXN-GB-1-000217,2026-08-25 16:47:08,2026-08-25 16:49:08,GB,Legacy Oracle EBS,E,DER-002,Dermacare LiftCream,Aesthetic,Dermacare,Wholesale,12,31.62,GBP,0.0,379.44,379.44
TXN-GB-1-000218,2026-08-25 17:05:08,2026-08-25 17:09:08,GB,Legacy Oracle EBS,E,PUR-001,PureLife GlucoMonitor,Medical Device,PureLife,D2C,1,72.65,GBP,0.05,72.65,69.02
TXN-GB-1-000219,2026-08-25 00:07:52,2026-08-25 00:13:52,GB,Legacy Oracle EBS,E,PUR-002,PureLife BP Monitor,Medical Device,PureLife,D2C,7,76.92,GBP,0.0,538.44,538.44
TXN-GB-1-000220,2026-08-25 17:25:24,2026-08-25 17:29:24,GB,Legacy Oracle EBS,E,DER-002,Dermacare LiftCream,Aesthetic,Dermacare,Pharmacy/B2B,7,31.62,GBP,0.0,221.34,221.34
TXN-GB-1-000221,2026-08-25 05:10:48,2026-08-25 05:15:48,GB,Legacy Oracle EBS,E,PUR-001,PureLife GlucoMonitor,Medical Device,PureLife,Wholesale,3,72.65,GBP,0.1,217.95,196.16
TXN-GB-1-000222,2026-08-25 11:09:09,2026-08-25 11:11:09,GB,Legacy Oracle EBS,E,DER-001,Dermacare GlowSerum,Aesthetic,Dermacare,Pharmacy/B2B,10,27.35,GBP,0.0,273.5,273.5
TXN-GB-1-000223,2026-08-25 18:39:53,2026-08-25 18:41:53,GB,Legacy Oracle EBS,E,DER-001,Dermacare GlowSerum,Aesthetic,Dermacare,Pharmacy/B2B,12,27.35,GBP,0.15,328.2,278.97
TXN-GB-1-000224,2026-08-25 13:45:00,2026-08-25 13:48:00,GB,Legacy Oracle EBS,E,MED-002,Medora Derm Cream,Prescription,Medora,Wholesale,1,22.22,GBP,0.0,22.22,22.22
TXN-GB-1-000225,2026-08-25 12:26:14,2026-08-25 12:28:14,GB,Legacy Oracle EBS,E,DER-002,Dermacare LiftCream,Aesthetic,Dermacare,Pharmacy/B2B,11,31.62,GBP,0.1,347.82,313.04
TXN-GB-1-000226,2026-08-25 15:26:46,2026-08-25 15:27:46,GB,Legacy Oracle EBS,E,SAN-002,SanaPlus ColdFlu,OTC,SanaPlus,Wholesale,12,8.97,GBP,0.15,107.64,91.49
TXN-GB-1-000227,2026-08-25 14:29:02,2026-08-25 14:34:02,GB,Legacy Oracle EBS,E,PUR-001,PureLife GlucoMonitor,Medical Device,PureLife,Pharmacy/B2B,4,72.65,GBP,0.0,290.6,290.6
TXN-GB-1-000228,2026-08-25 23:20:51,2026-08-25 23:24:51,GB,Legacy Oracle EBS,E,DER-001,Dermacare GlowSerum,Aesthetic,Dermacare,D2C,8,27.35,GBP,0.2,218.8,175.04
TXN-GB-1-000229,2026-08-25 21:00:58,2026-08-25 21:03:58,GB,Legacy Oracle EBS,E,MED-002,Medora Derm Cream,Prescription,Medora,E-commerce,8,22.22,GBP,0.1,177.76,159.98
TXN-GB-1-000230,2026-08-25 19:04:01,2026-08-25 19:06:01,GB,Legacy Oracle EBS,E,MED-002,Medora Derm Cream,Prescription,Medora,E-commerce,5,22.22,GBP,0.0,111.1,111.1
TXN-GB-1-000231,2026-08-25 20:16:00,2026-08-25 20:22:00,GB,Legacy Oracle EBS,E,SAN-002,SanaPlus ColdFlu,OTC,SanaPlus,E-commerce,6,8.97,GBP,0.15,53.82,45.75
TXN-GB-1-000232,2026-08-25 09:49:56,2026-08-25 09:50:56,GB,Legacy Oracle EBS,E,DER-001,Dermacare GlowSerum,Aesthetic,Dermacare,Pharmacy/B2B,2,27.35,GBP,0.1,54.7,49.23
TXN-GB-1-000233,2026-08-25 21:59:18,2026-08-25 22:00:18,GB,Legacy Oracle EBS,E,PUR-002,PureLife BP Monitor,Medical Device,PureLife,D2C,9,76.92,GBP,0.0,692.28,692.28
TXN-GB-1-000234,2026-08-25 19:00:58,2026-08-25 19:04:58,GB,Legacy Oracle EBS,E,MED-001,Medora Cardio 10mg,Prescription,Medora,Pharmacy/B2B,8,36.75,GBP,0.0,294.0,294.0
TXN-GB-1-000235,2026-08-25 18:43:48,2026-08-25 18:49:48,GB,Legacy Oracle EBS,E,DER-001,Dermacare GlowSerum,Aesthetic,Dermacare,Wholesale,2,27.35,GBP,0.0,54.7,54.7
TXN-GB-1-000236,2026-08-25 06:12:34,2026-08-25 06:13:34,GB,Legacy Oracle EBS,E,DER-002,Dermacare LiftCream,Aesthetic,Dermacare,Wholesale,11,31.62,GBP,0.0,347.82,347.82
TXN-GB-1-000237,2026-08-25 01:59:44,2026-08-25 02:03:44,GB,Legacy Oracle EBS,E,SAN-001,SanaPlus PainRelief,OTC,SanaPlus,Pharmacy/B2B,5,8.12,GBP,0.0,40.6,40.6
TXN-GB-1-000238,2026-08-25 08:11:22,2026-08-25 08:15:22,GB,Legacy Oracle EBS,E,PUR-001,PureLife GlucoMonitor,Medical Device,PureLife,D2C,12,72.65,GBP,0.05,871.8,828.21
TXN-GB-1-000239,2026-08-25 21:44:23,2026-08-25 21:48:23,GB,Legacy Oracle EBS,E,DER-002,Dermacare LiftCream,Aesthetic,Dermacare,E-commerce,11,31.62,GBP,0.0,347.82,347.82
TXN-GB-1-000240,2026-08-25 15:00:38,2026-08-25 15:01:38,GB,Legacy Oracle EBS,E,MED-001,Medora Cardio 10mg,Prescription,Medora,D2C,2,36.75,GBP,0.0,73.5,73.5
TXN-GB-1-000241,2026-08-25 01:16:25,2026-08-25 01:21:25,GB,Legacy Oracle EBS,E,MED-001,Medora Cardio 10mg,Prescription,Medora,Pharmacy/B2B,11,36.75,GBP,0.05,404.25,384.04
TXN-GB-1-000242,2026-08-25 01:51:24,2026-08-25 01:52:24,GB,Legacy Oracle EBS,E,DER-002,Dermacare LiftCream,Aesthetic,Dermacare,D2C,1,31.62,GBP,0.15,31.62,26.88
TXN-GB-1-000243,2026-08-25 06:25:48,2026-08-25 06:26:48,GB,Legacy Oracle EBS,E,SAN-002,SanaPlus ColdFlu,OTC,SanaPlus,Pharmacy/B2B,3,8.97,GBP,0.0,26.91,26.91
TXN-GB-1-000244,2026-08-25 10:31:27,2026-08-25 10:36:27,GB,Legacy Oracle EBS,E,DER-002,Dermacare LiftCream,Aesthetic,Dermacare,E-commerce,11,31.62,GBP,0.2,347.82,278.26
TXN-GB-1-000245,2026-08-25 22:49:05,2026-08-25 22:51:05,GB,Legacy Oracle EBS,E,PUR-002,PureLife BP Monitor,Medical Device,PureLife,E-commerce,1,76.92,GBP,0.0,76.92,76.92
TXN-GB-1-000246,2026-08-25 00:26:06,2026-08-25 00:32:06,GB,Legacy Oracle EBS,E,VIT-001,Vitalis C1000,Supplement,Vitalis,Wholesale,6,17.95,GBP,0.1,107.7,96.93
TXN-GB-1-000247,2026-08-25 21:57:22,2026-08-25 22:01:22,GB,Legacy Oracle EBS,E,SAN-001,SanaPlus PainRelief,OTC,SanaPlus,Wholesale,11,8.12,GBP,0.15,89.32,75.92
TXN-GB-1-000248,2026-08-25 23:48:34,2026-08-25 23:54:34,GB,Legacy Oracle EBS,E,SAN-002,SanaPlus ColdFlu,OTC,SanaPlus,E-commerce,10,8.97,GBP,0.05,89.7,85.22
TXN-GB-1-000249,2026-08-25 11:41:52,2026-08-25 11:46:52,GB,Legacy Oracle EBS,E,DER-002,Dermacare LiftCream,Aesthetic,Dermacare,D2C,5,31.62,GBP,0.2,158.1,126.48
TXN-GB-1-000250,2026-08-25 06:04:48,2026-08-25 06:07:48,GB,Legacy Oracle EBS,E,VIT-001,Vitalis C1000,Supplement,Vitalis,Wholesale,11,17.95,GBP,0.15,197.45,167.83
TXN-GB-1-000251,2026-08-25 22:24:38,2026-08-25 22:30:38,GB,Legacy Oracle EBS,E,SAN-001,SanaPlus PainRelief,OTC,SanaPlus,E-commerce,1,8.12,GBP,0.0,8.12,8.12
TXN-GB-1-000252,2026-08-25 03:02:08,2026-08-25 03:06:08,GB,Legacy Oracle EBS,E,SAN-001,SanaPlus PainRelief,OTC,SanaPlus,Pharmacy/B2B,6,8.12,GBP,0.2,48.72,38.98
TXN-GB-1-000253,2026-08-25 07:41:20,2026-08-25 07:45:20,GB,Legacy Oracle EBS,E,SAN-001,SanaPlus PainRelief,OTC,SanaPlus,Pharmacy/B2B,11,8.12,GBP,0.2,89.32,71.46
TXN-GB-1-000254,2026-08-25 13:20:23,2026-08-25 13:21:23,GB,Legacy Oracle EBS,E,VIT-002,Vitalis Multivit,Supplement,Vitalis,E-commerce,8,14.53,GBP,0.2,116.24,92.99
TXN-GB-1-000255,2026-08-25 22:18:15,2026-08-25 22:20:15,GB,Legacy Oracle EBS,E,DER-002,Dermacare LiftCream,Aesthetic,Dermacare,Wholesale,7,31.62,GBP,0.15,221.34,188.14
TXN-GB-1-000256,2026-08-25 20:52:40,2026-08-25 20:58:40,GB,Legacy Oracle EBS,E,PUR-002,PureLife BP Monitor,Medical Device,PureLife,Wholesale,7,76.92,GBP,0.1,538.44,484.6
TXN-GB-1-000257,2026-08-25 04:11:41,2026-08-25 04:17:41,GB,Legacy Oracle EBS,E,DER-001,Dermacare GlowSerum,Aesthetic,Dermacare,Pharmacy/B2B,9,27.35,GBP,0.0,246.15,246.15
TXN-GB-1-000258,2026-08-25 12:30:23,2026-08-25 12:34:23,GB,Legacy Oracle EBS,E,MED-002,Medora Derm Cream,Prescription,Medora,Wholesale,5,22.22,GBP,0.1,111.1,99.99
TXN-GB-1-000259,2026-08-25 23:55:53,2026-08-25 23:56:53,GB,Legacy Oracle EBS,E,SAN-002,SanaPlus ColdFlu,OTC,SanaPlus,D2C,10,8.97,GBP,0.15,89.7,76.25
TXN-GB-1-000260,2026-08-25 14:14:07,2026-08-25 14:19:07,GB,Legacy Oracle EBS,E,PUR-001,PureLife GlucoMonitor,Medical Device,PureLife,Pharmacy/B2B,5,72.65,GBP,0.0,363.25,363.25
TXN-GB-1-000261,2026-08-25 21:25:00,2026-08-25 21:30:00,GB,Legacy Oracle EBS,E,MED-001,Medora Cardio 10mg,Prescription,Medora,Pharmacy/B2B,4,36.75,GBP,0.2,147.0,117.6
TXN-GB-1-000262,2026-08-25 12:17:04,2026-08-25 12:22:04,GB,Legacy Oracle EBS,E,DER-001,Dermacare GlowSerum,Aesthetic,Dermacare,E-commerce,5,27.35,GBP,0.15,136.75,116.24
TXN-GB-1-000263,2026-08-25 01:38:35,2026-08-25 01:44:35,GB,Legacy Oracle EBS,E,SAN-002,SanaPlus ColdFlu,OTC,SanaPlus,Wholesale,5,8.97,GBP,0.0,44.85,44.85
TXN-GB-1-000264,2026-08-25 12:02:25,2026-08-25 12:03:25,GB,Legacy Oracle EBS,E,PUR-002,PureLife BP Monitor,Medical Device,PureLife,Wholesale,4,76.92,GBP,0.0,307.68,307.68
TXN-GB-1-000265,2026-08-25 09:24:33,2026-08-25 09:27:33,GB,Legacy Oracle EBS,E,VIT-002,Vitalis Multivit,Supplement,Vitalis,D2C,3,14.53,GBP,0.05,43.59,41.41
TXN-GB-1-000266,2026-08-25 21:31:24,2026-08-25 21:32:24,GB,Legacy Oracle EBS,E,MED-002,Medora Derm Cream,Prescription,Medora,Pharmacy/B2B,2,22.22,GBP,0.15,44.44,37.77
TXN-GB-1-000267,2026-08-25 02:03:58,2026-08-25 02:09:58,GB,Legacy Oracle EBS,E,PUR-001,PureLife GlucoMonitor,Medical Device,PureLife,D2C,12,72.65,GBP,0.2,871.8,697.44
TXN-GB-1-000268,2026-08-25 02:34:42,2026-08-25 02:39:42,GB,Legacy Oracle EBS,E,SAN-001,SanaPlus PainRelief,OTC,SanaPlus,Wholesale,11,8.12,GBP,0.05,89.32,84.85
TXN-GB-1-000269,2026-08-25 18:37:46,2026-08-25 18:42:46,GB,Legacy Oracle EBS,E,PUR-001,PureLife GlucoMonitor,Medical Device,PureLife,D2C,10,72.65,GBP,0.0,726.5,726.5
TXN-GB-1-000270,2026-08-25 06:02:30,2026-08-25 06:03:30,GB,Legacy Oracle EBS,E,VIT-002,Vitalis Multivit,Supplement,Vitalis,D2C,10,14.53,GBP,0.05,145.3,138.03
TXN-GB-1-000271,2026-08-25 04:17:18,2026-08-25 04:22:18,GB,Legacy Oracle EBS,E,VIT-002,Vitalis Multivit,Supplement,Vitalis,Pharmacy/B2B,11,14.53,GBP,0.05,159.83,151.84
TXN-GB-1-000272,2026-08-25 07:13:45,2026-08-25 07:19:45,GB,Legacy Oracle EBS,E,SAN-001,SanaPlus PainRelief,OTC,SanaPlus,Pharmacy/B2B,1,8.12,GBP,0.0,8.12,8.12
TXN-GB-1-000273,2026-08-25 05:22:52,2026-08-25 05:28:52,GB,Legacy Oracle EBS,E,DER-001,Dermacare GlowSerum,Aesthetic,Dermacare,D2C,3,27.35,GBP,0.0,82.05,82.05
TXN-GB-1-000274,2026-08-25 22:26:06,2026-08-25 22:30:06,GB,Legacy Oracle EBS,E,VIT-001,Vitalis C1000,Supplement,Vitalis,Pharmacy/B2B,6,17.95,GBP,0.2,107.7,86.16
TXN-GB-1-000275,2026-08-25 12:05:00,2026-08-25 12:08:00,GB,Legacy Oracle EBS,E,PUR-001,PureLife GlucoMonitor,Medical Device,PureLife,E-commerce,10,72.65,GBP,0.1,726.5,653.85
TXN-GB-1-000276,2026-08-25 17:37:54,2026-08-25 17:42:54,GB,Legacy Oracle EBS,E,MED-002,Medora Derm Cream,Prescription,Medora,E-commerce,2,22.22,GBP,0.2,44.44,35.55
TXN-GB-1-000277,2026-08-25 10:15:51,2026-08-25 10:19:51,GB,Legacy Oracle EBS,E,SAN-001,SanaPlus PainRelief,OTC,SanaPlus,D2C,8,8.12,GBP,0.0,64.96,64.96
TXN-GB-1-000278,2026-08-25 14:04:31,2026-08-25 14:05:31,GB,Legacy Oracle EBS,E,SAN-001,SanaPlus PainRelief,OTC,SanaPlus,E-commerce,10,8.12,GBP,0.0,81.2,81.2
TXN-GB-1-000279,2026-08-25 16:35:25,2026-08-25 16:36:25,GB,Legacy Oracle EBS,E,DER-002,Dermacare LiftCream,Aesthetic,Dermacare,D2C,11,31.62,GBP,0.05,347.82,330.43
TXN-GB-1-000280,2026-08-25 06:33:44,2026-08-25 06:34:44,GB,Legacy Oracle EBS,E,SAN-001,SanaPlus PainRelief,OTC,SanaPlus,Wholesale,2,8.12,GBP,0.05,16.24,15.43
TXN-GB-1-000281,2026-08-25 06:40:07,2026-08-25 06:44:07,GB,Legacy Oracle EBS,E,SAN-002,SanaPlus ColdFlu,OTC,SanaPlus,Pharmacy/B2B,5,8.97,GBP,0.0,44.85,44.85
TXN-GB-1-000282,2026-08-25 05:14:41,2026-08-25 05:19:41,GB,Legacy Oracle EBS,E,VIT-001,Vitalis C1000,Supplement,Vitalis,Wholesale,8,17.95,GBP,0.2,143.6,114.88
TXN-GB-1-000283,2026-08-25 15:34:40,2026-08-25 15:39:40,GB,Legacy Oracle EBS,E,PUR-001,PureLife GlucoMonitor,Medical Device,PureLife,Wholesale,10,72.65,GBP,0.1,726.5,653.85
TXN-GB-1-000284,2026-08-25 19:06:18,2026-08-25 19:10:18,GB,Legacy Oracle EBS,E,DER-002,Dermacare LiftCream,Aesthetic,Dermacare,D2C,5,31.62,GBP,0.0,158.1,158.1
TXN-GB-1-000285,2026-08-25 11:59:33,2026-08-25 12:04:33,GB,Legacy Oracle EBS,E,SAN-001,SanaPlus PainRelief,OTC,SanaPlus,Wholesale,5,8.12,GBP,0.0,40.6,40.6
TXN-GB-1-000286,2026-08-25 08:34:40,2026-08-25 08:37:40,GB,Legacy Oracle EBS,E,MED-001,Medora Cardio 10mg,Prescription,Medora,Pharmacy/B2B,10,36.75,GBP,0.0,367.5,367.5
TXN-GB-1-000287,2026-08-25 21:09:44,2026-08-25 21:15:44,GB,Legacy Oracle EBS,E,VIT-002,Vitalis Multivit,Supplement,Vitalis,Wholesale,1,14.53,GBP,0.15,14.53,12.35
TXN-GB-1-000288,2026-08-25 11:57:10,2026-08-25 12:02:10,GB,Legacy Oracle EBS,E,DER-001,Dermacare GlowSerum,Aesthetic,Dermacare,E-commerce,12,27.35,GBP,0.05,328.2,311.79
TXN-GB-1-000289,2026-08-25 12:07:10,2026-08-25 12:13:10,GB,Legacy Oracle EBS,E,MED-002,Medora Derm Cream,Prescription,Medora,E-commerce,5,22.22,GBP,0.05,111.1,105.54
TXN-GB-1-000290,2026-08-25 09:04:22,2026-08-25 09:09:22,GB,Legacy Oracle EBS,E,PUR-002,PureLife BP Monitor,Medical Device,PureLife,Pharmacy/B2B,2,76.92,GBP,0.0,153.84,153.84
TXN-GB-1-000291,2026-08-25 10:09:02,2026-08-25 10:14:02,GB,Legacy Oracle EBS,E,SAN-001,SanaPlus PainRelief,OTC,SanaPlus,D2C,8,8.12,GBP,0.1,64.96,58.46
TXN-GB-1-000292,2026-08-25 08:49:32,2026-08-25 08:53:32,GB,Legacy Oracle EBS,E,SAN-002,SanaPlus ColdFlu,OTC,SanaPlus,Wholesale,2,8.97,GBP,0.0,17.94,17.94
TXN-GB-1-000293,2026-08-25 13:06:44,2026-08-25 13:10:44,GB,Legacy Oracle EBS,E,PUR-001,PureLife GlucoMonitor,Medical Device,PureLife,Wholesale,3,72.65,GBP,0.15,217.95,185.26
TXN-GB-1-000294,2026-08-25 04:49:02,2026-08-25 04:55:02,GB,Legacy Oracle EBS,E,VIT-002,Vitalis Multivit,Supplement,Vitalis,Pharmacy/B2B,8,14.53,GBP,0.0,116.24,116.24
TXN-GB-1-000295,2026-08-25 23:55:44,2026-08-25 23:59:44,GB,Legacy Oracle EBS,E,SAN-002,SanaPlus ColdFlu,OTC,SanaPlus,D2C,9,8.97,GBP,0.0,80.73,80.73
TXN-GB-1-000296,2026-08-25 11:30:28,2026-08-25 11:32:28,GB,Legacy Oracle EBS,E,MED-002,Medora Derm Cream,Prescription,Medora,Wholesale,1,22.22,GBP,0.0,22.22,22.22
TXN-GB-1-000297,2026-08-25 04:45:09,2026-08-25 04:49:09,GB,Legacy Oracle EBS,E,SAN-001,SanaPlus PainRelief,OTC,SanaPlus,E-commerce,4,8.12,GBP,0.0,32.48,32.48
TXN-GB-1-000298,2026-08-25 07:45:41,2026-08-25 07:49:41,GB,Legacy Oracle EBS,E,VIT-001,Vitalis C1000,Supplement,Vitalis,Wholesale,2,17.95,GBP,0.1,35.9,32.31
TXN-GB-1-000299,2026-08-25 15:04:04,2026-08-25 15:10:04,GB,Legacy Oracle EBS,E,VIT-001,Vitalis C1000,Supplement,Vitalis,D2C,5,17.95,GBP,0.05,89.75,85.26
TXN-GB-1-000300,2026-08-25 12:49:16,2026-08-25 12:53:16,GB,Legacy Oracle EBS,E,VIT-002,Vitalis Multivit,Supplement,Vitalis,Pharmacy/B2B,2,14.53,GBP,0.0,29.06,29.06
TXN-GB-1-000301,2026-08-25 22:46:31,2026-08-25 22:47:31,GB,Legacy Oracle EBS,E,VIT-002,Vitalis Multivit,Supplement,Vitalis,Pharmacy/B2B,8,14.53,GBP,0.1,116.24,104.62
TXN-GB-1-000302,2026-08-25 06:46:20,2026-08-25 06:51:20,GB,Legacy Oracle EBS,E,DER-002,Dermacare LiftCream,Aesthetic,Dermacare,Pharmacy/B2B,7,31.62,GBP,0.05,221.34,210.27
TXN-GB-1-000303,2026-08-25 02:49:27,2026-08-25 02:52:27,GB,Legacy Oracle EBS,E,SAN-001,SanaPlus PainRelief,OTC,SanaPlus,D2C,10,8.12,GBP,0.2,81.2,64.96
TXN-GB-1-000304,2026-08-25 18:35:32,2026-08-25 18:38:32,GB,Legacy Oracle EBS,E,PUR-001,PureLife GlucoMonitor,Medical Device,PureLife,Wholesale,7,72.65,GBP,0.0,508.55,508.55
TXN-GB-1-000305,2026-08-25 12:52:32,2026-08-25 12:56:32,GB,Legacy Oracle EBS,E,SAN-002,SanaPlus ColdFlu,OTC,SanaPlus,D2C,2,8.97,GBP,0.1,17.94,16.15
TXN-GB-1-000306,2026-08-25 01:02:44,2026-08-25 01:04:44,GB,Legacy Oracle EBS,E,PUR-001,PureLife GlucoMonitor,Medical Device,PureLife,E-commerce,6,72.65,GBP,0.0,435.9,435.9
TXN-GB-1-000307,2026-08-25 02:46:04,2026-08-25 02:48:04,GB,Legacy Oracle EBS,E,PUR-001,PureLife GlucoMonitor,Medical Device,PureLife,Wholesale,7,72.65,GBP,0.1,508.55,457.69
TXN-GB-1-000308,2026-08-25 01:30:39,2026-08-25 01:33:39,GB,Legacy Oracle EBS,E,PUR-002,PureLife BP Monitor,Medical Device,PureLife,D2C,7,76.92,GBP,0.1,538.44,484.6
TXN-GB-1-000309,2026-08-25 22:03:13,2026-08-25 22:08:13,GB,Legacy Oracle EBS,E,SAN-001,SanaPlus PainRelief,OTC,SanaPlus,E-commerce,9,8.12,GBP,0.1,73.08,65.77
TXN-GB-1-000310,2026-08-25 05:41:29,2026-08-25 05:47:29,GB,Legacy Oracle EBS,E,PUR-001,PureLife GlucoMonitor,Medical Device,PureLife,D2C,8,72.65,GBP,0.0,581.2,581.2
TXN-GB-1-000311,2026-08-25 11:57:15,2026-08-25 11:59:15,GB,Legacy Oracle EBS,E,MED-001,Medora Cardio 10mg,Prescription,Medora,E-commerce,2,36.75,GBP,0.15,73.5,62.48
TXN-GB-1-000312,2026-08-25 08:01:04,2026-08-25 08:07:04,GB,Legacy Oracle EBS,E,VIT-001,Vitalis C1000,Supplement,Vitalis,Wholesale,2,17.95,GBP,0.2,35.9,28.72
TXN-GB-1-000313,2026-08-25 06:06:05,2026-08-25 06:08:05,GB,Legacy Oracle EBS,E,VIT-001,Vitalis C1000,Supplement,Vitalis,Pharmacy/B2B,4,17.95,GBP,0.2,71.8,57.44
TXN-GB-1-000314,2026-08-25 15:45:00,2026-08-25 15:49:00,GB,Legacy Oracle EBS,E,PUR-001,PureLife GlucoMonitor,Medical Device,PureLife,Wholesale,5,72.65,GBP,0.0,363.25,363.25
TXN-GB-1-000315,2026-08-25 16:06:41,2026-08-25 16:12:41,GB,Legacy Oracle EBS,E,DER-002,Dermacare LiftCream,Aesthetic,Dermacare,Wholesale,3,31.62,GBP,0.05,94.86,90.12
TXN-GB-1-000316,2026-08-25 19:43:05,2026-08-25 19:49:05,GB,Legacy Oracle EBS,E,SAN-002,SanaPlus ColdFlu,OTC,SanaPlus,E-commerce,8,8.97,GBP,0.0,71.76,71.76
TXN-GB-1-000317,2026-08-25 19:16:01,2026-08-25 19:20:01,GB,Legacy Oracle EBS,E,DER-001,Dermacare GlowSerum,Aesthetic,Dermacare,Pharmacy/B2B,12,27.35,GBP,0.0,328.2,328.2
TXN-GB-1-000318,2026-08-25 05:26:40,2026-08-25 05:27:40,GB,Legacy Oracle EBS,E,PUR-001,PureLife GlucoMonitor,Medical Device,PureLife,Wholesale,8,72.65,GBP,0.1,581.2,523.08
TXN-GB-1-000319,2026-08-25 08:14:47,2026-08-25 08:17:47,GB,Legacy Oracle EBS,E,DER-002,Dermacare LiftCream,Aesthetic,Dermacare,Pharmacy/B2B,12,31.62,GBP,0.0,379.44,379.44
TXN-GB-1-000320,2026-08-25 14:48:26,2026-08-25 14:50:26,GB,Legacy Oracle EBS,E,PUR-001,PureLife GlucoMonitor,Medical Device,PureLife,E-commerce,4,72.65,GBP,0.0,290.6,290.6
TXN-GB-1-000321,2026-08-25 23:13:08,2026-08-25 23:19:08,GB,Legacy Oracle EBS,E,SAN-002,SanaPlus ColdFlu,OTC,SanaPlus,D2C,8,8.97,GBP,0.0,71.76,71.76
TXN-GB-1-000322,2026-08-25 12:27:22,2026-08-25 12:31:22,GB,Legacy Oracle EBS,E,VIT-001,Vitalis C1000,Supplement,Vitalis,E-commerce,11,17.95,GBP,0.0,197.45,197.45
TXN-GB-1-000323,2026-08-25 16:29:24,2026-08-25 16:33:24,GB,Legacy Oracle EBS,E,MED-001,Medora Cardio 10mg,Prescription,Medora,Pharmacy/B2B,5,36.75,GBP,0.0,183.75,183.75
TXN-GB-1-000324,2026-08-25 07:45:13,2026-08-25 07:48:13,GB,Legacy Oracle EBS,E,PUR-001,PureLife GlucoMonitor,Medical Device,PureLife,D2C,12,72.65,GBP,0.1,871.8,784.62
TXN-GB-1-000325,2026-08-25 17:06:19,2026-08-25 17:08:19,GB,Legacy Oracle EBS,E,MED-001,Medora Cardio 10mg,Prescription,Medora,E-commerce,8,36.75,GBP,0.0,294.0,294.0
TXN-GB-1-000326,2026-08-25 23:09:25,2026-08-25 23:15:25,GB,Legacy Oracle EBS,E,VIT-001,Vitalis C1000,Supplement,Vitalis,E-commerce,9,17.95,GBP,0.0,161.55,161.55
TXN-GB-1-000327,2026-08-25 16:19:01,2026-08-25 16:20:01,GB,Legacy Oracle EBS,E,SAN-001,SanaPlus PainRelief,OTC,SanaPlus,E-commerce,5,8.12,GBP,0.0,40.6,40.6
TXN-GB-1-000328,2026-08-25 05:32:54,2026-08-25 05:35:54,GB,Legacy Oracle EBS,E,SAN-002,SanaPlus ColdFlu,OTC,SanaPlus,D2C,5,8.97,GBP,0.05,44.85,42.61
TXN-GB-1-000329,2026-08-25 18:58:35,2026-08-25 19:03:35,GB,Legacy Oracle EBS,E,VIT-002,Vitalis Multivit,Supplement,Vitalis,Wholesale,8,14.53,GBP,0.15,116.24,98.8
TXN-GB-1-000330,2026-08-25 01:24:29,2026-08-25 01:27:29,GB,Legacy Oracle EBS,E,MED-002,Medora Derm Cream,Prescription,Medora,Pharmacy/B2B,7,22.22,GBP,0.05,155.54,147.76
TXN-GB-1-000331,2026-08-25 20:18:47,2026-08-25 20:23:47,GB,Legacy Oracle EBS,E,MED-002,Medora Derm Cream,Prescription,Medora,D2C,10,22.22,GBP,0.05,222.2,211.09
TXN-GB-1-000332,2026-08-25 23:12:55,2026-08-25 23:15:55,GB,Legacy Oracle EBS,E,DER-001,Dermacare GlowSerum,Aesthetic,Dermacare,Wholesale,4,27.35,GBP,0.1,109.4,98.46
TXN-GB-1-000333,2026-08-25 14:14:05,2026-08-25 14:17:05,GB,Legacy Oracle EBS,E,DER-001,Dermacare GlowSerum,Aesthetic,Dermacare,Pharmacy/B2B,5,27.35,GBP,0.0,136.75,136.75
TXN-GB-1-000334,2026-08-25 18:44:48,2026-08-25 18:50:48,GB,Legacy Oracle EBS,E,SAN-001,SanaPlus PainRelief,OTC,SanaPlus,Wholesale,8,8.12,GBP,0.15,64.96,55.22
TXN-GB-1-000335,2026-08-25 08:18:39,2026-08-25 08:20:39,GB,Legacy Oracle EBS,E,VIT-001,Vitalis C1000,Supplement,Vitalis,E-commerce,10,17.95,GBP,0.2,179.5,143.6
TXN-GB-1-000336,2026-08-25 02:34:07,2026-08-25 02:40:07,GB,Legacy Oracle EBS,E,VIT-001,Vitalis C1000,Supplement,Vitalis,D2C,9,17.95,GBP,0.1,161.55,145.4
TXN-GB-1-000337,2026-08-25 12:01:32,2026-08-25 12:04:32,GB,Legacy Oracle EBS,E,PUR-001,PureLife GlucoMonitor,Medical Device,PureLife,Wholesale,12,72.65,GBP,0.05,871.8,828.21
TXN-GB-1-000338,2026-08-25 01:03:22,2026-08-25 01:04:22,GB,Legacy Oracle EBS,E,DER-001,Dermacare GlowSerum,Aesthetic,Dermacare,E-commerce,4,27.35,GBP,0.15,109.4,92.99
TXN-GB-1-000339,2026-08-25 22:23:24,2026-08-25 22:26:24,GB,Legacy Oracle EBS,E,SAN-002,SanaPlus ColdFlu,OTC,SanaPlus,D2C,3,8.97,GBP,0.05,26.91,25.56
TXN-GB-1-000340,2026-08-25 09:59:50,2026-08-25 10:00:50,GB,Legacy Oracle EBS,E,DER-002,Dermacare LiftCream,Aesthetic,Dermacare,Wholesale,1,31.62,GBP,0.15,31.62,26.88
TXN-GB-1-000341,2026-08-25 20:12:45,2026-08-25 20:17:45,GB,Legacy Oracle EBS,E,SAN-002,SanaPlus ColdFlu,OTC,SanaPlus,E-commerce,1,8.97,GBP,0.0,8.97,8.97
TXN-GB-1-000342,2026-08-25 04:41:18,2026-08-25 04:47:18,GB,Legacy Oracle EBS,E,MED-001,Medora Cardio 10mg,Prescription,Medora,E-commerce,4,36.75,GBP,0.1,147.0,132.3
TXN-GB-1-000343,2026-08-25 18:37:43,2026-08-25 18:38:43,GB,Legacy Oracle EBS,E,MED-002,Medora Derm Cream,Prescription,Medora,E-commerce,12,22.22,GBP,0.1,266.64,239.98
TXN-GB-1-000344,2026-08-25 18:09:38,2026-08-25 18:10:38,GB,Legacy Oracle EBS,E,DER-001,Dermacare GlowSerum,Aesthetic,Dermacare,E-commerce,9,27.35,GBP,0.0,246.15,246.15
TXN-GB-1-000345,2026-08-25 09:01:13,2026-08-25 09:04:13,GB,Legacy Oracle EBS,E,DER-001,Dermacare GlowSerum,Aesthetic,Dermacare,Pharmacy/B2B,6,27.35,GBP,0.1,164.1,147.69
TXN-GB-1-000346,2026-08-25 02:45:21,2026-08-25 02:46:21,GB,Legacy Oracle EBS,E,PUR-001,PureLife GlucoMonitor,Medical Device,PureLife,Pharmacy/B2B,2,72.65,GBP,0.0,145.3,145.3
TXN-GB-1-000347,2026-08-25 07:57:13,2026-08-25 07:59:13,GB,Legacy Oracle EBS,E,DER-002,Dermacare LiftCream,Aesthetic,Dermacare,D2C,4,31.62,GBP,0.0,126.48,126.48
TXN-GB-1-000348,2026-08-25 14:41:53,2026-08-25 14:45:53,GB,Legacy Oracle EBS,E,MED-001,Medora Cardio 10mg,Prescription,Medora,E-commerce,11,36.75,GBP,0.15,404.25,343.61
TXN-GB-1-000349,2026-08-25 16:22:42,2026-08-25 16:26:42,GB,Legacy Oracle EBS,E,VIT-001,Vitalis C1000,Supplement,Vitalis,Wholesale,2,17.95,GBP,0.0,35.9,35.9
TXN-GB-1-000350,2026-08-25 13:52:14,2026-08-25 13:55:14,GB,Legacy Oracle EBS,E,PUR-002,PureLife BP Monitor,Medical Device,PureLife,Wholesale,11,76.92,GBP,0.1,846.12,761.51
TXN-GB-1-000351,2026-08-25 13:24:06,2026-08-25 13:28:06,GB,Legacy Oracle EBS,E,PUR-002,PureLife BP Monitor,Medical Device,PureLife,D2C,6,76.92,GBP,0.05,461.52,438.44
TXN-GB-1-000352,2026-08-25 12:24:06,2026-08-25 12:29:06,GB,Legacy Oracle EBS,E,SAN-002,SanaPlus ColdFlu,OTC,SanaPlus,D2C,6,8.97,GBP,0.0,53.82,53.82
TXN-GB-1-000353,2026-08-25 12:28:25,2026-08-25 12:31:25,GB,Legacy Oracle EBS,E,VIT-002,Vitalis Multivit,Supplement,Vitalis,Wholesale,3,14.53,GBP,0.1,43.59,39.23
TXN-GB-1-000354,2026-08-25 22:59:37,2026-08-25 23:00:37,GB,Legacy Oracle EBS,E,DER-002,Dermacare LiftCream,Aesthetic,Dermacare,Pharmacy/B2B,5,31.62,GBP,0.1,158.1,142.29
TXN-GB-1-000355,2026-08-25 13:16:22,2026-08-25 13:19:22,GB,Legacy Oracle EBS,E,MED-002,Medora Derm Cream,Prescription,Medora,E-commerce,10,22.22,GBP,0.0,222.2,222.2
TXN-GB-1-000356,2026-08-25 05:50:30,2026-08-25 05:56:30,GB,Legacy Oracle EBS,E,SAN-002,SanaPlus ColdFlu,OTC,SanaPlus,E-commerce,12,8.97,GBP,0.2,107.64,86.11
TXN-GB-1-000357,2026-08-25 13:21:39,2026-08-25 13:23:39,GB,Legacy Oracle EBS,E,MED-001,Medora Cardio 10mg,Prescription,Medora,Wholesale,11,36.75,GBP,0.2,404.25,323.4
TXN-GB-1-000358,2026-08-25 19:16:54,2026-08-25 19:22:54,GB,Legacy Oracle EBS,E,PUR-001,PureLife GlucoMonitor,Medical Device,PureLife,E-commerce,2,72.65,GBP,0.05,145.3,138.03
TXN-GB-1-000359,2026-08-25 23:40:11,2026-08-25 23:43:11,GB,Legacy Oracle EBS,E,MED-002,Medora Derm Cream,Prescription,Medora,Pharmacy/B2B,10,22.22,GBP,0.15,222.2,188.87
TXN-GB-1-000360,2026-08-25 06:44:04,2026-08-25 06:45:04,GB,Legacy Oracle EBS,E,SAN-001,SanaPlus PainRelief,OTC,SanaPlus,D2C,8,8.12,GBP,0.0,64.96,64.96
TXN-GB-1-000361,2026-08-25 10:46:17,2026-08-25 10:49:17,GB,Legacy Oracle EBS,E,VIT-001,Vitalis C1000,Supplement,Vitalis,Pharmacy/B2B,4,17.95,GBP,0.0,71.8,71.8
TXN-GB-1-000362,2026-08-25 04:56:01,2026-08-25 05:00:01,GB,Legacy Oracle EBS,E,DER-001,Dermacare GlowSerum,Aesthetic,Dermacare,D2C,8,27.35,GBP,0.0,218.8,218.8
TXN-GB-1-000363,2026-08-25 00:56:11,2026-08-25 01:01:11,GB,Legacy Oracle EBS,E,PUR-001,PureLife GlucoMonitor,Medical Device,PureLife,E-commerce,5,72.65,GBP,0.0,363.25,363.25
TXN-GB-1-000364,2026-08-25 06:51:53,2026-08-25 06:57:53,GB,Legacy Oracle EBS,E,SAN-002,SanaPlus ColdFlu,OTC,SanaPlus,E-commerce,3,8.97,GBP,0.15,26.91,22.87
TXN-GB-1-000365,2026-08-25 03:20:01,2026-08-25 03:22:01,GB,Legacy Oracle EBS,E,SAN-001,SanaPlus PainRelief,OTC,SanaPlus,D2C,1,8.12,GBP,0.15,8.12,6.9
TXN-GB-1-000366,2026-08-25 06:17:38,2026-08-25 06:22:38,GB,Legacy Oracle EBS,E,VIT-002,Vitalis Multivit,Supplement,Vitalis,Wholesale,4,14.53,GBP,0.0,58.12,58.12
TXN-GB-1-000367,2026-08-25 23:26:48,2026-08-25 23:27:48,GB,Legacy Oracle EBS,E,PUR-002,PureLife BP Monitor,Medical Device,PureLife,D2C,2,76.92,GBP,0.0,153.84,153.84
TXN-GB-1-000368,2026-08-25 03:13:26,2026-08-25 03:18:26,GB,Legacy Oracle EBS,E,MED-001,Medora Cardio 10mg,Prescription,Medora,D2C,12,36.75,GBP,0.2,441.0,352.8
TXN-GB-1-000369,2026-08-25 05:59:56,2026-08-25 06:02:56,GB,Legacy Oracle EBS,E,DER-002,Dermacare LiftCream,Aesthetic,Dermacare,D2C,10,31.62,GBP,0.1,316.2,284.58
TXN-GB-1-000370,2026-08-25 02:13:32,2026-08-25 02:19:32,GB,Legacy Oracle EBS,E,MED-001,Medora Cardio 10mg,Prescription,Medora,D2C,8,36.75,GBP,0.1,294.0,264.6
TXN-GB-1-000371,2026-08-25 09:12:25,2026-08-25 09:13:25,GB,Legacy Oracle EBS,E,VIT-001,Vitalis C1000,Supplement,Vitalis,E-commerce,3,17.95,GBP,0.0,53.85,53.85
TXN-GB-1-000372,2026-08-25 11:00:47,2026-08-25 11:04:47,GB,Legacy Oracle EBS,E,MED-001,Medora Cardio 10mg,Prescription,Medora,Pharmacy/B2B,9,36.75,GBP,0.1,330.75,297.68
TXN-GB-1-000373,2026-08-25 03:09:58,2026-08-25 03:10:58,GB,Legacy Oracle EBS,E,VIT-002,Vitalis Multivit,Supplement,Vitalis,D2C,12,14.53,GBP,0.15,174.36,148.21
TXN-GB-1-000374,2026-08-25 08:29:29,2026-08-25 08:32:29,GB,Legacy Oracle EBS,E,PUR-001,PureLife GlucoMonitor,Medical Device,PureLife,D2C,8,72.65,GBP,0.0,581.2,581.2
TXN-GB-1-000375,2026-08-25 07:21:33,2026-08-25 07:23:33,GB,Legacy Oracle EBS,E,PUR-002,PureLife BP Monitor,Medical Device,PureLife,Wholesale,12,76.92,GBP,0.0,923.04,923.04
TXN-GB-1-000376,2026-08-25 16:48:33,2026-08-25 16:52:33,GB,Legacy Oracle EBS,E,PUR-001,PureLife GlucoMonitor,Medical Device,PureLife,Wholesale,2,72.65,GBP,0.0,145.3,145.3
TXN-GB-1-000377,2026-08-25 17:58:13,2026-08-25 18:00:13,GB,Legacy Oracle EBS,E,SAN-001,SanaPlus PainRelief,OTC,SanaPlus,E-commerce,2,8.12,GBP,0.2,16.24,12.99
TXN-GB-1-000378,2026-08-25 04:14:29,2026-08-25 04:16:29,GB,Legacy Oracle EBS,E,MED-001,Medora Cardio 10mg,Prescription,Medora,E-commerce,10,36.75,GBP,0.0,367.5,367.5
TXN-GB-1-000379,2026-08-25 07:25:14,2026-08-25 07:30:14,GB,Legacy Oracle EBS,E,MED-002,Medora Derm Cream,Prescription,Medora,E-commerce,1,22.22,GBP,0.0,22.22,22.22
TXN-GB-1-000380,2026-08-25 10:33:30,2026-08-25 10:38:30,GB,Legacy Oracle EBS,E,SAN-001,SanaPlus PainRelief,OTC,SanaPlus,Pharmacy/B2B,3,8.12,GBP,0.1,24.36,21.92
TXN-GB-1-000381,2026-08-25 19:08:17,2026-08-25 19:13:17,GB,Legacy Oracle EBS,E,MED-001,Medora Cardio 10mg,Prescription,Medora,Pharmacy/B2B,10,36.75,GBP,0.05,367.5,349.12
TXN-GB-1-000382,2026-08-25 15:00:23,2026-08-25 15:03:23,GB,Legacy Oracle EBS,E,SAN-002,SanaPlus ColdFlu,OTC,SanaPlus,E-commerce,4,8.97,GBP,0.0,35.88,35.88
TXN-GB-1-000383,2026-08-25 20:50:09,2026-08-25 20:51:09,GB,Legacy Oracle EBS,E,PUR-002,PureLife BP Monitor,Medical Device,PureLife,Pharmacy/B2B,9,76.92,GBP,0.0,692.28,692.28
TXN-GB-1-000384,2026-08-25 02:33:08,2026-08-25 02:39:08,GB,Legacy Oracle EBS,E,VIT-002,Vitalis Multivit,Supplement,Vitalis,E-commerce,6,14.53,GBP,0.05,87.18,82.82
TXN-GB-1-000385,2026-08-25 20:26:48,2026-08-25 20:32:48,GB,Legacy Oracle EBS,E,VIT-002,Vitalis Multivit,Supplement,Vitalis,Pharmacy/B2B,8,14.53,GBP,0.0,116.24,116.24
TXN-GB-1-000386,2026-08-25 08:30:05,2026-08-25 08:34:05,GB,Legacy Oracle EBS,E,DER-001,Dermacare GlowSerum,Aesthetic,Dermacare,Wholesale,1,27.35,GBP,0.0,27.35,27.35
TXN-GB-1-000387,2026-08-25 02:31:10,2026-08-25 02:35:10,GB,Legacy Oracle EBS,E,MED-002,Medora Derm Cream,Prescription,Medora,Pharmacy/B2B,11,22.22,GBP,0.0,244.42,244.42
TXN-GB-1-000388,2026-08-25 19:56:48,2026-08-25 20:01:48,GB,Legacy Oracle EBS,E,MED-002,Medora Derm Cream,Prescription,Medora,Pharmacy/B2B,9,22.22,GBP,0.2,199.98,159.98
TXN-GB-1-000389,2026-08-25 17:26:41,2026-08-25 17:29:41,GB,Legacy Oracle EBS,E,MED-001,Medora Cardio 10mg,Prescription,Medora,D2C,1,36.75,GBP,0.0,36.75,36.75
TXN-GB-1-000390,2026-08-25 08:42:29,2026-08-25 08:48:29,GB,Legacy Oracle EBS,E,VIT-002,Vitalis Multivit,Supplement,Vitalis,E-commerce,1,14.53,GBP,0.2,14.53,11.62
TXN-GB-1-000391,2026-08-25 09:03:58,2026-08-25 09:06:58,GB,Legacy Oracle EBS,E,SAN-001,SanaPlus PainRelief,OTC,SanaPlus,D2C,7,8.12,GBP,0.0,56.84,56.84
TXN-GB-1-000392,2026-08-25 17:57:10,2026-08-25 17:58:10,GB,Legacy Oracle EBS,E,SAN-001,SanaPlus PainRelief,OTC,SanaPlus,Wholesale,7,8.12,GBP,0.0,56.84,56.84
TXN-GB-1-000393,2026-08-25 02:06:46,2026-08-25 02:12:46,GB,Legacy Oracle EBS,E,DER-002,Dermacare LiftCream,Aesthetic,Dermacare,Wholesale,6,31.62,GBP,0.2,189.72,151.78
TXN-GB-1-000394,2026-08-25 05:35:19,2026-08-25 05:38:19,GB,Legacy Oracle EBS,E,DER-002,Dermacare LiftCream,Aesthetic,Dermacare,E-commerce,4,31.62,GBP,0.0,126.48,126.48
TXN-GB-1-000395,2026-08-25 13:44:16,2026-08-25 13:50:16,GB,Legacy Oracle EBS,E,VIT-002,Vitalis Multivit,Supplement,Vitalis,Pharmacy/B2B,7,14.53,GBP,0.0,101.71,101.71
TXN-GB-1-000396,2026-08-25 07:07:49,2026-08-25 07:13:49,GB,Legacy Oracle EBS,E,DER-002,Dermacare LiftCream,Aesthetic,Dermacare,Pharmacy/B2B,2,31.62,GBP,0.15,63.24,53.75
TXN-GB-1-000397,2026-08-25 01:59:51,2026-08-25 02:02:51,GB,Legacy Oracle EBS,E,DER-002,Dermacare LiftCream,Aesthetic,Dermacare,Pharmacy/B2B,4,31.62,GBP,0.2,126.48,101.18
TXN-GB-1-000398,2026-08-25 20:52:27,2026-08-25 20:57:27,GB,Legacy Oracle EBS,E,DER-001,Dermacare GlowSerum,Aesthetic,Dermacare,E-commerce,1,27.35,GBP,0.05,27.35,25.98
TXN-GB-1-000399,2026-08-25 14:31:29,2026-08-25 14:35:29,GB,Legacy Oracle EBS,E,MED-001,Medora Cardio 10mg,Prescription,Medora,Pharmacy/B2B,6,36.75,GBP,0.1,220.5,198.45
TXN-GB-1-000400,2026-08-25 22:07:10,2026-08-25 22:10:10,GB,Legacy Oracle EBS,E,DER-001,Dermacare GlowSerum,Aesthetic,Dermacare,Wholesale,7,27.35,GBP,0.15,191.45,162.73
TXN-GB-1-000401,2026-08-25 22:00:45,2026-08-25 22:02:45,GB,Legacy Oracle EBS,E,VIT-001,Vitalis C1000,Supplement,Vitalis,E-commerce,4,17.95,GBP,0.15,71.8,61.03
TXN-GB-1-000402,2026-08-25 16:47:32,2026-08-25 16:48:32,GB,Legacy Oracle EBS,E,MED-001,Medora Cardio 10mg,Prescription,Medora,Wholesale,2,36.75,GBP,0.15,73.5,62.48
TXN-GB-1-000403,2026-08-25 11:35:17,2026-08-25 11:40:17,GB,Legacy Oracle EBS,E,MED-001,Medora Cardio 10mg,Prescription,Medora,Pharmacy/B2B,10,36.75,GBP,0.05,367.5,349.12
TXN-GB-1-000404,2026-08-25 02:23:31,2026-08-25 02:26:31,GB,Legacy Oracle EBS,E,MED-001,Medora Cardio 10mg,Prescription,Medora,Wholesale,4,36.75,GBP,0.0,147.0,147.0
TXN-GB-1-000405,2026-08-25 06:38:54,2026-08-25 06:40:54,GB,Legacy Oracle EBS,E,SAN-001,SanaPlus PainRelief,OTC,SanaPlus,E-commerce,1,8.12,GBP,0.2,8.12,6.5
TXN-GB-1-000406,2026-08-25 14:47:24,2026-08-25 14:50:24,GB,Legacy Oracle EBS,E,PUR-001,PureLife GlucoMonitor,Medical Device,PureLife,Wholesale,5,72.65,GBP,0.0,363.25,363.25
TXN-GB-1-000407,2026-08-25 19:43:23,2026-08-25 19:49:23,GB,Legacy Oracle EBS,E,PUR-001,PureLife GlucoMonitor,Medical Device,PureLife,E-commerce,10,72.65,GBP,0.15,726.5,617.52
TXN-GB-1-000408,2026-08-25 06:13:46,2026-08-25 06:15:46,GB,Legacy Oracle EBS,E,DER-002,Dermacare LiftCream,Aesthetic,Dermacare,D2C,10,31.62,GBP,0.15,316.2,268.77
TXN-GB-1-000409,2026-08-25 00:11:22,2026-08-25 00:16:22,GB,Legacy Oracle EBS,E,DER-002,Dermacare LiftCream,Aesthetic,Dermacare,E-commerce,3,31.62,GBP,0.1,94.86,85.37
TXN-GB-1-000410,2026-08-25 11:50:01,2026-08-25 11:55:01,GB,Legacy Oracle EBS,E,VIT-001,Vitalis C1000,Supplement,Vitalis,D2C,9,17.95,GBP,0.0,161.55,161.55
TXN-GB-1-000411,2026-08-25 09:59:19,2026-08-25 10:02:19,GB,Legacy Oracle EBS,E,SAN-002,SanaPlus ColdFlu,OTC,SanaPlus,Pharmacy/B2B,4,8.97,GBP,0.1,35.88,32.29
TXN-GB-1-000412,2026-08-25 04:09:45,2026-08-25 04:14:45,GB,Legacy Oracle EBS,E,DER-001,Dermacare GlowSerum,Aesthetic,Dermacare,Pharmacy/B2B,4,27.35,GBP,0.0,109.4,109.4
TXN-GB-1-000413,2026-08-25 18:54:36,2026-08-25 18:56:36,GB,Legacy Oracle EBS,E,VIT-002,Vitalis Multivit,Supplement,Vitalis,Wholesale,8,14.53,GBP,0.1,116.24,104.62
TXN-GB-1-000414,2026-08-25 20:25:04,2026-08-25 20:27:04,GB,Legacy Oracle EBS,E,PUR-001,PureLife GlucoMonitor,Medical Device,PureLife,Wholesale,4,72.65,GBP,0.05,290.6,276.07
TXN-GB-1-000415,2026-08-25 20:29:00,2026-08-25 20:35:00,GB,Legacy Oracle EBS,E,VIT-002,Vitalis Multivit,Supplement,Vitalis,E-commerce,4,14.53,GBP,0.1,58.12,52.31
TXN-GB-1-000416,2026-08-25 00:37:07,2026-08-25 00:38:07,GB,Legacy Oracle EBS,E,SAN-001,SanaPlus PainRelief,OTC,SanaPlus,E-commerce,7,8.12,GBP,0.0,56.84,56.84
TXN-GB-1-000417,2026-08-25 15:58:57,2026-08-25 16:01:57,GB,Legacy Oracle EBS,E,PUR-001,PureLife GlucoMonitor,Medical Device,PureLife,D2C,7,72.65,GBP,0.05,508.55,483.12
TXN-GB-1-000418,2026-08-25 09:57:24,2026-08-25 10:02:24,GB,Legacy Oracle EBS,E,DER-001,Dermacare GlowSerum,Aesthetic,Dermacare,Wholesale,12,27.35,GBP,0.0,328.2,328.2
TXN-GB-1-000419,2026-08-25 03:34:39,2026-08-25 03:38:39,GB,Legacy Oracle EBS,E,VIT-002,Vitalis Multivit,Supplement,Vitalis,Wholesale,2,14.53,GBP,0.0,29.06,29.06
TXN-GB-1-000420,2026-08-25 01:24:18,2026-08-25 01:28:18,GB,Legacy Oracle EBS,E,VIT-002,Vitalis Multivit,Supplement,Vitalis,Pharmacy/B2B,8,14.53,GBP,0.0,116.24,116.24
TXN-GB-1-000421,2026-08-25 12:34:06,2026-08-25 12:36:06,GB,Legacy Oracle EBS,E,PUR-002,PureLife BP Monitor,Medical Device,PureLife,Wholesale,8,76.92,GBP,0.05,615.36,584.59
TXN-GB-1-000422,2026-08-25 01:21:31,2026-08-25 01:22:31,GB,Legacy Oracle EBS,E,SAN-001,SanaPlus PainRelief,OTC,SanaPlus,D2C,9,8.12,GBP,0.0,73.08,73.08
TXN-GB-1-000423,2026-08-25 00:10:38,2026-08-25 00:15:38,GB,Legacy Oracle EBS,E,MED-002,Medora Derm Cream,Prescription,Medora,Pharmacy/B2B,12,22.22,GBP,0.2,266.64,213.31
TXN-GB-1-000424,2026-08-25 09:48:24,2026-08-25 09:51:24,GB,Legacy Oracle EBS,E,MED-002,Medora Derm Cream,Prescription,Medora,D2C,8,22.22,GBP,0.0,177.76,177.76
TXN-GB-1-000425,2026-08-25 19:48:29,2026-08-25 19:49:29,GB,Legacy Oracle EBS,E,SAN-001,SanaPlus PainRelief,OTC,SanaPlus,E-commerce,12,8.12,GBP,0.05,97.44,92.57
TXN-GB-1-000426,2026-08-25 02:29:30,2026-08-25 02:30:30,GB,Legacy Oracle EBS,E,DER-001,Dermacare GlowSerum,Aesthetic,Dermacare,Wholesale,2,27.35,GBP,0.0,54.7,54.7
TXN-GB-1-000427,2026-08-25 11:10:28,2026-08-25 11:14:28,GB,Legacy Oracle EBS,E,MED-001,Medora Cardio 10mg,Prescription,Medora,E-commerce,7,36.75,GBP,0.0,257.25,257.25
TXN-GB-1-000428,2026-08-25 03:15:08,2026-08-25 03:20:08,GB,Legacy Oracle EBS,E,PUR-002,PureLife BP Monitor,Medical Device,PureLife,E-commerce,7,76.92,GBP,0.15,538.44,457.67
TXN-GB-1-000429,2026-08-25 00:48:21,2026-08-25 00:51:21,GB,Legacy Oracle EBS,E,SAN-002,SanaPlus ColdFlu,OTC,SanaPlus,D2C,12,8.97,GBP,0.15,107.64,91.49
TXN-GB-1-000430,2026-08-25 09:48:58,2026-08-25 09:52:58,GB,Legacy Oracle EBS,E,SAN-002,SanaPlus ColdFlu,OTC,SanaPlus,D2C,3,8.97,GBP,0.15,26.91,22.87
TXN-GB-1-000431,2026-08-25 14:29:57,2026-08-25 14:34:57,GB,Legacy Oracle EBS,E,VIT-002,Vitalis Multivit,Supplement,Vitalis,Wholesale,9,14.53,GBP,0.2,130.77,104.62
TXN-GB-1-000432,2026-08-25 09:18:07,2026-08-25 09:20:07,GB,Legacy Oracle EBS,E,DER-002,Dermacare LiftCream,Aesthetic,Dermacare,Wholesale,2,31.62,GBP,0.0,63.24,63.24
TXN-GB-1-000433,2026-08-25 00:59:38,2026-08-25 01:01:38,GB,Legacy Oracle EBS,E,SAN-001,SanaPlus PainRelief,OTC,SanaPlus,D2C,11,8.12,GBP,0.15,89.32,75.92
TXN-GB-1-000434,2026-08-25 11:27:36,2026-08-25 11:30:36,GB,Legacy Oracle EBS,E,SAN-002,SanaPlus ColdFlu,OTC,SanaPlus,D2C,11,8.97,GBP,0.05,98.67,93.74
TXN-GB-1-000435,2026-08-25 15:26:13,2026-08-25 15:27:13,GB,Legacy Oracle EBS,E,MED-001,Medora Cardio 10mg,Prescription,Medora,E-commerce,1,36.75,GBP,0.2,36.75,29.4
TXN-GB-1-000436,2026-08-25 03:08:22,2026-08-25 03:09:22,GB,Legacy Oracle EBS,E,PUR-002,PureLife BP Monitor,Medical Device,PureLife,Wholesale,11,76.92,GBP,0.0,846.12,846.12
TXN-GB-1-000437,2026-08-25 05:32:27,2026-08-25 05:36:27,GB,Legacy Oracle EBS,E,VIT-001,Vitalis C1000,Supplement,Vitalis,E-commerce,9,17.95,GBP,0.05,161.55,153.47
TXN-GB-1-000438,2026-08-25 21:22:25,2026-08-25 21:26:25,GB,Legacy Oracle EBS,E,SAN-001,SanaPlus PainRelief,OTC,SanaPlus,E-commerce,12,8.12,GBP,0.0,97.44,97.44
TXN-GB-1-000439,2026-08-25 23:43:30,2026-08-25 23:49:30,GB,Legacy Oracle EBS,E,DER-002,Dermacare LiftCream,Aesthetic,Dermacare,E-commerce,7,31.62,GBP,0.2,221.34,177.07
TXN-GB-1-000440,2026-08-25 19:18:37,2026-08-25 19:20:37,GB,Legacy Oracle EBS,E,PUR-001,PureLife GlucoMonitor,Medical Device,PureLife,D2C,11,72.65,GBP,0.2,799.15,639.32
TXN-GB-1-000441,2026-08-25 02:00:55,2026-08-25 02:05:55,GB,Legacy Oracle EBS,E,SAN-002,SanaPlus ColdFlu,OTC,SanaPlus,Wholesale,1,8.97,GBP,0.2,8.97,7.18
TXN-GB-1-000442,2026-08-25 21:18:59,2026-08-25 21:20:59,GB,Legacy Oracle EBS,E,SAN-001,SanaPlus PainRelief,OTC,SanaPlus,Pharmacy/B2B,12,8.12,GBP,0.1,97.44,87.7
TXN-GB-1-000443,2026-08-25 20:53:01,2026-08-25 20:54:01,GB,Legacy Oracle EBS,E,DER-001,Dermacare GlowSerum,Aesthetic,Dermacare,D2C,1,27.35,GBP,0.1,27.35,24.62
TXN-GB-1-000444,2026-08-25 04:07:56,2026-08-25 04:08:56,GB,Legacy Oracle EBS,E,VIT-002,Vitalis Multivit,Supplement,Vitalis,Wholesale,12,14.53,GBP,0.2,174.36,139.49
TXN-GB-1-000445,2026-08-25 09:27:09,2026-08-25 09:28:09,GB,Legacy Oracle EBS,E,VIT-002,Vitalis Multivit,Supplement,Vitalis,D2C,9,14.53,GBP,0.15,130.77,111.15
TXN-GB-1-000446,2026-08-25 09:10:14,2026-08-25 09:15:14,GB,Legacy Oracle EBS,E,SAN-001,SanaPlus PainRelief,OTC,SanaPlus,E-commerce,12,8.12,GBP,0.05,97.44,92.57
TXN-GB-1-000447,2026-08-25 16:52:18,2026-08-25 16:53:18,GB,Legacy Oracle EBS,E,MED-001,Medora Cardio 10mg,Prescription,Medora,Wholesale,3,36.75,GBP,0.2,110.25,88.2
TXN-GB-1-000448,2026-08-25 17:43:53,2026-08-25 17:48:53,GB,Legacy Oracle EBS,E,SAN-002,SanaPlus ColdFlu,OTC,SanaPlus,D2C,12,8.97,GBP,0.0,107.64,107.64
TXN-GB-1-000449,2026-08-25 11:06:01,2026-08-25 11:08:01,GB,Legacy Oracle EBS,E,PUR-002,PureLife BP Monitor,Medical Device,PureLife,D2C,5,76.92,GBP,0.0,384.6,384.6
TXN-GB-1-000450,2026-08-25 22:19:14,2026-08-25 22:25:14,GB,Legacy Oracle EBS,E,DER-001,Dermacare GlowSerum,Aesthetic,Dermacare,Wholesale,10,27.35,GBP,0.0,273.5,273.5
TXN-GB-1-000451,2026-08-25 10:41:33,2026-08-25 10:43:33,GB,Legacy Oracle EBS,E,MED-002,Medora Derm Cream,Prescription,Medora,Wholesale,12,22.22,GBP,0.15,266.64,226.64
TXN-GB-1-000452,2026-08-25 12:52:43,2026-08-25 12:56:43,GB,Legacy Oracle EBS,E,VIT-001,Vitalis C1000,Supplement,Vitalis,Wholesale,6,17.95,GBP,0.0,107.7,107.7
TXN-GB-1-000453,2026-08-25 18:13:20,2026-08-25 18:14:20,GB,Legacy Oracle EBS,E,MED-001,Medora Cardio 10mg,Prescription,Medora,Pharmacy/B2B,7,36.75,GBP,0.15,257.25,218.66
TXN-GB-1-000454,2026-08-25 02:26:00,2026-08-25 02:32:00,GB,Legacy Oracle EBS,E,DER-002,Dermacare LiftCream,Aesthetic,Dermacare,E-commerce,5,31.62,GBP,0.0,158.1,158.1
TXN-GB-1-000455,2026-08-25 16:46:58,2026-08-25 16:51:58,GB,Legacy Oracle EBS,E,SAN-001,SanaPlus PainRelief,OTC,SanaPlus,D2C,10,8.12,GBP,0.0,81.2,81.2
TXN-GB-1-000456,2026-08-25 08:31:41,2026-08-25 08:34:41,GB,Legacy Oracle EBS,E,MED-002,Medora Derm Cream,Prescription,Medora,Wholesale,12,22.22,GBP,0.0,266.64,266.64
TXN-GB-1-000457,2026-08-25 20:03:14,2026-08-25 20:05:14,GB,Legacy Oracle EBS,E,VIT-001,Vitalis C1000,Supplement,Vitalis,Wholesale,5,17.95,GBP,0.15,89.75,76.29
TXN-GB-1-000458,2026-08-25 18:43:41,2026-08-25 18:48:41,GB,Legacy Oracle EBS,E,DER-002,Dermacare LiftCream,Aesthetic,Dermacare,Pharmacy/B2B,11,31.62,GBP,0.15,347.82,295.65
TXN-GB-1-000459,2026-08-25 01:40:53,2026-08-25 01:41:53,GB,Legacy Oracle EBS,E,MED-002,Medora Derm Cream,Prescription,Medora,Wholesale,1,22.22,GBP,0.05,22.22,21.11
TXN-GB-1-000460,2026-08-25 20:15:00,2026-08-25 20:16:00,GB,Legacy Oracle EBS,E,VIT-001,Vitalis C1000,Supplement,Vitalis,D2C,11,17.95,GBP,0.15,197.45,167.83
TXN-GB-1-000461,2026-08-25 12:18:01,2026-08-25 12:22:01,GB,Legacy Oracle EBS,E,DER-001,Dermacare GlowSerum,Aesthetic,Dermacare,Pharmacy/B2B,12,27.35,GBP,0.15,328.2,278.97
TXN-GB-1-000462,2026-08-25 08:42:59,2026-08-25 08:43:59,GB,Legacy Oracle EBS,E,SAN-001,SanaPlus PainRelief,OTC,SanaPlus,D2C,9,8.12,GBP,0.0,73.08,73.08
TXN-GB-1-000463,2026-08-25 03:16:18,2026-08-25 03:22:18,GB,Legacy Oracle EBS,E,SAN-001,SanaPlus PainRelief,OTC,SanaPlus,E-commerce,11,8.12,GBP,0.15,89.32,75.92
TXN-GB-1-000464,2026-08-25 23:11:45,2026-08-25 23:13:45,GB,Legacy Oracle EBS,E,SAN-002,SanaPlus ColdFlu,OTC,SanaPlus,D2C,3,8.97,GBP,0.2,26.91,21.53
TXN-GB-1-000465,2026-08-25 19:43:37,2026-08-25 19:45:37,GB,Legacy Oracle EBS,E,VIT-002,Vitalis Multivit,Supplement,Vitalis,Wholesale,3,14.53,GBP,0.15,43.59,37.05
TXN-GB-1-000466,2026-08-25 19:28:27,2026-08-25 19:32:27,GB,Legacy Oracle EBS,E,SAN-002,SanaPlus ColdFlu,OTC,SanaPlus,Wholesale,11,8.97,GBP,0.05,98.67,93.74
TXN-GB-1-000467,2026-08-25 20:53:26,2026-08-25 20:58:26,GB,Legacy Oracle EBS,E,MED-002,Medora Derm Cream,Prescription,Medora,E-commerce,1,22.22,GBP,0.0,22.22,22.22
TXN-GB-1-000468,2026-08-25 15:05:36,2026-08-25 15:08:36,GB,Legacy Oracle EBS,E,DER-001,Dermacare GlowSerum,Aesthetic,Dermacare,D2C,11,27.35,GBP,0.05,300.85,285.81
TXN-GB-1-000469,2026-08-25 17:11:52,2026-08-25 17:12:52,GB,Legacy Oracle EBS,E,MED-002,Medora Derm Cream,Prescription,Medora,D2C,9,22.22,GBP,0.1,199.98,179.98
TXN-GB-1-000470,2026-08-25 04:43:45,2026-08-25 04:49:45,GB,Legacy Oracle EBS,E,MED-002,Medora Derm Cream,Prescription,Medora,Wholesale,1,22.22,GBP,0.15,22.22,18.89
TXN-GB-1-000471,2026-08-25 18:59:45,2026-08-25 19:04:45,GB,Legacy Oracle EBS,E,SAN-001,SanaPlus PainRelief,OTC,SanaPlus,Pharmacy/B2B,12,8.12,GBP,0.0,97.44,97.44
TXN-GB-1-000472,2026-08-25 17:45:16,2026-08-25 17:51:16,GB,Legacy Oracle EBS,E,PUR-002,PureLife BP Monitor,Medical Device,PureLife,Pharmacy/B2B,2,76.92,GBP,0.05,153.84,146.15
TXN-GB-1-000473,2026-08-25 04:20:31,2026-08-25 04:21:31,GB,Legacy Oracle EBS,E,SAN-001,SanaPlus PainRelief,OTC,SanaPlus,Wholesale,5,8.12,GBP,0.0,40.6,40.6
TXN-GB-1-000474,2026-08-25 13:54:06,2026-08-25 14:00:06,GB,Legacy Oracle EBS,E,MED-002,Medora Derm Cream,Prescription,Medora,Pharmacy/B2B,10,22.22,GBP,0.2,222.2,177.76
TXN-GB-1-000475,2026-08-25 18:22:50,2026-08-25 18:24:50,GB,Legacy Oracle EBS,E,MED-001,Medora Cardio 10mg,Prescription,Medora,Wholesale,6,36.75,GBP,0.2,220.5,176.4
TXN-GB-1-000476,2026-08-25 11:02:51,2026-08-25 11:04:51,GB,Legacy Oracle EBS,E,SAN-001,SanaPlus PainRelief,OTC,SanaPlus,Wholesale,4,8.12,GBP,0.15,32.48,27.61
TXN-GB-1-000477,2026-08-25 18:47:36,2026-08-25 18:52:36,GB,Legacy Oracle EBS,E,SAN-002,SanaPlus ColdFlu,OTC,SanaPlus,E-commerce,4,8.97,GBP,0.05,35.88,34.09
TXN-GB-1-000478,2026-08-25 17:34:48,2026-08-25 17:37:48,GB,Legacy Oracle EBS,E,PUR-001,PureLife GlucoMonitor,Medical Device,PureLife,Wholesale,8,72.65,GBP,0.0,581.2,581.2
TXN-GB-1-000479,2026-08-25 02:03:26,2026-08-25 02:07:26,GB,Legacy Oracle EBS,E,PUR-001,PureLife GlucoMonitor,Medical Device,PureLife,Pharmacy/B2B,11,72.65,GBP,0.0,799.15,799.15
TXN-GB-1-000480,2026-08-25 12:24:07,2026-08-25 12:26:07,GB,Legacy Oracle EBS,E,VIT-001,Vitalis C1000,Supplement,Vitalis,D2C,2,17.95,GBP,0.0,35.9,35.9
TXN-GB-1-000481,2026-08-25 03:09:03,2026-08-25 03:15:03,GB,Legacy Oracle EBS,E,PUR-001,PureLife GlucoMonitor,Medical Device,PureLife,Pharmacy/B2B,9,72.65,GBP,0.0,653.85,653.85
TXN-GB-1-000482,2026-08-25 06:02:37,2026-08-25 06:06:37,GB,Legacy Oracle EBS,E,DER-002,Dermacare LiftCream,Aesthetic,Dermacare,Pharmacy/B2B,10,31.62,GBP,0.05,316.2,300.39
TXN-GB-1-000483,2026-08-25 14:46:37,2026-08-25 14:50:37,GB,Legacy Oracle EBS,E,MED-001,Medora Cardio 10mg,Prescription,Medora,E-commerce,9,36.75,GBP,0.05,330.75,314.21
TXN-GB-1-000484,2026-08-25 13:07:42,2026-08-25 13:13:42,GB,Legacy Oracle EBS,E,VIT-002,Vitalis Multivit,Supplement,Vitalis,E-commerce,10,14.53,GBP,0.15,145.3,123.51
TXN-GB-1-000485,2026-08-25 13:08:37,2026-08-25 13:12:37,GB,Legacy Oracle EBS,E,MED-002,Medora Derm Cream,Prescription,Medora,Wholesale,5,22.22,GBP,0.05,111.1,105.54
TXN-GB-1-000486,2026-08-25 19:16:56,2026-08-25 19:18:56,GB,Legacy Oracle EBS,E,MED-002,Medora Derm Cream,Prescription,Medora,Pharmacy/B2B,1,22.22,GBP,0.0,22.22,22.22
TXN-GB-1-000487,2026-08-25 17:11:56,2026-08-25 17:12:56,GB,Legacy Oracle EBS,E,PUR-002,PureLife BP Monitor,Medical Device,PureLife,Pharmacy/B2B,8,76.92,GBP,0.0,615.36,615.36
TXN-GB-1-000488,2026-08-25 08:57:19,2026-08-25 09:01:19,GB,Legacy Oracle EBS,E,PUR-001,PureLife GlucoMonitor,Medical Device,PureLife,Pharmacy/B2B,9,72.65,GBP,0.15,653.85,555.77
TXN-GB-1-000489,2026-08-25 18:38:44,2026-08-25 18:44:44,GB,Legacy Oracle EBS,E,DER-001,Dermacare GlowSerum,Aesthetic,Dermacare,Wholesale,10,27.35,GBP,0.0,273.5,273.5
TXN-GB-1-000490,2026-08-25 05:58:44,2026-08-25 05:59:44,GB,Legacy Oracle EBS,E,DER-002,Dermacare LiftCream,Aesthetic,Dermacare,Pharmacy/B2B,10,31.62,GBP,0.1,316.2,284.58
TXN-GB-1-000491,2026-08-25 08:32:26,2026-08-25 08:35:26,GB,Legacy Oracle EBS,E,PUR-001,PureLife GlucoMonitor,Medical Device,PureLife,D2C,10,72.65,GBP,0.0,726.5,726.5
TXN-GB-1-000492,2026-08-25 15:50:41,2026-08-25 15:54:41,GB,Legacy Oracle EBS,E,SAN-001,SanaPlus PainRelief,OTC,SanaPlus,Wholesale,7,8.12,GBP,0.15,56.84,48.31
TXN-GB-1-000493,2026-08-25 06:24:28,2026-08-25 06:29:28,GB,Legacy Oracle EBS,E,DER-001,Dermacare GlowSerum,Aesthetic,Dermacare,D2C,1,27.35,GBP,0.2,27.35,21.88
TXN-GB-1-000494,2026-08-25 17:17:09,2026-08-25 17:20:09,GB,Legacy Oracle EBS,E,SAN-001,SanaPlus PainRelief,OTC,SanaPlus,D2C,7,8.12,GBP,0.0,56.84,56.84
TXN-GB-1-000495,2026-08-25 16:04:46,2026-08-25 16:06:46,GB,Legacy Oracle EBS,E,DER-001,Dermacare GlowSerum,Aesthetic,Dermacare,Wholesale,7,27.35,GBP,0.0,191.45,191.45
TXN-GB-1-000496,2026-08-25 10:03:19,2026-08-25 10:04:19,GB,Legacy Oracle EBS,E,PUR-002,PureLife BP Monitor,Medical Device,PureLife,E-commerce,9,76.92,GBP,0.0,692.28,692.28
TXN-GB-1-000497,2026-08-25 16:15:56,2026-08-25 16:20:56,GB,Legacy Oracle EBS,E,SAN-001,SanaPlus PainRelief,OTC,SanaPlus,Wholesale,8,8.12,GBP,0.1,64.96,58.46
TXN-GB-1-000498,2026-08-25 12:44:38,2026-08-25 12:45:38,GB,Legacy Oracle EBS,E,MED-001,Medora Cardio 10mg,Prescription,Medora,E-commerce,5,36.75,GBP,0.0,183.75,183.75
TXN-GB-1-000499,2026-08-25 04:49:10,2026-08-25 04:51:10,GB,Legacy Oracle EBS,E,MED-001,Medora Cardio 10mg,Prescription,Medora,E-commerce,7,36.75,GBP,0.0,257.25,257.25
TXN-GB-1-000500,2026-08-25 14:27:42,2026-08-25 14:32:42,GB,Legacy Oracle EBS,E,VIT-002,Vitalis Multivit,Supplement,Vitalis,Pharmacy/B2B,4,14.53,GBP,0.0,58.12,58.12
TXN-GB-1-000501,2026-08-25 14:09:39,2026-08-25 14:15:39,GB,Legacy Oracle EBS,E,SAN-001,SanaPlus PainRelief,OTC,SanaPlus,D2C,3,8.12,GBP,0.0,24.36,24.36
TXN-GB-1-000502,2026-08-25 16:08:24,2026-08-25 16:10:24,GB,Legacy Oracle EBS,E,VIT-002,Vitalis Multivit,Supplement,Vitalis,Pharmacy/B2B,10,14.53,GBP,0.15,145.3,123.51
TXN-GB-1-000503,2026-08-25 01:12:06,2026-08-25 01:16:06,GB,Legacy Oracle EBS,E,SAN-001,SanaPlus PainRelief,OTC,SanaPlus,Pharmacy/B2B,12,8.12,GBP,0.05,97.44,92.57
TXN-GB-1-000504,2026-08-25 08:16:06,2026-08-25 08:19:06,GB,Legacy Oracle EBS,E,MED-002,Medora Derm Cream,Prescription,Medora,Wholesale,9,22.22,GBP,0.0,199.98,199.98
TXN-GB-1-000505,2026-08-25 05:20:20,2026-08-25 05:26:20,GB,Legacy Oracle EBS,E,VIT-001,Vitalis C1000,Supplement,Vitalis,D2C,8,17.95,GBP,0.05,143.6,136.42
TXN-GB-1-000506,2026-08-25 17:25:35,2026-08-25 17:28:35,GB,Legacy Oracle EBS,E,MED-002,Medora Derm Cream,Prescription,Medora,E-commerce,6,22.22,GBP,0.15,133.32,113.32
TXN-GB-1-000507,2026-08-25 20:18:55,2026-08-25 20:20:55,GB,Legacy Oracle EBS,E,DER-002,Dermacare LiftCream,Aesthetic,Dermacare,Pharmacy/B2B,1,31.62,GBP,0.15,31.62,26.88
TXN-GB-1-000508,2026-08-25 13:02:24,2026-08-25 13:04:24,GB,Legacy Oracle EBS,E,DER-001,Dermacare GlowSerum,Aesthetic,Dermacare,Wholesale,10,27.35,GBP,0.0,273.5,273.5
TXN-GB-1-000509,2026-08-25 07:04:04,2026-08-25 07:06:04,GB,Legacy Oracle EBS,E,DER-002,Dermacare LiftCream,Aesthetic,Dermacare,Wholesale,4,31.62,GBP,0.0,126.48,126.48
TXN-GB-1-000510,2026-08-25 09:23:19,2026-08-25 09:25:19,GB,Legacy Oracle EBS,E,VIT-001,Vitalis C1000,Supplement,Vitalis,D2C,12,17.95,GBP,0.05,215.4,204.63
TXN-GB-1-000511,2026-08-25 05:48:05,2026-08-25 05:53:05,GB,Legacy Oracle EBS,E,VIT-002,Vitalis Multivit,Supplement,Vitalis,Wholesale,3,14.53,GBP,0.2,43.59,34.87
TXN-GB-1-000512,2026-08-25 07:58:39,2026-08-25 08:02:39,GB,Legacy Oracle EBS,E,VIT-001,Vitalis C1000,Supplement,Vitalis,E-commerce,6,17.95,GBP,0.2,107.7,86.16
TXN-GB-1-000513,2026-08-25 21:06:26,2026-08-25 21:08:26,GB,Legacy Oracle EBS,E,MED-002,Medora Derm Cream,Prescription,Medora,Pharmacy/B2B,4,22.22,GBP,0.2,88.88,71.1
TXN-GB-1-000514,2026-08-25 08:21:11,2026-08-25 08:27:11,GB,Legacy Oracle EBS,E,DER-002,Dermacare LiftCream,Aesthetic,Dermacare,Pharmacy/B2B,1,31.62,GBP,0.1,31.62,28.46
TXN-GB-1-000515,2026-08-25 21:15:54,2026-08-25 21:18:54,GB,Legacy Oracle EBS,E,VIT-001,Vitalis C1000,Supplement,Vitalis,E-commerce,5,17.95,GBP,0.0,89.75,89.75
TXN-GB-1-000516,2026-08-25 07:26:32,2026-08-25 07:32:32,GB,Legacy Oracle EBS,E,DER-002,Dermacare LiftCream,Aesthetic,Dermacare,Pharmacy/B2B,5,31.62,GBP,0.0,158.1,158.1
TXN-GB-1-000517,2026-08-25 06:57:26,2026-08-25 06:59:26,GB,Legacy Oracle EBS,E,VIT-002,Vitalis Multivit,Supplement,Vitalis,Pharmacy/B2B,11,14.53,GBP,0.15,159.83,135.86
TXN-GB-1-000518,2026-08-25 19:33:58,2026-08-25 19:38:58,GB,Legacy Oracle EBS,E,VIT-002,Vitalis Multivit,Supplement,Vitalis,D2C,6,14.53,GBP,0.05,87.18,82.82
TXN-GB-1-000519,2026-08-25 23:06:20,2026-08-25 23:07:20,GB,Legacy Oracle EBS,E,VIT-001,Vitalis C1000,Supplement,Vitalis,D2C,11,17.95,GBP,0.05,197.45,187.58
TXN-GB-1-000520,2026-08-25 19:55:52,2026-08-25 20:01:52,GB,Legacy Oracle EBS,E,MED-001,Medora Cardio 10mg,Prescription,Medora,D2C,8,36.75,GBP,0.0,294.0,294.0
TXN-GB-1-000521,2026-08-25 16:00:57,2026-08-25 16:01:57,GB,Legacy Oracle EBS,E,PUR-002,PureLife BP Monitor,Medical Device,PureLife,D2C,11,76.92,GBP,0.15,846.12,719.2
TXN-GB-1-000522,2026-08-25 04:08:19,2026-08-25 04:12:19,GB,Legacy Oracle EBS,E,DER-001,Dermacare GlowSerum,Aesthetic,Dermacare,Wholesale,9,27.35,GBP,0.0,246.15,246.15
TXN-GB-1-000523,2026-08-25 23:45:30,2026-08-25 23:51:30,GB,Legacy Oracle EBS,E,DER-001,Dermacare GlowSerum,Aesthetic,Dermacare,D2C,6,27.35,GBP,0.2,164.1,131.28
TXN-GB-1-000524,2026-08-25 12:58:52,2026-08-25 13:01:52,GB,Legacy Oracle EBS,E,SAN-001,SanaPlus PainRelief,OTC,SanaPlus,E-commerce,2,8.12,GBP,0.0,16.24,16.24
TXN-GB-1-000525,2026-08-25 17:49:15,2026-08-25 17:55:15,GB,Legacy Oracle EBS,E,PUR-001,PureLife GlucoMonitor,Medical Device,PureLife,E-commerce,8,72.65,GBP,0.1,581.2,523.08
TXN-GB-1-000526,2026-08-25 05:43:43,2026-08-25 05:47:43,GB,Legacy Oracle EBS,E,SAN-001,SanaPlus PainRelief,OTC,SanaPlus,Pharmacy/B2B,6,8.12,GBP,0.0,48.72,48.72
TXN-GB-1-000527,2026-08-25 05:17:46,2026-08-25 05:23:46,GB,Legacy Oracle EBS,E,DER-002,Dermacare LiftCream,Aesthetic,Dermacare,E-commerce,11,31.62,GBP,0.1,347.82,313.04
TXN-GB-1-000528,2026-08-25 15:36:27,2026-08-25 15:41:27,GB,Legacy Oracle EBS,E,PUR-001,PureLife GlucoMonitor,Medical Device,PureLife,D2C,10,72.65,GBP,0.0,726.5,726.5
TXN-GB-1-000529,2026-08-25 09:34:41,2026-08-25 09:40:41,GB,Legacy Oracle EBS,E,VIT-001,Vitalis C1000,Supplement,Vitalis,E-commerce,11,17.95,GBP,0.2,197.45,157.96
TXN-GB-1-000530,2026-08-25 20:49:54,2026-08-25 20:50:54,GB,Legacy Oracle EBS,E,VIT-002,Vitalis Multivit,Supplement,Vitalis,Wholesale,10,14.53,GBP,0.1,145.3,130.77
TXN-GB-1-000531,2026-08-25 17:03:59,2026-08-25 17:09:59,GB,Legacy Oracle EBS,E,PUR-001,PureLife GlucoMonitor,Medical Device,PureLife,E-commerce,11,72.65,GBP,0.0,799.15,799.15
TXN-GB-1-000532,2026-08-25 02:55:25,2026-08-25 03:01:25,GB,Legacy Oracle EBS,E,SAN-002,SanaPlus ColdFlu,OTC,SanaPlus,Pharmacy/B2B,4,8.97,GBP,0.0,35.88,35.88
TXN-GB-1-000533,2026-08-25 03:26:39,2026-08-25 03:31:39,GB,Legacy Oracle EBS,E,PUR-001,PureLife GlucoMonitor,Medical Device,PureLife,D2C,10,72.65,GBP,0.2,726.5,581.2
TXN-GB-1-000534,2026-08-25 15:18:49,2026-08-25 15:21:49,GB,Legacy Oracle EBS,E,SAN-002,SanaPlus ColdFlu,OTC,SanaPlus,Pharmacy/B2B,11,8.97,GBP,0.15,98.67,83.87
TXN-GB-1-000535,2026-08-25 01:05:12,2026-08-25 01:07:12,GB,Legacy Oracle EBS,E,SAN-002,SanaPlus ColdFlu,OTC,SanaPlus,Pharmacy/B2B,7,8.97,GBP,0.05,62.79,59.65
TXN-GB-1-000536,2026-08-25 15:48:57,2026-08-25 15:54:57,GB,Legacy Oracle EBS,E,PUR-001,PureLife GlucoMonitor,Medical Device,PureLife,Wholesale,11,72.65,GBP,0.15,799.15,679.28
TXN-GB-1-000537,2026-08-25 01:20:26,2026-08-25 01:24:26,GB,Legacy Oracle EBS,E,DER-002,Dermacare LiftCream,Aesthetic,Dermacare,E-commerce,5,31.62,GBP,0.05,158.1,150.19
TXN-GB-1-000538,2026-08-25 15:12:09,2026-08-25 15:16:09,GB,Legacy Oracle EBS,E,MED-002,Medora Derm Cream,Prescription,Medora,D2C,10,22.22,GBP,0.1,222.2,199.98
TXN-GB-1-000539,2026-08-25 19:21:56,2026-08-25 19:25:56,GB,Legacy Oracle EBS,E,VIT-002,Vitalis Multivit,Supplement,Vitalis,E-commerce,9,14.53,GBP,0.1,130.77,117.69
TXN-GB-1-000540,2026-08-25 13:02:52,2026-08-25 13:08:52,GB,Legacy Oracle EBS,E,PUR-002,PureLife BP Monitor,Medical Device,PureLife,Pharmacy/B2B,12,76.92,GBP,0.0,923.04,923.04
TXN-GB-1-000541,2026-08-25 08:24:52,2026-08-25 08:29:52,GB,Legacy Oracle EBS,E,SAN-002,SanaPlus ColdFlu,OTC,SanaPlus,E-commerce,5,8.97,GBP,0.0,44.85,44.85
TXN-GB-1-000542,2026-08-25 17:06:04,2026-08-25 17:10:04,GB,Legacy Oracle EBS,E,VIT-001,Vitalis C1000,Supplement,Vitalis,E-commerce,2,17.95,GBP,0.0,35.9,35.9
TXN-GB-1-000543,2026-08-25 12:49:58,2026-08-25 12:54:58,GB,Legacy Oracle EBS,E,DER-001,Dermacare GlowSerum,Aesthetic,Dermacare,E-commerce,11,27.35,GBP,0.05,300.85,285.81
TXN-GB-1-000544,2026-08-25 10:44:20,2026-08-25 10:46:20,GB,Legacy Oracle EBS,E,PUR-002,PureLife BP Monitor,Medical Device,PureLife,Wholesale,4,76.92,GBP,0.1,307.68,276.91
TXN-GB-1-000545,2026-08-25 21:58:50,2026-08-25 22:01:50,GB,Legacy Oracle EBS,E,PUR-002,PureLife BP Monitor,Medical Device,PureLife,D2C,10,76.92,GBP,0.0,769.2,769.2
TXN-GB-1-000546,2026-08-25 00:15:46,2026-08-25 00:17:46,GB,Legacy Oracle EBS,E,PUR-001,PureLife GlucoMonitor,Medical Device,PureLife,D2C,6,72.65,GBP,0.2,435.9,348.72
TXN-GB-1-000547,2026-08-25 10:24:46,2026-08-25 10:28:46,GB,Legacy Oracle EBS,E,SAN-002,SanaPlus ColdFlu,OTC,SanaPlus,Wholesale,11,8.97,GBP,0.15,98.67,83.87
TXN-GB-1-000548,2026-08-25 13:23:54,2026-08-25 13:25:54,GB,Legacy Oracle EBS,E,MED-002,Medora Derm Cream,Prescription,Medora,Wholesale,1,22.22,GBP,0.1,22.22,20.0
TXN-GB-1-000549,2026-08-25 17:51:43,2026-08-25 17:53:43,GB,Legacy Oracle EBS,E,MED-001,Medora Cardio 10mg,Prescription,Medora,Pharmacy/B2B,3,36.75,GBP,0.15,110.25,93.71
TXN-GB-1-000550,2026-08-25 03:18:52,2026-08-25 03:19:52,GB,Legacy Oracle EBS,E,VIT-001,Vitalis C1000,Supplement,Vitalis,Wholesale,4,17.95,GBP,0.05,71.8,68.21
TXN-GB-1-000551,2026-08-25 13:41:28,2026-08-25 13:43:28,GB,Legacy Oracle EBS,E,VIT-001,Vitalis C1000,Supplement,Vitalis,D2C,12,17.95,GBP,0.05,215.4,204.63
TXN-GB-1-000552,2026-08-25 23:54:49,2026-08-25 23:58:49,GB,Legacy Oracle EBS,E,VIT-002,Vitalis Multivit,Supplement,Vitalis,E-commerce,3,14.53,GBP,0.15,43.59,37.05
TXN-GB-1-000553,2026-08-25 07:26:44,2026-08-25 07:29:44,GB,Legacy Oracle EBS,E,PUR-001,PureLife GlucoMonitor,Medical Device,PureLife,Wholesale,5,72.65,GBP,0.1,363.25,326.93
TXN-GB-1-000554,2026-08-25 07:47:06,2026-08-25 07:52:06,GB,Legacy Oracle EBS,E,MED-002,Medora Derm Cream,Prescription,Medora,Wholesale,11,22.22,GBP,0.05,244.42,232.2
TXN-GB-1-000555,2026-08-25 00:11:06,2026-08-25 00:12:06,GB,Legacy Oracle EBS,E,PUR-002,PureLife BP Monitor,Medical Device,PureLife,Pharmacy/B2B,1,76.92,GBP,0.1,76.92,69.23
TXN-GB-1-000556,2026-08-25 00:22:40,2026-08-25 00:25:40,GB,Legacy Oracle EBS,E,PUR-001,PureLife GlucoMonitor,Medical Device,PureLife,Wholesale,7,72.65,GBP,0.15,508.55,432.27
TXN-GB-1-000557,2026-08-25 00:50:02,2026-08-25 00:56:02,GB,Legacy Oracle EBS,E,DER-002,Dermacare LiftCream,Aesthetic,Dermacare,E-commerce,12,31.62,GBP,0.0,379.44,379.44
TXN-GB-1-000558,2026-08-25 15:02:58,2026-08-25 15:05:58,GB,Legacy Oracle EBS,E,SAN-001,SanaPlus PainRelief,OTC,SanaPlus,Wholesale,9,8.12,GBP,0.1,73.08,65.77
TXN-GB-1-000559,2026-08-25 22:51:46,2026-08-25 22:57:46,GB,Legacy Oracle EBS,E,VIT-002,Vitalis Multivit,Supplement,Vitalis,Wholesale,9,14.53,GBP,0.0,130.77,130.77
TXN-GB-1-000560,2026-08-25 22:21:23,2026-08-25 22:24:23,GB,Legacy Oracle EBS,E,SAN-001,SanaPlus PainRelief,OTC,SanaPlus,Pharmacy/B2B,8,8.12,GBP,0.05,64.96,61.71
TXN-GB-1-000561,2026-08-25 02:07:18,2026-08-25 02:12:18,GB,Legacy Oracle EBS,E,MED-001,Medora Cardio 10mg,Prescription,Medora,E-commerce,8,36.75,GBP,0.0,294.0,294.0
TXN-GB-1-000562,2026-08-25 15:06:13,2026-08-25 15:09:13,GB,Legacy Oracle EBS,E,SAN-002,SanaPlus ColdFlu,OTC,SanaPlus,Pharmacy/B2B,1,8.97,GBP,0.0,8.97,8.97
TXN-GB-1-000563,2026-08-25 12:44:44,2026-08-25 12:48:44,GB,Legacy Oracle EBS,E,VIT-002,Vitalis Multivit,Supplement,Vitalis,D2C,7,14.53,GBP,0.05,101.71,96.62
TXN-GB-1-000564,2026-08-25 20:55:20,2026-08-25 20:58:20,GB,Legacy Oracle EBS,E,SAN-001,SanaPlus PainRelief,OTC,SanaPlus,Wholesale,4,8.12,GBP,0.15,32.48,27.61
TXN-GB-1-000565,2026-08-25 08:30:45,2026-08-25 08:35:45,GB,Legacy Oracle EBS,E,DER-002,Dermacare LiftCream,Aesthetic,Dermacare,Pharmacy/B2B,12,31.62,GBP,0.2,379.44,303.55
TXN-GB-1-000566,2026-08-25 11:51:14,2026-08-25 11:53:14,GB,Legacy Oracle EBS,E,PUR-001,PureLife GlucoMonitor,Medical Device,PureLife,Pharmacy/B2B,11,72.65,GBP,0.0,799.15,799.15
TXN-GB-1-000567,2026-08-25 14:09:45,2026-08-25 14:13:45,GB,Legacy Oracle EBS,E,SAN-002,SanaPlus ColdFlu,OTC,SanaPlus,Pharmacy/B2B,9,8.97,GBP,0.0,80.73,80.73
TXN-GB-1-000568,2026-08-25 16:06:39,2026-08-25 16:11:39,GB,Legacy Oracle EBS,E,SAN-001,SanaPlus PainRelief,OTC,SanaPlus,Wholesale,8,8.12,GBP,0.0,64.96,64.96
TXN-GB-1-000569,2026-08-25 21:36:20,2026-08-25 21:41:20,GB,Legacy Oracle EBS,E,PUR-001,PureLife GlucoMonitor,Medical Device,PureLife,E-commerce,8,72.65,GBP,0.0,581.2,581.2
TXN-GB-1-000570,2026-08-25 08:56:19,2026-08-25 08:59:19,GB,Legacy Oracle EBS,E,SAN-002,SanaPlus ColdFlu,OTC,SanaPlus,Pharmacy/B2B,10,8.97,GBP,0.2,89.7,71.76
TXN-GB-1-000571,2026-08-25 14:40:58,2026-08-25 14:45:58,GB,Legacy Oracle EBS,E,SAN-002,SanaPlus ColdFlu,OTC,SanaPlus,E-commerce,9,8.97,GBP,0.0,80.73,80.73
TXN-GB-1-000572,2026-08-25 14:23:02,2026-08-25 14:25:02,GB,Legacy Oracle EBS,E,SAN-002,SanaPlus ColdFlu,OTC,SanaPlus,Pharmacy/B2B,3,8.97,GBP,0.0,26.91,26.91
TXN-GB-1-000573,2026-08-25 01:38:28,2026-08-25 01:43:28,GB,Legacy Oracle EBS,E,PUR-002,PureLife BP Monitor,Medical Device,PureLife,Wholesale,5,76.92,GBP,0.05,384.6,365.37
TXN-GB-1-000574,2026-08-25 22:08:45,2026-08-25 22:14:45,GB,Legacy Oracle EBS,E,VIT-001,Vitalis C1000,Supplement,Vitalis,D2C,4,17.95,GBP,0.0,71.8,71.8
TXN-GB-1-000575,2026-08-25 08:27:14,2026-08-25 08:30:14,GB,Legacy Oracle EBS,E,SAN-001,SanaPlus PainRelief,OTC,SanaPlus,Wholesale,10,8.12,GBP,0.0,81.2,81.2
TXN-GB-1-000576,2026-08-25 06:26:14,2026-08-25 06:27:14,GB,Legacy Oracle EBS,E,VIT-001,Vitalis C1000,Supplement,Vitalis,Pharmacy/B2B,11,17.95,GBP,0.0,197.45,197.45
TXN-GB-1-000577,2026-08-25 14:09:30,2026-08-25 14:10:30,GB,Legacy Oracle EBS,E,VIT-002,Vitalis Multivit,Supplement,Vitalis,Wholesale,2,14.53,GBP,0.0,29.06,29.06
TXN-GB-1-000578,2026-08-25 18:58:23,2026-08-25 19:03:23,GB,Legacy Oracle EBS,E,MED-001,Medora Cardio 10mg,Prescription,Medora,E-commerce,6,36.75,GBP,0.2,220.5,176.4
TXN-GB-1-000579,2026-08-25 11:17:57,2026-08-25 11:21:57,GB,Legacy Oracle EBS,E,PUR-002,PureLife BP Monitor,Medical Device,PureLife,D2C,7,76.92,GBP,0.05,538.44,511.52
TXN-GB-1-000580,2026-08-25 00:01:30,2026-08-25 00:04:30,GB,Legacy Oracle EBS,E,PUR-002,PureLife BP Monitor,Medical Device,PureLife,Pharmacy/B2B,4,76.92,GBP,0.05,307.68,292.3
TXN-GB-1-000581,2026-08-25 14:38:58,2026-08-25 14:41:58,GB,Legacy Oracle EBS,E,DER-002,Dermacare LiftCream,Aesthetic,Dermacare,D2C,8,31.62,GBP,0.05,252.96,240.31
TXN-GB-1-000582,2026-08-25 21:13:13,2026-08-25 21:14:13,GB,Legacy Oracle EBS,E,MED-002,Medora Derm Cream,Prescription,Medora,Wholesale,2,22.22,GBP,0.0,44.44,44.44
TXN-GB-1-000583,2026-08-25 06:27:34,2026-08-25 06:28:34,GB,Legacy Oracle EBS,E,SAN-002,SanaPlus ColdFlu,OTC,SanaPlus,Pharmacy/B2B,4,8.97,GBP,0.15,35.88,30.5
TXN-GB-1-000584,2026-08-25 20:55:07,2026-08-25 21:01:07,GB,Legacy Oracle EBS,E,DER-001,Dermacare GlowSerum,Aesthetic,Dermacare,D2C,6,27.35,GBP,0.1,164.1,147.69
TXN-GB-1-000585,2026-08-25 14:52:58,2026-08-25 14:58:58,GB,Legacy Oracle EBS,E,PUR-001,PureLife GlucoMonitor,Medical Device,PureLife,Pharmacy/B2B,11,72.65,GBP,0.1,799.15,719.24
TXN-GB-1-000586,2026-08-25 23:15:32,2026-08-25 23:16:32,GB,Legacy Oracle EBS,E,MED-001,Medora Cardio 10mg,Prescription,Medora,D2C,2,36.75,GBP,0.0,73.5,73.5
TXN-GB-1-000587,2026-08-25 18:58:26,2026-08-25 19:03:26,GB,Legacy Oracle EBS,E,VIT-002,Vitalis Multivit,Supplement,Vitalis,E-commerce,4,14.53,GBP,0.0,58.12,58.12
TXN-GB-1-000588,2026-08-25 04:46:13,2026-08-25 04:51:13,GB,Legacy Oracle EBS,E,DER-001,Dermacare GlowSerum,Aesthetic,Dermacare,Wholesale,1,27.35,GBP,0.0,27.35,27.35
TXN-GB-1-000589,2026-08-25 08:08:04,2026-08-25 08:13:04,GB,Legacy Oracle EBS,E,SAN-002,SanaPlus ColdFlu,OTC,SanaPlus,D2C,12,8.97,GBP,0.0,107.64,107.64
TXN-GB-1-000590,2026-08-25 00:56:36,2026-08-25 00:58:36,GB,Legacy Oracle EBS,E,PUR-002,PureLife BP Monitor,Medical Device,PureLife,D2C,8,76.92,GBP,0.0,615.36,615.36
TXN-GB-1-000591,2026-08-25 18:53:01,2026-08-25 18:54:01,GB,Legacy Oracle EBS,E,MED-002,Medora Derm Cream,Prescription,Medora,Pharmacy/B2B,2,22.22,GBP,0.0,44.44,44.44
TXN-GB-1-000592,2026-08-25 10:42:54,2026-08-25 10:45:54,GB,Legacy Oracle EBS,E,DER-002,Dermacare LiftCream,Aesthetic,Dermacare,Pharmacy/B2B,9,31.62,GBP,0.0,284.58,284.58
TXN-GB-1-000593,2026-08-25 13:38:43,2026-08-25 13:43:43,GB,Legacy Oracle EBS,E,MED-001,Medora Cardio 10mg,Prescription,Medora,Wholesale,12,36.75,GBP,0.15,441.0,374.85
TXN-GB-1-000594,2026-08-25 03:17:57,2026-08-25 03:22:57,GB,Legacy Oracle EBS,E,SAN-001,SanaPlus PainRelief,OTC,SanaPlus,Pharmacy/B2B,4,8.12,GBP,0.05,32.48,30.86
TXN-GB-1-000595,2026-08-25 22:46:21,2026-08-25 22:52:21,GB,Legacy Oracle EBS,E,SAN-002,SanaPlus ColdFlu,OTC,SanaPlus,Pharmacy/B2B,6,8.97,GBP,0.0,53.82,53.82
TXN-GB-1-000596,2026-08-25 04:23:55,2026-08-25 04:28:55,GB,Legacy Oracle EBS,E,MED-002,Medora Derm Cream,Prescription,Medora,E-commerce,10,22.22,GBP,0.05,222.2,211.09
TXN-GB-1-000597,2026-08-25 19:22:43,2026-08-25 19:26:43,GB,Legacy Oracle EBS,E,MED-002,Medora Derm Cream,Prescription,Medora,Wholesale,11,22.22,GBP,0.05,244.42,232.2
TXN-GB-1-000598,2026-08-25 02:47:46,2026-08-25 02:51:46,GB,Legacy Oracle EBS,E,MED-001,Medora Cardio 10mg,Prescription,Medora,Pharmacy/B2B,11,36.75,GBP,0.0,404.25,404.25
TXN-GB-1-000599,2026-08-25 22:13:15,2026-08-25 22:15:15,GB,Legacy Oracle EBS,E,PUR-002,PureLife BP Monitor,Medical Device,PureLife,E-commerce,12,76.92,GBP,0.0,923.04,923.04
TXN-GB-1-000600,2026-08-25 20:20:03,2026-08-25 20:26:03,GB,Legacy Oracle EBS,E,SAN-002,SanaPlus ColdFlu,OTC,SanaPlus,Pharmacy/B2B,8,8.97,GBP,0.15,71.76,61.0
TXN-GB-1-000601,2026-08-25 03:41:32,2026-08-25 03:46:32,GB,Legacy Oracle EBS,E,DER-001,Dermacare GlowSerum,Aesthetic,Dermacare,Pharmacy/B2B,3,27.35,GBP,0.1,82.05,73.84
TXN-GB-1-000602,2026-08-25 08:00:36,2026-08-25 08:02:36,GB,Legacy Oracle EBS,E,VIT-001,Vitalis C1000,Supplement,Vitalis,Pharmacy/B2B,4,17.95,GBP,0.0,71.8,71.8
TXN-GB-1-000603,2026-08-25 20:59:21,2026-08-25 21:02:21,GB,Legacy Oracle EBS,E,VIT-001,Vitalis C1000,Supplement,Vitalis,E-commerce,1,17.95,GBP,0.1,17.95,16.16
TXN-GB-1-000604,2026-08-25 09:39:18,2026-08-25 09:40:18,GB,Legacy Oracle EBS,E,MED-001,Medora Cardio 10mg,Prescription,Medora,E-commerce,8,36.75,GBP,0.2,294.0,235.2
TXN-GB-1-000605,2026-08-25 02:39:33,2026-08-25 02:43:33,GB,Legacy Oracle EBS,E,DER-002,Dermacare LiftCream,Aesthetic,Dermacare,D2C,9,31.62,GBP,0.1,284.58,256.12
TXN-GB-1-000606,2026-08-25 12:41:52,2026-08-25 12:45:52,GB,Legacy Oracle EBS,E,VIT-001,Vitalis C1000,Supplement,Vitalis,Wholesale,5,17.95,GBP,0.1,89.75,80.78
TXN-GB-1-000607,2026-08-25 00:15:05,2026-08-25 00:19:05,GB,Legacy Oracle EBS,E,DER-001,Dermacare GlowSerum,Aesthetic,Dermacare,Pharmacy/B2B,2,27.35,GBP,0.15,54.7,46.5
TXN-GB-1-000608,2026-08-25 06:36:05,2026-08-25 06:40:05,GB,Legacy Oracle EBS,E,VIT-001,Vitalis C1000,Supplement,Vitalis,Pharmacy/B2B,11,17.95,GBP,0.0,197.45,197.45
TXN-GB-1-000609,2026-08-25 02:10:04,2026-08-25 02:14:04,GB,Legacy Oracle EBS,E,PUR-002,PureLife BP Monitor,Medical Device,PureLife,D2C,2,76.92,GBP,0.05,153.84,146.15
TXN-GB-1-000610,2026-08-25 11:34:41,2026-08-25 11:38:41,GB,Legacy Oracle EBS,E,MED-002,Medora Derm Cream,Prescription,Medora,E-commerce,2,22.22,GBP,0.0,44.44,44.44
TXN-GB-1-000611,2026-08-25 20:11:02,2026-08-25 20:15:02,GB,Legacy Oracle EBS,E,MED-001,Medora Cardio 10mg,Prescription,Medora,Pharmacy/B2B,9,36.75,GBP,0.0,330.75,330.75
TXN-GB-1-000612,2026-08-25 04:25:17,2026-08-25 04:31:17,GB,Legacy Oracle EBS,E,VIT-001,Vitalis C1000,Supplement,Vitalis,E-commerce,11,17.95,GBP,0.1,197.45,177.7
TXN-GB-1-000613,2026-08-25 22:09:43,2026-08-25 22:11:43,GB,Legacy Oracle EBS,E,VIT-002,Vitalis Multivit,Supplement,Vitalis,Pharmacy/B2B,3,14.53,GBP,0.0,43.59,43.59
TXN-GB-1-000614,2026-08-25 13:00:15,2026-08-25 13:05:15,GB,Legacy Oracle EBS,E,PUR-001,PureLife GlucoMonitor,Medical Device,PureLife,Wholesale,10,72.65,GBP,0.15,726.5,617.52
TXN-GB-1-000615,2026-08-25 04:56:20,2026-08-25 04:57:20,GB,Legacy Oracle EBS,E,DER-001,Dermacare GlowSerum,Aesthetic,Dermacare,E-commerce,4,27.35,GBP,0.0,109.4,109.4
TXN-GB-1-000616,2026-08-25 10:21:28,2026-08-25 10:27:28,GB,Legacy Oracle EBS,E,SAN-002,SanaPlus ColdFlu,OTC,SanaPlus,Wholesale,9,8.97,GBP,0.15,80.73,68.62
TXN-GB-1-000617,2026-08-25 18:22:57,2026-08-25 18:28:57,GB,Legacy Oracle EBS,E,PUR-002,PureLife BP Monitor,Medical Device,PureLife,Pharmacy/B2B,1,76.92,GBP,0.1,76.92,69.23
TXN-GB-1-000618,2026-08-25 14:05:12,2026-08-25 14:11:12,GB,Legacy Oracle EBS,E,MED-002,Medora Derm Cream,Prescription,Medora,Wholesale,9,22.22,GBP,0.0,199.98,199.98
TXN-GB-1-000619,2026-08-25 10:29:35,2026-08-25 10:32:35,GB,Legacy Oracle EBS,E,MED-001,Medora Cardio 10mg,Prescription,Medora,D2C,3,36.75,GBP,0.0,110.25,110.25
TXN-GB-1-000620,2026-08-25 02:22:13,2026-08-25 02:24:13,GB,Legacy Oracle EBS,E,MED-001,Medora Cardio 10mg,Prescription,Medora,E-commerce,7,36.75,GBP,0.0,257.25,257.25
TXN-GB-1-000621,2026-08-25 18:53:28,2026-08-25 18:54:28,GB,Legacy Oracle EBS,E,DER-001,Dermacare GlowSerum,Aesthetic,Dermacare,D2C,2,27.35,GBP,0.15,54.7,46.5
TXN-GB-1-000622,2026-08-25 20:16:20,2026-08-25 20:17:20,GB,Legacy Oracle EBS,E,SAN-001,SanaPlus PainRelief,OTC,SanaPlus,D2C,12,8.12,GBP,0.2,97.44,77.95
TXN-GB-1-000623,2026-08-25 14:49:15,2026-08-25 14:50:15,GB,Legacy Oracle EBS,E,PUR-001,PureLife GlucoMonitor,Medical Device,PureLife,Pharmacy/B2B,12,72.65,GBP,0.1,871.8,784.62
TXN-GB-1-000624,2026-08-25 18:11:18,2026-08-25 18:12:18,GB,Legacy Oracle EBS,E,SAN-001,SanaPlus PainRelief,OTC,SanaPlus,Pharmacy/B2B,9,8.12,GBP,0.2,73.08,58.46
TXN-GB-1-000625,2026-08-25 08:35:44,2026-08-25 08:38:44,GB,Legacy Oracle EBS,E,DER-001,Dermacare GlowSerum,Aesthetic,Dermacare,D2C,5,27.35,GBP,0.0,136.75,136.75
TXN-GB-1-000626,2026-08-25 20:36:31,2026-08-25 20:39:31,GB,Legacy Oracle EBS,E,MED-001,Medora Cardio 10mg,Prescription,Medora,Wholesale,1,36.75,GBP,0.1,36.75,33.08
TXN-GB-1-000627,2026-08-25 12:06:10,2026-08-25 12:11:10,GB,Legacy Oracle EBS,E,MED-001,Medora Cardio 10mg,Prescription,Medora,Wholesale,3,36.75,GBP,0.15,110.25,93.71
TXN-GB-1-000628,2026-08-25 16:37:44,2026-08-25 16:40:44,GB,Legacy Oracle EBS,E,SAN-002,SanaPlus ColdFlu,OTC,SanaPlus,Wholesale,7,8.97,GBP,0.1,62.79,56.51
TXN-GB-1-000629,2026-08-25 20:17:52,2026-08-25 20:19:52,GB,Legacy Oracle EBS,E,PUR-002,PureLife BP Monitor,Medical Device,PureLife,D2C,10,76.92,GBP,0.15,769.2,653.82
TXN-GB-1-000630,2026-08-25 01:28:44,2026-08-25 01:32:44,GB,Legacy Oracle EBS,E,SAN-001,SanaPlus PainRelief,OTC,SanaPlus,E-commerce,10,8.12,GBP,0.0,81.2,81.2
TXN-GB-1-000631,2026-08-25 02:50:46,2026-08-25 02:53:46,GB,Legacy Oracle EBS,E,VIT-001,Vitalis C1000,Supplement,Vitalis,Pharmacy/B2B,5,17.95,GBP,0.1,89.75,80.78
TXN-GB-1-000632,2026-08-25 13:04:26,2026-08-25 13:08:26,GB,Legacy Oracle EBS,E,DER-002,Dermacare LiftCream,Aesthetic,Dermacare,Wholesale,3,31.62,GBP,0.0,94.86,94.86
TXN-GB-1-000633,2026-08-25 06:56:13,2026-08-25 07:02:13,GB,Legacy Oracle EBS,E,PUR-001,PureLife GlucoMonitor,Medical Device,PureLife,D2C,8,72.65,GBP,0.05,581.2,552.14
TXN-GB-1-000634,2026-08-25 14:13:08,2026-08-25 14:18:08,GB,Legacy Oracle EBS,E,MED-002,Medora Derm Cream,Prescription,Medora,D2C,4,22.22,GBP,0.0,88.88,88.88
TXN-GB-1-000635,2026-08-25 03:29:07,2026-08-25 03:33:07,GB,Legacy Oracle EBS,E,SAN-001,SanaPlus PainRelief,OTC,SanaPlus,Wholesale,3,8.12,GBP,0.1,24.36,21.92
TXN-GB-1-000636,2026-08-25 22:56:17,2026-08-25 23:00:17,GB,Legacy Oracle EBS,E,MED-002,Medora Derm Cream,Prescription,Medora,Wholesale,5,22.22,GBP,0.15,111.1,94.43
TXN-GB-1-000637,2026-08-25 13:39:54,2026-08-25 13:44:54,GB,Legacy Oracle EBS,E,SAN-002,SanaPlus ColdFlu,OTC,SanaPlus,Pharmacy/B2B,3,8.97,GBP,0.2,26.91,21.53
TXN-GB-1-000638,2026-08-25 14:06:19,2026-08-25 14:08:19,GB,Legacy Oracle EBS,E,PUR-002,PureLife BP Monitor,Medical Device,PureLife,Wholesale,7,76.92,GBP,0.0,538.44,538.44
TXN-GB-1-000639,2026-08-25 04:24:14,2026-08-25 04:28:14,GB,Legacy Oracle EBS,E,DER-001,Dermacare GlowSerum,Aesthetic,Dermacare,E-commerce,12,27.35,GBP,0.1,328.2,295.38
TXN-GB-1-000640,2026-08-25 14:31:40,2026-08-25 14:35:40,GB,Legacy Oracle EBS,E,MED-001,Medora Cardio 10mg,Prescription,Medora,E-commerce,5,36.75,GBP,0.1,183.75,165.38
TXN-GB-1-000641,2026-08-25 19:00:31,2026-08-25 19:02:31,GB,Legacy Oracle EBS,E,SAN-001,SanaPlus PainRelief,OTC,SanaPlus,Wholesale,9,8.12,GBP,0.1,73.08,65.77
TXN-GB-1-000642,2026-08-25 22:59:09,2026-08-25 23:05:09,GB,Legacy Oracle EBS,E,DER-001,Dermacare GlowSerum,Aesthetic,Dermacare,Wholesale,11,27.35,GBP,0.0,300.85,300.85
TXN-GB-1-000643,2026-08-25 04:32:55,2026-08-25 04:36:55,GB,Legacy Oracle EBS,E,SAN-002,SanaPlus ColdFlu,OTC,SanaPlus,Wholesale,3,8.97,GBP,0.2,26.91,21.53
TXN-GB-1-000644,2026-08-25 18:07:06,2026-08-25 18:13:06,GB,Legacy Oracle EBS,E,DER-002,Dermacare LiftCream,Aesthetic,Dermacare,D2C,1,31.62,GBP,0.0,31.62,31.62
TXN-GB-1-000645,2026-08-25 02:17:25,2026-08-25 02:20:25,GB,Legacy Oracle EBS,E,DER-002,Dermacare LiftCream,Aesthetic,Dermacare,E-commerce,4,31.62,GBP,0.0,126.48,126.48
TXN-GB-1-000646,2026-08-25 05:22:15,2026-08-25 05:25:15,GB,Legacy Oracle EBS,E,VIT-001,Vitalis C1000,Supplement,Vitalis,D2C,3,17.95,GBP,0.0,53.85,53.85
TXN-GB-1-000647,2026-08-25 12:23:11,2026-08-25 12:25:11,GB,Legacy Oracle EBS,E,SAN-002,SanaPlus ColdFlu,OTC,SanaPlus,Wholesale,1,8.97,GBP,0.0,8.97,8.97
TXN-GB-1-000648,2026-08-25 18:58:08,2026-08-25 19:01:08,GB,Legacy Oracle EBS,E,PUR-001,PureLife GlucoMonitor,Medical Device,PureLife,D2C,10,72.65,GBP,0.05,726.5,690.17
TXN-GB-1-000649,2026-08-25 02:16:34,2026-08-25 02:20:34,GB,Legacy Oracle EBS,E,VIT-001,Vitalis C1000,Supplement,Vitalis,Pharmacy/B2B,6,17.95,GBP,0.2,107.7,86.16
TXN-GB-1-000650,2026-08-25 02:03:34,2026-08-25 02:06:34,GB,Legacy Oracle EBS,E,VIT-001,Vitalis C1000,Supplement,Vitalis,Pharmacy/B2B,11,17.95,GBP,0.0,197.45,197.45
TXN-GB-1-000651,2026-08-25 08:17:20,2026-08-25 08:20:20,GB,Legacy Oracle EBS,E,VIT-002,Vitalis Multivit,Supplement,Vitalis,Pharmacy/B2B,4,14.53,GBP,0.15,58.12,49.4
TXN-GB-1-000652,2026-08-25 04:20:01,2026-08-25 04:25:01,GB,Legacy Oracle EBS,E,SAN-001,SanaPlus PainRelief,OTC,SanaPlus,D2C,7,8.12,GBP,0.0,56.84,56.84
TXN-GB-1-000653,2026-08-25 11:59:33,2026-08-25 12:04:33,GB,Legacy Oracle EBS,E,PUR-002,PureLife BP Monitor,Medical Device,PureLife,E-commerce,5,76.92,GBP,0.15,384.6,326.91
TXN-GB-1-000654,2026-08-25 05:26:23,2026-08-25 05:28:23,GB,Legacy Oracle EBS,E,VIT-001,Vitalis C1000,Supplement,Vitalis,E-commerce,12,17.95,GBP,0.15,215.4,183.09
TXN-GB-1-000655,2026-08-25 04:29:57,2026-08-25 04:30:57,GB,Legacy Oracle EBS,E,PUR-002,PureLife BP Monitor,Medical Device,PureLife,Pharmacy/B2B,3,76.92,GBP,0.1,230.76,207.68
TXN-GB-1-000656,2026-08-25 09:51:43,2026-08-25 09:54:43,GB,Legacy Oracle EBS,E,VIT-002,Vitalis Multivit,Supplement,Vitalis,Pharmacy/B2B,5,14.53,GBP,0.15,72.65,61.75
TXN-GB-1-000657,2026-08-25 23:19:34,2026-08-25 23:20:34,GB,Legacy Oracle EBS,E,SAN-001,SanaPlus PainRelief,OTC,SanaPlus,Pharmacy/B2B,9,8.12,GBP,0.2,73.08,58.46
TXN-GB-1-000658,2026-08-25 17:40:32,2026-08-25 17:45:32,GB,Legacy Oracle EBS,E,VIT-002,Vitalis Multivit,Supplement,Vitalis,D2C,12,14.53,GBP,0.2,174.36,139.49
TXN-GB-1-000659,2026-08-25 07:09:59,2026-08-25 07:15:59,GB,Legacy Oracle EBS,E,DER-002,Dermacare LiftCream,Aesthetic,Dermacare,Wholesale,10,31.62,GBP,0.2,316.2,252.96
TXN-GB-1-000660,2026-08-25 19:48:22,2026-08-25 19:50:22,GB,Legacy Oracle EBS,E,SAN-001,SanaPlus PainRelief,OTC,SanaPlus,Pharmacy/B2B,3,8.12,GBP,0.0,24.36,24.36
TXN-GB-1-000661,2026-08-25 04:10:41,2026-08-25 04:14:41,GB,Legacy Oracle EBS,E,PUR-001,PureLife GlucoMonitor,Medical Device,PureLife,E-commerce,4,72.65,GBP,0.0,290.6,290.6
TXN-GB-1-000662,2026-08-25 07:54:04,2026-08-25 07:58:04,GB,Legacy Oracle EBS,E,PUR-002,PureLife BP Monitor,Medical Device,PureLife,Pharmacy/B2B,9,76.92,GBP,0.0,692.28,692.28
TXN-GB-1-000663,2026-08-25 23:46:48,2026-08-25 23:47:48,GB,Legacy Oracle EBS,E,MED-001,Medora Cardio 10mg,Prescription,Medora,Wholesale,3,36.75,GBP,0.2,110.25,88.2
TXN-GB-1-000664,2026-08-25 11:18:48,2026-08-25 11:20:48,GB,Legacy Oracle EBS,E,DER-001,Dermacare GlowSerum,Aesthetic,Dermacare,D2C,8,27.35,GBP,0.1,218.8,196.92
TXN-GB-1-000665,2026-08-25 22:26:52,2026-08-25 22:30:52,GB,Legacy Oracle EBS,E,VIT-002,Vitalis Multivit,Supplement,Vitalis,D2C,6,14.53,GBP,0.1,87.18,78.46
TXN-GB-1-000666,2026-08-25 17:14:18,2026-08-25 17:18:18,GB,Legacy Oracle EBS,E,SAN-001,SanaPlus PainRelief,OTC,SanaPlus,D2C,3,8.12,GBP,0.05,24.36,23.14
TXN-GB-1-000667,2026-08-25 07:45:45,2026-08-25 07:51:45,GB,Legacy Oracle EBS,E,SAN-001,SanaPlus PainRelief,OTC,SanaPlus,E-commerce,4,8.12,GBP,0.15,32.48,27.61
TXN-GB-1-000668,2026-08-25 17:59:08,2026-08-25 18:05:08,GB,Legacy Oracle EBS,E,VIT-001,Vitalis C1000,Supplement,Vitalis,D2C,5,17.95,GBP,0.0,89.75,89.75
TXN-GB-1-000669,2026-08-25 06:45:37,2026-08-25 06:47:37,GB,Legacy Oracle EBS,E,SAN-002,SanaPlus ColdFlu,OTC,SanaPlus,E-commerce,6,8.97,GBP,0.0,53.82,53.82
TXN-GB-1-000670,2026-08-25 02:27:41,2026-08-25 02:31:41,GB,Legacy Oracle EBS,E,PUR-001,PureLife GlucoMonitor,Medical Device,PureLife,E-commerce,9,72.65,GBP,0.0,653.85,653.85
TXN-GB-1-000671,2026-08-25 12:03:20,2026-08-25 12:04:20,GB,Legacy Oracle EBS,E,VIT-002,Vitalis Multivit,Supplement,Vitalis,D2C,6,14.53,GBP,0.0,87.18,87.18
TXN-GB-1-000672,2026-08-25 08:23:19,2026-08-25 08:28:19,GB,Legacy Oracle EBS,E,PUR-001,PureLife GlucoMonitor,Medical Device,PureLife,E-commerce,9,72.65,GBP,0.05,653.85,621.16
TXN-GB-1-000673,2026-08-25 05:46:59,2026-08-25 05:47:59,GB,Legacy Oracle EBS,E,SAN-001,SanaPlus PainRelief,OTC,SanaPlus,Wholesale,7,8.12,GBP,0.05,56.84,54.0
TXN-GB-1-000674,2026-08-25 15:50:35,2026-08-25 15:54:35,GB,Legacy Oracle EBS,E,DER-001,Dermacare GlowSerum,Aesthetic,Dermacare,Pharmacy/B2B,9,27.35,GBP,0.0,246.15,246.15
TXN-GB-1-000675,2026-08-25 19:40:22,2026-08-25 19:45:22,GB,Legacy Oracle EBS,E,DER-002,Dermacare LiftCream,Aesthetic,Dermacare,D2C,6,31.62,GBP,0.15,189.72,161.26
TXN-GB-1-000676,2026-08-25 18:13:28,2026-08-25 18:17:28,GB,Legacy Oracle EBS,E,MED-002,Medora Derm Cream,Prescription,Medora,E-commerce,1,22.22,GBP,0.15,22.22,18.89
TXN-GB-1-000677,2026-08-25 17:12:29,2026-08-25 17:15:29,GB,Legacy Oracle EBS,E,VIT-002,Vitalis Multivit,Supplement,Vitalis,Pharmacy/B2B,11,14.53,GBP,0.2,159.83,127.86
TXN-GB-1-000678,2026-08-25 07:49:59,2026-08-25 07:55:59,GB,Legacy Oracle EBS,E,DER-001,Dermacare GlowSerum,Aesthetic,Dermacare,D2C,10,27.35,GBP,0.0,273.5,273.5
TXN-GB-1-000679,2026-08-25 03:44:24,2026-08-25 03:47:24,GB,Legacy Oracle EBS,E,VIT-001,Vitalis C1000,Supplement,Vitalis,Wholesale,3,17.95,GBP,0.0,53.85,53.85
TXN-GB-1-000680,2026-08-25 23:54:30,2026-08-26 00:00:30,GB,Legacy Oracle EBS,E,MED-001,Medora Cardio 10mg,Prescription,Medora,Wholesale,5,36.75,GBP,0.15,183.75,156.19
TXN-GB-1-000681,2026-08-25 02:59:34,2026-08-25 03:02:34,GB,Legacy Oracle EBS,E,SAN-001,SanaPlus PainRelief,OTC,SanaPlus,E-commerce,1,8.12,GBP,0.15,8.12,6.9
TXN-GB-1-000682,2026-08-25 04:26:02,2026-08-25 04:27:02,GB,Legacy Oracle EBS,E,DER-001,Dermacare GlowSerum,Aesthetic,Dermacare,Pharmacy/B2B,5,27.35,GBP,0.0,136.75,136.75
TXN-GB-1-000683,2026-08-25 12:56:32,2026-08-25 12:58:32,GB,Legacy Oracle EBS,E,PUR-002,PureLife BP Monitor,Medical Device,PureLife,Wholesale,5,76.92,GBP,0.0,384.6,384.6
TXN-GB-1-000684,2026-08-25 16:47:51,2026-08-25 16:50:51,GB,Legacy Oracle EBS,E,SAN-001,SanaPlus PainRelief,OTC,SanaPlus,E-commerce,4,8.12,GBP,0.0,32.48,32.48
TXN-GB-1-000685,2026-08-25 21:40:08,2026-08-25 21:45:08,GB,Legacy Oracle EBS,E,DER-002,Dermacare LiftCream,Aesthetic,Dermacare,Pharmacy/B2B,2,31.62,GBP,0.15,63.24,53.75
TXN-GB-1-000686,2026-08-25 13:11:43,2026-08-25 13:13:43,GB,Legacy Oracle EBS,E,VIT-002,Vitalis Multivit,Supplement,Vitalis,E-commerce,5,14.53,GBP,0.2,72.65,58.12
TXN-GB-1-000687,2026-08-25 21:08:24,2026-08-25 21:12:24,GB,Legacy Oracle EBS,E,VIT-001,Vitalis C1000,Supplement,Vitalis,Wholesale,10,17.95,GBP,0.05,179.5,170.53
TXN-GB-1-000688,2026-08-25 01:02:14,2026-08-25 01:03:14,GB,Legacy Oracle EBS,E,MED-001,Medora Cardio 10mg,Prescription,Medora,Pharmacy/B2B,12,36.75,GBP,0.0,441.0,441.0
TXN-GB-1-000689,2026-08-25 23:03:12,2026-08-25 23:06:12,GB,Legacy Oracle EBS,E,VIT-002,Vitalis Multivit,Supplement,Vitalis,D2C,5,14.53,GBP,0.1,72.65,65.39
TXN-GB-1-000690,2026-08-25 21:49:57,2026-08-25 21:53:57,GB,Legacy Oracle EBS,E,SAN-002,SanaPlus ColdFlu,OTC,SanaPlus,D2C,9,8.97,GBP,0.15,80.73,68.62
TXN-GB-1-000691,2026-08-25 15:02:59,2026-08-25 15:08:59,GB,Legacy Oracle EBS,E,MED-002,Medora Derm Cream,Prescription,Medora,Pharmacy/B2B,8,22.22,GBP,0.1,177.76,159.98
TXN-GB-1-000692,2026-08-25 14:41:23,2026-08-25 14:42:23,GB,Legacy Oracle EBS,E,VIT-001,Vitalis C1000,Supplement,Vitalis,Pharmacy/B2B,6,17.95,GBP,0.1,107.7,96.93
TXN-GB-1-000693,2026-08-25 21:30:32,2026-08-25 21:32:32,GB,Legacy Oracle EBS,E,DER-002,Dermacare LiftCream,Aesthetic,Dermacare,D2C,4,31.62,GBP,0.05,126.48,120.16
TXN-GB-1-000694,2026-08-25 15:54:52,2026-08-25 15:56:52,GB,Legacy Oracle EBS,E,PUR-001,PureLife GlucoMonitor,Medical Device,PureLife,E-commerce,8,72.65,GBP,0.0,581.2,581.2
TXN-GB-1-000695,2026-08-25 21:14:23,2026-08-25 21:15:23,GB,Legacy Oracle EBS,E,VIT-002,Vitalis Multivit,Supplement,Vitalis,E-commerce,2,14.53,GBP,0.0,29.06,29.06
TXN-GB-1-000696,2026-08-25 06:05:38,2026-08-25 06:07:38,GB,Legacy Oracle EBS,E,VIT-002,Vitalis Multivit,Supplement,Vitalis,D2C,5,14.53,GBP,0.1,72.65,65.39
TXN-GB-1-000697,2026-08-25 01:29:28,2026-08-25 01:33:28,GB,Legacy Oracle EBS,E,MED-001,Medora Cardio 10mg,Prescription,Medora,D2C,8,36.75,GBP,0.0,294.0,294.0
TXN-GB-1-000698,2026-08-25 04:17:01,2026-08-25 04:20:01,GB,Legacy Oracle EBS,E,PUR-001,PureLife GlucoMonitor,Medical Device,PureLife,E-commerce,7,72.65,GBP,0.1,508.55,457.69
TXN-GB-1-000699,2026-08-25 16:52:08,2026-08-25 16:55:08,GB,Legacy Oracle EBS,E,DER-002,Dermacare LiftCream,Aesthetic,Dermacare,Wholesale,12,31.62,GBP,0.2,379.44,303.55
TXN-GB-1-000700,2026-08-25 18:04:20,2026-08-25 18:07:20,GB,Legacy Oracle EBS,E,MED-001,Medora Cardio 10mg,Prescription,Medora,Wholesale,1,36.75,GBP,0.0,36.75,36.75
TXN-GB-1-000701,2026-08-25 14:39:41,2026-08-25 14:43:41,GB,Legacy Oracle EBS,E,DER-001,Dermacare GlowSerum,Aesthetic,Dermacare,D2C,7,27.35,GBP,0.0,191.45,191.45
TXN-GB-1-000702,2026-08-25 00:08:09,2026-08-25 00:14:09,GB,Legacy Oracle EBS,E,DER-002,Dermacare LiftCream,Aesthetic,Dermacare,Wholesale,12,31.62,GBP,0.0,379.44,379.44
TXN-GB-1-000703,2026-08-25 05:54:00,2026-08-25 05:59:00,GB,Legacy Oracle EBS,E,VIT-001,Vitalis C1000,Supplement,Vitalis,Pharmacy/B2B,3,17.95,GBP,0.2,53.85,43.08
TXN-GB-1-000704,2026-08-25 23:29:03,2026-08-25 23:34:03,GB,Legacy Oracle EBS,E,VIT-001,Vitalis C1000,Supplement,Vitalis,Pharmacy/B2B,10,17.95,GBP,0.2,179.5,143.6
TXN-GB-1-000705,2026-08-25 07:44:16,2026-08-25 07:49:16,GB,Legacy Oracle EBS,E,DER-001,Dermacare GlowSerum,Aesthetic,Dermacare,E-commerce,8,27.35,GBP,0.1,218.8,196.92
TXN-GB-1-000706,2026-08-25 09:31:27,2026-08-25 09:35:27,GB,Legacy Oracle EBS,E,VIT-001,Vitalis C1000,Supplement,Vitalis,Wholesale,5,17.95,GBP,0.15,89.75,76.29
TXN-GB-1-000707,2026-08-25 07:50:45,2026-08-25 07:55:45,GB,Legacy Oracle EBS,E,VIT-002,Vitalis Multivit,Supplement,Vitalis,E-commerce,1,14.53,GBP,0.0,14.53,14.53
TXN-GB-1-000708,2026-08-25 13:06:45,2026-08-25 13:12:45,GB,Legacy Oracle EBS,E,PUR-002,PureLife BP Monitor,Medical Device,PureLife,Wholesale,10,76.92,GBP,0.0,769.2,769.2
TXN-GB-1-000709,2026-08-25 01:20:08,2026-08-25 01:24:08,GB,Legacy Oracle EBS,E,DER-001,Dermacare GlowSerum,Aesthetic,Dermacare,Wholesale,1,27.35,GBP,0.0,27.35,27.35
TXN-GB-1-000710,2026-08-25 19:46:22,2026-08-25 19:49:22,GB,Legacy Oracle EBS,E,VIT-002,Vitalis Multivit,Supplement,Vitalis,Pharmacy/B2B,3,14.53,GBP,0.0,43.59,43.59
TXN-GB-1-000711,2026-08-25 09:11:19,2026-08-25 09:17:19,GB,Legacy Oracle EBS,E,SAN-001,SanaPlus PainRelief,OTC,SanaPlus,E-commerce,6,8.12,GBP,0.1,48.72,43.85
TXN-GB-1-000712,2026-08-25 10:05:22,2026-08-25 10:10:22,GB,Legacy Oracle EBS,E,PUR-001,PureLife GlucoMonitor,Medical Device,PureLife,Pharmacy/B2B,2,72.65,GBP,0.1,145.3,130.77
TXN-GB-1-000713,2026-08-25 23:57:02,2026-08-26 00:00:02,GB,Legacy Oracle EBS,E,DER-001,Dermacare GlowSerum,Aesthetic,Dermacare,D2C,2,27.35,GBP,0.0,54.7,54.7
TXN-GB-1-000714,2026-08-25 09:31:00,2026-08-25 09:33:00,GB,Legacy Oracle EBS,E,MED-002,Medora Derm Cream,Prescription,Medora,Pharmacy/B2B,7,22.22,GBP,0.15,155.54,132.21
TXN-GB-1-000715,2026-08-25 08:33:27,2026-08-25 08:37:27,GB,Legacy Oracle EBS,E,PUR-001,PureLife GlucoMonitor,Medical Device,PureLife,Pharmacy/B2B,8,72.65,GBP,0.2,581.2,464.96
TXN-GB-1-000716,2026-08-25 00:41:27,2026-08-25 00:44:27,GB,Legacy Oracle EBS,E,PUR-001,PureLife GlucoMonitor,Medical Device,PureLife,E-commerce,7,72.65,GBP,0.0,508.55,508.55
TXN-GB-1-000717,2026-08-25 22:47:20,2026-08-25 22:52:20,GB,Legacy Oracle EBS,E,MED-002,Medora Derm Cream,Prescription,Medora,Pharmacy/B2B,12,22.22,GBP,0.05,266.64,253.31
TXN-GB-1-000718,2026-08-25 12:18:28,2026-08-25 12:23:28,GB,Legacy Oracle EBS,E,SAN-002,SanaPlus ColdFlu,OTC,SanaPlus,D2C,12,8.97,GBP,0.2,107.64,86.11
TXN-GB-1-000719,2026-08-25 20:06:55,2026-08-25 20:12:55,GB,Legacy Oracle EBS,E,SAN-002,SanaPlus ColdFlu,OTC,SanaPlus,D2C,3,8.97,GBP,0.0,26.91,26.91
TXN-GB-1-000720,2026-08-25 22:40:13,2026-08-25 22:42:13,GB,Legacy Oracle EBS,E,DER-002,Dermacare LiftCream,Aesthetic,Dermacare,E-commerce,2,31.62,GBP,0.0,63.24,63.24
TXN-GB-1-000721,2026-08-25 14:55:54,2026-08-25 14:57:54,GB,Legacy Oracle EBS,E,DER-001,Dermacare GlowSerum,Aesthetic,Dermacare,D2C,10,27.35,GBP,0.05,273.5,259.82
TXN-GB-1-000722,2026-08-25 06:27:14,2026-08-25 06:31:14,GB,Legacy Oracle EBS,E,DER-001,Dermacare GlowSerum,Aesthetic,Dermacare,Wholesale,7,27.35,GBP,0.1,191.45,172.31
TXN-GB-1-000723,2026-08-25 17:55:36,2026-08-25 17:59:36,GB,Legacy Oracle EBS,E,DER-002,Dermacare LiftCream,Aesthetic,Dermacare,D2C,10,31.62,GBP,0.0,316.2,316.2
TXN-GB-1-000724,2026-08-25 13:08:21,2026-08-25 13:13:21,GB,Legacy Oracle EBS,E,DER-001,Dermacare GlowSerum,Aesthetic,Dermacare,Pharmacy/B2B,4,27.35,GBP,0.2,109.4,87.52
TXN-GB-1-000725,2026-08-25 11:14:08,2026-08-25 11:15:08,GB,Legacy Oracle EBS,E,DER-002,Dermacare LiftCream,Aesthetic,Dermacare,D2C,10,31.62,GBP,0.0,316.2,316.2
TXN-GB-1-000726,2026-08-25 21:17:34,2026-08-25 21:20:34,GB,Legacy Oracle EBS,E,VIT-002,Vitalis Multivit,Supplement,Vitalis,Pharmacy/B2B,9,14.53,GBP,0.15,130.77,111.15
TXN-GB-1-000727,2026-08-25 19:49:18,2026-08-25 19:52:18,GB,Legacy Oracle EBS,E,VIT-001,Vitalis C1000,Supplement,Vitalis,Wholesale,8,17.95,GBP,0.2,143.6,114.88
TXN-GB-1-000728,2026-08-25 04:44:35,2026-08-25 04:46:35,GB,Legacy Oracle EBS,E,VIT-002,Vitalis Multivit,Supplement,Vitalis,Pharmacy/B2B,11,14.53,GBP,0.2,159.83,127.86
TXN-GB-1-000729,2026-08-25 17:50:26,2026-08-25 17:54:26,GB,Legacy Oracle EBS,E,MED-002,Medora Derm Cream,Prescription,Medora,D2C,1,22.22,GBP,0.0,22.22,22.22
TXN-GB-1-000730,2026-08-25 03:25:17,2026-08-25 03:26:17,GB,Legacy Oracle EBS,E,MED-002,Medora Derm Cream,Prescription,Medora,E-commerce,10,22.22,GBP,0.0,222.2,222.2
TXN-GB-1-000731,2026-08-25 12:10:18,2026-08-25 12:13:18,GB,Legacy Oracle EBS,E,PUR-001,PureLife GlucoMonitor,Medical Device,PureLife,Pharmacy/B2B,5,72.65,GBP,0.0,363.25,363.25
TXN-GB-1-000732,2026-08-25 06:40:42,2026-08-25 06:46:42,GB,Legacy Oracle EBS,E,VIT-002,Vitalis Multivit,Supplement,Vitalis,Wholesale,5,14.53,GBP,0.05,72.65,69.02
TXN-GB-1-000733,2026-08-25 22:31:04,2026-08-25 22:33:04,GB,Legacy Oracle EBS,E,MED-002,Medora Derm Cream,Prescription,Medora,D2C,10,22.22,GBP,0.1,222.2,199.98
TXN-GB-1-000734,2026-08-25 00:27:53,2026-08-25 00:28:53,GB,Legacy Oracle EBS,E,MED-001,Medora Cardio 10mg,Prescription,Medora,Wholesale,2,36.75,GBP,0.2,73.5,58.8
TXN-GB-1-000735,2026-08-25 13:59:53,2026-08-25 14:02:53,GB,Legacy Oracle EBS,E,DER-002,Dermacare LiftCream,Aesthetic,Dermacare,Pharmacy/B2B,5,31.62,GBP,0.2,158.1,126.48
TXN-GB-1-000736,2026-08-25 22:53:43,2026-08-25 22:59:43,GB,Legacy Oracle EBS,E,PUR-002,PureLife BP Monitor,Medical Device,PureLife,Pharmacy/B2B,6,76.92,GBP,0.05,461.52,438.44
TXN-GB-1-000737,2026-08-25 08:09:42,2026-08-25 08:14:42,GB,Legacy Oracle EBS,E,MED-001,Medora Cardio 10mg,Prescription,Medora,Wholesale,8,36.75,GBP,0.1,294.0,264.6
TXN-GB-1-000738,2026-08-25 20:50:11,2026-08-25 20:54:11,GB,Legacy Oracle EBS,E,DER-002,Dermacare LiftCream,Aesthetic,Dermacare,E-commerce,7,31.62,GBP,0.05,221.34,210.27
TXN-GB-1-000739,2026-08-25 06:36:30,2026-08-25 06:37:30,GB,Legacy Oracle EBS,E,PUR-002,PureLife BP Monitor,Medical Device,PureLife,Wholesale,2,76.92,GBP,0.0,153.84,153.84
TXN-GB-1-000740,2026-08-25 06:35:53,2026-08-25 06:37:53,GB,Legacy Oracle EBS,E,DER-002,Dermacare LiftCream,Aesthetic,Dermacare,E-commerce,7,31.62,GBP,0.0,221.34,221.34
TXN-GB-1-000741,2026-08-25 08:08:43,2026-08-25 08:14:43,GB,Legacy Oracle EBS,E,VIT-001,Vitalis C1000,Supplement,Vitalis,Pharmacy/B2B,6,17.95,GBP,0.1,107.7,96.93
TXN-GB-1-000742,2026-08-25 14:05:18,2026-08-25 14:10:18,GB,Legacy Oracle EBS,E,PUR-002,PureLife BP Monitor,Medical Device,PureLife,Wholesale,3,76.92,GBP,0.0,230.76,230.76
TXN-GB-1-000743,2026-08-25 13:13:08,2026-08-25 13:18:08,GB,Legacy Oracle EBS,E,DER-002,Dermacare LiftCream,Aesthetic,Dermacare,Pharmacy/B2B,11,31.62,GBP,0.2,347.82,278.26
TXN-GB-1-000744,2026-08-25 23:30:20,2026-08-25 23:33:20,GB,Legacy Oracle EBS,E,SAN-002,SanaPlus ColdFlu,OTC,SanaPlus,Wholesale,10,8.97,GBP,0.0,89.7,89.7
TXN-GB-1-000745,2026-08-25 05:42:52,2026-08-25 05:46:52,GB,Legacy Oracle EBS,E,DER-002,Dermacare LiftCream,Aesthetic,Dermacare,Pharmacy/B2B,2,31.62,GBP,0.0,63.24,63.24
TXN-GB-1-000746,2026-08-25 12:13:13,2026-08-25 12:16:13,GB,Legacy Oracle EBS,E,PUR-002,PureLife BP Monitor,Medical Device,PureLife,Pharmacy/B2B,8,76.92,GBP,0.15,615.36,523.06
TXN-GB-1-000747,2026-08-25 18:10:22,2026-08-25 18:12:22,GB,Legacy Oracle EBS,E,VIT-001,Vitalis C1000,Supplement,Vitalis,Wholesale,1,17.95,GBP,0.2,17.95,14.36
TXN-GB-1-000748,2026-08-25 21:20:39,2026-08-25 21:24:39,GB,Legacy Oracle EBS,E,PUR-001,PureLife GlucoMonitor,Medical Device,PureLife,D2C,7,72.65,GBP,0.1,508.55,457.69
TXN-GB-1-000749,2026-08-25 20:05:28,2026-08-25 20:11:28,GB,Legacy Oracle EBS,E,PUR-001,PureLife GlucoMonitor,Medical Device,PureLife,Wholesale,2,72.65,GBP,0.0,145.3,145.3
TXN-GB-1-000750,2026-08-25 19:04:08,2026-08-25 19:07:08,GB,Legacy Oracle EBS,E,PUR-002,PureLife BP Monitor,Medical Device,PureLife,Wholesale,4,76.92,GBP,0.0,307.68,307.68
TXN-GB-1-000751,2026-08-25 18:14:21,2026-08-25 18:18:21,GB,Legacy Oracle EBS,E,DER-002,Dermacare LiftCream,Aesthetic,Dermacare,D2C,4,31.62,GBP,0.15,126.48,107.51
TXN-GB-1-000752,2026-08-25 07:04:59,2026-08-25 07:08:59,GB,Legacy Oracle EBS,E,SAN-001,SanaPlus PainRelief,OTC,SanaPlus,D2C,8,8.12,GBP,0.0,64.96,64.96
TXN-GB-1-000753,2026-08-25 06:07:28,2026-08-25 06:11:28,GB,Legacy Oracle EBS,E,VIT-002,Vitalis Multivit,Supplement,Vitalis,E-commerce,8,14.53,GBP,0.05,116.24,110.43
TXN-GB-1-000754,2026-08-25 17:56:31,2026-08-25 18:02:31,GB,Legacy Oracle EBS,E,DER-001,Dermacare GlowSerum,Aesthetic,Dermacare,D2C,10,27.35,GBP,0.05,273.5,259.82
TXN-GB-1-000755,2026-08-25 09:36:21,2026-08-25 09:42:21,GB,Legacy Oracle EBS,E,SAN-002,SanaPlus ColdFlu,OTC,SanaPlus,Wholesale,11,8.97,GBP,0.15,98.67,83.87
TXN-GB-1-000756,2026-08-25 14:05:57,2026-08-25 14:09:57,GB,Legacy Oracle EBS,E,PUR-002,PureLife BP Monitor,Medical Device,PureLife,D2C,10,76.92,GBP,0.15,769.2,653.82
TXN-GB-1-000757,2026-08-25 09:39:04,2026-08-25 09:43:04,GB,Legacy Oracle EBS,E,MED-002,Medora Derm Cream,Prescription,Medora,D2C,6,22.22,GBP,0.2,133.32,106.66
TXN-GB-1-000758,2026-08-25 22:52:40,2026-08-25 22:58:40,GB,Legacy Oracle EBS,E,VIT-002,Vitalis Multivit,Supplement,Vitalis,D2C,8,14.53,GBP,0.0,116.24,116.24
TXN-GB-1-000759,2026-08-25 11:38:25,2026-08-25 11:44:25,GB,Legacy Oracle EBS,E,MED-001,Medora Cardio 10mg,Prescription,Medora,E-commerce,5,36.75,GBP,0.0,183.75,183.75
TXN-GB-1-000760,2026-08-25 13:16:21,2026-08-25 13:18:21,GB,Legacy Oracle EBS,E,DER-002,Dermacare LiftCream,Aesthetic,Dermacare,Wholesale,3,31.62,GBP,0.1,94.86,85.37
TXN-GB-1-000761,2026-08-25 23:34:23,2026-08-25 23:35:23,GB,Legacy Oracle EBS,E,PUR-001,PureLife GlucoMonitor,Medical Device,PureLife,D2C,11,72.65,GBP,0.2,799.15,639.32
TXN-GB-1-000762,2026-08-25 19:05:10,2026-08-25 19:10:10,GB,Legacy Oracle EBS,E,DER-001,Dermacare GlowSerum,Aesthetic,Dermacare,D2C,4,27.35,GBP,0.15,109.4,92.99
TXN-GB-1-000763,2026-08-25 22:42:35,2026-08-25 22:45:35,GB,Legacy Oracle EBS,E,SAN-002,SanaPlus ColdFlu,OTC,SanaPlus,Pharmacy/B2B,4,8.97,GBP,0.05,35.88,34.09
TXN-GB-1-000764,2026-08-25 12:43:16,2026-08-25 12:46:16,GB,Legacy Oracle EBS,E,PUR-001,PureLife GlucoMonitor,Medical Device,PureLife,Pharmacy/B2B,8,72.65,GBP,0.1,581.2,523.08
TXN-GB-1-000765,2026-08-25 00:15:55,2026-08-25 00:18:55,GB,Legacy Oracle EBS,E,VIT-002,Vitalis Multivit,Supplement,Vitalis,E-commerce,4,14.53,GBP,0.15,58.12,49.4
TXN-GB-1-000766,2026-08-25 19:25:50,2026-08-25 19:28:50,GB,Legacy Oracle EBS,E,DER-001,Dermacare GlowSerum,Aesthetic,Dermacare,E-commerce,3,27.35,GBP,0.15,82.05,69.74
TXN-GB-1-000767,2026-08-25 22:06:22,2026-08-25 22:07:22,GB,Legacy Oracle EBS,E,VIT-002,Vitalis Multivit,Supplement,Vitalis,Wholesale,10,14.53,GBP,0.05,145.3,138.03
TXN-GB-1-000768,2026-08-25 11:01:47,2026-08-25 11:07:47,GB,Legacy Oracle EBS,E,PUR-001,PureLife GlucoMonitor,Medical Device,PureLife,Pharmacy/B2B,12,72.65,GBP,0.0,871.8,871.8
TXN-GB-1-000769,2026-08-25 01:03:44,2026-08-25 01:07:44,GB,Legacy Oracle EBS,E,VIT-002,Vitalis Multivit,Supplement,Vitalis,Wholesale,4,14.53,GBP,0.0,58.12,58.12
TXN-GB-1-000770,2026-08-25 10:00:23,2026-08-25 10:01:23,GB,Legacy Oracle EBS,E,SAN-002,SanaPlus ColdFlu,OTC,SanaPlus,Pharmacy/B2B,12,8.97,GBP,0.05,107.64,102.26
TXN-GB-1-000771,2026-08-25 07:57:09,2026-08-25 07:59:09,GB,Legacy Oracle EBS,E,SAN-001,SanaPlus PainRelief,OTC,SanaPlus,Pharmacy/B2B,6,8.12,GBP,0.0,48.72,48.72
TXN-GB-1-000772,2026-08-25 01:40:14,2026-08-25 01:46:14,GB,Legacy Oracle EBS,E,VIT-001,Vitalis C1000,Supplement,Vitalis,Wholesale,6,17.95,GBP,0.1,107.7,96.93
TXN-GB-1-000773,2026-08-25 08:23:26,2026-08-25 08:28:26,GB,Legacy Oracle EBS,E,DER-002,Dermacare LiftCream,Aesthetic,Dermacare,Wholesale,4,31.62,GBP,0.0,126.48,126.48
TXN-GB-1-000774,2026-08-25 10:36:28,2026-08-25 10:40:28,GB,Legacy Oracle EBS,E,DER-002,Dermacare LiftCream,Aesthetic,Dermacare,D2C,11,31.62,GBP,0.05,347.82,330.43
TXN-GB-1-000775,2026-08-25 09:42:07,2026-08-25 09:48:07,GB,Legacy Oracle EBS,E,DER-001,Dermacare GlowSerum,Aesthetic,Dermacare,Wholesale,12,27.35,GBP,0.0,328.2,328.2
TXN-GB-1-000776,2026-08-25 09:00:58,2026-08-25 09:02:58,GB,Legacy Oracle EBS,E,VIT-001,Vitalis C1000,Supplement,Vitalis,Wholesale,4,17.95,GBP,0.2,71.8,57.44
TXN-GB-1-000777,2026-08-25 20:46:00,2026-08-25 20:51:00,GB,Legacy Oracle EBS,E,DER-002,Dermacare LiftCream,Aesthetic,Dermacare,D2C,2,31.62,GBP,0.0,63.24,63.24
TXN-GB-1-000778,2026-08-25 21:39:00,2026-08-25 21:41:00,GB,Legacy Oracle EBS,E,MED-001,Medora Cardio 10mg,Prescription,Medora,D2C,2,36.75,GBP,0.0,73.5,73.5
TXN-GB-1-000779,2026-08-25 03:13:57,2026-08-25 03:14:57,GB,Legacy Oracle EBS,E,VIT-001,Vitalis C1000,Supplement,Vitalis,Wholesale,7,17.95,GBP,0.0,125.65,125.65
TXN-GB-1-000780,2026-08-25 17:34:59,2026-08-25 17:39:59,GB,Legacy Oracle EBS,E,MED-002,Medora Derm Cream,Prescription,Medora,D2C,2,22.22,GBP,0.05,44.44,42.22
TXN-GB-1-000781,2026-08-25 10:53:14,2026-08-25 10:58:14,GB,Legacy Oracle EBS,E,SAN-001,SanaPlus PainRelief,OTC,SanaPlus,Wholesale,8,8.12,GBP,0.1,64.96,58.46
TXN-GB-1-000782,2026-08-25 23:04:39,2026-08-25 23:08:39,GB,Legacy Oracle EBS,E,VIT-002,Vitalis Multivit,Supplement,Vitalis,E-commerce,4,14.53,GBP,0.2,58.12,46.5
TXN-GB-1-000783,2026-08-25 00:47:27,2026-08-25 00:51:27,GB,Legacy Oracle EBS,E,MED-002,Medora Derm Cream,Prescription,Medora,D2C,5,22.22,GBP,0.0,111.1,111.1
TXN-GB-1-000784,2026-08-25 11:42:10,2026-08-25 11:46:10,GB,Legacy Oracle EBS,E,SAN-002,SanaPlus ColdFlu,OTC,SanaPlus,D2C,12,8.97,GBP,0.05,107.64,102.26
TXN-GB-1-000785,2026-08-25 19:13:39,2026-08-25 19:18:39,GB,Legacy Oracle EBS,E,VIT-002,Vitalis Multivit,Supplement,Vitalis,D2C,1,14.53,GBP,0.2,14.53,11.62
TXN-GB-1-000786,2026-08-25 12:31:20,2026-08-25 12:37:20,GB,Legacy Oracle EBS,E,VIT-001,Vitalis C1000,Supplement,Vitalis,Wholesale,1,17.95,GBP,0.0,17.95,17.95
TXN-GB-1-000787,2026-08-25 17:00:55,2026-08-25 17:01:55,GB,Legacy Oracle EBS,E,DER-001,Dermacare GlowSerum,Aesthetic,Dermacare,Wholesale,6,27.35,GBP,0.05,164.1,155.89
TXN-GB-1-000788,2026-08-25 17:07:42,2026-08-25 17:08:42,GB,Legacy Oracle EBS,E,DER-002,Dermacare LiftCream,Aesthetic,Dermacare,Pharmacy/B2B,11,31.62,GBP,0.2,347.82,278.26
TXN-GB-1-000789,2026-08-25 19:43:28,2026-08-25 19:49:28,GB,Legacy Oracle EBS,E,MED-002,Medora Derm Cream,Prescription,Medora,E-commerce,10,22.22,GBP,0.0,222.2,222.2
TXN-GB-1-000790,2026-08-25 08:42:26,2026-08-25 08:48:26,GB,Legacy Oracle EBS,E,DER-001,Dermacare GlowSerum,Aesthetic,Dermacare,Pharmacy/B2B,4,27.35,GBP,0.1,109.4,98.46
TXN-GB-1-000791,2026-08-25 03:59:50,2026-08-25 04:01:50,GB,Legacy Oracle EBS,E,VIT-002,Vitalis Multivit,Supplement,Vitalis,Wholesale,8,14.53,GBP,0.0,116.24,116.24
TXN-GB-1-000792,2026-08-25 13:14:59,2026-08-25 13:19:59,GB,Legacy Oracle EBS,E,PUR-002,PureLife BP Monitor,Medical Device,PureLife,D2C,11,76.92,GBP,0.0,846.12,846.12
TXN-GB-1-000793,2026-08-25 07:32:25,2026-08-25 07:34:25,GB,Legacy Oracle EBS,E,DER-002,Dermacare LiftCream,Aesthetic,Dermacare,Wholesale,9,31.62,GBP,0.05,284.58,270.35
TXN-GB-1-000794,2026-08-25 00:19:37,2026-08-25 00:22:37,GB,Legacy Oracle EBS,E,PUR-001,PureLife GlucoMonitor,Medical Device,PureLife,Pharmacy/B2B,8,72.65,GBP,0.1,581.2,523.08
TXN-GB-1-000795,2026-08-25 02:24:28,2026-08-25 02:25:28,GB,Legacy Oracle EBS,E,DER-001,Dermacare GlowSerum,Aesthetic,Dermacare,D2C,2,27.35,GBP,0.0,54.7,54.7
TXN-GB-1-000796,2026-08-25 15:33:29,2026-08-25 15:36:29,GB,Legacy Oracle EBS,E,MED-001,Medora Cardio 10mg,Prescription,Medora,Wholesale,1,36.75,GBP,0.05,36.75,34.91
TXN-GB-1-000797,2026-08-25 19:12:48,2026-08-25 19:14:48,GB,Legacy Oracle EBS,E,PUR-001,PureLife GlucoMonitor,Medical Device,PureLife,D2C,8,72.65,GBP,0.1,581.2,523.08
TXN-GB-1-000798,2026-08-25 09:47:25,2026-08-25 09:52:25,GB,Legacy Oracle EBS,E,VIT-002,Vitalis Multivit,Supplement,Vitalis,Pharmacy/B2B,4,14.53,GBP,0.0,58.12,58.12
TXN-GB-1-000799,2026-08-25 18:50:35,2026-08-25 18:53:35,GB,Legacy Oracle EBS,E,DER-002,Dermacare LiftCream,Aesthetic,Dermacare,E-commerce,7,31.62,GBP,0.2,221.34,177.07
TXN-GB-1-000800,2026-08-25 11:57:45,2026-08-25 12:03:45,GB,Legacy Oracle EBS,E,SAN-001,SanaPlus PainRelief,OTC,SanaPlus,Pharmacy/B2B,5,8.12,GBP,0.0,40.6,40.6
TXN-GB-1-000801,2026-08-25 22:34:49,2026-08-25 22:36:49,GB,Legacy Oracle EBS,E,DER-002,Dermacare LiftCream,Aesthetic,Dermacare,E-commerce,9,31.62,GBP,0.0,284.58,284.58
TXN-GB-1-000802,2026-08-25 22:22:02,2026-08-25 22:23:02,GB,Legacy Oracle EBS,E,VIT-002,Vitalis Multivit,Supplement,Vitalis,Pharmacy/B2B,8,14.53,GBP,0.1,116.24,104.62
TXN-GB-1-000803,2026-08-25 18:25:28,2026-08-25 18:27:28,GB,Legacy Oracle EBS,E,DER-001,Dermacare GlowSerum,Aesthetic,Dermacare,D2C,4,27.35,GBP,0.15,109.4,92.99
TXN-GB-1-000804,2026-08-25 03:00:40,2026-08-25 03:04:40,GB,Legacy Oracle EBS,E,DER-002,Dermacare LiftCream,Aesthetic,Dermacare,D2C,12,31.62,GBP,0.1,379.44,341.5
TXN-GB-1-000805,2026-08-25 18:17:53,2026-08-25 18:20:53,GB,Legacy Oracle EBS,E,SAN-001,SanaPlus PainRelief,OTC,SanaPlus,D2C,1,8.12,GBP,0.1,8.12,7.31
TXN-GB-1-000806,2026-08-25 20:27:38,2026-08-25 20:33:38,GB,Legacy Oracle EBS,E,PUR-002,PureLife BP Monitor,Medical Device,PureLife,D2C,12,76.92,GBP,0.1,923.04,830.74
TXN-GB-1-000807,2026-08-25 07:51:00,2026-08-25 07:52:00,GB,Legacy Oracle EBS,E,VIT-002,Vitalis Multivit,Supplement,Vitalis,E-commerce,11,14.53,GBP,0.0,159.83,159.83
TXN-GB-1-000808,2026-08-25 16:47:26,2026-08-25 16:53:26,GB,Legacy Oracle EBS,E,SAN-002,SanaPlus ColdFlu,OTC,SanaPlus,Wholesale,1,8.97,GBP,0.2,8.97,7.18
TXN-GB-1-000809,2026-08-25 12:27:43,2026-08-25 12:29:43,GB,Legacy Oracle EBS,E,DER-001,Dermacare GlowSerum,Aesthetic,Dermacare,Pharmacy/B2B,2,27.35,GBP,0.15,54.7,46.5
TXN-GB-1-000810,2026-08-25 13:09:56,2026-08-25 13:11:56,GB,Legacy Oracle EBS,E,VIT-002,Vitalis Multivit,Supplement,Vitalis,Pharmacy/B2B,3,14.53,GBP,0.1,43.59,39.23
TXN-GB-1-000811,2026-08-25 21:46:36,2026-08-25 21:52:36,GB,Legacy Oracle EBS,E,PUR-002,PureLife BP Monitor,Medical Device,PureLife,Wholesale,7,76.92,GBP,0.0,538.44,538.44
TXN-GB-1-000812,2026-08-25 07:58:17,2026-08-25 07:59:17,GB,Legacy Oracle EBS,E,PUR-002,PureLife BP Monitor,Medical Device,PureLife,E-commerce,4,76.92,GBP,0.0,307.68,307.68
TXN-GB-1-000813,2026-08-25 14:32:49,2026-08-25 14:35:49,GB,Legacy Oracle EBS,E,SAN-001,SanaPlus PainRelief,OTC,SanaPlus,Pharmacy/B2B,4,8.12,GBP,0.0,32.48,32.48
TXN-GB-1-000814,2026-08-25 16:01:33,2026-08-25 16:06:33,GB,Legacy Oracle EBS,E,PUR-002,PureLife BP Monitor,Medical Device,PureLife,Pharmacy/B2B,6,76.92,GBP,0.0,461.52,461.52
TXN-GB-1-000815,2026-08-25 02:11:20,2026-08-25 02:13:20,GB,Legacy Oracle EBS,E,DER-002,Dermacare LiftCream,Aesthetic,Dermacare,E-commerce,3,31.62,GBP,0.0,94.86,94.86
TXN-GB-1-000816,2026-08-25 04:16:37,2026-08-25 04:18:37,GB,Legacy Oracle EBS,E,PUR-002,PureLife BP Monitor,Medical Device,PureLife,D2C,4,76.92,GBP,0.0,307.68,307.68
TXN-GB-1-000817,2026-08-25 20:19:54,2026-08-25 20:22:54,GB,Legacy Oracle EBS,E,MED-001,Medora Cardio 10mg,Prescription,Medora,Pharmacy/B2B,5,36.75,GBP,0.0,183.75,183.75
TXN-GB-1-000818,2026-08-25 07:17:57,2026-08-25 07:18:57,GB,Legacy Oracle EBS,E,PUR-001,PureLife GlucoMonitor,Medical Device,PureLife,E-commerce,12,72.65,GBP,0.0,871.8,871.8
TXN-GB-1-000819,2026-08-25 13:59:58,2026-08-25 14:04:58,GB,Legacy Oracle EBS,E,VIT-001,Vitalis C1000,Supplement,Vitalis,Pharmacy/B2B,5,17.95,GBP,0.1,89.75,80.78
TXN-GB-1-000820,2026-08-25 04:31:51,2026-08-25 04:37:51,GB,Legacy Oracle EBS,E,MED-001,Medora Cardio 10mg,Prescription,Medora,E-commerce,1,36.75,GBP,0.0,36.75,36.75
TXN-GB-1-000821,2026-08-25 10:49:30,2026-08-25 10:54:30,GB,Legacy Oracle EBS,E,SAN-001,SanaPlus PainRelief,OTC,SanaPlus,Wholesale,4,8.12,GBP,0.1,32.48,29.23
TXN-GB-1-000822,2026-08-25 13:04:03,2026-08-25 13:08:03,GB,Legacy Oracle EBS,E,DER-002,Dermacare LiftCream,Aesthetic,Dermacare,Wholesale,4,31.62,GBP,0.1,126.48,113.83
TXN-GB-1-000823,2026-08-25 19:07:49,2026-08-25 19:13:49,GB,Legacy Oracle EBS,E,VIT-001,Vitalis C1000,Supplement,Vitalis,D2C,12,17.95,GBP,0.0,215.4,215.4
TXN-GB-1-000824,2026-08-25 23:13:55,2026-08-25 23:19:55,GB,Legacy Oracle EBS,E,SAN-002,SanaPlus ColdFlu,OTC,SanaPlus,E-commerce,9,8.97,GBP,0.2,80.73,64.58
TXN-GB-1-000825,2026-08-25 03:49:19,2026-08-25 03:52:19,GB,Legacy Oracle EBS,E,MED-002,Medora Derm Cream,Prescription,Medora,E-commerce,8,22.22,GBP,0.0,177.76,177.76
TXN-GB-1-000826,2026-08-25 06:50:14,2026-08-25 06:55:14,GB,Legacy Oracle EBS,E,VIT-001,Vitalis C1000,Supplement,Vitalis,Wholesale,5,17.95,GBP,0.2,89.75,71.8
TXN-GB-1-000827,2026-08-25 04:47:16,2026-08-25 04:52:16,GB,Legacy Oracle EBS,E,SAN-002,SanaPlus ColdFlu,OTC,SanaPlus,Pharmacy/B2B,9,8.97,GBP,0.0,80.73,80.73
TXN-GB-1-000828,2026-08-25 06:43:24,2026-08-25 06:46:24,GB,Legacy Oracle EBS,E,SAN-002,SanaPlus ColdFlu,OTC,SanaPlus,Wholesale,11,8.97,GBP,0.05,98.67,93.74
TXN-GB-1-000829,2026-08-25 19:13:08,2026-08-25 19:18:08,GB,Legacy Oracle EBS,E,MED-002,Medora Derm Cream,Prescription,Medora,D2C,6,22.22,GBP,0.1,133.32,119.99
TXN-GB-1-000830,2026-08-25 01:29:36,2026-08-25 01:31:36,GB,Legacy Oracle EBS,E,MED-001,Medora Cardio 10mg,Prescription,Medora,Pharmacy/B2B,10,36.75,GBP,0.05,367.5,349.12
TXN-GB-1-000831,2026-08-25 22:35:40,2026-08-25 22:38:40,GB,Legacy Oracle EBS,E,SAN-001,SanaPlus PainRelief,OTC,SanaPlus,D2C,12,8.12,GBP,0.1,97.44,87.7
TXN-GB-1-000832,2026-08-25 16:30:38,2026-08-25 16:34:38,GB,Legacy Oracle EBS,E,MED-002,Medora Derm Cream,Prescription,Medora,D2C,1,22.22,GBP,0.2,22.22,17.78
TXN-GB-1-000833,2026-08-25 10:42:37,2026-08-25 10:47:37,GB,Legacy Oracle EBS,E,PUR-001,PureLife GlucoMonitor,Medical Device,PureLife,D2C,10,72.65,GBP,0.15,726.5,617.52
TXN-GB-1-000834,2026-08-25 04:11:30,2026-08-25 04:17:30,GB,Legacy Oracle EBS,E,SAN-002,SanaPlus ColdFlu,OTC,SanaPlus,Pharmacy/B2B,9,8.97,GBP,0.1,80.73,72.66
TXN-GB-1-000835,2026-08-25 04:57:35,2026-08-25 05:03:35,GB,Legacy Oracle EBS,E,SAN-001,SanaPlus PainRelief,OTC,SanaPlus,D2C,7,8.12,GBP,0.15,56.84,48.31
TXN-GB-1-000836,2026-08-25 10:34:33,2026-08-25 10:35:33,GB,Legacy Oracle EBS,E,VIT-002,Vitalis Multivit,Supplement,Vitalis,D2C,1,14.53,GBP,0.05,14.53,13.8
TXN-GB-1-000837,2026-08-25 15:02:09,2026-08-25 15:07:09,GB,Legacy Oracle EBS,E,SAN-002,SanaPlus ColdFlu,OTC,SanaPlus,D2C,6,8.97,GBP,0.1,53.82,48.44
TXN-GB-1-000838,2026-08-25 07:39:28,2026-08-25 07:42:28,GB,Legacy Oracle EBS,E,SAN-002,SanaPlus ColdFlu,OTC,SanaPlus,Pharmacy/B2B,1,8.97,GBP,0.1,8.97,8.07
TXN-GB-1-000839,2026-08-25 04:52:57,2026-08-25 04:58:57,GB,Legacy Oracle EBS,E,VIT-001,Vitalis C1000,Supplement,Vitalis,Wholesale,8,17.95,GBP,0.2,143.6,114.88
TXN-GB-1-000840,2026-08-25 12:00:19,2026-08-25 12:03:19,GB,Legacy Oracle EBS,E,DER-002,Dermacare LiftCream,Aesthetic,Dermacare,Wholesale,11,31.62,GBP,0.05,347.82,330.43
TXN-GB-1-000841,2026-08-25 17:57:19,2026-08-25 18:00:19,GB,Legacy Oracle EBS,E,SAN-002,SanaPlus ColdFlu,OTC,SanaPlus,E-commerce,6,8.97,GBP,0.0,53.82,53.82
TXN-GB-1-000842,2026-08-25 04:16:37,2026-08-25 04:18:37,GB,Legacy Oracle EBS,E,VIT-002,Vitalis Multivit,Supplement,Vitalis,Wholesale,3,14.53,GBP,0.2,43.59,34.87
TXN-GB-1-000843,2026-08-25 10:30:08,2026-08-25 10:36:08,GB,Legacy Oracle EBS,E,PUR-002,PureLife BP Monitor,Medical Device,PureLife,E-commerce,8,76.92,GBP,0.1,615.36,553.82
TXN-GB-1-000844,2026-08-25 17:06:35,2026-08-25 17:11:35,GB,Legacy Oracle EBS,E,MED-001,Medora Cardio 10mg,Prescription,Medora,Pharmacy/B2B,8,36.75,GBP,0.0,294.0,294.0
TXN-GB-1-000845,2026-08-25 10:22:38,2026-08-25 10:25:38,GB,Legacy Oracle EBS,E,SAN-002,SanaPlus ColdFlu,OTC,SanaPlus,D2C,9,8.97,GBP,0.2,80.73,64.58
TXN-GB-1-000846,2026-08-25 11:18:23,2026-08-25 11:23:23,GB,Legacy Oracle EBS,E,DER-001,Dermacare GlowSerum,Aesthetic,Dermacare,Wholesale,5,27.35,GBP,0.15,136.75,116.24
TXN-GB-1-000847,2026-08-25 03:50:31,2026-08-25 03:54:31,GB,Legacy Oracle EBS,E,DER-001,Dermacare GlowSerum,Aesthetic,Dermacare,E-commerce,4,27.35,GBP,0.15,109.4,92.99
TXN-GB-1-000848,2026-08-25 20:31:17,2026-08-25 20:34:17,GB,Legacy Oracle EBS,E,DER-001,Dermacare GlowSerum,Aesthetic,Dermacare,Wholesale,2,27.35,GBP,0.0,54.7,54.7
TXN-GB-1-000849,2026-08-25 12:00:39,2026-08-25 12:03:39,GB,Legacy Oracle EBS,E,PUR-002,PureLife BP Monitor,Medical Device,PureLife,E-commerce,6,76.92,GBP,0.0,461.52,461.52
TXN-GB-1-000850,2026-08-25 06:08:39,2026-08-25 06:12:39,GB,Legacy Oracle EBS,E,DER-001,Dermacare GlowSerum,Aesthetic,Dermacare,Wholesale,5,27.35,GBP,0.1,136.75,123.08
TXN-GB-1-000851,2026-08-25 00:45:29,2026-08-25 00:49:29,GB,Legacy Oracle EBS,E,SAN-001,SanaPlus PainRelief,OTC,SanaPlus,Pharmacy/B2B,3,8.12,GBP,0.2,24.36,19.49
TXN-GB-1-000852,2026-08-25 05:34:19,2026-08-25 05:38:19,GB,Legacy Oracle EBS,E,VIT-001,Vitalis C1000,Supplement,Vitalis,Wholesale,7,17.95,GBP,0.0,125.65,125.65
TXN-GB-1-000853,2026-08-25 07:11:06,2026-08-25 07:12:06,GB,Legacy Oracle EBS,E,SAN-001,SanaPlus PainRelief,OTC,SanaPlus,D2C,2,8.12,GBP,0.15,16.24,13.8
TXN-GB-1-000854,2026-08-25 22:51:02,2026-08-25 22:53:02,GB,Legacy Oracle EBS,E,SAN-001,SanaPlus PainRelief,OTC,SanaPlus,Pharmacy/B2B,8,8.12,GBP,0.15,64.96,55.22
TXN-GB-1-000855,2026-08-25 01:47:58,2026-08-25 01:48:58,GB,Legacy Oracle EBS,E,SAN-002,SanaPlus ColdFlu,OTC,SanaPlus,D2C,6,8.97,GBP,0.0,53.82,53.82
TXN-GB-1-000856,2026-08-25 20:13:54,2026-08-25 20:15:54,GB,Legacy Oracle EBS,E,SAN-001,SanaPlus PainRelief,OTC,SanaPlus,D2C,6,8.12,GBP,0.1,48.72,43.85
TXN-GB-1-000857,2026-08-25 12:14:27,2026-08-25 12:17:27,GB,Legacy Oracle EBS,E,DER-001,Dermacare GlowSerum,Aesthetic,Dermacare,E-commerce,2,27.35,GBP,0.05,54.7,51.97
TXN-GB-1-000858,2026-08-25 20:19:30,2026-08-25 20:25:30,GB,Legacy Oracle EBS,E,VIT-002,Vitalis Multivit,Supplement,Vitalis,E-commerce,6,14.53,GBP,0.2,87.18,69.74
TXN-GB-1-000859,2026-08-25 23:57:28,2026-08-26 00:01:28,GB,Legacy Oracle EBS,E,DER-001,Dermacare GlowSerum,Aesthetic,Dermacare,Wholesale,9,27.35,GBP,0.0,246.15,246.15
TXN-GB-1-000860,2026-08-25 20:24:24,2026-08-25 20:29:24,GB,Legacy Oracle EBS,E,SAN-002,SanaPlus ColdFlu,OTC,SanaPlus,Pharmacy/B2B,5,8.97,GBP,0.2,44.85,35.88
TXN-GB-1-000861,2026-08-25 21:08:11,2026-08-25 21:09:11,GB,Legacy Oracle EBS,E,MED-001,Medora Cardio 10mg,Prescription,Medora,Wholesale,12,36.75,GBP,0.0,441.0,441.0
TXN-GB-1-000862,2026-08-25 10:41:36,2026-08-25 10:43:36,GB,Legacy Oracle EBS,E,MED-002,Medora Derm Cream,Prescription,Medora,Wholesale,2,22.22,GBP,0.0,44.44,44.44
TXN-GB-1-000863,2026-08-25 12:00:05,2026-08-25 12:06:05,GB,Legacy Oracle EBS,E,DER-002,Dermacare LiftCream,Aesthetic,Dermacare,D2C,3,31.62,GBP,0.0,94.86,94.86
TXN-GB-1-000864,2026-08-25 22:46:57,2026-08-25 22:52:57,GB,Legacy Oracle EBS,E,PUR-002,PureLife BP Monitor,Medical Device,PureLife,Wholesale,10,76.92,GBP,0.0,769.2,769.2
TXN-GB-1-000865,2026-08-25 08:07:17,2026-08-25 08:11:17,GB,Legacy Oracle EBS,E,PUR-001,PureLife GlucoMonitor,Medical Device,PureLife,Wholesale,1,72.65,GBP,0.2,72.65,58.12
TXN-GB-1-000866,2026-08-25 22:25:48,2026-08-25 22:31:48,GB,Legacy Oracle EBS,E,VIT-002,Vitalis Multivit,Supplement,Vitalis,Pharmacy/B2B,11,14.53,GBP,0.15,159.83,135.86
TXN-GB-1-000867,2026-08-25 15:18:00,2026-08-25 15:19:00,GB,Legacy Oracle EBS,E,PUR-001,PureLife GlucoMonitor,Medical Device,PureLife,D2C,11,72.65,GBP,0.15,799.15,679.28
TXN-GB-1-000868,2026-08-25 00:53:23,2026-08-25 00:54:23,GB,Legacy Oracle EBS,E,MED-001,Medora Cardio 10mg,Prescription,Medora,D2C,6,36.75,GBP,0.2,220.5,176.4
TXN-GB-1-000869,2026-08-25 20:05:34,2026-08-25 20:07:34,GB,Legacy Oracle EBS,E,PUR-002,PureLife BP Monitor,Medical Device,PureLife,Pharmacy/B2B,2,76.92,GBP,0.0,153.84,153.84
TXN-GB-1-000870,2026-08-25 13:27:01,2026-08-25 13:29:01,GB,Legacy Oracle EBS,E,VIT-001,Vitalis C1000,Supplement,Vitalis,Pharmacy/B2B,3,17.95,GBP,0.05,53.85,51.16
TXN-GB-1-000871,2026-08-25 10:22:40,2026-08-25 10:23:40,GB,Legacy Oracle EBS,E,MED-001,Medora Cardio 10mg,Prescription,Medora,E-commerce,11,36.75,GBP,0.15,404.25,343.61
TXN-GB-1-000872,2026-08-25 08:38:31,2026-08-25 08:44:31,GB,Legacy Oracle EBS,E,VIT-002,Vitalis Multivit,Supplement,Vitalis,Wholesale,4,14.53,GBP,0.05,58.12,55.21
TXN-GB-1-000873,2026-08-25 21:23:16,2026-08-25 21:24:16,GB,Legacy Oracle EBS,E,VIT-001,Vitalis C1000,Supplement,Vitalis,Pharmacy/B2B,11,17.95,GBP,0.15,197.45,167.83
TXN-GB-1-000874,2026-08-25 08:35:59,2026-08-25 08:40:59,GB,Legacy Oracle EBS,E,PUR-001,PureLife GlucoMonitor,Medical Device,PureLife,Wholesale,9,72.65,GBP,0.0,653.85,653.85
TXN-GB-1-000875,2026-08-25 23:50:36,2026-08-25 23:51:36,GB,Legacy Oracle EBS,E,PUR-001,PureLife GlucoMonitor,Medical Device,PureLife,E-commerce,9,72.65,GBP,0.0,653.85,653.85
TXN-GB-1-000876,2026-08-25 10:18:56,2026-08-25 10:22:56,GB,Legacy Oracle EBS,E,PUR-001,PureLife GlucoMonitor,Medical Device,PureLife,Pharmacy/B2B,7,72.65,GBP,0.2,508.55,406.84
TXN-GB-1-000877,2026-08-25 16:29:10,2026-08-25 16:33:10,GB,Legacy Oracle EBS,E,DER-001,Dermacare GlowSerum,Aesthetic,Dermacare,E-commerce,12,27.35,GBP,0.0,328.2,328.2
TXN-GB-1-000878,2026-08-25 04:55:09,2026-08-25 05:01:09,GB,Legacy Oracle EBS,E,MED-001,Medora Cardio 10mg,Prescription,Medora,E-commerce,5,36.75,GBP,0.1,183.75,165.38
TXN-GB-1-000879,2026-08-25 03:22:31,2026-08-25 03:24:31,GB,Legacy Oracle EBS,E,SAN-001,SanaPlus PainRelief,OTC,SanaPlus,E-commerce,12,8.12,GBP,0.2,97.44,77.95
TXN-GB-1-000880,2026-08-25 14:44:12,2026-08-25 14:48:12,GB,Legacy Oracle EBS,E,SAN-001,SanaPlus PainRelief,OTC,SanaPlus,Wholesale,5,8.12,GBP,0.0,40.6,40.6
TXN-GB-1-000881,2026-08-25 15:02:16,2026-08-25 15:05:16,GB,Legacy Oracle EBS,E,SAN-001,SanaPlus PainRelief,OTC,SanaPlus,Pharmacy/B2B,5,8.12,GBP,0.05,40.6,38.57
TXN-GB-1-000882,2026-08-25 23:36:06,2026-08-25 23:41:06,GB,Legacy Oracle EBS,E,VIT-002,Vitalis Multivit,Supplement,Vitalis,E-commerce,8,14.53,GBP,0.1,116.24,104.62
TXN-GB-1-000883,2026-08-25 15:48:17,2026-08-25 15:52:17,GB,Legacy Oracle EBS,E,VIT-002,Vitalis Multivit,Supplement,Vitalis,Wholesale,10,14.53,GBP,0.2,145.3,116.24
TXN-GB-1-000884,2026-08-25 23:42:34,2026-08-25 23:45:34,GB,Legacy Oracle EBS,E,PUR-001,PureLife GlucoMonitor,Medical Device,PureLife,Pharmacy/B2B,11,72.65,GBP,0.15,799.15,679.28
TXN-GB-1-000885,2026-08-25 20:00:45,2026-08-25 20:04:45,GB,Legacy Oracle EBS,E,DER-002,Dermacare LiftCream,Aesthetic,Dermacare,D2C,5,31.62,GBP,0.1,158.1,142.29
TXN-GB-1-000886,2026-08-25 20:37:29,2026-08-25 20:39:29,GB,Legacy Oracle EBS,E,SAN-001,SanaPlus PainRelief,OTC,SanaPlus,Wholesale,9,8.12,GBP,0.05,73.08,69.43
TXN-GB-1-000887,2026-08-25 03:12:55,2026-08-25 03:15:55,GB,Legacy Oracle EBS,E,SAN-001,SanaPlus PainRelief,OTC,SanaPlus,Wholesale,10,8.12,GBP,0.0,81.2,81.2
TXN-GB-1-000888,2026-08-25 20:43:04,2026-08-25 20:48:04,GB,Legacy Oracle EBS,E,SAN-002,SanaPlus ColdFlu,OTC,SanaPlus,E-commerce,2,8.97,GBP,0.2,17.94,14.35
TXN-GB-1-000889,2026-08-25 11:54:25,2026-08-25 11:57:25,GB,Legacy Oracle EBS,E,DER-001,Dermacare GlowSerum,Aesthetic,Dermacare,Wholesale,5,27.35,GBP,0.15,136.75,116.24
TXN-GB-1-000890,2026-08-25 05:14:57,2026-08-25 05:16:57,GB,Legacy Oracle EBS,E,PUR-002,PureLife BP Monitor,Medical Device,PureLife,D2C,1,76.92,GBP,0.0,76.92,76.92
TXN-GB-1-000891,2026-08-25 22:48:50,2026-08-25 22:52:50,GB,Legacy Oracle EBS,E,PUR-002,PureLife BP Monitor,Medical Device,PureLife,Pharmacy/B2B,9,76.92,GBP,0.1,692.28,623.05
TXN-GB-1-000892,2026-08-25 13:39:16,2026-08-25 13:42:16,GB,Legacy Oracle EBS,E,PUR-002,PureLife BP Monitor,Medical Device,PureLife,Wholesale,7,76.92,GBP,0.05,538.44,511.52
TXN-GB-1-000893,2026-08-25 18:54:33,2026-08-25 18:55:33,GB,Legacy Oracle EBS,E,MED-002,Medora Derm Cream,Prescription,Medora,E-commerce,3,22.22,GBP,0.1,66.66,59.99
TXN-GB-1-000894,2026-08-25 05:18:42,2026-08-25 05:20:42,GB,Legacy Oracle EBS,E,VIT-001,Vitalis C1000,Supplement,Vitalis,D2C,7,17.95,GBP,0.1,125.65,113.09
TXN-GB-1-000895,2026-08-25 17:51:49,2026-08-25 17:53:49,GB,Legacy Oracle EBS,E,VIT-001,Vitalis C1000,Supplement,Vitalis,Pharmacy/B2B,4,17.95,GBP,0.05,71.8,68.21
TXN-GB-1-000896,2026-08-25 07:33:55,2026-08-25 07:35:55,GB,Legacy Oracle EBS,E,DER-002,Dermacare LiftCream,Aesthetic,Dermacare,D2C,1,31.62,GBP,0.05,31.62,30.04
TXN-GB-1-000897,2026-08-25 02:20:30,2026-08-25 02:22:30,GB,Legacy Oracle EBS,E,PUR-001,PureLife GlucoMonitor,Medical Device,PureLife,Wholesale,8,72.65,GBP,0.0,581.2,581.2
TXN-GB-1-000898,2026-08-25 18:57:45,2026-08-25 19:00:45,GB,Legacy Oracle EBS,E,DER-002,Dermacare LiftCream,Aesthetic,Dermacare,E-commerce,1,31.62,GBP,0.0,31.62,31.62
TXN-GB-1-000899,2026-08-25 12:00:14,2026-08-25 12:03:14,GB,Legacy Oracle EBS,E,PUR-002,PureLife BP Monitor,Medical Device,PureLife,Wholesale,11,76.92,GBP,0.2,846.12,676.9
TXN-GB-1-000900,2026-08-25 11:51:10,2026-08-25 11:57:10,GB,Legacy Oracle EBS,E,DER-002,Dermacare LiftCream,Aesthetic,Dermacare,Wholesale,11,31.62,GBP,0.2,347.82,278.26
TXN-GB-1-000901,2026-08-25 13:32:17,2026-08-25 13:36:17,GB,Legacy Oracle EBS,E,PUR-001,PureLife GlucoMonitor,Medical Device,PureLife,Wholesale,9,72.65,GBP,0.15,653.85,555.77
TXN-GB-1-000902,2026-08-25 00:04:39,2026-08-25 00:05:39,GB,Legacy Oracle EBS,E,SAN-002,SanaPlus ColdFlu,OTC,SanaPlus,D2C,2,8.97,GBP,0.2,17.94,14.35
TXN-GB-1-000903,2026-08-25 04:47:50,2026-08-25 04:51:50,GB,Legacy Oracle EBS,E,DER-002,Dermacare LiftCream,Aesthetic,Dermacare,Wholesale,5,31.62,GBP,0.15,158.1,134.38
TXN-GB-1-000904,2026-08-25 09:18:02,2026-08-25 09:23:02,GB,Legacy Oracle EBS,E,SAN-001,SanaPlus PainRelief,OTC,SanaPlus,E-commerce,7,8.12,GBP,0.0,56.84,56.84
TXN-GB-1-000905,2026-08-25 06:01:46,2026-08-25 06:05:46,GB,Legacy Oracle EBS,E,MED-001,Medora Cardio 10mg,Prescription,Medora,D2C,7,36.75,GBP,0.0,257.25,257.25
TXN-GB-1-000906,2026-08-25 09:17:50,2026-08-25 09:21:50,GB,Legacy Oracle EBS,E,SAN-002,SanaPlus ColdFlu,OTC,SanaPlus,E-commerce,5,8.97,GBP,0.2,44.85,35.88
TXN-GB-1-000907,2026-08-25 09:13:06,2026-08-25 09:15:06,GB,Legacy Oracle EBS,E,MED-001,Medora Cardio 10mg,Prescription,Medora,Pharmacy/B2B,5,36.75,GBP,0.0,183.75,183.75
TXN-GB-1-000908,2026-08-25 03:11:45,2026-08-25 03:17:45,GB,Legacy Oracle EBS,E,PUR-001,PureLife GlucoMonitor,Medical Device,PureLife,Wholesale,8,72.65,GBP,0.0,581.2,581.2
TXN-GB-1-000909,2026-08-25 16:35:57,2026-08-25 16:41:57,GB,Legacy Oracle EBS,E,MED-002,Medora Derm Cream,Prescription,Medora,D2C,3,22.22,GBP,0.0,66.66,66.66
TXN-GB-1-000910,2026-08-25 09:05:10,2026-08-25 09:08:10,GB,Legacy Oracle EBS,E,MED-002,Medora Derm Cream,Prescription,Medora,Pharmacy/B2B,10,22.22,GBP,0.1,222.2,199.98
TXN-GB-1-000911,2026-08-25 12:39:20,2026-08-25 12:45:20,GB,Legacy Oracle EBS,E,MED-001,Medora Cardio 10mg,Prescription,Medora,D2C,7,36.75,GBP,0.0,257.25,257.25
TXN-GB-1-000912,2026-08-25 22:50:27,2026-08-25 22:51:27,GB,Legacy Oracle EBS,E,VIT-002,Vitalis Multivit,Supplement,Vitalis,E-commerce,6,14.53,GBP,0.2,87.18,69.74
TXN-GB-1-000913,2026-08-25 19:55:39,2026-08-25 19:58:39,GB,Legacy Oracle EBS,E,MED-001,Medora Cardio 10mg,Prescription,Medora,Pharmacy/B2B,11,36.75,GBP,0.0,404.25,404.25
TXN-GB-1-000914,2026-08-25 06:49:40,2026-08-25 06:51:40,GB,Legacy Oracle EBS,E,VIT-001,Vitalis C1000,Supplement,Vitalis,Wholesale,7,17.95,GBP,0.05,125.65,119.37
TXN-GB-1-000915,2026-08-25 07:27:25,2026-08-25 07:29:25,GB,Legacy Oracle EBS,E,DER-002,Dermacare LiftCream,Aesthetic,Dermacare,Pharmacy/B2B,5,31.62,GBP,0.0,158.1,158.1
TXN-GB-1-000916,2026-08-25 07:32:39,2026-08-25 07:34:39,GB,Legacy Oracle EBS,E,PUR-001,PureLife GlucoMonitor,Medical Device,PureLife,Pharmacy/B2B,1,72.65,GBP,0.05,72.65,69.02
TXN-GB-1-000917,2026-08-25 01:28:35,2026-08-25 01:34:35,GB,Legacy Oracle EBS,E,PUR-001,PureLife GlucoMonitor,Medical Device,PureLife,Pharmacy/B2B,12,72.65,GBP,0.2,871.8,697.44
TXN-GB-1-000918,2026-08-25 17:52:44,2026-08-25 17:53:44,GB,Legacy Oracle EBS,E,MED-001,Medora Cardio 10mg,Prescription,Medora,D2C,3,36.75,GBP,0.0,110.25,110.25
TXN-GB-1-000919,2026-08-25 21:57:34,2026-08-25 21:58:34,GB,Legacy Oracle EBS,E,PUR-001,PureLife GlucoMonitor,Medical Device,PureLife,D2C,6,72.65,GBP,0.05,435.9,414.1
TXN-GB-1-000920,2026-08-25 23:49:22,2026-08-25 23:52:22,GB,Legacy Oracle EBS,E,PUR-002,PureLife BP Monitor,Medical Device,PureLife,Wholesale,6,76.92,GBP,0.1,461.52,415.37
TXN-GB-1-000921,2026-08-25 21:47:39,2026-08-25 21:48:39,GB,Legacy Oracle EBS,E,SAN-002,SanaPlus ColdFlu,OTC,SanaPlus,E-commerce,8,8.97,GBP,0.0,71.76,71.76
TXN-GB-1-000922,2026-08-25 06:33:37,2026-08-25 06:36:37,GB,Legacy Oracle EBS,E,PUR-002,PureLife BP Monitor,Medical Device,PureLife,Wholesale,2,76.92,GBP,0.0,153.84,153.84
TXN-GB-1-000923,2026-08-25 10:33:21,2026-08-25 10:35:21,GB,Legacy Oracle EBS,E,SAN-002,SanaPlus ColdFlu,OTC,SanaPlus,E-commerce,1,8.97,GBP,0.0,8.97,8.97
TXN-GB-1-000924,2026-08-25 00:13:37,2026-08-25 00:19:37,GB,Legacy Oracle EBS,E,DER-002,Dermacare LiftCream,Aesthetic,Dermacare,Wholesale,12,31.62,GBP,0.15,379.44,322.52
TXN-GB-1-000925,2026-08-25 13:20:09,2026-08-25 13:21:09,GB,Legacy Oracle EBS,E,VIT-002,Vitalis Multivit,Supplement,Vitalis,Pharmacy/B2B,7,14.53,GBP,0.0,101.71,101.71
TXN-GB-1-000926,2026-08-25 00:23:40,2026-08-25 00:28:40,GB,Legacy Oracle EBS,E,VIT-001,Vitalis C1000,Supplement,Vitalis,E-commerce,2,17.95,GBP,0.05,35.9,34.1
TXN-GB-1-000927,2026-08-25 20:00:58,2026-08-25 20:05:58,GB,Legacy Oracle EBS,E,DER-002,Dermacare LiftCream,Aesthetic,Dermacare,D2C,6,31.62,GBP,0.2,189.72,151.78
TXN-GB-1-000928,2026-08-25 07:19:27,2026-08-25 07:23:27,GB,Legacy Oracle EBS,E,MED-002,Medora Derm Cream,Prescription,Medora,D2C,8,22.22,GBP,0.0,177.76,177.76
TXN-GB-1-000929,2026-08-25 05:38:35,2026-08-25 05:39:35,GB,Legacy Oracle EBS,E,SAN-001,SanaPlus PainRelief,OTC,SanaPlus,E-commerce,2,8.12,GBP,0.1,16.24,14.62
TXN-GB-1-000930,2026-08-25 04:35:49,2026-08-25 04:39:49,GB,Legacy Oracle EBS,E,SAN-001,SanaPlus PainRelief,OTC,SanaPlus,E-commerce,2,8.12,GBP,0.0,16.24,16.24
TXN-GB-1-000931,2026-08-25 15:03:53,2026-08-25 15:07:53,GB,Legacy Oracle EBS,E,DER-001,Dermacare GlowSerum,Aesthetic,Dermacare,D2C,7,27.35,GBP,0.2,191.45,153.16
TXN-GB-1-000932,2026-08-25 01:34:26,2026-08-25 01:36:26,GB,Legacy Oracle EBS,E,VIT-002,Vitalis Multivit,Supplement,Vitalis,E-commerce,7,14.53,GBP,0.0,101.71,101.71
TXN-GB-1-000933,2026-08-25 15:04:00,2026-08-25 15:07:00,GB,Legacy Oracle EBS,E,SAN-002,SanaPlus ColdFlu,OTC,SanaPlus,Pharmacy/B2B,7,8.97,GBP,0.2,62.79,50.23
TXN-GB-1-000934,2026-08-25 05:17:56,2026-08-25 05:20:56,GB,Legacy Oracle EBS,E,DER-002,Dermacare LiftCream,Aesthetic,Dermacare,D2C,6,31.62,GBP,0.0,189.72,189.72
TXN-GB-1-000935,2026-08-25 05:27:13,2026-08-25 05:31:13,GB,Legacy Oracle EBS,E,DER-002,Dermacare LiftCream,Aesthetic,Dermacare,E-commerce,1,31.62,GBP,0.15,31.62,26.88
TXN-GB-1-000936,2026-08-25 08:48:33,2026-08-25 08:52:33,GB,Legacy Oracle EBS,E,DER-002,Dermacare LiftCream,Aesthetic,Dermacare,Pharmacy/B2B,3,31.62,GBP,0.05,94.86,90.12
TXN-GB-1-000937,2026-08-25 11:26:07,2026-08-25 11:27:07,GB,Legacy Oracle EBS,E,MED-001,Medora Cardio 10mg,Prescription,Medora,Pharmacy/B2B,6,36.75,GBP,0.15,220.5,187.42
TXN-GB-1-000938,2026-08-25 15:53:49,2026-08-25 15:58:49,GB,Legacy Oracle EBS,E,DER-002,Dermacare LiftCream,Aesthetic,Dermacare,Pharmacy/B2B,7,31.62,GBP,0.1,221.34,199.21
TXN-GB-1-000939,2026-08-25 00:05:59,2026-08-25 00:08:59,GB,Legacy Oracle EBS,E,DER-002,Dermacare LiftCream,Aesthetic,Dermacare,Pharmacy/B2B,2,31.62,GBP,0.0,63.24,63.24
TXN-GB-1-000940,2026-08-25 03:01:49,2026-08-25 03:07:49,GB,Legacy Oracle EBS,E,PUR-001,PureLife GlucoMonitor,Medical Device,PureLife,Pharmacy/B2B,7,72.65,GBP,0.05,508.55,483.12
TXN-GB-1-000941,2026-08-25 21:48:09,2026-08-25 21:50:09,GB,Legacy Oracle EBS,E,VIT-001,Vitalis C1000,Supplement,Vitalis,E-commerce,6,17.95,GBP,0.2,107.7,86.16
TXN-GB-1-000942,2026-08-25 06:49:52,2026-08-25 06:54:52,GB,Legacy Oracle EBS,E,VIT-002,Vitalis Multivit,Supplement,Vitalis,E-commerce,1,14.53,GBP,0.15,14.53,12.35
TXN-GB-1-000943,2026-08-25 13:29:32,2026-08-25 13:32:32,GB,Legacy Oracle EBS,E,PUR-001,PureLife GlucoMonitor,Medical Device,PureLife,D2C,12,72.65,GBP,0.1,871.8,784.62
TXN-GB-1-000944,2026-08-25 11:38:20,2026-08-25 11:39:20,GB,Legacy Oracle EBS,E,DER-001,Dermacare GlowSerum,Aesthetic,Dermacare,D2C,8,27.35,GBP,0.2,218.8,175.04
TXN-GB-1-000945,2026-08-25 02:02:28,2026-08-25 02:06:28,GB,Legacy Oracle EBS,E,PUR-002,PureLife BP Monitor,Medical Device,PureLife,D2C,4,76.92,GBP,0.0,307.68,307.68
TXN-GB-1-000946,2026-08-25 03:56:31,2026-08-25 04:02:31,GB,Legacy Oracle EBS,E,PUR-001,PureLife GlucoMonitor,Medical Device,PureLife,E-commerce,1,72.65,GBP,0.0,72.65,72.65
TXN-GB-1-000947,2026-08-25 09:52:54,2026-08-25 09:54:54,GB,Legacy Oracle EBS,E,DER-001,Dermacare GlowSerum,Aesthetic,Dermacare,D2C,7,27.35,GBP,0.15,191.45,162.73
TXN-GB-1-000948,2026-08-25 19:14:08,2026-08-25 19:17:08,GB,Legacy Oracle EBS,E,SAN-002,SanaPlus ColdFlu,OTC,SanaPlus,Pharmacy/B2B,10,8.97,GBP,0.0,89.7,89.7
TXN-GB-1-000949,2026-08-25 05:11:41,2026-08-25 05:17:41,GB,Legacy Oracle EBS,E,MED-001,Medora Cardio 10mg,Prescription,Medora,D2C,2,36.75,GBP,0.2,73.5,58.8
TXN-GB-1-000950,2026-08-25 23:45:17,2026-08-25 23:46:17,GB,Legacy Oracle EBS,E,SAN-002,SanaPlus ColdFlu,OTC,SanaPlus,D2C,9,8.97,GBP,0.1,80.73,72.66
TXN-GB-1-000951,2026-08-25 01:11:36,2026-08-25 01:14:36,GB,Legacy Oracle EBS,E,MED-002,Medora Derm Cream,Prescription,Medora,Pharmacy/B2B,10,22.22,GBP,0.0,222.2,222.2
TXN-GB-1-000952,2026-08-25 06:55:51,2026-08-25 06:58:51,GB,Legacy Oracle EBS,E,DER-001,Dermacare GlowSerum,Aesthetic,Dermacare,D2C,12,27.35,GBP,0.0,328.2,328.2
TXN-GB-1-000953,2026-08-25 08:09:55,2026-08-25 08:13:55,GB,Legacy Oracle EBS,E,VIT-002,Vitalis Multivit,Supplement,Vitalis,E-commerce,1,14.53,GBP,0.0,14.53,14.53
TXN-GB-1-000954,2026-08-25 17:32:55,2026-08-25 17:38:55,GB,Legacy Oracle EBS,E,SAN-002,SanaPlus ColdFlu,OTC,SanaPlus,D2C,4,8.97,GBP,0.05,35.88,34.09
TXN-GB-1-000955,2026-08-25 01:55:38,2026-08-25 01:56:38,GB,Legacy Oracle EBS,E,PUR-002,PureLife BP Monitor,Medical Device,PureLife,D2C,2,76.92,GBP,0.05,153.84,146.15
TXN-GB-1-000956,2026-08-25 09:35:43,2026-08-25 09:37:43,GB,Legacy Oracle EBS,E,DER-002,Dermacare LiftCream,Aesthetic,Dermacare,Wholesale,1,31.62,GBP,0.15,31.62,26.88
TXN-GB-1-000957,2026-08-25 23:32:52,2026-08-25 23:34:52,GB,Legacy Oracle EBS,E,MED-002,Medora Derm Cream,Prescription,Medora,Wholesale,1,22.22,GBP,0.2,22.22,17.78
TXN-GB-1-000958,2026-08-25 09:48:51,2026-08-25 09:52:51,GB,Legacy Oracle EBS,E,MED-001,Medora Cardio 10mg,Prescription,Medora,Pharmacy/B2B,3,36.75,GBP,0.0,110.25,110.25
TXN-GB-1-000959,2026-08-25 22:39:39,2026-08-25 22:41:39,GB,Legacy Oracle EBS,E,PUR-001,PureLife GlucoMonitor,Medical Device,PureLife,E-commerce,4,72.65,GBP,0.15,290.6,247.01
TXN-GB-1-000960,2026-08-25 20:35:07,2026-08-25 20:41:07,GB,Legacy Oracle EBS,E,DER-002,Dermacare LiftCream,Aesthetic,Dermacare,Pharmacy/B2B,8,31.62,GBP,0.15,252.96,215.02
TXN-GB-1-000961,2026-08-25 19:37:37,2026-08-25 19:40:37,GB,Legacy Oracle EBS,E,DER-001,Dermacare GlowSerum,Aesthetic,Dermacare,Pharmacy/B2B,8,27.35,GBP,0.05,218.8,207.86
TXN-GB-1-000962,2026-08-25 22:01:55,2026-08-25 22:05:55,GB,Legacy Oracle EBS,E,SAN-002,SanaPlus ColdFlu,OTC,SanaPlus,Pharmacy/B2B,6,8.97,GBP,0.1,53.82,48.44
TXN-GB-1-000963,2026-08-25 03:26:12,2026-08-25 03:30:12,GB,Legacy Oracle EBS,E,VIT-002,Vitalis Multivit,Supplement,Vitalis,E-commerce,1,14.53,GBP,0.2,14.53,11.62
TXN-GB-1-000964,2026-08-25 02:31:08,2026-08-25 02:32:08,GB,Legacy Oracle EBS,E,SAN-002,SanaPlus ColdFlu,OTC,SanaPlus,D2C,10,8.97,GBP,0.0,89.7,89.7
TXN-GB-1-000965,2026-08-25 13:46:40,2026-08-25 13:51:40,GB,Legacy Oracle EBS,E,PUR-001,PureLife GlucoMonitor,Medical Device,PureLife,E-commerce,4,72.65,GBP,0.15,290.6,247.01
TXN-GB-1-000966,2026-08-25 23:40:57,2026-08-25 23:41:57,GB,Legacy Oracle EBS,E,DER-002,Dermacare LiftCream,Aesthetic,Dermacare,E-commerce,7,31.62,GBP,0.0,221.34,221.34
TXN-GB-1-000967,2026-08-25 23:25:55,2026-08-25 23:29:55,GB,Legacy Oracle EBS,E,MED-001,Medora Cardio 10mg,Prescription,Medora,D2C,12,36.75,GBP,0.0,441.0,441.0
TXN-GB-1-000968,2026-08-25 01:34:17,2026-08-25 01:38:17,GB,Legacy Oracle EBS,E,SAN-002,SanaPlus ColdFlu,OTC,SanaPlus,D2C,6,8.97,GBP,0.2,53.82,43.06
TXN-GB-1-000969,2026-08-25 05:26:01,2026-08-25 05:32:01,GB,Legacy Oracle EBS,E,SAN-002,SanaPlus ColdFlu,OTC,SanaPlus,E-commerce,6,8.97,GBP,0.05,53.82,51.13
TXN-GB-1-000970,2026-08-25 00:46:52,2026-08-25 00:52:52,GB,Legacy Oracle EBS,E,DER-002,Dermacare LiftCream,Aesthetic,Dermacare,Wholesale,6,31.62,GBP,0.0,189.72,189.72
TXN-GB-1-000971,2026-08-25 20:59:29,2026-08-25 21:02:29,GB,Legacy Oracle EBS,E,DER-001,Dermacare GlowSerum,Aesthetic,Dermacare,E-commerce,1,27.35,GBP,0.05,27.35,25.98
TXN-GB-1-000972,2026-08-25 19:35:14,2026-08-25 19:41:14,GB,Legacy Oracle EBS,E,SAN-002,SanaPlus ColdFlu,OTC,SanaPlus,Wholesale,3,8.97,GBP,0.15,26.91,22.87
TXN-GB-1-000973,2026-08-25 06:38:12,2026-08-25 06:42:12,GB,Legacy Oracle EBS,E,MED-002,Medora Derm Cream,Prescription,Medora,E-commerce,7,22.22,GBP,0.0,155.54,155.54
TXN-GB-1-000974,2026-08-25 04:41:05,2026-08-25 04:47:05,GB,Legacy Oracle EBS,E,DER-001,Dermacare GlowSerum,Aesthetic,Dermacare,Pharmacy/B2B,2,27.35,GBP,0.1,54.7,49.23
TXN-GB-1-000975,2026-08-25 15:52:41,2026-08-25 15:57:41,GB,Legacy Oracle EBS,E,MED-001,Medora Cardio 10mg,Prescription,Medora,Pharmacy/B2B,1,36.75,GBP,0.1,36.75,33.08
TXN-GB-1-000976,2026-08-25 08:01:12,2026-08-25 08:05:12,GB,Legacy Oracle EBS,E,MED-001,Medora Cardio 10mg,Prescription,Medora,Pharmacy/B2B,10,36.75,GBP,0.0,367.5,367.5
TXN-GB-1-000977,2026-08-25 20:49:03,2026-08-25 20:50:03,GB,Legacy Oracle EBS,E,PUR-001,PureLife GlucoMonitor,Medical Device,PureLife,Pharmacy/B2B,11,72.65,GBP,0.05,799.15,759.19
TXN-GB-1-000978,2026-08-25 01:46:57,2026-08-25 01:47:57,GB,Legacy Oracle EBS,E,VIT-002,Vitalis Multivit,Supplement,Vitalis,E-commerce,8,14.53,GBP,0.15,116.24,98.8
TXN-GB-1-000979,2026-08-25 14:47:23,2026-08-25 14:53:23,GB,Legacy Oracle EBS,E,VIT-001,Vitalis C1000,Supplement,Vitalis,Pharmacy/B2B,6,17.95,GBP,0.2,107.7,86.16
TXN-GB-1-000980,2026-08-25 19:04:26,2026-08-25 19:08:26,GB,Legacy Oracle EBS,E,DER-002,Dermacare LiftCream,Aesthetic,Dermacare,Wholesale,8,31.62,GBP,0.2,252.96,202.37
TXN-GB-1-000981,2026-08-25 01:48:41,2026-08-25 01:49:41,GB,Legacy Oracle EBS,E,SAN-001,SanaPlus PainRelief,OTC,SanaPlus,Wholesale,3,8.12,GBP,0.15,24.36,20.71
TXN-GB-1-000982,2026-08-25 14:02:34,2026-08-25 14:07:34,GB,Legacy Oracle EBS,E,VIT-001,Vitalis C1000,Supplement,Vitalis,Pharmacy/B2B,2,17.95,GBP,0.1,35.9,32.31
TXN-GB-1-000983,2026-08-25 12:13:40,2026-08-25 12:17:40,GB,Legacy Oracle EBS,E,PUR-002,PureLife BP Monitor,Medical Device,PureLife,Wholesale,5,76.92,GBP,0.05,384.6,365.37
TXN-GB-1-000984,2026-08-25 01:01:32,2026-08-25 01:05:32,GB,Legacy Oracle EBS,E,DER-002,Dermacare LiftCream,Aesthetic,Dermacare,E-commerce,11,31.62,GBP,0.0,347.82,347.82
TXN-GB-1-000985,2026-08-25 21:38:58,2026-08-25 21:41:58,GB,Legacy Oracle EBS,E,DER-001,Dermacare GlowSerum,Aesthetic,Dermacare,Pharmacy/B2B,10,27.35,GBP,0.2,273.5,218.8
TXN-GB-1-000986,2026-08-25 06:05:20,2026-08-25 06:07:20,GB,Legacy Oracle EBS,E,MED-001,Medora Cardio 10mg,Prescription,Medora,D2C,2,36.75,GBP,0.0,73.5,73.5
TXN-GB-1-000987,2026-08-25 13:24:46,2026-08-25 13:28:46,GB,Legacy Oracle EBS,E,VIT-002,Vitalis Multivit,Supplement,Vitalis,Wholesale,5,14.53,GBP,0.15,72.65,61.75
TXN-GB-1-000988,2026-08-25 19:19:12,2026-08-25 19:25:12,GB,Legacy Oracle EBS,E,PUR-002,PureLife BP Monitor,Medical Device,PureLife,E-commerce,6,76.92,GBP,0.0,461.52,461.52
TXN-GB-1-000989,2026-08-25 01:46:24,2026-08-25 01:50:24,GB,Legacy Oracle EBS,E,SAN-002,SanaPlus ColdFlu,OTC,SanaPlus,Pharmacy/B2B,7,8.97,GBP,0.05,62.79,59.65
TXN-GB-1-000990,2026-08-25 09:40:23,2026-08-25 09:46:23,GB,Legacy Oracle EBS,E,PUR-001,PureLife GlucoMonitor,Medical Device,PureLife,Wholesale,11,72.65,GBP,0.05,799.15,759.19
TXN-GB-1-000991,2026-08-25 06:53:10,2026-08-25 06:56:10,GB,Legacy Oracle EBS,E,PUR-001,PureLife GlucoMonitor,Medical Device,PureLife,Pharmacy/B2B,9,72.65,GBP,0.0,653.85,653.85
TXN-GB-1-000992,2026-08-25 04:06:51,2026-08-25 04:10:51,GB,Legacy Oracle EBS,E,DER-002,Dermacare LiftCream,Aesthetic,Dermacare,D2C,9,31.62,GBP,0.05,284.58,270.35
TXN-GB-1-000993,2026-08-25 10:16:22,2026-08-25 10:20:22,GB,Legacy Oracle EBS,E,DER-002,Dermacare LiftCream,Aesthetic,Dermacare,E-commerce,6,31.62,GBP,0.2,189.72,151.78
TXN-GB-1-000994,2026-08-25 22:21:46,2026-08-25 22:26:46,GB,Legacy Oracle EBS,E,SAN-002,SanaPlus ColdFlu,OTC,SanaPlus,D2C,4,8.97,GBP,0.1,35.88,32.29
TXN-GB-1-000995,2026-08-25 08:33:47,2026-08-25 08:36:47,GB,Legacy Oracle EBS,E,DER-001,Dermacare GlowSerum,Aesthetic,Dermacare,Wholesale,2,27.35,GBP,0.0,54.7,54.7
TXN-GB-1-000996,2026-08-25 12:46:02,2026-08-25 12:48:02,GB,Legacy Oracle EBS,E,MED-001,Medora Cardio 10mg,Prescription,Medora,Pharmacy/B2B,10,36.75,GBP,0.0,367.5,367.5
TXN-GB-1-000997,2026-08-25 02:14:31,2026-08-25 02:20:31,GB,Legacy Oracle EBS,E,DER-001,Dermacare GlowSerum,Aesthetic,Dermacare,D2C,7,27.35,GBP,0.15,191.45,162.73
TXN-GB-1-000998,2026-08-25 21:02:30,2026-08-25 21:03:30,GB,Legacy Oracle EBS,E,VIT-001,Vitalis C1000,Supplement,Vitalis,Wholesale,8,17.95,GBP,0.0,143.6,143.6
TXN-GB-1-000999,2026-08-25 21:01:11,2026-08-25 21:02:11,GB,Legacy Oracle EBS,E,PUR-002,PureLife BP Monitor,Medical Device,PureLife,Wholesale,10,76.92,GBP,0.1,769.2,692.28
TXN-GB-1-001000,2026-08-25 06:53:12,2026-08-25 06:55:12,GB,Legacy Oracle EBS,E,SAN-002,SanaPlus ColdFlu,OTC,SanaPlus,E-commerce,11,8.97,GBP,0.0,98.67,98.67
TXN-GB-1-001001,2026-08-25 07:45:03,2026-08-25 07:51:03,GB,Legacy Oracle EBS,E,MED-002,Medora Derm Cream,Prescription,Medora,E-commerce,9,22.22,GBP,0.05,199.98,189.98
TXN-GB-1-001002,2026-08-25 20:16:22,2026-08-25 20:18:22,GB,Legacy Oracle EBS,E,MED-001,Medora Cardio 10mg,Prescription,Medora,D2C,11,36.75,GBP,0.05,404.25,384.04
TXN-GB-1-001003,2026-08-25 19:18:36,2026-08-25 19:20:36,GB,Legacy Oracle EBS,E,PUR-001,PureLife GlucoMonitor,Medical Device,PureLife,Wholesale,6,72.65,GBP,0.0,435.9,435.9
TXN-GB-1-001004,2026-08-25 08:34:17,2026-08-25 08:37:17,GB,Legacy Oracle EBS,E,SAN-002,SanaPlus ColdFlu,OTC,SanaPlus,E-commerce,7,8.97,GBP,0.15,62.79,53.37
TXN-GB-1-001005,2026-08-25 06:15:00,2026-08-25 06:16:00,GB,Legacy Oracle EBS,E,VIT-001,Vitalis C1000,Supplement,Vitalis,D2C,9,17.95,GBP,0.05,161.55,153.47
TXN-GB-1-001006,2026-08-25 09:13:57,2026-08-25 09:17:57,GB,Legacy Oracle EBS,E,PUR-001,PureLife GlucoMonitor,Medical Device,PureLife,Pharmacy/B2B,2,72.65,GBP,0.0,145.3,145.3
TXN-GB-1-001007,2026-08-25 20:20:07,2026-08-25 20:22:07,GB,Legacy Oracle EBS,E,DER-001,Dermacare GlowSerum,Aesthetic,Dermacare,E-commerce,5,27.35,GBP,0.15,136.75,116.24
TXN-GB-1-001008,2026-08-25 13:24:45,2026-08-25 13:25:45,GB,Legacy Oracle EBS,E,DER-002,Dermacare LiftCream,Aesthetic,Dermacare,E-commerce,10,31.62,GBP,0.0,316.2,316.2
TXN-GB-1-001009,2026-08-25 04:38:36,2026-08-25 04:40:36,GB,Legacy Oracle EBS,E,PUR-002,PureLife BP Monitor,Medical Device,PureLife,E-commerce,2,76.92,GBP,0.05,153.84,146.15
TXN-GB-1-001010,2026-08-25 23:28:33,2026-08-25 23:32:33,GB,Legacy Oracle EBS,E,PUR-001,PureLife GlucoMonitor,Medical Device,PureLife,Wholesale,6,72.65,GBP,0.0,435.9,435.9
TXN-GB-1-001011,2026-08-25 08:53:40,2026-08-25 08:58:40,GB,Legacy Oracle EBS,E,SAN-001,SanaPlus PainRelief,OTC,SanaPlus,Wholesale,6,8.12,GBP,0.2,48.72,38.98
TXN-GB-1-001012,2026-08-25 23:27:12,2026-08-25 23:33:12,GB,Legacy Oracle EBS,E,MED-001,Medora Cardio 10mg,Prescription,Medora,D2C,6,36.75,GBP,0.05,220.5,209.47
TXN-GB-1-001013,2026-08-25 18:01:13,2026-08-25 18:07:13,GB,Legacy Oracle EBS,E,DER-002,Dermacare LiftCream,Aesthetic,Dermacare,Pharmacy/B2B,8,31.62,GBP,0.0,252.96,252.96
TXN-GB-1-001014,2026-08-25 07:25:17,2026-08-25 07:26:17,GB,Legacy Oracle EBS,E,VIT-001,Vitalis C1000,Supplement,Vitalis,D2C,4,17.95,GBP,0.0,71.8,71.8
TXN-GB-1-001015,2026-08-25 23:19:42,2026-08-25 23:22:42,GB,Legacy Oracle EBS,E,VIT-002,Vitalis Multivit,Supplement,Vitalis,D2C,4,14.53,GBP,0.1,58.12,52.31
TXN-GB-1-001016,2026-08-25 02:47:05,2026-08-25 02:48:05,GB,Legacy Oracle EBS,E,SAN-002,SanaPlus ColdFlu,OTC,SanaPlus,Wholesale,6,8.97,GBP,0.0,53.82,53.82
TXN-GB-1-001017,2026-08-25 21:23:39,2026-08-25 21:25:39,GB,Legacy Oracle EBS,E,DER-002,Dermacare LiftCream,Aesthetic,Dermacare,E-commerce,1,31.62,GBP,0.1,31.62,28.46
TXN-GB-1-001018,2026-08-25 09:53:28,2026-08-25 09:58:28,GB,Legacy Oracle EBS,E,MED-001,Medora Cardio 10mg,Prescription,Medora,E-commerce,7,36.75,GBP,0.1,257.25,231.53
TXN-GB-1-001019,2026-08-25 13:35:10,2026-08-25 13:39:10,GB,Legacy Oracle EBS,E,SAN-002,SanaPlus ColdFlu,OTC,SanaPlus,Wholesale,3,8.97,GBP,0.1,26.91,24.22
TXN-GB-1-001020,2026-08-25 09:20:30,2026-08-25 09:22:30,GB,Legacy Oracle EBS,E,VIT-002,Vitalis Multivit,Supplement,Vitalis,Pharmacy/B2B,7,14.53,GBP,0.1,101.71,91.54
TXN-GB-1-001021,2026-08-25 13:44:48,2026-08-25 13:48:48,GB,Legacy Oracle EBS,E,MED-001,Medora Cardio 10mg,Prescription,Medora,D2C,6,36.75,GBP,0.0,220.5,220.5
TXN-GB-1-001022,2026-08-25 14:33:14,2026-08-25 14:38:14,GB,Legacy Oracle EBS,E,SAN-001,SanaPlus PainRelief,OTC,SanaPlus,E-commerce,10,8.12,GBP,0.15,81.2,69.02
TXN-GB-1-001023,2026-08-25 09:55:28,2026-08-25 09:58:28,GB,Legacy Oracle EBS,E,MED-002,Medora Derm Cream,Prescription,Medora,Pharmacy/B2B,12,22.22,GBP,0.0,266.64,266.64
TXN-GB-1-001024,2026-08-25 00:34:10,2026-08-25 00:37:10,GB,Legacy Oracle EBS,E,VIT-001,Vitalis C1000,Supplement,Vitalis,Wholesale,12,17.95,GBP,0.1,215.4,193.86
TXN-GB-1-001025,2026-08-25 17:15:20,2026-08-25 17:18:20,GB,Legacy Oracle EBS,E,PUR-002,PureLife BP Monitor,Medical Device,PureLife,E-commerce,6,76.92,GBP,0.0,461.52,461.52
TXN-GB-1-001026,2026-08-25 21:16:56,2026-08-25 21:18:56,GB,Legacy Oracle EBS,E,MED-002,Medora Derm Cream,Prescription,Medora,Pharmacy/B2B,2,22.22,GBP,0.2,44.44,35.55
TXN-GB-1-001027,2026-08-25 19:05:56,2026-08-25 19:06:56,GB,Legacy Oracle EBS,E,PUR-001,PureLife GlucoMonitor,Medical Device,PureLife,Wholesale,10,72.65,GBP,0.1,726.5,653.85
TXN-GB-1-001028,2026-08-25 23:21:22,2026-08-25 23:22:22,GB,Legacy Oracle EBS,E,VIT-002,Vitalis Multivit,Supplement,Vitalis,E-commerce,11,14.53,GBP,0.1,159.83,143.85
TXN-GB-1-001029,2026-08-25 08:56:07,2026-08-25 08:59:07,GB,Legacy Oracle EBS,E,DER-002,Dermacare LiftCream,Aesthetic,Dermacare,D2C,4,31.62,GBP,0.1,126.48,113.83
TXN-GB-1-001030,2026-08-25 11:09:57,2026-08-25 11:14:57,GB,Legacy Oracle EBS,E,MED-002,Medora Derm Cream,Prescription,Medora,Pharmacy/B2B,2,22.22,GBP,0.0,44.44,44.44
TXN-GB-1-001031,2026-08-25 18:11:08,2026-08-25 18:12:08,GB,Legacy Oracle EBS,E,VIT-002,Vitalis Multivit,Supplement,Vitalis,D2C,8,14.53,GBP,0.0,116.24,116.24
TXN-GB-1-001032,2026-08-25 14:24:14,2026-08-25 14:25:14,GB,Legacy Oracle EBS,E,MED-002,Medora Derm Cream,Prescription,Medora,Wholesale,5,22.22,GBP,0.2,111.1,88.88
TXN-GB-1-001033,2026-08-25 05:52:31,2026-08-25 05:56:31,GB,Legacy Oracle EBS,E,VIT-001,Vitalis C1000,Supplement,Vitalis,D2C,6,17.95,GBP,0.0,107.7,107.7
TXN-GB-1-001034,2026-08-25 10:20:02,2026-08-25 10:24:02,GB,Legacy Oracle EBS,E,VIT-001,Vitalis C1000,Supplement,Vitalis,Pharmacy/B2B,3,17.95,GBP,0.0,53.85,53.85
TXN-GB-1-001035,2026-08-25 08:23:34,2026-08-25 08:26:34,GB,Legacy Oracle EBS,E,SAN-001,SanaPlus PainRelief,OTC,SanaPlus,Wholesale,10,8.12,GBP,0.15,81.2,69.02
TXN-GB-1-001036,2026-08-25 06:10:32,2026-08-25 06:12:32,GB,Legacy Oracle EBS,E,VIT-002,Vitalis Multivit,Supplement,Vitalis,D2C,1,14.53,GBP,0.05,14.53,13.8
TXN-GB-1-001037,2026-08-25 03:02:06,2026-08-25 03:06:06,GB,Legacy Oracle EBS,E,VIT-002,Vitalis Multivit,Supplement,Vitalis,D2C,4,14.53,GBP,0.0,58.12,58.12
TXN-GB-1-001038,2026-08-25 14:00:52,2026-08-25 14:04:52,GB,Legacy Oracle EBS,E,MED-001,Medora Cardio 10mg,Prescription,Medora,D2C,5,36.75,GBP,0.05,183.75,174.56
TXN-GB-1-001039,2026-08-25 01:48:19,2026-08-25 01:54:19,GB,Legacy Oracle EBS,E,MED-001,Medora Cardio 10mg,Prescription,Medora,Wholesale,1,36.75,GBP,0.2,36.75,29.4
TXN-GB-1-001040,2026-08-25 09:05:46,2026-08-25 09:10:46,GB,Legacy Oracle EBS,E,PUR-001,PureLife GlucoMonitor,Medical Device,PureLife,Pharmacy/B2B,1,72.65,GBP,0.05,72.65,69.02
TXN-GB-1-001041,2026-08-25 21:02:51,2026-08-25 21:05:51,GB,Legacy Oracle EBS,E,MED-002,Medora Derm Cream,Prescription,Medora,Wholesale,4,22.22,GBP,0.0,88.88,88.88
TXN-GB-1-001042,2026-08-25 04:51:33,2026-08-25 04:52:33,GB,Legacy Oracle EBS,E,SAN-001,SanaPlus PainRelief,OTC,SanaPlus,Pharmacy/B2B,12,8.12,GBP,0.0,97.44,97.44
TXN-GB-1-001043,2026-08-25 00:00:59,2026-08-25 00:02:59,GB,Legacy Oracle EBS,E,VIT-001,Vitalis C1000,Supplement,Vitalis,D2C,11,17.95,GBP,0.0,197.45,197.45
TXN-GB-1-001044,2026-08-25 17:45:11,2026-08-25 17:48:11,GB,Legacy Oracle EBS,E,DER-001,Dermacare GlowSerum,Aesthetic,Dermacare,Pharmacy/B2B,7,27.35,GBP,0.1,191.45,172.31
TXN-GB-1-001045,2026-08-25 01:30:53,2026-08-25 01:35:53,GB,Legacy Oracle EBS,E,SAN-002,SanaPlus ColdFlu,OTC,SanaPlus,Wholesale,5,8.97,GBP,0.15,44.85,38.12
TXN-GB-1-001046,2026-08-25 03:07:38,2026-08-25 03:12:38,GB,Legacy Oracle EBS,E,SAN-002,SanaPlus ColdFlu,OTC,SanaPlus,D2C,2,8.97,GBP,0.0,17.94,17.94
TXN-GB-1-001047,2026-08-25 07:56:57,2026-08-25 08:02:57,GB,Legacy Oracle EBS,E,VIT-002,Vitalis Multivit,Supplement,Vitalis,Wholesale,7,14.53,GBP,0.0,101.71,101.71
TXN-GB-1-001048,2026-08-25 00:26:56,2026-08-25 00:28:56,GB,Legacy Oracle EBS,E,PUR-001,PureLife GlucoMonitor,Medical Device,PureLife,D2C,10,72.65,GBP,0.2,726.5,581.2
TXN-GB-1-001049,2026-08-25 02:27:06,2026-08-25 02:30:06,GB,Legacy Oracle EBS,E,DER-001,Dermacare GlowSerum,Aesthetic,Dermacare,D2C,9,27.35,GBP,0.0,246.15,246.15
TXN-GB-1-001050,2026-08-25 15:59:32,2026-08-25 16:05:32,GB,Legacy Oracle EBS,E,PUR-002,PureLife BP Monitor,Medical Device,PureLife,Pharmacy/B2B,11,76.92,GBP,0.0,846.12,846.12
TXN-GB-1-001051,2026-08-25 17:14:15,2026-08-25 17:19:15,GB,Legacy Oracle EBS,E,VIT-001,Vitalis C1000,Supplement,Vitalis,Pharmacy/B2B,12,17.95,GBP,0.0,215.4,215.4
TXN-GB-1-001052,2026-08-25 06:28:08,2026-08-25 06:34:08,GB,Legacy Oracle EBS,E,SAN-001,SanaPlus PainRelief,OTC,SanaPlus,E-commerce,3,8.12,GBP,0.0,24.36,24.36
TXN-GB-1-001053,2026-08-25 21:17:43,2026-08-25 21:18:43,GB,Legacy Oracle EBS,E,MED-002,Medora Derm Cream,Prescription,Medora,D2C,3,22.22,GBP,0.1,66.66,59.99
TXN-GB-1-001054,2026-08-25 21:13:21,2026-08-25 21:18:21,GB,Legacy Oracle EBS,E,SAN-001,SanaPlus PainRelief,OTC,SanaPlus,Pharmacy/B2B,5,8.12,GBP,0.0,40.6,40.6
TXN-GB-1-001055,2026-08-25 10:20:56,2026-08-25 10:21:56,GB,Legacy Oracle EBS,E,MED-002,Medora Derm Cream,Prescription,Medora,E-commerce,9,22.22,GBP,0.0,199.98,199.98
TXN-GB-1-001056,2026-08-25 14:26:45,2026-08-25 14:31:45,GB,Legacy Oracle EBS,E,PUR-002,PureLife BP Monitor,Medical Device,PureLife,E-commerce,10,76.92,GBP,0.0,769.2,769.2
TXN-GB-1-001057,2026-08-25 10:21:31,2026-08-25 10:23:31,GB,Legacy Oracle EBS,E,DER-001,Dermacare GlowSerum,Aesthetic,Dermacare,D2C,3,27.35,GBP,0.0,82.05,82.05
TXN-GB-1-001058,2026-08-25 04:23:41,2026-08-25 04:25:41,GB,Legacy Oracle EBS,E,MED-001,Medora Cardio 10mg,Prescription,Medora,Pharmacy/B2B,8,36.75,GBP,0.0,294.0,294.0
TXN-GB-1-001059,2026-08-25 01:33:50,2026-08-25 01:35:50,GB,Legacy Oracle EBS,E,MED-001,Medora Cardio 10mg,Prescription,Medora,D2C,12,36.75,GBP,0.0,441.0,441.0
TXN-GB-1-001060,2026-08-25 15:52:06,2026-08-25 15:57:06,GB,Legacy Oracle EBS,E,PUR-001,PureLife GlucoMonitor,Medical Device,PureLife,Wholesale,7,72.65,GBP,0.0,508.55,508.55
TXN-GB-1-001061,2026-08-25 22:43:40,2026-08-25 22:46:40,GB,Legacy Oracle EBS,E,PUR-001,PureLife GlucoMonitor,Medical Device,PureLife,Pharmacy/B2B,12,72.65,GBP,0.1,871.8,784.62
TXN-GB-1-001062,2026-08-25 05:20:51,2026-08-25 05:24:51,GB,Legacy Oracle EBS,E,VIT-001,Vitalis C1000,Supplement,Vitalis,Pharmacy/B2B,4,17.95,GBP,0.15,71.8,61.03
TXN-GB-1-001063,2026-08-25 14:02:19,2026-08-25 14:06:19,GB,Legacy Oracle EBS,E,SAN-002,SanaPlus ColdFlu,OTC,SanaPlus,Pharmacy/B2B,7,8.97,GBP,0.0,62.79,62.79
TXN-GB-1-001064,2026-08-25 09:56:37,2026-08-25 10:02:37,GB,Legacy Oracle EBS,E,PUR-002,PureLife BP Monitor,Medical Device,PureLife,Pharmacy/B2B,6,76.92,GBP,0.0,461.52,461.52
TXN-GB-1-001065,2026-08-25 05:26:39,2026-08-25 05:32:39,GB,Legacy Oracle EBS,E,MED-002,Medora Derm Cream,Prescription,Medora,Pharmacy/B2B,2,22.22,GBP,0.0,44.44,44.44
TXN-GB-1-001066,2026-08-25 06:56:33,2026-08-25 06:57:33,GB,Legacy Oracle EBS,E,PUR-001,PureLife GlucoMonitor,Medical Device,PureLife,D2C,3,72.65,GBP,0.0,217.95,217.95
TXN-GB-1-001067,2026-08-25 03:43:34,2026-08-25 03:46:34,GB,Legacy Oracle EBS,E,DER-001,Dermacare GlowSerum,Aesthetic,Dermacare,E-commerce,4,27.35,GBP,0.0,109.4,109.4
TXN-GB-1-001068,2026-08-25 06:39:50,2026-08-25 06:44:50,GB,Legacy Oracle EBS,E,SAN-001,SanaPlus PainRelief,OTC,SanaPlus,Pharmacy/B2B,12,8.12,GBP,0.0,97.44,97.44
TXN-GB-1-001069,2026-08-25 05:22:19,2026-08-25 05:28:19,GB,Legacy Oracle EBS,E,SAN-001,SanaPlus PainRelief,OTC,SanaPlus,Wholesale,3,8.12,GBP,0.05,24.36,23.14
TXN-GB-1-001070,2026-08-25 17:21:10,2026-08-25 17:22:10,GB,Legacy Oracle EBS,E,VIT-002,Vitalis Multivit,Supplement,Vitalis,E-commerce,1,14.53,GBP,0.0,14.53,14.53
TXN-GB-1-001071,2026-08-25 11:24:03,2026-08-25 11:26:03,GB,Legacy Oracle EBS,E,SAN-001,SanaPlus PainRelief,OTC,SanaPlus,E-commerce,4,8.12,GBP,0.1,32.48,29.23
TXN-GB-1-001072,2026-08-25 15:26:02,2026-08-25 15:30:02,GB,Legacy Oracle EBS,E,MED-001,Medora Cardio 10mg,Prescription,Medora,Wholesale,8,36.75,GBP,0.05,294.0,279.3
TXN-GB-1-001073,2026-08-25 01:04:44,2026-08-25 01:07:44,GB,Legacy Oracle EBS,E,VIT-001,Vitalis C1000,Supplement,Vitalis,E-commerce,11,17.95,GBP,0.15,197.45,167.83
TXN-GB-1-001074,2026-08-25 21:28:58,2026-08-25 21:33:58,GB,Legacy Oracle EBS,E,DER-002,Dermacare LiftCream,Aesthetic,Dermacare,Wholesale,12,31.62,GBP,0.05,379.44,360.47
TXN-GB-1-001075,2026-08-25 17:06:13,2026-08-25 17:09:13,GB,Legacy Oracle EBS,E,MED-001,Medora Cardio 10mg,Prescription,Medora,Wholesale,8,36.75,GBP,0.2,294.0,235.2
TXN-GB-1-001076,2026-08-25 04:52:55,2026-08-25 04:53:55,GB,Legacy Oracle EBS,E,MED-001,Medora Cardio 10mg,Prescription,Medora,Wholesale,11,36.75,GBP,0.0,404.25,404.25
TXN-GB-1-001077,2026-08-25 06:29:53,2026-08-25 06:32:53,GB,Legacy Oracle EBS,E,MED-001,Medora Cardio 10mg,Prescription,Medora,Pharmacy/B2B,4,36.75,GBP,0.2,147.0,117.6
TXN-GB-1-001078,2026-08-25 07:57:40,2026-08-25 08:03:40,GB,Legacy Oracle EBS,E,MED-001,Medora Cardio 10mg,Prescription,Medora,D2C,2,36.75,GBP,0.0,73.5,73.5
TXN-GB-1-001079,2026-08-25 21:47:06,2026-08-25 21:53:06,GB,Legacy Oracle EBS,E,DER-002,Dermacare LiftCream,Aesthetic,Dermacare,E-commerce,5,31.62,GBP,0.2,158.1,126.48
TXN-GB-1-001080,2026-08-25 16:49:08,2026-08-25 16:51:08,GB,Legacy Oracle EBS,E,SAN-002,SanaPlus ColdFlu,OTC,SanaPlus,D2C,3,8.97,GBP,0.05,26.91,25.56
TXN-GB-1-001081,2026-08-25 12:36:37,2026-08-25 12:39:37,GB,Legacy Oracle EBS,E,MED-002,Medora Derm Cream,Prescription,Medora,Wholesale,12,22.22,GBP,0.2,266.64,213.31
TXN-GB-1-001082,2026-08-25 19:21:50,2026-08-25 19:26:50,GB,Legacy Oracle EBS,E,VIT-002,Vitalis Multivit,Supplement,Vitalis,E-commerce,8,14.53,GBP,0.2,116.24,92.99
TXN-GB-1-001083,2026-08-25 15:48:57,2026-08-25 15:54:57,GB,Legacy Oracle EBS,E,VIT-002,Vitalis Multivit,Supplement,Vitalis,D2C,12,14.53,GBP,0.0,174.36,174.36
TXN-GB-1-001084,2026-08-25 07:59:34,2026-08-25 08:04:34,GB,Legacy Oracle EBS,E,MED-002,Medora Derm Cream,Prescription,Medora,E-commerce,9,22.22,GBP,0.1,199.98,179.98
TXN-GB-1-001085,2026-08-25 06:56:38,2026-08-25 07:00:38,GB,Legacy Oracle EBS,E,VIT-002,Vitalis Multivit,Supplement,Vitalis,E-commerce,8,14.53,GBP,0.1,116.24,104.62
TXN-GB-1-001086,2026-08-25 23:41:56,2026-08-25 23:45:56,GB,Legacy Oracle EBS,E,PUR-001,PureLife GlucoMonitor,Medical Device,PureLife,Pharmacy/B2B,8,72.65,GBP,0.15,581.2,494.02
TXN-GB-1-001087,2026-08-25 01:26:47,2026-08-25 01:29:47,GB,Legacy Oracle EBS,E,VIT-001,Vitalis C1000,Supplement,Vitalis,E-commerce,6,17.95,GBP,0.05,107.7,102.31
TXN-GB-1-001088,2026-08-25 23:40:54,2026-08-25 23:42:54,GB,Legacy Oracle EBS,E,MED-002,Medora Derm Cream,Prescription,Medora,D2C,10,22.22,GBP,0.0,222.2,222.2
TXN-GB-1-001089,2026-08-25 02:34:36,2026-08-25 02:35:36,GB,Legacy Oracle EBS,E,DER-001,Dermacare GlowSerum,Aesthetic,Dermacare,E-commerce,11,27.35,GBP,0.0,300.85,300.85
TXN-GB-1-001090,2026-08-25 23:41:41,2026-08-25 23:43:41,GB,Legacy Oracle EBS,E,SAN-002,SanaPlus ColdFlu,OTC,SanaPlus,E-commerce,5,8.97,GBP,0.15,44.85,38.12
TXN-GB-1-001091,2026-08-25 17:01:26,2026-08-25 17:07:26,GB,Legacy Oracle EBS,E,MED-001,Medora Cardio 10mg,Prescription,Medora,D2C,1,36.75,GBP,0.2,36.75,29.4
TXN-GB-1-001092,2026-08-25 17:05:09,2026-08-25 17:11:09,GB,Legacy Oracle EBS,E,MED-001,Medora Cardio 10mg,Prescription,Medora,Wholesale,8,36.75,GBP,0.0,294.0,294.0
TXN-GB-1-001093,2026-08-25 00:13:23,2026-08-25 00:19:23,GB,Legacy Oracle EBS,E,PUR-001,PureLife GlucoMonitor,Medical Device,PureLife,D2C,10,72.65,GBP,0.0,726.5,726.5
TXN-GB-1-001094,2026-08-25 23:58:46,2026-08-26 00:03:46,GB,Legacy Oracle EBS,E,PUR-002,PureLife BP Monitor,Medical Device,PureLife,Wholesale,4,76.92,GBP,0.2,307.68,246.14
TXN-GB-1-001095,2026-08-25 12:36:56,2026-08-25 12:40:56,GB,Legacy Oracle EBS,E,DER-001,Dermacare GlowSerum,Aesthetic,Dermacare,Wholesale,12,27.35,GBP,0.05,328.2,311.79
TXN-GB-1-001096,2026-08-25 04:33:36,2026-08-25 04:34:36,GB,Legacy Oracle EBS,E,VIT-002,Vitalis Multivit,Supplement,Vitalis,Pharmacy/B2B,6,14.53,GBP,0.1,87.18,78.46
TXN-GB-1-001097,2026-08-25 13:02:56,2026-08-25 13:03:56,GB,Legacy Oracle EBS,E,PUR-002,PureLife BP Monitor,Medical Device,PureLife,D2C,9,76.92,GBP,0.0,692.28,692.28
TXN-GB-1-001098,2026-08-25 13:04:14,2026-08-25 13:07:14,GB,Legacy Oracle EBS,E,VIT-001,Vitalis C1000,Supplement,Vitalis,E-commerce,6,17.95,GBP,0.1,107.7,96.93
TXN-GB-1-001099,2026-08-25 12:07:02,2026-08-25 12:10:02,GB,Legacy Oracle EBS,E,MED-002,Medora Derm Cream,Prescription,Medora,E-commerce,4,22.22,GBP,0.15,88.88,75.55
TXN-GB-1-001100,2026-08-25 01:15:31,2026-08-25 01:21:31,GB,Legacy Oracle EBS,E,SAN-002,SanaPlus ColdFlu,OTC,SanaPlus,Pharmacy/B2B,6,8.97,GBP,0.0,53.82,53.82
TXN-GB-1-001101,2026-08-25 03:30:17,2026-08-25 03:35:17,GB,Legacy Oracle EBS,E,DER-001,Dermacare GlowSerum,Aesthetic,Dermacare,E-commerce,11,27.35,GBP,0.15,300.85,255.72
TXN-GB-1-001102,2026-08-25 12:54:10,2026-08-25 12:55:10,GB,Legacy Oracle EBS,E,MED-002,Medora Derm Cream,Prescription,Medora,Pharmacy/B2B,10,22.22,GBP,0.05,222.2,211.09
TXN-GB-1-001103,2026-08-25 18:07:38,2026-08-25 18:10:38,GB,Legacy Oracle EBS,E,SAN-002,SanaPlus ColdFlu,OTC,SanaPlus,Pharmacy/B2B,11,8.97,GBP,0.0,98.67,98.67
TXN-GB-1-001104,2026-08-25 15:36:55,2026-08-25 15:38:55,GB,Legacy Oracle EBS,E,DER-001,Dermacare GlowSerum,Aesthetic,Dermacare,D2C,12,27.35,GBP,0.1,328.2,295.38
TXN-GB-1-001105,2026-08-25 00:21:26,2026-08-25 00:24:26,GB,Legacy Oracle EBS,E,MED-001,Medora Cardio 10mg,Prescription,Medora,D2C,2,36.75,GBP,0.05,73.5,69.83
TXN-GB-1-001106,2026-08-25 08:38:30,2026-08-25 08:42:30,GB,Legacy Oracle EBS,E,VIT-001,Vitalis C1000,Supplement,Vitalis,E-commerce,4,17.95,GBP,0.0,71.8,71.8
TXN-GB-1-001107,2026-08-25 04:53:24,2026-08-25 04:57:24,GB,Legacy Oracle EBS,E,DER-002,Dermacare LiftCream,Aesthetic,Dermacare,Wholesale,1,31.62,GBP,0.15,31.62,26.88
TXN-GB-1-001108,2026-08-25 07:14:06,2026-08-25 07:20:06,GB,Legacy Oracle EBS,E,VIT-001,Vitalis C1000,Supplement,Vitalis,E-commerce,11,17.95,GBP,0.2,197.45,157.96
TXN-GB-1-001109,2026-08-25 19:50:33,2026-08-25 19:51:33,GB,Legacy Oracle EBS,E,VIT-001,Vitalis C1000,Supplement,Vitalis,Pharmacy/B2B,8,17.95,GBP,0.0,143.6,143.6
TXN-GB-1-001110,2026-08-25 19:09:46,2026-08-25 19:14:46,GB,Legacy Oracle EBS,E,PUR-002,PureLife BP Monitor,Medical Device,PureLife,E-commerce,6,76.92,GBP,0.2,461.52,369.22
TXN-GB-1-001111,2026-08-25 11:11:06,2026-08-25 11:17:06,GB,Legacy Oracle EBS,E,DER-002,Dermacare LiftCream,Aesthetic,Dermacare,D2C,3,31.62,GBP,0.2,94.86,75.89
TXN-GB-1-001112,2026-08-25 04:22:09,2026-08-25 04:23:09,GB,Legacy Oracle EBS,E,VIT-001,Vitalis C1000,Supplement,Vitalis,Wholesale,12,17.95,GBP,0.0,215.4,215.4
TXN-GB-1-001113,2026-08-25 21:09:57,2026-08-25 21:13:57,GB,Legacy Oracle EBS,E,VIT-002,Vitalis Multivit,Supplement,Vitalis,Wholesale,4,14.53,GBP,0.0,58.12,58.12
TXN-GB-1-001114,2026-08-25 03:11:32,2026-08-25 03:14:32,GB,Legacy Oracle EBS,E,PUR-002,PureLife BP Monitor,Medical Device,PureLife,E-commerce,4,76.92,GBP,0.0,307.68,307.68
TXN-GB-1-001115,2026-08-25 00:35:16,2026-08-25 00:40:16,GB,Legacy Oracle EBS,E,PUR-001,PureLife GlucoMonitor,Medical Device,PureLife,Wholesale,3,72.65,GBP,0.0,217.95,217.95
TXN-GB-1-001116,2026-08-25 01:57:36,2026-08-25 02:01:36,GB,Legacy Oracle EBS,E,SAN-002,SanaPlus ColdFlu,OTC,SanaPlus,D2C,11,8.97,GBP,0.2,98.67,78.94
TXN-GB-1-001117,2026-08-25 00:57:33,2026-08-25 00:58:33,GB,Legacy Oracle EBS,E,VIT-002,Vitalis Multivit,Supplement,Vitalis,Pharmacy/B2B,9,14.53,GBP,0.2,130.77,104.62
TXN-GB-1-001118,2026-08-25 00:40:52,2026-08-25 00:42:52,GB,Legacy Oracle EBS,E,DER-001,Dermacare GlowSerum,Aesthetic,Dermacare,D2C,9,27.35,GBP,0.0,246.15,246.15
TXN-GB-1-001119,2026-08-25 03:22:27,2026-08-25 03:28:27,GB,Legacy Oracle EBS,E,MED-001,Medora Cardio 10mg,Prescription,Medora,Pharmacy/B2B,3,36.75,GBP,0.0,110.25,110.25
TXN-GB-1-001120,2026-08-25 18:14:00,2026-08-25 18:16:00,GB,Legacy Oracle EBS,E,SAN-001,SanaPlus PainRelief,OTC,SanaPlus,Pharmacy/B2B,12,8.12,GBP,0.0,97.44,97.44
TXN-GB-1-001121,2026-08-25 00:51:51,2026-08-25 00:56:51,GB,Legacy Oracle EBS,E,MED-002,Medora Derm Cream,Prescription,Medora,Wholesale,1,22.22,GBP,0.0,22.22,22.22
TXN-GB-1-001122,2026-08-25 18:51:08,2026-08-25 18:54:08,GB,Legacy Oracle EBS,E,DER-001,Dermacare GlowSerum,Aesthetic,Dermacare,Pharmacy/B2B,7,27.35,GBP,0.15,191.45,162.73
TXN-GB-1-001123,2026-08-25 20:01:49,2026-08-25 20:05:49,GB,Legacy Oracle EBS,E,PUR-001,PureLife GlucoMonitor,Medical Device,PureLife,Wholesale,11,72.65,GBP,0.2,799.15,639.32
TXN-GB-1-001124,2026-08-25 23:01:21,2026-08-25 23:03:21,GB,Legacy Oracle EBS,E,VIT-001,Vitalis C1000,Supplement,Vitalis,Pharmacy/B2B,5,17.95,GBP,0.1,89.75,80.78
TXN-GB-1-001125,2026-08-25 22:05:05,2026-08-25 22:10:05,GB,Legacy Oracle EBS,E,DER-002,Dermacare LiftCream,Aesthetic,Dermacare,Pharmacy/B2B,4,31.62,GBP,0.15,126.48,107.51
TXN-GB-1-001126,2026-08-25 04:40:24,2026-08-25 04:41:24,GB,Legacy Oracle EBS,E,SAN-001,SanaPlus PainRelief,OTC,SanaPlus,E-commerce,11,8.12,GBP,0.0,89.32,89.32
TXN-GB-1-001127,2026-08-25 18:02:36,2026-08-25 18:05:36,GB,Legacy Oracle EBS,E,VIT-002,Vitalis Multivit,Supplement,Vitalis,E-commerce,5,14.53,GBP,0.0,72.65,72.65
TXN-GB-1-001128,2026-08-25 04:43:21,2026-08-25 04:44:21,GB,Legacy Oracle EBS,E,MED-001,Medora Cardio 10mg,Prescription,Medora,Wholesale,6,36.75,GBP,0.0,220.5,220.5
TXN-GB-1-001129,2026-08-25 01:38:16,2026-08-25 01:39:16,GB,Legacy Oracle EBS,E,SAN-001,SanaPlus PainRelief,OTC,SanaPlus,Wholesale,1,8.12,GBP,0.0,8.12,8.12
TXN-GB-1-001130,2026-08-25 00:26:11,2026-08-25 00:32:11,GB,Legacy Oracle EBS,E,SAN-001,SanaPlus PainRelief,OTC,SanaPlus,Pharmacy/B2B,4,8.12,GBP,0.0,32.48,32.48
TXN-GB-1-001131,2026-08-25 08:32:04,2026-08-25 08:35:04,GB,Legacy Oracle EBS,E,SAN-002,SanaPlus ColdFlu,OTC,SanaPlus,D2C,12,8.97,GBP,0.05,107.64,102.26
TXN-GB-1-001132,2026-08-25 20:47:51,2026-08-25 20:50:51,GB,Legacy Oracle EBS,E,VIT-001,Vitalis C1000,Supplement,Vitalis,Pharmacy/B2B,12,17.95,GBP,0.05,215.4,204.63
TXN-GB-1-001133,2026-08-25 05:20:33,2026-08-25 05:26:33,GB,Legacy Oracle EBS,E,VIT-001,Vitalis C1000,Supplement,Vitalis,E-commerce,10,17.95,GBP,0.0,179.5,179.5
TXN-GB-1-001134,2026-08-25 15:24:37,2026-08-25 15:30:37,GB,Legacy Oracle EBS,E,DER-002,Dermacare LiftCream,Aesthetic,Dermacare,E-commerce,11,31.62,GBP,0.0,347.82,347.82
TXN-GB-1-001135,2026-08-25 17:48:30,2026-08-25 17:52:30,GB,Legacy Oracle EBS,E,MED-002,Medora Derm Cream,Prescription,Medora,Wholesale,12,22.22,GBP,0.1,266.64,239.98
TXN-GB-1-001136,2026-08-25 16:31:40,2026-08-25 16:35:40,GB,Legacy Oracle EBS,E,DER-001,Dermacare GlowSerum,Aesthetic,Dermacare,Wholesale,12,27.35,GBP,0.05,328.2,311.79
TXN-GB-1-001137,2026-08-25 13:30:36,2026-08-25 13:31:36,GB,Legacy Oracle EBS,E,VIT-002,Vitalis Multivit,Supplement,Vitalis,Wholesale,8,14.53,GBP,0.15,116.24,98.8
TXN-GB-1-001138,2026-08-25 02:47:01,2026-08-25 02:49:01,GB,Legacy Oracle EBS,E,VIT-002,Vitalis Multivit,Supplement,Vitalis,Pharmacy/B2B,9,14.53,GBP,0.1,130.77,117.69
TXN-GB-1-001139,2026-08-25 08:07:36,2026-08-25 08:12:36,GB,Legacy Oracle EBS,E,DER-002,Dermacare LiftCream,Aesthetic,Dermacare,E-commerce,1,31.62,GBP,0.0,31.62,31.62
TXN-GB-1-001140,2026-08-25 18:26:51,2026-08-25 18:30:51,GB,Legacy Oracle EBS,E,VIT-002,Vitalis Multivit,Supplement,Vitalis,Pharmacy/B2B,5,14.53,GBP,0.0,72.65,72.65
TXN-GB-1-001141,2026-08-25 04:15:23,2026-08-25 04:20:23,GB,Legacy Oracle EBS,E,SAN-001,SanaPlus PainRelief,OTC,SanaPlus,D2C,6,8.12,GBP,0.15,48.72,41.41
TXN-GB-1-001142,2026-08-25 18:15:05,2026-08-25 18:19:05,GB,Legacy Oracle EBS,E,PUR-001,PureLife GlucoMonitor,Medical Device,PureLife,Pharmacy/B2B,11,72.65,GBP,0.15,799.15,679.28
TXN-GB-1-001143,2026-08-25 16:36:40,2026-08-25 16:42:40,GB,Legacy Oracle EBS,E,VIT-002,Vitalis Multivit,Supplement,Vitalis,D2C,2,14.53,GBP,0.1,29.06,26.15
TXN-GB-1-001144,2026-08-25 20:13:33,2026-08-25 20:19:33,GB,Legacy Oracle EBS,E,MED-001,Medora Cardio 10mg,Prescription,Medora,Wholesale,10,36.75,GBP,0.15,367.5,312.38
TXN-GB-1-001145,2026-08-25 14:39:47,2026-08-25 14:42:47,GB,Legacy Oracle EBS,E,MED-001,Medora Cardio 10mg,Prescription,Medora,E-commerce,11,36.75,GBP,0.15,404.25,343.61
TXN-GB-1-001146,2026-08-25 03:53:37,2026-08-25 03:56:37,GB,Legacy Oracle EBS,E,DER-002,Dermacare LiftCream,Aesthetic,Dermacare,D2C,9,31.62,GBP,0.0,284.58,284.58
TXN-GB-1-001147,2026-08-25 22:34:00,2026-08-25 22:36:00,GB,Legacy Oracle EBS,E,PUR-002,PureLife BP Monitor,Medical Device,PureLife,Pharmacy/B2B,9,76.92,GBP,0.15,692.28,588.44
TXN-GB-1-001148,2026-08-25 11:50:36,2026-08-25 11:52:36,GB,Legacy Oracle EBS,E,DER-001,Dermacare GlowSerum,Aesthetic,Dermacare,E-commerce,1,27.35,GBP,0.0,27.35,27.35
TXN-GB-1-001149,2026-08-25 10:09:19,2026-08-25 10:12:19,GB,Legacy Oracle EBS,E,PUR-002,PureLife BP Monitor,Medical Device,PureLife,E-commerce,4,76.92,GBP,0.1,307.68,276.91
TXN-GB-1-001150,2026-08-25 06:39:06,2026-08-25 06:43:06,GB,Legacy Oracle EBS,E,MED-002,Medora Derm Cream,Prescription,Medora,D2C,5,22.22,GBP,0.0,111.1,111.1
TXN-GB-1-001151,2026-08-25 14:56:55,2026-08-25 14:58:55,GB,Legacy Oracle EBS,E,PUR-001,PureLife GlucoMonitor,Medical Device,PureLife,D2C,7,72.65,GBP,0.05,508.55,483.12
TXN-GB-1-001152,2026-08-25 00:18:25,2026-08-25 00:20:25,GB,Legacy Oracle EBS,E,MED-001,Medora Cardio 10mg,Prescription,Medora,Wholesale,11,36.75,GBP,0.0,404.25,404.25
TXN-GB-1-001153,2026-08-25 12:55:45,2026-08-25 12:57:45,GB,Legacy Oracle EBS,E,DER-002,Dermacare LiftCream,Aesthetic,Dermacare,D2C,3,31.62,GBP,0.0,94.86,94.86
TXN-GB-1-001154,2026-08-25 12:36:38,2026-08-25 12:39:38,GB,Legacy Oracle EBS,E,SAN-002,SanaPlus ColdFlu,OTC,SanaPlus,D2C,4,8.97,GBP,0.15,35.88,30.5
TXN-GB-1-001155,2026-08-25 11:38:11,2026-08-25 11:41:11,GB,Legacy Oracle EBS,E,SAN-001,SanaPlus PainRelief,OTC,SanaPlus,Pharmacy/B2B,8,8.12,GBP,0.2,64.96,51.97
TXN-GB-1-001156,2026-08-25 18:47:32,2026-08-25 18:53:32,GB,Legacy Oracle EBS,E,PUR-002,PureLife BP Monitor,Medical Device,PureLife,Wholesale,8,76.92,GBP,0.05,615.36,584.59
TXN-GB-1-001157,2026-08-25 18:19:33,2026-08-25 18:24:33,GB,Legacy Oracle EBS,E,PUR-001,PureLife GlucoMonitor,Medical Device,PureLife,E-commerce,11,72.65,GBP,0.15,799.15,679.28
TXN-GB-1-001158,2026-08-25 04:55:50,2026-08-25 04:56:50,GB,Legacy Oracle EBS,E,MED-001,Medora Cardio 10mg,Prescription,Medora,Pharmacy/B2B,8,36.75,GBP,0.2,294.0,235.2
TXN-GB-1-001159,2026-08-25 05:05:28,2026-08-25 05:11:28,GB,Legacy Oracle EBS,E,MED-001,Medora Cardio 10mg,Prescription,Medora,D2C,1,36.75,GBP,0.2,36.75,29.4
TXN-GB-1-001160,2026-08-25 22:31:14,2026-08-25 22:34:14,GB,Legacy Oracle EBS,E,DER-002,Dermacare LiftCream,Aesthetic,Dermacare,Pharmacy/B2B,2,31.62,GBP,0.2,63.24,50.59
TXN-GB-1-001161,2026-08-25 06:19:38,2026-08-25 06:22:38,GB,Legacy Oracle EBS,E,DER-001,Dermacare GlowSerum,Aesthetic,Dermacare,Pharmacy/B2B,12,27.35,GBP,0.05,328.2,311.79
TXN-GB-1-001162,2026-08-25 13:21:51,2026-08-25 13:27:51,GB,Legacy Oracle EBS,E,DER-002,Dermacare LiftCream,Aesthetic,Dermacare,Pharmacy/B2B,5,31.62,GBP,0.0,158.1,158.1
TXN-GB-1-001163,2026-08-25 00:50:12,2026-08-25 00:56:12,GB,Legacy Oracle EBS,E,SAN-001,SanaPlus PainRelief,OTC,SanaPlus,Wholesale,7,8.12,GBP,0.05,56.84,54.0
TXN-GB-1-001164,2026-08-25 02:58:44,2026-08-25 03:03:44,GB,Legacy Oracle EBS,E,DER-001,Dermacare GlowSerum,Aesthetic,Dermacare,D2C,5,27.35,GBP,0.0,136.75,136.75
TXN-GB-1-001165,2026-08-25 15:46:47,2026-08-25 15:48:47,GB,Legacy Oracle EBS,E,SAN-001,SanaPlus PainRelief,OTC,SanaPlus,D2C,8,8.12,GBP,0.0,64.96,64.96
TXN-GB-1-001166,2026-08-25 09:25:16,2026-08-25 09:30:16,GB,Legacy Oracle EBS,E,PUR-001,PureLife GlucoMonitor,Medical Device,PureLife,Wholesale,8,72.65,GBP,0.0,581.2,581.2
TXN-GB-1-001167,2026-08-25 04:11:10,2026-08-25 04:12:10,GB,Legacy Oracle EBS,E,MED-002,Medora Derm Cream,Prescription,Medora,Wholesale,8,22.22,GBP,0.2,177.76,142.21
TXN-GB-1-001168,2026-08-25 00:30:06,2026-08-25 00:32:06,GB,Legacy Oracle EBS,E,VIT-002,Vitalis Multivit,Supplement,Vitalis,E-commerce,6,14.53,GBP,0.05,87.18,82.82
TXN-GB-1-001169,2026-08-25 01:42:41,2026-08-25 01:48:41,GB,Legacy Oracle EBS,E,SAN-001,SanaPlus PainRelief,OTC,SanaPlus,D2C,4,8.12,GBP,0.2,32.48,25.98
TXN-GB-1-001170,2026-08-25 01:03:40,2026-08-25 01:07:40,GB,Legacy Oracle EBS,E,VIT-002,Vitalis Multivit,Supplement,Vitalis,E-commerce,5,14.53,GBP,0.2,72.65,58.12
TXN-GB-1-001171,2026-08-25 13:41:50,2026-08-25 13:47:50,GB,Legacy Oracle EBS,E,DER-001,Dermacare GlowSerum,Aesthetic,Dermacare,Wholesale,11,27.35,GBP,0.0,300.85,300.85
TXN-GB-1-001172,2026-08-25 21:52:17,2026-08-25 21:58:17,GB,Legacy Oracle EBS,E,MED-001,Medora Cardio 10mg,Prescription,Medora,E-commerce,11,36.75,GBP,0.2,404.25,323.4
TXN-GB-1-001173,2026-08-25 02:04:37,2026-08-25 02:07:37,GB,Legacy Oracle EBS,E,VIT-002,Vitalis Multivit,Supplement,Vitalis,Pharmacy/B2B,8,14.53,GBP,0.05,116.24,110.43
TXN-GB-1-001174,2026-08-25 22:43:51,2026-08-25 22:48:51,GB,Legacy Oracle EBS,E,PUR-001,PureLife GlucoMonitor,Medical Device,PureLife,E-commerce,5,72.65,GBP,0.05,363.25,345.09
TXN-GB-1-001175,2026-08-25 20:53:04,2026-08-25 20:55:04,GB,Legacy Oracle EBS,E,SAN-001,SanaPlus PainRelief,OTC,SanaPlus,Wholesale,1,8.12,GBP,0.0,8.12,8.12
TXN-GB-1-001176,2026-08-25 19:12:06,2026-08-25 19:13:06,GB,Legacy Oracle EBS,E,MED-002,Medora Derm Cream,Prescription,Medora,E-commerce,1,22.22,GBP,0.0,22.22,22.22
TXN-GB-1-001177,2026-08-25 18:37:43,2026-08-25 18:41:43,GB,Legacy Oracle EBS,E,SAN-001,SanaPlus PainRelief,OTC,SanaPlus,E-commerce,3,8.12,GBP,0.0,24.36,24.36
TXN-GB-1-001178,2026-08-25 03:02:55,2026-08-25 03:05:55,GB,Legacy Oracle EBS,E,SAN-002,SanaPlus ColdFlu,OTC,SanaPlus,Wholesale,6,8.97,GBP,0.0,53.82,53.82
TXN-GB-1-001179,2026-08-25 18:34:20,2026-08-25 18:35:20,GB,Legacy Oracle EBS,E,VIT-001,Vitalis C1000,Supplement,Vitalis,Wholesale,6,17.95,GBP,0.1,107.7,96.93
TXN-GB-1-001180,2026-08-25 02:56:14,2026-08-25 03:00:14,GB,Legacy Oracle EBS,E,MED-001,Medora Cardio 10mg,Prescription,Medora,Pharmacy/B2B,4,36.75,GBP,0.0,147.0,147.0
TXN-GB-1-001181,2026-08-25 08:48:43,2026-08-25 08:52:43,GB,Legacy Oracle EBS,E,SAN-001,SanaPlus PainRelief,OTC,SanaPlus,E-commerce,12,8.12,GBP,0.2,97.44,77.95
TXN-GB-1-001182,2026-08-25 05:37:38,2026-08-25 05:40:38,GB,Legacy Oracle EBS,E,DER-001,Dermacare GlowSerum,Aesthetic,Dermacare,Wholesale,5,27.35,GBP,0.0,136.75,136.75
TXN-GB-1-001183,2026-08-25 12:02:12,2026-08-25 12:04:12,GB,Legacy Oracle EBS,E,DER-001,Dermacare GlowSerum,Aesthetic,Dermacare,E-commerce,6,27.35,GBP,0.0,164.1,164.1
TXN-GB-1-001184,2026-08-25 23:38:38,2026-08-25 23:44:38,GB,Legacy Oracle EBS,E,VIT-001,Vitalis C1000,Supplement,Vitalis,E-commerce,2,17.95,GBP,0.0,35.9,35.9
TXN-GB-1-001185,2026-08-25 12:15:13,2026-08-25 12:18:13,GB,Legacy Oracle EBS,E,MED-002,Medora Derm Cream,Prescription,Medora,Pharmacy/B2B,2,22.22,GBP,0.1,44.44,40.0
TXN-GB-1-001186,2026-08-25 00:59:01,2026-08-25 01:05:01,GB,Legacy Oracle EBS,E,VIT-001,Vitalis C1000,Supplement,Vitalis,Pharmacy/B2B,7,17.95,GBP,0.0,125.65,125.65
TXN-GB-1-001187,2026-08-25 17:47:48,2026-08-25 17:48:48,GB,Legacy Oracle EBS,E,VIT-002,Vitalis Multivit,Supplement,Vitalis,Wholesale,11,14.53,GBP,0.1,159.83,143.85
TXN-GB-1-001188,2026-08-25 07:25:25,2026-08-25 07:26:25,GB,Legacy Oracle EBS,E,MED-001,Medora Cardio 10mg,Prescription,Medora,D2C,3,36.75,GBP,0.0,110.25,110.25
TXN-GB-1-001189,2026-08-25 02:44:41,2026-08-25 02:50:41,GB,Legacy Oracle EBS,E,SAN-001,SanaPlus PainRelief,OTC,SanaPlus,D2C,3,8.12,GBP,0.15,24.36,20.71
TXN-GB-1-001190,2026-08-25 15:25:52,2026-08-25 15:29:52,GB,Legacy Oracle EBS,E,VIT-002,Vitalis Multivit,Supplement,Vitalis,D2C,4,14.53,GBP,0.1,58.12,52.31
TXN-GB-1-001191,2026-08-25 09:40:01,2026-08-25 09:46:01,GB,Legacy Oracle EBS,E,VIT-001,Vitalis C1000,Supplement,Vitalis,D2C,7,17.95,GBP,0.0,125.65,125.65
TXN-GB-1-001192,2026-08-25 04:30:12,2026-08-25 04:34:12,GB,Legacy Oracle EBS,E,MED-002,Medora Derm Cream,Prescription,Medora,D2C,11,22.22,GBP,0.2,244.42,195.54
TXN-GB-1-001193,2026-08-25 22:36:58,2026-08-25 22:41:58,GB,Legacy Oracle EBS,E,PUR-002,PureLife BP Monitor,Medical Device,PureLife,D2C,5,76.92,GBP,0.15,384.6,326.91
TXN-GB-1-001194,2026-08-25 05:09:28,2026-08-25 05:13:28,GB,Legacy Oracle EBS,E,MED-002,Medora Derm Cream,Prescription,Medora,D2C,6,22.22,GBP,0.0,133.32,133.32
TXN-GB-1-001195,2026-08-25 07:37:59,2026-08-25 07:41:59,GB,Legacy Oracle EBS,E,SAN-002,SanaPlus ColdFlu,OTC,SanaPlus,E-commerce,7,8.97,GBP,0.1,62.79,56.51
TXN-GB-1-001196,2026-08-25 04:37:59,2026-08-25 04:43:59,GB,Legacy Oracle EBS,E,PUR-002,PureLife BP Monitor,Medical Device,PureLife,D2C,1,76.92,GBP,0.1,76.92,69.23
TXN-GB-1-001197,2026-08-25 03:52:34,2026-08-25 03:55:34,GB,Legacy Oracle EBS,E,PUR-002,PureLife BP Monitor,Medical Device,PureLife,D2C,1,76.92,GBP,0.0,76.92,76.92
TXN-GB-1-001198,2026-08-25 06:58:20,2026-08-25 07:00:20,GB,Legacy Oracle EBS,E,VIT-002,Vitalis Multivit,Supplement,Vitalis,D2C,9,14.53,GBP,0.0,130.77,130.77
TXN-GB-1-001199,2026-08-25 21:35:46,2026-08-25 21:37:46,GB,Legacy Oracle EBS,E,SAN-002,SanaPlus ColdFlu,OTC,SanaPlus,Pharmacy/B2B,12,8.97,GBP,0.0,107.64,107.64
TXN-GB-1-001200,2026-08-25 22:53:09,2026-08-25 22:56:09,GB,Legacy Oracle EBS,E,VIT-001,Vitalis C1000,Supplement,Vitalis,Pharmacy/B2B,6,17.95,GBP,0.0,107.7,107.7
TXN-GB-1-001201,2026-08-25 18:03:10,2026-08-25 18:06:10,GB,Legacy Oracle EBS,E,MED-001,Medora Cardio 10mg,Prescription,Medora,Wholesale,12,36.75,GBP,0.15,441.0,374.85
TXN-GB-1-001202,2026-08-25 18:30:47,2026-08-25 18:31:47,GB,Legacy Oracle EBS,E,PUR-002,PureLife BP Monitor,Medical Device,PureLife,Wholesale,4,76.92,GBP,0.0,307.68,307.68
TXN-GB-1-001203,2026-08-25 09:26:20,2026-08-25 09:29:20,GB,Legacy Oracle EBS,E,VIT-001,Vitalis C1000,Supplement,Vitalis,D2C,3,17.95,GBP,0.0,53.85,53.85
TXN-GB-1-001204,2026-08-25 17:14:04,2026-08-25 17:18:04,GB,Legacy Oracle EBS,E,DER-002,Dermacare LiftCream,Aesthetic,Dermacare,Wholesale,5,31.62,GBP,0.0,158.1,158.1
TXN-GB-1-001205,2026-08-25 09:57:24,2026-08-25 10:02:24,GB,Legacy Oracle EBS,E,DER-001,Dermacare GlowSerum,Aesthetic,Dermacare,D2C,10,27.35,GBP,0.0,273.5,273.5
TXN-GB-1-001206,2026-08-25 01:14:06,2026-08-25 01:17:06,GB,Legacy Oracle EBS,E,DER-001,Dermacare GlowSerum,Aesthetic,Dermacare,D2C,1,27.35,GBP,0.0,27.35,27.35
TXN-GB-1-001207,2026-08-25 15:49:44,2026-08-25 15:50:44,GB,Legacy Oracle EBS,E,DER-001,Dermacare GlowSerum,Aesthetic,Dermacare,E-commerce,7,27.35,GBP,0.0,191.45,191.45
TXN-GB-1-001208,2026-08-25 19:53:29,2026-08-25 19:57:29,GB,Legacy Oracle EBS,E,VIT-001,Vitalis C1000,Supplement,Vitalis,Wholesale,6,17.95,GBP,0.2,107.7,86.16
TXN-GB-1-001209,2026-08-25 13:17:22,2026-08-25 13:19:22,GB,Legacy Oracle EBS,E,DER-002,Dermacare LiftCream,Aesthetic,Dermacare,Wholesale,10,31.62,GBP,0.0,316.2,316.2
TXN-GB-1-001210,2026-08-25 20:28:44,2026-08-25 20:31:44,GB,Legacy Oracle EBS,E,SAN-001,SanaPlus PainRelief,OTC,SanaPlus,Wholesale,1,8.12,GBP,0.1,8.12,7.31
TXN-GB-1-001211,2026-08-25 03:39:55,2026-08-25 03:41:55,GB,Legacy Oracle EBS,E,MED-002,Medora Derm Cream,Prescription,Medora,Pharmacy/B2B,5,22.22,GBP,0.0,111.1,111.1
TXN-GB-1-001212,2026-08-25 17:01:53,2026-08-25 17:03:53,GB,Legacy Oracle EBS,E,SAN-002,SanaPlus ColdFlu,OTC,SanaPlus,D2C,6,8.97,GBP,0.15,53.82,45.75
TXN-GB-1-001213,2026-08-25 07:12:47,2026-08-25 07:17:47,GB,Legacy Oracle EBS,E,DER-001,Dermacare GlowSerum,Aesthetic,Dermacare,Pharmacy/B2B,2,27.35,GBP,0.2,54.7,43.76
TXN-GB-1-001214,2026-08-25 15:48:23,2026-08-25 15:49:23,GB,Legacy Oracle EBS,E,PUR-002,PureLife BP Monitor,Medical Device,PureLife,E-commerce,3,76.92,GBP,0.2,230.76,184.61
TXN-GB-1-001215,2026-08-25 23:01:08,2026-08-25 23:07:08,GB,Legacy Oracle EBS,E,SAN-001,SanaPlus PainRelief,OTC,SanaPlus,Wholesale,1,8.12,GBP,0.05,8.12,7.71
TXN-GB-1-001216,2026-08-25 20:31:20,2026-08-25 20:33:20,GB,Legacy Oracle EBS,E,DER-001,Dermacare GlowSerum,Aesthetic,Dermacare,E-commerce,6,27.35,GBP,0.15,164.1,139.48
TXN-GB-1-001217,2026-08-25 03:47:31,2026-08-25 03:53:31,GB,Legacy Oracle EBS,E,DER-002,Dermacare LiftCream,Aesthetic,Dermacare,D2C,4,31.62,GBP,0.0,126.48,126.48
TXN-GB-1-001218,2026-08-25 14:21:14,2026-08-25 14:22:14,GB,Legacy Oracle EBS,E,VIT-002,Vitalis Multivit,Supplement,Vitalis,E-commerce,6,14.53,GBP,0.0,87.18,87.18
TXN-GB-1-001219,2026-08-25 23:37:56,2026-08-25 23:39:56,GB,Legacy Oracle EBS,E,PUR-002,PureLife BP Monitor,Medical Device,PureLife,D2C,4,76.92,GBP,0.15,307.68,261.53
TXN-GB-1-001220,2026-08-25 23:06:21,2026-08-25 23:11:21,GB,Legacy Oracle EBS,E,PUR-001,PureLife GlucoMonitor,Medical Device,PureLife,D2C,5,72.65,GBP,0.0,363.25,363.25
TXN-GB-1-001221,2026-08-25 16:44:43,2026-08-25 16:49:43,GB,Legacy Oracle EBS,E,PUR-002,PureLife BP Monitor,Medical Device,PureLife,D2C,3,76.92,GBP,0.15,230.76,196.15
TXN-GB-1-001222,2026-08-25 08:50:23,2026-08-25 08:54:23,GB,Legacy Oracle EBS,E,MED-002,Medora Derm Cream,Prescription,Medora,Wholesale,10,22.22,GBP,0.0,222.2,222.2
TXN-GB-1-001223,2026-08-25 20:44:59,2026-08-25 20:48:59,GB,Legacy Oracle EBS,E,SAN-001,SanaPlus PainRelief,OTC,SanaPlus,D2C,5,8.12,GBP,0.1,40.6,36.54
TXN-GB-1-001224,2026-08-25 12:54:04,2026-08-25 13:00:04,GB,Legacy Oracle EBS,E,PUR-002,PureLife BP Monitor,Medical Device,PureLife,D2C,8,76.92,GBP,0.15,615.36,523.06
TXN-GB-1-001225,2026-08-25 18:27:43,2026-08-25 18:28:43,GB,Legacy Oracle EBS,E,VIT-001,Vitalis C1000,Supplement,Vitalis,Wholesale,12,17.95,GBP,0.0,215.4,215.4
TXN-GB-1-001226,2026-08-25 03:58:32,2026-08-25 04:02:32,GB,Legacy Oracle EBS,E,SAN-001,SanaPlus PainRelief,OTC,SanaPlus,E-commerce,8,8.12,GBP,0.15,64.96,55.22
TXN-GB-1-001227,2026-08-25 03:52:35,2026-08-25 03:57:35,GB,Legacy Oracle EBS,E,VIT-002,Vitalis Multivit,Supplement,Vitalis,E-commerce,3,14.53,GBP,0.15,43.59,37.05
TXN-GB-1-001228,2026-08-25 10:11:21,2026-08-25 10:12:21,GB,Legacy Oracle EBS,E,VIT-001,Vitalis C1000,Supplement,Vitalis,E-commerce,10,17.95,GBP,0.0,179.5,179.5
TXN-GB-1-001229,2026-08-25 14:21:00,2026-08-25 14:27:00,GB,Legacy Oracle EBS,E,VIT-001,Vitalis C1000,Supplement,Vitalis,Wholesale,7,17.95,GBP,0.0,125.65,125.65
TXN-GB-1-001230,2026-08-25 16:48:31,2026-08-25 16:52:31,GB,Legacy Oracle EBS,E,SAN-001,SanaPlus PainRelief,OTC,SanaPlus,Pharmacy/B2B,11,8.12,GBP,0.0,89.32,89.32
TXN-GB-1-001231,2026-08-25 01:28:19,2026-08-25 01:31:19,GB,Legacy Oracle EBS,E,DER-001,Dermacare GlowSerum,Aesthetic,Dermacare,D2C,11,27.35,GBP,0.0,300.85,300.85
TXN-GB-1-001232,2026-08-25 03:36:55,2026-08-25 03:37:55,GB,Legacy Oracle EBS,E,VIT-001,Vitalis C1000,Supplement,Vitalis,Wholesale,4,17.95,GBP,0.1,71.8,64.62
TXN-GB-1-001233,2026-08-25 02:53:34,2026-08-25 02:54:34,GB,Legacy Oracle EBS,E,MED-001,Medora Cardio 10mg,Prescription,Medora,D2C,1,36.75,GBP,0.0,36.75,36.75
TXN-GB-1-001234,2026-08-25 04:46:44,2026-08-25 04:51:44,GB,Legacy Oracle EBS,E,PUR-002,PureLife BP Monitor,Medical Device,PureLife,E-commerce,1,76.92,GBP,0.05,76.92,73.07
TXN-GB-1-001235,2026-08-25 23:39:37,2026-08-25 23:42:37,GB,Legacy Oracle EBS,E,SAN-002,SanaPlus ColdFlu,OTC,SanaPlus,D2C,3,8.97,GBP,0.2,26.91,21.53
TXN-GB-1-001236,2026-08-25 19:08:49,2026-08-25 19:14:49,GB,Legacy Oracle EBS,E,VIT-001,Vitalis C1000,Supplement,Vitalis,Wholesale,7,17.95,GBP,0.05,125.65,119.37
TXN-GB-1-001237,2026-08-25 17:31:53,2026-08-25 17:34:53,GB,Legacy Oracle EBS,E,VIT-001,Vitalis C1000,Supplement,Vitalis,E-commerce,10,17.95,GBP,0.0,179.5,179.5
TXN-GB-1-001238,2026-08-25 11:35:26,2026-08-25 11:41:26,GB,Legacy Oracle EBS,E,SAN-001,SanaPlus PainRelief,OTC,SanaPlus,E-commerce,4,8.12,GBP,0.2,32.48,25.98
TXN-GB-1-001239,2026-08-25 23:15:22,2026-08-25 23:19:22,GB,Legacy Oracle EBS,E,VIT-002,Vitalis Multivit,Supplement,Vitalis,E-commerce,12,14.53,GBP,0.05,174.36,165.64
TXN-GB-1-001240,2026-08-25 18:56:01,2026-08-25 18:58:01,GB,Legacy Oracle EBS,E,PUR-002,PureLife BP Monitor,Medical Device,PureLife,Wholesale,12,76.92,GBP,0.1,923.04,830.74
TXN-GB-1-001241,2026-08-25 06:48:44,2026-08-25 06:49:44,GB,Legacy Oracle EBS,E,SAN-002,SanaPlus ColdFlu,OTC,SanaPlus,Pharmacy/B2B,1,8.97,GBP,0.0,8.97,8.97
TXN-GB-1-001242,2026-08-25 05:01:21,2026-08-25 05:05:21,GB,Legacy Oracle EBS,E,MED-001,Medora Cardio 10mg,Prescription,Medora,Wholesale,8,36.75,GBP,0.2,294.0,235.2
TXN-GB-1-001243,2026-08-25 06:00:44,2026-08-25 06:01:44,GB,Legacy Oracle EBS,E,SAN-001,SanaPlus PainRelief,OTC,SanaPlus,E-commerce,11,8.12,GBP,0.15,89.32,75.92
TXN-GB-1-001244,2026-08-25 09:09:09,2026-08-25 09:15:09,GB,Legacy Oracle EBS,E,PUR-001,PureLife GlucoMonitor,Medical Device,PureLife,Wholesale,10,72.65,GBP,0.15,726.5,617.52
TXN-GB-1-001245,2026-08-25 13:55:55,2026-08-25 13:58:55,GB,Legacy Oracle EBS,E,VIT-002,Vitalis Multivit,Supplement,Vitalis,Wholesale,2,14.53,GBP,0.0,29.06,29.06
TXN-GB-1-001246,2026-08-25 12:58:43,2026-08-25 13:02:43,GB,Legacy Oracle EBS,E,VIT-002,Vitalis Multivit,Supplement,Vitalis,Pharmacy/B2B,1,14.53,GBP,0.0,14.53,14.53
TXN-GB-1-001247,2026-08-25 06:36:31,2026-08-25 06:37:31,GB,Legacy Oracle EBS,E,PUR-001,PureLife GlucoMonitor,Medical Device,PureLife,E-commerce,2,72.65,GBP,0.1,145.3,130.77
TXN-GB-1-001248,2026-08-25 16:29:58,2026-08-25 16:31:58,GB,Legacy Oracle EBS,E,MED-001,Medora Cardio 10mg,Prescription,Medora,D2C,1,36.75,GBP,0.05,36.75,34.91
TXN-GB-1-001249,2026-08-25 22:40:18,2026-08-25 22:42:18,GB,Legacy Oracle EBS,E,VIT-002,Vitalis Multivit,Supplement,Vitalis,Wholesale,8,14.53,GBP,0.2,116.24,92.99
TXN-GB-1-001250,2026-08-25 08:17:29,2026-08-25 08:18:29,GB,Legacy Oracle EBS,E,VIT-001,Vitalis C1000,Supplement,Vitalis,Wholesale,4,17.95,GBP,0.0,71.8,71.8
TXN-GB-1-001251,2026-08-25 03:07:04,2026-08-25 03:13:04,GB,Legacy Oracle EBS,E,SAN-001,SanaPlus PainRelief,OTC,SanaPlus,D2C,1,8.12,GBP,0.2,8.12,6.5
TXN-GB-1-001252,2026-08-25 05:49:19,2026-08-25 05:55:19,GB,Legacy Oracle EBS,E,DER-002,Dermacare LiftCream,Aesthetic,Dermacare,D2C,10,31.62,GBP,0.15,316.2,268.77
TXN-GB-1-001253,2026-08-25 00:58:32,2026-08-25 01:03:32,GB,Legacy Oracle EBS,E,VIT-001,Vitalis C1000,Supplement,Vitalis,Wholesale,9,17.95,GBP,0.15,161.55,137.32
TXN-GB-1-001254,2026-08-25 00:40:29,2026-08-25 00:41:29,GB,Legacy Oracle EBS,E,PUR-002,PureLife BP Monitor,Medical Device,PureLife,Pharmacy/B2B,8,76.92,GBP,0.0,615.36,615.36
TXN-GB-1-001255,2026-08-25 06:17:32,2026-08-25 06:18:32,GB,Legacy Oracle EBS,E,PUR-001,PureLife GlucoMonitor,Medical Device,PureLife,Wholesale,2,72.65,GBP,0.2,145.3,116.24
TXN-GB-1-001256,2026-08-25 05:42:08,2026-08-25 05:43:08,GB,Legacy Oracle EBS,E,PUR-001,PureLife GlucoMonitor,Medical Device,PureLife,D2C,6,72.65,GBP,0.0,435.9,435.9
TXN-GB-1-001257,2026-08-25 08:55:53,2026-08-25 09:00:53,GB,Legacy Oracle EBS,E,SAN-002,SanaPlus ColdFlu,OTC,SanaPlus,Wholesale,1,8.97,GBP,0.0,8.97,8.97
TXN-GB-1-001258,2026-08-25 08:32:26,2026-08-25 08:34:26,GB,Legacy Oracle EBS,E,MED-002,Medora Derm Cream,Prescription,Medora,D2C,10,22.22,GBP,0.2,222.2,177.76
TXN-GB-1-001259,2026-08-25 22:42:47,2026-08-25 22:47:47,GB,Legacy Oracle EBS,E,DER-002,Dermacare LiftCream,Aesthetic,Dermacare,D2C,2,31.62,GBP,0.05,63.24,60.08
TXN-GB-1-001260,2026-08-25 13:08:07,2026-08-25 13:12:07,GB,Legacy Oracle EBS,E,PUR-002,PureLife BP Monitor,Medical Device,PureLife,Pharmacy/B2B,4,76.92,GBP,0.0,307.68,307.68
TXN-GB-1-001261,2026-08-25 07:09:30,2026-08-25 07:10:30,GB,Legacy Oracle EBS,E,PUR-001,PureLife GlucoMonitor,Medical Device,PureLife,Pharmacy/B2B,7,72.65,GBP,0.2,508.55,406.84
TXN-GB-1-001262,2026-08-25 00:06:36,2026-08-25 00:11:36,GB,Legacy Oracle EBS,E,SAN-001,SanaPlus PainRelief,OTC,SanaPlus,Pharmacy/B2B,8,8.12,GBP,0.0,64.96,64.96
TXN-GB-1-001263,2026-08-25 00:25:44,2026-08-25 00:27:44,GB,Legacy Oracle EBS,E,SAN-001,SanaPlus PainRelief,OTC,SanaPlus,Pharmacy/B2B,4,8.12,GBP,0.0,32.48,32.48
TXN-GB-1-001264,2026-08-25 01:42:50,2026-08-25 01:46:50,GB,Legacy Oracle EBS,E,PUR-001,PureLife GlucoMonitor,Medical Device,PureLife,Wholesale,8,72.65,GBP,0.15,581.2,494.02
TXN-GB-1-001265,2026-08-25 12:43:36,2026-08-25 12:48:36,GB,Legacy Oracle EBS,E,DER-002,Dermacare LiftCream,Aesthetic,Dermacare,D2C,6,31.62,GBP,0.15,189.72,161.26
TXN-GB-1-001266,2026-08-25 19:42:17,2026-08-25 19:45:17,GB,Legacy Oracle EBS,E,MED-001,Medora Cardio 10mg,Prescription,Medora,D2C,10,36.75,GBP,0.2,367.5,294.0
TXN-GB-1-001267,2026-08-25 03:31:49,2026-08-25 03:34:49,GB,Legacy Oracle EBS,E,SAN-002,SanaPlus ColdFlu,OTC,SanaPlus,Pharmacy/B2B,5,8.97,GBP,0.1,44.85,40.37
TXN-GB-1-001268,2026-08-25 15:56:15,2026-08-25 15:58:15,GB,Legacy Oracle EBS,E,VIT-002,Vitalis Multivit,Supplement,Vitalis,Wholesale,7,14.53,GBP,0.1,101.71,91.54
TXN-GB-1-001269,2026-08-25 10:36:17,2026-08-25 10:42:17,GB,Legacy Oracle EBS,E,DER-001,Dermacare GlowSerum,Aesthetic,Dermacare,E-commerce,8,27.35,GBP,0.0,218.8,218.8
TXN-GB-1-001270,2026-08-25 18:15:59,2026-08-25 18:19:59,GB,Legacy Oracle EBS,E,SAN-002,SanaPlus ColdFlu,OTC,SanaPlus,Pharmacy/B2B,9,8.97,GBP,0.0,80.73,80.73
TXN-GB-1-001271,2026-08-25 10:29:13,2026-08-25 10:35:13,GB,Legacy Oracle EBS,E,VIT-001,Vitalis C1000,Supplement,Vitalis,Pharmacy/B2B,5,17.95,GBP,0.2,89.75,71.8
TXN-GB-1-001272,2026-08-25 08:13:37,2026-08-25 08:19:37,GB,Legacy Oracle EBS,E,PUR-001,PureLife GlucoMonitor,Medical Device,PureLife,D2C,11,72.65,GBP,0.0,799.15,799.15
TXN-GB-1-001273,2026-08-25 01:40:27,2026-08-25 01:46:27,GB,Legacy Oracle EBS,E,SAN-001,SanaPlus PainRelief,OTC,SanaPlus,Wholesale,3,8.12,GBP,0.0,24.36,24.36
TXN-GB-1-001274,2026-08-25 17:43:51,2026-08-25 17:47:51,GB,Legacy Oracle EBS,E,SAN-001,SanaPlus PainRelief,OTC,SanaPlus,E-commerce,5,8.12,GBP,0.1,40.6,36.54
TXN-GB-1-001275,2026-08-25 07:19:30,2026-08-25 07:24:30,GB,Legacy Oracle EBS,E,SAN-001,SanaPlus PainRelief,OTC,SanaPlus,Pharmacy/B2B,7,8.12,GBP,0.2,56.84,45.47
TXN-GB-1-001276,2026-08-25 13:45:00,2026-08-25 13:49:00,GB,Legacy Oracle EBS,E,SAN-001,SanaPlus PainRelief,OTC,SanaPlus,Pharmacy/B2B,8,8.12,GBP,0.1,64.96,58.46
TXN-GB-1-001277,2026-08-25 20:22:46,2026-08-25 20:28:46,GB,Legacy Oracle EBS,E,DER-001,Dermacare GlowSerum,Aesthetic,Dermacare,D2C,9,27.35,GBP,0.0,246.15,246.15
TXN-GB-1-001278,2026-08-25 16:15:26,2026-08-25 16:18:26,GB,Legacy Oracle EBS,E,PUR-002,PureLife BP Monitor,Medical Device,PureLife,Pharmacy/B2B,2,76.92,GBP,0.0,153.84,153.84
TXN-GB-1-001279,2026-08-25 14:23:31,2026-08-25 14:29:31,GB,Legacy Oracle EBS,E,DER-001,Dermacare GlowSerum,Aesthetic,Dermacare,Wholesale,11,27.35,GBP,0.0,300.85,300.85
TXN-GB-1-001280,2026-08-25 15:36:42,2026-08-25 15:39:42,GB,Legacy Oracle EBS,E,MED-002,Medora Derm Cream,Prescription,Medora,Wholesale,10,22.22,GBP,0.0,222.2,222.2
TXN-GB-1-001281,2026-08-25 23:46:45,2026-08-25 23:51:45,GB,Legacy Oracle EBS,E,DER-002,Dermacare LiftCream,Aesthetic,Dermacare,D2C,4,31.62,GBP,0.05,126.48,120.16
TXN-GB-1-001282,2026-08-25 17:12:38,2026-08-25 17:13:38,GB,Legacy Oracle EBS,E,MED-002,Medora Derm Cream,Prescription,Medora,E-commerce,5,22.22,GBP,0.1,111.1,99.99
TXN-GB-1-001283,2026-08-25 07:44:47,2026-08-25 07:45:47,GB,Legacy Oracle EBS,E,DER-001,Dermacare GlowSerum,Aesthetic,Dermacare,D2C,6,27.35,GBP,0.15,164.1,139.48
TXN-GB-1-001284,2026-08-25 21:45:33,2026-08-25 21:50:33,GB,Legacy Oracle EBS,E,VIT-001,Vitalis C1000,Supplement,Vitalis,D2C,4,17.95,GBP,0.05,71.8,68.21
TXN-GB-1-001285,2026-08-25 19:54:01,2026-08-25 19:55:01,GB,Legacy Oracle EBS,E,SAN-001,SanaPlus PainRelief,OTC,SanaPlus,Wholesale,1,8.12,GBP,0.0,8.12,8.12
TXN-GB-1-001286,2026-08-25 01:25:48,2026-08-25 01:29:48,GB,Legacy Oracle EBS,E,PUR-002,PureLife BP Monitor,Medical Device,PureLife,E-commerce,7,76.92,GBP,0.0,538.44,538.44
TXN-GB-1-001287,2026-08-25 02:29:08,2026-08-25 02:34:08,GB,Legacy Oracle EBS,E,DER-002,Dermacare LiftCream,Aesthetic,Dermacare,D2C,7,31.62,GBP,0.2,221.34,177.07
TXN-GB-1-001288,2026-08-25 21:06:49,2026-08-25 21:08:49,GB,Legacy Oracle EBS,E,DER-001,Dermacare GlowSerum,Aesthetic,Dermacare,E-commerce,1,27.35,GBP,0.2,27.35,21.88
TXN-GB-1-001289,2026-08-25 08:01:51,2026-08-25 08:07:51,GB,Legacy Oracle EBS,E,VIT-001,Vitalis C1000,Supplement,Vitalis,Wholesale,4,17.95,GBP,0.0,71.8,71.8
TXN-GB-1-001290,2026-08-25 18:04:13,2026-08-25 18:05:13,GB,Legacy Oracle EBS,E,VIT-001,Vitalis C1000,Supplement,Vitalis,D2C,7,17.95,GBP,0.05,125.65,119.37
TXN-GB-1-001291,2026-08-25 06:43:14,2026-08-25 06:44:14,GB,Legacy Oracle EBS,E,VIT-001,Vitalis C1000,Supplement,Vitalis,E-commerce,1,17.95,GBP,0.0,17.95,17.95
TXN-GB-1-001292,2026-08-25 20:07:06,2026-08-25 20:10:06,GB,Legacy Oracle EBS,E,DER-002,Dermacare LiftCream,Aesthetic,Dermacare,D2C,10,31.62,GBP,0.0,316.2,316.2
TXN-GB-1-001293,2026-08-25 13:22:37,2026-08-25 13:24:37,GB,Legacy Oracle EBS,E,VIT-001,Vitalis C1000,Supplement,Vitalis,D2C,3,17.95,GBP,0.0,53.85,53.85
TXN-GB-1-001294,2026-08-25 14:08:23,2026-08-25 14:12:23,GB,Legacy Oracle EBS,E,MED-001,Medora Cardio 10mg,Prescription,Medora,Pharmacy/B2B,10,36.75,GBP,0.1,367.5,330.75
TXN-GB-1-001295,2026-08-25 00:01:50,2026-08-25 00:04:50,GB,Legacy Oracle EBS,E,DER-002,Dermacare LiftCream,Aesthetic,Dermacare,E-commerce,7,31.62,GBP,0.15,221.34,188.14
TXN-GB-1-001296,2026-08-25 22:03:16,2026-08-25 22:04:16,GB,Legacy Oracle EBS,E,VIT-002,Vitalis Multivit,Supplement,Vitalis,Pharmacy/B2B,4,14.53,GBP,0.0,58.12,58.12
TXN-GB-1-001297,2026-08-25 02:39:51,2026-08-25 02:41:51,GB,Legacy Oracle EBS,E,DER-001,Dermacare GlowSerum,Aesthetic,Dermacare,D2C,11,27.35,GBP,0.0,300.85,300.85
TXN-GB-1-001298,2026-08-25 04:33:05,2026-08-25 04:38:05,GB,Legacy Oracle EBS,E,PUR-001,PureLife GlucoMonitor,Medical Device,PureLife,D2C,7,72.65,GBP,0.15,508.55,432.27
TXN-GB-1-001299,2026-08-25 19:31:08,2026-08-25 19:34:08,GB,Legacy Oracle EBS,E,PUR-002,PureLife BP Monitor,Medical Device,PureLife,Wholesale,12,76.92,GBP,0.2,923.04,738.43
TXN-GB-1-001300,2026-08-25 16:03:47,2026-08-25 16:04:47,GB,Legacy Oracle EBS,E,DER-002,Dermacare LiftCream,Aesthetic,Dermacare,Pharmacy/B2B,7,31.62,GBP,0.0,221.34,221.34
TXN-GB-1-001301,2026-08-25 00:54:22,2026-08-25 00:58:22,GB,Legacy Oracle EBS,E,SAN-001,SanaPlus PainRelief,OTC,SanaPlus,Wholesale,2,8.12,GBP,0.2,16.24,12.99
TXN-GB-1-001302,2026-08-25 10:07:17,2026-08-25 10:09:17,GB,Legacy Oracle EBS,E,VIT-002,Vitalis Multivit,Supplement,Vitalis,Wholesale,1,14.53,GBP,0.0,14.53,14.53
TXN-GB-1-001303,2026-08-25 10:06:48,2026-08-25 10:12:48,GB,Legacy Oracle EBS,E,PUR-002,PureLife BP Monitor,Medical Device,PureLife,Pharmacy/B2B,12,76.92,GBP,0.2,923.04,738.43
TXN-GB-1-001304,2026-08-25 17:46:29,2026-08-25 17:49:29,GB,Legacy Oracle EBS,E,SAN-001,SanaPlus PainRelief,OTC,SanaPlus,E-commerce,7,8.12,GBP,0.1,56.84,51.16
TXN-GB-1-001305,2026-08-25 15:56:07,2026-08-25 15:57:07,GB,Legacy Oracle EBS,E,DER-001,Dermacare GlowSerum,Aesthetic,Dermacare,E-commerce,9,27.35,GBP,0.15,246.15,209.23
TXN-GB-1-001306,2026-08-25 16:41:27,2026-08-25 16:45:27,GB,Legacy Oracle EBS,E,VIT-001,Vitalis C1000,Supplement,Vitalis,Pharmacy/B2B,6,17.95,GBP,0.05,107.7,102.31
TXN-GB-1-001307,2026-08-25 17:49:58,2026-08-25 17:52:58,GB,Legacy Oracle EBS,E,MED-001,Medora Cardio 10mg,Prescription,Medora,D2C,5,36.75,GBP,0.0,183.75,183.75
TXN-GB-1-001308,2026-08-25 18:15:44,2026-08-25 18:19:44,GB,Legacy Oracle EBS,E,DER-001,Dermacare GlowSerum,Aesthetic,Dermacare,Pharmacy/B2B,9,27.35,GBP,0.0,246.15,246.15
TXN-GB-1-001309,2026-08-25 10:34:32,2026-08-25 10:39:32,GB,Legacy Oracle EBS,E,DER-002,Dermacare LiftCream,Aesthetic,Dermacare,D2C,2,31.62,GBP,0.0,63.24,63.24
TXN-GB-1-001310,2026-08-25 06:12:06,2026-08-25 06:16:06,GB,Legacy Oracle EBS,E,PUR-001,PureLife GlucoMonitor,Medical Device,PureLife,D2C,4,72.65,GBP,0.15,290.6,247.01
TXN-GB-1-001311,2026-08-25 02:18:45,2026-08-25 02:21:45,GB,Legacy Oracle EBS,E,MED-002,Medora Derm Cream,Prescription,Medora,Wholesale,3,22.22,GBP,0.05,66.66,63.33
TXN-GB-1-001312,2026-08-25 07:32:43,2026-08-25 07:38:43,GB,Legacy Oracle EBS,E,SAN-001,SanaPlus PainRelief,OTC,SanaPlus,E-commerce,2,8.12,GBP,0.15,16.24,13.8
TXN-GB-1-001313,2026-08-25 05:51:46,2026-08-25 05:53:46,GB,Legacy Oracle EBS,E,VIT-002,Vitalis Multivit,Supplement,Vitalis,E-commerce,10,14.53,GBP,0.2,145.3,116.24
TXN-GB-1-001314,2026-08-25 21:18:27,2026-08-25 21:23:27,GB,Legacy Oracle EBS,E,VIT-001,Vitalis C1000,Supplement,Vitalis,Pharmacy/B2B,6,17.95,GBP,0.1,107.7,96.93
TXN-GB-1-001315,2026-08-25 00:52:00,2026-08-25 00:53:00,GB,Legacy Oracle EBS,E,DER-002,Dermacare LiftCream,Aesthetic,Dermacare,Pharmacy/B2B,4,31.62,GBP,0.2,126.48,101.18
TXN-GB-1-001316,2026-08-25 05:02:48,2026-08-25 05:08:48,GB,Legacy Oracle EBS,E,MED-001,Medora Cardio 10mg,Prescription,Medora,D2C,12,36.75,GBP,0.0,441.0,441.0
TXN-GB-1-001317,2026-08-25 18:37:17,2026-08-25 18:40:17,GB,Legacy Oracle EBS,E,SAN-002,SanaPlus ColdFlu,OTC,SanaPlus,Wholesale,8,8.97,GBP,0.2,71.76,57.41
TXN-GB-1-001318,2026-08-25 17:35:04,2026-08-25 17:36:04,GB,Legacy Oracle EBS,E,SAN-002,SanaPlus ColdFlu,OTC,SanaPlus,D2C,2,8.97,GBP,0.15,17.94,15.25
TXN-GB-1-001319,2026-08-25 16:55:03,2026-08-25 17:01:03,GB,Legacy Oracle EBS,E,DER-001,Dermacare GlowSerum,Aesthetic,Dermacare,Wholesale,1,27.35,GBP,0.0,27.35,27.35
TXN-GB-1-001320,2026-08-25 11:29:32,2026-08-25 11:33:32,GB,Legacy Oracle EBS,E,PUR-001,PureLife GlucoMonitor,Medical Device,PureLife,E-commerce,10,72.65,GBP,0.0,726.5,726.5
TXN-GB-1-001321,2026-08-25 03:35:40,2026-08-25 03:39:40,GB,Legacy Oracle EBS,E,SAN-001,SanaPlus PainRelief,OTC,SanaPlus,D2C,8,8.12,GBP,0.15,64.96,55.22
TXN-GB-1-001322,2026-08-25 14:35:16,2026-08-25 14:39:16,GB,Legacy Oracle EBS,E,DER-002,Dermacare LiftCream,Aesthetic,Dermacare,Wholesale,6,31.62,GBP,0.2,189.72,151.78
TXN-GB-1-001323,2026-08-25 17:15:06,2026-08-25 17:21:06,GB,Legacy Oracle EBS,E,DER-001,Dermacare GlowSerum,Aesthetic,Dermacare,Wholesale,7,27.35,GBP,0.2,191.45,153.16
TXN-GB-1-001324,2026-08-25 09:09:51,2026-08-25 09:13:51,GB,Legacy Oracle EBS,E,DER-001,Dermacare GlowSerum,Aesthetic,Dermacare,Pharmacy/B2B,9,27.35,GBP,0.0,246.15,246.15
TXN-GB-1-001325,2026-08-25 04:34:38,2026-08-25 04:35:38,GB,Legacy Oracle EBS,E,PUR-001,PureLife GlucoMonitor,Medical Device,PureLife,D2C,11,72.65,GBP,0.0,799.15,799.15
TXN-GB-1-001326,2026-08-25 21:20:23,2026-08-25 21:24:23,GB,Legacy Oracle EBS,E,SAN-001,SanaPlus PainRelief,OTC,SanaPlus,D2C,6,8.12,GBP,0.0,48.72,48.72
TXN-GB-1-001327,2026-08-25 02:34:14,2026-08-25 02:38:14,GB,Legacy Oracle EBS,E,SAN-002,SanaPlus ColdFlu,OTC,SanaPlus,Pharmacy/B2B,5,8.97,GBP,0.1,44.85,40.37
TXN-GB-1-001328,2026-08-25 22:41:24,2026-08-25 22:46:24,GB,Legacy Oracle EBS,E,PUR-001,PureLife GlucoMonitor,Medical Device,PureLife,Wholesale,9,72.65,GBP,0.0,653.85,653.85
TXN-GB-1-001329,2026-08-25 21:36:03,2026-08-25 21:41:03,GB,Legacy Oracle EBS,E,PUR-001,PureLife GlucoMonitor,Medical Device,PureLife,Wholesale,3,72.65,GBP,0.05,217.95,207.05
TXN-GB-1-001330,2026-08-25 13:07:43,2026-08-25 13:10:43,GB,Legacy Oracle EBS,E,SAN-001,SanaPlus PainRelief,OTC,SanaPlus,E-commerce,3,8.12,GBP,0.0,24.36,24.36
TXN-GB-1-001331,2026-08-25 15:41:48,2026-08-25 15:42:48,GB,Legacy Oracle EBS,E,PUR-001,PureLife GlucoMonitor,Medical Device,PureLife,D2C,12,72.65,GBP,0.0,871.8,871.8
TXN-GB-1-001332,2026-08-25 15:04:44,2026-08-25 15:09:44,GB,Legacy Oracle EBS,E,VIT-001,Vitalis C1000,Supplement,Vitalis,Wholesale,11,17.95,GBP,0.0,197.45,197.45
TXN-GB-1-001333,2026-08-25 23:29:47,2026-08-25 23:34:47,GB,Legacy Oracle EBS,E,DER-001,Dermacare GlowSerum,Aesthetic,Dermacare,D2C,1,27.35,GBP,0.0,27.35,27.35
TXN-GB-1-001334,2026-08-25 13:49:54,2026-08-25 13:53:54,GB,Legacy Oracle EBS,E,VIT-001,Vitalis C1000,Supplement,Vitalis,D2C,7,17.95,GBP,0.2,125.65,100.52
TXN-GB-1-001335,2026-08-25 15:43:15,2026-08-25 15:45:15,GB,Legacy Oracle EBS,E,PUR-002,PureLife BP Monitor,Medical Device,PureLife,Pharmacy/B2B,4,76.92,GBP,0.0,307.68,307.68
TXN-GB-1-001336,2026-08-25 03:11:37,2026-08-25 03:14:37,GB,Legacy Oracle EBS,E,VIT-002,Vitalis Multivit,Supplement,Vitalis,Pharmacy/B2B,4,14.53,GBP,0.0,58.12,58.12
TXN-GB-1-001337,2026-08-25 19:48:21,2026-08-25 19:54:21,GB,Legacy Oracle EBS,E,VIT-002,Vitalis Multivit,Supplement,Vitalis,E-commerce,4,14.53,GBP,0.2,58.12,46.5
TXN-GB-1-001338,2026-08-25 00:43:17,2026-08-25 00:44:17,GB,Legacy Oracle EBS,E,MED-002,Medora Derm Cream,Prescription,Medora,Pharmacy/B2B,9,22.22,GBP,0.0,199.98,199.98
TXN-GB-1-001339,2026-08-25 00:46:51,2026-08-25 00:50:51,GB,Legacy Oracle EBS,E,SAN-002,SanaPlus ColdFlu,OTC,SanaPlus,D2C,9,8.97,GBP,0.1,80.73,72.66
TXN-GB-1-001340,2026-08-25 11:46:26,2026-08-25 11:49:26,GB,Legacy Oracle EBS,E,PUR-001,PureLife GlucoMonitor,Medical Device,PureLife,Wholesale,6,72.65,GBP,0.0,435.9,435.9
TXN-GB-1-001341,2026-08-25 04:51:28,2026-08-25 04:57:28,GB,Legacy Oracle EBS,E,SAN-001,SanaPlus PainRelief,OTC,SanaPlus,D2C,3,8.12,GBP,0.1,24.36,21.92
TXN-GB-1-001342,2026-08-25 14:17:51,2026-08-25 14:18:51,GB,Legacy Oracle EBS,E,SAN-002,SanaPlus ColdFlu,OTC,SanaPlus,Pharmacy/B2B,5,8.97,GBP,0.0,44.85,44.85
TXN-GB-1-001343,2026-08-25 15:00:10,2026-08-25 15:05:10,GB,Legacy Oracle EBS,E,DER-002,Dermacare LiftCream,Aesthetic,Dermacare,D2C,6,31.62,GBP,0.05,189.72,180.23
TXN-GB-1-001344,2026-08-25 19:03:07,2026-08-25 19:05:07,GB,Legacy Oracle EBS,E,SAN-002,SanaPlus ColdFlu,OTC,SanaPlus,Pharmacy/B2B,8,8.97,GBP,0.1,71.76,64.58
TXN-GB-1-001345,2026-08-25 19:53:12,2026-08-25 19:55:12,GB,Legacy Oracle EBS,E,PUR-001,PureLife GlucoMonitor,Medical Device,PureLife,Wholesale,12,72.65,GBP,0.0,871.8,871.8
TXN-GB-1-001346,2026-08-25 23:54:39,2026-08-25 23:56:39,GB,Legacy Oracle EBS,E,SAN-002,SanaPlus ColdFlu,OTC,SanaPlus,D2C,7,8.97,GBP,0.05,62.79,59.65
TXN-GB-1-001347,2026-08-25 22:29:13,2026-08-25 22:33:13,GB,Legacy Oracle EBS,E,VIT-002,Vitalis Multivit,Supplement,Vitalis,E-commerce,9,14.53,GBP,0.15,130.77,111.15
TXN-GB-1-001348,2026-08-25 20:56:28,2026-08-25 20:59:28,GB,Legacy Oracle EBS,E,PUR-001,PureLife GlucoMonitor,Medical Device,PureLife,Wholesale,11,72.65,GBP,0.0,799.15,799.15
TXN-GB-1-001349,2026-08-25 02:29:11,2026-08-25 02:33:11,GB,Legacy Oracle EBS,E,PUR-001,PureLife GlucoMonitor,Medical Device,PureLife,E-commerce,6,72.65,GBP,0.15,435.9,370.51
TXN-GB-1-001350,2026-08-25 14:05:34,2026-08-25 14:06:34,GB,Legacy Oracle EBS,E,MED-002,Medora Derm Cream,Prescription,Medora,Pharmacy/B2B,12,22.22,GBP,0.05,266.64,253.31
TXN-GB-1-001351,2026-08-25 04:41:36,2026-08-25 04:44:36,GB,Legacy Oracle EBS,E,DER-001,Dermacare GlowSerum,Aesthetic,Dermacare,D2C,11,27.35,GBP,0.05,300.85,285.81
TXN-GB-1-001352,2026-08-25 15:19:28,2026-08-25 15:25:28,GB,Legacy Oracle EBS,E,VIT-001,Vitalis C1000,Supplement,Vitalis,E-commerce,7,17.95,GBP,0.2,125.65,100.52
TXN-GB-1-001353,2026-08-25 19:32:23,2026-08-25 19:35:23,GB,Legacy Oracle EBS,E,VIT-001,Vitalis C1000,Supplement,Vitalis,Wholesale,9,17.95,GBP,0.2,161.55,129.24
TXN-GB-1-001354,2026-08-25 13:10:33,2026-08-25 13:11:33,GB,Legacy Oracle EBS,E,DER-002,Dermacare LiftCream,Aesthetic,Dermacare,Wholesale,4,31.62,GBP,0.05,126.48,120.16
TXN-GB-1-001355,2026-08-25 17:31:36,2026-08-25 17:36:36,GB,Legacy Oracle EBS,E,PUR-002,PureLife BP Monitor,Medical Device,PureLife,Pharmacy/B2B,2,76.92,GBP,0.2,153.84,123.07
TXN-GB-1-001356,2026-08-25 00:08:34,2026-08-25 00:10:34,GB,Legacy Oracle EBS,E,DER-002,Dermacare LiftCream,Aesthetic,Dermacare,Pharmacy/B2B,10,31.62,GBP,0.2,316.2,252.96
TXN-GB-1-001357,2026-08-25 02:06:58,2026-08-25 02:12:58,GB,Legacy Oracle EBS,E,PUR-002,PureLife BP Monitor,Medical Device,PureLife,D2C,12,76.92,GBP,0.15,923.04,784.58
TXN-GB-1-001358,2026-08-25 04:37:53,2026-08-25 04:38:53,GB,Legacy Oracle EBS,E,VIT-002,Vitalis Multivit,Supplement,Vitalis,Wholesale,3,14.53,GBP,0.0,43.59,43.59
TXN-GB-1-001359,2026-08-25 04:40:56,2026-08-25 04:41:56,GB,Legacy Oracle EBS,E,SAN-002,SanaPlus ColdFlu,OTC,SanaPlus,Pharmacy/B2B,10,8.97,GBP,0.0,89.7,89.7
TXN-GB-1-001360,2026-08-25 23:04:48,2026-08-25 23:07:48,GB,Legacy Oracle EBS,E,SAN-002,SanaPlus ColdFlu,OTC,SanaPlus,Wholesale,3,8.97,GBP,0.2,26.91,21.53
TXN-GB-1-001361,2026-08-25 11:05:43,2026-08-25 11:11:43,GB,Legacy Oracle EBS,E,SAN-001,SanaPlus PainRelief,OTC,SanaPlus,Wholesale,12,8.12,GBP,0.0,97.44,97.44
TXN-GB-1-001362,2026-08-25 05:28:46,2026-08-25 05:29:46,GB,Legacy Oracle EBS,E,MED-002,Medora Derm Cream,Prescription,Medora,Wholesale,6,22.22,GBP,0.05,133.32,126.65
TXN-GB-1-001363,2026-08-25 14:51:21,2026-08-25 14:53:21,GB,Legacy Oracle EBS,E,VIT-002,Vitalis Multivit,Supplement,Vitalis,E-commerce,11,14.53,GBP,0.0,159.83,159.83
TXN-GB-1-001364,2026-08-25 01:19:40,2026-08-25 01:24:40,GB,Legacy Oracle EBS,E,VIT-001,Vitalis C1000,Supplement,Vitalis,D2C,4,17.95,GBP,0.15,71.8,61.03
TXN-GB-1-001365,2026-08-25 04:47:12,2026-08-25 04:51:12,GB,Legacy Oracle EBS,E,VIT-001,Vitalis C1000,Supplement,Vitalis,D2C,4,17.95,GBP,0.15,71.8,61.03
TXN-GB-1-001366,2026-08-25 19:36:17,2026-08-25 19:37:17,GB,Legacy Oracle EBS,E,SAN-001,SanaPlus PainRelief,OTC,SanaPlus,Pharmacy/B2B,4,8.12,GBP,0.0,32.48,32.48
TXN-GB-1-001367,2026-08-25 23:25:06,2026-08-25 23:29:06,GB,Legacy Oracle EBS,E,SAN-002,SanaPlus ColdFlu,OTC,SanaPlus,D2C,10,8.97,GBP,0.2,89.7,71.76
TXN-GB-1-001368,2026-08-25 19:11:21,2026-08-25 19:14:21,GB,Legacy Oracle EBS,E,MED-002,Medora Derm Cream,Prescription,Medora,D2C,3,22.22,GBP,0.0,66.66,66.66
TXN-GB-1-001369,2026-08-25 05:08:19,2026-08-25 05:11:19,GB,Legacy Oracle EBS,E,PUR-001,PureLife GlucoMonitor,Medical Device,PureLife,D2C,4,72.65,GBP,0.2,290.6,232.48
TXN-GB-1-001370,2026-08-25 12:36:59,2026-08-25 12:37:59,GB,Legacy Oracle EBS,E,DER-002,Dermacare LiftCream,Aesthetic,Dermacare,D2C,6,31.62,GBP,0.0,189.72,189.72
TXN-GB-1-001371,2026-08-25 21:51:15,2026-08-25 21:53:15,GB,Legacy Oracle EBS,E,VIT-002,Vitalis Multivit,Supplement,Vitalis,E-commerce,9,14.53,GBP,0.0,130.77,130.77
TXN-GB-1-001372,2026-08-25 21:16:19,2026-08-25 21:22:19,GB,Legacy Oracle EBS,E,PUR-002,PureLife BP Monitor,Medical Device,PureLife,Wholesale,1,76.92,GBP,0.0,76.92,76.92
TXN-GB-1-001373,2026-08-25 09:38:53,2026-08-25 09:41:53,GB,Legacy Oracle EBS,E,MED-001,Medora Cardio 10mg,Prescription,Medora,D2C,4,36.75,GBP,0.0,147.0,147.0
TXN-GB-1-001374,2026-08-25 00:52:32,2026-08-25 00:57:32,GB,Legacy Oracle EBS,E,MED-001,Medora Cardio 10mg,Prescription,Medora,Wholesale,8,36.75,GBP,0.0,294.0,294.0
TXN-GB-1-001375,2026-08-25 20:17:21,2026-08-25 20:19:21,GB,Legacy Oracle EBS,E,VIT-002,Vitalis Multivit,Supplement,Vitalis,D2C,12,14.53,GBP,0.15,174.36,148.21
TXN-GB-1-001376,2026-08-25 08:47:37,2026-08-25 08:49:37,GB,Legacy Oracle EBS,E,DER-002,Dermacare LiftCream,Aesthetic,Dermacare,Wholesale,11,31.62,GBP,0.15,347.82,295.65
TXN-GB-1-001377,2026-08-25 08:01:56,2026-08-25 08:05:56,GB,Legacy Oracle EBS,E,DER-001,Dermacare GlowSerum,Aesthetic,Dermacare,D2C,6,27.35,GBP,0.0,164.1,164.1
TXN-GB-1-001378,2026-08-25 16:03:01,2026-08-25 16:07:01,GB,Legacy Oracle EBS,E,MED-002,Medora Derm Cream,Prescription,Medora,Wholesale,3,22.22,GBP,0.05,66.66,63.33
TXN-GB-1-001379,2026-08-25 12:59:48,2026-08-25 13:03:48,GB,Legacy Oracle EBS,E,VIT-002,Vitalis Multivit,Supplement,Vitalis,D2C,6,14.53,GBP,0.0,87.18,87.18
TXN-GB-1-001380,2026-08-25 20:17:41,2026-08-25 20:18:41,GB,Legacy Oracle EBS,E,SAN-001,SanaPlus PainRelief,OTC,SanaPlus,Wholesale,2,8.12,GBP,0.0,16.24,16.24
TXN-GB-1-001381,2026-08-25 14:11:10,2026-08-25 14:15:10,GB,Legacy Oracle EBS,E,DER-001,Dermacare GlowSerum,Aesthetic,Dermacare,Pharmacy/B2B,6,27.35,GBP,0.15,164.1,139.48
TXN-GB-1-001382,2026-08-25 08:59:43,2026-08-25 09:04:43,GB,Legacy Oracle EBS,E,VIT-002,Vitalis Multivit,Supplement,Vitalis,E-commerce,10,14.53,GBP,0.0,145.3,145.3
TXN-GB-1-001383,2026-08-25 06:31:32,2026-08-25 06:35:32,GB,Legacy Oracle EBS,E,MED-001,Medora Cardio 10mg,Prescription,Medora,E-commerce,2,36.75,GBP,0.0,73.5,73.5
TXN-GB-1-001384,2026-08-25 02:08:36,2026-08-25 02:14:36,GB,Legacy Oracle EBS,E,MED-002,Medora Derm Cream,Prescription,Medora,E-commerce,5,22.22,GBP,0.2,111.1,88.88
TXN-GB-1-001385,2026-08-25 08:06:14,2026-08-25 08:12:14,GB,Legacy Oracle EBS,E,VIT-002,Vitalis Multivit,Supplement,Vitalis,Pharmacy/B2B,7,14.53,GBP,0.0,101.71,101.71
TXN-GB-1-001386,2026-08-25 17:12:18,2026-08-25 17:17:18,GB,Legacy Oracle EBS,E,PUR-001,PureLife GlucoMonitor,Medical Device,PureLife,D2C,9,72.65,GBP,0.0,653.85,653.85
TXN-GB-1-001387,2026-08-25 10:29:11,2026-08-25 10:33:11,GB,Legacy Oracle EBS,E,DER-002,Dermacare LiftCream,Aesthetic,Dermacare,E-commerce,4,31.62,GBP,0.15,126.48,107.51
TXN-GB-1-001388,2026-08-25 20:34:11,2026-08-25 20:35:11,GB,Legacy Oracle EBS,E,VIT-001,Vitalis C1000,Supplement,Vitalis,Pharmacy/B2B,4,17.95,GBP,0.05,71.8,68.21
TXN-GB-1-001389,2026-08-25 04:04:29,2026-08-25 04:10:29,GB,Legacy Oracle EBS,E,PUR-002,PureLife BP Monitor,Medical Device,PureLife,Pharmacy/B2B,3,76.92,GBP,0.05,230.76,219.22
TXN-GB-1-001390,2026-08-25 12:37:14,2026-08-25 12:42:14,GB,Legacy Oracle EBS,E,VIT-002,Vitalis Multivit,Supplement,Vitalis,D2C,6,14.53,GBP,0.05,87.18,82.82
TXN-GB-1-001391,2026-08-25 03:11:13,2026-08-25 03:14:13,GB,Legacy Oracle EBS,E,VIT-001,Vitalis C1000,Supplement,Vitalis,Pharmacy/B2B,12,17.95,GBP,0.0,215.4,215.4
TXN-GB-1-001392,2026-08-25 15:20:36,2026-08-25 15:26:36,GB,Legacy Oracle EBS,E,VIT-001,Vitalis C1000,Supplement,Vitalis,E-commerce,1,17.95,GBP,0.2,17.95,14.36
TXN-GB-1-001393,2026-08-25 14:15:27,2026-08-25 14:21:27,GB,Legacy Oracle EBS,E,SAN-002,SanaPlus ColdFlu,OTC,SanaPlus,Pharmacy/B2B,1,8.97,GBP,0.0,8.97,8.97
TXN-GB-1-001394,2026-08-25 10:03:09,2026-08-25 10:06:09,GB,Legacy Oracle EBS,E,VIT-002,Vitalis Multivit,Supplement,Vitalis,Wholesale,5,14.53,GBP,0.0,72.65,72.65
TXN-GB-1-001395,2026-08-25 14:16:59,2026-08-25 14:19:59,GB,Legacy Oracle EBS,E,SAN-001,SanaPlus PainRelief,OTC,SanaPlus,D2C,4,8.12,GBP,0.2,32.48,25.98
TXN-GB-1-001396,2026-08-25 05:50:19,2026-08-25 05:56:19,GB,Legacy Oracle EBS,E,PUR-002,PureLife BP Monitor,Medical Device,PureLife,Wholesale,10,76.92,GBP,0.0,769.2,769.2
TXN-GB-1-001397,2026-08-25 09:12:25,2026-08-25 09:14:25,GB,Legacy Oracle EBS,E,VIT-001,Vitalis C1000,Supplement,Vitalis,Pharmacy/B2B,11,17.95,GBP,0.0,197.45,197.45
TXN-GB-1-001398,2026-08-25 16:52:17,2026-08-25 16:58:17,GB,Legacy Oracle EBS,E,VIT-001,Vitalis C1000,Supplement,Vitalis,E-commerce,8,17.95,GBP,0.05,143.6,136.42
TXN-GB-1-001399,2026-08-25 18:12:45,2026-08-25 18:14:45,GB,Legacy Oracle EBS,E,SAN-002,SanaPlus ColdFlu,OTC,SanaPlus,E-commerce,8,8.97,GBP,0.1,71.76,64.58
TXN-GB-1-001400,2026-08-25 01:42:34,2026-08-25 01:48:34,GB,Legacy Oracle EBS,E,PUR-001,PureLife GlucoMonitor,Medical Device,PureLife,Wholesale,9,72.65,GBP,0.0,653.85,653.85
TXN-GB-1-001401,2026-08-25 17:33:49,2026-08-25 17:34:49,GB,Legacy Oracle EBS,E,MED-001,Medora Cardio 10mg,Prescription,Medora,E-commerce,4,36.75,GBP,0.1,147.0,132.3
TXN-GB-1-001402,2026-08-25 13:32:56,2026-08-25 13:34:56,GB,Legacy Oracle EBS,E,MED-001,Medora Cardio 10mg,Prescription,Medora,Pharmacy/B2B,1,36.75,GBP,0.1,36.75,33.08
TXN-GB-1-001403,2026-08-25 01:34:46,2026-08-25 01:35:46,GB,Legacy Oracle EBS,E,DER-001,Dermacare GlowSerum,Aesthetic,Dermacare,E-commerce,11,27.35,GBP,0.0,300.85,300.85
TXN-GB-1-001404,2026-08-25 12:27:20,2026-08-25 12:32:20,GB,Legacy Oracle EBS,E,DER-001,Dermacare GlowSerum,Aesthetic,Dermacare,Wholesale,8,27.35,GBP,0.0,218.8,218.8
TXN-GB-1-001405,2026-08-25 10:19:43,2026-08-25 10:23:43,GB,Legacy Oracle EBS,E,SAN-002,SanaPlus ColdFlu,OTC,SanaPlus,Wholesale,2,8.97,GBP,0.05,17.94,17.04
TXN-GB-1-001406,2026-08-25 06:01:58,2026-08-25 06:06:58,GB,Legacy Oracle EBS,E,SAN-001,SanaPlus PainRelief,OTC,SanaPlus,Wholesale,11,8.12,GBP,0.0,89.32,89.32
TXN-GB-1-001407,2026-08-25 08:47:11,2026-08-25 08:50:11,GB,Legacy Oracle EBS,E,SAN-001,SanaPlus PainRelief,OTC,SanaPlus,Wholesale,11,8.12,GBP,0.0,89.32,89.32
TXN-GB-1-001408,2026-08-25 08:01:04,2026-08-25 08:03:04,GB,Legacy Oracle EBS,E,SAN-001,SanaPlus PainRelief,OTC,SanaPlus,Wholesale,6,8.12,GBP,0.15,48.72,41.41
TXN-GB-1-001409,2026-08-25 15:02:27,2026-08-25 15:07:27,GB,Legacy Oracle EBS,E,SAN-001,SanaPlus PainRelief,OTC,SanaPlus,Pharmacy/B2B,6,8.12,GBP,0.0,48.72,48.72
TXN-GB-1-001410,2026-08-25 14:57:26,2026-08-25 15:03:26,GB,Legacy Oracle EBS,E,VIT-002,Vitalis Multivit,Supplement,Vitalis,D2C,2,14.53,GBP,0.05,29.06,27.61
TXN-GB-1-001411,2026-08-25 11:22:54,2026-08-25 11:26:54,GB,Legacy Oracle EBS,E,VIT-002,Vitalis Multivit,Supplement,Vitalis,D2C,2,14.53,GBP,0.2,29.06,23.25
TXN-GB-1-001412,2026-08-25 18:44:19,2026-08-25 18:47:19,GB,Legacy Oracle EBS,E,MED-002,Medora Derm Cream,Prescription,Medora,Wholesale,7,22.22,GBP,0.1,155.54,139.99
TXN-GB-1-001413,2026-08-25 14:04:33,2026-08-25 14:07:33,GB,Legacy Oracle EBS,E,PUR-002,PureLife BP Monitor,Medical Device,PureLife,D2C,10,76.92,GBP,0.05,769.2,730.74
TXN-GB-1-001414,2026-08-25 11:54:47,2026-08-25 11:58:47,GB,Legacy Oracle EBS,E,MED-001,Medora Cardio 10mg,Prescription,Medora,Pharmacy/B2B,11,36.75,GBP,0.2,404.25,323.4
TXN-GB-1-001415,2026-08-25 08:19:31,2026-08-25 08:25:31,GB,Legacy Oracle EBS,E,VIT-002,Vitalis Multivit,Supplement,Vitalis,Wholesale,12,14.53,GBP,0.0,174.36,174.36
TXN-GB-1-001416,2026-08-25 05:35:12,2026-08-25 05:37:12,GB,Legacy Oracle EBS,E,PUR-002,PureLife BP Monitor,Medical Device,PureLife,Wholesale,12,76.92,GBP,0.0,923.04,923.04
TXN-GB-1-001417,2026-08-25 18:46:51,2026-08-25 18:49:51,GB,Legacy Oracle EBS,E,VIT-001,Vitalis C1000,Supplement,Vitalis,Pharmacy/B2B,1,17.95,GBP,0.1,17.95,16.16
TXN-GB-1-001418,2026-08-25 05:48:59,2026-08-25 05:50:59,GB,Legacy Oracle EBS,E,VIT-001,Vitalis C1000,Supplement,Vitalis,D2C,2,17.95,GBP,0.15,35.9,30.51
TXN-GB-1-001419,2026-08-25 09:40:08,2026-08-25 09:43:08,GB,Legacy Oracle EBS,E,SAN-002,SanaPlus ColdFlu,OTC,SanaPlus,Wholesale,10,8.97,GBP,0.15,89.7,76.25
TXN-GB-1-001420,2026-08-25 13:24:29,2026-08-25 13:30:29,GB,Legacy Oracle EBS,E,VIT-002,Vitalis Multivit,Supplement,Vitalis,Wholesale,11,14.53,GBP,0.0,159.83,159.83
TXN-GB-1-001421,2026-08-25 08:22:07,2026-08-25 08:26:07,GB,Legacy Oracle EBS,E,DER-001,Dermacare GlowSerum,Aesthetic,Dermacare,Wholesale,1,27.35,GBP,0.0,27.35,27.35
TXN-GB-1-001422,2026-08-25 02:33:06,2026-08-25 02:36:06,GB,Legacy Oracle EBS,E,VIT-001,Vitalis C1000,Supplement,Vitalis,Wholesale,5,17.95,GBP,0.0,89.75,89.75
TXN-GB-1-001423,2026-08-25 02:05:25,2026-08-25 02:07:25,GB,Legacy Oracle EBS,E,PUR-002,PureLife BP Monitor,Medical Device,PureLife,Wholesale,1,76.92,GBP,0.1,76.92,69.23
TXN-GB-1-001424,2026-08-25 02:49:15,2026-08-25 02:51:15,GB,Legacy Oracle EBS,E,DER-002,Dermacare LiftCream,Aesthetic,Dermacare,E-commerce,3,31.62,GBP,0.1,94.86,85.37
TXN-GB-1-001425,2026-08-25 20:22:23,2026-08-25 20:24:23,GB,Legacy Oracle EBS,E,MED-002,Medora Derm Cream,Prescription,Medora,Pharmacy/B2B,10,22.22,GBP,0.2,222.2,177.76
TXN-GB-1-001426,2026-08-25 07:17:35,2026-08-25 07:20:35,GB,Legacy Oracle EBS,E,VIT-001,Vitalis C1000,Supplement,Vitalis,D2C,11,17.95,GBP,0.0,197.45,197.45
TXN-GB-1-001427,2026-08-25 22:04:04,2026-08-25 22:06:04,GB,Legacy Oracle EBS,E,VIT-001,Vitalis C1000,Supplement,Vitalis,D2C,1,17.95,GBP,0.0,17.95,17.95
TXN-GB-1-001428,2026-08-25 11:07:37,2026-08-25 11:12:37,GB,Legacy Oracle EBS,E,DER-001,Dermacare GlowSerum,Aesthetic,Dermacare,E-commerce,9,27.35,GBP,0.0,246.15,246.15
TXN-GB-1-001429,2026-08-25 00:55:52,2026-08-25 00:59:52,GB,Legacy Oracle EBS,E,DER-001,Dermacare GlowSerum,Aesthetic,Dermacare,D2C,4,27.35,GBP,0.1,109.4,98.46
TXN-GB-1-001430,2026-08-25 01:58:54,2026-08-25 02:03:54,GB,Legacy Oracle EBS,E,DER-002,Dermacare LiftCream,Aesthetic,Dermacare,E-commerce,11,31.62,GBP,0.15,347.82,295.65
TXN-GB-1-001431,2026-08-25 10:42:22,2026-08-25 10:46:22,GB,Legacy Oracle EBS,E,DER-001,Dermacare GlowSerum,Aesthetic,Dermacare,Wholesale,11,27.35,GBP,0.1,300.85,270.77
TXN-GB-1-001432,2026-08-25 00:52:31,2026-08-25 00:53:31,GB,Legacy Oracle EBS,E,DER-002,Dermacare LiftCream,Aesthetic,Dermacare,E-commerce,5,31.62,GBP,0.0,158.1,158.1
TXN-GB-1-001433,2026-08-25 14:32:09,2026-08-25 14:36:09,GB,Legacy Oracle EBS,E,DER-001,Dermacare GlowSerum,Aesthetic,Dermacare,Wholesale,10,27.35,GBP,0.0,273.5,273.5
TXN-GB-1-001434,2026-08-25 20:27:43,2026-08-25 20:29:43,GB,Legacy Oracle EBS,E,DER-001,Dermacare GlowSerum,Aesthetic,Dermacare,Pharmacy/B2B,11,27.35,GBP,0.1,300.85,270.77
TXN-GB-1-001435,2026-08-25 23:04:31,2026-08-25 23:07:31,GB,Legacy Oracle EBS,E,VIT-002,Vitalis Multivit,Supplement,Vitalis,Wholesale,9,14.53,GBP,0.0,130.77,130.77
TXN-GB-1-001436,2026-08-25 12:57:39,2026-08-25 13:03:39,GB,Legacy Oracle EBS,E,MED-001,Medora Cardio 10mg,Prescription,Medora,D2C,6,36.75,GBP,0.1,220.5,198.45
TXN-GB-1-001437,2026-08-25 06:34:53,2026-08-25 06:37:53,GB,Legacy Oracle EBS,E,DER-001,Dermacare GlowSerum,Aesthetic,Dermacare,E-commerce,10,27.35,GBP,0.05,273.5,259.82
TXN-GB-1-001438,2026-08-25 06:42:44,2026-08-25 06:46:44,GB,Legacy Oracle EBS,E,DER-001,Dermacare GlowSerum,Aesthetic,Dermacare,E-commerce,4,27.35,GBP,0.2,109.4,87.52
TXN-GB-1-001439,2026-08-25 05:11:50,2026-08-25 05:14:50,GB,Legacy Oracle EBS,E,DER-002,Dermacare LiftCream,Aesthetic,Dermacare,E-commerce,8,31.62,GBP,0.0,252.96,252.96
TXN-GB-1-001440,2026-08-25 23:00:38,2026-08-25 23:03:38,GB,Legacy Oracle EBS,E,DER-001,Dermacare GlowSerum,Aesthetic,Dermacare,E-commerce,8,27.35,GBP,0.0,218.8,218.8
TXN-GB-1-001441,2026-08-25 09:50:52,2026-08-25 09:54:52,GB,Legacy Oracle EBS,E,VIT-001,Vitalis C1000,Supplement,Vitalis,E-commerce,11,17.95,GBP,0.15,197.45,167.83
TXN-GB-1-001442,2026-08-25 08:46:23,2026-08-25 08:49:23,GB,Legacy Oracle EBS,E,SAN-001,SanaPlus PainRelief,OTC,SanaPlus,Wholesale,7,8.12,GBP,0.05,56.84,54.0
TXN-GB-1-001443,2026-08-25 03:50:09,2026-08-25 03:51:09,GB,Legacy Oracle EBS,E,SAN-002,SanaPlus ColdFlu,OTC,SanaPlus,Pharmacy/B2B,5,8.97,GBP,0.1,44.85,40.37
TXN-GB-1-001444,2026-08-25 14:03:57,2026-08-25 14:04:57,GB,Legacy Oracle EBS,E,PUR-001,PureLife GlucoMonitor,Medical Device,PureLife,Pharmacy/B2B,7,72.65,GBP,0.2,508.55,406.84
TXN-GB-1-001445,2026-08-25 18:41:06,2026-08-25 18:45:06,GB,Legacy Oracle EBS,E,VIT-001,Vitalis C1000,Supplement,Vitalis,Wholesale,12,17.95,GBP,0.15,215.4,183.09
TXN-GB-1-001446,2026-08-25 18:55:51,2026-08-25 19:01:51,GB,Legacy Oracle EBS,E,PUR-001,PureLife GlucoMonitor,Medical Device,PureLife,Wholesale,10,72.65,GBP,0.0,726.5,726.5
TXN-GB-1-001447,2026-08-25 09:53:50,2026-08-25 09:56:50,GB,Legacy Oracle EBS,E,PUR-002,PureLife BP Monitor,Medical Device,PureLife,D2C,1,76.92,GBP,0.2,76.92,61.54
TXN-GB-1-001448,2026-08-25 08:56:58,2026-08-25 09:02:58,GB,Legacy Oracle EBS,E,PUR-002,PureLife BP Monitor,Medical Device,PureLife,D2C,2,76.92,GBP,0.1,153.84,138.46
TXN-GB-1-001449,2026-08-25 15:33:19,2026-08-25 15:38:19,GB,Legacy Oracle EBS,E,SAN-002,SanaPlus ColdFlu,OTC,SanaPlus,Wholesale,2,8.97,GBP,0.0,17.94,17.94
TXN-GB-1-001450,2026-08-25 10:54:41,2026-08-25 10:57:41,GB,Legacy Oracle EBS,E,MED-001,Medora Cardio 10mg,Prescription,Medora,E-commerce,12,36.75,GBP,0.15,441.0,374.85
TXN-GB-1-001451,2026-08-25 08:34:05,2026-08-25 08:35:05,GB,Legacy Oracle EBS,E,PUR-001,PureLife GlucoMonitor,Medical Device,PureLife,E-commerce,9,72.65,GBP,0.0,653.85,653.85
TXN-GB-1-001452,2026-08-25 04:24:59,2026-08-25 04:28:59,GB,Legacy Oracle EBS,E,PUR-002,PureLife BP Monitor,Medical Device,PureLife,E-commerce,5,76.92,GBP,0.05,384.6,365.37
TXN-GB-1-001453,2026-08-25 15:19:18,2026-08-25 15:24:18,GB,Legacy Oracle EBS,E,MED-002,Medora Derm Cream,Prescription,Medora,E-commerce,11,22.22,GBP,0.2,244.42,195.54
TXN-GB-1-001454,2026-08-25 07:24:31,2026-08-25 07:28:31,GB,Legacy Oracle EBS,E,DER-002,Dermacare LiftCream,Aesthetic,Dermacare,E-commerce,11,31.62,GBP,0.1,347.82,313.04
TXN-GB-1-001455,2026-08-25 20:03:45,2026-08-25 20:04:45,GB,Legacy Oracle EBS,E,MED-002,Medora Derm Cream,Prescription,Medora,E-commerce,3,22.22,GBP,0.2,66.66,53.33
TXN-GB-1-001456,2026-08-25 01:00:44,2026-08-25 01:01:44,GB,Legacy Oracle EBS,E,DER-001,Dermacare GlowSerum,Aesthetic,Dermacare,E-commerce,2,27.35,GBP,0.1,54.7,49.23
TXN-GB-1-001457,2026-08-25 13:21:51,2026-08-25 13:23:51,GB,Legacy Oracle EBS,E,MED-001,Medora Cardio 10mg,Prescription,Medora,Pharmacy/B2B,11,36.75,GBP,0.0,404.25,404.25
TXN-GB-1-001458,2026-08-25 08:45:17,2026-08-25 08:50:17,GB,Legacy Oracle EBS,E,MED-002,Medora Derm Cream,Prescription,Medora,D2C,3,22.22,GBP,0.0,66.66,66.66
TXN-GB-1-001459,2026-08-25 02:39:53,2026-08-25 02:41:53,GB,Legacy Oracle EBS,E,VIT-002,Vitalis Multivit,Supplement,Vitalis,Wholesale,11,14.53,GBP,0.2,159.83,127.86
TXN-GB-1-001460,2026-08-25 07:53:43,2026-08-25 07:59:43,GB,Legacy Oracle EBS,E,MED-002,Medora Derm Cream,Prescription,Medora,D2C,1,22.22,GBP,0.1,22.22,20.0
TXN-GB-1-001461,2026-08-25 20:08:43,2026-08-25 20:10:43,GB,Legacy Oracle EBS,E,MED-002,Medora Derm Cream,Prescription,Medora,E-commerce,8,22.22,GBP,0.0,177.76,177.76
TXN-GB-1-001462,2026-08-25 06:41:03,2026-08-25 06:43:03,GB,Legacy Oracle EBS,E,MED-002,Medora Derm Cream,Prescription,Medora,Wholesale,8,22.22,GBP,0.0,177.76,177.76
TXN-GB-1-001463,2026-08-25 01:16:22,2026-08-25 01:17:22,GB,Legacy Oracle EBS,E,VIT-001,Vitalis C1000,Supplement,Vitalis,D2C,10,17.95,GBP,0.0,179.5,179.5
TXN-GB-1-001464,2026-08-25 08:54:57,2026-08-25 08:55:57,GB,Legacy Oracle EBS,E,DER-002,Dermacare LiftCream,Aesthetic,Dermacare,Wholesale,11,31.62,GBP,0.0,347.82,347.82
TXN-GB-1-001465,2026-08-25 14:31:18,2026-08-25 14:36:18,GB,Legacy Oracle EBS,E,MED-001,Medora Cardio 10mg,Prescription,Medora,Pharmacy/B2B,12,36.75,GBP,0.0,441.0,441.0
TXN-GB-1-001466,2026-08-25 03:49:48,2026-08-25 03:55:48,GB,Legacy Oracle EBS,E,PUR-002,PureLife BP Monitor,Medical Device,PureLife,Pharmacy/B2B,8,76.92,GBP,0.05,615.36,584.59
TXN-GB-1-001467,2026-08-25 12:28:45,2026-08-25 12:30:45,GB,Legacy Oracle EBS,E,VIT-001,Vitalis C1000,Supplement,Vitalis,D2C,5,17.95,GBP,0.1,89.75,80.78
TXN-GB-1-001468,2026-08-25 08:40:55,2026-08-25 08:43:55,GB,Legacy Oracle EBS,E,VIT-002,Vitalis Multivit,Supplement,Vitalis,Wholesale,2,14.53,GBP,0.0,29.06,29.06
TXN-GB-1-001469,2026-08-25 02:38:52,2026-08-25 02:41:52,GB,Legacy Oracle EBS,E,SAN-001,SanaPlus PainRelief,OTC,SanaPlus,Wholesale,5,8.12,GBP,0.05,40.6,38.57
TXN-GB-1-001470,2026-08-25 22:31:48,2026-08-25 22:32:48,GB,Legacy Oracle EBS,E,MED-002,Medora Derm Cream,Prescription,Medora,Wholesale,11,22.22,GBP,0.0,244.42,244.42
TXN-GB-1-001471,2026-08-25 20:06:50,2026-08-25 20:10:50,GB,Legacy Oracle EBS,E,MED-001,Medora Cardio 10mg,Prescription,Medora,E-commerce,8,36.75,GBP,0.0,294.0,294.0
TXN-GB-1-001472,2026-08-25 19:24:26,2026-08-25 19:26:26,GB,Legacy Oracle EBS,E,MED-001,Medora Cardio 10mg,Prescription,Medora,D2C,1,36.75,GBP,0.0,36.75,36.75
TXN-GB-1-001473,2026-08-25 22:41:29,2026-08-25 22:43:29,GB,Legacy Oracle EBS,E,PUR-001,PureLife GlucoMonitor,Medical Device,PureLife,Pharmacy/B2B,9,72.65,GBP,0.15,653.85,555.77
TXN-GB-1-001474,2026-08-25 07:21:30,2026-08-25 07:24:30,GB,Legacy Oracle EBS,E,PUR-002,PureLife BP Monitor,Medical Device,PureLife,Pharmacy/B2B,3,76.92,GBP,0.2,230.76,184.61
TXN-GB-1-001475,2026-08-25 07:27:36,2026-08-25 07:29:36,GB,Legacy Oracle EBS,E,MED-002,Medora Derm Cream,Prescription,Medora,Wholesale,11,22.22,GBP,0.15,244.42,207.76
TXN-GB-1-001476,2026-08-25 00:27:33,2026-08-25 00:28:33,GB,Legacy Oracle EBS,E,SAN-002,SanaPlus ColdFlu,OTC,SanaPlus,E-commerce,3,8.97,GBP,0.0,26.91,26.91
TXN-GB-1-001477,2026-08-25 02:46:11,2026-08-25 02:51:11,GB,Legacy Oracle EBS,E,VIT-002,Vitalis Multivit,Supplement,Vitalis,E-commerce,11,14.53,GBP,0.15,159.83,135.86
TXN-GB-1-001478,2026-08-25 12:45:14,2026-08-25 12:47:14,GB,Legacy Oracle EBS,E,DER-002,Dermacare LiftCream,Aesthetic,Dermacare,Wholesale,3,31.62,GBP,0.0,94.86,94.86
TXN-GB-1-001479,2026-08-25 05:22:20,2026-08-25 05:28:20,GB,Legacy Oracle EBS,E,MED-001,Medora Cardio 10mg,Prescription,Medora,E-commerce,2,36.75,GBP,0.0,73.5,73.5
TXN-GB-1-001480,2026-08-25 04:04:01,2026-08-25 04:05:01,GB,Legacy Oracle EBS,E,DER-001,Dermacare GlowSerum,Aesthetic,Dermacare,Wholesale,10,27.35,GBP,0.0,273.5,273.5
TXN-GB-1-001481,2026-08-25 10:33:48,2026-08-25 10:35:48,GB,Legacy Oracle EBS,E,PUR-001,PureLife GlucoMonitor,Medical Device,PureLife,E-commerce,3,72.65,GBP,0.05,217.95,207.05
TXN-GB-1-001482,2026-08-25 17:59:23,2026-08-25 18:05:23,GB,Legacy Oracle EBS,E,MED-001,Medora Cardio 10mg,Prescription,Medora,Pharmacy/B2B,12,36.75,GBP,0.2,441.0,352.8
TXN-GB-1-001483,2026-08-25 03:02:16,2026-08-25 03:06:16,GB,Legacy Oracle EBS,E,DER-002,Dermacare LiftCream,Aesthetic,Dermacare,Pharmacy/B2B,2,31.62,GBP,0.2,63.24,50.59
TXN-GB-1-001484,2026-08-25 15:45:55,2026-08-25 15:49:55,GB,Legacy Oracle EBS,E,PUR-001,PureLife GlucoMonitor,Medical Device,PureLife,Wholesale,12,72.65,GBP,0.0,871.8,871.8
TXN-GB-1-001485,2026-08-25 21:45:55,2026-08-25 21:46:55,GB,Legacy Oracle EBS,E,VIT-001,Vitalis C1000,Supplement,Vitalis,D2C,2,17.95,GBP,0.0,35.9,35.9
TXN-GB-1-001486,2026-08-25 06:52:26,2026-08-25 06:57:26,GB,Legacy Oracle EBS,E,DER-001,Dermacare GlowSerum,Aesthetic,Dermacare,D2C,3,27.35,GBP,0.05,82.05,77.95
TXN-GB-1-001487,2026-08-25 16:06:29,2026-08-25 16:08:29,GB,Legacy Oracle EBS,E,MED-001,Medora Cardio 10mg,Prescription,Medora,E-commerce,3,36.75,GBP,0.0,110.25,110.25
TXN-GB-1-001488,2026-08-25 22:23:01,2026-08-25 22:28:01,GB,Legacy Oracle EBS,E,SAN-001,SanaPlus PainRelief,OTC,SanaPlus,Pharmacy/B2B,8,8.12,GBP,0.15,64.96,55.22
TXN-GB-1-001489,2026-08-25 12:18:23,2026-08-25 12:20:23,GB,Legacy Oracle EBS,E,MED-001,Medora Cardio 10mg,Prescription,Medora,D2C,11,36.75,GBP,0.0,404.25,404.25
TXN-GB-1-001490,2026-08-25 13:08:38,2026-08-25 13:10:38,GB,Legacy Oracle EBS,E,MED-002,Medora Derm Cream,Prescription,Medora,D2C,2,22.22,GBP,0.0,44.44,44.44
TXN-GB-1-001491,2026-08-25 12:28:40,2026-08-25 12:29:40,GB,Legacy Oracle EBS,E,DER-002,Dermacare LiftCream,Aesthetic,Dermacare,D2C,6,31.62,GBP,0.0,189.72,189.72
TXN-GB-1-001492,2026-08-25 19:12:35,2026-08-25 19:15:35,GB,Legacy Oracle EBS,E,PUR-001,PureLife GlucoMonitor,Medical Device,PureLife,D2C,3,72.65,GBP,0.1,217.95,196.16
TXN-GB-1-001493,2026-08-25 10:36:09,2026-08-25 10:40:09,GB,Legacy Oracle EBS,E,DER-002,Dermacare LiftCream,Aesthetic,Dermacare,Wholesale,1,31.62,GBP,0.0,31.62,31.62
TXN-GB-1-001494,2026-08-25 18:04:46,2026-08-25 18:09:46,GB,Legacy Oracle EBS,E,SAN-001,SanaPlus PainRelief,OTC,SanaPlus,Wholesale,8,8.12,GBP,0.1,64.96,58.46
TXN-GB-1-001495,2026-08-25 17:55:05,2026-08-25 17:56:05,GB,Legacy Oracle EBS,E,MED-001,Medora Cardio 10mg,Prescription,Medora,E-commerce,1,36.75,GBP,0.15,36.75,31.24
TXN-GB-1-001496,2026-08-25 16:21:57,2026-08-25 16:25:57,GB,Legacy Oracle EBS,E,SAN-001,SanaPlus PainRelief,OTC,SanaPlus,D2C,1,8.12,GBP,0.0,8.12,8.12
TXN-GB-1-001497,2026-08-25 18:33:58,2026-08-25 18:35:58,GB,Legacy Oracle EBS,E,SAN-002,SanaPlus ColdFlu,OTC,SanaPlus,D2C,12,8.97,GBP,0.0,107.64,107.64
TXN-GB-1-001498,2026-08-25 03:03:57,2026-08-25 03:07:57,GB,Legacy Oracle EBS,E,VIT-001,Vitalis C1000,Supplement,Vitalis,Wholesale,3,17.95,GBP,0.05,53.85,51.16
TXN-GB-1-001499,2026-08-25 23:20:48,2026-08-25 23:25:48,GB,Legacy Oracle EBS,E,DER-002,Dermacare LiftCream,Aesthetic,Dermacare,E-commerce,12,31.62,GBP,0.0,379.44,379.44
TXN-GB-1-001500,2026-08-25 19:58:12,2026-08-25 20:00:12,GB,Legacy Oracle EBS,E,PUR-002,PureLife BP Monitor,Medical Device,PureLife,Pharmacy/B2B,2,76.92,GBP,0.2,153.84,123.07
TXN-GB-1-001501,2026-08-25 19:55:15,2026-08-25 19:57:15,GB,Legacy Oracle EBS,E,VIT-001,Vitalis C1000,Supplement,Vitalis,Pharmacy/B2B,6,17.95,GBP,0.0,107.7,107.7
TXN-GB-1-001502,2026-08-25 03:16:35,2026-08-25 03:18:35,GB,Legacy Oracle EBS,E,MED-002,Medora Derm Cream,Prescription,Medora,E-commerce,5,22.22,GBP,0.0,111.1,111.1
TXN-GB-1-001503,2026-08-25 15:33:11,2026-08-25 15:35:11,GB,Legacy Oracle EBS,E,DER-001,Dermacare GlowSerum,Aesthetic,Dermacare,Pharmacy/B2B,2,27.35,GBP,0.1,54.7,49.23
TXN-GB-1-001504,2026-08-25 21:43:09,2026-08-25 21:44:09,GB,Legacy Oracle EBS,E,SAN-002,SanaPlus ColdFlu,OTC,SanaPlus,Pharmacy/B2B,3,8.97,GBP,0.0,26.91,26.91
TXN-GB-1-001505,2026-08-25 01:30:33,2026-08-25 01:34:33,GB,Legacy Oracle EBS,E,SAN-002,SanaPlus ColdFlu,OTC,SanaPlus,Pharmacy/B2B,2,8.97,GBP,0.15,17.94,15.25
TXN-GB-1-001506,2026-08-25 17:04:41,2026-08-25 17:10:41,GB,Legacy Oracle EBS,E,SAN-001,SanaPlus PainRelief,OTC,SanaPlus,Wholesale,2,8.12,GBP,0.15,16.24,13.8
TXN-GB-1-001507,2026-08-25 03:13:48,2026-08-25 03:17:48,GB,Legacy Oracle EBS,E,MED-001,Medora Cardio 10mg,Prescription,Medora,Wholesale,5,36.75,GBP,0.1,183.75,165.38
TXN-GB-1-001508,2026-08-25 12:48:10,2026-08-25 12:52:10,GB,Legacy Oracle EBS,E,PUR-002,PureLife BP Monitor,Medical Device,PureLife,Wholesale,9,76.92,GBP,0.1,692.28,623.05
TXN-GB-1-001509,2026-08-25 14:45:54,2026-08-25 14:47:54,GB,Legacy Oracle EBS,E,MED-002,Medora Derm Cream,Prescription,Medora,E-commerce,5,22.22,GBP,0.2,111.1,88.88
TXN-GB-1-001510,2026-08-25 02:02:21,2026-08-25 02:06:21,GB,Legacy Oracle EBS,E,PUR-002,PureLife BP Monitor,Medical Device,PureLife,Pharmacy/B2B,5,76.92,GBP,0.15,384.6,326.91
TXN-GB-1-001511,2026-08-25 10:50:28,2026-08-25 10:55:28,GB,Legacy Oracle EBS,E,MED-002,Medora Derm Cream,Prescription,Medora,E-commerce,9,22.22,GBP,0.15,199.98,169.98
TXN-GB-1-001512,2026-08-25 18:58:36,2026-08-25 18:59:36,GB,Legacy Oracle EBS,E,PUR-002,PureLife BP Monitor,Medical Device,PureLife,Pharmacy/B2B,2,76.92,GBP,0.0,153.84,153.84
TXN-GB-1-001513,2026-08-25 09:59:22,2026-08-25 10:02:22,GB,Legacy Oracle EBS,E,DER-001,Dermacare GlowSerum,Aesthetic,Dermacare,Wholesale,12,27.35,GBP,0.05,328.2,311.79
TXN-GB-1-001514,2026-08-25 16:55:12,2026-08-25 16:59:12,GB,Legacy Oracle EBS,E,DER-001,Dermacare GlowSerum,Aesthetic,Dermacare,Pharmacy/B2B,10,27.35,GBP,0.2,273.5,218.8
TXN-GB-1-001515,2026-08-25 12:19:05,2026-08-25 12:21:05,GB,Legacy Oracle EBS,E,SAN-001,SanaPlus PainRelief,OTC,SanaPlus,Wholesale,12,8.12,GBP,0.0,97.44,97.44
TXN-GB-1-001516,2026-08-25 03:30:39,2026-08-25 03:34:39,GB,Legacy Oracle EBS,E,MED-001,Medora Cardio 10mg,Prescription,Medora,E-commerce,2,36.75,GBP,0.05,73.5,69.83
TXN-GB-1-001517,2026-08-25 15:22:14,2026-08-25 15:25:14,GB,Legacy Oracle EBS,E,SAN-002,SanaPlus ColdFlu,OTC,SanaPlus,Pharmacy/B2B,8,8.97,GBP,0.2,71.76,57.41
TXN-GB-1-001518,2026-08-25 16:59:31,2026-08-25 17:00:31,GB,Legacy Oracle EBS,E,VIT-001,Vitalis C1000,Supplement,Vitalis,E-commerce,11,17.95,GBP,0.0,197.45,197.45
TXN-GB-1-001519,2026-08-25 20:12:40,2026-08-25 20:13:40,GB,Legacy Oracle EBS,E,SAN-001,SanaPlus PainRelief,OTC,SanaPlus,D2C,4,8.12,GBP,0.0,32.48,32.48
TXN-GB-1-001520,2026-08-25 16:27:39,2026-08-25 16:32:39,GB,Legacy Oracle EBS,E,VIT-001,Vitalis C1000,Supplement,Vitalis,Wholesale,8,17.95,GBP,0.15,143.6,122.06
TXN-GB-1-001521,2026-08-25 04:57:03,2026-08-25 05:00:03,GB,Legacy Oracle EBS,E,VIT-002,Vitalis Multivit,Supplement,Vitalis,E-commerce,1,14.53,GBP,0.1,14.53,13.08
TXN-GB-1-001522,2026-08-25 12:51:49,2026-08-25 12:57:49,GB,Legacy Oracle EBS,E,PUR-002,PureLife BP Monitor,Medical Device,PureLife,E-commerce,9,76.92,GBP,0.0,692.28,692.28
TXN-GB-1-001523,2026-08-25 19:04:59,2026-08-25 19:09:59,GB,Legacy Oracle EBS,E,PUR-001,PureLife GlucoMonitor,Medical Device,PureLife,Wholesale,4,72.65,GBP,0.0,290.6,290.6
TXN-GB-1-001524,2026-08-25 18:16:42,2026-08-25 18:20:42,GB,Legacy Oracle EBS,E,VIT-001,Vitalis C1000,Supplement,Vitalis,Wholesale,3,17.95,GBP,0.1,53.85,48.47
TXN-GB-1-001525,2026-08-25 22:07:30,2026-08-25 22:09:30,GB,Legacy Oracle EBS,E,VIT-002,Vitalis Multivit,Supplement,Vitalis,D2C,12,14.53,GBP,0.05,174.36,165.64
TXN-GB-1-001526,2026-08-25 22:49:44,2026-08-25 22:50:44,GB,Legacy Oracle EBS,E,VIT-001,Vitalis C1000,Supplement,Vitalis,D2C,1,17.95,GBP,0.2,17.95,14.36
TXN-GB-1-001527,2026-08-25 22:17:49,2026-08-25 22:19:49,GB,Legacy Oracle EBS,E,PUR-002,PureLife BP Monitor,Medical Device,PureLife,Wholesale,11,76.92,GBP,0.05,846.12,803.81
TXN-GB-1-001528,2026-08-25 07:06:57,2026-08-25 07:12:57,GB,Legacy Oracle EBS,E,PUR-002,PureLife BP Monitor,Medical Device,PureLife,D2C,7,76.92,GBP,0.0,538.44,538.44
TXN-GB-1-001529,2026-08-25 19:25:55,2026-08-25 19:28:55,GB,Legacy Oracle EBS,E,SAN-001,SanaPlus PainRelief,OTC,SanaPlus,E-commerce,11,8.12,GBP,0.05,89.32,84.85
TXN-GB-1-001530,2026-08-25 09:02:46,2026-08-25 09:07:46,GB,Legacy Oracle EBS,E,PUR-001,PureLife GlucoMonitor,Medical Device,PureLife,E-commerce,6,72.65,GBP,0.15,435.9,370.51
TXN-GB-1-001531,2026-08-25 14:18:18,2026-08-25 14:24:18,GB,Legacy Oracle EBS,E,SAN-002,SanaPlus ColdFlu,OTC,SanaPlus,E-commerce,12,8.97,GBP,0.0,107.64,107.64
TXN-GB-1-001532,2026-08-25 21:56:51,2026-08-25 21:57:51,GB,Legacy Oracle EBS,E,PUR-001,PureLife GlucoMonitor,Medical Device,PureLife,Wholesale,11,72.65,GBP,0.05,799.15,759.19
TXN-GB-1-001533,2026-08-25 14:45:18,2026-08-25 14:47:18,GB,Legacy Oracle EBS,E,VIT-001,Vitalis C1000,Supplement,Vitalis,Wholesale,4,17.95,GBP,0.0,71.8,71.8
TXN-GB-1-001534,2026-08-25 08:13:09,2026-08-25 08:15:09,GB,Legacy Oracle EBS,E,SAN-001,SanaPlus PainRelief,OTC,SanaPlus,Pharmacy/B2B,7,8.12,GBP,0.15,56.84,48.31
TXN-GB-1-001535,2026-08-25 05:45:14,2026-08-25 05:46:14,GB,Legacy Oracle EBS,E,MED-002,Medora Derm Cream,Prescription,Medora,Wholesale,7,22.22,GBP,0.0,155.54,155.54
TXN-GB-1-001536,2026-08-25 08:57:03,2026-08-25 09:00:03,GB,Legacy Oracle EBS,E,MED-001,Medora Cardio 10mg,Prescription,Medora,Pharmacy/B2B,5,36.75,GBP,0.15,183.75,156.19
TXN-GB-1-001537,2026-08-25 04:50:57,2026-08-25 04:51:57,GB,Legacy Oracle EBS,E,SAN-002,SanaPlus ColdFlu,OTC,SanaPlus,Wholesale,12,8.97,GBP,0.0,107.64,107.64
TXN-GB-1-001538,2026-08-25 09:17:59,2026-08-25 09:23:59,GB,Legacy Oracle EBS,E,SAN-002,SanaPlus ColdFlu,OTC,SanaPlus,E-commerce,7,8.97,GBP,0.0,62.79,62.79
TXN-GB-1-001539,2026-08-25 14:36:19,2026-08-25 14:38:19,GB,Legacy Oracle EBS,E,PUR-001,PureLife GlucoMonitor,Medical Device,PureLife,Wholesale,3,72.65,GBP,0.0,217.95,217.95
TXN-GB-1-001540,2026-08-25 07:05:53,2026-08-25 07:08:53,GB,Legacy Oracle EBS,E,DER-002,Dermacare LiftCream,Aesthetic,Dermacare,Pharmacy/B2B,5,31.62,GBP,0.0,158.1,158.1
TXN-GB-1-001541,2026-08-25 09:41:50,2026-08-25 09:44:50,GB,Legacy Oracle EBS,E,SAN-002,SanaPlus ColdFlu,OTC,SanaPlus,Pharmacy/B2B,12,8.97,GBP,0.15,107.64,91.49
TXN-GB-1-001542,2026-08-25 11:09:31,2026-08-25 11:11:31,GB,Legacy Oracle EBS,E,SAN-001,SanaPlus PainRelief,OTC,SanaPlus,D2C,3,8.12,GBP,0.0,24.36,24.36
TXN-GB-1-001543,2026-08-25 02:49:17,2026-08-25 02:50:17,GB,Legacy Oracle EBS,E,DER-002,Dermacare LiftCream,Aesthetic,Dermacare,D2C,5,31.62,GBP,0.1,158.1,142.29
TXN-GB-1-001544,2026-08-25 09:38:51,2026-08-25 09:41:51,GB,Legacy Oracle EBS,E,PUR-002,PureLife BP Monitor,Medical Device,PureLife,D2C,8,76.92,GBP,0.15,615.36,523.06
TXN-GB-1-001545,2026-08-25 10:30:56,2026-08-25 10:32:56,GB,Legacy Oracle EBS,E,MED-002,Medora Derm Cream,Prescription,Medora,D2C,3,22.22,GBP,0.2,66.66,53.33
TXN-GB-1-001546,2026-08-25 22:46:20,2026-08-25 22:49:20,GB,Legacy Oracle EBS,E,DER-001,Dermacare GlowSerum,Aesthetic,Dermacare,E-commerce,9,27.35,GBP,0.0,246.15,246.15
TXN-GB-1-001547,2026-08-25 13:21:54,2026-08-25 13:22:54,GB,Legacy Oracle EBS,E,VIT-001,Vitalis C1000,Supplement,Vitalis,Pharmacy/B2B,2,17.95,GBP,0.05,35.9,34.1
TXN-GB-1-001548,2026-08-25 09:56:37,2026-08-25 10:00:37,GB,Legacy Oracle EBS,E,PUR-002,PureLife BP Monitor,Medical Device,PureLife,E-commerce,5,76.92,GBP,0.15,384.6,326.91
TXN-GB-1-001549,2026-08-25 14:06:16,2026-08-25 14:09:16,GB,Legacy Oracle EBS,E,VIT-001,Vitalis C1000,Supplement,Vitalis,Wholesale,3,17.95,GBP,0.0,53.85,53.85
TXN-GB-1-001550,2026-08-25 16:03:13,2026-08-25 16:09:13,GB,Legacy Oracle EBS,E,VIT-002,Vitalis Multivit,Supplement,Vitalis,D2C,4,14.53,GBP,0.15,58.12,49.4
TXN-GB-1-001551,2026-08-25 22:38:16,2026-08-25 22:43:16,GB,Legacy Oracle EBS,E,PUR-001,PureLife GlucoMonitor,Medical Device,PureLife,Wholesale,6,72.65,GBP,0.2,435.9,348.72
TXN-GB-1-001552,2026-08-25 23:29:20,2026-08-25 23:34:20,GB,Legacy Oracle EBS,E,MED-002,Medora Derm Cream,Prescription,Medora,D2C,4,22.22,GBP,0.2,88.88,71.1
TXN-GB-1-001553,2026-08-25 00:04:35,2026-08-25 00:05:35,GB,Legacy Oracle EBS,E,DER-002,Dermacare LiftCream,Aesthetic,Dermacare,D2C,2,31.62,GBP,0.0,63.24,63.24
TXN-GB-1-001554,2026-08-25 13:25:11,2026-08-25 13:31:11,GB,Legacy Oracle EBS,E,MED-002,Medora Derm Cream,Prescription,Medora,E-commerce,5,22.22,GBP,0.05,111.1,105.54
TXN-GB-1-001555,2026-08-25 20:42:38,2026-08-25 20:44:38,GB,Legacy Oracle EBS,E,VIT-002,Vitalis Multivit,Supplement,Vitalis,Pharmacy/B2B,6,14.53,GBP,0.05,87.18,82.82
TXN-GB-1-001556,2026-08-25 20:18:19,2026-08-25 20:20:19,GB,Legacy Oracle EBS,E,SAN-001,SanaPlus PainRelief,OTC,SanaPlus,D2C,12,8.12,GBP,0.0,97.44,97.44
TXN-GB-1-001557,2026-08-25 02:46:30,2026-08-25 02:47:30,GB,Legacy Oracle EBS,E,PUR-001,PureLife GlucoMonitor,Medical Device,PureLife,Pharmacy/B2B,3,72.65,GBP,0.0,217.95,217.95
TXN-GB-1-001558,2026-08-25 14:43:38,2026-08-25 14:46:38,GB,Legacy Oracle EBS,E,VIT-002,Vitalis Multivit,Supplement,Vitalis,Wholesale,9,14.53,GBP,0.15,130.77,111.15
TXN-GB-1-001559,2026-08-25 13:58:42,2026-08-25 14:00:42,GB,Legacy Oracle EBS,E,SAN-001,SanaPlus PainRelief,OTC,SanaPlus,E-commerce,12,8.12,GBP,0.0,97.44,97.44
TXN-GB-1-001560,2026-08-25 23:08:41,2026-08-25 23:09:41,GB,Legacy Oracle EBS,E,SAN-001,SanaPlus PainRelief,OTC,SanaPlus,Wholesale,1,8.12,GBP,0.05,8.12,7.71
TXN-GB-1-001561,2026-08-25 15:19:04,2026-08-25 15:25:04,GB,Legacy Oracle EBS,E,PUR-002,PureLife BP Monitor,Medical Device,PureLife,Wholesale,2,76.92,GBP,0.15,153.84,130.76
TXN-GB-1-001562,2026-08-25 00:57:51,2026-08-25 01:01:51,GB,Legacy Oracle EBS,E,PUR-002,PureLife BP Monitor,Medical Device,PureLife,Wholesale,4,76.92,GBP,0.15,307.68,261.53
TXN-GB-1-001563,2026-08-25 16:14:01,2026-08-25 16:17:01,GB,Legacy Oracle EBS,E,PUR-002,PureLife BP Monitor,Medical Device,PureLife,Pharmacy/B2B,3,76.92,GBP,0.2,230.76,184.61
TXN-GB-1-001564,2026-08-25 02:19:30,2026-08-25 02:24:30,GB,Legacy Oracle EBS,E,DER-002,Dermacare LiftCream,Aesthetic,Dermacare,Pharmacy/B2B,7,31.62,GBP,0.0,221.34,221.34
TXN-GB-1-001565,2026-08-25 00:19:33,2026-08-25 00:23:33,GB,Legacy Oracle EBS,E,MED-002,Medora Derm Cream,Prescription,Medora,D2C,8,22.22,GBP,0.0,177.76,177.76
TXN-GB-1-001566,2026-08-25 12:44:34,2026-08-25 12:49:34,GB,Legacy Oracle EBS,E,MED-001,Medora Cardio 10mg,Prescription,Medora,Pharmacy/B2B,2,36.75,GBP,0.0,73.5,73.5
TXN-GB-1-001567,2026-08-25 11:35:36,2026-08-25 11:36:36,GB,Legacy Oracle EBS,E,VIT-001,Vitalis C1000,Supplement,Vitalis,E-commerce,2,17.95,GBP,0.05,35.9,34.1
TXN-GB-1-001568,2026-08-25 01:36:20,2026-08-25 01:37:20,GB,Legacy Oracle EBS,E,SAN-001,SanaPlus PainRelief,OTC,SanaPlus,Pharmacy/B2B,3,8.12,GBP,0.05,24.36,23.14
TXN-GB-1-001569,2026-08-25 06:00:34,2026-08-25 06:05:34,GB,Legacy Oracle EBS,E,PUR-002,PureLife BP Monitor,Medical Device,PureLife,Wholesale,9,76.92,GBP,0.0,692.28,692.28
