transaction_id,order_datetime_utc,ingested_at_utc,country,source_system,source_scenario,product_code,product_name,product_category,brand,sales_channel,quantity,unit_price,currency,discount_pct,gross_amount,net_amount
TXN-IT-1-000001,2026-08-25 04:03:12,2026-08-25 04:04:12,IT,Proprietary ERP,B,SAN-001,SanaPlus PainRelief,OTC,SanaPlus,E-commerce,4,9.5,EUR,0.0,38.0,38.0
TXN-IT-1-000002,2026-08-25 03:43:54,2026-08-25 03:49:54,IT,Proprietary ERP,B,PUR-001,PureLife GlucoMonitor,Medical Device,PureLife,Pharmacy/B2B,10,85.0,EUR,0.05,850.0,807.5
TXN-IT-1-000003,2026-08-25 01:09:25,2026-08-25 01:10:25,IT,Proprietary ERP,B,MED-002,Medora Derm Cream,Prescription,Medora,E-commerce,4,26.0,EUR,0.1,104.0,93.6
TXN-IT-1-000004,2026-08-25 21:55:07,2026-08-25 21:56:07,IT,Proprietary ERP,B,PUR-001,PureLife GlucoMonitor,Medical Device,PureLife,E-commerce,12,85.0,EUR,0.15,1020.0,867.0
TXN-IT-1-000005,2026-08-25 19:50:26,2026-08-25 19:54:26,IT,Proprietary ERP,B,VIT-002,Vitalis Multivit,Supplement,Vitalis,Wholesale,10,17.0,EUR,0.0,170.0,170.0
TXN-IT-1-000006,2026-08-25 00:14:11,2026-08-25 00:16:11,IT,Proprietary ERP,B,DER-001,Dermacare GlowSerum,Aesthetic,Dermacare,D2C,5,32.0,EUR,0.0,160.0,160.0
TXN-IT-1-000007,2026-08-25 07:50:21,2026-08-25 07:53:21,IT,Proprietary ERP,B,MED-002,Medora Derm Cream,Prescription,Medora,Pharmacy/B2B,7,26.0,EUR,0.0,182.0,182.0
TXN-IT-1-000008,2026-08-25 13:04:12,2026-08-25 13:07:12,IT,Proprietary ERP,B,PUR-002,PureLife BP Monitor,Medical Device,PureLife,D2C,1,90.0,EUR,0.15,90.0,76.5
TXN-IT-1-000009,2026-08-25 16:43:37,2026-08-25 16:48:37,IT,Proprietary ERP,B,MED-002,Medora Derm Cream,Prescription,Medora,Wholesale,2,26.0,EUR,0.1,52.0,46.8
TXN-IT-1-000010,2026-08-25 10:40:27,2026-08-25 10:46:27,IT,Proprietary ERP,B,PUR-002,PureLife BP Monitor,Medical Device,PureLife,D2C,10,90.0,EUR,0.0,900.0,900.0
TXN-IT-1-000011,2026-08-25 02:31:56,2026-08-25 02:32:56,IT,Proprietary ERP,B,VIT-002,Vitalis Multivit,Supplement,Vitalis,D2C,2,17.0,EUR,0.2,34.0,27.2
TXN-IT-1-000012,2026-08-25 08:28:32,2026-08-25 08:29:32,IT,Proprietary ERP,B,DER-001,Dermacare GlowSerum,Aesthetic,Dermacare,D2C,8,32.0,EUR,0.15,256.0,217.6
TXN-IT-1-000013,2026-08-25 13:16:59,2026-08-25 13:18:59,IT,Proprietary ERP,B,SAN-002,SanaPlus ColdFlu,OTC,SanaPlus,D2C,4,10.5,EUR,0.15,42.0,35.7
TXN-IT-1-000014,2026-08-25 09:43:13,2026-08-25 09:49:13,IT,Proprietary ERP,B,MED-002,Medora Derm Cream,Prescription,Medora,E-commerce,9,26.0,EUR,0.15,234.0,198.9
TXN-IT-1-000015,2026-08-25 08:54:47,2026-08-25 08:56:47,IT,Proprietary ERP,B,DER-002,Dermacare LiftCream,Aesthetic,Dermacare,Wholesale,5,37.0,EUR,0.15,185.0,157.25
TXN-IT-1-000016,2026-08-25 20:16:40,2026-08-25 20:18:40,IT,Proprietary ERP,B,SAN-002,SanaPlus ColdFlu,OTC,SanaPlus,Pharmacy/B2B,4,10.5,EUR,0.2,42.0,33.6
TXN-IT-1-000017,2026-08-25 01:10:07,2026-08-25 01:13:07,IT,Proprietary ERP,B,DER-001,Dermacare GlowSerum,Aesthetic,Dermacare,D2C,2,32.0,EUR,0.0,64.0,64.0
TXN-IT-1-000018,2026-08-25 20:39:01,2026-08-25 20:45:01,IT,Proprietary ERP,B,SAN-002,SanaPlus ColdFlu,OTC,SanaPlus,E-commerce,11,10.5,EUR,0.05,115.5,109.72
TXN-IT-1-000019,2026-08-25 14:24:16,2026-08-25 14:30:16,IT,Proprietary ERP,B,DER-002,Dermacare LiftCream,Aesthetic,Dermacare,E-commerce,5,37.0,EUR,0.0,185.0,185.0
TXN-IT-1-000020,2026-08-25 08:58:45,2026-08-25 09:04:45,IT,Proprietary ERP,B,PUR-001,PureLife GlucoMonitor,Medical Device,PureLife,D2C,12,85.0,EUR,0.1,1020.0,918.0
TXN-IT-1-000021,2026-08-25 15:35:55,2026-08-25 15:40:55,IT,Proprietary ERP,B,DER-001,Dermacare GlowSerum,Aesthetic,Dermacare,D2C,4,32.0,EUR,0.0,128.0,128.0
TXN-IT-1-000022,2026-08-25 18:33:04,2026-08-25 18:37:04,IT,Proprietary ERP,B,MED-002,Medora Derm Cream,Prescription,Medora,Pharmacy/B2B,2,26.0,EUR,0.0,52.0,52.0
TXN-IT-1-000023,2026-08-25 22:50:40,2026-08-25 22:52:40,IT,Proprietary ERP,B,DER-001,Dermacare GlowSerum,Aesthetic,Dermacare,Pharmacy/B2B,7,32.0,EUR,0.05,224.0,212.8
TXN-IT-1-000024,2026-08-25 21:41:44,2026-08-25 21:45:44,IT,Proprietary ERP,B,PUR-001,PureLife GlucoMonitor,Medical Device,PureLife,D2C,9,85.0,EUR,0.2,765.0,612.0
TXN-IT-1-000025,2026-08-25 00:25:04,2026-08-25 00:31:04,IT,Proprietary ERP,B,MED-002,Medora Derm Cream,Prescription,Medora,D2C,11,26.0,EUR,0.0,286.0,286.0
TXN-IT-1-000026,2026-08-25 04:03:41,2026-08-25 04:06:41,IT,Proprietary ERP,B,DER-001,Dermacare GlowSerum,Aesthetic,Dermacare,E-commerce,8,32.0,EUR,0.0,256.0,256.0
TXN-IT-1-000027,2026-08-25 09:35:22,2026-08-25 09:40:22,IT,Proprietary ERP,B,VIT-001,Vitalis C1000,Supplement,Vitalis,Pharmacy/B2B,11,21.0,EUR,0.0,231.0,231.0
TXN-IT-1-000028,2026-08-25 23:15:48,2026-08-25 23:20:48,IT,Proprietary ERP,B,PUR-002,PureLife BP Monitor,Medical Device,PureLife,E-commerce,3,90.0,EUR,0.0,270.0,270.0
TXN-IT-1-000029,2026-08-25 05:52:54,2026-08-25 05:57:54,IT,Proprietary ERP,B,PUR-001,PureLife GlucoMonitor,Medical Device,PureLife,Pharmacy/B2B,10,85.0,EUR,0.0,850.0,850.0
TXN-IT-1-000030,2026-08-25 17:47:22,2026-08-25 17:48:22,IT,Proprietary ERP,B,MED-002,Medora Derm Cream,Prescription,Medora,D2C,5,26.0,EUR,0.0,130.0,130.0
TXN-IT-1-000031,2026-08-25 02:06:32,2026-08-25 02:08:32,IT,Proprietary ERP,B,PUR-002,PureLife BP Monitor,Medical Device,PureLife,Pharmacy/B2B,2,90.0,EUR,0.15,180.0,153.0
TXN-IT-1-000032,2026-08-25 17:41:39,2026-08-25 17:42:39,IT,Proprietary ERP,B,PUR-001,PureLife GlucoMonitor,Medical Device,PureLife,E-commerce,3,85.0,EUR,0.15,255.0,216.75
TXN-IT-1-000033,2026-08-25 17:18:16,2026-08-25 17:23:16,IT,Proprietary ERP,B,VIT-001,Vitalis C1000,Supplement,Vitalis,D2C,9,21.0,EUR,0.2,189.0,151.2
TXN-IT-1-000034,2026-08-25 22:05:07,2026-08-25 22:09:07,IT,Proprietary ERP,B,VIT-002,Vitalis Multivit,Supplement,Vitalis,E-commerce,12,17.0,EUR,0.0,204.0,204.0
TXN-IT-1-000035,2026-08-25 14:31:36,2026-08-25 14:37:36,IT,Proprietary ERP,B,SAN-002,SanaPlus ColdFlu,OTC,SanaPlus,Wholesale,9,10.5,EUR,0.05,94.5,89.77
TXN-IT-1-000036,2026-08-25 04:24:20,2026-08-25 04:26:20,IT,Proprietary ERP,B,VIT-002,Vitalis Multivit,Supplement,Vitalis,Pharmacy/B2B,6,17.0,EUR,0.0,102.0,102.0
TXN-IT-1-000037,2026-08-25 21:25:10,2026-08-25 21:30:10,IT,Proprietary ERP,B,VIT-002,Vitalis Multivit,Supplement,Vitalis,E-commerce,1,17.0,EUR,0.0,17.0,17.0
TXN-IT-1-000038,2026-08-25 22:58:39,2026-08-25 22:59:39,IT,Proprietary ERP,B,VIT-002,Vitalis Multivit,Supplement,Vitalis,Pharmacy/B2B,1,17.0,EUR,0.2,17.0,13.6
TXN-IT-1-000039,2026-08-25 12:01:49,2026-08-25 12:02:49,IT,Proprietary ERP,B,PUR-001,PureLife GlucoMonitor,Medical Device,PureLife,E-commerce,5,85.0,EUR,0.15,425.0,361.25
TXN-IT-1-000040,2026-08-25 17:40:24,2026-08-25 17:42:24,IT,Proprietary ERP,B,PUR-001,PureLife GlucoMonitor,Medical Device,PureLife,E-commerce,12,85.0,EUR,0.1,1020.0,918.0
TXN-IT-1-000041,2026-08-25 20:58:45,2026-08-25 21:02:45,IT,Proprietary ERP,B,VIT-002,Vitalis Multivit,Supplement,Vitalis,Wholesale,7,17.0,EUR,0.0,119.0,119.0
TXN-IT-1-000042,2026-08-25 03:26:03,2026-08-25 03:27:03,IT,Proprietary ERP,B,DER-001,Dermacare GlowSerum,Aesthetic,Dermacare,D2C,7,32.0,EUR,0.05,224.0,212.8
TXN-IT-1-000043,2026-08-25 17:00:13,2026-08-25 17:06:13,IT,Proprietary ERP,B,MED-001,Medora Cardio 10mg,Prescription,Medora,Pharmacy/B2B,1,43.0,EUR,0.05,43.0,40.85
TXN-IT-1-000044,2026-08-25 12:21:13,2026-08-25 12:22:13,IT,Proprietary ERP,B,VIT-002,Vitalis Multivit,Supplement,Vitalis,E-commerce,4,17.0,EUR,0.1,68.0,61.2
TXN-IT-1-000045,2026-08-25 16:20:00,2026-08-25 16:22:00,IT,Proprietary ERP,B,DER-001,Dermacare GlowSerum,Aesthetic,Dermacare,E-commerce,5,32.0,EUR,0.05,160.0,152.0
TXN-IT-1-000046,2026-08-25 09:05:42,2026-08-25 09:06:42,IT,Proprietary ERP,B,DER-002,Dermacare LiftCream,Aesthetic,Dermacare,Pharmacy/B2B,1,37.0,EUR,0.15,37.0,31.45
TXN-IT-1-000047,2026-08-25 19:40:55,2026-08-25 19:41:55,IT,Proprietary ERP,B,MED-002,Medora Derm Cream,Prescription,Medora,E-commerce,3,26.0,EUR,0.05,78.0,74.1
TXN-IT-1-000048,2026-08-25 17:40:53,2026-08-25 17:44:53,IT,Proprietary ERP,B,VIT-002,Vitalis Multivit,Supplement,Vitalis,Wholesale,1,17.0,EUR,0.0,17.0,17.0
TXN-IT-1-000049,2026-08-25 13:47:52,2026-08-25 13:48:52,IT,Proprietary ERP,B,DER-001,Dermacare GlowSerum,Aesthetic,Dermacare,D2C,8,32.0,EUR,0.0,256.0,256.0
TXN-IT-1-000050,2026-08-25 15:24:04,2026-08-25 15:30:04,IT,Proprietary ERP,B,PUR-001,PureLife GlucoMonitor,Medical Device,PureLife,Wholesale,3,85.0,EUR,0.0,255.0,255.0
TXN-IT-1-000051,2026-08-25 10:48:10,2026-08-25 10:50:10,IT,Proprietary ERP,B,MED-001,Medora Cardio 10mg,Prescription,Medora,Pharmacy/B2B,12,43.0,EUR,0.0,516.0,516.0
TXN-IT-1-000052,2026-08-25 02:04:52,2026-08-25 02:05:52,IT,Proprietary ERP,B,PUR-002,PureLife BP Monitor,Medical Device,PureLife,Wholesale,9,90.0,EUR,0.2,810.0,648.0
TXN-IT-1-000053,2026-08-25 19:20:15,2026-08-25 19:22:15,IT,Proprietary ERP,B,MED-001,Medora Cardio 10mg,Prescription,Medora,Pharmacy/B2B,3,43.0,EUR,0.0,129.0,129.0
TXN-IT-1-000054,2026-08-25 21:39:52,2026-08-25 21:40:52,IT,Proprietary ERP,B,VIT-002,Vitalis Multivit,Supplement,Vitalis,Wholesale,2,17.0,EUR,0.1,34.0,30.6
TXN-IT-1-000055,2026-08-25 08:57:51,2026-08-25 09:02:51,IT,Proprietary ERP,B,PUR-002,PureLife BP Monitor,Medical Device,PureLife,Pharmacy/B2B,10,90.0,EUR,0.0,900.0,900.0
TXN-IT-1-000056,2026-08-25 15:15:48,2026-08-25 15:21:48,IT,Proprietary ERP,B,PUR-002,PureLife BP Monitor,Medical Device,PureLife,D2C,5,90.0,EUR,0.0,450.0,450.0
TXN-IT-1-000057,2026-08-25 11:26:20,2026-08-25 11:28:20,IT,Proprietary ERP,B,SAN-001,SanaPlus PainRelief,OTC,SanaPlus,Wholesale,3,9.5,EUR,0.15,28.5,24.22
TXN-IT-1-000058,2026-08-25 23:30:07,2026-08-25 23:33:07,IT,Proprietary ERP,B,DER-002,Dermacare LiftCream,Aesthetic,Dermacare,D2C,2,37.0,EUR,0.0,74.0,74.0
TXN-IT-1-000059,2026-08-25 16:41:08,2026-08-25 16:46:08,IT,Proprietary ERP,B,PUR-002,PureLife BP Monitor,Medical Device,PureLife,Pharmacy/B2B,2,90.0,EUR,0.1,180.0,162.0
TXN-IT-1-000060,2026-08-25 07:45:38,2026-08-25 07:50:38,IT,Proprietary ERP,B,SAN-001,SanaPlus PainRelief,OTC,SanaPlus,E-commerce,6,9.5,EUR,0.0,57.0,57.0
TXN-IT-1-000061,2026-08-25 08:53:38,2026-08-25 08:56:38,IT,Proprietary ERP,B,SAN-001,SanaPlus PainRelief,OTC,SanaPlus,E-commerce,8,9.5,EUR,0.2,76.0,60.8
TXN-IT-1-000062,2026-08-25 19:46:40,2026-08-25 19:52:40,IT,Proprietary ERP,B,SAN-001,SanaPlus PainRelief,OTC,SanaPlus,Pharmacy/B2B,11,9.5,EUR,0.2,104.5,83.6
TXN-IT-1-000063,2026-08-25 20:11:32,2026-08-25 20:14:32,IT,Proprietary ERP,B,MED-002,Medora Derm Cream,Prescription,Medora,E-commerce,5,26.0,EUR,0.0,130.0,130.0
TXN-IT-1-000064,2026-08-25 03:53:49,2026-08-25 03:59:49,IT,Proprietary ERP,B,PUR-001,PureLife GlucoMonitor,Medical Device,PureLife,E-commerce,5,85.0,EUR,0.0,425.0,425.0
TXN-IT-1-000065,2026-08-25 22:01:16,2026-08-25 22:03:16,IT,Proprietary ERP,B,SAN-002,SanaPlus ColdFlu,OTC,SanaPlus,E-commerce,11,10.5,EUR,0.15,115.5,98.17
TXN-IT-1-000066,2026-08-25 09:36:40,2026-08-25 09:41:40,IT,Proprietary ERP,B,DER-002,Dermacare LiftCream,Aesthetic,Dermacare,D2C,1,37.0,EUR,0.0,37.0,37.0
TXN-IT-1-000067,2026-08-25 23:05:36,2026-08-25 23:09:36,IT,Proprietary ERP,B,SAN-001,SanaPlus PainRelief,OTC,SanaPlus,Pharmacy/B2B,1,9.5,EUR,0.0,9.5,9.5
TXN-IT-1-000068,2026-08-25 04:45:46,2026-08-25 04:51:46,IT,Proprietary ERP,B,SAN-001,SanaPlus PainRelief,OTC,SanaPlus,E-commerce,12,9.5,EUR,0.05,114.0,108.3
TXN-IT-1-000069,2026-08-25 20:05:09,2026-08-25 20:11:09,IT,Proprietary ERP,B,DER-001,Dermacare GlowSerum,Aesthetic,Dermacare,Pharmacy/B2B,2,32.0,EUR,0.0,64.0,64.0
TXN-IT-1-000070,2026-08-25 05:25:36,2026-08-25 05:30:36,IT,Proprietary ERP,B,MED-001,Medora Cardio 10mg,Prescription,Medora,D2C,10,43.0,EUR,0.1,430.0,387.0
TXN-IT-1-000071,2026-08-25 05:23:30,2026-08-25 05:27:30,IT,Proprietary ERP,B,VIT-001,Vitalis C1000,Supplement,Vitalis,Pharmacy/B2B,5,21.0,EUR,0.0,105.0,105.0
TXN-IT-1-000072,2026-08-25 01:27:09,2026-08-25 01:30:09,IT,Proprietary ERP,B,VIT-002,Vitalis Multivit,Supplement,Vitalis,E-commerce,11,17.0,EUR,0.0,187.0,187.0
TXN-IT-1-000073,2026-08-25 12:52:37,2026-08-25 12:57:37,IT,Proprietary ERP,B,DER-001,Dermacare GlowSerum,Aesthetic,Dermacare,E-commerce,4,32.0,EUR,0.2,128.0,102.4
TXN-IT-1-000074,2026-08-25 05:54:59,2026-08-25 05:56:59,IT,Proprietary ERP,B,DER-001,Dermacare GlowSerum,Aesthetic,Dermacare,Pharmacy/B2B,3,32.0,EUR,0.15,96.0,81.6
TXN-IT-1-000075,2026-08-25 12:05:40,2026-08-25 12:09:40,IT,Proprietary ERP,B,VIT-002,Vitalis Multivit,Supplement,Vitalis,D2C,3,17.0,EUR,0.2,51.0,40.8
TXN-IT-1-000076,2026-08-25 03:56:08,2026-08-25 04:00:08,IT,Proprietary ERP,B,MED-001,Medora Cardio 10mg,Prescription,Medora,Wholesale,4,43.0,EUR,0.0,172.0,172.0
TXN-IT-1-000077,2026-08-25 16:45:32,2026-08-25 16:48:32,IT,Proprietary ERP,B,SAN-001,SanaPlus PainRelief,OTC,SanaPlus,E-commerce,4,9.5,EUR,0.0,38.0,38.0
TXN-IT-1-000078,2026-08-25 07:01:53,2026-08-25 07:05:53,IT,Proprietary ERP,B,SAN-002,SanaPlus ColdFlu,OTC,SanaPlus,D2C,2,10.5,EUR,0.2,21.0,16.8
TXN-IT-1-000079,2026-08-25 10:09:45,2026-08-25 10:12:45,IT,Proprietary ERP,B,PUR-001,PureLife GlucoMonitor,Medical Device,PureLife,Wholesale,11,85.0,EUR,0.2,935.0,748.0
TXN-IT-1-000080,2026-08-25 19:31:22,2026-08-25 19:34:22,IT,Proprietary ERP,B,MED-001,Medora Cardio 10mg,Prescription,Medora,Pharmacy/B2B,5,43.0,EUR,0.0,215.0,215.0
TXN-IT-1-000081,2026-08-25 21:08:19,2026-08-25 21:11:19,IT,Proprietary ERP,B,MED-001,Medora Cardio 10mg,Prescription,Medora,Pharmacy/B2B,10,43.0,EUR,0.05,430.0,408.5
TXN-IT-1-000082,2026-08-25 12:35:09,2026-08-25 12:41:09,IT,Proprietary ERP,B,SAN-002,SanaPlus ColdFlu,OTC,SanaPlus,Wholesale,10,10.5,EUR,0.1,105.0,94.5
TXN-IT-1-000083,2026-08-25 04:12:37,2026-08-25 04:16:37,IT,Proprietary ERP,B,PUR-002,PureLife BP Monitor,Medical Device,PureLife,E-commerce,5,90.0,EUR,0.0,450.0,450.0
TXN-IT-1-000084,2026-08-25 15:52:34,2026-08-25 15:53:34,IT,Proprietary ERP,B,PUR-001,PureLife GlucoMonitor,Medical Device,PureLife,E-commerce,6,85.0,EUR,0.05,510.0,484.5
TXN-IT-1-000085,2026-08-25 02:32:51,2026-08-25 02:38:51,IT,Proprietary ERP,B,SAN-002,SanaPlus ColdFlu,OTC,SanaPlus,D2C,11,10.5,EUR,0.2,115.5,92.4
TXN-IT-1-000086,2026-08-25 04:32:14,2026-08-25 04:38:14,IT,Proprietary ERP,B,SAN-001,SanaPlus PainRelief,OTC,SanaPlus,D2C,11,9.5,EUR,0.05,104.5,99.27
TXN-IT-1-000087,2026-08-25 11:52:33,2026-08-25 11:56:33,IT,Proprietary ERP,B,SAN-001,SanaPlus PainRelief,OTC,SanaPlus,E-commerce,4,9.5,EUR,0.05,38.0,36.1
TXN-IT-1-000088,2026-08-25 13:48:15,2026-08-25 13:54:15,IT,Proprietary ERP,B,VIT-001,Vitalis C1000,Supplement,Vitalis,D2C,7,21.0,EUR,0.1,147.0,132.3
TXN-IT-1-000089,2026-08-25 00:00:53,2026-08-25 00:03:53,IT,Proprietary ERP,B,SAN-001,SanaPlus PainRelief,OTC,SanaPlus,E-commerce,7,9.5,EUR,0.2,66.5,53.2
TXN-IT-1-000090,2026-08-25 21:06:59,2026-08-25 21:11:59,IT,Proprietary ERP,B,SAN-002,SanaPlus ColdFlu,OTC,SanaPlus,Wholesale,8,10.5,EUR,0.05,84.0,79.8
TXN-IT-1-000091,2026-08-25 07:46:50,2026-08-25 07:51:50,IT,Proprietary ERP,B,DER-002,Dermacare LiftCream,Aesthetic,Dermacare,E-commerce,11,37.0,EUR,0.0,407.0,407.0
TXN-IT-1-000092,2026-08-25 10:19:56,2026-08-25 10:24:56,IT,Proprietary ERP,B,PUR-002,PureLife BP Monitor,Medical Device,PureLife,D2C,2,90.0,EUR,0.2,180.0,144.0
TXN-IT-1-000093,2026-08-25 08:33:04,2026-08-25 08:39:04,IT,Proprietary ERP,B,SAN-001,SanaPlus PainRelief,OTC,SanaPlus,E-commerce,4,9.5,EUR,0.0,38.0,38.0
TXN-IT-1-000094,2026-08-25 00:53:21,2026-08-25 00:54:21,IT,Proprietary ERP,B,VIT-002,Vitalis Multivit,Supplement,Vitalis,Wholesale,10,17.0,EUR,0.2,170.0,136.0
TXN-IT-1-000095,2026-08-25 02:39:05,2026-08-25 02:43:05,IT,Proprietary ERP,B,DER-001,Dermacare GlowSerum,Aesthetic,Dermacare,E-commerce,12,32.0,EUR,0.15,384.0,326.4
TXN-IT-1-000096,2026-08-25 13:58:48,2026-08-25 14:02:48,IT,Proprietary ERP,B,DER-001,Dermacare GlowSerum,Aesthetic,Dermacare,E-commerce,3,32.0,EUR,0.15,96.0,81.6
TXN-IT-1-000097,2026-08-25 00:12:06,2026-08-25 00:13:06,IT,Proprietary ERP,B,DER-001,Dermacare GlowSerum,Aesthetic,Dermacare,E-commerce,3,32.0,EUR,0.2,96.0,76.8
TXN-IT-1-000098,2026-08-25 18:51:29,2026-08-25 18:55:29,IT,Proprietary ERP,B,MED-001,Medora Cardio 10mg,Prescription,Medora,E-commerce,2,43.0,EUR,0.05,86.0,81.7
TXN-IT-1-000099,2026-08-25 04:51:17,2026-08-25 04:55:17,IT,Proprietary ERP,B,PUR-001,PureLife GlucoMonitor,Medical Device,PureLife,D2C,8,85.0,EUR,0.1,680.0,612.0
TXN-IT-1-000100,2026-08-25 18:22:42,2026-08-25 18:26:42,IT,Proprietary ERP,B,PUR-001,PureLife GlucoMonitor,Medical Device,PureLife,Wholesale,3,85.0,EUR,0.15,255.0,216.75
TXN-IT-1-000101,2026-08-25 17:16:56,2026-08-25 17:20:56,IT,Proprietary ERP,B,SAN-001,SanaPlus PainRelief,OTC,SanaPlus,E-commerce,11,9.5,EUR,0.0,104.5,104.5
TXN-IT-1-000102,2026-08-25 18:58:47,2026-08-25 19:02:47,IT,Proprietary ERP,B,VIT-002,Vitalis Multivit,Supplement,Vitalis,D2C,8,17.0,EUR,0.0,136.0,136.0
TXN-IT-1-000103,2026-08-25 10:24:10,2026-08-25 10:26:10,IT,Proprietary ERP,B,SAN-001,SanaPlus PainRelief,OTC,SanaPlus,D2C,6,9.5,EUR,0.1,57.0,51.3
TXN-IT-1-000104,2026-08-25 02:56:01,2026-08-25 02:58:01,IT,Proprietary ERP,B,VIT-001,Vitalis C1000,Supplement,Vitalis,E-commerce,7,21.0,EUR,0.15,147.0,124.95
TXN-IT-1-000105,2026-08-25 05:33:48,2026-08-25 05:39:48,IT,Proprietary ERP,B,VIT-002,Vitalis Multivit,Supplement,Vitalis,Pharmacy/B2B,7,17.0,EUR,0.05,119.0,113.05
TXN-IT-1-000106,2026-08-25 12:02:49,2026-08-25 12:07:49,IT,Proprietary ERP,B,DER-002,Dermacare LiftCream,Aesthetic,Dermacare,Wholesale,1,37.0,EUR,0.0,37.0,37.0
TXN-IT-1-000107,2026-08-25 15:17:49,2026-08-25 15:21:49,IT,Proprietary ERP,B,PUR-002,PureLife BP Monitor,Medical Device,PureLife,Pharmacy/B2B,10,90.0,EUR,0.05,900.0,855.0
TXN-IT-1-000108,2026-08-25 17:21:58,2026-08-25 17:22:58,IT,Proprietary ERP,B,SAN-002,SanaPlus ColdFlu,OTC,SanaPlus,D2C,7,10.5,EUR,0.2,73.5,58.8
TXN-IT-1-000109,2026-08-25 15:15:21,2026-08-25 15:20:21,IT,Proprietary ERP,B,PUR-001,PureLife GlucoMonitor,Medical Device,PureLife,E-commerce,8,85.0,EUR,0.0,680.0,680.0
TXN-IT-1-000110,2026-08-25 09:56:14,2026-08-25 10:00:14,IT,Proprietary ERP,B,DER-002,Dermacare LiftCream,Aesthetic,Dermacare,Pharmacy/B2B,7,37.0,EUR,0.0,259.0,259.0
TXN-IT-1-000111,2026-08-25 14:43:14,2026-08-25 14:49:14,IT,Proprietary ERP,B,VIT-001,Vitalis C1000,Supplement,Vitalis,Wholesale,3,21.0,EUR,0.1,63.0,56.7
TXN-IT-1-000112,2026-08-25 19:26:48,2026-08-25 19:27:48,IT,Proprietary ERP,B,DER-001,Dermacare GlowSerum,Aesthetic,Dermacare,Pharmacy/B2B,2,32.0,EUR,0.15,64.0,54.4
TXN-IT-1-000113,2026-08-25 15:36:19,2026-08-25 15:38:19,IT,Proprietary ERP,B,DER-002,Dermacare LiftCream,Aesthetic,Dermacare,E-commerce,1,37.0,EUR,0.0,37.0,37.0
TXN-IT-1-000114,2026-08-25 13:48:09,2026-08-25 13:51:09,IT,Proprietary ERP,B,VIT-002,Vitalis Multivit,Supplement,Vitalis,Wholesale,6,17.0,EUR,0.0,102.0,102.0
TXN-IT-1-000115,2026-08-25 13:48:12,2026-08-25 13:51:12,IT,Proprietary ERP,B,DER-001,Dermacare GlowSerum,Aesthetic,Dermacare,D2C,2,32.0,EUR,0.05,64.0,60.8
TXN-IT-1-000116,2026-08-25 00:42:20,2026-08-25 00:48:20,IT,Proprietary ERP,B,PUR-001,PureLife GlucoMonitor,Medical Device,PureLife,Pharmacy/B2B,6,85.0,EUR,0.0,510.0,510.0
TXN-IT-1-000117,2026-08-25 23:40:15,2026-08-25 23:41:15,IT,Proprietary ERP,B,MED-001,Medora Cardio 10mg,Prescription,Medora,Pharmacy/B2B,4,43.0,EUR,0.0,172.0,172.0
TXN-IT-1-000118,2026-08-25 00:44:31,2026-08-25 00:49:31,IT,Proprietary ERP,B,VIT-001,Vitalis C1000,Supplement,Vitalis,E-commerce,3,21.0,EUR,0.05,63.0,59.85
TXN-IT-1-000119,2026-08-25 04:09:53,2026-08-25 04:14:53,IT,Proprietary ERP,B,VIT-002,Vitalis Multivit,Supplement,Vitalis,Wholesale,12,17.0,EUR,0.0,204.0,204.0
TXN-IT-1-000120,2026-08-25 13:25:51,2026-08-25 13:27:51,IT,Proprietary ERP,B,PUR-002,PureLife BP Monitor,Medical Device,PureLife,Pharmacy/B2B,3,90.0,EUR,0.0,270.0,270.0
TXN-IT-1-000121,2026-08-25 03:56:08,2026-08-25 04:01:08,IT,Proprietary ERP,B,MED-001,Medora Cardio 10mg,Prescription,Medora,D2C,10,43.0,EUR,0.15,430.0,365.5
TXN-IT-1-000122,2026-08-25 13:39:52,2026-08-25 13:43:52,IT,Proprietary ERP,B,VIT-002,Vitalis Multivit,Supplement,Vitalis,Pharmacy/B2B,10,17.0,EUR,0.15,170.0,144.5
TXN-IT-1-000123,2026-08-25 22:50:13,2026-08-25 22:52:13,IT,Proprietary ERP,B,MED-002,Medora Derm Cream,Prescription,Medora,D2C,11,26.0,EUR,0.1,286.0,257.4
TXN-IT-1-000124,2026-08-25 04:24:26,2026-08-25 04:29:26,IT,Proprietary ERP,B,MED-001,Medora Cardio 10mg,Prescription,Medora,D2C,9,43.0,EUR,0.05,387.0,367.65
TXN-IT-1-000125,2026-08-25 13:29:31,2026-08-25 13:30:31,IT,Proprietary ERP,B,PUR-001,PureLife GlucoMonitor,Medical Device,PureLife,D2C,1,85.0,EUR,0.2,85.0,68.0
TXN-IT-1-000126,2026-08-25 15:17:37,2026-08-25 15:21:37,IT,Proprietary ERP,B,MED-002,Medora Derm Cream,Prescription,Medora,Wholesale,6,26.0,EUR,0.15,156.0,132.6
TXN-IT-1-000127,2026-08-25 16:44:18,2026-08-25 16:50:18,IT,Proprietary ERP,B,VIT-001,Vitalis C1000,Supplement,Vitalis,Wholesale,3,21.0,EUR,0.15,63.0,53.55
TXN-IT-1-000128,2026-08-25 18:59:46,2026-08-25 19:05:46,IT,Proprietary ERP,B,SAN-001,SanaPlus PainRelief,OTC,SanaPlus,Wholesale,8,9.5,EUR,0.05,76.0,72.2
TXN-IT-1-000129,2026-08-25 21:34:16,2026-08-25 21:37:16,IT,Proprietary ERP,B,SAN-002,SanaPlus ColdFlu,OTC,SanaPlus,E-commerce,2,10.5,EUR,0.0,21.0,21.0
TXN-IT-1-000130,2026-08-25 16:24:47,2026-08-25 16:26:47,IT,Proprietary ERP,B,DER-002,Dermacare LiftCream,Aesthetic,Dermacare,Wholesale,6,37.0,EUR,0.0,222.0,222.0
TXN-IT-1-000131,2026-08-25 17:59:49,2026-08-25 18:02:49,IT,Proprietary ERP,B,VIT-001,Vitalis C1000,Supplement,Vitalis,Wholesale,4,21.0,EUR,0.0,84.0,84.0
TXN-IT-1-000132,2026-08-25 09:24:22,2026-08-25 09:27:22,IT,Proprietary ERP,B,SAN-001,SanaPlus PainRelief,OTC,SanaPlus,D2C,9,9.5,EUR,0.0,85.5,85.5
TXN-IT-1-000133,2026-08-25 18:48:35,2026-08-25 18:50:35,IT,Proprietary ERP,B,MED-002,Medora Derm Cream,Prescription,Medora,E-commerce,12,26.0,EUR,0.05,312.0,296.4
TXN-IT-1-000134,2026-08-25 17:47:18,2026-08-25 17:52:18,IT,Proprietary ERP,B,VIT-002,Vitalis Multivit,Supplement,Vitalis,Wholesale,11,17.0,EUR,0.15,187.0,158.95
TXN-IT-1-000135,2026-08-25 17:52:12,2026-08-25 17:56:12,IT,Proprietary ERP,B,MED-001,Medora Cardio 10mg,Prescription,Medora,Pharmacy/B2B,5,43.0,EUR,0.0,215.0,215.0
TXN-IT-1-000136,2026-08-25 14:43:25,2026-08-25 14:49:25,IT,Proprietary ERP,B,VIT-002,Vitalis Multivit,Supplement,Vitalis,D2C,11,17.0,EUR,0.1,187.0,168.3
TXN-IT-1-000137,2026-08-25 13:26:08,2026-08-25 13:30:08,IT,Proprietary ERP,B,PUR-001,PureLife GlucoMonitor,Medical Device,PureLife,D2C,7,85.0,EUR,0.15,595.0,505.75
TXN-IT-1-000138,2026-08-25 20:02:20,2026-08-25 20:05:20,IT,Proprietary ERP,B,SAN-002,SanaPlus ColdFlu,OTC,SanaPlus,Wholesale,5,10.5,EUR,0.0,52.5,52.5
TXN-IT-1-000139,2026-08-25 09:09:11,2026-08-25 09:11:11,IT,Proprietary ERP,B,MED-002,Medora Derm Cream,Prescription,Medora,E-commerce,6,26.0,EUR,0.0,156.0,156.0
TXN-IT-1-000140,2026-08-25 19:30:36,2026-08-25 19:36:36,IT,Proprietary ERP,B,VIT-001,Vitalis C1000,Supplement,Vitalis,E-commerce,4,21.0,EUR,0.15,84.0,71.4
TXN-IT-1-000141,2026-08-25 17:37:44,2026-08-25 17:40:44,IT,Proprietary ERP,B,PUR-002,PureLife BP Monitor,Medical Device,PureLife,D2C,2,90.0,EUR,0.2,180.0,144.0
TXN-IT-1-000142,2026-08-25 07:04:03,2026-08-25 07:07:03,IT,Proprietary ERP,B,VIT-002,Vitalis Multivit,Supplement,Vitalis,D2C,3,17.0,EUR,0.0,51.0,51.0
TXN-IT-1-000143,2026-08-25 00:30:54,2026-08-25 00:36:54,IT,Proprietary ERP,B,PUR-001,PureLife GlucoMonitor,Medical Device,PureLife,E-commerce,5,85.0,EUR,0.0,425.0,425.0
TXN-IT-1-000144,2026-08-25 01:59:06,2026-08-25 02:04:06,IT,Proprietary ERP,B,SAN-001,SanaPlus PainRelief,OTC,SanaPlus,E-commerce,11,9.5,EUR,0.2,104.5,83.6
TXN-IT-1-000145,2026-08-25 17:52:20,2026-08-25 17:53:20,IT,Proprietary ERP,B,MED-001,Medora Cardio 10mg,Prescription,Medora,D2C,8,43.0,EUR,0.05,344.0,326.8
TXN-IT-1-000146,2026-08-25 16:02:13,2026-08-25 16:05:13,IT,Proprietary ERP,B,VIT-001,Vitalis C1000,Supplement,Vitalis,Pharmacy/B2B,5,21.0,EUR,0.2,105.0,84.0
TXN-IT-1-000147,2026-08-25 17:23:36,2026-08-25 17:24:36,IT,Proprietary ERP,B,MED-002,Medora Derm Cream,Prescription,Medora,Wholesale,8,26.0,EUR,0.0,208.0,208.0
TXN-IT-1-000148,2026-08-25 21:00:31,2026-08-25 21:06:31,IT,Proprietary ERP,B,MED-001,Medora Cardio 10mg,Prescription,Medora,E-commerce,3,43.0,EUR,0.2,129.0,103.2
TXN-IT-1-000149,2026-08-25 20:29:32,2026-08-25 20:32:32,IT,Proprietary ERP,B,MED-002,Medora Derm Cream,Prescription,Medora,E-commerce,2,26.0,EUR,0.1,52.0,46.8
TXN-IT-1-000150,2026-08-25 15:09:08,2026-08-25 15:14:08,IT,Proprietary ERP,B,PUR-002,PureLife BP Monitor,Medical Device,PureLife,E-commerce,9,90.0,EUR,0.05,810.0,769.5
TXN-IT-1-000151,2026-08-25 16:24:09,2026-08-25 16:28:09,IT,Proprietary ERP,B,SAN-001,SanaPlus PainRelief,OTC,SanaPlus,Wholesale,5,9.5,EUR,0.1,47.5,42.75
TXN-IT-1-000152,2026-08-25 22:36:39,2026-08-25 22:37:39,IT,Proprietary ERP,B,PUR-002,PureLife BP Monitor,Medical Device,PureLife,Pharmacy/B2B,4,90.0,EUR,0.15,360.0,306.0
TXN-IT-1-000153,2026-08-25 07:40:59,2026-08-25 07:43:59,IT,Proprietary ERP,B,MED-002,Medora Derm Cream,Prescription,Medora,E-commerce,4,26.0,EUR,0.0,104.0,104.0
TXN-IT-1-000154,2026-08-25 20:05:50,2026-08-25 20:06:50,IT,Proprietary ERP,B,VIT-001,Vitalis C1000,Supplement,Vitalis,Pharmacy/B2B,7,21.0,EUR,0.05,147.0,139.65
TXN-IT-1-000155,2026-08-25 21:37:12,2026-08-25 21:41:12,IT,Proprietary ERP,B,SAN-001,SanaPlus PainRelief,OTC,SanaPlus,Pharmacy/B2B,4,9.5,EUR,0.0,38.0,38.0
TXN-IT-1-000156,2026-08-25 10:17:36,2026-08-25 10:23:36,IT,Proprietary ERP,B,DER-002,Dermacare LiftCream,Aesthetic,Dermacare,Pharmacy/B2B,11,37.0,EUR,0.0,407.0,407.0
TXN-IT-1-000157,2026-08-25 09:37:55,2026-08-25 09:43:55,IT,Proprietary ERP,B,PUR-002,PureLife BP Monitor,Medical Device,PureLife,E-commerce,7,90.0,EUR,0.0,630.0,630.0
TXN-IT-1-000158,2026-08-25 19:49:36,2026-08-25 19:51:36,IT,Proprietary ERP,B,VIT-001,Vitalis C1000,Supplement,Vitalis,D2C,3,21.0,EUR,0.0,63.0,63.0
TXN-IT-1-000159,2026-08-25 02:10:16,2026-08-25 02:12:16,IT,Proprietary ERP,B,SAN-001,SanaPlus PainRelief,OTC,SanaPlus,D2C,8,9.5,EUR,0.0,76.0,76.0
TXN-IT-1-000160,2026-08-25 17:03:53,2026-08-25 17:09:53,IT,Proprietary ERP,B,SAN-001,SanaPlus PainRelief,OTC,SanaPlus,Wholesale,5,9.5,EUR,0.1,47.5,42.75
TXN-IT-1-000161,2026-08-25 19:39:36,2026-08-25 19:43:36,IT,Proprietary ERP,B,DER-002,Dermacare LiftCream,Aesthetic,Dermacare,Pharmacy/B2B,10,37.0,EUR,0.0,370.0,370.0
TXN-IT-1-000162,2026-08-25 15:43:46,2026-08-25 15:49:46,IT,Proprietary ERP,B,SAN-002,SanaPlus ColdFlu,OTC,SanaPlus,D2C,1,10.5,EUR,0.0,10.5,10.5
TXN-IT-1-000163,2026-08-25 08:20:05,2026-08-25 08:26:05,IT,Proprietary ERP,B,PUR-002,PureLife BP Monitor,Medical Device,PureLife,Pharmacy/B2B,11,90.0,EUR,0.2,990.0,792.0
TXN-IT-1-000164,2026-08-25 09:48:45,2026-08-25 09:53:45,IT,Proprietary ERP,B,MED-001,Medora Cardio 10mg,Prescription,Medora,E-commerce,8,43.0,EUR,0.1,344.0,309.6
TXN-IT-1-000165,2026-08-25 23:43:14,2026-08-25 23:47:14,IT,Proprietary ERP,B,SAN-001,SanaPlus PainRelief,OTC,SanaPlus,E-commerce,10,9.5,EUR,0.05,95.0,90.25
TXN-IT-1-000166,2026-08-25 23:06:42,2026-08-25 23:10:42,IT,Proprietary ERP,B,MED-002,Medora Derm Cream,Prescription,Medora,Wholesale,6,26.0,EUR,0.05,156.0,148.2
TXN-IT-1-000167,2026-08-25 12:08:07,2026-08-25 12:11:07,IT,Proprietary ERP,B,MED-002,Medora Derm Cream,Prescription,Medora,E-commerce,6,26.0,EUR,0.05,156.0,148.2
TXN-IT-1-000168,2026-08-25 18:02:22,2026-08-25 18:05:22,IT,Proprietary ERP,B,DER-001,Dermacare GlowSerum,Aesthetic,Dermacare,Pharmacy/B2B,8,32.0,EUR,0.0,256.0,256.0
TXN-IT-1-000169,2026-08-25 11:27:04,2026-08-25 11:30:04,IT,Proprietary ERP,B,SAN-002,SanaPlus ColdFlu,OTC,SanaPlus,Pharmacy/B2B,7,10.5,EUR,0.2,73.5,58.8
TXN-IT-1-000170,2026-08-25 18:44:09,2026-08-25 18:45:09,IT,Proprietary ERP,B,PUR-001,PureLife GlucoMonitor,Medical Device,PureLife,Wholesale,7,85.0,EUR,0.0,595.0,595.0
TXN-IT-1-000171,2026-08-25 06:49:46,2026-08-25 06:54:46,IT,Proprietary ERP,B,SAN-002,SanaPlus ColdFlu,OTC,SanaPlus,Wholesale,11,10.5,EUR,0.05,115.5,109.72
TXN-IT-1-000172,2026-08-25 01:52:44,2026-08-25 01:54:44,IT,Proprietary ERP,B,SAN-001,SanaPlus PainRelief,OTC,SanaPlus,E-commerce,5,9.5,EUR,0.05,47.5,45.12
TXN-IT-1-000173,2026-08-25 17:38:52,2026-08-25 17:39:52,IT,Proprietary ERP,B,MED-001,Medora Cardio 10mg,Prescription,Medora,E-commerce,12,43.0,EUR,0.0,516.0,516.0
TXN-IT-1-000174,2026-08-25 11:18:50,2026-08-25 11:23:50,IT,Proprietary ERP,B,MED-001,Medora Cardio 10mg,Prescription,Medora,Wholesale,2,43.0,EUR,0.0,86.0,86.0
TXN-IT-1-000175,2026-08-25 04:07:51,2026-08-25 04:11:51,IT,Proprietary ERP,B,MED-002,Medora Derm Cream,Prescription,Medora,E-commerce,8,26.0,EUR,0.15,208.0,176.8
TXN-IT-1-000176,2026-08-25 10:37:34,2026-08-25 10:42:34,IT,Proprietary ERP,B,SAN-001,SanaPlus PainRelief,OTC,SanaPlus,Wholesale,8,9.5,EUR,0.05,76.0,72.2
TXN-IT-1-000177,2026-08-25 08:52:26,2026-08-25 08:56:26,IT,Proprietary ERP,B,PUR-001,PureLife GlucoMonitor,Medical Device,PureLife,E-commerce,7,85.0,EUR,0.0,595.0,595.0
TXN-IT-1-000178,2026-08-25 21:49:21,2026-08-25 21:54:21,IT,Proprietary ERP,B,VIT-001,Vitalis C1000,Supplement,Vitalis,Pharmacy/B2B,5,21.0,EUR,0.2,105.0,84.0
TXN-IT-1-000179,2026-08-25 15:06:27,2026-08-25 15:09:27,IT,Proprietary ERP,B,PUR-001,PureLife GlucoMonitor,Medical Device,PureLife,D2C,1,85.0,EUR,0.0,85.0,85.0
TXN-IT-1-000180,2026-08-25 10:52:12,2026-08-25 10:57:12,IT,Proprietary ERP,B,PUR-002,PureLife BP Monitor,Medical Device,PureLife,Wholesale,3,90.0,EUR,0.05,270.0,256.5
TXN-IT-1-000181,2026-08-25 19:36:32,2026-08-25 19:40:32,IT,Proprietary ERP,B,SAN-002,SanaPlus ColdFlu,OTC,SanaPlus,D2C,9,10.5,EUR,0.2,94.5,75.6
TXN-IT-1-000182,2026-08-25 19:47:08,2026-08-25 19:51:08,IT,Proprietary ERP,B,DER-002,Dermacare LiftCream,Aesthetic,Dermacare,D2C,4,37.0,EUR,0.15,148.0,125.8
TXN-IT-1-000183,2026-08-25 08:41:40,2026-08-25 08:46:40,IT,Proprietary ERP,B,DER-001,Dermacare GlowSerum,Aesthetic,Dermacare,E-commerce,7,32.0,EUR,0.0,224.0,224.0
TXN-IT-1-000184,2026-08-25 11:35:04,2026-08-25 11:41:04,IT,Proprietary ERP,B,DER-002,Dermacare LiftCream,Aesthetic,Dermacare,Wholesale,7,37.0,EUR,0.15,259.0,220.15
TXN-IT-1-000185,2026-08-25 23:44:21,2026-08-25 23:46:21,IT,Proprietary ERP,B,DER-002,Dermacare LiftCream,Aesthetic,Dermacare,Pharmacy/B2B,3,37.0,EUR,0.1,111.0,99.9
TXN-IT-1-000186,2026-08-25 21:29:16,2026-08-25 21:32:16,IT,Proprietary ERP,B,MED-002,Medora Derm Cream,Prescription,Medora,Wholesale,2,26.0,EUR,0.1,52.0,46.8
TXN-IT-1-000187,2026-08-25 16:38:10,2026-08-25 16:39:10,IT,Proprietary ERP,B,VIT-001,Vitalis C1000,Supplement,Vitalis,Wholesale,11,21.0,EUR,0.0,231.0,231.0
TXN-IT-1-000188,2026-08-25 02:43:27,2026-08-25 02:47:27,IT,Proprietary ERP,B,SAN-001,SanaPlus PainRelief,OTC,SanaPlus,D2C,10,9.5,EUR,0.15,95.0,80.75
TXN-IT-1-000189,2026-08-25 14:28:18,2026-08-25 14:34:18,IT,Proprietary ERP,B,MED-002,Medora Derm Cream,Prescription,Medora,D2C,11,26.0,EUR,0.2,286.0,228.8
TXN-IT-1-000190,2026-08-25 19:25:42,2026-08-25 19:29:42,IT,Proprietary ERP,B,SAN-002,SanaPlus ColdFlu,OTC,SanaPlus,Wholesale,9,10.5,EUR,0.0,94.5,94.5
TXN-IT-1-000191,2026-08-25 22:28:51,2026-08-25 22:29:51,IT,Proprietary ERP,B,VIT-002,Vitalis Multivit,Supplement,Vitalis,D2C,4,17.0,EUR,0.15,68.0,57.8
TXN-IT-1-000192,2026-08-25 03:17:26,2026-08-25 03:21:26,IT,Proprietary ERP,B,MED-002,Medora Derm Cream,Prescription,Medora,Pharmacy/B2B,8,26.0,EUR,0.0,208.0,208.0
TXN-IT-1-000193,2026-08-25 10:54:11,2026-08-25 10:55:11,IT,Proprietary ERP,B,MED-001,Medora Cardio 10mg,Prescription,Medora,D2C,1,43.0,EUR,0.0,43.0,43.0
TXN-IT-1-000194,2026-08-25 13:03:04,2026-08-25 13:06:04,IT,Proprietary ERP,B,DER-001,Dermacare GlowSerum,Aesthetic,Dermacare,E-commerce,4,32.0,EUR,0.1,128.0,115.2
TXN-IT-1-000195,2026-08-25 15:00:08,2026-08-25 15:05:08,IT,Proprietary ERP,B,VIT-001,Vitalis C1000,Supplement,Vitalis,E-commerce,3,21.0,EUR,0.0,63.0,63.0
TXN-IT-1-000196,2026-08-25 22:11:27,2026-08-25 22:15:27,IT,Proprietary ERP,B,PUR-002,PureLife BP Monitor,Medical Device,PureLife,E-commerce,8,90.0,EUR,0.1,720.0,648.0
TXN-IT-1-000197,2026-08-25 05:12:38,2026-08-25 05:14:38,IT,Proprietary ERP,B,DER-002,Dermacare LiftCream,Aesthetic,Dermacare,D2C,8,37.0,EUR,0.0,296.0,296.0
TXN-IT-1-000198,2026-08-25 00:20:31,2026-08-25 00:24:31,IT,Proprietary ERP,B,SAN-001,SanaPlus PainRelief,OTC,SanaPlus,E-commerce,2,9.5,EUR,0.05,19.0,18.05
TXN-IT-1-000199,2026-08-25 12:34:53,2026-08-25 12:39:53,IT,Proprietary ERP,B,SAN-001,SanaPlus PainRelief,OTC,SanaPlus,Wholesale,12,9.5,EUR,0.0,114.0,114.0
TXN-IT-1-000200,2026-08-25 16:37:58,2026-08-25 16:40:58,IT,Proprietary ERP,B,VIT-002,Vitalis Multivit,Supplement,Vitalis,Wholesale,8,17.0,EUR,0.0,136.0,136.0
TXN-IT-1-000201,2026-08-25 08:38:11,2026-08-25 08:42:11,IT,Proprietary ERP,B,PUR-002,PureLife BP Monitor,Medical Device,PureLife,D2C,10,90.0,EUR,0.0,900.0,900.0
TXN-IT-1-000202,2026-08-25 10:44:56,2026-08-25 10:45:56,IT,Proprietary ERP,B,DER-001,Dermacare GlowSerum,Aesthetic,Dermacare,D2C,1,32.0,EUR,0.1,32.0,28.8
TXN-IT-1-000203,2026-08-25 01:47:08,2026-08-25 01:52:08,IT,Proprietary ERP,B,DER-002,Dermacare LiftCream,Aesthetic,Dermacare,D2C,4,37.0,EUR,0.1,148.0,133.2
TXN-IT-1-000204,2026-08-25 12:49:39,2026-08-25 12:51:39,IT,Proprietary ERP,B,VIT-002,Vitalis Multivit,Supplement,Vitalis,D2C,11,17.0,EUR,0.2,187.0,149.6
TXN-IT-1-000205,2026-08-25 04:58:47,2026-08-25 05:04:47,IT,Proprietary ERP,B,MED-002,Medora Derm Cream,Prescription,Medora,Pharmacy/B2B,5,26.0,EUR,0.2,130.0,104.0
TXN-IT-1-000206,2026-08-25 16:02:59,2026-08-25 16:03:59,IT,Proprietary ERP,B,PUR-002,PureLife BP Monitor,Medical Device,PureLife,D2C,12,90.0,EUR,0.0,1080.0,1080.0
TXN-IT-1-000207,2026-08-25 03:16:53,2026-08-25 03:19:53,IT,Proprietary ERP,B,SAN-002,SanaPlus ColdFlu,OTC,SanaPlus,Wholesale,3,10.5,EUR,0.0,31.5,31.5
TXN-IT-1-000208,2026-08-25 04:48:42,2026-08-25 04:53:42,IT,Proprietary ERP,B,SAN-002,SanaPlus ColdFlu,OTC,SanaPlus,D2C,3,10.5,EUR,0.0,31.5,31.5
TXN-IT-1-000209,2026-08-25 17:32:36,2026-08-25 17:35:36,IT,Proprietary ERP,B,SAN-002,SanaPlus ColdFlu,OTC,SanaPlus,Pharmacy/B2B,8,10.5,EUR,0.0,84.0,84.0
TXN-IT-1-000210,2026-08-25 05:07:29,2026-08-25 05:09:29,IT,Proprietary ERP,B,DER-001,Dermacare GlowSerum,Aesthetic,Dermacare,D2C,2,32.0,EUR,0.2,64.0,51.2
TXN-IT-1-000211,2026-08-25 14:21:57,2026-08-25 14:22:57,IT,Proprietary ERP,B,SAN-001,SanaPlus PainRelief,OTC,SanaPlus,Pharmacy/B2B,8,9.5,EUR,0.0,76.0,76.0
TXN-IT-1-000212,2026-08-25 09:32:42,2026-08-25 09:37:42,IT,Proprietary ERP,B,DER-001,Dermacare GlowSerum,Aesthetic,Dermacare,D2C,2,32.0,EUR,0.15,64.0,54.4
TXN-IT-1-000213,2026-08-25 08:30:47,2026-08-25 08:34:47,IT,Proprietary ERP,B,MED-001,Medora Cardio 10mg,Prescription,Medora,D2C,10,43.0,EUR,0.0,430.0,430.0
TXN-IT-1-000214,2026-08-25 23:34:49,2026-08-25 23:35:49,IT,Proprietary ERP,B,DER-002,Dermacare LiftCream,Aesthetic,Dermacare,D2C,11,37.0,EUR,0.05,407.0,386.65
TXN-IT-1-000215,2026-08-25 04:14:52,2026-08-25 04:16:52,IT,Proprietary ERP,B,MED-001,Medora Cardio 10mg,Prescription,Medora,Pharmacy/B2B,5,43.0,EUR,0.05,215.0,204.25
TXN-IT-1-000216,2026-08-25 04:13:40,2026-08-25 04:14:40,IT,Proprietary ERP,B,VIT-002,Vitalis Multivit,Supplement,Vitalis,E-commerce,7,17.0,EUR,0.05,119.0,113.05
TXN-IT-1-000217,2026-08-25 13:30:29,2026-08-25 13:36:29,IT,Proprietary ERP,B,PUR-001,PureLife GlucoMonitor,Medical Device,PureLife,Wholesale,10,85.0,EUR,0.15,850.0,722.5
TXN-IT-1-000218,2026-08-25 05:37:33,2026-08-25 05:41:33,IT,Proprietary ERP,B,MED-002,Medora Derm Cream,Prescription,Medora,Wholesale,10,26.0,EUR,0.05,260.0,247.0
TXN-IT-1-000219,2026-08-25 10:11:06,2026-08-25 10:12:06,IT,Proprietary ERP,B,SAN-002,SanaPlus ColdFlu,OTC,SanaPlus,E-commerce,8,10.5,EUR,0.05,84.0,79.8
TXN-IT-1-000220,2026-08-25 08:35:47,2026-08-25 08:38:47,IT,Proprietary ERP,B,MED-002,Medora Derm Cream,Prescription,Medora,D2C,9,26.0,EUR,0.15,234.0,198.9
TXN-IT-1-000221,2026-08-25 13:03:32,2026-08-25 13:04:32,IT,Proprietary ERP,B,DER-001,Dermacare GlowSerum,Aesthetic,Dermacare,D2C,4,32.0,EUR,0.0,128.0,128.0
TXN-IT-1-000222,2026-08-25 16:33:20,2026-08-25 16:34:20,IT,Proprietary ERP,B,VIT-002,Vitalis Multivit,Supplement,Vitalis,Pharmacy/B2B,1,17.0,EUR,0.2,17.0,13.6
TXN-IT-1-000223,2026-08-25 12:08:33,2026-08-25 12:10:33,IT,Proprietary ERP,B,VIT-001,Vitalis C1000,Supplement,Vitalis,E-commerce,2,21.0,EUR,0.2,42.0,33.6
TXN-IT-1-000224,2026-08-25 20:10:41,2026-08-25 20:12:41,IT,Proprietary ERP,B,PUR-002,PureLife BP Monitor,Medical Device,PureLife,E-commerce,4,90.0,EUR,0.0,360.0,360.0
TXN-IT-1-000225,2026-08-25 05:22:20,2026-08-25 05:27:20,IT,Proprietary ERP,B,MED-001,Medora Cardio 10mg,Prescription,Medora,D2C,3,43.0,EUR,0.0,129.0,129.0
TXN-IT-1-000226,2026-08-25 19:40:07,2026-08-25 19:43:07,IT,Proprietary ERP,B,VIT-001,Vitalis C1000,Supplement,Vitalis,Pharmacy/B2B,11,21.0,EUR,0.2,231.0,184.8
TXN-IT-1-000227,2026-08-25 00:56:19,2026-08-25 00:58:19,IT,Proprietary ERP,B,MED-001,Medora Cardio 10mg,Prescription,Medora,D2C,4,43.0,EUR,0.1,172.0,154.8
TXN-IT-1-000228,2026-08-25 11:47:17,2026-08-25 11:48:17,IT,Proprietary ERP,B,VIT-001,Vitalis C1000,Supplement,Vitalis,D2C,1,21.0,EUR,0.0,21.0,21.0
TXN-IT-1-000229,2026-08-25 15:19:36,2026-08-25 15:24:36,IT,Proprietary ERP,B,MED-002,Medora Derm Cream,Prescription,Medora,Pharmacy/B2B,8,26.0,EUR,0.05,208.0,197.6
TXN-IT-1-000230,2026-08-25 13:10:53,2026-08-25 13:15:53,IT,Proprietary ERP,B,PUR-002,PureLife BP Monitor,Medical Device,PureLife,Pharmacy/B2B,8,90.0,EUR,0.1,720.0,648.0
TXN-IT-1-000231,2026-08-25 08:03:58,2026-08-25 08:08:58,IT,Proprietary ERP,B,MED-001,Medora Cardio 10mg,Prescription,Medora,D2C,8,43.0,EUR,0.15,344.0,292.4
TXN-IT-1-000232,2026-08-25 01:08:02,2026-08-25 01:09:02,IT,Proprietary ERP,B,DER-002,Dermacare LiftCream,Aesthetic,Dermacare,Wholesale,7,37.0,EUR,0.15,259.0,220.15
TXN-IT-1-000233,2026-08-25 03:55:50,2026-08-25 03:59:50,IT,Proprietary ERP,B,DER-002,Dermacare LiftCream,Aesthetic,Dermacare,Pharmacy/B2B,2,37.0,EUR,0.0,74.0,74.0
TXN-IT-1-000234,2026-08-25 22:08:50,2026-08-25 22:10:50,IT,Proprietary ERP,B,MED-002,Medora Derm Cream,Prescription,Medora,E-commerce,5,26.0,EUR,0.1,130.0,117.0
TXN-IT-1-000235,2026-08-25 23:02:58,2026-08-25 23:07:58,IT,Proprietary ERP,B,PUR-001,PureLife GlucoMonitor,Medical Device,PureLife,D2C,7,85.0,EUR,0.1,595.0,535.5
TXN-IT-1-000236,2026-08-25 19:19:01,2026-08-25 19:22:01,IT,Proprietary ERP,B,DER-002,Dermacare LiftCream,Aesthetic,Dermacare,Wholesale,2,37.0,EUR,0.2,74.0,59.2
TXN-IT-1-000237,2026-08-25 04:09:56,2026-08-25 04:15:56,IT,Proprietary ERP,B,PUR-001,PureLife GlucoMonitor,Medical Device,PureLife,E-commerce,7,85.0,EUR,0.05,595.0,565.25
TXN-IT-1-000238,2026-08-25 08:19:09,2026-08-25 08:23:09,IT,Proprietary ERP,B,SAN-002,SanaPlus ColdFlu,OTC,SanaPlus,Wholesale,7,10.5,EUR,0.05,73.5,69.83
TXN-IT-1-000239,2026-08-25 03:27:43,2026-08-25 03:30:43,IT,Proprietary ERP,B,DER-001,Dermacare GlowSerum,Aesthetic,Dermacare,D2C,11,32.0,EUR,0.0,352.0,352.0
TXN-IT-1-000240,2026-08-25 13:37:40,2026-08-25 13:39:40,IT,Proprietary ERP,B,DER-002,Dermacare LiftCream,Aesthetic,Dermacare,Pharmacy/B2B,2,37.0,EUR,0.2,74.0,59.2
TXN-IT-1-000241,2026-08-25 03:06:28,2026-08-25 03:07:28,IT,Proprietary ERP,B,DER-001,Dermacare GlowSerum,Aesthetic,Dermacare,Pharmacy/B2B,12,32.0,EUR,0.15,384.0,326.4
TXN-IT-1-000242,2026-08-25 13:34:03,2026-08-25 13:36:03,IT,Proprietary ERP,B,PUR-001,PureLife GlucoMonitor,Medical Device,PureLife,Pharmacy/B2B,10,85.0,EUR,0.1,850.0,765.0
TXN-IT-1-000243,2026-08-25 20:27:00,2026-08-25 20:30:00,IT,Proprietary ERP,B,MED-002,Medora Derm Cream,Prescription,Medora,Wholesale,6,26.0,EUR,0.2,156.0,124.8
TXN-IT-1-000244,2026-08-25 15:23:55,2026-08-25 15:29:55,IT,Proprietary ERP,B,MED-001,Medora Cardio 10mg,Prescription,Medora,D2C,10,43.0,EUR,0.0,430.0,430.0
TXN-IT-1-000245,2026-08-25 12:48:10,2026-08-25 12:49:10,IT,Proprietary ERP,B,PUR-002,PureLife BP Monitor,Medical Device,PureLife,E-commerce,3,90.0,EUR,0.15,270.0,229.5
TXN-IT-1-000246,2026-08-25 17:33:21,2026-08-25 17:35:21,IT,Proprietary ERP,B,MED-002,Medora Derm Cream,Prescription,Medora,D2C,9,26.0,EUR,0.0,234.0,234.0
TXN-IT-1-000247,2026-08-25 04:10:58,2026-08-25 04:13:58,IT,Proprietary ERP,B,PUR-002,PureLife BP Monitor,Medical Device,PureLife,E-commerce,7,90.0,EUR,0.2,630.0,504.0
TXN-IT-1-000248,2026-08-25 20:25:26,2026-08-25 20:30:26,IT,Proprietary ERP,B,PUR-002,PureLife BP Monitor,Medical Device,PureLife,Pharmacy/B2B,10,90.0,EUR,0.15,900.0,765.0
TXN-IT-1-000249,2026-08-25 09:44:14,2026-08-25 09:45:14,IT,Proprietary ERP,B,VIT-001,Vitalis C1000,Supplement,Vitalis,D2C,12,21.0,EUR,0.2,252.0,201.6
TXN-IT-1-000250,2026-08-25 11:14:59,2026-08-25 11:17:59,IT,Proprietary ERP,B,SAN-002,SanaPlus ColdFlu,OTC,SanaPlus,Pharmacy/B2B,3,10.5,EUR,0.2,31.5,25.2
TXN-IT-1-000251,2026-08-25 05:12:56,2026-08-25 05:17:56,IT,Proprietary ERP,B,DER-001,Dermacare GlowSerum,Aesthetic,Dermacare,Pharmacy/B2B,3,32.0,EUR,0.15,96.0,81.6
TXN-IT-1-000252,2026-08-25 23:03:11,2026-08-25 23:04:11,IT,Proprietary ERP,B,MED-002,Medora Derm Cream,Prescription,Medora,E-commerce,7,26.0,EUR,0.05,182.0,172.9
TXN-IT-1-000253,2026-08-25 16:31:00,2026-08-25 16:34:00,IT,Proprietary ERP,B,VIT-001,Vitalis C1000,Supplement,Vitalis,D2C,5,21.0,EUR,0.15,105.0,89.25
TXN-IT-1-000254,2026-08-25 11:48:37,2026-08-25 11:53:37,IT,Proprietary ERP,B,PUR-002,PureLife BP Monitor,Medical Device,PureLife,Pharmacy/B2B,1,90.0,EUR,0.0,90.0,90.0
TXN-IT-1-000255,2026-08-25 05:43:52,2026-08-25 05:48:52,IT,Proprietary ERP,B,MED-001,Medora Cardio 10mg,Prescription,Medora,Pharmacy/B2B,5,43.0,EUR,0.05,215.0,204.25
TXN-IT-1-000256,2026-08-25 15:26:16,2026-08-25 15:30:16,IT,Proprietary ERP,B,PUR-002,PureLife BP Monitor,Medical Device,PureLife,Wholesale,7,90.0,EUR,0.0,630.0,630.0
TXN-IT-1-000257,2026-08-25 07:50:55,2026-08-25 07:55:55,IT,Proprietary ERP,B,MED-002,Medora Derm Cream,Prescription,Medora,D2C,7,26.0,EUR,0.0,182.0,182.0
TXN-IT-1-000258,2026-08-25 10:18:45,2026-08-25 10:24:45,IT,Proprietary ERP,B,PUR-002,PureLife BP Monitor,Medical Device,PureLife,Wholesale,9,90.0,EUR,0.15,810.0,688.5
TXN-IT-1-000259,2026-08-25 11:13:45,2026-08-25 11:14:45,IT,Proprietary ERP,B,VIT-002,Vitalis Multivit,Supplement,Vitalis,Wholesale,10,17.0,EUR,0.0,170.0,170.0
TXN-IT-1-000260,2026-08-25 00:16:47,2026-08-25 00:18:47,IT,Proprietary ERP,B,SAN-001,SanaPlus PainRelief,OTC,SanaPlus,E-commerce,3,9.5,EUR,0.2,28.5,22.8
TXN-IT-1-000261,2026-08-25 09:18:11,2026-08-25 09:21:11,IT,Proprietary ERP,B,SAN-002,SanaPlus ColdFlu,OTC,SanaPlus,Pharmacy/B2B,1,10.5,EUR,0.05,10.5,9.97
TXN-IT-1-000262,2026-08-25 15:40:46,2026-08-25 15:42:46,IT,Proprietary ERP,B,VIT-001,Vitalis C1000,Supplement,Vitalis,Wholesale,9,21.0,EUR,0.15,189.0,160.65
TXN-IT-1-000263,2026-08-25 08:22:41,2026-08-25 08:27:41,IT,Proprietary ERP,B,PUR-001,PureLife GlucoMonitor,Medical Device,PureLife,D2C,2,85.0,EUR,0.05,170.0,161.5
TXN-IT-1-000264,2026-08-25 01:32:24,2026-08-25 01:36:24,IT,Proprietary ERP,B,MED-001,Medora Cardio 10mg,Prescription,Medora,Wholesale,2,43.0,EUR,0.2,86.0,68.8
TXN-IT-1-000265,2026-08-25 11:23:53,2026-08-25 11:28:53,IT,Proprietary ERP,B,DER-001,Dermacare GlowSerum,Aesthetic,Dermacare,Wholesale,12,32.0,EUR,0.15,384.0,326.4
TXN-IT-1-000266,2026-08-25 15:12:27,2026-08-25 15:15:27,IT,Proprietary ERP,B,MED-002,Medora Derm Cream,Prescription,Medora,Wholesale,1,26.0,EUR,0.0,26.0,26.0
TXN-IT-1-000267,2026-08-25 06:15:27,2026-08-25 06:20:27,IT,Proprietary ERP,B,DER-002,Dermacare LiftCream,Aesthetic,Dermacare,D2C,2,37.0,EUR,0.05,74.0,70.3
TXN-IT-1-000268,2026-08-25 03:51:15,2026-08-25 03:53:15,IT,Proprietary ERP,B,DER-001,Dermacare GlowSerum,Aesthetic,Dermacare,Wholesale,9,32.0,EUR,0.0,288.0,288.0
TXN-IT-1-000269,2026-08-25 14:24:33,2026-08-25 14:27:33,IT,Proprietary ERP,B,SAN-002,SanaPlus ColdFlu,OTC,SanaPlus,E-commerce,6,10.5,EUR,0.2,63.0,50.4
TXN-IT-1-000270,2026-08-25 06:07:17,2026-08-25 06:08:17,IT,Proprietary ERP,B,PUR-001,PureLife GlucoMonitor,Medical Device,PureLife,Pharmacy/B2B,9,85.0,EUR,0.1,765.0,688.5
TXN-IT-1-000271,2026-08-25 07:03:35,2026-08-25 07:06:35,IT,Proprietary ERP,B,SAN-002,SanaPlus ColdFlu,OTC,SanaPlus,E-commerce,4,10.5,EUR,0.0,42.0,42.0
TXN-IT-1-000272,2026-08-25 05:19:54,2026-08-25 05:22:54,IT,Proprietary ERP,B,VIT-002,Vitalis Multivit,Supplement,Vitalis,E-commerce,10,17.0,EUR,0.0,170.0,170.0
TXN-IT-1-000273,2026-08-25 23:51:58,2026-08-25 23:52:58,IT,Proprietary ERP,B,VIT-001,Vitalis C1000,Supplement,Vitalis,Wholesale,8,21.0,EUR,0.2,168.0,134.4
TXN-IT-1-000274,2026-08-25 20:31:29,2026-08-25 20:36:29,IT,Proprietary ERP,B,DER-002,Dermacare LiftCream,Aesthetic,Dermacare,D2C,11,37.0,EUR,0.0,407.0,407.0
TXN-IT-1-000275,2026-08-25 05:29:46,2026-08-25 05:33:46,IT,Proprietary ERP,B,MED-002,Medora Derm Cream,Prescription,Medora,Wholesale,8,26.0,EUR,0.15,208.0,176.8
TXN-IT-1-000276,2026-08-25 11:01:31,2026-08-25 11:04:31,IT,Proprietary ERP,B,PUR-002,PureLife BP Monitor,Medical Device,PureLife,Pharmacy/B2B,6,90.0,EUR,0.1,540.0,486.0
TXN-IT-1-000277,2026-08-25 02:42:04,2026-08-25 02:45:04,IT,Proprietary ERP,B,DER-002,Dermacare LiftCream,Aesthetic,Dermacare,Wholesale,1,37.0,EUR,0.0,37.0,37.0
TXN-IT-1-000278,2026-08-25 13:25:31,2026-08-25 13:28:31,IT,Proprietary ERP,B,MED-002,Medora Derm Cream,Prescription,Medora,Pharmacy/B2B,10,26.0,EUR,0.1,260.0,234.0
TXN-IT-1-000279,2026-08-25 18:27:42,2026-08-25 18:31:42,IT,Proprietary ERP,B,DER-002,Dermacare LiftCream,Aesthetic,Dermacare,Pharmacy/B2B,8,37.0,EUR,0.2,296.0,236.8
TXN-IT-1-000280,2026-08-25 20:48:48,2026-08-25 20:54:48,IT,Proprietary ERP,B,VIT-002,Vitalis Multivit,Supplement,Vitalis,D2C,10,17.0,EUR,0.05,170.0,161.5
TXN-IT-1-000281,2026-08-25 18:15:15,2026-08-25 18:17:15,IT,Proprietary ERP,B,MED-001,Medora Cardio 10mg,Prescription,Medora,Wholesale,2,43.0,EUR,0.2,86.0,68.8
TXN-IT-1-000282,2026-08-25 12:30:15,2026-08-25 12:36:15,IT,Proprietary ERP,B,MED-002,Medora Derm Cream,Prescription,Medora,E-commerce,1,26.0,EUR,0.0,26.0,26.0
TXN-IT-1-000283,2026-08-25 15:56:17,2026-08-25 16:00:17,IT,Proprietary ERP,B,PUR-001,PureLife GlucoMonitor,Medical Device,PureLife,E-commerce,6,85.0,EUR,0.0,510.0,510.0
TXN-IT-1-000284,2026-08-25 10:17:59,2026-08-25 10:21:59,IT,Proprietary ERP,B,DER-001,Dermacare GlowSerum,Aesthetic,Dermacare,D2C,11,32.0,EUR,0.1,352.0,316.8
TXN-IT-1-000285,2026-08-25 01:54:23,2026-08-25 02:00:23,IT,Proprietary ERP,B,SAN-002,SanaPlus ColdFlu,OTC,SanaPlus,Pharmacy/B2B,6,10.5,EUR,0.0,63.0,63.0
TXN-IT-1-000286,2026-08-25 20:18:53,2026-08-25 20:24:53,IT,Proprietary ERP,B,DER-001,Dermacare GlowSerum,Aesthetic,Dermacare,D2C,5,32.0,EUR,0.15,160.0,136.0
TXN-IT-1-000287,2026-08-25 23:54:17,2026-08-25 23:59:17,IT,Proprietary ERP,B,VIT-001,Vitalis C1000,Supplement,Vitalis,D2C,2,21.0,EUR,0.1,42.0,37.8
TXN-IT-1-000288,2026-08-25 05:08:57,2026-08-25 05:11:57,IT,Proprietary ERP,B,SAN-001,SanaPlus PainRelief,OTC,SanaPlus,Wholesale,3,9.5,EUR,0.1,28.5,25.65
TXN-IT-1-000289,2026-08-25 03:05:04,2026-08-25 03:08:04,IT,Proprietary ERP,B,PUR-001,PureLife GlucoMonitor,Medical Device,PureLife,Wholesale,11,85.0,EUR,0.2,935.0,748.0
TXN-IT-1-000290,2026-08-25 11:57:34,2026-08-25 11:59:34,IT,Proprietary ERP,B,PUR-001,PureLife GlucoMonitor,Medical Device,PureLife,Pharmacy/B2B,11,85.0,EUR,0.15,935.0,794.75
TXN-IT-1-000291,2026-08-25 15:24:56,2026-08-25 15:29:56,IT,Proprietary ERP,B,SAN-002,SanaPlus ColdFlu,OTC,SanaPlus,Pharmacy/B2B,6,10.5,EUR,0.0,63.0,63.0
TXN-IT-1-000292,2026-08-25 06:33:47,2026-08-25 06:35:47,IT,Proprietary ERP,B,SAN-002,SanaPlus ColdFlu,OTC,SanaPlus,Wholesale,4,10.5,EUR,0.0,42.0,42.0
TXN-IT-1-000293,2026-08-25 05:00:30,2026-08-25 05:02:30,IT,Proprietary ERP,B,MED-002,Medora Derm Cream,Prescription,Medora,D2C,2,26.0,EUR,0.1,52.0,46.8
TXN-IT-1-000294,2026-08-25 19:39:08,2026-08-25 19:45:08,IT,Proprietary ERP,B,PUR-001,PureLife GlucoMonitor,Medical Device,PureLife,Pharmacy/B2B,11,85.0,EUR,0.0,935.0,935.0
TXN-IT-1-000295,2026-08-25 22:30:06,2026-08-25 22:32:06,IT,Proprietary ERP,B,PUR-002,PureLife BP Monitor,Medical Device,PureLife,Wholesale,3,90.0,EUR,0.0,270.0,270.0
TXN-IT-1-000296,2026-08-25 06:35:03,2026-08-25 06:41:03,IT,Proprietary ERP,B,PUR-002,PureLife BP Monitor,Medical Device,PureLife,E-commerce,12,90.0,EUR,0.05,1080.0,1026.0
TXN-IT-1-000297,2026-08-25 01:35:26,2026-08-25 01:39:26,IT,Proprietary ERP,B,SAN-002,SanaPlus ColdFlu,OTC,SanaPlus,E-commerce,8,10.5,EUR,0.1,84.0,75.6
TXN-IT-1-000298,2026-08-25 10:22:26,2026-08-25 10:28:26,IT,Proprietary ERP,B,DER-002,Dermacare LiftCream,Aesthetic,Dermacare,E-commerce,9,37.0,EUR,0.0,333.0,333.0
TXN-IT-1-000299,2026-08-25 11:16:02,2026-08-25 11:20:02,IT,Proprietary ERP,B,VIT-002,Vitalis Multivit,Supplement,Vitalis,D2C,11,17.0,EUR,0.1,187.0,168.3
TXN-IT-1-000300,2026-08-25 16:02:29,2026-08-25 16:06:29,IT,Proprietary ERP,B,SAN-001,SanaPlus PainRelief,OTC,SanaPlus,Wholesale,9,9.5,EUR,0.1,85.5,76.95
TXN-IT-1-000301,2026-08-25 15:14:34,2026-08-25 15:16:34,IT,Proprietary ERP,B,VIT-002,Vitalis Multivit,Supplement,Vitalis,E-commerce,5,17.0,EUR,0.0,85.0,85.0
TXN-IT-1-000302,2026-08-25 23:20:40,2026-08-25 23:24:40,IT,Proprietary ERP,B,SAN-002,SanaPlus ColdFlu,OTC,SanaPlus,Pharmacy/B2B,12,10.5,EUR,0.2,126.0,100.8
TXN-IT-1-000303,2026-08-25 18:47:01,2026-08-25 18:48:01,IT,Proprietary ERP,B,SAN-001,SanaPlus PainRelief,OTC,SanaPlus,Pharmacy/B2B,3,9.5,EUR,0.0,28.5,28.5
TXN-IT-1-000304,2026-08-25 16:21:33,2026-08-25 16:26:33,IT,Proprietary ERP,B,VIT-001,Vitalis C1000,Supplement,Vitalis,Wholesale,2,21.0,EUR,0.0,42.0,42.0
TXN-IT-1-000305,2026-08-25 16:25:30,2026-08-25 16:28:30,IT,Proprietary ERP,B,MED-001,Medora Cardio 10mg,Prescription,Medora,Wholesale,1,43.0,EUR,0.05,43.0,40.85
TXN-IT-1-000306,2026-08-25 18:16:39,2026-08-25 18:19:39,IT,Proprietary ERP,B,VIT-002,Vitalis Multivit,Supplement,Vitalis,Wholesale,2,17.0,EUR,0.0,34.0,34.0
TXN-IT-1-000307,2026-08-25 08:10:30,2026-08-25 08:11:30,IT,Proprietary ERP,B,SAN-002,SanaPlus ColdFlu,OTC,SanaPlus,Pharmacy/B2B,12,10.5,EUR,0.15,126.0,107.1
TXN-IT-1-000308,2026-08-25 12:12:27,2026-08-25 12:14:27,IT,Proprietary ERP,B,VIT-001,Vitalis C1000,Supplement,Vitalis,Pharmacy/B2B,5,21.0,EUR,0.2,105.0,84.0
TXN-IT-1-000309,2026-08-25 17:12:05,2026-08-25 17:18:05,IT,Proprietary ERP,B,VIT-001,Vitalis C1000,Supplement,Vitalis,Wholesale,8,21.0,EUR,0.1,168.0,151.2
TXN-IT-1-000310,2026-08-25 00:11:28,2026-08-25 00:12:28,IT,Proprietary ERP,B,MED-001,Medora Cardio 10mg,Prescription,Medora,D2C,4,43.0,EUR,0.2,172.0,137.6
TXN-IT-1-000311,2026-08-25 05:26:37,2026-08-25 05:31:37,IT,Proprietary ERP,B,PUR-002,PureLife BP Monitor,Medical Device,PureLife,Wholesale,2,90.0,EUR,0.2,180.0,144.0
TXN-IT-1-000312,2026-08-25 10:29:22,2026-08-25 10:31:22,IT,Proprietary ERP,B,SAN-001,SanaPlus PainRelief,OTC,SanaPlus,Pharmacy/B2B,1,9.5,EUR,0.0,9.5,9.5
TXN-IT-1-000313,2026-08-25 15:17:07,2026-08-25 15:23:07,IT,Proprietary ERP,B,PUR-002,PureLife BP Monitor,Medical Device,PureLife,Wholesale,2,90.0,EUR,0.0,180.0,180.0
TXN-IT-1-000314,2026-08-25 18:11:53,2026-08-25 18:16:53,IT,Proprietary ERP,B,PUR-001,PureLife GlucoMonitor,Medical Device,PureLife,Pharmacy/B2B,11,85.0,EUR,0.1,935.0,841.5
TXN-IT-1-000315,2026-08-25 20:56:12,2026-08-25 20:58:12,IT,Proprietary ERP,B,VIT-001,Vitalis C1000,Supplement,Vitalis,D2C,7,21.0,EUR,0.0,147.0,147.0
TXN-IT-1-000316,2026-08-25 22:23:04,2026-08-25 22:26:04,IT,Proprietary ERP,B,VIT-002,Vitalis Multivit,Supplement,Vitalis,Wholesale,3,17.0,EUR,0.15,51.0,43.35
TXN-IT-1-000317,2026-08-25 03:07:01,2026-08-25 03:12:01,IT,Proprietary ERP,B,SAN-002,SanaPlus ColdFlu,OTC,SanaPlus,Pharmacy/B2B,9,10.5,EUR,0.1,94.5,85.05
TXN-IT-1-000318,2026-08-25 18:28:16,2026-08-25 18:33:16,IT,Proprietary ERP,B,PUR-001,PureLife GlucoMonitor,Medical Device,PureLife,Pharmacy/B2B,7,85.0,EUR,0.2,595.0,476.0
TXN-IT-1-000319,2026-08-25 17:07:01,2026-08-25 17:08:01,IT,Proprietary ERP,B,DER-001,Dermacare GlowSerum,Aesthetic,Dermacare,D2C,5,32.0,EUR,0.15,160.0,136.0
TXN-IT-1-000320,2026-08-25 00:35:28,2026-08-25 00:38:28,IT,Proprietary ERP,B,MED-002,Medora Derm Cream,Prescription,Medora,D2C,4,26.0,EUR,0.15,104.0,88.4
TXN-IT-1-000321,2026-08-25 23:55:27,2026-08-26 00:01:27,IT,Proprietary ERP,B,MED-002,Medora Derm Cream,Prescription,Medora,D2C,3,26.0,EUR,0.0,78.0,78.0
TXN-IT-1-000322,2026-08-25 12:49:36,2026-08-25 12:54:36,IT,Proprietary ERP,B,SAN-002,SanaPlus ColdFlu,OTC,SanaPlus,E-commerce,11,10.5,EUR,0.05,115.5,109.72
TXN-IT-1-000323,2026-08-25 17:25:22,2026-08-25 17:31:22,IT,Proprietary ERP,B,VIT-001,Vitalis C1000,Supplement,Vitalis,E-commerce,2,21.0,EUR,0.15,42.0,35.7
TXN-IT-1-000324,2026-08-25 16:39:48,2026-08-25 16:40:48,IT,Proprietary ERP,B,SAN-001,SanaPlus PainRelief,OTC,SanaPlus,E-commerce,1,9.5,EUR,0.2,9.5,7.6
TXN-IT-1-000325,2026-08-25 07:15:44,2026-08-25 07:16:44,IT,Proprietary ERP,B,SAN-002,SanaPlus ColdFlu,OTC,SanaPlus,D2C,9,10.5,EUR,0.05,94.5,89.77
TXN-IT-1-000326,2026-08-25 19:46:16,2026-08-25 19:50:16,IT,Proprietary ERP,B,SAN-001,SanaPlus PainRelief,OTC,SanaPlus,Pharmacy/B2B,11,9.5,EUR,0.0,104.5,104.5
TXN-IT-1-000327,2026-08-25 10:25:01,2026-08-25 10:28:01,IT,Proprietary ERP,B,MED-001,Medora Cardio 10mg,Prescription,Medora,D2C,5,43.0,EUR,0.0,215.0,215.0
TXN-IT-1-000328,2026-08-25 13:23:57,2026-08-25 13:27:57,IT,Proprietary ERP,B,DER-001,Dermacare GlowSerum,Aesthetic,Dermacare,Wholesale,7,32.0,EUR,0.0,224.0,224.0
TXN-IT-1-000329,2026-08-25 06:48:06,2026-08-25 06:52:06,IT,Proprietary ERP,B,DER-002,Dermacare LiftCream,Aesthetic,Dermacare,D2C,9,37.0,EUR,0.0,333.0,333.0
TXN-IT-1-000330,2026-08-25 03:00:28,2026-08-25 03:06:28,IT,Proprietary ERP,B,DER-001,Dermacare GlowSerum,Aesthetic,Dermacare,Pharmacy/B2B,7,32.0,EUR,0.1,224.0,201.6
TXN-IT-1-000331,2026-08-25 06:34:12,2026-08-25 06:39:12,IT,Proprietary ERP,B,SAN-001,SanaPlus PainRelief,OTC,SanaPlus,D2C,2,9.5,EUR,0.0,19.0,19.0
TXN-IT-1-000332,2026-08-25 11:56:21,2026-08-25 12:02:21,IT,Proprietary ERP,B,SAN-001,SanaPlus PainRelief,OTC,SanaPlus,D2C,8,9.5,EUR,0.1,76.0,68.4
TXN-IT-1-000333,2026-08-25 15:30:51,2026-08-25 15:32:51,IT,Proprietary ERP,B,DER-002,Dermacare LiftCream,Aesthetic,Dermacare,D2C,8,37.0,EUR,0.0,296.0,296.0
TXN-IT-1-000334,2026-08-25 12:50:10,2026-08-25 12:55:10,IT,Proprietary ERP,B,DER-001,Dermacare GlowSerum,Aesthetic,Dermacare,D2C,11,32.0,EUR,0.2,352.0,281.6
TXN-IT-1-000335,2026-08-25 02:05:18,2026-08-25 02:06:18,IT,Proprietary ERP,B,DER-001,Dermacare GlowSerum,Aesthetic,Dermacare,D2C,9,32.0,EUR,0.2,288.0,230.4
TXN-IT-1-000336,2026-08-25 05:49:29,2026-08-25 05:50:29,IT,Proprietary ERP,B,VIT-001,Vitalis C1000,Supplement,Vitalis,Wholesale,1,21.0,EUR,0.0,21.0,21.0
TXN-IT-1-000337,2026-08-25 02:26:52,2026-08-25 02:28:52,IT,Proprietary ERP,B,SAN-002,SanaPlus ColdFlu,OTC,SanaPlus,D2C,7,10.5,EUR,0.1,73.5,66.15
TXN-IT-1-000338,2026-08-25 01:10:44,2026-08-25 01:15:44,IT,Proprietary ERP,B,VIT-001,Vitalis C1000,Supplement,Vitalis,Wholesale,6,21.0,EUR,0.0,126.0,126.0
TXN-IT-1-000339,2026-08-25 16:09:48,2026-08-25 16:10:48,IT,Proprietary ERP,B,PUR-002,PureLife BP Monitor,Medical Device,PureLife,E-commerce,9,90.0,EUR,0.0,810.0,810.0
TXN-IT-1-000340,2026-08-25 14:29:31,2026-08-25 14:32:31,IT,Proprietary ERP,B,SAN-001,SanaPlus PainRelief,OTC,SanaPlus,E-commerce,2,9.5,EUR,0.0,19.0,19.0
TXN-IT-1-000341,2026-08-25 06:46:25,2026-08-25 06:50:25,IT,Proprietary ERP,B,PUR-001,PureLife GlucoMonitor,Medical Device,PureLife,Wholesale,9,85.0,EUR,0.0,765.0,765.0
TXN-IT-1-000342,2026-08-25 09:31:51,2026-08-25 09:34:51,IT,Proprietary ERP,B,DER-002,Dermacare LiftCream,Aesthetic,Dermacare,E-commerce,10,37.0,EUR,0.0,370.0,370.0
TXN-IT-1-000343,2026-08-25 17:53:02,2026-08-25 17:55:02,IT,Proprietary ERP,B,MED-002,Medora Derm Cream,Prescription,Medora,E-commerce,2,26.0,EUR,0.05,52.0,49.4
TXN-IT-1-000344,2026-08-25 06:17:10,2026-08-25 06:23:10,IT,Proprietary ERP,B,DER-002,Dermacare LiftCream,Aesthetic,Dermacare,Pharmacy/B2B,11,37.0,EUR,0.2,407.0,325.6
TXN-IT-1-000345,2026-08-25 11:38:09,2026-08-25 11:44:09,IT,Proprietary ERP,B,SAN-002,SanaPlus ColdFlu,OTC,SanaPlus,Pharmacy/B2B,9,10.5,EUR,0.1,94.5,85.05
TXN-IT-1-000346,2026-08-25 10:34:18,2026-08-25 10:37:18,IT,Proprietary ERP,B,VIT-001,Vitalis C1000,Supplement,Vitalis,E-commerce,6,21.0,EUR,0.1,126.0,113.4
TXN-IT-1-000347,2026-08-25 08:09:51,2026-08-25 08:10:51,IT,Proprietary ERP,B,VIT-002,Vitalis Multivit,Supplement,Vitalis,E-commerce,4,17.0,EUR,0.2,68.0,54.4
TXN-IT-1-000348,2026-08-25 17:59:12,2026-08-25 18:00:12,IT,Proprietary ERP,B,SAN-002,SanaPlus ColdFlu,OTC,SanaPlus,D2C,8,10.5,EUR,0.2,84.0,67.2
TXN-IT-1-000349,2026-08-25 20:05:05,2026-08-25 20:07:05,IT,Proprietary ERP,B,PUR-002,PureLife BP Monitor,Medical Device,PureLife,Pharmacy/B2B,2,90.0,EUR,0.0,180.0,180.0
TXN-IT-1-000350,2026-08-25 14:29:47,2026-08-25 14:35:47,IT,Proprietary ERP,B,DER-002,Dermacare LiftCream,Aesthetic,Dermacare,Wholesale,7,37.0,EUR,0.2,259.0,207.2
TXN-IT-1-000351,2026-08-25 20:55:53,2026-08-25 20:56:53,IT,Proprietary ERP,B,VIT-001,Vitalis C1000,Supplement,Vitalis,D2C,11,21.0,EUR,0.0,231.0,231.0
TXN-IT-1-000352,2026-08-25 16:22:59,2026-08-25 16:26:59,IT,Proprietary ERP,B,PUR-001,PureLife GlucoMonitor,Medical Device,PureLife,D2C,3,85.0,EUR,0.2,255.0,204.0
TXN-IT-1-000353,2026-08-25 20:04:20,2026-08-25 20:10:20,IT,Proprietary ERP,B,PUR-002,PureLife BP Monitor,Medical Device,PureLife,E-commerce,3,90.0,EUR,0.05,270.0,256.5
TXN-IT-1-000354,2026-08-25 18:18:31,2026-08-25 18:19:31,IT,Proprietary ERP,B,MED-002,Medora Derm Cream,Prescription,Medora,E-commerce,5,26.0,EUR,0.0,130.0,130.0
TXN-IT-1-000355,2026-08-25 05:53:49,2026-08-25 05:56:49,IT,Proprietary ERP,B,VIT-002,Vitalis Multivit,Supplement,Vitalis,D2C,9,17.0,EUR,0.0,153.0,153.0
TXN-IT-1-000356,2026-08-25 02:52:16,2026-08-25 02:55:16,IT,Proprietary ERP,B,VIT-002,Vitalis Multivit,Supplement,Vitalis,D2C,3,17.0,EUR,0.15,51.0,43.35
TXN-IT-1-000357,2026-08-25 11:01:31,2026-08-25 11:06:31,IT,Proprietary ERP,B,PUR-001,PureLife GlucoMonitor,Medical Device,PureLife,Pharmacy/B2B,9,85.0,EUR,0.15,765.0,650.25
TXN-IT-1-000358,2026-08-25 06:08:23,2026-08-25 06:13:23,IT,Proprietary ERP,B,PUR-002,PureLife BP Monitor,Medical Device,PureLife,E-commerce,3,90.0,EUR,0.15,270.0,229.5
TXN-IT-1-000359,2026-08-25 22:44:11,2026-08-25 22:50:11,IT,Proprietary ERP,B,PUR-002,PureLife BP Monitor,Medical Device,PureLife,D2C,10,90.0,EUR,0.0,900.0,900.0
TXN-IT-1-000360,2026-08-25 01:01:58,2026-08-25 01:02:58,IT,Proprietary ERP,B,MED-001,Medora Cardio 10mg,Prescription,Medora,D2C,11,43.0,EUR,0.0,473.0,473.0
TXN-IT-1-000361,2026-08-25 20:49:51,2026-08-25 20:53:51,IT,Proprietary ERP,B,PUR-002,PureLife BP Monitor,Medical Device,PureLife,Pharmacy/B2B,8,90.0,EUR,0.15,720.0,612.0
TXN-IT-1-000362,2026-08-25 19:51:49,2026-08-25 19:54:49,IT,Proprietary ERP,B,SAN-001,SanaPlus PainRelief,OTC,SanaPlus,Wholesale,4,9.5,EUR,0.2,38.0,30.4
TXN-IT-1-000363,2026-08-25 14:47:07,2026-08-25 14:50:07,IT,Proprietary ERP,B,DER-002,Dermacare LiftCream,Aesthetic,Dermacare,Pharmacy/B2B,12,37.0,EUR,0.0,444.0,444.0
TXN-IT-1-000364,2026-08-25 05:45:19,2026-08-25 05:49:19,IT,Proprietary ERP,B,DER-001,Dermacare GlowSerum,Aesthetic,Dermacare,Wholesale,8,32.0,EUR,0.0,256.0,256.0
TXN-IT-1-000365,2026-08-25 12:23:09,2026-08-25 12:28:09,IT,Proprietary ERP,B,VIT-001,Vitalis C1000,Supplement,Vitalis,D2C,12,21.0,EUR,0.0,252.0,252.0
TXN-IT-1-000366,2026-08-25 12:34:28,2026-08-25 12:38:28,IT,Proprietary ERP,B,VIT-001,Vitalis C1000,Supplement,Vitalis,D2C,9,21.0,EUR,0.1,189.0,170.1
TXN-IT-1-000367,2026-08-25 03:51:57,2026-08-25 03:54:57,IT,Proprietary ERP,B,VIT-002,Vitalis Multivit,Supplement,Vitalis,Wholesale,2,17.0,EUR,0.0,34.0,34.0
TXN-IT-1-000368,2026-08-25 16:22:09,2026-08-25 16:24:09,IT,Proprietary ERP,B,VIT-001,Vitalis C1000,Supplement,Vitalis,Pharmacy/B2B,1,21.0,EUR,0.0,21.0,21.0
TXN-IT-1-000369,2026-08-25 13:59:11,2026-08-25 14:04:11,IT,Proprietary ERP,B,DER-001,Dermacare GlowSerum,Aesthetic,Dermacare,E-commerce,3,32.0,EUR,0.2,96.0,76.8
TXN-IT-1-000370,2026-08-25 11:55:17,2026-08-25 12:00:17,IT,Proprietary ERP,B,SAN-002,SanaPlus ColdFlu,OTC,SanaPlus,E-commerce,3,10.5,EUR,0.05,31.5,29.92
TXN-IT-1-000371,2026-08-25 18:44:26,2026-08-25 18:48:26,IT,Proprietary ERP,B,DER-002,Dermacare LiftCream,Aesthetic,Dermacare,D2C,8,37.0,EUR,0.0,296.0,296.0
TXN-IT-1-000372,2026-08-25 03:16:42,2026-08-25 03:20:42,IT,Proprietary ERP,B,PUR-001,PureLife GlucoMonitor,Medical Device,PureLife,Wholesale,4,85.0,EUR,0.0,340.0,340.0
TXN-IT-1-000373,2026-08-25 21:14:20,2026-08-25 21:17:20,IT,Proprietary ERP,B,MED-001,Medora Cardio 10mg,Prescription,Medora,Pharmacy/B2B,5,43.0,EUR,0.05,215.0,204.25
TXN-IT-1-000374,2026-08-25 21:45:17,2026-08-25 21:51:17,IT,Proprietary ERP,B,DER-002,Dermacare LiftCream,Aesthetic,Dermacare,D2C,9,37.0,EUR,0.0,333.0,333.0
TXN-IT-1-000375,2026-08-25 03:54:49,2026-08-25 03:58:49,IT,Proprietary ERP,B,VIT-001,Vitalis C1000,Supplement,Vitalis,D2C,12,21.0,EUR,0.0,252.0,252.0
TXN-IT-1-000376,2026-08-25 14:40:55,2026-08-25 14:43:55,IT,Proprietary ERP,B,MED-001,Medora Cardio 10mg,Prescription,Medora,Wholesale,1,43.0,EUR,0.1,43.0,38.7
TXN-IT-1-000377,2026-08-25 20:27:18,2026-08-25 20:29:18,IT,Proprietary ERP,B,SAN-002,SanaPlus ColdFlu,OTC,SanaPlus,D2C,2,10.5,EUR,0.05,21.0,19.95
TXN-IT-1-000378,2026-08-25 18:21:33,2026-08-25 18:25:33,IT,Proprietary ERP,B,PUR-001,PureLife GlucoMonitor,Medical Device,PureLife,D2C,10,85.0,EUR,0.15,850.0,722.5
TXN-IT-1-000379,2026-08-25 22:14:50,2026-08-25 22:15:50,IT,Proprietary ERP,B,VIT-001,Vitalis C1000,Supplement,Vitalis,Pharmacy/B2B,7,21.0,EUR,0.0,147.0,147.0
TXN-IT-1-000380,2026-08-25 12:20:44,2026-08-25 12:25:44,IT,Proprietary ERP,B,SAN-002,SanaPlus ColdFlu,OTC,SanaPlus,E-commerce,4,10.5,EUR,0.1,42.0,37.8
TXN-IT-1-000381,2026-08-25 18:32:11,2026-08-25 18:36:11,IT,Proprietary ERP,B,PUR-001,PureLife GlucoMonitor,Medical Device,PureLife,Pharmacy/B2B,1,85.0,EUR,0.0,85.0,85.0
TXN-IT-1-000382,2026-08-25 04:59:21,2026-08-25 05:05:21,IT,Proprietary ERP,B,SAN-002,SanaPlus ColdFlu,OTC,SanaPlus,Wholesale,9,10.5,EUR,0.05,94.5,89.77
TXN-IT-1-000383,2026-08-25 05:25:21,2026-08-25 05:30:21,IT,Proprietary ERP,B,PUR-001,PureLife GlucoMonitor,Medical Device,PureLife,E-commerce,6,85.0,EUR,0.1,510.0,459.0
TXN-IT-1-000384,2026-08-25 11:35:50,2026-08-25 11:37:50,IT,Proprietary ERP,B,DER-001,Dermacare GlowSerum,Aesthetic,Dermacare,D2C,10,32.0,EUR,0.0,320.0,320.0
TXN-IT-1-000385,2026-08-25 18:28:14,2026-08-25 18:33:14,IT,Proprietary ERP,B,PUR-001,PureLife GlucoMonitor,Medical Device,PureLife,Wholesale,12,85.0,EUR,0.1,1020.0,918.0
TXN-IT-1-000386,2026-08-25 10:54:54,2026-08-25 10:58:54,IT,Proprietary ERP,B,MED-001,Medora Cardio 10mg,Prescription,Medora,D2C,6,43.0,EUR,0.15,258.0,219.3
TXN-IT-1-000387,2026-08-25 03:59:26,2026-08-25 04:03:26,IT,Proprietary ERP,B,PUR-002,PureLife BP Monitor,Medical Device,PureLife,D2C,12,90.0,EUR,0.2,1080.0,864.0
TXN-IT-1-000388,2026-08-25 22:54:38,2026-08-25 22:55:38,IT,Proprietary ERP,B,PUR-002,PureLife BP Monitor,Medical Device,PureLife,Wholesale,5,90.0,EUR,0.15,450.0,382.5
TXN-IT-1-000389,2026-08-25 21:03:41,2026-08-25 21:08:41,IT,Proprietary ERP,B,VIT-002,Vitalis Multivit,Supplement,Vitalis,Pharmacy/B2B,10,17.0,EUR,0.05,170.0,161.5
TXN-IT-1-000390,2026-08-25 06:12:29,2026-08-25 06:17:29,IT,Proprietary ERP,B,PUR-002,PureLife BP Monitor,Medical Device,PureLife,Wholesale,3,90.0,EUR,0.2,270.0,216.0
TXN-IT-1-000391,2026-08-25 08:49:05,2026-08-25 08:50:05,IT,Proprietary ERP,B,PUR-002,PureLife BP Monitor,Medical Device,PureLife,Pharmacy/B2B,4,90.0,EUR,0.0,360.0,360.0
TXN-IT-1-000392,2026-08-25 16:03:27,2026-08-25 16:06:27,IT,Proprietary ERP,B,DER-001,Dermacare GlowSerum,Aesthetic,Dermacare,E-commerce,7,32.0,EUR,0.15,224.0,190.4
TXN-IT-1-000393,2026-08-25 07:25:24,2026-08-25 07:29:24,IT,Proprietary ERP,B,PUR-001,PureLife GlucoMonitor,Medical Device,PureLife,Wholesale,12,85.0,EUR,0.15,1020.0,867.0
TXN-IT-1-000394,2026-08-25 02:16:03,2026-08-25 02:22:03,IT,Proprietary ERP,B,VIT-001,Vitalis C1000,Supplement,Vitalis,E-commerce,9,21.0,EUR,0.0,189.0,189.0
TXN-IT-1-000395,2026-08-25 17:25:01,2026-08-25 17:30:01,IT,Proprietary ERP,B,DER-001,Dermacare GlowSerum,Aesthetic,Dermacare,D2C,3,32.0,EUR,0.05,96.0,91.2
TXN-IT-1-000396,2026-08-25 19:24:38,2026-08-25 19:27:38,IT,Proprietary ERP,B,PUR-001,PureLife GlucoMonitor,Medical Device,PureLife,D2C,11,85.0,EUR,0.2,935.0,748.0
TXN-IT-1-000397,2026-08-25 23:25:19,2026-08-25 23:31:19,IT,Proprietary ERP,B,SAN-001,SanaPlus PainRelief,OTC,SanaPlus,Wholesale,4,9.5,EUR,0.0,38.0,38.0
TXN-IT-1-000398,2026-08-25 10:09:29,2026-08-25 10:14:29,IT,Proprietary ERP,B,SAN-001,SanaPlus PainRelief,OTC,SanaPlus,E-commerce,5,9.5,EUR,0.2,47.5,38.0
TXN-IT-1-000399,2026-08-25 10:31:20,2026-08-25 10:37:20,IT,Proprietary ERP,B,VIT-002,Vitalis Multivit,Supplement,Vitalis,Wholesale,6,17.0,EUR,0.05,102.0,96.9
TXN-IT-1-000400,2026-08-25 12:41:58,2026-08-25 12:46:58,IT,Proprietary ERP,B,SAN-001,SanaPlus PainRelief,OTC,SanaPlus,D2C,2,9.5,EUR,0.1,19.0,17.1
TXN-IT-1-000401,2026-08-25 19:46:37,2026-08-25 19:50:37,IT,Proprietary ERP,B,DER-001,Dermacare GlowSerum,Aesthetic,Dermacare,D2C,3,32.0,EUR,0.0,96.0,96.0
TXN-IT-1-000402,2026-08-25 01:31:53,2026-08-25 01:34:53,IT,Proprietary ERP,B,MED-002,Medora Derm Cream,Prescription,Medora,D2C,8,26.0,EUR,0.15,208.0,176.8
TXN-IT-1-000403,2026-08-25 09:20:12,2026-08-25 09:26:12,IT,Proprietary ERP,B,DER-002,Dermacare LiftCream,Aesthetic,Dermacare,E-commerce,4,37.0,EUR,0.2,148.0,118.4
TXN-IT-1-000404,2026-08-25 19:36:32,2026-08-25 19:39:32,IT,Proprietary ERP,B,PUR-001,PureLife GlucoMonitor,Medical Device,PureLife,D2C,3,85.0,EUR,0.0,255.0,255.0
TXN-IT-1-000405,2026-08-25 22:24:58,2026-08-25 22:30:58,IT,Proprietary ERP,B,PUR-002,PureLife BP Monitor,Medical Device,PureLife,E-commerce,4,90.0,EUR,0.0,360.0,360.0
TXN-IT-1-000406,2026-08-25 19:20:04,2026-08-25 19:22:04,IT,Proprietary ERP,B,VIT-002,Vitalis Multivit,Supplement,Vitalis,Pharmacy/B2B,2,17.0,EUR,0.05,34.0,32.3
TXN-IT-1-000407,2026-08-25 12:01:32,2026-08-25 12:07:32,IT,Proprietary ERP,B,DER-002,Dermacare LiftCream,Aesthetic,Dermacare,Pharmacy/B2B,11,37.0,EUR,0.2,407.0,325.6
TXN-IT-1-000408,2026-08-25 05:00:18,2026-08-25 05:01:18,IT,Proprietary ERP,B,PUR-001,PureLife GlucoMonitor,Medical Device,PureLife,E-commerce,7,85.0,EUR,0.15,595.0,505.75
TXN-IT-1-000409,2026-08-25 17:19:10,2026-08-25 17:23:10,IT,Proprietary ERP,B,VIT-002,Vitalis Multivit,Supplement,Vitalis,D2C,6,17.0,EUR,0.0,102.0,102.0
TXN-IT-1-000410,2026-08-25 23:30:59,2026-08-25 23:31:59,IT,Proprietary ERP,B,MED-002,Medora Derm Cream,Prescription,Medora,E-commerce,9,26.0,EUR,0.15,234.0,198.9
TXN-IT-1-000411,2026-08-25 01:21:28,2026-08-25 01:23:28,IT,Proprietary ERP,B,DER-001,Dermacare GlowSerum,Aesthetic,Dermacare,E-commerce,1,32.0,EUR,0.2,32.0,25.6
TXN-IT-1-000412,2026-08-25 14:27:14,2026-08-25 14:31:14,IT,Proprietary ERP,B,VIT-001,Vitalis C1000,Supplement,Vitalis,D2C,1,21.0,EUR,0.0,21.0,21.0
TXN-IT-1-000413,2026-08-25 10:51:50,2026-08-25 10:56:50,IT,Proprietary ERP,B,PUR-002,PureLife BP Monitor,Medical Device,PureLife,Pharmacy/B2B,6,90.0,EUR,0.0,540.0,540.0
TXN-IT-1-000414,2026-08-25 16:32:32,2026-08-25 16:38:32,IT,Proprietary ERP,B,PUR-001,PureLife GlucoMonitor,Medical Device,PureLife,Wholesale,3,85.0,EUR,0.2,255.0,204.0
TXN-IT-1-000415,2026-08-25 18:21:28,2026-08-25 18:25:28,IT,Proprietary ERP,B,SAN-001,SanaPlus PainRelief,OTC,SanaPlus,E-commerce,2,9.5,EUR,0.0,19.0,19.0
TXN-IT-1-000416,2026-08-25 05:54:58,2026-08-25 06:00:58,IT,Proprietary ERP,B,DER-002,Dermacare LiftCream,Aesthetic,Dermacare,D2C,12,37.0,EUR,0.0,444.0,444.0
TXN-IT-1-000417,2026-08-25 00:30:46,2026-08-25 00:36:46,IT,Proprietary ERP,B,SAN-002,SanaPlus ColdFlu,OTC,SanaPlus,D2C,10,10.5,EUR,0.15,105.0,89.25
TXN-IT-1-000418,2026-08-25 07:01:58,2026-08-25 07:03:58,IT,Proprietary ERP,B,PUR-002,PureLife BP Monitor,Medical Device,PureLife,Wholesale,7,90.0,EUR,0.1,630.0,567.0
TXN-IT-1-000419,2026-08-25 11:56:22,2026-08-25 11:57:22,IT,Proprietary ERP,B,DER-001,Dermacare GlowSerum,Aesthetic,Dermacare,Pharmacy/B2B,3,32.0,EUR,0.0,96.0,96.0
TXN-IT-1-000420,2026-08-25 17:23:00,2026-08-25 17:26:00,IT,Proprietary ERP,B,VIT-002,Vitalis Multivit,Supplement,Vitalis,Pharmacy/B2B,5,17.0,EUR,0.05,85.0,80.75
TXN-IT-1-000421,2026-08-25 08:34:30,2026-08-25 08:38:30,IT,Proprietary ERP,B,SAN-001,SanaPlus PainRelief,OTC,SanaPlus,D2C,5,9.5,EUR,0.1,47.5,42.75
TXN-IT-1-000422,2026-08-25 20:51:28,2026-08-25 20:52:28,IT,Proprietary ERP,B,SAN-001,SanaPlus PainRelief,OTC,SanaPlus,D2C,12,9.5,EUR,0.0,114.0,114.0
TXN-IT-1-000423,2026-08-25 02:15:42,2026-08-25 02:21:42,IT,Proprietary ERP,B,MED-002,Medora Derm Cream,Prescription,Medora,Wholesale,5,26.0,EUR,0.0,130.0,130.0
TXN-IT-1-000424,2026-08-25 14:45:38,2026-08-25 14:51:38,IT,Proprietary ERP,B,PUR-001,PureLife GlucoMonitor,Medical Device,PureLife,D2C,12,85.0,EUR,0.0,1020.0,1020.0
TXN-IT-1-000425,2026-08-25 23:15:17,2026-08-25 23:18:17,IT,Proprietary ERP,B,SAN-002,SanaPlus ColdFlu,OTC,SanaPlus,E-commerce,4,10.5,EUR,0.0,42.0,42.0
TXN-IT-1-000426,2026-08-25 17:24:36,2026-08-25 17:26:36,IT,Proprietary ERP,B,DER-002,Dermacare LiftCream,Aesthetic,Dermacare,D2C,7,37.0,EUR,0.15,259.0,220.15
TXN-IT-1-000427,2026-08-25 19:59:49,2026-08-25 20:03:49,IT,Proprietary ERP,B,PUR-001,PureLife GlucoMonitor,Medical Device,PureLife,E-commerce,4,85.0,EUR,0.15,340.0,289.0
TXN-IT-1-000428,2026-08-25 21:41:34,2026-08-25 21:42:34,IT,Proprietary ERP,B,PUR-001,PureLife GlucoMonitor,Medical Device,PureLife,Wholesale,9,85.0,EUR,0.15,765.0,650.25
TXN-IT-1-000429,2026-08-25 13:10:19,2026-08-25 13:11:19,IT,Proprietary ERP,B,PUR-002,PureLife BP Monitor,Medical Device,PureLife,Pharmacy/B2B,1,90.0,EUR,0.2,90.0,72.0
TXN-IT-1-000430,2026-08-25 19:56:21,2026-08-25 20:01:21,IT,Proprietary ERP,B,VIT-002,Vitalis Multivit,Supplement,Vitalis,E-commerce,3,17.0,EUR,0.0,51.0,51.0
TXN-IT-1-000431,2026-08-25 18:56:42,2026-08-25 19:00:42,IT,Proprietary ERP,B,MED-002,Medora Derm Cream,Prescription,Medora,E-commerce,12,26.0,EUR,0.1,312.0,280.8
TXN-IT-1-000432,2026-08-25 17:47:51,2026-08-25 17:48:51,IT,Proprietary ERP,B,PUR-001,PureLife GlucoMonitor,Medical Device,PureLife,Wholesale,1,85.0,EUR,0.05,85.0,80.75
TXN-IT-1-000433,2026-08-25 04:48:14,2026-08-25 04:53:14,IT,Proprietary ERP,B,DER-001,Dermacare GlowSerum,Aesthetic,Dermacare,Wholesale,10,32.0,EUR,0.0,320.0,320.0
TXN-IT-1-000434,2026-08-25 20:20:42,2026-08-25 20:24:42,IT,Proprietary ERP,B,SAN-001,SanaPlus PainRelief,OTC,SanaPlus,Pharmacy/B2B,7,9.5,EUR,0.0,66.5,66.5
TXN-IT-1-000435,2026-08-25 00:06:35,2026-08-25 00:12:35,IT,Proprietary ERP,B,VIT-002,Vitalis Multivit,Supplement,Vitalis,Pharmacy/B2B,1,17.0,EUR,0.05,17.0,16.15
TXN-IT-1-000436,2026-08-25 12:32:38,2026-08-25 12:38:38,IT,Proprietary ERP,B,MED-002,Medora Derm Cream,Prescription,Medora,Pharmacy/B2B,2,26.0,EUR,0.05,52.0,49.4
TXN-IT-1-000437,2026-08-25 01:09:19,2026-08-25 01:12:19,IT,Proprietary ERP,B,DER-001,Dermacare GlowSerum,Aesthetic,Dermacare,E-commerce,3,32.0,EUR,0.2,96.0,76.8
TXN-IT-1-000438,2026-08-25 23:21:25,2026-08-25 23:27:25,IT,Proprietary ERP,B,DER-001,Dermacare GlowSerum,Aesthetic,Dermacare,D2C,7,32.0,EUR,0.05,224.0,212.8
TXN-IT-1-000439,2026-08-25 13:44:39,2026-08-25 13:48:39,IT,Proprietary ERP,B,MED-002,Medora Derm Cream,Prescription,Medora,E-commerce,11,26.0,EUR,0.2,286.0,228.8
TXN-IT-1-000440,2026-08-25 12:39:42,2026-08-25 12:40:42,IT,Proprietary ERP,B,VIT-001,Vitalis C1000,Supplement,Vitalis,Wholesale,9,21.0,EUR,0.0,189.0,189.0
TXN-IT-1-000441,2026-08-25 08:06:28,2026-08-25 08:07:28,IT,Proprietary ERP,B,MED-001,Medora Cardio 10mg,Prescription,Medora,D2C,8,43.0,EUR,0.15,344.0,292.4
TXN-IT-1-000442,2026-08-25 19:49:21,2026-08-25 19:53:21,IT,Proprietary ERP,B,PUR-001,PureLife GlucoMonitor,Medical Device,PureLife,Wholesale,4,85.0,EUR,0.0,340.0,340.0
TXN-IT-1-000443,2026-08-25 16:46:15,2026-08-25 16:49:15,IT,Proprietary ERP,B,VIT-001,Vitalis C1000,Supplement,Vitalis,D2C,4,21.0,EUR,0.15,84.0,71.4
TXN-IT-1-000444,2026-08-25 04:06:30,2026-08-25 04:07:30,IT,Proprietary ERP,B,DER-001,Dermacare GlowSerum,Aesthetic,Dermacare,Pharmacy/B2B,4,32.0,EUR,0.0,128.0,128.0
TXN-IT-1-000445,2026-08-25 02:26:59,2026-08-25 02:27:59,IT,Proprietary ERP,B,PUR-002,PureLife BP Monitor,Medical Device,PureLife,Pharmacy/B2B,8,90.0,EUR,0.1,720.0,648.0
TXN-IT-1-000446,2026-08-25 01:46:20,2026-08-25 01:48:20,IT,Proprietary ERP,B,MED-001,Medora Cardio 10mg,Prescription,Medora,Wholesale,8,43.0,EUR,0.0,344.0,344.0
TXN-IT-1-000447,2026-08-25 19:39:07,2026-08-25 19:41:07,IT,Proprietary ERP,B,MED-001,Medora Cardio 10mg,Prescription,Medora,E-commerce,9,43.0,EUR,0.0,387.0,387.0
TXN-IT-1-000448,2026-08-25 08:31:32,2026-08-25 08:37:32,IT,Proprietary ERP,B,PUR-002,PureLife BP Monitor,Medical Device,PureLife,D2C,10,90.0,EUR,0.1,900.0,810.0
TXN-IT-1-000449,2026-08-25 11:40:30,2026-08-25 11:42:30,IT,Proprietary ERP,B,SAN-001,SanaPlus PainRelief,OTC,SanaPlus,E-commerce,11,9.5,EUR,0.1,104.5,94.05
TXN-IT-1-000450,2026-08-25 08:02:52,2026-08-25 08:06:52,IT,Proprietary ERP,B,SAN-001,SanaPlus PainRelief,OTC,SanaPlus,D2C,1,9.5,EUR,0.1,9.5,8.55
TXN-IT-1-000451,2026-08-25 21:32:30,2026-08-25 21:38:30,IT,Proprietary ERP,B,VIT-001,Vitalis C1000,Supplement,Vitalis,Wholesale,9,21.0,EUR,0.05,189.0,179.55
TXN-IT-1-000452,2026-08-25 01:42:25,2026-08-25 01:45:25,IT,Proprietary ERP,B,DER-001,Dermacare GlowSerum,Aesthetic,Dermacare,D2C,12,32.0,EUR,0.05,384.0,364.8
TXN-IT-1-000453,2026-08-25 14:51:51,2026-08-25 14:53:51,IT,Proprietary ERP,B,SAN-001,SanaPlus PainRelief,OTC,SanaPlus,Wholesale,3,9.5,EUR,0.2,28.5,22.8
TXN-IT-1-000454,2026-08-25 19:35:07,2026-08-25 19:39:07,IT,Proprietary ERP,B,VIT-002,Vitalis Multivit,Supplement,Vitalis,E-commerce,5,17.0,EUR,0.2,85.0,68.0
TXN-IT-1-000455,2026-08-25 05:15:20,2026-08-25 05:19:20,IT,Proprietary ERP,B,MED-001,Medora Cardio 10mg,Prescription,Medora,Wholesale,7,43.0,EUR,0.1,301.0,270.9
TXN-IT-1-000456,2026-08-25 19:17:47,2026-08-25 19:19:47,IT,Proprietary ERP,B,DER-001,Dermacare GlowSerum,Aesthetic,Dermacare,E-commerce,5,32.0,EUR,0.0,160.0,160.0
TXN-IT-1-000457,2026-08-25 12:01:28,2026-08-25 12:07:28,IT,Proprietary ERP,B,MED-002,Medora Derm Cream,Prescription,Medora,Wholesale,6,26.0,EUR,0.0,156.0,156.0
TXN-IT-1-000458,2026-08-25 19:30:06,2026-08-25 19:36:06,IT,Proprietary ERP,B,VIT-002,Vitalis Multivit,Supplement,Vitalis,Pharmacy/B2B,5,17.0,EUR,0.05,85.0,80.75
TXN-IT-1-000459,2026-08-25 22:01:34,2026-08-25 22:06:34,IT,Proprietary ERP,B,MED-001,Medora Cardio 10mg,Prescription,Medora,Pharmacy/B2B,4,43.0,EUR,0.2,172.0,137.6
TXN-IT-1-000460,2026-08-25 21:23:35,2026-08-25 21:29:35,IT,Proprietary ERP,B,PUR-001,PureLife GlucoMonitor,Medical Device,PureLife,E-commerce,8,85.0,EUR,0.0,680.0,680.0
TXN-IT-1-000461,2026-08-25 12:07:22,2026-08-25 12:10:22,IT,Proprietary ERP,B,MED-001,Medora Cardio 10mg,Prescription,Medora,E-commerce,4,43.0,EUR,0.15,172.0,146.2
TXN-IT-1-000462,2026-08-25 04:16:16,2026-08-25 04:22:16,IT,Proprietary ERP,B,DER-002,Dermacare LiftCream,Aesthetic,Dermacare,E-commerce,12,37.0,EUR,0.1,444.0,399.6
TXN-IT-1-000463,2026-08-25 07:26:45,2026-08-25 07:30:45,IT,Proprietary ERP,B,VIT-002,Vitalis Multivit,Supplement,Vitalis,D2C,5,17.0,EUR,0.05,85.0,80.75
TXN-IT-1-000464,2026-08-25 16:58:32,2026-08-25 17:03:32,IT,Proprietary ERP,B,SAN-002,SanaPlus ColdFlu,OTC,SanaPlus,D2C,5,10.5,EUR,0.0,52.5,52.5
TXN-IT-1-000465,2026-08-25 18:40:15,2026-08-25 18:44:15,IT,Proprietary ERP,B,DER-002,Dermacare LiftCream,Aesthetic,Dermacare,Pharmacy/B2B,12,37.0,EUR,0.05,444.0,421.8
TXN-IT-1-000466,2026-08-25 11:39:33,2026-08-25 11:41:33,IT,Proprietary ERP,B,SAN-002,SanaPlus ColdFlu,OTC,SanaPlus,D2C,7,10.5,EUR,0.0,73.5,73.5
TXN-IT-1-000467,2026-08-25 20:28:51,2026-08-25 20:30:51,IT,Proprietary ERP,B,VIT-001,Vitalis C1000,Supplement,Vitalis,Pharmacy/B2B,5,21.0,EUR,0.1,105.0,94.5
TXN-IT-1-000468,2026-08-25 21:15:50,2026-08-25 21:20:50,IT,Proprietary ERP,B,DER-001,Dermacare GlowSerum,Aesthetic,Dermacare,D2C,3,32.0,EUR,0.0,96.0,96.0
TXN-IT-1-000469,2026-08-25 12:00:36,2026-08-25 12:02:36,IT,Proprietary ERP,B,DER-001,Dermacare GlowSerum,Aesthetic,Dermacare,E-commerce,8,32.0,EUR,0.1,256.0,230.4
TXN-IT-1-000470,2026-08-25 23:50:00,2026-08-25 23:56:00,IT,Proprietary ERP,B,SAN-002,SanaPlus ColdFlu,OTC,SanaPlus,D2C,8,10.5,EUR,0.15,84.0,71.4
TXN-IT-1-000471,2026-08-25 23:21:48,2026-08-25 23:27:48,IT,Proprietary ERP,B,DER-002,Dermacare LiftCream,Aesthetic,Dermacare,Wholesale,3,37.0,EUR,0.15,111.0,94.35
TXN-IT-1-000472,2026-08-25 12:49:20,2026-08-25 12:51:20,IT,Proprietary ERP,B,VIT-001,Vitalis C1000,Supplement,Vitalis,Wholesale,3,21.0,EUR,0.1,63.0,56.7
TXN-IT-1-000473,2026-08-25 23:22:03,2026-08-25 23:23:03,IT,Proprietary ERP,B,PUR-001,PureLife GlucoMonitor,Medical Device,PureLife,Pharmacy/B2B,2,85.0,EUR,0.2,170.0,136.0
TXN-IT-1-000474,2026-08-25 01:45:58,2026-08-25 01:46:58,IT,Proprietary ERP,B,DER-001,Dermacare GlowSerum,Aesthetic,Dermacare,E-commerce,11,32.0,EUR,0.0,352.0,352.0
TXN-IT-1-000475,2026-08-25 02:28:28,2026-08-25 02:34:28,IT,Proprietary ERP,B,VIT-001,Vitalis C1000,Supplement,Vitalis,Pharmacy/B2B,4,21.0,EUR,0.1,84.0,75.6
TXN-IT-1-000476,2026-08-25 16:36:10,2026-08-25 16:39:10,IT,Proprietary ERP,B,MED-001,Medora Cardio 10mg,Prescription,Medora,Wholesale,11,43.0,EUR,0.05,473.0,449.35
TXN-IT-1-000477,2026-08-25 00:34:21,2026-08-25 00:35:21,IT,Proprietary ERP,B,PUR-001,PureLife GlucoMonitor,Medical Device,PureLife,Wholesale,1,85.0,EUR,0.0,85.0,85.0
TXN-IT-1-000478,2026-08-25 19:16:31,2026-08-25 19:22:31,IT,Proprietary ERP,B,SAN-001,SanaPlus PainRelief,OTC,SanaPlus,D2C,1,9.5,EUR,0.1,9.5,8.55
TXN-IT-1-000479,2026-08-25 15:40:36,2026-08-25 15:42:36,IT,Proprietary ERP,B,MED-002,Medora Derm Cream,Prescription,Medora,Pharmacy/B2B,9,26.0,EUR,0.0,234.0,234.0
TXN-IT-1-000480,2026-08-25 08:46:24,2026-08-25 08:48:24,IT,Proprietary ERP,B,PUR-002,PureLife BP Monitor,Medical Device,PureLife,D2C,6,90.0,EUR,0.0,540.0,540.0
TXN-IT-1-000481,2026-08-25 14:27:02,2026-08-25 14:28:02,IT,Proprietary ERP,B,SAN-002,SanaPlus ColdFlu,OTC,SanaPlus,Wholesale,8,10.5,EUR,0.1,84.0,75.6
TXN-IT-1-000482,2026-08-25 08:51:17,2026-08-25 08:57:17,IT,Proprietary ERP,B,VIT-002,Vitalis Multivit,Supplement,Vitalis,D2C,11,17.0,EUR,0.2,187.0,149.6
TXN-IT-1-000483,2026-08-25 02:56:06,2026-08-25 03:02:06,IT,Proprietary ERP,B,MED-001,Medora Cardio 10mg,Prescription,Medora,Pharmacy/B2B,7,43.0,EUR,0.05,301.0,285.95
TXN-IT-1-000484,2026-08-25 13:43:56,2026-08-25 13:48:56,IT,Proprietary ERP,B,DER-002,Dermacare LiftCream,Aesthetic,Dermacare,Pharmacy/B2B,11,37.0,EUR,0.0,407.0,407.0
TXN-IT-1-000485,2026-08-25 06:14:23,2026-08-25 06:15:23,IT,Proprietary ERP,B,DER-002,Dermacare LiftCream,Aesthetic,Dermacare,Wholesale,11,37.0,EUR,0.2,407.0,325.6
TXN-IT-1-000486,2026-08-25 12:03:40,2026-08-25 12:08:40,IT,Proprietary ERP,B,MED-002,Medora Derm Cream,Prescription,Medora,Pharmacy/B2B,4,26.0,EUR,0.0,104.0,104.0
TXN-IT-1-000487,2026-08-25 20:38:09,2026-08-25 20:42:09,IT,Proprietary ERP,B,SAN-001,SanaPlus PainRelief,OTC,SanaPlus,Pharmacy/B2B,2,9.5,EUR,0.15,19.0,16.15
TXN-IT-1-000488,2026-08-25 10:12:29,2026-08-25 10:17:29,IT,Proprietary ERP,B,PUR-002,PureLife BP Monitor,Medical Device,PureLife,Pharmacy/B2B,3,90.0,EUR,0.2,270.0,216.0
TXN-IT-1-000489,2026-08-25 11:27:00,2026-08-25 11:28:00,IT,Proprietary ERP,B,VIT-002,Vitalis Multivit,Supplement,Vitalis,E-commerce,12,17.0,EUR,0.2,204.0,163.2
TXN-IT-1-000490,2026-08-25 14:30:05,2026-08-25 14:31:05,IT,Proprietary ERP,B,SAN-001,SanaPlus PainRelief,OTC,SanaPlus,E-commerce,10,9.5,EUR,0.0,95.0,95.0
TXN-IT-1-000491,2026-08-25 20:37:57,2026-08-25 20:41:57,IT,Proprietary ERP,B,PUR-001,PureLife GlucoMonitor,Medical Device,PureLife,D2C,7,85.0,EUR,0.2,595.0,476.0
TXN-IT-1-000492,2026-08-25 05:05:43,2026-08-25 05:11:43,IT,Proprietary ERP,B,MED-002,Medora Derm Cream,Prescription,Medora,D2C,1,26.0,EUR,0.0,26.0,26.0
TXN-IT-1-000493,2026-08-25 15:54:50,2026-08-25 15:56:50,IT,Proprietary ERP,B,MED-002,Medora Derm Cream,Prescription,Medora,D2C,10,26.0,EUR,0.2,260.0,208.0
TXN-IT-1-000494,2026-08-25 22:21:00,2026-08-25 22:26:00,IT,Proprietary ERP,B,DER-001,Dermacare GlowSerum,Aesthetic,Dermacare,D2C,1,32.0,EUR,0.15,32.0,27.2
TXN-IT-1-000495,2026-08-25 09:57:05,2026-08-25 10:01:05,IT,Proprietary ERP,B,DER-002,Dermacare LiftCream,Aesthetic,Dermacare,E-commerce,6,37.0,EUR,0.1,222.0,199.8
TXN-IT-1-000496,2026-08-25 13:40:07,2026-08-25 13:44:07,IT,Proprietary ERP,B,VIT-001,Vitalis C1000,Supplement,Vitalis,Wholesale,2,21.0,EUR,0.2,42.0,33.6
TXN-IT-1-000497,2026-08-25 22:31:23,2026-08-25 22:34:23,IT,Proprietary ERP,B,VIT-002,Vitalis Multivit,Supplement,Vitalis,Pharmacy/B2B,2,17.0,EUR,0.0,34.0,34.0
TXN-IT-1-000498,2026-08-25 05:36:54,2026-08-25 05:40:54,IT,Proprietary ERP,B,VIT-001,Vitalis C1000,Supplement,Vitalis,Wholesale,6,21.0,EUR,0.0,126.0,126.0
TXN-IT-1-000499,2026-08-25 03:52:45,2026-08-25 03:53:45,IT,Proprietary ERP,B,MED-001,Medora Cardio 10mg,Prescription,Medora,D2C,8,43.0,EUR,0.0,344.0,344.0
TXN-IT-1-000500,2026-08-25 09:49:18,2026-08-25 09:50:18,IT,Proprietary ERP,B,VIT-001,Vitalis C1000,Supplement,Vitalis,Pharmacy/B2B,3,21.0,EUR,0.05,63.0,59.85
TXN-IT-1-000501,2026-08-25 16:20:30,2026-08-25 16:25:30,IT,Proprietary ERP,B,PUR-001,PureLife GlucoMonitor,Medical Device,PureLife,Wholesale,2,85.0,EUR,0.0,170.0,170.0
TXN-IT-1-000502,2026-08-25 03:15:46,2026-08-25 03:18:46,IT,Proprietary ERP,B,PUR-001,PureLife GlucoMonitor,Medical Device,PureLife,Pharmacy/B2B,10,85.0,EUR,0.1,850.0,765.0
TXN-IT-1-000503,2026-08-25 11:48:43,2026-08-25 11:52:43,IT,Proprietary ERP,B,MED-001,Medora Cardio 10mg,Prescription,Medora,D2C,7,43.0,EUR,0.05,301.0,285.95
TXN-IT-1-000504,2026-08-25 03:05:01,2026-08-25 03:11:01,IT,Proprietary ERP,B,PUR-001,PureLife GlucoMonitor,Medical Device,PureLife,E-commerce,10,85.0,EUR,0.1,850.0,765.0
TXN-IT-1-000505,2026-08-25 06:10:27,2026-08-25 06:16:27,IT,Proprietary ERP,B,DER-001,Dermacare GlowSerum,Aesthetic,Dermacare,E-commerce,3,32.0,EUR,0.0,96.0,96.0
TXN-IT-1-000506,2026-08-25 10:57:49,2026-08-25 11:00:49,IT,Proprietary ERP,B,DER-002,Dermacare LiftCream,Aesthetic,Dermacare,E-commerce,2,37.0,EUR,0.0,74.0,74.0
TXN-IT-1-000507,2026-08-25 15:49:33,2026-08-25 15:52:33,IT,Proprietary ERP,B,DER-001,Dermacare GlowSerum,Aesthetic,Dermacare,D2C,8,32.0,EUR,0.2,256.0,204.8
TXN-IT-1-000508,2026-08-25 02:48:02,2026-08-25 02:51:02,IT,Proprietary ERP,B,SAN-001,SanaPlus PainRelief,OTC,SanaPlus,E-commerce,12,9.5,EUR,0.15,114.0,96.9
TXN-IT-1-000509,2026-08-25 18:03:05,2026-08-25 18:08:05,IT,Proprietary ERP,B,PUR-002,PureLife BP Monitor,Medical Device,PureLife,E-commerce,8,90.0,EUR,0.0,720.0,720.0
TXN-IT-1-000510,2026-08-25 04:55:58,2026-08-25 04:58:58,IT,Proprietary ERP,B,MED-001,Medora Cardio 10mg,Prescription,Medora,Wholesale,6,43.0,EUR,0.2,258.0,206.4
TXN-IT-1-000511,2026-08-25 22:34:49,2026-08-25 22:38:49,IT,Proprietary ERP,B,SAN-002,SanaPlus ColdFlu,OTC,SanaPlus,Wholesale,6,10.5,EUR,0.05,63.0,59.85
TXN-IT-1-000512,2026-08-25 23:42:12,2026-08-25 23:47:12,IT,Proprietary ERP,B,VIT-001,Vitalis C1000,Supplement,Vitalis,D2C,6,21.0,EUR,0.1,126.0,113.4
TXN-IT-1-000513,2026-08-25 07:18:46,2026-08-25 07:22:46,IT,Proprietary ERP,B,SAN-002,SanaPlus ColdFlu,OTC,SanaPlus,E-commerce,7,10.5,EUR,0.0,73.5,73.5
TXN-IT-1-000514,2026-08-25 10:36:40,2026-08-25 10:42:40,IT,Proprietary ERP,B,DER-002,Dermacare LiftCream,Aesthetic,Dermacare,E-commerce,6,37.0,EUR,0.05,222.0,210.9
TXN-IT-1-000515,2026-08-25 10:12:19,2026-08-25 10:16:19,IT,Proprietary ERP,B,SAN-002,SanaPlus ColdFlu,OTC,SanaPlus,Pharmacy/B2B,10,10.5,EUR,0.0,105.0,105.0
TXN-IT-1-000516,2026-08-25 21:33:44,2026-08-25 21:38:44,IT,Proprietary ERP,B,VIT-001,Vitalis C1000,Supplement,Vitalis,Pharmacy/B2B,12,21.0,EUR,0.05,252.0,239.4
TXN-IT-1-000517,2026-08-25 07:37:59,2026-08-25 07:41:59,IT,Proprietary ERP,B,SAN-001,SanaPlus PainRelief,OTC,SanaPlus,Pharmacy/B2B,7,9.5,EUR,0.15,66.5,56.52
TXN-IT-1-000518,2026-08-25 18:10:44,2026-08-25 18:12:44,IT,Proprietary ERP,B,SAN-001,SanaPlus PainRelief,OTC,SanaPlus,E-commerce,5,9.5,EUR,0.15,47.5,40.38
TXN-IT-1-000519,2026-08-25 05:36:43,2026-08-25 05:42:43,IT,Proprietary ERP,B,DER-001,Dermacare GlowSerum,Aesthetic,Dermacare,Wholesale,2,32.0,EUR,0.05,64.0,60.8
TXN-IT-1-000520,2026-08-25 21:46:12,2026-08-25 21:50:12,IT,Proprietary ERP,B,PUR-002,PureLife BP Monitor,Medical Device,PureLife,Wholesale,9,90.0,EUR,0.1,810.0,729.0
TXN-IT-1-000521,2026-08-25 15:13:47,2026-08-25 15:18:47,IT,Proprietary ERP,B,MED-001,Medora Cardio 10mg,Prescription,Medora,D2C,12,43.0,EUR,0.2,516.0,412.8
TXN-IT-1-000522,2026-08-25 19:32:53,2026-08-25 19:37:53,IT,Proprietary ERP,B,MED-002,Medora Derm Cream,Prescription,Medora,Pharmacy/B2B,4,26.0,EUR,0.15,104.0,88.4
TXN-IT-1-000523,2026-08-25 12:55:31,2026-08-25 12:57:31,IT,Proprietary ERP,B,PUR-002,PureLife BP Monitor,Medical Device,PureLife,Pharmacy/B2B,10,90.0,EUR,0.15,900.0,765.0
TXN-IT-1-000524,2026-08-25 23:32:49,2026-08-25 23:36:49,IT,Proprietary ERP,B,SAN-002,SanaPlus ColdFlu,OTC,SanaPlus,Wholesale,2,10.5,EUR,0.0,21.0,21.0
TXN-IT-1-000525,2026-08-25 03:35:24,2026-08-25 03:38:24,IT,Proprietary ERP,B,VIT-002,Vitalis Multivit,Supplement,Vitalis,E-commerce,8,17.0,EUR,0.0,136.0,136.0
TXN-IT-1-000526,2026-08-25 14:14:26,2026-08-25 14:18:26,IT,Proprietary ERP,B,PUR-002,PureLife BP Monitor,Medical Device,PureLife,E-commerce,6,90.0,EUR,0.0,540.0,540.0
TXN-IT-1-000527,2026-08-25 17:34:37,2026-08-25 17:35:37,IT,Proprietary ERP,B,SAN-001,SanaPlus PainRelief,OTC,SanaPlus,Wholesale,2,9.5,EUR,0.0,19.0,19.0
TXN-IT-1-000528,2026-08-25 05:09:29,2026-08-25 05:12:29,IT,Proprietary ERP,B,SAN-001,SanaPlus PainRelief,OTC,SanaPlus,D2C,8,9.5,EUR,0.2,76.0,60.8
TXN-IT-1-000529,2026-08-25 07:31:54,2026-08-25 07:36:54,IT,Proprietary ERP,B,DER-002,Dermacare LiftCream,Aesthetic,Dermacare,D2C,8,37.0,EUR,0.0,296.0,296.0
TXN-IT-1-000530,2026-08-25 15:57:11,2026-08-25 16:03:11,IT,Proprietary ERP,B,DER-002,Dermacare LiftCream,Aesthetic,Dermacare,D2C,2,37.0,EUR,0.0,74.0,74.0
TXN-IT-1-000531,2026-08-25 01:37:36,2026-08-25 01:43:36,IT,Proprietary ERP,B,MED-002,Medora Derm Cream,Prescription,Medora,Pharmacy/B2B,6,26.0,EUR,0.15,156.0,132.6
TXN-IT-1-000532,2026-08-25 03:58:54,2026-08-25 04:04:54,IT,Proprietary ERP,B,VIT-001,Vitalis C1000,Supplement,Vitalis,E-commerce,9,21.0,EUR,0.0,189.0,189.0
TXN-IT-1-000533,2026-08-25 20:05:39,2026-08-25 20:07:39,IT,Proprietary ERP,B,SAN-002,SanaPlus ColdFlu,OTC,SanaPlus,Wholesale,8,10.5,EUR,0.0,84.0,84.0
TXN-IT-1-000534,2026-08-25 14:44:50,2026-08-25 14:50:50,IT,Proprietary ERP,B,VIT-001,Vitalis C1000,Supplement,Vitalis,E-commerce,11,21.0,EUR,0.15,231.0,196.35
TXN-IT-1-000535,2026-08-25 15:44:00,2026-08-25 15:48:00,IT,Proprietary ERP,B,MED-001,Medora Cardio 10mg,Prescription,Medora,E-commerce,8,43.0,EUR,0.1,344.0,309.6
TXN-IT-1-000536,2026-08-25 15:38:22,2026-08-25 15:42:22,IT,Proprietary ERP,B,MED-001,Medora Cardio 10mg,Prescription,Medora,E-commerce,4,43.0,EUR,0.0,172.0,172.0
TXN-IT-1-000537,2026-08-25 02:16:40,2026-08-25 02:21:40,IT,Proprietary ERP,B,MED-002,Medora Derm Cream,Prescription,Medora,E-commerce,6,26.0,EUR,0.0,156.0,156.0
TXN-IT-1-000538,2026-08-25 07:10:30,2026-08-25 07:14:30,IT,Proprietary ERP,B,MED-002,Medora Derm Cream,Prescription,Medora,D2C,11,26.0,EUR,0.2,286.0,228.8
TXN-IT-1-000539,2026-08-25 17:49:17,2026-08-25 17:54:17,IT,Proprietary ERP,B,SAN-002,SanaPlus ColdFlu,OTC,SanaPlus,Wholesale,10,10.5,EUR,0.05,105.0,99.75
TXN-IT-1-000540,2026-08-25 21:22:19,2026-08-25 21:23:19,IT,Proprietary ERP,B,SAN-002,SanaPlus ColdFlu,OTC,SanaPlus,D2C,8,10.5,EUR,0.1,84.0,75.6
TXN-IT-1-000541,2026-08-25 06:16:53,2026-08-25 06:22:53,IT,Proprietary ERP,B,SAN-001,SanaPlus PainRelief,OTC,SanaPlus,Pharmacy/B2B,11,9.5,EUR,0.0,104.5,104.5
TXN-IT-1-000542,2026-08-25 11:24:09,2026-08-25 11:25:09,IT,Proprietary ERP,B,VIT-002,Vitalis Multivit,Supplement,Vitalis,D2C,2,17.0,EUR,0.0,34.0,34.0
TXN-IT-1-000543,2026-08-25 13:35:29,2026-08-25 13:41:29,IT,Proprietary ERP,B,VIT-001,Vitalis C1000,Supplement,Vitalis,Wholesale,7,21.0,EUR,0.1,147.0,132.3
TXN-IT-1-000544,2026-08-25 05:01:10,2026-08-25 05:06:10,IT,Proprietary ERP,B,DER-001,Dermacare GlowSerum,Aesthetic,Dermacare,Wholesale,3,32.0,EUR,0.05,96.0,91.2
TXN-IT-1-000545,2026-08-25 23:08:16,2026-08-25 23:13:16,IT,Proprietary ERP,B,VIT-001,Vitalis C1000,Supplement,Vitalis,E-commerce,8,21.0,EUR,0.0,168.0,168.0
TXN-IT-1-000546,2026-08-25 05:06:28,2026-08-25 05:08:28,IT,Proprietary ERP,B,SAN-002,SanaPlus ColdFlu,OTC,SanaPlus,Wholesale,10,10.5,EUR,0.0,105.0,105.0
TXN-IT-1-000547,2026-08-25 13:04:19,2026-08-25 13:05:19,IT,Proprietary ERP,B,DER-002,Dermacare LiftCream,Aesthetic,Dermacare,E-commerce,4,37.0,EUR,0.2,148.0,118.4
TXN-IT-1-000548,2026-08-25 13:58:44,2026-08-25 14:03:44,IT,Proprietary ERP,B,PUR-001,PureLife GlucoMonitor,Medical Device,PureLife,Wholesale,7,85.0,EUR,0.15,595.0,505.75
TXN-IT-1-000549,2026-08-25 17:54:11,2026-08-25 17:58:11,IT,Proprietary ERP,B,DER-002,Dermacare LiftCream,Aesthetic,Dermacare,Wholesale,3,37.0,EUR,0.0,111.0,111.0
TXN-IT-1-000550,2026-08-25 20:35:07,2026-08-25 20:36:07,IT,Proprietary ERP,B,VIT-002,Vitalis Multivit,Supplement,Vitalis,D2C,1,17.0,EUR,0.0,17.0,17.0
TXN-IT-1-000551,2026-08-25 08:11:10,2026-08-25 08:16:10,IT,Proprietary ERP,B,SAN-001,SanaPlus PainRelief,OTC,SanaPlus,E-commerce,8,9.5,EUR,0.1,76.0,68.4
TXN-IT-1-000552,2026-08-25 18:02:01,2026-08-25 18:07:01,IT,Proprietary ERP,B,PUR-001,PureLife GlucoMonitor,Medical Device,PureLife,Pharmacy/B2B,10,85.0,EUR,0.0,850.0,850.0
TXN-IT-1-000553,2026-08-25 09:45:12,2026-08-25 09:50:12,IT,Proprietary ERP,B,SAN-002,SanaPlus ColdFlu,OTC,SanaPlus,Pharmacy/B2B,12,10.5,EUR,0.05,126.0,119.7
TXN-IT-1-000554,2026-08-25 19:53:31,2026-08-25 19:55:31,IT,Proprietary ERP,B,DER-001,Dermacare GlowSerum,Aesthetic,Dermacare,Pharmacy/B2B,12,32.0,EUR,0.2,384.0,307.2
TXN-IT-1-000555,2026-08-25 23:47:58,2026-08-25 23:49:58,IT,Proprietary ERP,B,SAN-001,SanaPlus PainRelief,OTC,SanaPlus,Pharmacy/B2B,8,9.5,EUR,0.0,76.0,76.0
TXN-IT-1-000556,2026-08-25 12:41:28,2026-08-25 12:42:28,IT,Proprietary ERP,B,DER-002,Dermacare LiftCream,Aesthetic,Dermacare,Pharmacy/B2B,4,37.0,EUR,0.0,148.0,148.0
TXN-IT-1-000557,2026-08-25 21:24:20,2026-08-25 21:30:20,IT,Proprietary ERP,B,SAN-002,SanaPlus ColdFlu,OTC,SanaPlus,Wholesale,3,10.5,EUR,0.1,31.5,28.35
TXN-IT-1-000558,2026-08-25 05:04:09,2026-08-25 05:06:09,IT,Proprietary ERP,B,VIT-002,Vitalis Multivit,Supplement,Vitalis,Pharmacy/B2B,10,17.0,EUR,0.0,170.0,170.0
TXN-IT-1-000559,2026-08-25 19:22:47,2026-08-25 19:25:47,IT,Proprietary ERP,B,PUR-002,PureLife BP Monitor,Medical Device,PureLife,E-commerce,6,90.0,EUR,0.15,540.0,459.0
TXN-IT-1-000560,2026-08-25 10:39:16,2026-08-25 10:42:16,IT,Proprietary ERP,B,PUR-002,PureLife BP Monitor,Medical Device,PureLife,D2C,9,90.0,EUR,0.15,810.0,688.5
TXN-IT-1-000561,2026-08-25 03:28:01,2026-08-25 03:30:01,IT,Proprietary ERP,B,DER-001,Dermacare GlowSerum,Aesthetic,Dermacare,Pharmacy/B2B,5,32.0,EUR,0.2,160.0,128.0
TXN-IT-1-000562,2026-08-25 23:52:49,2026-08-25 23:54:49,IT,Proprietary ERP,B,VIT-001,Vitalis C1000,Supplement,Vitalis,E-commerce,3,21.0,EUR,0.15,63.0,53.55
TXN-IT-1-000563,2026-08-25 11:43:37,2026-08-25 11:45:37,IT,Proprietary ERP,B,DER-001,Dermacare GlowSerum,Aesthetic,Dermacare,Wholesale,3,32.0,EUR,0.1,96.0,86.4
TXN-IT-1-000564,2026-08-25 23:01:30,2026-08-25 23:04:30,IT,Proprietary ERP,B,DER-001,Dermacare GlowSerum,Aesthetic,Dermacare,Wholesale,8,32.0,EUR,0.0,256.0,256.0
TXN-IT-1-000565,2026-08-25 23:04:10,2026-08-25 23:05:10,IT,Proprietary ERP,B,DER-001,Dermacare GlowSerum,Aesthetic,Dermacare,D2C,12,32.0,EUR,0.0,384.0,384.0
TXN-IT-1-000566,2026-08-25 16:33:17,2026-08-25 16:37:17,IT,Proprietary ERP,B,SAN-002,SanaPlus ColdFlu,OTC,SanaPlus,Pharmacy/B2B,12,10.5,EUR,0.0,126.0,126.0
TXN-IT-1-000567,2026-08-25 16:41:29,2026-08-25 16:47:29,IT,Proprietary ERP,B,SAN-002,SanaPlus ColdFlu,OTC,SanaPlus,Pharmacy/B2B,9,10.5,EUR,0.05,94.5,89.77
TXN-IT-1-000568,2026-08-25 07:55:51,2026-08-25 07:59:51,IT,Proprietary ERP,B,VIT-002,Vitalis Multivit,Supplement,Vitalis,Wholesale,5,17.0,EUR,0.0,85.0,85.0
TXN-IT-1-000569,2026-08-25 10:19:31,2026-08-25 10:22:31,IT,Proprietary ERP,B,PUR-001,PureLife GlucoMonitor,Medical Device,PureLife,E-commerce,10,85.0,EUR,0.2,850.0,680.0
TXN-IT-1-000570,2026-08-25 17:40:14,2026-08-25 17:43:14,IT,Proprietary ERP,B,MED-001,Medora Cardio 10mg,Prescription,Medora,Pharmacy/B2B,2,43.0,EUR,0.15,86.0,73.1
TXN-IT-1-000571,2026-08-25 16:43:58,2026-08-25 16:44:58,IT,Proprietary ERP,B,MED-002,Medora Derm Cream,Prescription,Medora,E-commerce,8,26.0,EUR,0.05,208.0,197.6
TXN-IT-1-000572,2026-08-25 00:01:28,2026-08-25 00:05:28,IT,Proprietary ERP,B,VIT-002,Vitalis Multivit,Supplement,Vitalis,E-commerce,11,17.0,EUR,0.0,187.0,187.0
TXN-IT-1-000573,2026-08-25 05:47:17,2026-08-25 05:50:17,IT,Proprietary ERP,B,MED-002,Medora Derm Cream,Prescription,Medora,D2C,5,26.0,EUR,0.0,130.0,130.0
TXN-IT-1-000574,2026-08-25 13:32:18,2026-08-25 13:38:18,IT,Proprietary ERP,B,VIT-001,Vitalis C1000,Supplement,Vitalis,Pharmacy/B2B,7,21.0,EUR,0.15,147.0,124.95
TXN-IT-1-000575,2026-08-25 11:07:23,2026-08-25 11:13:23,IT,Proprietary ERP,B,VIT-002,Vitalis Multivit,Supplement,Vitalis,Wholesale,11,17.0,EUR,0.0,187.0,187.0
TXN-IT-1-000576,2026-08-25 03:27:55,2026-08-25 03:28:55,IT,Proprietary ERP,B,VIT-002,Vitalis Multivit,Supplement,Vitalis,Wholesale,2,17.0,EUR,0.0,34.0,34.0
TXN-IT-1-000577,2026-08-25 21:36:54,2026-08-25 21:38:54,IT,Proprietary ERP,B,PUR-001,PureLife GlucoMonitor,Medical Device,PureLife,Wholesale,1,85.0,EUR,0.0,85.0,85.0
TXN-IT-1-000578,2026-08-25 12:30:32,2026-08-25 12:31:32,IT,Proprietary ERP,B,DER-001,Dermacare GlowSerum,Aesthetic,Dermacare,E-commerce,8,32.0,EUR,0.0,256.0,256.0
TXN-IT-1-000579,2026-08-25 08:20:08,2026-08-25 08:24:08,IT,Proprietary ERP,B,MED-002,Medora Derm Cream,Prescription,Medora,Pharmacy/B2B,2,26.0,EUR,0.0,52.0,52.0
TXN-IT-1-000580,2026-08-25 13:22:57,2026-08-25 13:25:57,IT,Proprietary ERP,B,VIT-001,Vitalis C1000,Supplement,Vitalis,Wholesale,3,21.0,EUR,0.15,63.0,53.55
TXN-IT-1-000581,2026-08-25 05:12:04,2026-08-25 05:13:04,IT,Proprietary ERP,B,PUR-001,PureLife GlucoMonitor,Medical Device,PureLife,Pharmacy/B2B,10,85.0,EUR,0.15,850.0,722.5
TXN-IT-1-000582,2026-08-25 05:58:31,2026-08-25 06:02:31,IT,Proprietary ERP,B,SAN-002,SanaPlus ColdFlu,OTC,SanaPlus,E-commerce,11,10.5,EUR,0.15,115.5,98.17
TXN-IT-1-000583,2026-08-25 05:30:40,2026-08-25 05:34:40,IT,Proprietary ERP,B,PUR-002,PureLife BP Monitor,Medical Device,PureLife,Wholesale,4,90.0,EUR,0.0,360.0,360.0
TXN-IT-1-000584,2026-08-25 03:39:28,2026-08-25 03:41:28,IT,Proprietary ERP,B,MED-002,Medora Derm Cream,Prescription,Medora,Wholesale,6,26.0,EUR,0.05,156.0,148.2
TXN-IT-1-000585,2026-08-25 11:27:02,2026-08-25 11:29:02,IT,Proprietary ERP,B,VIT-002,Vitalis Multivit,Supplement,Vitalis,D2C,11,17.0,EUR,0.0,187.0,187.0
TXN-IT-1-000586,2026-08-25 09:02:07,2026-08-25 09:07:07,IT,Proprietary ERP,B,PUR-002,PureLife BP Monitor,Medical Device,PureLife,D2C,12,90.0,EUR,0.0,1080.0,1080.0
TXN-IT-1-000587,2026-08-25 23:58:18,2026-08-26 00:01:18,IT,Proprietary ERP,B,VIT-002,Vitalis Multivit,Supplement,Vitalis,E-commerce,12,17.0,EUR,0.05,204.0,193.8
TXN-IT-1-000588,2026-08-25 10:45:37,2026-08-25 10:51:37,IT,Proprietary ERP,B,MED-001,Medora Cardio 10mg,Prescription,Medora,E-commerce,8,43.0,EUR,0.05,344.0,326.8
TXN-IT-1-000589,2026-08-25 04:06:17,2026-08-25 04:08:17,IT,Proprietary ERP,B,DER-002,Dermacare LiftCream,Aesthetic,Dermacare,Pharmacy/B2B,9,37.0,EUR,0.0,333.0,333.0
TXN-IT-1-000590,2026-08-25 13:08:49,2026-08-25 13:11:49,IT,Proprietary ERP,B,VIT-001,Vitalis C1000,Supplement,Vitalis,Wholesale,10,21.0,EUR,0.05,210.0,199.5
TXN-IT-1-000591,2026-08-25 13:18:15,2026-08-25 13:23:15,IT,Proprietary ERP,B,VIT-001,Vitalis C1000,Supplement,Vitalis,Wholesale,2,21.0,EUR,0.0,42.0,42.0
TXN-IT-1-000592,2026-08-25 21:23:06,2026-08-25 21:24:06,IT,Proprietary ERP,B,MED-001,Medora Cardio 10mg,Prescription,Medora,D2C,4,43.0,EUR,0.0,172.0,172.0
TXN-IT-1-000593,2026-08-25 02:12:05,2026-08-25 02:16:05,IT,Proprietary ERP,B,PUR-001,PureLife GlucoMonitor,Medical Device,PureLife,D2C,11,85.0,EUR,0.15,935.0,794.75
TXN-IT-1-000594,2026-08-25 18:14:33,2026-08-25 18:18:33,IT,Proprietary ERP,B,DER-001,Dermacare GlowSerum,Aesthetic,Dermacare,Wholesale,2,32.0,EUR,0.15,64.0,54.4
TXN-IT-1-000595,2026-08-25 19:32:08,2026-08-25 19:37:08,IT,Proprietary ERP,B,PUR-002,PureLife BP Monitor,Medical Device,PureLife,E-commerce,5,90.0,EUR,0.0,450.0,450.0
TXN-IT-1-000596,2026-08-25 11:17:00,2026-08-25 11:18:00,IT,Proprietary ERP,B,PUR-001,PureLife GlucoMonitor,Medical Device,PureLife,E-commerce,3,85.0,EUR,0.1,255.0,229.5
TXN-IT-1-000597,2026-08-25 11:53:47,2026-08-25 11:57:47,IT,Proprietary ERP,B,PUR-002,PureLife BP Monitor,Medical Device,PureLife,Pharmacy/B2B,5,90.0,EUR,0.15,450.0,382.5
TXN-IT-1-000598,2026-08-25 15:55:42,2026-08-25 16:01:42,IT,Proprietary ERP,B,VIT-002,Vitalis Multivit,Supplement,Vitalis,Pharmacy/B2B,4,17.0,EUR,0.0,68.0,68.0
TXN-IT-1-000599,2026-08-25 15:49:08,2026-08-25 15:50:08,IT,Proprietary ERP,B,DER-002,Dermacare LiftCream,Aesthetic,Dermacare,Pharmacy/B2B,5,37.0,EUR,0.15,185.0,157.25
TXN-IT-1-000600,2026-08-25 23:57:32,2026-08-26 00:03:32,IT,Proprietary ERP,B,VIT-001,Vitalis C1000,Supplement,Vitalis,Pharmacy/B2B,1,21.0,EUR,0.15,21.0,17.85
TXN-IT-1-000601,2026-08-25 04:59:44,2026-08-25 05:05:44,IT,Proprietary ERP,B,MED-001,Medora Cardio 10mg,Prescription,Medora,E-commerce,8,43.0,EUR,0.0,344.0,344.0
TXN-IT-1-000602,2026-08-25 19:02:31,2026-08-25 19:07:31,IT,Proprietary ERP,B,SAN-001,SanaPlus PainRelief,OTC,SanaPlus,E-commerce,6,9.5,EUR,0.0,57.0,57.0
TXN-IT-1-000603,2026-08-25 09:47:07,2026-08-25 09:53:07,IT,Proprietary ERP,B,MED-002,Medora Derm Cream,Prescription,Medora,Pharmacy/B2B,6,26.0,EUR,0.2,156.0,124.8
TXN-IT-1-000604,2026-08-25 15:37:52,2026-08-25 15:40:52,IT,Proprietary ERP,B,PUR-001,PureLife GlucoMonitor,Medical Device,PureLife,Pharmacy/B2B,5,85.0,EUR,0.15,425.0,361.25
TXN-IT-1-000605,2026-08-25 20:59:42,2026-08-25 21:05:42,IT,Proprietary ERP,B,MED-002,Medora Derm Cream,Prescription,Medora,Wholesale,8,26.0,EUR,0.1,208.0,187.2
TXN-IT-1-000606,2026-08-25 13:06:42,2026-08-25 13:07:42,IT,Proprietary ERP,B,DER-002,Dermacare LiftCream,Aesthetic,Dermacare,E-commerce,6,37.0,EUR,0.0,222.0,222.0
TXN-IT-1-000607,2026-08-25 09:17:18,2026-08-25 09:18:18,IT,Proprietary ERP,B,PUR-002,PureLife BP Monitor,Medical Device,PureLife,Pharmacy/B2B,4,90.0,EUR,0.15,360.0,306.0
TXN-IT-1-000608,2026-08-25 18:31:32,2026-08-25 18:32:32,IT,Proprietary ERP,B,MED-001,Medora Cardio 10mg,Prescription,Medora,Pharmacy/B2B,4,43.0,EUR,0.0,172.0,172.0
TXN-IT-1-000609,2026-08-25 17:10:35,2026-08-25 17:13:35,IT,Proprietary ERP,B,DER-001,Dermacare GlowSerum,Aesthetic,Dermacare,E-commerce,3,32.0,EUR,0.2,96.0,76.8
TXN-IT-1-000610,2026-08-25 01:17:15,2026-08-25 01:22:15,IT,Proprietary ERP,B,DER-001,Dermacare GlowSerum,Aesthetic,Dermacare,E-commerce,6,32.0,EUR,0.0,192.0,192.0
TXN-IT-1-000611,2026-08-25 15:09:19,2026-08-25 15:15:19,IT,Proprietary ERP,B,SAN-002,SanaPlus ColdFlu,OTC,SanaPlus,D2C,2,10.5,EUR,0.1,21.0,18.9
TXN-IT-1-000612,2026-08-25 13:34:24,2026-08-25 13:35:24,IT,Proprietary ERP,B,PUR-001,PureLife GlucoMonitor,Medical Device,PureLife,Pharmacy/B2B,3,85.0,EUR,0.0,255.0,255.0
TXN-IT-1-000613,2026-08-25 18:46:43,2026-08-25 18:47:43,IT,Proprietary ERP,B,DER-001,Dermacare GlowSerum,Aesthetic,Dermacare,Pharmacy/B2B,8,32.0,EUR,0.2,256.0,204.8
TXN-IT-1-000614,2026-08-25 10:16:42,2026-08-25 10:19:42,IT,Proprietary ERP,B,SAN-002,SanaPlus ColdFlu,OTC,SanaPlus,Pharmacy/B2B,9,10.5,EUR,0.05,94.5,89.77
TXN-IT-1-000615,2026-08-25 00:17:24,2026-08-25 00:20:24,IT,Proprietary ERP,B,VIT-002,Vitalis Multivit,Supplement,Vitalis,D2C,10,17.0,EUR,0.2,170.0,136.0
TXN-IT-1-000616,2026-08-25 11:03:54,2026-08-25 11:09:54,IT,Proprietary ERP,B,PUR-002,PureLife BP Monitor,Medical Device,PureLife,E-commerce,8,90.0,EUR,0.0,720.0,720.0
TXN-IT-1-000617,2026-08-25 21:32:34,2026-08-25 21:36:34,IT,Proprietary ERP,B,VIT-002,Vitalis Multivit,Supplement,Vitalis,E-commerce,3,17.0,EUR,0.0,51.0,51.0
TXN-IT-1-000618,2026-08-25 14:55:44,2026-08-25 14:56:44,IT,Proprietary ERP,B,VIT-002,Vitalis Multivit,Supplement,Vitalis,D2C,11,17.0,EUR,0.2,187.0,149.6
TXN-IT-1-000619,2026-08-25 00:20:57,2026-08-25 00:23:57,IT,Proprietary ERP,B,MED-001,Medora Cardio 10mg,Prescription,Medora,Wholesale,12,43.0,EUR,0.15,516.0,438.6
TXN-IT-1-000620,2026-08-25 11:11:46,2026-08-25 11:12:46,IT,Proprietary ERP,B,VIT-002,Vitalis Multivit,Supplement,Vitalis,E-commerce,7,17.0,EUR,0.05,119.0,113.05
TXN-IT-1-000621,2026-08-25 02:10:50,2026-08-25 02:12:50,IT,Proprietary ERP,B,SAN-001,SanaPlus PainRelief,OTC,SanaPlus,Pharmacy/B2B,1,9.5,EUR,0.0,9.5,9.5
TXN-IT-1-000622,2026-08-25 18:55:25,2026-08-25 18:59:25,IT,Proprietary ERP,B,SAN-002,SanaPlus ColdFlu,OTC,SanaPlus,Wholesale,12,10.5,EUR,0.0,126.0,126.0
TXN-IT-1-000623,2026-08-25 21:08:42,2026-08-25 21:09:42,IT,Proprietary ERP,B,PUR-001,PureLife GlucoMonitor,Medical Device,PureLife,E-commerce,11,85.0,EUR,0.2,935.0,748.0
TXN-IT-1-000624,2026-08-25 14:21:28,2026-08-25 14:22:28,IT,Proprietary ERP,B,PUR-002,PureLife BP Monitor,Medical Device,PureLife,Pharmacy/B2B,7,90.0,EUR,0.15,630.0,535.5
TXN-IT-1-000625,2026-08-25 04:45:32,2026-08-25 04:47:32,IT,Proprietary ERP,B,SAN-001,SanaPlus PainRelief,OTC,SanaPlus,D2C,6,9.5,EUR,0.2,57.0,45.6
TXN-IT-1-000626,2026-08-25 14:18:25,2026-08-25 14:24:25,IT,Proprietary ERP,B,SAN-002,SanaPlus ColdFlu,OTC,SanaPlus,D2C,8,10.5,EUR,0.0,84.0,84.0
TXN-IT-1-000627,2026-08-25 08:30:19,2026-08-25 08:31:19,IT,Proprietary ERP,B,VIT-002,Vitalis Multivit,Supplement,Vitalis,E-commerce,10,17.0,EUR,0.0,170.0,170.0
TXN-IT-1-000628,2026-08-25 05:39:29,2026-08-25 05:40:29,IT,Proprietary ERP,B,VIT-001,Vitalis C1000,Supplement,Vitalis,Wholesale,8,21.0,EUR,0.0,168.0,168.0
TXN-IT-1-000629,2026-08-25 14:48:02,2026-08-25 14:49:02,IT,Proprietary ERP,B,PUR-001,PureLife GlucoMonitor,Medical Device,PureLife,D2C,4,85.0,EUR,0.05,340.0,323.0
TXN-IT-1-000630,2026-08-25 11:13:30,2026-08-25 11:17:30,IT,Proprietary ERP,B,SAN-001,SanaPlus PainRelief,OTC,SanaPlus,Pharmacy/B2B,2,9.5,EUR,0.0,19.0,19.0
TXN-IT-1-000631,2026-08-25 11:04:34,2026-08-25 11:10:34,IT,Proprietary ERP,B,PUR-002,PureLife BP Monitor,Medical Device,PureLife,Pharmacy/B2B,4,90.0,EUR,0.2,360.0,288.0
TXN-IT-1-000632,2026-08-25 11:56:04,2026-08-25 11:58:04,IT,Proprietary ERP,B,MED-002,Medora Derm Cream,Prescription,Medora,E-commerce,6,26.0,EUR,0.05,156.0,148.2
TXN-IT-1-000633,2026-08-25 18:41:40,2026-08-25 18:42:40,IT,Proprietary ERP,B,SAN-001,SanaPlus PainRelief,OTC,SanaPlus,D2C,3,9.5,EUR,0.0,28.5,28.5
TXN-IT-1-000634,2026-08-25 14:43:24,2026-08-25 14:47:24,IT,Proprietary ERP,B,PUR-001,PureLife GlucoMonitor,Medical Device,PureLife,E-commerce,2,85.0,EUR,0.05,170.0,161.5
TXN-IT-1-000635,2026-08-25 03:42:37,2026-08-25 03:44:37,IT,Proprietary ERP,B,MED-002,Medora Derm Cream,Prescription,Medora,Pharmacy/B2B,1,26.0,EUR,0.2,26.0,20.8
TXN-IT-1-000636,2026-08-25 08:05:35,2026-08-25 08:07:35,IT,Proprietary ERP,B,VIT-002,Vitalis Multivit,Supplement,Vitalis,Wholesale,6,17.0,EUR,0.15,102.0,86.7
TXN-IT-1-000637,2026-08-25 22:56:54,2026-08-25 23:02:54,IT,Proprietary ERP,B,MED-002,Medora Derm Cream,Prescription,Medora,D2C,2,26.0,EUR,0.0,52.0,52.0
TXN-IT-1-000638,2026-08-25 02:20:50,2026-08-25 02:22:50,IT,Proprietary ERP,B,DER-002,Dermacare LiftCream,Aesthetic,Dermacare,E-commerce,2,37.0,EUR,0.2,74.0,59.2
TXN-IT-1-000639,2026-08-25 12:04:16,2026-08-25 12:05:16,IT,Proprietary ERP,B,MED-001,Medora Cardio 10mg,Prescription,Medora,Wholesale,1,43.0,EUR,0.0,43.0,43.0
TXN-IT-1-000640,2026-08-25 20:53:40,2026-08-25 20:57:40,IT,Proprietary ERP,B,DER-001,Dermacare GlowSerum,Aesthetic,Dermacare,Wholesale,1,32.0,EUR,0.05,32.0,30.4
TXN-IT-1-000641,2026-08-25 15:32:03,2026-08-25 15:34:03,IT,Proprietary ERP,B,SAN-002,SanaPlus ColdFlu,OTC,SanaPlus,E-commerce,3,10.5,EUR,0.0,31.5,31.5
TXN-IT-1-000642,2026-08-25 10:11:21,2026-08-25 10:15:21,IT,Proprietary ERP,B,VIT-001,Vitalis C1000,Supplement,Vitalis,Pharmacy/B2B,10,21.0,EUR,0.1,210.0,189.0
TXN-IT-1-000643,2026-08-25 22:27:48,2026-08-25 22:29:48,IT,Proprietary ERP,B,SAN-001,SanaPlus PainRelief,OTC,SanaPlus,Wholesale,7,9.5,EUR,0.1,66.5,59.85
TXN-IT-1-000644,2026-08-25 17:26:27,2026-08-25 17:27:27,IT,Proprietary ERP,B,MED-002,Medora Derm Cream,Prescription,Medora,D2C,7,26.0,EUR,0.0,182.0,182.0
TXN-IT-1-000645,2026-08-25 15:15:49,2026-08-25 15:17:49,IT,Proprietary ERP,B,PUR-001,PureLife GlucoMonitor,Medical Device,PureLife,E-commerce,11,85.0,EUR,0.2,935.0,748.0
TXN-IT-1-000646,2026-08-25 19:47:38,2026-08-25 19:48:38,IT,Proprietary ERP,B,DER-001,Dermacare GlowSerum,Aesthetic,Dermacare,D2C,8,32.0,EUR,0.1,256.0,230.4
TXN-IT-1-000647,2026-08-25 17:38:47,2026-08-25 17:41:47,IT,Proprietary ERP,B,PUR-002,PureLife BP Monitor,Medical Device,PureLife,D2C,7,90.0,EUR,0.0,630.0,630.0
TXN-IT-1-000648,2026-08-25 06:32:48,2026-08-25 06:33:48,IT,Proprietary ERP,B,SAN-002,SanaPlus ColdFlu,OTC,SanaPlus,E-commerce,1,10.5,EUR,0.2,10.5,8.4
TXN-IT-1-000649,2026-08-25 10:13:42,2026-08-25 10:14:42,IT,Proprietary ERP,B,DER-002,Dermacare LiftCream,Aesthetic,Dermacare,D2C,10,37.0,EUR,0.0,370.0,370.0
TXN-IT-1-000650,2026-08-25 05:48:42,2026-08-25 05:49:42,IT,Proprietary ERP,B,VIT-002,Vitalis Multivit,Supplement,Vitalis,E-commerce,5,17.0,EUR,0.1,85.0,76.5
TXN-IT-1-000651,2026-08-25 02:02:08,2026-08-25 02:04:08,IT,Proprietary ERP,B,PUR-002,PureLife BP Monitor,Medical Device,PureLife,Wholesale,6,90.0,EUR,0.2,540.0,432.0
TXN-IT-1-000652,2026-08-25 06:19:28,2026-08-25 06:21:28,IT,Proprietary ERP,B,VIT-002,Vitalis Multivit,Supplement,Vitalis,D2C,12,17.0,EUR,0.15,204.0,173.4
TXN-IT-1-000653,2026-08-25 13:03:46,2026-08-25 13:08:46,IT,Proprietary ERP,B,MED-001,Medora Cardio 10mg,Prescription,Medora,D2C,10,43.0,EUR,0.1,430.0,387.0
TXN-IT-1-000654,2026-08-25 05:10:25,2026-08-25 05:15:25,IT,Proprietary ERP,B,VIT-002,Vitalis Multivit,Supplement,Vitalis,Wholesale,9,17.0,EUR,0.0,153.0,153.0
TXN-IT-1-000655,2026-08-25 06:23:30,2026-08-25 06:27:30,IT,Proprietary ERP,B,MED-001,Medora Cardio 10mg,Prescription,Medora,Pharmacy/B2B,1,43.0,EUR,0.0,43.0,43.0
TXN-IT-1-000656,2026-08-25 21:54:21,2026-08-25 21:56:21,IT,Proprietary ERP,B,MED-001,Medora Cardio 10mg,Prescription,Medora,Wholesale,1,43.0,EUR,0.0,43.0,43.0
TXN-IT-1-000657,2026-08-25 22:21:35,2026-08-25 22:23:35,IT,Proprietary ERP,B,VIT-001,Vitalis C1000,Supplement,Vitalis,D2C,12,21.0,EUR,0.0,252.0,252.0
TXN-IT-1-000658,2026-08-25 11:46:53,2026-08-25 11:47:53,IT,Proprietary ERP,B,MED-001,Medora Cardio 10mg,Prescription,Medora,E-commerce,10,43.0,EUR,0.15,430.0,365.5
TXN-IT-1-000659,2026-08-25 05:09:26,2026-08-25 05:10:26,IT,Proprietary ERP,B,PUR-001,PureLife GlucoMonitor,Medical Device,PureLife,D2C,2,85.0,EUR,0.0,170.0,170.0
TXN-IT-1-000660,2026-08-25 14:24:11,2026-08-25 14:29:11,IT,Proprietary ERP,B,MED-002,Medora Derm Cream,Prescription,Medora,D2C,5,26.0,EUR,0.0,130.0,130.0
TXN-IT-1-000661,2026-08-25 04:58:04,2026-08-25 05:00:04,IT,Proprietary ERP,B,DER-001,Dermacare GlowSerum,Aesthetic,Dermacare,Wholesale,11,32.0,EUR,0.0,352.0,352.0
TXN-IT-1-000662,2026-08-25 06:20:33,2026-08-25 06:26:33,IT,Proprietary ERP,B,PUR-001,PureLife GlucoMonitor,Medical Device,PureLife,D2C,4,85.0,EUR,0.15,340.0,289.0
TXN-IT-1-000663,2026-08-25 21:26:34,2026-08-25 21:28:34,IT,Proprietary ERP,B,DER-001,Dermacare GlowSerum,Aesthetic,Dermacare,D2C,12,32.0,EUR,0.15,384.0,326.4
TXN-IT-1-000664,2026-08-25 10:43:22,2026-08-25 10:45:22,IT,Proprietary ERP,B,VIT-001,Vitalis C1000,Supplement,Vitalis,Pharmacy/B2B,12,21.0,EUR,0.1,252.0,226.8
TXN-IT-1-000665,2026-08-25 14:15:27,2026-08-25 14:20:27,IT,Proprietary ERP,B,MED-001,Medora Cardio 10mg,Prescription,Medora,E-commerce,10,43.0,EUR,0.0,430.0,430.0
TXN-IT-1-000666,2026-08-25 22:15:34,2026-08-25 22:17:34,IT,Proprietary ERP,B,PUR-002,PureLife BP Monitor,Medical Device,PureLife,Pharmacy/B2B,8,90.0,EUR,0.0,720.0,720.0
TXN-IT-1-000667,2026-08-25 12:03:26,2026-08-25 12:09:26,IT,Proprietary ERP,B,MED-002,Medora Derm Cream,Prescription,Medora,E-commerce,6,26.0,EUR,0.0,156.0,156.0
TXN-IT-1-000668,2026-08-25 06:06:45,2026-08-25 06:12:45,IT,Proprietary ERP,B,MED-002,Medora Derm Cream,Prescription,Medora,D2C,8,26.0,EUR,0.0,208.0,208.0
TXN-IT-1-000669,2026-08-25 09:39:21,2026-08-25 09:41:21,IT,Proprietary ERP,B,VIT-002,Vitalis Multivit,Supplement,Vitalis,Pharmacy/B2B,6,17.0,EUR,0.0,102.0,102.0
TXN-IT-1-000670,2026-08-25 03:56:00,2026-08-25 04:02:00,IT,Proprietary ERP,B,MED-001,Medora Cardio 10mg,Prescription,Medora,Pharmacy/B2B,7,43.0,EUR,0.05,301.0,285.95
TXN-IT-1-000671,2026-08-25 15:16:44,2026-08-25 15:18:44,IT,Proprietary ERP,B,DER-001,Dermacare GlowSerum,Aesthetic,Dermacare,Wholesale,7,32.0,EUR,0.0,224.0,224.0
TXN-IT-1-000672,2026-08-25 19:52:48,2026-08-25 19:56:48,IT,Proprietary ERP,B,MED-002,Medora Derm Cream,Prescription,Medora,Wholesale,10,26.0,EUR,0.15,260.0,221.0
TXN-IT-1-000673,2026-08-25 08:12:47,2026-08-25 08:14:47,IT,Proprietary ERP,B,DER-002,Dermacare LiftCream,Aesthetic,Dermacare,Pharmacy/B2B,1,37.0,EUR,0.0,37.0,37.0
TXN-IT-1-000674,2026-08-25 00:43:51,2026-08-25 00:46:51,IT,Proprietary ERP,B,SAN-001,SanaPlus PainRelief,OTC,SanaPlus,Pharmacy/B2B,2,9.5,EUR,0.0,19.0,19.0
TXN-IT-1-000675,2026-08-25 06:11:36,2026-08-25 06:15:36,IT,Proprietary ERP,B,VIT-001,Vitalis C1000,Supplement,Vitalis,Pharmacy/B2B,9,21.0,EUR,0.0,189.0,189.0
TXN-IT-1-000676,2026-08-25 12:18:15,2026-08-25 12:23:15,IT,Proprietary ERP,B,PUR-002,PureLife BP Monitor,Medical Device,PureLife,Wholesale,12,90.0,EUR,0.0,1080.0,1080.0
TXN-IT-1-000677,2026-08-25 15:42:14,2026-08-25 15:48:14,IT,Proprietary ERP,B,VIT-001,Vitalis C1000,Supplement,Vitalis,Wholesale,3,21.0,EUR,0.0,63.0,63.0
TXN-IT-1-000678,2026-08-25 03:41:12,2026-08-25 03:44:12,IT,Proprietary ERP,B,VIT-002,Vitalis Multivit,Supplement,Vitalis,E-commerce,7,17.0,EUR,0.15,119.0,101.15
TXN-IT-1-000679,2026-08-25 20:10:28,2026-08-25 20:16:28,IT,Proprietary ERP,B,PUR-001,PureLife GlucoMonitor,Medical Device,PureLife,D2C,11,85.0,EUR,0.0,935.0,935.0
TXN-IT-1-000680,2026-08-25 10:49:40,2026-08-25 10:51:40,IT,Proprietary ERP,B,MED-002,Medora Derm Cream,Prescription,Medora,Pharmacy/B2B,7,26.0,EUR,0.1,182.0,163.8
TXN-IT-1-000681,2026-08-25 20:00:45,2026-08-25 20:04:45,IT,Proprietary ERP,B,VIT-001,Vitalis C1000,Supplement,Vitalis,Pharmacy/B2B,6,21.0,EUR,0.0,126.0,126.0
TXN-IT-1-000682,2026-08-25 15:34:07,2026-08-25 15:35:07,IT,Proprietary ERP,B,SAN-001,SanaPlus PainRelief,OTC,SanaPlus,Wholesale,4,9.5,EUR,0.0,38.0,38.0
TXN-IT-1-000683,2026-08-25 00:56:13,2026-08-25 00:58:13,IT,Proprietary ERP,B,VIT-001,Vitalis C1000,Supplement,Vitalis,D2C,2,21.0,EUR,0.05,42.0,39.9
TXN-IT-1-000684,2026-08-25 04:12:19,2026-08-25 04:15:19,IT,Proprietary ERP,B,DER-001,Dermacare GlowSerum,Aesthetic,Dermacare,Wholesale,8,32.0,EUR,0.15,256.0,217.6
TXN-IT-1-000685,2026-08-25 09:38:54,2026-08-25 09:39:54,IT,Proprietary ERP,B,PUR-001,PureLife GlucoMonitor,Medical Device,PureLife,Wholesale,3,85.0,EUR,0.0,255.0,255.0
TXN-IT-1-000686,2026-08-25 13:53:16,2026-08-25 13:56:16,IT,Proprietary ERP,B,VIT-001,Vitalis C1000,Supplement,Vitalis,Wholesale,1,21.0,EUR,0.0,21.0,21.0
TXN-IT-1-000687,2026-08-25 16:00:37,2026-08-25 16:04:37,IT,Proprietary ERP,B,SAN-001,SanaPlus PainRelief,OTC,SanaPlus,E-commerce,5,9.5,EUR,0.1,47.5,42.75
TXN-IT-1-000688,2026-08-25 02:14:39,2026-08-25 02:16:39,IT,Proprietary ERP,B,MED-002,Medora Derm Cream,Prescription,Medora,Pharmacy/B2B,11,26.0,EUR,0.0,286.0,286.0
TXN-IT-1-000689,2026-08-25 19:42:48,2026-08-25 19:46:48,IT,Proprietary ERP,B,PUR-002,PureLife BP Monitor,Medical Device,PureLife,E-commerce,9,90.0,EUR,0.0,810.0,810.0
TXN-IT-1-000690,2026-08-25 14:05:38,2026-08-25 14:10:38,IT,Proprietary ERP,B,DER-001,Dermacare GlowSerum,Aesthetic,Dermacare,Wholesale,10,32.0,EUR,0.0,320.0,320.0
TXN-IT-1-000691,2026-08-25 17:20:24,2026-08-25 17:23:24,IT,Proprietary ERP,B,MED-002,Medora Derm Cream,Prescription,Medora,Wholesale,12,26.0,EUR,0.0,312.0,312.0
TXN-IT-1-000692,2026-08-25 18:16:51,2026-08-25 18:21:51,IT,Proprietary ERP,B,PUR-001,PureLife GlucoMonitor,Medical Device,PureLife,E-commerce,2,85.0,EUR,0.2,170.0,136.0
TXN-IT-1-000693,2026-08-25 16:20:56,2026-08-25 16:22:56,IT,Proprietary ERP,B,VIT-001,Vitalis C1000,Supplement,Vitalis,E-commerce,4,21.0,EUR,0.0,84.0,84.0
TXN-IT-1-000694,2026-08-25 01:33:13,2026-08-25 01:37:13,IT,Proprietary ERP,B,MED-002,Medora Derm Cream,Prescription,Medora,Wholesale,4,26.0,EUR,0.2,104.0,83.2
TXN-IT-1-000695,2026-08-25 22:50:11,2026-08-25 22:52:11,IT,Proprietary ERP,B,PUR-002,PureLife BP Monitor,Medical Device,PureLife,D2C,6,90.0,EUR,0.15,540.0,459.0
TXN-IT-1-000696,2026-08-25 02:26:23,2026-08-25 02:27:23,IT,Proprietary ERP,B,DER-001,Dermacare GlowSerum,Aesthetic,Dermacare,Wholesale,9,32.0,EUR,0.0,288.0,288.0
TXN-IT-1-000697,2026-08-25 10:03:22,2026-08-25 10:08:22,IT,Proprietary ERP,B,DER-002,Dermacare LiftCream,Aesthetic,Dermacare,Pharmacy/B2B,12,37.0,EUR,0.1,444.0,399.6
TXN-IT-1-000698,2026-08-25 21:23:34,2026-08-25 21:28:34,IT,Proprietary ERP,B,DER-001,Dermacare GlowSerum,Aesthetic,Dermacare,Pharmacy/B2B,7,32.0,EUR,0.0,224.0,224.0
TXN-IT-1-000699,2026-08-25 05:23:44,2026-08-25 05:28:44,IT,Proprietary ERP,B,PUR-002,PureLife BP Monitor,Medical Device,PureLife,Pharmacy/B2B,2,90.0,EUR,0.1,180.0,162.0
TXN-IT-1-000700,2026-08-25 03:40:37,2026-08-25 03:43:37,IT,Proprietary ERP,B,PUR-001,PureLife GlucoMonitor,Medical Device,PureLife,D2C,7,85.0,EUR,0.0,595.0,595.0
TXN-IT-1-000701,2026-08-25 13:56:46,2026-08-25 14:02:46,IT,Proprietary ERP,B,DER-002,Dermacare LiftCream,Aesthetic,Dermacare,Wholesale,1,37.0,EUR,0.0,37.0,37.0
TXN-IT-1-000702,2026-08-25 10:01:39,2026-08-25 10:05:39,IT,Proprietary ERP,B,VIT-001,Vitalis C1000,Supplement,Vitalis,Wholesale,1,21.0,EUR,0.05,21.0,19.95
TXN-IT-1-000703,2026-08-25 12:04:09,2026-08-25 12:10:09,IT,Proprietary ERP,B,VIT-002,Vitalis Multivit,Supplement,Vitalis,Pharmacy/B2B,12,17.0,EUR,0.05,204.0,193.8
TXN-IT-1-000704,2026-08-25 09:46:43,2026-08-25 09:49:43,IT,Proprietary ERP,B,MED-001,Medora Cardio 10mg,Prescription,Medora,D2C,5,43.0,EUR,0.0,215.0,215.0
TXN-IT-1-000705,2026-08-25 10:12:25,2026-08-25 10:16:25,IT,Proprietary ERP,B,MED-002,Medora Derm Cream,Prescription,Medora,E-commerce,3,26.0,EUR,0.0,78.0,78.0
TXN-IT-1-000706,2026-08-25 16:07:59,2026-08-25 16:10:59,IT,Proprietary ERP,B,SAN-001,SanaPlus PainRelief,OTC,SanaPlus,Wholesale,10,9.5,EUR,0.15,95.0,80.75
TXN-IT-1-000707,2026-08-25 03:15:03,2026-08-25 03:17:03,IT,Proprietary ERP,B,DER-002,Dermacare LiftCream,Aesthetic,Dermacare,E-commerce,7,37.0,EUR,0.15,259.0,220.15
TXN-IT-1-000708,2026-08-25 17:38:19,2026-08-25 17:43:19,IT,Proprietary ERP,B,SAN-002,SanaPlus ColdFlu,OTC,SanaPlus,Pharmacy/B2B,9,10.5,EUR,0.2,94.5,75.6
TXN-IT-1-000709,2026-08-25 05:47:16,2026-08-25 05:48:16,IT,Proprietary ERP,B,SAN-001,SanaPlus PainRelief,OTC,SanaPlus,Wholesale,3,9.5,EUR,0.2,28.5,22.8
TXN-IT-1-000710,2026-08-25 19:05:19,2026-08-25 19:10:19,IT,Proprietary ERP,B,MED-001,Medora Cardio 10mg,Prescription,Medora,E-commerce,4,43.0,EUR,0.2,172.0,137.6
TXN-IT-1-000711,2026-08-25 07:18:29,2026-08-25 07:19:29,IT,Proprietary ERP,B,VIT-002,Vitalis Multivit,Supplement,Vitalis,Pharmacy/B2B,8,17.0,EUR,0.0,136.0,136.0
TXN-IT-1-000712,2026-08-25 13:07:15,2026-08-25 13:13:15,IT,Proprietary ERP,B,VIT-002,Vitalis Multivit,Supplement,Vitalis,D2C,6,17.0,EUR,0.2,102.0,81.6
TXN-IT-1-000713,2026-08-25 16:54:06,2026-08-25 16:59:06,IT,Proprietary ERP,B,DER-001,Dermacare GlowSerum,Aesthetic,Dermacare,Pharmacy/B2B,11,32.0,EUR,0.0,352.0,352.0
TXN-IT-1-000714,2026-08-25 08:48:31,2026-08-25 08:51:31,IT,Proprietary ERP,B,DER-002,Dermacare LiftCream,Aesthetic,Dermacare,Wholesale,3,37.0,EUR,0.2,111.0,88.8
TXN-IT-1-000715,2026-08-25 17:16:44,2026-08-25 17:21:44,IT,Proprietary ERP,B,PUR-001,PureLife GlucoMonitor,Medical Device,PureLife,D2C,6,85.0,EUR,0.0,510.0,510.0
TXN-IT-1-000716,2026-08-25 09:25:03,2026-08-25 09:31:03,IT,Proprietary ERP,B,MED-002,Medora Derm Cream,Prescription,Medora,D2C,1,26.0,EUR,0.05,26.0,24.7
TXN-IT-1-000717,2026-08-25 01:48:27,2026-08-25 01:50:27,IT,Proprietary ERP,B,PUR-002,PureLife BP Monitor,Medical Device,PureLife,E-commerce,4,90.0,EUR,0.15,360.0,306.0
TXN-IT-1-000718,2026-08-25 08:11:45,2026-08-25 08:17:45,IT,Proprietary ERP,B,VIT-002,Vitalis Multivit,Supplement,Vitalis,D2C,11,17.0,EUR,0.05,187.0,177.65
TXN-IT-1-000719,2026-08-25 18:41:16,2026-08-25 18:42:16,IT,Proprietary ERP,B,MED-001,Medora Cardio 10mg,Prescription,Medora,Wholesale,3,43.0,EUR,0.15,129.0,109.65
TXN-IT-1-000720,2026-08-25 06:18:21,2026-08-25 06:23:21,IT,Proprietary ERP,B,MED-001,Medora Cardio 10mg,Prescription,Medora,E-commerce,5,43.0,EUR,0.1,215.0,193.5
TXN-IT-1-000721,2026-08-25 11:07:17,2026-08-25 11:13:17,IT,Proprietary ERP,B,SAN-001,SanaPlus PainRelief,OTC,SanaPlus,Wholesale,7,9.5,EUR,0.2,66.5,53.2
TXN-IT-1-000722,2026-08-25 12:41:46,2026-08-25 12:45:46,IT,Proprietary ERP,B,SAN-001,SanaPlus PainRelief,OTC,SanaPlus,E-commerce,8,9.5,EUR,0.0,76.0,76.0
TXN-IT-1-000723,2026-08-25 18:57:21,2026-08-25 19:02:21,IT,Proprietary ERP,B,DER-001,Dermacare GlowSerum,Aesthetic,Dermacare,Pharmacy/B2B,1,32.0,EUR,0.1,32.0,28.8
TXN-IT-1-000724,2026-08-25 13:37:31,2026-08-25 13:42:31,IT,Proprietary ERP,B,PUR-002,PureLife BP Monitor,Medical Device,PureLife,D2C,5,90.0,EUR,0.15,450.0,382.5
TXN-IT-1-000725,2026-08-25 03:56:09,2026-08-25 04:00:09,IT,Proprietary ERP,B,MED-002,Medora Derm Cream,Prescription,Medora,D2C,5,26.0,EUR,0.15,130.0,110.5
TXN-IT-1-000726,2026-08-25 11:50:16,2026-08-25 11:53:16,IT,Proprietary ERP,B,SAN-001,SanaPlus PainRelief,OTC,SanaPlus,D2C,4,9.5,EUR,0.0,38.0,38.0
TXN-IT-1-000727,2026-08-25 18:50:02,2026-08-25 18:52:02,IT,Proprietary ERP,B,MED-001,Medora Cardio 10mg,Prescription,Medora,Wholesale,11,43.0,EUR,0.0,473.0,473.0
TXN-IT-1-000728,2026-08-25 05:05:40,2026-08-25 05:11:40,IT,Proprietary ERP,B,MED-001,Medora Cardio 10mg,Prescription,Medora,Wholesale,5,43.0,EUR,0.0,215.0,215.0
TXN-IT-1-000729,2026-08-25 15:14:22,2026-08-25 15:18:22,IT,Proprietary ERP,B,DER-001,Dermacare GlowSerum,Aesthetic,Dermacare,Pharmacy/B2B,10,32.0,EUR,0.15,320.0,272.0
TXN-IT-1-000730,2026-08-25 20:49:38,2026-08-25 20:51:38,IT,Proprietary ERP,B,SAN-002,SanaPlus ColdFlu,OTC,SanaPlus,E-commerce,11,10.5,EUR,0.1,115.5,103.95
TXN-IT-1-000731,2026-08-25 23:14:25,2026-08-25 23:18:25,IT,Proprietary ERP,B,SAN-002,SanaPlus ColdFlu,OTC,SanaPlus,D2C,3,10.5,EUR,0.2,31.5,25.2
TXN-IT-1-000732,2026-08-25 23:56:34,2026-08-26 00:01:34,IT,Proprietary ERP,B,VIT-001,Vitalis C1000,Supplement,Vitalis,D2C,2,21.0,EUR,0.05,42.0,39.9
TXN-IT-1-000733,2026-08-25 04:39:29,2026-08-25 04:45:29,IT,Proprietary ERP,B,SAN-001,SanaPlus PainRelief,OTC,SanaPlus,E-commerce,11,9.5,EUR,0.0,104.5,104.5
TXN-IT-1-000734,2026-08-25 23:49:38,2026-08-25 23:50:38,IT,Proprietary ERP,B,VIT-002,Vitalis Multivit,Supplement,Vitalis,D2C,4,17.0,EUR,0.15,68.0,57.8
TXN-IT-1-000735,2026-08-25 11:10:50,2026-08-25 11:14:50,IT,Proprietary ERP,B,SAN-002,SanaPlus ColdFlu,OTC,SanaPlus,D2C,5,10.5,EUR,0.1,52.5,47.25
TXN-IT-1-000736,2026-08-25 10:42:21,2026-08-25 10:46:21,IT,Proprietary ERP,B,MED-002,Medora Derm Cream,Prescription,Medora,Wholesale,1,26.0,EUR,0.2,26.0,20.8
TXN-IT-1-000737,2026-08-25 23:05:51,2026-08-25 23:10:51,IT,Proprietary ERP,B,PUR-002,PureLife BP Monitor,Medical Device,PureLife,Pharmacy/B2B,8,90.0,EUR,0.0,720.0,720.0
TXN-IT-1-000738,2026-08-25 18:13:18,2026-08-25 18:14:18,IT,Proprietary ERP,B,DER-001,Dermacare GlowSerum,Aesthetic,Dermacare,D2C,7,32.0,EUR,0.0,224.0,224.0
TXN-IT-1-000739,2026-08-25 05:29:22,2026-08-25 05:31:22,IT,Proprietary ERP,B,VIT-002,Vitalis Multivit,Supplement,Vitalis,D2C,7,17.0,EUR,0.1,119.0,107.1
TXN-IT-1-000740,2026-08-25 16:39:34,2026-08-25 16:41:34,IT,Proprietary ERP,B,SAN-002,SanaPlus ColdFlu,OTC,SanaPlus,E-commerce,2,10.5,EUR,0.05,21.0,19.95
TXN-IT-1-000741,2026-08-25 12:06:38,2026-08-25 12:12:38,IT,Proprietary ERP,B,VIT-001,Vitalis C1000,Supplement,Vitalis,D2C,11,21.0,EUR,0.0,231.0,231.0
TXN-IT-1-000742,2026-08-25 00:10:17,2026-08-25 00:14:17,IT,Proprietary ERP,B,SAN-001,SanaPlus PainRelief,OTC,SanaPlus,E-commerce,3,9.5,EUR,0.1,28.5,25.65
TXN-IT-1-000743,2026-08-25 05:46:06,2026-08-25 05:50:06,IT,Proprietary ERP,B,MED-002,Medora Derm Cream,Prescription,Medora,E-commerce,10,26.0,EUR,0.05,260.0,247.0
TXN-IT-1-000744,2026-08-25 23:03:52,2026-08-25 23:07:52,IT,Proprietary ERP,B,DER-001,Dermacare GlowSerum,Aesthetic,Dermacare,Wholesale,8,32.0,EUR,0.05,256.0,243.2
TXN-IT-1-000745,2026-08-25 00:10:11,2026-08-25 00:11:11,IT,Proprietary ERP,B,PUR-001,PureLife GlucoMonitor,Medical Device,PureLife,E-commerce,12,85.0,EUR,0.0,1020.0,1020.0
TXN-IT-1-000746,2026-08-25 00:30:45,2026-08-25 00:33:45,IT,Proprietary ERP,B,PUR-001,PureLife GlucoMonitor,Medical Device,PureLife,E-commerce,1,85.0,EUR,0.15,85.0,72.25
TXN-IT-1-000747,2026-08-25 00:09:00,2026-08-25 00:15:00,IT,Proprietary ERP,B,VIT-002,Vitalis Multivit,Supplement,Vitalis,E-commerce,12,17.0,EUR,0.0,204.0,204.0
TXN-IT-1-000748,2026-08-25 11:21:46,2026-08-25 11:23:46,IT,Proprietary ERP,B,MED-002,Medora Derm Cream,Prescription,Medora,Wholesale,9,26.0,EUR,0.1,234.0,210.6
TXN-IT-1-000749,2026-08-25 11:08:43,2026-08-25 11:10:43,IT,Proprietary ERP,B,MED-002,Medora Derm Cream,Prescription,Medora,Pharmacy/B2B,5,26.0,EUR,0.0,130.0,130.0
TXN-IT-1-000750,2026-08-25 16:35:59,2026-08-25 16:41:59,IT,Proprietary ERP,B,PUR-001,PureLife GlucoMonitor,Medical Device,PureLife,D2C,7,85.0,EUR,0.15,595.0,505.75
TXN-IT-1-000751,2026-08-25 04:52:16,2026-08-25 04:55:16,IT,Proprietary ERP,B,DER-002,Dermacare LiftCream,Aesthetic,Dermacare,D2C,4,37.0,EUR,0.0,148.0,148.0
TXN-IT-1-000752,2026-08-25 14:41:13,2026-08-25 14:42:13,IT,Proprietary ERP,B,VIT-002,Vitalis Multivit,Supplement,Vitalis,E-commerce,12,17.0,EUR,0.0,204.0,204.0
TXN-IT-1-000753,2026-08-25 07:41:21,2026-08-25 07:47:21,IT,Proprietary ERP,B,MED-001,Medora Cardio 10mg,Prescription,Medora,E-commerce,2,43.0,EUR,0.0,86.0,86.0
TXN-IT-1-000754,2026-08-25 23:41:07,2026-08-25 23:42:07,IT,Proprietary ERP,B,DER-001,Dermacare GlowSerum,Aesthetic,Dermacare,D2C,9,32.0,EUR,0.1,288.0,259.2
TXN-IT-1-000755,2026-08-25 01:46:08,2026-08-25 01:51:08,IT,Proprietary ERP,B,MED-001,Medora Cardio 10mg,Prescription,Medora,Pharmacy/B2B,11,43.0,EUR,0.2,473.0,378.4
TXN-IT-1-000756,2026-08-25 00:43:07,2026-08-25 00:44:07,IT,Proprietary ERP,B,MED-002,Medora Derm Cream,Prescription,Medora,Wholesale,8,26.0,EUR,0.05,208.0,197.6
TXN-IT-1-000757,2026-08-25 04:29:59,2026-08-25 04:34:59,IT,Proprietary ERP,B,SAN-001,SanaPlus PainRelief,OTC,SanaPlus,Wholesale,12,9.5,EUR,0.0,114.0,114.0
TXN-IT-1-000758,2026-08-25 07:28:54,2026-08-25 07:34:54,IT,Proprietary ERP,B,MED-001,Medora Cardio 10mg,Prescription,Medora,D2C,7,43.0,EUR,0.15,301.0,255.85
TXN-IT-1-000759,2026-08-25 03:40:35,2026-08-25 03:46:35,IT,Proprietary ERP,B,PUR-001,PureLife GlucoMonitor,Medical Device,PureLife,D2C,10,85.0,EUR,0.1,850.0,765.0
TXN-IT-1-000760,2026-08-25 04:59:38,2026-08-25 05:03:38,IT,Proprietary ERP,B,MED-002,Medora Derm Cream,Prescription,Medora,Pharmacy/B2B,5,26.0,EUR,0.0,130.0,130.0
TXN-IT-1-000761,2026-08-25 03:52:08,2026-08-25 03:56:08,IT,Proprietary ERP,B,VIT-002,Vitalis Multivit,Supplement,Vitalis,E-commerce,5,17.0,EUR,0.2,85.0,68.0
TXN-IT-1-000762,2026-08-25 19:02:49,2026-08-25 19:04:49,IT,Proprietary ERP,B,SAN-002,SanaPlus ColdFlu,OTC,SanaPlus,Wholesale,5,10.5,EUR,0.0,52.5,52.5
TXN-IT-1-000763,2026-08-25 01:26:04,2026-08-25 01:31:04,IT,Proprietary ERP,B,DER-002,Dermacare LiftCream,Aesthetic,Dermacare,E-commerce,12,37.0,EUR,0.05,444.0,421.8
TXN-IT-1-000764,2026-08-25 12:02:12,2026-08-25 12:04:12,IT,Proprietary ERP,B,MED-001,Medora Cardio 10mg,Prescription,Medora,Pharmacy/B2B,11,43.0,EUR,0.0,473.0,473.0
TXN-IT-1-000765,2026-08-25 04:01:14,2026-08-25 04:06:14,IT,Proprietary ERP,B,DER-002,Dermacare LiftCream,Aesthetic,Dermacare,E-commerce,2,37.0,EUR,0.2,74.0,59.2
TXN-IT-1-000766,2026-08-25 18:37:50,2026-08-25 18:38:50,IT,Proprietary ERP,B,MED-002,Medora Derm Cream,Prescription,Medora,D2C,11,26.0,EUR,0.0,286.0,286.0
TXN-IT-1-000767,2026-08-25 16:37:47,2026-08-25 16:40:47,IT,Proprietary ERP,B,SAN-001,SanaPlus PainRelief,OTC,SanaPlus,Wholesale,1,9.5,EUR,0.0,9.5,9.5
TXN-IT-1-000768,2026-08-25 06:21:38,2026-08-25 06:22:38,IT,Proprietary ERP,B,SAN-001,SanaPlus PainRelief,OTC,SanaPlus,D2C,11,9.5,EUR,0.0,104.5,104.5
TXN-IT-1-000769,2026-08-25 15:30:36,2026-08-25 15:36:36,IT,Proprietary ERP,B,MED-002,Medora Derm Cream,Prescription,Medora,Pharmacy/B2B,1,26.0,EUR,0.0,26.0,26.0
TXN-IT-1-000770,2026-08-25 05:02:19,2026-08-25 05:08:19,IT,Proprietary ERP,B,VIT-001,Vitalis C1000,Supplement,Vitalis,D2C,6,21.0,EUR,0.05,126.0,119.7
TXN-IT-1-000771,2026-08-25 22:38:21,2026-08-25 22:41:21,IT,Proprietary ERP,B,MED-002,Medora Derm Cream,Prescription,Medora,D2C,6,26.0,EUR,0.0,156.0,156.0
TXN-IT-1-000772,2026-08-25 04:08:40,2026-08-25 04:12:40,IT,Proprietary ERP,B,DER-001,Dermacare GlowSerum,Aesthetic,Dermacare,Wholesale,5,32.0,EUR,0.2,160.0,128.0
TXN-IT-1-000773,2026-08-25 14:02:36,2026-08-25 14:08:36,IT,Proprietary ERP,B,DER-002,Dermacare LiftCream,Aesthetic,Dermacare,Wholesale,11,37.0,EUR,0.2,407.0,325.6
TXN-IT-1-000774,2026-08-25 06:04:20,2026-08-25 06:05:20,IT,Proprietary ERP,B,VIT-001,Vitalis C1000,Supplement,Vitalis,Pharmacy/B2B,3,21.0,EUR,0.0,63.0,63.0
TXN-IT-1-000775,2026-08-25 15:08:49,2026-08-25 15:13:49,IT,Proprietary ERP,B,DER-002,Dermacare LiftCream,Aesthetic,Dermacare,Wholesale,3,37.0,EUR,0.1,111.0,99.9
TXN-IT-1-000776,2026-08-25 13:49:34,2026-08-25 13:52:34,IT,Proprietary ERP,B,PUR-002,PureLife BP Monitor,Medical Device,PureLife,Pharmacy/B2B,11,90.0,EUR,0.2,990.0,792.0
TXN-IT-1-000777,2026-08-25 04:45:25,2026-08-25 04:49:25,IT,Proprietary ERP,B,DER-002,Dermacare LiftCream,Aesthetic,Dermacare,Pharmacy/B2B,7,37.0,EUR,0.05,259.0,246.05
TXN-IT-1-000778,2026-08-25 01:40:25,2026-08-25 01:41:25,IT,Proprietary ERP,B,SAN-001,SanaPlus PainRelief,OTC,SanaPlus,D2C,1,9.5,EUR,0.15,9.5,8.07
TXN-IT-1-000779,2026-08-25 19:06:28,2026-08-25 19:12:28,IT,Proprietary ERP,B,PUR-002,PureLife BP Monitor,Medical Device,PureLife,E-commerce,11,90.0,EUR,0.2,990.0,792.0
TXN-IT-1-000780,2026-08-25 12:19:01,2026-08-25 12:24:01,IT,Proprietary ERP,B,PUR-001,PureLife GlucoMonitor,Medical Device,PureLife,Pharmacy/B2B,7,85.0,EUR,0.15,595.0,505.75
TXN-IT-1-000781,2026-08-25 09:03:01,2026-08-25 09:07:01,IT,Proprietary ERP,B,SAN-002,SanaPlus ColdFlu,OTC,SanaPlus,Wholesale,3,10.5,EUR,0.2,31.5,25.2
TXN-IT-1-000782,2026-08-25 20:19:43,2026-08-25 20:24:43,IT,Proprietary ERP,B,MED-001,Medora Cardio 10mg,Prescription,Medora,Pharmacy/B2B,11,43.0,EUR,0.0,473.0,473.0
TXN-IT-1-000783,2026-08-25 18:24:25,2026-08-25 18:28:25,IT,Proprietary ERP,B,DER-002,Dermacare LiftCream,Aesthetic,Dermacare,E-commerce,2,37.0,EUR,0.2,74.0,59.2
TXN-IT-1-000784,2026-08-25 17:54:01,2026-08-25 17:57:01,IT,Proprietary ERP,B,VIT-002,Vitalis Multivit,Supplement,Vitalis,D2C,5,17.0,EUR,0.0,85.0,85.0
TXN-IT-1-000785,2026-08-25 18:27:24,2026-08-25 18:29:24,IT,Proprietary ERP,B,PUR-001,PureLife GlucoMonitor,Medical Device,PureLife,Wholesale,7,85.0,EUR,0.2,595.0,476.0
TXN-IT-1-000786,2026-08-25 08:33:21,2026-08-25 08:34:21,IT,Proprietary ERP,B,DER-002,Dermacare LiftCream,Aesthetic,Dermacare,Wholesale,10,37.0,EUR,0.05,370.0,351.5
TXN-IT-1-000787,2026-08-25 03:12:16,2026-08-25 03:16:16,IT,Proprietary ERP,B,DER-002,Dermacare LiftCream,Aesthetic,Dermacare,D2C,2,37.0,EUR,0.05,74.0,70.3
TXN-IT-1-000788,2026-08-25 23:47:18,2026-08-25 23:48:18,IT,Proprietary ERP,B,MED-002,Medora Derm Cream,Prescription,Medora,Wholesale,7,26.0,EUR,0.0,182.0,182.0
TXN-IT-1-000789,2026-08-25 20:17:04,2026-08-25 20:22:04,IT,Proprietary ERP,B,MED-001,Medora Cardio 10mg,Prescription,Medora,Pharmacy/B2B,10,43.0,EUR,0.1,430.0,387.0
TXN-IT-1-000790,2026-08-25 23:12:43,2026-08-25 23:15:43,IT,Proprietary ERP,B,PUR-001,PureLife GlucoMonitor,Medical Device,PureLife,E-commerce,11,85.0,EUR,0.15,935.0,794.75
TXN-IT-1-000791,2026-08-25 16:36:36,2026-08-25 16:39:36,IT,Proprietary ERP,B,SAN-002,SanaPlus ColdFlu,OTC,SanaPlus,Pharmacy/B2B,4,10.5,EUR,0.2,42.0,33.6
TXN-IT-1-000792,2026-08-25 16:32:46,2026-08-25 16:35:46,IT,Proprietary ERP,B,PUR-001,PureLife GlucoMonitor,Medical Device,PureLife,Wholesale,12,85.0,EUR,0.15,1020.0,867.0
TXN-IT-1-000793,2026-08-25 13:13:37,2026-08-25 13:19:37,IT,Proprietary ERP,B,DER-002,Dermacare LiftCream,Aesthetic,Dermacare,Pharmacy/B2B,2,37.0,EUR,0.2,74.0,59.2
TXN-IT-1-000794,2026-08-25 23:59:24,2026-08-26 00:01:24,IT,Proprietary ERP,B,MED-001,Medora Cardio 10mg,Prescription,Medora,D2C,6,43.0,EUR,0.2,258.0,206.4
TXN-IT-1-000795,2026-08-25 23:04:15,2026-08-25 23:07:15,IT,Proprietary ERP,B,PUR-001,PureLife GlucoMonitor,Medical Device,PureLife,D2C,12,85.0,EUR,0.0,1020.0,1020.0
TXN-IT-1-000796,2026-08-25 01:40:00,2026-08-25 01:42:00,IT,Proprietary ERP,B,DER-002,Dermacare LiftCream,Aesthetic,Dermacare,E-commerce,12,37.0,EUR,0.15,444.0,377.4
TXN-IT-1-000797,2026-08-25 14:53:56,2026-08-25 14:54:56,IT,Proprietary ERP,B,SAN-001,SanaPlus PainRelief,OTC,SanaPlus,E-commerce,4,9.5,EUR,0.0,38.0,38.0
TXN-IT-1-000798,2026-08-25 14:18:17,2026-08-25 14:20:17,IT,Proprietary ERP,B,DER-002,Dermacare LiftCream,Aesthetic,Dermacare,E-commerce,12,37.0,EUR,0.0,444.0,444.0
TXN-IT-1-000799,2026-08-25 03:55:25,2026-08-25 03:59:25,IT,Proprietary ERP,B,MED-001,Medora Cardio 10mg,Prescription,Medora,Pharmacy/B2B,8,43.0,EUR,0.05,344.0,326.8
TXN-IT-1-000800,2026-08-25 23:58:25,2026-08-26 00:03:25,IT,Proprietary ERP,B,PUR-001,PureLife GlucoMonitor,Medical Device,PureLife,E-commerce,8,85.0,EUR,0.0,680.0,680.0
TXN-IT-1-000801,2026-08-25 19:18:35,2026-08-25 19:24:35,IT,Proprietary ERP,B,MED-001,Medora Cardio 10mg,Prescription,Medora,Wholesale,10,43.0,EUR,0.05,430.0,408.5
TXN-IT-1-000802,2026-08-25 18:30:28,2026-08-25 18:32:28,IT,Proprietary ERP,B,PUR-002,PureLife BP Monitor,Medical Device,PureLife,E-commerce,12,90.0,EUR,0.2,1080.0,864.0
TXN-IT-1-000803,2026-08-25 04:40:27,2026-08-25 04:41:27,IT,Proprietary ERP,B,DER-001,Dermacare GlowSerum,Aesthetic,Dermacare,D2C,9,32.0,EUR,0.05,288.0,273.6
TXN-IT-1-000804,2026-08-25 15:14:35,2026-08-25 15:19:35,IT,Proprietary ERP,B,VIT-002,Vitalis Multivit,Supplement,Vitalis,D2C,7,17.0,EUR,0.0,119.0,119.0
TXN-IT-1-000805,2026-08-25 10:42:37,2026-08-25 10:46:37,IT,Proprietary ERP,B,VIT-001,Vitalis C1000,Supplement,Vitalis,E-commerce,7,21.0,EUR,0.1,147.0,132.3
TXN-IT-1-000806,2026-08-25 18:39:07,2026-08-25 18:42:07,IT,Proprietary ERP,B,PUR-001,PureLife GlucoMonitor,Medical Device,PureLife,D2C,12,85.0,EUR,0.15,1020.0,867.0
TXN-IT-1-000807,2026-08-25 20:09:19,2026-08-25 20:15:19,IT,Proprietary ERP,B,VIT-002,Vitalis Multivit,Supplement,Vitalis,E-commerce,4,17.0,EUR,0.1,68.0,61.2
TXN-IT-1-000808,2026-08-25 10:34:46,2026-08-25 10:40:46,IT,Proprietary ERP,B,SAN-002,SanaPlus ColdFlu,OTC,SanaPlus,E-commerce,12,10.5,EUR,0.15,126.0,107.1
TXN-IT-1-000809,2026-08-25 06:28:26,2026-08-25 06:33:26,IT,Proprietary ERP,B,PUR-001,PureLife GlucoMonitor,Medical Device,PureLife,D2C,12,85.0,EUR,0.0,1020.0,1020.0
TXN-IT-1-000810,2026-08-25 12:49:28,2026-08-25 12:54:28,IT,Proprietary ERP,B,DER-002,Dermacare LiftCream,Aesthetic,Dermacare,Wholesale,11,37.0,EUR,0.15,407.0,345.95
TXN-IT-1-000811,2026-08-25 19:26:19,2026-08-25 19:29:19,IT,Proprietary ERP,B,DER-001,Dermacare GlowSerum,Aesthetic,Dermacare,Pharmacy/B2B,9,32.0,EUR,0.0,288.0,288.0
TXN-IT-1-000812,2026-08-25 00:55:12,2026-08-25 00:59:12,IT,Proprietary ERP,B,VIT-001,Vitalis C1000,Supplement,Vitalis,Pharmacy/B2B,11,21.0,EUR,0.0,231.0,231.0
TXN-IT-1-000813,2026-08-25 07:16:41,2026-08-25 07:19:41,IT,Proprietary ERP,B,VIT-001,Vitalis C1000,Supplement,Vitalis,D2C,11,21.0,EUR,0.0,231.0,231.0
TXN-IT-1-000814,2026-08-25 05:19:52,2026-08-25 05:20:52,IT,Proprietary ERP,B,SAN-001,SanaPlus PainRelief,OTC,SanaPlus,E-commerce,9,9.5,EUR,0.0,85.5,85.5
TXN-IT-1-000815,2026-08-25 13:03:33,2026-08-25 13:07:33,IT,Proprietary ERP,B,MED-002,Medora Derm Cream,Prescription,Medora,E-commerce,12,26.0,EUR,0.15,312.0,265.2
TXN-IT-1-000816,2026-08-25 20:26:06,2026-08-25 20:30:06,IT,Proprietary ERP,B,VIT-002,Vitalis Multivit,Supplement,Vitalis,D2C,12,17.0,EUR,0.15,204.0,173.4
TXN-IT-1-000817,2026-08-25 01:42:37,2026-08-25 01:46:37,IT,Proprietary ERP,B,DER-001,Dermacare GlowSerum,Aesthetic,Dermacare,Wholesale,11,32.0,EUR,0.0,352.0,352.0
TXN-IT-1-000818,2026-08-25 20:06:08,2026-08-25 20:07:08,IT,Proprietary ERP,B,MED-001,Medora Cardio 10mg,Prescription,Medora,D2C,4,43.0,EUR,0.1,172.0,154.8
TXN-IT-1-000819,2026-08-25 16:07:53,2026-08-25 16:09:53,IT,Proprietary ERP,B,SAN-002,SanaPlus ColdFlu,OTC,SanaPlus,E-commerce,12,10.5,EUR,0.0,126.0,126.0
TXN-IT-1-000820,2026-08-25 10:42:38,2026-08-25 10:46:38,IT,Proprietary ERP,B,VIT-001,Vitalis C1000,Supplement,Vitalis,Pharmacy/B2B,3,21.0,EUR,0.0,63.0,63.0
TXN-IT-1-000821,2026-08-25 18:42:30,2026-08-25 18:43:30,IT,Proprietary ERP,B,DER-001,Dermacare GlowSerum,Aesthetic,Dermacare,Pharmacy/B2B,7,32.0,EUR,0.0,224.0,224.0
TXN-IT-1-000822,2026-08-25 20:15:54,2026-08-25 20:18:54,IT,Proprietary ERP,B,VIT-001,Vitalis C1000,Supplement,Vitalis,E-commerce,10,21.0,EUR,0.2,210.0,168.0
TXN-IT-1-000823,2026-08-25 09:17:05,2026-08-25 09:18:05,IT,Proprietary ERP,B,SAN-002,SanaPlus ColdFlu,OTC,SanaPlus,Wholesale,12,10.5,EUR,0.0,126.0,126.0
TXN-IT-1-000824,2026-08-25 01:27:15,2026-08-25 01:29:15,IT,Proprietary ERP,B,SAN-002,SanaPlus ColdFlu,OTC,SanaPlus,Pharmacy/B2B,11,10.5,EUR,0.1,115.5,103.95
TXN-IT-1-000825,2026-08-25 10:57:52,2026-08-25 11:01:52,IT,Proprietary ERP,B,PUR-002,PureLife BP Monitor,Medical Device,PureLife,D2C,2,90.0,EUR,0.2,180.0,144.0
TXN-IT-1-000826,2026-08-25 11:34:22,2026-08-25 11:39:22,IT,Proprietary ERP,B,VIT-002,Vitalis Multivit,Supplement,Vitalis,E-commerce,9,17.0,EUR,0.0,153.0,153.0
TXN-IT-1-000827,2026-08-25 18:23:29,2026-08-25 18:25:29,IT,Proprietary ERP,B,DER-001,Dermacare GlowSerum,Aesthetic,Dermacare,Wholesale,2,32.0,EUR,0.0,64.0,64.0
TXN-IT-1-000828,2026-08-25 08:03:12,2026-08-25 08:05:12,IT,Proprietary ERP,B,SAN-002,SanaPlus ColdFlu,OTC,SanaPlus,D2C,6,10.5,EUR,0.0,63.0,63.0
TXN-IT-1-000829,2026-08-25 07:57:12,2026-08-25 08:02:12,IT,Proprietary ERP,B,PUR-001,PureLife GlucoMonitor,Medical Device,PureLife,Wholesale,9,85.0,EUR,0.2,765.0,612.0
TXN-IT-1-000830,2026-08-25 23:38:25,2026-08-25 23:39:25,IT,Proprietary ERP,B,MED-002,Medora Derm Cream,Prescription,Medora,D2C,8,26.0,EUR,0.0,208.0,208.0
TXN-IT-1-000831,2026-08-25 23:23:02,2026-08-25 23:28:02,IT,Proprietary ERP,B,PUR-002,PureLife BP Monitor,Medical Device,PureLife,E-commerce,1,90.0,EUR,0.15,90.0,76.5
TXN-IT-1-000832,2026-08-25 11:41:05,2026-08-25 11:45:05,IT,Proprietary ERP,B,MED-002,Medora Derm Cream,Prescription,Medora,Wholesale,5,26.0,EUR,0.1,130.0,117.0
TXN-IT-1-000833,2026-08-25 10:17:50,2026-08-25 10:18:50,IT,Proprietary ERP,B,PUR-001,PureLife GlucoMonitor,Medical Device,PureLife,D2C,9,85.0,EUR,0.2,765.0,612.0
TXN-IT-1-000834,2026-08-25 18:31:20,2026-08-25 18:35:20,IT,Proprietary ERP,B,DER-002,Dermacare LiftCream,Aesthetic,Dermacare,Pharmacy/B2B,5,37.0,EUR,0.15,185.0,157.25
TXN-IT-1-000835,2026-08-25 07:00:32,2026-08-25 07:03:32,IT,Proprietary ERP,B,PUR-001,PureLife GlucoMonitor,Medical Device,PureLife,Pharmacy/B2B,2,85.0,EUR,0.0,170.0,170.0
TXN-IT-1-000836,2026-08-25 19:35:13,2026-08-25 19:40:13,IT,Proprietary ERP,B,MED-001,Medora Cardio 10mg,Prescription,Medora,Pharmacy/B2B,4,43.0,EUR,0.15,172.0,146.2
TXN-IT-1-000837,2026-08-25 22:55:11,2026-08-25 22:57:11,IT,Proprietary ERP,B,DER-001,Dermacare GlowSerum,Aesthetic,Dermacare,Pharmacy/B2B,4,32.0,EUR,0.1,128.0,115.2
TXN-IT-1-000838,2026-08-25 15:50:47,2026-08-25 15:56:47,IT,Proprietary ERP,B,MED-002,Medora Derm Cream,Prescription,Medora,E-commerce,1,26.0,EUR,0.05,26.0,24.7
TXN-IT-1-000839,2026-08-25 12:04:38,2026-08-25 12:05:38,IT,Proprietary ERP,B,MED-002,Medora Derm Cream,Prescription,Medora,Pharmacy/B2B,1,26.0,EUR,0.0,26.0,26.0
TXN-IT-1-000840,2026-08-25 09:10:18,2026-08-25 09:15:18,IT,Proprietary ERP,B,MED-002,Medora Derm Cream,Prescription,Medora,E-commerce,5,26.0,EUR,0.05,130.0,123.5
TXN-IT-1-000841,2026-08-25 14:07:40,2026-08-25 14:11:40,IT,Proprietary ERP,B,DER-001,Dermacare GlowSerum,Aesthetic,Dermacare,Wholesale,6,32.0,EUR,0.0,192.0,192.0
TXN-IT-1-000842,2026-08-25 14:10:52,2026-08-25 14:16:52,IT,Proprietary ERP,B,MED-002,Medora Derm Cream,Prescription,Medora,Pharmacy/B2B,11,26.0,EUR,0.15,286.0,243.1
TXN-IT-1-000843,2026-08-25 22:30:48,2026-08-25 22:31:48,IT,Proprietary ERP,B,PUR-002,PureLife BP Monitor,Medical Device,PureLife,Pharmacy/B2B,12,90.0,EUR,0.2,1080.0,864.0
TXN-IT-1-000844,2026-08-25 02:38:34,2026-08-25 02:41:34,IT,Proprietary ERP,B,PUR-001,PureLife GlucoMonitor,Medical Device,PureLife,Pharmacy/B2B,5,85.0,EUR,0.2,425.0,340.0
TXN-IT-1-000845,2026-08-25 10:58:18,2026-08-25 11:03:18,IT,Proprietary ERP,B,MED-002,Medora Derm Cream,Prescription,Medora,D2C,8,26.0,EUR,0.05,208.0,197.6
TXN-IT-1-000846,2026-08-25 14:23:08,2026-08-25 14:29:08,IT,Proprietary ERP,B,MED-001,Medora Cardio 10mg,Prescription,Medora,Wholesale,3,43.0,EUR,0.1,129.0,116.1
TXN-IT-1-000847,2026-08-25 08:00:18,2026-08-25 08:02:18,IT,Proprietary ERP,B,DER-001,Dermacare GlowSerum,Aesthetic,Dermacare,D2C,11,32.0,EUR,0.0,352.0,352.0
TXN-IT-1-000848,2026-08-25 10:51:06,2026-08-25 10:57:06,IT,Proprietary ERP,B,SAN-002,SanaPlus ColdFlu,OTC,SanaPlus,Pharmacy/B2B,9,10.5,EUR,0.2,94.5,75.6
TXN-IT-1-000849,2026-08-25 20:12:34,2026-08-25 20:14:34,IT,Proprietary ERP,B,MED-002,Medora Derm Cream,Prescription,Medora,Pharmacy/B2B,1,26.0,EUR,0.1,26.0,23.4
TXN-IT-1-000850,2026-08-25 21:43:24,2026-08-25 21:47:24,IT,Proprietary ERP,B,PUR-001,PureLife GlucoMonitor,Medical Device,PureLife,Pharmacy/B2B,5,85.0,EUR,0.0,425.0,425.0
TXN-IT-1-000851,2026-08-25 12:31:09,2026-08-25 12:33:09,IT,Proprietary ERP,B,DER-001,Dermacare GlowSerum,Aesthetic,Dermacare,E-commerce,3,32.0,EUR,0.0,96.0,96.0
TXN-IT-1-000852,2026-08-25 08:02:19,2026-08-25 08:07:19,IT,Proprietary ERP,B,SAN-001,SanaPlus PainRelief,OTC,SanaPlus,E-commerce,2,9.5,EUR,0.0,19.0,19.0
TXN-IT-1-000853,2026-08-25 20:39:16,2026-08-25 20:40:16,IT,Proprietary ERP,B,PUR-001,PureLife GlucoMonitor,Medical Device,PureLife,Wholesale,11,85.0,EUR,0.1,935.0,841.5
TXN-IT-1-000854,2026-08-25 02:39:47,2026-08-25 02:42:47,IT,Proprietary ERP,B,MED-002,Medora Derm Cream,Prescription,Medora,D2C,2,26.0,EUR,0.0,52.0,52.0
TXN-IT-1-000855,2026-08-25 21:08:19,2026-08-25 21:12:19,IT,Proprietary ERP,B,SAN-002,SanaPlus ColdFlu,OTC,SanaPlus,D2C,3,10.5,EUR,0.15,31.5,26.77
TXN-IT-1-000856,2026-08-25 23:51:54,2026-08-25 23:53:54,IT,Proprietary ERP,B,MED-002,Medora Derm Cream,Prescription,Medora,D2C,10,26.0,EUR,0.0,260.0,260.0
TXN-IT-1-000857,2026-08-25 07:02:42,2026-08-25 07:05:42,IT,Proprietary ERP,B,DER-002,Dermacare LiftCream,Aesthetic,Dermacare,Wholesale,6,37.0,EUR,0.1,222.0,199.8
TXN-IT-1-000858,2026-08-25 11:07:45,2026-08-25 11:13:45,IT,Proprietary ERP,B,PUR-002,PureLife BP Monitor,Medical Device,PureLife,E-commerce,10,90.0,EUR,0.1,900.0,810.0
TXN-IT-1-000859,2026-08-25 13:16:14,2026-08-25 13:19:14,IT,Proprietary ERP,B,DER-001,Dermacare GlowSerum,Aesthetic,Dermacare,E-commerce,1,32.0,EUR,0.0,32.0,32.0
TXN-IT-1-000860,2026-08-25 08:57:46,2026-08-25 08:59:46,IT,Proprietary ERP,B,DER-001,Dermacare GlowSerum,Aesthetic,Dermacare,D2C,6,32.0,EUR,0.0,192.0,192.0
TXN-IT-1-000861,2026-08-25 12:04:18,2026-08-25 12:08:18,IT,Proprietary ERP,B,DER-002,Dermacare LiftCream,Aesthetic,Dermacare,Wholesale,6,37.0,EUR,0.2,222.0,177.6
TXN-IT-1-000862,2026-08-25 11:07:18,2026-08-25 11:11:18,IT,Proprietary ERP,B,PUR-001,PureLife GlucoMonitor,Medical Device,PureLife,Pharmacy/B2B,3,85.0,EUR,0.15,255.0,216.75
TXN-IT-1-000863,2026-08-25 22:05:11,2026-08-25 22:06:11,IT,Proprietary ERP,B,SAN-001,SanaPlus PainRelief,OTC,SanaPlus,E-commerce,9,9.5,EUR,0.0,85.5,85.5
TXN-IT-1-000864,2026-08-25 09:35:02,2026-08-25 09:41:02,IT,Proprietary ERP,B,MED-002,Medora Derm Cream,Prescription,Medora,Pharmacy/B2B,1,26.0,EUR,0.2,26.0,20.8
TXN-IT-1-000865,2026-08-25 18:27:56,2026-08-25 18:33:56,IT,Proprietary ERP,B,MED-001,Medora Cardio 10mg,Prescription,Medora,Wholesale,10,43.0,EUR,0.0,430.0,430.0
TXN-IT-1-000866,2026-08-25 01:20:04,2026-08-25 01:25:04,IT,Proprietary ERP,B,SAN-001,SanaPlus PainRelief,OTC,SanaPlus,Wholesale,11,9.5,EUR,0.2,104.5,83.6
TXN-IT-1-000867,2026-08-25 05:24:41,2026-08-25 05:27:41,IT,Proprietary ERP,B,DER-001,Dermacare GlowSerum,Aesthetic,Dermacare,E-commerce,10,32.0,EUR,0.15,320.0,272.0
TXN-IT-1-000868,2026-08-25 10:35:41,2026-08-25 10:37:41,IT,Proprietary ERP,B,DER-002,Dermacare LiftCream,Aesthetic,Dermacare,Pharmacy/B2B,7,37.0,EUR,0.0,259.0,259.0
TXN-IT-1-000869,2026-08-25 18:17:00,2026-08-25 18:18:00,IT,Proprietary ERP,B,VIT-002,Vitalis Multivit,Supplement,Vitalis,E-commerce,9,17.0,EUR,0.0,153.0,153.0
TXN-IT-1-000870,2026-08-25 16:14:47,2026-08-25 16:16:47,IT,Proprietary ERP,B,VIT-001,Vitalis C1000,Supplement,Vitalis,E-commerce,12,21.0,EUR,0.15,252.0,214.2
TXN-IT-1-000871,2026-08-25 17:36:13,2026-08-25 17:39:13,IT,Proprietary ERP,B,MED-001,Medora Cardio 10mg,Prescription,Medora,E-commerce,8,43.0,EUR,0.0,344.0,344.0
TXN-IT-1-000872,2026-08-25 02:17:19,2026-08-25 02:20:19,IT,Proprietary ERP,B,SAN-002,SanaPlus ColdFlu,OTC,SanaPlus,E-commerce,1,10.5,EUR,0.15,10.5,8.92
TXN-IT-1-000873,2026-08-25 07:31:42,2026-08-25 07:36:42,IT,Proprietary ERP,B,SAN-002,SanaPlus ColdFlu,OTC,SanaPlus,Wholesale,8,10.5,EUR,0.05,84.0,79.8
TXN-IT-1-000874,2026-08-25 01:41:26,2026-08-25 01:42:26,IT,Proprietary ERP,B,SAN-002,SanaPlus ColdFlu,OTC,SanaPlus,Pharmacy/B2B,12,10.5,EUR,0.1,126.0,113.4
TXN-IT-1-000875,2026-08-25 23:04:02,2026-08-25 23:07:02,IT,Proprietary ERP,B,SAN-001,SanaPlus PainRelief,OTC,SanaPlus,E-commerce,7,9.5,EUR,0.15,66.5,56.52
TXN-IT-1-000876,2026-08-25 13:46:53,2026-08-25 13:49:53,IT,Proprietary ERP,B,PUR-002,PureLife BP Monitor,Medical Device,PureLife,Pharmacy/B2B,9,90.0,EUR,0.0,810.0,810.0
TXN-IT-1-000877,2026-08-25 13:42:06,2026-08-25 13:44:06,IT,Proprietary ERP,B,PUR-001,PureLife GlucoMonitor,Medical Device,PureLife,Wholesale,6,85.0,EUR,0.2,510.0,408.0
TXN-IT-1-000878,2026-08-25 12:33:44,2026-08-25 12:37:44,IT,Proprietary ERP,B,DER-002,Dermacare LiftCream,Aesthetic,Dermacare,Pharmacy/B2B,9,37.0,EUR,0.0,333.0,333.0
TXN-IT-1-000879,2026-08-25 16:00:58,2026-08-25 16:02:58,IT,Proprietary ERP,B,VIT-002,Vitalis Multivit,Supplement,Vitalis,Pharmacy/B2B,9,17.0,EUR,0.15,153.0,130.05
TXN-IT-1-000880,2026-08-25 10:13:26,2026-08-25 10:15:26,IT,Proprietary ERP,B,VIT-001,Vitalis C1000,Supplement,Vitalis,E-commerce,3,21.0,EUR,0.0,63.0,63.0
TXN-IT-1-000881,2026-08-25 21:55:08,2026-08-25 22:01:08,IT,Proprietary ERP,B,MED-002,Medora Derm Cream,Prescription,Medora,E-commerce,7,26.0,EUR,0.2,182.0,145.6
TXN-IT-1-000882,2026-08-25 12:01:23,2026-08-25 12:07:23,IT,Proprietary ERP,B,MED-002,Medora Derm Cream,Prescription,Medora,Wholesale,11,26.0,EUR,0.05,286.0,271.7
TXN-IT-1-000883,2026-08-25 17:26:26,2026-08-25 17:28:26,IT,Proprietary ERP,B,PUR-002,PureLife BP Monitor,Medical Device,PureLife,E-commerce,11,90.0,EUR,0.2,990.0,792.0
TXN-IT-1-000884,2026-08-25 14:57:37,2026-08-25 14:58:37,IT,Proprietary ERP,B,VIT-002,Vitalis Multivit,Supplement,Vitalis,Pharmacy/B2B,3,17.0,EUR,0.1,51.0,45.9
TXN-IT-1-000885,2026-08-25 21:34:00,2026-08-25 21:36:00,IT,Proprietary ERP,B,VIT-001,Vitalis C1000,Supplement,Vitalis,Pharmacy/B2B,10,21.0,EUR,0.0,210.0,210.0
TXN-IT-1-000886,2026-08-25 02:02:08,2026-08-25 02:04:08,IT,Proprietary ERP,B,SAN-001,SanaPlus PainRelief,OTC,SanaPlus,E-commerce,9,9.5,EUR,0.05,85.5,81.22
TXN-IT-1-000887,2026-08-25 21:49:18,2026-08-25 21:54:18,IT,Proprietary ERP,B,MED-001,Medora Cardio 10mg,Prescription,Medora,D2C,2,43.0,EUR,0.0,86.0,86.0
TXN-IT-1-000888,2026-08-25 16:21:17,2026-08-25 16:26:17,IT,Proprietary ERP,B,DER-002,Dermacare LiftCream,Aesthetic,Dermacare,Wholesale,3,37.0,EUR,0.0,111.0,111.0
TXN-IT-1-000889,2026-08-25 14:57:20,2026-08-25 15:02:20,IT,Proprietary ERP,B,VIT-001,Vitalis C1000,Supplement,Vitalis,E-commerce,10,21.0,EUR,0.15,210.0,178.5
TXN-IT-1-000890,2026-08-25 18:35:52,2026-08-25 18:38:52,IT,Proprietary ERP,B,VIT-001,Vitalis C1000,Supplement,Vitalis,D2C,8,21.0,EUR,0.1,168.0,151.2
TXN-IT-1-000891,2026-08-25 21:30:10,2026-08-25 21:31:10,IT,Proprietary ERP,B,VIT-002,Vitalis Multivit,Supplement,Vitalis,Wholesale,7,17.0,EUR,0.0,119.0,119.0
TXN-IT-1-000892,2026-08-25 03:57:10,2026-08-25 03:58:10,IT,Proprietary ERP,B,VIT-002,Vitalis Multivit,Supplement,Vitalis,Wholesale,3,17.0,EUR,0.1,51.0,45.9
TXN-IT-1-000893,2026-08-25 03:30:22,2026-08-25 03:32:22,IT,Proprietary ERP,B,DER-002,Dermacare LiftCream,Aesthetic,Dermacare,Pharmacy/B2B,9,37.0,EUR,0.1,333.0,299.7
TXN-IT-1-000894,2026-08-25 04:16:43,2026-08-25 04:17:43,IT,Proprietary ERP,B,DER-002,Dermacare LiftCream,Aesthetic,Dermacare,E-commerce,10,37.0,EUR,0.1,370.0,333.0
TXN-IT-1-000895,2026-08-25 00:02:37,2026-08-25 00:08:37,IT,Proprietary ERP,B,DER-001,Dermacare GlowSerum,Aesthetic,Dermacare,Wholesale,6,32.0,EUR,0.2,192.0,153.6
TXN-IT-1-000896,2026-08-25 01:34:53,2026-08-25 01:40:53,IT,Proprietary ERP,B,PUR-001,PureLife GlucoMonitor,Medical Device,PureLife,Wholesale,4,85.0,EUR,0.2,340.0,272.0
TXN-IT-1-000897,2026-08-25 17:33:12,2026-08-25 17:37:12,IT,Proprietary ERP,B,SAN-002,SanaPlus ColdFlu,OTC,SanaPlus,Pharmacy/B2B,7,10.5,EUR,0.0,73.5,73.5
TXN-IT-1-000898,2026-08-25 09:16:00,2026-08-25 09:20:00,IT,Proprietary ERP,B,VIT-002,Vitalis Multivit,Supplement,Vitalis,Pharmacy/B2B,5,17.0,EUR,0.1,85.0,76.5
TXN-IT-1-000899,2026-08-25 19:47:47,2026-08-25 19:51:47,IT,Proprietary ERP,B,SAN-001,SanaPlus PainRelief,OTC,SanaPlus,E-commerce,1,9.5,EUR,0.15,9.5,8.07
TXN-IT-1-000900,2026-08-25 00:15:32,2026-08-25 00:20:32,IT,Proprietary ERP,B,PUR-001,PureLife GlucoMonitor,Medical Device,PureLife,Pharmacy/B2B,9,85.0,EUR,0.0,765.0,765.0
TXN-IT-1-000901,2026-08-25 13:39:15,2026-08-25 13:45:15,IT,Proprietary ERP,B,VIT-002,Vitalis Multivit,Supplement,Vitalis,D2C,7,17.0,EUR,0.0,119.0,119.0
TXN-IT-1-000902,2026-08-25 03:52:50,2026-08-25 03:54:50,IT,Proprietary ERP,B,DER-001,Dermacare GlowSerum,Aesthetic,Dermacare,D2C,5,32.0,EUR,0.2,160.0,128.0
TXN-IT-1-000903,2026-08-25 19:31:08,2026-08-25 19:35:08,IT,Proprietary ERP,B,PUR-002,PureLife BP Monitor,Medical Device,PureLife,D2C,10,90.0,EUR,0.0,900.0,900.0
TXN-IT-1-000904,2026-08-25 14:28:15,2026-08-25 14:30:15,IT,Proprietary ERP,B,DER-001,Dermacare GlowSerum,Aesthetic,Dermacare,Wholesale,3,32.0,EUR,0.0,96.0,96.0
TXN-IT-1-000905,2026-08-25 20:21:21,2026-08-25 20:26:21,IT,Proprietary ERP,B,DER-002,Dermacare LiftCream,Aesthetic,Dermacare,D2C,5,37.0,EUR,0.1,185.0,166.5
TXN-IT-1-000906,2026-08-25 12:32:15,2026-08-25 12:38:15,IT,Proprietary ERP,B,DER-001,Dermacare GlowSerum,Aesthetic,Dermacare,E-commerce,11,32.0,EUR,0.0,352.0,352.0
TXN-IT-1-000907,2026-08-25 08:21:56,2026-08-25 08:25:56,IT,Proprietary ERP,B,VIT-001,Vitalis C1000,Supplement,Vitalis,Pharmacy/B2B,4,21.0,EUR,0.1,84.0,75.6
TXN-IT-1-000908,2026-08-25 14:35:02,2026-08-25 14:38:02,IT,Proprietary ERP,B,PUR-001,PureLife GlucoMonitor,Medical Device,PureLife,Pharmacy/B2B,3,85.0,EUR,0.05,255.0,242.25
TXN-IT-1-000909,2026-08-25 23:09:05,2026-08-25 23:10:05,IT,Proprietary ERP,B,MED-002,Medora Derm Cream,Prescription,Medora,E-commerce,8,26.0,EUR,0.1,208.0,187.2
TXN-IT-1-000910,2026-08-25 15:51:05,2026-08-25 15:52:05,IT,Proprietary ERP,B,MED-002,Medora Derm Cream,Prescription,Medora,D2C,4,26.0,EUR,0.0,104.0,104.0
TXN-IT-1-000911,2026-08-25 02:54:50,2026-08-25 02:59:50,IT,Proprietary ERP,B,MED-001,Medora Cardio 10mg,Prescription,Medora,Wholesale,7,43.0,EUR,0.1,301.0,270.9
TXN-IT-1-000912,2026-08-25 23:53:26,2026-08-25 23:58:26,IT,Proprietary ERP,B,SAN-001,SanaPlus PainRelief,OTC,SanaPlus,Pharmacy/B2B,3,9.5,EUR,0.15,28.5,24.22
TXN-IT-1-000913,2026-08-25 17:59:57,2026-08-25 18:03:57,IT,Proprietary ERP,B,MED-001,Medora Cardio 10mg,Prescription,Medora,E-commerce,11,43.0,EUR,0.2,473.0,378.4
TXN-IT-1-000914,2026-08-25 18:51:55,2026-08-25 18:54:55,IT,Proprietary ERP,B,VIT-002,Vitalis Multivit,Supplement,Vitalis,Pharmacy/B2B,10,17.0,EUR,0.1,170.0,153.0
TXN-IT-1-000915,2026-08-25 18:46:48,2026-08-25 18:52:48,IT,Proprietary ERP,B,VIT-002,Vitalis Multivit,Supplement,Vitalis,E-commerce,11,17.0,EUR,0.0,187.0,187.0
TXN-IT-1-000916,2026-08-25 13:05:51,2026-08-25 13:07:51,IT,Proprietary ERP,B,MED-001,Medora Cardio 10mg,Prescription,Medora,E-commerce,2,43.0,EUR,0.0,86.0,86.0
TXN-IT-1-000917,2026-08-25 14:32:34,2026-08-25 14:35:34,IT,Proprietary ERP,B,DER-001,Dermacare GlowSerum,Aesthetic,Dermacare,Wholesale,10,32.0,EUR,0.0,320.0,320.0
TXN-IT-1-000918,2026-08-25 18:51:01,2026-08-25 18:52:01,IT,Proprietary ERP,B,MED-002,Medora Derm Cream,Prescription,Medora,Pharmacy/B2B,9,26.0,EUR,0.0,234.0,234.0
TXN-IT-1-000919,2026-08-25 20:21:24,2026-08-25 20:26:24,IT,Proprietary ERP,B,SAN-002,SanaPlus ColdFlu,OTC,SanaPlus,D2C,5,10.5,EUR,0.0,52.5,52.5
TXN-IT-1-000920,2026-08-25 22:04:37,2026-08-25 22:06:37,IT,Proprietary ERP,B,DER-002,Dermacare LiftCream,Aesthetic,Dermacare,Wholesale,10,37.0,EUR,0.0,370.0,370.0
TXN-IT-1-000921,2026-08-25 09:30:23,2026-08-25 09:32:23,IT,Proprietary ERP,B,DER-001,Dermacare GlowSerum,Aesthetic,Dermacare,Pharmacy/B2B,9,32.0,EUR,0.0,288.0,288.0
TXN-IT-1-000922,2026-08-25 18:19:11,2026-08-25 18:22:11,IT,Proprietary ERP,B,SAN-002,SanaPlus ColdFlu,OTC,SanaPlus,Pharmacy/B2B,9,10.5,EUR,0.0,94.5,94.5
TXN-IT-1-000923,2026-08-25 19:35:04,2026-08-25 19:40:04,IT,Proprietary ERP,B,SAN-001,SanaPlus PainRelief,OTC,SanaPlus,Wholesale,7,9.5,EUR,0.1,66.5,59.85
TXN-IT-1-000924,2026-08-25 17:36:30,2026-08-25 17:38:30,IT,Proprietary ERP,B,SAN-002,SanaPlus ColdFlu,OTC,SanaPlus,Wholesale,11,10.5,EUR,0.05,115.5,109.72
TXN-IT-1-000925,2026-08-25 21:21:56,2026-08-25 21:22:56,IT,Proprietary ERP,B,DER-002,Dermacare LiftCream,Aesthetic,Dermacare,Pharmacy/B2B,5,37.0,EUR,0.0,185.0,185.0
TXN-IT-1-000926,2026-08-25 13:55:57,2026-08-25 14:01:57,IT,Proprietary ERP,B,VIT-002,Vitalis Multivit,Supplement,Vitalis,E-commerce,6,17.0,EUR,0.05,102.0,96.9
TXN-IT-1-000927,2026-08-25 12:51:21,2026-08-25 12:56:21,IT,Proprietary ERP,B,PUR-001,PureLife GlucoMonitor,Medical Device,PureLife,Pharmacy/B2B,12,85.0,EUR,0.2,1020.0,816.0
TXN-IT-1-000928,2026-08-25 09:35:17,2026-08-25 09:37:17,IT,Proprietary ERP,B,SAN-001,SanaPlus PainRelief,OTC,SanaPlus,Pharmacy/B2B,7,9.5,EUR,0.15,66.5,56.52
TXN-IT-1-000929,2026-08-25 12:27:05,2026-08-25 12:28:05,IT,Proprietary ERP,B,PUR-001,PureLife GlucoMonitor,Medical Device,PureLife,E-commerce,8,85.0,EUR,0.0,680.0,680.0
TXN-IT-1-000930,2026-08-25 12:52:18,2026-08-25 12:54:18,IT,Proprietary ERP,B,PUR-002,PureLife BP Monitor,Medical Device,PureLife,D2C,3,90.0,EUR,0.15,270.0,229.5
TXN-IT-1-000931,2026-08-25 06:55:25,2026-08-25 06:59:25,IT,Proprietary ERP,B,VIT-002,Vitalis Multivit,Supplement,Vitalis,E-commerce,12,17.0,EUR,0.0,204.0,204.0
TXN-IT-1-000932,2026-08-25 09:39:47,2026-08-25 09:41:47,IT,Proprietary ERP,B,VIT-002,Vitalis Multivit,Supplement,Vitalis,E-commerce,4,17.0,EUR,0.2,68.0,54.4
TXN-IT-1-000933,2026-08-25 22:31:20,2026-08-25 22:34:20,IT,Proprietary ERP,B,VIT-001,Vitalis C1000,Supplement,Vitalis,Pharmacy/B2B,2,21.0,EUR,0.0,42.0,42.0
TXN-IT-1-000934,2026-08-25 17:56:14,2026-08-25 18:01:14,IT,Proprietary ERP,B,MED-001,Medora Cardio 10mg,Prescription,Medora,Pharmacy/B2B,8,43.0,EUR,0.0,344.0,344.0
TXN-IT-1-000935,2026-08-25 22:35:52,2026-08-25 22:38:52,IT,Proprietary ERP,B,DER-002,Dermacare LiftCream,Aesthetic,Dermacare,D2C,8,37.0,EUR,0.0,296.0,296.0
TXN-IT-1-000936,2026-08-25 18:36:35,2026-08-25 18:39:35,IT,Proprietary ERP,B,DER-001,Dermacare GlowSerum,Aesthetic,Dermacare,E-commerce,10,32.0,EUR,0.0,320.0,320.0
TXN-IT-1-000937,2026-08-25 01:58:17,2026-08-25 02:03:17,IT,Proprietary ERP,B,DER-001,Dermacare GlowSerum,Aesthetic,Dermacare,Wholesale,9,32.0,EUR,0.0,288.0,288.0
TXN-IT-1-000938,2026-08-25 18:17:40,2026-08-25 18:20:40,IT,Proprietary ERP,B,DER-001,Dermacare GlowSerum,Aesthetic,Dermacare,E-commerce,8,32.0,EUR,0.0,256.0,256.0
TXN-IT-1-000939,2026-08-25 18:52:02,2026-08-25 18:56:02,IT,Proprietary ERP,B,SAN-002,SanaPlus ColdFlu,OTC,SanaPlus,Pharmacy/B2B,1,10.5,EUR,0.15,10.5,8.92
TXN-IT-1-000940,2026-08-25 07:40:23,2026-08-25 07:44:23,IT,Proprietary ERP,B,PUR-002,PureLife BP Monitor,Medical Device,PureLife,Pharmacy/B2B,6,90.0,EUR,0.0,540.0,540.0
TXN-IT-1-000941,2026-08-25 22:18:38,2026-08-25 22:21:38,IT,Proprietary ERP,B,VIT-001,Vitalis C1000,Supplement,Vitalis,D2C,4,21.0,EUR,0.0,84.0,84.0
TXN-IT-1-000942,2026-08-25 17:09:40,2026-08-25 17:14:40,IT,Proprietary ERP,B,SAN-002,SanaPlus ColdFlu,OTC,SanaPlus,D2C,3,10.5,EUR,0.05,31.5,29.92
TXN-IT-1-000943,2026-08-25 15:26:07,2026-08-25 15:28:07,IT,Proprietary ERP,B,DER-001,Dermacare GlowSerum,Aesthetic,Dermacare,D2C,6,32.0,EUR,0.2,192.0,153.6
TXN-IT-1-000944,2026-08-25 14:35:06,2026-08-25 14:38:06,IT,Proprietary ERP,B,DER-002,Dermacare LiftCream,Aesthetic,Dermacare,E-commerce,10,37.0,EUR,0.0,370.0,370.0
TXN-IT-1-000945,2026-08-25 20:58:03,2026-08-25 21:04:03,IT,Proprietary ERP,B,VIT-002,Vitalis Multivit,Supplement,Vitalis,Pharmacy/B2B,12,17.0,EUR,0.0,204.0,204.0
TXN-IT-1-000946,2026-08-25 08:35:07,2026-08-25 08:40:07,IT,Proprietary ERP,B,DER-001,Dermacare GlowSerum,Aesthetic,Dermacare,Wholesale,4,32.0,EUR,0.0,128.0,128.0
TXN-IT-1-000947,2026-08-25 05:26:41,2026-08-25 05:30:41,IT,Proprietary ERP,B,MED-001,Medora Cardio 10mg,Prescription,Medora,E-commerce,7,43.0,EUR,0.05,301.0,285.95
TXN-IT-1-000948,2026-08-25 04:53:45,2026-08-25 04:59:45,IT,Proprietary ERP,B,PUR-001,PureLife GlucoMonitor,Medical Device,PureLife,D2C,8,85.0,EUR,0.0,680.0,680.0
TXN-IT-1-000949,2026-08-25 09:08:15,2026-08-25 09:13:15,IT,Proprietary ERP,B,PUR-002,PureLife BP Monitor,Medical Device,PureLife,Pharmacy/B2B,7,90.0,EUR,0.0,630.0,630.0
TXN-IT-1-000950,2026-08-25 05:56:49,2026-08-25 05:57:49,IT,Proprietary ERP,B,VIT-002,Vitalis Multivit,Supplement,Vitalis,D2C,8,17.0,EUR,0.2,136.0,108.8
TXN-IT-1-000951,2026-08-25 22:55:57,2026-08-25 22:56:57,IT,Proprietary ERP,B,DER-002,Dermacare LiftCream,Aesthetic,Dermacare,D2C,5,37.0,EUR,0.0,185.0,185.0
TXN-IT-1-000952,2026-08-25 13:07:06,2026-08-25 13:12:06,IT,Proprietary ERP,B,PUR-001,PureLife GlucoMonitor,Medical Device,PureLife,D2C,6,85.0,EUR,0.0,510.0,510.0
TXN-IT-1-000953,2026-08-25 14:59:30,2026-08-25 15:00:30,IT,Proprietary ERP,B,SAN-002,SanaPlus ColdFlu,OTC,SanaPlus,E-commerce,10,10.5,EUR,0.1,105.0,94.5
TXN-IT-1-000954,2026-08-25 23:39:39,2026-08-25 23:45:39,IT,Proprietary ERP,B,PUR-001,PureLife GlucoMonitor,Medical Device,PureLife,E-commerce,5,85.0,EUR,0.0,425.0,425.0
TXN-IT-1-000955,2026-08-25 11:50:10,2026-08-25 11:56:10,IT,Proprietary ERP,B,PUR-001,PureLife GlucoMonitor,Medical Device,PureLife,Wholesale,12,85.0,EUR,0.05,1020.0,969.0
TXN-IT-1-000956,2026-08-25 02:51:17,2026-08-25 02:55:17,IT,Proprietary ERP,B,PUR-002,PureLife BP Monitor,Medical Device,PureLife,D2C,8,90.0,EUR,0.15,720.0,612.0
TXN-IT-1-000957,2026-08-25 05:16:25,2026-08-25 05:18:25,IT,Proprietary ERP,B,SAN-002,SanaPlus ColdFlu,OTC,SanaPlus,Wholesale,11,10.5,EUR,0.1,115.5,103.95
TXN-IT-1-000958,2026-08-25 20:48:45,2026-08-25 20:52:45,IT,Proprietary ERP,B,MED-002,Medora Derm Cream,Prescription,Medora,Pharmacy/B2B,3,26.0,EUR,0.0,78.0,78.0
TXN-IT-1-000959,2026-08-25 08:18:32,2026-08-25 08:21:32,IT,Proprietary ERP,B,SAN-002,SanaPlus ColdFlu,OTC,SanaPlus,D2C,12,10.5,EUR,0.0,126.0,126.0
TXN-IT-1-000960,2026-08-25 22:02:29,2026-08-25 22:08:29,IT,Proprietary ERP,B,DER-001,Dermacare GlowSerum,Aesthetic,Dermacare,D2C,8,32.0,EUR,0.2,256.0,204.8
TXN-IT-1-000961,2026-08-25 13:13:20,2026-08-25 13:19:20,IT,Proprietary ERP,B,PUR-002,PureLife BP Monitor,Medical Device,PureLife,Wholesale,7,90.0,EUR,0.0,630.0,630.0
TXN-IT-1-000962,2026-08-25 06:41:42,2026-08-25 06:42:42,IT,Proprietary ERP,B,VIT-001,Vitalis C1000,Supplement,Vitalis,E-commerce,11,21.0,EUR,0.0,231.0,231.0
TXN-IT-1-000963,2026-08-25 02:54:54,2026-08-25 02:56:54,IT,Proprietary ERP,B,VIT-001,Vitalis C1000,Supplement,Vitalis,Wholesale,2,21.0,EUR,0.0,42.0,42.0
TXN-IT-1-000964,2026-08-25 02:19:21,2026-08-25 02:23:21,IT,Proprietary ERP,B,PUR-001,PureLife GlucoMonitor,Medical Device,PureLife,Pharmacy/B2B,1,85.0,EUR,0.2,85.0,68.0
TXN-IT-1-000965,2026-08-25 14:27:17,2026-08-25 14:32:17,IT,Proprietary ERP,B,MED-002,Medora Derm Cream,Prescription,Medora,Pharmacy/B2B,5,26.0,EUR,0.1,130.0,117.0
TXN-IT-1-000966,2026-08-25 05:39:12,2026-08-25 05:40:12,IT,Proprietary ERP,B,DER-001,Dermacare GlowSerum,Aesthetic,Dermacare,D2C,4,32.0,EUR,0.0,128.0,128.0
TXN-IT-1-000967,2026-08-25 10:20:47,2026-08-25 10:24:47,IT,Proprietary ERP,B,VIT-001,Vitalis C1000,Supplement,Vitalis,E-commerce,9,21.0,EUR,0.2,189.0,151.2
TXN-IT-1-000968,2026-08-25 06:12:41,2026-08-25 06:13:41,IT,Proprietary ERP,B,MED-001,Medora Cardio 10mg,Prescription,Medora,D2C,6,43.0,EUR,0.2,258.0,206.4
TXN-IT-1-000969,2026-08-25 17:20:10,2026-08-25 17:24:10,IT,Proprietary ERP,B,PUR-001,PureLife GlucoMonitor,Medical Device,PureLife,D2C,9,85.0,EUR,0.05,765.0,726.75
TXN-IT-1-000970,2026-08-25 04:55:09,2026-08-25 05:01:09,IT,Proprietary ERP,B,PUR-001,PureLife GlucoMonitor,Medical Device,PureLife,E-commerce,10,85.0,EUR,0.1,850.0,765.0
TXN-IT-1-000971,2026-08-25 16:37:20,2026-08-25 16:43:20,IT,Proprietary ERP,B,PUR-002,PureLife BP Monitor,Medical Device,PureLife,Wholesale,9,90.0,EUR,0.15,810.0,688.5
TXN-IT-1-000972,2026-08-25 23:17:04,2026-08-25 23:22:04,IT,Proprietary ERP,B,SAN-001,SanaPlus PainRelief,OTC,SanaPlus,D2C,8,9.5,EUR,0.1,76.0,68.4
TXN-IT-1-000973,2026-08-25 08:16:10,2026-08-25 08:17:10,IT,Proprietary ERP,B,DER-002,Dermacare LiftCream,Aesthetic,Dermacare,D2C,6,37.0,EUR,0.05,222.0,210.9
TXN-IT-1-000974,2026-08-25 09:27:33,2026-08-25 09:29:33,IT,Proprietary ERP,B,SAN-001,SanaPlus PainRelief,OTC,SanaPlus,Pharmacy/B2B,1,9.5,EUR,0.1,9.5,8.55
TXN-IT-1-000975,2026-08-25 04:57:45,2026-08-25 05:00:45,IT,Proprietary ERP,B,SAN-001,SanaPlus PainRelief,OTC,SanaPlus,Wholesale,9,9.5,EUR,0.0,85.5,85.5
TXN-IT-1-000976,2026-08-25 17:54:38,2026-08-25 17:58:38,IT,Proprietary ERP,B,SAN-001,SanaPlus PainRelief,OTC,SanaPlus,Pharmacy/B2B,7,9.5,EUR,0.2,66.5,53.2
TXN-IT-1-000977,2026-08-25 10:39:53,2026-08-25 10:44:53,IT,Proprietary ERP,B,VIT-002,Vitalis Multivit,Supplement,Vitalis,Pharmacy/B2B,9,17.0,EUR,0.0,153.0,153.0
TXN-IT-1-000978,2026-08-25 06:51:56,2026-08-25 06:55:56,IT,Proprietary ERP,B,PUR-001,PureLife GlucoMonitor,Medical Device,PureLife,Wholesale,7,85.0,EUR,0.0,595.0,595.0
TXN-IT-1-000979,2026-08-25 05:56:40,2026-08-25 06:02:40,IT,Proprietary ERP,B,DER-001,Dermacare GlowSerum,Aesthetic,Dermacare,Wholesale,4,32.0,EUR,0.0,128.0,128.0
TXN-IT-1-000980,2026-08-25 02:53:02,2026-08-25 02:57:02,IT,Proprietary ERP,B,VIT-002,Vitalis Multivit,Supplement,Vitalis,D2C,5,17.0,EUR,0.15,85.0,72.25
TXN-IT-1-000981,2026-08-25 19:22:02,2026-08-25 19:25:02,IT,Proprietary ERP,B,DER-001,Dermacare GlowSerum,Aesthetic,Dermacare,E-commerce,2,32.0,EUR,0.0,64.0,64.0
TXN-IT-1-000982,2026-08-25 04:58:27,2026-08-25 05:01:27,IT,Proprietary ERP,B,MED-002,Medora Derm Cream,Prescription,Medora,Wholesale,10,26.0,EUR,0.05,260.0,247.0
TXN-IT-1-000983,2026-08-25 09:54:29,2026-08-25 10:00:29,IT,Proprietary ERP,B,PUR-002,PureLife BP Monitor,Medical Device,PureLife,Wholesale,4,90.0,EUR,0.0,360.0,360.0
TXN-IT-1-000984,2026-08-25 00:42:22,2026-08-25 00:44:22,IT,Proprietary ERP,B,MED-001,Medora Cardio 10mg,Prescription,Medora,Pharmacy/B2B,3,43.0,EUR,0.0,129.0,129.0
TXN-IT-1-000985,2026-08-25 10:16:17,2026-08-25 10:19:17,IT,Proprietary ERP,B,VIT-001,Vitalis C1000,Supplement,Vitalis,Wholesale,12,21.0,EUR,0.0,252.0,252.0
TXN-IT-1-000986,2026-08-25 08:28:34,2026-08-25 08:29:34,IT,Proprietary ERP,B,VIT-001,Vitalis C1000,Supplement,Vitalis,Pharmacy/B2B,8,21.0,EUR,0.0,168.0,168.0
TXN-IT-1-000987,2026-08-25 12:26:55,2026-08-25 12:30:55,IT,Proprietary ERP,B,SAN-001,SanaPlus PainRelief,OTC,SanaPlus,Wholesale,6,9.5,EUR,0.05,57.0,54.15
TXN-IT-1-000988,2026-08-25 01:09:19,2026-08-25 01:12:19,IT,Proprietary ERP,B,MED-002,Medora Derm Cream,Prescription,Medora,E-commerce,1,26.0,EUR,0.0,26.0,26.0
TXN-IT-1-000989,2026-08-25 14:17:15,2026-08-25 14:18:15,IT,Proprietary ERP,B,PUR-001,PureLife GlucoMonitor,Medical Device,PureLife,Wholesale,3,85.0,EUR,0.0,255.0,255.0
TXN-IT-1-000990,2026-08-25 09:06:18,2026-08-25 09:10:18,IT,Proprietary ERP,B,MED-001,Medora Cardio 10mg,Prescription,Medora,Pharmacy/B2B,12,43.0,EUR,0.0,516.0,516.0
TXN-IT-1-000991,2026-08-25 14:00:36,2026-08-25 14:04:36,IT,Proprietary ERP,B,VIT-002,Vitalis Multivit,Supplement,Vitalis,Pharmacy/B2B,4,17.0,EUR,0.05,68.0,64.6
TXN-IT-1-000992,2026-08-25 03:25:15,2026-08-25 03:30:15,IT,Proprietary ERP,B,VIT-002,Vitalis Multivit,Supplement,Vitalis,Wholesale,7,17.0,EUR,0.15,119.0,101.15
TXN-IT-1-000993,2026-08-25 11:21:48,2026-08-25 11:24:48,IT,Proprietary ERP,B,VIT-001,Vitalis C1000,Supplement,Vitalis,Pharmacy/B2B,12,21.0,EUR,0.1,252.0,226.8
TXN-IT-1-000994,2026-08-25 18:57:58,2026-08-25 18:58:58,IT,Proprietary ERP,B,SAN-001,SanaPlus PainRelief,OTC,SanaPlus,Wholesale,11,9.5,EUR,0.0,104.5,104.5
TXN-IT-1-000995,2026-08-25 07:14:07,2026-08-25 07:17:07,IT,Proprietary ERP,B,MED-001,Medora Cardio 10mg,Prescription,Medora,E-commerce,2,43.0,EUR,0.0,86.0,86.0
TXN-IT-1-000996,2026-08-25 23:02:36,2026-08-25 23:06:36,IT,Proprietary ERP,B,SAN-002,SanaPlus ColdFlu,OTC,SanaPlus,Pharmacy/B2B,3,10.5,EUR,0.2,31.5,25.2
TXN-IT-1-000997,2026-08-25 10:03:08,2026-08-25 10:08:08,IT,Proprietary ERP,B,MED-002,Medora Derm Cream,Prescription,Medora,Wholesale,4,26.0,EUR,0.0,104.0,104.0
TXN-IT-1-000998,2026-08-25 01:31:44,2026-08-25 01:36:44,IT,Proprietary ERP,B,DER-002,Dermacare LiftCream,Aesthetic,Dermacare,E-commerce,6,37.0,EUR,0.2,222.0,177.6
TXN-IT-1-000999,2026-08-25 03:15:28,2026-08-25 03:17:28,IT,Proprietary ERP,B,VIT-001,Vitalis C1000,Supplement,Vitalis,Wholesale,2,21.0,EUR,0.15,42.0,35.7
TXN-IT-1-001000,2026-08-25 22:31:27,2026-08-25 22:34:27,IT,Proprietary ERP,B,MED-001,Medora Cardio 10mg,Prescription,Medora,Pharmacy/B2B,6,43.0,EUR,0.15,258.0,219.3
TXN-IT-1-001001,2026-08-25 05:36:14,2026-08-25 05:42:14,IT,Proprietary ERP,B,PUR-001,PureLife GlucoMonitor,Medical Device,PureLife,Pharmacy/B2B,3,85.0,EUR,0.05,255.0,242.25
TXN-IT-1-001002,2026-08-25 08:28:17,2026-08-25 08:31:17,IT,Proprietary ERP,B,PUR-001,PureLife GlucoMonitor,Medical Device,PureLife,D2C,8,85.0,EUR,0.15,680.0,578.0
TXN-IT-1-001003,2026-08-25 07:01:32,2026-08-25 07:02:32,IT,Proprietary ERP,B,DER-001,Dermacare GlowSerum,Aesthetic,Dermacare,D2C,12,32.0,EUR,0.0,384.0,384.0
TXN-IT-1-001004,2026-08-25 09:07:39,2026-08-25 09:08:39,IT,Proprietary ERP,B,DER-002,Dermacare LiftCream,Aesthetic,Dermacare,Wholesale,9,37.0,EUR,0.0,333.0,333.0
TXN-IT-1-001005,2026-08-25 19:45:37,2026-08-25 19:51:37,IT,Proprietary ERP,B,DER-002,Dermacare LiftCream,Aesthetic,Dermacare,E-commerce,10,37.0,EUR,0.0,370.0,370.0
TXN-IT-1-001006,2026-08-25 19:47:33,2026-08-25 19:50:33,IT,Proprietary ERP,B,SAN-002,SanaPlus ColdFlu,OTC,SanaPlus,Wholesale,5,10.5,EUR,0.2,52.5,42.0
TXN-IT-1-001007,2026-08-25 21:47:50,2026-08-25 21:52:50,IT,Proprietary ERP,B,VIT-001,Vitalis C1000,Supplement,Vitalis,Pharmacy/B2B,9,21.0,EUR,0.0,189.0,189.0
TXN-IT-1-001008,2026-08-25 16:21:41,2026-08-25 16:24:41,IT,Proprietary ERP,B,SAN-001,SanaPlus PainRelief,OTC,SanaPlus,D2C,8,9.5,EUR,0.0,76.0,76.0
TXN-IT-1-001009,2026-08-25 23:13:47,2026-08-25 23:18:47,IT,Proprietary ERP,B,DER-001,Dermacare GlowSerum,Aesthetic,Dermacare,E-commerce,1,32.0,EUR,0.1,32.0,28.8
TXN-IT-1-001010,2026-08-25 13:15:20,2026-08-25 13:20:20,IT,Proprietary ERP,B,VIT-002,Vitalis Multivit,Supplement,Vitalis,D2C,12,17.0,EUR,0.0,204.0,204.0
TXN-IT-1-001011,2026-08-25 23:58:03,2026-08-26 00:03:03,IT,Proprietary ERP,B,DER-001,Dermacare GlowSerum,Aesthetic,Dermacare,E-commerce,9,32.0,EUR,0.15,288.0,244.8
TXN-IT-1-001012,2026-08-25 18:06:54,2026-08-25 18:11:54,IT,Proprietary ERP,B,VIT-001,Vitalis C1000,Supplement,Vitalis,D2C,6,21.0,EUR,0.05,126.0,119.7
TXN-IT-1-001013,2026-08-25 23:20:04,2026-08-25 23:23:04,IT,Proprietary ERP,B,MED-002,Medora Derm Cream,Prescription,Medora,Pharmacy/B2B,9,26.0,EUR,0.15,234.0,198.9
TXN-IT-1-001014,2026-08-25 02:25:39,2026-08-25 02:26:39,IT,Proprietary ERP,B,VIT-001,Vitalis C1000,Supplement,Vitalis,E-commerce,1,21.0,EUR,0.0,21.0,21.0
TXN-IT-1-001015,2026-08-25 03:53:51,2026-08-25 03:57:51,IT,Proprietary ERP,B,VIT-002,Vitalis Multivit,Supplement,Vitalis,Pharmacy/B2B,1,17.0,EUR,0.1,17.0,15.3
TXN-IT-1-001016,2026-08-25 23:21:55,2026-08-25 23:25:55,IT,Proprietary ERP,B,DER-002,Dermacare LiftCream,Aesthetic,Dermacare,D2C,1,37.0,EUR,0.0,37.0,37.0
TXN-IT-1-001017,2026-08-25 08:02:10,2026-08-25 08:07:10,IT,Proprietary ERP,B,MED-002,Medora Derm Cream,Prescription,Medora,Pharmacy/B2B,4,26.0,EUR,0.15,104.0,88.4
TXN-IT-1-001018,2026-08-25 17:53:29,2026-08-25 17:54:29,IT,Proprietary ERP,B,DER-002,Dermacare LiftCream,Aesthetic,Dermacare,Pharmacy/B2B,6,37.0,EUR,0.1,222.0,199.8
TXN-IT-1-001019,2026-08-25 15:08:39,2026-08-25 15:11:39,IT,Proprietary ERP,B,MED-001,Medora Cardio 10mg,Prescription,Medora,D2C,9,43.0,EUR,0.0,387.0,387.0
TXN-IT-1-001020,2026-08-25 02:33:45,2026-08-25 02:36:45,IT,Proprietary ERP,B,MED-002,Medora Derm Cream,Prescription,Medora,E-commerce,9,26.0,EUR,0.0,234.0,234.0
TXN-IT-1-001021,2026-08-25 03:41:07,2026-08-25 03:47:07,IT,Proprietary ERP,B,VIT-002,Vitalis Multivit,Supplement,Vitalis,Wholesale,4,17.0,EUR,0.0,68.0,68.0
TXN-IT-1-001022,2026-08-25 19:09:29,2026-08-25 19:15:29,IT,Proprietary ERP,B,VIT-002,Vitalis Multivit,Supplement,Vitalis,E-commerce,9,17.0,EUR,0.15,153.0,130.05
TXN-IT-1-001023,2026-08-25 20:19:16,2026-08-25 20:23:16,IT,Proprietary ERP,B,MED-002,Medora Derm Cream,Prescription,Medora,D2C,11,26.0,EUR,0.05,286.0,271.7
TXN-IT-1-001024,2026-08-25 15:32:57,2026-08-25 15:33:57,IT,Proprietary ERP,B,VIT-001,Vitalis C1000,Supplement,Vitalis,E-commerce,9,21.0,EUR,0.05,189.0,179.55
TXN-IT-1-001025,2026-08-25 18:22:31,2026-08-25 18:25:31,IT,Proprietary ERP,B,VIT-001,Vitalis C1000,Supplement,Vitalis,Wholesale,6,21.0,EUR,0.0,126.0,126.0
TXN-IT-1-001026,2026-08-25 20:01:40,2026-08-25 20:04:40,IT,Proprietary ERP,B,SAN-002,SanaPlus ColdFlu,OTC,SanaPlus,Wholesale,11,10.5,EUR,0.05,115.5,109.72
TXN-IT-1-001027,2026-08-25 11:46:35,2026-08-25 11:51:35,IT,Proprietary ERP,B,VIT-002,Vitalis Multivit,Supplement,Vitalis,E-commerce,7,17.0,EUR,0.2,119.0,95.2
TXN-IT-1-001028,2026-08-25 20:02:00,2026-08-25 20:08:00,IT,Proprietary ERP,B,SAN-001,SanaPlus PainRelief,OTC,SanaPlus,D2C,8,9.5,EUR,0.05,76.0,72.2
TXN-IT-1-001029,2026-08-25 14:27:27,2026-08-25 14:28:27,IT,Proprietary ERP,B,MED-001,Medora Cardio 10mg,Prescription,Medora,D2C,10,43.0,EUR,0.0,430.0,430.0
TXN-IT-1-001030,2026-08-25 18:50:44,2026-08-25 18:52:44,IT,Proprietary ERP,B,SAN-001,SanaPlus PainRelief,OTC,SanaPlus,Pharmacy/B2B,5,9.5,EUR,0.0,47.5,47.5
TXN-IT-1-001031,2026-08-25 07:49:17,2026-08-25 07:52:17,IT,Proprietary ERP,B,MED-001,Medora Cardio 10mg,Prescription,Medora,D2C,9,43.0,EUR,0.1,387.0,348.3
TXN-IT-1-001032,2026-08-25 20:15:18,2026-08-25 20:20:18,IT,Proprietary ERP,B,PUR-002,PureLife BP Monitor,Medical Device,PureLife,E-commerce,2,90.0,EUR,0.0,180.0,180.0
TXN-IT-1-001033,2026-08-25 16:45:41,2026-08-25 16:48:41,IT,Proprietary ERP,B,VIT-001,Vitalis C1000,Supplement,Vitalis,E-commerce,5,21.0,EUR,0.0,105.0,105.0
TXN-IT-1-001034,2026-08-25 21:11:44,2026-08-25 21:13:44,IT,Proprietary ERP,B,VIT-002,Vitalis Multivit,Supplement,Vitalis,D2C,5,17.0,EUR,0.0,85.0,85.0
TXN-IT-1-001035,2026-08-25 20:46:14,2026-08-25 20:50:14,IT,Proprietary ERP,B,PUR-002,PureLife BP Monitor,Medical Device,PureLife,E-commerce,12,90.0,EUR,0.0,1080.0,1080.0
TXN-IT-1-001036,2026-08-25 11:49:18,2026-08-25 11:53:18,IT,Proprietary ERP,B,VIT-001,Vitalis C1000,Supplement,Vitalis,Wholesale,12,21.0,EUR,0.15,252.0,214.2
TXN-IT-1-001037,2026-08-25 20:58:47,2026-08-25 20:59:47,IT,Proprietary ERP,B,PUR-002,PureLife BP Monitor,Medical Device,PureLife,D2C,1,90.0,EUR,0.15,90.0,76.5
TXN-IT-1-001038,2026-08-25 20:58:54,2026-08-25 21:02:54,IT,Proprietary ERP,B,MED-002,Medora Derm Cream,Prescription,Medora,Pharmacy/B2B,6,26.0,EUR,0.0,156.0,156.0
TXN-IT-1-001039,2026-08-25 15:48:45,2026-08-25 15:52:45,IT,Proprietary ERP,B,MED-002,Medora Derm Cream,Prescription,Medora,E-commerce,12,26.0,EUR,0.15,312.0,265.2
TXN-IT-1-001040,2026-08-25 21:55:44,2026-08-25 21:56:44,IT,Proprietary ERP,B,DER-001,Dermacare GlowSerum,Aesthetic,Dermacare,Pharmacy/B2B,5,32.0,EUR,0.1,160.0,144.0
TXN-IT-1-001041,2026-08-25 01:29:57,2026-08-25 01:32:57,IT,Proprietary ERP,B,PUR-001,PureLife GlucoMonitor,Medical Device,PureLife,E-commerce,6,85.0,EUR,0.1,510.0,459.0
TXN-IT-1-001042,2026-08-25 08:02:20,2026-08-25 08:04:20,IT,Proprietary ERP,B,MED-001,Medora Cardio 10mg,Prescription,Medora,Wholesale,8,43.0,EUR,0.2,344.0,275.2
TXN-IT-1-001043,2026-08-25 21:40:05,2026-08-25 21:45:05,IT,Proprietary ERP,B,PUR-001,PureLife GlucoMonitor,Medical Device,PureLife,Pharmacy/B2B,4,85.0,EUR,0.05,340.0,323.0
TXN-IT-1-001044,2026-08-25 10:33:02,2026-08-25 10:37:02,IT,Proprietary ERP,B,VIT-001,Vitalis C1000,Supplement,Vitalis,E-commerce,6,21.0,EUR,0.0,126.0,126.0
TXN-IT-1-001045,2026-08-25 17:19:31,2026-08-25 17:24:31,IT,Proprietary ERP,B,MED-001,Medora Cardio 10mg,Prescription,Medora,Wholesale,5,43.0,EUR,0.0,215.0,215.0
TXN-IT-1-001046,2026-08-25 14:30:35,2026-08-25 14:35:35,IT,Proprietary ERP,B,DER-001,Dermacare GlowSerum,Aesthetic,Dermacare,E-commerce,3,32.0,EUR,0.05,96.0,91.2
TXN-IT-1-001047,2026-08-25 20:21:48,2026-08-25 20:23:48,IT,Proprietary ERP,B,DER-002,Dermacare LiftCream,Aesthetic,Dermacare,Wholesale,11,37.0,EUR,0.1,407.0,366.3
TXN-IT-1-001048,2026-08-25 07:08:23,2026-08-25 07:13:23,IT,Proprietary ERP,B,PUR-002,PureLife BP Monitor,Medical Device,PureLife,E-commerce,4,90.0,EUR,0.0,360.0,360.0
TXN-IT-1-001049,2026-08-25 09:41:38,2026-08-25 09:45:38,IT,Proprietary ERP,B,SAN-002,SanaPlus ColdFlu,OTC,SanaPlus,Pharmacy/B2B,2,10.5,EUR,0.15,21.0,17.85
TXN-IT-1-001050,2026-08-25 15:03:29,2026-08-25 15:07:29,IT,Proprietary ERP,B,SAN-002,SanaPlus ColdFlu,OTC,SanaPlus,D2C,4,10.5,EUR,0.0,42.0,42.0
TXN-IT-1-001051,2026-08-25 12:32:37,2026-08-25 12:37:37,IT,Proprietary ERP,B,MED-001,Medora Cardio 10mg,Prescription,Medora,D2C,3,43.0,EUR,0.0,129.0,129.0
TXN-IT-1-001052,2026-08-25 22:26:09,2026-08-25 22:30:09,IT,Proprietary ERP,B,PUR-002,PureLife BP Monitor,Medical Device,PureLife,E-commerce,8,90.0,EUR,0.0,720.0,720.0
TXN-IT-1-001053,2026-08-25 08:30:03,2026-08-25 08:32:03,IT,Proprietary ERP,B,SAN-002,SanaPlus ColdFlu,OTC,SanaPlus,E-commerce,12,10.5,EUR,0.2,126.0,100.8
TXN-IT-1-001054,2026-08-25 03:07:27,2026-08-25 03:08:27,IT,Proprietary ERP,B,MED-001,Medora Cardio 10mg,Prescription,Medora,E-commerce,10,43.0,EUR,0.0,430.0,430.0
TXN-IT-1-001055,2026-08-25 10:28:27,2026-08-25 10:29:27,IT,Proprietary ERP,B,SAN-002,SanaPlus ColdFlu,OTC,SanaPlus,Pharmacy/B2B,5,10.5,EUR,0.05,52.5,49.88
TXN-IT-1-001056,2026-08-25 17:09:19,2026-08-25 17:10:19,IT,Proprietary ERP,B,SAN-002,SanaPlus ColdFlu,OTC,SanaPlus,E-commerce,12,10.5,EUR,0.1,126.0,113.4
TXN-IT-1-001057,2026-08-25 07:42:50,2026-08-25 07:44:50,IT,Proprietary ERP,B,PUR-001,PureLife GlucoMonitor,Medical Device,PureLife,D2C,9,85.0,EUR,0.05,765.0,726.75
TXN-IT-1-001058,2026-08-25 22:41:03,2026-08-25 22:47:03,IT,Proprietary ERP,B,VIT-001,Vitalis C1000,Supplement,Vitalis,Pharmacy/B2B,7,21.0,EUR,0.1,147.0,132.3
TXN-IT-1-001059,2026-08-25 19:10:48,2026-08-25 19:11:48,IT,Proprietary ERP,B,SAN-001,SanaPlus PainRelief,OTC,SanaPlus,E-commerce,1,9.5,EUR,0.0,9.5,9.5
TXN-IT-1-001060,2026-08-25 07:18:25,2026-08-25 07:24:25,IT,Proprietary ERP,B,PUR-002,PureLife BP Monitor,Medical Device,PureLife,D2C,1,90.0,EUR,0.05,90.0,85.5
TXN-IT-1-001061,2026-08-25 23:50:20,2026-08-25 23:51:20,IT,Proprietary ERP,B,MED-002,Medora Derm Cream,Prescription,Medora,Wholesale,11,26.0,EUR,0.0,286.0,286.0
TXN-IT-1-001062,2026-08-25 13:06:54,2026-08-25 13:07:54,IT,Proprietary ERP,B,MED-001,Medora Cardio 10mg,Prescription,Medora,D2C,11,43.0,EUR,0.05,473.0,449.35
TXN-IT-1-001063,2026-08-25 08:24:59,2026-08-25 08:28:59,IT,Proprietary ERP,B,PUR-001,PureLife GlucoMonitor,Medical Device,PureLife,Pharmacy/B2B,6,85.0,EUR,0.05,510.0,484.5
TXN-IT-1-001064,2026-08-25 21:44:23,2026-08-25 21:49:23,IT,Proprietary ERP,B,MED-002,Medora Derm Cream,Prescription,Medora,E-commerce,4,26.0,EUR,0.1,104.0,93.6
TXN-IT-1-001065,2026-08-25 16:40:29,2026-08-25 16:45:29,IT,Proprietary ERP,B,MED-001,Medora Cardio 10mg,Prescription,Medora,Pharmacy/B2B,4,43.0,EUR,0.1,172.0,154.8
TXN-IT-1-001066,2026-08-25 11:06:07,2026-08-25 11:09:07,IT,Proprietary ERP,B,DER-002,Dermacare LiftCream,Aesthetic,Dermacare,Wholesale,12,37.0,EUR,0.0,444.0,444.0
TXN-IT-1-001067,2026-08-25 00:40:08,2026-08-25 00:43:08,IT,Proprietary ERP,B,SAN-002,SanaPlus ColdFlu,OTC,SanaPlus,D2C,11,10.5,EUR,0.0,115.5,115.5
TXN-IT-1-001068,2026-08-25 08:35:59,2026-08-25 08:40:59,IT,Proprietary ERP,B,SAN-001,SanaPlus PainRelief,OTC,SanaPlus,Pharmacy/B2B,11,9.5,EUR,0.0,104.5,104.5
TXN-IT-1-001069,2026-08-25 14:05:47,2026-08-25 14:06:47,IT,Proprietary ERP,B,PUR-001,PureLife GlucoMonitor,Medical Device,PureLife,D2C,4,85.0,EUR,0.0,340.0,340.0
TXN-IT-1-001070,2026-08-25 12:26:38,2026-08-25 12:30:38,IT,Proprietary ERP,B,VIT-001,Vitalis C1000,Supplement,Vitalis,Pharmacy/B2B,12,21.0,EUR,0.05,252.0,239.4
TXN-IT-1-001071,2026-08-25 18:57:31,2026-08-25 19:03:31,IT,Proprietary ERP,B,PUR-002,PureLife BP Monitor,Medical Device,PureLife,E-commerce,7,90.0,EUR,0.0,630.0,630.0
TXN-IT-1-001072,2026-08-25 20:51:30,2026-08-25 20:53:30,IT,Proprietary ERP,B,DER-001,Dermacare GlowSerum,Aesthetic,Dermacare,D2C,10,32.0,EUR,0.0,320.0,320.0
TXN-IT-1-001073,2026-08-25 16:21:13,2026-08-25 16:26:13,IT,Proprietary ERP,B,VIT-001,Vitalis C1000,Supplement,Vitalis,E-commerce,11,21.0,EUR,0.0,231.0,231.0
TXN-IT-1-001074,2026-08-25 21:09:16,2026-08-25 21:14:16,IT,Proprietary ERP,B,VIT-002,Vitalis Multivit,Supplement,Vitalis,E-commerce,5,17.0,EUR,0.15,85.0,72.25
TXN-IT-1-001075,2026-08-25 19:04:16,2026-08-25 19:06:16,IT,Proprietary ERP,B,DER-001,Dermacare GlowSerum,Aesthetic,Dermacare,E-commerce,11,32.0,EUR,0.1,352.0,316.8
TXN-IT-1-001076,2026-08-25 05:45:15,2026-08-25 05:48:15,IT,Proprietary ERP,B,MED-002,Medora Derm Cream,Prescription,Medora,Pharmacy/B2B,3,26.0,EUR,0.0,78.0,78.0
TXN-IT-1-001077,2026-08-25 05:17:53,2026-08-25 05:23:53,IT,Proprietary ERP,B,MED-001,Medora Cardio 10mg,Prescription,Medora,D2C,7,43.0,EUR,0.05,301.0,285.95
TXN-IT-1-001078,2026-08-25 11:02:40,2026-08-25 11:06:40,IT,Proprietary ERP,B,SAN-001,SanaPlus PainRelief,OTC,SanaPlus,E-commerce,4,9.5,EUR,0.0,38.0,38.0
TXN-IT-1-001079,2026-08-25 04:47:21,2026-08-25 04:49:21,IT,Proprietary ERP,B,MED-001,Medora Cardio 10mg,Prescription,Medora,D2C,10,43.0,EUR,0.1,430.0,387.0
TXN-IT-1-001080,2026-08-25 22:17:43,2026-08-25 22:19:43,IT,Proprietary ERP,B,PUR-002,PureLife BP Monitor,Medical Device,PureLife,E-commerce,4,90.0,EUR,0.15,360.0,306.0
TXN-IT-1-001081,2026-08-25 00:56:58,2026-08-25 00:59:58,IT,Proprietary ERP,B,MED-002,Medora Derm Cream,Prescription,Medora,Wholesale,3,26.0,EUR,0.1,78.0,70.2
TXN-IT-1-001082,2026-08-25 22:01:00,2026-08-25 22:05:00,IT,Proprietary ERP,B,SAN-002,SanaPlus ColdFlu,OTC,SanaPlus,E-commerce,7,10.5,EUR,0.05,73.5,69.83
TXN-IT-1-001083,2026-08-25 17:15:08,2026-08-25 17:17:08,IT,Proprietary ERP,B,VIT-001,Vitalis C1000,Supplement,Vitalis,E-commerce,4,21.0,EUR,0.0,84.0,84.0
TXN-IT-1-001084,2026-08-25 14:52:34,2026-08-25 14:53:34,IT,Proprietary ERP,B,SAN-001,SanaPlus PainRelief,OTC,SanaPlus,Wholesale,4,9.5,EUR,0.15,38.0,32.3
TXN-IT-1-001085,2026-08-25 07:23:05,2026-08-25 07:25:05,IT,Proprietary ERP,B,MED-002,Medora Derm Cream,Prescription,Medora,E-commerce,8,26.0,EUR,0.2,208.0,166.4
TXN-IT-1-001086,2026-08-25 22:27:59,2026-08-25 22:31:59,IT,Proprietary ERP,B,SAN-002,SanaPlus ColdFlu,OTC,SanaPlus,Wholesale,4,10.5,EUR,0.05,42.0,39.9
TXN-IT-1-001087,2026-08-25 14:44:26,2026-08-25 14:45:26,IT,Proprietary ERP,B,PUR-002,PureLife BP Monitor,Medical Device,PureLife,Wholesale,12,90.0,EUR,0.0,1080.0,1080.0
TXN-IT-1-001088,2026-08-25 14:21:02,2026-08-25 14:26:02,IT,Proprietary ERP,B,PUR-002,PureLife BP Monitor,Medical Device,PureLife,Pharmacy/B2B,9,90.0,EUR,0.0,810.0,810.0
TXN-IT-1-001089,2026-08-25 16:26:33,2026-08-25 16:30:33,IT,Proprietary ERP,B,MED-001,Medora Cardio 10mg,Prescription,Medora,E-commerce,9,43.0,EUR,0.1,387.0,348.3
TXN-IT-1-001090,2026-08-25 14:24:13,2026-08-25 14:30:13,IT,Proprietary ERP,B,MED-001,Medora Cardio 10mg,Prescription,Medora,Wholesale,9,43.0,EUR,0.2,387.0,309.6
TXN-IT-1-001091,2026-08-25 22:57:40,2026-08-25 22:58:40,IT,Proprietary ERP,B,VIT-002,Vitalis Multivit,Supplement,Vitalis,D2C,8,17.0,EUR,0.05,136.0,129.2
TXN-IT-1-001092,2026-08-25 11:05:18,2026-08-25 11:08:18,IT,Proprietary ERP,B,DER-002,Dermacare LiftCream,Aesthetic,Dermacare,E-commerce,7,37.0,EUR,0.0,259.0,259.0
TXN-IT-1-001093,2026-08-25 22:19:24,2026-08-25 22:20:24,IT,Proprietary ERP,B,PUR-001,PureLife GlucoMonitor,Medical Device,PureLife,E-commerce,8,85.0,EUR,0.2,680.0,544.0
TXN-IT-1-001094,2026-08-25 23:31:25,2026-08-25 23:35:25,IT,Proprietary ERP,B,MED-002,Medora Derm Cream,Prescription,Medora,Pharmacy/B2B,3,26.0,EUR,0.2,78.0,62.4
TXN-IT-1-001095,2026-08-25 21:18:55,2026-08-25 21:24:55,IT,Proprietary ERP,B,PUR-001,PureLife GlucoMonitor,Medical Device,PureLife,E-commerce,7,85.0,EUR,0.05,595.0,565.25
TXN-IT-1-001096,2026-08-25 11:46:36,2026-08-25 11:50:36,IT,Proprietary ERP,B,MED-001,Medora Cardio 10mg,Prescription,Medora,E-commerce,8,43.0,EUR,0.1,344.0,309.6
TXN-IT-1-001097,2026-08-25 07:21:07,2026-08-25 07:25:07,IT,Proprietary ERP,B,MED-002,Medora Derm Cream,Prescription,Medora,D2C,6,26.0,EUR,0.15,156.0,132.6
TXN-IT-1-001098,2026-08-25 23:36:50,2026-08-25 23:42:50,IT,Proprietary ERP,B,VIT-001,Vitalis C1000,Supplement,Vitalis,Pharmacy/B2B,2,21.0,EUR,0.0,42.0,42.0
TXN-IT-1-001099,2026-08-25 16:21:43,2026-08-25 16:27:43,IT,Proprietary ERP,B,SAN-002,SanaPlus ColdFlu,OTC,SanaPlus,Pharmacy/B2B,9,10.5,EUR,0.15,94.5,80.33
TXN-IT-1-001100,2026-08-25 13:59:03,2026-08-25 14:05:03,IT,Proprietary ERP,B,PUR-001,PureLife GlucoMonitor,Medical Device,PureLife,E-commerce,7,85.0,EUR,0.1,595.0,535.5
TXN-IT-1-001101,2026-08-25 13:51:26,2026-08-25 13:52:26,IT,Proprietary ERP,B,VIT-001,Vitalis C1000,Supplement,Vitalis,D2C,10,21.0,EUR,0.2,210.0,168.0
TXN-IT-1-001102,2026-08-25 05:27:52,2026-08-25 05:29:52,IT,Proprietary ERP,B,VIT-001,Vitalis C1000,Supplement,Vitalis,E-commerce,12,21.0,EUR,0.0,252.0,252.0
TXN-IT-1-001103,2026-08-25 15:16:35,2026-08-25 15:19:35,IT,Proprietary ERP,B,SAN-001,SanaPlus PainRelief,OTC,SanaPlus,Wholesale,5,9.5,EUR,0.15,47.5,40.38
TXN-IT-1-001104,2026-08-25 06:34:44,2026-08-25 06:35:44,IT,Proprietary ERP,B,VIT-001,Vitalis C1000,Supplement,Vitalis,E-commerce,1,21.0,EUR,0.1,21.0,18.9
TXN-IT-1-001105,2026-08-25 09:12:55,2026-08-25 09:13:55,IT,Proprietary ERP,B,DER-002,Dermacare LiftCream,Aesthetic,Dermacare,Wholesale,8,37.0,EUR,0.1,296.0,266.4
TXN-IT-1-001106,2026-08-25 00:12:33,2026-08-25 00:17:33,IT,Proprietary ERP,B,DER-002,Dermacare LiftCream,Aesthetic,Dermacare,E-commerce,4,37.0,EUR,0.1,148.0,133.2
TXN-IT-1-001107,2026-08-25 17:19:12,2026-08-25 17:23:12,IT,Proprietary ERP,B,DER-001,Dermacare GlowSerum,Aesthetic,Dermacare,Wholesale,2,32.0,EUR,0.1,64.0,57.6
TXN-IT-1-001108,2026-08-25 21:50:56,2026-08-25 21:51:56,IT,Proprietary ERP,B,VIT-002,Vitalis Multivit,Supplement,Vitalis,D2C,10,17.0,EUR,0.15,170.0,144.5
TXN-IT-1-001109,2026-08-25 20:17:59,2026-08-25 20:19:59,IT,Proprietary ERP,B,MED-001,Medora Cardio 10mg,Prescription,Medora,E-commerce,3,43.0,EUR,0.0,129.0,129.0
TXN-IT-1-001110,2026-08-25 23:47:06,2026-08-25 23:50:06,IT,Proprietary ERP,B,MED-001,Medora Cardio 10mg,Prescription,Medora,E-commerce,1,43.0,EUR,0.15,43.0,36.55
TXN-IT-1-001111,2026-08-25 21:02:51,2026-08-25 21:07:51,IT,Proprietary ERP,B,SAN-001,SanaPlus PainRelief,OTC,SanaPlus,D2C,2,9.5,EUR,0.0,19.0,19.0
TXN-IT-1-001112,2026-08-25 03:57:52,2026-08-25 04:01:52,IT,Proprietary ERP,B,VIT-001,Vitalis C1000,Supplement,Vitalis,E-commerce,11,21.0,EUR,0.0,231.0,231.0
TXN-IT-1-001113,2026-08-25 22:14:56,2026-08-25 22:20:56,IT,Proprietary ERP,B,PUR-002,PureLife BP Monitor,Medical Device,PureLife,E-commerce,8,90.0,EUR,0.15,720.0,612.0
TXN-IT-1-001114,2026-08-25 21:04:46,2026-08-25 21:07:46,IT,Proprietary ERP,B,MED-001,Medora Cardio 10mg,Prescription,Medora,Pharmacy/B2B,5,43.0,EUR,0.0,215.0,215.0
TXN-IT-1-001115,2026-08-25 13:25:09,2026-08-25 13:29:09,IT,Proprietary ERP,B,MED-002,Medora Derm Cream,Prescription,Medora,Wholesale,9,26.0,EUR,0.0,234.0,234.0
TXN-IT-1-001116,2026-08-25 10:39:42,2026-08-25 10:43:42,IT,Proprietary ERP,B,VIT-001,Vitalis C1000,Supplement,Vitalis,Pharmacy/B2B,12,21.0,EUR,0.2,252.0,201.6
TXN-IT-1-001117,2026-08-25 09:59:28,2026-08-25 10:02:28,IT,Proprietary ERP,B,PUR-001,PureLife GlucoMonitor,Medical Device,PureLife,Wholesale,9,85.0,EUR,0.0,765.0,765.0
TXN-IT-1-001118,2026-08-25 07:36:40,2026-08-25 07:41:40,IT,Proprietary ERP,B,MED-001,Medora Cardio 10mg,Prescription,Medora,Pharmacy/B2B,10,43.0,EUR,0.15,430.0,365.5
TXN-IT-1-001119,2026-08-25 22:54:01,2026-08-25 22:59:01,IT,Proprietary ERP,B,MED-002,Medora Derm Cream,Prescription,Medora,Wholesale,12,26.0,EUR,0.15,312.0,265.2
TXN-IT-1-001120,2026-08-25 22:01:09,2026-08-25 22:07:09,IT,Proprietary ERP,B,SAN-001,SanaPlus PainRelief,OTC,SanaPlus,Wholesale,10,9.5,EUR,0.2,95.0,76.0
TXN-IT-1-001121,2026-08-25 11:31:22,2026-08-25 11:34:22,IT,Proprietary ERP,B,PUR-001,PureLife GlucoMonitor,Medical Device,PureLife,D2C,3,85.0,EUR,0.1,255.0,229.5
TXN-IT-1-001122,2026-08-25 20:29:05,2026-08-25 20:33:05,IT,Proprietary ERP,B,PUR-001,PureLife GlucoMonitor,Medical Device,PureLife,Wholesale,8,85.0,EUR,0.2,680.0,544.0
TXN-IT-1-001123,2026-08-25 06:33:00,2026-08-25 06:38:00,IT,Proprietary ERP,B,VIT-002,Vitalis Multivit,Supplement,Vitalis,D2C,4,17.0,EUR,0.0,68.0,68.0
TXN-IT-1-001124,2026-08-25 04:18:13,2026-08-25 04:19:13,IT,Proprietary ERP,B,DER-002,Dermacare LiftCream,Aesthetic,Dermacare,Pharmacy/B2B,12,37.0,EUR,0.2,444.0,355.2
TXN-IT-1-001125,2026-08-25 07:32:55,2026-08-25 07:37:55,IT,Proprietary ERP,B,DER-001,Dermacare GlowSerum,Aesthetic,Dermacare,Wholesale,1,32.0,EUR,0.0,32.0,32.0
TXN-IT-1-001126,2026-08-25 12:43:49,2026-08-25 12:48:49,IT,Proprietary ERP,B,VIT-002,Vitalis Multivit,Supplement,Vitalis,Pharmacy/B2B,11,17.0,EUR,0.0,187.0,187.0
TXN-IT-1-001127,2026-08-25 10:15:13,2026-08-25 10:18:13,IT,Proprietary ERP,B,MED-002,Medora Derm Cream,Prescription,Medora,D2C,5,26.0,EUR,0.1,130.0,117.0
TXN-IT-1-001128,2026-08-25 20:01:28,2026-08-25 20:04:28,IT,Proprietary ERP,B,MED-001,Medora Cardio 10mg,Prescription,Medora,Pharmacy/B2B,11,43.0,EUR,0.0,473.0,473.0
TXN-IT-1-001129,2026-08-25 12:25:42,2026-08-25 12:29:42,IT,Proprietary ERP,B,PUR-002,PureLife BP Monitor,Medical Device,PureLife,Pharmacy/B2B,3,90.0,EUR,0.0,270.0,270.0
TXN-IT-1-001130,2026-08-25 12:02:01,2026-08-25 12:05:01,IT,Proprietary ERP,B,DER-002,Dermacare LiftCream,Aesthetic,Dermacare,Wholesale,1,37.0,EUR,0.15,37.0,31.45
TXN-IT-1-001131,2026-08-25 04:56:33,2026-08-25 05:00:33,IT,Proprietary ERP,B,VIT-001,Vitalis C1000,Supplement,Vitalis,Wholesale,9,21.0,EUR,0.0,189.0,189.0
TXN-IT-1-001132,2026-08-25 16:50:16,2026-08-25 16:54:16,IT,Proprietary ERP,B,MED-001,Medora Cardio 10mg,Prescription,Medora,D2C,10,43.0,EUR,0.15,430.0,365.5
TXN-IT-1-001133,2026-08-25 11:29:13,2026-08-25 11:34:13,IT,Proprietary ERP,B,PUR-001,PureLife GlucoMonitor,Medical Device,PureLife,Pharmacy/B2B,4,85.0,EUR,0.1,340.0,306.0
TXN-IT-1-001134,2026-08-25 12:04:39,2026-08-25 12:07:39,IT,Proprietary ERP,B,MED-002,Medora Derm Cream,Prescription,Medora,E-commerce,5,26.0,EUR,0.2,130.0,104.0
TXN-IT-1-001135,2026-08-25 01:08:05,2026-08-25 01:11:05,IT,Proprietary ERP,B,DER-001,Dermacare GlowSerum,Aesthetic,Dermacare,E-commerce,10,32.0,EUR,0.1,320.0,288.0
TXN-IT-1-001136,2026-08-25 14:11:01,2026-08-25 14:13:01,IT,Proprietary ERP,B,PUR-002,PureLife BP Monitor,Medical Device,PureLife,Pharmacy/B2B,5,90.0,EUR,0.15,450.0,382.5
TXN-IT-1-001137,2026-08-25 11:27:02,2026-08-25 11:33:02,IT,Proprietary ERP,B,MED-001,Medora Cardio 10mg,Prescription,Medora,D2C,7,43.0,EUR,0.0,301.0,301.0
TXN-IT-1-001138,2026-08-25 18:05:49,2026-08-25 18:07:49,IT,Proprietary ERP,B,SAN-002,SanaPlus ColdFlu,OTC,SanaPlus,Wholesale,5,10.5,EUR,0.0,52.5,52.5
TXN-IT-1-001139,2026-08-25 19:07:05,2026-08-25 19:10:05,IT,Proprietary ERP,B,VIT-001,Vitalis C1000,Supplement,Vitalis,Pharmacy/B2B,6,21.0,EUR,0.2,126.0,100.8
TXN-IT-1-001140,2026-08-25 01:21:41,2026-08-25 01:23:41,IT,Proprietary ERP,B,MED-002,Medora Derm Cream,Prescription,Medora,Wholesale,9,26.0,EUR,0.0,234.0,234.0
TXN-IT-1-001141,2026-08-25 17:34:23,2026-08-25 17:39:23,IT,Proprietary ERP,B,VIT-001,Vitalis C1000,Supplement,Vitalis,E-commerce,6,21.0,EUR,0.05,126.0,119.7
TXN-IT-1-001142,2026-08-25 19:03:52,2026-08-25 19:06:52,IT,Proprietary ERP,B,SAN-002,SanaPlus ColdFlu,OTC,SanaPlus,E-commerce,2,10.5,EUR,0.2,21.0,16.8
TXN-IT-1-001143,2026-08-25 18:47:32,2026-08-25 18:53:32,IT,Proprietary ERP,B,VIT-001,Vitalis C1000,Supplement,Vitalis,E-commerce,12,21.0,EUR,0.0,252.0,252.0
TXN-IT-1-001144,2026-08-25 16:43:30,2026-08-25 16:47:30,IT,Proprietary ERP,B,PUR-001,PureLife GlucoMonitor,Medical Device,PureLife,Pharmacy/B2B,1,85.0,EUR,0.0,85.0,85.0
TXN-IT-1-001145,2026-08-25 01:36:11,2026-08-25 01:42:11,IT,Proprietary ERP,B,PUR-002,PureLife BP Monitor,Medical Device,PureLife,Pharmacy/B2B,6,90.0,EUR,0.05,540.0,513.0
TXN-IT-1-001146,2026-08-25 01:40:47,2026-08-25 01:41:47,IT,Proprietary ERP,B,PUR-001,PureLife GlucoMonitor,Medical Device,PureLife,D2C,1,85.0,EUR,0.1,85.0,76.5
TXN-IT-1-001147,2026-08-25 11:21:53,2026-08-25 11:27:53,IT,Proprietary ERP,B,VIT-002,Vitalis Multivit,Supplement,Vitalis,D2C,4,17.0,EUR,0.0,68.0,68.0
TXN-IT-1-001148,2026-08-25 10:26:00,2026-08-25 10:29:00,IT,Proprietary ERP,B,PUR-001,PureLife GlucoMonitor,Medical Device,PureLife,D2C,8,85.0,EUR,0.15,680.0,578.0
TXN-IT-1-001149,2026-08-25 04:17:00,2026-08-25 04:20:00,IT,Proprietary ERP,B,VIT-001,Vitalis C1000,Supplement,Vitalis,E-commerce,5,21.0,EUR,0.0,105.0,105.0
TXN-IT-1-001150,2026-08-25 00:33:19,2026-08-25 00:38:19,IT,Proprietary ERP,B,PUR-001,PureLife GlucoMonitor,Medical Device,PureLife,Pharmacy/B2B,4,85.0,EUR,0.1,340.0,306.0
TXN-IT-1-001151,2026-08-25 12:45:16,2026-08-25 12:50:16,IT,Proprietary ERP,B,SAN-002,SanaPlus ColdFlu,OTC,SanaPlus,D2C,3,10.5,EUR,0.15,31.5,26.77
TXN-IT-1-001152,2026-08-25 10:18:48,2026-08-25 10:23:48,IT,Proprietary ERP,B,VIT-002,Vitalis Multivit,Supplement,Vitalis,E-commerce,2,17.0,EUR,0.0,34.0,34.0
TXN-IT-1-001153,2026-08-25 22:19:41,2026-08-25 22:22:41,IT,Proprietary ERP,B,PUR-001,PureLife GlucoMonitor,Medical Device,PureLife,Wholesale,1,85.0,EUR,0.0,85.0,85.0
TXN-IT-1-001154,2026-08-25 01:03:20,2026-08-25 01:07:20,IT,Proprietary ERP,B,MED-001,Medora Cardio 10mg,Prescription,Medora,Pharmacy/B2B,7,43.0,EUR,0.0,301.0,301.0
TXN-IT-1-001155,2026-08-25 03:08:07,2026-08-25 03:12:07,IT,Proprietary ERP,B,DER-001,Dermacare GlowSerum,Aesthetic,Dermacare,E-commerce,12,32.0,EUR,0.1,384.0,345.6
TXN-IT-1-001156,2026-08-25 21:34:53,2026-08-25 21:40:53,IT,Proprietary ERP,B,DER-002,Dermacare LiftCream,Aesthetic,Dermacare,D2C,5,37.0,EUR,0.0,185.0,185.0
TXN-IT-1-001157,2026-08-25 07:12:51,2026-08-25 07:18:51,IT,Proprietary ERP,B,PUR-001,PureLife GlucoMonitor,Medical Device,PureLife,Pharmacy/B2B,8,85.0,EUR,0.1,680.0,612.0
TXN-IT-1-001158,2026-08-25 04:47:54,2026-08-25 04:48:54,IT,Proprietary ERP,B,DER-002,Dermacare LiftCream,Aesthetic,Dermacare,Pharmacy/B2B,8,37.0,EUR,0.0,296.0,296.0
TXN-IT-1-001159,2026-08-25 23:27:45,2026-08-25 23:33:45,IT,Proprietary ERP,B,DER-002,Dermacare LiftCream,Aesthetic,Dermacare,Wholesale,4,37.0,EUR,0.0,148.0,148.0
TXN-IT-1-001160,2026-08-25 05:13:57,2026-08-25 05:18:57,IT,Proprietary ERP,B,SAN-001,SanaPlus PainRelief,OTC,SanaPlus,D2C,7,9.5,EUR,0.0,66.5,66.5
TXN-IT-1-001161,2026-08-25 12:01:36,2026-08-25 12:04:36,IT,Proprietary ERP,B,DER-002,Dermacare LiftCream,Aesthetic,Dermacare,Wholesale,1,37.0,EUR,0.0,37.0,37.0
TXN-IT-1-001162,2026-08-25 17:18:23,2026-08-25 17:19:23,IT,Proprietary ERP,B,SAN-002,SanaPlus ColdFlu,OTC,SanaPlus,Wholesale,8,10.5,EUR,0.2,84.0,67.2
TXN-IT-1-001163,2026-08-25 06:13:07,2026-08-25 06:16:07,IT,Proprietary ERP,B,SAN-002,SanaPlus ColdFlu,OTC,SanaPlus,E-commerce,9,10.5,EUR,0.0,94.5,94.5
TXN-IT-1-001164,2026-08-25 14:46:14,2026-08-25 14:52:14,IT,Proprietary ERP,B,MED-002,Medora Derm Cream,Prescription,Medora,D2C,9,26.0,EUR,0.15,234.0,198.9
TXN-IT-1-001165,2026-08-25 02:34:56,2026-08-25 02:37:56,IT,Proprietary ERP,B,PUR-001,PureLife GlucoMonitor,Medical Device,PureLife,Wholesale,7,85.0,EUR,0.1,595.0,535.5
TXN-IT-1-001166,2026-08-25 15:03:10,2026-08-25 15:05:10,IT,Proprietary ERP,B,PUR-002,PureLife BP Monitor,Medical Device,PureLife,E-commerce,9,90.0,EUR,0.0,810.0,810.0
TXN-IT-1-001167,2026-08-25 17:33:45,2026-08-25 17:37:45,IT,Proprietary ERP,B,MED-002,Medora Derm Cream,Prescription,Medora,D2C,4,26.0,EUR,0.2,104.0,83.2
TXN-IT-1-001168,2026-08-25 21:30:59,2026-08-25 21:34:59,IT,Proprietary ERP,B,DER-001,Dermacare GlowSerum,Aesthetic,Dermacare,D2C,9,32.0,EUR,0.15,288.0,244.8
TXN-IT-1-001169,2026-08-25 08:35:53,2026-08-25 08:37:53,IT,Proprietary ERP,B,MED-002,Medora Derm Cream,Prescription,Medora,Wholesale,2,26.0,EUR,0.1,52.0,46.8
TXN-IT-1-001170,2026-08-25 21:42:08,2026-08-25 21:46:08,IT,Proprietary ERP,B,SAN-002,SanaPlus ColdFlu,OTC,SanaPlus,Pharmacy/B2B,8,10.5,EUR,0.0,84.0,84.0
TXN-IT-1-001171,2026-08-25 11:12:54,2026-08-25 11:16:54,IT,Proprietary ERP,B,MED-002,Medora Derm Cream,Prescription,Medora,Pharmacy/B2B,11,26.0,EUR,0.2,286.0,228.8
TXN-IT-1-001172,2026-08-25 21:42:52,2026-08-25 21:46:52,IT,Proprietary ERP,B,SAN-002,SanaPlus ColdFlu,OTC,SanaPlus,Wholesale,11,10.5,EUR,0.15,115.5,98.17
TXN-IT-1-001173,2026-08-25 02:14:18,2026-08-25 02:15:18,IT,Proprietary ERP,B,VIT-002,Vitalis Multivit,Supplement,Vitalis,E-commerce,10,17.0,EUR,0.2,170.0,136.0
TXN-IT-1-001174,2026-08-25 23:09:39,2026-08-25 23:10:39,IT,Proprietary ERP,B,VIT-001,Vitalis C1000,Supplement,Vitalis,E-commerce,8,21.0,EUR,0.1,168.0,151.2
TXN-IT-1-001175,2026-08-25 10:36:47,2026-08-25 10:40:47,IT,Proprietary ERP,B,PUR-002,PureLife BP Monitor,Medical Device,PureLife,Wholesale,4,90.0,EUR,0.0,360.0,360.0
TXN-IT-1-001176,2026-08-25 11:31:37,2026-08-25 11:34:37,IT,Proprietary ERP,B,PUR-002,PureLife BP Monitor,Medical Device,PureLife,D2C,7,90.0,EUR,0.15,630.0,535.5
TXN-IT-1-001177,2026-08-25 12:32:03,2026-08-25 12:33:03,IT,Proprietary ERP,B,PUR-002,PureLife BP Monitor,Medical Device,PureLife,Pharmacy/B2B,10,90.0,EUR,0.1,900.0,810.0
TXN-IT-1-001178,2026-08-25 14:42:58,2026-08-25 14:44:58,IT,Proprietary ERP,B,SAN-001,SanaPlus PainRelief,OTC,SanaPlus,Pharmacy/B2B,6,9.5,EUR,0.1,57.0,51.3
TXN-IT-1-001179,2026-08-25 01:56:03,2026-08-25 01:57:03,IT,Proprietary ERP,B,PUR-001,PureLife GlucoMonitor,Medical Device,PureLife,D2C,2,85.0,EUR,0.2,170.0,136.0
TXN-IT-1-001180,2026-08-25 10:16:29,2026-08-25 10:17:29,IT,Proprietary ERP,B,VIT-002,Vitalis Multivit,Supplement,Vitalis,Wholesale,12,17.0,EUR,0.1,204.0,183.6
TXN-IT-1-001181,2026-08-25 14:21:17,2026-08-25 14:27:17,IT,Proprietary ERP,B,SAN-002,SanaPlus ColdFlu,OTC,SanaPlus,Wholesale,7,10.5,EUR,0.05,73.5,69.83
TXN-IT-1-001182,2026-08-25 15:50:41,2026-08-25 15:55:41,IT,Proprietary ERP,B,VIT-002,Vitalis Multivit,Supplement,Vitalis,E-commerce,8,17.0,EUR,0.0,136.0,136.0
TXN-IT-1-001183,2026-08-25 06:51:11,2026-08-25 06:56:11,IT,Proprietary ERP,B,DER-001,Dermacare GlowSerum,Aesthetic,Dermacare,D2C,7,32.0,EUR,0.0,224.0,224.0
TXN-IT-1-001184,2026-08-25 10:30:10,2026-08-25 10:36:10,IT,Proprietary ERP,B,VIT-001,Vitalis C1000,Supplement,Vitalis,E-commerce,1,21.0,EUR,0.0,21.0,21.0
TXN-IT-1-001185,2026-08-25 23:36:25,2026-08-25 23:37:25,IT,Proprietary ERP,B,VIT-001,Vitalis C1000,Supplement,Vitalis,Wholesale,11,21.0,EUR,0.05,231.0,219.45
TXN-IT-1-001186,2026-08-25 04:56:36,2026-08-25 04:57:36,IT,Proprietary ERP,B,VIT-001,Vitalis C1000,Supplement,Vitalis,Wholesale,8,21.0,EUR,0.2,168.0,134.4
TXN-IT-1-001187,2026-08-25 22:00:23,2026-08-25 22:04:23,IT,Proprietary ERP,B,PUR-002,PureLife BP Monitor,Medical Device,PureLife,E-commerce,8,90.0,EUR,0.1,720.0,648.0
TXN-IT-1-001188,2026-08-25 15:26:30,2026-08-25 15:31:30,IT,Proprietary ERP,B,DER-002,Dermacare LiftCream,Aesthetic,Dermacare,Wholesale,6,37.0,EUR,0.0,222.0,222.0
TXN-IT-1-001189,2026-08-25 06:45:52,2026-08-25 06:49:52,IT,Proprietary ERP,B,PUR-002,PureLife BP Monitor,Medical Device,PureLife,Pharmacy/B2B,10,90.0,EUR,0.05,900.0,855.0
TXN-IT-1-001190,2026-08-25 08:37:11,2026-08-25 08:43:11,IT,Proprietary ERP,B,PUR-001,PureLife GlucoMonitor,Medical Device,PureLife,D2C,7,85.0,EUR,0.1,595.0,535.5
TXN-IT-1-001191,2026-08-25 20:59:03,2026-08-25 21:02:03,IT,Proprietary ERP,B,MED-001,Medora Cardio 10mg,Prescription,Medora,Pharmacy/B2B,10,43.0,EUR,0.05,430.0,408.5
TXN-IT-1-001192,2026-08-25 13:25:10,2026-08-25 13:26:10,IT,Proprietary ERP,B,PUR-002,PureLife BP Monitor,Medical Device,PureLife,Wholesale,12,90.0,EUR,0.0,1080.0,1080.0
TXN-IT-1-001193,2026-08-25 05:10:23,2026-08-25 05:16:23,IT,Proprietary ERP,B,PUR-001,PureLife GlucoMonitor,Medical Device,PureLife,D2C,8,85.0,EUR,0.1,680.0,612.0
TXN-IT-1-001194,2026-08-25 02:50:54,2026-08-25 02:55:54,IT,Proprietary ERP,B,PUR-002,PureLife BP Monitor,Medical Device,PureLife,Pharmacy/B2B,4,90.0,EUR,0.05,360.0,342.0
TXN-IT-1-001195,2026-08-25 22:57:42,2026-08-25 23:03:42,IT,Proprietary ERP,B,MED-002,Medora Derm Cream,Prescription,Medora,D2C,10,26.0,EUR,0.0,260.0,260.0
TXN-IT-1-001196,2026-08-25 12:30:29,2026-08-25 12:35:29,IT,Proprietary ERP,B,MED-001,Medora Cardio 10mg,Prescription,Medora,Wholesale,8,43.0,EUR,0.1,344.0,309.6
TXN-IT-1-001197,2026-08-25 17:05:03,2026-08-25 17:10:03,IT,Proprietary ERP,B,SAN-002,SanaPlus ColdFlu,OTC,SanaPlus,Wholesale,6,10.5,EUR,0.2,63.0,50.4
TXN-IT-1-001198,2026-08-25 10:43:36,2026-08-25 10:46:36,IT,Proprietary ERP,B,VIT-001,Vitalis C1000,Supplement,Vitalis,Pharmacy/B2B,12,21.0,EUR,0.1,252.0,226.8
TXN-IT-1-001199,2026-08-25 11:04:15,2026-08-25 11:10:15,IT,Proprietary ERP,B,PUR-002,PureLife BP Monitor,Medical Device,PureLife,D2C,1,90.0,EUR,0.15,90.0,76.5
TXN-IT-1-001200,2026-08-25 17:13:38,2026-08-25 17:18:38,IT,Proprietary ERP,B,VIT-001,Vitalis C1000,Supplement,Vitalis,Pharmacy/B2B,11,21.0,EUR,0.0,231.0,231.0
TXN-IT-1-001201,2026-08-25 22:43:50,2026-08-25 22:44:50,IT,Proprietary ERP,B,SAN-001,SanaPlus PainRelief,OTC,SanaPlus,Wholesale,2,9.5,EUR,0.0,19.0,19.0
TXN-IT-1-001202,2026-08-25 18:24:29,2026-08-25 18:25:29,IT,Proprietary ERP,B,SAN-001,SanaPlus PainRelief,OTC,SanaPlus,D2C,3,9.5,EUR,0.1,28.5,25.65
TXN-IT-1-001203,2026-08-25 10:13:47,2026-08-25 10:16:47,IT,Proprietary ERP,B,SAN-001,SanaPlus PainRelief,OTC,SanaPlus,Pharmacy/B2B,12,9.5,EUR,0.0,114.0,114.0
TXN-IT-1-001204,2026-08-25 21:59:04,2026-08-25 22:01:04,IT,Proprietary ERP,B,PUR-002,PureLife BP Monitor,Medical Device,PureLife,E-commerce,11,90.0,EUR,0.05,990.0,940.5
TXN-IT-1-001205,2026-08-25 13:27:46,2026-08-25 13:29:46,IT,Proprietary ERP,B,SAN-001,SanaPlus PainRelief,OTC,SanaPlus,E-commerce,8,9.5,EUR,0.0,76.0,76.0
TXN-IT-1-001206,2026-08-25 19:12:05,2026-08-25 19:13:05,IT,Proprietary ERP,B,SAN-002,SanaPlus ColdFlu,OTC,SanaPlus,Pharmacy/B2B,3,10.5,EUR,0.1,31.5,28.35
TXN-IT-1-001207,2026-08-25 05:36:44,2026-08-25 05:40:44,IT,Proprietary ERP,B,DER-001,Dermacare GlowSerum,Aesthetic,Dermacare,Wholesale,4,32.0,EUR,0.15,128.0,108.8
TXN-IT-1-001208,2026-08-25 16:01:35,2026-08-25 16:07:35,IT,Proprietary ERP,B,VIT-001,Vitalis C1000,Supplement,Vitalis,E-commerce,10,21.0,EUR,0.15,210.0,178.5
TXN-IT-1-001209,2026-08-25 12:33:49,2026-08-25 12:34:49,IT,Proprietary ERP,B,SAN-001,SanaPlus PainRelief,OTC,SanaPlus,Pharmacy/B2B,1,9.5,EUR,0.0,9.5,9.5
TXN-IT-1-001210,2026-08-25 16:53:39,2026-08-25 16:57:39,IT,Proprietary ERP,B,DER-002,Dermacare LiftCream,Aesthetic,Dermacare,D2C,8,37.0,EUR,0.15,296.0,251.6
TXN-IT-1-001211,2026-08-25 19:23:18,2026-08-25 19:25:18,IT,Proprietary ERP,B,DER-001,Dermacare GlowSerum,Aesthetic,Dermacare,Wholesale,8,32.0,EUR,0.0,256.0,256.0
TXN-IT-1-001212,2026-08-25 05:17:05,2026-08-25 05:22:05,IT,Proprietary ERP,B,DER-001,Dermacare GlowSerum,Aesthetic,Dermacare,Pharmacy/B2B,5,32.0,EUR,0.2,160.0,128.0
TXN-IT-1-001213,2026-08-25 16:20:27,2026-08-25 16:24:27,IT,Proprietary ERP,B,SAN-002,SanaPlus ColdFlu,OTC,SanaPlus,Pharmacy/B2B,2,10.5,EUR,0.1,21.0,18.9
TXN-IT-1-001214,2026-08-25 23:12:28,2026-08-25 23:15:28,IT,Proprietary ERP,B,DER-001,Dermacare GlowSerum,Aesthetic,Dermacare,D2C,6,32.0,EUR,0.0,192.0,192.0
TXN-IT-1-001215,2026-08-25 09:43:27,2026-08-25 09:44:27,IT,Proprietary ERP,B,SAN-001,SanaPlus PainRelief,OTC,SanaPlus,Wholesale,8,9.5,EUR,0.2,76.0,60.8
TXN-IT-1-001216,2026-08-25 08:48:12,2026-08-25 08:54:12,IT,Proprietary ERP,B,PUR-002,PureLife BP Monitor,Medical Device,PureLife,E-commerce,9,90.0,EUR,0.0,810.0,810.0
TXN-IT-1-001217,2026-08-25 06:33:02,2026-08-25 06:36:02,IT,Proprietary ERP,B,PUR-001,PureLife GlucoMonitor,Medical Device,PureLife,Pharmacy/B2B,11,85.0,EUR,0.0,935.0,935.0
TXN-IT-1-001218,2026-08-25 02:28:26,2026-08-25 02:29:26,IT,Proprietary ERP,B,DER-001,Dermacare GlowSerum,Aesthetic,Dermacare,Pharmacy/B2B,9,32.0,EUR,0.0,288.0,288.0
TXN-IT-1-001219,2026-08-25 16:14:10,2026-08-25 16:17:10,IT,Proprietary ERP,B,VIT-002,Vitalis Multivit,Supplement,Vitalis,D2C,5,17.0,EUR,0.0,85.0,85.0
TXN-IT-1-001220,2026-08-25 01:14:21,2026-08-25 01:15:21,IT,Proprietary ERP,B,PUR-002,PureLife BP Monitor,Medical Device,PureLife,Pharmacy/B2B,1,90.0,EUR,0.1,90.0,81.0
TXN-IT-1-001221,2026-08-25 23:54:22,2026-08-25 23:56:22,IT,Proprietary ERP,B,PUR-002,PureLife BP Monitor,Medical Device,PureLife,Pharmacy/B2B,12,90.0,EUR,0.0,1080.0,1080.0
TXN-IT-1-001222,2026-08-25 03:08:42,2026-08-25 03:13:42,IT,Proprietary ERP,B,VIT-001,Vitalis C1000,Supplement,Vitalis,Wholesale,11,21.0,EUR,0.2,231.0,184.8
TXN-IT-1-001223,2026-08-25 23:35:22,2026-08-25 23:40:22,IT,Proprietary ERP,B,VIT-001,Vitalis C1000,Supplement,Vitalis,Pharmacy/B2B,12,21.0,EUR,0.0,252.0,252.0
TXN-IT-1-001224,2026-08-25 09:13:25,2026-08-25 09:16:25,IT,Proprietary ERP,B,DER-002,Dermacare LiftCream,Aesthetic,Dermacare,Pharmacy/B2B,11,37.0,EUR,0.05,407.0,386.65
TXN-IT-1-001225,2026-08-25 10:03:46,2026-08-25 10:07:46,IT,Proprietary ERP,B,SAN-002,SanaPlus ColdFlu,OTC,SanaPlus,D2C,3,10.5,EUR,0.2,31.5,25.2
TXN-IT-1-001226,2026-08-25 02:41:38,2026-08-25 02:44:38,IT,Proprietary ERP,B,MED-001,Medora Cardio 10mg,Prescription,Medora,Wholesale,7,43.0,EUR,0.0,301.0,301.0
TXN-IT-1-001227,2026-08-25 02:11:12,2026-08-25 02:14:12,IT,Proprietary ERP,B,SAN-001,SanaPlus PainRelief,OTC,SanaPlus,E-commerce,8,9.5,EUR,0.0,76.0,76.0
TXN-IT-1-001228,2026-08-25 17:54:10,2026-08-25 17:56:10,IT,Proprietary ERP,B,PUR-002,PureLife BP Monitor,Medical Device,PureLife,Wholesale,3,90.0,EUR,0.15,270.0,229.5
TXN-IT-1-001229,2026-08-25 17:54:54,2026-08-25 17:55:54,IT,Proprietary ERP,B,VIT-001,Vitalis C1000,Supplement,Vitalis,Wholesale,4,21.0,EUR,0.1,84.0,75.6
TXN-IT-1-001230,2026-08-25 23:25:23,2026-08-25 23:26:23,IT,Proprietary ERP,B,DER-002,Dermacare LiftCream,Aesthetic,Dermacare,D2C,2,37.0,EUR,0.0,74.0,74.0
TXN-IT-1-001231,2026-08-25 02:39:17,2026-08-25 02:40:17,IT,Proprietary ERP,B,PUR-002,PureLife BP Monitor,Medical Device,PureLife,D2C,8,90.0,EUR,0.0,720.0,720.0
TXN-IT-1-001232,2026-08-25 18:07:14,2026-08-25 18:09:14,IT,Proprietary ERP,B,MED-001,Medora Cardio 10mg,Prescription,Medora,Pharmacy/B2B,11,43.0,EUR,0.05,473.0,449.35
TXN-IT-1-001233,2026-08-25 09:42:02,2026-08-25 09:44:02,IT,Proprietary ERP,B,SAN-002,SanaPlus ColdFlu,OTC,SanaPlus,Wholesale,10,10.5,EUR,0.0,105.0,105.0
TXN-IT-1-001234,2026-08-25 18:45:52,2026-08-25 18:51:52,IT,Proprietary ERP,B,DER-002,Dermacare LiftCream,Aesthetic,Dermacare,Wholesale,7,37.0,EUR,0.05,259.0,246.05
TXN-IT-1-001235,2026-08-25 02:33:08,2026-08-25 02:38:08,IT,Proprietary ERP,B,VIT-002,Vitalis Multivit,Supplement,Vitalis,Pharmacy/B2B,7,17.0,EUR,0.15,119.0,101.15
TXN-IT-1-001236,2026-08-25 17:33:05,2026-08-25 17:34:05,IT,Proprietary ERP,B,PUR-002,PureLife BP Monitor,Medical Device,PureLife,D2C,6,90.0,EUR,0.15,540.0,459.0
TXN-IT-1-001237,2026-08-25 11:01:32,2026-08-25 11:05:32,IT,Proprietary ERP,B,MED-001,Medora Cardio 10mg,Prescription,Medora,Pharmacy/B2B,6,43.0,EUR,0.1,258.0,232.2
TXN-IT-1-001238,2026-08-25 12:22:52,2026-08-25 12:23:52,IT,Proprietary ERP,B,DER-002,Dermacare LiftCream,Aesthetic,Dermacare,D2C,11,37.0,EUR,0.0,407.0,407.0
TXN-IT-1-001239,2026-08-25 06:25:49,2026-08-25 06:30:49,IT,Proprietary ERP,B,MED-001,Medora Cardio 10mg,Prescription,Medora,Wholesale,11,43.0,EUR,0.0,473.0,473.0
TXN-IT-1-001240,2026-08-25 10:52:53,2026-08-25 10:58:53,IT,Proprietary ERP,B,DER-001,Dermacare GlowSerum,Aesthetic,Dermacare,Pharmacy/B2B,11,32.0,EUR,0.15,352.0,299.2
TXN-IT-1-001241,2026-08-25 13:04:49,2026-08-25 13:08:49,IT,Proprietary ERP,B,MED-002,Medora Derm Cream,Prescription,Medora,Wholesale,12,26.0,EUR,0.0,312.0,312.0
TXN-IT-1-001242,2026-08-25 05:05:42,2026-08-25 05:06:42,IT,Proprietary ERP,B,VIT-002,Vitalis Multivit,Supplement,Vitalis,Pharmacy/B2B,12,17.0,EUR,0.1,204.0,183.6
TXN-IT-1-001243,2026-08-25 08:40:58,2026-08-25 08:44:58,IT,Proprietary ERP,B,DER-001,Dermacare GlowSerum,Aesthetic,Dermacare,Pharmacy/B2B,9,32.0,EUR,0.15,288.0,244.8
TXN-IT-1-001244,2026-08-25 11:12:14,2026-08-25 11:16:14,IT,Proprietary ERP,B,PUR-001,PureLife GlucoMonitor,Medical Device,PureLife,Wholesale,1,85.0,EUR,0.0,85.0,85.0
TXN-IT-1-001245,2026-08-25 12:21:10,2026-08-25 12:22:10,IT,Proprietary ERP,B,SAN-002,SanaPlus ColdFlu,OTC,SanaPlus,Pharmacy/B2B,7,10.5,EUR,0.0,73.5,73.5
TXN-IT-1-001246,2026-08-25 07:42:25,2026-08-25 07:48:25,IT,Proprietary ERP,B,PUR-001,PureLife GlucoMonitor,Medical Device,PureLife,Wholesale,11,85.0,EUR,0.2,935.0,748.0
TXN-IT-1-001247,2026-08-25 19:32:08,2026-08-25 19:34:08,IT,Proprietary ERP,B,PUR-002,PureLife BP Monitor,Medical Device,PureLife,E-commerce,2,90.0,EUR,0.0,180.0,180.0
TXN-IT-1-001248,2026-08-25 05:09:18,2026-08-25 05:13:18,IT,Proprietary ERP,B,MED-001,Medora Cardio 10mg,Prescription,Medora,Wholesale,10,43.0,EUR,0.0,430.0,430.0
TXN-IT-1-001249,2026-08-25 08:50:08,2026-08-25 08:56:08,IT,Proprietary ERP,B,VIT-001,Vitalis C1000,Supplement,Vitalis,Pharmacy/B2B,3,21.0,EUR,0.15,63.0,53.55
TXN-IT-1-001250,2026-08-25 01:49:08,2026-08-25 01:52:08,IT,Proprietary ERP,B,MED-002,Medora Derm Cream,Prescription,Medora,Wholesale,10,26.0,EUR,0.0,260.0,260.0
TXN-IT-1-001251,2026-08-25 21:31:09,2026-08-25 21:32:09,IT,Proprietary ERP,B,MED-002,Medora Derm Cream,Prescription,Medora,Pharmacy/B2B,8,26.0,EUR,0.1,208.0,187.2
TXN-IT-1-001252,2026-08-25 22:24:51,2026-08-25 22:26:51,IT,Proprietary ERP,B,MED-002,Medora Derm Cream,Prescription,Medora,E-commerce,7,26.0,EUR,0.0,182.0,182.0
TXN-IT-1-001253,2026-08-25 14:38:12,2026-08-25 14:41:12,IT,Proprietary ERP,B,MED-002,Medora Derm Cream,Prescription,Medora,E-commerce,6,26.0,EUR,0.2,156.0,124.8
TXN-IT-1-001254,2026-08-25 07:45:48,2026-08-25 07:46:48,IT,Proprietary ERP,B,PUR-002,PureLife BP Monitor,Medical Device,PureLife,E-commerce,6,90.0,EUR,0.0,540.0,540.0
TXN-IT-1-001255,2026-08-25 04:23:46,2026-08-25 04:26:46,IT,Proprietary ERP,B,VIT-001,Vitalis C1000,Supplement,Vitalis,Wholesale,3,21.0,EUR,0.15,63.0,53.55
TXN-IT-1-001256,2026-08-25 13:28:07,2026-08-25 13:33:07,IT,Proprietary ERP,B,VIT-001,Vitalis C1000,Supplement,Vitalis,Wholesale,4,21.0,EUR,0.1,84.0,75.6
TXN-IT-1-001257,2026-08-25 01:28:54,2026-08-25 01:30:54,IT,Proprietary ERP,B,MED-002,Medora Derm Cream,Prescription,Medora,Wholesale,3,26.0,EUR,0.0,78.0,78.0
TXN-IT-1-001258,2026-08-25 17:43:47,2026-08-25 17:44:47,IT,Proprietary ERP,B,MED-001,Medora Cardio 10mg,Prescription,Medora,Pharmacy/B2B,3,43.0,EUR,0.0,129.0,129.0
TXN-IT-1-001259,2026-08-25 23:43:46,2026-08-25 23:48:46,IT,Proprietary ERP,B,SAN-001,SanaPlus PainRelief,OTC,SanaPlus,Wholesale,12,9.5,EUR,0.2,114.0,91.2
TXN-IT-1-001260,2026-08-25 17:19:51,2026-08-25 17:25:51,IT,Proprietary ERP,B,VIT-001,Vitalis C1000,Supplement,Vitalis,E-commerce,3,21.0,EUR,0.15,63.0,53.55
TXN-IT-1-001261,2026-08-25 09:51:53,2026-08-25 09:56:53,IT,Proprietary ERP,B,DER-002,Dermacare LiftCream,Aesthetic,Dermacare,Wholesale,4,37.0,EUR,0.0,148.0,148.0
TXN-IT-1-001262,2026-08-25 22:13:44,2026-08-25 22:19:44,IT,Proprietary ERP,B,MED-001,Medora Cardio 10mg,Prescription,Medora,E-commerce,12,43.0,EUR,0.05,516.0,490.2
TXN-IT-1-001263,2026-08-25 22:17:02,2026-08-25 22:18:02,IT,Proprietary ERP,B,SAN-001,SanaPlus PainRelief,OTC,SanaPlus,D2C,7,9.5,EUR,0.0,66.5,66.5
TXN-IT-1-001264,2026-08-25 20:18:20,2026-08-25 20:20:20,IT,Proprietary ERP,B,VIT-002,Vitalis Multivit,Supplement,Vitalis,Pharmacy/B2B,9,17.0,EUR,0.0,153.0,153.0
TXN-IT-1-001265,2026-08-25 22:32:03,2026-08-25 22:35:03,IT,Proprietary ERP,B,PUR-001,PureLife GlucoMonitor,Medical Device,PureLife,E-commerce,8,85.0,EUR,0.2,680.0,544.0
TXN-IT-1-001266,2026-08-25 22:48:31,2026-08-25 22:54:31,IT,Proprietary ERP,B,VIT-002,Vitalis Multivit,Supplement,Vitalis,D2C,1,17.0,EUR,0.0,17.0,17.0
TXN-IT-1-001267,2026-08-25 04:06:09,2026-08-25 04:08:09,IT,Proprietary ERP,B,DER-002,Dermacare LiftCream,Aesthetic,Dermacare,Wholesale,3,37.0,EUR,0.0,111.0,111.0
TXN-IT-1-001268,2026-08-25 01:34:11,2026-08-25 01:35:11,IT,Proprietary ERP,B,SAN-002,SanaPlus ColdFlu,OTC,SanaPlus,D2C,4,10.5,EUR,0.05,42.0,39.9
TXN-IT-1-001269,2026-08-25 09:09:09,2026-08-25 09:12:09,IT,Proprietary ERP,B,PUR-002,PureLife BP Monitor,Medical Device,PureLife,Wholesale,1,90.0,EUR,0.0,90.0,90.0
TXN-IT-1-001270,2026-08-25 01:54:35,2026-08-25 01:59:35,IT,Proprietary ERP,B,VIT-001,Vitalis C1000,Supplement,Vitalis,E-commerce,1,21.0,EUR,0.05,21.0,19.95
TXN-IT-1-001271,2026-08-25 18:44:49,2026-08-25 18:45:49,IT,Proprietary ERP,B,MED-002,Medora Derm Cream,Prescription,Medora,E-commerce,12,26.0,EUR,0.05,312.0,296.4
TXN-IT-1-001272,2026-08-25 21:34:47,2026-08-25 21:39:47,IT,Proprietary ERP,B,SAN-002,SanaPlus ColdFlu,OTC,SanaPlus,Wholesale,4,10.5,EUR,0.15,42.0,35.7
TXN-IT-1-001273,2026-08-25 11:51:28,2026-08-25 11:53:28,IT,Proprietary ERP,B,MED-002,Medora Derm Cream,Prescription,Medora,D2C,4,26.0,EUR,0.0,104.0,104.0
TXN-IT-1-001274,2026-08-25 08:37:59,2026-08-25 08:43:59,IT,Proprietary ERP,B,DER-001,Dermacare GlowSerum,Aesthetic,Dermacare,E-commerce,7,32.0,EUR,0.0,224.0,224.0
TXN-IT-1-001275,2026-08-25 02:40:37,2026-08-25 02:44:37,IT,Proprietary ERP,B,PUR-002,PureLife BP Monitor,Medical Device,PureLife,Wholesale,1,90.0,EUR,0.05,90.0,85.5
TXN-IT-1-001276,2026-08-25 05:16:37,2026-08-25 05:18:37,IT,Proprietary ERP,B,PUR-002,PureLife BP Monitor,Medical Device,PureLife,Wholesale,3,90.0,EUR,0.05,270.0,256.5
TXN-IT-1-001277,2026-08-25 13:35:53,2026-08-25 13:37:53,IT,Proprietary ERP,B,DER-002,Dermacare LiftCream,Aesthetic,Dermacare,E-commerce,11,37.0,EUR,0.0,407.0,407.0
TXN-IT-1-001278,2026-08-25 09:49:09,2026-08-25 09:51:09,IT,Proprietary ERP,B,SAN-002,SanaPlus ColdFlu,OTC,SanaPlus,E-commerce,1,10.5,EUR,0.15,10.5,8.92
TXN-IT-1-001279,2026-08-25 20:42:16,2026-08-25 20:43:16,IT,Proprietary ERP,B,SAN-001,SanaPlus PainRelief,OTC,SanaPlus,E-commerce,2,9.5,EUR,0.2,19.0,15.2
TXN-IT-1-001280,2026-08-25 16:56:58,2026-08-25 17:00:58,IT,Proprietary ERP,B,DER-001,Dermacare GlowSerum,Aesthetic,Dermacare,E-commerce,6,32.0,EUR,0.0,192.0,192.0
TXN-IT-1-001281,2026-08-25 10:44:47,2026-08-25 10:49:47,IT,Proprietary ERP,B,VIT-001,Vitalis C1000,Supplement,Vitalis,E-commerce,10,21.0,EUR,0.1,210.0,189.0
TXN-IT-1-001282,2026-08-25 08:21:47,2026-08-25 08:22:47,IT,Proprietary ERP,B,DER-001,Dermacare GlowSerum,Aesthetic,Dermacare,Wholesale,4,32.0,EUR,0.1,128.0,115.2
TXN-IT-1-001283,2026-08-25 17:14:21,2026-08-25 17:18:21,IT,Proprietary ERP,B,SAN-001,SanaPlus PainRelief,OTC,SanaPlus,Pharmacy/B2B,12,9.5,EUR,0.05,114.0,108.3
TXN-IT-1-001284,2026-08-25 08:58:49,2026-08-25 09:00:49,IT,Proprietary ERP,B,SAN-002,SanaPlus ColdFlu,OTC,SanaPlus,Wholesale,10,10.5,EUR,0.0,105.0,105.0
TXN-IT-1-001285,2026-08-25 21:32:44,2026-08-25 21:34:44,IT,Proprietary ERP,B,PUR-002,PureLife BP Monitor,Medical Device,PureLife,Pharmacy/B2B,7,90.0,EUR,0.0,630.0,630.0
TXN-IT-1-001286,2026-08-25 01:27:30,2026-08-25 01:31:30,IT,Proprietary ERP,B,PUR-001,PureLife GlucoMonitor,Medical Device,PureLife,Pharmacy/B2B,7,85.0,EUR,0.1,595.0,535.5
TXN-IT-1-001287,2026-08-25 14:21:24,2026-08-25 14:25:24,IT,Proprietary ERP,B,MED-002,Medora Derm Cream,Prescription,Medora,Wholesale,8,26.0,EUR,0.0,208.0,208.0
TXN-IT-1-001288,2026-08-25 03:01:30,2026-08-25 03:06:30,IT,Proprietary ERP,B,MED-001,Medora Cardio 10mg,Prescription,Medora,Wholesale,4,43.0,EUR,0.0,172.0,172.0
TXN-IT-1-001289,2026-08-25 13:02:56,2026-08-25 13:05:56,IT,Proprietary ERP,B,VIT-002,Vitalis Multivit,Supplement,Vitalis,Pharmacy/B2B,1,17.0,EUR,0.05,17.0,16.15
TXN-IT-1-001290,2026-08-25 11:05:55,2026-08-25 11:07:55,IT,Proprietary ERP,B,DER-002,Dermacare LiftCream,Aesthetic,Dermacare,Pharmacy/B2B,8,37.0,EUR,0.05,296.0,281.2
TXN-IT-1-001291,2026-08-25 05:02:49,2026-08-25 05:08:49,IT,Proprietary ERP,B,DER-001,Dermacare GlowSerum,Aesthetic,Dermacare,E-commerce,6,32.0,EUR,0.15,192.0,163.2
TXN-IT-1-001292,2026-08-25 16:54:16,2026-08-25 17:00:16,IT,Proprietary ERP,B,MED-001,Medora Cardio 10mg,Prescription,Medora,Pharmacy/B2B,7,43.0,EUR,0.15,301.0,255.85
TXN-IT-1-001293,2026-08-25 12:07:14,2026-08-25 12:12:14,IT,Proprietary ERP,B,MED-001,Medora Cardio 10mg,Prescription,Medora,D2C,7,43.0,EUR,0.2,301.0,240.8
TXN-IT-1-001294,2026-08-25 09:49:21,2026-08-25 09:55:21,IT,Proprietary ERP,B,PUR-002,PureLife BP Monitor,Medical Device,PureLife,E-commerce,11,90.0,EUR,0.0,990.0,990.0
TXN-IT-1-001295,2026-08-25 22:35:24,2026-08-25 22:38:24,IT,Proprietary ERP,B,MED-001,Medora Cardio 10mg,Prescription,Medora,D2C,1,43.0,EUR,0.0,43.0,43.0
TXN-IT-1-001296,2026-08-25 13:56:34,2026-08-25 13:59:34,IT,Proprietary ERP,B,DER-002,Dermacare LiftCream,Aesthetic,Dermacare,Pharmacy/B2B,6,37.0,EUR,0.0,222.0,222.0
TXN-IT-1-001297,2026-08-25 06:22:52,2026-08-25 06:28:52,IT,Proprietary ERP,B,PUR-001,PureLife GlucoMonitor,Medical Device,PureLife,Pharmacy/B2B,9,85.0,EUR,0.15,765.0,650.25
TXN-IT-1-001298,2026-08-25 07:27:12,2026-08-25 07:29:12,IT,Proprietary ERP,B,SAN-002,SanaPlus ColdFlu,OTC,SanaPlus,E-commerce,9,10.5,EUR,0.0,94.5,94.5
TXN-IT-1-001299,2026-08-25 23:37:50,2026-08-25 23:41:50,IT,Proprietary ERP,B,PUR-002,PureLife BP Monitor,Medical Device,PureLife,E-commerce,12,90.0,EUR,0.2,1080.0,864.0
TXN-IT-1-001300,2026-08-25 08:12:28,2026-08-25 08:15:28,IT,Proprietary ERP,B,SAN-002,SanaPlus ColdFlu,OTC,SanaPlus,D2C,9,10.5,EUR,0.15,94.5,80.33
TXN-IT-1-001301,2026-08-25 15:23:54,2026-08-25 15:26:54,IT,Proprietary ERP,B,MED-001,Medora Cardio 10mg,Prescription,Medora,Pharmacy/B2B,6,43.0,EUR,0.0,258.0,258.0
TXN-IT-1-001302,2026-08-25 16:28:18,2026-08-25 16:32:18,IT,Proprietary ERP,B,PUR-001,PureLife GlucoMonitor,Medical Device,PureLife,Pharmacy/B2B,8,85.0,EUR,0.15,680.0,578.0
TXN-IT-1-001303,2026-08-25 19:21:57,2026-08-25 19:27:57,IT,Proprietary ERP,B,PUR-001,PureLife GlucoMonitor,Medical Device,PureLife,D2C,8,85.0,EUR,0.1,680.0,612.0
TXN-IT-1-001304,2026-08-25 13:24:13,2026-08-25 13:30:13,IT,Proprietary ERP,B,MED-002,Medora Derm Cream,Prescription,Medora,E-commerce,8,26.0,EUR,0.0,208.0,208.0
TXN-IT-1-001305,2026-08-25 02:55:08,2026-08-25 02:59:08,IT,Proprietary ERP,B,VIT-001,Vitalis C1000,Supplement,Vitalis,D2C,2,21.0,EUR,0.0,42.0,42.0
TXN-IT-1-001306,2026-08-25 05:59:56,2026-08-25 06:02:56,IT,Proprietary ERP,B,MED-002,Medora Derm Cream,Prescription,Medora,E-commerce,8,26.0,EUR,0.0,208.0,208.0
TXN-IT-1-001307,2026-08-25 07:26:12,2026-08-25 07:31:12,IT,Proprietary ERP,B,MED-001,Medora Cardio 10mg,Prescription,Medora,D2C,7,43.0,EUR,0.15,301.0,255.85
TXN-IT-1-001308,2026-08-25 19:42:46,2026-08-25 19:44:46,IT,Proprietary ERP,B,DER-002,Dermacare LiftCream,Aesthetic,Dermacare,D2C,7,37.0,EUR,0.05,259.0,246.05
TXN-IT-1-001309,2026-08-25 23:28:20,2026-08-25 23:29:20,IT,Proprietary ERP,B,SAN-001,SanaPlus PainRelief,OTC,SanaPlus,E-commerce,2,9.5,EUR,0.0,19.0,19.0
TXN-IT-1-001310,2026-08-25 08:27:31,2026-08-25 08:32:31,IT,Proprietary ERP,B,SAN-002,SanaPlus ColdFlu,OTC,SanaPlus,Wholesale,10,10.5,EUR,0.0,105.0,105.0
TXN-IT-1-001311,2026-08-25 23:52:31,2026-08-25 23:58:31,IT,Proprietary ERP,B,SAN-002,SanaPlus ColdFlu,OTC,SanaPlus,Wholesale,10,10.5,EUR,0.15,105.0,89.25
TXN-IT-1-001312,2026-08-25 19:18:09,2026-08-25 19:23:09,IT,Proprietary ERP,B,DER-002,Dermacare LiftCream,Aesthetic,Dermacare,Wholesale,5,37.0,EUR,0.1,185.0,166.5
TXN-IT-1-001313,2026-08-25 04:48:15,2026-08-25 04:51:15,IT,Proprietary ERP,B,VIT-001,Vitalis C1000,Supplement,Vitalis,D2C,4,21.0,EUR,0.05,84.0,79.8
TXN-IT-1-001314,2026-08-25 13:32:25,2026-08-25 13:35:25,IT,Proprietary ERP,B,MED-001,Medora Cardio 10mg,Prescription,Medora,E-commerce,6,43.0,EUR,0.0,258.0,258.0
TXN-IT-1-001315,2026-08-25 16:35:59,2026-08-25 16:37:59,IT,Proprietary ERP,B,PUR-002,PureLife BP Monitor,Medical Device,PureLife,E-commerce,12,90.0,EUR,0.1,1080.0,972.0
TXN-IT-1-001316,2026-08-25 10:23:07,2026-08-25 10:25:07,IT,Proprietary ERP,B,VIT-001,Vitalis C1000,Supplement,Vitalis,E-commerce,3,21.0,EUR,0.0,63.0,63.0
TXN-IT-1-001317,2026-08-25 04:15:24,2026-08-25 04:16:24,IT,Proprietary ERP,B,SAN-002,SanaPlus ColdFlu,OTC,SanaPlus,E-commerce,8,10.5,EUR,0.0,84.0,84.0
TXN-IT-1-001318,2026-08-25 13:27:33,2026-08-25 13:29:33,IT,Proprietary ERP,B,VIT-002,Vitalis Multivit,Supplement,Vitalis,Pharmacy/B2B,11,17.0,EUR,0.0,187.0,187.0
TXN-IT-1-001319,2026-08-25 12:31:08,2026-08-25 12:33:08,IT,Proprietary ERP,B,SAN-002,SanaPlus ColdFlu,OTC,SanaPlus,Wholesale,9,10.5,EUR,0.0,94.5,94.5
TXN-IT-1-001320,2026-08-25 19:25:45,2026-08-25 19:28:45,IT,Proprietary ERP,B,MED-002,Medora Derm Cream,Prescription,Medora,Pharmacy/B2B,7,26.0,EUR,0.05,182.0,172.9
TXN-IT-1-001321,2026-08-25 05:17:35,2026-08-25 05:21:35,IT,Proprietary ERP,B,SAN-002,SanaPlus ColdFlu,OTC,SanaPlus,E-commerce,1,10.5,EUR,0.15,10.5,8.92
TXN-IT-1-001322,2026-08-25 19:53:04,2026-08-25 19:58:04,IT,Proprietary ERP,B,SAN-002,SanaPlus ColdFlu,OTC,SanaPlus,D2C,8,10.5,EUR,0.0,84.0,84.0
TXN-IT-1-001323,2026-08-25 20:53:19,2026-08-25 20:59:19,IT,Proprietary ERP,B,VIT-001,Vitalis C1000,Supplement,Vitalis,Wholesale,6,21.0,EUR,0.15,126.0,107.1
TXN-IT-1-001324,2026-08-25 04:05:21,2026-08-25 04:11:21,IT,Proprietary ERP,B,DER-002,Dermacare LiftCream,Aesthetic,Dermacare,Pharmacy/B2B,3,37.0,EUR,0.15,111.0,94.35
TXN-IT-1-001325,2026-08-25 20:03:35,2026-08-25 20:04:35,IT,Proprietary ERP,B,SAN-001,SanaPlus PainRelief,OTC,SanaPlus,Pharmacy/B2B,7,9.5,EUR,0.1,66.5,59.85
TXN-IT-1-001326,2026-08-25 08:01:23,2026-08-25 08:05:23,IT,Proprietary ERP,B,SAN-002,SanaPlus ColdFlu,OTC,SanaPlus,Pharmacy/B2B,6,10.5,EUR,0.0,63.0,63.0
TXN-IT-1-001327,2026-08-25 22:08:31,2026-08-25 22:14:31,IT,Proprietary ERP,B,VIT-002,Vitalis Multivit,Supplement,Vitalis,E-commerce,5,17.0,EUR,0.0,85.0,85.0
TXN-IT-1-001328,2026-08-25 00:49:15,2026-08-25 00:50:15,IT,Proprietary ERP,B,PUR-001,PureLife GlucoMonitor,Medical Device,PureLife,Wholesale,11,85.0,EUR,0.15,935.0,794.75
TXN-IT-1-001329,2026-08-25 03:10:52,2026-08-25 03:15:52,IT,Proprietary ERP,B,DER-001,Dermacare GlowSerum,Aesthetic,Dermacare,E-commerce,8,32.0,EUR,0.0,256.0,256.0
TXN-IT-1-001330,2026-08-25 21:57:38,2026-08-25 22:02:38,IT,Proprietary ERP,B,PUR-001,PureLife GlucoMonitor,Medical Device,PureLife,Pharmacy/B2B,11,85.0,EUR,0.0,935.0,935.0
TXN-IT-1-001331,2026-08-25 14:28:28,2026-08-25 14:30:28,IT,Proprietary ERP,B,DER-001,Dermacare GlowSerum,Aesthetic,Dermacare,D2C,7,32.0,EUR,0.0,224.0,224.0
TXN-IT-1-001332,2026-08-25 00:26:37,2026-08-25 00:29:37,IT,Proprietary ERP,B,SAN-002,SanaPlus ColdFlu,OTC,SanaPlus,D2C,5,10.5,EUR,0.05,52.5,49.88
TXN-IT-1-001333,2026-08-25 20:25:35,2026-08-25 20:26:35,IT,Proprietary ERP,B,VIT-002,Vitalis Multivit,Supplement,Vitalis,Wholesale,12,17.0,EUR,0.05,204.0,193.8
TXN-IT-1-001334,2026-08-25 16:06:39,2026-08-25 16:09:39,IT,Proprietary ERP,B,VIT-001,Vitalis C1000,Supplement,Vitalis,Wholesale,12,21.0,EUR,0.05,252.0,239.4
TXN-IT-1-001335,2026-08-25 05:04:53,2026-08-25 05:09:53,IT,Proprietary ERP,B,PUR-002,PureLife BP Monitor,Medical Device,PureLife,Pharmacy/B2B,3,90.0,EUR,0.0,270.0,270.0
TXN-IT-1-001336,2026-08-25 11:02:25,2026-08-25 11:06:25,IT,Proprietary ERP,B,PUR-001,PureLife GlucoMonitor,Medical Device,PureLife,D2C,2,85.0,EUR,0.1,170.0,153.0
TXN-IT-1-001337,2026-08-25 13:40:53,2026-08-25 13:41:53,IT,Proprietary ERP,B,MED-001,Medora Cardio 10mg,Prescription,Medora,Wholesale,11,43.0,EUR,0.0,473.0,473.0
TXN-IT-1-001338,2026-08-25 15:05:31,2026-08-25 15:07:31,IT,Proprietary ERP,B,PUR-001,PureLife GlucoMonitor,Medical Device,PureLife,Wholesale,12,85.0,EUR,0.1,1020.0,918.0
TXN-IT-1-001339,2026-08-25 04:59:07,2026-08-25 05:01:07,IT,Proprietary ERP,B,VIT-001,Vitalis C1000,Supplement,Vitalis,Wholesale,5,21.0,EUR,0.1,105.0,94.5
TXN-IT-1-001340,2026-08-25 17:51:42,2026-08-25 17:52:42,IT,Proprietary ERP,B,SAN-001,SanaPlus PainRelief,OTC,SanaPlus,D2C,8,9.5,EUR,0.1,76.0,68.4
TXN-IT-1-001341,2026-08-25 16:52:25,2026-08-25 16:54:25,IT,Proprietary ERP,B,MED-001,Medora Cardio 10mg,Prescription,Medora,Pharmacy/B2B,3,43.0,EUR,0.0,129.0,129.0
TXN-IT-1-001342,2026-08-25 10:55:43,2026-08-25 11:01:43,IT,Proprietary ERP,B,DER-002,Dermacare LiftCream,Aesthetic,Dermacare,Pharmacy/B2B,11,37.0,EUR,0.15,407.0,345.95
TXN-IT-1-001343,2026-08-25 10:28:27,2026-08-25 10:32:27,IT,Proprietary ERP,B,VIT-001,Vitalis C1000,Supplement,Vitalis,Wholesale,12,21.0,EUR,0.15,252.0,214.2
TXN-IT-1-001344,2026-08-25 08:54:39,2026-08-25 08:55:39,IT,Proprietary ERP,B,MED-002,Medora Derm Cream,Prescription,Medora,D2C,8,26.0,EUR,0.0,208.0,208.0
TXN-IT-1-001345,2026-08-25 21:48:17,2026-08-25 21:54:17,IT,Proprietary ERP,B,SAN-002,SanaPlus ColdFlu,OTC,SanaPlus,Wholesale,10,10.5,EUR,0.05,105.0,99.75
TXN-IT-1-001346,2026-08-25 09:23:24,2026-08-25 09:29:24,IT,Proprietary ERP,B,DER-002,Dermacare LiftCream,Aesthetic,Dermacare,Pharmacy/B2B,6,37.0,EUR,0.1,222.0,199.8
TXN-IT-1-001347,2026-08-25 20:56:40,2026-08-25 20:57:40,IT,Proprietary ERP,B,SAN-001,SanaPlus PainRelief,OTC,SanaPlus,E-commerce,10,9.5,EUR,0.0,95.0,95.0
TXN-IT-1-001348,2026-08-25 05:19:14,2026-08-25 05:22:14,IT,Proprietary ERP,B,DER-002,Dermacare LiftCream,Aesthetic,Dermacare,E-commerce,6,37.0,EUR,0.0,222.0,222.0
TXN-IT-1-001349,2026-08-25 01:55:32,2026-08-25 01:58:32,IT,Proprietary ERP,B,SAN-002,SanaPlus ColdFlu,OTC,SanaPlus,Wholesale,11,10.5,EUR,0.0,115.5,115.5
TXN-IT-1-001350,2026-08-25 01:46:25,2026-08-25 01:49:25,IT,Proprietary ERP,B,SAN-001,SanaPlus PainRelief,OTC,SanaPlus,Pharmacy/B2B,9,9.5,EUR,0.0,85.5,85.5
TXN-IT-1-001351,2026-08-25 22:51:57,2026-08-25 22:53:57,IT,Proprietary ERP,B,MED-002,Medora Derm Cream,Prescription,Medora,E-commerce,9,26.0,EUR,0.0,234.0,234.0
TXN-IT-1-001352,2026-08-25 11:30:46,2026-08-25 11:36:46,IT,Proprietary ERP,B,SAN-001,SanaPlus PainRelief,OTC,SanaPlus,D2C,11,9.5,EUR,0.15,104.5,88.83
TXN-IT-1-001353,2026-08-25 13:11:56,2026-08-25 13:12:56,IT,Proprietary ERP,B,PUR-001,PureLife GlucoMonitor,Medical Device,PureLife,D2C,3,85.0,EUR,0.0,255.0,255.0
TXN-IT-1-001354,2026-08-25 04:59:10,2026-08-25 05:04:10,IT,Proprietary ERP,B,SAN-001,SanaPlus PainRelief,OTC,SanaPlus,D2C,8,9.5,EUR,0.05,76.0,72.2
TXN-IT-1-001355,2026-08-25 12:23:25,2026-08-25 12:25:25,IT,Proprietary ERP,B,MED-002,Medora Derm Cream,Prescription,Medora,E-commerce,3,26.0,EUR,0.1,78.0,70.2
TXN-IT-1-001356,2026-08-25 08:03:01,2026-08-25 08:05:01,IT,Proprietary ERP,B,PUR-001,PureLife GlucoMonitor,Medical Device,PureLife,Pharmacy/B2B,7,85.0,EUR,0.05,595.0,565.25
TXN-IT-1-001357,2026-08-25 02:46:53,2026-08-25 02:47:53,IT,Proprietary ERP,B,VIT-001,Vitalis C1000,Supplement,Vitalis,Pharmacy/B2B,8,21.0,EUR,0.0,168.0,168.0
TXN-IT-1-001358,2026-08-25 11:20:38,2026-08-25 11:26:38,IT,Proprietary ERP,B,SAN-002,SanaPlus ColdFlu,OTC,SanaPlus,E-commerce,8,10.5,EUR,0.1,84.0,75.6
TXN-IT-1-001359,2026-08-25 19:02:46,2026-08-25 19:05:46,IT,Proprietary ERP,B,VIT-001,Vitalis C1000,Supplement,Vitalis,D2C,1,21.0,EUR,0.15,21.0,17.85
TXN-IT-1-001360,2026-08-25 04:19:04,2026-08-25 04:21:04,IT,Proprietary ERP,B,VIT-001,Vitalis C1000,Supplement,Vitalis,E-commerce,12,21.0,EUR,0.0,252.0,252.0
TXN-IT-1-001361,2026-08-25 11:11:35,2026-08-25 11:13:35,IT,Proprietary ERP,B,VIT-002,Vitalis Multivit,Supplement,Vitalis,E-commerce,2,17.0,EUR,0.05,34.0,32.3
TXN-IT-1-001362,2026-08-25 04:04:03,2026-08-25 04:05:03,IT,Proprietary ERP,B,MED-001,Medora Cardio 10mg,Prescription,Medora,Wholesale,7,43.0,EUR,0.0,301.0,301.0
TXN-IT-1-001363,2026-08-25 07:08:56,2026-08-25 07:09:56,IT,Proprietary ERP,B,MED-001,Medora Cardio 10mg,Prescription,Medora,Pharmacy/B2B,8,43.0,EUR,0.0,344.0,344.0
TXN-IT-1-001364,2026-08-25 09:12:42,2026-08-25 09:13:42,IT,Proprietary ERP,B,MED-002,Medora Derm Cream,Prescription,Medora,D2C,11,26.0,EUR,0.0,286.0,286.0
TXN-IT-1-001365,2026-08-25 03:30:48,2026-08-25 03:31:48,IT,Proprietary ERP,B,PUR-002,PureLife BP Monitor,Medical Device,PureLife,E-commerce,10,90.0,EUR,0.0,900.0,900.0
TXN-IT-1-001366,2026-08-25 06:43:39,2026-08-25 06:49:39,IT,Proprietary ERP,B,SAN-002,SanaPlus ColdFlu,OTC,SanaPlus,Pharmacy/B2B,2,10.5,EUR,0.0,21.0,21.0
TXN-IT-1-001367,2026-08-25 10:05:56,2026-08-25 10:10:56,IT,Proprietary ERP,B,SAN-002,SanaPlus ColdFlu,OTC,SanaPlus,D2C,3,10.5,EUR,0.2,31.5,25.2
TXN-IT-1-001368,2026-08-25 18:13:39,2026-08-25 18:19:39,IT,Proprietary ERP,B,PUR-002,PureLife BP Monitor,Medical Device,PureLife,E-commerce,9,90.0,EUR,0.1,810.0,729.0
TXN-IT-1-001369,2026-08-25 02:29:17,2026-08-25 02:30:17,IT,Proprietary ERP,B,PUR-002,PureLife BP Monitor,Medical Device,PureLife,Pharmacy/B2B,9,90.0,EUR,0.0,810.0,810.0
TXN-IT-1-001370,2026-08-25 06:58:26,2026-08-25 07:01:26,IT,Proprietary ERP,B,VIT-001,Vitalis C1000,Supplement,Vitalis,Pharmacy/B2B,12,21.0,EUR,0.0,252.0,252.0
TXN-IT-1-001371,2026-08-25 07:47:31,2026-08-25 07:52:31,IT,Proprietary ERP,B,DER-002,Dermacare LiftCream,Aesthetic,Dermacare,D2C,12,37.0,EUR,0.1,444.0,399.6
TXN-IT-1-001372,2026-08-25 06:44:24,2026-08-25 06:48:24,IT,Proprietary ERP,B,MED-002,Medora Derm Cream,Prescription,Medora,E-commerce,6,26.0,EUR,0.05,156.0,148.2
TXN-IT-1-001373,2026-08-25 15:26:26,2026-08-25 15:28:26,IT,Proprietary ERP,B,PUR-001,PureLife GlucoMonitor,Medical Device,PureLife,E-commerce,7,85.0,EUR,0.0,595.0,595.0
TXN-IT-1-001374,2026-08-25 11:26:33,2026-08-25 11:27:33,IT,Proprietary ERP,B,DER-002,Dermacare LiftCream,Aesthetic,Dermacare,Pharmacy/B2B,9,37.0,EUR,0.0,333.0,333.0
TXN-IT-1-001375,2026-08-25 18:03:07,2026-08-25 18:06:07,IT,Proprietary ERP,B,SAN-001,SanaPlus PainRelief,OTC,SanaPlus,Pharmacy/B2B,2,9.5,EUR,0.0,19.0,19.0
TXN-IT-1-001376,2026-08-25 17:58:31,2026-08-25 17:59:31,IT,Proprietary ERP,B,DER-001,Dermacare GlowSerum,Aesthetic,Dermacare,D2C,8,32.0,EUR,0.1,256.0,230.4
TXN-IT-1-001377,2026-08-25 11:21:35,2026-08-25 11:27:35,IT,Proprietary ERP,B,DER-002,Dermacare LiftCream,Aesthetic,Dermacare,E-commerce,9,37.0,EUR,0.05,333.0,316.35
TXN-IT-1-001378,2026-08-25 10:34:48,2026-08-25 10:38:48,IT,Proprietary ERP,B,VIT-002,Vitalis Multivit,Supplement,Vitalis,Pharmacy/B2B,8,17.0,EUR,0.15,136.0,115.6
TXN-IT-1-001379,2026-08-25 13:22:41,2026-08-25 13:24:41,IT,Proprietary ERP,B,MED-001,Medora Cardio 10mg,Prescription,Medora,Wholesale,11,43.0,EUR,0.0,473.0,473.0
TXN-IT-1-001380,2026-08-25 14:25:52,2026-08-25 14:29:52,IT,Proprietary ERP,B,PUR-001,PureLife GlucoMonitor,Medical Device,PureLife,Pharmacy/B2B,2,85.0,EUR,0.0,170.0,170.0
TXN-IT-1-001381,2026-08-25 14:22:28,2026-08-25 14:26:28,IT,Proprietary ERP,B,PUR-002,PureLife BP Monitor,Medical Device,PureLife,Pharmacy/B2B,12,90.0,EUR,0.0,1080.0,1080.0
TXN-IT-1-001382,2026-08-25 02:21:21,2026-08-25 02:24:21,IT,Proprietary ERP,B,VIT-002,Vitalis Multivit,Supplement,Vitalis,D2C,4,17.0,EUR,0.1,68.0,61.2
TXN-IT-1-001383,2026-08-25 14:43:10,2026-08-25 14:44:10,IT,Proprietary ERP,B,VIT-002,Vitalis Multivit,Supplement,Vitalis,Wholesale,12,17.0,EUR,0.05,204.0,193.8
TXN-IT-1-001384,2026-08-25 10:08:25,2026-08-25 10:14:25,IT,Proprietary ERP,B,PUR-002,PureLife BP Monitor,Medical Device,PureLife,D2C,11,90.0,EUR,0.05,990.0,940.5
TXN-IT-1-001385,2026-08-25 12:57:54,2026-08-25 13:01:54,IT,Proprietary ERP,B,PUR-002,PureLife BP Monitor,Medical Device,PureLife,Wholesale,8,90.0,EUR,0.1,720.0,648.0
TXN-IT-1-001386,2026-08-25 10:09:14,2026-08-25 10:11:14,IT,Proprietary ERP,B,DER-002,Dermacare LiftCream,Aesthetic,Dermacare,Pharmacy/B2B,2,37.0,EUR,0.0,74.0,74.0
TXN-IT-1-001387,2026-08-25 17:48:58,2026-08-25 17:52:58,IT,Proprietary ERP,B,VIT-002,Vitalis Multivit,Supplement,Vitalis,E-commerce,1,17.0,EUR,0.0,17.0,17.0
TXN-IT-1-001388,2026-08-25 01:55:27,2026-08-25 01:56:27,IT,Proprietary ERP,B,DER-002,Dermacare LiftCream,Aesthetic,Dermacare,Pharmacy/B2B,3,37.0,EUR,0.05,111.0,105.45
TXN-IT-1-001389,2026-08-25 22:00:44,2026-08-25 22:06:44,IT,Proprietary ERP,B,SAN-002,SanaPlus ColdFlu,OTC,SanaPlus,E-commerce,5,10.5,EUR,0.1,52.5,47.25
TXN-IT-1-001390,2026-08-25 22:41:28,2026-08-25 22:42:28,IT,Proprietary ERP,B,MED-002,Medora Derm Cream,Prescription,Medora,Wholesale,8,26.0,EUR,0.0,208.0,208.0
TXN-IT-1-001391,2026-08-25 10:41:17,2026-08-25 10:47:17,IT,Proprietary ERP,B,DER-002,Dermacare LiftCream,Aesthetic,Dermacare,Wholesale,9,37.0,EUR,0.0,333.0,333.0
TXN-IT-1-001392,2026-08-25 19:44:58,2026-08-25 19:47:58,IT,Proprietary ERP,B,PUR-001,PureLife GlucoMonitor,Medical Device,PureLife,Pharmacy/B2B,1,85.0,EUR,0.05,85.0,80.75
TXN-IT-1-001393,2026-08-25 04:20:15,2026-08-25 04:24:15,IT,Proprietary ERP,B,DER-002,Dermacare LiftCream,Aesthetic,Dermacare,D2C,7,37.0,EUR,0.05,259.0,246.05
TXN-IT-1-001394,2026-08-25 16:44:08,2026-08-25 16:45:08,IT,Proprietary ERP,B,MED-001,Medora Cardio 10mg,Prescription,Medora,E-commerce,9,43.0,EUR,0.15,387.0,328.95
TXN-IT-1-001395,2026-08-25 11:02:00,2026-08-25 11:08:00,IT,Proprietary ERP,B,VIT-001,Vitalis C1000,Supplement,Vitalis,Wholesale,7,21.0,EUR,0.0,147.0,147.0
TXN-IT-1-001396,2026-08-25 11:22:34,2026-08-25 11:28:34,IT,Proprietary ERP,B,DER-001,Dermacare GlowSerum,Aesthetic,Dermacare,Wholesale,2,32.0,EUR,0.1,64.0,57.6
TXN-IT-1-001397,2026-08-25 17:51:37,2026-08-25 17:57:37,IT,Proprietary ERP,B,PUR-001,PureLife GlucoMonitor,Medical Device,PureLife,Wholesale,8,85.0,EUR,0.1,680.0,612.0
TXN-IT-1-001398,2026-08-25 05:41:27,2026-08-25 05:46:27,IT,Proprietary ERP,B,MED-001,Medora Cardio 10mg,Prescription,Medora,Wholesale,5,43.0,EUR,0.05,215.0,204.25
TXN-IT-1-001399,2026-08-25 21:31:09,2026-08-25 21:35:09,IT,Proprietary ERP,B,PUR-002,PureLife BP Monitor,Medical Device,PureLife,D2C,5,90.0,EUR,0.0,450.0,450.0
TXN-IT-1-001400,2026-08-25 02:14:10,2026-08-25 02:15:10,IT,Proprietary ERP,B,PUR-002,PureLife BP Monitor,Medical Device,PureLife,Pharmacy/B2B,3,90.0,EUR,0.2,270.0,216.0
TXN-IT-1-001401,2026-08-25 13:20:26,2026-08-25 13:23:26,IT,Proprietary ERP,B,PUR-002,PureLife BP Monitor,Medical Device,PureLife,Pharmacy/B2B,11,90.0,EUR,0.0,990.0,990.0
TXN-IT-1-001402,2026-08-25 13:51:22,2026-08-25 13:52:22,IT,Proprietary ERP,B,DER-001,Dermacare GlowSerum,Aesthetic,Dermacare,D2C,6,32.0,EUR,0.05,192.0,182.4
TXN-IT-1-001403,2026-08-25 12:47:21,2026-08-25 12:48:21,IT,Proprietary ERP,B,VIT-002,Vitalis Multivit,Supplement,Vitalis,E-commerce,4,17.0,EUR,0.15,68.0,57.8
TXN-IT-1-001404,2026-08-25 11:21:47,2026-08-25 11:26:47,IT,Proprietary ERP,B,MED-002,Medora Derm Cream,Prescription,Medora,Pharmacy/B2B,5,26.0,EUR,0.0,130.0,130.0
TXN-IT-1-001405,2026-08-25 12:17:29,2026-08-25 12:19:29,IT,Proprietary ERP,B,MED-001,Medora Cardio 10mg,Prescription,Medora,D2C,1,43.0,EUR,0.05,43.0,40.85
TXN-IT-1-001406,2026-08-25 23:56:54,2026-08-26 00:00:54,IT,Proprietary ERP,B,PUR-002,PureLife BP Monitor,Medical Device,PureLife,Wholesale,5,90.0,EUR,0.0,450.0,450.0
TXN-IT-1-001407,2026-08-25 17:06:04,2026-08-25 17:11:04,IT,Proprietary ERP,B,MED-001,Medora Cardio 10mg,Prescription,Medora,D2C,7,43.0,EUR,0.1,301.0,270.9
TXN-IT-1-001408,2026-08-25 14:12:37,2026-08-25 14:15:37,IT,Proprietary ERP,B,PUR-002,PureLife BP Monitor,Medical Device,PureLife,Pharmacy/B2B,8,90.0,EUR,0.0,720.0,720.0
TXN-IT-1-001409,2026-08-25 07:29:48,2026-08-25 07:32:48,IT,Proprietary ERP,B,DER-002,Dermacare LiftCream,Aesthetic,Dermacare,D2C,3,37.0,EUR,0.1,111.0,99.9
TXN-IT-1-001410,2026-08-25 10:54:18,2026-08-25 10:57:18,IT,Proprietary ERP,B,DER-001,Dermacare GlowSerum,Aesthetic,Dermacare,E-commerce,8,32.0,EUR,0.15,256.0,217.6
TXN-IT-1-001411,2026-08-25 02:44:32,2026-08-25 02:49:32,IT,Proprietary ERP,B,VIT-002,Vitalis Multivit,Supplement,Vitalis,D2C,5,17.0,EUR,0.0,85.0,85.0
TXN-IT-1-001412,2026-08-25 10:49:30,2026-08-25 10:54:30,IT,Proprietary ERP,B,DER-001,Dermacare GlowSerum,Aesthetic,Dermacare,E-commerce,10,32.0,EUR,0.15,320.0,272.0
TXN-IT-1-001413,2026-08-25 03:20:53,2026-08-25 03:26:53,IT,Proprietary ERP,B,PUR-002,PureLife BP Monitor,Medical Device,PureLife,Pharmacy/B2B,10,90.0,EUR,0.0,900.0,900.0
TXN-IT-1-001414,2026-08-25 09:57:10,2026-08-25 09:58:10,IT,Proprietary ERP,B,PUR-002,PureLife BP Monitor,Medical Device,PureLife,Wholesale,7,90.0,EUR,0.0,630.0,630.0
TXN-IT-1-001415,2026-08-25 12:38:43,2026-08-25 12:39:43,IT,Proprietary ERP,B,SAN-001,SanaPlus PainRelief,OTC,SanaPlus,D2C,7,9.5,EUR,0.15,66.5,56.52
TXN-IT-1-001416,2026-08-25 19:39:32,2026-08-25 19:42:32,IT,Proprietary ERP,B,VIT-002,Vitalis Multivit,Supplement,Vitalis,Wholesale,7,17.0,EUR,0.0,119.0,119.0
TXN-IT-1-001417,2026-08-25 22:45:15,2026-08-25 22:50:15,IT,Proprietary ERP,B,DER-002,Dermacare LiftCream,Aesthetic,Dermacare,E-commerce,1,37.0,EUR,0.15,37.0,31.45
TXN-IT-1-001418,2026-08-25 18:47:42,2026-08-25 18:49:42,IT,Proprietary ERP,B,PUR-002,PureLife BP Monitor,Medical Device,PureLife,Wholesale,4,90.0,EUR,0.15,360.0,306.0
TXN-IT-1-001419,2026-08-25 17:00:49,2026-08-25 17:03:49,IT,Proprietary ERP,B,PUR-001,PureLife GlucoMonitor,Medical Device,PureLife,Wholesale,10,85.0,EUR,0.15,850.0,722.5
TXN-IT-1-001420,2026-08-25 22:49:10,2026-08-25 22:50:10,IT,Proprietary ERP,B,PUR-001,PureLife GlucoMonitor,Medical Device,PureLife,E-commerce,6,85.0,EUR,0.05,510.0,484.5
TXN-IT-1-001421,2026-08-25 05:22:45,2026-08-25 05:24:45,IT,Proprietary ERP,B,VIT-001,Vitalis C1000,Supplement,Vitalis,D2C,7,21.0,EUR,0.05,147.0,139.65
TXN-IT-1-001422,2026-08-25 11:36:06,2026-08-25 11:37:06,IT,Proprietary ERP,B,VIT-002,Vitalis Multivit,Supplement,Vitalis,Wholesale,5,17.0,EUR,0.2,85.0,68.0
TXN-IT-1-001423,2026-08-25 10:27:03,2026-08-25 10:33:03,IT,Proprietary ERP,B,VIT-001,Vitalis C1000,Supplement,Vitalis,D2C,11,21.0,EUR,0.1,231.0,207.9
TXN-IT-1-001424,2026-08-25 08:35:50,2026-08-25 08:39:50,IT,Proprietary ERP,B,VIT-002,Vitalis Multivit,Supplement,Vitalis,Pharmacy/B2B,3,17.0,EUR,0.0,51.0,51.0
TXN-IT-1-001425,2026-08-25 01:00:31,2026-08-25 01:02:31,IT,Proprietary ERP,B,SAN-001,SanaPlus PainRelief,OTC,SanaPlus,Wholesale,8,9.5,EUR,0.1,76.0,68.4
TXN-IT-1-001426,2026-08-25 15:52:44,2026-08-25 15:56:44,IT,Proprietary ERP,B,MED-001,Medora Cardio 10mg,Prescription,Medora,E-commerce,3,43.0,EUR,0.0,129.0,129.0
TXN-IT-1-001427,2026-08-25 04:58:02,2026-08-25 04:59:02,IT,Proprietary ERP,B,SAN-001,SanaPlus PainRelief,OTC,SanaPlus,D2C,11,9.5,EUR,0.1,104.5,94.05
TXN-IT-1-001428,2026-08-25 06:24:26,2026-08-25 06:30:26,IT,Proprietary ERP,B,MED-001,Medora Cardio 10mg,Prescription,Medora,Wholesale,1,43.0,EUR,0.0,43.0,43.0
TXN-IT-1-001429,2026-08-25 03:03:20,2026-08-25 03:06:20,IT,Proprietary ERP,B,PUR-002,PureLife BP Monitor,Medical Device,PureLife,D2C,2,90.0,EUR,0.05,180.0,171.0
TXN-IT-1-001430,2026-08-25 13:13:56,2026-08-25 13:19:56,IT,Proprietary ERP,B,MED-002,Medora Derm Cream,Prescription,Medora,Wholesale,12,26.0,EUR,0.2,312.0,249.6
TXN-IT-1-001431,2026-08-25 05:07:03,2026-08-25 05:09:03,IT,Proprietary ERP,B,MED-002,Medora Derm Cream,Prescription,Medora,Pharmacy/B2B,9,26.0,EUR,0.15,234.0,198.9
TXN-IT-1-001432,2026-08-25 21:07:56,2026-08-25 21:12:56,IT,Proprietary ERP,B,SAN-001,SanaPlus PainRelief,OTC,SanaPlus,Wholesale,2,9.5,EUR,0.0,19.0,19.0
TXN-IT-1-001433,2026-08-25 21:50:19,2026-08-25 21:51:19,IT,Proprietary ERP,B,SAN-002,SanaPlus ColdFlu,OTC,SanaPlus,D2C,10,10.5,EUR,0.15,105.0,89.25
TXN-IT-1-001434,2026-08-25 14:11:51,2026-08-25 14:17:51,IT,Proprietary ERP,B,VIT-002,Vitalis Multivit,Supplement,Vitalis,Wholesale,4,17.0,EUR,0.0,68.0,68.0
TXN-IT-1-001435,2026-08-25 03:53:20,2026-08-25 03:55:20,IT,Proprietary ERP,B,VIT-002,Vitalis Multivit,Supplement,Vitalis,D2C,8,17.0,EUR,0.05,136.0,129.2
TXN-IT-1-001436,2026-08-25 09:15:32,2026-08-25 09:20:32,IT,Proprietary ERP,B,MED-001,Medora Cardio 10mg,Prescription,Medora,Wholesale,9,43.0,EUR,0.0,387.0,387.0
TXN-IT-1-001437,2026-08-25 04:06:46,2026-08-25 04:09:46,IT,Proprietary ERP,B,PUR-001,PureLife GlucoMonitor,Medical Device,PureLife,Wholesale,8,85.0,EUR,0.15,680.0,578.0
TXN-IT-1-001438,2026-08-25 08:58:09,2026-08-25 09:01:09,IT,Proprietary ERP,B,VIT-001,Vitalis C1000,Supplement,Vitalis,D2C,8,21.0,EUR,0.15,168.0,142.8
TXN-IT-1-001439,2026-08-25 13:23:20,2026-08-25 13:26:20,IT,Proprietary ERP,B,MED-001,Medora Cardio 10mg,Prescription,Medora,Pharmacy/B2B,12,43.0,EUR,0.15,516.0,438.6
TXN-IT-1-001440,2026-08-25 01:59:26,2026-08-25 02:05:26,IT,Proprietary ERP,B,VIT-002,Vitalis Multivit,Supplement,Vitalis,D2C,9,17.0,EUR,0.05,153.0,145.35
TXN-IT-1-001441,2026-08-25 11:15:36,2026-08-25 11:21:36,IT,Proprietary ERP,B,SAN-002,SanaPlus ColdFlu,OTC,SanaPlus,Pharmacy/B2B,9,10.5,EUR,0.2,94.5,75.6
TXN-IT-1-001442,2026-08-25 08:36:23,2026-08-25 08:40:23,IT,Proprietary ERP,B,DER-001,Dermacare GlowSerum,Aesthetic,Dermacare,Pharmacy/B2B,7,32.0,EUR,0.0,224.0,224.0
TXN-IT-1-001443,2026-08-25 10:57:18,2026-08-25 10:58:18,IT,Proprietary ERP,B,VIT-002,Vitalis Multivit,Supplement,Vitalis,D2C,4,17.0,EUR,0.2,68.0,54.4
TXN-IT-1-001444,2026-08-25 05:50:01,2026-08-25 05:54:01,IT,Proprietary ERP,B,SAN-002,SanaPlus ColdFlu,OTC,SanaPlus,Wholesale,1,10.5,EUR,0.0,10.5,10.5
TXN-IT-1-001445,2026-08-25 02:54:58,2026-08-25 02:58:58,IT,Proprietary ERP,B,DER-002,Dermacare LiftCream,Aesthetic,Dermacare,Wholesale,6,37.0,EUR,0.15,222.0,188.7
TXN-IT-1-001446,2026-08-25 15:22:40,2026-08-25 15:23:40,IT,Proprietary ERP,B,VIT-001,Vitalis C1000,Supplement,Vitalis,D2C,9,21.0,EUR,0.0,189.0,189.0
TXN-IT-1-001447,2026-08-25 12:48:38,2026-08-25 12:52:38,IT,Proprietary ERP,B,PUR-002,PureLife BP Monitor,Medical Device,PureLife,D2C,8,90.0,EUR,0.15,720.0,612.0
TXN-IT-1-001448,2026-08-25 00:59:44,2026-08-25 01:00:44,IT,Proprietary ERP,B,VIT-001,Vitalis C1000,Supplement,Vitalis,Wholesale,11,21.0,EUR,0.0,231.0,231.0
TXN-IT-1-001449,2026-08-25 00:06:43,2026-08-25 00:10:43,IT,Proprietary ERP,B,VIT-002,Vitalis Multivit,Supplement,Vitalis,D2C,6,17.0,EUR,0.1,102.0,91.8
TXN-IT-1-001450,2026-08-25 02:59:38,2026-08-25 03:00:38,IT,Proprietary ERP,B,VIT-001,Vitalis C1000,Supplement,Vitalis,E-commerce,9,21.0,EUR,0.15,189.0,160.65
TXN-IT-1-001451,2026-08-25 23:38:09,2026-08-25 23:40:09,IT,Proprietary ERP,B,PUR-002,PureLife BP Monitor,Medical Device,PureLife,Wholesale,6,90.0,EUR,0.05,540.0,513.0
TXN-IT-1-001452,2026-08-25 17:25:00,2026-08-25 17:31:00,IT,Proprietary ERP,B,VIT-001,Vitalis C1000,Supplement,Vitalis,D2C,3,21.0,EUR,0.15,63.0,53.55
TXN-IT-1-001453,2026-08-25 21:35:28,2026-08-25 21:38:28,IT,Proprietary ERP,B,SAN-001,SanaPlus PainRelief,OTC,SanaPlus,E-commerce,2,9.5,EUR,0.05,19.0,18.05
TXN-IT-1-001454,2026-08-25 13:23:02,2026-08-25 13:25:02,IT,Proprietary ERP,B,DER-001,Dermacare GlowSerum,Aesthetic,Dermacare,Wholesale,10,32.0,EUR,0.0,320.0,320.0
TXN-IT-1-001455,2026-08-25 00:45:17,2026-08-25 00:46:17,IT,Proprietary ERP,B,PUR-001,PureLife GlucoMonitor,Medical Device,PureLife,E-commerce,2,85.0,EUR,0.05,170.0,161.5
TXN-IT-1-001456,2026-08-25 07:13:07,2026-08-25 07:16:07,IT,Proprietary ERP,B,VIT-001,Vitalis C1000,Supplement,Vitalis,Pharmacy/B2B,7,21.0,EUR,0.1,147.0,132.3
TXN-IT-1-001457,2026-08-25 15:36:57,2026-08-25 15:41:57,IT,Proprietary ERP,B,SAN-001,SanaPlus PainRelief,OTC,SanaPlus,E-commerce,2,9.5,EUR,0.0,19.0,19.0
TXN-IT-1-001458,2026-08-25 06:11:38,2026-08-25 06:16:38,IT,Proprietary ERP,B,MED-002,Medora Derm Cream,Prescription,Medora,Pharmacy/B2B,12,26.0,EUR,0.1,312.0,280.8
TXN-IT-1-001459,2026-08-25 15:50:37,2026-08-25 15:54:37,IT,Proprietary ERP,B,DER-002,Dermacare LiftCream,Aesthetic,Dermacare,Pharmacy/B2B,4,37.0,EUR,0.15,148.0,125.8
TXN-IT-1-001460,2026-08-25 07:23:46,2026-08-25 07:25:46,IT,Proprietary ERP,B,SAN-001,SanaPlus PainRelief,OTC,SanaPlus,D2C,12,9.5,EUR,0.05,114.0,108.3
TXN-IT-1-001461,2026-08-25 13:54:39,2026-08-25 13:56:39,IT,Proprietary ERP,B,DER-001,Dermacare GlowSerum,Aesthetic,Dermacare,E-commerce,10,32.0,EUR,0.0,320.0,320.0
TXN-IT-1-001462,2026-08-25 10:18:09,2026-08-25 10:24:09,IT,Proprietary ERP,B,VIT-002,Vitalis Multivit,Supplement,Vitalis,Wholesale,3,17.0,EUR,0.05,51.0,48.45
TXN-IT-1-001463,2026-08-25 05:18:49,2026-08-25 05:19:49,IT,Proprietary ERP,B,SAN-001,SanaPlus PainRelief,OTC,SanaPlus,D2C,4,9.5,EUR,0.1,38.0,34.2
TXN-IT-1-001464,2026-08-25 16:25:10,2026-08-25 16:27:10,IT,Proprietary ERP,B,SAN-002,SanaPlus ColdFlu,OTC,SanaPlus,Wholesale,2,10.5,EUR,0.0,21.0,21.0
TXN-IT-1-001465,2026-08-25 17:04:17,2026-08-25 17:06:17,IT,Proprietary ERP,B,SAN-002,SanaPlus ColdFlu,OTC,SanaPlus,Wholesale,11,10.5,EUR,0.0,115.5,115.5
TXN-IT-1-001466,2026-08-25 13:57:45,2026-08-25 14:03:45,IT,Proprietary ERP,B,DER-001,Dermacare GlowSerum,Aesthetic,Dermacare,D2C,2,32.0,EUR,0.0,64.0,64.0
TXN-IT-1-001467,2026-08-25 20:16:47,2026-08-25 20:17:47,IT,Proprietary ERP,B,MED-001,Medora Cardio 10mg,Prescription,Medora,D2C,4,43.0,EUR,0.05,172.0,163.4
TXN-IT-1-001468,2026-08-25 12:53:59,2026-08-25 12:58:59,IT,Proprietary ERP,B,PUR-002,PureLife BP Monitor,Medical Device,PureLife,Pharmacy/B2B,1,90.0,EUR,0.0,90.0,90.0
TXN-IT-1-001469,2026-08-25 18:22:11,2026-08-25 18:27:11,IT,Proprietary ERP,B,DER-001,Dermacare GlowSerum,Aesthetic,Dermacare,D2C,7,32.0,EUR,0.15,224.0,190.4
TXN-IT-1-001470,2026-08-25 13:30:14,2026-08-25 13:32:14,IT,Proprietary ERP,B,PUR-001,PureLife GlucoMonitor,Medical Device,PureLife,Pharmacy/B2B,10,85.0,EUR,0.0,850.0,850.0
TXN-IT-1-001471,2026-08-25 09:28:36,2026-08-25 09:30:36,IT,Proprietary ERP,B,PUR-001,PureLife GlucoMonitor,Medical Device,PureLife,Wholesale,6,85.0,EUR,0.05,510.0,484.5
TXN-IT-1-001472,2026-08-25 04:48:10,2026-08-25 04:49:10,IT,Proprietary ERP,B,SAN-002,SanaPlus ColdFlu,OTC,SanaPlus,Wholesale,3,10.5,EUR,0.0,31.5,31.5
TXN-IT-1-001473,2026-08-25 04:15:14,2026-08-25 04:18:14,IT,Proprietary ERP,B,MED-001,Medora Cardio 10mg,Prescription,Medora,E-commerce,8,43.0,EUR,0.2,344.0,275.2
TXN-IT-1-001474,2026-08-25 10:13:51,2026-08-25 10:19:51,IT,Proprietary ERP,B,SAN-002,SanaPlus ColdFlu,OTC,SanaPlus,Wholesale,5,10.5,EUR,0.0,52.5,52.5
TXN-IT-1-001475,2026-08-25 22:18:58,2026-08-25 22:21:58,IT,Proprietary ERP,B,PUR-001,PureLife GlucoMonitor,Medical Device,PureLife,D2C,7,85.0,EUR,0.0,595.0,595.0
TXN-IT-1-001476,2026-08-25 11:29:18,2026-08-25 11:35:18,IT,Proprietary ERP,B,DER-002,Dermacare LiftCream,Aesthetic,Dermacare,E-commerce,9,37.0,EUR,0.2,333.0,266.4
TXN-IT-1-001477,2026-08-25 23:56:09,2026-08-26 00:02:09,IT,Proprietary ERP,B,DER-002,Dermacare LiftCream,Aesthetic,Dermacare,Pharmacy/B2B,4,37.0,EUR,0.0,148.0,148.0
TXN-IT-1-001478,2026-08-25 01:59:12,2026-08-25 02:01:12,IT,Proprietary ERP,B,VIT-001,Vitalis C1000,Supplement,Vitalis,Pharmacy/B2B,8,21.0,EUR,0.0,168.0,168.0
TXN-IT-1-001479,2026-08-25 05:57:17,2026-08-25 06:03:17,IT,Proprietary ERP,B,DER-002,Dermacare LiftCream,Aesthetic,Dermacare,Wholesale,2,37.0,EUR,0.05,74.0,70.3
TXN-IT-1-001480,2026-08-25 01:29:06,2026-08-25 01:33:06,IT,Proprietary ERP,B,SAN-002,SanaPlus ColdFlu,OTC,SanaPlus,Wholesale,8,10.5,EUR,0.05,84.0,79.8
TXN-IT-1-001481,2026-08-25 04:05:44,2026-08-25 04:11:44,IT,Proprietary ERP,B,VIT-001,Vitalis C1000,Supplement,Vitalis,Pharmacy/B2B,6,21.0,EUR,0.0,126.0,126.0
TXN-IT-1-001482,2026-08-25 07:25:03,2026-08-25 07:28:03,IT,Proprietary ERP,B,VIT-001,Vitalis C1000,Supplement,Vitalis,E-commerce,12,21.0,EUR,0.1,252.0,226.8
TXN-IT-1-001483,2026-08-25 09:55:55,2026-08-25 10:00:55,IT,Proprietary ERP,B,PUR-002,PureLife BP Monitor,Medical Device,PureLife,E-commerce,10,90.0,EUR,0.0,900.0,900.0
TXN-IT-1-001484,2026-08-25 19:09:05,2026-08-25 19:14:05,IT,Proprietary ERP,B,VIT-001,Vitalis C1000,Supplement,Vitalis,Wholesale,2,21.0,EUR,0.0,42.0,42.0
TXN-IT-1-001485,2026-08-25 18:08:08,2026-08-25 18:14:08,IT,Proprietary ERP,B,MED-002,Medora Derm Cream,Prescription,Medora,D2C,1,26.0,EUR,0.0,26.0,26.0
TXN-IT-1-001486,2026-08-25 04:26:29,2026-08-25 04:30:29,IT,Proprietary ERP,B,SAN-002,SanaPlus ColdFlu,OTC,SanaPlus,Pharmacy/B2B,6,10.5,EUR,0.0,63.0,63.0
TXN-IT-1-001487,2026-08-25 01:03:04,2026-08-25 01:04:04,IT,Proprietary ERP,B,DER-002,Dermacare LiftCream,Aesthetic,Dermacare,Wholesale,8,37.0,EUR,0.15,296.0,251.6
TXN-IT-1-001488,2026-08-25 09:48:20,2026-08-25 09:53:20,IT,Proprietary ERP,B,MED-001,Medora Cardio 10mg,Prescription,Medora,D2C,1,43.0,EUR,0.15,43.0,36.55
TXN-IT-1-001489,2026-08-25 22:39:34,2026-08-25 22:43:34,IT,Proprietary ERP,B,SAN-002,SanaPlus ColdFlu,OTC,SanaPlus,E-commerce,4,10.5,EUR,0.2,42.0,33.6
TXN-IT-1-001490,2026-08-25 01:46:20,2026-08-25 01:52:20,IT,Proprietary ERP,B,SAN-001,SanaPlus PainRelief,OTC,SanaPlus,D2C,1,9.5,EUR,0.15,9.5,8.07
TXN-IT-1-001491,2026-08-25 02:34:29,2026-08-25 02:39:29,IT,Proprietary ERP,B,PUR-002,PureLife BP Monitor,Medical Device,PureLife,Wholesale,2,90.0,EUR,0.05,180.0,171.0
TXN-IT-1-001492,2026-08-25 09:17:24,2026-08-25 09:19:24,IT,Proprietary ERP,B,VIT-002,Vitalis Multivit,Supplement,Vitalis,Wholesale,2,17.0,EUR,0.0,34.0,34.0
TXN-IT-1-001493,2026-08-25 07:34:52,2026-08-25 07:36:52,IT,Proprietary ERP,B,DER-001,Dermacare GlowSerum,Aesthetic,Dermacare,Wholesale,5,32.0,EUR,0.15,160.0,136.0
TXN-IT-1-001494,2026-08-25 23:48:49,2026-08-25 23:50:49,IT,Proprietary ERP,B,MED-002,Medora Derm Cream,Prescription,Medora,D2C,8,26.0,EUR,0.2,208.0,166.4
TXN-IT-1-001495,2026-08-25 15:44:30,2026-08-25 15:50:30,IT,Proprietary ERP,B,SAN-001,SanaPlus PainRelief,OTC,SanaPlus,E-commerce,6,9.5,EUR,0.15,57.0,48.45
TXN-IT-1-001496,2026-08-25 03:29:57,2026-08-25 03:32:57,IT,Proprietary ERP,B,PUR-001,PureLife GlucoMonitor,Medical Device,PureLife,E-commerce,8,85.0,EUR,0.05,680.0,646.0
TXN-IT-1-001497,2026-08-25 14:07:47,2026-08-25 14:11:47,IT,Proprietary ERP,B,SAN-001,SanaPlus PainRelief,OTC,SanaPlus,Wholesale,2,9.5,EUR,0.2,19.0,15.2
TXN-IT-1-001498,2026-08-25 15:23:02,2026-08-25 15:26:02,IT,Proprietary ERP,B,PUR-002,PureLife BP Monitor,Medical Device,PureLife,E-commerce,7,90.0,EUR,0.15,630.0,535.5
TXN-IT-1-001499,2026-08-25 15:30:38,2026-08-25 15:31:38,IT,Proprietary ERP,B,MED-001,Medora Cardio 10mg,Prescription,Medora,D2C,8,43.0,EUR,0.15,344.0,292.4
TXN-IT-1-001500,2026-08-25 08:09:50,2026-08-25 08:15:50,IT,Proprietary ERP,B,VIT-001,Vitalis C1000,Supplement,Vitalis,Wholesale,9,21.0,EUR,0.15,189.0,160.65
TXN-IT-1-001501,2026-08-25 23:33:53,2026-08-25 23:38:53,IT,Proprietary ERP,B,MED-002,Medora Derm Cream,Prescription,Medora,D2C,8,26.0,EUR,0.05,208.0,197.6
TXN-IT-1-001502,2026-08-25 02:52:58,2026-08-25 02:56:58,IT,Proprietary ERP,B,SAN-001,SanaPlus PainRelief,OTC,SanaPlus,E-commerce,3,9.5,EUR,0.15,28.5,24.22
TXN-IT-1-001503,2026-08-25 10:56:15,2026-08-25 10:58:15,IT,Proprietary ERP,B,PUR-001,PureLife GlucoMonitor,Medical Device,PureLife,Wholesale,5,85.0,EUR,0.1,425.0,382.5
TXN-IT-1-001504,2026-08-25 01:44:15,2026-08-25 01:49:15,IT,Proprietary ERP,B,MED-002,Medora Derm Cream,Prescription,Medora,Pharmacy/B2B,9,26.0,EUR,0.0,234.0,234.0
TXN-IT-1-001505,2026-08-25 18:35:32,2026-08-25 18:39:32,IT,Proprietary ERP,B,DER-001,Dermacare GlowSerum,Aesthetic,Dermacare,Pharmacy/B2B,8,32.0,EUR,0.15,256.0,217.6
TXN-IT-1-001506,2026-08-25 20:41:51,2026-08-25 20:44:51,IT,Proprietary ERP,B,SAN-002,SanaPlus ColdFlu,OTC,SanaPlus,D2C,10,10.5,EUR,0.0,105.0,105.0
TXN-IT-1-001507,2026-08-25 18:19:47,2026-08-25 18:20:47,IT,Proprietary ERP,B,MED-002,Medora Derm Cream,Prescription,Medora,Wholesale,3,26.0,EUR,0.2,78.0,62.4
TXN-IT-1-001508,2026-08-25 06:38:02,2026-08-25 06:42:02,IT,Proprietary ERP,B,MED-001,Medora Cardio 10mg,Prescription,Medora,Pharmacy/B2B,7,43.0,EUR,0.15,301.0,255.85
TXN-IT-1-001509,2026-08-25 10:50:13,2026-08-25 10:53:13,IT,Proprietary ERP,B,PUR-002,PureLife BP Monitor,Medical Device,PureLife,Wholesale,11,90.0,EUR,0.05,990.0,940.5
TXN-IT-1-001510,2026-08-25 22:42:44,2026-08-25 22:45:44,IT,Proprietary ERP,B,SAN-002,SanaPlus ColdFlu,OTC,SanaPlus,E-commerce,4,10.5,EUR,0.0,42.0,42.0
TXN-IT-1-001511,2026-08-25 02:50:52,2026-08-25 02:56:52,IT,Proprietary ERP,B,PUR-002,PureLife BP Monitor,Medical Device,PureLife,D2C,11,90.0,EUR,0.0,990.0,990.0
TXN-IT-1-001512,2026-08-25 15:47:38,2026-08-25 15:52:38,IT,Proprietary ERP,B,MED-001,Medora Cardio 10mg,Prescription,Medora,Pharmacy/B2B,7,43.0,EUR,0.0,301.0,301.0
TXN-IT-1-001513,2026-08-25 00:29:03,2026-08-25 00:31:03,IT,Proprietary ERP,B,DER-002,Dermacare LiftCream,Aesthetic,Dermacare,Wholesale,12,37.0,EUR,0.05,444.0,421.8
TXN-IT-1-001514,2026-08-25 23:56:48,2026-08-26 00:02:48,IT,Proprietary ERP,B,PUR-002,PureLife BP Monitor,Medical Device,PureLife,Wholesale,5,90.0,EUR,0.1,450.0,405.0
TXN-IT-1-001515,2026-08-25 22:27:17,2026-08-25 22:30:17,IT,Proprietary ERP,B,DER-001,Dermacare GlowSerum,Aesthetic,Dermacare,D2C,2,32.0,EUR,0.0,64.0,64.0
TXN-IT-1-001516,2026-08-25 04:55:09,2026-08-25 04:56:09,IT,Proprietary ERP,B,VIT-002,Vitalis Multivit,Supplement,Vitalis,Pharmacy/B2B,1,17.0,EUR,0.15,17.0,14.45
TXN-IT-1-001517,2026-08-25 06:51:10,2026-08-25 06:52:10,IT,Proprietary ERP,B,VIT-002,Vitalis Multivit,Supplement,Vitalis,Wholesale,11,17.0,EUR,0.0,187.0,187.0
TXN-IT-1-001518,2026-08-25 23:39:22,2026-08-25 23:41:22,IT,Proprietary ERP,B,DER-001,Dermacare GlowSerum,Aesthetic,Dermacare,E-commerce,2,32.0,EUR,0.0,64.0,64.0
TXN-IT-1-001519,2026-08-25 16:52:22,2026-08-25 16:54:22,IT,Proprietary ERP,B,DER-002,Dermacare LiftCream,Aesthetic,Dermacare,Wholesale,1,37.0,EUR,0.0,37.0,37.0
TXN-IT-1-001520,2026-08-25 06:02:51,2026-08-25 06:04:51,IT,Proprietary ERP,B,DER-002,Dermacare LiftCream,Aesthetic,Dermacare,Wholesale,8,37.0,EUR,0.0,296.0,296.0
TXN-IT-1-001521,2026-08-25 16:21:58,2026-08-25 16:26:58,IT,Proprietary ERP,B,VIT-002,Vitalis Multivit,Supplement,Vitalis,E-commerce,5,17.0,EUR,0.1,85.0,76.5
TXN-IT-1-001522,2026-08-25 14:15:45,2026-08-25 14:16:45,IT,Proprietary ERP,B,SAN-002,SanaPlus ColdFlu,OTC,SanaPlus,Pharmacy/B2B,2,10.5,EUR,0.15,21.0,17.85
TXN-IT-1-001523,2026-08-25 15:43:15,2026-08-25 15:47:15,IT,Proprietary ERP,B,DER-002,Dermacare LiftCream,Aesthetic,Dermacare,D2C,1,37.0,EUR,0.05,37.0,35.15
TXN-IT-1-001524,2026-08-25 14:33:06,2026-08-25 14:37:06,IT,Proprietary ERP,B,PUR-001,PureLife GlucoMonitor,Medical Device,PureLife,Wholesale,4,85.0,EUR,0.15,340.0,289.0
TXN-IT-1-001525,2026-08-25 02:12:36,2026-08-25 02:17:36,IT,Proprietary ERP,B,MED-001,Medora Cardio 10mg,Prescription,Medora,Wholesale,10,43.0,EUR,0.0,430.0,430.0
TXN-IT-1-001526,2026-08-25 20:08:36,2026-08-25 20:09:36,IT,Proprietary ERP,B,SAN-001,SanaPlus PainRelief,OTC,SanaPlus,Wholesale,8,9.5,EUR,0.0,76.0,76.0
TXN-IT-1-001527,2026-08-25 18:00:52,2026-08-25 18:05:52,IT,Proprietary ERP,B,SAN-002,SanaPlus ColdFlu,OTC,SanaPlus,Wholesale,12,10.5,EUR,0.05,126.0,119.7
TXN-IT-1-001528,2026-08-25 00:45:27,2026-08-25 00:47:27,IT,Proprietary ERP,B,SAN-001,SanaPlus PainRelief,OTC,SanaPlus,E-commerce,8,9.5,EUR,0.0,76.0,76.0
TXN-IT-1-001529,2026-08-25 15:57:04,2026-08-25 15:59:04,IT,Proprietary ERP,B,PUR-001,PureLife GlucoMonitor,Medical Device,PureLife,E-commerce,10,85.0,EUR,0.15,850.0,722.5
TXN-IT-1-001530,2026-08-25 12:20:53,2026-08-25 12:25:53,IT,Proprietary ERP,B,DER-002,Dermacare LiftCream,Aesthetic,Dermacare,E-commerce,5,37.0,EUR,0.15,185.0,157.25
TXN-IT-1-001531,2026-08-25 14:12:46,2026-08-25 14:16:46,IT,Proprietary ERP,B,SAN-002,SanaPlus ColdFlu,OTC,SanaPlus,Wholesale,3,10.5,EUR,0.1,31.5,28.35
TXN-IT-1-001532,2026-08-25 07:32:39,2026-08-25 07:35:39,IT,Proprietary ERP,B,MED-002,Medora Derm Cream,Prescription,Medora,Wholesale,3,26.0,EUR,0.0,78.0,78.0
TXN-IT-1-001533,2026-08-25 07:15:46,2026-08-25 07:17:46,IT,Proprietary ERP,B,PUR-002,PureLife BP Monitor,Medical Device,PureLife,Wholesale,2,90.0,EUR,0.2,180.0,144.0
TXN-IT-1-001534,2026-08-25 15:08:43,2026-08-25 15:12:43,IT,Proprietary ERP,B,SAN-001,SanaPlus PainRelief,OTC,SanaPlus,E-commerce,4,9.5,EUR,0.1,38.0,34.2
TXN-IT-1-001535,2026-08-25 01:42:46,2026-08-25 01:43:46,IT,Proprietary ERP,B,SAN-002,SanaPlus ColdFlu,OTC,SanaPlus,D2C,6,10.5,EUR,0.15,63.0,53.55
TXN-IT-1-001536,2026-08-25 05:46:28,2026-08-25 05:48:28,IT,Proprietary ERP,B,PUR-001,PureLife GlucoMonitor,Medical Device,PureLife,Pharmacy/B2B,2,85.0,EUR,0.0,170.0,170.0
TXN-IT-1-001537,2026-08-25 15:40:42,2026-08-25 15:41:42,IT,Proprietary ERP,B,PUR-002,PureLife BP Monitor,Medical Device,PureLife,E-commerce,2,90.0,EUR,0.1,180.0,162.0
TXN-IT-1-001538,2026-08-25 08:09:32,2026-08-25 08:13:32,IT,Proprietary ERP,B,SAN-001,SanaPlus PainRelief,OTC,SanaPlus,D2C,6,9.5,EUR,0.2,57.0,45.6
TXN-IT-1-001539,2026-08-25 01:41:57,2026-08-25 01:46:57,IT,Proprietary ERP,B,SAN-001,SanaPlus PainRelief,OTC,SanaPlus,E-commerce,12,9.5,EUR,0.2,114.0,91.2
TXN-IT-1-001540,2026-08-25 18:45:52,2026-08-25 18:50:52,IT,Proprietary ERP,B,MED-002,Medora Derm Cream,Prescription,Medora,Pharmacy/B2B,8,26.0,EUR,0.2,208.0,166.4
TXN-IT-1-001541,2026-08-25 16:38:37,2026-08-25 16:39:37,IT,Proprietary ERP,B,MED-002,Medora Derm Cream,Prescription,Medora,Pharmacy/B2B,9,26.0,EUR,0.0,234.0,234.0
TXN-IT-1-001542,2026-08-25 18:28:13,2026-08-25 18:29:13,IT,Proprietary ERP,B,VIT-001,Vitalis C1000,Supplement,Vitalis,Pharmacy/B2B,4,21.0,EUR,0.0,84.0,84.0
TXN-IT-1-001543,2026-08-25 05:43:02,2026-08-25 05:49:02,IT,Proprietary ERP,B,SAN-001,SanaPlus PainRelief,OTC,SanaPlus,Wholesale,9,9.5,EUR,0.05,85.5,81.22
TXN-IT-1-001544,2026-08-25 03:36:54,2026-08-25 03:38:54,IT,Proprietary ERP,B,SAN-002,SanaPlus ColdFlu,OTC,SanaPlus,D2C,3,10.5,EUR,0.0,31.5,31.5
TXN-IT-1-001545,2026-08-25 07:21:02,2026-08-25 07:25:02,IT,Proprietary ERP,B,DER-001,Dermacare GlowSerum,Aesthetic,Dermacare,Pharmacy/B2B,4,32.0,EUR,0.2,128.0,102.4
TXN-IT-1-001546,2026-08-25 17:14:44,2026-08-25 17:17:44,IT,Proprietary ERP,B,SAN-001,SanaPlus PainRelief,OTC,SanaPlus,E-commerce,2,9.5,EUR,0.0,19.0,19.0
TXN-IT-1-001547,2026-08-25 13:33:35,2026-08-25 13:39:35,IT,Proprietary ERP,B,DER-001,Dermacare GlowSerum,Aesthetic,Dermacare,D2C,11,32.0,EUR,0.15,352.0,299.2
TXN-IT-1-001548,2026-08-25 08:56:11,2026-08-25 08:58:11,IT,Proprietary ERP,B,PUR-001,PureLife GlucoMonitor,Medical Device,PureLife,Wholesale,4,85.0,EUR,0.0,340.0,340.0
TXN-IT-1-001549,2026-08-25 15:36:46,2026-08-25 15:40:46,IT,Proprietary ERP,B,DER-001,Dermacare GlowSerum,Aesthetic,Dermacare,Wholesale,9,32.0,EUR,0.2,288.0,230.4
TXN-IT-1-001550,2026-08-25 13:10:18,2026-08-25 13:11:18,IT,Proprietary ERP,B,DER-002,Dermacare LiftCream,Aesthetic,Dermacare,E-commerce,1,37.0,EUR,0.15,37.0,31.45
TXN-IT-1-001551,2026-08-25 18:50:09,2026-08-25 18:51:09,IT,Proprietary ERP,B,MED-002,Medora Derm Cream,Prescription,Medora,D2C,6,26.0,EUR,0.05,156.0,148.2
TXN-IT-1-001552,2026-08-25 05:58:58,2026-08-25 06:02:58,IT,Proprietary ERP,B,MED-001,Medora Cardio 10mg,Prescription,Medora,Wholesale,1,43.0,EUR,0.15,43.0,36.55
TXN-IT-1-001553,2026-08-25 23:21:18,2026-08-25 23:23:18,IT,Proprietary ERP,B,PUR-002,PureLife BP Monitor,Medical Device,PureLife,Pharmacy/B2B,11,90.0,EUR,0.15,990.0,841.5
TXN-IT-1-001554,2026-08-25 18:55:28,2026-08-25 18:58:28,IT,Proprietary ERP,B,DER-001,Dermacare GlowSerum,Aesthetic,Dermacare,Wholesale,11,32.0,EUR,0.15,352.0,299.2
TXN-IT-1-001555,2026-08-25 20:09:22,2026-08-25 20:12:22,IT,Proprietary ERP,B,SAN-002,SanaPlus ColdFlu,OTC,SanaPlus,D2C,1,10.5,EUR,0.2,10.5,8.4
TXN-IT-1-001556,2026-08-25 10:11:11,2026-08-25 10:16:11,IT,Proprietary ERP,B,PUR-002,PureLife BP Monitor,Medical Device,PureLife,E-commerce,12,90.0,EUR,0.05,1080.0,1026.0
TXN-IT-1-001557,2026-08-25 16:14:42,2026-08-25 16:20:42,IT,Proprietary ERP,B,VIT-002,Vitalis Multivit,Supplement,Vitalis,Wholesale,12,17.0,EUR,0.0,204.0,204.0
TXN-IT-1-001558,2026-08-25 23:37:13,2026-08-25 23:41:13,IT,Proprietary ERP,B,VIT-002,Vitalis Multivit,Supplement,Vitalis,D2C,2,17.0,EUR,0.0,34.0,34.0
TXN-IT-1-001559,2026-08-25 19:34:02,2026-08-25 19:37:02,IT,Proprietary ERP,B,DER-001,Dermacare GlowSerum,Aesthetic,Dermacare,E-commerce,9,32.0,EUR,0.1,288.0,259.2
TXN-IT-1-001560,2026-08-25 10:20:14,2026-08-25 10:22:14,IT,Proprietary ERP,B,MED-002,Medora Derm Cream,Prescription,Medora,D2C,9,26.0,EUR,0.0,234.0,234.0
TXN-IT-1-001561,2026-08-25 23:08:40,2026-08-25 23:10:40,IT,Proprietary ERP,B,MED-001,Medora Cardio 10mg,Prescription,Medora,Pharmacy/B2B,9,43.0,EUR,0.1,387.0,348.3
TXN-IT-1-001562,2026-08-25 09:25:07,2026-08-25 09:27:07,IT,Proprietary ERP,B,SAN-001,SanaPlus PainRelief,OTC,SanaPlus,Wholesale,9,9.5,EUR,0.0,85.5,85.5
TXN-IT-1-001563,2026-08-25 02:10:57,2026-08-25 02:13:57,IT,Proprietary ERP,B,SAN-001,SanaPlus PainRelief,OTC,SanaPlus,D2C,2,9.5,EUR,0.0,19.0,19.0
TXN-IT-1-001564,2026-08-25 23:42:02,2026-08-25 23:43:02,IT,Proprietary ERP,B,DER-002,Dermacare LiftCream,Aesthetic,Dermacare,D2C,10,37.0,EUR,0.15,370.0,314.5
TXN-IT-1-001565,2026-08-25 00:11:23,2026-08-25 00:15:23,IT,Proprietary ERP,B,SAN-002,SanaPlus ColdFlu,OTC,SanaPlus,E-commerce,12,10.5,EUR,0.1,126.0,113.4
TXN-IT-1-001566,2026-08-25 20:35:33,2026-08-25 20:41:33,IT,Proprietary ERP,B,PUR-001,PureLife GlucoMonitor,Medical Device,PureLife,E-commerce,6,85.0,EUR,0.0,510.0,510.0
TXN-IT-1-001567,2026-08-25 10:21:34,2026-08-25 10:27:34,IT,Proprietary ERP,B,PUR-002,PureLife BP Monitor,Medical Device,PureLife,E-commerce,12,90.0,EUR,0.05,1080.0,1026.0
TXN-IT-1-001568,2026-08-25 18:55:13,2026-08-25 19:01:13,IT,Proprietary ERP,B,VIT-002,Vitalis Multivit,Supplement,Vitalis,Pharmacy/B2B,6,17.0,EUR,0.1,102.0,91.8
TXN-IT-1-001569,2026-08-25 21:12:12,2026-08-25 21:14:12,IT,Proprietary ERP,B,SAN-002,SanaPlus ColdFlu,OTC,SanaPlus,Wholesale,2,10.5,EUR,0.0,21.0,21.0
TXN-IT-1-001570,2026-08-25 15:29:56,2026-08-25 15:33:56,IT,Proprietary ERP,B,MED-002,Medora Derm Cream,Prescription,Medora,Pharmacy/B2B,1,26.0,EUR,0.05,26.0,24.7
TXN-IT-1-001571,2026-08-25 04:44:07,2026-08-25 04:48:07,IT,Proprietary ERP,B,VIT-002,Vitalis Multivit,Supplement,Vitalis,Wholesale,2,17.0,EUR,0.0,34.0,34.0
TXN-IT-1-001572,2026-08-25 19:09:37,2026-08-25 19:13:37,IT,Proprietary ERP,B,PUR-002,PureLife BP Monitor,Medical Device,PureLife,Wholesale,5,90.0,EUR,0.1,450.0,405.0
TXN-IT-1-001573,2026-08-25 18:09:42,2026-08-25 18:15:42,IT,Proprietary ERP,B,DER-001,Dermacare GlowSerum,Aesthetic,Dermacare,Wholesale,12,32.0,EUR,0.05,384.0,364.8
TXN-IT-1-001574,2026-08-25 15:10:46,2026-08-25 15:12:46,IT,Proprietary ERP,B,VIT-001,Vitalis C1000,Supplement,Vitalis,E-commerce,8,21.0,EUR,0.15,168.0,142.8
TXN-IT-1-001575,2026-08-25 16:39:53,2026-08-25 16:41:53,IT,Proprietary ERP,B,PUR-001,PureLife GlucoMonitor,Medical Device,PureLife,Pharmacy/B2B,12,85.0,EUR,0.0,1020.0,1020.0
TXN-IT-1-001576,2026-08-25 16:34:54,2026-08-25 16:38:54,IT,Proprietary ERP,B,MED-001,Medora Cardio 10mg,Prescription,Medora,E-commerce,9,43.0,EUR,0.0,387.0,387.0
TXN-IT-1-001577,2026-08-25 04:19:26,2026-08-25 04:24:26,IT,Proprietary ERP,B,DER-001,Dermacare GlowSerum,Aesthetic,Dermacare,Pharmacy/B2B,2,32.0,EUR,0.0,64.0,64.0
TXN-IT-1-001578,2026-08-25 20:49:02,2026-08-25 20:52:02,IT,Proprietary ERP,B,MED-001,Medora Cardio 10mg,Prescription,Medora,E-commerce,2,43.0,EUR,0.0,86.0,86.0
TXN-IT-1-001579,2026-08-25 11:06:07,2026-08-25 11:09:07,IT,Proprietary ERP,B,SAN-001,SanaPlus PainRelief,OTC,SanaPlus,D2C,8,9.5,EUR,0.0,76.0,76.0
TXN-IT-1-001580,2026-08-25 05:12:06,2026-08-25 05:14:06,IT,Proprietary ERP,B,PUR-002,PureLife BP Monitor,Medical Device,PureLife,Wholesale,1,90.0,EUR,0.0,90.0,90.0
TXN-IT-1-001581,2026-08-25 10:19:16,2026-08-25 10:21:16,IT,Proprietary ERP,B,VIT-001,Vitalis C1000,Supplement,Vitalis,Wholesale,1,21.0,EUR,0.0,21.0,21.0
TXN-IT-1-001582,2026-08-25 19:56:06,2026-08-25 19:59:06,IT,Proprietary ERP,B,MED-002,Medora Derm Cream,Prescription,Medora,Pharmacy/B2B,7,26.0,EUR,0.05,182.0,172.9
TXN-IT-1-001583,2026-08-25 20:51:52,2026-08-25 20:54:52,IT,Proprietary ERP,B,PUR-002,PureLife BP Monitor,Medical Device,PureLife,Wholesale,6,90.0,EUR,0.2,540.0,432.0
TXN-IT-1-001584,2026-08-25 13:44:14,2026-08-25 13:48:14,IT,Proprietary ERP,B,PUR-002,PureLife BP Monitor,Medical Device,PureLife,E-commerce,3,90.0,EUR,0.1,270.0,243.0
TXN-IT-1-001585,2026-08-25 23:10:22,2026-08-25 23:14:22,IT,Proprietary ERP,B,DER-002,Dermacare LiftCream,Aesthetic,Dermacare,Wholesale,3,37.0,EUR,0.2,111.0,88.8
TXN-IT-1-001586,2026-08-25 11:50:26,2026-08-25 11:51:26,IT,Proprietary ERP,B,PUR-002,PureLife BP Monitor,Medical Device,PureLife,Wholesale,7,90.0,EUR,0.0,630.0,630.0
TXN-IT-1-001587,2026-08-25 14:23:45,2026-08-25 14:26:45,IT,Proprietary ERP,B,PUR-001,PureLife GlucoMonitor,Medical Device,PureLife,Pharmacy/B2B,11,85.0,EUR,0.05,935.0,888.25
TXN-IT-1-001588,2026-08-25 10:05:56,2026-08-25 10:11:56,IT,Proprietary ERP,B,MED-002,Medora Derm Cream,Prescription,Medora,E-commerce,12,26.0,EUR,0.0,312.0,312.0
TXN-IT-1-001589,2026-08-25 20:49:32,2026-08-25 20:55:32,IT,Proprietary ERP,B,SAN-001,SanaPlus PainRelief,OTC,SanaPlus,Pharmacy/B2B,11,9.5,EUR,0.1,104.5,94.05
TXN-IT-1-001590,2026-08-25 03:06:01,2026-08-25 03:08:01,IT,Proprietary ERP,B,PUR-002,PureLife BP Monitor,Medical Device,PureLife,Pharmacy/B2B,10,90.0,EUR,0.1,900.0,810.0
TXN-IT-1-001591,2026-08-25 06:53:44,2026-08-25 06:57:44,IT,Proprietary ERP,B,PUR-001,PureLife GlucoMonitor,Medical Device,PureLife,Pharmacy/B2B,2,85.0,EUR,0.15,170.0,144.5
TXN-IT-1-001592,2026-08-25 19:21:51,2026-08-25 19:23:51,IT,Proprietary ERP,B,MED-001,Medora Cardio 10mg,Prescription,Medora,D2C,4,43.0,EUR,0.0,172.0,172.0
TXN-IT-1-001593,2026-08-25 21:06:03,2026-08-25 21:10:03,IT,Proprietary ERP,B,MED-002,Medora Derm Cream,Prescription,Medora,D2C,7,26.0,EUR,0.1,182.0,163.8
TXN-IT-1-001594,2026-08-25 01:38:16,2026-08-25 01:42:16,IT,Proprietary ERP,B,MED-001,Medora Cardio 10mg,Prescription,Medora,D2C,7,43.0,EUR,0.0,301.0,301.0
TXN-IT-1-001595,2026-08-25 15:06:26,2026-08-25 15:07:26,IT,Proprietary ERP,B,PUR-001,PureLife GlucoMonitor,Medical Device,PureLife,D2C,7,85.0,EUR,0.0,595.0,595.0
TXN-IT-1-001596,2026-08-25 03:18:50,2026-08-25 03:19:50,IT,Proprietary ERP,B,MED-002,Medora Derm Cream,Prescription,Medora,E-commerce,5,26.0,EUR,0.0,130.0,130.0
TXN-IT-1-001597,2026-08-25 06:39:02,2026-08-25 06:42:02,IT,Proprietary ERP,B,MED-002,Medora Derm Cream,Prescription,Medora,E-commerce,5,26.0,EUR,0.05,130.0,123.5
TXN-IT-1-001598,2026-08-25 06:09:36,2026-08-25 06:10:36,IT,Proprietary ERP,B,PUR-002,PureLife BP Monitor,Medical Device,PureLife,D2C,3,90.0,EUR,0.0,270.0,270.0
TXN-IT-1-001599,2026-08-25 02:07:47,2026-08-25 02:10:47,IT,Proprietary ERP,B,DER-001,Dermacare GlowSerum,Aesthetic,Dermacare,Pharmacy/B2B,6,32.0,EUR,0.0,192.0,192.0
TXN-IT-1-001600,2026-08-25 15:01:49,2026-08-25 15:04:49,IT,Proprietary ERP,B,SAN-001,SanaPlus PainRelief,OTC,SanaPlus,Wholesale,2,9.5,EUR,0.0,19.0,19.0
TXN-IT-1-001601,2026-08-25 07:22:29,2026-08-25 07:24:29,IT,Proprietary ERP,B,PUR-002,PureLife BP Monitor,Medical Device,PureLife,E-commerce,8,90.0,EUR,0.1,720.0,648.0
TXN-IT-1-001602,2026-08-25 18:21:55,2026-08-25 18:25:55,IT,Proprietary ERP,B,MED-002,Medora Derm Cream,Prescription,Medora,D2C,1,26.0,EUR,0.0,26.0,26.0
TXN-IT-1-001603,2026-08-25 16:55:25,2026-08-25 17:00:25,IT,Proprietary ERP,B,DER-001,Dermacare GlowSerum,Aesthetic,Dermacare,Pharmacy/B2B,8,32.0,EUR,0.0,256.0,256.0
TXN-IT-1-001604,2026-08-25 14:50:11,2026-08-25 14:56:11,IT,Proprietary ERP,B,VIT-002,Vitalis Multivit,Supplement,Vitalis,Pharmacy/B2B,5,17.0,EUR,0.1,85.0,76.5
TXN-IT-1-001605,2026-08-25 21:20:30,2026-08-25 21:26:30,IT,Proprietary ERP,B,MED-002,Medora Derm Cream,Prescription,Medora,E-commerce,9,26.0,EUR,0.15,234.0,198.9
TXN-IT-1-001606,2026-08-25 04:34:18,2026-08-25 04:37:18,IT,Proprietary ERP,B,PUR-002,PureLife BP Monitor,Medical Device,PureLife,Wholesale,8,90.0,EUR,0.0,720.0,720.0
TXN-IT-1-001607,2026-08-25 23:08:55,2026-08-25 23:13:55,IT,Proprietary ERP,B,VIT-002,Vitalis Multivit,Supplement,Vitalis,E-commerce,6,17.0,EUR,0.1,102.0,91.8
TXN-IT-1-001608,2026-08-25 06:07:24,2026-08-25 06:09:24,IT,Proprietary ERP,B,PUR-001,PureLife GlucoMonitor,Medical Device,PureLife,Wholesale,9,85.0,EUR,0.05,765.0,726.75
TXN-IT-1-001609,2026-08-25 01:31:17,2026-08-25 01:32:17,IT,Proprietary ERP,B,DER-002,Dermacare LiftCream,Aesthetic,Dermacare,D2C,11,37.0,EUR,0.0,407.0,407.0
TXN-IT-1-001610,2026-08-25 00:01:11,2026-08-25 00:02:11,IT,Proprietary ERP,B,DER-002,Dermacare LiftCream,Aesthetic,Dermacare,D2C,10,37.0,EUR,0.0,370.0,370.0
TXN-IT-1-001611,2026-08-25 13:50:27,2026-08-25 13:53:27,IT,Proprietary ERP,B,VIT-002,Vitalis Multivit,Supplement,Vitalis,D2C,1,17.0,EUR,0.0,17.0,17.0
TXN-IT-1-001612,2026-08-25 19:26:44,2026-08-25 19:31:44,IT,Proprietary ERP,B,MED-002,Medora Derm Cream,Prescription,Medora,D2C,2,26.0,EUR,0.05,52.0,49.4
TXN-IT-1-001613,2026-08-25 04:28:38,2026-08-25 04:30:38,IT,Proprietary ERP,B,PUR-001,PureLife GlucoMonitor,Medical Device,PureLife,D2C,7,85.0,EUR,0.0,595.0,595.0
TXN-IT-1-001614,2026-08-25 22:13:32,2026-08-25 22:18:32,IT,Proprietary ERP,B,SAN-002,SanaPlus ColdFlu,OTC,SanaPlus,D2C,11,10.5,EUR,0.0,115.5,115.5
TXN-IT-1-001615,2026-08-25 16:28:58,2026-08-25 16:31:58,IT,Proprietary ERP,B,VIT-002,Vitalis Multivit,Supplement,Vitalis,D2C,6,17.0,EUR,0.0,102.0,102.0
TXN-IT-1-001616,2026-08-25 16:44:26,2026-08-25 16:49:26,IT,Proprietary ERP,B,SAN-002,SanaPlus ColdFlu,OTC,SanaPlus,Pharmacy/B2B,12,10.5,EUR,0.0,126.0,126.0
TXN-IT-1-001617,2026-08-25 23:32:10,2026-08-25 23:33:10,IT,Proprietary ERP,B,PUR-002,PureLife BP Monitor,Medical Device,PureLife,Wholesale,1,90.0,EUR,0.0,90.0,90.0
TXN-IT-1-001618,2026-08-25 06:19:05,2026-08-25 06:23:05,IT,Proprietary ERP,B,PUR-001,PureLife GlucoMonitor,Medical Device,PureLife,Wholesale,7,85.0,EUR,0.1,595.0,535.5
TXN-IT-1-001619,2026-08-25 02:57:16,2026-08-25 03:03:16,IT,Proprietary ERP,B,MED-002,Medora Derm Cream,Prescription,Medora,Pharmacy/B2B,11,26.0,EUR,0.05,286.0,271.7
TXN-IT-1-001620,2026-08-25 04:29:36,2026-08-25 04:32:36,IT,Proprietary ERP,B,DER-001,Dermacare GlowSerum,Aesthetic,Dermacare,D2C,7,32.0,EUR,0.0,224.0,224.0
TXN-IT-1-001621,2026-08-25 00:18:25,2026-08-25 00:19:25,IT,Proprietary ERP,B,DER-002,Dermacare LiftCream,Aesthetic,Dermacare,D2C,4,37.0,EUR,0.05,148.0,140.6
TXN-IT-1-001622,2026-08-25 00:20:27,2026-08-25 00:22:27,IT,Proprietary ERP,B,MED-001,Medora Cardio 10mg,Prescription,Medora,D2C,11,43.0,EUR,0.15,473.0,402.05
TXN-IT-1-001623,2026-08-25 13:01:40,2026-08-25 13:03:40,IT,Proprietary ERP,B,MED-002,Medora Derm Cream,Prescription,Medora,D2C,12,26.0,EUR,0.0,312.0,312.0
TXN-IT-1-001624,2026-08-25 08:31:44,2026-08-25 08:35:44,IT,Proprietary ERP,B,SAN-002,SanaPlus ColdFlu,OTC,SanaPlus,Pharmacy/B2B,5,10.5,EUR,0.05,52.5,49.88
TXN-IT-1-001625,2026-08-25 22:03:53,2026-08-25 22:05:53,IT,Proprietary ERP,B,MED-001,Medora Cardio 10mg,Prescription,Medora,E-commerce,11,43.0,EUR,0.05,473.0,449.35
TXN-IT-1-001626,2026-08-25 04:02:21,2026-08-25 04:05:21,IT,Proprietary ERP,B,PUR-002,PureLife BP Monitor,Medical Device,PureLife,Wholesale,3,90.0,EUR,0.1,270.0,243.0
TXN-IT-1-001627,2026-08-25 07:03:17,2026-08-25 07:09:17,IT,Proprietary ERP,B,PUR-002,PureLife BP Monitor,Medical Device,PureLife,E-commerce,2,90.0,EUR,0.1,180.0,162.0
TXN-IT-1-001628,2026-08-25 04:40:09,2026-08-25 04:46:09,IT,Proprietary ERP,B,MED-002,Medora Derm Cream,Prescription,Medora,E-commerce,5,26.0,EUR,0.1,130.0,117.0
TXN-IT-1-001629,2026-08-25 08:17:59,2026-08-25 08:22:59,IT,Proprietary ERP,B,SAN-001,SanaPlus PainRelief,OTC,SanaPlus,E-commerce,11,9.5,EUR,0.0,104.5,104.5
TXN-IT-1-001630,2026-08-25 19:24:13,2026-08-25 19:29:13,IT,Proprietary ERP,B,SAN-001,SanaPlus PainRelief,OTC,SanaPlus,Wholesale,1,9.5,EUR,0.05,9.5,9.03
TXN-IT-1-001631,2026-08-25 23:20:12,2026-08-25 23:26:12,IT,Proprietary ERP,B,MED-001,Medora Cardio 10mg,Prescription,Medora,D2C,7,43.0,EUR,0.2,301.0,240.8
TXN-IT-1-001632,2026-08-25 14:48:50,2026-08-25 14:51:50,IT,Proprietary ERP,B,MED-002,Medora Derm Cream,Prescription,Medora,Wholesale,8,26.0,EUR,0.0,208.0,208.0
TXN-IT-1-001633,2026-08-25 18:49:57,2026-08-25 18:50:57,IT,Proprietary ERP,B,VIT-002,Vitalis Multivit,Supplement,Vitalis,Pharmacy/B2B,5,17.0,EUR,0.05,85.0,80.75
TXN-IT-1-001634,2026-08-25 19:23:04,2026-08-25 19:27:04,IT,Proprietary ERP,B,SAN-002,SanaPlus ColdFlu,OTC,SanaPlus,Pharmacy/B2B,7,10.5,EUR,0.0,73.5,73.5
TXN-IT-1-001635,2026-08-25 12:11:10,2026-08-25 12:12:10,IT,Proprietary ERP,B,PUR-002,PureLife BP Monitor,Medical Device,PureLife,Pharmacy/B2B,12,90.0,EUR,0.0,1080.0,1080.0
TXN-IT-1-001636,2026-08-25 15:25:50,2026-08-25 15:26:50,IT,Proprietary ERP,B,VIT-002,Vitalis Multivit,Supplement,Vitalis,E-commerce,3,17.0,EUR,0.0,51.0,51.0
TXN-IT-1-001637,2026-08-25 11:18:57,2026-08-25 11:19:57,IT,Proprietary ERP,B,MED-002,Medora Derm Cream,Prescription,Medora,Pharmacy/B2B,8,26.0,EUR,0.05,208.0,197.6
TXN-IT-1-001638,2026-08-25 00:52:28,2026-08-25 00:57:28,IT,Proprietary ERP,B,SAN-002,SanaPlus ColdFlu,OTC,SanaPlus,D2C,4,10.5,EUR,0.0,42.0,42.0
TXN-IT-1-001639,2026-08-25 17:14:32,2026-08-25 17:16:32,IT,Proprietary ERP,B,SAN-002,SanaPlus ColdFlu,OTC,SanaPlus,Pharmacy/B2B,6,10.5,EUR,0.1,63.0,56.7
TXN-IT-1-001640,2026-08-25 08:37:10,2026-08-25 08:38:10,IT,Proprietary ERP,B,PUR-002,PureLife BP Monitor,Medical Device,PureLife,Wholesale,2,90.0,EUR,0.15,180.0,153.0
TXN-IT-1-001641,2026-08-25 16:15:17,2026-08-25 16:20:17,IT,Proprietary ERP,B,MED-002,Medora Derm Cream,Prescription,Medora,Pharmacy/B2B,1,26.0,EUR,0.0,26.0,26.0
TXN-IT-1-001642,2026-08-25 13:44:25,2026-08-25 13:47:25,IT,Proprietary ERP,B,MED-002,Medora Derm Cream,Prescription,Medora,E-commerce,1,26.0,EUR,0.2,26.0,20.8
TXN-IT-1-001643,2026-08-25 16:05:23,2026-08-25 16:06:23,IT,Proprietary ERP,B,SAN-001,SanaPlus PainRelief,OTC,SanaPlus,Wholesale,2,9.5,EUR,0.0,19.0,19.0
TXN-IT-1-001644,2026-08-25 02:01:52,2026-08-25 02:06:52,IT,Proprietary ERP,B,MED-001,Medora Cardio 10mg,Prescription,Medora,D2C,7,43.0,EUR,0.05,301.0,285.95
TXN-IT-1-001645,2026-08-25 03:29:20,2026-08-25 03:34:20,IT,Proprietary ERP,B,DER-001,Dermacare GlowSerum,Aesthetic,Dermacare,E-commerce,10,32.0,EUR,0.2,320.0,256.0
TXN-IT-1-001646,2026-08-25 22:43:09,2026-08-25 22:44:09,IT,Proprietary ERP,B,DER-002,Dermacare LiftCream,Aesthetic,Dermacare,Wholesale,8,37.0,EUR,0.2,296.0,236.8
TXN-IT-1-001647,2026-08-25 15:35:12,2026-08-25 15:40:12,IT,Proprietary ERP,B,PUR-002,PureLife BP Monitor,Medical Device,PureLife,Pharmacy/B2B,6,90.0,EUR,0.15,540.0,459.0
TXN-IT-1-001648,2026-08-25 00:56:44,2026-08-25 01:00:44,IT,Proprietary ERP,B,PUR-001,PureLife GlucoMonitor,Medical Device,PureLife,D2C,10,85.0,EUR,0.0,850.0,850.0
TXN-IT-1-001649,2026-08-25 03:55:56,2026-08-25 03:56:56,IT,Proprietary ERP,B,MED-001,Medora Cardio 10mg,Prescription,Medora,Pharmacy/B2B,10,43.0,EUR,0.2,430.0,344.0
TXN-IT-1-001650,2026-08-25 07:02:57,2026-08-25 07:07:57,IT,Proprietary ERP,B,VIT-001,Vitalis C1000,Supplement,Vitalis,D2C,6,21.0,EUR,0.05,126.0,119.7
TXN-IT-1-001651,2026-08-25 17:31:37,2026-08-25 17:37:37,IT,Proprietary ERP,B,PUR-002,PureLife BP Monitor,Medical Device,PureLife,Wholesale,3,90.0,EUR,0.0,270.0,270.0
TXN-IT-1-001652,2026-08-25 05:00:45,2026-08-25 05:01:45,IT,Proprietary ERP,B,MED-001,Medora Cardio 10mg,Prescription,Medora,E-commerce,5,43.0,EUR,0.1,215.0,193.5
TXN-IT-1-001653,2026-08-25 15:52:07,2026-08-25 15:57:07,IT,Proprietary ERP,B,SAN-002,SanaPlus ColdFlu,OTC,SanaPlus,D2C,10,10.5,EUR,0.1,105.0,94.5
TXN-IT-1-001654,2026-08-25 05:18:07,2026-08-25 05:20:07,IT,Proprietary ERP,B,DER-002,Dermacare LiftCream,Aesthetic,Dermacare,D2C,10,37.0,EUR,0.0,370.0,370.0
