transaction_id,order_datetime_utc,ingested_at_utc,country,source_system,source_scenario,product_code,product_name,product_category,brand,sales_channel,quantity,unit_price,currency,discount_pct,gross_amount,net_amount
TXN-CH-1-000001,2026-08-25 13:25:43,2026-08-25 13:26:43,CH,SAP S/4HANA,A,PUR-001,PureLife GlucoMonitor,Medical Device,PureLife,E-commerce,1,80.95,CHF,0.0,80.95,80.95
TXN-CH-1-000002,2026-08-25 18:27:47,2026-08-25 18:32:47,CH,SAP S/4HANA,A,MED-001,Medora Cardio 10mg,Prescription,Medora,Wholesale,6,40.95,CHF,0.0,245.7,245.7
TXN-CH-1-000003,2026-08-25 07:17:43,2026-08-25 07:23:43,CH,SAP S/4HANA,A,VIT-002,Vitalis Multivit,Supplement,Vitalis,Pharmacy/B2B,6,16.19,CHF,0.0,97.14,97.14
TXN-CH-1-000004,2026-08-25 17:19:14,2026-08-25 17:25:14,CH,SAP S/4HANA,A,DER-002,Dermacare LiftCream,Aesthetic,Dermacare,D2C,10,35.24,CHF,0.1,352.4,317.16
TXN-CH-1-000005,2026-08-25 12:13:15,2026-08-25 12:18:15,CH,SAP S/4HANA,A,SAN-001,SanaPlus PainRelief,OTC,SanaPlus,Wholesale,6,9.05,CHF,0.0,54.3,54.3
TXN-CH-1-000006,2026-08-25 03:49:02,2026-08-25 03:53:02,CH,SAP S/4HANA,A,MED-001,Medora Cardio 10mg,Prescription,Medora,Wholesale,4,40.95,CHF,0.0,163.8,163.8
TXN-CH-1-000007,2026-08-25 23:15:24,2026-08-25 23:17:24,CH,SAP S/4HANA,A,VIT-002,Vitalis Multivit,Supplement,Vitalis,Wholesale,10,16.19,CHF,0.0,161.9,161.9
TXN-CH-1-000008,2026-08-25 08:42:08,2026-08-25 08:46:08,CH,SAP S/4HANA,A,SAN-002,SanaPlus ColdFlu,OTC,SanaPlus,Wholesale,4,10.0,CHF,0.05,40.0,38.0
TXN-CH-1-000009,2026-08-25 06:42:29,2026-08-25 06:43:29,CH,SAP S/4HANA,A,SAN-002,SanaPlus ColdFlu,OTC,SanaPlus,Pharmacy/B2B,2,10.0,CHF,0.0,20.0,20.0
TXN-CH-1-000010,2026-08-25 01:05:34,2026-08-25 01:10:34,CH,SAP S/4HANA,A,MED-002,Medora Derm Cream,Prescription,Medora,E-commerce,5,24.76,CHF,0.05,123.8,117.61
TXN-CH-1-000011,2026-08-25 07:04:40,2026-08-25 07:10:40,CH,SAP S/4HANA,A,PUR-002,PureLife BP Monitor,Medical Device,PureLife,D2C,1,85.71,CHF,0.0,85.71,85.71
TXN-CH-1-000012,2026-08-25 07:14:59,2026-08-25 07:16:59,CH,SAP S/4HANA,A,SAN-001,SanaPlus PainRelief,OTC,SanaPlus,E-commerce,4,9.05,CHF,0.0,36.2,36.2
TXN-CH-1-000013,2026-08-25 06:20:43,2026-08-25 06:23:43,CH,SAP S/4HANA,A,PUR-001,PureLife GlucoMonitor,Medical Device,PureLife,E-commerce,3,80.95,CHF,0.0,242.85,242.85
TXN-CH-1-000014,2026-08-25 00:46:57,2026-08-25 00:48:57,CH,SAP S/4HANA,A,SAN-001,SanaPlus PainRelief,OTC,SanaPlus,Pharmacy/B2B,1,9.05,CHF,0.2,9.05,7.24
TXN-CH-1-000015,2026-08-25 04:59:48,2026-08-25 05:03:48,CH,SAP S/4HANA,A,MED-002,Medora Derm Cream,Prescription,Medora,D2C,4,24.76,CHF,0.0,99.04,99.04
TXN-CH-1-000016,2026-08-25 16:36:35,2026-08-25 16:38:35,CH,SAP S/4HANA,A,SAN-002,SanaPlus ColdFlu,OTC,SanaPlus,D2C,11,10.0,CHF,0.0,110.0,110.0
TXN-CH-1-000017,2026-08-25 19:11:05,2026-08-25 19:16:05,CH,SAP S/4HANA,A,DER-001,Dermacare GlowSerum,Aesthetic,Dermacare,Pharmacy/B2B,2,30.48,CHF,0.0,60.96,60.96
TXN-CH-1-000018,2026-08-25 04:45:43,2026-08-25 04:47:43,CH,SAP S/4HANA,A,VIT-002,Vitalis Multivit,Supplement,Vitalis,Wholesale,12,16.19,CHF,0.0,194.28,194.28
TXN-CH-1-000019,2026-08-25 11:34:34,2026-08-25 11:39:34,CH,SAP S/4HANA,A,DER-001,Dermacare GlowSerum,Aesthetic,Dermacare,E-commerce,1,30.48,CHF,0.2,30.48,24.38
TXN-CH-1-000020,2026-08-25 22:25:44,2026-08-25 22:30:44,CH,SAP S/4HANA,A,VIT-002,Vitalis Multivit,Supplement,Vitalis,D2C,3,16.19,CHF,0.0,48.57,48.57
TXN-CH-1-000021,2026-08-25 08:59:57,2026-08-25 09:00:57,CH,SAP S/4HANA,A,SAN-001,SanaPlus PainRelief,OTC,SanaPlus,E-commerce,9,9.05,CHF,0.1,81.45,73.31
TXN-CH-1-000022,2026-08-25 17:48:12,2026-08-25 17:50:12,CH,SAP S/4HANA,A,MED-002,Medora Derm Cream,Prescription,Medora,Wholesale,11,24.76,CHF,0.1,272.36,245.12
TXN-CH-1-000023,2026-08-25 02:21:43,2026-08-25 02:23:43,CH,SAP S/4HANA,A,PUR-001,PureLife GlucoMonitor,Medical Device,PureLife,Wholesale,11,80.95,CHF,0.2,890.45,712.36
TXN-CH-1-000024,2026-08-25 18:32:16,2026-08-25 18:35:16,CH,SAP S/4HANA,A,DER-002,Dermacare LiftCream,Aesthetic,Dermacare,Wholesale,3,35.24,CHF,0.0,105.72,105.72
TXN-CH-1-000025,2026-08-25 13:36:45,2026-08-25 13:41:45,CH,SAP S/4HANA,A,DER-002,Dermacare LiftCream,Aesthetic,Dermacare,Wholesale,8,35.24,CHF,0.0,281.92,281.92
TXN-CH-1-000026,2026-08-25 21:09:37,2026-08-25 21:13:37,CH,SAP S/4HANA,A,PUR-002,PureLife BP Monitor,Medical Device,PureLife,Pharmacy/B2B,4,85.71,CHF,0.0,342.84,342.84
TXN-CH-1-000027,2026-08-25 07:23:27,2026-08-25 07:27:27,CH,SAP S/4HANA,A,VIT-002,Vitalis Multivit,Supplement,Vitalis,Wholesale,4,16.19,CHF,0.0,64.76,64.76
TXN-CH-1-000028,2026-08-25 15:28:28,2026-08-25 15:32:28,CH,SAP S/4HANA,A,PUR-002,PureLife BP Monitor,Medical Device,PureLife,E-commerce,6,85.71,CHF,0.0,514.26,514.26
TXN-CH-1-000029,2026-08-25 20:02:41,2026-08-25 20:03:41,CH,SAP S/4HANA,A,VIT-001,Vitalis C1000,Supplement,Vitalis,Pharmacy/B2B,5,20.0,CHF,0.05,100.0,95.0
TXN-CH-1-000030,2026-08-25 18:53:22,2026-08-25 18:56:22,CH,SAP S/4HANA,A,VIT-002,Vitalis Multivit,Supplement,Vitalis,Pharmacy/B2B,8,16.19,CHF,0.1,129.52,116.57
TXN-CH-1-000031,2026-08-25 22:36:52,2026-08-25 22:39:52,CH,SAP S/4HANA,A,DER-001,Dermacare GlowSerum,Aesthetic,Dermacare,Wholesale,8,30.48,CHF,0.05,243.84,231.65
TXN-CH-1-000032,2026-08-25 14:53:22,2026-08-25 14:56:22,CH,SAP S/4HANA,A,DER-002,Dermacare LiftCream,Aesthetic,Dermacare,D2C,5,35.24,CHF,0.05,176.2,167.39
TXN-CH-1-000033,2026-08-25 00:53:59,2026-08-25 00:55:59,CH,SAP S/4HANA,A,DER-002,Dermacare LiftCream,Aesthetic,Dermacare,E-commerce,5,35.24,CHF,0.15,176.2,149.77
TXN-CH-1-000034,2026-08-25 02:45:46,2026-08-25 02:48:46,CH,SAP S/4HANA,A,MED-002,Medora Derm Cream,Prescription,Medora,D2C,9,24.76,CHF,0.1,222.84,200.56
TXN-CH-1-000035,2026-08-25 19:54:10,2026-08-25 20:00:10,CH,SAP S/4HANA,A,MED-002,Medora Derm Cream,Prescription,Medora,D2C,4,24.76,CHF,0.0,99.04,99.04
TXN-CH-1-000036,2026-08-25 04:19:03,2026-08-25 04:20:03,CH,SAP S/4HANA,A,SAN-002,SanaPlus ColdFlu,OTC,SanaPlus,Pharmacy/B2B,9,10.0,CHF,0.0,90.0,90.0
TXN-CH-1-000037,2026-08-25 12:09:06,2026-08-25 12:11:06,CH,SAP S/4HANA,A,SAN-002,SanaPlus ColdFlu,OTC,SanaPlus,D2C,5,10.0,CHF,0.15,50.0,42.5
TXN-CH-1-000038,2026-08-25 09:59:34,2026-08-25 10:01:34,CH,SAP S/4HANA,A,PUR-002,PureLife BP Monitor,Medical Device,PureLife,E-commerce,12,85.71,CHF,0.15,1028.52,874.24
TXN-CH-1-000039,2026-08-25 19:46:28,2026-08-25 19:49:28,CH,SAP S/4HANA,A,MED-001,Medora Cardio 10mg,Prescription,Medora,D2C,5,40.95,CHF,0.2,204.75,163.8
TXN-CH-1-000040,2026-08-25 12:37:13,2026-08-25 12:41:13,CH,SAP S/4HANA,A,DER-001,Dermacare GlowSerum,Aesthetic,Dermacare,Pharmacy/B2B,8,30.48,CHF,0.15,243.84,207.26
TXN-CH-1-000041,2026-08-25 18:39:53,2026-08-25 18:41:53,CH,SAP S/4HANA,A,DER-001,Dermacare GlowSerum,Aesthetic,Dermacare,E-commerce,4,30.48,CHF,0.15,121.92,103.63
TXN-CH-1-000042,2026-08-25 07:38:28,2026-08-25 07:42:28,CH,SAP S/4HANA,A,VIT-002,Vitalis Multivit,Supplement,Vitalis,Wholesale,12,16.19,CHF,0.2,194.28,155.42
TXN-CH-1-000043,2026-08-25 16:47:56,2026-08-25 16:50:56,CH,SAP S/4HANA,A,MED-002,Medora Derm Cream,Prescription,Medora,D2C,4,24.76,CHF,0.05,99.04,94.09
TXN-CH-1-000044,2026-08-25 15:12:27,2026-08-25 15:14:27,CH,SAP S/4HANA,A,DER-002,Dermacare LiftCream,Aesthetic,Dermacare,Wholesale,9,35.24,CHF,0.0,317.16,317.16
TXN-CH-1-000045,2026-08-25 13:38:32,2026-08-25 13:40:32,CH,SAP S/4HANA,A,PUR-002,PureLife BP Monitor,Medical Device,PureLife,E-commerce,5,85.71,CHF,0.15,428.55,364.27
TXN-CH-1-000046,2026-08-25 00:21:08,2026-08-25 00:25:08,CH,SAP S/4HANA,A,SAN-002,SanaPlus ColdFlu,OTC,SanaPlus,D2C,4,10.0,CHF,0.05,40.0,38.0
TXN-CH-1-000047,2026-08-25 15:29:59,2026-08-25 15:35:59,CH,SAP S/4HANA,A,DER-001,Dermacare GlowSerum,Aesthetic,Dermacare,D2C,6,30.48,CHF,0.1,182.88,164.59
TXN-CH-1-000048,2026-08-25 00:50:46,2026-08-25 00:55:46,CH,SAP S/4HANA,A,MED-001,Medora Cardio 10mg,Prescription,Medora,E-commerce,3,40.95,CHF,0.0,122.85,122.85
TXN-CH-1-000049,2026-08-25 20:41:13,2026-08-25 20:47:13,CH,SAP S/4HANA,A,PUR-002,PureLife BP Monitor,Medical Device,PureLife,Wholesale,7,85.71,CHF,0.0,599.97,599.97
TXN-CH-1-000050,2026-08-25 14:13:21,2026-08-25 14:14:21,CH,SAP S/4HANA,A,PUR-001,PureLife GlucoMonitor,Medical Device,PureLife,Wholesale,4,80.95,CHF,0.05,323.8,307.61
TXN-CH-1-000051,2026-08-25 03:57:19,2026-08-25 04:00:19,CH,SAP S/4HANA,A,PUR-002,PureLife BP Monitor,Medical Device,PureLife,Wholesale,11,85.71,CHF,0.0,942.81,942.81
TXN-CH-1-000052,2026-08-25 03:23:41,2026-08-25 03:25:41,CH,SAP S/4HANA,A,MED-002,Medora Derm Cream,Prescription,Medora,E-commerce,1,24.76,CHF,0.2,24.76,19.81
TXN-CH-1-000053,2026-08-25 21:58:04,2026-08-25 22:02:04,CH,SAP S/4HANA,A,MED-001,Medora Cardio 10mg,Prescription,Medora,E-commerce,4,40.95,CHF,0.0,163.8,163.8
TXN-CH-1-000054,2026-08-25 14:02:59,2026-08-25 14:05:59,CH,SAP S/4HANA,A,VIT-002,Vitalis Multivit,Supplement,Vitalis,E-commerce,5,16.19,CHF,0.15,80.95,68.81
TXN-CH-1-000055,2026-08-25 19:05:33,2026-08-25 19:06:33,CH,SAP S/4HANA,A,DER-002,Dermacare LiftCream,Aesthetic,Dermacare,Pharmacy/B2B,6,35.24,CHF,0.1,211.44,190.3
TXN-CH-1-000056,2026-08-25 00:24:07,2026-08-25 00:26:07,CH,SAP S/4HANA,A,SAN-002,SanaPlus ColdFlu,OTC,SanaPlus,Wholesale,7,10.0,CHF,0.0,70.0,70.0
TXN-CH-1-000057,2026-08-25 04:01:55,2026-08-25 04:03:55,CH,SAP S/4HANA,A,PUR-001,PureLife GlucoMonitor,Medical Device,PureLife,Wholesale,8,80.95,CHF,0.15,647.6,550.46
TXN-CH-1-000058,2026-08-25 02:30:12,2026-08-25 02:34:12,CH,SAP S/4HANA,A,VIT-002,Vitalis Multivit,Supplement,Vitalis,E-commerce,4,16.19,CHF,0.0,64.76,64.76
TXN-CH-1-000059,2026-08-25 15:44:09,2026-08-25 15:50:09,CH,SAP S/4HANA,A,DER-002,Dermacare LiftCream,Aesthetic,Dermacare,E-commerce,10,35.24,CHF,0.1,352.4,317.16
TXN-CH-1-000060,2026-08-25 11:17:53,2026-08-25 11:22:53,CH,SAP S/4HANA,A,VIT-002,Vitalis Multivit,Supplement,Vitalis,Wholesale,5,16.19,CHF,0.0,80.95,80.95
TXN-CH-1-000061,2026-08-25 00:16:15,2026-08-25 00:18:15,CH,SAP S/4HANA,A,DER-002,Dermacare LiftCream,Aesthetic,Dermacare,Pharmacy/B2B,7,35.24,CHF,0.1,246.68,222.01
TXN-CH-1-000062,2026-08-25 08:59:13,2026-08-25 09:04:13,CH,SAP S/4HANA,A,SAN-002,SanaPlus ColdFlu,OTC,SanaPlus,Wholesale,8,10.0,CHF,0.05,80.0,76.0
TXN-CH-1-000063,2026-08-25 20:58:34,2026-08-25 20:59:34,CH,SAP S/4HANA,A,MED-002,Medora Derm Cream,Prescription,Medora,D2C,11,24.76,CHF,0.05,272.36,258.74
TXN-CH-1-000064,2026-08-25 12:37:33,2026-08-25 12:43:33,CH,SAP S/4HANA,A,SAN-001,SanaPlus PainRelief,OTC,SanaPlus,Wholesale,10,9.05,CHF,0.2,90.5,72.4
TXN-CH-1-000065,2026-08-25 06:22:34,2026-08-25 06:26:34,CH,SAP S/4HANA,A,VIT-002,Vitalis Multivit,Supplement,Vitalis,E-commerce,10,16.19,CHF,0.15,161.9,137.62
TXN-CH-1-000066,2026-08-25 15:43:53,2026-08-25 15:47:53,CH,SAP S/4HANA,A,DER-001,Dermacare GlowSerum,Aesthetic,Dermacare,E-commerce,12,30.48,CHF,0.1,365.76,329.18
TXN-CH-1-000067,2026-08-25 03:28:41,2026-08-25 03:32:41,CH,SAP S/4HANA,A,MED-001,Medora Cardio 10mg,Prescription,Medora,E-commerce,3,40.95,CHF,0.0,122.85,122.85
TXN-CH-1-000068,2026-08-25 22:52:04,2026-08-25 22:57:04,CH,SAP S/4HANA,A,SAN-001,SanaPlus PainRelief,OTC,SanaPlus,Pharmacy/B2B,12,9.05,CHF,0.15,108.6,92.31
TXN-CH-1-000069,2026-08-25 07:54:36,2026-08-25 07:58:36,CH,SAP S/4HANA,A,DER-001,Dermacare GlowSerum,Aesthetic,Dermacare,Pharmacy/B2B,6,30.48,CHF,0.0,182.88,182.88
TXN-CH-1-000070,2026-08-25 03:49:51,2026-08-25 03:54:51,CH,SAP S/4HANA,A,SAN-002,SanaPlus ColdFlu,OTC,SanaPlus,Wholesale,8,10.0,CHF,0.0,80.0,80.0
TXN-CH-1-000071,2026-08-25 09:12:10,2026-08-25 09:14:10,CH,SAP S/4HANA,A,PUR-001,PureLife GlucoMonitor,Medical Device,PureLife,Pharmacy/B2B,8,80.95,CHF,0.0,647.6,647.6
TXN-CH-1-000072,2026-08-25 02:39:53,2026-08-25 02:45:53,CH,SAP S/4HANA,A,DER-002,Dermacare LiftCream,Aesthetic,Dermacare,Wholesale,6,35.24,CHF,0.15,211.44,179.72
TXN-CH-1-000073,2026-08-25 14:32:22,2026-08-25 14:34:22,CH,SAP S/4HANA,A,DER-001,Dermacare GlowSerum,Aesthetic,Dermacare,Pharmacy/B2B,1,30.48,CHF,0.0,30.48,30.48
TXN-CH-1-000074,2026-08-25 04:10:31,2026-08-25 04:16:31,CH,SAP S/4HANA,A,VIT-001,Vitalis C1000,Supplement,Vitalis,D2C,11,20.0,CHF,0.15,220.0,187.0
TXN-CH-1-000075,2026-08-25 16:54:09,2026-08-25 16:58:09,CH,SAP S/4HANA,A,DER-002,Dermacare LiftCream,Aesthetic,Dermacare,Pharmacy/B2B,2,35.24,CHF,0.1,70.48,63.43
TXN-CH-1-000076,2026-08-25 23:55:17,2026-08-25 23:57:17,CH,SAP S/4HANA,A,DER-002,Dermacare LiftCream,Aesthetic,Dermacare,E-commerce,8,35.24,CHF,0.2,281.92,225.54
TXN-CH-1-000077,2026-08-25 10:09:47,2026-08-25 10:11:47,CH,SAP S/4HANA,A,VIT-001,Vitalis C1000,Supplement,Vitalis,Pharmacy/B2B,10,20.0,CHF,0.0,200.0,200.0
TXN-CH-1-000078,2026-08-25 06:27:10,2026-08-25 06:30:10,CH,SAP S/4HANA,A,MED-002,Medora Derm Cream,Prescription,Medora,Wholesale,3,24.76,CHF,0.0,74.28,74.28
TXN-CH-1-000079,2026-08-25 00:24:29,2026-08-25 00:30:29,CH,SAP S/4HANA,A,SAN-001,SanaPlus PainRelief,OTC,SanaPlus,E-commerce,8,9.05,CHF,0.0,72.4,72.4
TXN-CH-1-000080,2026-08-25 06:28:42,2026-08-25 06:30:42,CH,SAP S/4HANA,A,MED-001,Medora Cardio 10mg,Prescription,Medora,E-commerce,8,40.95,CHF,0.15,327.6,278.46
TXN-CH-1-000081,2026-08-25 01:44:19,2026-08-25 01:50:19,CH,SAP S/4HANA,A,PUR-001,PureLife GlucoMonitor,Medical Device,PureLife,Pharmacy/B2B,7,80.95,CHF,0.15,566.65,481.65
TXN-CH-1-000082,2026-08-25 11:13:32,2026-08-25 11:17:32,CH,SAP S/4HANA,A,MED-001,Medora Cardio 10mg,Prescription,Medora,Pharmacy/B2B,1,40.95,CHF,0.2,40.95,32.76
TXN-CH-1-000083,2026-08-25 13:44:25,2026-08-25 13:46:25,CH,SAP S/4HANA,A,VIT-002,Vitalis Multivit,Supplement,Vitalis,D2C,4,16.19,CHF,0.0,64.76,64.76
TXN-CH-1-000084,2026-08-25 03:19:38,2026-08-25 03:20:38,CH,SAP S/4HANA,A,DER-001,Dermacare GlowSerum,Aesthetic,Dermacare,Pharmacy/B2B,1,30.48,CHF,0.0,30.48,30.48
TXN-CH-1-000085,2026-08-25 06:59:45,2026-08-25 07:05:45,CH,SAP S/4HANA,A,MED-002,Medora Derm Cream,Prescription,Medora,E-commerce,2,24.76,CHF,0.2,49.52,39.62
TXN-CH-1-000086,2026-08-25 06:06:44,2026-08-25 06:12:44,CH,SAP S/4HANA,A,VIT-001,Vitalis C1000,Supplement,Vitalis,Pharmacy/B2B,7,20.0,CHF,0.1,140.0,126.0
TXN-CH-1-000087,2026-08-25 03:55:14,2026-08-25 03:58:14,CH,SAP S/4HANA,A,SAN-002,SanaPlus ColdFlu,OTC,SanaPlus,E-commerce,10,10.0,CHF,0.0,100.0,100.0
TXN-CH-1-000088,2026-08-25 19:43:22,2026-08-25 19:47:22,CH,SAP S/4HANA,A,DER-001,Dermacare GlowSerum,Aesthetic,Dermacare,Pharmacy/B2B,4,30.48,CHF,0.0,121.92,121.92
TXN-CH-1-000089,2026-08-25 03:51:18,2026-08-25 03:54:18,CH,SAP S/4HANA,A,SAN-002,SanaPlus ColdFlu,OTC,SanaPlus,E-commerce,1,10.0,CHF,0.05,10.0,9.5
TXN-CH-1-000090,2026-08-25 23:48:40,2026-08-25 23:51:40,CH,SAP S/4HANA,A,MED-001,Medora Cardio 10mg,Prescription,Medora,Wholesale,4,40.95,CHF,0.05,163.8,155.61
TXN-CH-1-000091,2026-08-25 08:00:48,2026-08-25 08:01:48,CH,SAP S/4HANA,A,SAN-001,SanaPlus PainRelief,OTC,SanaPlus,D2C,1,9.05,CHF,0.0,9.05,9.05
TXN-CH-1-000092,2026-08-25 07:57:27,2026-08-25 08:01:27,CH,SAP S/4HANA,A,SAN-001,SanaPlus PainRelief,OTC,SanaPlus,Wholesale,2,9.05,CHF,0.15,18.1,15.39
TXN-CH-1-000093,2026-08-25 19:31:18,2026-08-25 19:36:18,CH,SAP S/4HANA,A,VIT-001,Vitalis C1000,Supplement,Vitalis,D2C,2,20.0,CHF,0.1,40.0,36.0
TXN-CH-1-000094,2026-08-25 11:48:33,2026-08-25 11:54:33,CH,SAP S/4HANA,A,DER-001,Dermacare GlowSerum,Aesthetic,Dermacare,E-commerce,6,30.48,CHF,0.0,182.88,182.88
TXN-CH-1-000095,2026-08-25 23:07:57,2026-08-25 23:13:57,CH,SAP S/4HANA,A,SAN-002,SanaPlus ColdFlu,OTC,SanaPlus,Wholesale,2,10.0,CHF,0.0,20.0,20.0
TXN-CH-1-000096,2026-08-25 00:38:33,2026-08-25 00:43:33,CH,SAP S/4HANA,A,PUR-002,PureLife BP Monitor,Medical Device,PureLife,Wholesale,7,85.71,CHF,0.1,599.97,539.97
TXN-CH-1-000097,2026-08-25 23:19:23,2026-08-25 23:25:23,CH,SAP S/4HANA,A,VIT-002,Vitalis Multivit,Supplement,Vitalis,Pharmacy/B2B,4,16.19,CHF,0.0,64.76,64.76
TXN-CH-1-000098,2026-08-25 22:26:26,2026-08-25 22:27:26,CH,SAP S/4HANA,A,SAN-001,SanaPlus PainRelief,OTC,SanaPlus,E-commerce,12,9.05,CHF,0.05,108.6,103.17
TXN-CH-1-000099,2026-08-25 08:52:02,2026-08-25 08:57:02,CH,SAP S/4HANA,A,MED-002,Medora Derm Cream,Prescription,Medora,Pharmacy/B2B,3,24.76,CHF,0.0,74.28,74.28
TXN-CH-1-000100,2026-08-25 18:09:29,2026-08-25 18:12:29,CH,SAP S/4HANA,A,VIT-002,Vitalis Multivit,Supplement,Vitalis,E-commerce,7,16.19,CHF,0.0,113.33,113.33
TXN-CH-1-000101,2026-08-25 23:22:33,2026-08-25 23:23:33,CH,SAP S/4HANA,A,VIT-002,Vitalis Multivit,Supplement,Vitalis,Wholesale,12,16.19,CHF,0.0,194.28,194.28
TXN-CH-1-000102,2026-08-25 04:53:18,2026-08-25 04:56:18,CH,SAP S/4HANA,A,SAN-002,SanaPlus ColdFlu,OTC,SanaPlus,Pharmacy/B2B,9,10.0,CHF,0.2,90.0,72.0
TXN-CH-1-000103,2026-08-25 15:06:20,2026-08-25 15:12:20,CH,SAP S/4HANA,A,SAN-001,SanaPlus PainRelief,OTC,SanaPlus,Pharmacy/B2B,4,9.05,CHF,0.2,36.2,28.96
TXN-CH-1-000104,2026-08-25 12:03:40,2026-08-25 12:06:40,CH,SAP S/4HANA,A,VIT-002,Vitalis Multivit,Supplement,Vitalis,E-commerce,9,16.19,CHF,0.0,145.71,145.71
TXN-CH-1-000105,2026-08-25 09:02:30,2026-08-25 09:08:30,CH,SAP S/4HANA,A,VIT-002,Vitalis Multivit,Supplement,Vitalis,Wholesale,9,16.19,CHF,0.0,145.71,145.71
TXN-CH-1-000106,2026-08-25 06:40:57,2026-08-25 06:44:57,CH,SAP S/4HANA,A,MED-001,Medora Cardio 10mg,Prescription,Medora,Pharmacy/B2B,8,40.95,CHF,0.0,327.6,327.6
TXN-CH-1-000107,2026-08-25 07:00:26,2026-08-25 07:01:26,CH,SAP S/4HANA,A,VIT-001,Vitalis C1000,Supplement,Vitalis,E-commerce,3,20.0,CHF,0.0,60.0,60.0
TXN-CH-1-000108,2026-08-25 06:19:24,2026-08-25 06:24:24,CH,SAP S/4HANA,A,PUR-001,PureLife GlucoMonitor,Medical Device,PureLife,E-commerce,4,80.95,CHF,0.1,323.8,291.42
TXN-CH-1-000109,2026-08-25 02:50:45,2026-08-25 02:54:45,CH,SAP S/4HANA,A,DER-002,Dermacare LiftCream,Aesthetic,Dermacare,D2C,3,35.24,CHF,0.15,105.72,89.86
TXN-CH-1-000110,2026-08-25 07:11:31,2026-08-25 07:13:31,CH,SAP S/4HANA,A,DER-001,Dermacare GlowSerum,Aesthetic,Dermacare,E-commerce,10,30.48,CHF,0.0,304.8,304.8
TXN-CH-1-000111,2026-08-25 11:02:08,2026-08-25 11:05:08,CH,SAP S/4HANA,A,PUR-002,PureLife BP Monitor,Medical Device,PureLife,Wholesale,11,85.71,CHF,0.0,942.81,942.81
TXN-CH-1-000112,2026-08-25 09:53:53,2026-08-25 09:57:53,CH,SAP S/4HANA,A,MED-002,Medora Derm Cream,Prescription,Medora,D2C,7,24.76,CHF,0.05,173.32,164.65
TXN-CH-1-000113,2026-08-25 06:06:29,2026-08-25 06:10:29,CH,SAP S/4HANA,A,DER-002,Dermacare LiftCream,Aesthetic,Dermacare,Wholesale,9,35.24,CHF,0.1,317.16,285.44
TXN-CH-1-000114,2026-08-25 15:46:50,2026-08-25 15:48:50,CH,SAP S/4HANA,A,DER-002,Dermacare LiftCream,Aesthetic,Dermacare,Pharmacy/B2B,7,35.24,CHF,0.05,246.68,234.35
TXN-CH-1-000115,2026-08-25 03:01:49,2026-08-25 03:04:49,CH,SAP S/4HANA,A,PUR-002,PureLife BP Monitor,Medical Device,PureLife,E-commerce,9,85.71,CHF,0.15,771.39,655.68
TXN-CH-1-000116,2026-08-25 06:23:49,2026-08-25 06:26:49,CH,SAP S/4HANA,A,DER-001,Dermacare GlowSerum,Aesthetic,Dermacare,Wholesale,5,30.48,CHF,0.05,152.4,144.78
TXN-CH-1-000117,2026-08-25 10:18:42,2026-08-25 10:22:42,CH,SAP S/4HANA,A,PUR-001,PureLife GlucoMonitor,Medical Device,PureLife,Wholesale,2,80.95,CHF,0.0,161.9,161.9
TXN-CH-1-000118,2026-08-25 04:58:31,2026-08-25 05:04:31,CH,SAP S/4HANA,A,DER-002,Dermacare LiftCream,Aesthetic,Dermacare,E-commerce,3,35.24,CHF,0.0,105.72,105.72
TXN-CH-1-000119,2026-08-25 00:09:07,2026-08-25 00:10:07,CH,SAP S/4HANA,A,PUR-001,PureLife GlucoMonitor,Medical Device,PureLife,D2C,8,80.95,CHF,0.05,647.6,615.22
TXN-CH-1-000120,2026-08-25 15:08:22,2026-08-25 15:12:22,CH,SAP S/4HANA,A,SAN-002,SanaPlus ColdFlu,OTC,SanaPlus,Wholesale,8,10.0,CHF,0.0,80.0,80.0
TXN-CH-1-000121,2026-08-25 23:20:23,2026-08-25 23:25:23,CH,SAP S/4HANA,A,MED-002,Medora Derm Cream,Prescription,Medora,Wholesale,1,24.76,CHF,0.0,24.76,24.76
TXN-CH-1-000122,2026-08-25 14:00:39,2026-08-25 14:05:39,CH,SAP S/4HANA,A,VIT-001,Vitalis C1000,Supplement,Vitalis,E-commerce,7,20.0,CHF,0.0,140.0,140.0
TXN-CH-1-000123,2026-08-25 12:41:28,2026-08-25 12:46:28,CH,SAP S/4HANA,A,DER-002,Dermacare LiftCream,Aesthetic,Dermacare,D2C,12,35.24,CHF,0.0,422.88,422.88
TXN-CH-1-000124,2026-08-25 23:41:55,2026-08-25 23:45:55,CH,SAP S/4HANA,A,DER-001,Dermacare GlowSerum,Aesthetic,Dermacare,E-commerce,4,30.48,CHF,0.05,121.92,115.82
TXN-CH-1-000125,2026-08-25 01:15:22,2026-08-25 01:18:22,CH,SAP S/4HANA,A,MED-001,Medora Cardio 10mg,Prescription,Medora,E-commerce,5,40.95,CHF,0.1,204.75,184.28
TXN-CH-1-000126,2026-08-25 16:34:59,2026-08-25 16:40:59,CH,SAP S/4HANA,A,VIT-001,Vitalis C1000,Supplement,Vitalis,D2C,4,20.0,CHF,0.1,80.0,72.0
TXN-CH-1-000127,2026-08-25 21:03:24,2026-08-25 21:09:24,CH,SAP S/4HANA,A,VIT-001,Vitalis C1000,Supplement,Vitalis,Pharmacy/B2B,2,20.0,CHF,0.2,40.0,32.0
TXN-CH-1-000128,2026-08-25 03:21:38,2026-08-25 03:27:38,CH,SAP S/4HANA,A,DER-001,Dermacare GlowSerum,Aesthetic,Dermacare,Wholesale,12,30.48,CHF,0.1,365.76,329.18
TXN-CH-1-000129,2026-08-25 02:55:31,2026-08-25 03:00:31,CH,SAP S/4HANA,A,VIT-002,Vitalis Multivit,Supplement,Vitalis,Wholesale,3,16.19,CHF,0.2,48.57,38.86
TXN-CH-1-000130,2026-08-25 15:32:30,2026-08-25 15:35:30,CH,SAP S/4HANA,A,SAN-001,SanaPlus PainRelief,OTC,SanaPlus,Wholesale,10,9.05,CHF,0.0,90.5,90.5
TXN-CH-1-000131,2026-08-25 14:59:10,2026-08-25 15:05:10,CH,SAP S/4HANA,A,MED-002,Medora Derm Cream,Prescription,Medora,Pharmacy/B2B,11,24.76,CHF,0.1,272.36,245.12
TXN-CH-1-000132,2026-08-25 12:32:20,2026-08-25 12:34:20,CH,SAP S/4HANA,A,SAN-001,SanaPlus PainRelief,OTC,SanaPlus,E-commerce,12,9.05,CHF,0.05,108.6,103.17
TXN-CH-1-000133,2026-08-25 11:13:03,2026-08-25 11:14:03,CH,SAP S/4HANA,A,VIT-001,Vitalis C1000,Supplement,Vitalis,Wholesale,1,20.0,CHF,0.0,20.0,20.0
TXN-CH-1-000134,2026-08-25 02:32:34,2026-08-25 02:38:34,CH,SAP S/4HANA,A,DER-001,Dermacare GlowSerum,Aesthetic,Dermacare,Wholesale,11,30.48,CHF,0.0,335.28,335.28
TXN-CH-1-000135,2026-08-25 15:41:25,2026-08-25 15:43:25,CH,SAP S/4HANA,A,VIT-001,Vitalis C1000,Supplement,Vitalis,D2C,3,20.0,CHF,0.15,60.0,51.0
TXN-CH-1-000136,2026-08-25 04:53:27,2026-08-25 04:55:27,CH,SAP S/4HANA,A,DER-002,Dermacare LiftCream,Aesthetic,Dermacare,E-commerce,9,35.24,CHF,0.0,317.16,317.16
TXN-CH-1-000137,2026-08-25 16:24:29,2026-08-25 16:29:29,CH,SAP S/4HANA,A,VIT-002,Vitalis Multivit,Supplement,Vitalis,E-commerce,4,16.19,CHF,0.0,64.76,64.76
TXN-CH-1-000138,2026-08-25 06:39:10,2026-08-25 06:41:10,CH,SAP S/4HANA,A,SAN-001,SanaPlus PainRelief,OTC,SanaPlus,Wholesale,8,9.05,CHF,0.15,72.4,61.54
TXN-CH-1-000139,2026-08-25 22:44:04,2026-08-25 22:45:04,CH,SAP S/4HANA,A,VIT-001,Vitalis C1000,Supplement,Vitalis,Pharmacy/B2B,5,20.0,CHF,0.0,100.0,100.0
TXN-CH-1-000140,2026-08-25 13:45:09,2026-08-25 13:46:09,CH,SAP S/4HANA,A,SAN-001,SanaPlus PainRelief,OTC,SanaPlus,Pharmacy/B2B,6,9.05,CHF,0.0,54.3,54.3
TXN-CH-1-000141,2026-08-25 21:19:21,2026-08-25 21:21:21,CH,SAP S/4HANA,A,DER-002,Dermacare LiftCream,Aesthetic,Dermacare,Wholesale,11,35.24,CHF,0.2,387.64,310.11
TXN-CH-1-000142,2026-08-25 03:40:13,2026-08-25 03:41:13,CH,SAP S/4HANA,A,MED-001,Medora Cardio 10mg,Prescription,Medora,D2C,1,40.95,CHF,0.15,40.95,34.81
TXN-CH-1-000143,2026-08-25 21:12:22,2026-08-25 21:13:22,CH,SAP S/4HANA,A,MED-002,Medora Derm Cream,Prescription,Medora,E-commerce,9,24.76,CHF,0.2,222.84,178.27
TXN-CH-1-000144,2026-08-25 00:15:51,2026-08-25 00:19:51,CH,SAP S/4HANA,A,PUR-002,PureLife BP Monitor,Medical Device,PureLife,D2C,8,85.71,CHF,0.05,685.68,651.4
TXN-CH-1-000145,2026-08-25 12:16:15,2026-08-25 12:21:15,CH,SAP S/4HANA,A,DER-001,Dermacare GlowSerum,Aesthetic,Dermacare,D2C,6,30.48,CHF,0.15,182.88,155.45
TXN-CH-1-000146,2026-08-25 12:29:27,2026-08-25 12:32:27,CH,SAP S/4HANA,A,VIT-002,Vitalis Multivit,Supplement,Vitalis,D2C,11,16.19,CHF,0.05,178.09,169.19
TXN-CH-1-000147,2026-08-25 13:46:42,2026-08-25 13:51:42,CH,SAP S/4HANA,A,MED-001,Medora Cardio 10mg,Prescription,Medora,D2C,6,40.95,CHF,0.2,245.7,196.56
TXN-CH-1-000148,2026-08-25 03:38:50,2026-08-25 03:39:50,CH,SAP S/4HANA,A,DER-002,Dermacare LiftCream,Aesthetic,Dermacare,Wholesale,12,35.24,CHF,0.2,422.88,338.3
TXN-CH-1-000149,2026-08-25 05:03:21,2026-08-25 05:04:21,CH,SAP S/4HANA,A,PUR-002,PureLife BP Monitor,Medical Device,PureLife,Pharmacy/B2B,9,85.71,CHF,0.0,771.39,771.39
TXN-CH-1-000150,2026-08-25 09:02:56,2026-08-25 09:05:56,CH,SAP S/4HANA,A,DER-002,Dermacare LiftCream,Aesthetic,Dermacare,Wholesale,9,35.24,CHF,0.05,317.16,301.3
TXN-CH-1-000151,2026-08-25 06:50:33,2026-08-25 06:51:33,CH,SAP S/4HANA,A,SAN-002,SanaPlus ColdFlu,OTC,SanaPlus,Pharmacy/B2B,11,10.0,CHF,0.0,110.0,110.0
TXN-CH-1-000152,2026-08-25 01:39:57,2026-08-25 01:45:57,CH,SAP S/4HANA,A,SAN-002,SanaPlus ColdFlu,OTC,SanaPlus,Wholesale,4,10.0,CHF,0.1,40.0,36.0
TXN-CH-1-000153,2026-08-25 17:38:29,2026-08-25 17:42:29,CH,SAP S/4HANA,A,PUR-002,PureLife BP Monitor,Medical Device,PureLife,Pharmacy/B2B,6,85.71,CHF,0.05,514.26,488.55
TXN-CH-1-000154,2026-08-25 17:20:06,2026-08-25 17:26:06,CH,SAP S/4HANA,A,MED-002,Medora Derm Cream,Prescription,Medora,Wholesale,5,24.76,CHF,0.1,123.8,111.42
TXN-CH-1-000155,2026-08-25 07:06:09,2026-08-25 07:12:09,CH,SAP S/4HANA,A,VIT-001,Vitalis C1000,Supplement,Vitalis,Pharmacy/B2B,3,20.0,CHF,0.05,60.0,57.0
TXN-CH-1-000156,2026-08-25 03:10:15,2026-08-25 03:13:15,CH,SAP S/4HANA,A,PUR-001,PureLife GlucoMonitor,Medical Device,PureLife,Wholesale,3,80.95,CHF,0.05,242.85,230.71
TXN-CH-1-000157,2026-08-25 04:12:42,2026-08-25 04:16:42,CH,SAP S/4HANA,A,PUR-001,PureLife GlucoMonitor,Medical Device,PureLife,E-commerce,4,80.95,CHF,0.0,323.8,323.8
TXN-CH-1-000158,2026-08-25 06:12:18,2026-08-25 06:18:18,CH,SAP S/4HANA,A,MED-002,Medora Derm Cream,Prescription,Medora,Pharmacy/B2B,7,24.76,CHF,0.15,173.32,147.32
TXN-CH-1-000159,2026-08-25 01:03:50,2026-08-25 01:05:50,CH,SAP S/4HANA,A,SAN-002,SanaPlus ColdFlu,OTC,SanaPlus,Wholesale,5,10.0,CHF,0.0,50.0,50.0
TXN-CH-1-000160,2026-08-25 09:22:47,2026-08-25 09:28:47,CH,SAP S/4HANA,A,DER-002,Dermacare LiftCream,Aesthetic,Dermacare,Pharmacy/B2B,11,35.24,CHF,0.0,387.64,387.64
TXN-CH-1-000161,2026-08-25 19:27:43,2026-08-25 19:33:43,CH,SAP S/4HANA,A,DER-002,Dermacare LiftCream,Aesthetic,Dermacare,Pharmacy/B2B,12,35.24,CHF,0.0,422.88,422.88
TXN-CH-1-000162,2026-08-25 08:08:54,2026-08-25 08:13:54,CH,SAP S/4HANA,A,PUR-002,PureLife BP Monitor,Medical Device,PureLife,Pharmacy/B2B,11,85.71,CHF,0.0,942.81,942.81
TXN-CH-1-000163,2026-08-25 13:43:35,2026-08-25 13:49:35,CH,SAP S/4HANA,A,DER-001,Dermacare GlowSerum,Aesthetic,Dermacare,Wholesale,4,30.48,CHF,0.0,121.92,121.92
TXN-CH-1-000164,2026-08-25 09:25:59,2026-08-25 09:26:59,CH,SAP S/4HANA,A,SAN-001,SanaPlus PainRelief,OTC,SanaPlus,Pharmacy/B2B,2,9.05,CHF,0.0,18.1,18.1
TXN-CH-1-000165,2026-08-25 12:23:15,2026-08-25 12:29:15,CH,SAP S/4HANA,A,PUR-002,PureLife BP Monitor,Medical Device,PureLife,E-commerce,12,85.71,CHF,0.0,1028.52,1028.52
TXN-CH-1-000166,2026-08-25 20:51:23,2026-08-25 20:54:23,CH,SAP S/4HANA,A,VIT-001,Vitalis C1000,Supplement,Vitalis,D2C,7,20.0,CHF,0.1,140.0,126.0
TXN-CH-1-000167,2026-08-25 00:03:40,2026-08-25 00:06:40,CH,SAP S/4HANA,A,MED-001,Medora Cardio 10mg,Prescription,Medora,E-commerce,7,40.95,CHF,0.05,286.65,272.32
TXN-CH-1-000168,2026-08-25 11:38:16,2026-08-25 11:41:16,CH,SAP S/4HANA,A,VIT-001,Vitalis C1000,Supplement,Vitalis,E-commerce,2,20.0,CHF,0.05,40.0,38.0
TXN-CH-1-000169,2026-08-25 00:20:04,2026-08-25 00:25:04,CH,SAP S/4HANA,A,DER-002,Dermacare LiftCream,Aesthetic,Dermacare,D2C,3,35.24,CHF,0.2,105.72,84.58
TXN-CH-1-000170,2026-08-25 10:48:25,2026-08-25 10:50:25,CH,SAP S/4HANA,A,DER-002,Dermacare LiftCream,Aesthetic,Dermacare,Wholesale,3,35.24,CHF,0.1,105.72,95.15
TXN-CH-1-000171,2026-08-25 10:19:04,2026-08-25 10:21:04,CH,SAP S/4HANA,A,MED-001,Medora Cardio 10mg,Prescription,Medora,D2C,5,40.95,CHF,0.1,204.75,184.28
TXN-CH-1-000172,2026-08-25 04:29:42,2026-08-25 04:32:42,CH,SAP S/4HANA,A,PUR-002,PureLife BP Monitor,Medical Device,PureLife,Wholesale,11,85.71,CHF,0.2,942.81,754.25
TXN-CH-1-000173,2026-08-25 07:51:12,2026-08-25 07:55:12,CH,SAP S/4HANA,A,SAN-001,SanaPlus PainRelief,OTC,SanaPlus,Wholesale,1,9.05,CHF,0.2,9.05,7.24
TXN-CH-1-000174,2026-08-25 12:07:45,2026-08-25 12:09:45,CH,SAP S/4HANA,A,VIT-002,Vitalis Multivit,Supplement,Vitalis,E-commerce,12,16.19,CHF,0.15,194.28,165.14
TXN-CH-1-000175,2026-08-25 01:54:49,2026-08-25 01:56:49,CH,SAP S/4HANA,A,DER-002,Dermacare LiftCream,Aesthetic,Dermacare,Wholesale,5,35.24,CHF,0.2,176.2,140.96
TXN-CH-1-000176,2026-08-25 05:47:45,2026-08-25 05:48:45,CH,SAP S/4HANA,A,PUR-001,PureLife GlucoMonitor,Medical Device,PureLife,Wholesale,6,80.95,CHF,0.05,485.7,461.41
TXN-CH-1-000177,2026-08-25 17:14:12,2026-08-25 17:17:12,CH,SAP S/4HANA,A,DER-001,Dermacare GlowSerum,Aesthetic,Dermacare,Wholesale,2,30.48,CHF,0.1,60.96,54.86
TXN-CH-1-000178,2026-08-25 10:18:18,2026-08-25 10:21:18,CH,SAP S/4HANA,A,VIT-002,Vitalis Multivit,Supplement,Vitalis,Wholesale,2,16.19,CHF,0.0,32.38,32.38
TXN-CH-1-000179,2026-08-25 11:46:31,2026-08-25 11:51:31,CH,SAP S/4HANA,A,MED-001,Medora Cardio 10mg,Prescription,Medora,D2C,8,40.95,CHF,0.15,327.6,278.46
TXN-CH-1-000180,2026-08-25 05:57:35,2026-08-25 06:02:35,CH,SAP S/4HANA,A,VIT-001,Vitalis C1000,Supplement,Vitalis,Wholesale,12,20.0,CHF,0.05,240.0,228.0
TXN-CH-1-000181,2026-08-25 10:35:52,2026-08-25 10:37:52,CH,SAP S/4HANA,A,VIT-002,Vitalis Multivit,Supplement,Vitalis,E-commerce,12,16.19,CHF,0.0,194.28,194.28
TXN-CH-1-000182,2026-08-25 23:42:39,2026-08-25 23:43:39,CH,SAP S/4HANA,A,SAN-002,SanaPlus ColdFlu,OTC,SanaPlus,Pharmacy/B2B,11,10.0,CHF,0.2,110.0,88.0
TXN-CH-1-000183,2026-08-25 05:22:26,2026-08-25 05:26:26,CH,SAP S/4HANA,A,DER-001,Dermacare GlowSerum,Aesthetic,Dermacare,E-commerce,1,30.48,CHF,0.0,30.48,30.48
TXN-CH-1-000184,2026-08-25 12:56:47,2026-08-25 13:00:47,CH,SAP S/4HANA,A,VIT-001,Vitalis C1000,Supplement,Vitalis,Pharmacy/B2B,2,20.0,CHF,0.1,40.0,36.0
TXN-CH-1-000185,2026-08-25 23:40:09,2026-08-25 23:43:09,CH,SAP S/4HANA,A,PUR-002,PureLife BP Monitor,Medical Device,PureLife,Wholesale,3,85.71,CHF,0.15,257.13,218.56
TXN-CH-1-000186,2026-08-25 14:42:32,2026-08-25 14:44:32,CH,SAP S/4HANA,A,MED-001,Medora Cardio 10mg,Prescription,Medora,Pharmacy/B2B,4,40.95,CHF,0.05,163.8,155.61
TXN-CH-1-000187,2026-08-25 17:47:25,2026-08-25 17:50:25,CH,SAP S/4HANA,A,PUR-002,PureLife BP Monitor,Medical Device,PureLife,E-commerce,11,85.71,CHF,0.15,942.81,801.39
TXN-CH-1-000188,2026-08-25 13:40:00,2026-08-25 13:46:00,CH,SAP S/4HANA,A,MED-002,Medora Derm Cream,Prescription,Medora,Wholesale,11,24.76,CHF,0.05,272.36,258.74
TXN-CH-1-000189,2026-08-25 10:01:13,2026-08-25 10:07:13,CH,SAP S/4HANA,A,DER-002,Dermacare LiftCream,Aesthetic,Dermacare,D2C,1,35.24,CHF,0.0,35.24,35.24
TXN-CH-1-000190,2026-08-25 04:14:46,2026-08-25 04:15:46,CH,SAP S/4HANA,A,MED-002,Medora Derm Cream,Prescription,Medora,Wholesale,11,24.76,CHF,0.15,272.36,231.51
TXN-CH-1-000191,2026-08-25 18:33:33,2026-08-25 18:35:33,CH,SAP S/4HANA,A,MED-001,Medora Cardio 10mg,Prescription,Medora,Wholesale,5,40.95,CHF,0.15,204.75,174.04
TXN-CH-1-000192,2026-08-25 03:26:33,2026-08-25 03:31:33,CH,SAP S/4HANA,A,VIT-001,Vitalis C1000,Supplement,Vitalis,Wholesale,8,20.0,CHF,0.15,160.0,136.0
TXN-CH-1-000193,2026-08-25 15:47:20,2026-08-25 15:50:20,CH,SAP S/4HANA,A,PUR-002,PureLife BP Monitor,Medical Device,PureLife,E-commerce,2,85.71,CHF,0.0,171.42,171.42
TXN-CH-1-000194,2026-08-25 02:18:42,2026-08-25 02:24:42,CH,SAP S/4HANA,A,PUR-001,PureLife GlucoMonitor,Medical Device,PureLife,E-commerce,7,80.95,CHF,0.2,566.65,453.32
TXN-CH-1-000195,2026-08-25 00:43:08,2026-08-25 00:47:08,CH,SAP S/4HANA,A,PUR-001,PureLife GlucoMonitor,Medical Device,PureLife,Wholesale,2,80.95,CHF,0.1,161.9,145.71
TXN-CH-1-000196,2026-08-25 21:17:20,2026-08-25 21:22:20,CH,SAP S/4HANA,A,MED-002,Medora Derm Cream,Prescription,Medora,E-commerce,11,24.76,CHF,0.0,272.36,272.36
TXN-CH-1-000197,2026-08-25 06:34:40,2026-08-25 06:39:40,CH,SAP S/4HANA,A,VIT-001,Vitalis C1000,Supplement,Vitalis,Pharmacy/B2B,9,20.0,CHF,0.05,180.0,171.0
TXN-CH-1-000198,2026-08-25 11:26:35,2026-08-25 11:27:35,CH,SAP S/4HANA,A,MED-001,Medora Cardio 10mg,Prescription,Medora,E-commerce,10,40.95,CHF,0.0,409.5,409.5
TXN-CH-1-000199,2026-08-25 23:45:42,2026-08-25 23:47:42,CH,SAP S/4HANA,A,MED-002,Medora Derm Cream,Prescription,Medora,D2C,1,24.76,CHF,0.0,24.76,24.76
TXN-CH-1-000200,2026-08-25 04:32:26,2026-08-25 04:37:26,CH,SAP S/4HANA,A,SAN-001,SanaPlus PainRelief,OTC,SanaPlus,D2C,9,9.05,CHF,0.0,81.45,81.45
TXN-CH-1-000201,2026-08-25 15:24:10,2026-08-25 15:30:10,CH,SAP S/4HANA,A,MED-001,Medora Cardio 10mg,Prescription,Medora,E-commerce,5,40.95,CHF,0.0,204.75,204.75
TXN-CH-1-000202,2026-08-25 18:54:44,2026-08-25 18:57:44,CH,SAP S/4HANA,A,PUR-001,PureLife GlucoMonitor,Medical Device,PureLife,Wholesale,3,80.95,CHF,0.1,242.85,218.56
TXN-CH-1-000203,2026-08-25 17:51:23,2026-08-25 17:57:23,CH,SAP S/4HANA,A,SAN-002,SanaPlus ColdFlu,OTC,SanaPlus,D2C,10,10.0,CHF,0.1,100.0,90.0
TXN-CH-1-000204,2026-08-25 18:35:24,2026-08-25 18:37:24,CH,SAP S/4HANA,A,MED-002,Medora Derm Cream,Prescription,Medora,Pharmacy/B2B,4,24.76,CHF,0.0,99.04,99.04
TXN-CH-1-000205,2026-08-25 06:50:51,2026-08-25 06:52:51,CH,SAP S/4HANA,A,SAN-001,SanaPlus PainRelief,OTC,SanaPlus,E-commerce,3,9.05,CHF,0.1,27.15,24.43
TXN-CH-1-000206,2026-08-25 20:06:01,2026-08-25 20:08:01,CH,SAP S/4HANA,A,PUR-002,PureLife BP Monitor,Medical Device,PureLife,D2C,5,85.71,CHF,0.0,428.55,428.55
TXN-CH-1-000207,2026-08-25 22:39:27,2026-08-25 22:43:27,CH,SAP S/4HANA,A,MED-002,Medora Derm Cream,Prescription,Medora,D2C,5,24.76,CHF,0.05,123.8,117.61
TXN-CH-1-000208,2026-08-25 23:39:26,2026-08-25 23:41:26,CH,SAP S/4HANA,A,DER-001,Dermacare GlowSerum,Aesthetic,Dermacare,Wholesale,2,30.48,CHF,0.0,60.96,60.96
TXN-CH-1-000209,2026-08-25 15:29:10,2026-08-25 15:35:10,CH,SAP S/4HANA,A,VIT-001,Vitalis C1000,Supplement,Vitalis,E-commerce,2,20.0,CHF,0.15,40.0,34.0
TXN-CH-1-000210,2026-08-25 09:48:30,2026-08-25 09:54:30,CH,SAP S/4HANA,A,VIT-002,Vitalis Multivit,Supplement,Vitalis,D2C,10,16.19,CHF,0.15,161.9,137.62
TXN-CH-1-000211,2026-08-25 23:35:04,2026-08-25 23:40:04,CH,SAP S/4HANA,A,PUR-002,PureLife BP Monitor,Medical Device,PureLife,E-commerce,7,85.71,CHF,0.2,599.97,479.98
TXN-CH-1-000212,2026-08-25 05:35:18,2026-08-25 05:38:18,CH,SAP S/4HANA,A,DER-001,Dermacare GlowSerum,Aesthetic,Dermacare,Wholesale,1,30.48,CHF,0.1,30.48,27.43
TXN-CH-1-000213,2026-08-25 09:00:40,2026-08-25 09:01:40,CH,SAP S/4HANA,A,SAN-001,SanaPlus PainRelief,OTC,SanaPlus,Pharmacy/B2B,9,9.05,CHF,0.0,81.45,81.45
TXN-CH-1-000214,2026-08-25 19:57:55,2026-08-25 20:01:55,CH,SAP S/4HANA,A,MED-002,Medora Derm Cream,Prescription,Medora,D2C,11,24.76,CHF,0.0,272.36,272.36
TXN-CH-1-000215,2026-08-25 13:12:35,2026-08-25 13:15:35,CH,SAP S/4HANA,A,SAN-001,SanaPlus PainRelief,OTC,SanaPlus,E-commerce,4,9.05,CHF,0.0,36.2,36.2
TXN-CH-1-000216,2026-08-25 00:21:32,2026-08-25 00:22:32,CH,SAP S/4HANA,A,DER-001,Dermacare GlowSerum,Aesthetic,Dermacare,E-commerce,7,30.48,CHF,0.0,213.36,213.36
TXN-CH-1-000217,2026-08-25 04:29:47,2026-08-25 04:31:47,CH,SAP S/4HANA,A,PUR-001,PureLife GlucoMonitor,Medical Device,PureLife,D2C,10,80.95,CHF,0.2,809.5,647.6
TXN-CH-1-000218,2026-08-25 17:49:35,2026-08-25 17:50:35,CH,SAP S/4HANA,A,PUR-001,PureLife GlucoMonitor,Medical Device,PureLife,D2C,12,80.95,CHF,0.1,971.4,874.26
TXN-CH-1-000219,2026-08-25 10:16:01,2026-08-25 10:21:01,CH,SAP S/4HANA,A,SAN-001,SanaPlus PainRelief,OTC,SanaPlus,Pharmacy/B2B,1,9.05,CHF,0.0,9.05,9.05
TXN-CH-1-000220,2026-08-25 11:34:40,2026-08-25 11:38:40,CH,SAP S/4HANA,A,VIT-001,Vitalis C1000,Supplement,Vitalis,D2C,12,20.0,CHF,0.15,240.0,204.0
TXN-CH-1-000221,2026-08-25 19:21:28,2026-08-25 19:26:28,CH,SAP S/4HANA,A,PUR-002,PureLife BP Monitor,Medical Device,PureLife,Wholesale,8,85.71,CHF,0.1,685.68,617.11
TXN-CH-1-000222,2026-08-25 04:38:41,2026-08-25 04:41:41,CH,SAP S/4HANA,A,MED-001,Medora Cardio 10mg,Prescription,Medora,E-commerce,11,40.95,CHF,0.0,450.45,450.45
TXN-CH-1-000223,2026-08-25 05:11:40,2026-08-25 05:15:40,CH,SAP S/4HANA,A,PUR-002,PureLife BP Monitor,Medical Device,PureLife,D2C,1,85.71,CHF,0.15,85.71,72.85
TXN-CH-1-000224,2026-08-25 23:16:20,2026-08-25 23:19:20,CH,SAP S/4HANA,A,VIT-002,Vitalis Multivit,Supplement,Vitalis,Wholesale,12,16.19,CHF,0.05,194.28,184.57
TXN-CH-1-000225,2026-08-25 06:39:59,2026-08-25 06:43:59,CH,SAP S/4HANA,A,SAN-002,SanaPlus ColdFlu,OTC,SanaPlus,Wholesale,9,10.0,CHF,0.0,90.0,90.0
TXN-CH-1-000226,2026-08-25 10:02:32,2026-08-25 10:06:32,CH,SAP S/4HANA,A,PUR-001,PureLife GlucoMonitor,Medical Device,PureLife,E-commerce,5,80.95,CHF,0.15,404.75,344.04
TXN-CH-1-000227,2026-08-25 03:09:55,2026-08-25 03:12:55,CH,SAP S/4HANA,A,DER-001,Dermacare GlowSerum,Aesthetic,Dermacare,D2C,2,30.48,CHF,0.15,60.96,51.82
TXN-CH-1-000228,2026-08-25 02:53:36,2026-08-25 02:54:36,CH,SAP S/4HANA,A,VIT-002,Vitalis Multivit,Supplement,Vitalis,Pharmacy/B2B,3,16.19,CHF,0.1,48.57,43.71
TXN-CH-1-000229,2026-08-25 02:05:25,2026-08-25 02:06:25,CH,SAP S/4HANA,A,SAN-001,SanaPlus PainRelief,OTC,SanaPlus,Wholesale,1,9.05,CHF,0.05,9.05,8.6
TXN-CH-1-000230,2026-08-25 18:31:14,2026-08-25 18:37:14,CH,SAP S/4HANA,A,VIT-001,Vitalis C1000,Supplement,Vitalis,Wholesale,8,20.0,CHF,0.1,160.0,144.0
TXN-CH-1-000231,2026-08-25 19:23:03,2026-08-25 19:29:03,CH,SAP S/4HANA,A,MED-002,Medora Derm Cream,Prescription,Medora,Wholesale,1,24.76,CHF,0.1,24.76,22.28
TXN-CH-1-000232,2026-08-25 06:55:27,2026-08-25 07:01:27,CH,SAP S/4HANA,A,MED-001,Medora Cardio 10mg,Prescription,Medora,Wholesale,12,40.95,CHF,0.1,491.4,442.26
TXN-CH-1-000233,2026-08-25 12:33:47,2026-08-25 12:35:47,CH,SAP S/4HANA,A,PUR-001,PureLife GlucoMonitor,Medical Device,PureLife,Pharmacy/B2B,10,80.95,CHF,0.05,809.5,769.02
TXN-CH-1-000234,2026-08-25 06:08:09,2026-08-25 06:14:09,CH,SAP S/4HANA,A,PUR-001,PureLife GlucoMonitor,Medical Device,PureLife,E-commerce,3,80.95,CHF,0.0,242.85,242.85
TXN-CH-1-000235,2026-08-25 13:21:50,2026-08-25 13:23:50,CH,SAP S/4HANA,A,PUR-001,PureLife GlucoMonitor,Medical Device,PureLife,D2C,1,80.95,CHF,0.05,80.95,76.9
TXN-CH-1-000236,2026-08-25 18:02:27,2026-08-25 18:06:27,CH,SAP S/4HANA,A,VIT-001,Vitalis C1000,Supplement,Vitalis,D2C,2,20.0,CHF,0.0,40.0,40.0
TXN-CH-1-000237,2026-08-25 09:05:37,2026-08-25 09:10:37,CH,SAP S/4HANA,A,MED-002,Medora Derm Cream,Prescription,Medora,D2C,5,24.76,CHF,0.05,123.8,117.61
TXN-CH-1-000238,2026-08-25 10:41:15,2026-08-25 10:44:15,CH,SAP S/4HANA,A,VIT-002,Vitalis Multivit,Supplement,Vitalis,Pharmacy/B2B,12,16.19,CHF,0.15,194.28,165.14
TXN-CH-1-000239,2026-08-25 20:42:39,2026-08-25 20:46:39,CH,SAP S/4HANA,A,VIT-002,Vitalis Multivit,Supplement,Vitalis,D2C,11,16.19,CHF,0.1,178.09,160.28
TXN-CH-1-000240,2026-08-25 01:17:23,2026-08-25 01:21:23,CH,SAP S/4HANA,A,PUR-002,PureLife BP Monitor,Medical Device,PureLife,Wholesale,1,85.71,CHF,0.0,85.71,85.71
TXN-CH-1-000241,2026-08-25 00:12:52,2026-08-25 00:17:52,CH,SAP S/4HANA,A,DER-002,Dermacare LiftCream,Aesthetic,Dermacare,D2C,5,35.24,CHF,0.0,176.2,176.2
TXN-CH-1-000242,2026-08-25 03:54:06,2026-08-25 03:55:06,CH,SAP S/4HANA,A,SAN-002,SanaPlus ColdFlu,OTC,SanaPlus,E-commerce,7,10.0,CHF,0.0,70.0,70.0
TXN-CH-1-000243,2026-08-25 00:19:21,2026-08-25 00:20:21,CH,SAP S/4HANA,A,DER-001,Dermacare GlowSerum,Aesthetic,Dermacare,Wholesale,4,30.48,CHF,0.0,121.92,121.92
TXN-CH-1-000244,2026-08-25 19:15:49,2026-08-25 19:20:49,CH,SAP S/4HANA,A,VIT-001,Vitalis C1000,Supplement,Vitalis,Wholesale,2,20.0,CHF,0.05,40.0,38.0
TXN-CH-1-000245,2026-08-25 00:15:05,2026-08-25 00:17:05,CH,SAP S/4HANA,A,SAN-001,SanaPlus PainRelief,OTC,SanaPlus,E-commerce,8,9.05,CHF,0.05,72.4,68.78
TXN-CH-1-000246,2026-08-25 13:37:41,2026-08-25 13:40:41,CH,SAP S/4HANA,A,SAN-002,SanaPlus ColdFlu,OTC,SanaPlus,Wholesale,3,10.0,CHF,0.1,30.0,27.0
TXN-CH-1-000247,2026-08-25 09:48:41,2026-08-25 09:49:41,CH,SAP S/4HANA,A,DER-002,Dermacare LiftCream,Aesthetic,Dermacare,Wholesale,3,35.24,CHF,0.0,105.72,105.72
TXN-CH-1-000248,2026-08-25 12:52:45,2026-08-25 12:58:45,CH,SAP S/4HANA,A,DER-001,Dermacare GlowSerum,Aesthetic,Dermacare,Pharmacy/B2B,6,30.48,CHF,0.2,182.88,146.3
TXN-CH-1-000249,2026-08-25 07:13:33,2026-08-25 07:14:33,CH,SAP S/4HANA,A,VIT-002,Vitalis Multivit,Supplement,Vitalis,D2C,1,16.19,CHF,0.0,16.19,16.19
TXN-CH-1-000250,2026-08-25 14:21:53,2026-08-25 14:25:53,CH,SAP S/4HANA,A,SAN-002,SanaPlus ColdFlu,OTC,SanaPlus,Pharmacy/B2B,3,10.0,CHF,0.15,30.0,25.5
TXN-CH-1-000251,2026-08-25 07:14:42,2026-08-25 07:18:42,CH,SAP S/4HANA,A,SAN-001,SanaPlus PainRelief,OTC,SanaPlus,Pharmacy/B2B,7,9.05,CHF,0.05,63.35,60.18
TXN-CH-1-000252,2026-08-25 20:01:45,2026-08-25 20:05:45,CH,SAP S/4HANA,A,VIT-001,Vitalis C1000,Supplement,Vitalis,D2C,7,20.0,CHF,0.1,140.0,126.0
TXN-CH-1-000253,2026-08-25 14:09:27,2026-08-25 14:11:27,CH,SAP S/4HANA,A,MED-002,Medora Derm Cream,Prescription,Medora,Pharmacy/B2B,1,24.76,CHF,0.0,24.76,24.76
TXN-CH-1-000254,2026-08-25 05:39:47,2026-08-25 05:42:47,CH,SAP S/4HANA,A,PUR-001,PureLife GlucoMonitor,Medical Device,PureLife,Pharmacy/B2B,11,80.95,CHF,0.0,890.45,890.45
TXN-CH-1-000255,2026-08-25 01:53:40,2026-08-25 01:59:40,CH,SAP S/4HANA,A,SAN-002,SanaPlus ColdFlu,OTC,SanaPlus,Wholesale,10,10.0,CHF,0.15,100.0,85.0
TXN-CH-1-000256,2026-08-25 00:17:32,2026-08-25 00:21:32,CH,SAP S/4HANA,A,DER-002,Dermacare LiftCream,Aesthetic,Dermacare,D2C,5,35.24,CHF,0.05,176.2,167.39
TXN-CH-1-000257,2026-08-25 03:00:28,2026-08-25 03:04:28,CH,SAP S/4HANA,A,VIT-002,Vitalis Multivit,Supplement,Vitalis,E-commerce,12,16.19,CHF,0.1,194.28,174.85
TXN-CH-1-000258,2026-08-25 06:48:12,2026-08-25 06:50:12,CH,SAP S/4HANA,A,SAN-001,SanaPlus PainRelief,OTC,SanaPlus,Pharmacy/B2B,5,9.05,CHF,0.15,45.25,38.46
TXN-CH-1-000259,2026-08-25 09:00:21,2026-08-25 09:06:21,CH,SAP S/4HANA,A,DER-001,Dermacare GlowSerum,Aesthetic,Dermacare,E-commerce,8,30.48,CHF,0.15,243.84,207.26
TXN-CH-1-000260,2026-08-25 03:45:08,2026-08-25 03:51:08,CH,SAP S/4HANA,A,PUR-001,PureLife GlucoMonitor,Medical Device,PureLife,E-commerce,4,80.95,CHF,0.2,323.8,259.04
TXN-CH-1-000261,2026-08-25 21:31:29,2026-08-25 21:37:29,CH,SAP S/4HANA,A,VIT-001,Vitalis C1000,Supplement,Vitalis,E-commerce,2,20.0,CHF,0.0,40.0,40.0
TXN-CH-1-000262,2026-08-25 14:36:36,2026-08-25 14:37:36,CH,SAP S/4HANA,A,SAN-001,SanaPlus PainRelief,OTC,SanaPlus,E-commerce,3,9.05,CHF,0.05,27.15,25.79
TXN-CH-1-000263,2026-08-25 00:38:34,2026-08-25 00:43:34,CH,SAP S/4HANA,A,VIT-002,Vitalis Multivit,Supplement,Vitalis,Pharmacy/B2B,1,16.19,CHF,0.05,16.19,15.38
TXN-CH-1-000264,2026-08-25 14:49:45,2026-08-25 14:54:45,CH,SAP S/4HANA,A,SAN-001,SanaPlus PainRelief,OTC,SanaPlus,E-commerce,4,9.05,CHF,0.0,36.2,36.2
TXN-CH-1-000265,2026-08-25 15:30:46,2026-08-25 15:34:46,CH,SAP S/4HANA,A,MED-001,Medora Cardio 10mg,Prescription,Medora,Wholesale,11,40.95,CHF,0.0,450.45,450.45
TXN-CH-1-000266,2026-08-25 11:04:43,2026-08-25 11:05:43,CH,SAP S/4HANA,A,SAN-001,SanaPlus PainRelief,OTC,SanaPlus,D2C,5,9.05,CHF,0.0,45.25,45.25
TXN-CH-1-000267,2026-08-25 15:13:17,2026-08-25 15:15:17,CH,SAP S/4HANA,A,SAN-002,SanaPlus ColdFlu,OTC,SanaPlus,Pharmacy/B2B,3,10.0,CHF,0.0,30.0,30.0
TXN-CH-1-000268,2026-08-25 00:01:10,2026-08-25 00:02:10,CH,SAP S/4HANA,A,SAN-002,SanaPlus ColdFlu,OTC,SanaPlus,E-commerce,5,10.0,CHF,0.05,50.0,47.5
TXN-CH-1-000269,2026-08-25 10:12:01,2026-08-25 10:17:01,CH,SAP S/4HANA,A,MED-002,Medora Derm Cream,Prescription,Medora,Wholesale,3,24.76,CHF,0.0,74.28,74.28
TXN-CH-1-000270,2026-08-25 17:53:13,2026-08-25 17:56:13,CH,SAP S/4HANA,A,SAN-002,SanaPlus ColdFlu,OTC,SanaPlus,D2C,2,10.0,CHF,0.0,20.0,20.0
TXN-CH-1-000271,2026-08-25 00:29:50,2026-08-25 00:35:50,CH,SAP S/4HANA,A,PUR-001,PureLife GlucoMonitor,Medical Device,PureLife,E-commerce,6,80.95,CHF,0.0,485.7,485.7
TXN-CH-1-000272,2026-08-25 13:09:27,2026-08-25 13:15:27,CH,SAP S/4HANA,A,PUR-002,PureLife BP Monitor,Medical Device,PureLife,D2C,4,85.71,CHF,0.15,342.84,291.41
TXN-CH-1-000273,2026-08-25 10:02:48,2026-08-25 10:04:48,CH,SAP S/4HANA,A,PUR-002,PureLife BP Monitor,Medical Device,PureLife,Wholesale,2,85.71,CHF,0.0,171.42,171.42
TXN-CH-1-000274,2026-08-25 04:45:02,2026-08-25 04:51:02,CH,SAP S/4HANA,A,PUR-002,PureLife BP Monitor,Medical Device,PureLife,Pharmacy/B2B,1,85.71,CHF,0.1,85.71,77.14
TXN-CH-1-000275,2026-08-25 23:49:27,2026-08-25 23:51:27,CH,SAP S/4HANA,A,VIT-002,Vitalis Multivit,Supplement,Vitalis,Wholesale,2,16.19,CHF,0.0,32.38,32.38
TXN-CH-1-000276,2026-08-25 19:54:01,2026-08-25 19:59:01,CH,SAP S/4HANA,A,SAN-002,SanaPlus ColdFlu,OTC,SanaPlus,D2C,12,10.0,CHF,0.05,120.0,114.0
TXN-CH-1-000277,2026-08-25 07:21:16,2026-08-25 07:26:16,CH,SAP S/4HANA,A,VIT-001,Vitalis C1000,Supplement,Vitalis,Pharmacy/B2B,3,20.0,CHF,0.0,60.0,60.0
TXN-CH-1-000278,2026-08-25 15:13:35,2026-08-25 15:18:35,CH,SAP S/4HANA,A,SAN-001,SanaPlus PainRelief,OTC,SanaPlus,D2C,6,9.05,CHF,0.05,54.3,51.58
TXN-CH-1-000279,2026-08-25 22:55:57,2026-08-25 23:01:57,CH,SAP S/4HANA,A,MED-002,Medora Derm Cream,Prescription,Medora,Wholesale,2,24.76,CHF,0.05,49.52,47.04
TXN-CH-1-000280,2026-08-25 15:15:19,2026-08-25 15:20:19,CH,SAP S/4HANA,A,PUR-001,PureLife GlucoMonitor,Medical Device,PureLife,Pharmacy/B2B,3,80.95,CHF,0.1,242.85,218.56
TXN-CH-1-000281,2026-08-25 09:58:53,2026-08-25 10:04:53,CH,SAP S/4HANA,A,VIT-001,Vitalis C1000,Supplement,Vitalis,D2C,1,20.0,CHF,0.1,20.0,18.0
TXN-CH-1-000282,2026-08-25 02:12:48,2026-08-25 02:18:48,CH,SAP S/4HANA,A,VIT-002,Vitalis Multivit,Supplement,Vitalis,Wholesale,8,16.19,CHF,0.15,129.52,110.09
TXN-CH-1-000283,2026-08-25 19:23:11,2026-08-25 19:28:11,CH,SAP S/4HANA,A,MED-002,Medora Derm Cream,Prescription,Medora,E-commerce,8,24.76,CHF,0.2,198.08,158.46
TXN-CH-1-000284,2026-08-25 18:32:32,2026-08-25 18:36:32,CH,SAP S/4HANA,A,PUR-001,PureLife GlucoMonitor,Medical Device,PureLife,Wholesale,7,80.95,CHF,0.1,566.65,509.99
TXN-CH-1-000285,2026-08-25 09:53:05,2026-08-25 09:55:05,CH,SAP S/4HANA,A,VIT-001,Vitalis C1000,Supplement,Vitalis,Pharmacy/B2B,3,20.0,CHF,0.1,60.0,54.0
TXN-CH-1-000286,2026-08-25 07:55:48,2026-08-25 08:00:48,CH,SAP S/4HANA,A,MED-001,Medora Cardio 10mg,Prescription,Medora,Wholesale,9,40.95,CHF,0.15,368.55,313.27
TXN-CH-1-000287,2026-08-25 19:07:02,2026-08-25 19:10:02,CH,SAP S/4HANA,A,SAN-001,SanaPlus PainRelief,OTC,SanaPlus,E-commerce,5,9.05,CHF,0.15,45.25,38.46
TXN-CH-1-000288,2026-08-25 09:46:34,2026-08-25 09:51:34,CH,SAP S/4HANA,A,MED-002,Medora Derm Cream,Prescription,Medora,E-commerce,4,24.76,CHF,0.0,99.04,99.04
TXN-CH-1-000289,2026-08-25 19:25:35,2026-08-25 19:27:35,CH,SAP S/4HANA,A,SAN-001,SanaPlus PainRelief,OTC,SanaPlus,Pharmacy/B2B,11,9.05,CHF,0.0,99.55,99.55
TXN-CH-1-000290,2026-08-25 10:06:46,2026-08-25 10:08:46,CH,SAP S/4HANA,A,SAN-001,SanaPlus PainRelief,OTC,SanaPlus,Pharmacy/B2B,11,9.05,CHF,0.0,99.55,99.55
TXN-CH-1-000291,2026-08-25 07:38:41,2026-08-25 07:43:41,CH,SAP S/4HANA,A,MED-002,Medora Derm Cream,Prescription,Medora,Pharmacy/B2B,11,24.76,CHF,0.0,272.36,272.36
TXN-CH-1-000292,2026-08-25 23:02:07,2026-08-25 23:07:07,CH,SAP S/4HANA,A,SAN-002,SanaPlus ColdFlu,OTC,SanaPlus,D2C,2,10.0,CHF,0.15,20.0,17.0
TXN-CH-1-000293,2026-08-25 19:59:54,2026-08-25 20:02:54,CH,SAP S/4HANA,A,VIT-001,Vitalis C1000,Supplement,Vitalis,Wholesale,10,20.0,CHF,0.0,200.0,200.0
TXN-CH-1-000294,2026-08-25 11:49:10,2026-08-25 11:50:10,CH,SAP S/4HANA,A,MED-001,Medora Cardio 10mg,Prescription,Medora,D2C,4,40.95,CHF,0.15,163.8,139.23
TXN-CH-1-000295,2026-08-25 10:10:59,2026-08-25 10:12:59,CH,SAP S/4HANA,A,SAN-001,SanaPlus PainRelief,OTC,SanaPlus,Pharmacy/B2B,9,9.05,CHF,0.15,81.45,69.23
TXN-CH-1-000296,2026-08-25 21:14:09,2026-08-25 21:15:09,CH,SAP S/4HANA,A,DER-001,Dermacare GlowSerum,Aesthetic,Dermacare,D2C,11,30.48,CHF,0.15,335.28,284.99
TXN-CH-1-000297,2026-08-25 22:00:12,2026-08-25 22:05:12,CH,SAP S/4HANA,A,VIT-002,Vitalis Multivit,Supplement,Vitalis,Wholesale,4,16.19,CHF,0.0,64.76,64.76
TXN-CH-1-000298,2026-08-25 09:47:11,2026-08-25 09:49:11,CH,SAP S/4HANA,A,PUR-002,PureLife BP Monitor,Medical Device,PureLife,Wholesale,3,85.71,CHF,0.05,257.13,244.27
TXN-CH-1-000299,2026-08-25 08:26:12,2026-08-25 08:32:12,CH,SAP S/4HANA,A,DER-001,Dermacare GlowSerum,Aesthetic,Dermacare,D2C,3,30.48,CHF,0.05,91.44,86.87
TXN-CH-1-000300,2026-08-25 03:24:40,2026-08-25 03:28:40,CH,SAP S/4HANA,A,VIT-001,Vitalis C1000,Supplement,Vitalis,Wholesale,3,20.0,CHF,0.2,60.0,48.0
TXN-CH-1-000301,2026-08-25 06:24:43,2026-08-25 06:26:43,CH,SAP S/4HANA,A,PUR-002,PureLife BP Monitor,Medical Device,PureLife,Wholesale,12,85.71,CHF,0.0,1028.52,1028.52
TXN-CH-1-000302,2026-08-25 23:34:37,2026-08-25 23:37:37,CH,SAP S/4HANA,A,MED-001,Medora Cardio 10mg,Prescription,Medora,D2C,3,40.95,CHF,0.0,122.85,122.85
TXN-CH-1-000303,2026-08-25 14:21:08,2026-08-25 14:27:08,CH,SAP S/4HANA,A,PUR-002,PureLife BP Monitor,Medical Device,PureLife,E-commerce,2,85.71,CHF,0.0,171.42,171.42
TXN-CH-1-000304,2026-08-25 02:37:23,2026-08-25 02:41:23,CH,SAP S/4HANA,A,VIT-002,Vitalis Multivit,Supplement,Vitalis,Wholesale,11,16.19,CHF,0.05,178.09,169.19
TXN-CH-1-000305,2026-08-25 03:38:57,2026-08-25 03:44:57,CH,SAP S/4HANA,A,PUR-001,PureLife GlucoMonitor,Medical Device,PureLife,E-commerce,12,80.95,CHF,0.2,971.4,777.12
TXN-CH-1-000306,2026-08-25 00:25:45,2026-08-25 00:30:45,CH,SAP S/4HANA,A,MED-002,Medora Derm Cream,Prescription,Medora,Wholesale,7,24.76,CHF,0.0,173.32,173.32
TXN-CH-1-000307,2026-08-25 04:00:22,2026-08-25 04:01:22,CH,SAP S/4HANA,A,MED-001,Medora Cardio 10mg,Prescription,Medora,E-commerce,4,40.95,CHF,0.2,163.8,131.04
TXN-CH-1-000308,2026-08-25 03:02:37,2026-08-25 03:05:37,CH,SAP S/4HANA,A,VIT-001,Vitalis C1000,Supplement,Vitalis,Pharmacy/B2B,1,20.0,CHF,0.2,20.0,16.0
TXN-CH-1-000309,2026-08-25 03:52:18,2026-08-25 03:57:18,CH,SAP S/4HANA,A,SAN-002,SanaPlus ColdFlu,OTC,SanaPlus,Pharmacy/B2B,4,10.0,CHF,0.0,40.0,40.0
TXN-CH-1-000310,2026-08-25 17:29:30,2026-08-25 17:34:30,CH,SAP S/4HANA,A,DER-002,Dermacare LiftCream,Aesthetic,Dermacare,E-commerce,5,35.24,CHF,0.0,176.2,176.2
TXN-CH-1-000311,2026-08-25 17:26:11,2026-08-25 17:28:11,CH,SAP S/4HANA,A,VIT-002,Vitalis Multivit,Supplement,Vitalis,Pharmacy/B2B,9,16.19,CHF,0.15,145.71,123.85
TXN-CH-1-000312,2026-08-25 09:44:16,2026-08-25 09:50:16,CH,SAP S/4HANA,A,PUR-001,PureLife GlucoMonitor,Medical Device,PureLife,Pharmacy/B2B,1,80.95,CHF,0.2,80.95,64.76
TXN-CH-1-000313,2026-08-25 01:37:16,2026-08-25 01:38:16,CH,SAP S/4HANA,A,PUR-001,PureLife GlucoMonitor,Medical Device,PureLife,D2C,2,80.95,CHF,0.1,161.9,145.71
TXN-CH-1-000314,2026-08-25 15:07:12,2026-08-25 15:09:12,CH,SAP S/4HANA,A,MED-001,Medora Cardio 10mg,Prescription,Medora,E-commerce,1,40.95,CHF,0.0,40.95,40.95
TXN-CH-1-000315,2026-08-25 15:33:05,2026-08-25 15:37:05,CH,SAP S/4HANA,A,VIT-001,Vitalis C1000,Supplement,Vitalis,D2C,11,20.0,CHF,0.0,220.0,220.0
TXN-CH-1-000316,2026-08-25 08:13:27,2026-08-25 08:19:27,CH,SAP S/4HANA,A,DER-001,Dermacare GlowSerum,Aesthetic,Dermacare,Pharmacy/B2B,8,30.48,CHF,0.0,243.84,243.84
TXN-CH-1-000317,2026-08-25 04:00:35,2026-08-25 04:02:35,CH,SAP S/4HANA,A,MED-002,Medora Derm Cream,Prescription,Medora,D2C,6,24.76,CHF,0.0,148.56,148.56
TXN-CH-1-000318,2026-08-25 22:25:00,2026-08-25 22:28:00,CH,SAP S/4HANA,A,MED-002,Medora Derm Cream,Prescription,Medora,D2C,2,24.76,CHF,0.0,49.52,49.52
TXN-CH-1-000319,2026-08-25 22:00:33,2026-08-25 22:02:33,CH,SAP S/4HANA,A,VIT-001,Vitalis C1000,Supplement,Vitalis,Wholesale,9,20.0,CHF,0.0,180.0,180.0
TXN-CH-1-000320,2026-08-25 21:49:52,2026-08-25 21:51:52,CH,SAP S/4HANA,A,DER-001,Dermacare GlowSerum,Aesthetic,Dermacare,E-commerce,11,30.48,CHF,0.15,335.28,284.99
TXN-CH-1-000321,2026-08-25 10:58:46,2026-08-25 11:03:46,CH,SAP S/4HANA,A,SAN-001,SanaPlus PainRelief,OTC,SanaPlus,D2C,2,9.05,CHF,0.0,18.1,18.1
TXN-CH-1-000322,2026-08-25 18:10:37,2026-08-25 18:16:37,CH,SAP S/4HANA,A,SAN-002,SanaPlus ColdFlu,OTC,SanaPlus,D2C,12,10.0,CHF,0.2,120.0,96.0
TXN-CH-1-000323,2026-08-25 02:46:49,2026-08-25 02:47:49,CH,SAP S/4HANA,A,VIT-001,Vitalis C1000,Supplement,Vitalis,E-commerce,6,20.0,CHF,0.0,120.0,120.0
TXN-CH-1-000324,2026-08-25 14:13:16,2026-08-25 14:17:16,CH,SAP S/4HANA,A,DER-002,Dermacare LiftCream,Aesthetic,Dermacare,Pharmacy/B2B,2,35.24,CHF,0.1,70.48,63.43
TXN-CH-1-000325,2026-08-25 15:33:47,2026-08-25 15:39:47,CH,SAP S/4HANA,A,SAN-001,SanaPlus PainRelief,OTC,SanaPlus,E-commerce,2,9.05,CHF,0.0,18.1,18.1
TXN-CH-1-000326,2026-08-25 04:38:36,2026-08-25 04:40:36,CH,SAP S/4HANA,A,DER-001,Dermacare GlowSerum,Aesthetic,Dermacare,D2C,6,30.48,CHF,0.05,182.88,173.74
TXN-CH-1-000327,2026-08-25 15:25:52,2026-08-25 15:29:52,CH,SAP S/4HANA,A,DER-001,Dermacare GlowSerum,Aesthetic,Dermacare,D2C,3,30.48,CHF,0.2,91.44,73.15
TXN-CH-1-000328,2026-08-25 23:48:35,2026-08-25 23:50:35,CH,SAP S/4HANA,A,DER-001,Dermacare GlowSerum,Aesthetic,Dermacare,Wholesale,9,30.48,CHF,0.05,274.32,260.6
TXN-CH-1-000329,2026-08-25 19:36:54,2026-08-25 19:41:54,CH,SAP S/4HANA,A,DER-002,Dermacare LiftCream,Aesthetic,Dermacare,E-commerce,7,35.24,CHF,0.0,246.68,246.68
TXN-CH-1-000330,2026-08-25 21:09:08,2026-08-25 21:15:08,CH,SAP S/4HANA,A,DER-001,Dermacare GlowSerum,Aesthetic,Dermacare,E-commerce,12,30.48,CHF,0.0,365.76,365.76
TXN-CH-1-000331,2026-08-25 08:33:47,2026-08-25 08:36:47,CH,SAP S/4HANA,A,MED-001,Medora Cardio 10mg,Prescription,Medora,E-commerce,1,40.95,CHF,0.0,40.95,40.95
TXN-CH-1-000332,2026-08-25 20:19:47,2026-08-25 20:23:47,CH,SAP S/4HANA,A,VIT-001,Vitalis C1000,Supplement,Vitalis,Pharmacy/B2B,1,20.0,CHF,0.0,20.0,20.0
TXN-CH-1-000333,2026-08-25 13:08:18,2026-08-25 13:10:18,CH,SAP S/4HANA,A,SAN-001,SanaPlus PainRelief,OTC,SanaPlus,Wholesale,3,9.05,CHF,0.2,27.15,21.72
TXN-CH-1-000334,2026-08-25 20:04:46,2026-08-25 20:08:46,CH,SAP S/4HANA,A,VIT-002,Vitalis Multivit,Supplement,Vitalis,E-commerce,4,16.19,CHF,0.0,64.76,64.76
TXN-CH-1-000335,2026-08-25 05:01:01,2026-08-25 05:02:01,CH,SAP S/4HANA,A,VIT-001,Vitalis C1000,Supplement,Vitalis,Wholesale,12,20.0,CHF,0.0,240.0,240.0
TXN-CH-1-000336,2026-08-25 15:27:47,2026-08-25 15:30:47,CH,SAP S/4HANA,A,MED-001,Medora Cardio 10mg,Prescription,Medora,Pharmacy/B2B,11,40.95,CHF,0.1,450.45,405.4
TXN-CH-1-000337,2026-08-25 02:41:09,2026-08-25 02:45:09,CH,SAP S/4HANA,A,PUR-002,PureLife BP Monitor,Medical Device,PureLife,E-commerce,1,85.71,CHF,0.0,85.71,85.71
TXN-CH-1-000338,2026-08-25 13:17:53,2026-08-25 13:19:53,CH,SAP S/4HANA,A,MED-002,Medora Derm Cream,Prescription,Medora,E-commerce,2,24.76,CHF,0.0,49.52,49.52
TXN-CH-1-000339,2026-08-25 20:43:23,2026-08-25 20:47:23,CH,SAP S/4HANA,A,VIT-001,Vitalis C1000,Supplement,Vitalis,E-commerce,8,20.0,CHF,0.15,160.0,136.0
TXN-CH-1-000340,2026-08-25 05:06:04,2026-08-25 05:12:04,CH,SAP S/4HANA,A,PUR-001,PureLife GlucoMonitor,Medical Device,PureLife,D2C,8,80.95,CHF,0.05,647.6,615.22
TXN-CH-1-000341,2026-08-25 12:16:55,2026-08-25 12:20:55,CH,SAP S/4HANA,A,MED-001,Medora Cardio 10mg,Prescription,Medora,D2C,2,40.95,CHF,0.0,81.9,81.9
TXN-CH-1-000342,2026-08-25 02:11:04,2026-08-25 02:17:04,CH,SAP S/4HANA,A,MED-001,Medora Cardio 10mg,Prescription,Medora,E-commerce,9,40.95,CHF,0.0,368.55,368.55
TXN-CH-1-000343,2026-08-25 00:23:44,2026-08-25 00:27:44,CH,SAP S/4HANA,A,DER-001,Dermacare GlowSerum,Aesthetic,Dermacare,Wholesale,9,30.48,CHF,0.15,274.32,233.17
TXN-CH-1-000344,2026-08-25 09:23:43,2026-08-25 09:28:43,CH,SAP S/4HANA,A,PUR-001,PureLife GlucoMonitor,Medical Device,PureLife,D2C,12,80.95,CHF,0.0,971.4,971.4
TXN-CH-1-000345,2026-08-25 15:25:31,2026-08-25 15:27:31,CH,SAP S/4HANA,A,SAN-001,SanaPlus PainRelief,OTC,SanaPlus,Pharmacy/B2B,9,9.05,CHF,0.05,81.45,77.38
TXN-CH-1-000346,2026-08-25 04:33:21,2026-08-25 04:39:21,CH,SAP S/4HANA,A,VIT-002,Vitalis Multivit,Supplement,Vitalis,Wholesale,10,16.19,CHF,0.0,161.9,161.9
TXN-CH-1-000347,2026-08-25 07:58:12,2026-08-25 08:02:12,CH,SAP S/4HANA,A,VIT-001,Vitalis C1000,Supplement,Vitalis,Pharmacy/B2B,12,20.0,CHF,0.05,240.0,228.0
TXN-CH-1-000348,2026-08-25 17:22:55,2026-08-25 17:25:55,CH,SAP S/4HANA,A,DER-001,Dermacare GlowSerum,Aesthetic,Dermacare,Wholesale,3,30.48,CHF,0.0,91.44,91.44
TXN-CH-1-000349,2026-08-25 13:31:30,2026-08-25 13:37:30,CH,SAP S/4HANA,A,DER-001,Dermacare GlowSerum,Aesthetic,Dermacare,E-commerce,5,30.48,CHF,0.0,152.4,152.4
TXN-CH-1-000350,2026-08-25 03:48:03,2026-08-25 03:49:03,CH,SAP S/4HANA,A,SAN-002,SanaPlus ColdFlu,OTC,SanaPlus,D2C,1,10.0,CHF,0.0,10.0,10.0
TXN-CH-1-000351,2026-08-25 10:16:29,2026-08-25 10:18:29,CH,SAP S/4HANA,A,PUR-001,PureLife GlucoMonitor,Medical Device,PureLife,Pharmacy/B2B,2,80.95,CHF,0.0,161.9,161.9
TXN-CH-1-000352,2026-08-25 21:44:24,2026-08-25 21:45:24,CH,SAP S/4HANA,A,SAN-001,SanaPlus PainRelief,OTC,SanaPlus,E-commerce,9,9.05,CHF,0.0,81.45,81.45
TXN-CH-1-000353,2026-08-25 23:14:34,2026-08-25 23:15:34,CH,SAP S/4HANA,A,VIT-002,Vitalis Multivit,Supplement,Vitalis,D2C,2,16.19,CHF,0.1,32.38,29.14
TXN-CH-1-000354,2026-08-25 20:33:49,2026-08-25 20:34:49,CH,SAP S/4HANA,A,PUR-002,PureLife BP Monitor,Medical Device,PureLife,Wholesale,1,85.71,CHF,0.0,85.71,85.71
TXN-CH-1-000355,2026-08-25 11:27:12,2026-08-25 11:28:12,CH,SAP S/4HANA,A,SAN-001,SanaPlus PainRelief,OTC,SanaPlus,Pharmacy/B2B,6,9.05,CHF,0.2,54.3,43.44
TXN-CH-1-000356,2026-08-25 10:16:55,2026-08-25 10:20:55,CH,SAP S/4HANA,A,PUR-001,PureLife GlucoMonitor,Medical Device,PureLife,E-commerce,6,80.95,CHF,0.2,485.7,388.56
TXN-CH-1-000357,2026-08-25 14:13:22,2026-08-25 14:19:22,CH,SAP S/4HANA,A,SAN-002,SanaPlus ColdFlu,OTC,SanaPlus,E-commerce,12,10.0,CHF,0.15,120.0,102.0
TXN-CH-1-000358,2026-08-25 03:32:43,2026-08-25 03:35:43,CH,SAP S/4HANA,A,DER-001,Dermacare GlowSerum,Aesthetic,Dermacare,Pharmacy/B2B,9,30.48,CHF,0.2,274.32,219.46
TXN-CH-1-000359,2026-08-25 05:28:05,2026-08-25 05:29:05,CH,SAP S/4HANA,A,PUR-002,PureLife BP Monitor,Medical Device,PureLife,Wholesale,8,85.71,CHF,0.1,685.68,617.11
TXN-CH-1-000360,2026-08-25 01:21:43,2026-08-25 01:24:43,CH,SAP S/4HANA,A,VIT-001,Vitalis C1000,Supplement,Vitalis,E-commerce,11,20.0,CHF,0.05,220.0,209.0
TXN-CH-1-000361,2026-08-25 02:52:02,2026-08-25 02:58:02,CH,SAP S/4HANA,A,MED-002,Medora Derm Cream,Prescription,Medora,E-commerce,4,24.76,CHF,0.2,99.04,79.23
TXN-CH-1-000362,2026-08-25 23:49:09,2026-08-25 23:51:09,CH,SAP S/4HANA,A,VIT-001,Vitalis C1000,Supplement,Vitalis,D2C,8,20.0,CHF,0.2,160.0,128.0
TXN-CH-1-000363,2026-08-25 04:46:36,2026-08-25 04:49:36,CH,SAP S/4HANA,A,SAN-001,SanaPlus PainRelief,OTC,SanaPlus,D2C,10,9.05,CHF,0.2,90.5,72.4
TXN-CH-1-000364,2026-08-25 15:41:19,2026-08-25 15:42:19,CH,SAP S/4HANA,A,DER-001,Dermacare GlowSerum,Aesthetic,Dermacare,E-commerce,4,30.48,CHF,0.1,121.92,109.73
TXN-CH-1-000365,2026-08-25 22:05:44,2026-08-25 22:06:44,CH,SAP S/4HANA,A,VIT-001,Vitalis C1000,Supplement,Vitalis,Wholesale,2,20.0,CHF,0.2,40.0,32.0
TXN-CH-1-000366,2026-08-25 00:32:38,2026-08-25 00:34:38,CH,SAP S/4HANA,A,SAN-001,SanaPlus PainRelief,OTC,SanaPlus,Pharmacy/B2B,8,9.05,CHF,0.0,72.4,72.4
TXN-CH-1-000367,2026-08-25 16:33:32,2026-08-25 16:36:32,CH,SAP S/4HANA,A,VIT-001,Vitalis C1000,Supplement,Vitalis,D2C,3,20.0,CHF,0.0,60.0,60.0
TXN-CH-1-000368,2026-08-25 10:11:55,2026-08-25 10:16:55,CH,SAP S/4HANA,A,SAN-002,SanaPlus ColdFlu,OTC,SanaPlus,D2C,2,10.0,CHF,0.0,20.0,20.0
TXN-CH-1-000369,2026-08-25 06:31:26,2026-08-25 06:37:26,CH,SAP S/4HANA,A,DER-002,Dermacare LiftCream,Aesthetic,Dermacare,D2C,8,35.24,CHF,0.0,281.92,281.92
TXN-CH-1-000370,2026-08-25 16:05:39,2026-08-25 16:11:39,CH,SAP S/4HANA,A,VIT-001,Vitalis C1000,Supplement,Vitalis,Pharmacy/B2B,10,20.0,CHF,0.05,200.0,190.0
TXN-CH-1-000371,2026-08-25 01:26:29,2026-08-25 01:29:29,CH,SAP S/4HANA,A,SAN-001,SanaPlus PainRelief,OTC,SanaPlus,Wholesale,7,9.05,CHF,0.2,63.35,50.68
TXN-CH-1-000372,2026-08-25 22:33:43,2026-08-25 22:39:43,CH,SAP S/4HANA,A,VIT-001,Vitalis C1000,Supplement,Vitalis,Wholesale,6,20.0,CHF,0.1,120.0,108.0
TXN-CH-1-000373,2026-08-25 22:44:31,2026-08-25 22:47:31,CH,SAP S/4HANA,A,SAN-002,SanaPlus ColdFlu,OTC,SanaPlus,Pharmacy/B2B,11,10.0,CHF,0.05,110.0,104.5
TXN-CH-1-000374,2026-08-25 18:25:14,2026-08-25 18:29:14,CH,SAP S/4HANA,A,SAN-001,SanaPlus PainRelief,OTC,SanaPlus,Pharmacy/B2B,10,9.05,CHF,0.15,90.5,76.92
TXN-CH-1-000375,2026-08-25 02:04:38,2026-08-25 02:10:38,CH,SAP S/4HANA,A,VIT-002,Vitalis Multivit,Supplement,Vitalis,Pharmacy/B2B,3,16.19,CHF,0.2,48.57,38.86
TXN-CH-1-000376,2026-08-25 03:50:01,2026-08-25 03:53:01,CH,SAP S/4HANA,A,DER-001,Dermacare GlowSerum,Aesthetic,Dermacare,E-commerce,10,30.48,CHF,0.05,304.8,289.56
TXN-CH-1-000377,2026-08-25 02:39:25,2026-08-25 02:41:25,CH,SAP S/4HANA,A,DER-001,Dermacare GlowSerum,Aesthetic,Dermacare,Wholesale,11,30.48,CHF,0.0,335.28,335.28
TXN-CH-1-000378,2026-08-25 12:42:15,2026-08-25 12:46:15,CH,SAP S/4HANA,A,DER-002,Dermacare LiftCream,Aesthetic,Dermacare,Wholesale,2,35.24,CHF,0.0,70.48,70.48
TXN-CH-1-000379,2026-08-25 06:33:48,2026-08-25 06:39:48,CH,SAP S/4HANA,A,MED-002,Medora Derm Cream,Prescription,Medora,Wholesale,7,24.76,CHF,0.0,173.32,173.32
TXN-CH-1-000380,2026-08-25 14:37:08,2026-08-25 14:40:08,CH,SAP S/4HANA,A,MED-002,Medora Derm Cream,Prescription,Medora,D2C,6,24.76,CHF,0.1,148.56,133.7
TXN-CH-1-000381,2026-08-25 17:42:19,2026-08-25 17:44:19,CH,SAP S/4HANA,A,DER-002,Dermacare LiftCream,Aesthetic,Dermacare,Pharmacy/B2B,5,35.24,CHF,0.05,176.2,167.39
TXN-CH-1-000382,2026-08-25 01:23:37,2026-08-25 01:28:37,CH,SAP S/4HANA,A,VIT-001,Vitalis C1000,Supplement,Vitalis,Wholesale,3,20.0,CHF,0.15,60.0,51.0
TXN-CH-1-000383,2026-08-25 07:46:19,2026-08-25 07:49:19,CH,SAP S/4HANA,A,PUR-002,PureLife BP Monitor,Medical Device,PureLife,Pharmacy/B2B,10,85.71,CHF,0.2,857.1,685.68
TXN-CH-1-000384,2026-08-25 13:50:44,2026-08-25 13:51:44,CH,SAP S/4HANA,A,SAN-002,SanaPlus ColdFlu,OTC,SanaPlus,Wholesale,8,10.0,CHF,0.0,80.0,80.0
TXN-CH-1-000385,2026-08-25 01:58:08,2026-08-25 02:00:08,CH,SAP S/4HANA,A,MED-001,Medora Cardio 10mg,Prescription,Medora,Wholesale,5,40.95,CHF,0.0,204.75,204.75
TXN-CH-1-000386,2026-08-25 23:08:40,2026-08-25 23:10:40,CH,SAP S/4HANA,A,MED-002,Medora Derm Cream,Prescription,Medora,E-commerce,2,24.76,CHF,0.0,49.52,49.52
TXN-CH-1-000387,2026-08-25 14:44:53,2026-08-25 14:45:53,CH,SAP S/4HANA,A,SAN-001,SanaPlus PainRelief,OTC,SanaPlus,Wholesale,7,9.05,CHF,0.1,63.35,57.02
TXN-CH-1-000388,2026-08-25 07:47:43,2026-08-25 07:53:43,CH,SAP S/4HANA,A,SAN-001,SanaPlus PainRelief,OTC,SanaPlus,E-commerce,1,9.05,CHF,0.0,9.05,9.05
TXN-CH-1-000389,2026-08-25 15:36:08,2026-08-25 15:39:08,CH,SAP S/4HANA,A,SAN-001,SanaPlus PainRelief,OTC,SanaPlus,E-commerce,4,9.05,CHF,0.0,36.2,36.2
TXN-CH-1-000390,2026-08-25 15:15:32,2026-08-25 15:19:32,CH,SAP S/4HANA,A,DER-002,Dermacare LiftCream,Aesthetic,Dermacare,E-commerce,12,35.24,CHF,0.05,422.88,401.74
TXN-CH-1-000391,2026-08-25 12:54:50,2026-08-25 13:00:50,CH,SAP S/4HANA,A,PUR-002,PureLife BP Monitor,Medical Device,PureLife,Wholesale,1,85.71,CHF,0.1,85.71,77.14
TXN-CH-1-000392,2026-08-25 21:44:26,2026-08-25 21:46:26,CH,SAP S/4HANA,A,MED-002,Medora Derm Cream,Prescription,Medora,E-commerce,6,24.76,CHF,0.15,148.56,126.28
TXN-CH-1-000393,2026-08-25 11:31:26,2026-08-25 11:32:26,CH,SAP S/4HANA,A,VIT-001,Vitalis C1000,Supplement,Vitalis,Wholesale,3,20.0,CHF,0.05,60.0,57.0
TXN-CH-1-000394,2026-08-25 11:31:12,2026-08-25 11:32:12,CH,SAP S/4HANA,A,DER-001,Dermacare GlowSerum,Aesthetic,Dermacare,D2C,9,30.48,CHF,0.15,274.32,233.17
TXN-CH-1-000395,2026-08-25 00:08:01,2026-08-25 00:12:01,CH,SAP S/4HANA,A,VIT-001,Vitalis C1000,Supplement,Vitalis,Wholesale,11,20.0,CHF,0.1,220.0,198.0
TXN-CH-1-000396,2026-08-25 03:32:52,2026-08-25 03:33:52,CH,SAP S/4HANA,A,VIT-002,Vitalis Multivit,Supplement,Vitalis,E-commerce,7,16.19,CHF,0.15,113.33,96.33
TXN-CH-1-000397,2026-08-25 19:52:56,2026-08-25 19:54:56,CH,SAP S/4HANA,A,PUR-002,PureLife BP Monitor,Medical Device,PureLife,Wholesale,4,85.71,CHF,0.0,342.84,342.84
TXN-CH-1-000398,2026-08-25 07:38:14,2026-08-25 07:40:14,CH,SAP S/4HANA,A,PUR-002,PureLife BP Monitor,Medical Device,PureLife,Pharmacy/B2B,6,85.71,CHF,0.2,514.26,411.41
TXN-CH-1-000399,2026-08-25 13:14:43,2026-08-25 13:15:43,CH,SAP S/4HANA,A,SAN-001,SanaPlus PainRelief,OTC,SanaPlus,D2C,9,9.05,CHF,0.2,81.45,65.16
TXN-CH-1-000400,2026-08-25 04:32:30,2026-08-25 04:38:30,CH,SAP S/4HANA,A,DER-002,Dermacare LiftCream,Aesthetic,Dermacare,Wholesale,7,35.24,CHF,0.05,246.68,234.35
TXN-CH-1-000401,2026-08-25 12:48:21,2026-08-25 12:51:21,CH,SAP S/4HANA,A,PUR-001,PureLife GlucoMonitor,Medical Device,PureLife,Wholesale,9,80.95,CHF,0.2,728.55,582.84
TXN-CH-1-000402,2026-08-25 12:13:37,2026-08-25 12:14:37,CH,SAP S/4HANA,A,VIT-001,Vitalis C1000,Supplement,Vitalis,Wholesale,7,20.0,CHF,0.0,140.0,140.0
TXN-CH-1-000403,2026-08-25 06:26:26,2026-08-25 06:31:26,CH,SAP S/4HANA,A,PUR-002,PureLife BP Monitor,Medical Device,PureLife,E-commerce,9,85.71,CHF,0.05,771.39,732.82
TXN-CH-1-000404,2026-08-25 13:53:32,2026-08-25 13:56:32,CH,SAP S/4HANA,A,DER-001,Dermacare GlowSerum,Aesthetic,Dermacare,D2C,12,30.48,CHF,0.1,365.76,329.18
TXN-CH-1-000405,2026-08-25 03:36:45,2026-08-25 03:37:45,CH,SAP S/4HANA,A,MED-002,Medora Derm Cream,Prescription,Medora,Pharmacy/B2B,11,24.76,CHF,0.0,272.36,272.36
TXN-CH-1-000406,2026-08-25 22:26:14,2026-08-25 22:30:14,CH,SAP S/4HANA,A,MED-002,Medora Derm Cream,Prescription,Medora,Wholesale,12,24.76,CHF,0.2,297.12,237.7
TXN-CH-1-000407,2026-08-25 22:42:46,2026-08-25 22:47:46,CH,SAP S/4HANA,A,MED-002,Medora Derm Cream,Prescription,Medora,Wholesale,9,24.76,CHF,0.1,222.84,200.56
TXN-CH-1-000408,2026-08-25 01:11:17,2026-08-25 01:17:17,CH,SAP S/4HANA,A,SAN-001,SanaPlus PainRelief,OTC,SanaPlus,Wholesale,4,9.05,CHF,0.0,36.2,36.2
TXN-CH-1-000409,2026-08-25 16:33:09,2026-08-25 16:38:09,CH,SAP S/4HANA,A,DER-001,Dermacare GlowSerum,Aesthetic,Dermacare,Pharmacy/B2B,4,30.48,CHF,0.2,121.92,97.54
TXN-CH-1-000410,2026-08-25 17:05:48,2026-08-25 17:06:48,CH,SAP S/4HANA,A,SAN-002,SanaPlus ColdFlu,OTC,SanaPlus,Wholesale,7,10.0,CHF,0.2,70.0,56.0
TXN-CH-1-000411,2026-08-25 23:28:43,2026-08-25 23:34:43,CH,SAP S/4HANA,A,DER-001,Dermacare GlowSerum,Aesthetic,Dermacare,Pharmacy/B2B,6,30.48,CHF,0.2,182.88,146.3
TXN-CH-1-000412,2026-08-25 08:09:11,2026-08-25 08:14:11,CH,SAP S/4HANA,A,SAN-001,SanaPlus PainRelief,OTC,SanaPlus,D2C,11,9.05,CHF,0.0,99.55,99.55
TXN-CH-1-000413,2026-08-25 11:11:31,2026-08-25 11:15:31,CH,SAP S/4HANA,A,VIT-002,Vitalis Multivit,Supplement,Vitalis,Pharmacy/B2B,7,16.19,CHF,0.0,113.33,113.33
TXN-CH-1-000414,2026-08-25 00:33:55,2026-08-25 00:34:55,CH,SAP S/4HANA,A,VIT-001,Vitalis C1000,Supplement,Vitalis,D2C,9,20.0,CHF,0.2,180.0,144.0
TXN-CH-1-000415,2026-08-25 21:50:36,2026-08-25 21:53:36,CH,SAP S/4HANA,A,SAN-002,SanaPlus ColdFlu,OTC,SanaPlus,E-commerce,10,10.0,CHF,0.05,100.0,95.0
TXN-CH-1-000416,2026-08-25 08:48:17,2026-08-25 08:53:17,CH,SAP S/4HANA,A,DER-001,Dermacare GlowSerum,Aesthetic,Dermacare,E-commerce,10,30.48,CHF,0.15,304.8,259.08
TXN-CH-1-000417,2026-08-25 14:19:12,2026-08-25 14:20:12,CH,SAP S/4HANA,A,PUR-002,PureLife BP Monitor,Medical Device,PureLife,Wholesale,3,85.71,CHF,0.15,257.13,218.56
TXN-CH-1-000418,2026-08-25 14:12:52,2026-08-25 14:18:52,CH,SAP S/4HANA,A,VIT-001,Vitalis C1000,Supplement,Vitalis,Wholesale,6,20.0,CHF,0.1,120.0,108.0
TXN-CH-1-000419,2026-08-25 05:46:07,2026-08-25 05:50:07,CH,SAP S/4HANA,A,VIT-002,Vitalis Multivit,Supplement,Vitalis,Pharmacy/B2B,12,16.19,CHF,0.2,194.28,155.42
TXN-CH-1-000420,2026-08-25 04:35:58,2026-08-25 04:40:58,CH,SAP S/4HANA,A,MED-002,Medora Derm Cream,Prescription,Medora,Wholesale,11,24.76,CHF,0.0,272.36,272.36
TXN-CH-1-000421,2026-08-25 20:07:50,2026-08-25 20:09:50,CH,SAP S/4HANA,A,SAN-002,SanaPlus ColdFlu,OTC,SanaPlus,E-commerce,2,10.0,CHF,0.0,20.0,20.0
TXN-CH-1-000422,2026-08-25 00:56:00,2026-08-25 01:00:00,CH,SAP S/4HANA,A,MED-001,Medora Cardio 10mg,Prescription,Medora,E-commerce,1,40.95,CHF,0.1,40.95,36.86
TXN-CH-1-000423,2026-08-25 19:47:40,2026-08-25 19:48:40,CH,SAP S/4HANA,A,PUR-002,PureLife BP Monitor,Medical Device,PureLife,Wholesale,1,85.71,CHF,0.15,85.71,72.85
TXN-CH-1-000424,2026-08-25 04:45:11,2026-08-25 04:49:11,CH,SAP S/4HANA,A,SAN-002,SanaPlus ColdFlu,OTC,SanaPlus,E-commerce,4,10.0,CHF,0.15,40.0,34.0
TXN-CH-1-000425,2026-08-25 08:04:25,2026-08-25 08:07:25,CH,SAP S/4HANA,A,VIT-002,Vitalis Multivit,Supplement,Vitalis,E-commerce,12,16.19,CHF,0.2,194.28,155.42
TXN-CH-1-000426,2026-08-25 13:45:59,2026-08-25 13:48:59,CH,SAP S/4HANA,A,MED-001,Medora Cardio 10mg,Prescription,Medora,D2C,2,40.95,CHF,0.0,81.9,81.9
TXN-CH-1-000427,2026-08-25 22:50:39,2026-08-25 22:51:39,CH,SAP S/4HANA,A,PUR-002,PureLife BP Monitor,Medical Device,PureLife,Pharmacy/B2B,2,85.71,CHF,0.05,171.42,162.85
TXN-CH-1-000428,2026-08-25 21:41:45,2026-08-25 21:42:45,CH,SAP S/4HANA,A,MED-002,Medora Derm Cream,Prescription,Medora,E-commerce,5,24.76,CHF,0.0,123.8,123.8
TXN-CH-1-000429,2026-08-25 06:34:35,2026-08-25 06:35:35,CH,SAP S/4HANA,A,MED-002,Medora Derm Cream,Prescription,Medora,Wholesale,6,24.76,CHF,0.2,148.56,118.85
TXN-CH-1-000430,2026-08-25 07:34:19,2026-08-25 07:38:19,CH,SAP S/4HANA,A,MED-002,Medora Derm Cream,Prescription,Medora,Wholesale,1,24.76,CHF,0.05,24.76,23.52
TXN-CH-1-000431,2026-08-25 02:40:43,2026-08-25 02:44:43,CH,SAP S/4HANA,A,MED-002,Medora Derm Cream,Prescription,Medora,E-commerce,11,24.76,CHF,0.05,272.36,258.74
TXN-CH-1-000432,2026-08-25 13:39:45,2026-08-25 13:42:45,CH,SAP S/4HANA,A,DER-002,Dermacare LiftCream,Aesthetic,Dermacare,E-commerce,3,35.24,CHF,0.0,105.72,105.72
TXN-CH-1-000433,2026-08-25 00:22:09,2026-08-25 00:24:09,CH,SAP S/4HANA,A,PUR-002,PureLife BP Monitor,Medical Device,PureLife,Pharmacy/B2B,2,85.71,CHF,0.0,171.42,171.42
TXN-CH-1-000434,2026-08-25 12:37:33,2026-08-25 12:41:33,CH,SAP S/4HANA,A,PUR-002,PureLife BP Monitor,Medical Device,PureLife,Pharmacy/B2B,3,85.71,CHF,0.1,257.13,231.42
TXN-CH-1-000435,2026-08-25 09:15:57,2026-08-25 09:16:57,CH,SAP S/4HANA,A,VIT-002,Vitalis Multivit,Supplement,Vitalis,Pharmacy/B2B,9,16.19,CHF,0.0,145.71,145.71
TXN-CH-1-000436,2026-08-25 18:51:34,2026-08-25 18:56:34,CH,SAP S/4HANA,A,VIT-001,Vitalis C1000,Supplement,Vitalis,E-commerce,6,20.0,CHF,0.0,120.0,120.0
TXN-CH-1-000437,2026-08-25 07:53:57,2026-08-25 07:54:57,CH,SAP S/4HANA,A,SAN-002,SanaPlus ColdFlu,OTC,SanaPlus,E-commerce,4,10.0,CHF,0.0,40.0,40.0
TXN-CH-1-000438,2026-08-25 04:36:31,2026-08-25 04:39:31,CH,SAP S/4HANA,A,SAN-001,SanaPlus PainRelief,OTC,SanaPlus,Wholesale,4,9.05,CHF,0.0,36.2,36.2
TXN-CH-1-000439,2026-08-25 12:41:25,2026-08-25 12:47:25,CH,SAP S/4HANA,A,PUR-001,PureLife GlucoMonitor,Medical Device,PureLife,D2C,8,80.95,CHF,0.15,647.6,550.46
TXN-CH-1-000440,2026-08-25 18:03:05,2026-08-25 18:07:05,CH,SAP S/4HANA,A,PUR-001,PureLife GlucoMonitor,Medical Device,PureLife,Wholesale,4,80.95,CHF,0.0,323.8,323.8
TXN-CH-1-000441,2026-08-25 06:17:50,2026-08-25 06:19:50,CH,SAP S/4HANA,A,SAN-001,SanaPlus PainRelief,OTC,SanaPlus,Wholesale,2,9.05,CHF,0.1,18.1,16.29
TXN-CH-1-000442,2026-08-25 21:23:35,2026-08-25 21:26:35,CH,SAP S/4HANA,A,VIT-001,Vitalis C1000,Supplement,Vitalis,E-commerce,12,20.0,CHF,0.05,240.0,228.0
TXN-CH-1-000443,2026-08-25 15:46:55,2026-08-25 15:50:55,CH,SAP S/4HANA,A,DER-001,Dermacare GlowSerum,Aesthetic,Dermacare,D2C,6,30.48,CHF,0.1,182.88,164.59
TXN-CH-1-000444,2026-08-25 03:54:57,2026-08-25 03:59:57,CH,SAP S/4HANA,A,DER-001,Dermacare GlowSerum,Aesthetic,Dermacare,Wholesale,4,30.48,CHF,0.1,121.92,109.73
TXN-CH-1-000445,2026-08-25 12:50:57,2026-08-25 12:53:57,CH,SAP S/4HANA,A,MED-002,Medora Derm Cream,Prescription,Medora,Wholesale,3,24.76,CHF,0.0,74.28,74.28
TXN-CH-1-000446,2026-08-25 18:37:04,2026-08-25 18:40:04,CH,SAP S/4HANA,A,PUR-002,PureLife BP Monitor,Medical Device,PureLife,Wholesale,5,85.71,CHF,0.1,428.55,385.69
TXN-CH-1-000447,2026-08-25 23:29:14,2026-08-25 23:34:14,CH,SAP S/4HANA,A,SAN-002,SanaPlus ColdFlu,OTC,SanaPlus,Wholesale,1,10.0,CHF,0.0,10.0,10.0
TXN-CH-1-000448,2026-08-25 06:33:00,2026-08-25 06:36:00,CH,SAP S/4HANA,A,DER-001,Dermacare GlowSerum,Aesthetic,Dermacare,E-commerce,6,30.48,CHF,0.0,182.88,182.88
TXN-CH-1-000449,2026-08-25 02:38:41,2026-08-25 02:40:41,CH,SAP S/4HANA,A,SAN-002,SanaPlus ColdFlu,OTC,SanaPlus,D2C,3,10.0,CHF,0.2,30.0,24.0
TXN-CH-1-000450,2026-08-25 11:26:55,2026-08-25 11:27:55,CH,SAP S/4HANA,A,MED-001,Medora Cardio 10mg,Prescription,Medora,D2C,12,40.95,CHF,0.0,491.4,491.4
TXN-CH-1-000451,2026-08-25 11:58:25,2026-08-25 12:00:25,CH,SAP S/4HANA,A,DER-002,Dermacare LiftCream,Aesthetic,Dermacare,D2C,4,35.24,CHF,0.1,140.96,126.86
TXN-CH-1-000452,2026-08-25 02:24:41,2026-08-25 02:28:41,CH,SAP S/4HANA,A,SAN-001,SanaPlus PainRelief,OTC,SanaPlus,E-commerce,9,9.05,CHF,0.0,81.45,81.45
TXN-CH-1-000453,2026-08-25 03:44:49,2026-08-25 03:49:49,CH,SAP S/4HANA,A,SAN-001,SanaPlus PainRelief,OTC,SanaPlus,Pharmacy/B2B,10,9.05,CHF,0.15,90.5,76.92
TXN-CH-1-000454,2026-08-25 15:21:19,2026-08-25 15:27:19,CH,SAP S/4HANA,A,DER-001,Dermacare GlowSerum,Aesthetic,Dermacare,D2C,6,30.48,CHF,0.0,182.88,182.88
TXN-CH-1-000455,2026-08-25 07:10:37,2026-08-25 07:11:37,CH,SAP S/4HANA,A,DER-002,Dermacare LiftCream,Aesthetic,Dermacare,Wholesale,1,35.24,CHF,0.0,35.24,35.24
TXN-CH-1-000456,2026-08-25 15:20:12,2026-08-25 15:21:12,CH,SAP S/4HANA,A,MED-002,Medora Derm Cream,Prescription,Medora,Wholesale,3,24.76,CHF,0.1,74.28,66.85
TXN-CH-1-000457,2026-08-25 11:54:04,2026-08-25 11:59:04,CH,SAP S/4HANA,A,DER-001,Dermacare GlowSerum,Aesthetic,Dermacare,E-commerce,10,30.48,CHF,0.0,304.8,304.8
TXN-CH-1-000458,2026-08-25 10:22:40,2026-08-25 10:23:40,CH,SAP S/4HANA,A,PUR-002,PureLife BP Monitor,Medical Device,PureLife,Pharmacy/B2B,8,85.71,CHF,0.0,685.68,685.68
TXN-CH-1-000459,2026-08-25 04:46:18,2026-08-25 04:50:18,CH,SAP S/4HANA,A,MED-001,Medora Cardio 10mg,Prescription,Medora,Pharmacy/B2B,6,40.95,CHF,0.15,245.7,208.84
TXN-CH-1-000460,2026-08-25 00:35:32,2026-08-25 00:36:32,CH,SAP S/4HANA,A,DER-002,Dermacare LiftCream,Aesthetic,Dermacare,Pharmacy/B2B,7,35.24,CHF,0.15,246.68,209.68
TXN-CH-1-000461,2026-08-25 10:57:32,2026-08-25 11:00:32,CH,SAP S/4HANA,A,SAN-002,SanaPlus ColdFlu,OTC,SanaPlus,D2C,7,10.0,CHF,0.0,70.0,70.0
TXN-CH-1-000462,2026-08-25 20:15:35,2026-08-25 20:18:35,CH,SAP S/4HANA,A,DER-002,Dermacare LiftCream,Aesthetic,Dermacare,Pharmacy/B2B,7,35.24,CHF,0.0,246.68,246.68
TXN-CH-1-000463,2026-08-25 16:33:02,2026-08-25 16:37:02,CH,SAP S/4HANA,A,MED-002,Medora Derm Cream,Prescription,Medora,D2C,10,24.76,CHF,0.0,247.6,247.6
TXN-CH-1-000464,2026-08-25 01:03:58,2026-08-25 01:05:58,CH,SAP S/4HANA,A,MED-001,Medora Cardio 10mg,Prescription,Medora,Pharmacy/B2B,3,40.95,CHF,0.0,122.85,122.85
TXN-CH-1-000465,2026-08-25 11:45:17,2026-08-25 11:51:17,CH,SAP S/4HANA,A,DER-001,Dermacare GlowSerum,Aesthetic,Dermacare,E-commerce,3,30.48,CHF,0.0,91.44,91.44
TXN-CH-1-000466,2026-08-25 06:57:35,2026-08-25 07:03:35,CH,SAP S/4HANA,A,SAN-002,SanaPlus ColdFlu,OTC,SanaPlus,Pharmacy/B2B,12,10.0,CHF,0.2,120.0,96.0
TXN-CH-1-000467,2026-08-25 01:54:40,2026-08-25 01:57:40,CH,SAP S/4HANA,A,MED-001,Medora Cardio 10mg,Prescription,Medora,Pharmacy/B2B,1,40.95,CHF,0.0,40.95,40.95
TXN-CH-1-000468,2026-08-25 02:43:55,2026-08-25 02:46:55,CH,SAP S/4HANA,A,SAN-002,SanaPlus ColdFlu,OTC,SanaPlus,Wholesale,5,10.0,CHF,0.15,50.0,42.5
TXN-CH-1-000469,2026-08-25 06:12:06,2026-08-25 06:14:06,CH,SAP S/4HANA,A,PUR-002,PureLife BP Monitor,Medical Device,PureLife,Wholesale,2,85.71,CHF,0.0,171.42,171.42
TXN-CH-1-000470,2026-08-25 11:37:35,2026-08-25 11:39:35,CH,SAP S/4HANA,A,PUR-002,PureLife BP Monitor,Medical Device,PureLife,Wholesale,11,85.71,CHF,0.05,942.81,895.67
TXN-CH-1-000471,2026-08-25 04:27:19,2026-08-25 04:32:19,CH,SAP S/4HANA,A,PUR-001,PureLife GlucoMonitor,Medical Device,PureLife,E-commerce,10,80.95,CHF,0.05,809.5,769.02
TXN-CH-1-000472,2026-08-25 17:50:38,2026-08-25 17:53:38,CH,SAP S/4HANA,A,SAN-002,SanaPlus ColdFlu,OTC,SanaPlus,Wholesale,4,10.0,CHF,0.0,40.0,40.0
TXN-CH-1-000473,2026-08-25 09:36:18,2026-08-25 09:39:18,CH,SAP S/4HANA,A,MED-002,Medora Derm Cream,Prescription,Medora,D2C,9,24.76,CHF,0.2,222.84,178.27
TXN-CH-1-000474,2026-08-25 08:49:28,2026-08-25 08:55:28,CH,SAP S/4HANA,A,VIT-002,Vitalis Multivit,Supplement,Vitalis,Pharmacy/B2B,2,16.19,CHF,0.05,32.38,30.76
TXN-CH-1-000475,2026-08-25 02:11:39,2026-08-25 02:13:39,CH,SAP S/4HANA,A,MED-001,Medora Cardio 10mg,Prescription,Medora,E-commerce,8,40.95,CHF,0.2,327.6,262.08
TXN-CH-1-000476,2026-08-25 14:01:10,2026-08-25 14:03:10,CH,SAP S/4HANA,A,DER-002,Dermacare LiftCream,Aesthetic,Dermacare,Pharmacy/B2B,6,35.24,CHF,0.0,211.44,211.44
TXN-CH-1-000477,2026-08-25 21:30:01,2026-08-25 21:35:01,CH,SAP S/4HANA,A,PUR-001,PureLife GlucoMonitor,Medical Device,PureLife,D2C,5,80.95,CHF,0.15,404.75,344.04
TXN-CH-1-000478,2026-08-25 16:31:49,2026-08-25 16:37:49,CH,SAP S/4HANA,A,VIT-001,Vitalis C1000,Supplement,Vitalis,Pharmacy/B2B,3,20.0,CHF,0.0,60.0,60.0
TXN-CH-1-000479,2026-08-25 13:14:23,2026-08-25 13:18:23,CH,SAP S/4HANA,A,DER-002,Dermacare LiftCream,Aesthetic,Dermacare,E-commerce,7,35.24,CHF,0.0,246.68,246.68
TXN-CH-1-000480,2026-08-25 02:29:56,2026-08-25 02:32:56,CH,SAP S/4HANA,A,DER-001,Dermacare GlowSerum,Aesthetic,Dermacare,E-commerce,11,30.48,CHF,0.0,335.28,335.28
TXN-CH-1-000481,2026-08-25 21:01:00,2026-08-25 21:07:00,CH,SAP S/4HANA,A,MED-002,Medora Derm Cream,Prescription,Medora,E-commerce,8,24.76,CHF,0.0,198.08,198.08
TXN-CH-1-000482,2026-08-25 04:00:44,2026-08-25 04:02:44,CH,SAP S/4HANA,A,MED-001,Medora Cardio 10mg,Prescription,Medora,Wholesale,3,40.95,CHF,0.0,122.85,122.85
TXN-CH-1-000483,2026-08-25 01:02:26,2026-08-25 01:06:26,CH,SAP S/4HANA,A,PUR-001,PureLife GlucoMonitor,Medical Device,PureLife,Wholesale,6,80.95,CHF,0.0,485.7,485.7
TXN-CH-1-000484,2026-08-25 04:18:29,2026-08-25 04:23:29,CH,SAP S/4HANA,A,MED-002,Medora Derm Cream,Prescription,Medora,D2C,7,24.76,CHF,0.0,173.32,173.32
TXN-CH-1-000485,2026-08-25 05:29:02,2026-08-25 05:33:02,CH,SAP S/4HANA,A,PUR-001,PureLife GlucoMonitor,Medical Device,PureLife,Wholesale,9,80.95,CHF,0.0,728.55,728.55
TXN-CH-1-000486,2026-08-25 01:56:07,2026-08-25 02:00:07,CH,SAP S/4HANA,A,SAN-001,SanaPlus PainRelief,OTC,SanaPlus,D2C,2,9.05,CHF,0.0,18.1,18.1
TXN-CH-1-000487,2026-08-25 23:36:56,2026-08-25 23:40:56,CH,SAP S/4HANA,A,DER-001,Dermacare GlowSerum,Aesthetic,Dermacare,E-commerce,5,30.48,CHF,0.0,152.4,152.4
TXN-CH-1-000488,2026-08-25 14:39:41,2026-08-25 14:41:41,CH,SAP S/4HANA,A,PUR-002,PureLife BP Monitor,Medical Device,PureLife,D2C,9,85.71,CHF,0.1,771.39,694.25
TXN-CH-1-000489,2026-08-25 17:58:19,2026-08-25 18:03:19,CH,SAP S/4HANA,A,DER-001,Dermacare GlowSerum,Aesthetic,Dermacare,Pharmacy/B2B,11,30.48,CHF,0.0,335.28,335.28
TXN-CH-1-000490,2026-08-25 23:31:57,2026-08-25 23:33:57,CH,SAP S/4HANA,A,MED-002,Medora Derm Cream,Prescription,Medora,E-commerce,2,24.76,CHF,0.0,49.52,49.52
TXN-CH-1-000491,2026-08-25 01:17:57,2026-08-25 01:22:57,CH,SAP S/4HANA,A,SAN-001,SanaPlus PainRelief,OTC,SanaPlus,E-commerce,2,9.05,CHF,0.1,18.1,16.29
TXN-CH-1-000492,2026-08-25 03:40:42,2026-08-25 03:43:42,CH,SAP S/4HANA,A,VIT-002,Vitalis Multivit,Supplement,Vitalis,Wholesale,7,16.19,CHF,0.05,113.33,107.66
TXN-CH-1-000493,2026-08-25 03:41:18,2026-08-25 03:43:18,CH,SAP S/4HANA,A,SAN-001,SanaPlus PainRelief,OTC,SanaPlus,Wholesale,4,9.05,CHF,0.0,36.2,36.2
TXN-CH-1-000494,2026-08-25 07:24:43,2026-08-25 07:27:43,CH,SAP S/4HANA,A,SAN-001,SanaPlus PainRelief,OTC,SanaPlus,D2C,12,9.05,CHF,0.0,108.6,108.6
TXN-CH-1-000495,2026-08-25 03:25:52,2026-08-25 03:27:52,CH,SAP S/4HANA,A,PUR-001,PureLife GlucoMonitor,Medical Device,PureLife,Wholesale,12,80.95,CHF,0.0,971.4,971.4
TXN-CH-1-000496,2026-08-25 08:41:16,2026-08-25 08:43:16,CH,SAP S/4HANA,A,SAN-002,SanaPlus ColdFlu,OTC,SanaPlus,Pharmacy/B2B,3,10.0,CHF,0.0,30.0,30.0
TXN-CH-1-000497,2026-08-25 12:05:36,2026-08-25 12:09:36,CH,SAP S/4HANA,A,VIT-001,Vitalis C1000,Supplement,Vitalis,Pharmacy/B2B,11,20.0,CHF,0.05,220.0,209.0
TXN-CH-1-000498,2026-08-25 15:34:48,2026-08-25 15:37:48,CH,SAP S/4HANA,A,MED-001,Medora Cardio 10mg,Prescription,Medora,E-commerce,5,40.95,CHF,0.0,204.75,204.75
TXN-CH-1-000499,2026-08-25 06:12:57,2026-08-25 06:18:57,CH,SAP S/4HANA,A,MED-001,Medora Cardio 10mg,Prescription,Medora,D2C,8,40.95,CHF,0.1,327.6,294.84
TXN-CH-1-000500,2026-08-25 00:02:11,2026-08-25 00:06:11,CH,SAP S/4HANA,A,VIT-002,Vitalis Multivit,Supplement,Vitalis,Wholesale,2,16.19,CHF,0.0,32.38,32.38
TXN-CH-1-000501,2026-08-25 00:37:59,2026-08-25 00:42:59,CH,SAP S/4HANA,A,SAN-001,SanaPlus PainRelief,OTC,SanaPlus,E-commerce,9,9.05,CHF,0.1,81.45,73.31
TXN-CH-1-000502,2026-08-25 06:05:28,2026-08-25 06:07:28,CH,SAP S/4HANA,A,MED-002,Medora Derm Cream,Prescription,Medora,Pharmacy/B2B,5,24.76,CHF,0.2,123.8,99.04
TXN-CH-1-000503,2026-08-25 12:13:17,2026-08-25 12:17:17,CH,SAP S/4HANA,A,DER-002,Dermacare LiftCream,Aesthetic,Dermacare,D2C,9,35.24,CHF,0.0,317.16,317.16
TXN-CH-1-000504,2026-08-25 17:42:45,2026-08-25 17:45:45,CH,SAP S/4HANA,A,SAN-002,SanaPlus ColdFlu,OTC,SanaPlus,Wholesale,1,10.0,CHF,0.2,10.0,8.0
TXN-CH-1-000505,2026-08-25 12:50:19,2026-08-25 12:53:19,CH,SAP S/4HANA,A,SAN-002,SanaPlus ColdFlu,OTC,SanaPlus,Wholesale,2,10.0,CHF,0.0,20.0,20.0
TXN-CH-1-000506,2026-08-25 18:54:26,2026-08-25 19:00:26,CH,SAP S/4HANA,A,MED-001,Medora Cardio 10mg,Prescription,Medora,E-commerce,7,40.95,CHF,0.2,286.65,229.32
TXN-CH-1-000507,2026-08-25 08:01:09,2026-08-25 08:07:09,CH,SAP S/4HANA,A,VIT-001,Vitalis C1000,Supplement,Vitalis,D2C,8,20.0,CHF,0.0,160.0,160.0
TXN-CH-1-000508,2026-08-25 08:53:49,2026-08-25 08:58:49,CH,SAP S/4HANA,A,DER-001,Dermacare GlowSerum,Aesthetic,Dermacare,D2C,4,30.48,CHF,0.15,121.92,103.63
TXN-CH-1-000509,2026-08-25 03:15:01,2026-08-25 03:17:01,CH,SAP S/4HANA,A,DER-001,Dermacare GlowSerum,Aesthetic,Dermacare,Pharmacy/B2B,5,30.48,CHF,0.15,152.4,129.54
TXN-CH-1-000510,2026-08-25 19:50:23,2026-08-25 19:54:23,CH,SAP S/4HANA,A,PUR-001,PureLife GlucoMonitor,Medical Device,PureLife,E-commerce,5,80.95,CHF,0.15,404.75,344.04
TXN-CH-1-000511,2026-08-25 12:42:03,2026-08-25 12:45:03,CH,SAP S/4HANA,A,DER-001,Dermacare GlowSerum,Aesthetic,Dermacare,Wholesale,5,30.48,CHF,0.0,152.4,152.4
TXN-CH-1-000512,2026-08-25 06:56:18,2026-08-25 06:57:18,CH,SAP S/4HANA,A,PUR-002,PureLife BP Monitor,Medical Device,PureLife,D2C,10,85.71,CHF,0.0,857.1,857.1
TXN-CH-1-000513,2026-08-25 15:46:54,2026-08-25 15:50:54,CH,SAP S/4HANA,A,PUR-002,PureLife BP Monitor,Medical Device,PureLife,D2C,5,85.71,CHF,0.0,428.55,428.55
TXN-CH-1-000514,2026-08-25 00:18:12,2026-08-25 00:22:12,CH,SAP S/4HANA,A,VIT-001,Vitalis C1000,Supplement,Vitalis,Wholesale,11,20.0,CHF,0.0,220.0,220.0
TXN-CH-1-000515,2026-08-25 19:02:55,2026-08-25 19:05:55,CH,SAP S/4HANA,A,PUR-002,PureLife BP Monitor,Medical Device,PureLife,E-commerce,5,85.71,CHF,0.05,428.55,407.12
TXN-CH-1-000516,2026-08-25 10:29:42,2026-08-25 10:30:42,CH,SAP S/4HANA,A,SAN-001,SanaPlus PainRelief,OTC,SanaPlus,Pharmacy/B2B,8,9.05,CHF,0.0,72.4,72.4
TXN-CH-1-000517,2026-08-25 07:54:45,2026-08-25 07:57:45,CH,SAP S/4HANA,A,PUR-002,PureLife BP Monitor,Medical Device,PureLife,Pharmacy/B2B,1,85.71,CHF,0.05,85.71,81.42
TXN-CH-1-000518,2026-08-25 11:08:04,2026-08-25 11:09:04,CH,SAP S/4HANA,A,DER-001,Dermacare GlowSerum,Aesthetic,Dermacare,D2C,11,30.48,CHF,0.2,335.28,268.22
TXN-CH-1-000519,2026-08-25 00:01:24,2026-08-25 00:02:24,CH,SAP S/4HANA,A,SAN-001,SanaPlus PainRelief,OTC,SanaPlus,E-commerce,6,9.05,CHF,0.0,54.3,54.3
TXN-CH-1-000520,2026-08-25 18:16:37,2026-08-25 18:22:37,CH,SAP S/4HANA,A,PUR-001,PureLife GlucoMonitor,Medical Device,PureLife,E-commerce,2,80.95,CHF,0.15,161.9,137.62
TXN-CH-1-000521,2026-08-25 09:51:17,2026-08-25 09:53:17,CH,SAP S/4HANA,A,VIT-002,Vitalis Multivit,Supplement,Vitalis,Wholesale,10,16.19,CHF,0.0,161.9,161.9
TXN-CH-1-000522,2026-08-25 10:35:16,2026-08-25 10:37:16,CH,SAP S/4HANA,A,MED-001,Medora Cardio 10mg,Prescription,Medora,Wholesale,6,40.95,CHF,0.0,245.7,245.7
TXN-CH-1-000523,2026-08-25 23:11:38,2026-08-25 23:15:38,CH,SAP S/4HANA,A,DER-001,Dermacare GlowSerum,Aesthetic,Dermacare,Wholesale,2,30.48,CHF,0.0,60.96,60.96
TXN-CH-1-000524,2026-08-25 10:59:46,2026-08-25 11:04:46,CH,SAP S/4HANA,A,SAN-001,SanaPlus PainRelief,OTC,SanaPlus,E-commerce,10,9.05,CHF,0.05,90.5,85.97
TXN-CH-1-000525,2026-08-25 11:44:28,2026-08-25 11:49:28,CH,SAP S/4HANA,A,VIT-001,Vitalis C1000,Supplement,Vitalis,E-commerce,5,20.0,CHF,0.0,100.0,100.0
TXN-CH-1-000526,2026-08-25 15:09:26,2026-08-25 15:14:26,CH,SAP S/4HANA,A,VIT-002,Vitalis Multivit,Supplement,Vitalis,D2C,5,16.19,CHF,0.0,80.95,80.95
TXN-CH-1-000527,2026-08-25 10:49:32,2026-08-25 10:54:32,CH,SAP S/4HANA,A,DER-002,Dermacare LiftCream,Aesthetic,Dermacare,E-commerce,7,35.24,CHF,0.2,246.68,197.34
TXN-CH-1-000528,2026-08-25 15:54:24,2026-08-25 15:55:24,CH,SAP S/4HANA,A,VIT-001,Vitalis C1000,Supplement,Vitalis,Wholesale,12,20.0,CHF,0.0,240.0,240.0
TXN-CH-1-000529,2026-08-25 18:20:36,2026-08-25 18:26:36,CH,SAP S/4HANA,A,SAN-002,SanaPlus ColdFlu,OTC,SanaPlus,Wholesale,6,10.0,CHF,0.05,60.0,57.0
TXN-CH-1-000530,2026-08-25 16:59:11,2026-08-25 17:03:11,CH,SAP S/4HANA,A,DER-001,Dermacare GlowSerum,Aesthetic,Dermacare,Wholesale,1,30.48,CHF,0.1,30.48,27.43
TXN-CH-1-000531,2026-08-25 00:57:43,2026-08-25 01:01:43,CH,SAP S/4HANA,A,MED-002,Medora Derm Cream,Prescription,Medora,E-commerce,10,24.76,CHF,0.0,247.6,247.6
TXN-CH-1-000532,2026-08-25 08:50:04,2026-08-25 08:55:04,CH,SAP S/4HANA,A,PUR-001,PureLife GlucoMonitor,Medical Device,PureLife,D2C,3,80.95,CHF,0.1,242.85,218.56
TXN-CH-1-000533,2026-08-25 19:46:47,2026-08-25 19:51:47,CH,SAP S/4HANA,A,SAN-001,SanaPlus PainRelief,OTC,SanaPlus,Pharmacy/B2B,7,9.05,CHF,0.0,63.35,63.35
TXN-CH-1-000534,2026-08-25 14:40:14,2026-08-25 14:46:14,CH,SAP S/4HANA,A,MED-001,Medora Cardio 10mg,Prescription,Medora,Wholesale,9,40.95,CHF,0.05,368.55,350.12
TXN-CH-1-000535,2026-08-25 01:58:43,2026-08-25 01:59:43,CH,SAP S/4HANA,A,MED-001,Medora Cardio 10mg,Prescription,Medora,D2C,11,40.95,CHF,0.0,450.45,450.45
TXN-CH-1-000536,2026-08-25 12:08:30,2026-08-25 12:13:30,CH,SAP S/4HANA,A,MED-002,Medora Derm Cream,Prescription,Medora,D2C,10,24.76,CHF,0.05,247.6,235.22
TXN-CH-1-000537,2026-08-25 12:03:45,2026-08-25 12:04:45,CH,SAP S/4HANA,A,MED-002,Medora Derm Cream,Prescription,Medora,Pharmacy/B2B,12,24.76,CHF,0.0,297.12,297.12
TXN-CH-1-000538,2026-08-25 18:47:47,2026-08-25 18:49:47,CH,SAP S/4HANA,A,PUR-001,PureLife GlucoMonitor,Medical Device,PureLife,Wholesale,3,80.95,CHF,0.0,242.85,242.85
TXN-CH-1-000539,2026-08-25 23:17:22,2026-08-25 23:19:22,CH,SAP S/4HANA,A,SAN-001,SanaPlus PainRelief,OTC,SanaPlus,D2C,12,9.05,CHF,0.0,108.6,108.6
TXN-CH-1-000540,2026-08-25 17:39:24,2026-08-25 17:44:24,CH,SAP S/4HANA,A,VIT-002,Vitalis Multivit,Supplement,Vitalis,Pharmacy/B2B,2,16.19,CHF,0.0,32.38,32.38
TXN-CH-1-000541,2026-08-25 05:34:16,2026-08-25 05:39:16,CH,SAP S/4HANA,A,MED-002,Medora Derm Cream,Prescription,Medora,Pharmacy/B2B,4,24.76,CHF,0.0,99.04,99.04
TXN-CH-1-000542,2026-08-25 03:46:19,2026-08-25 03:50:19,CH,SAP S/4HANA,A,MED-001,Medora Cardio 10mg,Prescription,Medora,Wholesale,7,40.95,CHF,0.0,286.65,286.65
TXN-CH-1-000543,2026-08-25 04:26:06,2026-08-25 04:29:06,CH,SAP S/4HANA,A,DER-001,Dermacare GlowSerum,Aesthetic,Dermacare,Wholesale,3,30.48,CHF,0.2,91.44,73.15
TXN-CH-1-000544,2026-08-25 08:33:12,2026-08-25 08:38:12,CH,SAP S/4HANA,A,SAN-001,SanaPlus PainRelief,OTC,SanaPlus,Wholesale,11,9.05,CHF,0.1,99.55,89.59
TXN-CH-1-000545,2026-08-25 04:29:07,2026-08-25 04:33:07,CH,SAP S/4HANA,A,VIT-001,Vitalis C1000,Supplement,Vitalis,Pharmacy/B2B,3,20.0,CHF,0.0,60.0,60.0
TXN-CH-1-000546,2026-08-25 23:56:15,2026-08-25 23:58:15,CH,SAP S/4HANA,A,VIT-001,Vitalis C1000,Supplement,Vitalis,E-commerce,8,20.0,CHF,0.05,160.0,152.0
TXN-CH-1-000547,2026-08-25 10:33:35,2026-08-25 10:36:35,CH,SAP S/4HANA,A,MED-002,Medora Derm Cream,Prescription,Medora,Wholesale,6,24.76,CHF,0.15,148.56,126.28
TXN-CH-1-000548,2026-08-25 10:01:08,2026-08-25 10:05:08,CH,SAP S/4HANA,A,DER-001,Dermacare GlowSerum,Aesthetic,Dermacare,Pharmacy/B2B,8,30.48,CHF,0.05,243.84,231.65
TXN-CH-1-000549,2026-08-25 15:28:03,2026-08-25 15:30:03,CH,SAP S/4HANA,A,MED-001,Medora Cardio 10mg,Prescription,Medora,D2C,8,40.95,CHF,0.0,327.6,327.6
TXN-CH-1-000550,2026-08-25 20:32:32,2026-08-25 20:36:32,CH,SAP S/4HANA,A,MED-001,Medora Cardio 10mg,Prescription,Medora,D2C,1,40.95,CHF,0.15,40.95,34.81
TXN-CH-1-000551,2026-08-25 23:40:52,2026-08-25 23:46:52,CH,SAP S/4HANA,A,PUR-002,PureLife BP Monitor,Medical Device,PureLife,Wholesale,1,85.71,CHF,0.0,85.71,85.71
TXN-CH-1-000552,2026-08-25 05:04:18,2026-08-25 05:08:18,CH,SAP S/4HANA,A,DER-002,Dermacare LiftCream,Aesthetic,Dermacare,D2C,1,35.24,CHF,0.0,35.24,35.24
TXN-CH-1-000553,2026-08-25 13:01:30,2026-08-25 13:06:30,CH,SAP S/4HANA,A,PUR-001,PureLife GlucoMonitor,Medical Device,PureLife,E-commerce,6,80.95,CHF,0.15,485.7,412.84
TXN-CH-1-000554,2026-08-25 19:07:00,2026-08-25 19:11:00,CH,SAP S/4HANA,A,PUR-001,PureLife GlucoMonitor,Medical Device,PureLife,Pharmacy/B2B,3,80.95,CHF,0.15,242.85,206.42
TXN-CH-1-000555,2026-08-25 05:30:44,2026-08-25 05:33:44,CH,SAP S/4HANA,A,PUR-002,PureLife BP Monitor,Medical Device,PureLife,D2C,8,85.71,CHF,0.15,685.68,582.83
TXN-CH-1-000556,2026-08-25 05:05:55,2026-08-25 05:08:55,CH,SAP S/4HANA,A,SAN-001,SanaPlus PainRelief,OTC,SanaPlus,Wholesale,2,9.05,CHF,0.2,18.1,14.48
TXN-CH-1-000557,2026-08-25 23:29:19,2026-08-25 23:33:19,CH,SAP S/4HANA,A,DER-001,Dermacare GlowSerum,Aesthetic,Dermacare,Wholesale,10,30.48,CHF,0.15,304.8,259.08
TXN-CH-1-000558,2026-08-25 06:34:02,2026-08-25 06:39:02,CH,SAP S/4HANA,A,PUR-001,PureLife GlucoMonitor,Medical Device,PureLife,D2C,3,80.95,CHF,0.15,242.85,206.42
TXN-CH-1-000559,2026-08-25 11:47:57,2026-08-25 11:52:57,CH,SAP S/4HANA,A,PUR-002,PureLife BP Monitor,Medical Device,PureLife,D2C,10,85.71,CHF,0.1,857.1,771.39
TXN-CH-1-000560,2026-08-25 14:42:03,2026-08-25 14:43:03,CH,SAP S/4HANA,A,MED-001,Medora Cardio 10mg,Prescription,Medora,Pharmacy/B2B,12,40.95,CHF,0.0,491.4,491.4
TXN-CH-1-000561,2026-08-25 08:26:09,2026-08-25 08:27:09,CH,SAP S/4HANA,A,MED-002,Medora Derm Cream,Prescription,Medora,Wholesale,11,24.76,CHF,0.05,272.36,258.74
TXN-CH-1-000562,2026-08-25 11:47:02,2026-08-25 11:49:02,CH,SAP S/4HANA,A,VIT-002,Vitalis Multivit,Supplement,Vitalis,Pharmacy/B2B,3,16.19,CHF,0.15,48.57,41.28
TXN-CH-1-000563,2026-08-25 13:59:02,2026-08-25 14:03:02,CH,SAP S/4HANA,A,MED-002,Medora Derm Cream,Prescription,Medora,Pharmacy/B2B,10,24.76,CHF,0.0,247.6,247.6
TXN-CH-1-000564,2026-08-25 04:10:04,2026-08-25 04:11:04,CH,SAP S/4HANA,A,MED-002,Medora Derm Cream,Prescription,Medora,Wholesale,6,24.76,CHF,0.1,148.56,133.7
TXN-CH-1-000565,2026-08-25 22:59:04,2026-08-25 23:00:04,CH,SAP S/4HANA,A,VIT-001,Vitalis C1000,Supplement,Vitalis,D2C,2,20.0,CHF,0.15,40.0,34.0
TXN-CH-1-000566,2026-08-25 16:21:58,2026-08-25 16:25:58,CH,SAP S/4HANA,A,VIT-001,Vitalis C1000,Supplement,Vitalis,E-commerce,4,20.0,CHF,0.0,80.0,80.0
TXN-CH-1-000567,2026-08-25 17:52:49,2026-08-25 17:56:49,CH,SAP S/4HANA,A,SAN-001,SanaPlus PainRelief,OTC,SanaPlus,E-commerce,4,9.05,CHF,0.15,36.2,30.77
TXN-CH-1-000568,2026-08-25 05:54:05,2026-08-25 05:58:05,CH,SAP S/4HANA,A,PUR-001,PureLife GlucoMonitor,Medical Device,PureLife,E-commerce,2,80.95,CHF,0.1,161.9,145.71
TXN-CH-1-000569,2026-08-25 00:52:57,2026-08-25 00:58:57,CH,SAP S/4HANA,A,MED-002,Medora Derm Cream,Prescription,Medora,E-commerce,1,24.76,CHF,0.2,24.76,19.81
TXN-CH-1-000570,2026-08-25 05:07:03,2026-08-25 05:08:03,CH,SAP S/4HANA,A,SAN-002,SanaPlus ColdFlu,OTC,SanaPlus,Wholesale,10,10.0,CHF,0.1,100.0,90.0
TXN-CH-1-000571,2026-08-25 02:37:12,2026-08-25 02:40:12,CH,SAP S/4HANA,A,VIT-001,Vitalis C1000,Supplement,Vitalis,Wholesale,4,20.0,CHF,0.2,80.0,64.0
TXN-CH-1-000572,2026-08-25 07:33:14,2026-08-25 07:38:14,CH,SAP S/4HANA,A,DER-002,Dermacare LiftCream,Aesthetic,Dermacare,D2C,6,35.24,CHF,0.1,211.44,190.3
TXN-CH-1-000573,2026-08-25 20:20:29,2026-08-25 20:22:29,CH,SAP S/4HANA,A,MED-002,Medora Derm Cream,Prescription,Medora,Wholesale,7,24.76,CHF,0.15,173.32,147.32
TXN-CH-1-000574,2026-08-25 13:41:38,2026-08-25 13:42:38,CH,SAP S/4HANA,A,PUR-002,PureLife BP Monitor,Medical Device,PureLife,Pharmacy/B2B,3,85.71,CHF,0.2,257.13,205.7
TXN-CH-1-000575,2026-08-25 18:49:56,2026-08-25 18:52:56,CH,SAP S/4HANA,A,MED-002,Medora Derm Cream,Prescription,Medora,Pharmacy/B2B,8,24.76,CHF,0.0,198.08,198.08
TXN-CH-1-000576,2026-08-25 01:52:27,2026-08-25 01:57:27,CH,SAP S/4HANA,A,PUR-001,PureLife GlucoMonitor,Medical Device,PureLife,D2C,1,80.95,CHF,0.0,80.95,80.95
TXN-CH-1-000577,2026-08-25 10:33:17,2026-08-25 10:36:17,CH,SAP S/4HANA,A,DER-001,Dermacare GlowSerum,Aesthetic,Dermacare,D2C,2,30.48,CHF,0.2,60.96,48.77
TXN-CH-1-000578,2026-08-25 05:44:51,2026-08-25 05:47:51,CH,SAP S/4HANA,A,MED-002,Medora Derm Cream,Prescription,Medora,E-commerce,9,24.76,CHF,0.1,222.84,200.56
TXN-CH-1-000579,2026-08-25 18:12:22,2026-08-25 18:15:22,CH,SAP S/4HANA,A,DER-001,Dermacare GlowSerum,Aesthetic,Dermacare,Pharmacy/B2B,9,30.48,CHF,0.15,274.32,233.17
TXN-CH-1-000580,2026-08-25 04:02:12,2026-08-25 04:07:12,CH,SAP S/4HANA,A,DER-002,Dermacare LiftCream,Aesthetic,Dermacare,D2C,11,35.24,CHF,0.0,387.64,387.64
TXN-CH-1-000581,2026-08-25 01:10:30,2026-08-25 01:13:30,CH,SAP S/4HANA,A,DER-001,Dermacare GlowSerum,Aesthetic,Dermacare,D2C,4,30.48,CHF,0.0,121.92,121.92
TXN-CH-1-000582,2026-08-25 02:09:44,2026-08-25 02:11:44,CH,SAP S/4HANA,A,VIT-002,Vitalis Multivit,Supplement,Vitalis,D2C,11,16.19,CHF,0.0,178.09,178.09
TXN-CH-1-000583,2026-08-25 08:34:42,2026-08-25 08:38:42,CH,SAP S/4HANA,A,MED-002,Medora Derm Cream,Prescription,Medora,Pharmacy/B2B,6,24.76,CHF,0.0,148.56,148.56
TXN-CH-1-000584,2026-08-25 15:09:17,2026-08-25 15:14:17,CH,SAP S/4HANA,A,PUR-002,PureLife BP Monitor,Medical Device,PureLife,Pharmacy/B2B,9,85.71,CHF,0.05,771.39,732.82
TXN-CH-1-000585,2026-08-25 04:42:49,2026-08-25 04:45:49,CH,SAP S/4HANA,A,MED-001,Medora Cardio 10mg,Prescription,Medora,Pharmacy/B2B,1,40.95,CHF,0.05,40.95,38.9
TXN-CH-1-000586,2026-08-25 18:28:52,2026-08-25 18:30:52,CH,SAP S/4HANA,A,SAN-002,SanaPlus ColdFlu,OTC,SanaPlus,Wholesale,8,10.0,CHF,0.0,80.0,80.0
TXN-CH-1-000587,2026-08-25 08:17:32,2026-08-25 08:18:32,CH,SAP S/4HANA,A,MED-001,Medora Cardio 10mg,Prescription,Medora,Pharmacy/B2B,4,40.95,CHF,0.1,163.8,147.42
TXN-CH-1-000588,2026-08-25 22:08:29,2026-08-25 22:12:29,CH,SAP S/4HANA,A,MED-001,Medora Cardio 10mg,Prescription,Medora,Wholesale,1,40.95,CHF,0.05,40.95,38.9
TXN-CH-1-000589,2026-08-25 13:44:04,2026-08-25 13:50:04,CH,SAP S/4HANA,A,VIT-001,Vitalis C1000,Supplement,Vitalis,Wholesale,12,20.0,CHF,0.05,240.0,228.0
TXN-CH-1-000590,2026-08-25 20:00:29,2026-08-25 20:02:29,CH,SAP S/4HANA,A,MED-002,Medora Derm Cream,Prescription,Medora,Wholesale,2,24.76,CHF,0.1,49.52,44.57
TXN-CH-1-000591,2026-08-25 13:23:16,2026-08-25 13:26:16,CH,SAP S/4HANA,A,VIT-002,Vitalis Multivit,Supplement,Vitalis,D2C,7,16.19,CHF,0.0,113.33,113.33
TXN-CH-1-000592,2026-08-25 08:40:17,2026-08-25 08:42:17,CH,SAP S/4HANA,A,MED-002,Medora Derm Cream,Prescription,Medora,Pharmacy/B2B,4,24.76,CHF,0.05,99.04,94.09
TXN-CH-1-000593,2026-08-25 19:31:23,2026-08-25 19:36:23,CH,SAP S/4HANA,A,MED-001,Medora Cardio 10mg,Prescription,Medora,Pharmacy/B2B,12,40.95,CHF,0.0,491.4,491.4
TXN-CH-1-000594,2026-08-25 02:04:15,2026-08-25 02:05:15,CH,SAP S/4HANA,A,MED-001,Medora Cardio 10mg,Prescription,Medora,E-commerce,8,40.95,CHF,0.0,327.6,327.6
TXN-CH-1-000595,2026-08-25 10:17:20,2026-08-25 10:18:20,CH,SAP S/4HANA,A,SAN-002,SanaPlus ColdFlu,OTC,SanaPlus,D2C,10,10.0,CHF,0.15,100.0,85.0
TXN-CH-1-000596,2026-08-25 08:53:33,2026-08-25 08:56:33,CH,SAP S/4HANA,A,VIT-001,Vitalis C1000,Supplement,Vitalis,Wholesale,8,20.0,CHF,0.15,160.0,136.0
TXN-CH-1-000597,2026-08-25 04:27:20,2026-08-25 04:33:20,CH,SAP S/4HANA,A,MED-002,Medora Derm Cream,Prescription,Medora,Pharmacy/B2B,5,24.76,CHF,0.1,123.8,111.42
TXN-CH-1-000598,2026-08-25 07:29:42,2026-08-25 07:33:42,CH,SAP S/4HANA,A,SAN-002,SanaPlus ColdFlu,OTC,SanaPlus,E-commerce,8,10.0,CHF,0.15,80.0,68.0
TXN-CH-1-000599,2026-08-25 11:01:17,2026-08-25 11:04:17,CH,SAP S/4HANA,A,PUR-001,PureLife GlucoMonitor,Medical Device,PureLife,D2C,11,80.95,CHF,0.0,890.45,890.45
TXN-CH-1-000600,2026-08-25 19:10:54,2026-08-25 19:13:54,CH,SAP S/4HANA,A,SAN-002,SanaPlus ColdFlu,OTC,SanaPlus,Pharmacy/B2B,1,10.0,CHF,0.0,10.0,10.0
TXN-CH-1-000601,2026-08-25 14:57:28,2026-08-25 15:03:28,CH,SAP S/4HANA,A,PUR-002,PureLife BP Monitor,Medical Device,PureLife,Wholesale,5,85.71,CHF,0.0,428.55,428.55
TXN-CH-1-000602,2026-08-25 07:24:40,2026-08-25 07:26:40,CH,SAP S/4HANA,A,PUR-001,PureLife GlucoMonitor,Medical Device,PureLife,E-commerce,5,80.95,CHF,0.15,404.75,344.04
TXN-CH-1-000603,2026-08-25 20:07:58,2026-08-25 20:09:58,CH,SAP S/4HANA,A,MED-002,Medora Derm Cream,Prescription,Medora,D2C,12,24.76,CHF,0.2,297.12,237.7
TXN-CH-1-000604,2026-08-25 05:10:07,2026-08-25 05:11:07,CH,SAP S/4HANA,A,VIT-002,Vitalis Multivit,Supplement,Vitalis,Wholesale,11,16.19,CHF,0.2,178.09,142.47
TXN-CH-1-000605,2026-08-25 16:31:15,2026-08-25 16:32:15,CH,SAP S/4HANA,A,MED-001,Medora Cardio 10mg,Prescription,Medora,Wholesale,1,40.95,CHF,0.0,40.95,40.95
TXN-CH-1-000606,2026-08-25 10:07:13,2026-08-25 10:12:13,CH,SAP S/4HANA,A,DER-001,Dermacare GlowSerum,Aesthetic,Dermacare,D2C,2,30.48,CHF,0.0,60.96,60.96
TXN-CH-1-000607,2026-08-25 10:09:41,2026-08-25 10:14:41,CH,SAP S/4HANA,A,DER-001,Dermacare GlowSerum,Aesthetic,Dermacare,Wholesale,1,30.48,CHF,0.2,30.48,24.38
TXN-CH-1-000608,2026-08-25 13:55:46,2026-08-25 13:59:46,CH,SAP S/4HANA,A,DER-002,Dermacare LiftCream,Aesthetic,Dermacare,Pharmacy/B2B,4,35.24,CHF,0.0,140.96,140.96
TXN-CH-1-000609,2026-08-25 13:48:39,2026-08-25 13:50:39,CH,SAP S/4HANA,A,DER-001,Dermacare GlowSerum,Aesthetic,Dermacare,Pharmacy/B2B,11,30.48,CHF,0.0,335.28,335.28
TXN-CH-1-000610,2026-08-25 01:08:23,2026-08-25 01:13:23,CH,SAP S/4HANA,A,SAN-002,SanaPlus ColdFlu,OTC,SanaPlus,Pharmacy/B2B,10,10.0,CHF,0.2,100.0,80.0
TXN-CH-1-000611,2026-08-25 12:14:28,2026-08-25 12:17:28,CH,SAP S/4HANA,A,PUR-002,PureLife BP Monitor,Medical Device,PureLife,E-commerce,1,85.71,CHF,0.0,85.71,85.71
TXN-CH-1-000612,2026-08-25 22:37:45,2026-08-25 22:41:45,CH,SAP S/4HANA,A,DER-001,Dermacare GlowSerum,Aesthetic,Dermacare,Pharmacy/B2B,2,30.48,CHF,0.1,60.96,54.86
TXN-CH-1-000613,2026-08-25 14:07:50,2026-08-25 14:13:50,CH,SAP S/4HANA,A,SAN-001,SanaPlus PainRelief,OTC,SanaPlus,Wholesale,7,9.05,CHF,0.1,63.35,57.02
TXN-CH-1-000614,2026-08-25 20:41:28,2026-08-25 20:46:28,CH,SAP S/4HANA,A,SAN-001,SanaPlus PainRelief,OTC,SanaPlus,E-commerce,7,9.05,CHF,0.05,63.35,60.18
TXN-CH-1-000615,2026-08-25 08:40:24,2026-08-25 08:42:24,CH,SAP S/4HANA,A,MED-001,Medora Cardio 10mg,Prescription,Medora,D2C,11,40.95,CHF,0.0,450.45,450.45
TXN-CH-1-000616,2026-08-25 03:06:51,2026-08-25 03:08:51,CH,SAP S/4HANA,A,PUR-001,PureLife GlucoMonitor,Medical Device,PureLife,D2C,6,80.95,CHF,0.1,485.7,437.13
TXN-CH-1-000617,2026-08-25 14:22:01,2026-08-25 14:23:01,CH,SAP S/4HANA,A,PUR-002,PureLife BP Monitor,Medical Device,PureLife,D2C,6,85.71,CHF,0.0,514.26,514.26
TXN-CH-1-000618,2026-08-25 09:07:15,2026-08-25 09:13:15,CH,SAP S/4HANA,A,PUR-002,PureLife BP Monitor,Medical Device,PureLife,Pharmacy/B2B,2,85.71,CHF,0.0,171.42,171.42
TXN-CH-1-000619,2026-08-25 20:41:46,2026-08-25 20:47:46,CH,SAP S/4HANA,A,SAN-002,SanaPlus ColdFlu,OTC,SanaPlus,D2C,3,10.0,CHF,0.05,30.0,28.5
TXN-CH-1-000620,2026-08-25 16:50:50,2026-08-25 16:51:50,CH,SAP S/4HANA,A,DER-002,Dermacare LiftCream,Aesthetic,Dermacare,Pharmacy/B2B,8,35.24,CHF,0.0,281.92,281.92
TXN-CH-1-000621,2026-08-25 13:03:38,2026-08-25 13:07:38,CH,SAP S/4HANA,A,PUR-001,PureLife GlucoMonitor,Medical Device,PureLife,E-commerce,7,80.95,CHF,0.0,566.65,566.65
TXN-CH-1-000622,2026-08-25 21:06:05,2026-08-25 21:07:05,CH,SAP S/4HANA,A,SAN-001,SanaPlus PainRelief,OTC,SanaPlus,D2C,2,9.05,CHF,0.05,18.1,17.2
TXN-CH-1-000623,2026-08-25 06:32:47,2026-08-25 06:35:47,CH,SAP S/4HANA,A,SAN-001,SanaPlus PainRelief,OTC,SanaPlus,D2C,8,9.05,CHF,0.0,72.4,72.4
TXN-CH-1-000624,2026-08-25 08:16:48,2026-08-25 08:22:48,CH,SAP S/4HANA,A,VIT-001,Vitalis C1000,Supplement,Vitalis,E-commerce,10,20.0,CHF,0.15,200.0,170.0
TXN-CH-1-000625,2026-08-25 01:48:18,2026-08-25 01:50:18,CH,SAP S/4HANA,A,MED-002,Medora Derm Cream,Prescription,Medora,Pharmacy/B2B,3,24.76,CHF,0.15,74.28,63.14
TXN-CH-1-000626,2026-08-25 18:26:56,2026-08-25 18:30:56,CH,SAP S/4HANA,A,PUR-002,PureLife BP Monitor,Medical Device,PureLife,D2C,1,85.71,CHF,0.1,85.71,77.14
TXN-CH-1-000627,2026-08-25 08:17:58,2026-08-25 08:18:58,CH,SAP S/4HANA,A,SAN-001,SanaPlus PainRelief,OTC,SanaPlus,D2C,1,9.05,CHF,0.15,9.05,7.69
TXN-CH-1-000628,2026-08-25 12:51:52,2026-08-25 12:56:52,CH,SAP S/4HANA,A,MED-001,Medora Cardio 10mg,Prescription,Medora,E-commerce,6,40.95,CHF,0.0,245.7,245.7
TXN-CH-1-000629,2026-08-25 02:49:15,2026-08-25 02:54:15,CH,SAP S/4HANA,A,DER-002,Dermacare LiftCream,Aesthetic,Dermacare,Pharmacy/B2B,9,35.24,CHF,0.0,317.16,317.16
TXN-CH-1-000630,2026-08-25 08:37:41,2026-08-25 08:39:41,CH,SAP S/4HANA,A,SAN-002,SanaPlus ColdFlu,OTC,SanaPlus,D2C,11,10.0,CHF,0.05,110.0,104.5
TXN-CH-1-000631,2026-08-25 02:35:57,2026-08-25 02:41:57,CH,SAP S/4HANA,A,DER-001,Dermacare GlowSerum,Aesthetic,Dermacare,D2C,3,30.48,CHF,0.0,91.44,91.44
TXN-CH-1-000632,2026-08-25 11:53:20,2026-08-25 11:58:20,CH,SAP S/4HANA,A,SAN-002,SanaPlus ColdFlu,OTC,SanaPlus,D2C,7,10.0,CHF,0.15,70.0,59.5
TXN-CH-1-000633,2026-08-25 13:38:34,2026-08-25 13:42:34,CH,SAP S/4HANA,A,SAN-001,SanaPlus PainRelief,OTC,SanaPlus,Pharmacy/B2B,3,9.05,CHF,0.0,27.15,27.15
TXN-CH-1-000634,2026-08-25 01:37:27,2026-08-25 01:40:27,CH,SAP S/4HANA,A,VIT-001,Vitalis C1000,Supplement,Vitalis,Pharmacy/B2B,2,20.0,CHF,0.1,40.0,36.0
TXN-CH-1-000635,2026-08-25 07:41:59,2026-08-25 07:44:59,CH,SAP S/4HANA,A,PUR-001,PureLife GlucoMonitor,Medical Device,PureLife,D2C,4,80.95,CHF,0.05,323.8,307.61
TXN-CH-1-000636,2026-08-25 21:12:53,2026-08-25 21:13:53,CH,SAP S/4HANA,A,VIT-001,Vitalis C1000,Supplement,Vitalis,Wholesale,11,20.0,CHF,0.0,220.0,220.0
TXN-CH-1-000637,2026-08-25 02:48:53,2026-08-25 02:50:53,CH,SAP S/4HANA,A,PUR-002,PureLife BP Monitor,Medical Device,PureLife,Wholesale,9,85.71,CHF,0.15,771.39,655.68
TXN-CH-1-000638,2026-08-25 04:24:51,2026-08-25 04:29:51,CH,SAP S/4HANA,A,MED-001,Medora Cardio 10mg,Prescription,Medora,Wholesale,11,40.95,CHF,0.1,450.45,405.4
TXN-CH-1-000639,2026-08-25 18:56:41,2026-08-25 19:00:41,CH,SAP S/4HANA,A,SAN-002,SanaPlus ColdFlu,OTC,SanaPlus,D2C,4,10.0,CHF,0.2,40.0,32.0
TXN-CH-1-000640,2026-08-25 20:56:38,2026-08-25 20:59:38,CH,SAP S/4HANA,A,VIT-002,Vitalis Multivit,Supplement,Vitalis,D2C,4,16.19,CHF,0.2,64.76,51.81
TXN-CH-1-000641,2026-08-25 13:10:43,2026-08-25 13:12:43,CH,SAP S/4HANA,A,DER-002,Dermacare LiftCream,Aesthetic,Dermacare,D2C,12,35.24,CHF,0.0,422.88,422.88
TXN-CH-1-000642,2026-08-25 08:46:34,2026-08-25 08:50:34,CH,SAP S/4HANA,A,DER-001,Dermacare GlowSerum,Aesthetic,Dermacare,D2C,2,30.48,CHF,0.0,60.96,60.96
TXN-CH-1-000643,2026-08-25 20:24:20,2026-08-25 20:29:20,CH,SAP S/4HANA,A,MED-002,Medora Derm Cream,Prescription,Medora,D2C,11,24.76,CHF,0.05,272.36,258.74
TXN-CH-1-000644,2026-08-25 22:02:07,2026-08-25 22:04:07,CH,SAP S/4HANA,A,DER-002,Dermacare LiftCream,Aesthetic,Dermacare,Wholesale,4,35.24,CHF,0.1,140.96,126.86
TXN-CH-1-000645,2026-08-25 04:33:40,2026-08-25 04:38:40,CH,SAP S/4HANA,A,VIT-002,Vitalis Multivit,Supplement,Vitalis,Wholesale,11,16.19,CHF,0.1,178.09,160.28
TXN-CH-1-000646,2026-08-25 05:01:46,2026-08-25 05:06:46,CH,SAP S/4HANA,A,SAN-001,SanaPlus PainRelief,OTC,SanaPlus,D2C,6,9.05,CHF,0.0,54.3,54.3
TXN-CH-1-000647,2026-08-25 04:17:41,2026-08-25 04:18:41,CH,SAP S/4HANA,A,DER-001,Dermacare GlowSerum,Aesthetic,Dermacare,Wholesale,9,30.48,CHF,0.0,274.32,274.32
TXN-CH-1-000648,2026-08-25 20:58:19,2026-08-25 21:02:19,CH,SAP S/4HANA,A,VIT-002,Vitalis Multivit,Supplement,Vitalis,E-commerce,8,16.19,CHF,0.0,129.52,129.52
TXN-CH-1-000649,2026-08-25 06:04:19,2026-08-25 06:05:19,CH,SAP S/4HANA,A,DER-001,Dermacare GlowSerum,Aesthetic,Dermacare,D2C,9,30.48,CHF,0.15,274.32,233.17
TXN-CH-1-000650,2026-08-25 17:06:25,2026-08-25 17:12:25,CH,SAP S/4HANA,A,MED-002,Medora Derm Cream,Prescription,Medora,E-commerce,1,24.76,CHF,0.2,24.76,19.81
TXN-CH-1-000651,2026-08-25 15:42:27,2026-08-25 15:43:27,CH,SAP S/4HANA,A,VIT-001,Vitalis C1000,Supplement,Vitalis,Pharmacy/B2B,3,20.0,CHF,0.1,60.0,54.0
TXN-CH-1-000652,2026-08-25 19:16:17,2026-08-25 19:20:17,CH,SAP S/4HANA,A,DER-001,Dermacare GlowSerum,Aesthetic,Dermacare,D2C,3,30.48,CHF,0.05,91.44,86.87
TXN-CH-1-000653,2026-08-25 20:16:39,2026-08-25 20:18:39,CH,SAP S/4HANA,A,SAN-001,SanaPlus PainRelief,OTC,SanaPlus,Pharmacy/B2B,6,9.05,CHF,0.2,54.3,43.44
TXN-CH-1-000654,2026-08-25 12:15:24,2026-08-25 12:20:24,CH,SAP S/4HANA,A,PUR-002,PureLife BP Monitor,Medical Device,PureLife,Pharmacy/B2B,12,85.71,CHF,0.0,1028.52,1028.52
TXN-CH-1-000655,2026-08-25 02:41:06,2026-08-25 02:47:06,CH,SAP S/4HANA,A,SAN-002,SanaPlus ColdFlu,OTC,SanaPlus,Wholesale,7,10.0,CHF,0.15,70.0,59.5
TXN-CH-1-000656,2026-08-25 16:22:30,2026-08-25 16:28:30,CH,SAP S/4HANA,A,DER-001,Dermacare GlowSerum,Aesthetic,Dermacare,D2C,8,30.48,CHF,0.15,243.84,207.26
TXN-CH-1-000657,2026-08-25 04:54:03,2026-08-25 05:00:03,CH,SAP S/4HANA,A,VIT-001,Vitalis C1000,Supplement,Vitalis,Pharmacy/B2B,3,20.0,CHF,0.0,60.0,60.0
TXN-CH-1-000658,2026-08-25 21:36:38,2026-08-25 21:41:38,CH,SAP S/4HANA,A,SAN-002,SanaPlus ColdFlu,OTC,SanaPlus,Wholesale,7,10.0,CHF,0.0,70.0,70.0
TXN-CH-1-000659,2026-08-25 15:58:06,2026-08-25 16:00:06,CH,SAP S/4HANA,A,PUR-001,PureLife GlucoMonitor,Medical Device,PureLife,D2C,2,80.95,CHF,0.0,161.9,161.9
TXN-CH-1-000660,2026-08-25 10:49:34,2026-08-25 10:53:34,CH,SAP S/4HANA,A,SAN-002,SanaPlus ColdFlu,OTC,SanaPlus,Pharmacy/B2B,10,10.0,CHF,0.1,100.0,90.0
TXN-CH-1-000661,2026-08-25 19:07:18,2026-08-25 19:12:18,CH,SAP S/4HANA,A,PUR-001,PureLife GlucoMonitor,Medical Device,PureLife,Wholesale,5,80.95,CHF,0.0,404.75,404.75
TXN-CH-1-000662,2026-08-25 13:59:00,2026-08-25 14:02:00,CH,SAP S/4HANA,A,VIT-001,Vitalis C1000,Supplement,Vitalis,E-commerce,1,20.0,CHF,0.2,20.0,16.0
TXN-CH-1-000663,2026-08-25 07:40:14,2026-08-25 07:44:14,CH,SAP S/4HANA,A,PUR-001,PureLife GlucoMonitor,Medical Device,PureLife,D2C,10,80.95,CHF,0.1,809.5,728.55
TXN-CH-1-000664,2026-08-25 11:26:44,2026-08-25 11:27:44,CH,SAP S/4HANA,A,SAN-002,SanaPlus ColdFlu,OTC,SanaPlus,D2C,3,10.0,CHF,0.0,30.0,30.0
TXN-CH-1-000665,2026-08-25 10:28:48,2026-08-25 10:31:48,CH,SAP S/4HANA,A,DER-002,Dermacare LiftCream,Aesthetic,Dermacare,Wholesale,4,35.24,CHF,0.0,140.96,140.96
TXN-CH-1-000666,2026-08-25 10:30:11,2026-08-25 10:33:11,CH,SAP S/4HANA,A,PUR-002,PureLife BP Monitor,Medical Device,PureLife,Pharmacy/B2B,4,85.71,CHF,0.15,342.84,291.41
TXN-CH-1-000667,2026-08-25 10:08:40,2026-08-25 10:10:40,CH,SAP S/4HANA,A,MED-002,Medora Derm Cream,Prescription,Medora,E-commerce,9,24.76,CHF,0.2,222.84,178.27
TXN-CH-1-000668,2026-08-25 18:31:16,2026-08-25 18:33:16,CH,SAP S/4HANA,A,MED-001,Medora Cardio 10mg,Prescription,Medora,Pharmacy/B2B,9,40.95,CHF,0.1,368.55,331.69
TXN-CH-1-000669,2026-08-25 07:06:16,2026-08-25 07:07:16,CH,SAP S/4HANA,A,DER-002,Dermacare LiftCream,Aesthetic,Dermacare,Pharmacy/B2B,6,35.24,CHF,0.0,211.44,211.44
TXN-CH-1-000670,2026-08-25 10:15:41,2026-08-25 10:20:41,CH,SAP S/4HANA,A,DER-001,Dermacare GlowSerum,Aesthetic,Dermacare,Wholesale,9,30.48,CHF,0.0,274.32,274.32
TXN-CH-1-000671,2026-08-25 16:31:26,2026-08-25 16:34:26,CH,SAP S/4HANA,A,MED-002,Medora Derm Cream,Prescription,Medora,Pharmacy/B2B,8,24.76,CHF,0.05,198.08,188.18
TXN-CH-1-000672,2026-08-25 17:57:31,2026-08-25 18:00:31,CH,SAP S/4HANA,A,MED-002,Medora Derm Cream,Prescription,Medora,E-commerce,5,24.76,CHF,0.15,123.8,105.23
TXN-CH-1-000673,2026-08-25 04:14:24,2026-08-25 04:17:24,CH,SAP S/4HANA,A,MED-002,Medora Derm Cream,Prescription,Medora,E-commerce,12,24.76,CHF,0.0,297.12,297.12
TXN-CH-1-000674,2026-08-25 11:54:35,2026-08-25 11:56:35,CH,SAP S/4HANA,A,PUR-001,PureLife GlucoMonitor,Medical Device,PureLife,D2C,5,80.95,CHF,0.05,404.75,384.51
TXN-CH-1-000675,2026-08-25 22:57:37,2026-08-25 23:03:37,CH,SAP S/4HANA,A,PUR-001,PureLife GlucoMonitor,Medical Device,PureLife,Pharmacy/B2B,12,80.95,CHF,0.15,971.4,825.69
TXN-CH-1-000676,2026-08-25 11:27:42,2026-08-25 11:28:42,CH,SAP S/4HANA,A,DER-001,Dermacare GlowSerum,Aesthetic,Dermacare,Pharmacy/B2B,12,30.48,CHF,0.2,365.76,292.61
TXN-CH-1-000677,2026-08-25 18:58:47,2026-08-25 19:01:47,CH,SAP S/4HANA,A,VIT-002,Vitalis Multivit,Supplement,Vitalis,Pharmacy/B2B,11,16.19,CHF,0.15,178.09,151.38
TXN-CH-1-000678,2026-08-25 00:17:24,2026-08-25 00:19:24,CH,SAP S/4HANA,A,VIT-001,Vitalis C1000,Supplement,Vitalis,Wholesale,4,20.0,CHF,0.15,80.0,68.0
TXN-CH-1-000679,2026-08-25 07:07:27,2026-08-25 07:10:27,CH,SAP S/4HANA,A,DER-002,Dermacare LiftCream,Aesthetic,Dermacare,E-commerce,8,35.24,CHF,0.2,281.92,225.54
TXN-CH-1-000680,2026-08-25 06:48:44,2026-08-25 06:54:44,CH,SAP S/4HANA,A,DER-002,Dermacare LiftCream,Aesthetic,Dermacare,D2C,3,35.24,CHF,0.0,105.72,105.72
TXN-CH-1-000681,2026-08-25 23:06:40,2026-08-25 23:07:40,CH,SAP S/4HANA,A,PUR-001,PureLife GlucoMonitor,Medical Device,PureLife,E-commerce,1,80.95,CHF,0.05,80.95,76.9
TXN-CH-1-000682,2026-08-25 02:26:56,2026-08-25 02:30:56,CH,SAP S/4HANA,A,PUR-001,PureLife GlucoMonitor,Medical Device,PureLife,E-commerce,12,80.95,CHF,0.0,971.4,971.4
TXN-CH-1-000683,2026-08-25 01:24:47,2026-08-25 01:28:47,CH,SAP S/4HANA,A,SAN-001,SanaPlus PainRelief,OTC,SanaPlus,Wholesale,11,9.05,CHF,0.1,99.55,89.59
TXN-CH-1-000684,2026-08-25 08:32:44,2026-08-25 08:38:44,CH,SAP S/4HANA,A,SAN-002,SanaPlus ColdFlu,OTC,SanaPlus,Wholesale,9,10.0,CHF,0.15,90.0,76.5
TXN-CH-1-000685,2026-08-25 06:33:21,2026-08-25 06:36:21,CH,SAP S/4HANA,A,VIT-002,Vitalis Multivit,Supplement,Vitalis,D2C,11,16.19,CHF,0.05,178.09,169.19
TXN-CH-1-000686,2026-08-25 17:50:54,2026-08-25 17:56:54,CH,SAP S/4HANA,A,DER-001,Dermacare GlowSerum,Aesthetic,Dermacare,D2C,9,30.48,CHF,0.05,274.32,260.6
TXN-CH-1-000687,2026-08-25 10:45:20,2026-08-25 10:46:20,CH,SAP S/4HANA,A,VIT-002,Vitalis Multivit,Supplement,Vitalis,Pharmacy/B2B,5,16.19,CHF,0.05,80.95,76.9
TXN-CH-1-000688,2026-08-25 16:16:51,2026-08-25 16:19:51,CH,SAP S/4HANA,A,VIT-002,Vitalis Multivit,Supplement,Vitalis,Wholesale,2,16.19,CHF,0.0,32.38,32.38
TXN-CH-1-000689,2026-08-25 16:55:13,2026-08-25 16:58:13,CH,SAP S/4HANA,A,MED-002,Medora Derm Cream,Prescription,Medora,D2C,12,24.76,CHF,0.05,297.12,282.26
TXN-CH-1-000690,2026-08-25 04:39:44,2026-08-25 04:43:44,CH,SAP S/4HANA,A,DER-002,Dermacare LiftCream,Aesthetic,Dermacare,Wholesale,11,35.24,CHF,0.0,387.64,387.64
TXN-CH-1-000691,2026-08-25 01:03:16,2026-08-25 01:06:16,CH,SAP S/4HANA,A,SAN-001,SanaPlus PainRelief,OTC,SanaPlus,E-commerce,7,9.05,CHF,0.0,63.35,63.35
TXN-CH-1-000692,2026-08-25 20:28:16,2026-08-25 20:31:16,CH,SAP S/4HANA,A,SAN-001,SanaPlus PainRelief,OTC,SanaPlus,D2C,7,9.05,CHF,0.05,63.35,60.18
TXN-CH-1-000693,2026-08-25 16:05:27,2026-08-25 16:09:27,CH,SAP S/4HANA,A,DER-001,Dermacare GlowSerum,Aesthetic,Dermacare,D2C,1,30.48,CHF,0.0,30.48,30.48
TXN-CH-1-000694,2026-08-25 17:40:36,2026-08-25 17:46:36,CH,SAP S/4HANA,A,VIT-002,Vitalis Multivit,Supplement,Vitalis,D2C,11,16.19,CHF,0.2,178.09,142.47
TXN-CH-1-000695,2026-08-25 01:39:40,2026-08-25 01:42:40,CH,SAP S/4HANA,A,DER-002,Dermacare LiftCream,Aesthetic,Dermacare,Wholesale,4,35.24,CHF,0.1,140.96,126.86
TXN-CH-1-000696,2026-08-25 06:03:48,2026-08-25 06:08:48,CH,SAP S/4HANA,A,VIT-002,Vitalis Multivit,Supplement,Vitalis,Pharmacy/B2B,10,16.19,CHF,0.1,161.9,145.71
TXN-CH-1-000697,2026-08-25 12:00:12,2026-08-25 12:02:12,CH,SAP S/4HANA,A,PUR-002,PureLife BP Monitor,Medical Device,PureLife,Pharmacy/B2B,12,85.71,CHF,0.0,1028.52,1028.52
TXN-CH-1-000698,2026-08-25 13:48:20,2026-08-25 13:49:20,CH,SAP S/4HANA,A,SAN-002,SanaPlus ColdFlu,OTC,SanaPlus,D2C,9,10.0,CHF,0.0,90.0,90.0
TXN-CH-1-000699,2026-08-25 23:50:43,2026-08-25 23:51:43,CH,SAP S/4HANA,A,PUR-001,PureLife GlucoMonitor,Medical Device,PureLife,E-commerce,6,80.95,CHF,0.1,485.7,437.13
TXN-CH-1-000700,2026-08-25 07:13:29,2026-08-25 07:15:29,CH,SAP S/4HANA,A,PUR-001,PureLife GlucoMonitor,Medical Device,PureLife,Wholesale,12,80.95,CHF,0.0,971.4,971.4
TXN-CH-1-000701,2026-08-25 10:33:55,2026-08-25 10:35:55,CH,SAP S/4HANA,A,SAN-002,SanaPlus ColdFlu,OTC,SanaPlus,D2C,7,10.0,CHF,0.0,70.0,70.0
TXN-CH-1-000702,2026-08-25 20:07:56,2026-08-25 20:13:56,CH,SAP S/4HANA,A,VIT-002,Vitalis Multivit,Supplement,Vitalis,Pharmacy/B2B,1,16.19,CHF,0.2,16.19,12.95
TXN-CH-1-000703,2026-08-25 00:43:45,2026-08-25 00:48:45,CH,SAP S/4HANA,A,MED-002,Medora Derm Cream,Prescription,Medora,Wholesale,8,24.76,CHF,0.0,198.08,198.08
TXN-CH-1-000704,2026-08-25 05:42:51,2026-08-25 05:45:51,CH,SAP S/4HANA,A,SAN-001,SanaPlus PainRelief,OTC,SanaPlus,Pharmacy/B2B,4,9.05,CHF,0.15,36.2,30.77
TXN-CH-1-000705,2026-08-25 09:00:15,2026-08-25 09:01:15,CH,SAP S/4HANA,A,SAN-001,SanaPlus PainRelief,OTC,SanaPlus,Pharmacy/B2B,7,9.05,CHF,0.15,63.35,53.85
TXN-CH-1-000706,2026-08-25 14:35:27,2026-08-25 14:37:27,CH,SAP S/4HANA,A,SAN-001,SanaPlus PainRelief,OTC,SanaPlus,Pharmacy/B2B,2,9.05,CHF,0.0,18.1,18.1
TXN-CH-1-000707,2026-08-25 18:22:07,2026-08-25 18:28:07,CH,SAP S/4HANA,A,DER-001,Dermacare GlowSerum,Aesthetic,Dermacare,Pharmacy/B2B,1,30.48,CHF,0.15,30.48,25.91
TXN-CH-1-000708,2026-08-25 19:43:21,2026-08-25 19:48:21,CH,SAP S/4HANA,A,VIT-001,Vitalis C1000,Supplement,Vitalis,Pharmacy/B2B,12,20.0,CHF,0.1,240.0,216.0
TXN-CH-1-000709,2026-08-25 14:14:25,2026-08-25 14:16:25,CH,SAP S/4HANA,A,PUR-002,PureLife BP Monitor,Medical Device,PureLife,D2C,6,85.71,CHF,0.05,514.26,488.55
TXN-CH-1-000710,2026-08-25 18:39:15,2026-08-25 18:45:15,CH,SAP S/4HANA,A,MED-001,Medora Cardio 10mg,Prescription,Medora,D2C,5,40.95,CHF,0.05,204.75,194.51
TXN-CH-1-000711,2026-08-25 07:22:43,2026-08-25 07:23:43,CH,SAP S/4HANA,A,SAN-001,SanaPlus PainRelief,OTC,SanaPlus,Wholesale,7,9.05,CHF,0.0,63.35,63.35
TXN-CH-1-000712,2026-08-25 15:38:19,2026-08-25 15:39:19,CH,SAP S/4HANA,A,VIT-002,Vitalis Multivit,Supplement,Vitalis,Wholesale,9,16.19,CHF,0.0,145.71,145.71
TXN-CH-1-000713,2026-08-25 17:35:53,2026-08-25 17:38:53,CH,SAP S/4HANA,A,PUR-001,PureLife GlucoMonitor,Medical Device,PureLife,E-commerce,7,80.95,CHF,0.0,566.65,566.65
TXN-CH-1-000714,2026-08-25 18:05:47,2026-08-25 18:11:47,CH,SAP S/4HANA,A,DER-001,Dermacare GlowSerum,Aesthetic,Dermacare,D2C,9,30.48,CHF,0.15,274.32,233.17
TXN-CH-1-000715,2026-08-25 03:56:35,2026-08-25 04:00:35,CH,SAP S/4HANA,A,VIT-002,Vitalis Multivit,Supplement,Vitalis,Pharmacy/B2B,7,16.19,CHF,0.2,113.33,90.66
TXN-CH-1-000716,2026-08-25 08:27:03,2026-08-25 08:31:03,CH,SAP S/4HANA,A,SAN-002,SanaPlus ColdFlu,OTC,SanaPlus,Wholesale,10,10.0,CHF,0.0,100.0,100.0
TXN-CH-1-000717,2026-08-25 23:24:15,2026-08-25 23:27:15,CH,SAP S/4HANA,A,SAN-002,SanaPlus ColdFlu,OTC,SanaPlus,E-commerce,11,10.0,CHF,0.0,110.0,110.0
TXN-CH-1-000718,2026-08-25 03:28:22,2026-08-25 03:33:22,CH,SAP S/4HANA,A,VIT-001,Vitalis C1000,Supplement,Vitalis,E-commerce,8,20.0,CHF,0.1,160.0,144.0
TXN-CH-1-000719,2026-08-25 09:06:03,2026-08-25 09:07:03,CH,SAP S/4HANA,A,VIT-001,Vitalis C1000,Supplement,Vitalis,Wholesale,10,20.0,CHF,0.2,200.0,160.0
TXN-CH-1-000720,2026-08-25 17:14:24,2026-08-25 17:19:24,CH,SAP S/4HANA,A,PUR-002,PureLife BP Monitor,Medical Device,PureLife,E-commerce,1,85.71,CHF,0.2,85.71,68.57
TXN-CH-1-000721,2026-08-25 17:57:53,2026-08-25 18:00:53,CH,SAP S/4HANA,A,DER-001,Dermacare GlowSerum,Aesthetic,Dermacare,D2C,12,30.48,CHF,0.0,365.76,365.76
TXN-CH-1-000722,2026-08-25 05:29:01,2026-08-25 05:30:01,CH,SAP S/4HANA,A,SAN-002,SanaPlus ColdFlu,OTC,SanaPlus,Wholesale,1,10.0,CHF,0.0,10.0,10.0
TXN-CH-1-000723,2026-08-25 07:37:03,2026-08-25 07:42:03,CH,SAP S/4HANA,A,DER-002,Dermacare LiftCream,Aesthetic,Dermacare,Wholesale,6,35.24,CHF,0.15,211.44,179.72
TXN-CH-1-000724,2026-08-25 08:34:58,2026-08-25 08:37:58,CH,SAP S/4HANA,A,DER-002,Dermacare LiftCream,Aesthetic,Dermacare,Wholesale,9,35.24,CHF,0.1,317.16,285.44
TXN-CH-1-000725,2026-08-25 02:57:53,2026-08-25 02:58:53,CH,SAP S/4HANA,A,DER-001,Dermacare GlowSerum,Aesthetic,Dermacare,Pharmacy/B2B,7,30.48,CHF,0.0,213.36,213.36
TXN-CH-1-000726,2026-08-25 00:29:45,2026-08-25 00:31:45,CH,SAP S/4HANA,A,PUR-001,PureLife GlucoMonitor,Medical Device,PureLife,Pharmacy/B2B,3,80.95,CHF,0.0,242.85,242.85
TXN-CH-1-000727,2026-08-25 15:55:57,2026-08-25 15:56:57,CH,SAP S/4HANA,A,MED-001,Medora Cardio 10mg,Prescription,Medora,Wholesale,8,40.95,CHF,0.0,327.6,327.6
TXN-CH-1-000728,2026-08-25 22:47:52,2026-08-25 22:52:52,CH,SAP S/4HANA,A,DER-002,Dermacare LiftCream,Aesthetic,Dermacare,E-commerce,12,35.24,CHF,0.2,422.88,338.3
TXN-CH-1-000729,2026-08-25 19:55:07,2026-08-25 19:59:07,CH,SAP S/4HANA,A,DER-001,Dermacare GlowSerum,Aesthetic,Dermacare,Pharmacy/B2B,5,30.48,CHF,0.0,152.4,152.4
TXN-CH-1-000730,2026-08-25 15:51:19,2026-08-25 15:54:19,CH,SAP S/4HANA,A,SAN-001,SanaPlus PainRelief,OTC,SanaPlus,D2C,10,9.05,CHF,0.0,90.5,90.5
TXN-CH-1-000731,2026-08-25 20:31:39,2026-08-25 20:37:39,CH,SAP S/4HANA,A,VIT-001,Vitalis C1000,Supplement,Vitalis,E-commerce,5,20.0,CHF,0.1,100.0,90.0
TXN-CH-1-000732,2026-08-25 07:26:39,2026-08-25 07:31:39,CH,SAP S/4HANA,A,SAN-002,SanaPlus ColdFlu,OTC,SanaPlus,D2C,8,10.0,CHF,0.05,80.0,76.0
TXN-CH-1-000733,2026-08-25 07:40:06,2026-08-25 07:43:06,CH,SAP S/4HANA,A,VIT-001,Vitalis C1000,Supplement,Vitalis,E-commerce,9,20.0,CHF,0.15,180.0,153.0
TXN-CH-1-000734,2026-08-25 17:15:11,2026-08-25 17:16:11,CH,SAP S/4HANA,A,SAN-002,SanaPlus ColdFlu,OTC,SanaPlus,Wholesale,3,10.0,CHF,0.0,30.0,30.0
TXN-CH-1-000735,2026-08-25 17:07:48,2026-08-25 17:08:48,CH,SAP S/4HANA,A,MED-001,Medora Cardio 10mg,Prescription,Medora,D2C,12,40.95,CHF,0.0,491.4,491.4
TXN-CH-1-000736,2026-08-25 07:15:18,2026-08-25 07:21:18,CH,SAP S/4HANA,A,MED-002,Medora Derm Cream,Prescription,Medora,Wholesale,6,24.76,CHF,0.0,148.56,148.56
TXN-CH-1-000737,2026-08-25 02:13:29,2026-08-25 02:18:29,CH,SAP S/4HANA,A,DER-002,Dermacare LiftCream,Aesthetic,Dermacare,E-commerce,2,35.24,CHF,0.0,70.48,70.48
TXN-CH-1-000738,2026-08-25 23:10:06,2026-08-25 23:15:06,CH,SAP S/4HANA,A,VIT-002,Vitalis Multivit,Supplement,Vitalis,D2C,11,16.19,CHF,0.0,178.09,178.09
TXN-CH-1-000739,2026-08-25 07:00:49,2026-08-25 07:03:49,CH,SAP S/4HANA,A,SAN-001,SanaPlus PainRelief,OTC,SanaPlus,Wholesale,10,9.05,CHF,0.15,90.5,76.92
TXN-CH-1-000740,2026-08-25 11:07:55,2026-08-25 11:10:55,CH,SAP S/4HANA,A,PUR-002,PureLife BP Monitor,Medical Device,PureLife,Wholesale,5,85.71,CHF,0.1,428.55,385.69
TXN-CH-1-000741,2026-08-25 19:41:52,2026-08-25 19:47:52,CH,SAP S/4HANA,A,VIT-002,Vitalis Multivit,Supplement,Vitalis,Pharmacy/B2B,10,16.19,CHF,0.0,161.9,161.9
TXN-CH-1-000742,2026-08-25 03:44:57,2026-08-25 03:50:57,CH,SAP S/4HANA,A,VIT-002,Vitalis Multivit,Supplement,Vitalis,D2C,3,16.19,CHF,0.0,48.57,48.57
TXN-CH-1-000743,2026-08-25 20:31:20,2026-08-25 20:32:20,CH,SAP S/4HANA,A,VIT-001,Vitalis C1000,Supplement,Vitalis,Wholesale,6,20.0,CHF,0.1,120.0,108.0
TXN-CH-1-000744,2026-08-25 21:33:36,2026-08-25 21:38:36,CH,SAP S/4HANA,A,SAN-001,SanaPlus PainRelief,OTC,SanaPlus,Wholesale,4,9.05,CHF,0.0,36.2,36.2
TXN-CH-1-000745,2026-08-25 00:05:50,2026-08-25 00:07:50,CH,SAP S/4HANA,A,VIT-002,Vitalis Multivit,Supplement,Vitalis,Pharmacy/B2B,10,16.19,CHF,0.0,161.9,161.9
TXN-CH-1-000746,2026-08-25 05:13:06,2026-08-25 05:15:06,CH,SAP S/4HANA,A,DER-002,Dermacare LiftCream,Aesthetic,Dermacare,Pharmacy/B2B,6,35.24,CHF,0.0,211.44,211.44
TXN-CH-1-000747,2026-08-25 01:54:00,2026-08-25 01:56:00,CH,SAP S/4HANA,A,PUR-001,PureLife GlucoMonitor,Medical Device,PureLife,Wholesale,7,80.95,CHF,0.15,566.65,481.65
TXN-CH-1-000748,2026-08-25 17:10:25,2026-08-25 17:13:25,CH,SAP S/4HANA,A,SAN-001,SanaPlus PainRelief,OTC,SanaPlus,Pharmacy/B2B,4,9.05,CHF,0.1,36.2,32.58
TXN-CH-1-000749,2026-08-25 14:19:03,2026-08-25 14:23:03,CH,SAP S/4HANA,A,DER-001,Dermacare GlowSerum,Aesthetic,Dermacare,Wholesale,6,30.48,CHF,0.0,182.88,182.88
TXN-CH-1-000750,2026-08-25 19:00:17,2026-08-25 19:03:17,CH,SAP S/4HANA,A,PUR-001,PureLife GlucoMonitor,Medical Device,PureLife,Pharmacy/B2B,10,80.95,CHF,0.2,809.5,647.6
TXN-CH-1-000751,2026-08-25 07:47:16,2026-08-25 07:49:16,CH,SAP S/4HANA,A,SAN-001,SanaPlus PainRelief,OTC,SanaPlus,E-commerce,7,9.05,CHF,0.1,63.35,57.02
TXN-CH-1-000752,2026-08-25 16:04:47,2026-08-25 16:08:47,CH,SAP S/4HANA,A,SAN-001,SanaPlus PainRelief,OTC,SanaPlus,Pharmacy/B2B,9,9.05,CHF,0.05,81.45,77.38
TXN-CH-1-000753,2026-08-25 23:44:31,2026-08-25 23:47:31,CH,SAP S/4HANA,A,VIT-001,Vitalis C1000,Supplement,Vitalis,Pharmacy/B2B,6,20.0,CHF,0.2,120.0,96.0
TXN-CH-1-000754,2026-08-25 16:58:09,2026-08-25 17:04:09,CH,SAP S/4HANA,A,SAN-002,SanaPlus ColdFlu,OTC,SanaPlus,Wholesale,4,10.0,CHF,0.1,40.0,36.0
TXN-CH-1-000755,2026-08-25 20:22:53,2026-08-25 20:24:53,CH,SAP S/4HANA,A,DER-001,Dermacare GlowSerum,Aesthetic,Dermacare,D2C,3,30.48,CHF,0.15,91.44,77.72
TXN-CH-1-000756,2026-08-25 00:23:18,2026-08-25 00:25:18,CH,SAP S/4HANA,A,DER-002,Dermacare LiftCream,Aesthetic,Dermacare,D2C,9,35.24,CHF,0.0,317.16,317.16
TXN-CH-1-000757,2026-08-25 00:12:15,2026-08-25 00:17:15,CH,SAP S/4HANA,A,SAN-001,SanaPlus PainRelief,OTC,SanaPlus,D2C,2,9.05,CHF,0.0,18.1,18.1
TXN-CH-1-000758,2026-08-25 09:14:20,2026-08-25 09:19:20,CH,SAP S/4HANA,A,MED-001,Medora Cardio 10mg,Prescription,Medora,D2C,1,40.95,CHF,0.15,40.95,34.81
TXN-CH-1-000759,2026-08-25 10:00:38,2026-08-25 10:06:38,CH,SAP S/4HANA,A,DER-002,Dermacare LiftCream,Aesthetic,Dermacare,Wholesale,1,35.24,CHF,0.15,35.24,29.95
TXN-CH-1-000760,2026-08-25 09:12:46,2026-08-25 09:15:46,CH,SAP S/4HANA,A,MED-001,Medora Cardio 10mg,Prescription,Medora,Pharmacy/B2B,12,40.95,CHF,0.05,491.4,466.83
TXN-CH-1-000761,2026-08-25 22:07:12,2026-08-25 22:13:12,CH,SAP S/4HANA,A,DER-002,Dermacare LiftCream,Aesthetic,Dermacare,Wholesale,3,35.24,CHF,0.05,105.72,100.43
TXN-CH-1-000762,2026-08-25 23:34:35,2026-08-25 23:39:35,CH,SAP S/4HANA,A,MED-002,Medora Derm Cream,Prescription,Medora,Pharmacy/B2B,6,24.76,CHF,0.0,148.56,148.56
TXN-CH-1-000763,2026-08-25 22:18:56,2026-08-25 22:24:56,CH,SAP S/4HANA,A,VIT-001,Vitalis C1000,Supplement,Vitalis,E-commerce,3,20.0,CHF,0.0,60.0,60.0
TXN-CH-1-000764,2026-08-25 15:16:34,2026-08-25 15:17:34,CH,SAP S/4HANA,A,MED-001,Medora Cardio 10mg,Prescription,Medora,Wholesale,11,40.95,CHF,0.15,450.45,382.88
TXN-CH-1-000765,2026-08-25 02:16:09,2026-08-25 02:19:09,CH,SAP S/4HANA,A,MED-002,Medora Derm Cream,Prescription,Medora,D2C,4,24.76,CHF,0.15,99.04,84.18
TXN-CH-1-000766,2026-08-25 22:21:18,2026-08-25 22:27:18,CH,SAP S/4HANA,A,MED-001,Medora Cardio 10mg,Prescription,Medora,D2C,11,40.95,CHF,0.2,450.45,360.36
TXN-CH-1-000767,2026-08-25 11:31:21,2026-08-25 11:37:21,CH,SAP S/4HANA,A,VIT-001,Vitalis C1000,Supplement,Vitalis,D2C,9,20.0,CHF,0.0,180.0,180.0
TXN-CH-1-000768,2026-08-25 14:40:44,2026-08-25 14:44:44,CH,SAP S/4HANA,A,MED-001,Medora Cardio 10mg,Prescription,Medora,Pharmacy/B2B,4,40.95,CHF,0.2,163.8,131.04
TXN-CH-1-000769,2026-08-25 18:15:35,2026-08-25 18:17:35,CH,SAP S/4HANA,A,SAN-001,SanaPlus PainRelief,OTC,SanaPlus,Pharmacy/B2B,3,9.05,CHF,0.05,27.15,25.79
TXN-CH-1-000770,2026-08-25 01:37:13,2026-08-25 01:40:13,CH,SAP S/4HANA,A,PUR-002,PureLife BP Monitor,Medical Device,PureLife,E-commerce,12,85.71,CHF,0.1,1028.52,925.67
TXN-CH-1-000771,2026-08-25 14:54:01,2026-08-25 14:56:01,CH,SAP S/4HANA,A,MED-001,Medora Cardio 10mg,Prescription,Medora,D2C,5,40.95,CHF,0.1,204.75,184.28
TXN-CH-1-000772,2026-08-25 12:46:04,2026-08-25 12:47:04,CH,SAP S/4HANA,A,SAN-002,SanaPlus ColdFlu,OTC,SanaPlus,Wholesale,10,10.0,CHF,0.2,100.0,80.0
TXN-CH-1-000773,2026-08-25 03:08:04,2026-08-25 03:13:04,CH,SAP S/4HANA,A,DER-002,Dermacare LiftCream,Aesthetic,Dermacare,Pharmacy/B2B,2,35.24,CHF,0.0,70.48,70.48
TXN-CH-1-000774,2026-08-25 06:38:40,2026-08-25 06:44:40,CH,SAP S/4HANA,A,MED-002,Medora Derm Cream,Prescription,Medora,E-commerce,6,24.76,CHF,0.1,148.56,133.7
TXN-CH-1-000775,2026-08-25 22:48:52,2026-08-25 22:49:52,CH,SAP S/4HANA,A,VIT-001,Vitalis C1000,Supplement,Vitalis,Pharmacy/B2B,4,20.0,CHF,0.15,80.0,68.0
TXN-CH-1-000776,2026-08-25 13:38:10,2026-08-25 13:42:10,CH,SAP S/4HANA,A,MED-002,Medora Derm Cream,Prescription,Medora,E-commerce,5,24.76,CHF,0.2,123.8,99.04
TXN-CH-1-000777,2026-08-25 23:23:09,2026-08-25 23:25:09,CH,SAP S/4HANA,A,VIT-001,Vitalis C1000,Supplement,Vitalis,D2C,1,20.0,CHF,0.05,20.0,19.0
TXN-CH-1-000778,2026-08-25 10:27:07,2026-08-25 10:29:07,CH,SAP S/4HANA,A,SAN-001,SanaPlus PainRelief,OTC,SanaPlus,E-commerce,10,9.05,CHF,0.0,90.5,90.5
TXN-CH-1-000779,2026-08-25 15:04:21,2026-08-25 15:06:21,CH,SAP S/4HANA,A,VIT-002,Vitalis Multivit,Supplement,Vitalis,D2C,4,16.19,CHF,0.0,64.76,64.76
TXN-CH-1-000780,2026-08-25 10:44:17,2026-08-25 10:47:17,CH,SAP S/4HANA,A,DER-002,Dermacare LiftCream,Aesthetic,Dermacare,D2C,2,35.24,CHF,0.05,70.48,66.96
TXN-CH-1-000781,2026-08-25 12:55:50,2026-08-25 13:00:50,CH,SAP S/4HANA,A,SAN-002,SanaPlus ColdFlu,OTC,SanaPlus,D2C,11,10.0,CHF,0.1,110.0,99.0
TXN-CH-1-000782,2026-08-25 16:22:19,2026-08-25 16:28:19,CH,SAP S/4HANA,A,VIT-001,Vitalis C1000,Supplement,Vitalis,Pharmacy/B2B,10,20.0,CHF,0.05,200.0,190.0
TXN-CH-1-000783,2026-08-25 05:40:08,2026-08-25 05:45:08,CH,SAP S/4HANA,A,PUR-002,PureLife BP Monitor,Medical Device,PureLife,E-commerce,12,85.71,CHF,0.05,1028.52,977.09
TXN-CH-1-000784,2026-08-25 12:37:51,2026-08-25 12:43:51,CH,SAP S/4HANA,A,SAN-001,SanaPlus PainRelief,OTC,SanaPlus,E-commerce,6,9.05,CHF,0.15,54.3,46.15
TXN-CH-1-000785,2026-08-25 18:20:29,2026-08-25 18:25:29,CH,SAP S/4HANA,A,SAN-001,SanaPlus PainRelief,OTC,SanaPlus,Pharmacy/B2B,9,9.05,CHF,0.2,81.45,65.16
TXN-CH-1-000786,2026-08-25 07:40:19,2026-08-25 07:43:19,CH,SAP S/4HANA,A,VIT-002,Vitalis Multivit,Supplement,Vitalis,Wholesale,5,16.19,CHF,0.0,80.95,80.95
TXN-CH-1-000787,2026-08-25 04:11:52,2026-08-25 04:16:52,CH,SAP S/4HANA,A,VIT-001,Vitalis C1000,Supplement,Vitalis,Wholesale,3,20.0,CHF,0.05,60.0,57.0
TXN-CH-1-000788,2026-08-25 21:21:55,2026-08-25 21:24:55,CH,SAP S/4HANA,A,SAN-002,SanaPlus ColdFlu,OTC,SanaPlus,Wholesale,11,10.0,CHF,0.1,110.0,99.0
TXN-CH-1-000789,2026-08-25 01:13:56,2026-08-25 01:16:56,CH,SAP S/4HANA,A,MED-002,Medora Derm Cream,Prescription,Medora,D2C,1,24.76,CHF,0.0,24.76,24.76
TXN-CH-1-000790,2026-08-25 15:20:34,2026-08-25 15:24:34,CH,SAP S/4HANA,A,SAN-002,SanaPlus ColdFlu,OTC,SanaPlus,D2C,11,10.0,CHF,0.0,110.0,110.0
TXN-CH-1-000791,2026-08-25 06:48:45,2026-08-25 06:51:45,CH,SAP S/4HANA,A,SAN-001,SanaPlus PainRelief,OTC,SanaPlus,E-commerce,8,9.05,CHF,0.1,72.4,65.16
TXN-CH-1-000792,2026-08-25 06:46:40,2026-08-25 06:47:40,CH,SAP S/4HANA,A,DER-002,Dermacare LiftCream,Aesthetic,Dermacare,Wholesale,10,35.24,CHF,0.1,352.4,317.16
TXN-CH-1-000793,2026-08-25 15:50:12,2026-08-25 15:56:12,CH,SAP S/4HANA,A,DER-001,Dermacare GlowSerum,Aesthetic,Dermacare,Wholesale,4,30.48,CHF,0.0,121.92,121.92
TXN-CH-1-000794,2026-08-25 13:35:18,2026-08-25 13:40:18,CH,SAP S/4HANA,A,SAN-002,SanaPlus ColdFlu,OTC,SanaPlus,Wholesale,11,10.0,CHF,0.05,110.0,104.5
TXN-CH-1-000795,2026-08-25 10:55:44,2026-08-25 10:56:44,CH,SAP S/4HANA,A,VIT-002,Vitalis Multivit,Supplement,Vitalis,Pharmacy/B2B,7,16.19,CHF,0.05,113.33,107.66
TXN-CH-1-000796,2026-08-25 09:48:25,2026-08-25 09:53:25,CH,SAP S/4HANA,A,DER-001,Dermacare GlowSerum,Aesthetic,Dermacare,Pharmacy/B2B,3,30.48,CHF,0.1,91.44,82.3
TXN-CH-1-000797,2026-08-25 06:03:28,2026-08-25 06:06:28,CH,SAP S/4HANA,A,PUR-002,PureLife BP Monitor,Medical Device,PureLife,E-commerce,10,85.71,CHF,0.2,857.1,685.68
TXN-CH-1-000798,2026-08-25 05:04:50,2026-08-25 05:06:50,CH,SAP S/4HANA,A,SAN-002,SanaPlus ColdFlu,OTC,SanaPlus,Pharmacy/B2B,2,10.0,CHF,0.0,20.0,20.0
TXN-CH-1-000799,2026-08-25 05:09:01,2026-08-25 05:12:01,CH,SAP S/4HANA,A,DER-002,Dermacare LiftCream,Aesthetic,Dermacare,Wholesale,3,35.24,CHF,0.05,105.72,100.43
TXN-CH-1-000800,2026-08-25 00:01:50,2026-08-25 00:07:50,CH,SAP S/4HANA,A,VIT-001,Vitalis C1000,Supplement,Vitalis,E-commerce,3,20.0,CHF,0.0,60.0,60.0
TXN-CH-1-000801,2026-08-25 11:11:48,2026-08-25 11:12:48,CH,SAP S/4HANA,A,VIT-001,Vitalis C1000,Supplement,Vitalis,E-commerce,4,20.0,CHF,0.05,80.0,76.0
TXN-CH-1-000802,2026-08-25 03:16:58,2026-08-25 03:22:58,CH,SAP S/4HANA,A,VIT-002,Vitalis Multivit,Supplement,Vitalis,E-commerce,11,16.19,CHF,0.1,178.09,160.28
TXN-CH-1-000803,2026-08-25 13:37:34,2026-08-25 13:38:34,CH,SAP S/4HANA,A,DER-002,Dermacare LiftCream,Aesthetic,Dermacare,E-commerce,6,35.24,CHF,0.0,211.44,211.44
TXN-CH-1-000804,2026-08-25 17:08:28,2026-08-25 17:13:28,CH,SAP S/4HANA,A,DER-001,Dermacare GlowSerum,Aesthetic,Dermacare,E-commerce,8,30.48,CHF,0.15,243.84,207.26
TXN-CH-1-000805,2026-08-25 13:42:01,2026-08-25 13:46:01,CH,SAP S/4HANA,A,VIT-002,Vitalis Multivit,Supplement,Vitalis,Pharmacy/B2B,7,16.19,CHF,0.0,113.33,113.33
TXN-CH-1-000806,2026-08-25 11:35:27,2026-08-25 11:37:27,CH,SAP S/4HANA,A,DER-001,Dermacare GlowSerum,Aesthetic,Dermacare,D2C,5,30.48,CHF,0.2,152.4,121.92
TXN-CH-1-000807,2026-08-25 15:27:32,2026-08-25 15:32:32,CH,SAP S/4HANA,A,DER-001,Dermacare GlowSerum,Aesthetic,Dermacare,Pharmacy/B2B,6,30.48,CHF,0.05,182.88,173.74
TXN-CH-1-000808,2026-08-25 21:21:04,2026-08-25 21:22:04,CH,SAP S/4HANA,A,VIT-002,Vitalis Multivit,Supplement,Vitalis,E-commerce,4,16.19,CHF,0.0,64.76,64.76
TXN-CH-1-000809,2026-08-25 13:11:24,2026-08-25 13:14:24,CH,SAP S/4HANA,A,PUR-001,PureLife GlucoMonitor,Medical Device,PureLife,Pharmacy/B2B,10,80.95,CHF,0.1,809.5,728.55
TXN-CH-1-000810,2026-08-25 14:29:50,2026-08-25 14:30:50,CH,SAP S/4HANA,A,VIT-002,Vitalis Multivit,Supplement,Vitalis,E-commerce,8,16.19,CHF,0.0,129.52,129.52
TXN-CH-1-000811,2026-08-25 01:36:39,2026-08-25 01:38:39,CH,SAP S/4HANA,A,SAN-001,SanaPlus PainRelief,OTC,SanaPlus,Wholesale,2,9.05,CHF,0.0,18.1,18.1
TXN-CH-1-000812,2026-08-25 13:59:00,2026-08-25 14:05:00,CH,SAP S/4HANA,A,VIT-001,Vitalis C1000,Supplement,Vitalis,Wholesale,3,20.0,CHF,0.0,60.0,60.0
TXN-CH-1-000813,2026-08-25 11:19:35,2026-08-25 11:23:35,CH,SAP S/4HANA,A,DER-002,Dermacare LiftCream,Aesthetic,Dermacare,Pharmacy/B2B,5,35.24,CHF,0.05,176.2,167.39
TXN-CH-1-000814,2026-08-25 06:32:09,2026-08-25 06:34:09,CH,SAP S/4HANA,A,DER-001,Dermacare GlowSerum,Aesthetic,Dermacare,Pharmacy/B2B,8,30.48,CHF,0.2,243.84,195.07
TXN-CH-1-000815,2026-08-25 03:00:31,2026-08-25 03:03:31,CH,SAP S/4HANA,A,MED-002,Medora Derm Cream,Prescription,Medora,Wholesale,1,24.76,CHF,0.0,24.76,24.76
TXN-CH-1-000816,2026-08-25 11:36:55,2026-08-25 11:38:55,CH,SAP S/4HANA,A,PUR-002,PureLife BP Monitor,Medical Device,PureLife,Wholesale,11,85.71,CHF,0.05,942.81,895.67
TXN-CH-1-000817,2026-08-25 00:25:18,2026-08-25 00:29:18,CH,SAP S/4HANA,A,DER-001,Dermacare GlowSerum,Aesthetic,Dermacare,Wholesale,1,30.48,CHF,0.0,30.48,30.48
TXN-CH-1-000818,2026-08-25 15:28:23,2026-08-25 15:31:23,CH,SAP S/4HANA,A,MED-002,Medora Derm Cream,Prescription,Medora,Wholesale,9,24.76,CHF,0.0,222.84,222.84
TXN-CH-1-000819,2026-08-25 17:14:28,2026-08-25 17:20:28,CH,SAP S/4HANA,A,SAN-002,SanaPlus ColdFlu,OTC,SanaPlus,D2C,2,10.0,CHF,0.2,20.0,16.0
TXN-CH-1-000820,2026-08-25 06:30:40,2026-08-25 06:34:40,CH,SAP S/4HANA,A,PUR-001,PureLife GlucoMonitor,Medical Device,PureLife,Wholesale,11,80.95,CHF,0.0,890.45,890.45
TXN-CH-1-000821,2026-08-25 05:28:31,2026-08-25 05:29:31,CH,SAP S/4HANA,A,SAN-002,SanaPlus ColdFlu,OTC,SanaPlus,D2C,4,10.0,CHF,0.1,40.0,36.0
TXN-CH-1-000822,2026-08-25 22:22:26,2026-08-25 22:28:26,CH,SAP S/4HANA,A,DER-002,Dermacare LiftCream,Aesthetic,Dermacare,Wholesale,1,35.24,CHF,0.05,35.24,33.48
TXN-CH-1-000823,2026-08-25 10:15:24,2026-08-25 10:16:24,CH,SAP S/4HANA,A,MED-002,Medora Derm Cream,Prescription,Medora,Wholesale,8,24.76,CHF,0.0,198.08,198.08
TXN-CH-1-000824,2026-08-25 01:49:23,2026-08-25 01:54:23,CH,SAP S/4HANA,A,SAN-002,SanaPlus ColdFlu,OTC,SanaPlus,D2C,7,10.0,CHF,0.0,70.0,70.0
TXN-CH-1-000825,2026-08-25 10:46:56,2026-08-25 10:47:56,CH,SAP S/4HANA,A,PUR-001,PureLife GlucoMonitor,Medical Device,PureLife,D2C,3,80.95,CHF,0.0,242.85,242.85
TXN-CH-1-000826,2026-08-25 12:59:37,2026-08-25 13:03:37,CH,SAP S/4HANA,A,MED-001,Medora Cardio 10mg,Prescription,Medora,Wholesale,6,40.95,CHF,0.0,245.7,245.7
TXN-CH-1-000827,2026-08-25 23:09:19,2026-08-25 23:10:19,CH,SAP S/4HANA,A,PUR-002,PureLife BP Monitor,Medical Device,PureLife,Pharmacy/B2B,6,85.71,CHF,0.15,514.26,437.12
TXN-CH-1-000828,2026-08-25 01:19:58,2026-08-25 01:24:58,CH,SAP S/4HANA,A,DER-001,Dermacare GlowSerum,Aesthetic,Dermacare,E-commerce,3,30.48,CHF,0.0,91.44,91.44
TXN-CH-1-000829,2026-08-25 19:28:41,2026-08-25 19:29:41,CH,SAP S/4HANA,A,VIT-001,Vitalis C1000,Supplement,Vitalis,E-commerce,11,20.0,CHF,0.05,220.0,209.0
TXN-CH-1-000830,2026-08-25 15:41:45,2026-08-25 15:44:45,CH,SAP S/4HANA,A,SAN-002,SanaPlus ColdFlu,OTC,SanaPlus,Wholesale,12,10.0,CHF,0.1,120.0,108.0
TXN-CH-1-000831,2026-08-25 08:53:14,2026-08-25 08:59:14,CH,SAP S/4HANA,A,PUR-001,PureLife GlucoMonitor,Medical Device,PureLife,Wholesale,1,80.95,CHF,0.0,80.95,80.95
TXN-CH-1-000832,2026-08-25 11:53:26,2026-08-25 11:56:26,CH,SAP S/4HANA,A,MED-001,Medora Cardio 10mg,Prescription,Medora,E-commerce,10,40.95,CHF,0.15,409.5,348.07
TXN-CH-1-000833,2026-08-25 23:13:19,2026-08-25 23:14:19,CH,SAP S/4HANA,A,DER-001,Dermacare GlowSerum,Aesthetic,Dermacare,Pharmacy/B2B,6,30.48,CHF,0.15,182.88,155.45
TXN-CH-1-000834,2026-08-25 10:59:41,2026-08-25 11:03:41,CH,SAP S/4HANA,A,DER-001,Dermacare GlowSerum,Aesthetic,Dermacare,Pharmacy/B2B,3,30.48,CHF,0.15,91.44,77.72
TXN-CH-1-000835,2026-08-25 09:21:06,2026-08-25 09:27:06,CH,SAP S/4HANA,A,MED-002,Medora Derm Cream,Prescription,Medora,Wholesale,2,24.76,CHF,0.2,49.52,39.62
TXN-CH-1-000836,2026-08-25 06:58:39,2026-08-25 07:03:39,CH,SAP S/4HANA,A,SAN-001,SanaPlus PainRelief,OTC,SanaPlus,D2C,10,9.05,CHF,0.1,90.5,81.45
TXN-CH-1-000837,2026-08-25 19:37:48,2026-08-25 19:39:48,CH,SAP S/4HANA,A,MED-001,Medora Cardio 10mg,Prescription,Medora,D2C,10,40.95,CHF,0.05,409.5,389.02
TXN-CH-1-000838,2026-08-25 07:50:07,2026-08-25 07:54:07,CH,SAP S/4HANA,A,SAN-001,SanaPlus PainRelief,OTC,SanaPlus,E-commerce,5,9.05,CHF,0.1,45.25,40.73
TXN-CH-1-000839,2026-08-25 01:39:55,2026-08-25 01:44:55,CH,SAP S/4HANA,A,DER-001,Dermacare GlowSerum,Aesthetic,Dermacare,E-commerce,11,30.48,CHF,0.0,335.28,335.28
TXN-CH-1-000840,2026-08-25 09:55:40,2026-08-25 09:56:40,CH,SAP S/4HANA,A,DER-001,Dermacare GlowSerum,Aesthetic,Dermacare,E-commerce,1,30.48,CHF,0.2,30.48,24.38
TXN-CH-1-000841,2026-08-25 15:05:06,2026-08-25 15:11:06,CH,SAP S/4HANA,A,VIT-001,Vitalis C1000,Supplement,Vitalis,D2C,5,20.0,CHF,0.05,100.0,95.0
TXN-CH-1-000842,2026-08-25 21:48:42,2026-08-25 21:54:42,CH,SAP S/4HANA,A,SAN-002,SanaPlus ColdFlu,OTC,SanaPlus,Pharmacy/B2B,4,10.0,CHF,0.0,40.0,40.0
TXN-CH-1-000843,2026-08-25 00:39:28,2026-08-25 00:45:28,CH,SAP S/4HANA,A,SAN-002,SanaPlus ColdFlu,OTC,SanaPlus,E-commerce,2,10.0,CHF,0.1,20.0,18.0
TXN-CH-1-000844,2026-08-25 10:28:46,2026-08-25 10:34:46,CH,SAP S/4HANA,A,PUR-002,PureLife BP Monitor,Medical Device,PureLife,Wholesale,10,85.71,CHF,0.05,857.1,814.25
TXN-CH-1-000845,2026-08-25 23:06:40,2026-08-25 23:11:40,CH,SAP S/4HANA,A,SAN-002,SanaPlus ColdFlu,OTC,SanaPlus,Wholesale,8,10.0,CHF,0.1,80.0,72.0
TXN-CH-1-000846,2026-08-25 00:27:27,2026-08-25 00:30:27,CH,SAP S/4HANA,A,SAN-002,SanaPlus ColdFlu,OTC,SanaPlus,D2C,6,10.0,CHF,0.2,60.0,48.0
TXN-CH-1-000847,2026-08-25 16:10:46,2026-08-25 16:12:46,CH,SAP S/4HANA,A,DER-002,Dermacare LiftCream,Aesthetic,Dermacare,Wholesale,4,35.24,CHF,0.1,140.96,126.86
TXN-CH-1-000848,2026-08-25 06:11:23,2026-08-25 06:17:23,CH,SAP S/4HANA,A,DER-001,Dermacare GlowSerum,Aesthetic,Dermacare,D2C,7,30.48,CHF,0.0,213.36,213.36
TXN-CH-1-000849,2026-08-25 20:48:03,2026-08-25 20:49:03,CH,SAP S/4HANA,A,DER-002,Dermacare LiftCream,Aesthetic,Dermacare,D2C,2,35.24,CHF,0.0,70.48,70.48
TXN-CH-1-000850,2026-08-25 19:16:54,2026-08-25 19:19:54,CH,SAP S/4HANA,A,SAN-001,SanaPlus PainRelief,OTC,SanaPlus,D2C,6,9.05,CHF,0.05,54.3,51.58
TXN-CH-1-000851,2026-08-25 17:01:00,2026-08-25 17:02:00,CH,SAP S/4HANA,A,VIT-001,Vitalis C1000,Supplement,Vitalis,E-commerce,10,20.0,CHF,0.0,200.0,200.0
TXN-CH-1-000852,2026-08-25 20:34:01,2026-08-25 20:38:01,CH,SAP S/4HANA,A,DER-001,Dermacare GlowSerum,Aesthetic,Dermacare,Pharmacy/B2B,5,30.48,CHF,0.1,152.4,137.16
TXN-CH-1-000853,2026-08-25 17:52:04,2026-08-25 17:54:04,CH,SAP S/4HANA,A,DER-001,Dermacare GlowSerum,Aesthetic,Dermacare,E-commerce,7,30.48,CHF,0.1,213.36,192.02
TXN-CH-1-000854,2026-08-25 04:29:46,2026-08-25 04:30:46,CH,SAP S/4HANA,A,DER-001,Dermacare GlowSerum,Aesthetic,Dermacare,E-commerce,4,30.48,CHF,0.0,121.92,121.92
TXN-CH-1-000855,2026-08-25 20:46:48,2026-08-25 20:49:48,CH,SAP S/4HANA,A,VIT-001,Vitalis C1000,Supplement,Vitalis,E-commerce,12,20.0,CHF,0.05,240.0,228.0
TXN-CH-1-000856,2026-08-25 20:01:38,2026-08-25 20:05:38,CH,SAP S/4HANA,A,SAN-002,SanaPlus ColdFlu,OTC,SanaPlus,E-commerce,7,10.0,CHF,0.1,70.0,63.0
TXN-CH-1-000857,2026-08-25 10:09:13,2026-08-25 10:12:13,CH,SAP S/4HANA,A,SAN-002,SanaPlus ColdFlu,OTC,SanaPlus,Pharmacy/B2B,11,10.0,CHF,0.15,110.0,93.5
TXN-CH-1-000858,2026-08-25 23:03:04,2026-08-25 23:09:04,CH,SAP S/4HANA,A,SAN-002,SanaPlus ColdFlu,OTC,SanaPlus,Wholesale,4,10.0,CHF,0.2,40.0,32.0
TXN-CH-1-000859,2026-08-25 14:42:28,2026-08-25 14:46:28,CH,SAP S/4HANA,A,DER-002,Dermacare LiftCream,Aesthetic,Dermacare,D2C,8,35.24,CHF,0.0,281.92,281.92
TXN-CH-1-000860,2026-08-25 06:28:01,2026-08-25 06:32:01,CH,SAP S/4HANA,A,SAN-001,SanaPlus PainRelief,OTC,SanaPlus,Pharmacy/B2B,9,9.05,CHF,0.2,81.45,65.16
TXN-CH-1-000861,2026-08-25 12:09:45,2026-08-25 12:13:45,CH,SAP S/4HANA,A,VIT-001,Vitalis C1000,Supplement,Vitalis,Pharmacy/B2B,7,20.0,CHF,0.1,140.0,126.0
TXN-CH-1-000862,2026-08-25 23:46:43,2026-08-25 23:50:43,CH,SAP S/4HANA,A,DER-001,Dermacare GlowSerum,Aesthetic,Dermacare,Wholesale,4,30.48,CHF,0.15,121.92,103.63
TXN-CH-1-000863,2026-08-25 01:03:26,2026-08-25 01:08:26,CH,SAP S/4HANA,A,VIT-002,Vitalis Multivit,Supplement,Vitalis,E-commerce,10,16.19,CHF,0.1,161.9,145.71
TXN-CH-1-000864,2026-08-25 18:19:36,2026-08-25 18:20:36,CH,SAP S/4HANA,A,PUR-002,PureLife BP Monitor,Medical Device,PureLife,Wholesale,1,85.71,CHF,0.0,85.71,85.71
TXN-CH-1-000865,2026-08-25 22:12:09,2026-08-25 22:14:09,CH,SAP S/4HANA,A,VIT-001,Vitalis C1000,Supplement,Vitalis,Wholesale,11,20.0,CHF,0.0,220.0,220.0
TXN-CH-1-000866,2026-08-25 13:28:55,2026-08-25 13:29:55,CH,SAP S/4HANA,A,PUR-002,PureLife BP Monitor,Medical Device,PureLife,Wholesale,9,85.71,CHF,0.1,771.39,694.25
TXN-CH-1-000867,2026-08-25 07:01:41,2026-08-25 07:03:41,CH,SAP S/4HANA,A,DER-002,Dermacare LiftCream,Aesthetic,Dermacare,D2C,12,35.24,CHF,0.2,422.88,338.3
TXN-CH-1-000868,2026-08-25 08:42:47,2026-08-25 08:44:47,CH,SAP S/4HANA,A,DER-002,Dermacare LiftCream,Aesthetic,Dermacare,E-commerce,6,35.24,CHF,0.0,211.44,211.44
TXN-CH-1-000869,2026-08-25 10:40:01,2026-08-25 10:41:01,CH,SAP S/4HANA,A,MED-001,Medora Cardio 10mg,Prescription,Medora,E-commerce,10,40.95,CHF,0.05,409.5,389.02
TXN-CH-1-000870,2026-08-25 16:43:07,2026-08-25 16:45:07,CH,SAP S/4HANA,A,PUR-002,PureLife BP Monitor,Medical Device,PureLife,Wholesale,4,85.71,CHF,0.2,342.84,274.27
TXN-CH-1-000871,2026-08-25 06:26:23,2026-08-25 06:30:23,CH,SAP S/4HANA,A,PUR-001,PureLife GlucoMonitor,Medical Device,PureLife,Pharmacy/B2B,10,80.95,CHF,0.2,809.5,647.6
TXN-CH-1-000872,2026-08-25 12:03:38,2026-08-25 12:05:38,CH,SAP S/4HANA,A,VIT-002,Vitalis Multivit,Supplement,Vitalis,Wholesale,12,16.19,CHF,0.0,194.28,194.28
TXN-CH-1-000873,2026-08-25 00:15:02,2026-08-25 00:21:02,CH,SAP S/4HANA,A,MED-001,Medora Cardio 10mg,Prescription,Medora,Wholesale,9,40.95,CHF,0.05,368.55,350.12
TXN-CH-1-000874,2026-08-25 14:01:44,2026-08-25 14:02:44,CH,SAP S/4HANA,A,DER-001,Dermacare GlowSerum,Aesthetic,Dermacare,D2C,12,30.48,CHF,0.1,365.76,329.18
TXN-CH-1-000875,2026-08-25 04:24:17,2026-08-25 04:30:17,CH,SAP S/4HANA,A,PUR-002,PureLife BP Monitor,Medical Device,PureLife,Pharmacy/B2B,8,85.71,CHF,0.05,685.68,651.4
TXN-CH-1-000876,2026-08-25 02:10:36,2026-08-25 02:13:36,CH,SAP S/4HANA,A,DER-001,Dermacare GlowSerum,Aesthetic,Dermacare,Pharmacy/B2B,6,30.48,CHF,0.05,182.88,173.74
TXN-CH-1-000877,2026-08-25 18:37:31,2026-08-25 18:43:31,CH,SAP S/4HANA,A,DER-002,Dermacare LiftCream,Aesthetic,Dermacare,Wholesale,2,35.24,CHF,0.0,70.48,70.48
TXN-CH-1-000878,2026-08-25 05:18:54,2026-08-25 05:21:54,CH,SAP S/4HANA,A,PUR-002,PureLife BP Monitor,Medical Device,PureLife,Pharmacy/B2B,12,85.71,CHF,0.0,1028.52,1028.52
TXN-CH-1-000879,2026-08-25 13:20:33,2026-08-25 13:24:33,CH,SAP S/4HANA,A,SAN-002,SanaPlus ColdFlu,OTC,SanaPlus,E-commerce,4,10.0,CHF,0.2,40.0,32.0
TXN-CH-1-000880,2026-08-25 17:34:14,2026-08-25 17:36:14,CH,SAP S/4HANA,A,SAN-001,SanaPlus PainRelief,OTC,SanaPlus,Pharmacy/B2B,6,9.05,CHF,0.15,54.3,46.15
TXN-CH-1-000881,2026-08-25 02:41:48,2026-08-25 02:45:48,CH,SAP S/4HANA,A,DER-002,Dermacare LiftCream,Aesthetic,Dermacare,E-commerce,5,35.24,CHF,0.0,176.2,176.2
TXN-CH-1-000882,2026-08-25 10:45:04,2026-08-25 10:51:04,CH,SAP S/4HANA,A,DER-002,Dermacare LiftCream,Aesthetic,Dermacare,D2C,8,35.24,CHF,0.15,281.92,239.63
TXN-CH-1-000883,2026-08-25 09:23:26,2026-08-25 09:28:26,CH,SAP S/4HANA,A,SAN-001,SanaPlus PainRelief,OTC,SanaPlus,Pharmacy/B2B,3,9.05,CHF,0.0,27.15,27.15
TXN-CH-1-000884,2026-08-25 18:59:50,2026-08-25 19:02:50,CH,SAP S/4HANA,A,MED-001,Medora Cardio 10mg,Prescription,Medora,E-commerce,6,40.95,CHF,0.1,245.7,221.13
TXN-CH-1-000885,2026-08-25 13:12:22,2026-08-25 13:18:22,CH,SAP S/4HANA,A,SAN-001,SanaPlus PainRelief,OTC,SanaPlus,D2C,12,9.05,CHF,0.0,108.6,108.6
TXN-CH-1-000886,2026-08-25 20:40:01,2026-08-25 20:46:01,CH,SAP S/4HANA,A,SAN-001,SanaPlus PainRelief,OTC,SanaPlus,Wholesale,12,9.05,CHF,0.05,108.6,103.17
TXN-CH-1-000887,2026-08-25 10:44:10,2026-08-25 10:46:10,CH,SAP S/4HANA,A,VIT-001,Vitalis C1000,Supplement,Vitalis,E-commerce,10,20.0,CHF,0.0,200.0,200.0
TXN-CH-1-000888,2026-08-25 13:59:21,2026-08-25 14:02:21,CH,SAP S/4HANA,A,VIT-002,Vitalis Multivit,Supplement,Vitalis,Pharmacy/B2B,4,16.19,CHF,0.1,64.76,58.28
TXN-CH-1-000889,2026-08-25 11:01:49,2026-08-25 11:03:49,CH,SAP S/4HANA,A,PUR-002,PureLife BP Monitor,Medical Device,PureLife,Pharmacy/B2B,5,85.71,CHF,0.0,428.55,428.55
TXN-CH-1-000890,2026-08-25 18:31:02,2026-08-25 18:37:02,CH,SAP S/4HANA,A,PUR-001,PureLife GlucoMonitor,Medical Device,PureLife,Wholesale,8,80.95,CHF,0.1,647.6,582.84
TXN-CH-1-000891,2026-08-25 06:12:15,2026-08-25 06:15:15,CH,SAP S/4HANA,A,VIT-001,Vitalis C1000,Supplement,Vitalis,D2C,9,20.0,CHF,0.0,180.0,180.0
TXN-CH-1-000892,2026-08-25 13:45:42,2026-08-25 13:49:42,CH,SAP S/4HANA,A,VIT-001,Vitalis C1000,Supplement,Vitalis,Wholesale,3,20.0,CHF,0.05,60.0,57.0
TXN-CH-1-000893,2026-08-25 13:49:50,2026-08-25 13:50:50,CH,SAP S/4HANA,A,MED-002,Medora Derm Cream,Prescription,Medora,D2C,4,24.76,CHF,0.0,99.04,99.04
TXN-CH-1-000894,2026-08-25 07:30:57,2026-08-25 07:32:57,CH,SAP S/4HANA,A,VIT-001,Vitalis C1000,Supplement,Vitalis,D2C,10,20.0,CHF,0.2,200.0,160.0
TXN-CH-1-000895,2026-08-25 04:21:15,2026-08-25 04:27:15,CH,SAP S/4HANA,A,VIT-002,Vitalis Multivit,Supplement,Vitalis,D2C,8,16.19,CHF,0.05,129.52,123.04
TXN-CH-1-000896,2026-08-25 20:43:53,2026-08-25 20:49:53,CH,SAP S/4HANA,A,MED-001,Medora Cardio 10mg,Prescription,Medora,E-commerce,12,40.95,CHF,0.0,491.4,491.4
TXN-CH-1-000897,2026-08-25 13:14:12,2026-08-25 13:20:12,CH,SAP S/4HANA,A,MED-001,Medora Cardio 10mg,Prescription,Medora,Wholesale,11,40.95,CHF,0.0,450.45,450.45
TXN-CH-1-000898,2026-08-25 11:59:50,2026-08-25 12:04:50,CH,SAP S/4HANA,A,MED-002,Medora Derm Cream,Prescription,Medora,D2C,9,24.76,CHF,0.1,222.84,200.56
TXN-CH-1-000899,2026-08-25 19:34:41,2026-08-25 19:35:41,CH,SAP S/4HANA,A,MED-001,Medora Cardio 10mg,Prescription,Medora,Wholesale,10,40.95,CHF,0.1,409.5,368.55
TXN-CH-1-000900,2026-08-25 09:01:42,2026-08-25 09:03:42,CH,SAP S/4HANA,A,SAN-001,SanaPlus PainRelief,OTC,SanaPlus,E-commerce,12,9.05,CHF,0.15,108.6,92.31
TXN-CH-1-000901,2026-08-25 08:55:24,2026-08-25 08:57:24,CH,SAP S/4HANA,A,DER-002,Dermacare LiftCream,Aesthetic,Dermacare,E-commerce,1,35.24,CHF,0.1,35.24,31.72
TXN-CH-1-000902,2026-08-25 09:40:34,2026-08-25 09:45:34,CH,SAP S/4HANA,A,SAN-001,SanaPlus PainRelief,OTC,SanaPlus,Pharmacy/B2B,12,9.05,CHF,0.0,108.6,108.6
TXN-CH-1-000903,2026-08-25 02:19:05,2026-08-25 02:21:05,CH,SAP S/4HANA,A,PUR-001,PureLife GlucoMonitor,Medical Device,PureLife,D2C,1,80.95,CHF,0.0,80.95,80.95
TXN-CH-1-000904,2026-08-25 08:17:10,2026-08-25 08:19:10,CH,SAP S/4HANA,A,PUR-002,PureLife BP Monitor,Medical Device,PureLife,Wholesale,8,85.71,CHF,0.0,685.68,685.68
TXN-CH-1-000905,2026-08-25 19:32:56,2026-08-25 19:33:56,CH,SAP S/4HANA,A,SAN-002,SanaPlus ColdFlu,OTC,SanaPlus,Pharmacy/B2B,4,10.0,CHF,0.05,40.0,38.0
TXN-CH-1-000906,2026-08-25 04:14:17,2026-08-25 04:18:17,CH,SAP S/4HANA,A,MED-002,Medora Derm Cream,Prescription,Medora,Wholesale,4,24.76,CHF,0.0,99.04,99.04
TXN-CH-1-000907,2026-08-25 19:44:49,2026-08-25 19:49:49,CH,SAP S/4HANA,A,VIT-002,Vitalis Multivit,Supplement,Vitalis,Wholesale,5,16.19,CHF,0.1,80.95,72.86
TXN-CH-1-000908,2026-08-25 00:20:58,2026-08-25 00:25:58,CH,SAP S/4HANA,A,DER-001,Dermacare GlowSerum,Aesthetic,Dermacare,Pharmacy/B2B,12,30.48,CHF,0.05,365.76,347.47
TXN-CH-1-000909,2026-08-25 23:23:50,2026-08-25 23:25:50,CH,SAP S/4HANA,A,PUR-002,PureLife BP Monitor,Medical Device,PureLife,Wholesale,1,85.71,CHF,0.0,85.71,85.71
TXN-CH-1-000910,2026-08-25 14:49:28,2026-08-25 14:54:28,CH,SAP S/4HANA,A,SAN-001,SanaPlus PainRelief,OTC,SanaPlus,Wholesale,11,9.05,CHF,0.0,99.55,99.55
TXN-CH-1-000911,2026-08-25 11:57:55,2026-08-25 12:02:55,CH,SAP S/4HANA,A,DER-002,Dermacare LiftCream,Aesthetic,Dermacare,D2C,11,35.24,CHF,0.0,387.64,387.64
TXN-CH-1-000912,2026-08-25 09:37:09,2026-08-25 09:42:09,CH,SAP S/4HANA,A,VIT-002,Vitalis Multivit,Supplement,Vitalis,D2C,5,16.19,CHF,0.15,80.95,68.81
TXN-CH-1-000913,2026-08-25 20:26:06,2026-08-25 20:31:06,CH,SAP S/4HANA,A,SAN-001,SanaPlus PainRelief,OTC,SanaPlus,Wholesale,2,9.05,CHF,0.2,18.1,14.48
TXN-CH-1-000914,2026-08-25 06:37:58,2026-08-25 06:41:58,CH,SAP S/4HANA,A,MED-001,Medora Cardio 10mg,Prescription,Medora,D2C,9,40.95,CHF,0.05,368.55,350.12
TXN-CH-1-000915,2026-08-25 18:03:03,2026-08-25 18:05:03,CH,SAP S/4HANA,A,VIT-001,Vitalis C1000,Supplement,Vitalis,Pharmacy/B2B,7,20.0,CHF,0.15,140.0,119.0
TXN-CH-1-000916,2026-08-25 11:05:29,2026-08-25 11:06:29,CH,SAP S/4HANA,A,DER-002,Dermacare LiftCream,Aesthetic,Dermacare,D2C,11,35.24,CHF,0.15,387.64,329.49
TXN-CH-1-000917,2026-08-25 19:36:34,2026-08-25 19:38:34,CH,SAP S/4HANA,A,VIT-002,Vitalis Multivit,Supplement,Vitalis,Pharmacy/B2B,4,16.19,CHF,0.0,64.76,64.76
TXN-CH-1-000918,2026-08-25 11:11:05,2026-08-25 11:16:05,CH,SAP S/4HANA,A,SAN-001,SanaPlus PainRelief,OTC,SanaPlus,D2C,9,9.05,CHF,0.05,81.45,77.38
TXN-CH-1-000919,2026-08-25 03:44:49,2026-08-25 03:50:49,CH,SAP S/4HANA,A,SAN-001,SanaPlus PainRelief,OTC,SanaPlus,E-commerce,10,9.05,CHF,0.15,90.5,76.92
TXN-CH-1-000920,2026-08-25 05:37:43,2026-08-25 05:40:43,CH,SAP S/4HANA,A,VIT-001,Vitalis C1000,Supplement,Vitalis,E-commerce,7,20.0,CHF,0.2,140.0,112.0
TXN-CH-1-000921,2026-08-25 06:15:15,2026-08-25 06:17:15,CH,SAP S/4HANA,A,PUR-002,PureLife BP Monitor,Medical Device,PureLife,E-commerce,6,85.71,CHF,0.1,514.26,462.83
TXN-CH-1-000922,2026-08-25 17:14:58,2026-08-25 17:20:58,CH,SAP S/4HANA,A,PUR-002,PureLife BP Monitor,Medical Device,PureLife,Wholesale,12,85.71,CHF,0.0,1028.52,1028.52
TXN-CH-1-000923,2026-08-25 08:19:39,2026-08-25 08:22:39,CH,SAP S/4HANA,A,DER-002,Dermacare LiftCream,Aesthetic,Dermacare,D2C,6,35.24,CHF,0.0,211.44,211.44
TXN-CH-1-000924,2026-08-25 11:08:58,2026-08-25 11:11:58,CH,SAP S/4HANA,A,SAN-002,SanaPlus ColdFlu,OTC,SanaPlus,D2C,8,10.0,CHF,0.0,80.0,80.0
TXN-CH-1-000925,2026-08-25 15:29:04,2026-08-25 15:34:04,CH,SAP S/4HANA,A,DER-001,Dermacare GlowSerum,Aesthetic,Dermacare,Wholesale,1,30.48,CHF,0.2,30.48,24.38
TXN-CH-1-000926,2026-08-25 14:42:43,2026-08-25 14:43:43,CH,SAP S/4HANA,A,DER-001,Dermacare GlowSerum,Aesthetic,Dermacare,D2C,11,30.48,CHF,0.2,335.28,268.22
TXN-CH-1-000927,2026-08-25 05:05:40,2026-08-25 05:09:40,CH,SAP S/4HANA,A,SAN-001,SanaPlus PainRelief,OTC,SanaPlus,Pharmacy/B2B,12,9.05,CHF,0.0,108.6,108.6
TXN-CH-1-000928,2026-08-25 07:35:42,2026-08-25 07:41:42,CH,SAP S/4HANA,A,SAN-001,SanaPlus PainRelief,OTC,SanaPlus,D2C,6,9.05,CHF,0.0,54.3,54.3
TXN-CH-1-000929,2026-08-25 11:43:04,2026-08-25 11:47:04,CH,SAP S/4HANA,A,DER-001,Dermacare GlowSerum,Aesthetic,Dermacare,D2C,9,30.48,CHF,0.1,274.32,246.89
TXN-CH-1-000930,2026-08-25 07:15:42,2026-08-25 07:17:42,CH,SAP S/4HANA,A,PUR-002,PureLife BP Monitor,Medical Device,PureLife,Wholesale,5,85.71,CHF,0.0,428.55,428.55
TXN-CH-1-000931,2026-08-25 02:42:35,2026-08-25 02:44:35,CH,SAP S/4HANA,A,VIT-001,Vitalis C1000,Supplement,Vitalis,D2C,12,20.0,CHF,0.05,240.0,228.0
TXN-CH-1-000932,2026-08-25 21:35:17,2026-08-25 21:39:17,CH,SAP S/4HANA,A,MED-001,Medora Cardio 10mg,Prescription,Medora,Wholesale,12,40.95,CHF,0.15,491.4,417.69
TXN-CH-1-000933,2026-08-25 17:43:57,2026-08-25 17:45:57,CH,SAP S/4HANA,A,SAN-001,SanaPlus PainRelief,OTC,SanaPlus,Wholesale,1,9.05,CHF,0.0,9.05,9.05
TXN-CH-1-000934,2026-08-25 02:02:35,2026-08-25 02:08:35,CH,SAP S/4HANA,A,SAN-002,SanaPlus ColdFlu,OTC,SanaPlus,D2C,9,10.0,CHF,0.0,90.0,90.0
TXN-CH-1-000935,2026-08-25 15:57:05,2026-08-25 16:00:05,CH,SAP S/4HANA,A,MED-002,Medora Derm Cream,Prescription,Medora,Wholesale,3,24.76,CHF,0.15,74.28,63.14
TXN-CH-1-000936,2026-08-25 02:41:37,2026-08-25 02:44:37,CH,SAP S/4HANA,A,DER-001,Dermacare GlowSerum,Aesthetic,Dermacare,E-commerce,3,30.48,CHF,0.1,91.44,82.3
TXN-CH-1-000937,2026-08-25 10:52:51,2026-08-25 10:57:51,CH,SAP S/4HANA,A,VIT-002,Vitalis Multivit,Supplement,Vitalis,Pharmacy/B2B,8,16.19,CHF,0.0,129.52,129.52
TXN-CH-1-000938,2026-08-25 11:56:10,2026-08-25 12:01:10,CH,SAP S/4HANA,A,PUR-001,PureLife GlucoMonitor,Medical Device,PureLife,D2C,9,80.95,CHF,0.1,728.55,655.69
TXN-CH-1-000939,2026-08-25 10:36:36,2026-08-25 10:42:36,CH,SAP S/4HANA,A,MED-001,Medora Cardio 10mg,Prescription,Medora,E-commerce,2,40.95,CHF,0.2,81.9,65.52
TXN-CH-1-000940,2026-08-25 11:25:51,2026-08-25 11:28:51,CH,SAP S/4HANA,A,DER-002,Dermacare LiftCream,Aesthetic,Dermacare,E-commerce,3,35.24,CHF,0.0,105.72,105.72
TXN-CH-1-000941,2026-08-25 17:03:04,2026-08-25 17:05:04,CH,SAP S/4HANA,A,DER-002,Dermacare LiftCream,Aesthetic,Dermacare,D2C,6,35.24,CHF,0.0,211.44,211.44
TXN-CH-1-000942,2026-08-25 09:25:51,2026-08-25 09:28:51,CH,SAP S/4HANA,A,PUR-002,PureLife BP Monitor,Medical Device,PureLife,Pharmacy/B2B,3,85.71,CHF,0.0,257.13,257.13
TXN-CH-1-000943,2026-08-25 23:22:59,2026-08-25 23:26:59,CH,SAP S/4HANA,A,DER-001,Dermacare GlowSerum,Aesthetic,Dermacare,Wholesale,8,30.48,CHF,0.2,243.84,195.07
TXN-CH-1-000944,2026-08-25 01:44:55,2026-08-25 01:49:55,CH,SAP S/4HANA,A,MED-001,Medora Cardio 10mg,Prescription,Medora,D2C,1,40.95,CHF,0.1,40.95,36.86
TXN-CH-1-000945,2026-08-25 15:55:05,2026-08-25 15:56:05,CH,SAP S/4HANA,A,PUR-001,PureLife GlucoMonitor,Medical Device,PureLife,D2C,9,80.95,CHF,0.05,728.55,692.12
TXN-CH-1-000946,2026-08-25 10:17:27,2026-08-25 10:22:27,CH,SAP S/4HANA,A,SAN-002,SanaPlus ColdFlu,OTC,SanaPlus,Pharmacy/B2B,12,10.0,CHF,0.0,120.0,120.0
TXN-CH-1-000947,2026-08-25 20:34:55,2026-08-25 20:35:55,CH,SAP S/4HANA,A,PUR-001,PureLife GlucoMonitor,Medical Device,PureLife,Pharmacy/B2B,9,80.95,CHF,0.0,728.55,728.55
TXN-CH-1-000948,2026-08-25 18:41:45,2026-08-25 18:42:45,CH,SAP S/4HANA,A,PUR-002,PureLife BP Monitor,Medical Device,PureLife,Wholesale,10,85.71,CHF,0.15,857.1,728.53
TXN-CH-1-000949,2026-08-25 06:57:00,2026-08-25 06:58:00,CH,SAP S/4HANA,A,DER-001,Dermacare GlowSerum,Aesthetic,Dermacare,D2C,8,30.48,CHF,0.05,243.84,231.65
TXN-CH-1-000950,2026-08-25 05:32:29,2026-08-25 05:38:29,CH,SAP S/4HANA,A,SAN-002,SanaPlus ColdFlu,OTC,SanaPlus,Pharmacy/B2B,3,10.0,CHF,0.15,30.0,25.5
TXN-CH-1-000951,2026-08-25 20:56:35,2026-08-25 20:59:35,CH,SAP S/4HANA,A,DER-002,Dermacare LiftCream,Aesthetic,Dermacare,Wholesale,1,35.24,CHF,0.05,35.24,33.48
TXN-CH-1-000952,2026-08-25 20:55:32,2026-08-25 20:58:32,CH,SAP S/4HANA,A,MED-001,Medora Cardio 10mg,Prescription,Medora,Wholesale,1,40.95,CHF,0.0,40.95,40.95
TXN-CH-1-000953,2026-08-25 08:12:01,2026-08-25 08:15:01,CH,SAP S/4HANA,A,DER-001,Dermacare GlowSerum,Aesthetic,Dermacare,E-commerce,5,30.48,CHF,0.2,152.4,121.92
TXN-CH-1-000954,2026-08-25 08:06:54,2026-08-25 08:11:54,CH,SAP S/4HANA,A,SAN-002,SanaPlus ColdFlu,OTC,SanaPlus,Wholesale,11,10.0,CHF,0.15,110.0,93.5
TXN-CH-1-000955,2026-08-25 07:17:37,2026-08-25 07:22:37,CH,SAP S/4HANA,A,SAN-002,SanaPlus ColdFlu,OTC,SanaPlus,E-commerce,4,10.0,CHF,0.2,40.0,32.0
TXN-CH-1-000956,2026-08-25 05:23:55,2026-08-25 05:25:55,CH,SAP S/4HANA,A,SAN-001,SanaPlus PainRelief,OTC,SanaPlus,E-commerce,2,9.05,CHF,0.0,18.1,18.1
TXN-CH-1-000957,2026-08-25 19:25:16,2026-08-25 19:30:16,CH,SAP S/4HANA,A,MED-001,Medora Cardio 10mg,Prescription,Medora,E-commerce,9,40.95,CHF,0.0,368.55,368.55
TXN-CH-1-000958,2026-08-25 02:31:18,2026-08-25 02:34:18,CH,SAP S/4HANA,A,SAN-002,SanaPlus ColdFlu,OTC,SanaPlus,E-commerce,11,10.0,CHF,0.0,110.0,110.0
TXN-CH-1-000959,2026-08-25 07:20:37,2026-08-25 07:23:37,CH,SAP S/4HANA,A,VIT-001,Vitalis C1000,Supplement,Vitalis,Wholesale,5,20.0,CHF,0.0,100.0,100.0
TXN-CH-1-000960,2026-08-25 07:54:33,2026-08-25 07:57:33,CH,SAP S/4HANA,A,MED-001,Medora Cardio 10mg,Prescription,Medora,E-commerce,8,40.95,CHF,0.0,327.6,327.6
TXN-CH-1-000961,2026-08-25 13:39:26,2026-08-25 13:40:26,CH,SAP S/4HANA,A,DER-002,Dermacare LiftCream,Aesthetic,Dermacare,E-commerce,7,35.24,CHF,0.0,246.68,246.68
TXN-CH-1-000962,2026-08-25 16:16:04,2026-08-25 16:20:04,CH,SAP S/4HANA,A,DER-001,Dermacare GlowSerum,Aesthetic,Dermacare,E-commerce,4,30.48,CHF,0.2,121.92,97.54
TXN-CH-1-000963,2026-08-25 13:51:13,2026-08-25 13:56:13,CH,SAP S/4HANA,A,MED-002,Medora Derm Cream,Prescription,Medora,Pharmacy/B2B,3,24.76,CHF,0.1,74.28,66.85
TXN-CH-1-000964,2026-08-25 21:03:19,2026-08-25 21:09:19,CH,SAP S/4HANA,A,PUR-001,PureLife GlucoMonitor,Medical Device,PureLife,Pharmacy/B2B,3,80.95,CHF,0.2,242.85,194.28
TXN-CH-1-000965,2026-08-25 07:37:57,2026-08-25 07:38:57,CH,SAP S/4HANA,A,DER-002,Dermacare LiftCream,Aesthetic,Dermacare,D2C,12,35.24,CHF,0.0,422.88,422.88
TXN-CH-1-000966,2026-08-25 15:06:51,2026-08-25 15:08:51,CH,SAP S/4HANA,A,VIT-002,Vitalis Multivit,Supplement,Vitalis,Pharmacy/B2B,9,16.19,CHF,0.0,145.71,145.71
TXN-CH-1-000967,2026-08-25 17:24:09,2026-08-25 17:27:09,CH,SAP S/4HANA,A,PUR-001,PureLife GlucoMonitor,Medical Device,PureLife,Pharmacy/B2B,8,80.95,CHF,0.0,647.6,647.6
TXN-CH-1-000968,2026-08-25 00:15:51,2026-08-25 00:19:51,CH,SAP S/4HANA,A,DER-001,Dermacare GlowSerum,Aesthetic,Dermacare,Wholesale,2,30.48,CHF,0.0,60.96,60.96
TXN-CH-1-000969,2026-08-25 13:07:17,2026-08-25 13:10:17,CH,SAP S/4HANA,A,MED-002,Medora Derm Cream,Prescription,Medora,Wholesale,11,24.76,CHF,0.0,272.36,272.36
TXN-CH-1-000970,2026-08-25 08:21:02,2026-08-25 08:27:02,CH,SAP S/4HANA,A,MED-002,Medora Derm Cream,Prescription,Medora,Wholesale,8,24.76,CHF,0.0,198.08,198.08
TXN-CH-1-000971,2026-08-25 10:00:07,2026-08-25 10:06:07,CH,SAP S/4HANA,A,SAN-002,SanaPlus ColdFlu,OTC,SanaPlus,Pharmacy/B2B,3,10.0,CHF,0.2,30.0,24.0
TXN-CH-1-000972,2026-08-25 09:03:56,2026-08-25 09:05:56,CH,SAP S/4HANA,A,PUR-002,PureLife BP Monitor,Medical Device,PureLife,Pharmacy/B2B,3,85.71,CHF,0.1,257.13,231.42
TXN-CH-1-000973,2026-08-25 05:40:15,2026-08-25 05:42:15,CH,SAP S/4HANA,A,DER-002,Dermacare LiftCream,Aesthetic,Dermacare,Pharmacy/B2B,1,35.24,CHF,0.1,35.24,31.72
TXN-CH-1-000974,2026-08-25 07:38:22,2026-08-25 07:44:22,CH,SAP S/4HANA,A,SAN-001,SanaPlus PainRelief,OTC,SanaPlus,D2C,10,9.05,CHF,0.05,90.5,85.97
TXN-CH-1-000975,2026-08-25 05:44:01,2026-08-25 05:48:01,CH,SAP S/4HANA,A,VIT-001,Vitalis C1000,Supplement,Vitalis,E-commerce,9,20.0,CHF,0.0,180.0,180.0
TXN-CH-1-000976,2026-08-25 06:36:44,2026-08-25 06:39:44,CH,SAP S/4HANA,A,MED-002,Medora Derm Cream,Prescription,Medora,E-commerce,1,24.76,CHF,0.05,24.76,23.52
TXN-CH-1-000977,2026-08-25 07:25:48,2026-08-25 07:28:48,CH,SAP S/4HANA,A,DER-001,Dermacare GlowSerum,Aesthetic,Dermacare,D2C,5,30.48,CHF,0.1,152.4,137.16
TXN-CH-1-000978,2026-08-25 11:41:23,2026-08-25 11:42:23,CH,SAP S/4HANA,A,MED-001,Medora Cardio 10mg,Prescription,Medora,D2C,1,40.95,CHF,0.05,40.95,38.9
TXN-CH-1-000979,2026-08-25 01:14:45,2026-08-25 01:20:45,CH,SAP S/4HANA,A,VIT-001,Vitalis C1000,Supplement,Vitalis,Wholesale,1,20.0,CHF,0.1,20.0,18.0
TXN-CH-1-000980,2026-08-25 13:43:38,2026-08-25 13:48:38,CH,SAP S/4HANA,A,PUR-001,PureLife GlucoMonitor,Medical Device,PureLife,E-commerce,3,80.95,CHF,0.0,242.85,242.85
TXN-CH-1-000981,2026-08-25 00:32:38,2026-08-25 00:35:38,CH,SAP S/4HANA,A,VIT-002,Vitalis Multivit,Supplement,Vitalis,Pharmacy/B2B,7,16.19,CHF,0.0,113.33,113.33
TXN-CH-1-000982,2026-08-25 04:05:33,2026-08-25 04:09:33,CH,SAP S/4HANA,A,DER-002,Dermacare LiftCream,Aesthetic,Dermacare,Wholesale,9,35.24,CHF,0.05,317.16,301.3
TXN-CH-1-000983,2026-08-25 04:53:36,2026-08-25 04:58:36,CH,SAP S/4HANA,A,MED-001,Medora Cardio 10mg,Prescription,Medora,D2C,8,40.95,CHF,0.05,327.6,311.22
TXN-CH-1-000984,2026-08-25 09:21:07,2026-08-25 09:23:07,CH,SAP S/4HANA,A,SAN-002,SanaPlus ColdFlu,OTC,SanaPlus,D2C,10,10.0,CHF,0.15,100.0,85.0
TXN-CH-1-000985,2026-08-25 03:30:35,2026-08-25 03:34:35,CH,SAP S/4HANA,A,DER-002,Dermacare LiftCream,Aesthetic,Dermacare,E-commerce,3,35.24,CHF,0.0,105.72,105.72
TXN-CH-1-000986,2026-08-25 18:44:27,2026-08-25 18:46:27,CH,SAP S/4HANA,A,VIT-001,Vitalis C1000,Supplement,Vitalis,E-commerce,11,20.0,CHF,0.0,220.0,220.0
TXN-CH-1-000987,2026-08-25 03:27:04,2026-08-25 03:33:04,CH,SAP S/4HANA,A,DER-001,Dermacare GlowSerum,Aesthetic,Dermacare,D2C,10,30.48,CHF,0.0,304.8,304.8
TXN-CH-1-000988,2026-08-25 09:05:39,2026-08-25 09:07:39,CH,SAP S/4HANA,A,SAN-001,SanaPlus PainRelief,OTC,SanaPlus,E-commerce,12,9.05,CHF,0.15,108.6,92.31
TXN-CH-1-000989,2026-08-25 10:57:46,2026-08-25 11:00:46,CH,SAP S/4HANA,A,DER-002,Dermacare LiftCream,Aesthetic,Dermacare,D2C,3,35.24,CHF,0.0,105.72,105.72
TXN-CH-1-000990,2026-08-25 15:21:55,2026-08-25 15:24:55,CH,SAP S/4HANA,A,VIT-001,Vitalis C1000,Supplement,Vitalis,Pharmacy/B2B,12,20.0,CHF,0.2,240.0,192.0
TXN-CH-1-000991,2026-08-25 14:01:06,2026-08-25 14:07:06,CH,SAP S/4HANA,A,MED-001,Medora Cardio 10mg,Prescription,Medora,E-commerce,3,40.95,CHF,0.0,122.85,122.85
TXN-CH-1-000992,2026-08-25 05:12:17,2026-08-25 05:18:17,CH,SAP S/4HANA,A,MED-001,Medora Cardio 10mg,Prescription,Medora,E-commerce,3,40.95,CHF,0.05,122.85,116.71
TXN-CH-1-000993,2026-08-25 11:44:34,2026-08-25 11:45:34,CH,SAP S/4HANA,A,PUR-002,PureLife BP Monitor,Medical Device,PureLife,Wholesale,8,85.71,CHF,0.2,685.68,548.54
TXN-CH-1-000994,2026-08-25 12:31:15,2026-08-25 12:33:15,CH,SAP S/4HANA,A,PUR-002,PureLife BP Monitor,Medical Device,PureLife,Wholesale,8,85.71,CHF,0.0,685.68,685.68
TXN-CH-1-000995,2026-08-25 16:30:00,2026-08-25 16:35:00,CH,SAP S/4HANA,A,SAN-001,SanaPlus PainRelief,OTC,SanaPlus,Wholesale,2,9.05,CHF,0.15,18.1,15.39
TXN-CH-1-000996,2026-08-25 10:10:09,2026-08-25 10:16:09,CH,SAP S/4HANA,A,PUR-001,PureLife GlucoMonitor,Medical Device,PureLife,D2C,6,80.95,CHF,0.0,485.7,485.7
TXN-CH-1-000997,2026-08-25 09:17:40,2026-08-25 09:20:40,CH,SAP S/4HANA,A,DER-002,Dermacare LiftCream,Aesthetic,Dermacare,Wholesale,11,35.24,CHF,0.0,387.64,387.64
TXN-CH-1-000998,2026-08-25 12:27:55,2026-08-25 12:32:55,CH,SAP S/4HANA,A,SAN-001,SanaPlus PainRelief,OTC,SanaPlus,Pharmacy/B2B,6,9.05,CHF,0.05,54.3,51.58
TXN-CH-1-000999,2026-08-25 23:23:06,2026-08-25 23:24:06,CH,SAP S/4HANA,A,PUR-001,PureLife GlucoMonitor,Medical Device,PureLife,E-commerce,2,80.95,CHF,0.0,161.9,161.9
TXN-CH-1-001000,2026-08-25 16:39:16,2026-08-25 16:40:16,CH,SAP S/4HANA,A,MED-002,Medora Derm Cream,Prescription,Medora,D2C,3,24.76,CHF,0.2,74.28,59.42
TXN-CH-1-001001,2026-08-25 12:39:23,2026-08-25 12:42:23,CH,SAP S/4HANA,A,DER-002,Dermacare LiftCream,Aesthetic,Dermacare,Wholesale,9,35.24,CHF,0.0,317.16,317.16
TXN-CH-1-001002,2026-08-25 18:22:35,2026-08-25 18:24:35,CH,SAP S/4HANA,A,DER-001,Dermacare GlowSerum,Aesthetic,Dermacare,E-commerce,3,30.48,CHF,0.2,91.44,73.15
TXN-CH-1-001003,2026-08-25 08:04:39,2026-08-25 08:05:39,CH,SAP S/4HANA,A,VIT-002,Vitalis Multivit,Supplement,Vitalis,D2C,9,16.19,CHF,0.1,145.71,131.14
TXN-CH-1-001004,2026-08-25 05:31:32,2026-08-25 05:36:32,CH,SAP S/4HANA,A,PUR-001,PureLife GlucoMonitor,Medical Device,PureLife,Pharmacy/B2B,9,80.95,CHF,0.0,728.55,728.55
TXN-CH-1-001005,2026-08-25 19:38:27,2026-08-25 19:40:27,CH,SAP S/4HANA,A,PUR-001,PureLife GlucoMonitor,Medical Device,PureLife,E-commerce,6,80.95,CHF,0.0,485.7,485.7
TXN-CH-1-001006,2026-08-25 03:38:45,2026-08-25 03:44:45,CH,SAP S/4HANA,A,VIT-001,Vitalis C1000,Supplement,Vitalis,E-commerce,12,20.0,CHF,0.0,240.0,240.0
TXN-CH-1-001007,2026-08-25 19:41:26,2026-08-25 19:46:26,CH,SAP S/4HANA,A,DER-001,Dermacare GlowSerum,Aesthetic,Dermacare,E-commerce,5,30.48,CHF,0.0,152.4,152.4
TXN-CH-1-001008,2026-08-25 14:35:43,2026-08-25 14:38:43,CH,SAP S/4HANA,A,DER-001,Dermacare GlowSerum,Aesthetic,Dermacare,Wholesale,8,30.48,CHF,0.05,243.84,231.65
TXN-CH-1-001009,2026-08-25 11:43:14,2026-08-25 11:45:14,CH,SAP S/4HANA,A,SAN-001,SanaPlus PainRelief,OTC,SanaPlus,Pharmacy/B2B,2,9.05,CHF,0.0,18.1,18.1
TXN-CH-1-001010,2026-08-25 20:14:04,2026-08-25 20:20:04,CH,SAP S/4HANA,A,SAN-001,SanaPlus PainRelief,OTC,SanaPlus,E-commerce,12,9.05,CHF,0.1,108.6,97.74
TXN-CH-1-001011,2026-08-25 21:37:34,2026-08-25 21:38:34,CH,SAP S/4HANA,A,MED-001,Medora Cardio 10mg,Prescription,Medora,Wholesale,3,40.95,CHF,0.0,122.85,122.85
TXN-CH-1-001012,2026-08-25 17:30:36,2026-08-25 17:32:36,CH,SAP S/4HANA,A,VIT-002,Vitalis Multivit,Supplement,Vitalis,Wholesale,3,16.19,CHF,0.15,48.57,41.28
TXN-CH-1-001013,2026-08-25 15:15:20,2026-08-25 15:19:20,CH,SAP S/4HANA,A,PUR-002,PureLife BP Monitor,Medical Device,PureLife,E-commerce,4,85.71,CHF,0.2,342.84,274.27
TXN-CH-1-001014,2026-08-25 12:45:28,2026-08-25 12:46:28,CH,SAP S/4HANA,A,VIT-002,Vitalis Multivit,Supplement,Vitalis,D2C,3,16.19,CHF,0.05,48.57,46.14
TXN-CH-1-001015,2026-08-25 04:29:43,2026-08-25 04:35:43,CH,SAP S/4HANA,A,PUR-002,PureLife BP Monitor,Medical Device,PureLife,E-commerce,4,85.71,CHF,0.05,342.84,325.7
TXN-CH-1-001016,2026-08-25 05:11:05,2026-08-25 05:17:05,CH,SAP S/4HANA,A,SAN-001,SanaPlus PainRelief,OTC,SanaPlus,D2C,1,9.05,CHF,0.15,9.05,7.69
TXN-CH-1-001017,2026-08-25 04:16:13,2026-08-25 04:21:13,CH,SAP S/4HANA,A,SAN-001,SanaPlus PainRelief,OTC,SanaPlus,Pharmacy/B2B,11,9.05,CHF,0.1,99.55,89.59
TXN-CH-1-001018,2026-08-25 17:09:09,2026-08-25 17:11:09,CH,SAP S/4HANA,A,DER-002,Dermacare LiftCream,Aesthetic,Dermacare,D2C,2,35.24,CHF,0.1,70.48,63.43
TXN-CH-1-001019,2026-08-25 22:12:38,2026-08-25 22:16:38,CH,SAP S/4HANA,A,VIT-001,Vitalis C1000,Supplement,Vitalis,Pharmacy/B2B,12,20.0,CHF,0.0,240.0,240.0
TXN-CH-1-001020,2026-08-25 09:54:25,2026-08-25 09:55:25,CH,SAP S/4HANA,A,DER-001,Dermacare GlowSerum,Aesthetic,Dermacare,D2C,2,30.48,CHF,0.15,60.96,51.82
TXN-CH-1-001021,2026-08-25 16:59:08,2026-08-25 17:03:08,CH,SAP S/4HANA,A,PUR-002,PureLife BP Monitor,Medical Device,PureLife,E-commerce,12,85.71,CHF,0.15,1028.52,874.24
TXN-CH-1-001022,2026-08-25 17:44:31,2026-08-25 17:47:31,CH,SAP S/4HANA,A,VIT-002,Vitalis Multivit,Supplement,Vitalis,Pharmacy/B2B,2,16.19,CHF,0.15,32.38,27.52
TXN-CH-1-001023,2026-08-25 21:57:57,2026-08-25 22:02:57,CH,SAP S/4HANA,A,SAN-002,SanaPlus ColdFlu,OTC,SanaPlus,E-commerce,11,10.0,CHF,0.05,110.0,104.5
TXN-CH-1-001024,2026-08-25 15:44:45,2026-08-25 15:48:45,CH,SAP S/4HANA,A,MED-001,Medora Cardio 10mg,Prescription,Medora,Pharmacy/B2B,5,40.95,CHF,0.2,204.75,163.8
TXN-CH-1-001025,2026-08-25 10:02:38,2026-08-25 10:05:38,CH,SAP S/4HANA,A,PUR-001,PureLife GlucoMonitor,Medical Device,PureLife,D2C,7,80.95,CHF,0.15,566.65,481.65
TXN-CH-1-001026,2026-08-25 09:08:51,2026-08-25 09:11:51,CH,SAP S/4HANA,A,MED-002,Medora Derm Cream,Prescription,Medora,Pharmacy/B2B,2,24.76,CHF,0.15,49.52,42.09
TXN-CH-1-001027,2026-08-25 17:40:41,2026-08-25 17:42:41,CH,SAP S/4HANA,A,PUR-002,PureLife BP Monitor,Medical Device,PureLife,Wholesale,4,85.71,CHF,0.1,342.84,308.56
TXN-CH-1-001028,2026-08-25 15:47:34,2026-08-25 15:53:34,CH,SAP S/4HANA,A,SAN-001,SanaPlus PainRelief,OTC,SanaPlus,Pharmacy/B2B,12,9.05,CHF,0.05,108.6,103.17
TXN-CH-1-001029,2026-08-25 20:24:48,2026-08-25 20:29:48,CH,SAP S/4HANA,A,PUR-002,PureLife BP Monitor,Medical Device,PureLife,Wholesale,10,85.71,CHF,0.1,857.1,771.39
TXN-CH-1-001030,2026-08-25 13:55:46,2026-08-25 13:56:46,CH,SAP S/4HANA,A,PUR-002,PureLife BP Monitor,Medical Device,PureLife,Pharmacy/B2B,10,85.71,CHF,0.2,857.1,685.68
TXN-CH-1-001031,2026-08-25 23:23:57,2026-08-25 23:24:57,CH,SAP S/4HANA,A,PUR-002,PureLife BP Monitor,Medical Device,PureLife,Pharmacy/B2B,2,85.71,CHF,0.2,171.42,137.14
TXN-CH-1-001032,2026-08-25 08:41:15,2026-08-25 08:44:15,CH,SAP S/4HANA,A,PUR-002,PureLife BP Monitor,Medical Device,PureLife,Wholesale,7,85.71,CHF,0.15,599.97,509.97
TXN-CH-1-001033,2026-08-25 01:27:05,2026-08-25 01:30:05,CH,SAP S/4HANA,A,DER-002,Dermacare LiftCream,Aesthetic,Dermacare,Wholesale,10,35.24,CHF,0.2,352.4,281.92
TXN-CH-1-001034,2026-08-25 19:01:59,2026-08-25 19:02:59,CH,SAP S/4HANA,A,DER-001,Dermacare GlowSerum,Aesthetic,Dermacare,Wholesale,11,30.48,CHF,0.0,335.28,335.28
TXN-CH-1-001035,2026-08-25 07:51:56,2026-08-25 07:56:56,CH,SAP S/4HANA,A,VIT-001,Vitalis C1000,Supplement,Vitalis,Pharmacy/B2B,11,20.0,CHF,0.0,220.0,220.0
TXN-CH-1-001036,2026-08-25 03:35:50,2026-08-25 03:38:50,CH,SAP S/4HANA,A,DER-001,Dermacare GlowSerum,Aesthetic,Dermacare,Pharmacy/B2B,12,30.48,CHF,0.05,365.76,347.47
TXN-CH-1-001037,2026-08-25 09:13:48,2026-08-25 09:16:48,CH,SAP S/4HANA,A,SAN-002,SanaPlus ColdFlu,OTC,SanaPlus,D2C,4,10.0,CHF,0.0,40.0,40.0
TXN-CH-1-001038,2026-08-25 16:14:19,2026-08-25 16:15:19,CH,SAP S/4HANA,A,SAN-002,SanaPlus ColdFlu,OTC,SanaPlus,Wholesale,12,10.0,CHF,0.15,120.0,102.0
TXN-CH-1-001039,2026-08-25 09:34:54,2026-08-25 09:36:54,CH,SAP S/4HANA,A,VIT-002,Vitalis Multivit,Supplement,Vitalis,D2C,12,16.19,CHF,0.05,194.28,184.57
TXN-CH-1-001040,2026-08-25 12:41:23,2026-08-25 12:43:23,CH,SAP S/4HANA,A,DER-002,Dermacare LiftCream,Aesthetic,Dermacare,Pharmacy/B2B,6,35.24,CHF,0.0,211.44,211.44
TXN-CH-1-001041,2026-08-25 22:26:33,2026-08-25 22:31:33,CH,SAP S/4HANA,A,VIT-002,Vitalis Multivit,Supplement,Vitalis,D2C,5,16.19,CHF,0.0,80.95,80.95
TXN-CH-1-001042,2026-08-25 03:17:33,2026-08-25 03:23:33,CH,SAP S/4HANA,A,DER-001,Dermacare GlowSerum,Aesthetic,Dermacare,D2C,10,30.48,CHF,0.05,304.8,289.56
TXN-CH-1-001043,2026-08-25 23:16:57,2026-08-25 23:18:57,CH,SAP S/4HANA,A,DER-001,Dermacare GlowSerum,Aesthetic,Dermacare,E-commerce,5,30.48,CHF,0.2,152.4,121.92
TXN-CH-1-001044,2026-08-25 17:40:27,2026-08-25 17:43:27,CH,SAP S/4HANA,A,SAN-002,SanaPlus ColdFlu,OTC,SanaPlus,Wholesale,6,10.0,CHF,0.2,60.0,48.0
TXN-CH-1-001045,2026-08-25 05:47:48,2026-08-25 05:49:48,CH,SAP S/4HANA,A,SAN-002,SanaPlus ColdFlu,OTC,SanaPlus,Pharmacy/B2B,2,10.0,CHF,0.0,20.0,20.0
TXN-CH-1-001046,2026-08-25 21:11:03,2026-08-25 21:14:03,CH,SAP S/4HANA,A,PUR-001,PureLife GlucoMonitor,Medical Device,PureLife,D2C,9,80.95,CHF,0.1,728.55,655.69
TXN-CH-1-001047,2026-08-25 06:28:38,2026-08-25 06:32:38,CH,SAP S/4HANA,A,PUR-002,PureLife BP Monitor,Medical Device,PureLife,Pharmacy/B2B,4,85.71,CHF,0.0,342.84,342.84
TXN-CH-1-001048,2026-08-25 03:17:47,2026-08-25 03:23:47,CH,SAP S/4HANA,A,PUR-002,PureLife BP Monitor,Medical Device,PureLife,Wholesale,5,85.71,CHF,0.0,428.55,428.55
TXN-CH-1-001049,2026-08-25 12:23:05,2026-08-25 12:28:05,CH,SAP S/4HANA,A,SAN-002,SanaPlus ColdFlu,OTC,SanaPlus,Wholesale,3,10.0,CHF,0.05,30.0,28.5
TXN-CH-1-001050,2026-08-25 03:46:22,2026-08-25 03:52:22,CH,SAP S/4HANA,A,SAN-001,SanaPlus PainRelief,OTC,SanaPlus,Pharmacy/B2B,6,9.05,CHF,0.0,54.3,54.3
TXN-CH-1-001051,2026-08-25 16:06:44,2026-08-25 16:07:44,CH,SAP S/4HANA,A,VIT-002,Vitalis Multivit,Supplement,Vitalis,E-commerce,11,16.19,CHF,0.0,178.09,178.09
TXN-CH-1-001052,2026-08-25 00:57:34,2026-08-25 01:01:34,CH,SAP S/4HANA,A,VIT-002,Vitalis Multivit,Supplement,Vitalis,E-commerce,4,16.19,CHF,0.0,64.76,64.76
TXN-CH-1-001053,2026-08-25 16:01:58,2026-08-25 16:07:58,CH,SAP S/4HANA,A,VIT-002,Vitalis Multivit,Supplement,Vitalis,E-commerce,1,16.19,CHF,0.0,16.19,16.19
TXN-CH-1-001054,2026-08-25 08:52:19,2026-08-25 08:53:19,CH,SAP S/4HANA,A,PUR-002,PureLife BP Monitor,Medical Device,PureLife,Wholesale,8,85.71,CHF,0.05,685.68,651.4
TXN-CH-1-001055,2026-08-25 20:15:18,2026-08-25 20:20:18,CH,SAP S/4HANA,A,PUR-002,PureLife BP Monitor,Medical Device,PureLife,E-commerce,7,85.71,CHF,0.0,599.97,599.97
TXN-CH-1-001056,2026-08-25 18:52:50,2026-08-25 18:57:50,CH,SAP S/4HANA,A,DER-001,Dermacare GlowSerum,Aesthetic,Dermacare,Wholesale,12,30.48,CHF,0.0,365.76,365.76
TXN-CH-1-001057,2026-08-25 13:15:06,2026-08-25 13:18:06,CH,SAP S/4HANA,A,DER-001,Dermacare GlowSerum,Aesthetic,Dermacare,D2C,6,30.48,CHF,0.0,182.88,182.88
TXN-CH-1-001058,2026-08-25 11:39:23,2026-08-25 11:44:23,CH,SAP S/4HANA,A,SAN-002,SanaPlus ColdFlu,OTC,SanaPlus,Pharmacy/B2B,12,10.0,CHF,0.0,120.0,120.0
TXN-CH-1-001059,2026-08-25 11:42:40,2026-08-25 11:48:40,CH,SAP S/4HANA,A,VIT-002,Vitalis Multivit,Supplement,Vitalis,E-commerce,2,16.19,CHF,0.2,32.38,25.9
TXN-CH-1-001060,2026-08-25 18:28:32,2026-08-25 18:34:32,CH,SAP S/4HANA,A,DER-002,Dermacare LiftCream,Aesthetic,Dermacare,D2C,2,35.24,CHF,0.2,70.48,56.38
TXN-CH-1-001061,2026-08-25 21:59:39,2026-08-25 22:01:39,CH,SAP S/4HANA,A,SAN-002,SanaPlus ColdFlu,OTC,SanaPlus,E-commerce,8,10.0,CHF,0.0,80.0,80.0
TXN-CH-1-001062,2026-08-25 20:54:29,2026-08-25 20:55:29,CH,SAP S/4HANA,A,DER-002,Dermacare LiftCream,Aesthetic,Dermacare,Wholesale,8,35.24,CHF,0.1,281.92,253.73
TXN-CH-1-001063,2026-08-25 15:52:51,2026-08-25 15:53:51,CH,SAP S/4HANA,A,VIT-001,Vitalis C1000,Supplement,Vitalis,Pharmacy/B2B,9,20.0,CHF,0.05,180.0,171.0
TXN-CH-1-001064,2026-08-25 20:21:08,2026-08-25 20:27:08,CH,SAP S/4HANA,A,MED-001,Medora Cardio 10mg,Prescription,Medora,D2C,8,40.95,CHF,0.2,327.6,262.08
TXN-CH-1-001065,2026-08-25 05:23:02,2026-08-25 05:24:02,CH,SAP S/4HANA,A,SAN-002,SanaPlus ColdFlu,OTC,SanaPlus,Pharmacy/B2B,12,10.0,CHF,0.0,120.0,120.0
TXN-CH-1-001066,2026-08-25 20:44:38,2026-08-25 20:47:38,CH,SAP S/4HANA,A,MED-001,Medora Cardio 10mg,Prescription,Medora,Wholesale,7,40.95,CHF,0.15,286.65,243.65
TXN-CH-1-001067,2026-08-25 04:51:19,2026-08-25 04:55:19,CH,SAP S/4HANA,A,VIT-002,Vitalis Multivit,Supplement,Vitalis,Wholesale,5,16.19,CHF,0.1,80.95,72.86
TXN-CH-1-001068,2026-08-25 11:05:32,2026-08-25 11:08:32,CH,SAP S/4HANA,A,VIT-002,Vitalis Multivit,Supplement,Vitalis,Wholesale,3,16.19,CHF,0.2,48.57,38.86
TXN-CH-1-001069,2026-08-25 19:38:48,2026-08-25 19:44:48,CH,SAP S/4HANA,A,PUR-002,PureLife BP Monitor,Medical Device,PureLife,D2C,1,85.71,CHF,0.1,85.71,77.14
TXN-CH-1-001070,2026-08-25 01:55:43,2026-08-25 02:01:43,CH,SAP S/4HANA,A,SAN-002,SanaPlus ColdFlu,OTC,SanaPlus,Pharmacy/B2B,2,10.0,CHF,0.1,20.0,18.0
TXN-CH-1-001071,2026-08-25 02:18:59,2026-08-25 02:23:59,CH,SAP S/4HANA,A,DER-001,Dermacare GlowSerum,Aesthetic,Dermacare,E-commerce,12,30.48,CHF,0.0,365.76,365.76
TXN-CH-1-001072,2026-08-25 09:03:30,2026-08-25 09:08:30,CH,SAP S/4HANA,A,VIT-001,Vitalis C1000,Supplement,Vitalis,E-commerce,1,20.0,CHF,0.15,20.0,17.0
TXN-CH-1-001073,2026-08-25 18:01:17,2026-08-25 18:07:17,CH,SAP S/4HANA,A,MED-002,Medora Derm Cream,Prescription,Medora,D2C,2,24.76,CHF,0.0,49.52,49.52
TXN-CH-1-001074,2026-08-25 14:41:34,2026-08-25 14:46:34,CH,SAP S/4HANA,A,DER-001,Dermacare GlowSerum,Aesthetic,Dermacare,Wholesale,7,30.48,CHF,0.15,213.36,181.36
TXN-CH-1-001075,2026-08-25 17:16:21,2026-08-25 17:18:21,CH,SAP S/4HANA,A,SAN-002,SanaPlus ColdFlu,OTC,SanaPlus,E-commerce,2,10.0,CHF,0.0,20.0,20.0
TXN-CH-1-001076,2026-08-25 12:55:51,2026-08-25 12:57:51,CH,SAP S/4HANA,A,DER-001,Dermacare GlowSerum,Aesthetic,Dermacare,D2C,8,30.48,CHF,0.0,243.84,243.84
TXN-CH-1-001077,2026-08-25 06:43:11,2026-08-25 06:46:11,CH,SAP S/4HANA,A,DER-001,Dermacare GlowSerum,Aesthetic,Dermacare,E-commerce,4,30.48,CHF,0.0,121.92,121.92
TXN-CH-1-001078,2026-08-25 23:33:53,2026-08-25 23:39:53,CH,SAP S/4HANA,A,MED-002,Medora Derm Cream,Prescription,Medora,D2C,8,24.76,CHF,0.2,198.08,158.46
TXN-CH-1-001079,2026-08-25 03:25:24,2026-08-25 03:30:24,CH,SAP S/4HANA,A,SAN-001,SanaPlus PainRelief,OTC,SanaPlus,Pharmacy/B2B,10,9.05,CHF,0.0,90.5,90.5
TXN-CH-1-001080,2026-08-25 20:17:03,2026-08-25 20:18:03,CH,SAP S/4HANA,A,SAN-002,SanaPlus ColdFlu,OTC,SanaPlus,Pharmacy/B2B,3,10.0,CHF,0.0,30.0,30.0
TXN-CH-1-001081,2026-08-25 19:15:52,2026-08-25 19:16:52,CH,SAP S/4HANA,A,MED-001,Medora Cardio 10mg,Prescription,Medora,D2C,7,40.95,CHF,0.0,286.65,286.65
TXN-CH-1-001082,2026-08-25 01:00:24,2026-08-25 01:05:24,CH,SAP S/4HANA,A,PUR-002,PureLife BP Monitor,Medical Device,PureLife,D2C,2,85.71,CHF,0.0,171.42,171.42
TXN-CH-1-001083,2026-08-25 06:51:44,2026-08-25 06:57:44,CH,SAP S/4HANA,A,PUR-002,PureLife BP Monitor,Medical Device,PureLife,Wholesale,3,85.71,CHF,0.1,257.13,231.42
TXN-CH-1-001084,2026-08-25 07:57:02,2026-08-25 08:00:02,CH,SAP S/4HANA,A,MED-002,Medora Derm Cream,Prescription,Medora,E-commerce,10,24.76,CHF,0.0,247.6,247.6
TXN-CH-1-001085,2026-08-25 20:53:53,2026-08-25 20:55:53,CH,SAP S/4HANA,A,DER-002,Dermacare LiftCream,Aesthetic,Dermacare,E-commerce,9,35.24,CHF,0.0,317.16,317.16
TXN-CH-1-001086,2026-08-25 16:12:20,2026-08-25 16:13:20,CH,SAP S/4HANA,A,PUR-002,PureLife BP Monitor,Medical Device,PureLife,Pharmacy/B2B,9,85.71,CHF,0.2,771.39,617.11
TXN-CH-1-001087,2026-08-25 04:22:45,2026-08-25 04:25:45,CH,SAP S/4HANA,A,SAN-001,SanaPlus PainRelief,OTC,SanaPlus,Pharmacy/B2B,6,9.05,CHF,0.15,54.3,46.15
TXN-CH-1-001088,2026-08-25 06:34:07,2026-08-25 06:39:07,CH,SAP S/4HANA,A,PUR-001,PureLife GlucoMonitor,Medical Device,PureLife,E-commerce,2,80.95,CHF,0.05,161.9,153.81
TXN-CH-1-001089,2026-08-25 07:01:57,2026-08-25 07:06:57,CH,SAP S/4HANA,A,VIT-001,Vitalis C1000,Supplement,Vitalis,D2C,8,20.0,CHF,0.15,160.0,136.0
TXN-CH-1-001090,2026-08-25 19:57:04,2026-08-25 20:01:04,CH,SAP S/4HANA,A,DER-002,Dermacare LiftCream,Aesthetic,Dermacare,Pharmacy/B2B,11,35.24,CHF,0.1,387.64,348.88
TXN-CH-1-001091,2026-08-25 02:23:00,2026-08-25 02:26:00,CH,SAP S/4HANA,A,VIT-002,Vitalis Multivit,Supplement,Vitalis,D2C,3,16.19,CHF,0.0,48.57,48.57
TXN-CH-1-001092,2026-08-25 17:52:05,2026-08-25 17:54:05,CH,SAP S/4HANA,A,DER-001,Dermacare GlowSerum,Aesthetic,Dermacare,Pharmacy/B2B,6,30.48,CHF,0.0,182.88,182.88
TXN-CH-1-001093,2026-08-25 17:29:30,2026-08-25 17:35:30,CH,SAP S/4HANA,A,PUR-002,PureLife BP Monitor,Medical Device,PureLife,Pharmacy/B2B,9,85.71,CHF,0.0,771.39,771.39
TXN-CH-1-001094,2026-08-25 23:50:26,2026-08-25 23:53:26,CH,SAP S/4HANA,A,PUR-001,PureLife GlucoMonitor,Medical Device,PureLife,Wholesale,9,80.95,CHF,0.15,728.55,619.27
TXN-CH-1-001095,2026-08-25 07:18:56,2026-08-25 07:21:56,CH,SAP S/4HANA,A,SAN-002,SanaPlus ColdFlu,OTC,SanaPlus,E-commerce,8,10.0,CHF,0.2,80.0,64.0
TXN-CH-1-001096,2026-08-25 07:12:37,2026-08-25 07:15:37,CH,SAP S/4HANA,A,DER-001,Dermacare GlowSerum,Aesthetic,Dermacare,Wholesale,7,30.48,CHF,0.05,213.36,202.69
TXN-CH-1-001097,2026-08-25 02:59:58,2026-08-25 03:03:58,CH,SAP S/4HANA,A,MED-001,Medora Cardio 10mg,Prescription,Medora,Wholesale,2,40.95,CHF,0.0,81.9,81.9
TXN-CH-1-001098,2026-08-25 20:26:04,2026-08-25 20:30:04,CH,SAP S/4HANA,A,PUR-002,PureLife BP Monitor,Medical Device,PureLife,Wholesale,5,85.71,CHF,0.05,428.55,407.12
TXN-CH-1-001099,2026-08-25 10:27:23,2026-08-25 10:33:23,CH,SAP S/4HANA,A,MED-001,Medora Cardio 10mg,Prescription,Medora,Pharmacy/B2B,4,40.95,CHF,0.0,163.8,163.8
TXN-CH-1-001100,2026-08-25 11:10:54,2026-08-25 11:15:54,CH,SAP S/4HANA,A,PUR-002,PureLife BP Monitor,Medical Device,PureLife,E-commerce,11,85.71,CHF,0.0,942.81,942.81
TXN-CH-1-001101,2026-08-25 01:44:45,2026-08-25 01:49:45,CH,SAP S/4HANA,A,MED-001,Medora Cardio 10mg,Prescription,Medora,Pharmacy/B2B,5,40.95,CHF,0.05,204.75,194.51
TXN-CH-1-001102,2026-08-25 06:51:12,2026-08-25 06:54:12,CH,SAP S/4HANA,A,PUR-001,PureLife GlucoMonitor,Medical Device,PureLife,Pharmacy/B2B,11,80.95,CHF,0.2,890.45,712.36
TXN-CH-1-001103,2026-08-25 15:47:39,2026-08-25 15:53:39,CH,SAP S/4HANA,A,PUR-001,PureLife GlucoMonitor,Medical Device,PureLife,E-commerce,9,80.95,CHF,0.0,728.55,728.55
TXN-CH-1-001104,2026-08-25 01:37:41,2026-08-25 01:39:41,CH,SAP S/4HANA,A,MED-002,Medora Derm Cream,Prescription,Medora,Wholesale,3,24.76,CHF,0.0,74.28,74.28
TXN-CH-1-001105,2026-08-25 11:39:43,2026-08-25 11:40:43,CH,SAP S/4HANA,A,VIT-002,Vitalis Multivit,Supplement,Vitalis,Wholesale,4,16.19,CHF,0.1,64.76,58.28
TXN-CH-1-001106,2026-08-25 23:19:01,2026-08-25 23:24:01,CH,SAP S/4HANA,A,MED-001,Medora Cardio 10mg,Prescription,Medora,Pharmacy/B2B,7,40.95,CHF,0.0,286.65,286.65
TXN-CH-1-001107,2026-08-25 04:14:07,2026-08-25 04:17:07,CH,SAP S/4HANA,A,MED-001,Medora Cardio 10mg,Prescription,Medora,E-commerce,11,40.95,CHF,0.2,450.45,360.36
TXN-CH-1-001108,2026-08-25 12:02:32,2026-08-25 12:04:32,CH,SAP S/4HANA,A,DER-001,Dermacare GlowSerum,Aesthetic,Dermacare,E-commerce,6,30.48,CHF,0.2,182.88,146.3
TXN-CH-1-001109,2026-08-25 14:38:05,2026-08-25 14:39:05,CH,SAP S/4HANA,A,VIT-001,Vitalis C1000,Supplement,Vitalis,E-commerce,10,20.0,CHF,0.0,200.0,200.0
TXN-CH-1-001110,2026-08-25 22:38:15,2026-08-25 22:44:15,CH,SAP S/4HANA,A,SAN-001,SanaPlus PainRelief,OTC,SanaPlus,Wholesale,11,9.05,CHF,0.1,99.55,89.59
TXN-CH-1-001111,2026-08-25 22:47:56,2026-08-25 22:50:56,CH,SAP S/4HANA,A,VIT-002,Vitalis Multivit,Supplement,Vitalis,D2C,7,16.19,CHF,0.15,113.33,96.33
TXN-CH-1-001112,2026-08-25 00:22:20,2026-08-25 00:26:20,CH,SAP S/4HANA,A,DER-001,Dermacare GlowSerum,Aesthetic,Dermacare,Wholesale,5,30.48,CHF,0.2,152.4,121.92
TXN-CH-1-001113,2026-08-25 06:53:57,2026-08-25 06:57:57,CH,SAP S/4HANA,A,SAN-001,SanaPlus PainRelief,OTC,SanaPlus,Pharmacy/B2B,11,9.05,CHF,0.15,99.55,84.62
TXN-CH-1-001114,2026-08-25 14:23:54,2026-08-25 14:24:54,CH,SAP S/4HANA,A,DER-002,Dermacare LiftCream,Aesthetic,Dermacare,E-commerce,11,35.24,CHF,0.15,387.64,329.49
TXN-CH-1-001115,2026-08-25 08:07:05,2026-08-25 08:08:05,CH,SAP S/4HANA,A,MED-002,Medora Derm Cream,Prescription,Medora,Pharmacy/B2B,3,24.76,CHF,0.2,74.28,59.42
TXN-CH-1-001116,2026-08-25 17:47:13,2026-08-25 17:48:13,CH,SAP S/4HANA,A,VIT-001,Vitalis C1000,Supplement,Vitalis,D2C,3,20.0,CHF,0.15,60.0,51.0
TXN-CH-1-001117,2026-08-25 09:20:19,2026-08-25 09:26:19,CH,SAP S/4HANA,A,DER-001,Dermacare GlowSerum,Aesthetic,Dermacare,D2C,9,30.48,CHF,0.0,274.32,274.32
TXN-CH-1-001118,2026-08-25 10:21:56,2026-08-25 10:26:56,CH,SAP S/4HANA,A,SAN-001,SanaPlus PainRelief,OTC,SanaPlus,Pharmacy/B2B,2,9.05,CHF,0.05,18.1,17.2
TXN-CH-1-001119,2026-08-25 07:21:33,2026-08-25 07:22:33,CH,SAP S/4HANA,A,PUR-001,PureLife GlucoMonitor,Medical Device,PureLife,Wholesale,4,80.95,CHF,0.0,323.8,323.8
TXN-CH-1-001120,2026-08-25 18:52:04,2026-08-25 18:53:04,CH,SAP S/4HANA,A,DER-002,Dermacare LiftCream,Aesthetic,Dermacare,Wholesale,2,35.24,CHF,0.0,70.48,70.48
TXN-CH-1-001121,2026-08-25 08:19:28,2026-08-25 08:20:28,CH,SAP S/4HANA,A,DER-001,Dermacare GlowSerum,Aesthetic,Dermacare,E-commerce,2,30.48,CHF,0.2,60.96,48.77
TXN-CH-1-001122,2026-08-25 02:27:14,2026-08-25 02:29:14,CH,SAP S/4HANA,A,DER-001,Dermacare GlowSerum,Aesthetic,Dermacare,D2C,8,30.48,CHF,0.15,243.84,207.26
TXN-CH-1-001123,2026-08-25 05:11:51,2026-08-25 05:15:51,CH,SAP S/4HANA,A,PUR-002,PureLife BP Monitor,Medical Device,PureLife,Pharmacy/B2B,11,85.71,CHF,0.1,942.81,848.53
TXN-CH-1-001124,2026-08-25 06:52:48,2026-08-25 06:54:48,CH,SAP S/4HANA,A,SAN-002,SanaPlus ColdFlu,OTC,SanaPlus,Pharmacy/B2B,10,10.0,CHF,0.0,100.0,100.0
TXN-CH-1-001125,2026-08-25 05:33:36,2026-08-25 05:36:36,CH,SAP S/4HANA,A,SAN-001,SanaPlus PainRelief,OTC,SanaPlus,E-commerce,6,9.05,CHF,0.05,54.3,51.58
TXN-CH-1-001126,2026-08-25 07:18:19,2026-08-25 07:24:19,CH,SAP S/4HANA,A,MED-001,Medora Cardio 10mg,Prescription,Medora,Wholesale,7,40.95,CHF,0.0,286.65,286.65
TXN-CH-1-001127,2026-08-25 10:37:27,2026-08-25 10:42:27,CH,SAP S/4HANA,A,MED-002,Medora Derm Cream,Prescription,Medora,E-commerce,3,24.76,CHF,0.15,74.28,63.14
TXN-CH-1-001128,2026-08-25 07:04:32,2026-08-25 07:07:32,CH,SAP S/4HANA,A,DER-002,Dermacare LiftCream,Aesthetic,Dermacare,Pharmacy/B2B,8,35.24,CHF,0.0,281.92,281.92
TXN-CH-1-001129,2026-08-25 08:56:54,2026-08-25 09:01:54,CH,SAP S/4HANA,A,PUR-001,PureLife GlucoMonitor,Medical Device,PureLife,D2C,9,80.95,CHF,0.0,728.55,728.55
TXN-CH-1-001130,2026-08-25 05:13:10,2026-08-25 05:18:10,CH,SAP S/4HANA,A,SAN-002,SanaPlus ColdFlu,OTC,SanaPlus,Pharmacy/B2B,2,10.0,CHF,0.15,20.0,17.0
TXN-CH-1-001131,2026-08-25 02:22:16,2026-08-25 02:26:16,CH,SAP S/4HANA,A,PUR-001,PureLife GlucoMonitor,Medical Device,PureLife,Pharmacy/B2B,10,80.95,CHF,0.15,809.5,688.07
TXN-CH-1-001132,2026-08-25 06:11:11,2026-08-25 06:17:11,CH,SAP S/4HANA,A,SAN-002,SanaPlus ColdFlu,OTC,SanaPlus,D2C,1,10.0,CHF,0.0,10.0,10.0
TXN-CH-1-001133,2026-08-25 03:46:44,2026-08-25 03:52:44,CH,SAP S/4HANA,A,VIT-002,Vitalis Multivit,Supplement,Vitalis,Pharmacy/B2B,7,16.19,CHF,0.0,113.33,113.33
TXN-CH-1-001134,2026-08-25 20:29:15,2026-08-25 20:30:15,CH,SAP S/4HANA,A,DER-001,Dermacare GlowSerum,Aesthetic,Dermacare,Pharmacy/B2B,4,30.48,CHF,0.2,121.92,97.54
TXN-CH-1-001135,2026-08-25 22:52:30,2026-08-25 22:53:30,CH,SAP S/4HANA,A,PUR-002,PureLife BP Monitor,Medical Device,PureLife,Pharmacy/B2B,1,85.71,CHF,0.15,85.71,72.85
TXN-CH-1-001136,2026-08-25 17:20:46,2026-08-25 17:25:46,CH,SAP S/4HANA,A,DER-001,Dermacare GlowSerum,Aesthetic,Dermacare,D2C,11,30.48,CHF,0.1,335.28,301.75
TXN-CH-1-001137,2026-08-25 14:04:54,2026-08-25 14:08:54,CH,SAP S/4HANA,A,VIT-002,Vitalis Multivit,Supplement,Vitalis,Wholesale,10,16.19,CHF,0.0,161.9,161.9
TXN-CH-1-001138,2026-08-25 12:33:59,2026-08-25 12:39:59,CH,SAP S/4HANA,A,DER-002,Dermacare LiftCream,Aesthetic,Dermacare,Wholesale,3,35.24,CHF,0.05,105.72,100.43
TXN-CH-1-001139,2026-08-25 19:31:54,2026-08-25 19:34:54,CH,SAP S/4HANA,A,VIT-002,Vitalis Multivit,Supplement,Vitalis,E-commerce,5,16.19,CHF,0.15,80.95,68.81
TXN-CH-1-001140,2026-08-25 06:20:52,2026-08-25 06:24:52,CH,SAP S/4HANA,A,SAN-001,SanaPlus PainRelief,OTC,SanaPlus,E-commerce,6,9.05,CHF,0.15,54.3,46.15
TXN-CH-1-001141,2026-08-25 00:45:44,2026-08-25 00:49:44,CH,SAP S/4HANA,A,SAN-001,SanaPlus PainRelief,OTC,SanaPlus,E-commerce,1,9.05,CHF,0.05,9.05,8.6
TXN-CH-1-001142,2026-08-25 14:56:28,2026-08-25 15:02:28,CH,SAP S/4HANA,A,PUR-001,PureLife GlucoMonitor,Medical Device,PureLife,E-commerce,7,80.95,CHF,0.0,566.65,566.65
TXN-CH-1-001143,2026-08-25 22:48:36,2026-08-25 22:51:36,CH,SAP S/4HANA,A,VIT-002,Vitalis Multivit,Supplement,Vitalis,Wholesale,7,16.19,CHF,0.05,113.33,107.66
TXN-CH-1-001144,2026-08-25 16:46:09,2026-08-25 16:52:09,CH,SAP S/4HANA,A,DER-002,Dermacare LiftCream,Aesthetic,Dermacare,Wholesale,7,35.24,CHF,0.05,246.68,234.35
TXN-CH-1-001145,2026-08-25 13:14:12,2026-08-25 13:17:12,CH,SAP S/4HANA,A,SAN-002,SanaPlus ColdFlu,OTC,SanaPlus,Wholesale,3,10.0,CHF,0.15,30.0,25.5
TXN-CH-1-001146,2026-08-25 19:17:39,2026-08-25 19:19:39,CH,SAP S/4HANA,A,VIT-002,Vitalis Multivit,Supplement,Vitalis,E-commerce,12,16.19,CHF,0.0,194.28,194.28
TXN-CH-1-001147,2026-08-25 20:41:39,2026-08-25 20:43:39,CH,SAP S/4HANA,A,PUR-002,PureLife BP Monitor,Medical Device,PureLife,D2C,8,85.71,CHF,0.1,685.68,617.11
TXN-CH-1-001148,2026-08-25 14:51:44,2026-08-25 14:54:44,CH,SAP S/4HANA,A,SAN-001,SanaPlus PainRelief,OTC,SanaPlus,E-commerce,7,9.05,CHF,0.0,63.35,63.35
TXN-CH-1-001149,2026-08-25 17:07:14,2026-08-25 17:08:14,CH,SAP S/4HANA,A,PUR-001,PureLife GlucoMonitor,Medical Device,PureLife,Wholesale,5,80.95,CHF,0.2,404.75,323.8
TXN-CH-1-001150,2026-08-25 22:42:15,2026-08-25 22:46:15,CH,SAP S/4HANA,A,MED-001,Medora Cardio 10mg,Prescription,Medora,E-commerce,4,40.95,CHF,0.0,163.8,163.8
TXN-CH-1-001151,2026-08-25 20:05:11,2026-08-25 20:07:11,CH,SAP S/4HANA,A,DER-001,Dermacare GlowSerum,Aesthetic,Dermacare,Wholesale,3,30.48,CHF,0.05,91.44,86.87
TXN-CH-1-001152,2026-08-25 00:52:04,2026-08-25 00:58:04,CH,SAP S/4HANA,A,VIT-002,Vitalis Multivit,Supplement,Vitalis,Wholesale,10,16.19,CHF,0.15,161.9,137.62
TXN-CH-1-001153,2026-08-25 06:16:29,2026-08-25 06:19:29,CH,SAP S/4HANA,A,PUR-002,PureLife BP Monitor,Medical Device,PureLife,E-commerce,11,85.71,CHF,0.05,942.81,895.67
TXN-CH-1-001154,2026-08-25 20:56:15,2026-08-25 20:58:15,CH,SAP S/4HANA,A,VIT-001,Vitalis C1000,Supplement,Vitalis,Wholesale,6,20.0,CHF,0.05,120.0,114.0
TXN-CH-1-001155,2026-08-25 08:56:44,2026-08-25 09:02:44,CH,SAP S/4HANA,A,VIT-001,Vitalis C1000,Supplement,Vitalis,Wholesale,6,20.0,CHF,0.1,120.0,108.0
TXN-CH-1-001156,2026-08-25 22:17:38,2026-08-25 22:22:38,CH,SAP S/4HANA,A,MED-001,Medora Cardio 10mg,Prescription,Medora,Pharmacy/B2B,2,40.95,CHF,0.0,81.9,81.9
TXN-CH-1-001157,2026-08-25 00:46:53,2026-08-25 00:47:53,CH,SAP S/4HANA,A,MED-001,Medora Cardio 10mg,Prescription,Medora,D2C,2,40.95,CHF,0.0,81.9,81.9
TXN-CH-1-001158,2026-08-25 12:59:12,2026-08-25 13:01:12,CH,SAP S/4HANA,A,VIT-001,Vitalis C1000,Supplement,Vitalis,E-commerce,5,20.0,CHF,0.2,100.0,80.0
TXN-CH-1-001159,2026-08-25 02:24:13,2026-08-25 02:27:13,CH,SAP S/4HANA,A,PUR-002,PureLife BP Monitor,Medical Device,PureLife,D2C,10,85.71,CHF,0.2,857.1,685.68
TXN-CH-1-001160,2026-08-25 16:15:38,2026-08-25 16:19:38,CH,SAP S/4HANA,A,SAN-002,SanaPlus ColdFlu,OTC,SanaPlus,E-commerce,5,10.0,CHF,0.0,50.0,50.0
TXN-CH-1-001161,2026-08-25 03:41:43,2026-08-25 03:46:43,CH,SAP S/4HANA,A,VIT-001,Vitalis C1000,Supplement,Vitalis,E-commerce,3,20.0,CHF,0.05,60.0,57.0
TXN-CH-1-001162,2026-08-25 04:18:44,2026-08-25 04:23:44,CH,SAP S/4HANA,A,PUR-002,PureLife BP Monitor,Medical Device,PureLife,Wholesale,3,85.71,CHF,0.1,257.13,231.42
TXN-CH-1-001163,2026-08-25 20:06:33,2026-08-25 20:12:33,CH,SAP S/4HANA,A,DER-002,Dermacare LiftCream,Aesthetic,Dermacare,D2C,12,35.24,CHF,0.2,422.88,338.3
TXN-CH-1-001164,2026-08-25 09:04:48,2026-08-25 09:05:48,CH,SAP S/4HANA,A,VIT-001,Vitalis C1000,Supplement,Vitalis,Wholesale,2,20.0,CHF,0.2,40.0,32.0
TXN-CH-1-001165,2026-08-25 01:26:01,2026-08-25 01:28:01,CH,SAP S/4HANA,A,DER-001,Dermacare GlowSerum,Aesthetic,Dermacare,Wholesale,7,30.48,CHF,0.05,213.36,202.69
TXN-CH-1-001166,2026-08-25 06:12:22,2026-08-25 06:13:22,CH,SAP S/4HANA,A,PUR-002,PureLife BP Monitor,Medical Device,PureLife,D2C,8,85.71,CHF,0.1,685.68,617.11
TXN-CH-1-001167,2026-08-25 20:49:21,2026-08-25 20:51:21,CH,SAP S/4HANA,A,DER-002,Dermacare LiftCream,Aesthetic,Dermacare,Pharmacy/B2B,8,35.24,CHF,0.15,281.92,239.63
TXN-CH-1-001168,2026-08-25 20:38:09,2026-08-25 20:41:09,CH,SAP S/4HANA,A,SAN-002,SanaPlus ColdFlu,OTC,SanaPlus,Pharmacy/B2B,6,10.0,CHF,0.0,60.0,60.0
TXN-CH-1-001169,2026-08-25 06:27:10,2026-08-25 06:29:10,CH,SAP S/4HANA,A,PUR-002,PureLife BP Monitor,Medical Device,PureLife,D2C,11,85.71,CHF,0.05,942.81,895.67
TXN-CH-1-001170,2026-08-25 05:26:33,2026-08-25 05:27:33,CH,SAP S/4HANA,A,VIT-002,Vitalis Multivit,Supplement,Vitalis,D2C,5,16.19,CHF,0.15,80.95,68.81
TXN-CH-1-001171,2026-08-25 03:01:28,2026-08-25 03:04:28,CH,SAP S/4HANA,A,PUR-002,PureLife BP Monitor,Medical Device,PureLife,Wholesale,1,85.71,CHF,0.1,85.71,77.14
TXN-CH-1-001172,2026-08-25 21:29:34,2026-08-25 21:33:34,CH,SAP S/4HANA,A,VIT-001,Vitalis C1000,Supplement,Vitalis,D2C,5,20.0,CHF,0.0,100.0,100.0
TXN-CH-1-001173,2026-08-25 18:41:35,2026-08-25 18:44:35,CH,SAP S/4HANA,A,PUR-001,PureLife GlucoMonitor,Medical Device,PureLife,Pharmacy/B2B,8,80.95,CHF,0.0,647.6,647.6
TXN-CH-1-001174,2026-08-25 06:04:33,2026-08-25 06:05:33,CH,SAP S/4HANA,A,VIT-002,Vitalis Multivit,Supplement,Vitalis,D2C,5,16.19,CHF,0.05,80.95,76.9
TXN-CH-1-001175,2026-08-25 15:45:47,2026-08-25 15:48:47,CH,SAP S/4HANA,A,MED-001,Medora Cardio 10mg,Prescription,Medora,D2C,12,40.95,CHF,0.2,491.4,393.12
TXN-CH-1-001176,2026-08-25 23:54:34,2026-08-25 23:58:34,CH,SAP S/4HANA,A,MED-002,Medora Derm Cream,Prescription,Medora,D2C,9,24.76,CHF,0.0,222.84,222.84
TXN-CH-1-001177,2026-08-25 04:45:24,2026-08-25 04:50:24,CH,SAP S/4HANA,A,MED-001,Medora Cardio 10mg,Prescription,Medora,Pharmacy/B2B,5,40.95,CHF,0.05,204.75,194.51
TXN-CH-1-001178,2026-08-25 07:16:07,2026-08-25 07:20:07,CH,SAP S/4HANA,A,DER-001,Dermacare GlowSerum,Aesthetic,Dermacare,Wholesale,1,30.48,CHF,0.15,30.48,25.91
TXN-CH-1-001179,2026-08-25 09:50:26,2026-08-25 09:56:26,CH,SAP S/4HANA,A,DER-001,Dermacare GlowSerum,Aesthetic,Dermacare,D2C,6,30.48,CHF,0.2,182.88,146.3
TXN-CH-1-001180,2026-08-25 18:39:45,2026-08-25 18:43:45,CH,SAP S/4HANA,A,DER-001,Dermacare GlowSerum,Aesthetic,Dermacare,D2C,3,30.48,CHF,0.0,91.44,91.44
TXN-CH-1-001181,2026-08-25 09:31:26,2026-08-25 09:36:26,CH,SAP S/4HANA,A,VIT-002,Vitalis Multivit,Supplement,Vitalis,Wholesale,5,16.19,CHF,0.0,80.95,80.95
TXN-CH-1-001182,2026-08-25 03:01:59,2026-08-25 03:05:59,CH,SAP S/4HANA,A,MED-002,Medora Derm Cream,Prescription,Medora,D2C,9,24.76,CHF,0.0,222.84,222.84
TXN-CH-1-001183,2026-08-25 00:50:15,2026-08-25 00:52:15,CH,SAP S/4HANA,A,MED-002,Medora Derm Cream,Prescription,Medora,E-commerce,2,24.76,CHF,0.0,49.52,49.52
TXN-CH-1-001184,2026-08-25 13:35:40,2026-08-25 13:36:40,CH,SAP S/4HANA,A,VIT-001,Vitalis C1000,Supplement,Vitalis,E-commerce,2,20.0,CHF,0.2,40.0,32.0
TXN-CH-1-001185,2026-08-25 02:44:44,2026-08-25 02:45:44,CH,SAP S/4HANA,A,MED-001,Medora Cardio 10mg,Prescription,Medora,D2C,10,40.95,CHF,0.0,409.5,409.5
TXN-CH-1-001186,2026-08-25 05:41:19,2026-08-25 05:46:19,CH,SAP S/4HANA,A,DER-002,Dermacare LiftCream,Aesthetic,Dermacare,D2C,11,35.24,CHF,0.0,387.64,387.64
TXN-CH-1-001187,2026-08-25 22:18:10,2026-08-25 22:19:10,CH,SAP S/4HANA,A,MED-001,Medora Cardio 10mg,Prescription,Medora,E-commerce,4,40.95,CHF,0.15,163.8,139.23
TXN-CH-1-001188,2026-08-25 02:57:17,2026-08-25 02:59:17,CH,SAP S/4HANA,A,MED-002,Medora Derm Cream,Prescription,Medora,Pharmacy/B2B,1,24.76,CHF,0.05,24.76,23.52
TXN-CH-1-001189,2026-08-25 08:29:09,2026-08-25 08:31:09,CH,SAP S/4HANA,A,MED-001,Medora Cardio 10mg,Prescription,Medora,Pharmacy/B2B,7,40.95,CHF,0.0,286.65,286.65
TXN-CH-1-001190,2026-08-25 22:46:19,2026-08-25 22:51:19,CH,SAP S/4HANA,A,VIT-002,Vitalis Multivit,Supplement,Vitalis,Wholesale,4,16.19,CHF,0.15,64.76,55.05
TXN-CH-1-001191,2026-08-25 18:02:00,2026-08-25 18:07:00,CH,SAP S/4HANA,A,VIT-001,Vitalis C1000,Supplement,Vitalis,Wholesale,5,20.0,CHF,0.15,100.0,85.0
TXN-CH-1-001192,2026-08-25 21:32:49,2026-08-25 21:33:49,CH,SAP S/4HANA,A,DER-002,Dermacare LiftCream,Aesthetic,Dermacare,E-commerce,9,35.24,CHF,0.0,317.16,317.16
TXN-CH-1-001193,2026-08-25 02:53:47,2026-08-25 02:55:47,CH,SAP S/4HANA,A,VIT-002,Vitalis Multivit,Supplement,Vitalis,D2C,3,16.19,CHF,0.1,48.57,43.71
TXN-CH-1-001194,2026-08-25 20:57:03,2026-08-25 20:59:03,CH,SAP S/4HANA,A,MED-002,Medora Derm Cream,Prescription,Medora,Pharmacy/B2B,4,24.76,CHF,0.0,99.04,99.04
TXN-CH-1-001195,2026-08-25 11:42:07,2026-08-25 11:44:07,CH,SAP S/4HANA,A,VIT-001,Vitalis C1000,Supplement,Vitalis,Wholesale,11,20.0,CHF,0.2,220.0,176.0
TXN-CH-1-001196,2026-08-25 21:33:55,2026-08-25 21:36:55,CH,SAP S/4HANA,A,PUR-002,PureLife BP Monitor,Medical Device,PureLife,Wholesale,9,85.71,CHF,0.15,771.39,655.68
TXN-CH-1-001197,2026-08-25 10:23:28,2026-08-25 10:25:28,CH,SAP S/4HANA,A,DER-001,Dermacare GlowSerum,Aesthetic,Dermacare,D2C,6,30.48,CHF,0.15,182.88,155.45
TXN-CH-1-001198,2026-08-25 08:45:58,2026-08-25 08:50:58,CH,SAP S/4HANA,A,MED-001,Medora Cardio 10mg,Prescription,Medora,D2C,5,40.95,CHF,0.2,204.75,163.8
TXN-CH-1-001199,2026-08-25 05:52:17,2026-08-25 05:53:17,CH,SAP S/4HANA,A,MED-001,Medora Cardio 10mg,Prescription,Medora,Pharmacy/B2B,8,40.95,CHF,0.0,327.6,327.6
TXN-CH-1-001200,2026-08-25 02:11:57,2026-08-25 02:16:57,CH,SAP S/4HANA,A,DER-001,Dermacare GlowSerum,Aesthetic,Dermacare,Pharmacy/B2B,11,30.48,CHF,0.2,335.28,268.22
TXN-CH-1-001201,2026-08-25 16:14:09,2026-08-25 16:15:09,CH,SAP S/4HANA,A,MED-002,Medora Derm Cream,Prescription,Medora,D2C,10,24.76,CHF,0.2,247.6,198.08
TXN-CH-1-001202,2026-08-25 13:09:39,2026-08-25 13:15:39,CH,SAP S/4HANA,A,PUR-002,PureLife BP Monitor,Medical Device,PureLife,Pharmacy/B2B,10,85.71,CHF,0.0,857.1,857.1
TXN-CH-1-001203,2026-08-25 11:37:00,2026-08-25 11:41:00,CH,SAP S/4HANA,A,SAN-002,SanaPlus ColdFlu,OTC,SanaPlus,Wholesale,6,10.0,CHF,0.05,60.0,57.0
TXN-CH-1-001204,2026-08-25 10:55:53,2026-08-25 10:59:53,CH,SAP S/4HANA,A,SAN-002,SanaPlus ColdFlu,OTC,SanaPlus,E-commerce,4,10.0,CHF,0.1,40.0,36.0
TXN-CH-1-001205,2026-08-25 06:12:34,2026-08-25 06:13:34,CH,SAP S/4HANA,A,SAN-002,SanaPlus ColdFlu,OTC,SanaPlus,Wholesale,8,10.0,CHF,0.05,80.0,76.0
TXN-CH-1-001206,2026-08-25 11:48:35,2026-08-25 11:52:35,CH,SAP S/4HANA,A,DER-002,Dermacare LiftCream,Aesthetic,Dermacare,Wholesale,8,35.24,CHF,0.0,281.92,281.92
TXN-CH-1-001207,2026-08-25 05:10:23,2026-08-25 05:16:23,CH,SAP S/4HANA,A,DER-001,Dermacare GlowSerum,Aesthetic,Dermacare,Wholesale,1,30.48,CHF,0.2,30.48,24.38
TXN-CH-1-001208,2026-08-25 05:04:35,2026-08-25 05:07:35,CH,SAP S/4HANA,A,DER-001,Dermacare GlowSerum,Aesthetic,Dermacare,E-commerce,7,30.48,CHF,0.0,213.36,213.36
TXN-CH-1-001209,2026-08-25 00:30:28,2026-08-25 00:34:28,CH,SAP S/4HANA,A,VIT-001,Vitalis C1000,Supplement,Vitalis,E-commerce,10,20.0,CHF,0.0,200.0,200.0
TXN-CH-1-001210,2026-08-25 07:54:01,2026-08-25 07:55:01,CH,SAP S/4HANA,A,MED-001,Medora Cardio 10mg,Prescription,Medora,Wholesale,8,40.95,CHF,0.0,327.6,327.6
TXN-CH-1-001211,2026-08-25 09:51:46,2026-08-25 09:54:46,CH,SAP S/4HANA,A,VIT-002,Vitalis Multivit,Supplement,Vitalis,Pharmacy/B2B,8,16.19,CHF,0.05,129.52,123.04
TXN-CH-1-001212,2026-08-25 05:45:50,2026-08-25 05:48:50,CH,SAP S/4HANA,A,PUR-001,PureLife GlucoMonitor,Medical Device,PureLife,D2C,4,80.95,CHF,0.0,323.8,323.8
TXN-CH-1-001213,2026-08-25 17:42:51,2026-08-25 17:47:51,CH,SAP S/4HANA,A,DER-002,Dermacare LiftCream,Aesthetic,Dermacare,Wholesale,7,35.24,CHF,0.2,246.68,197.34
TXN-CH-1-001214,2026-08-25 05:49:08,2026-08-25 05:53:08,CH,SAP S/4HANA,A,MED-001,Medora Cardio 10mg,Prescription,Medora,D2C,2,40.95,CHF,0.0,81.9,81.9
TXN-CH-1-001215,2026-08-25 11:46:13,2026-08-25 11:52:13,CH,SAP S/4HANA,A,DER-002,Dermacare LiftCream,Aesthetic,Dermacare,D2C,3,35.24,CHF,0.0,105.72,105.72
TXN-CH-1-001216,2026-08-25 18:53:15,2026-08-25 18:57:15,CH,SAP S/4HANA,A,VIT-002,Vitalis Multivit,Supplement,Vitalis,Wholesale,8,16.19,CHF,0.0,129.52,129.52
TXN-CH-1-001217,2026-08-25 11:12:51,2026-08-25 11:18:51,CH,SAP S/4HANA,A,VIT-001,Vitalis C1000,Supplement,Vitalis,D2C,11,20.0,CHF,0.0,220.0,220.0
TXN-CH-1-001218,2026-08-25 22:31:05,2026-08-25 22:35:05,CH,SAP S/4HANA,A,PUR-002,PureLife BP Monitor,Medical Device,PureLife,Pharmacy/B2B,10,85.71,CHF,0.0,857.1,857.1
TXN-CH-1-001219,2026-08-25 19:17:00,2026-08-25 19:20:00,CH,SAP S/4HANA,A,SAN-002,SanaPlus ColdFlu,OTC,SanaPlus,D2C,12,10.0,CHF,0.2,120.0,96.0
TXN-CH-1-001220,2026-08-25 04:39:54,2026-08-25 04:42:54,CH,SAP S/4HANA,A,PUR-002,PureLife BP Monitor,Medical Device,PureLife,Wholesale,2,85.71,CHF,0.0,171.42,171.42
TXN-CH-1-001221,2026-08-25 16:16:39,2026-08-25 16:19:39,CH,SAP S/4HANA,A,DER-001,Dermacare GlowSerum,Aesthetic,Dermacare,E-commerce,4,30.48,CHF,0.0,121.92,121.92
TXN-CH-1-001222,2026-08-25 08:29:57,2026-08-25 08:32:57,CH,SAP S/4HANA,A,DER-002,Dermacare LiftCream,Aesthetic,Dermacare,D2C,9,35.24,CHF,0.0,317.16,317.16
TXN-CH-1-001223,2026-08-25 21:00:57,2026-08-25 21:03:57,CH,SAP S/4HANA,A,VIT-002,Vitalis Multivit,Supplement,Vitalis,E-commerce,6,16.19,CHF,0.2,97.14,77.71
TXN-CH-1-001224,2026-08-25 23:02:06,2026-08-25 23:07:06,CH,SAP S/4HANA,A,VIT-002,Vitalis Multivit,Supplement,Vitalis,E-commerce,4,16.19,CHF,0.05,64.76,61.52
TXN-CH-1-001225,2026-08-25 20:30:32,2026-08-25 20:34:32,CH,SAP S/4HANA,A,MED-001,Medora Cardio 10mg,Prescription,Medora,D2C,9,40.95,CHF,0.0,368.55,368.55
TXN-CH-1-001226,2026-08-25 13:59:10,2026-08-25 14:01:10,CH,SAP S/4HANA,A,PUR-002,PureLife BP Monitor,Medical Device,PureLife,D2C,2,85.71,CHF,0.1,171.42,154.28
TXN-CH-1-001227,2026-08-25 17:52:28,2026-08-25 17:56:28,CH,SAP S/4HANA,A,PUR-002,PureLife BP Monitor,Medical Device,PureLife,D2C,2,85.71,CHF,0.05,171.42,162.85
TXN-CH-1-001228,2026-08-25 14:11:02,2026-08-25 14:13:02,CH,SAP S/4HANA,A,SAN-001,SanaPlus PainRelief,OTC,SanaPlus,E-commerce,6,9.05,CHF,0.2,54.3,43.44
TXN-CH-1-001229,2026-08-25 02:08:56,2026-08-25 02:12:56,CH,SAP S/4HANA,A,VIT-002,Vitalis Multivit,Supplement,Vitalis,E-commerce,11,16.19,CHF,0.0,178.09,178.09
TXN-CH-1-001230,2026-08-25 11:54:48,2026-08-25 11:57:48,CH,SAP S/4HANA,A,PUR-002,PureLife BP Monitor,Medical Device,PureLife,Wholesale,9,85.71,CHF,0.0,771.39,771.39
TXN-CH-1-001231,2026-08-25 09:55:50,2026-08-25 09:58:50,CH,SAP S/4HANA,A,DER-002,Dermacare LiftCream,Aesthetic,Dermacare,D2C,10,35.24,CHF,0.1,352.4,317.16
TXN-CH-1-001232,2026-08-25 07:17:02,2026-08-25 07:23:02,CH,SAP S/4HANA,A,VIT-002,Vitalis Multivit,Supplement,Vitalis,Pharmacy/B2B,5,16.19,CHF,0.15,80.95,68.81
TXN-CH-1-001233,2026-08-25 02:12:18,2026-08-25 02:18:18,CH,SAP S/4HANA,A,VIT-002,Vitalis Multivit,Supplement,Vitalis,D2C,4,16.19,CHF,0.2,64.76,51.81
TXN-CH-1-001234,2026-08-25 13:41:24,2026-08-25 13:45:24,CH,SAP S/4HANA,A,MED-001,Medora Cardio 10mg,Prescription,Medora,D2C,5,40.95,CHF,0.0,204.75,204.75
TXN-CH-1-001235,2026-08-25 05:14:42,2026-08-25 05:17:42,CH,SAP S/4HANA,A,MED-001,Medora Cardio 10mg,Prescription,Medora,Pharmacy/B2B,11,40.95,CHF,0.15,450.45,382.88
TXN-CH-1-001236,2026-08-25 15:20:36,2026-08-25 15:21:36,CH,SAP S/4HANA,A,SAN-002,SanaPlus ColdFlu,OTC,SanaPlus,Wholesale,3,10.0,CHF,0.05,30.0,28.5
TXN-CH-1-001237,2026-08-25 22:47:16,2026-08-25 22:51:16,CH,SAP S/4HANA,A,PUR-001,PureLife GlucoMonitor,Medical Device,PureLife,E-commerce,10,80.95,CHF,0.05,809.5,769.02
TXN-CH-1-001238,2026-08-25 11:26:08,2026-08-25 11:27:08,CH,SAP S/4HANA,A,SAN-001,SanaPlus PainRelief,OTC,SanaPlus,Wholesale,5,9.05,CHF,0.0,45.25,45.25
TXN-CH-1-001239,2026-08-25 22:05:00,2026-08-25 22:09:00,CH,SAP S/4HANA,A,SAN-001,SanaPlus PainRelief,OTC,SanaPlus,E-commerce,10,9.05,CHF,0.0,90.5,90.5
TXN-CH-1-001240,2026-08-25 11:45:10,2026-08-25 11:46:10,CH,SAP S/4HANA,A,MED-002,Medora Derm Cream,Prescription,Medora,Pharmacy/B2B,6,24.76,CHF,0.1,148.56,133.7
TXN-CH-1-001241,2026-08-25 17:22:14,2026-08-25 17:25:14,CH,SAP S/4HANA,A,VIT-001,Vitalis C1000,Supplement,Vitalis,D2C,12,20.0,CHF,0.05,240.0,228.0
TXN-CH-1-001242,2026-08-25 20:01:46,2026-08-25 20:02:46,CH,SAP S/4HANA,A,DER-001,Dermacare GlowSerum,Aesthetic,Dermacare,D2C,7,30.48,CHF,0.0,213.36,213.36
TXN-CH-1-001243,2026-08-25 11:53:29,2026-08-25 11:58:29,CH,SAP S/4HANA,A,MED-001,Medora Cardio 10mg,Prescription,Medora,D2C,6,40.95,CHF,0.1,245.7,221.13
TXN-CH-1-001244,2026-08-25 20:41:58,2026-08-25 20:42:58,CH,SAP S/4HANA,A,PUR-001,PureLife GlucoMonitor,Medical Device,PureLife,Pharmacy/B2B,12,80.95,CHF,0.15,971.4,825.69
TXN-CH-1-001245,2026-08-25 04:48:04,2026-08-25 04:52:04,CH,SAP S/4HANA,A,MED-002,Medora Derm Cream,Prescription,Medora,Pharmacy/B2B,3,24.76,CHF,0.0,74.28,74.28
TXN-CH-1-001246,2026-08-25 03:43:22,2026-08-25 03:48:22,CH,SAP S/4HANA,A,VIT-001,Vitalis C1000,Supplement,Vitalis,E-commerce,2,20.0,CHF,0.2,40.0,32.0
TXN-CH-1-001247,2026-08-25 13:07:07,2026-08-25 13:10:07,CH,SAP S/4HANA,A,SAN-002,SanaPlus ColdFlu,OTC,SanaPlus,Pharmacy/B2B,7,10.0,CHF,0.0,70.0,70.0
TXN-CH-1-001248,2026-08-25 02:31:59,2026-08-25 02:35:59,CH,SAP S/4HANA,A,DER-001,Dermacare GlowSerum,Aesthetic,Dermacare,Pharmacy/B2B,9,30.48,CHF,0.05,274.32,260.6
TXN-CH-1-001249,2026-08-25 23:22:04,2026-08-25 23:26:04,CH,SAP S/4HANA,A,VIT-001,Vitalis C1000,Supplement,Vitalis,Pharmacy/B2B,4,20.0,CHF,0.05,80.0,76.0
TXN-CH-1-001250,2026-08-25 05:47:28,2026-08-25 05:48:28,CH,SAP S/4HANA,A,SAN-001,SanaPlus PainRelief,OTC,SanaPlus,E-commerce,4,9.05,CHF,0.0,36.2,36.2
TXN-CH-1-001251,2026-08-25 23:28:29,2026-08-25 23:34:29,CH,SAP S/4HANA,A,PUR-001,PureLife GlucoMonitor,Medical Device,PureLife,Pharmacy/B2B,1,80.95,CHF,0.15,80.95,68.81
TXN-CH-1-001252,2026-08-25 08:12:39,2026-08-25 08:16:39,CH,SAP S/4HANA,A,MED-001,Medora Cardio 10mg,Prescription,Medora,Pharmacy/B2B,4,40.95,CHF,0.2,163.8,131.04
TXN-CH-1-001253,2026-08-25 08:28:15,2026-08-25 08:30:15,CH,SAP S/4HANA,A,VIT-001,Vitalis C1000,Supplement,Vitalis,D2C,6,20.0,CHF,0.05,120.0,114.0
TXN-CH-1-001254,2026-08-25 23:05:42,2026-08-25 23:11:42,CH,SAP S/4HANA,A,DER-001,Dermacare GlowSerum,Aesthetic,Dermacare,Pharmacy/B2B,9,30.48,CHF,0.2,274.32,219.46
TXN-CH-1-001255,2026-08-25 10:32:43,2026-08-25 10:36:43,CH,SAP S/4HANA,A,MED-001,Medora Cardio 10mg,Prescription,Medora,Wholesale,9,40.95,CHF,0.0,368.55,368.55
TXN-CH-1-001256,2026-08-25 01:27:39,2026-08-25 01:29:39,CH,SAP S/4HANA,A,PUR-002,PureLife BP Monitor,Medical Device,PureLife,Pharmacy/B2B,4,85.71,CHF,0.0,342.84,342.84
TXN-CH-1-001257,2026-08-25 21:13:00,2026-08-25 21:17:00,CH,SAP S/4HANA,A,MED-001,Medora Cardio 10mg,Prescription,Medora,D2C,12,40.95,CHF,0.0,491.4,491.4
TXN-CH-1-001258,2026-08-25 21:10:29,2026-08-25 21:13:29,CH,SAP S/4HANA,A,PUR-001,PureLife GlucoMonitor,Medical Device,PureLife,E-commerce,7,80.95,CHF,0.0,566.65,566.65
TXN-CH-1-001259,2026-08-25 05:32:36,2026-08-25 05:37:36,CH,SAP S/4HANA,A,MED-001,Medora Cardio 10mg,Prescription,Medora,D2C,5,40.95,CHF,0.1,204.75,184.28
TXN-CH-1-001260,2026-08-25 13:37:40,2026-08-25 13:42:40,CH,SAP S/4HANA,A,DER-001,Dermacare GlowSerum,Aesthetic,Dermacare,E-commerce,4,30.48,CHF,0.2,121.92,97.54
TXN-CH-1-001261,2026-08-25 22:07:21,2026-08-25 22:10:21,CH,SAP S/4HANA,A,SAN-002,SanaPlus ColdFlu,OTC,SanaPlus,E-commerce,6,10.0,CHF,0.0,60.0,60.0
TXN-CH-1-001262,2026-08-25 14:17:43,2026-08-25 14:18:43,CH,SAP S/4HANA,A,SAN-001,SanaPlus PainRelief,OTC,SanaPlus,Wholesale,1,9.05,CHF,0.05,9.05,8.6
TXN-CH-1-001263,2026-08-25 21:58:04,2026-08-25 22:04:04,CH,SAP S/4HANA,A,PUR-001,PureLife GlucoMonitor,Medical Device,PureLife,Wholesale,4,80.95,CHF,0.0,323.8,323.8
TXN-CH-1-001264,2026-08-25 04:06:10,2026-08-25 04:07:10,CH,SAP S/4HANA,A,DER-001,Dermacare GlowSerum,Aesthetic,Dermacare,Pharmacy/B2B,12,30.48,CHF,0.2,365.76,292.61
TXN-CH-1-001265,2026-08-25 07:29:06,2026-08-25 07:31:06,CH,SAP S/4HANA,A,PUR-002,PureLife BP Monitor,Medical Device,PureLife,D2C,12,85.71,CHF,0.15,1028.52,874.24
TXN-CH-1-001266,2026-08-25 07:48:14,2026-08-25 07:53:14,CH,SAP S/4HANA,A,SAN-001,SanaPlus PainRelief,OTC,SanaPlus,D2C,8,9.05,CHF,0.0,72.4,72.4
TXN-CH-1-001267,2026-08-25 23:35:12,2026-08-25 23:41:12,CH,SAP S/4HANA,A,VIT-002,Vitalis Multivit,Supplement,Vitalis,D2C,4,16.19,CHF,0.1,64.76,58.28
TXN-CH-1-001268,2026-08-25 00:52:01,2026-08-25 00:55:01,CH,SAP S/4HANA,A,MED-001,Medora Cardio 10mg,Prescription,Medora,E-commerce,3,40.95,CHF,0.2,122.85,98.28
TXN-CH-1-001269,2026-08-25 12:09:29,2026-08-25 12:11:29,CH,SAP S/4HANA,A,DER-002,Dermacare LiftCream,Aesthetic,Dermacare,Wholesale,12,35.24,CHF,0.0,422.88,422.88
TXN-CH-1-001270,2026-08-25 16:40:15,2026-08-25 16:44:15,CH,SAP S/4HANA,A,PUR-002,PureLife BP Monitor,Medical Device,PureLife,E-commerce,8,85.71,CHF,0.05,685.68,651.4
TXN-CH-1-001271,2026-08-25 20:25:09,2026-08-25 20:30:09,CH,SAP S/4HANA,A,SAN-001,SanaPlus PainRelief,OTC,SanaPlus,E-commerce,2,9.05,CHF,0.1,18.1,16.29
TXN-CH-1-001272,2026-08-25 03:54:18,2026-08-25 03:55:18,CH,SAP S/4HANA,A,MED-001,Medora Cardio 10mg,Prescription,Medora,Pharmacy/B2B,1,40.95,CHF,0.0,40.95,40.95
TXN-CH-1-001273,2026-08-25 00:00:01,2026-08-25 00:03:01,CH,SAP S/4HANA,A,DER-002,Dermacare LiftCream,Aesthetic,Dermacare,Wholesale,12,35.24,CHF,0.1,422.88,380.59
TXN-CH-1-001274,2026-08-25 05:48:24,2026-08-25 05:49:24,CH,SAP S/4HANA,A,MED-001,Medora Cardio 10mg,Prescription,Medora,D2C,4,40.95,CHF,0.15,163.8,139.23
TXN-CH-1-001275,2026-08-25 06:56:46,2026-08-25 07:00:46,CH,SAP S/4HANA,A,SAN-002,SanaPlus ColdFlu,OTC,SanaPlus,Pharmacy/B2B,5,10.0,CHF,0.05,50.0,47.5
TXN-CH-1-001276,2026-08-25 23:47:52,2026-08-25 23:48:52,CH,SAP S/4HANA,A,SAN-001,SanaPlus PainRelief,OTC,SanaPlus,Pharmacy/B2B,2,9.05,CHF,0.0,18.1,18.1
TXN-CH-1-001277,2026-08-25 05:09:51,2026-08-25 05:12:51,CH,SAP S/4HANA,A,DER-002,Dermacare LiftCream,Aesthetic,Dermacare,E-commerce,2,35.24,CHF,0.15,70.48,59.91
TXN-CH-1-001278,2026-08-25 01:06:20,2026-08-25 01:10:20,CH,SAP S/4HANA,A,VIT-001,Vitalis C1000,Supplement,Vitalis,Pharmacy/B2B,2,20.0,CHF,0.0,40.0,40.0
TXN-CH-1-001279,2026-08-25 08:32:56,2026-08-25 08:36:56,CH,SAP S/4HANA,A,PUR-002,PureLife BP Monitor,Medical Device,PureLife,D2C,5,85.71,CHF,0.0,428.55,428.55
TXN-CH-1-001280,2026-08-25 20:30:23,2026-08-25 20:34:23,CH,SAP S/4HANA,A,MED-002,Medora Derm Cream,Prescription,Medora,E-commerce,4,24.76,CHF,0.0,99.04,99.04
TXN-CH-1-001281,2026-08-25 14:28:26,2026-08-25 14:34:26,CH,SAP S/4HANA,A,DER-001,Dermacare GlowSerum,Aesthetic,Dermacare,Pharmacy/B2B,1,30.48,CHF,0.05,30.48,28.96
TXN-CH-1-001282,2026-08-25 15:44:47,2026-08-25 15:48:47,CH,SAP S/4HANA,A,DER-001,Dermacare GlowSerum,Aesthetic,Dermacare,E-commerce,1,30.48,CHF,0.1,30.48,27.43
TXN-CH-1-001283,2026-08-25 01:36:11,2026-08-25 01:42:11,CH,SAP S/4HANA,A,MED-002,Medora Derm Cream,Prescription,Medora,D2C,12,24.76,CHF,0.0,297.12,297.12
TXN-CH-1-001284,2026-08-25 17:26:45,2026-08-25 17:28:45,CH,SAP S/4HANA,A,SAN-001,SanaPlus PainRelief,OTC,SanaPlus,Pharmacy/B2B,11,9.05,CHF,0.0,99.55,99.55
TXN-CH-1-001285,2026-08-25 06:50:50,2026-08-25 06:52:50,CH,SAP S/4HANA,A,DER-002,Dermacare LiftCream,Aesthetic,Dermacare,Pharmacy/B2B,11,35.24,CHF,0.0,387.64,387.64
TXN-CH-1-001286,2026-08-25 20:30:21,2026-08-25 20:34:21,CH,SAP S/4HANA,A,PUR-001,PureLife GlucoMonitor,Medical Device,PureLife,Wholesale,4,80.95,CHF,0.15,323.8,275.23
TXN-CH-1-001287,2026-08-25 01:43:18,2026-08-25 01:46:18,CH,SAP S/4HANA,A,SAN-002,SanaPlus ColdFlu,OTC,SanaPlus,Pharmacy/B2B,10,10.0,CHF,0.0,100.0,100.0
TXN-CH-1-001288,2026-08-25 16:36:42,2026-08-25 16:40:42,CH,SAP S/4HANA,A,PUR-001,PureLife GlucoMonitor,Medical Device,PureLife,E-commerce,6,80.95,CHF,0.15,485.7,412.84
TXN-CH-1-001289,2026-08-25 13:31:03,2026-08-25 13:37:03,CH,SAP S/4HANA,A,PUR-001,PureLife GlucoMonitor,Medical Device,PureLife,E-commerce,6,80.95,CHF,0.15,485.7,412.84
TXN-CH-1-001290,2026-08-25 23:16:36,2026-08-25 23:19:36,CH,SAP S/4HANA,A,DER-001,Dermacare GlowSerum,Aesthetic,Dermacare,E-commerce,10,30.48,CHF,0.05,304.8,289.56
TXN-CH-1-001291,2026-08-25 13:32:53,2026-08-25 13:36:53,CH,SAP S/4HANA,A,SAN-002,SanaPlus ColdFlu,OTC,SanaPlus,D2C,3,10.0,CHF,0.2,30.0,24.0
TXN-CH-1-001292,2026-08-25 18:00:16,2026-08-25 18:06:16,CH,SAP S/4HANA,A,PUR-001,PureLife GlucoMonitor,Medical Device,PureLife,Wholesale,6,80.95,CHF,0.05,485.7,461.41
TXN-CH-1-001293,2026-08-25 03:08:50,2026-08-25 03:13:50,CH,SAP S/4HANA,A,SAN-001,SanaPlus PainRelief,OTC,SanaPlus,E-commerce,6,9.05,CHF,0.0,54.3,54.3
TXN-CH-1-001294,2026-08-25 23:30:02,2026-08-25 23:34:02,CH,SAP S/4HANA,A,DER-002,Dermacare LiftCream,Aesthetic,Dermacare,E-commerce,1,35.24,CHF,0.0,35.24,35.24
TXN-CH-1-001295,2026-08-25 18:26:08,2026-08-25 18:32:08,CH,SAP S/4HANA,A,VIT-001,Vitalis C1000,Supplement,Vitalis,D2C,9,20.0,CHF,0.15,180.0,153.0
TXN-CH-1-001296,2026-08-25 05:48:16,2026-08-25 05:53:16,CH,SAP S/4HANA,A,VIT-001,Vitalis C1000,Supplement,Vitalis,E-commerce,12,20.0,CHF,0.05,240.0,228.0
TXN-CH-1-001297,2026-08-25 02:58:34,2026-08-25 03:02:34,CH,SAP S/4HANA,A,MED-002,Medora Derm Cream,Prescription,Medora,Pharmacy/B2B,9,24.76,CHF,0.0,222.84,222.84
TXN-CH-1-001298,2026-08-25 20:57:07,2026-08-25 20:58:07,CH,SAP S/4HANA,A,SAN-001,SanaPlus PainRelief,OTC,SanaPlus,E-commerce,12,9.05,CHF,0.0,108.6,108.6
