transaction_id,order_datetime_utc,ingested_at_utc,country,source_system,source_scenario,product_code,product_name,product_category,brand,sales_channel,quantity,unit_price,currency,discount_pct,gross_amount,net_amount
TXN-DE-4-000001,2026-08-28 06:40:56,2026-08-28 06:43:56,DE,SaaS Platform,D,SAN-001,SanaPlus PainRelief,OTC,SanaPlus,D2C,12,9.5,EUR,0.0,114.0,114.0
TXN-DE-4-000002,2026-08-28 01:30:48,2026-08-28 01:32:48,DE,SaaS Platform,D,SAN-002,SanaPlus ColdFlu,OTC,SanaPlus,E-commerce,10,10.5,EUR,0.0,105.0,105.0
TXN-DE-4-000003,2026-08-28 06:39:48,2026-08-28 06:42:48,DE,SaaS Platform,D,PUR-001,PureLife GlucoMonitor,Medical Device,PureLife,Wholesale,4,85.0,EUR,0.0,340.0,340.0
TXN-DE-4-000004,2026-08-28 06:24:17,2026-08-28 06:25:17,DE,SaaS Platform,D,PUR-001,PureLife GlucoMonitor,Medical Device,PureLife,Pharmacy/B2B,4,85.0,EUR,0.2,340.0,272.0
TXN-DE-4-000005,2026-08-28 16:47:34,2026-08-28 16:53:34,DE,SaaS Platform,D,SAN-001,SanaPlus PainRelief,OTC,SanaPlus,Pharmacy/B2B,7,9.5,EUR,0.1,66.5,59.85
TXN-DE-4-000006,2026-08-28 12:12:04,2026-08-28 12:15:04,DE,SaaS Platform,D,VIT-002,Vitalis Multivit,Supplement,Vitalis,Pharmacy/B2B,9,17.0,EUR,0.15,153.0,130.05
TXN-DE-4-000007,2026-08-28 12:58:42,2026-08-28 13:02:42,DE,SaaS Platform,D,DER-001,Dermacare GlowSerum,Aesthetic,Dermacare,Wholesale,5,32.0,EUR,0.15,160.0,136.0
TXN-DE-4-000008,2026-08-28 21:13:23,2026-08-28 21:15:23,DE,SaaS Platform,D,PUR-002,PureLife BP Monitor,Medical Device,PureLife,Pharmacy/B2B,12,90.0,EUR,0.05,1080.0,1026.0
TXN-DE-4-000009,2026-08-28 20:34:49,2026-08-28 20:36:49,DE,SaaS Platform,D,PUR-002,PureLife BP Monitor,Medical Device,PureLife,Wholesale,11,90.0,EUR,0.2,990.0,792.0
TXN-DE-4-000010,2026-08-28 13:47:50,2026-08-28 13:49:50,DE,SaaS Platform,D,DER-002,Dermacare LiftCream,Aesthetic,Dermacare,D2C,6,37.0,EUR,0.0,222.0,222.0
TXN-DE-4-000011,2026-08-28 16:13:23,2026-08-28 16:18:23,DE,SaaS Platform,D,VIT-002,Vitalis Multivit,Supplement,Vitalis,E-commerce,8,17.0,EUR,0.15,136.0,115.6
TXN-DE-4-000012,2026-08-28 04:25:10,2026-08-28 04:30:10,DE,SaaS Platform,D,DER-001,Dermacare GlowSerum,Aesthetic,Dermacare,Wholesale,3,32.0,EUR,0.05,96.0,91.2
TXN-DE-4-000013,2026-08-28 05:57:43,2026-08-28 06:02:43,DE,SaaS Platform,D,DER-002,Dermacare LiftCream,Aesthetic,Dermacare,Wholesale,8,37.0,EUR,0.0,296.0,296.0
TXN-DE-4-000014,2026-08-28 00:29:40,2026-08-28 00:32:40,DE,SaaS Platform,D,DER-001,Dermacare GlowSerum,Aesthetic,Dermacare,Wholesale,7,32.0,EUR,0.1,224.0,201.6
TXN-DE-4-000015,2026-08-28 21:14:33,2026-08-28 21:19:33,DE,SaaS Platform,D,PUR-002,PureLife BP Monitor,Medical Device,PureLife,D2C,6,90.0,EUR,0.0,540.0,540.0
TXN-DE-4-000016,2026-08-28 17:04:56,2026-08-28 17:10:56,DE,SaaS Platform,D,SAN-002,SanaPlus ColdFlu,OTC,SanaPlus,D2C,1,10.5,EUR,0.1,10.5,9.45
TXN-DE-4-000017,2026-08-28 08:00:27,2026-08-28 08:06:27,DE,SaaS Platform,D,SAN-002,SanaPlus ColdFlu,OTC,SanaPlus,Wholesale,1,10.5,EUR,0.2,10.5,8.4
TXN-DE-4-000018,2026-08-28 00:51:58,2026-08-28 00:53:58,DE,SaaS Platform,D,VIT-002,Vitalis Multivit,Supplement,Vitalis,Pharmacy/B2B,9,17.0,EUR,0.2,153.0,122.4
TXN-DE-4-000019,2026-08-28 22:25:26,2026-08-28 22:29:26,DE,SaaS Platform,D,VIT-001,Vitalis C1000,Supplement,Vitalis,Pharmacy/B2B,11,21.0,EUR,0.1,231.0,207.9
TXN-DE-4-000020,2026-08-28 07:18:08,2026-08-28 07:22:08,DE,SaaS Platform,D,VIT-001,Vitalis C1000,Supplement,Vitalis,Wholesale,12,21.0,EUR,0.2,252.0,201.6
TXN-DE-4-000021,2026-08-28 14:56:46,2026-08-28 14:59:46,DE,SaaS Platform,D,MED-001,Medora Cardio 10mg,Prescription,Medora,E-commerce,12,43.0,EUR,0.1,516.0,464.4
TXN-DE-4-000022,2026-08-28 19:30:22,2026-08-28 19:32:22,DE,SaaS Platform,D,MED-002,Medora Derm Cream,Prescription,Medora,D2C,6,26.0,EUR,0.2,156.0,124.8
TXN-DE-4-000023,2026-08-28 04:40:32,2026-08-28 04:46:32,DE,SaaS Platform,D,VIT-002,Vitalis Multivit,Supplement,Vitalis,E-commerce,9,17.0,EUR,0.0,153.0,153.0
TXN-DE-4-000024,2026-08-28 19:15:02,2026-08-28 19:21:02,DE,SaaS Platform,D,SAN-001,SanaPlus PainRelief,OTC,SanaPlus,E-commerce,11,9.5,EUR,0.2,104.5,83.6
TXN-DE-4-000025,2026-08-28 12:13:20,2026-08-28 12:15:20,DE,SaaS Platform,D,SAN-002,SanaPlus ColdFlu,OTC,SanaPlus,D2C,1,10.5,EUR,0.0,10.5,10.5
TXN-DE-4-000026,2026-08-28 00:41:28,2026-08-28 00:43:28,DE,SaaS Platform,D,VIT-002,Vitalis Multivit,Supplement,Vitalis,Wholesale,8,17.0,EUR,0.0,136.0,136.0
TXN-DE-4-000027,2026-08-28 03:59:21,2026-08-28 04:03:21,DE,SaaS Platform,D,DER-001,Dermacare GlowSerum,Aesthetic,Dermacare,Wholesale,4,32.0,EUR,0.0,128.0,128.0
TXN-DE-4-000028,2026-08-28 04:26:14,2026-08-28 04:27:14,DE,SaaS Platform,D,SAN-001,SanaPlus PainRelief,OTC,SanaPlus,Pharmacy/B2B,3,9.5,EUR,0.15,28.5,24.22
TXN-DE-4-000029,2026-08-28 11:53:17,2026-08-28 11:54:17,DE,SaaS Platform,D,SAN-002,SanaPlus ColdFlu,OTC,SanaPlus,D2C,11,10.5,EUR,0.15,115.5,98.17
TXN-DE-4-000030,2026-08-28 07:39:22,2026-08-28 07:42:22,DE,SaaS Platform,D,DER-001,Dermacare GlowSerum,Aesthetic,Dermacare,Wholesale,12,32.0,EUR,0.05,384.0,364.8
TXN-DE-4-000031,2026-08-28 23:32:30,2026-08-28 23:34:30,DE,SaaS Platform,D,PUR-002,PureLife BP Monitor,Medical Device,PureLife,D2C,5,90.0,EUR,0.15,450.0,382.5
TXN-DE-4-000032,2026-08-28 16:24:41,2026-08-28 16:26:41,DE,SaaS Platform,D,VIT-002,Vitalis Multivit,Supplement,Vitalis,D2C,4,17.0,EUR,0.2,68.0,54.4
TXN-DE-4-000033,2026-08-28 00:41:04,2026-08-28 00:47:04,DE,SaaS Platform,D,VIT-001,Vitalis C1000,Supplement,Vitalis,Pharmacy/B2B,12,21.0,EUR,0.0,252.0,252.0
TXN-DE-4-000034,2026-08-28 02:07:52,2026-08-28 02:13:52,DE,SaaS Platform,D,VIT-002,Vitalis Multivit,Supplement,Vitalis,E-commerce,1,17.0,EUR,0.1,17.0,15.3
TXN-DE-4-000035,2026-08-28 12:03:59,2026-08-28 12:07:59,DE,SaaS Platform,D,DER-001,Dermacare GlowSerum,Aesthetic,Dermacare,Wholesale,2,32.0,EUR,0.0,64.0,64.0
TXN-DE-4-000036,2026-08-28 21:47:40,2026-08-28 21:48:40,DE,SaaS Platform,D,DER-001,Dermacare GlowSerum,Aesthetic,Dermacare,Wholesale,8,32.0,EUR,0.0,256.0,256.0
TXN-DE-4-000037,2026-08-28 02:24:03,2026-08-28 02:30:03,DE,SaaS Platform,D,VIT-002,Vitalis Multivit,Supplement,Vitalis,Wholesale,5,17.0,EUR,0.2,85.0,68.0
TXN-DE-4-000038,2026-08-28 02:26:42,2026-08-28 02:32:42,DE,SaaS Platform,D,PUR-002,PureLife BP Monitor,Medical Device,PureLife,D2C,6,90.0,EUR,0.05,540.0,513.0
TXN-DE-4-000039,2026-08-28 05:17:13,2026-08-28 05:22:13,DE,SaaS Platform,D,SAN-001,SanaPlus PainRelief,OTC,SanaPlus,Pharmacy/B2B,12,9.5,EUR,0.05,114.0,108.3
TXN-DE-4-000040,2026-08-28 16:06:25,2026-08-28 16:08:25,DE,SaaS Platform,D,MED-002,Medora Derm Cream,Prescription,Medora,Wholesale,7,26.0,EUR,0.0,182.0,182.0
TXN-DE-4-000041,2026-08-28 16:50:34,2026-08-28 16:53:34,DE,SaaS Platform,D,DER-002,Dermacare LiftCream,Aesthetic,Dermacare,E-commerce,12,37.0,EUR,0.0,444.0,444.0
TXN-DE-4-000042,2026-08-28 21:39:24,2026-08-28 21:42:24,DE,SaaS Platform,D,DER-002,Dermacare LiftCream,Aesthetic,Dermacare,D2C,3,37.0,EUR,0.0,111.0,111.0
TXN-DE-4-000043,2026-08-28 06:00:04,2026-08-28 06:05:04,DE,SaaS Platform,D,MED-002,Medora Derm Cream,Prescription,Medora,Pharmacy/B2B,1,26.0,EUR,0.0,26.0,26.0
TXN-DE-4-000044,2026-08-28 18:43:12,2026-08-28 18:44:12,DE,SaaS Platform,D,MED-002,Medora Derm Cream,Prescription,Medora,Wholesale,8,26.0,EUR,0.1,208.0,187.2
TXN-DE-4-000045,2026-08-28 05:12:34,2026-08-28 05:16:34,DE,SaaS Platform,D,VIT-001,Vitalis C1000,Supplement,Vitalis,E-commerce,9,21.0,EUR,0.1,189.0,170.1
TXN-DE-4-000046,2026-08-28 06:24:55,2026-08-28 06:29:55,DE,SaaS Platform,D,MED-002,Medora Derm Cream,Prescription,Medora,Pharmacy/B2B,4,26.0,EUR,0.0,104.0,104.0
TXN-DE-4-000047,2026-08-28 23:03:55,2026-08-28 23:07:55,DE,SaaS Platform,D,PUR-002,PureLife BP Monitor,Medical Device,PureLife,E-commerce,6,90.0,EUR,0.0,540.0,540.0
TXN-DE-4-000048,2026-08-28 15:42:45,2026-08-28 15:47:45,DE,SaaS Platform,D,SAN-002,SanaPlus ColdFlu,OTC,SanaPlus,E-commerce,1,10.5,EUR,0.0,10.5,10.5
TXN-DE-4-000049,2026-08-28 11:32:28,2026-08-28 11:36:28,DE,SaaS Platform,D,SAN-001,SanaPlus PainRelief,OTC,SanaPlus,D2C,4,9.5,EUR,0.05,38.0,36.1
TXN-DE-4-000050,2026-08-28 06:09:11,2026-08-28 06:14:11,DE,SaaS Platform,D,MED-002,Medora Derm Cream,Prescription,Medora,E-commerce,11,26.0,EUR,0.0,286.0,286.0
TXN-DE-4-000051,2026-08-28 15:14:46,2026-08-28 15:16:46,DE,SaaS Platform,D,MED-002,Medora Derm Cream,Prescription,Medora,Pharmacy/B2B,6,26.0,EUR,0.0,156.0,156.0
TXN-DE-4-000052,2026-08-28 21:44:54,2026-08-28 21:48:54,DE,SaaS Platform,D,VIT-002,Vitalis Multivit,Supplement,Vitalis,Pharmacy/B2B,4,17.0,EUR,0.1,68.0,61.2
TXN-DE-4-000053,2026-08-28 13:30:32,2026-08-28 13:36:32,DE,SaaS Platform,D,SAN-002,SanaPlus ColdFlu,OTC,SanaPlus,E-commerce,10,10.5,EUR,0.05,105.0,99.75
TXN-DE-4-000054,2026-08-28 09:42:57,2026-08-28 09:43:57,DE,SaaS Platform,D,DER-002,Dermacare LiftCream,Aesthetic,Dermacare,Pharmacy/B2B,4,37.0,EUR,0.0,148.0,148.0
TXN-DE-4-000055,2026-08-28 03:10:19,2026-08-28 03:14:19,DE,SaaS Platform,D,DER-001,Dermacare GlowSerum,Aesthetic,Dermacare,Pharmacy/B2B,9,32.0,EUR,0.0,288.0,288.0
TXN-DE-4-000056,2026-08-28 05:21:42,2026-08-28 05:24:42,DE,SaaS Platform,D,VIT-002,Vitalis Multivit,Supplement,Vitalis,Pharmacy/B2B,4,17.0,EUR,0.0,68.0,68.0
TXN-DE-4-000057,2026-08-28 19:33:42,2026-08-28 19:39:42,DE,SaaS Platform,D,MED-002,Medora Derm Cream,Prescription,Medora,E-commerce,4,26.0,EUR,0.0,104.0,104.0
TXN-DE-4-000058,2026-08-28 07:16:16,2026-08-28 07:17:16,DE,SaaS Platform,D,SAN-002,SanaPlus ColdFlu,OTC,SanaPlus,E-commerce,2,10.5,EUR,0.2,21.0,16.8
TXN-DE-4-000059,2026-08-28 08:29:51,2026-08-28 08:34:51,DE,SaaS Platform,D,SAN-001,SanaPlus PainRelief,OTC,SanaPlus,Pharmacy/B2B,9,9.5,EUR,0.1,85.5,76.95
TXN-DE-4-000060,2026-08-28 04:32:23,2026-08-28 04:38:23,DE,SaaS Platform,D,VIT-001,Vitalis C1000,Supplement,Vitalis,Wholesale,3,21.0,EUR,0.0,63.0,63.0
TXN-DE-4-000061,2026-08-28 02:25:52,2026-08-28 02:31:52,DE,SaaS Platform,D,SAN-001,SanaPlus PainRelief,OTC,SanaPlus,Pharmacy/B2B,4,9.5,EUR,0.0,38.0,38.0
TXN-DE-4-000062,2026-08-28 01:47:19,2026-08-28 01:48:19,DE,SaaS Platform,D,MED-002,Medora Derm Cream,Prescription,Medora,Pharmacy/B2B,8,26.0,EUR,0.0,208.0,208.0
TXN-DE-4-000063,2026-08-28 19:52:28,2026-08-28 19:54:28,DE,SaaS Platform,D,DER-002,Dermacare LiftCream,Aesthetic,Dermacare,Pharmacy/B2B,3,37.0,EUR,0.0,111.0,111.0
TXN-DE-4-000064,2026-08-28 04:36:05,2026-08-28 04:39:05,DE,SaaS Platform,D,PUR-001,PureLife GlucoMonitor,Medical Device,PureLife,D2C,1,85.0,EUR,0.0,85.0,85.0
TXN-DE-4-000065,2026-08-28 02:48:55,2026-08-28 02:49:55,DE,SaaS Platform,D,PUR-002,PureLife BP Monitor,Medical Device,PureLife,E-commerce,6,90.0,EUR,0.2,540.0,432.0
TXN-DE-4-000066,2026-08-28 18:38:43,2026-08-28 18:43:43,DE,SaaS Platform,D,VIT-002,Vitalis Multivit,Supplement,Vitalis,D2C,1,17.0,EUR,0.15,17.0,14.45
TXN-DE-4-000067,2026-08-28 11:31:16,2026-08-28 11:32:16,DE,SaaS Platform,D,MED-001,Medora Cardio 10mg,Prescription,Medora,E-commerce,9,43.0,EUR,0.2,387.0,309.6
TXN-DE-4-000068,2026-08-28 06:41:01,2026-08-28 06:45:01,DE,SaaS Platform,D,PUR-001,PureLife GlucoMonitor,Medical Device,PureLife,Wholesale,5,85.0,EUR,0.0,425.0,425.0
TXN-DE-4-000069,2026-08-28 15:37:52,2026-08-28 15:38:52,DE,SaaS Platform,D,DER-002,Dermacare LiftCream,Aesthetic,Dermacare,Wholesale,6,37.0,EUR,0.0,222.0,222.0
TXN-DE-4-000070,2026-08-28 19:22:12,2026-08-28 19:25:12,DE,SaaS Platform,D,PUR-001,PureLife GlucoMonitor,Medical Device,PureLife,Wholesale,3,85.0,EUR,0.1,255.0,229.5
TXN-DE-4-000071,2026-08-28 02:25:31,2026-08-28 02:28:31,DE,SaaS Platform,D,SAN-002,SanaPlus ColdFlu,OTC,SanaPlus,E-commerce,9,10.5,EUR,0.0,94.5,94.5
TXN-DE-4-000072,2026-08-28 20:09:31,2026-08-28 20:11:31,DE,SaaS Platform,D,MED-001,Medora Cardio 10mg,Prescription,Medora,Pharmacy/B2B,9,43.0,EUR,0.0,387.0,387.0
TXN-DE-4-000073,2026-08-28 04:17:25,2026-08-28 04:22:25,DE,SaaS Platform,D,PUR-002,PureLife BP Monitor,Medical Device,PureLife,Wholesale,3,90.0,EUR,0.2,270.0,216.0
TXN-DE-4-000074,2026-08-28 05:37:14,2026-08-28 05:42:14,DE,SaaS Platform,D,DER-002,Dermacare LiftCream,Aesthetic,Dermacare,E-commerce,7,37.0,EUR,0.1,259.0,233.1
TXN-DE-4-000075,2026-08-28 05:58:45,2026-08-28 05:59:45,DE,SaaS Platform,D,VIT-001,Vitalis C1000,Supplement,Vitalis,E-commerce,10,21.0,EUR,0.0,210.0,210.0
TXN-DE-4-000076,2026-08-28 20:22:17,2026-08-28 20:27:17,DE,SaaS Platform,D,VIT-001,Vitalis C1000,Supplement,Vitalis,D2C,1,21.0,EUR,0.05,21.0,19.95
TXN-DE-4-000077,2026-08-28 02:17:11,2026-08-28 02:18:11,DE,SaaS Platform,D,MED-002,Medora Derm Cream,Prescription,Medora,Wholesale,7,26.0,EUR,0.0,182.0,182.0
TXN-DE-4-000078,2026-08-28 21:27:10,2026-08-28 21:29:10,DE,SaaS Platform,D,PUR-002,PureLife BP Monitor,Medical Device,PureLife,D2C,5,90.0,EUR,0.1,450.0,405.0
TXN-DE-4-000079,2026-08-28 04:47:20,2026-08-28 04:49:20,DE,SaaS Platform,D,VIT-001,Vitalis C1000,Supplement,Vitalis,Pharmacy/B2B,4,21.0,EUR,0.0,84.0,84.0
TXN-DE-4-000080,2026-08-28 10:15:03,2026-08-28 10:20:03,DE,SaaS Platform,D,PUR-001,PureLife GlucoMonitor,Medical Device,PureLife,E-commerce,7,85.0,EUR,0.15,595.0,505.75
TXN-DE-4-000081,2026-08-28 06:54:45,2026-08-28 06:59:45,DE,SaaS Platform,D,SAN-002,SanaPlus ColdFlu,OTC,SanaPlus,D2C,12,10.5,EUR,0.0,126.0,126.0
TXN-DE-4-000082,2026-08-28 18:33:01,2026-08-28 18:34:01,DE,SaaS Platform,D,PUR-002,PureLife BP Monitor,Medical Device,PureLife,Pharmacy/B2B,2,90.0,EUR,0.05,180.0,171.0
TXN-DE-4-000083,2026-08-28 14:52:33,2026-08-28 14:56:33,DE,SaaS Platform,D,SAN-002,SanaPlus ColdFlu,OTC,SanaPlus,E-commerce,6,10.5,EUR,0.0,63.0,63.0
TXN-DE-4-000084,2026-08-28 13:54:09,2026-08-28 13:58:09,DE,SaaS Platform,D,SAN-002,SanaPlus ColdFlu,OTC,SanaPlus,D2C,12,10.5,EUR,0.05,126.0,119.7
TXN-DE-4-000085,2026-08-28 10:14:14,2026-08-28 10:16:14,DE,SaaS Platform,D,SAN-002,SanaPlus ColdFlu,OTC,SanaPlus,D2C,9,10.5,EUR,0.05,94.5,89.77
TXN-DE-4-000086,2026-08-28 11:08:20,2026-08-28 11:14:20,DE,SaaS Platform,D,DER-002,Dermacare LiftCream,Aesthetic,Dermacare,Wholesale,6,37.0,EUR,0.1,222.0,199.8
TXN-DE-4-000087,2026-08-28 11:28:44,2026-08-28 11:29:44,DE,SaaS Platform,D,MED-001,Medora Cardio 10mg,Prescription,Medora,E-commerce,11,43.0,EUR,0.05,473.0,449.35
TXN-DE-4-000088,2026-08-28 15:58:38,2026-08-28 16:02:38,DE,SaaS Platform,D,PUR-002,PureLife BP Monitor,Medical Device,PureLife,E-commerce,9,90.0,EUR,0.0,810.0,810.0
TXN-DE-4-000089,2026-08-28 17:06:51,2026-08-28 17:11:51,DE,SaaS Platform,D,MED-001,Medora Cardio 10mg,Prescription,Medora,Wholesale,2,43.0,EUR,0.0,86.0,86.0
TXN-DE-4-000090,2026-08-28 01:58:13,2026-08-28 02:00:13,DE,SaaS Platform,D,MED-002,Medora Derm Cream,Prescription,Medora,D2C,1,26.0,EUR,0.1,26.0,23.4
TXN-DE-4-000091,2026-08-28 07:32:38,2026-08-28 07:33:38,DE,SaaS Platform,D,SAN-001,SanaPlus PainRelief,OTC,SanaPlus,Pharmacy/B2B,1,9.5,EUR,0.0,9.5,9.5
TXN-DE-4-000092,2026-08-28 06:29:53,2026-08-28 06:33:53,DE,SaaS Platform,D,DER-001,Dermacare GlowSerum,Aesthetic,Dermacare,Wholesale,2,32.0,EUR,0.05,64.0,60.8
TXN-DE-4-000093,2026-08-28 20:56:03,2026-08-28 21:02:03,DE,SaaS Platform,D,VIT-001,Vitalis C1000,Supplement,Vitalis,Wholesale,10,21.0,EUR,0.15,210.0,178.5
TXN-DE-4-000094,2026-08-28 16:07:30,2026-08-28 16:11:30,DE,SaaS Platform,D,MED-001,Medora Cardio 10mg,Prescription,Medora,Pharmacy/B2B,8,43.0,EUR,0.0,344.0,344.0
TXN-DE-4-000095,2026-08-28 06:30:40,2026-08-28 06:31:40,DE,SaaS Platform,D,MED-002,Medora Derm Cream,Prescription,Medora,D2C,10,26.0,EUR,0.0,260.0,260.0
TXN-DE-4-000096,2026-08-28 17:11:34,2026-08-28 17:17:34,DE,SaaS Platform,D,DER-001,Dermacare GlowSerum,Aesthetic,Dermacare,Wholesale,5,32.0,EUR,0.1,160.0,144.0
TXN-DE-4-000097,2026-08-28 16:52:59,2026-08-28 16:57:59,DE,SaaS Platform,D,DER-001,Dermacare GlowSerum,Aesthetic,Dermacare,D2C,7,32.0,EUR,0.1,224.0,201.6
TXN-DE-4-000098,2026-08-28 10:08:19,2026-08-28 10:10:19,DE,SaaS Platform,D,VIT-001,Vitalis C1000,Supplement,Vitalis,Wholesale,2,21.0,EUR,0.1,42.0,37.8
TXN-DE-4-000099,2026-08-28 03:22:57,2026-08-28 03:23:57,DE,SaaS Platform,D,VIT-001,Vitalis C1000,Supplement,Vitalis,E-commerce,10,21.0,EUR,0.2,210.0,168.0
TXN-DE-4-000100,2026-08-28 08:40:43,2026-08-28 08:46:43,DE,SaaS Platform,D,PUR-002,PureLife BP Monitor,Medical Device,PureLife,D2C,8,90.0,EUR,0.15,720.0,612.0
TXN-DE-4-000101,2026-08-28 07:23:46,2026-08-28 07:25:46,DE,SaaS Platform,D,DER-001,Dermacare GlowSerum,Aesthetic,Dermacare,Pharmacy/B2B,6,32.0,EUR,0.2,192.0,153.6
TXN-DE-4-000102,2026-08-28 23:22:28,2026-08-28 23:26:28,DE,SaaS Platform,D,PUR-001,PureLife GlucoMonitor,Medical Device,PureLife,E-commerce,9,85.0,EUR,0.0,765.0,765.0
TXN-DE-4-000103,2026-08-28 01:08:51,2026-08-28 01:14:51,DE,SaaS Platform,D,DER-001,Dermacare GlowSerum,Aesthetic,Dermacare,Wholesale,11,32.0,EUR,0.05,352.0,334.4
TXN-DE-4-000104,2026-08-28 20:07:49,2026-08-28 20:10:49,DE,SaaS Platform,D,SAN-001,SanaPlus PainRelief,OTC,SanaPlus,Wholesale,7,9.5,EUR,0.0,66.5,66.5
TXN-DE-4-000105,2026-08-28 11:27:05,2026-08-28 11:30:05,DE,SaaS Platform,D,DER-002,Dermacare LiftCream,Aesthetic,Dermacare,Pharmacy/B2B,6,37.0,EUR,0.15,222.0,188.7
TXN-DE-4-000106,2026-08-28 19:48:26,2026-08-28 19:51:26,DE,SaaS Platform,D,PUR-001,PureLife GlucoMonitor,Medical Device,PureLife,E-commerce,4,85.0,EUR,0.0,340.0,340.0
TXN-DE-4-000107,2026-08-28 21:24:02,2026-08-28 21:29:02,DE,SaaS Platform,D,DER-002,Dermacare LiftCream,Aesthetic,Dermacare,Wholesale,5,37.0,EUR,0.1,185.0,166.5
TXN-DE-4-000108,2026-08-28 02:58:41,2026-08-28 03:01:41,DE,SaaS Platform,D,SAN-002,SanaPlus ColdFlu,OTC,SanaPlus,D2C,7,10.5,EUR,0.0,73.5,73.5
TXN-DE-4-000109,2026-08-28 11:23:16,2026-08-28 11:27:16,DE,SaaS Platform,D,VIT-002,Vitalis Multivit,Supplement,Vitalis,E-commerce,9,17.0,EUR,0.0,153.0,153.0
TXN-DE-4-000110,2026-08-28 09:17:04,2026-08-28 09:19:04,DE,SaaS Platform,D,MED-002,Medora Derm Cream,Prescription,Medora,E-commerce,8,26.0,EUR,0.2,208.0,166.4
TXN-DE-4-000111,2026-08-28 00:09:44,2026-08-28 00:14:44,DE,SaaS Platform,D,DER-002,Dermacare LiftCream,Aesthetic,Dermacare,Wholesale,11,37.0,EUR,0.2,407.0,325.6
TXN-DE-4-000112,2026-08-28 20:55:41,2026-08-28 20:58:41,DE,SaaS Platform,D,DER-001,Dermacare GlowSerum,Aesthetic,Dermacare,D2C,9,32.0,EUR,0.05,288.0,273.6
TXN-DE-4-000113,2026-08-28 05:32:27,2026-08-28 05:34:27,DE,SaaS Platform,D,SAN-001,SanaPlus PainRelief,OTC,SanaPlus,Pharmacy/B2B,9,9.5,EUR,0.15,85.5,72.67
TXN-DE-4-000114,2026-08-28 22:30:03,2026-08-28 22:35:03,DE,SaaS Platform,D,MED-001,Medora Cardio 10mg,Prescription,Medora,Wholesale,12,43.0,EUR,0.2,516.0,412.8
TXN-DE-4-000115,2026-08-28 11:56:38,2026-08-28 12:00:38,DE,SaaS Platform,D,DER-002,Dermacare LiftCream,Aesthetic,Dermacare,D2C,7,37.0,EUR,0.0,259.0,259.0
TXN-DE-4-000116,2026-08-28 21:22:42,2026-08-28 21:28:42,DE,SaaS Platform,D,MED-002,Medora Derm Cream,Prescription,Medora,D2C,12,26.0,EUR,0.1,312.0,280.8
TXN-DE-4-000117,2026-08-28 21:57:25,2026-08-28 21:58:25,DE,SaaS Platform,D,MED-002,Medora Derm Cream,Prescription,Medora,Wholesale,7,26.0,EUR,0.15,182.0,154.7
TXN-DE-4-000118,2026-08-28 10:24:56,2026-08-28 10:26:56,DE,SaaS Platform,D,VIT-002,Vitalis Multivit,Supplement,Vitalis,D2C,4,17.0,EUR,0.15,68.0,57.8
TXN-DE-4-000119,2026-08-28 04:47:18,2026-08-28 04:48:18,DE,SaaS Platform,D,PUR-002,PureLife BP Monitor,Medical Device,PureLife,Wholesale,8,90.0,EUR,0.15,720.0,612.0
TXN-DE-4-000120,2026-08-28 23:21:40,2026-08-28 23:26:40,DE,SaaS Platform,D,SAN-002,SanaPlus ColdFlu,OTC,SanaPlus,E-commerce,5,10.5,EUR,0.1,52.5,47.25
TXN-DE-4-000121,2026-08-28 18:15:05,2026-08-28 18:21:05,DE,SaaS Platform,D,PUR-002,PureLife BP Monitor,Medical Device,PureLife,Pharmacy/B2B,11,90.0,EUR,0.0,990.0,990.0
TXN-DE-4-000122,2026-08-28 09:44:55,2026-08-28 09:49:55,DE,SaaS Platform,D,MED-001,Medora Cardio 10mg,Prescription,Medora,E-commerce,1,43.0,EUR,0.0,43.0,43.0
TXN-DE-4-000123,2026-08-28 14:34:03,2026-08-28 14:37:03,DE,SaaS Platform,D,SAN-002,SanaPlus ColdFlu,OTC,SanaPlus,D2C,4,10.5,EUR,0.05,42.0,39.9
TXN-DE-4-000124,2026-08-28 17:31:59,2026-08-28 17:33:59,DE,SaaS Platform,D,MED-002,Medora Derm Cream,Prescription,Medora,Wholesale,2,26.0,EUR,0.15,52.0,44.2
TXN-DE-4-000125,2026-08-28 09:43:08,2026-08-28 09:45:08,DE,SaaS Platform,D,SAN-001,SanaPlus PainRelief,OTC,SanaPlus,Pharmacy/B2B,8,9.5,EUR,0.0,76.0,76.0
TXN-DE-4-000126,2026-08-28 01:52:38,2026-08-28 01:58:38,DE,SaaS Platform,D,MED-002,Medora Derm Cream,Prescription,Medora,E-commerce,8,26.0,EUR,0.0,208.0,208.0
TXN-DE-4-000127,2026-08-28 06:21:38,2026-08-28 06:24:38,DE,SaaS Platform,D,VIT-001,Vitalis C1000,Supplement,Vitalis,E-commerce,4,21.0,EUR,0.1,84.0,75.6
TXN-DE-4-000128,2026-08-28 01:14:19,2026-08-28 01:17:19,DE,SaaS Platform,D,SAN-001,SanaPlus PainRelief,OTC,SanaPlus,Wholesale,9,9.5,EUR,0.0,85.5,85.5
TXN-DE-4-000129,2026-08-28 23:39:51,2026-08-28 23:43:51,DE,SaaS Platform,D,DER-002,Dermacare LiftCream,Aesthetic,Dermacare,D2C,11,37.0,EUR,0.1,407.0,366.3
TXN-DE-4-000130,2026-08-28 10:05:39,2026-08-28 10:09:39,DE,SaaS Platform,D,SAN-002,SanaPlus ColdFlu,OTC,SanaPlus,Pharmacy/B2B,9,10.5,EUR,0.0,94.5,94.5
TXN-DE-4-000131,2026-08-28 04:36:33,2026-08-28 04:42:33,DE,SaaS Platform,D,PUR-001,PureLife GlucoMonitor,Medical Device,PureLife,D2C,6,85.0,EUR,0.1,510.0,459.0
TXN-DE-4-000132,2026-08-28 14:19:53,2026-08-28 14:22:53,DE,SaaS Platform,D,VIT-002,Vitalis Multivit,Supplement,Vitalis,E-commerce,7,17.0,EUR,0.0,119.0,119.0
TXN-DE-4-000133,2026-08-28 10:54:04,2026-08-28 10:58:04,DE,SaaS Platform,D,DER-002,Dermacare LiftCream,Aesthetic,Dermacare,Wholesale,8,37.0,EUR,0.05,296.0,281.2
TXN-DE-4-000134,2026-08-28 01:51:13,2026-08-28 01:53:13,DE,SaaS Platform,D,SAN-002,SanaPlus ColdFlu,OTC,SanaPlus,Wholesale,5,10.5,EUR,0.0,52.5,52.5
TXN-DE-4-000135,2026-08-28 14:46:38,2026-08-28 14:50:38,DE,SaaS Platform,D,SAN-002,SanaPlus ColdFlu,OTC,SanaPlus,Wholesale,2,10.5,EUR,0.0,21.0,21.0
TXN-DE-4-000136,2026-08-28 15:20:50,2026-08-28 15:26:50,DE,SaaS Platform,D,VIT-002,Vitalis Multivit,Supplement,Vitalis,Wholesale,1,17.0,EUR,0.0,17.0,17.0
TXN-DE-4-000137,2026-08-28 12:28:13,2026-08-28 12:33:13,DE,SaaS Platform,D,SAN-002,SanaPlus ColdFlu,OTC,SanaPlus,Wholesale,7,10.5,EUR,0.0,73.5,73.5
TXN-DE-4-000138,2026-08-28 17:22:20,2026-08-28 17:24:20,DE,SaaS Platform,D,SAN-002,SanaPlus ColdFlu,OTC,SanaPlus,E-commerce,12,10.5,EUR,0.1,126.0,113.4
TXN-DE-4-000139,2026-08-28 20:44:17,2026-08-28 20:47:17,DE,SaaS Platform,D,DER-001,Dermacare GlowSerum,Aesthetic,Dermacare,D2C,11,32.0,EUR,0.0,352.0,352.0
TXN-DE-4-000140,2026-08-28 05:40:10,2026-08-28 05:43:10,DE,SaaS Platform,D,DER-001,Dermacare GlowSerum,Aesthetic,Dermacare,Wholesale,11,32.0,EUR,0.0,352.0,352.0
TXN-DE-4-000141,2026-08-28 09:34:57,2026-08-28 09:39:57,DE,SaaS Platform,D,PUR-002,PureLife BP Monitor,Medical Device,PureLife,E-commerce,8,90.0,EUR,0.05,720.0,684.0
TXN-DE-4-000142,2026-08-28 20:58:17,2026-08-28 21:02:17,DE,SaaS Platform,D,VIT-002,Vitalis Multivit,Supplement,Vitalis,E-commerce,1,17.0,EUR,0.1,17.0,15.3
TXN-DE-4-000143,2026-08-28 18:18:26,2026-08-28 18:19:26,DE,SaaS Platform,D,VIT-002,Vitalis Multivit,Supplement,Vitalis,Wholesale,8,17.0,EUR,0.0,136.0,136.0
TXN-DE-4-000144,2026-08-28 13:57:16,2026-08-28 14:02:16,DE,SaaS Platform,D,PUR-002,PureLife BP Monitor,Medical Device,PureLife,D2C,6,90.0,EUR,0.0,540.0,540.0
TXN-DE-4-000145,2026-08-28 19:12:29,2026-08-28 19:18:29,DE,SaaS Platform,D,SAN-001,SanaPlus PainRelief,OTC,SanaPlus,Wholesale,10,9.5,EUR,0.0,95.0,95.0
TXN-DE-4-000146,2026-08-28 15:04:45,2026-08-28 15:06:45,DE,SaaS Platform,D,MED-002,Medora Derm Cream,Prescription,Medora,Wholesale,3,26.0,EUR,0.2,78.0,62.4
TXN-DE-4-000147,2026-08-28 18:28:22,2026-08-28 18:29:22,DE,SaaS Platform,D,PUR-002,PureLife BP Monitor,Medical Device,PureLife,Wholesale,3,90.0,EUR,0.1,270.0,243.0
TXN-DE-4-000148,2026-08-28 13:34:03,2026-08-28 13:35:03,DE,SaaS Platform,D,MED-001,Medora Cardio 10mg,Prescription,Medora,Wholesale,2,43.0,EUR,0.1,86.0,77.4
TXN-DE-4-000149,2026-08-28 11:42:09,2026-08-28 11:46:09,DE,SaaS Platform,D,MED-002,Medora Derm Cream,Prescription,Medora,D2C,11,26.0,EUR,0.0,286.0,286.0
TXN-DE-4-000150,2026-08-28 19:11:36,2026-08-28 19:16:36,DE,SaaS Platform,D,SAN-001,SanaPlus PainRelief,OTC,SanaPlus,D2C,1,9.5,EUR,0.0,9.5,9.5
TXN-DE-4-000151,2026-08-28 23:52:37,2026-08-28 23:53:37,DE,SaaS Platform,D,SAN-001,SanaPlus PainRelief,OTC,SanaPlus,E-commerce,5,9.5,EUR,0.0,47.5,47.5
TXN-DE-4-000152,2026-08-28 08:50:57,2026-08-28 08:55:57,DE,SaaS Platform,D,PUR-001,PureLife GlucoMonitor,Medical Device,PureLife,Pharmacy/B2B,6,85.0,EUR,0.0,510.0,510.0
TXN-DE-4-000153,2026-08-28 19:22:25,2026-08-28 19:24:25,DE,SaaS Platform,D,VIT-001,Vitalis C1000,Supplement,Vitalis,Wholesale,8,21.0,EUR,0.1,168.0,151.2
TXN-DE-4-000154,2026-08-28 18:07:00,2026-08-28 18:09:00,DE,SaaS Platform,D,MED-001,Medora Cardio 10mg,Prescription,Medora,D2C,1,43.0,EUR,0.2,43.0,34.4
TXN-DE-4-000155,2026-08-28 02:56:11,2026-08-28 03:02:11,DE,SaaS Platform,D,MED-002,Medora Derm Cream,Prescription,Medora,Pharmacy/B2B,11,26.0,EUR,0.0,286.0,286.0
TXN-DE-4-000156,2026-08-28 01:02:48,2026-08-28 01:05:48,DE,SaaS Platform,D,VIT-002,Vitalis Multivit,Supplement,Vitalis,E-commerce,7,17.0,EUR,0.1,119.0,107.1
TXN-DE-4-000157,2026-08-28 21:27:08,2026-08-28 21:28:08,DE,SaaS Platform,D,SAN-002,SanaPlus ColdFlu,OTC,SanaPlus,Pharmacy/B2B,8,10.5,EUR,0.2,84.0,67.2
TXN-DE-4-000158,2026-08-28 09:18:46,2026-08-28 09:21:46,DE,SaaS Platform,D,VIT-001,Vitalis C1000,Supplement,Vitalis,Pharmacy/B2B,2,21.0,EUR,0.05,42.0,39.9
TXN-DE-4-000159,2026-08-28 19:09:33,2026-08-28 19:14:33,DE,SaaS Platform,D,VIT-001,Vitalis C1000,Supplement,Vitalis,Wholesale,1,21.0,EUR,0.15,21.0,17.85
TXN-DE-4-000160,2026-08-28 08:59:47,2026-08-28 09:05:47,DE,SaaS Platform,D,PUR-001,PureLife GlucoMonitor,Medical Device,PureLife,Wholesale,7,85.0,EUR,0.2,595.0,476.0
TXN-DE-4-000161,2026-08-28 12:07:02,2026-08-28 12:09:02,DE,SaaS Platform,D,MED-001,Medora Cardio 10mg,Prescription,Medora,E-commerce,2,43.0,EUR,0.0,86.0,86.0
TXN-DE-4-000162,2026-08-28 18:05:32,2026-08-28 18:06:32,DE,SaaS Platform,D,DER-002,Dermacare LiftCream,Aesthetic,Dermacare,Wholesale,10,37.0,EUR,0.2,370.0,296.0
TXN-DE-4-000163,2026-08-28 16:58:54,2026-08-28 17:03:54,DE,SaaS Platform,D,MED-002,Medora Derm Cream,Prescription,Medora,Pharmacy/B2B,6,26.0,EUR,0.1,156.0,140.4
TXN-DE-4-000164,2026-08-28 01:56:53,2026-08-28 01:58:53,DE,SaaS Platform,D,MED-001,Medora Cardio 10mg,Prescription,Medora,E-commerce,6,43.0,EUR,0.0,258.0,258.0
TXN-DE-4-000165,2026-08-28 07:58:01,2026-08-28 08:00:01,DE,SaaS Platform,D,MED-001,Medora Cardio 10mg,Prescription,Medora,Pharmacy/B2B,4,43.0,EUR,0.2,172.0,137.6
TXN-DE-4-000166,2026-08-28 23:24:08,2026-08-28 23:28:08,DE,SaaS Platform,D,PUR-002,PureLife BP Monitor,Medical Device,PureLife,E-commerce,3,90.0,EUR,0.0,270.0,270.0
TXN-DE-4-000167,2026-08-28 16:32:52,2026-08-28 16:34:52,DE,SaaS Platform,D,DER-001,Dermacare GlowSerum,Aesthetic,Dermacare,Wholesale,1,32.0,EUR,0.0,32.0,32.0
TXN-DE-4-000168,2026-08-28 03:36:33,2026-08-28 03:42:33,DE,SaaS Platform,D,SAN-002,SanaPlus ColdFlu,OTC,SanaPlus,E-commerce,7,10.5,EUR,0.0,73.5,73.5
TXN-DE-4-000169,2026-08-28 23:06:25,2026-08-28 23:07:25,DE,SaaS Platform,D,SAN-001,SanaPlus PainRelief,OTC,SanaPlus,Wholesale,4,9.5,EUR,0.15,38.0,32.3
TXN-DE-4-000170,2026-08-28 18:57:47,2026-08-28 18:58:47,DE,SaaS Platform,D,DER-001,Dermacare GlowSerum,Aesthetic,Dermacare,E-commerce,1,32.0,EUR,0.2,32.0,25.6
TXN-DE-4-000171,2026-08-28 06:25:52,2026-08-28 06:29:52,DE,SaaS Platform,D,SAN-002,SanaPlus ColdFlu,OTC,SanaPlus,Pharmacy/B2B,2,10.5,EUR,0.0,21.0,21.0
TXN-DE-4-000172,2026-08-28 12:21:46,2026-08-28 12:24:46,DE,SaaS Platform,D,PUR-002,PureLife BP Monitor,Medical Device,PureLife,Wholesale,11,90.0,EUR,0.0,990.0,990.0
TXN-DE-4-000173,2026-08-28 10:10:59,2026-08-28 10:11:59,DE,SaaS Platform,D,DER-001,Dermacare GlowSerum,Aesthetic,Dermacare,D2C,7,32.0,EUR,0.05,224.0,212.8
TXN-DE-4-000174,2026-08-28 01:38:47,2026-08-28 01:39:47,DE,SaaS Platform,D,VIT-001,Vitalis C1000,Supplement,Vitalis,E-commerce,7,21.0,EUR,0.0,147.0,147.0
TXN-DE-4-000175,2026-08-28 06:54:12,2026-08-28 07:00:12,DE,SaaS Platform,D,DER-002,Dermacare LiftCream,Aesthetic,Dermacare,D2C,10,37.0,EUR,0.0,370.0,370.0
TXN-DE-4-000176,2026-08-28 08:27:21,2026-08-28 08:29:21,DE,SaaS Platform,D,PUR-001,PureLife GlucoMonitor,Medical Device,PureLife,E-commerce,2,85.0,EUR,0.1,170.0,153.0
TXN-DE-4-000177,2026-08-28 11:05:30,2026-08-28 11:11:30,DE,SaaS Platform,D,VIT-002,Vitalis Multivit,Supplement,Vitalis,D2C,11,17.0,EUR,0.0,187.0,187.0
TXN-DE-4-000178,2026-08-28 16:31:46,2026-08-28 16:35:46,DE,SaaS Platform,D,MED-002,Medora Derm Cream,Prescription,Medora,Pharmacy/B2B,8,26.0,EUR,0.05,208.0,197.6
TXN-DE-4-000179,2026-08-28 05:02:33,2026-08-28 05:04:33,DE,SaaS Platform,D,SAN-001,SanaPlus PainRelief,OTC,SanaPlus,Pharmacy/B2B,9,9.5,EUR,0.0,85.5,85.5
TXN-DE-4-000180,2026-08-28 14:14:33,2026-08-28 14:16:33,DE,SaaS Platform,D,PUR-001,PureLife GlucoMonitor,Medical Device,PureLife,Wholesale,5,85.0,EUR,0.0,425.0,425.0
TXN-DE-4-000181,2026-08-28 05:47:49,2026-08-28 05:48:49,DE,SaaS Platform,D,PUR-002,PureLife BP Monitor,Medical Device,PureLife,Wholesale,3,90.0,EUR,0.2,270.0,216.0
TXN-DE-4-000182,2026-08-28 03:51:35,2026-08-28 03:54:35,DE,SaaS Platform,D,VIT-002,Vitalis Multivit,Supplement,Vitalis,D2C,8,17.0,EUR,0.0,136.0,136.0
TXN-DE-4-000183,2026-08-28 10:43:57,2026-08-28 10:45:57,DE,SaaS Platform,D,VIT-002,Vitalis Multivit,Supplement,Vitalis,D2C,10,17.0,EUR,0.0,170.0,170.0
TXN-DE-4-000184,2026-08-28 04:04:45,2026-08-28 04:05:45,DE,SaaS Platform,D,MED-001,Medora Cardio 10mg,Prescription,Medora,D2C,6,43.0,EUR,0.0,258.0,258.0
TXN-DE-4-000185,2026-08-28 07:21:08,2026-08-28 07:27:08,DE,SaaS Platform,D,MED-002,Medora Derm Cream,Prescription,Medora,Pharmacy/B2B,9,26.0,EUR,0.05,234.0,222.3
TXN-DE-4-000186,2026-08-28 23:39:49,2026-08-28 23:45:49,DE,SaaS Platform,D,PUR-002,PureLife BP Monitor,Medical Device,PureLife,E-commerce,4,90.0,EUR,0.0,360.0,360.0
TXN-DE-4-000187,2026-08-28 06:31:40,2026-08-28 06:35:40,DE,SaaS Platform,D,VIT-002,Vitalis Multivit,Supplement,Vitalis,D2C,9,17.0,EUR,0.0,153.0,153.0
TXN-DE-4-000188,2026-08-28 01:07:21,2026-08-28 01:11:21,DE,SaaS Platform,D,DER-002,Dermacare LiftCream,Aesthetic,Dermacare,E-commerce,6,37.0,EUR,0.1,222.0,199.8
TXN-DE-4-000189,2026-08-28 13:51:24,2026-08-28 13:54:24,DE,SaaS Platform,D,VIT-001,Vitalis C1000,Supplement,Vitalis,E-commerce,10,21.0,EUR,0.0,210.0,210.0
TXN-DE-4-000190,2026-08-28 10:00:13,2026-08-28 10:03:13,DE,SaaS Platform,D,SAN-002,SanaPlus ColdFlu,OTC,SanaPlus,Pharmacy/B2B,6,10.5,EUR,0.0,63.0,63.0
TXN-DE-4-000191,2026-08-28 22:34:01,2026-08-28 22:37:01,DE,SaaS Platform,D,PUR-002,PureLife BP Monitor,Medical Device,PureLife,Pharmacy/B2B,1,90.0,EUR,0.0,90.0,90.0
TXN-DE-4-000192,2026-08-28 06:23:58,2026-08-28 06:26:58,DE,SaaS Platform,D,VIT-002,Vitalis Multivit,Supplement,Vitalis,Wholesale,7,17.0,EUR,0.2,119.0,95.2
TXN-DE-4-000193,2026-08-28 11:55:38,2026-08-28 11:59:38,DE,SaaS Platform,D,SAN-001,SanaPlus PainRelief,OTC,SanaPlus,D2C,12,9.5,EUR,0.1,114.0,102.6
TXN-DE-4-000194,2026-08-28 08:48:30,2026-08-28 08:50:30,DE,SaaS Platform,D,PUR-001,PureLife GlucoMonitor,Medical Device,PureLife,D2C,6,85.0,EUR,0.0,510.0,510.0
TXN-DE-4-000195,2026-08-28 11:55:22,2026-08-28 11:59:22,DE,SaaS Platform,D,PUR-002,PureLife BP Monitor,Medical Device,PureLife,Wholesale,10,90.0,EUR,0.0,900.0,900.0
TXN-DE-4-000196,2026-08-28 10:59:23,2026-08-28 11:05:23,DE,SaaS Platform,D,SAN-001,SanaPlus PainRelief,OTC,SanaPlus,Wholesale,9,9.5,EUR,0.0,85.5,85.5
TXN-DE-4-000197,2026-08-28 03:37:54,2026-08-28 03:42:54,DE,SaaS Platform,D,VIT-001,Vitalis C1000,Supplement,Vitalis,D2C,4,21.0,EUR,0.05,84.0,79.8
TXN-DE-4-000198,2026-08-28 02:14:37,2026-08-28 02:18:37,DE,SaaS Platform,D,PUR-002,PureLife BP Monitor,Medical Device,PureLife,E-commerce,6,90.0,EUR,0.05,540.0,513.0
TXN-DE-4-000199,2026-08-28 00:08:56,2026-08-28 00:10:56,DE,SaaS Platform,D,PUR-002,PureLife BP Monitor,Medical Device,PureLife,Pharmacy/B2B,4,90.0,EUR,0.05,360.0,342.0
TXN-DE-4-000200,2026-08-28 21:28:43,2026-08-28 21:31:43,DE,SaaS Platform,D,VIT-001,Vitalis C1000,Supplement,Vitalis,E-commerce,1,21.0,EUR,0.0,21.0,21.0
TXN-DE-4-000201,2026-08-28 16:20:16,2026-08-28 16:24:16,DE,SaaS Platform,D,DER-002,Dermacare LiftCream,Aesthetic,Dermacare,E-commerce,12,37.0,EUR,0.0,444.0,444.0
TXN-DE-4-000202,2026-08-28 16:34:56,2026-08-28 16:37:56,DE,SaaS Platform,D,VIT-002,Vitalis Multivit,Supplement,Vitalis,Pharmacy/B2B,10,17.0,EUR,0.05,170.0,161.5
TXN-DE-4-000203,2026-08-28 12:32:56,2026-08-28 12:36:56,DE,SaaS Platform,D,PUR-002,PureLife BP Monitor,Medical Device,PureLife,Pharmacy/B2B,2,90.0,EUR,0.1,180.0,162.0
TXN-DE-4-000204,2026-08-28 04:16:52,2026-08-28 04:22:52,DE,SaaS Platform,D,PUR-001,PureLife GlucoMonitor,Medical Device,PureLife,E-commerce,2,85.0,EUR,0.0,170.0,170.0
TXN-DE-4-000205,2026-08-28 09:38:21,2026-08-28 09:39:21,DE,SaaS Platform,D,MED-002,Medora Derm Cream,Prescription,Medora,E-commerce,1,26.0,EUR,0.05,26.0,24.7
TXN-DE-4-000206,2026-08-28 17:54:42,2026-08-28 18:00:42,DE,SaaS Platform,D,DER-001,Dermacare GlowSerum,Aesthetic,Dermacare,E-commerce,12,32.0,EUR,0.0,384.0,384.0
TXN-DE-4-000207,2026-08-28 20:30:18,2026-08-28 20:35:18,DE,SaaS Platform,D,DER-002,Dermacare LiftCream,Aesthetic,Dermacare,E-commerce,6,37.0,EUR,0.15,222.0,188.7
TXN-DE-4-000208,2026-08-28 07:14:25,2026-08-28 07:20:25,DE,SaaS Platform,D,DER-002,Dermacare LiftCream,Aesthetic,Dermacare,E-commerce,3,37.0,EUR,0.0,111.0,111.0
TXN-DE-4-000209,2026-08-28 20:57:15,2026-08-28 21:01:15,DE,SaaS Platform,D,VIT-002,Vitalis Multivit,Supplement,Vitalis,D2C,9,17.0,EUR,0.05,153.0,145.35
TXN-DE-4-000210,2026-08-28 06:52:45,2026-08-28 06:53:45,DE,SaaS Platform,D,MED-002,Medora Derm Cream,Prescription,Medora,Pharmacy/B2B,7,26.0,EUR,0.0,182.0,182.0
TXN-DE-4-000211,2026-08-28 15:16:50,2026-08-28 15:21:50,DE,SaaS Platform,D,VIT-001,Vitalis C1000,Supplement,Vitalis,E-commerce,1,21.0,EUR,0.15,21.0,17.85
TXN-DE-4-000212,2026-08-28 11:54:18,2026-08-28 11:58:18,DE,SaaS Platform,D,VIT-001,Vitalis C1000,Supplement,Vitalis,Wholesale,4,21.0,EUR,0.2,84.0,67.2
TXN-DE-4-000213,2026-08-28 00:55:13,2026-08-28 00:57:13,DE,SaaS Platform,D,VIT-001,Vitalis C1000,Supplement,Vitalis,E-commerce,4,21.0,EUR,0.0,84.0,84.0
TXN-DE-4-000214,2026-08-28 02:28:32,2026-08-28 02:29:32,DE,SaaS Platform,D,DER-002,Dermacare LiftCream,Aesthetic,Dermacare,D2C,10,37.0,EUR,0.15,370.0,314.5
TXN-DE-4-000215,2026-08-28 13:10:34,2026-08-28 13:12:34,DE,SaaS Platform,D,VIT-001,Vitalis C1000,Supplement,Vitalis,E-commerce,4,21.0,EUR,0.0,84.0,84.0
TXN-DE-4-000216,2026-08-28 17:34:44,2026-08-28 17:40:44,DE,SaaS Platform,D,VIT-001,Vitalis C1000,Supplement,Vitalis,D2C,6,21.0,EUR,0.2,126.0,100.8
TXN-DE-4-000217,2026-08-28 23:37:57,2026-08-28 23:41:57,DE,SaaS Platform,D,SAN-001,SanaPlus PainRelief,OTC,SanaPlus,D2C,9,9.5,EUR,0.2,85.5,68.4
TXN-DE-4-000218,2026-08-28 03:46:18,2026-08-28 03:50:18,DE,SaaS Platform,D,PUR-001,PureLife GlucoMonitor,Medical Device,PureLife,E-commerce,1,85.0,EUR,0.0,85.0,85.0
TXN-DE-4-000219,2026-08-28 16:03:54,2026-08-28 16:09:54,DE,SaaS Platform,D,MED-002,Medora Derm Cream,Prescription,Medora,D2C,12,26.0,EUR,0.0,312.0,312.0
TXN-DE-4-000220,2026-08-28 15:58:02,2026-08-28 15:59:02,DE,SaaS Platform,D,MED-002,Medora Derm Cream,Prescription,Medora,D2C,10,26.0,EUR,0.0,260.0,260.0
TXN-DE-4-000221,2026-08-28 20:23:52,2026-08-28 20:27:52,DE,SaaS Platform,D,SAN-002,SanaPlus ColdFlu,OTC,SanaPlus,Wholesale,9,10.5,EUR,0.0,94.5,94.5
TXN-DE-4-000222,2026-08-28 00:08:26,2026-08-28 00:12:26,DE,SaaS Platform,D,MED-002,Medora Derm Cream,Prescription,Medora,E-commerce,6,26.0,EUR,0.1,156.0,140.4
TXN-DE-4-000223,2026-08-28 03:48:06,2026-08-28 03:49:06,DE,SaaS Platform,D,VIT-001,Vitalis C1000,Supplement,Vitalis,Pharmacy/B2B,4,21.0,EUR,0.1,84.0,75.6
TXN-DE-4-000224,2026-08-28 12:26:12,2026-08-28 12:31:12,DE,SaaS Platform,D,MED-001,Medora Cardio 10mg,Prescription,Medora,Wholesale,5,43.0,EUR,0.1,215.0,193.5
TXN-DE-4-000225,2026-08-28 06:35:21,2026-08-28 06:39:21,DE,SaaS Platform,D,VIT-002,Vitalis Multivit,Supplement,Vitalis,D2C,2,17.0,EUR,0.0,34.0,34.0
TXN-DE-4-000226,2026-08-28 17:50:00,2026-08-28 17:53:00,DE,SaaS Platform,D,PUR-001,PureLife GlucoMonitor,Medical Device,PureLife,D2C,7,85.0,EUR,0.0,595.0,595.0
TXN-DE-4-000227,2026-08-28 14:43:11,2026-08-28 14:47:11,DE,SaaS Platform,D,DER-002,Dermacare LiftCream,Aesthetic,Dermacare,Wholesale,2,37.0,EUR,0.1,74.0,66.6
TXN-DE-4-000228,2026-08-28 01:27:22,2026-08-28 01:33:22,DE,SaaS Platform,D,SAN-002,SanaPlus ColdFlu,OTC,SanaPlus,E-commerce,2,10.5,EUR,0.2,21.0,16.8
TXN-DE-4-000229,2026-08-28 18:01:25,2026-08-28 18:04:25,DE,SaaS Platform,D,PUR-001,PureLife GlucoMonitor,Medical Device,PureLife,Wholesale,7,85.0,EUR,0.15,595.0,505.75
TXN-DE-4-000230,2026-08-28 03:59:12,2026-08-28 04:02:12,DE,SaaS Platform,D,VIT-001,Vitalis C1000,Supplement,Vitalis,Pharmacy/B2B,10,21.0,EUR,0.0,210.0,210.0
TXN-DE-4-000231,2026-08-28 05:36:42,2026-08-28 05:42:42,DE,SaaS Platform,D,MED-002,Medora Derm Cream,Prescription,Medora,Wholesale,2,26.0,EUR,0.0,52.0,52.0
TXN-DE-4-000232,2026-08-28 06:26:12,2026-08-28 06:30:12,DE,SaaS Platform,D,SAN-001,SanaPlus PainRelief,OTC,SanaPlus,D2C,12,9.5,EUR,0.2,114.0,91.2
TXN-DE-4-000233,2026-08-28 23:09:33,2026-08-28 23:11:33,DE,SaaS Platform,D,PUR-002,PureLife BP Monitor,Medical Device,PureLife,E-commerce,6,90.0,EUR,0.2,540.0,432.0
TXN-DE-4-000234,2026-08-28 00:40:53,2026-08-28 00:42:53,DE,SaaS Platform,D,PUR-002,PureLife BP Monitor,Medical Device,PureLife,Pharmacy/B2B,8,90.0,EUR,0.15,720.0,612.0
TXN-DE-4-000235,2026-08-28 14:41:49,2026-08-28 14:45:49,DE,SaaS Platform,D,VIT-001,Vitalis C1000,Supplement,Vitalis,Pharmacy/B2B,6,21.0,EUR,0.15,126.0,107.1
TXN-DE-4-000236,2026-08-28 10:14:33,2026-08-28 10:15:33,DE,SaaS Platform,D,SAN-001,SanaPlus PainRelief,OTC,SanaPlus,Pharmacy/B2B,7,9.5,EUR,0.05,66.5,63.17
TXN-DE-4-000237,2026-08-28 12:31:09,2026-08-28 12:32:09,DE,SaaS Platform,D,SAN-002,SanaPlus ColdFlu,OTC,SanaPlus,Pharmacy/B2B,6,10.5,EUR,0.0,63.0,63.0
TXN-DE-4-000238,2026-08-28 23:14:18,2026-08-28 23:19:18,DE,SaaS Platform,D,MED-001,Medora Cardio 10mg,Prescription,Medora,D2C,8,43.0,EUR,0.05,344.0,326.8
TXN-DE-4-000239,2026-08-28 06:02:05,2026-08-28 06:04:05,DE,SaaS Platform,D,VIT-001,Vitalis C1000,Supplement,Vitalis,Pharmacy/B2B,11,21.0,EUR,0.0,231.0,231.0
TXN-DE-4-000240,2026-08-28 22:32:19,2026-08-28 22:38:19,DE,SaaS Platform,D,SAN-001,SanaPlus PainRelief,OTC,SanaPlus,Wholesale,2,9.5,EUR,0.2,19.0,15.2
TXN-DE-4-000241,2026-08-28 06:06:27,2026-08-28 06:11:27,DE,SaaS Platform,D,VIT-001,Vitalis C1000,Supplement,Vitalis,E-commerce,6,21.0,EUR,0.05,126.0,119.7
TXN-DE-4-000242,2026-08-28 16:41:43,2026-08-28 16:43:43,DE,SaaS Platform,D,MED-001,Medora Cardio 10mg,Prescription,Medora,D2C,1,43.0,EUR,0.2,43.0,34.4
TXN-DE-4-000243,2026-08-28 22:28:17,2026-08-28 22:32:17,DE,SaaS Platform,D,DER-002,Dermacare LiftCream,Aesthetic,Dermacare,E-commerce,2,37.0,EUR,0.2,74.0,59.2
TXN-DE-4-000244,2026-08-28 18:45:34,2026-08-28 18:46:34,DE,SaaS Platform,D,MED-001,Medora Cardio 10mg,Prescription,Medora,Wholesale,10,43.0,EUR,0.05,430.0,408.5
TXN-DE-4-000245,2026-08-28 02:11:19,2026-08-28 02:16:19,DE,SaaS Platform,D,MED-001,Medora Cardio 10mg,Prescription,Medora,Pharmacy/B2B,9,43.0,EUR,0.0,387.0,387.0
TXN-DE-4-000246,2026-08-28 06:57:18,2026-08-28 07:03:18,DE,SaaS Platform,D,SAN-001,SanaPlus PainRelief,OTC,SanaPlus,Wholesale,8,9.5,EUR,0.0,76.0,76.0
TXN-DE-4-000247,2026-08-28 12:51:14,2026-08-28 12:53:14,DE,SaaS Platform,D,PUR-002,PureLife BP Monitor,Medical Device,PureLife,Pharmacy/B2B,2,90.0,EUR,0.15,180.0,153.0
TXN-DE-4-000248,2026-08-28 13:07:12,2026-08-28 13:13:12,DE,SaaS Platform,D,DER-001,Dermacare GlowSerum,Aesthetic,Dermacare,E-commerce,10,32.0,EUR,0.1,320.0,288.0
TXN-DE-4-000249,2026-08-28 07:24:08,2026-08-28 07:29:08,DE,SaaS Platform,D,MED-001,Medora Cardio 10mg,Prescription,Medora,Pharmacy/B2B,10,43.0,EUR,0.0,430.0,430.0
TXN-DE-4-000250,2026-08-28 13:07:35,2026-08-28 13:08:35,DE,SaaS Platform,D,SAN-002,SanaPlus ColdFlu,OTC,SanaPlus,Pharmacy/B2B,8,10.5,EUR,0.2,84.0,67.2
TXN-DE-4-000251,2026-08-28 21:15:01,2026-08-28 21:20:01,DE,SaaS Platform,D,PUR-002,PureLife BP Monitor,Medical Device,PureLife,Pharmacy/B2B,3,90.0,EUR,0.15,270.0,229.5
TXN-DE-4-000252,2026-08-28 09:01:27,2026-08-28 09:02:27,DE,SaaS Platform,D,MED-001,Medora Cardio 10mg,Prescription,Medora,E-commerce,1,43.0,EUR,0.0,43.0,43.0
TXN-DE-4-000253,2026-08-28 14:37:47,2026-08-28 14:43:47,DE,SaaS Platform,D,MED-001,Medora Cardio 10mg,Prescription,Medora,D2C,9,43.0,EUR,0.0,387.0,387.0
TXN-DE-4-000254,2026-08-28 10:08:21,2026-08-28 10:13:21,DE,SaaS Platform,D,VIT-002,Vitalis Multivit,Supplement,Vitalis,Pharmacy/B2B,9,17.0,EUR,0.05,153.0,145.35
TXN-DE-4-000255,2026-08-28 09:47:19,2026-08-28 09:53:19,DE,SaaS Platform,D,SAN-002,SanaPlus ColdFlu,OTC,SanaPlus,Pharmacy/B2B,7,10.5,EUR,0.0,73.5,73.5
TXN-DE-4-000256,2026-08-28 00:11:36,2026-08-28 00:17:36,DE,SaaS Platform,D,DER-001,Dermacare GlowSerum,Aesthetic,Dermacare,Wholesale,4,32.0,EUR,0.0,128.0,128.0
TXN-DE-4-000257,2026-08-28 07:10:49,2026-08-28 07:11:49,DE,SaaS Platform,D,PUR-002,PureLife BP Monitor,Medical Device,PureLife,Pharmacy/B2B,10,90.0,EUR,0.15,900.0,765.0
TXN-DE-4-000258,2026-08-28 11:21:28,2026-08-28 11:27:28,DE,SaaS Platform,D,SAN-001,SanaPlus PainRelief,OTC,SanaPlus,E-commerce,7,9.5,EUR,0.0,66.5,66.5
TXN-DE-4-000259,2026-08-28 12:14:48,2026-08-28 12:16:48,DE,SaaS Platform,D,MED-002,Medora Derm Cream,Prescription,Medora,E-commerce,1,26.0,EUR,0.2,26.0,20.8
TXN-DE-4-000260,2026-08-28 06:55:28,2026-08-28 06:56:28,DE,SaaS Platform,D,PUR-002,PureLife BP Monitor,Medical Device,PureLife,D2C,8,90.0,EUR,0.05,720.0,684.0
TXN-DE-4-000261,2026-08-28 18:17:15,2026-08-28 18:19:15,DE,SaaS Platform,D,PUR-001,PureLife GlucoMonitor,Medical Device,PureLife,Pharmacy/B2B,2,85.0,EUR,0.1,170.0,153.0
TXN-DE-4-000262,2026-08-28 19:47:32,2026-08-28 19:53:32,DE,SaaS Platform,D,PUR-001,PureLife GlucoMonitor,Medical Device,PureLife,D2C,9,85.0,EUR,0.0,765.0,765.0
TXN-DE-4-000263,2026-08-28 04:16:14,2026-08-28 04:22:14,DE,SaaS Platform,D,PUR-001,PureLife GlucoMonitor,Medical Device,PureLife,Wholesale,8,85.0,EUR,0.0,680.0,680.0
TXN-DE-4-000264,2026-08-28 07:11:24,2026-08-28 07:13:24,DE,SaaS Platform,D,SAN-002,SanaPlus ColdFlu,OTC,SanaPlus,Wholesale,9,10.5,EUR,0.0,94.5,94.5
TXN-DE-4-000265,2026-08-28 16:43:10,2026-08-28 16:46:10,DE,SaaS Platform,D,PUR-002,PureLife BP Monitor,Medical Device,PureLife,D2C,10,90.0,EUR,0.0,900.0,900.0
TXN-DE-4-000266,2026-08-28 17:36:07,2026-08-28 17:39:07,DE,SaaS Platform,D,SAN-002,SanaPlus ColdFlu,OTC,SanaPlus,E-commerce,5,10.5,EUR,0.0,52.5,52.5
TXN-DE-4-000267,2026-08-28 18:01:01,2026-08-28 18:07:01,DE,SaaS Platform,D,VIT-001,Vitalis C1000,Supplement,Vitalis,E-commerce,6,21.0,EUR,0.1,126.0,113.4
TXN-DE-4-000268,2026-08-28 22:31:50,2026-08-28 22:32:50,DE,SaaS Platform,D,MED-001,Medora Cardio 10mg,Prescription,Medora,E-commerce,3,43.0,EUR,0.0,129.0,129.0
TXN-DE-4-000269,2026-08-28 20:11:05,2026-08-28 20:13:05,DE,SaaS Platform,D,PUR-002,PureLife BP Monitor,Medical Device,PureLife,Pharmacy/B2B,6,90.0,EUR,0.05,540.0,513.0
TXN-DE-4-000270,2026-08-28 13:53:14,2026-08-28 13:58:14,DE,SaaS Platform,D,MED-002,Medora Derm Cream,Prescription,Medora,Wholesale,2,26.0,EUR,0.15,52.0,44.2
TXN-DE-4-000271,2026-08-28 22:34:24,2026-08-28 22:35:24,DE,SaaS Platform,D,MED-002,Medora Derm Cream,Prescription,Medora,Wholesale,4,26.0,EUR,0.05,104.0,98.8
TXN-DE-4-000272,2026-08-28 19:19:50,2026-08-28 19:24:50,DE,SaaS Platform,D,SAN-001,SanaPlus PainRelief,OTC,SanaPlus,D2C,12,9.5,EUR,0.1,114.0,102.6
TXN-DE-4-000273,2026-08-28 06:27:49,2026-08-28 06:28:49,DE,SaaS Platform,D,DER-002,Dermacare LiftCream,Aesthetic,Dermacare,Pharmacy/B2B,11,37.0,EUR,0.0,407.0,407.0
TXN-DE-4-000274,2026-08-28 12:59:26,2026-08-28 13:00:26,DE,SaaS Platform,D,DER-002,Dermacare LiftCream,Aesthetic,Dermacare,D2C,3,37.0,EUR,0.2,111.0,88.8
TXN-DE-4-000275,2026-08-28 06:07:37,2026-08-28 06:13:37,DE,SaaS Platform,D,MED-001,Medora Cardio 10mg,Prescription,Medora,D2C,7,43.0,EUR,0.15,301.0,255.85
TXN-DE-4-000276,2026-08-28 16:23:31,2026-08-28 16:24:31,DE,SaaS Platform,D,SAN-001,SanaPlus PainRelief,OTC,SanaPlus,E-commerce,8,9.5,EUR,0.05,76.0,72.2
TXN-DE-4-000277,2026-08-28 19:24:35,2026-08-28 19:29:35,DE,SaaS Platform,D,VIT-002,Vitalis Multivit,Supplement,Vitalis,E-commerce,10,17.0,EUR,0.15,170.0,144.5
TXN-DE-4-000278,2026-08-28 02:05:07,2026-08-28 02:11:07,DE,SaaS Platform,D,VIT-001,Vitalis C1000,Supplement,Vitalis,Pharmacy/B2B,4,21.0,EUR,0.2,84.0,67.2
TXN-DE-4-000279,2026-08-28 01:06:40,2026-08-28 01:11:40,DE,SaaS Platform,D,PUR-001,PureLife GlucoMonitor,Medical Device,PureLife,Pharmacy/B2B,1,85.0,EUR,0.0,85.0,85.0
TXN-DE-4-000280,2026-08-28 10:00:30,2026-08-28 10:02:30,DE,SaaS Platform,D,VIT-001,Vitalis C1000,Supplement,Vitalis,E-commerce,10,21.0,EUR,0.0,210.0,210.0
TXN-DE-4-000281,2026-08-28 19:22:38,2026-08-28 19:27:38,DE,SaaS Platform,D,SAN-002,SanaPlus ColdFlu,OTC,SanaPlus,E-commerce,5,10.5,EUR,0.2,52.5,42.0
TXN-DE-4-000282,2026-08-28 02:53:07,2026-08-28 02:59:07,DE,SaaS Platform,D,MED-002,Medora Derm Cream,Prescription,Medora,E-commerce,8,26.0,EUR,0.0,208.0,208.0
TXN-DE-4-000283,2026-08-28 09:32:52,2026-08-28 09:33:52,DE,SaaS Platform,D,SAN-002,SanaPlus ColdFlu,OTC,SanaPlus,Wholesale,11,10.5,EUR,0.0,115.5,115.5
TXN-DE-4-000284,2026-08-28 23:42:24,2026-08-28 23:43:24,DE,SaaS Platform,D,DER-001,Dermacare GlowSerum,Aesthetic,Dermacare,Pharmacy/B2B,10,32.0,EUR,0.0,320.0,320.0
TXN-DE-4-000285,2026-08-28 19:16:59,2026-08-28 19:19:59,DE,SaaS Platform,D,PUR-001,PureLife GlucoMonitor,Medical Device,PureLife,Pharmacy/B2B,3,85.0,EUR,0.2,255.0,204.0
TXN-DE-4-000286,2026-08-28 14:19:52,2026-08-28 14:20:52,DE,SaaS Platform,D,VIT-002,Vitalis Multivit,Supplement,Vitalis,E-commerce,5,17.0,EUR,0.2,85.0,68.0
TXN-DE-4-000287,2026-08-28 09:32:43,2026-08-28 09:36:43,DE,SaaS Platform,D,MED-001,Medora Cardio 10mg,Prescription,Medora,D2C,3,43.0,EUR,0.15,129.0,109.65
TXN-DE-4-000288,2026-08-28 23:02:11,2026-08-28 23:03:11,DE,SaaS Platform,D,PUR-002,PureLife BP Monitor,Medical Device,PureLife,D2C,8,90.0,EUR,0.05,720.0,684.0
TXN-DE-4-000289,2026-08-28 21:12:04,2026-08-28 21:17:04,DE,SaaS Platform,D,VIT-002,Vitalis Multivit,Supplement,Vitalis,E-commerce,3,17.0,EUR,0.1,51.0,45.9
TXN-DE-4-000290,2026-08-28 04:40:47,2026-08-28 04:41:47,DE,SaaS Platform,D,MED-002,Medora Derm Cream,Prescription,Medora,Wholesale,6,26.0,EUR,0.05,156.0,148.2
TXN-DE-4-000291,2026-08-28 10:35:04,2026-08-28 10:40:04,DE,SaaS Platform,D,PUR-002,PureLife BP Monitor,Medical Device,PureLife,Pharmacy/B2B,4,90.0,EUR,0.05,360.0,342.0
TXN-DE-4-000292,2026-08-28 01:53:00,2026-08-28 01:56:00,DE,SaaS Platform,D,VIT-001,Vitalis C1000,Supplement,Vitalis,Wholesale,4,21.0,EUR,0.15,84.0,71.4
TXN-DE-4-000293,2026-08-28 05:30:47,2026-08-28 05:33:47,DE,SaaS Platform,D,MED-002,Medora Derm Cream,Prescription,Medora,E-commerce,11,26.0,EUR,0.05,286.0,271.7
TXN-DE-4-000294,2026-08-28 18:01:55,2026-08-28 18:04:55,DE,SaaS Platform,D,PUR-002,PureLife BP Monitor,Medical Device,PureLife,Wholesale,4,90.0,EUR,0.15,360.0,306.0
TXN-DE-4-000295,2026-08-28 22:05:37,2026-08-28 22:09:37,DE,SaaS Platform,D,DER-002,Dermacare LiftCream,Aesthetic,Dermacare,Pharmacy/B2B,2,37.0,EUR,0.0,74.0,74.0
TXN-DE-4-000296,2026-08-28 21:58:55,2026-08-28 22:03:55,DE,SaaS Platform,D,MED-002,Medora Derm Cream,Prescription,Medora,Pharmacy/B2B,10,26.0,EUR,0.2,260.0,208.0
TXN-DE-4-000297,2026-08-28 04:23:06,2026-08-28 04:26:06,DE,SaaS Platform,D,SAN-002,SanaPlus ColdFlu,OTC,SanaPlus,E-commerce,6,10.5,EUR,0.0,63.0,63.0
TXN-DE-4-000298,2026-08-28 08:40:25,2026-08-28 08:45:25,DE,SaaS Platform,D,SAN-001,SanaPlus PainRelief,OTC,SanaPlus,D2C,5,9.5,EUR,0.15,47.5,40.38
TXN-DE-4-000299,2026-08-28 10:11:07,2026-08-28 10:14:07,DE,SaaS Platform,D,PUR-002,PureLife BP Monitor,Medical Device,PureLife,Wholesale,3,90.0,EUR,0.2,270.0,216.0
TXN-DE-4-000300,2026-08-28 19:36:13,2026-08-28 19:37:13,DE,SaaS Platform,D,SAN-001,SanaPlus PainRelief,OTC,SanaPlus,Wholesale,2,9.5,EUR,0.05,19.0,18.05
TXN-DE-4-000301,2026-08-28 02:07:19,2026-08-28 02:09:19,DE,SaaS Platform,D,SAN-001,SanaPlus PainRelief,OTC,SanaPlus,E-commerce,10,9.5,EUR,0.0,95.0,95.0
TXN-DE-4-000302,2026-08-28 08:27:20,2026-08-28 08:31:20,DE,SaaS Platform,D,PUR-001,PureLife GlucoMonitor,Medical Device,PureLife,D2C,4,85.0,EUR,0.1,340.0,306.0
TXN-DE-4-000303,2026-08-28 06:17:46,2026-08-28 06:22:46,DE,SaaS Platform,D,DER-002,Dermacare LiftCream,Aesthetic,Dermacare,E-commerce,12,37.0,EUR,0.0,444.0,444.0
TXN-DE-4-000304,2026-08-28 23:47:27,2026-08-28 23:52:27,DE,SaaS Platform,D,MED-002,Medora Derm Cream,Prescription,Medora,Pharmacy/B2B,4,26.0,EUR,0.15,104.0,88.4
TXN-DE-4-000305,2026-08-28 11:55:06,2026-08-28 12:00:06,DE,SaaS Platform,D,SAN-001,SanaPlus PainRelief,OTC,SanaPlus,E-commerce,8,9.5,EUR,0.15,76.0,64.6
TXN-DE-4-000306,2026-08-28 09:51:54,2026-08-28 09:55:54,DE,SaaS Platform,D,SAN-001,SanaPlus PainRelief,OTC,SanaPlus,E-commerce,7,9.5,EUR,0.2,66.5,53.2
TXN-DE-4-000307,2026-08-28 09:54:44,2026-08-28 09:59:44,DE,SaaS Platform,D,MED-001,Medora Cardio 10mg,Prescription,Medora,D2C,8,43.0,EUR,0.1,344.0,309.6
TXN-DE-4-000308,2026-08-28 07:02:37,2026-08-28 07:05:37,DE,SaaS Platform,D,PUR-002,PureLife BP Monitor,Medical Device,PureLife,Pharmacy/B2B,6,90.0,EUR,0.0,540.0,540.0
TXN-DE-4-000309,2026-08-28 03:27:41,2026-08-28 03:31:41,DE,SaaS Platform,D,MED-002,Medora Derm Cream,Prescription,Medora,E-commerce,9,26.0,EUR,0.0,234.0,234.0
TXN-DE-4-000310,2026-08-28 15:32:16,2026-08-28 15:35:16,DE,SaaS Platform,D,PUR-001,PureLife GlucoMonitor,Medical Device,PureLife,D2C,3,85.0,EUR,0.2,255.0,204.0
TXN-DE-4-000311,2026-08-28 11:02:43,2026-08-28 11:07:43,DE,SaaS Platform,D,VIT-002,Vitalis Multivit,Supplement,Vitalis,Wholesale,12,17.0,EUR,0.0,204.0,204.0
TXN-DE-4-000312,2026-08-28 20:56:31,2026-08-28 21:00:31,DE,SaaS Platform,D,PUR-002,PureLife BP Monitor,Medical Device,PureLife,D2C,4,90.0,EUR,0.0,360.0,360.0
TXN-DE-4-000313,2026-08-28 07:06:48,2026-08-28 07:08:48,DE,SaaS Platform,D,VIT-002,Vitalis Multivit,Supplement,Vitalis,Wholesale,2,17.0,EUR,0.0,34.0,34.0
TXN-DE-4-000314,2026-08-28 16:11:07,2026-08-28 16:17:07,DE,SaaS Platform,D,MED-002,Medora Derm Cream,Prescription,Medora,D2C,5,26.0,EUR,0.1,130.0,117.0
TXN-DE-4-000315,2026-08-28 15:24:41,2026-08-28 15:26:41,DE,SaaS Platform,D,MED-002,Medora Derm Cream,Prescription,Medora,E-commerce,9,26.0,EUR,0.1,234.0,210.6
TXN-DE-4-000316,2026-08-28 02:36:56,2026-08-28 02:40:56,DE,SaaS Platform,D,PUR-002,PureLife BP Monitor,Medical Device,PureLife,Wholesale,5,90.0,EUR,0.05,450.0,427.5
TXN-DE-4-000317,2026-08-28 02:35:30,2026-08-28 02:38:30,DE,SaaS Platform,D,SAN-001,SanaPlus PainRelief,OTC,SanaPlus,D2C,11,9.5,EUR,0.0,104.5,104.5
TXN-DE-4-000318,2026-08-28 15:53:32,2026-08-28 15:57:32,DE,SaaS Platform,D,PUR-002,PureLife BP Monitor,Medical Device,PureLife,E-commerce,9,90.0,EUR,0.1,810.0,729.0
TXN-DE-4-000319,2026-08-28 01:46:02,2026-08-28 01:51:02,DE,SaaS Platform,D,PUR-002,PureLife BP Monitor,Medical Device,PureLife,Pharmacy/B2B,2,90.0,EUR,0.15,180.0,153.0
TXN-DE-4-000320,2026-08-28 02:40:35,2026-08-28 02:43:35,DE,SaaS Platform,D,DER-002,Dermacare LiftCream,Aesthetic,Dermacare,Pharmacy/B2B,10,37.0,EUR,0.0,370.0,370.0
TXN-DE-4-000321,2026-08-28 11:29:43,2026-08-28 11:32:43,DE,SaaS Platform,D,SAN-002,SanaPlus ColdFlu,OTC,SanaPlus,D2C,2,10.5,EUR,0.1,21.0,18.9
TXN-DE-4-000322,2026-08-28 19:19:13,2026-08-28 19:23:13,DE,SaaS Platform,D,VIT-002,Vitalis Multivit,Supplement,Vitalis,E-commerce,4,17.0,EUR,0.2,68.0,54.4
TXN-DE-4-000323,2026-08-28 21:57:32,2026-08-28 22:00:32,DE,SaaS Platform,D,DER-002,Dermacare LiftCream,Aesthetic,Dermacare,D2C,8,37.0,EUR,0.0,296.0,296.0
TXN-DE-4-000324,2026-08-28 02:23:57,2026-08-28 02:26:57,DE,SaaS Platform,D,DER-002,Dermacare LiftCream,Aesthetic,Dermacare,Wholesale,11,37.0,EUR,0.0,407.0,407.0
TXN-DE-4-000325,2026-08-28 16:01:33,2026-08-28 16:07:33,DE,SaaS Platform,D,DER-001,Dermacare GlowSerum,Aesthetic,Dermacare,Pharmacy/B2B,9,32.0,EUR,0.1,288.0,259.2
TXN-DE-4-000326,2026-08-28 03:01:27,2026-08-28 03:07:27,DE,SaaS Platform,D,DER-001,Dermacare GlowSerum,Aesthetic,Dermacare,Pharmacy/B2B,7,32.0,EUR,0.1,224.0,201.6
TXN-DE-4-000327,2026-08-28 20:22:36,2026-08-28 20:23:36,DE,SaaS Platform,D,SAN-001,SanaPlus PainRelief,OTC,SanaPlus,E-commerce,2,9.5,EUR,0.05,19.0,18.05
TXN-DE-4-000328,2026-08-28 13:40:10,2026-08-28 13:43:10,DE,SaaS Platform,D,MED-002,Medora Derm Cream,Prescription,Medora,E-commerce,8,26.0,EUR,0.2,208.0,166.4
TXN-DE-4-000329,2026-08-28 08:28:55,2026-08-28 08:29:55,DE,SaaS Platform,D,SAN-002,SanaPlus ColdFlu,OTC,SanaPlus,E-commerce,11,10.5,EUR,0.0,115.5,115.5
TXN-DE-4-000330,2026-08-28 07:20:57,2026-08-28 07:25:57,DE,SaaS Platform,D,VIT-002,Vitalis Multivit,Supplement,Vitalis,D2C,3,17.0,EUR,0.15,51.0,43.35
TXN-DE-4-000331,2026-08-28 00:11:45,2026-08-28 00:15:45,DE,SaaS Platform,D,VIT-001,Vitalis C1000,Supplement,Vitalis,Wholesale,3,21.0,EUR,0.0,63.0,63.0
TXN-DE-4-000332,2026-08-28 09:49:26,2026-08-28 09:50:26,DE,SaaS Platform,D,MED-002,Medora Derm Cream,Prescription,Medora,E-commerce,4,26.0,EUR,0.1,104.0,93.6
TXN-DE-4-000333,2026-08-28 23:28:53,2026-08-28 23:31:53,DE,SaaS Platform,D,PUR-002,PureLife BP Monitor,Medical Device,PureLife,D2C,4,90.0,EUR,0.1,360.0,324.0
TXN-DE-4-000334,2026-08-28 06:24:24,2026-08-28 06:27:24,DE,SaaS Platform,D,MED-002,Medora Derm Cream,Prescription,Medora,Pharmacy/B2B,7,26.0,EUR,0.0,182.0,182.0
TXN-DE-4-000335,2026-08-28 19:17:55,2026-08-28 19:22:55,DE,SaaS Platform,D,PUR-001,PureLife GlucoMonitor,Medical Device,PureLife,Pharmacy/B2B,6,85.0,EUR,0.2,510.0,408.0
TXN-DE-4-000336,2026-08-28 20:21:23,2026-08-28 20:24:23,DE,SaaS Platform,D,PUR-001,PureLife GlucoMonitor,Medical Device,PureLife,D2C,2,85.0,EUR,0.1,170.0,153.0
TXN-DE-4-000337,2026-08-28 05:20:05,2026-08-28 05:21:05,DE,SaaS Platform,D,VIT-002,Vitalis Multivit,Supplement,Vitalis,E-commerce,8,17.0,EUR,0.2,136.0,108.8
TXN-DE-4-000338,2026-08-28 18:17:03,2026-08-28 18:23:03,DE,SaaS Platform,D,DER-002,Dermacare LiftCream,Aesthetic,Dermacare,E-commerce,12,37.0,EUR,0.0,444.0,444.0
TXN-DE-4-000339,2026-08-28 08:30:19,2026-08-28 08:35:19,DE,SaaS Platform,D,SAN-001,SanaPlus PainRelief,OTC,SanaPlus,Pharmacy/B2B,8,9.5,EUR,0.0,76.0,76.0
TXN-DE-4-000340,2026-08-28 11:50:48,2026-08-28 11:53:48,DE,SaaS Platform,D,SAN-001,SanaPlus PainRelief,OTC,SanaPlus,D2C,2,9.5,EUR,0.05,19.0,18.05
TXN-DE-4-000341,2026-08-28 06:36:12,2026-08-28 06:38:12,DE,SaaS Platform,D,MED-001,Medora Cardio 10mg,Prescription,Medora,Pharmacy/B2B,11,43.0,EUR,0.0,473.0,473.0
TXN-DE-4-000342,2026-08-28 13:30:38,2026-08-28 13:33:38,DE,SaaS Platform,D,DER-001,Dermacare GlowSerum,Aesthetic,Dermacare,Pharmacy/B2B,10,32.0,EUR,0.0,320.0,320.0
TXN-DE-4-000343,2026-08-28 12:21:06,2026-08-28 12:25:06,DE,SaaS Platform,D,DER-002,Dermacare LiftCream,Aesthetic,Dermacare,E-commerce,12,37.0,EUR,0.05,444.0,421.8
TXN-DE-4-000344,2026-08-28 12:07:12,2026-08-28 12:12:12,DE,SaaS Platform,D,PUR-001,PureLife GlucoMonitor,Medical Device,PureLife,Wholesale,1,85.0,EUR,0.15,85.0,72.25
TXN-DE-4-000345,2026-08-28 14:26:15,2026-08-28 14:31:15,DE,SaaS Platform,D,PUR-002,PureLife BP Monitor,Medical Device,PureLife,E-commerce,1,90.0,EUR,0.0,90.0,90.0
TXN-DE-4-000346,2026-08-28 17:56:13,2026-08-28 18:02:13,DE,SaaS Platform,D,VIT-002,Vitalis Multivit,Supplement,Vitalis,Wholesale,3,17.0,EUR,0.0,51.0,51.0
TXN-DE-4-000347,2026-08-28 08:35:34,2026-08-28 08:39:34,DE,SaaS Platform,D,SAN-001,SanaPlus PainRelief,OTC,SanaPlus,Pharmacy/B2B,3,9.5,EUR,0.1,28.5,25.65
TXN-DE-4-000348,2026-08-28 00:29:11,2026-08-28 00:32:11,DE,SaaS Platform,D,PUR-001,PureLife GlucoMonitor,Medical Device,PureLife,E-commerce,5,85.0,EUR,0.0,425.0,425.0
TXN-DE-4-000349,2026-08-28 00:08:12,2026-08-28 00:09:12,DE,SaaS Platform,D,MED-002,Medora Derm Cream,Prescription,Medora,D2C,7,26.0,EUR,0.05,182.0,172.9
TXN-DE-4-000350,2026-08-28 13:24:21,2026-08-28 13:30:21,DE,SaaS Platform,D,VIT-002,Vitalis Multivit,Supplement,Vitalis,D2C,8,17.0,EUR,0.0,136.0,136.0
TXN-DE-4-000351,2026-08-28 03:23:07,2026-08-28 03:26:07,DE,SaaS Platform,D,VIT-001,Vitalis C1000,Supplement,Vitalis,Pharmacy/B2B,10,21.0,EUR,0.0,210.0,210.0
TXN-DE-4-000352,2026-08-28 20:45:53,2026-08-28 20:48:53,DE,SaaS Platform,D,SAN-001,SanaPlus PainRelief,OTC,SanaPlus,D2C,5,9.5,EUR,0.05,47.5,45.12
TXN-DE-4-000353,2026-08-28 00:04:05,2026-08-28 00:09:05,DE,SaaS Platform,D,MED-002,Medora Derm Cream,Prescription,Medora,Wholesale,1,26.0,EUR,0.05,26.0,24.7
TXN-DE-4-000354,2026-08-28 04:51:48,2026-08-28 04:56:48,DE,SaaS Platform,D,DER-002,Dermacare LiftCream,Aesthetic,Dermacare,Wholesale,6,37.0,EUR,0.0,222.0,222.0
TXN-DE-4-000355,2026-08-28 14:28:32,2026-08-28 14:34:32,DE,SaaS Platform,D,DER-002,Dermacare LiftCream,Aesthetic,Dermacare,Pharmacy/B2B,8,37.0,EUR,0.0,296.0,296.0
TXN-DE-4-000356,2026-08-28 11:20:07,2026-08-28 11:26:07,DE,SaaS Platform,D,VIT-002,Vitalis Multivit,Supplement,Vitalis,Pharmacy/B2B,3,17.0,EUR,0.2,51.0,40.8
TXN-DE-4-000357,2026-08-28 05:58:02,2026-08-28 05:59:02,DE,SaaS Platform,D,MED-001,Medora Cardio 10mg,Prescription,Medora,Wholesale,4,43.0,EUR,0.1,172.0,154.8
TXN-DE-4-000358,2026-08-28 08:59:25,2026-08-28 09:03:25,DE,SaaS Platform,D,PUR-001,PureLife GlucoMonitor,Medical Device,PureLife,Pharmacy/B2B,6,85.0,EUR,0.0,510.0,510.0
TXN-DE-4-000359,2026-08-28 14:25:59,2026-08-28 14:29:59,DE,SaaS Platform,D,DER-001,Dermacare GlowSerum,Aesthetic,Dermacare,Wholesale,9,32.0,EUR,0.2,288.0,230.4
TXN-DE-4-000360,2026-08-28 12:35:24,2026-08-28 12:39:24,DE,SaaS Platform,D,MED-002,Medora Derm Cream,Prescription,Medora,D2C,5,26.0,EUR,0.2,130.0,104.0
TXN-DE-4-000361,2026-08-28 01:21:48,2026-08-28 01:26:48,DE,SaaS Platform,D,VIT-001,Vitalis C1000,Supplement,Vitalis,Wholesale,6,21.0,EUR,0.05,126.0,119.7
TXN-DE-4-000362,2026-08-28 10:08:45,2026-08-28 10:11:45,DE,SaaS Platform,D,VIT-002,Vitalis Multivit,Supplement,Vitalis,E-commerce,1,17.0,EUR,0.05,17.0,16.15
TXN-DE-4-000363,2026-08-28 05:42:34,2026-08-28 05:46:34,DE,SaaS Platform,D,PUR-002,PureLife BP Monitor,Medical Device,PureLife,Wholesale,12,90.0,EUR,0.0,1080.0,1080.0
TXN-DE-4-000364,2026-08-28 00:43:15,2026-08-28 00:47:15,DE,SaaS Platform,D,PUR-002,PureLife BP Monitor,Medical Device,PureLife,D2C,7,90.0,EUR,0.0,630.0,630.0
TXN-DE-4-000365,2026-08-28 13:35:21,2026-08-28 13:37:21,DE,SaaS Platform,D,MED-002,Medora Derm Cream,Prescription,Medora,Pharmacy/B2B,3,26.0,EUR,0.0,78.0,78.0
TXN-DE-4-000366,2026-08-28 16:44:18,2026-08-28 16:50:18,DE,SaaS Platform,D,PUR-001,PureLife GlucoMonitor,Medical Device,PureLife,D2C,8,85.0,EUR,0.1,680.0,612.0
TXN-DE-4-000367,2026-08-28 01:58:31,2026-08-28 01:59:31,DE,SaaS Platform,D,PUR-001,PureLife GlucoMonitor,Medical Device,PureLife,Wholesale,7,85.0,EUR,0.05,595.0,565.25
TXN-DE-4-000368,2026-08-28 08:32:05,2026-08-28 08:37:05,DE,SaaS Platform,D,PUR-001,PureLife GlucoMonitor,Medical Device,PureLife,Pharmacy/B2B,8,85.0,EUR,0.2,680.0,544.0
TXN-DE-4-000369,2026-08-28 17:37:55,2026-08-28 17:43:55,DE,SaaS Platform,D,PUR-001,PureLife GlucoMonitor,Medical Device,PureLife,Pharmacy/B2B,5,85.0,EUR,0.1,425.0,382.5
TXN-DE-4-000370,2026-08-28 13:52:08,2026-08-28 13:56:08,DE,SaaS Platform,D,DER-001,Dermacare GlowSerum,Aesthetic,Dermacare,Pharmacy/B2B,7,32.0,EUR,0.1,224.0,201.6
TXN-DE-4-000371,2026-08-28 14:57:43,2026-08-28 14:58:43,DE,SaaS Platform,D,PUR-001,PureLife GlucoMonitor,Medical Device,PureLife,Wholesale,6,85.0,EUR,0.1,510.0,459.0
TXN-DE-4-000372,2026-08-28 10:58:28,2026-08-28 11:03:28,DE,SaaS Platform,D,SAN-001,SanaPlus PainRelief,OTC,SanaPlus,E-commerce,6,9.5,EUR,0.2,57.0,45.6
TXN-DE-4-000373,2026-08-28 23:47:58,2026-08-28 23:49:58,DE,SaaS Platform,D,VIT-002,Vitalis Multivit,Supplement,Vitalis,Pharmacy/B2B,4,17.0,EUR,0.05,68.0,64.6
TXN-DE-4-000374,2026-08-28 14:55:48,2026-08-28 14:57:48,DE,SaaS Platform,D,PUR-001,PureLife GlucoMonitor,Medical Device,PureLife,Pharmacy/B2B,11,85.0,EUR,0.0,935.0,935.0
TXN-DE-4-000375,2026-08-28 18:41:43,2026-08-28 18:45:43,DE,SaaS Platform,D,SAN-001,SanaPlus PainRelief,OTC,SanaPlus,E-commerce,5,9.5,EUR,0.1,47.5,42.75
TXN-DE-4-000376,2026-08-28 22:45:45,2026-08-28 22:51:45,DE,SaaS Platform,D,PUR-002,PureLife BP Monitor,Medical Device,PureLife,D2C,9,90.0,EUR,0.0,810.0,810.0
TXN-DE-4-000377,2026-08-28 13:19:34,2026-08-28 13:25:34,DE,SaaS Platform,D,VIT-001,Vitalis C1000,Supplement,Vitalis,Pharmacy/B2B,8,21.0,EUR,0.05,168.0,159.6
TXN-DE-4-000378,2026-08-28 00:37:43,2026-08-28 00:43:43,DE,SaaS Platform,D,MED-001,Medora Cardio 10mg,Prescription,Medora,E-commerce,7,43.0,EUR,0.1,301.0,270.9
TXN-DE-4-000379,2026-08-28 20:27:27,2026-08-28 20:29:27,DE,SaaS Platform,D,MED-001,Medora Cardio 10mg,Prescription,Medora,Pharmacy/B2B,6,43.0,EUR,0.05,258.0,245.1
TXN-DE-4-000380,2026-08-28 10:13:44,2026-08-28 10:14:44,DE,SaaS Platform,D,VIT-001,Vitalis C1000,Supplement,Vitalis,E-commerce,10,21.0,EUR,0.15,210.0,178.5
TXN-DE-4-000381,2026-08-28 06:29:13,2026-08-28 06:34:13,DE,SaaS Platform,D,PUR-002,PureLife BP Monitor,Medical Device,PureLife,Pharmacy/B2B,10,90.0,EUR,0.0,900.0,900.0
TXN-DE-4-000382,2026-08-28 09:16:59,2026-08-28 09:21:59,DE,SaaS Platform,D,DER-001,Dermacare GlowSerum,Aesthetic,Dermacare,Wholesale,7,32.0,EUR,0.15,224.0,190.4
TXN-DE-4-000383,2026-08-28 09:20:29,2026-08-28 09:24:29,DE,SaaS Platform,D,DER-001,Dermacare GlowSerum,Aesthetic,Dermacare,D2C,6,32.0,EUR,0.0,192.0,192.0
TXN-DE-4-000384,2026-08-28 19:34:36,2026-08-28 19:36:36,DE,SaaS Platform,D,MED-002,Medora Derm Cream,Prescription,Medora,E-commerce,3,26.0,EUR,0.2,78.0,62.4
TXN-DE-4-000385,2026-08-28 13:05:06,2026-08-28 13:11:06,DE,SaaS Platform,D,SAN-001,SanaPlus PainRelief,OTC,SanaPlus,D2C,11,9.5,EUR,0.2,104.5,83.6
TXN-DE-4-000386,2026-08-28 23:06:14,2026-08-28 23:10:14,DE,SaaS Platform,D,PUR-002,PureLife BP Monitor,Medical Device,PureLife,D2C,3,90.0,EUR,0.15,270.0,229.5
TXN-DE-4-000387,2026-08-28 06:49:42,2026-08-28 06:50:42,DE,SaaS Platform,D,VIT-002,Vitalis Multivit,Supplement,Vitalis,Wholesale,12,17.0,EUR,0.15,204.0,173.4
TXN-DE-4-000388,2026-08-28 06:38:57,2026-08-28 06:44:57,DE,SaaS Platform,D,PUR-001,PureLife GlucoMonitor,Medical Device,PureLife,Pharmacy/B2B,5,85.0,EUR,0.2,425.0,340.0
TXN-DE-4-000389,2026-08-28 23:16:48,2026-08-28 23:22:48,DE,SaaS Platform,D,MED-002,Medora Derm Cream,Prescription,Medora,D2C,10,26.0,EUR,0.15,260.0,221.0
TXN-DE-4-000390,2026-08-28 08:39:58,2026-08-28 08:40:58,DE,SaaS Platform,D,DER-001,Dermacare GlowSerum,Aesthetic,Dermacare,E-commerce,9,32.0,EUR,0.1,288.0,259.2
TXN-DE-4-000391,2026-08-28 23:16:48,2026-08-28 23:17:48,DE,SaaS Platform,D,PUR-002,PureLife BP Monitor,Medical Device,PureLife,Pharmacy/B2B,8,90.0,EUR,0.05,720.0,684.0
TXN-DE-4-000392,2026-08-28 02:35:29,2026-08-28 02:36:29,DE,SaaS Platform,D,SAN-002,SanaPlus ColdFlu,OTC,SanaPlus,Wholesale,3,10.5,EUR,0.0,31.5,31.5
TXN-DE-4-000393,2026-08-28 18:26:52,2026-08-28 18:28:52,DE,SaaS Platform,D,MED-001,Medora Cardio 10mg,Prescription,Medora,Wholesale,10,43.0,EUR,0.0,430.0,430.0
TXN-DE-4-000394,2026-08-28 20:41:20,2026-08-28 20:47:20,DE,SaaS Platform,D,DER-001,Dermacare GlowSerum,Aesthetic,Dermacare,E-commerce,4,32.0,EUR,0.15,128.0,108.8
TXN-DE-4-000395,2026-08-28 12:55:40,2026-08-28 12:56:40,DE,SaaS Platform,D,SAN-001,SanaPlus PainRelief,OTC,SanaPlus,Pharmacy/B2B,6,9.5,EUR,0.0,57.0,57.0
TXN-DE-4-000396,2026-08-28 14:26:32,2026-08-28 14:32:32,DE,SaaS Platform,D,VIT-002,Vitalis Multivit,Supplement,Vitalis,Wholesale,2,17.0,EUR,0.2,34.0,27.2
TXN-DE-4-000397,2026-08-28 19:15:31,2026-08-28 19:21:31,DE,SaaS Platform,D,PUR-002,PureLife BP Monitor,Medical Device,PureLife,Pharmacy/B2B,3,90.0,EUR,0.0,270.0,270.0
TXN-DE-4-000398,2026-08-28 19:53:43,2026-08-28 19:55:43,DE,SaaS Platform,D,SAN-002,SanaPlus ColdFlu,OTC,SanaPlus,Wholesale,3,10.5,EUR,0.15,31.5,26.77
TXN-DE-4-000399,2026-08-28 02:43:40,2026-08-28 02:49:40,DE,SaaS Platform,D,VIT-001,Vitalis C1000,Supplement,Vitalis,Wholesale,4,21.0,EUR,0.0,84.0,84.0
TXN-DE-4-000400,2026-08-28 21:16:43,2026-08-28 21:20:43,DE,SaaS Platform,D,MED-002,Medora Derm Cream,Prescription,Medora,Pharmacy/B2B,9,26.0,EUR,0.0,234.0,234.0
TXN-DE-4-000401,2026-08-28 01:59:54,2026-08-28 02:02:54,DE,SaaS Platform,D,VIT-001,Vitalis C1000,Supplement,Vitalis,E-commerce,6,21.0,EUR,0.1,126.0,113.4
TXN-DE-4-000402,2026-08-28 15:16:48,2026-08-28 15:19:48,DE,SaaS Platform,D,DER-002,Dermacare LiftCream,Aesthetic,Dermacare,Wholesale,11,37.0,EUR,0.0,407.0,407.0
TXN-DE-4-000403,2026-08-28 10:17:25,2026-08-28 10:23:25,DE,SaaS Platform,D,PUR-002,PureLife BP Monitor,Medical Device,PureLife,Pharmacy/B2B,11,90.0,EUR,0.05,990.0,940.5
TXN-DE-4-000404,2026-08-28 07:32:53,2026-08-28 07:36:53,DE,SaaS Platform,D,SAN-002,SanaPlus ColdFlu,OTC,SanaPlus,Pharmacy/B2B,10,10.5,EUR,0.0,105.0,105.0
TXN-DE-4-000405,2026-08-28 00:54:18,2026-08-28 01:00:18,DE,SaaS Platform,D,MED-001,Medora Cardio 10mg,Prescription,Medora,E-commerce,9,43.0,EUR,0.0,387.0,387.0
TXN-DE-4-000406,2026-08-28 20:44:22,2026-08-28 20:45:22,DE,SaaS Platform,D,DER-001,Dermacare GlowSerum,Aesthetic,Dermacare,E-commerce,4,32.0,EUR,0.0,128.0,128.0
TXN-DE-4-000407,2026-08-28 19:06:14,2026-08-28 19:12:14,DE,SaaS Platform,D,VIT-002,Vitalis Multivit,Supplement,Vitalis,E-commerce,9,17.0,EUR,0.05,153.0,145.35
TXN-DE-4-000408,2026-08-28 21:40:24,2026-08-28 21:44:24,DE,SaaS Platform,D,MED-002,Medora Derm Cream,Prescription,Medora,Wholesale,12,26.0,EUR,0.0,312.0,312.0
TXN-DE-4-000409,2026-08-28 22:14:14,2026-08-28 22:17:14,DE,SaaS Platform,D,MED-001,Medora Cardio 10mg,Prescription,Medora,Wholesale,6,43.0,EUR,0.2,258.0,206.4
TXN-DE-4-000410,2026-08-28 12:54:58,2026-08-28 12:59:58,DE,SaaS Platform,D,VIT-002,Vitalis Multivit,Supplement,Vitalis,E-commerce,5,17.0,EUR,0.05,85.0,80.75
TXN-DE-4-000411,2026-08-28 12:42:18,2026-08-28 12:48:18,DE,SaaS Platform,D,VIT-002,Vitalis Multivit,Supplement,Vitalis,Wholesale,4,17.0,EUR,0.15,68.0,57.8
TXN-DE-4-000412,2026-08-28 19:41:45,2026-08-28 19:45:45,DE,SaaS Platform,D,VIT-001,Vitalis C1000,Supplement,Vitalis,Pharmacy/B2B,10,21.0,EUR,0.0,210.0,210.0
TXN-DE-4-000413,2026-08-28 07:02:01,2026-08-28 07:06:01,DE,SaaS Platform,D,SAN-001,SanaPlus PainRelief,OTC,SanaPlus,Pharmacy/B2B,2,9.5,EUR,0.2,19.0,15.2
TXN-DE-4-000414,2026-08-28 09:35:21,2026-08-28 09:38:21,DE,SaaS Platform,D,VIT-002,Vitalis Multivit,Supplement,Vitalis,Wholesale,3,17.0,EUR,0.15,51.0,43.35
TXN-DE-4-000415,2026-08-28 08:02:59,2026-08-28 08:05:59,DE,SaaS Platform,D,DER-001,Dermacare GlowSerum,Aesthetic,Dermacare,D2C,2,32.0,EUR,0.0,64.0,64.0
TXN-DE-4-000416,2026-08-28 13:42:06,2026-08-28 13:45:06,DE,SaaS Platform,D,VIT-001,Vitalis C1000,Supplement,Vitalis,D2C,9,21.0,EUR,0.15,189.0,160.65
TXN-DE-4-000417,2026-08-28 14:42:22,2026-08-28 14:47:22,DE,SaaS Platform,D,SAN-001,SanaPlus PainRelief,OTC,SanaPlus,Wholesale,10,9.5,EUR,0.0,95.0,95.0
TXN-DE-4-000418,2026-08-28 07:16:07,2026-08-28 07:21:07,DE,SaaS Platform,D,MED-001,Medora Cardio 10mg,Prescription,Medora,D2C,8,43.0,EUR,0.0,344.0,344.0
TXN-DE-4-000419,2026-08-28 23:28:36,2026-08-28 23:30:36,DE,SaaS Platform,D,PUR-001,PureLife GlucoMonitor,Medical Device,PureLife,D2C,7,85.0,EUR,0.05,595.0,565.25
TXN-DE-4-000420,2026-08-28 18:22:23,2026-08-28 18:27:23,DE,SaaS Platform,D,DER-001,Dermacare GlowSerum,Aesthetic,Dermacare,Wholesale,5,32.0,EUR,0.2,160.0,128.0
TXN-DE-4-000421,2026-08-28 10:49:45,2026-08-28 10:55:45,DE,SaaS Platform,D,DER-001,Dermacare GlowSerum,Aesthetic,Dermacare,Wholesale,5,32.0,EUR,0.0,160.0,160.0
TXN-DE-4-000422,2026-08-28 13:22:13,2026-08-28 13:28:13,DE,SaaS Platform,D,SAN-002,SanaPlus ColdFlu,OTC,SanaPlus,Pharmacy/B2B,1,10.5,EUR,0.1,10.5,9.45
TXN-DE-4-000423,2026-08-28 17:43:00,2026-08-28 17:49:00,DE,SaaS Platform,D,VIT-001,Vitalis C1000,Supplement,Vitalis,E-commerce,6,21.0,EUR,0.2,126.0,100.8
TXN-DE-4-000424,2026-08-28 19:01:27,2026-08-28 19:04:27,DE,SaaS Platform,D,DER-001,Dermacare GlowSerum,Aesthetic,Dermacare,D2C,6,32.0,EUR,0.0,192.0,192.0
TXN-DE-4-000425,2026-08-28 15:46:40,2026-08-28 15:47:40,DE,SaaS Platform,D,DER-002,Dermacare LiftCream,Aesthetic,Dermacare,E-commerce,4,37.0,EUR,0.1,148.0,133.2
TXN-DE-4-000426,2026-08-28 05:50:12,2026-08-28 05:56:12,DE,SaaS Platform,D,VIT-001,Vitalis C1000,Supplement,Vitalis,D2C,10,21.0,EUR,0.15,210.0,178.5
TXN-DE-4-000427,2026-08-28 09:46:42,2026-08-28 09:49:42,DE,SaaS Platform,D,VIT-002,Vitalis Multivit,Supplement,Vitalis,D2C,3,17.0,EUR,0.0,51.0,51.0
TXN-DE-4-000428,2026-08-28 05:37:31,2026-08-28 05:38:31,DE,SaaS Platform,D,SAN-002,SanaPlus ColdFlu,OTC,SanaPlus,Pharmacy/B2B,6,10.5,EUR,0.0,63.0,63.0
TXN-DE-4-000429,2026-08-28 00:32:49,2026-08-28 00:34:49,DE,SaaS Platform,D,MED-002,Medora Derm Cream,Prescription,Medora,Wholesale,8,26.0,EUR,0.15,208.0,176.8
TXN-DE-4-000430,2026-08-28 12:35:52,2026-08-28 12:40:52,DE,SaaS Platform,D,MED-002,Medora Derm Cream,Prescription,Medora,E-commerce,10,26.0,EUR,0.05,260.0,247.0
TXN-DE-4-000431,2026-08-28 23:07:43,2026-08-28 23:10:43,DE,SaaS Platform,D,DER-002,Dermacare LiftCream,Aesthetic,Dermacare,D2C,4,37.0,EUR,0.2,148.0,118.4
TXN-DE-4-000432,2026-08-28 09:36:08,2026-08-28 09:42:08,DE,SaaS Platform,D,PUR-001,PureLife GlucoMonitor,Medical Device,PureLife,D2C,12,85.0,EUR,0.0,1020.0,1020.0
TXN-DE-4-000433,2026-08-28 04:26:49,2026-08-28 04:29:49,DE,SaaS Platform,D,PUR-001,PureLife GlucoMonitor,Medical Device,PureLife,Pharmacy/B2B,9,85.0,EUR,0.0,765.0,765.0
TXN-DE-4-000434,2026-08-28 19:30:59,2026-08-28 19:35:59,DE,SaaS Platform,D,PUR-001,PureLife GlucoMonitor,Medical Device,PureLife,D2C,2,85.0,EUR,0.15,170.0,144.5
TXN-DE-4-000435,2026-08-28 12:09:18,2026-08-28 12:12:18,DE,SaaS Platform,D,PUR-002,PureLife BP Monitor,Medical Device,PureLife,E-commerce,8,90.0,EUR,0.15,720.0,612.0
TXN-DE-4-000436,2026-08-28 14:24:59,2026-08-28 14:30:59,DE,SaaS Platform,D,PUR-002,PureLife BP Monitor,Medical Device,PureLife,Pharmacy/B2B,3,90.0,EUR,0.0,270.0,270.0
TXN-DE-4-000437,2026-08-28 03:47:20,2026-08-28 03:52:20,DE,SaaS Platform,D,PUR-002,PureLife BP Monitor,Medical Device,PureLife,Pharmacy/B2B,1,90.0,EUR,0.2,90.0,72.0
TXN-DE-4-000438,2026-08-28 13:39:27,2026-08-28 13:44:27,DE,SaaS Platform,D,DER-002,Dermacare LiftCream,Aesthetic,Dermacare,E-commerce,9,37.0,EUR,0.15,333.0,283.05
TXN-DE-4-000439,2026-08-28 11:47:58,2026-08-28 11:51:58,DE,SaaS Platform,D,PUR-002,PureLife BP Monitor,Medical Device,PureLife,E-commerce,3,90.0,EUR,0.0,270.0,270.0
TXN-DE-4-000440,2026-08-28 18:40:26,2026-08-28 18:44:26,DE,SaaS Platform,D,DER-002,Dermacare LiftCream,Aesthetic,Dermacare,Wholesale,9,37.0,EUR,0.0,333.0,333.0
TXN-DE-4-000441,2026-08-28 19:28:49,2026-08-28 19:32:49,DE,SaaS Platform,D,MED-001,Medora Cardio 10mg,Prescription,Medora,Pharmacy/B2B,5,43.0,EUR,0.1,215.0,193.5
TXN-DE-4-000442,2026-08-28 03:34:41,2026-08-28 03:40:41,DE,SaaS Platform,D,SAN-002,SanaPlus ColdFlu,OTC,SanaPlus,Pharmacy/B2B,3,10.5,EUR,0.15,31.5,26.77
TXN-DE-4-000443,2026-08-28 19:15:54,2026-08-28 19:17:54,DE,SaaS Platform,D,PUR-002,PureLife BP Monitor,Medical Device,PureLife,Pharmacy/B2B,8,90.0,EUR,0.15,720.0,612.0
TXN-DE-4-000444,2026-08-28 03:51:31,2026-08-28 03:53:31,DE,SaaS Platform,D,MED-002,Medora Derm Cream,Prescription,Medora,Pharmacy/B2B,7,26.0,EUR,0.2,182.0,145.6
TXN-DE-4-000445,2026-08-28 03:40:01,2026-08-28 03:41:01,DE,SaaS Platform,D,DER-002,Dermacare LiftCream,Aesthetic,Dermacare,E-commerce,6,37.0,EUR,0.2,222.0,177.6
TXN-DE-4-000446,2026-08-28 06:13:44,2026-08-28 06:15:44,DE,SaaS Platform,D,MED-002,Medora Derm Cream,Prescription,Medora,Wholesale,7,26.0,EUR,0.1,182.0,163.8
TXN-DE-4-000447,2026-08-28 09:09:01,2026-08-28 09:12:01,DE,SaaS Platform,D,PUR-001,PureLife GlucoMonitor,Medical Device,PureLife,Pharmacy/B2B,10,85.0,EUR,0.2,850.0,680.0
TXN-DE-4-000448,2026-08-28 16:08:12,2026-08-28 16:13:12,DE,SaaS Platform,D,DER-002,Dermacare LiftCream,Aesthetic,Dermacare,D2C,11,37.0,EUR,0.0,407.0,407.0
TXN-DE-4-000449,2026-08-28 12:34:03,2026-08-28 12:35:03,DE,SaaS Platform,D,SAN-002,SanaPlus ColdFlu,OTC,SanaPlus,D2C,2,10.5,EUR,0.0,21.0,21.0
TXN-DE-4-000450,2026-08-28 13:45:26,2026-08-28 13:49:26,DE,SaaS Platform,D,DER-001,Dermacare GlowSerum,Aesthetic,Dermacare,Pharmacy/B2B,7,32.0,EUR,0.15,224.0,190.4
TXN-DE-4-000451,2026-08-28 22:07:00,2026-08-28 22:08:00,DE,SaaS Platform,D,VIT-001,Vitalis C1000,Supplement,Vitalis,E-commerce,10,21.0,EUR,0.0,210.0,210.0
TXN-DE-4-000452,2026-08-28 17:49:35,2026-08-28 17:51:35,DE,SaaS Platform,D,DER-002,Dermacare LiftCream,Aesthetic,Dermacare,Wholesale,1,37.0,EUR,0.05,37.0,35.15
TXN-DE-4-000453,2026-08-28 17:05:15,2026-08-28 17:11:15,DE,SaaS Platform,D,DER-001,Dermacare GlowSerum,Aesthetic,Dermacare,D2C,7,32.0,EUR,0.05,224.0,212.8
TXN-DE-4-000454,2026-08-28 17:54:53,2026-08-28 17:58:53,DE,SaaS Platform,D,SAN-001,SanaPlus PainRelief,OTC,SanaPlus,Pharmacy/B2B,11,9.5,EUR,0.05,104.5,99.27
TXN-DE-4-000455,2026-08-28 06:29:52,2026-08-28 06:32:52,DE,SaaS Platform,D,SAN-001,SanaPlus PainRelief,OTC,SanaPlus,Pharmacy/B2B,3,9.5,EUR,0.05,28.5,27.07
TXN-DE-4-000456,2026-08-28 01:37:08,2026-08-28 01:42:08,DE,SaaS Platform,D,DER-002,Dermacare LiftCream,Aesthetic,Dermacare,Wholesale,11,37.0,EUR,0.1,407.0,366.3
TXN-DE-4-000457,2026-08-28 16:49:44,2026-08-28 16:50:44,DE,SaaS Platform,D,PUR-001,PureLife GlucoMonitor,Medical Device,PureLife,E-commerce,10,85.0,EUR,0.1,850.0,765.0
TXN-DE-4-000458,2026-08-28 03:11:37,2026-08-28 03:12:37,DE,SaaS Platform,D,SAN-001,SanaPlus PainRelief,OTC,SanaPlus,E-commerce,4,9.5,EUR,0.2,38.0,30.4
TXN-DE-4-000459,2026-08-28 01:18:57,2026-08-28 01:20:57,DE,SaaS Platform,D,MED-002,Medora Derm Cream,Prescription,Medora,Wholesale,7,26.0,EUR,0.0,182.0,182.0
TXN-DE-4-000460,2026-08-28 01:22:42,2026-08-28 01:24:42,DE,SaaS Platform,D,VIT-001,Vitalis C1000,Supplement,Vitalis,E-commerce,9,21.0,EUR,0.0,189.0,189.0
TXN-DE-4-000461,2026-08-28 22:51:09,2026-08-28 22:56:09,DE,SaaS Platform,D,PUR-001,PureLife GlucoMonitor,Medical Device,PureLife,E-commerce,9,85.0,EUR,0.0,765.0,765.0
TXN-DE-4-000462,2026-08-28 05:26:54,2026-08-28 05:28:54,DE,SaaS Platform,D,SAN-001,SanaPlus PainRelief,OTC,SanaPlus,E-commerce,9,9.5,EUR,0.0,85.5,85.5
TXN-DE-4-000463,2026-08-28 13:43:11,2026-08-28 13:49:11,DE,SaaS Platform,D,VIT-001,Vitalis C1000,Supplement,Vitalis,Wholesale,9,21.0,EUR,0.2,189.0,151.2
TXN-DE-4-000464,2026-08-28 19:09:45,2026-08-28 19:13:45,DE,SaaS Platform,D,VIT-002,Vitalis Multivit,Supplement,Vitalis,D2C,7,17.0,EUR,0.0,119.0,119.0
TXN-DE-4-000465,2026-08-28 09:15:38,2026-08-28 09:18:38,DE,SaaS Platform,D,VIT-002,Vitalis Multivit,Supplement,Vitalis,Pharmacy/B2B,3,17.0,EUR,0.0,51.0,51.0
TXN-DE-4-000466,2026-08-28 11:14:08,2026-08-28 11:17:08,DE,SaaS Platform,D,DER-002,Dermacare LiftCream,Aesthetic,Dermacare,Wholesale,5,37.0,EUR,0.2,185.0,148.0
TXN-DE-4-000467,2026-08-28 18:04:55,2026-08-28 18:08:55,DE,SaaS Platform,D,SAN-001,SanaPlus PainRelief,OTC,SanaPlus,E-commerce,5,9.5,EUR,0.15,47.5,40.38
TXN-DE-4-000468,2026-08-28 12:44:32,2026-08-28 12:45:32,DE,SaaS Platform,D,DER-001,Dermacare GlowSerum,Aesthetic,Dermacare,Wholesale,2,32.0,EUR,0.05,64.0,60.8
TXN-DE-4-000469,2026-08-28 02:50:15,2026-08-28 02:55:15,DE,SaaS Platform,D,MED-002,Medora Derm Cream,Prescription,Medora,E-commerce,4,26.0,EUR,0.05,104.0,98.8
TXN-DE-4-000470,2026-08-28 08:09:11,2026-08-28 08:10:11,DE,SaaS Platform,D,PUR-001,PureLife GlucoMonitor,Medical Device,PureLife,Wholesale,2,85.0,EUR,0.2,170.0,136.0
TXN-DE-4-000471,2026-08-28 02:54:34,2026-08-28 02:55:34,DE,SaaS Platform,D,SAN-002,SanaPlus ColdFlu,OTC,SanaPlus,D2C,9,10.5,EUR,0.0,94.5,94.5
TXN-DE-4-000472,2026-08-28 03:00:06,2026-08-28 03:06:06,DE,SaaS Platform,D,VIT-001,Vitalis C1000,Supplement,Vitalis,E-commerce,10,21.0,EUR,0.2,210.0,168.0
TXN-DE-4-000473,2026-08-28 16:18:11,2026-08-28 16:22:11,DE,SaaS Platform,D,PUR-001,PureLife GlucoMonitor,Medical Device,PureLife,Pharmacy/B2B,6,85.0,EUR,0.15,510.0,433.5
TXN-DE-4-000474,2026-08-28 18:49:30,2026-08-28 18:54:30,DE,SaaS Platform,D,PUR-001,PureLife GlucoMonitor,Medical Device,PureLife,Pharmacy/B2B,10,85.0,EUR,0.05,850.0,807.5
TXN-DE-4-000475,2026-08-28 07:52:36,2026-08-28 07:54:36,DE,SaaS Platform,D,PUR-001,PureLife GlucoMonitor,Medical Device,PureLife,D2C,10,85.0,EUR,0.15,850.0,722.5
TXN-DE-4-000476,2026-08-28 12:38:30,2026-08-28 12:44:30,DE,SaaS Platform,D,VIT-002,Vitalis Multivit,Supplement,Vitalis,E-commerce,6,17.0,EUR,0.0,102.0,102.0
TXN-DE-4-000477,2026-08-28 02:23:48,2026-08-28 02:24:48,DE,SaaS Platform,D,VIT-002,Vitalis Multivit,Supplement,Vitalis,D2C,1,17.0,EUR,0.05,17.0,16.15
TXN-DE-4-000478,2026-08-28 15:53:09,2026-08-28 15:59:09,DE,SaaS Platform,D,MED-002,Medora Derm Cream,Prescription,Medora,Pharmacy/B2B,10,26.0,EUR,0.2,260.0,208.0
TXN-DE-4-000479,2026-08-28 19:11:23,2026-08-28 19:14:23,DE,SaaS Platform,D,VIT-002,Vitalis Multivit,Supplement,Vitalis,E-commerce,3,17.0,EUR,0.1,51.0,45.9
TXN-DE-4-000480,2026-08-28 16:09:10,2026-08-28 16:11:10,DE,SaaS Platform,D,MED-001,Medora Cardio 10mg,Prescription,Medora,Wholesale,12,43.0,EUR,0.2,516.0,412.8
TXN-DE-4-000481,2026-08-28 08:55:17,2026-08-28 08:58:17,DE,SaaS Platform,D,VIT-002,Vitalis Multivit,Supplement,Vitalis,D2C,4,17.0,EUR,0.0,68.0,68.0
TXN-DE-4-000482,2026-08-28 00:59:25,2026-08-28 01:01:25,DE,SaaS Platform,D,MED-001,Medora Cardio 10mg,Prescription,Medora,D2C,7,43.0,EUR,0.1,301.0,270.9
TXN-DE-4-000483,2026-08-28 14:31:25,2026-08-28 14:32:25,DE,SaaS Platform,D,DER-001,Dermacare GlowSerum,Aesthetic,Dermacare,D2C,12,32.0,EUR,0.0,384.0,384.0
TXN-DE-4-000484,2026-08-28 13:08:19,2026-08-28 13:09:19,DE,SaaS Platform,D,PUR-001,PureLife GlucoMonitor,Medical Device,PureLife,Pharmacy/B2B,2,85.0,EUR,0.2,170.0,136.0
TXN-DE-4-000485,2026-08-28 15:13:20,2026-08-28 15:15:20,DE,SaaS Platform,D,DER-002,Dermacare LiftCream,Aesthetic,Dermacare,D2C,10,37.0,EUR,0.05,370.0,351.5
TXN-DE-4-000486,2026-08-28 04:40:41,2026-08-28 04:45:41,DE,SaaS Platform,D,MED-001,Medora Cardio 10mg,Prescription,Medora,Pharmacy/B2B,12,43.0,EUR,0.15,516.0,438.6
TXN-DE-4-000487,2026-08-28 10:21:46,2026-08-28 10:22:46,DE,SaaS Platform,D,VIT-002,Vitalis Multivit,Supplement,Vitalis,E-commerce,5,17.0,EUR,0.0,85.0,85.0
TXN-DE-4-000488,2026-08-28 02:55:43,2026-08-28 03:00:43,DE,SaaS Platform,D,DER-001,Dermacare GlowSerum,Aesthetic,Dermacare,Pharmacy/B2B,8,32.0,EUR,0.15,256.0,217.6
TXN-DE-4-000489,2026-08-28 10:31:51,2026-08-28 10:36:51,DE,SaaS Platform,D,DER-001,Dermacare GlowSerum,Aesthetic,Dermacare,E-commerce,11,32.0,EUR,0.15,352.0,299.2
TXN-DE-4-000490,2026-08-28 15:10:07,2026-08-28 15:16:07,DE,SaaS Platform,D,DER-002,Dermacare LiftCream,Aesthetic,Dermacare,E-commerce,5,37.0,EUR,0.0,185.0,185.0
TXN-DE-4-000491,2026-08-28 08:16:44,2026-08-28 08:19:44,DE,SaaS Platform,D,VIT-002,Vitalis Multivit,Supplement,Vitalis,E-commerce,3,17.0,EUR,0.0,51.0,51.0
TXN-DE-4-000492,2026-08-28 12:31:52,2026-08-28 12:37:52,DE,SaaS Platform,D,VIT-001,Vitalis C1000,Supplement,Vitalis,E-commerce,11,21.0,EUR,0.15,231.0,196.35
TXN-DE-4-000493,2026-08-28 00:24:19,2026-08-28 00:26:19,DE,SaaS Platform,D,SAN-002,SanaPlus ColdFlu,OTC,SanaPlus,Pharmacy/B2B,3,10.5,EUR,0.2,31.5,25.2
TXN-DE-4-000494,2026-08-28 02:05:15,2026-08-28 02:07:15,DE,SaaS Platform,D,DER-002,Dermacare LiftCream,Aesthetic,Dermacare,D2C,6,37.0,EUR,0.0,222.0,222.0
TXN-DE-4-000495,2026-08-28 09:14:13,2026-08-28 09:15:13,DE,SaaS Platform,D,VIT-001,Vitalis C1000,Supplement,Vitalis,Pharmacy/B2B,1,21.0,EUR,0.2,21.0,16.8
TXN-DE-4-000496,2026-08-28 08:48:09,2026-08-28 08:53:09,DE,SaaS Platform,D,SAN-001,SanaPlus PainRelief,OTC,SanaPlus,Pharmacy/B2B,5,9.5,EUR,0.15,47.5,40.38
TXN-DE-4-000497,2026-08-28 10:02:54,2026-08-28 10:05:54,DE,SaaS Platform,D,DER-002,Dermacare LiftCream,Aesthetic,Dermacare,D2C,6,37.0,EUR,0.05,222.0,210.9
TXN-DE-4-000498,2026-08-28 05:40:45,2026-08-28 05:42:45,DE,SaaS Platform,D,VIT-001,Vitalis C1000,Supplement,Vitalis,Wholesale,8,21.0,EUR,0.2,168.0,134.4
TXN-DE-4-000499,2026-08-28 03:32:58,2026-08-28 03:34:58,DE,SaaS Platform,D,PUR-001,PureLife GlucoMonitor,Medical Device,PureLife,D2C,6,85.0,EUR,0.2,510.0,408.0
TXN-DE-4-000500,2026-08-28 17:54:09,2026-08-28 17:55:09,DE,SaaS Platform,D,MED-001,Medora Cardio 10mg,Prescription,Medora,Wholesale,3,43.0,EUR,0.15,129.0,109.65
TXN-DE-4-000501,2026-08-28 07:03:51,2026-08-28 07:06:51,DE,SaaS Platform,D,VIT-002,Vitalis Multivit,Supplement,Vitalis,Pharmacy/B2B,9,17.0,EUR,0.05,153.0,145.35
TXN-DE-4-000502,2026-08-28 13:12:13,2026-08-28 13:13:13,DE,SaaS Platform,D,DER-001,Dermacare GlowSerum,Aesthetic,Dermacare,E-commerce,7,32.0,EUR,0.15,224.0,190.4
TXN-DE-4-000503,2026-08-28 17:01:56,2026-08-28 17:02:56,DE,SaaS Platform,D,PUR-001,PureLife GlucoMonitor,Medical Device,PureLife,E-commerce,10,85.0,EUR,0.0,850.0,850.0
TXN-DE-4-000504,2026-08-28 13:39:28,2026-08-28 13:44:28,DE,SaaS Platform,D,SAN-001,SanaPlus PainRelief,OTC,SanaPlus,D2C,10,9.5,EUR,0.15,95.0,80.75
TXN-DE-4-000505,2026-08-28 21:31:09,2026-08-28 21:34:09,DE,SaaS Platform,D,PUR-002,PureLife BP Monitor,Medical Device,PureLife,Wholesale,2,90.0,EUR,0.05,180.0,171.0
TXN-DE-4-000506,2026-08-28 16:22:59,2026-08-28 16:23:59,DE,SaaS Platform,D,MED-001,Medora Cardio 10mg,Prescription,Medora,D2C,3,43.0,EUR,0.0,129.0,129.0
TXN-DE-4-000507,2026-08-28 11:51:46,2026-08-28 11:53:46,DE,SaaS Platform,D,VIT-002,Vitalis Multivit,Supplement,Vitalis,E-commerce,5,17.0,EUR,0.0,85.0,85.0
TXN-DE-4-000508,2026-08-28 11:58:13,2026-08-28 12:02:13,DE,SaaS Platform,D,MED-002,Medora Derm Cream,Prescription,Medora,E-commerce,6,26.0,EUR,0.2,156.0,124.8
TXN-DE-4-000509,2026-08-28 16:10:46,2026-08-28 16:16:46,DE,SaaS Platform,D,MED-002,Medora Derm Cream,Prescription,Medora,Wholesale,12,26.0,EUR,0.15,312.0,265.2
TXN-DE-4-000510,2026-08-28 01:03:48,2026-08-28 01:07:48,DE,SaaS Platform,D,VIT-001,Vitalis C1000,Supplement,Vitalis,Pharmacy/B2B,12,21.0,EUR,0.0,252.0,252.0
TXN-DE-4-000511,2026-08-28 19:04:27,2026-08-28 19:09:27,DE,SaaS Platform,D,SAN-002,SanaPlus ColdFlu,OTC,SanaPlus,Pharmacy/B2B,10,10.5,EUR,0.15,105.0,89.25
TXN-DE-4-000512,2026-08-28 18:07:23,2026-08-28 18:13:23,DE,SaaS Platform,D,SAN-001,SanaPlus PainRelief,OTC,SanaPlus,Wholesale,4,9.5,EUR,0.0,38.0,38.0
TXN-DE-4-000513,2026-08-28 01:20:52,2026-08-28 01:22:52,DE,SaaS Platform,D,DER-001,Dermacare GlowSerum,Aesthetic,Dermacare,E-commerce,2,32.0,EUR,0.2,64.0,51.2
TXN-DE-4-000514,2026-08-28 23:38:57,2026-08-28 23:43:57,DE,SaaS Platform,D,DER-001,Dermacare GlowSerum,Aesthetic,Dermacare,Wholesale,11,32.0,EUR,0.15,352.0,299.2
TXN-DE-4-000515,2026-08-28 01:28:01,2026-08-28 01:32:01,DE,SaaS Platform,D,DER-002,Dermacare LiftCream,Aesthetic,Dermacare,D2C,1,37.0,EUR,0.0,37.0,37.0
TXN-DE-4-000516,2026-08-28 13:29:58,2026-08-28 13:30:58,DE,SaaS Platform,D,VIT-001,Vitalis C1000,Supplement,Vitalis,D2C,5,21.0,EUR,0.0,105.0,105.0
TXN-DE-4-000517,2026-08-28 21:27:57,2026-08-28 21:32:57,DE,SaaS Platform,D,DER-002,Dermacare LiftCream,Aesthetic,Dermacare,D2C,9,37.0,EUR,0.15,333.0,283.05
TXN-DE-4-000518,2026-08-28 05:34:11,2026-08-28 05:37:11,DE,SaaS Platform,D,VIT-002,Vitalis Multivit,Supplement,Vitalis,Pharmacy/B2B,3,17.0,EUR,0.15,51.0,43.35
TXN-DE-4-000519,2026-08-28 02:34:47,2026-08-28 02:37:47,DE,SaaS Platform,D,DER-001,Dermacare GlowSerum,Aesthetic,Dermacare,Wholesale,9,32.0,EUR,0.15,288.0,244.8
TXN-DE-4-000520,2026-08-28 08:48:04,2026-08-28 08:49:04,DE,SaaS Platform,D,VIT-002,Vitalis Multivit,Supplement,Vitalis,D2C,8,17.0,EUR,0.15,136.0,115.6
TXN-DE-4-000521,2026-08-28 18:38:55,2026-08-28 18:42:55,DE,SaaS Platform,D,SAN-002,SanaPlus ColdFlu,OTC,SanaPlus,D2C,7,10.5,EUR,0.2,73.5,58.8
TXN-DE-4-000522,2026-08-28 10:46:00,2026-08-28 10:51:00,DE,SaaS Platform,D,MED-002,Medora Derm Cream,Prescription,Medora,D2C,10,26.0,EUR,0.05,260.0,247.0
TXN-DE-4-000523,2026-08-28 07:17:42,2026-08-28 07:23:42,DE,SaaS Platform,D,SAN-002,SanaPlus ColdFlu,OTC,SanaPlus,Pharmacy/B2B,4,10.5,EUR,0.0,42.0,42.0
TXN-DE-4-000524,2026-08-28 09:15:05,2026-08-28 09:21:05,DE,SaaS Platform,D,MED-002,Medora Derm Cream,Prescription,Medora,Pharmacy/B2B,10,26.0,EUR,0.15,260.0,221.0
TXN-DE-4-000525,2026-08-28 19:00:40,2026-08-28 19:06:40,DE,SaaS Platform,D,VIT-002,Vitalis Multivit,Supplement,Vitalis,E-commerce,6,17.0,EUR,0.0,102.0,102.0
TXN-DE-4-000526,2026-08-28 10:56:27,2026-08-28 11:02:27,DE,SaaS Platform,D,MED-001,Medora Cardio 10mg,Prescription,Medora,Pharmacy/B2B,12,43.0,EUR,0.15,516.0,438.6
TXN-DE-4-000527,2026-08-28 08:02:56,2026-08-28 08:03:56,DE,SaaS Platform,D,SAN-002,SanaPlus ColdFlu,OTC,SanaPlus,Pharmacy/B2B,11,10.5,EUR,0.15,115.5,98.17
TXN-DE-4-000528,2026-08-28 10:31:50,2026-08-28 10:35:50,DE,SaaS Platform,D,DER-002,Dermacare LiftCream,Aesthetic,Dermacare,E-commerce,8,37.0,EUR,0.2,296.0,236.8
TXN-DE-4-000529,2026-08-28 23:06:19,2026-08-28 23:09:19,DE,SaaS Platform,D,VIT-001,Vitalis C1000,Supplement,Vitalis,E-commerce,2,21.0,EUR,0.0,42.0,42.0
TXN-DE-4-000530,2026-08-28 22:57:47,2026-08-28 22:58:47,DE,SaaS Platform,D,MED-001,Medora Cardio 10mg,Prescription,Medora,Pharmacy/B2B,7,43.0,EUR,0.1,301.0,270.9
TXN-DE-4-000531,2026-08-28 06:49:48,2026-08-28 06:53:48,DE,SaaS Platform,D,PUR-001,PureLife GlucoMonitor,Medical Device,PureLife,Pharmacy/B2B,9,85.0,EUR,0.0,765.0,765.0
TXN-DE-4-000532,2026-08-28 01:09:19,2026-08-28 01:11:19,DE,SaaS Platform,D,MED-002,Medora Derm Cream,Prescription,Medora,D2C,7,26.0,EUR,0.1,182.0,163.8
TXN-DE-4-000533,2026-08-28 10:24:30,2026-08-28 10:28:30,DE,SaaS Platform,D,VIT-001,Vitalis C1000,Supplement,Vitalis,D2C,1,21.0,EUR,0.15,21.0,17.85
TXN-DE-4-000534,2026-08-28 22:04:07,2026-08-28 22:06:07,DE,SaaS Platform,D,PUR-002,PureLife BP Monitor,Medical Device,PureLife,D2C,7,90.0,EUR,0.2,630.0,504.0
TXN-DE-4-000535,2026-08-28 23:09:55,2026-08-28 23:13:55,DE,SaaS Platform,D,SAN-002,SanaPlus ColdFlu,OTC,SanaPlus,E-commerce,11,10.5,EUR,0.0,115.5,115.5
TXN-DE-4-000536,2026-08-28 08:21:19,2026-08-28 08:22:19,DE,SaaS Platform,D,MED-002,Medora Derm Cream,Prescription,Medora,D2C,3,26.0,EUR,0.0,78.0,78.0
TXN-DE-4-000537,2026-08-28 23:51:46,2026-08-28 23:52:46,DE,SaaS Platform,D,PUR-002,PureLife BP Monitor,Medical Device,PureLife,D2C,7,90.0,EUR,0.0,630.0,630.0
TXN-DE-4-000538,2026-08-28 17:01:16,2026-08-28 17:05:16,DE,SaaS Platform,D,VIT-001,Vitalis C1000,Supplement,Vitalis,Wholesale,6,21.0,EUR,0.15,126.0,107.1
TXN-DE-4-000539,2026-08-28 02:09:32,2026-08-28 02:14:32,DE,SaaS Platform,D,DER-001,Dermacare GlowSerum,Aesthetic,Dermacare,Pharmacy/B2B,7,32.0,EUR,0.0,224.0,224.0
TXN-DE-4-000540,2026-08-28 00:37:29,2026-08-28 00:39:29,DE,SaaS Platform,D,PUR-002,PureLife BP Monitor,Medical Device,PureLife,E-commerce,8,90.0,EUR,0.15,720.0,612.0
TXN-DE-4-000541,2026-08-28 18:25:49,2026-08-28 18:31:49,DE,SaaS Platform,D,MED-002,Medora Derm Cream,Prescription,Medora,Wholesale,10,26.0,EUR,0.1,260.0,234.0
TXN-DE-4-000542,2026-08-28 01:48:52,2026-08-28 01:54:52,DE,SaaS Platform,D,MED-001,Medora Cardio 10mg,Prescription,Medora,D2C,12,43.0,EUR,0.2,516.0,412.8
TXN-DE-4-000543,2026-08-28 06:41:00,2026-08-28 06:47:00,DE,SaaS Platform,D,VIT-001,Vitalis C1000,Supplement,Vitalis,Wholesale,6,21.0,EUR,0.15,126.0,107.1
TXN-DE-4-000544,2026-08-28 08:59:19,2026-08-28 09:05:19,DE,SaaS Platform,D,PUR-002,PureLife BP Monitor,Medical Device,PureLife,Wholesale,5,90.0,EUR,0.15,450.0,382.5
TXN-DE-4-000545,2026-08-28 14:51:42,2026-08-28 14:57:42,DE,SaaS Platform,D,VIT-001,Vitalis C1000,Supplement,Vitalis,D2C,10,21.0,EUR,0.1,210.0,189.0
TXN-DE-4-000546,2026-08-28 21:40:26,2026-08-28 21:43:26,DE,SaaS Platform,D,VIT-001,Vitalis C1000,Supplement,Vitalis,E-commerce,9,21.0,EUR,0.15,189.0,160.65
TXN-DE-4-000547,2026-08-28 01:55:18,2026-08-28 01:57:18,DE,SaaS Platform,D,DER-001,Dermacare GlowSerum,Aesthetic,Dermacare,Wholesale,2,32.0,EUR,0.0,64.0,64.0
TXN-DE-4-000548,2026-08-28 23:34:54,2026-08-28 23:38:54,DE,SaaS Platform,D,DER-002,Dermacare LiftCream,Aesthetic,Dermacare,D2C,8,37.0,EUR,0.1,296.0,266.4
TXN-DE-4-000549,2026-08-28 03:36:50,2026-08-28 03:39:50,DE,SaaS Platform,D,PUR-001,PureLife GlucoMonitor,Medical Device,PureLife,E-commerce,7,85.0,EUR,0.0,595.0,595.0
TXN-DE-4-000550,2026-08-28 15:11:47,2026-08-28 15:12:47,DE,SaaS Platform,D,DER-002,Dermacare LiftCream,Aesthetic,Dermacare,E-commerce,12,37.0,EUR,0.2,444.0,355.2
TXN-DE-4-000551,2026-08-28 06:14:40,2026-08-28 06:18:40,DE,SaaS Platform,D,DER-002,Dermacare LiftCream,Aesthetic,Dermacare,E-commerce,3,37.0,EUR,0.0,111.0,111.0
TXN-DE-4-000552,2026-08-28 19:18:08,2026-08-28 19:19:08,DE,SaaS Platform,D,PUR-002,PureLife BP Monitor,Medical Device,PureLife,Wholesale,12,90.0,EUR,0.05,1080.0,1026.0
TXN-DE-4-000553,2026-08-28 05:04:56,2026-08-28 05:07:56,DE,SaaS Platform,D,MED-001,Medora Cardio 10mg,Prescription,Medora,Pharmacy/B2B,6,43.0,EUR,0.2,258.0,206.4
TXN-DE-4-000554,2026-08-28 22:46:08,2026-08-28 22:48:08,DE,SaaS Platform,D,MED-001,Medora Cardio 10mg,Prescription,Medora,Wholesale,9,43.0,EUR,0.0,387.0,387.0
TXN-DE-4-000555,2026-08-28 22:38:31,2026-08-28 22:39:31,DE,SaaS Platform,D,MED-002,Medora Derm Cream,Prescription,Medora,D2C,4,26.0,EUR,0.0,104.0,104.0
TXN-DE-4-000556,2026-08-28 00:49:57,2026-08-28 00:51:57,DE,SaaS Platform,D,SAN-002,SanaPlus ColdFlu,OTC,SanaPlus,Wholesale,12,10.5,EUR,0.1,126.0,113.4
TXN-DE-4-000557,2026-08-28 07:17:42,2026-08-28 07:23:42,DE,SaaS Platform,D,MED-002,Medora Derm Cream,Prescription,Medora,D2C,5,26.0,EUR,0.2,130.0,104.0
TXN-DE-4-000558,2026-08-28 17:37:35,2026-08-28 17:39:35,DE,SaaS Platform,D,SAN-001,SanaPlus PainRelief,OTC,SanaPlus,E-commerce,7,9.5,EUR,0.0,66.5,66.5
TXN-DE-4-000559,2026-08-28 01:52:01,2026-08-28 01:57:01,DE,SaaS Platform,D,VIT-001,Vitalis C1000,Supplement,Vitalis,Wholesale,7,21.0,EUR,0.15,147.0,124.95
TXN-DE-4-000560,2026-08-28 06:34:24,2026-08-28 06:39:24,DE,SaaS Platform,D,DER-002,Dermacare LiftCream,Aesthetic,Dermacare,Wholesale,7,37.0,EUR,0.0,259.0,259.0
TXN-DE-4-000561,2026-08-28 21:32:42,2026-08-28 21:38:42,DE,SaaS Platform,D,SAN-002,SanaPlus ColdFlu,OTC,SanaPlus,E-commerce,10,10.5,EUR,0.1,105.0,94.5
TXN-DE-4-000562,2026-08-28 06:15:11,2026-08-28 06:16:11,DE,SaaS Platform,D,PUR-002,PureLife BP Monitor,Medical Device,PureLife,Wholesale,4,90.0,EUR,0.15,360.0,306.0
TXN-DE-4-000563,2026-08-28 13:18:26,2026-08-28 13:20:26,DE,SaaS Platform,D,SAN-002,SanaPlus ColdFlu,OTC,SanaPlus,Wholesale,3,10.5,EUR,0.2,31.5,25.2
TXN-DE-4-000564,2026-08-28 00:36:14,2026-08-28 00:38:14,DE,SaaS Platform,D,VIT-002,Vitalis Multivit,Supplement,Vitalis,Wholesale,12,17.0,EUR,0.0,204.0,204.0
TXN-DE-4-000565,2026-08-28 03:16:53,2026-08-28 03:19:53,DE,SaaS Platform,D,MED-002,Medora Derm Cream,Prescription,Medora,Pharmacy/B2B,1,26.0,EUR,0.05,26.0,24.7
TXN-DE-4-000566,2026-08-28 04:08:47,2026-08-28 04:14:47,DE,SaaS Platform,D,VIT-001,Vitalis C1000,Supplement,Vitalis,D2C,11,21.0,EUR,0.0,231.0,231.0
TXN-DE-4-000567,2026-08-28 04:19:11,2026-08-28 04:25:11,DE,SaaS Platform,D,MED-001,Medora Cardio 10mg,Prescription,Medora,Pharmacy/B2B,6,43.0,EUR,0.0,258.0,258.0
TXN-DE-4-000568,2026-08-28 10:24:43,2026-08-28 10:30:43,DE,SaaS Platform,D,SAN-001,SanaPlus PainRelief,OTC,SanaPlus,Wholesale,10,9.5,EUR,0.05,95.0,90.25
TXN-DE-4-000569,2026-08-28 23:41:20,2026-08-28 23:45:20,DE,SaaS Platform,D,SAN-002,SanaPlus ColdFlu,OTC,SanaPlus,Wholesale,1,10.5,EUR,0.0,10.5,10.5
TXN-DE-4-000570,2026-08-28 11:26:30,2026-08-28 11:31:30,DE,SaaS Platform,D,PUR-001,PureLife GlucoMonitor,Medical Device,PureLife,D2C,3,85.0,EUR,0.2,255.0,204.0
TXN-DE-4-000571,2026-08-28 06:27:39,2026-08-28 06:30:39,DE,SaaS Platform,D,MED-002,Medora Derm Cream,Prescription,Medora,E-commerce,9,26.0,EUR,0.0,234.0,234.0
TXN-DE-4-000572,2026-08-28 01:11:07,2026-08-28 01:14:07,DE,SaaS Platform,D,DER-001,Dermacare GlowSerum,Aesthetic,Dermacare,D2C,1,32.0,EUR,0.0,32.0,32.0
TXN-DE-4-000573,2026-08-28 23:26:45,2026-08-28 23:28:45,DE,SaaS Platform,D,MED-001,Medora Cardio 10mg,Prescription,Medora,Wholesale,7,43.0,EUR,0.0,301.0,301.0
TXN-DE-4-000574,2026-08-28 07:04:07,2026-08-28 07:05:07,DE,SaaS Platform,D,VIT-002,Vitalis Multivit,Supplement,Vitalis,Pharmacy/B2B,12,17.0,EUR,0.05,204.0,193.8
TXN-DE-4-000575,2026-08-28 02:23:28,2026-08-28 02:24:28,DE,SaaS Platform,D,DER-002,Dermacare LiftCream,Aesthetic,Dermacare,D2C,4,37.0,EUR,0.2,148.0,118.4
TXN-DE-4-000576,2026-08-28 14:04:00,2026-08-28 14:10:00,DE,SaaS Platform,D,VIT-002,Vitalis Multivit,Supplement,Vitalis,D2C,4,17.0,EUR,0.2,68.0,54.4
TXN-DE-4-000577,2026-08-28 03:21:14,2026-08-28 03:26:14,DE,SaaS Platform,D,MED-001,Medora Cardio 10mg,Prescription,Medora,D2C,7,43.0,EUR,0.0,301.0,301.0
TXN-DE-4-000578,2026-08-28 08:55:29,2026-08-28 08:58:29,DE,SaaS Platform,D,VIT-001,Vitalis C1000,Supplement,Vitalis,Wholesale,6,21.0,EUR,0.15,126.0,107.1
TXN-DE-4-000579,2026-08-28 15:29:22,2026-08-28 15:32:22,DE,SaaS Platform,D,VIT-001,Vitalis C1000,Supplement,Vitalis,D2C,8,21.0,EUR,0.05,168.0,159.6
TXN-DE-4-000580,2026-08-28 07:37:08,2026-08-28 07:39:08,DE,SaaS Platform,D,PUR-001,PureLife GlucoMonitor,Medical Device,PureLife,Wholesale,10,85.0,EUR,0.0,850.0,850.0
TXN-DE-4-000581,2026-08-28 13:08:24,2026-08-28 13:10:24,DE,SaaS Platform,D,VIT-001,Vitalis C1000,Supplement,Vitalis,Wholesale,8,21.0,EUR,0.1,168.0,151.2
TXN-DE-4-000582,2026-08-28 09:07:55,2026-08-28 09:09:55,DE,SaaS Platform,D,VIT-001,Vitalis C1000,Supplement,Vitalis,D2C,4,21.0,EUR,0.0,84.0,84.0
TXN-DE-4-000583,2026-08-28 03:07:35,2026-08-28 03:12:35,DE,SaaS Platform,D,SAN-001,SanaPlus PainRelief,OTC,SanaPlus,D2C,3,9.5,EUR,0.0,28.5,28.5
TXN-DE-4-000584,2026-08-28 06:12:10,2026-08-28 06:14:10,DE,SaaS Platform,D,DER-001,Dermacare GlowSerum,Aesthetic,Dermacare,Pharmacy/B2B,10,32.0,EUR,0.0,320.0,320.0
TXN-DE-4-000585,2026-08-28 20:24:48,2026-08-28 20:27:48,DE,SaaS Platform,D,DER-001,Dermacare GlowSerum,Aesthetic,Dermacare,D2C,1,32.0,EUR,0.0,32.0,32.0
TXN-DE-4-000586,2026-08-28 05:10:33,2026-08-28 05:16:33,DE,SaaS Platform,D,DER-002,Dermacare LiftCream,Aesthetic,Dermacare,E-commerce,8,37.0,EUR,0.0,296.0,296.0
TXN-DE-4-000587,2026-08-28 11:55:14,2026-08-28 12:01:14,DE,SaaS Platform,D,PUR-002,PureLife BP Monitor,Medical Device,PureLife,E-commerce,10,90.0,EUR,0.05,900.0,855.0
TXN-DE-4-000588,2026-08-28 13:00:05,2026-08-28 13:02:05,DE,SaaS Platform,D,PUR-002,PureLife BP Monitor,Medical Device,PureLife,D2C,3,90.0,EUR,0.2,270.0,216.0
TXN-DE-4-000589,2026-08-28 08:57:39,2026-08-28 08:59:39,DE,SaaS Platform,D,MED-002,Medora Derm Cream,Prescription,Medora,Wholesale,7,26.0,EUR,0.2,182.0,145.6
TXN-DE-4-000590,2026-08-28 13:09:30,2026-08-28 13:13:30,DE,SaaS Platform,D,VIT-001,Vitalis C1000,Supplement,Vitalis,E-commerce,6,21.0,EUR,0.0,126.0,126.0
TXN-DE-4-000591,2026-08-28 20:29:45,2026-08-28 20:33:45,DE,SaaS Platform,D,VIT-001,Vitalis C1000,Supplement,Vitalis,Wholesale,1,21.0,EUR,0.05,21.0,19.95
TXN-DE-4-000592,2026-08-28 17:33:56,2026-08-28 17:38:56,DE,SaaS Platform,D,SAN-002,SanaPlus ColdFlu,OTC,SanaPlus,Wholesale,12,10.5,EUR,0.2,126.0,100.8
TXN-DE-4-000593,2026-08-28 06:09:07,2026-08-28 06:12:07,DE,SaaS Platform,D,SAN-002,SanaPlus ColdFlu,OTC,SanaPlus,Wholesale,5,10.5,EUR,0.0,52.5,52.5
TXN-DE-4-000594,2026-08-28 17:34:25,2026-08-28 17:38:25,DE,SaaS Platform,D,DER-001,Dermacare GlowSerum,Aesthetic,Dermacare,Pharmacy/B2B,7,32.0,EUR,0.0,224.0,224.0
TXN-DE-4-000595,2026-08-28 11:18:32,2026-08-28 11:19:32,DE,SaaS Platform,D,PUR-001,PureLife GlucoMonitor,Medical Device,PureLife,E-commerce,10,85.0,EUR,0.05,850.0,807.5
TXN-DE-4-000596,2026-08-28 23:28:39,2026-08-28 23:31:39,DE,SaaS Platform,D,VIT-001,Vitalis C1000,Supplement,Vitalis,D2C,1,21.0,EUR,0.0,21.0,21.0
TXN-DE-4-000597,2026-08-28 23:18:22,2026-08-28 23:21:22,DE,SaaS Platform,D,MED-001,Medora Cardio 10mg,Prescription,Medora,Pharmacy/B2B,5,43.0,EUR,0.0,215.0,215.0
TXN-DE-4-000598,2026-08-28 13:37:05,2026-08-28 13:39:05,DE,SaaS Platform,D,SAN-002,SanaPlus ColdFlu,OTC,SanaPlus,Wholesale,7,10.5,EUR,0.1,73.5,66.15
TXN-DE-4-000599,2026-08-28 09:36:03,2026-08-28 09:39:03,DE,SaaS Platform,D,PUR-001,PureLife GlucoMonitor,Medical Device,PureLife,Wholesale,11,85.0,EUR,0.2,935.0,748.0
TXN-DE-4-000600,2026-08-28 01:09:03,2026-08-28 01:12:03,DE,SaaS Platform,D,MED-002,Medora Derm Cream,Prescription,Medora,D2C,10,26.0,EUR,0.15,260.0,221.0
TXN-DE-4-000601,2026-08-28 19:48:27,2026-08-28 19:51:27,DE,SaaS Platform,D,SAN-002,SanaPlus ColdFlu,OTC,SanaPlus,E-commerce,2,10.5,EUR,0.15,21.0,17.85
TXN-DE-4-000602,2026-08-28 05:49:33,2026-08-28 05:51:33,DE,SaaS Platform,D,DER-002,Dermacare LiftCream,Aesthetic,Dermacare,Wholesale,7,37.0,EUR,0.15,259.0,220.15
TXN-DE-4-000603,2026-08-28 09:41:56,2026-08-28 09:44:56,DE,SaaS Platform,D,DER-002,Dermacare LiftCream,Aesthetic,Dermacare,Wholesale,3,37.0,EUR,0.1,111.0,99.9
TXN-DE-4-000604,2026-08-28 21:34:37,2026-08-28 21:37:37,DE,SaaS Platform,D,MED-002,Medora Derm Cream,Prescription,Medora,D2C,6,26.0,EUR,0.05,156.0,148.2
TXN-DE-4-000605,2026-08-28 11:58:08,2026-08-28 12:02:08,DE,SaaS Platform,D,PUR-002,PureLife BP Monitor,Medical Device,PureLife,Pharmacy/B2B,2,90.0,EUR,0.1,180.0,162.0
TXN-DE-4-000606,2026-08-28 03:43:05,2026-08-28 03:46:05,DE,SaaS Platform,D,DER-002,Dermacare LiftCream,Aesthetic,Dermacare,Pharmacy/B2B,10,37.0,EUR,0.0,370.0,370.0
TXN-DE-4-000607,2026-08-28 00:52:56,2026-08-28 00:58:56,DE,SaaS Platform,D,VIT-001,Vitalis C1000,Supplement,Vitalis,Wholesale,9,21.0,EUR,0.2,189.0,151.2
TXN-DE-4-000608,2026-08-28 12:46:25,2026-08-28 12:51:25,DE,SaaS Platform,D,DER-002,Dermacare LiftCream,Aesthetic,Dermacare,E-commerce,7,37.0,EUR,0.1,259.0,233.1
TXN-DE-4-000609,2026-08-28 17:30:44,2026-08-28 17:36:44,DE,SaaS Platform,D,SAN-001,SanaPlus PainRelief,OTC,SanaPlus,Wholesale,6,9.5,EUR,0.0,57.0,57.0
TXN-DE-4-000610,2026-08-28 22:31:09,2026-08-28 22:37:09,DE,SaaS Platform,D,DER-001,Dermacare GlowSerum,Aesthetic,Dermacare,D2C,11,32.0,EUR,0.15,352.0,299.2
TXN-DE-4-000611,2026-08-28 06:46:46,2026-08-28 06:51:46,DE,SaaS Platform,D,PUR-001,PureLife GlucoMonitor,Medical Device,PureLife,Pharmacy/B2B,9,85.0,EUR,0.1,765.0,688.5
TXN-DE-4-000612,2026-08-28 18:59:06,2026-08-28 19:02:06,DE,SaaS Platform,D,VIT-001,Vitalis C1000,Supplement,Vitalis,Wholesale,4,21.0,EUR,0.0,84.0,84.0
TXN-DE-4-000613,2026-08-28 00:48:19,2026-08-28 00:54:19,DE,SaaS Platform,D,MED-001,Medora Cardio 10mg,Prescription,Medora,E-commerce,6,43.0,EUR,0.15,258.0,219.3
TXN-DE-4-000614,2026-08-28 20:53:08,2026-08-28 20:59:08,DE,SaaS Platform,D,PUR-002,PureLife BP Monitor,Medical Device,PureLife,Wholesale,8,90.0,EUR,0.0,720.0,720.0
TXN-DE-4-000615,2026-08-28 18:06:53,2026-08-28 18:08:53,DE,SaaS Platform,D,PUR-002,PureLife BP Monitor,Medical Device,PureLife,E-commerce,10,90.0,EUR,0.0,900.0,900.0
TXN-DE-4-000616,2026-08-28 02:56:49,2026-08-28 02:57:49,DE,SaaS Platform,D,VIT-002,Vitalis Multivit,Supplement,Vitalis,Wholesale,1,17.0,EUR,0.0,17.0,17.0
TXN-DE-4-000617,2026-08-28 23:43:28,2026-08-28 23:49:28,DE,SaaS Platform,D,MED-001,Medora Cardio 10mg,Prescription,Medora,D2C,7,43.0,EUR,0.0,301.0,301.0
TXN-DE-4-000618,2026-08-28 00:04:24,2026-08-28 00:07:24,DE,SaaS Platform,D,SAN-002,SanaPlus ColdFlu,OTC,SanaPlus,Wholesale,10,10.5,EUR,0.1,105.0,94.5
TXN-DE-4-000619,2026-08-28 07:12:33,2026-08-28 07:18:33,DE,SaaS Platform,D,PUR-001,PureLife GlucoMonitor,Medical Device,PureLife,Pharmacy/B2B,8,85.0,EUR,0.15,680.0,578.0
TXN-DE-4-000620,2026-08-28 00:13:56,2026-08-28 00:17:56,DE,SaaS Platform,D,MED-002,Medora Derm Cream,Prescription,Medora,Wholesale,9,26.0,EUR,0.0,234.0,234.0
TXN-DE-4-000621,2026-08-28 04:07:25,2026-08-28 04:10:25,DE,SaaS Platform,D,MED-002,Medora Derm Cream,Prescription,Medora,D2C,1,26.0,EUR,0.15,26.0,22.1
TXN-DE-4-000622,2026-08-28 13:58:02,2026-08-28 13:59:02,DE,SaaS Platform,D,DER-002,Dermacare LiftCream,Aesthetic,Dermacare,Pharmacy/B2B,5,37.0,EUR,0.0,185.0,185.0
TXN-DE-4-000623,2026-08-28 13:00:31,2026-08-28 13:06:31,DE,SaaS Platform,D,SAN-001,SanaPlus PainRelief,OTC,SanaPlus,Wholesale,3,9.5,EUR,0.05,28.5,27.07
TXN-DE-4-000624,2026-08-28 08:33:52,2026-08-28 08:37:52,DE,SaaS Platform,D,VIT-001,Vitalis C1000,Supplement,Vitalis,D2C,3,21.0,EUR,0.0,63.0,63.0
TXN-DE-4-000625,2026-08-28 16:49:04,2026-08-28 16:51:04,DE,SaaS Platform,D,PUR-001,PureLife GlucoMonitor,Medical Device,PureLife,Pharmacy/B2B,7,85.0,EUR,0.1,595.0,535.5
TXN-DE-4-000626,2026-08-28 16:29:47,2026-08-28 16:31:47,DE,SaaS Platform,D,PUR-001,PureLife GlucoMonitor,Medical Device,PureLife,D2C,6,85.0,EUR,0.2,510.0,408.0
TXN-DE-4-000627,2026-08-28 02:47:31,2026-08-28 02:53:31,DE,SaaS Platform,D,SAN-002,SanaPlus ColdFlu,OTC,SanaPlus,Pharmacy/B2B,12,10.5,EUR,0.15,126.0,107.1
TXN-DE-4-000628,2026-08-28 20:47:17,2026-08-28 20:52:17,DE,SaaS Platform,D,SAN-002,SanaPlus ColdFlu,OTC,SanaPlus,E-commerce,12,10.5,EUR,0.0,126.0,126.0
TXN-DE-4-000629,2026-08-28 22:55:27,2026-08-28 22:59:27,DE,SaaS Platform,D,VIT-002,Vitalis Multivit,Supplement,Vitalis,Wholesale,5,17.0,EUR,0.0,85.0,85.0
TXN-DE-4-000630,2026-08-28 04:33:40,2026-08-28 04:36:40,DE,SaaS Platform,D,DER-001,Dermacare GlowSerum,Aesthetic,Dermacare,Pharmacy/B2B,11,32.0,EUR,0.0,352.0,352.0
TXN-DE-4-000631,2026-08-28 15:08:06,2026-08-28 15:13:06,DE,SaaS Platform,D,SAN-001,SanaPlus PainRelief,OTC,SanaPlus,Wholesale,8,9.5,EUR,0.0,76.0,76.0
TXN-DE-4-000632,2026-08-28 12:43:49,2026-08-28 12:46:49,DE,SaaS Platform,D,VIT-002,Vitalis Multivit,Supplement,Vitalis,Pharmacy/B2B,5,17.0,EUR,0.1,85.0,76.5
TXN-DE-4-000633,2026-08-28 01:40:16,2026-08-28 01:42:16,DE,SaaS Platform,D,VIT-001,Vitalis C1000,Supplement,Vitalis,E-commerce,4,21.0,EUR,0.1,84.0,75.6
TXN-DE-4-000634,2026-08-28 03:49:36,2026-08-28 03:53:36,DE,SaaS Platform,D,VIT-001,Vitalis C1000,Supplement,Vitalis,Pharmacy/B2B,10,21.0,EUR,0.1,210.0,189.0
TXN-DE-4-000635,2026-08-28 23:40:54,2026-08-28 23:43:54,DE,SaaS Platform,D,DER-002,Dermacare LiftCream,Aesthetic,Dermacare,Wholesale,4,37.0,EUR,0.05,148.0,140.6
TXN-DE-4-000636,2026-08-28 09:27:54,2026-08-28 09:29:54,DE,SaaS Platform,D,MED-002,Medora Derm Cream,Prescription,Medora,D2C,8,26.0,EUR,0.2,208.0,166.4
TXN-DE-4-000637,2026-08-28 08:54:22,2026-08-28 08:55:22,DE,SaaS Platform,D,VIT-002,Vitalis Multivit,Supplement,Vitalis,D2C,7,17.0,EUR,0.0,119.0,119.0
TXN-DE-4-000638,2026-08-28 03:47:42,2026-08-28 03:52:42,DE,SaaS Platform,D,VIT-001,Vitalis C1000,Supplement,Vitalis,Wholesale,11,21.0,EUR,0.0,231.0,231.0
TXN-DE-4-000639,2026-08-28 19:46:49,2026-08-28 19:48:49,DE,SaaS Platform,D,VIT-002,Vitalis Multivit,Supplement,Vitalis,D2C,8,17.0,EUR,0.0,136.0,136.0
TXN-DE-4-000640,2026-08-28 12:15:09,2026-08-28 12:20:09,DE,SaaS Platform,D,VIT-002,Vitalis Multivit,Supplement,Vitalis,Wholesale,2,17.0,EUR,0.15,34.0,28.9
TXN-DE-4-000641,2026-08-28 07:29:39,2026-08-28 07:35:39,DE,SaaS Platform,D,VIT-001,Vitalis C1000,Supplement,Vitalis,E-commerce,3,21.0,EUR,0.05,63.0,59.85
TXN-DE-4-000642,2026-08-28 10:15:25,2026-08-28 10:19:25,DE,SaaS Platform,D,SAN-002,SanaPlus ColdFlu,OTC,SanaPlus,Wholesale,1,10.5,EUR,0.0,10.5,10.5
TXN-DE-4-000643,2026-08-28 23:49:06,2026-08-28 23:52:06,DE,SaaS Platform,D,MED-002,Medora Derm Cream,Prescription,Medora,E-commerce,12,26.0,EUR,0.0,312.0,312.0
TXN-DE-4-000644,2026-08-28 11:10:15,2026-08-28 11:13:15,DE,SaaS Platform,D,DER-001,Dermacare GlowSerum,Aesthetic,Dermacare,Wholesale,8,32.0,EUR,0.0,256.0,256.0
TXN-DE-4-000645,2026-08-28 03:34:52,2026-08-28 03:40:52,DE,SaaS Platform,D,MED-001,Medora Cardio 10mg,Prescription,Medora,E-commerce,3,43.0,EUR,0.0,129.0,129.0
TXN-DE-4-000646,2026-08-28 21:33:20,2026-08-28 21:39:20,DE,SaaS Platform,D,DER-002,Dermacare LiftCream,Aesthetic,Dermacare,D2C,2,37.0,EUR,0.15,74.0,62.9
TXN-DE-4-000647,2026-08-28 01:35:36,2026-08-28 01:41:36,DE,SaaS Platform,D,DER-001,Dermacare GlowSerum,Aesthetic,Dermacare,E-commerce,6,32.0,EUR,0.0,192.0,192.0
TXN-DE-4-000648,2026-08-28 20:13:37,2026-08-28 20:19:37,DE,SaaS Platform,D,MED-001,Medora Cardio 10mg,Prescription,Medora,E-commerce,11,43.0,EUR,0.0,473.0,473.0
TXN-DE-4-000649,2026-08-28 15:42:20,2026-08-28 15:43:20,DE,SaaS Platform,D,DER-002,Dermacare LiftCream,Aesthetic,Dermacare,Wholesale,3,37.0,EUR,0.0,111.0,111.0
TXN-DE-4-000650,2026-08-28 12:02:19,2026-08-28 12:07:19,DE,SaaS Platform,D,MED-002,Medora Derm Cream,Prescription,Medora,Pharmacy/B2B,2,26.0,EUR,0.15,52.0,44.2
TXN-DE-4-000651,2026-08-28 11:16:02,2026-08-28 11:22:02,DE,SaaS Platform,D,VIT-001,Vitalis C1000,Supplement,Vitalis,D2C,5,21.0,EUR,0.15,105.0,89.25
TXN-DE-4-000652,2026-08-28 16:39:48,2026-08-28 16:43:48,DE,SaaS Platform,D,PUR-002,PureLife BP Monitor,Medical Device,PureLife,Wholesale,1,90.0,EUR,0.0,90.0,90.0
TXN-DE-4-000653,2026-08-28 06:33:10,2026-08-28 06:37:10,DE,SaaS Platform,D,MED-002,Medora Derm Cream,Prescription,Medora,D2C,11,26.0,EUR,0.0,286.0,286.0
TXN-DE-4-000654,2026-08-28 00:31:53,2026-08-28 00:37:53,DE,SaaS Platform,D,PUR-002,PureLife BP Monitor,Medical Device,PureLife,Pharmacy/B2B,11,90.0,EUR,0.2,990.0,792.0
TXN-DE-4-000655,2026-08-28 14:06:33,2026-08-28 14:11:33,DE,SaaS Platform,D,VIT-002,Vitalis Multivit,Supplement,Vitalis,D2C,6,17.0,EUR,0.0,102.0,102.0
TXN-DE-4-000656,2026-08-28 17:00:20,2026-08-28 17:05:20,DE,SaaS Platform,D,MED-001,Medora Cardio 10mg,Prescription,Medora,E-commerce,11,43.0,EUR,0.0,473.0,473.0
TXN-DE-4-000657,2026-08-28 15:36:07,2026-08-28 15:41:07,DE,SaaS Platform,D,SAN-001,SanaPlus PainRelief,OTC,SanaPlus,Wholesale,11,9.5,EUR,0.1,104.5,94.05
TXN-DE-4-000658,2026-08-28 08:05:53,2026-08-28 08:08:53,DE,SaaS Platform,D,MED-001,Medora Cardio 10mg,Prescription,Medora,Pharmacy/B2B,3,43.0,EUR,0.05,129.0,122.55
TXN-DE-4-000659,2026-08-28 23:50:04,2026-08-28 23:54:04,DE,SaaS Platform,D,PUR-002,PureLife BP Monitor,Medical Device,PureLife,D2C,4,90.0,EUR,0.05,360.0,342.0
TXN-DE-4-000660,2026-08-28 22:50:44,2026-08-28 22:53:44,DE,SaaS Platform,D,MED-001,Medora Cardio 10mg,Prescription,Medora,E-commerce,1,43.0,EUR,0.0,43.0,43.0
TXN-DE-4-000661,2026-08-28 10:20:03,2026-08-28 10:26:03,DE,SaaS Platform,D,VIT-002,Vitalis Multivit,Supplement,Vitalis,Pharmacy/B2B,2,17.0,EUR,0.15,34.0,28.9
TXN-DE-4-000662,2026-08-28 07:10:11,2026-08-28 07:16:11,DE,SaaS Platform,D,PUR-002,PureLife BP Monitor,Medical Device,PureLife,Wholesale,1,90.0,EUR,0.0,90.0,90.0
TXN-DE-4-000663,2026-08-28 18:02:16,2026-08-28 18:06:16,DE,SaaS Platform,D,VIT-002,Vitalis Multivit,Supplement,Vitalis,D2C,8,17.0,EUR,0.0,136.0,136.0
TXN-DE-4-000664,2026-08-28 05:14:25,2026-08-28 05:19:25,DE,SaaS Platform,D,DER-001,Dermacare GlowSerum,Aesthetic,Dermacare,Pharmacy/B2B,8,32.0,EUR,0.15,256.0,217.6
TXN-DE-4-000665,2026-08-28 22:29:48,2026-08-28 22:31:48,DE,SaaS Platform,D,MED-002,Medora Derm Cream,Prescription,Medora,Wholesale,10,26.0,EUR,0.1,260.0,234.0
TXN-DE-4-000666,2026-08-28 18:47:49,2026-08-28 18:51:49,DE,SaaS Platform,D,DER-002,Dermacare LiftCream,Aesthetic,Dermacare,Wholesale,1,37.0,EUR,0.2,37.0,29.6
TXN-DE-4-000667,2026-08-28 20:51:04,2026-08-28 20:52:04,DE,SaaS Platform,D,DER-002,Dermacare LiftCream,Aesthetic,Dermacare,Pharmacy/B2B,2,37.0,EUR,0.15,74.0,62.9
TXN-DE-4-000668,2026-08-28 02:37:55,2026-08-28 02:40:55,DE,SaaS Platform,D,DER-002,Dermacare LiftCream,Aesthetic,Dermacare,Wholesale,8,37.0,EUR,0.05,296.0,281.2
TXN-DE-4-000669,2026-08-28 14:02:46,2026-08-28 14:03:46,DE,SaaS Platform,D,DER-001,Dermacare GlowSerum,Aesthetic,Dermacare,Pharmacy/B2B,7,32.0,EUR,0.0,224.0,224.0
TXN-DE-4-000670,2026-08-28 10:22:56,2026-08-28 10:25:56,DE,SaaS Platform,D,DER-002,Dermacare LiftCream,Aesthetic,Dermacare,E-commerce,9,37.0,EUR,0.0,333.0,333.0
TXN-DE-4-000671,2026-08-28 13:48:14,2026-08-28 13:53:14,DE,SaaS Platform,D,SAN-002,SanaPlus ColdFlu,OTC,SanaPlus,E-commerce,9,10.5,EUR,0.2,94.5,75.6
TXN-DE-4-000672,2026-08-28 04:20:24,2026-08-28 04:24:24,DE,SaaS Platform,D,SAN-002,SanaPlus ColdFlu,OTC,SanaPlus,Pharmacy/B2B,1,10.5,EUR,0.1,10.5,9.45
TXN-DE-4-000673,2026-08-28 10:59:43,2026-08-28 11:01:43,DE,SaaS Platform,D,DER-001,Dermacare GlowSerum,Aesthetic,Dermacare,Wholesale,4,32.0,EUR,0.1,128.0,115.2
TXN-DE-4-000674,2026-08-28 11:17:38,2026-08-28 11:23:38,DE,SaaS Platform,D,SAN-002,SanaPlus ColdFlu,OTC,SanaPlus,E-commerce,2,10.5,EUR,0.2,21.0,16.8
TXN-DE-4-000675,2026-08-28 15:16:52,2026-08-28 15:21:52,DE,SaaS Platform,D,PUR-002,PureLife BP Monitor,Medical Device,PureLife,D2C,1,90.0,EUR,0.1,90.0,81.0
TXN-DE-4-000676,2026-08-28 06:48:36,2026-08-28 06:54:36,DE,SaaS Platform,D,VIT-002,Vitalis Multivit,Supplement,Vitalis,Pharmacy/B2B,11,17.0,EUR,0.0,187.0,187.0
TXN-DE-4-000677,2026-08-28 20:47:50,2026-08-28 20:53:50,DE,SaaS Platform,D,DER-001,Dermacare GlowSerum,Aesthetic,Dermacare,D2C,2,32.0,EUR,0.15,64.0,54.4
TXN-DE-4-000678,2026-08-28 13:55:35,2026-08-28 13:57:35,DE,SaaS Platform,D,MED-001,Medora Cardio 10mg,Prescription,Medora,Wholesale,9,43.0,EUR,0.15,387.0,328.95
TXN-DE-4-000679,2026-08-28 05:15:43,2026-08-28 05:20:43,DE,SaaS Platform,D,VIT-002,Vitalis Multivit,Supplement,Vitalis,Wholesale,12,17.0,EUR,0.05,204.0,193.8
TXN-DE-4-000680,2026-08-28 08:30:46,2026-08-28 08:35:46,DE,SaaS Platform,D,SAN-002,SanaPlus ColdFlu,OTC,SanaPlus,E-commerce,9,10.5,EUR,0.0,94.5,94.5
TXN-DE-4-000681,2026-08-28 04:13:51,2026-08-28 04:16:51,DE,SaaS Platform,D,PUR-002,PureLife BP Monitor,Medical Device,PureLife,Wholesale,9,90.0,EUR,0.15,810.0,688.5
TXN-DE-4-000682,2026-08-28 14:06:14,2026-08-28 14:08:14,DE,SaaS Platform,D,PUR-002,PureLife BP Monitor,Medical Device,PureLife,D2C,1,90.0,EUR,0.1,90.0,81.0
TXN-DE-4-000683,2026-08-28 03:55:56,2026-08-28 04:00:56,DE,SaaS Platform,D,DER-001,Dermacare GlowSerum,Aesthetic,Dermacare,D2C,3,32.0,EUR,0.05,96.0,91.2
TXN-DE-4-000684,2026-08-28 11:36:09,2026-08-28 11:38:09,DE,SaaS Platform,D,DER-002,Dermacare LiftCream,Aesthetic,Dermacare,Wholesale,2,37.0,EUR,0.05,74.0,70.3
TXN-DE-4-000685,2026-08-28 11:56:08,2026-08-28 11:57:08,DE,SaaS Platform,D,PUR-001,PureLife GlucoMonitor,Medical Device,PureLife,E-commerce,2,85.0,EUR,0.0,170.0,170.0
TXN-DE-4-000686,2026-08-28 18:26:02,2026-08-28 18:30:02,DE,SaaS Platform,D,VIT-001,Vitalis C1000,Supplement,Vitalis,D2C,4,21.0,EUR,0.0,84.0,84.0
TXN-DE-4-000687,2026-08-28 13:15:45,2026-08-28 13:18:45,DE,SaaS Platform,D,PUR-001,PureLife GlucoMonitor,Medical Device,PureLife,Wholesale,8,85.0,EUR,0.05,680.0,646.0
TXN-DE-4-000688,2026-08-28 13:04:56,2026-08-28 13:06:56,DE,SaaS Platform,D,SAN-001,SanaPlus PainRelief,OTC,SanaPlus,Pharmacy/B2B,1,9.5,EUR,0.0,9.5,9.5
TXN-DE-4-000689,2026-08-28 07:12:52,2026-08-28 07:18:52,DE,SaaS Platform,D,PUR-002,PureLife BP Monitor,Medical Device,PureLife,Wholesale,4,90.0,EUR,0.0,360.0,360.0
TXN-DE-4-000690,2026-08-28 05:16:36,2026-08-28 05:19:36,DE,SaaS Platform,D,MED-001,Medora Cardio 10mg,Prescription,Medora,Wholesale,3,43.0,EUR,0.0,129.0,129.0
TXN-DE-4-000691,2026-08-28 14:11:20,2026-08-28 14:15:20,DE,SaaS Platform,D,VIT-001,Vitalis C1000,Supplement,Vitalis,Wholesale,9,21.0,EUR,0.15,189.0,160.65
TXN-DE-4-000692,2026-08-28 04:56:04,2026-08-28 05:00:04,DE,SaaS Platform,D,MED-001,Medora Cardio 10mg,Prescription,Medora,Wholesale,2,43.0,EUR,0.15,86.0,73.1
TXN-DE-4-000693,2026-08-28 14:24:43,2026-08-28 14:29:43,DE,SaaS Platform,D,VIT-001,Vitalis C1000,Supplement,Vitalis,Pharmacy/B2B,11,21.0,EUR,0.05,231.0,219.45
TXN-DE-4-000694,2026-08-28 11:11:30,2026-08-28 11:14:30,DE,SaaS Platform,D,MED-002,Medora Derm Cream,Prescription,Medora,E-commerce,9,26.0,EUR,0.15,234.0,198.9
TXN-DE-4-000695,2026-08-28 16:27:27,2026-08-28 16:32:27,DE,SaaS Platform,D,DER-001,Dermacare GlowSerum,Aesthetic,Dermacare,E-commerce,7,32.0,EUR,0.0,224.0,224.0
TXN-DE-4-000696,2026-08-28 07:32:35,2026-08-28 07:36:35,DE,SaaS Platform,D,SAN-002,SanaPlus ColdFlu,OTC,SanaPlus,Wholesale,11,10.5,EUR,0.15,115.5,98.17
TXN-DE-4-000697,2026-08-28 12:10:19,2026-08-28 12:14:19,DE,SaaS Platform,D,DER-001,Dermacare GlowSerum,Aesthetic,Dermacare,Wholesale,4,32.0,EUR,0.15,128.0,108.8
TXN-DE-4-000698,2026-08-28 21:20:29,2026-08-28 21:22:29,DE,SaaS Platform,D,VIT-001,Vitalis C1000,Supplement,Vitalis,Pharmacy/B2B,7,21.0,EUR,0.0,147.0,147.0
TXN-DE-4-000699,2026-08-28 19:13:53,2026-08-28 19:17:53,DE,SaaS Platform,D,DER-001,Dermacare GlowSerum,Aesthetic,Dermacare,Pharmacy/B2B,2,32.0,EUR,0.1,64.0,57.6
TXN-DE-4-000700,2026-08-28 07:39:17,2026-08-28 07:42:17,DE,SaaS Platform,D,PUR-002,PureLife BP Monitor,Medical Device,PureLife,Wholesale,3,90.0,EUR,0.0,270.0,270.0
TXN-DE-4-000701,2026-08-28 18:31:14,2026-08-28 18:33:14,DE,SaaS Platform,D,MED-002,Medora Derm Cream,Prescription,Medora,D2C,12,26.0,EUR,0.0,312.0,312.0
TXN-DE-4-000702,2026-08-28 15:55:41,2026-08-28 16:01:41,DE,SaaS Platform,D,PUR-001,PureLife GlucoMonitor,Medical Device,PureLife,Pharmacy/B2B,6,85.0,EUR,0.0,510.0,510.0
TXN-DE-4-000703,2026-08-28 08:29:06,2026-08-28 08:34:06,DE,SaaS Platform,D,MED-002,Medora Derm Cream,Prescription,Medora,E-commerce,1,26.0,EUR,0.0,26.0,26.0
TXN-DE-4-000704,2026-08-28 21:31:25,2026-08-28 21:34:25,DE,SaaS Platform,D,DER-001,Dermacare GlowSerum,Aesthetic,Dermacare,Wholesale,7,32.0,EUR,0.0,224.0,224.0
TXN-DE-4-000705,2026-08-28 18:07:12,2026-08-28 18:08:12,DE,SaaS Platform,D,PUR-001,PureLife GlucoMonitor,Medical Device,PureLife,E-commerce,8,85.0,EUR,0.0,680.0,680.0
TXN-DE-4-000706,2026-08-28 06:34:16,2026-08-28 06:35:16,DE,SaaS Platform,D,PUR-002,PureLife BP Monitor,Medical Device,PureLife,Pharmacy/B2B,1,90.0,EUR,0.15,90.0,76.5
TXN-DE-4-000707,2026-08-28 00:07:18,2026-08-28 00:08:18,DE,SaaS Platform,D,DER-001,Dermacare GlowSerum,Aesthetic,Dermacare,D2C,2,32.0,EUR,0.0,64.0,64.0
TXN-DE-4-000708,2026-08-28 18:52:18,2026-08-28 18:54:18,DE,SaaS Platform,D,PUR-001,PureLife GlucoMonitor,Medical Device,PureLife,D2C,1,85.0,EUR,0.1,85.0,76.5
TXN-DE-4-000709,2026-08-28 03:04:17,2026-08-28 03:08:17,DE,SaaS Platform,D,PUR-002,PureLife BP Monitor,Medical Device,PureLife,E-commerce,9,90.0,EUR,0.15,810.0,688.5
TXN-DE-4-000710,2026-08-28 13:54:11,2026-08-28 13:55:11,DE,SaaS Platform,D,DER-002,Dermacare LiftCream,Aesthetic,Dermacare,D2C,1,37.0,EUR,0.05,37.0,35.15
TXN-DE-4-000711,2026-08-28 10:08:20,2026-08-28 10:10:20,DE,SaaS Platform,D,VIT-002,Vitalis Multivit,Supplement,Vitalis,D2C,6,17.0,EUR,0.1,102.0,91.8
TXN-DE-4-000712,2026-08-28 09:15:00,2026-08-28 09:16:00,DE,SaaS Platform,D,DER-001,Dermacare GlowSerum,Aesthetic,Dermacare,Pharmacy/B2B,10,32.0,EUR,0.0,320.0,320.0
TXN-DE-4-000713,2026-08-28 14:39:53,2026-08-28 14:40:53,DE,SaaS Platform,D,PUR-002,PureLife BP Monitor,Medical Device,PureLife,Wholesale,11,90.0,EUR,0.0,990.0,990.0
TXN-DE-4-000714,2026-08-28 13:09:24,2026-08-28 13:12:24,DE,SaaS Platform,D,DER-002,Dermacare LiftCream,Aesthetic,Dermacare,Wholesale,8,37.0,EUR,0.1,296.0,266.4
TXN-DE-4-000715,2026-08-28 04:46:30,2026-08-28 04:50:30,DE,SaaS Platform,D,DER-002,Dermacare LiftCream,Aesthetic,Dermacare,E-commerce,11,37.0,EUR,0.0,407.0,407.0
TXN-DE-4-000716,2026-08-28 15:02:50,2026-08-28 15:08:50,DE,SaaS Platform,D,PUR-002,PureLife BP Monitor,Medical Device,PureLife,E-commerce,7,90.0,EUR,0.05,630.0,598.5
TXN-DE-4-000717,2026-08-28 04:28:32,2026-08-28 04:33:32,DE,SaaS Platform,D,DER-002,Dermacare LiftCream,Aesthetic,Dermacare,E-commerce,1,37.0,EUR,0.2,37.0,29.6
TXN-DE-4-000718,2026-08-28 10:48:38,2026-08-28 10:52:38,DE,SaaS Platform,D,SAN-002,SanaPlus ColdFlu,OTC,SanaPlus,D2C,10,10.5,EUR,0.05,105.0,99.75
TXN-DE-4-000719,2026-08-28 22:31:41,2026-08-28 22:32:41,DE,SaaS Platform,D,VIT-002,Vitalis Multivit,Supplement,Vitalis,Wholesale,5,17.0,EUR,0.0,85.0,85.0
TXN-DE-4-000720,2026-08-28 14:13:37,2026-08-28 14:19:37,DE,SaaS Platform,D,VIT-002,Vitalis Multivit,Supplement,Vitalis,Pharmacy/B2B,2,17.0,EUR,0.15,34.0,28.9
TXN-DE-4-000721,2026-08-28 15:26:05,2026-08-28 15:29:05,DE,SaaS Platform,D,DER-001,Dermacare GlowSerum,Aesthetic,Dermacare,E-commerce,9,32.0,EUR,0.15,288.0,244.8
TXN-DE-4-000722,2026-08-28 12:45:44,2026-08-28 12:48:44,DE,SaaS Platform,D,DER-001,Dermacare GlowSerum,Aesthetic,Dermacare,E-commerce,12,32.0,EUR,0.0,384.0,384.0
TXN-DE-4-000723,2026-08-28 01:45:18,2026-08-28 01:51:18,DE,SaaS Platform,D,PUR-002,PureLife BP Monitor,Medical Device,PureLife,Wholesale,7,90.0,EUR,0.15,630.0,535.5
TXN-DE-4-000724,2026-08-28 10:56:29,2026-08-28 10:57:29,DE,SaaS Platform,D,PUR-001,PureLife GlucoMonitor,Medical Device,PureLife,Wholesale,8,85.0,EUR,0.0,680.0,680.0
TXN-DE-4-000725,2026-08-28 07:17:55,2026-08-28 07:20:55,DE,SaaS Platform,D,VIT-001,Vitalis C1000,Supplement,Vitalis,D2C,2,21.0,EUR,0.2,42.0,33.6
TXN-DE-4-000726,2026-08-28 08:17:55,2026-08-28 08:19:55,DE,SaaS Platform,D,DER-002,Dermacare LiftCream,Aesthetic,Dermacare,E-commerce,3,37.0,EUR,0.0,111.0,111.0
TXN-DE-4-000727,2026-08-28 20:29:53,2026-08-28 20:32:53,DE,SaaS Platform,D,VIT-001,Vitalis C1000,Supplement,Vitalis,E-commerce,7,21.0,EUR,0.0,147.0,147.0
TXN-DE-4-000728,2026-08-28 13:56:19,2026-08-28 13:58:19,DE,SaaS Platform,D,PUR-002,PureLife BP Monitor,Medical Device,PureLife,Wholesale,7,90.0,EUR,0.1,630.0,567.0
TXN-DE-4-000729,2026-08-28 04:58:07,2026-08-28 05:02:07,DE,SaaS Platform,D,SAN-001,SanaPlus PainRelief,OTC,SanaPlus,D2C,3,9.5,EUR,0.15,28.5,24.22
TXN-DE-4-000730,2026-08-28 09:11:31,2026-08-28 09:15:31,DE,SaaS Platform,D,VIT-001,Vitalis C1000,Supplement,Vitalis,E-commerce,2,21.0,EUR,0.2,42.0,33.6
TXN-DE-4-000731,2026-08-28 12:18:17,2026-08-28 12:21:17,DE,SaaS Platform,D,VIT-001,Vitalis C1000,Supplement,Vitalis,E-commerce,4,21.0,EUR,0.0,84.0,84.0
TXN-DE-4-000732,2026-08-28 22:01:12,2026-08-28 22:02:12,DE,SaaS Platform,D,DER-001,Dermacare GlowSerum,Aesthetic,Dermacare,D2C,11,32.0,EUR,0.0,352.0,352.0
TXN-DE-4-000733,2026-08-28 23:54:11,2026-08-28 23:59:11,DE,SaaS Platform,D,SAN-002,SanaPlus ColdFlu,OTC,SanaPlus,D2C,4,10.5,EUR,0.1,42.0,37.8
TXN-DE-4-000734,2026-08-28 06:35:37,2026-08-28 06:36:37,DE,SaaS Platform,D,DER-001,Dermacare GlowSerum,Aesthetic,Dermacare,Wholesale,5,32.0,EUR,0.0,160.0,160.0
TXN-DE-4-000735,2026-08-28 10:38:05,2026-08-28 10:43:05,DE,SaaS Platform,D,SAN-001,SanaPlus PainRelief,OTC,SanaPlus,D2C,8,9.5,EUR,0.15,76.0,64.6
TXN-DE-4-000736,2026-08-28 09:23:32,2026-08-28 09:29:32,DE,SaaS Platform,D,PUR-001,PureLife GlucoMonitor,Medical Device,PureLife,E-commerce,2,85.0,EUR,0.2,170.0,136.0
TXN-DE-4-000737,2026-08-28 05:00:44,2026-08-28 05:05:44,DE,SaaS Platform,D,VIT-001,Vitalis C1000,Supplement,Vitalis,D2C,8,21.0,EUR,0.1,168.0,151.2
TXN-DE-4-000738,2026-08-28 07:26:45,2026-08-28 07:27:45,DE,SaaS Platform,D,MED-001,Medora Cardio 10mg,Prescription,Medora,Wholesale,4,43.0,EUR,0.2,172.0,137.6
TXN-DE-4-000739,2026-08-28 06:59:35,2026-08-28 07:01:35,DE,SaaS Platform,D,SAN-001,SanaPlus PainRelief,OTC,SanaPlus,E-commerce,8,9.5,EUR,0.2,76.0,60.8
TXN-DE-4-000740,2026-08-28 03:30:59,2026-08-28 03:35:59,DE,SaaS Platform,D,SAN-001,SanaPlus PainRelief,OTC,SanaPlus,D2C,11,9.5,EUR,0.0,104.5,104.5
TXN-DE-4-000741,2026-08-28 16:04:45,2026-08-28 16:05:45,DE,SaaS Platform,D,PUR-001,PureLife GlucoMonitor,Medical Device,PureLife,Pharmacy/B2B,3,85.0,EUR,0.0,255.0,255.0
TXN-DE-4-000742,2026-08-28 11:57:55,2026-08-28 12:01:55,DE,SaaS Platform,D,MED-002,Medora Derm Cream,Prescription,Medora,Pharmacy/B2B,11,26.0,EUR,0.05,286.0,271.7
TXN-DE-4-000743,2026-08-28 08:26:02,2026-08-28 08:27:02,DE,SaaS Platform,D,DER-001,Dermacare GlowSerum,Aesthetic,Dermacare,D2C,1,32.0,EUR,0.15,32.0,27.2
TXN-DE-4-000744,2026-08-28 13:04:32,2026-08-28 13:06:32,DE,SaaS Platform,D,VIT-002,Vitalis Multivit,Supplement,Vitalis,Pharmacy/B2B,1,17.0,EUR,0.0,17.0,17.0
TXN-DE-4-000745,2026-08-28 04:14:40,2026-08-28 04:18:40,DE,SaaS Platform,D,VIT-002,Vitalis Multivit,Supplement,Vitalis,Pharmacy/B2B,4,17.0,EUR,0.0,68.0,68.0
TXN-DE-4-000746,2026-08-28 05:01:14,2026-08-28 05:06:14,DE,SaaS Platform,D,VIT-002,Vitalis Multivit,Supplement,Vitalis,Wholesale,2,17.0,EUR,0.2,34.0,27.2
TXN-DE-4-000747,2026-08-28 11:01:30,2026-08-28 11:07:30,DE,SaaS Platform,D,PUR-001,PureLife GlucoMonitor,Medical Device,PureLife,Pharmacy/B2B,8,85.0,EUR,0.1,680.0,612.0
TXN-DE-4-000748,2026-08-28 06:04:38,2026-08-28 06:08:38,DE,SaaS Platform,D,SAN-002,SanaPlus ColdFlu,OTC,SanaPlus,Pharmacy/B2B,5,10.5,EUR,0.0,52.5,52.5
TXN-DE-4-000749,2026-08-28 18:40:51,2026-08-28 18:42:51,DE,SaaS Platform,D,SAN-001,SanaPlus PainRelief,OTC,SanaPlus,E-commerce,4,9.5,EUR,0.0,38.0,38.0
TXN-DE-4-000750,2026-08-28 05:59:32,2026-08-28 06:01:32,DE,SaaS Platform,D,PUR-001,PureLife GlucoMonitor,Medical Device,PureLife,D2C,10,85.0,EUR,0.0,850.0,850.0
TXN-DE-4-000751,2026-08-28 02:07:02,2026-08-28 02:12:02,DE,SaaS Platform,D,PUR-001,PureLife GlucoMonitor,Medical Device,PureLife,Pharmacy/B2B,1,85.0,EUR,0.15,85.0,72.25
TXN-DE-4-000752,2026-08-28 09:11:40,2026-08-28 09:17:40,DE,SaaS Platform,D,PUR-002,PureLife BP Monitor,Medical Device,PureLife,D2C,8,90.0,EUR,0.2,720.0,576.0
TXN-DE-4-000753,2026-08-28 06:25:34,2026-08-28 06:27:34,DE,SaaS Platform,D,DER-001,Dermacare GlowSerum,Aesthetic,Dermacare,E-commerce,5,32.0,EUR,0.2,160.0,128.0
TXN-DE-4-000754,2026-08-28 17:27:44,2026-08-28 17:28:44,DE,SaaS Platform,D,PUR-002,PureLife BP Monitor,Medical Device,PureLife,D2C,8,90.0,EUR,0.0,720.0,720.0
TXN-DE-4-000755,2026-08-28 06:16:19,2026-08-28 06:21:19,DE,SaaS Platform,D,PUR-001,PureLife GlucoMonitor,Medical Device,PureLife,Wholesale,3,85.0,EUR,0.0,255.0,255.0
TXN-DE-4-000756,2026-08-28 20:12:48,2026-08-28 20:16:48,DE,SaaS Platform,D,VIT-001,Vitalis C1000,Supplement,Vitalis,D2C,12,21.0,EUR,0.0,252.0,252.0
TXN-DE-4-000757,2026-08-28 05:56:08,2026-08-28 06:00:08,DE,SaaS Platform,D,SAN-002,SanaPlus ColdFlu,OTC,SanaPlus,Wholesale,4,10.5,EUR,0.0,42.0,42.0
TXN-DE-4-000758,2026-08-28 11:26:08,2026-08-28 11:28:08,DE,SaaS Platform,D,MED-002,Medora Derm Cream,Prescription,Medora,Pharmacy/B2B,3,26.0,EUR,0.1,78.0,70.2
TXN-DE-4-000759,2026-08-28 00:39:30,2026-08-28 00:44:30,DE,SaaS Platform,D,SAN-002,SanaPlus ColdFlu,OTC,SanaPlus,D2C,8,10.5,EUR,0.0,84.0,84.0
TXN-DE-4-000760,2026-08-28 16:13:11,2026-08-28 16:16:11,DE,SaaS Platform,D,VIT-001,Vitalis C1000,Supplement,Vitalis,Pharmacy/B2B,2,21.0,EUR,0.05,42.0,39.9
TXN-DE-4-000761,2026-08-28 21:33:58,2026-08-28 21:34:58,DE,SaaS Platform,D,PUR-002,PureLife BP Monitor,Medical Device,PureLife,D2C,12,90.0,EUR,0.0,1080.0,1080.0
TXN-DE-4-000762,2026-08-28 09:05:42,2026-08-28 09:06:42,DE,SaaS Platform,D,SAN-002,SanaPlus ColdFlu,OTC,SanaPlus,Pharmacy/B2B,11,10.5,EUR,0.2,115.5,92.4
TXN-DE-4-000763,2026-08-28 11:42:50,2026-08-28 11:47:50,DE,SaaS Platform,D,SAN-001,SanaPlus PainRelief,OTC,SanaPlus,Wholesale,2,9.5,EUR,0.15,19.0,16.15
TXN-DE-4-000764,2026-08-28 15:51:58,2026-08-28 15:52:58,DE,SaaS Platform,D,PUR-001,PureLife GlucoMonitor,Medical Device,PureLife,E-commerce,7,85.0,EUR,0.15,595.0,505.75
TXN-DE-4-000765,2026-08-28 18:50:48,2026-08-28 18:52:48,DE,SaaS Platform,D,MED-001,Medora Cardio 10mg,Prescription,Medora,E-commerce,10,43.0,EUR,0.05,430.0,408.5
TXN-DE-4-000766,2026-08-28 14:09:38,2026-08-28 14:15:38,DE,SaaS Platform,D,VIT-002,Vitalis Multivit,Supplement,Vitalis,D2C,11,17.0,EUR,0.2,187.0,149.6
TXN-DE-4-000767,2026-08-28 12:19:10,2026-08-28 12:21:10,DE,SaaS Platform,D,MED-002,Medora Derm Cream,Prescription,Medora,Wholesale,4,26.0,EUR,0.0,104.0,104.0
TXN-DE-4-000768,2026-08-28 02:32:31,2026-08-28 02:37:31,DE,SaaS Platform,D,MED-002,Medora Derm Cream,Prescription,Medora,E-commerce,6,26.0,EUR,0.0,156.0,156.0
TXN-DE-4-000769,2026-08-28 19:46:19,2026-08-28 19:51:19,DE,SaaS Platform,D,VIT-001,Vitalis C1000,Supplement,Vitalis,E-commerce,9,21.0,EUR,0.1,189.0,170.1
TXN-DE-4-000770,2026-08-28 16:15:05,2026-08-28 16:18:05,DE,SaaS Platform,D,SAN-002,SanaPlus ColdFlu,OTC,SanaPlus,D2C,5,10.5,EUR,0.0,52.5,52.5
TXN-DE-4-000771,2026-08-28 11:28:37,2026-08-28 11:29:37,DE,SaaS Platform,D,DER-001,Dermacare GlowSerum,Aesthetic,Dermacare,E-commerce,7,32.0,EUR,0.15,224.0,190.4
TXN-DE-4-000772,2026-08-28 18:09:29,2026-08-28 18:13:29,DE,SaaS Platform,D,PUR-002,PureLife BP Monitor,Medical Device,PureLife,E-commerce,11,90.0,EUR,0.15,990.0,841.5
TXN-DE-4-000773,2026-08-28 13:33:33,2026-08-28 13:34:33,DE,SaaS Platform,D,DER-002,Dermacare LiftCream,Aesthetic,Dermacare,D2C,12,37.0,EUR,0.1,444.0,399.6
TXN-DE-4-000774,2026-08-28 15:35:41,2026-08-28 15:37:41,DE,SaaS Platform,D,SAN-002,SanaPlus ColdFlu,OTC,SanaPlus,D2C,9,10.5,EUR,0.0,94.5,94.5
TXN-DE-4-000775,2026-08-28 19:08:41,2026-08-28 19:10:41,DE,SaaS Platform,D,MED-002,Medora Derm Cream,Prescription,Medora,D2C,10,26.0,EUR,0.05,260.0,247.0
TXN-DE-4-000776,2026-08-28 00:56:00,2026-08-28 01:01:00,DE,SaaS Platform,D,MED-002,Medora Derm Cream,Prescription,Medora,D2C,4,26.0,EUR,0.1,104.0,93.6
TXN-DE-4-000777,2026-08-28 20:11:20,2026-08-28 20:17:20,DE,SaaS Platform,D,VIT-001,Vitalis C1000,Supplement,Vitalis,E-commerce,4,21.0,EUR,0.1,84.0,75.6
TXN-DE-4-000778,2026-08-28 05:27:55,2026-08-28 05:33:55,DE,SaaS Platform,D,PUR-001,PureLife GlucoMonitor,Medical Device,PureLife,E-commerce,8,85.0,EUR,0.0,680.0,680.0
TXN-DE-4-000779,2026-08-28 03:25:58,2026-08-28 03:26:58,DE,SaaS Platform,D,MED-002,Medora Derm Cream,Prescription,Medora,E-commerce,6,26.0,EUR,0.0,156.0,156.0
TXN-DE-4-000780,2026-08-28 07:14:20,2026-08-28 07:18:20,DE,SaaS Platform,D,MED-002,Medora Derm Cream,Prescription,Medora,D2C,8,26.0,EUR,0.1,208.0,187.2
TXN-DE-4-000781,2026-08-28 20:09:18,2026-08-28 20:10:18,DE,SaaS Platform,D,DER-001,Dermacare GlowSerum,Aesthetic,Dermacare,Pharmacy/B2B,1,32.0,EUR,0.0,32.0,32.0
TXN-DE-4-000782,2026-08-28 06:36:13,2026-08-28 06:39:13,DE,SaaS Platform,D,MED-001,Medora Cardio 10mg,Prescription,Medora,Pharmacy/B2B,8,43.0,EUR,0.0,344.0,344.0
TXN-DE-4-000783,2026-08-28 15:50:54,2026-08-28 15:55:54,DE,SaaS Platform,D,MED-001,Medora Cardio 10mg,Prescription,Medora,E-commerce,3,43.0,EUR,0.2,129.0,103.2
TXN-DE-4-000784,2026-08-28 20:24:59,2026-08-28 20:29:59,DE,SaaS Platform,D,MED-001,Medora Cardio 10mg,Prescription,Medora,E-commerce,12,43.0,EUR,0.0,516.0,516.0
TXN-DE-4-000785,2026-08-28 02:53:51,2026-08-28 02:57:51,DE,SaaS Platform,D,MED-001,Medora Cardio 10mg,Prescription,Medora,Pharmacy/B2B,12,43.0,EUR,0.2,516.0,412.8
TXN-DE-4-000786,2026-08-28 23:20:53,2026-08-28 23:22:53,DE,SaaS Platform,D,DER-002,Dermacare LiftCream,Aesthetic,Dermacare,D2C,2,37.0,EUR,0.05,74.0,70.3
TXN-DE-4-000787,2026-08-28 21:09:54,2026-08-28 21:12:54,DE,SaaS Platform,D,PUR-001,PureLife GlucoMonitor,Medical Device,PureLife,D2C,3,85.0,EUR,0.15,255.0,216.75
TXN-DE-4-000788,2026-08-28 11:06:48,2026-08-28 11:10:48,DE,SaaS Platform,D,MED-001,Medora Cardio 10mg,Prescription,Medora,D2C,5,43.0,EUR,0.1,215.0,193.5
TXN-DE-4-000789,2026-08-28 01:58:09,2026-08-28 02:03:09,DE,SaaS Platform,D,SAN-002,SanaPlus ColdFlu,OTC,SanaPlus,Pharmacy/B2B,11,10.5,EUR,0.15,115.5,98.17
TXN-DE-4-000790,2026-08-28 02:42:47,2026-08-28 02:47:47,DE,SaaS Platform,D,MED-001,Medora Cardio 10mg,Prescription,Medora,Wholesale,9,43.0,EUR,0.0,387.0,387.0
TXN-DE-4-000791,2026-08-28 18:27:21,2026-08-28 18:31:21,DE,SaaS Platform,D,SAN-002,SanaPlus ColdFlu,OTC,SanaPlus,E-commerce,2,10.5,EUR,0.15,21.0,17.85
TXN-DE-4-000792,2026-08-28 13:12:57,2026-08-28 13:17:57,DE,SaaS Platform,D,DER-002,Dermacare LiftCream,Aesthetic,Dermacare,Pharmacy/B2B,11,37.0,EUR,0.2,407.0,325.6
TXN-DE-4-000793,2026-08-28 18:49:32,2026-08-28 18:55:32,DE,SaaS Platform,D,PUR-002,PureLife BP Monitor,Medical Device,PureLife,Wholesale,11,90.0,EUR,0.2,990.0,792.0
TXN-DE-4-000794,2026-08-28 23:53:24,2026-08-28 23:54:24,DE,SaaS Platform,D,VIT-002,Vitalis Multivit,Supplement,Vitalis,Wholesale,3,17.0,EUR,0.2,51.0,40.8
TXN-DE-4-000795,2026-08-28 22:47:35,2026-08-28 22:52:35,DE,SaaS Platform,D,PUR-002,PureLife BP Monitor,Medical Device,PureLife,Wholesale,8,90.0,EUR,0.0,720.0,720.0
TXN-DE-4-000796,2026-08-28 09:46:01,2026-08-28 09:47:01,DE,SaaS Platform,D,MED-002,Medora Derm Cream,Prescription,Medora,Pharmacy/B2B,7,26.0,EUR,0.1,182.0,163.8
TXN-DE-4-000797,2026-08-28 08:51:00,2026-08-28 08:55:00,DE,SaaS Platform,D,SAN-002,SanaPlus ColdFlu,OTC,SanaPlus,Pharmacy/B2B,4,10.5,EUR,0.2,42.0,33.6
TXN-DE-4-000798,2026-08-28 12:20:40,2026-08-28 12:24:40,DE,SaaS Platform,D,DER-002,Dermacare LiftCream,Aesthetic,Dermacare,E-commerce,11,37.0,EUR,0.0,407.0,407.0
TXN-DE-4-000799,2026-08-28 10:19:19,2026-08-28 10:21:19,DE,SaaS Platform,D,MED-002,Medora Derm Cream,Prescription,Medora,E-commerce,8,26.0,EUR,0.0,208.0,208.0
TXN-DE-4-000800,2026-08-28 03:29:18,2026-08-28 03:35:18,DE,SaaS Platform,D,MED-001,Medora Cardio 10mg,Prescription,Medora,D2C,9,43.0,EUR,0.0,387.0,387.0
TXN-DE-4-000801,2026-08-28 10:01:22,2026-08-28 10:04:22,DE,SaaS Platform,D,PUR-001,PureLife GlucoMonitor,Medical Device,PureLife,Wholesale,7,85.0,EUR,0.05,595.0,565.25
TXN-DE-4-000802,2026-08-28 05:00:30,2026-08-28 05:06:30,DE,SaaS Platform,D,PUR-002,PureLife BP Monitor,Medical Device,PureLife,D2C,3,90.0,EUR,0.1,270.0,243.0
TXN-DE-4-000803,2026-08-28 16:44:49,2026-08-28 16:48:49,DE,SaaS Platform,D,SAN-002,SanaPlus ColdFlu,OTC,SanaPlus,Wholesale,9,10.5,EUR,0.15,94.5,80.33
TXN-DE-4-000804,2026-08-28 04:50:30,2026-08-28 04:53:30,DE,SaaS Platform,D,SAN-001,SanaPlus PainRelief,OTC,SanaPlus,Pharmacy/B2B,5,9.5,EUR,0.0,47.5,47.5
TXN-DE-4-000805,2026-08-28 10:43:44,2026-08-28 10:48:44,DE,SaaS Platform,D,PUR-002,PureLife BP Monitor,Medical Device,PureLife,Wholesale,6,90.0,EUR,0.0,540.0,540.0
TXN-DE-4-000806,2026-08-28 04:13:44,2026-08-28 04:16:44,DE,SaaS Platform,D,DER-002,Dermacare LiftCream,Aesthetic,Dermacare,E-commerce,2,37.0,EUR,0.1,74.0,66.6
TXN-DE-4-000807,2026-08-28 01:55:41,2026-08-28 01:57:41,DE,SaaS Platform,D,MED-002,Medora Derm Cream,Prescription,Medora,D2C,4,26.0,EUR,0.0,104.0,104.0
TXN-DE-4-000808,2026-08-28 16:56:56,2026-08-28 16:58:56,DE,SaaS Platform,D,SAN-002,SanaPlus ColdFlu,OTC,SanaPlus,Pharmacy/B2B,10,10.5,EUR,0.0,105.0,105.0
TXN-DE-4-000809,2026-08-28 03:42:58,2026-08-28 03:44:58,DE,SaaS Platform,D,MED-002,Medora Derm Cream,Prescription,Medora,E-commerce,9,26.0,EUR,0.05,234.0,222.3
TXN-DE-4-000810,2026-08-28 12:17:28,2026-08-28 12:18:28,DE,SaaS Platform,D,VIT-002,Vitalis Multivit,Supplement,Vitalis,E-commerce,12,17.0,EUR,0.0,204.0,204.0
TXN-DE-4-000811,2026-08-28 15:31:51,2026-08-28 15:33:51,DE,SaaS Platform,D,DER-001,Dermacare GlowSerum,Aesthetic,Dermacare,E-commerce,7,32.0,EUR,0.15,224.0,190.4
TXN-DE-4-000812,2026-08-28 07:40:08,2026-08-28 07:45:08,DE,SaaS Platform,D,PUR-002,PureLife BP Monitor,Medical Device,PureLife,Wholesale,7,90.0,EUR,0.0,630.0,630.0
TXN-DE-4-000813,2026-08-28 09:37:05,2026-08-28 09:42:05,DE,SaaS Platform,D,VIT-002,Vitalis Multivit,Supplement,Vitalis,E-commerce,5,17.0,EUR,0.0,85.0,85.0
TXN-DE-4-000814,2026-08-28 12:47:32,2026-08-28 12:52:32,DE,SaaS Platform,D,SAN-002,SanaPlus ColdFlu,OTC,SanaPlus,Pharmacy/B2B,2,10.5,EUR,0.1,21.0,18.9
TXN-DE-4-000815,2026-08-28 08:53:46,2026-08-28 08:56:46,DE,SaaS Platform,D,MED-001,Medora Cardio 10mg,Prescription,Medora,D2C,3,43.0,EUR,0.0,129.0,129.0
TXN-DE-4-000816,2026-08-28 15:05:07,2026-08-28 15:06:07,DE,SaaS Platform,D,PUR-002,PureLife BP Monitor,Medical Device,PureLife,Wholesale,12,90.0,EUR,0.0,1080.0,1080.0
TXN-DE-4-000817,2026-08-28 06:18:31,2026-08-28 06:23:31,DE,SaaS Platform,D,PUR-001,PureLife GlucoMonitor,Medical Device,PureLife,E-commerce,11,85.0,EUR,0.15,935.0,794.75
TXN-DE-4-000818,2026-08-28 00:04:24,2026-08-28 00:10:24,DE,SaaS Platform,D,MED-001,Medora Cardio 10mg,Prescription,Medora,D2C,10,43.0,EUR,0.05,430.0,408.5
TXN-DE-4-000819,2026-08-28 00:40:30,2026-08-28 00:41:30,DE,SaaS Platform,D,SAN-001,SanaPlus PainRelief,OTC,SanaPlus,Pharmacy/B2B,1,9.5,EUR,0.0,9.5,9.5
TXN-DE-4-000820,2026-08-28 22:13:32,2026-08-28 22:15:32,DE,SaaS Platform,D,DER-001,Dermacare GlowSerum,Aesthetic,Dermacare,D2C,7,32.0,EUR,0.0,224.0,224.0
TXN-DE-4-000821,2026-08-28 10:51:14,2026-08-28 10:52:14,DE,SaaS Platform,D,DER-001,Dermacare GlowSerum,Aesthetic,Dermacare,Pharmacy/B2B,5,32.0,EUR,0.0,160.0,160.0
TXN-DE-4-000822,2026-08-28 00:07:00,2026-08-28 00:13:00,DE,SaaS Platform,D,DER-001,Dermacare GlowSerum,Aesthetic,Dermacare,Pharmacy/B2B,12,32.0,EUR,0.0,384.0,384.0
TXN-DE-4-000823,2026-08-28 13:27:08,2026-08-28 13:31:08,DE,SaaS Platform,D,DER-002,Dermacare LiftCream,Aesthetic,Dermacare,D2C,4,37.0,EUR,0.1,148.0,133.2
TXN-DE-4-000824,2026-08-28 00:55:46,2026-08-28 00:56:46,DE,SaaS Platform,D,SAN-002,SanaPlus ColdFlu,OTC,SanaPlus,Wholesale,2,10.5,EUR,0.15,21.0,17.85
TXN-DE-4-000825,2026-08-28 19:11:31,2026-08-28 19:14:31,DE,SaaS Platform,D,VIT-001,Vitalis C1000,Supplement,Vitalis,Pharmacy/B2B,10,21.0,EUR,0.1,210.0,189.0
TXN-DE-4-000826,2026-08-28 02:30:39,2026-08-28 02:31:39,DE,SaaS Platform,D,VIT-002,Vitalis Multivit,Supplement,Vitalis,Pharmacy/B2B,7,17.0,EUR,0.2,119.0,95.2
TXN-DE-4-000827,2026-08-28 18:49:57,2026-08-28 18:53:57,DE,SaaS Platform,D,SAN-002,SanaPlus ColdFlu,OTC,SanaPlus,E-commerce,5,10.5,EUR,0.0,52.5,52.5
TXN-DE-4-000828,2026-08-28 23:38:11,2026-08-28 23:40:11,DE,SaaS Platform,D,DER-002,Dermacare LiftCream,Aesthetic,Dermacare,Wholesale,6,37.0,EUR,0.05,222.0,210.9
TXN-DE-4-000829,2026-08-28 23:45:44,2026-08-28 23:48:44,DE,SaaS Platform,D,DER-001,Dermacare GlowSerum,Aesthetic,Dermacare,D2C,4,32.0,EUR,0.15,128.0,108.8
TXN-DE-4-000830,2026-08-28 02:55:46,2026-08-28 03:01:46,DE,SaaS Platform,D,SAN-001,SanaPlus PainRelief,OTC,SanaPlus,Pharmacy/B2B,1,9.5,EUR,0.05,9.5,9.03
TXN-DE-4-000831,2026-08-28 09:14:37,2026-08-28 09:19:37,DE,SaaS Platform,D,DER-001,Dermacare GlowSerum,Aesthetic,Dermacare,E-commerce,11,32.0,EUR,0.0,352.0,352.0
TXN-DE-4-000832,2026-08-28 12:06:13,2026-08-28 12:12:13,DE,SaaS Platform,D,MED-002,Medora Derm Cream,Prescription,Medora,D2C,11,26.0,EUR,0.15,286.0,243.1
TXN-DE-4-000833,2026-08-28 15:43:53,2026-08-28 15:44:53,DE,SaaS Platform,D,MED-001,Medora Cardio 10mg,Prescription,Medora,D2C,4,43.0,EUR,0.15,172.0,146.2
TXN-DE-4-000834,2026-08-28 22:54:04,2026-08-28 23:00:04,DE,SaaS Platform,D,VIT-001,Vitalis C1000,Supplement,Vitalis,Wholesale,12,21.0,EUR,0.05,252.0,239.4
TXN-DE-4-000835,2026-08-28 12:17:18,2026-08-28 12:20:18,DE,SaaS Platform,D,PUR-002,PureLife BP Monitor,Medical Device,PureLife,Wholesale,4,90.0,EUR,0.2,360.0,288.0
TXN-DE-4-000836,2026-08-28 05:49:58,2026-08-28 05:53:58,DE,SaaS Platform,D,PUR-002,PureLife BP Monitor,Medical Device,PureLife,E-commerce,6,90.0,EUR,0.0,540.0,540.0
TXN-DE-4-000837,2026-08-28 00:59:26,2026-08-28 01:04:26,DE,SaaS Platform,D,MED-001,Medora Cardio 10mg,Prescription,Medora,Wholesale,12,43.0,EUR,0.0,516.0,516.0
TXN-DE-4-000838,2026-08-28 06:48:22,2026-08-28 06:52:22,DE,SaaS Platform,D,VIT-001,Vitalis C1000,Supplement,Vitalis,Pharmacy/B2B,9,21.0,EUR,0.0,189.0,189.0
TXN-DE-4-000839,2026-08-28 06:11:43,2026-08-28 06:13:43,DE,SaaS Platform,D,PUR-001,PureLife GlucoMonitor,Medical Device,PureLife,Pharmacy/B2B,1,85.0,EUR,0.0,85.0,85.0
TXN-DE-4-000840,2026-08-28 14:46:55,2026-08-28 14:52:55,DE,SaaS Platform,D,VIT-002,Vitalis Multivit,Supplement,Vitalis,Wholesale,2,17.0,EUR,0.2,34.0,27.2
TXN-DE-4-000841,2026-08-28 18:16:29,2026-08-28 18:21:29,DE,SaaS Platform,D,VIT-001,Vitalis C1000,Supplement,Vitalis,Pharmacy/B2B,8,21.0,EUR,0.15,168.0,142.8
TXN-DE-4-000842,2026-08-28 07:54:45,2026-08-28 08:00:45,DE,SaaS Platform,D,MED-001,Medora Cardio 10mg,Prescription,Medora,D2C,4,43.0,EUR,0.15,172.0,146.2
TXN-DE-4-000843,2026-08-28 22:55:49,2026-08-28 23:00:49,DE,SaaS Platform,D,DER-002,Dermacare LiftCream,Aesthetic,Dermacare,Wholesale,7,37.0,EUR,0.15,259.0,220.15
TXN-DE-4-000844,2026-08-28 06:13:03,2026-08-28 06:19:03,DE,SaaS Platform,D,DER-002,Dermacare LiftCream,Aesthetic,Dermacare,E-commerce,7,37.0,EUR,0.0,259.0,259.0
TXN-DE-4-000845,2026-08-28 06:57:49,2026-08-28 07:03:49,DE,SaaS Platform,D,PUR-001,PureLife GlucoMonitor,Medical Device,PureLife,Pharmacy/B2B,8,85.0,EUR,0.0,680.0,680.0
TXN-DE-4-000846,2026-08-28 18:59:59,2026-08-28 19:02:59,DE,SaaS Platform,D,VIT-001,Vitalis C1000,Supplement,Vitalis,D2C,4,21.0,EUR,0.0,84.0,84.0
TXN-DE-4-000847,2026-08-28 04:26:52,2026-08-28 04:32:52,DE,SaaS Platform,D,DER-002,Dermacare LiftCream,Aesthetic,Dermacare,E-commerce,6,37.0,EUR,0.0,222.0,222.0
TXN-DE-4-000848,2026-08-28 19:08:54,2026-08-28 19:12:54,DE,SaaS Platform,D,MED-002,Medora Derm Cream,Prescription,Medora,Wholesale,4,26.0,EUR,0.0,104.0,104.0
TXN-DE-4-000849,2026-08-28 14:41:57,2026-08-28 14:42:57,DE,SaaS Platform,D,VIT-002,Vitalis Multivit,Supplement,Vitalis,Pharmacy/B2B,7,17.0,EUR,0.0,119.0,119.0
TXN-DE-4-000850,2026-08-28 20:47:17,2026-08-28 20:50:17,DE,SaaS Platform,D,PUR-001,PureLife GlucoMonitor,Medical Device,PureLife,E-commerce,9,85.0,EUR,0.2,765.0,612.0
TXN-DE-4-000851,2026-08-28 02:03:36,2026-08-28 02:09:36,DE,SaaS Platform,D,MED-001,Medora Cardio 10mg,Prescription,Medora,Wholesale,4,43.0,EUR,0.1,172.0,154.8
TXN-DE-4-000852,2026-08-28 01:48:54,2026-08-28 01:53:54,DE,SaaS Platform,D,PUR-001,PureLife GlucoMonitor,Medical Device,PureLife,D2C,11,85.0,EUR,0.15,935.0,794.75
TXN-DE-4-000853,2026-08-28 18:43:50,2026-08-28 18:49:50,DE,SaaS Platform,D,DER-002,Dermacare LiftCream,Aesthetic,Dermacare,E-commerce,9,37.0,EUR,0.0,333.0,333.0
TXN-DE-4-000854,2026-08-28 18:56:26,2026-08-28 19:01:26,DE,SaaS Platform,D,DER-002,Dermacare LiftCream,Aesthetic,Dermacare,D2C,9,37.0,EUR,0.05,333.0,316.35
TXN-DE-4-000855,2026-08-28 22:14:01,2026-08-28 22:17:01,DE,SaaS Platform,D,SAN-002,SanaPlus ColdFlu,OTC,SanaPlus,Pharmacy/B2B,2,10.5,EUR,0.0,21.0,21.0
TXN-DE-4-000856,2026-08-28 17:41:46,2026-08-28 17:47:46,DE,SaaS Platform,D,VIT-001,Vitalis C1000,Supplement,Vitalis,Pharmacy/B2B,12,21.0,EUR,0.0,252.0,252.0
TXN-DE-4-000857,2026-08-28 08:28:57,2026-08-28 08:32:57,DE,SaaS Platform,D,MED-002,Medora Derm Cream,Prescription,Medora,Wholesale,6,26.0,EUR,0.15,156.0,132.6
TXN-DE-4-000858,2026-08-28 06:57:35,2026-08-28 07:01:35,DE,SaaS Platform,D,PUR-002,PureLife BP Monitor,Medical Device,PureLife,Wholesale,6,90.0,EUR,0.1,540.0,486.0
TXN-DE-4-000859,2026-08-28 22:34:33,2026-08-28 22:38:33,DE,SaaS Platform,D,MED-002,Medora Derm Cream,Prescription,Medora,Wholesale,10,26.0,EUR,0.2,260.0,208.0
TXN-DE-4-000860,2026-08-28 02:27:18,2026-08-28 02:28:18,DE,SaaS Platform,D,SAN-001,SanaPlus PainRelief,OTC,SanaPlus,E-commerce,9,9.5,EUR,0.0,85.5,85.5
TXN-DE-4-000861,2026-08-28 14:57:30,2026-08-28 14:59:30,DE,SaaS Platform,D,SAN-001,SanaPlus PainRelief,OTC,SanaPlus,E-commerce,2,9.5,EUR,0.2,19.0,15.2
TXN-DE-4-000862,2026-08-28 18:00:49,2026-08-28 18:04:49,DE,SaaS Platform,D,PUR-002,PureLife BP Monitor,Medical Device,PureLife,Pharmacy/B2B,3,90.0,EUR,0.1,270.0,243.0
TXN-DE-4-000863,2026-08-28 19:52:16,2026-08-28 19:55:16,DE,SaaS Platform,D,VIT-001,Vitalis C1000,Supplement,Vitalis,E-commerce,6,21.0,EUR,0.1,126.0,113.4
TXN-DE-4-000864,2026-08-28 17:16:29,2026-08-28 17:22:29,DE,SaaS Platform,D,SAN-001,SanaPlus PainRelief,OTC,SanaPlus,D2C,5,9.5,EUR,0.1,47.5,42.75
TXN-DE-4-000865,2026-08-28 21:54:57,2026-08-28 21:56:57,DE,SaaS Platform,D,DER-001,Dermacare GlowSerum,Aesthetic,Dermacare,D2C,6,32.0,EUR,0.2,192.0,153.6
TXN-DE-4-000866,2026-08-28 16:33:17,2026-08-28 16:37:17,DE,SaaS Platform,D,DER-001,Dermacare GlowSerum,Aesthetic,Dermacare,Wholesale,9,32.0,EUR,0.05,288.0,273.6
TXN-DE-4-000867,2026-08-28 09:45:14,2026-08-28 09:46:14,DE,SaaS Platform,D,SAN-001,SanaPlus PainRelief,OTC,SanaPlus,E-commerce,1,9.5,EUR,0.05,9.5,9.03
TXN-DE-4-000868,2026-08-28 21:50:37,2026-08-28 21:54:37,DE,SaaS Platform,D,VIT-002,Vitalis Multivit,Supplement,Vitalis,Pharmacy/B2B,9,17.0,EUR,0.05,153.0,145.35
TXN-DE-4-000869,2026-08-28 13:59:41,2026-08-28 14:03:41,DE,SaaS Platform,D,DER-002,Dermacare LiftCream,Aesthetic,Dermacare,Pharmacy/B2B,2,37.0,EUR,0.0,74.0,74.0
TXN-DE-4-000870,2026-08-28 12:03:42,2026-08-28 12:06:42,DE,SaaS Platform,D,PUR-002,PureLife BP Monitor,Medical Device,PureLife,D2C,8,90.0,EUR,0.0,720.0,720.0
TXN-DE-4-000871,2026-08-28 05:39:17,2026-08-28 05:44:17,DE,SaaS Platform,D,MED-002,Medora Derm Cream,Prescription,Medora,D2C,6,26.0,EUR,0.1,156.0,140.4
TXN-DE-4-000872,2026-08-28 05:57:27,2026-08-28 06:03:27,DE,SaaS Platform,D,PUR-001,PureLife GlucoMonitor,Medical Device,PureLife,E-commerce,7,85.0,EUR,0.1,595.0,535.5
TXN-DE-4-000873,2026-08-28 09:43:05,2026-08-28 09:49:05,DE,SaaS Platform,D,SAN-001,SanaPlus PainRelief,OTC,SanaPlus,D2C,3,9.5,EUR,0.1,28.5,25.65
TXN-DE-4-000874,2026-08-28 01:29:53,2026-08-28 01:35:53,DE,SaaS Platform,D,MED-001,Medora Cardio 10mg,Prescription,Medora,Pharmacy/B2B,5,43.0,EUR,0.0,215.0,215.0
TXN-DE-4-000875,2026-08-28 08:07:47,2026-08-28 08:08:47,DE,SaaS Platform,D,DER-001,Dermacare GlowSerum,Aesthetic,Dermacare,E-commerce,3,32.0,EUR,0.0,96.0,96.0
TXN-DE-4-000876,2026-08-28 13:00:05,2026-08-28 13:04:05,DE,SaaS Platform,D,DER-002,Dermacare LiftCream,Aesthetic,Dermacare,Pharmacy/B2B,3,37.0,EUR,0.1,111.0,99.9
TXN-DE-4-000877,2026-08-28 23:28:05,2026-08-28 23:33:05,DE,SaaS Platform,D,MED-001,Medora Cardio 10mg,Prescription,Medora,Wholesale,3,43.0,EUR,0.0,129.0,129.0
TXN-DE-4-000878,2026-08-28 09:33:50,2026-08-28 09:36:50,DE,SaaS Platform,D,PUR-002,PureLife BP Monitor,Medical Device,PureLife,Wholesale,4,90.0,EUR,0.15,360.0,306.0
TXN-DE-4-000879,2026-08-28 20:00:05,2026-08-28 20:04:05,DE,SaaS Platform,D,PUR-001,PureLife GlucoMonitor,Medical Device,PureLife,E-commerce,4,85.0,EUR,0.0,340.0,340.0
TXN-DE-4-000880,2026-08-28 16:29:21,2026-08-28 16:30:21,DE,SaaS Platform,D,SAN-001,SanaPlus PainRelief,OTC,SanaPlus,D2C,6,9.5,EUR,0.0,57.0,57.0
TXN-DE-4-000881,2026-08-28 05:33:42,2026-08-28 05:37:42,DE,SaaS Platform,D,MED-001,Medora Cardio 10mg,Prescription,Medora,E-commerce,2,43.0,EUR,0.0,86.0,86.0
TXN-DE-4-000882,2026-08-28 05:15:50,2026-08-28 05:19:50,DE,SaaS Platform,D,SAN-001,SanaPlus PainRelief,OTC,SanaPlus,Pharmacy/B2B,5,9.5,EUR,0.0,47.5,47.5
TXN-DE-4-000883,2026-08-28 01:21:15,2026-08-28 01:22:15,DE,SaaS Platform,D,SAN-002,SanaPlus ColdFlu,OTC,SanaPlus,Pharmacy/B2B,1,10.5,EUR,0.0,10.5,10.5
TXN-DE-4-000884,2026-08-28 15:32:42,2026-08-28 15:38:42,DE,SaaS Platform,D,MED-002,Medora Derm Cream,Prescription,Medora,E-commerce,5,26.0,EUR,0.0,130.0,130.0
TXN-DE-4-000885,2026-08-28 20:23:11,2026-08-28 20:24:11,DE,SaaS Platform,D,DER-002,Dermacare LiftCream,Aesthetic,Dermacare,Pharmacy/B2B,7,37.0,EUR,0.05,259.0,246.05
TXN-DE-4-000886,2026-08-28 08:08:40,2026-08-28 08:14:40,DE,SaaS Platform,D,VIT-001,Vitalis C1000,Supplement,Vitalis,Pharmacy/B2B,7,21.0,EUR,0.05,147.0,139.65
TXN-DE-4-000887,2026-08-28 19:10:48,2026-08-28 19:12:48,DE,SaaS Platform,D,VIT-001,Vitalis C1000,Supplement,Vitalis,E-commerce,11,21.0,EUR,0.15,231.0,196.35
TXN-DE-4-000888,2026-08-28 07:55:05,2026-08-28 08:01:05,DE,SaaS Platform,D,DER-002,Dermacare LiftCream,Aesthetic,Dermacare,E-commerce,9,37.0,EUR,0.0,333.0,333.0
TXN-DE-4-000889,2026-08-28 00:10:59,2026-08-28 00:11:59,DE,SaaS Platform,D,SAN-002,SanaPlus ColdFlu,OTC,SanaPlus,Wholesale,8,10.5,EUR,0.05,84.0,79.8
TXN-DE-4-000890,2026-08-28 04:02:24,2026-08-28 04:07:24,DE,SaaS Platform,D,PUR-002,PureLife BP Monitor,Medical Device,PureLife,D2C,11,90.0,EUR,0.2,990.0,792.0
TXN-DE-4-000891,2026-08-28 13:43:06,2026-08-28 13:46:06,DE,SaaS Platform,D,MED-001,Medora Cardio 10mg,Prescription,Medora,Wholesale,4,43.0,EUR,0.05,172.0,163.4
TXN-DE-4-000892,2026-08-28 15:46:35,2026-08-28 15:49:35,DE,SaaS Platform,D,SAN-002,SanaPlus ColdFlu,OTC,SanaPlus,D2C,3,10.5,EUR,0.1,31.5,28.35
TXN-DE-4-000893,2026-08-28 22:32:44,2026-08-28 22:38:44,DE,SaaS Platform,D,SAN-002,SanaPlus ColdFlu,OTC,SanaPlus,Wholesale,9,10.5,EUR,0.0,94.5,94.5
TXN-DE-4-000894,2026-08-28 03:57:52,2026-08-28 03:58:52,DE,SaaS Platform,D,PUR-001,PureLife GlucoMonitor,Medical Device,PureLife,Wholesale,5,85.0,EUR,0.15,425.0,361.25
TXN-DE-4-000895,2026-08-28 14:53:24,2026-08-28 14:55:24,DE,SaaS Platform,D,DER-001,Dermacare GlowSerum,Aesthetic,Dermacare,Wholesale,1,32.0,EUR,0.0,32.0,32.0
TXN-DE-4-000896,2026-08-28 10:41:00,2026-08-28 10:43:00,DE,SaaS Platform,D,MED-001,Medora Cardio 10mg,Prescription,Medora,E-commerce,10,43.0,EUR,0.0,430.0,430.0
TXN-DE-4-000897,2026-08-28 15:16:17,2026-08-28 15:22:17,DE,SaaS Platform,D,MED-001,Medora Cardio 10mg,Prescription,Medora,Wholesale,3,43.0,EUR,0.0,129.0,129.0
TXN-DE-4-000898,2026-08-28 11:20:21,2026-08-28 11:21:21,DE,SaaS Platform,D,MED-001,Medora Cardio 10mg,Prescription,Medora,Wholesale,4,43.0,EUR,0.0,172.0,172.0
TXN-DE-4-000899,2026-08-28 22:18:03,2026-08-28 22:20:03,DE,SaaS Platform,D,PUR-002,PureLife BP Monitor,Medical Device,PureLife,Wholesale,10,90.0,EUR,0.0,900.0,900.0
TXN-DE-4-000900,2026-08-28 19:13:45,2026-08-28 19:18:45,DE,SaaS Platform,D,DER-002,Dermacare LiftCream,Aesthetic,Dermacare,Pharmacy/B2B,9,37.0,EUR,0.05,333.0,316.35
TXN-DE-4-000901,2026-08-28 14:25:30,2026-08-28 14:27:30,DE,SaaS Platform,D,DER-001,Dermacare GlowSerum,Aesthetic,Dermacare,Wholesale,5,32.0,EUR,0.1,160.0,144.0
TXN-DE-4-000902,2026-08-28 13:41:53,2026-08-28 13:46:53,DE,SaaS Platform,D,VIT-002,Vitalis Multivit,Supplement,Vitalis,Wholesale,11,17.0,EUR,0.1,187.0,168.3
TXN-DE-4-000903,2026-08-28 03:02:56,2026-08-28 03:05:56,DE,SaaS Platform,D,MED-001,Medora Cardio 10mg,Prescription,Medora,E-commerce,3,43.0,EUR,0.1,129.0,116.1
TXN-DE-4-000904,2026-08-28 14:25:28,2026-08-28 14:27:28,DE,SaaS Platform,D,VIT-001,Vitalis C1000,Supplement,Vitalis,D2C,10,21.0,EUR,0.15,210.0,178.5
TXN-DE-4-000905,2026-08-28 15:22:48,2026-08-28 15:23:48,DE,SaaS Platform,D,DER-002,Dermacare LiftCream,Aesthetic,Dermacare,Pharmacy/B2B,4,37.0,EUR,0.15,148.0,125.8
TXN-DE-4-000906,2026-08-28 22:24:41,2026-08-28 22:29:41,DE,SaaS Platform,D,PUR-002,PureLife BP Monitor,Medical Device,PureLife,D2C,12,90.0,EUR,0.05,1080.0,1026.0
TXN-DE-4-000907,2026-08-28 17:03:20,2026-08-28 17:09:20,DE,SaaS Platform,D,SAN-001,SanaPlus PainRelief,OTC,SanaPlus,Pharmacy/B2B,3,9.5,EUR,0.15,28.5,24.22
TXN-DE-4-000908,2026-08-28 16:47:16,2026-08-28 16:48:16,DE,SaaS Platform,D,PUR-002,PureLife BP Monitor,Medical Device,PureLife,E-commerce,8,90.0,EUR,0.15,720.0,612.0
TXN-DE-4-000909,2026-08-28 06:14:23,2026-08-28 06:16:23,DE,SaaS Platform,D,PUR-002,PureLife BP Monitor,Medical Device,PureLife,Pharmacy/B2B,11,90.0,EUR,0.0,990.0,990.0
TXN-DE-4-000910,2026-08-28 11:40:28,2026-08-28 11:46:28,DE,SaaS Platform,D,SAN-002,SanaPlus ColdFlu,OTC,SanaPlus,D2C,9,10.5,EUR,0.2,94.5,75.6
TXN-DE-4-000911,2026-08-28 22:20:29,2026-08-28 22:23:29,DE,SaaS Platform,D,VIT-002,Vitalis Multivit,Supplement,Vitalis,Pharmacy/B2B,9,17.0,EUR,0.0,153.0,153.0
TXN-DE-4-000912,2026-08-28 22:20:07,2026-08-28 22:21:07,DE,SaaS Platform,D,SAN-001,SanaPlus PainRelief,OTC,SanaPlus,E-commerce,4,9.5,EUR,0.05,38.0,36.1
TXN-DE-4-000913,2026-08-28 16:36:32,2026-08-28 16:42:32,DE,SaaS Platform,D,MED-001,Medora Cardio 10mg,Prescription,Medora,D2C,2,43.0,EUR,0.0,86.0,86.0
TXN-DE-4-000914,2026-08-28 03:28:43,2026-08-28 03:30:43,DE,SaaS Platform,D,MED-002,Medora Derm Cream,Prescription,Medora,Wholesale,10,26.0,EUR,0.0,260.0,260.0
TXN-DE-4-000915,2026-08-28 02:37:49,2026-08-28 02:43:49,DE,SaaS Platform,D,MED-001,Medora Cardio 10mg,Prescription,Medora,Pharmacy/B2B,6,43.0,EUR,0.1,258.0,232.2
TXN-DE-4-000916,2026-08-28 09:55:33,2026-08-28 09:57:33,DE,SaaS Platform,D,SAN-001,SanaPlus PainRelief,OTC,SanaPlus,Pharmacy/B2B,6,9.5,EUR,0.0,57.0,57.0
TXN-DE-4-000917,2026-08-28 13:01:19,2026-08-28 13:03:19,DE,SaaS Platform,D,SAN-002,SanaPlus ColdFlu,OTC,SanaPlus,Wholesale,12,10.5,EUR,0.05,126.0,119.7
TXN-DE-4-000918,2026-08-28 11:41:23,2026-08-28 11:44:23,DE,SaaS Platform,D,MED-001,Medora Cardio 10mg,Prescription,Medora,Pharmacy/B2B,12,43.0,EUR,0.2,516.0,412.8
TXN-DE-4-000919,2026-08-28 22:05:01,2026-08-28 22:09:01,DE,SaaS Platform,D,PUR-002,PureLife BP Monitor,Medical Device,PureLife,Wholesale,7,90.0,EUR,0.05,630.0,598.5
TXN-DE-4-000920,2026-08-28 05:10:53,2026-08-28 05:16:53,DE,SaaS Platform,D,DER-001,Dermacare GlowSerum,Aesthetic,Dermacare,E-commerce,8,32.0,EUR,0.1,256.0,230.4
TXN-DE-4-000921,2026-08-28 07:17:59,2026-08-28 07:19:59,DE,SaaS Platform,D,PUR-002,PureLife BP Monitor,Medical Device,PureLife,E-commerce,11,90.0,EUR,0.0,990.0,990.0
TXN-DE-4-000922,2026-08-28 21:53:06,2026-08-28 21:56:06,DE,SaaS Platform,D,VIT-002,Vitalis Multivit,Supplement,Vitalis,Wholesale,8,17.0,EUR,0.05,136.0,129.2
TXN-DE-4-000923,2026-08-28 14:21:12,2026-08-28 14:25:12,DE,SaaS Platform,D,MED-001,Medora Cardio 10mg,Prescription,Medora,E-commerce,2,43.0,EUR,0.0,86.0,86.0
TXN-DE-4-000924,2026-08-28 20:28:28,2026-08-28 20:32:28,DE,SaaS Platform,D,MED-002,Medora Derm Cream,Prescription,Medora,Pharmacy/B2B,10,26.0,EUR,0.0,260.0,260.0
TXN-DE-4-000925,2026-08-28 18:23:04,2026-08-28 18:27:04,DE,SaaS Platform,D,PUR-001,PureLife GlucoMonitor,Medical Device,PureLife,Pharmacy/B2B,8,85.0,EUR,0.0,680.0,680.0
TXN-DE-4-000926,2026-08-28 19:33:13,2026-08-28 19:37:13,DE,SaaS Platform,D,VIT-001,Vitalis C1000,Supplement,Vitalis,Wholesale,5,21.0,EUR,0.1,105.0,94.5
TXN-DE-4-000927,2026-08-28 05:06:07,2026-08-28 05:07:07,DE,SaaS Platform,D,MED-001,Medora Cardio 10mg,Prescription,Medora,Pharmacy/B2B,3,43.0,EUR,0.0,129.0,129.0
TXN-DE-4-000928,2026-08-28 19:05:20,2026-08-28 19:11:20,DE,SaaS Platform,D,MED-001,Medora Cardio 10mg,Prescription,Medora,E-commerce,1,43.0,EUR,0.0,43.0,43.0
TXN-DE-4-000929,2026-08-28 11:38:50,2026-08-28 11:42:50,DE,SaaS Platform,D,DER-002,Dermacare LiftCream,Aesthetic,Dermacare,Wholesale,11,37.0,EUR,0.2,407.0,325.6
TXN-DE-4-000930,2026-08-28 08:51:49,2026-08-28 08:53:49,DE,SaaS Platform,D,VIT-001,Vitalis C1000,Supplement,Vitalis,Pharmacy/B2B,2,21.0,EUR,0.15,42.0,35.7
TXN-DE-4-000931,2026-08-28 13:56:36,2026-08-28 14:00:36,DE,SaaS Platform,D,PUR-001,PureLife GlucoMonitor,Medical Device,PureLife,D2C,2,85.0,EUR,0.0,170.0,170.0
TXN-DE-4-000932,2026-08-28 17:56:06,2026-08-28 18:01:06,DE,SaaS Platform,D,VIT-001,Vitalis C1000,Supplement,Vitalis,Wholesale,10,21.0,EUR,0.0,210.0,210.0
TXN-DE-4-000933,2026-08-28 09:28:16,2026-08-28 09:31:16,DE,SaaS Platform,D,VIT-002,Vitalis Multivit,Supplement,Vitalis,E-commerce,5,17.0,EUR,0.0,85.0,85.0
TXN-DE-4-000934,2026-08-28 10:13:44,2026-08-28 10:16:44,DE,SaaS Platform,D,MED-001,Medora Cardio 10mg,Prescription,Medora,Pharmacy/B2B,1,43.0,EUR,0.15,43.0,36.55
TXN-DE-4-000935,2026-08-28 20:30:49,2026-08-28 20:33:49,DE,SaaS Platform,D,DER-001,Dermacare GlowSerum,Aesthetic,Dermacare,Pharmacy/B2B,4,32.0,EUR,0.2,128.0,102.4
TXN-DE-4-000936,2026-08-28 18:48:11,2026-08-28 18:54:11,DE,SaaS Platform,D,MED-001,Medora Cardio 10mg,Prescription,Medora,Pharmacy/B2B,8,43.0,EUR,0.1,344.0,309.6
TXN-DE-4-000937,2026-08-28 22:59:55,2026-08-28 23:04:55,DE,SaaS Platform,D,VIT-001,Vitalis C1000,Supplement,Vitalis,D2C,11,21.0,EUR,0.15,231.0,196.35
TXN-DE-4-000938,2026-08-28 15:31:54,2026-08-28 15:37:54,DE,SaaS Platform,D,DER-002,Dermacare LiftCream,Aesthetic,Dermacare,E-commerce,1,37.0,EUR,0.15,37.0,31.45
TXN-DE-4-000939,2026-08-28 07:32:16,2026-08-28 07:36:16,DE,SaaS Platform,D,DER-002,Dermacare LiftCream,Aesthetic,Dermacare,Wholesale,1,37.0,EUR,0.0,37.0,37.0
TXN-DE-4-000940,2026-08-28 06:50:12,2026-08-28 06:53:12,DE,SaaS Platform,D,SAN-002,SanaPlus ColdFlu,OTC,SanaPlus,Pharmacy/B2B,8,10.5,EUR,0.0,84.0,84.0
TXN-DE-4-000941,2026-08-28 19:37:37,2026-08-28 19:40:37,DE,SaaS Platform,D,MED-001,Medora Cardio 10mg,Prescription,Medora,D2C,6,43.0,EUR,0.2,258.0,206.4
TXN-DE-4-000942,2026-08-28 06:40:39,2026-08-28 06:42:39,DE,SaaS Platform,D,DER-001,Dermacare GlowSerum,Aesthetic,Dermacare,E-commerce,4,32.0,EUR,0.15,128.0,108.8
TXN-DE-4-000943,2026-08-28 10:19:37,2026-08-28 10:20:37,DE,SaaS Platform,D,PUR-001,PureLife GlucoMonitor,Medical Device,PureLife,Pharmacy/B2B,12,85.0,EUR,0.1,1020.0,918.0
TXN-DE-4-000944,2026-08-28 00:57:59,2026-08-28 01:02:59,DE,SaaS Platform,D,MED-001,Medora Cardio 10mg,Prescription,Medora,E-commerce,11,43.0,EUR,0.0,473.0,473.0
TXN-DE-4-000945,2026-08-28 13:00:01,2026-08-28 13:03:01,DE,SaaS Platform,D,SAN-001,SanaPlus PainRelief,OTC,SanaPlus,Wholesale,12,9.5,EUR,0.05,114.0,108.3
TXN-DE-4-000946,2026-08-28 19:16:22,2026-08-28 19:20:22,DE,SaaS Platform,D,DER-001,Dermacare GlowSerum,Aesthetic,Dermacare,E-commerce,3,32.0,EUR,0.0,96.0,96.0
TXN-DE-4-000947,2026-08-28 18:12:52,2026-08-28 18:18:52,DE,SaaS Platform,D,SAN-002,SanaPlus ColdFlu,OTC,SanaPlus,D2C,7,10.5,EUR,0.0,73.5,73.5
TXN-DE-4-000948,2026-08-28 11:38:03,2026-08-28 11:44:03,DE,SaaS Platform,D,DER-001,Dermacare GlowSerum,Aesthetic,Dermacare,D2C,3,32.0,EUR,0.0,96.0,96.0
TXN-DE-4-000949,2026-08-28 20:43:00,2026-08-28 20:48:00,DE,SaaS Platform,D,VIT-002,Vitalis Multivit,Supplement,Vitalis,Pharmacy/B2B,7,17.0,EUR,0.1,119.0,107.1
TXN-DE-4-000950,2026-08-28 23:00:52,2026-08-28 23:01:52,DE,SaaS Platform,D,PUR-001,PureLife GlucoMonitor,Medical Device,PureLife,E-commerce,11,85.0,EUR,0.0,935.0,935.0
TXN-DE-4-000951,2026-08-28 10:47:43,2026-08-28 10:50:43,DE,SaaS Platform,D,VIT-002,Vitalis Multivit,Supplement,Vitalis,E-commerce,11,17.0,EUR,0.0,187.0,187.0
TXN-DE-4-000952,2026-08-28 21:04:13,2026-08-28 21:05:13,DE,SaaS Platform,D,DER-002,Dermacare LiftCream,Aesthetic,Dermacare,D2C,9,37.0,EUR,0.1,333.0,299.7
TXN-DE-4-000953,2026-08-28 19:07:33,2026-08-28 19:13:33,DE,SaaS Platform,D,VIT-001,Vitalis C1000,Supplement,Vitalis,E-commerce,10,21.0,EUR,0.0,210.0,210.0
TXN-DE-4-000954,2026-08-28 17:48:33,2026-08-28 17:51:33,DE,SaaS Platform,D,VIT-001,Vitalis C1000,Supplement,Vitalis,Wholesale,8,21.0,EUR,0.05,168.0,159.6
TXN-DE-4-000955,2026-08-28 03:27:40,2026-08-28 03:31:40,DE,SaaS Platform,D,DER-001,Dermacare GlowSerum,Aesthetic,Dermacare,Wholesale,12,32.0,EUR,0.2,384.0,307.2
TXN-DE-4-000956,2026-08-28 17:44:52,2026-08-28 17:46:52,DE,SaaS Platform,D,VIT-001,Vitalis C1000,Supplement,Vitalis,Pharmacy/B2B,8,21.0,EUR,0.05,168.0,159.6
TXN-DE-4-000957,2026-08-28 11:21:54,2026-08-28 11:23:54,DE,SaaS Platform,D,VIT-002,Vitalis Multivit,Supplement,Vitalis,Wholesale,11,17.0,EUR,0.0,187.0,187.0
TXN-DE-4-000958,2026-08-28 05:25:14,2026-08-28 05:31:14,DE,SaaS Platform,D,VIT-002,Vitalis Multivit,Supplement,Vitalis,Wholesale,11,17.0,EUR,0.15,187.0,158.95
TXN-DE-4-000959,2026-08-28 19:29:48,2026-08-28 19:32:48,DE,SaaS Platform,D,MED-002,Medora Derm Cream,Prescription,Medora,Wholesale,4,26.0,EUR,0.0,104.0,104.0
TXN-DE-4-000960,2026-08-28 01:17:53,2026-08-28 01:20:53,DE,SaaS Platform,D,DER-001,Dermacare GlowSerum,Aesthetic,Dermacare,Wholesale,10,32.0,EUR,0.15,320.0,272.0
TXN-DE-4-000961,2026-08-28 07:32:51,2026-08-28 07:36:51,DE,SaaS Platform,D,PUR-002,PureLife BP Monitor,Medical Device,PureLife,Wholesale,6,90.0,EUR,0.2,540.0,432.0
TXN-DE-4-000962,2026-08-28 08:36:39,2026-08-28 08:41:39,DE,SaaS Platform,D,PUR-002,PureLife BP Monitor,Medical Device,PureLife,E-commerce,3,90.0,EUR,0.15,270.0,229.5
TXN-DE-4-000963,2026-08-28 11:14:21,2026-08-28 11:16:21,DE,SaaS Platform,D,MED-002,Medora Derm Cream,Prescription,Medora,D2C,11,26.0,EUR,0.2,286.0,228.8
TXN-DE-4-000964,2026-08-28 19:44:16,2026-08-28 19:47:16,DE,SaaS Platform,D,PUR-001,PureLife GlucoMonitor,Medical Device,PureLife,D2C,11,85.0,EUR,0.0,935.0,935.0
TXN-DE-4-000965,2026-08-28 02:41:14,2026-08-28 02:46:14,DE,SaaS Platform,D,DER-001,Dermacare GlowSerum,Aesthetic,Dermacare,D2C,7,32.0,EUR,0.0,224.0,224.0
TXN-DE-4-000966,2026-08-28 09:21:32,2026-08-28 09:27:32,DE,SaaS Platform,D,MED-001,Medora Cardio 10mg,Prescription,Medora,Wholesale,1,43.0,EUR,0.15,43.0,36.55
TXN-DE-4-000967,2026-08-28 05:33:21,2026-08-28 05:38:21,DE,SaaS Platform,D,VIT-001,Vitalis C1000,Supplement,Vitalis,E-commerce,4,21.0,EUR,0.15,84.0,71.4
TXN-DE-4-000968,2026-08-28 01:13:38,2026-08-28 01:15:38,DE,SaaS Platform,D,VIT-001,Vitalis C1000,Supplement,Vitalis,D2C,11,21.0,EUR,0.2,231.0,184.8
TXN-DE-4-000969,2026-08-28 09:13:45,2026-08-28 09:15:45,DE,SaaS Platform,D,VIT-001,Vitalis C1000,Supplement,Vitalis,Pharmacy/B2B,9,21.0,EUR,0.0,189.0,189.0
TXN-DE-4-000970,2026-08-28 13:47:07,2026-08-28 13:50:07,DE,SaaS Platform,D,VIT-001,Vitalis C1000,Supplement,Vitalis,D2C,2,21.0,EUR,0.2,42.0,33.6
TXN-DE-4-000971,2026-08-28 12:02:51,2026-08-28 12:06:51,DE,SaaS Platform,D,SAN-002,SanaPlus ColdFlu,OTC,SanaPlus,D2C,6,10.5,EUR,0.2,63.0,50.4
TXN-DE-4-000972,2026-08-28 06:46:39,2026-08-28 06:47:39,DE,SaaS Platform,D,DER-002,Dermacare LiftCream,Aesthetic,Dermacare,Pharmacy/B2B,4,37.0,EUR,0.1,148.0,133.2
TXN-DE-4-000973,2026-08-28 02:11:53,2026-08-28 02:12:53,DE,SaaS Platform,D,VIT-001,Vitalis C1000,Supplement,Vitalis,E-commerce,1,21.0,EUR,0.05,21.0,19.95
TXN-DE-4-000974,2026-08-28 14:07:12,2026-08-28 14:10:12,DE,SaaS Platform,D,SAN-001,SanaPlus PainRelief,OTC,SanaPlus,Wholesale,1,9.5,EUR,0.0,9.5,9.5
TXN-DE-4-000975,2026-08-28 17:08:27,2026-08-28 17:14:27,DE,SaaS Platform,D,VIT-001,Vitalis C1000,Supplement,Vitalis,E-commerce,11,21.0,EUR,0.1,231.0,207.9
TXN-DE-4-000976,2026-08-28 03:48:28,2026-08-28 03:49:28,DE,SaaS Platform,D,PUR-002,PureLife BP Monitor,Medical Device,PureLife,D2C,11,90.0,EUR,0.1,990.0,891.0
TXN-DE-4-000977,2026-08-28 11:16:35,2026-08-28 11:21:35,DE,SaaS Platform,D,VIT-001,Vitalis C1000,Supplement,Vitalis,Wholesale,12,21.0,EUR,0.05,252.0,239.4
TXN-DE-4-000978,2026-08-28 08:25:38,2026-08-28 08:31:38,DE,SaaS Platform,D,PUR-002,PureLife BP Monitor,Medical Device,PureLife,Wholesale,11,90.0,EUR,0.0,990.0,990.0
TXN-DE-4-000979,2026-08-28 02:00:07,2026-08-28 02:01:07,DE,SaaS Platform,D,VIT-001,Vitalis C1000,Supplement,Vitalis,Wholesale,10,21.0,EUR,0.0,210.0,210.0
TXN-DE-4-000980,2026-08-28 22:27:22,2026-08-28 22:28:22,DE,SaaS Platform,D,DER-001,Dermacare GlowSerum,Aesthetic,Dermacare,Pharmacy/B2B,12,32.0,EUR,0.0,384.0,384.0
TXN-DE-4-000981,2026-08-28 12:20:48,2026-08-28 12:22:48,DE,SaaS Platform,D,VIT-001,Vitalis C1000,Supplement,Vitalis,Wholesale,6,21.0,EUR,0.2,126.0,100.8
TXN-DE-4-000982,2026-08-28 04:08:40,2026-08-28 04:10:40,DE,SaaS Platform,D,VIT-002,Vitalis Multivit,Supplement,Vitalis,Wholesale,10,17.0,EUR,0.0,170.0,170.0
TXN-DE-4-000983,2026-08-28 03:10:12,2026-08-28 03:12:12,DE,SaaS Platform,D,PUR-002,PureLife BP Monitor,Medical Device,PureLife,Pharmacy/B2B,2,90.0,EUR,0.1,180.0,162.0
TXN-DE-4-000984,2026-08-28 20:08:19,2026-08-28 20:14:19,DE,SaaS Platform,D,DER-002,Dermacare LiftCream,Aesthetic,Dermacare,E-commerce,9,37.0,EUR,0.05,333.0,316.35
TXN-DE-4-000985,2026-08-28 12:35:16,2026-08-28 12:37:16,DE,SaaS Platform,D,SAN-001,SanaPlus PainRelief,OTC,SanaPlus,E-commerce,5,9.5,EUR,0.1,47.5,42.75
TXN-DE-4-000986,2026-08-28 01:49:24,2026-08-28 01:55:24,DE,SaaS Platform,D,PUR-001,PureLife GlucoMonitor,Medical Device,PureLife,Wholesale,9,85.0,EUR,0.0,765.0,765.0
TXN-DE-4-000987,2026-08-28 12:52:44,2026-08-28 12:56:44,DE,SaaS Platform,D,MED-002,Medora Derm Cream,Prescription,Medora,E-commerce,6,26.0,EUR,0.0,156.0,156.0
TXN-DE-4-000988,2026-08-28 18:54:56,2026-08-28 18:55:56,DE,SaaS Platform,D,MED-002,Medora Derm Cream,Prescription,Medora,E-commerce,9,26.0,EUR,0.0,234.0,234.0
TXN-DE-4-000989,2026-08-28 10:45:22,2026-08-28 10:47:22,DE,SaaS Platform,D,VIT-001,Vitalis C1000,Supplement,Vitalis,Wholesale,1,21.0,EUR,0.05,21.0,19.95
TXN-DE-4-000990,2026-08-28 10:09:29,2026-08-28 10:15:29,DE,SaaS Platform,D,DER-001,Dermacare GlowSerum,Aesthetic,Dermacare,D2C,4,32.0,EUR,0.2,128.0,102.4
TXN-DE-4-000991,2026-08-28 00:00:32,2026-08-28 00:02:32,DE,SaaS Platform,D,PUR-002,PureLife BP Monitor,Medical Device,PureLife,Pharmacy/B2B,10,90.0,EUR,0.05,900.0,855.0
TXN-DE-4-000992,2026-08-28 00:42:15,2026-08-28 00:48:15,DE,SaaS Platform,D,VIT-002,Vitalis Multivit,Supplement,Vitalis,Pharmacy/B2B,3,17.0,EUR,0.0,51.0,51.0
TXN-DE-4-000993,2026-08-28 16:17:08,2026-08-28 16:23:08,DE,SaaS Platform,D,VIT-001,Vitalis C1000,Supplement,Vitalis,Pharmacy/B2B,5,21.0,EUR,0.0,105.0,105.0
TXN-DE-4-000994,2026-08-28 00:31:13,2026-08-28 00:37:13,DE,SaaS Platform,D,MED-002,Medora Derm Cream,Prescription,Medora,D2C,1,26.0,EUR,0.05,26.0,24.7
TXN-DE-4-000995,2026-08-28 12:47:02,2026-08-28 12:48:02,DE,SaaS Platform,D,MED-001,Medora Cardio 10mg,Prescription,Medora,Pharmacy/B2B,8,43.0,EUR,0.2,344.0,275.2
TXN-DE-4-000996,2026-08-28 17:14:46,2026-08-28 17:17:46,DE,SaaS Platform,D,DER-002,Dermacare LiftCream,Aesthetic,Dermacare,E-commerce,8,37.0,EUR,0.0,296.0,296.0
TXN-DE-4-000997,2026-08-28 05:01:11,2026-08-28 05:05:11,DE,SaaS Platform,D,PUR-001,PureLife GlucoMonitor,Medical Device,PureLife,E-commerce,4,85.0,EUR,0.2,340.0,272.0
TXN-DE-4-000998,2026-08-28 05:09:14,2026-08-28 05:13:14,DE,SaaS Platform,D,PUR-002,PureLife BP Monitor,Medical Device,PureLife,Wholesale,10,90.0,EUR,0.2,900.0,720.0
TXN-DE-4-000999,2026-08-28 14:13:29,2026-08-28 14:15:29,DE,SaaS Platform,D,VIT-002,Vitalis Multivit,Supplement,Vitalis,Pharmacy/B2B,4,17.0,EUR,0.05,68.0,64.6
TXN-DE-4-001000,2026-08-28 19:31:47,2026-08-28 19:33:47,DE,SaaS Platform,D,SAN-002,SanaPlus ColdFlu,OTC,SanaPlus,Pharmacy/B2B,1,10.5,EUR,0.0,10.5,10.5
TXN-DE-4-001001,2026-08-28 02:10:43,2026-08-28 02:13:43,DE,SaaS Platform,D,SAN-001,SanaPlus PainRelief,OTC,SanaPlus,Pharmacy/B2B,1,9.5,EUR,0.2,9.5,7.6
TXN-DE-4-001002,2026-08-28 11:32:17,2026-08-28 11:35:17,DE,SaaS Platform,D,PUR-001,PureLife GlucoMonitor,Medical Device,PureLife,E-commerce,5,85.0,EUR,0.05,425.0,403.75
TXN-DE-4-001003,2026-08-28 22:04:35,2026-08-28 22:10:35,DE,SaaS Platform,D,DER-002,Dermacare LiftCream,Aesthetic,Dermacare,D2C,2,37.0,EUR,0.1,74.0,66.6
TXN-DE-4-001004,2026-08-28 02:57:13,2026-08-28 03:01:13,DE,SaaS Platform,D,PUR-001,PureLife GlucoMonitor,Medical Device,PureLife,Pharmacy/B2B,1,85.0,EUR,0.05,85.0,80.75
TXN-DE-4-001005,2026-08-28 22:25:29,2026-08-28 22:30:29,DE,SaaS Platform,D,PUR-001,PureLife GlucoMonitor,Medical Device,PureLife,Pharmacy/B2B,8,85.0,EUR,0.05,680.0,646.0
TXN-DE-4-001006,2026-08-28 02:58:59,2026-08-28 02:59:59,DE,SaaS Platform,D,VIT-002,Vitalis Multivit,Supplement,Vitalis,E-commerce,10,17.0,EUR,0.2,170.0,136.0
TXN-DE-4-001007,2026-08-28 09:04:44,2026-08-28 09:10:44,DE,SaaS Platform,D,SAN-002,SanaPlus ColdFlu,OTC,SanaPlus,E-commerce,11,10.5,EUR,0.0,115.5,115.5
TXN-DE-4-001008,2026-08-28 16:41:21,2026-08-28 16:43:21,DE,SaaS Platform,D,SAN-002,SanaPlus ColdFlu,OTC,SanaPlus,D2C,3,10.5,EUR,0.05,31.5,29.92
TXN-DE-4-001009,2026-08-28 02:28:59,2026-08-28 02:31:59,DE,SaaS Platform,D,SAN-002,SanaPlus ColdFlu,OTC,SanaPlus,Wholesale,5,10.5,EUR,0.05,52.5,49.88
TXN-DE-4-001010,2026-08-28 19:59:51,2026-08-28 20:05:51,DE,SaaS Platform,D,MED-002,Medora Derm Cream,Prescription,Medora,D2C,8,26.0,EUR,0.0,208.0,208.0
TXN-DE-4-001011,2026-08-28 09:42:56,2026-08-28 09:47:56,DE,SaaS Platform,D,DER-002,Dermacare LiftCream,Aesthetic,Dermacare,Wholesale,8,37.0,EUR,0.05,296.0,281.2
TXN-DE-4-001012,2026-08-28 23:49:27,2026-08-28 23:52:27,DE,SaaS Platform,D,VIT-002,Vitalis Multivit,Supplement,Vitalis,Wholesale,3,17.0,EUR,0.2,51.0,40.8
TXN-DE-4-001013,2026-08-28 07:54:13,2026-08-28 07:59:13,DE,SaaS Platform,D,VIT-002,Vitalis Multivit,Supplement,Vitalis,Wholesale,3,17.0,EUR,0.1,51.0,45.9
TXN-DE-4-001014,2026-08-28 17:49:57,2026-08-28 17:53:57,DE,SaaS Platform,D,PUR-002,PureLife BP Monitor,Medical Device,PureLife,D2C,8,90.0,EUR,0.0,720.0,720.0
TXN-DE-4-001015,2026-08-28 02:00:51,2026-08-28 02:05:51,DE,SaaS Platform,D,DER-001,Dermacare GlowSerum,Aesthetic,Dermacare,Wholesale,11,32.0,EUR,0.15,352.0,299.2
TXN-DE-4-001016,2026-08-28 03:49:41,2026-08-28 03:55:41,DE,SaaS Platform,D,VIT-002,Vitalis Multivit,Supplement,Vitalis,Wholesale,1,17.0,EUR,0.2,17.0,13.6
TXN-DE-4-001017,2026-08-28 21:09:30,2026-08-28 21:10:30,DE,SaaS Platform,D,MED-001,Medora Cardio 10mg,Prescription,Medora,Pharmacy/B2B,5,43.0,EUR,0.1,215.0,193.5
TXN-DE-4-001018,2026-08-28 13:32:27,2026-08-28 13:35:27,DE,SaaS Platform,D,PUR-002,PureLife BP Monitor,Medical Device,PureLife,D2C,4,90.0,EUR,0.0,360.0,360.0
TXN-DE-4-001019,2026-08-28 07:07:47,2026-08-28 07:08:47,DE,SaaS Platform,D,VIT-001,Vitalis C1000,Supplement,Vitalis,Wholesale,3,21.0,EUR,0.1,63.0,56.7
TXN-DE-4-001020,2026-08-28 14:46:35,2026-08-28 14:51:35,DE,SaaS Platform,D,MED-001,Medora Cardio 10mg,Prescription,Medora,Wholesale,3,43.0,EUR,0.0,129.0,129.0
TXN-DE-4-001021,2026-08-28 01:47:19,2026-08-28 01:48:19,DE,SaaS Platform,D,VIT-002,Vitalis Multivit,Supplement,Vitalis,Wholesale,1,17.0,EUR,0.0,17.0,17.0
TXN-DE-4-001022,2026-08-28 05:44:18,2026-08-28 05:48:18,DE,SaaS Platform,D,PUR-002,PureLife BP Monitor,Medical Device,PureLife,E-commerce,11,90.0,EUR,0.05,990.0,940.5
TXN-DE-4-001023,2026-08-28 12:38:10,2026-08-28 12:41:10,DE,SaaS Platform,D,VIT-001,Vitalis C1000,Supplement,Vitalis,D2C,12,21.0,EUR,0.2,252.0,201.6
TXN-DE-4-001024,2026-08-28 17:28:34,2026-08-28 17:30:34,DE,SaaS Platform,D,DER-002,Dermacare LiftCream,Aesthetic,Dermacare,Wholesale,4,37.0,EUR,0.0,148.0,148.0
TXN-DE-4-001025,2026-08-28 18:00:01,2026-08-28 18:02:01,DE,SaaS Platform,D,DER-002,Dermacare LiftCream,Aesthetic,Dermacare,Pharmacy/B2B,5,37.0,EUR,0.15,185.0,157.25
TXN-DE-4-001026,2026-08-28 12:34:30,2026-08-28 12:38:30,DE,SaaS Platform,D,PUR-001,PureLife GlucoMonitor,Medical Device,PureLife,E-commerce,6,85.0,EUR,0.0,510.0,510.0
TXN-DE-4-001027,2026-08-28 01:35:16,2026-08-28 01:38:16,DE,SaaS Platform,D,PUR-001,PureLife GlucoMonitor,Medical Device,PureLife,Wholesale,10,85.0,EUR,0.2,850.0,680.0
TXN-DE-4-001028,2026-08-28 23:55:48,2026-08-28 23:56:48,DE,SaaS Platform,D,VIT-002,Vitalis Multivit,Supplement,Vitalis,D2C,1,17.0,EUR,0.0,17.0,17.0
TXN-DE-4-001029,2026-08-28 12:30:13,2026-08-28 12:31:13,DE,SaaS Platform,D,DER-001,Dermacare GlowSerum,Aesthetic,Dermacare,D2C,6,32.0,EUR,0.15,192.0,163.2
TXN-DE-4-001030,2026-08-28 03:17:55,2026-08-28 03:18:55,DE,SaaS Platform,D,DER-002,Dermacare LiftCream,Aesthetic,Dermacare,Pharmacy/B2B,10,37.0,EUR,0.0,370.0,370.0
TXN-DE-4-001031,2026-08-28 01:29:00,2026-08-28 01:34:00,DE,SaaS Platform,D,VIT-002,Vitalis Multivit,Supplement,Vitalis,D2C,4,17.0,EUR,0.0,68.0,68.0
TXN-DE-4-001032,2026-08-28 03:06:14,2026-08-28 03:12:14,DE,SaaS Platform,D,SAN-001,SanaPlus PainRelief,OTC,SanaPlus,Pharmacy/B2B,11,9.5,EUR,0.05,104.5,99.27
TXN-DE-4-001033,2026-08-28 17:14:58,2026-08-28 17:18:58,DE,SaaS Platform,D,SAN-001,SanaPlus PainRelief,OTC,SanaPlus,Wholesale,8,9.5,EUR,0.1,76.0,68.4
TXN-DE-4-001034,2026-08-28 21:01:06,2026-08-28 21:04:06,DE,SaaS Platform,D,VIT-002,Vitalis Multivit,Supplement,Vitalis,Wholesale,1,17.0,EUR,0.0,17.0,17.0
TXN-DE-4-001035,2026-08-28 12:56:24,2026-08-28 13:00:24,DE,SaaS Platform,D,DER-002,Dermacare LiftCream,Aesthetic,Dermacare,D2C,12,37.0,EUR,0.1,444.0,399.6
TXN-DE-4-001036,2026-08-28 13:50:20,2026-08-28 13:53:20,DE,SaaS Platform,D,SAN-002,SanaPlus ColdFlu,OTC,SanaPlus,D2C,5,10.5,EUR,0.0,52.5,52.5
TXN-DE-4-001037,2026-08-28 11:02:04,2026-08-28 11:07:04,DE,SaaS Platform,D,DER-001,Dermacare GlowSerum,Aesthetic,Dermacare,Pharmacy/B2B,8,32.0,EUR,0.15,256.0,217.6
TXN-DE-4-001038,2026-08-28 04:21:17,2026-08-28 04:24:17,DE,SaaS Platform,D,MED-002,Medora Derm Cream,Prescription,Medora,Pharmacy/B2B,12,26.0,EUR,0.2,312.0,249.6
TXN-DE-4-001039,2026-08-28 23:55:08,2026-08-29 00:01:08,DE,SaaS Platform,D,VIT-001,Vitalis C1000,Supplement,Vitalis,Pharmacy/B2B,4,21.0,EUR,0.15,84.0,71.4
TXN-DE-4-001040,2026-08-28 20:01:21,2026-08-28 20:05:21,DE,SaaS Platform,D,SAN-001,SanaPlus PainRelief,OTC,SanaPlus,D2C,10,9.5,EUR,0.0,95.0,95.0
TXN-DE-4-001041,2026-08-28 02:12:12,2026-08-28 02:17:12,DE,SaaS Platform,D,SAN-002,SanaPlus ColdFlu,OTC,SanaPlus,Pharmacy/B2B,4,10.5,EUR,0.0,42.0,42.0
TXN-DE-4-001042,2026-08-28 15:32:42,2026-08-28 15:33:42,DE,SaaS Platform,D,MED-002,Medora Derm Cream,Prescription,Medora,Wholesale,10,26.0,EUR,0.0,260.0,260.0
TXN-DE-4-001043,2026-08-28 06:57:58,2026-08-28 07:03:58,DE,SaaS Platform,D,PUR-002,PureLife BP Monitor,Medical Device,PureLife,D2C,4,90.0,EUR,0.15,360.0,306.0
TXN-DE-4-001044,2026-08-28 09:55:00,2026-08-28 10:01:00,DE,SaaS Platform,D,DER-002,Dermacare LiftCream,Aesthetic,Dermacare,Pharmacy/B2B,9,37.0,EUR,0.1,333.0,299.7
TXN-DE-4-001045,2026-08-28 16:49:26,2026-08-28 16:55:26,DE,SaaS Platform,D,VIT-001,Vitalis C1000,Supplement,Vitalis,Pharmacy/B2B,1,21.0,EUR,0.2,21.0,16.8
TXN-DE-4-001046,2026-08-28 15:59:52,2026-08-28 16:03:52,DE,SaaS Platform,D,VIT-002,Vitalis Multivit,Supplement,Vitalis,Pharmacy/B2B,9,17.0,EUR,0.0,153.0,153.0
TXN-DE-4-001047,2026-08-28 10:28:51,2026-08-28 10:34:51,DE,SaaS Platform,D,MED-001,Medora Cardio 10mg,Prescription,Medora,Wholesale,11,43.0,EUR,0.1,473.0,425.7
TXN-DE-4-001048,2026-08-28 09:38:40,2026-08-28 09:41:40,DE,SaaS Platform,D,MED-001,Medora Cardio 10mg,Prescription,Medora,E-commerce,8,43.0,EUR,0.0,344.0,344.0
TXN-DE-4-001049,2026-08-28 04:36:51,2026-08-28 04:41:51,DE,SaaS Platform,D,SAN-002,SanaPlus ColdFlu,OTC,SanaPlus,E-commerce,10,10.5,EUR,0.2,105.0,84.0
TXN-DE-4-001050,2026-08-28 15:41:10,2026-08-28 15:42:10,DE,SaaS Platform,D,SAN-001,SanaPlus PainRelief,OTC,SanaPlus,D2C,1,9.5,EUR,0.0,9.5,9.5
TXN-DE-4-001051,2026-08-28 20:01:07,2026-08-28 20:03:07,DE,SaaS Platform,D,MED-001,Medora Cardio 10mg,Prescription,Medora,D2C,8,43.0,EUR,0.1,344.0,309.6
TXN-DE-4-001052,2026-08-28 17:21:53,2026-08-28 17:27:53,DE,SaaS Platform,D,DER-001,Dermacare GlowSerum,Aesthetic,Dermacare,E-commerce,10,32.0,EUR,0.0,320.0,320.0
TXN-DE-4-001053,2026-08-28 06:33:27,2026-08-28 06:38:27,DE,SaaS Platform,D,PUR-001,PureLife GlucoMonitor,Medical Device,PureLife,E-commerce,11,85.0,EUR,0.0,935.0,935.0
TXN-DE-4-001054,2026-08-28 07:07:50,2026-08-28 07:10:50,DE,SaaS Platform,D,MED-002,Medora Derm Cream,Prescription,Medora,E-commerce,7,26.0,EUR,0.1,182.0,163.8
TXN-DE-4-001055,2026-08-28 12:09:37,2026-08-28 12:10:37,DE,SaaS Platform,D,SAN-002,SanaPlus ColdFlu,OTC,SanaPlus,E-commerce,6,10.5,EUR,0.0,63.0,63.0
TXN-DE-4-001056,2026-08-28 23:04:14,2026-08-28 23:08:14,DE,SaaS Platform,D,VIT-002,Vitalis Multivit,Supplement,Vitalis,Pharmacy/B2B,7,17.0,EUR,0.05,119.0,113.05
TXN-DE-4-001057,2026-08-28 17:51:07,2026-08-28 17:56:07,DE,SaaS Platform,D,PUR-001,PureLife GlucoMonitor,Medical Device,PureLife,E-commerce,3,85.0,EUR,0.0,255.0,255.0
TXN-DE-4-001058,2026-08-28 18:31:24,2026-08-28 18:37:24,DE,SaaS Platform,D,DER-002,Dermacare LiftCream,Aesthetic,Dermacare,D2C,11,37.0,EUR,0.2,407.0,325.6
TXN-DE-4-001059,2026-08-28 22:07:38,2026-08-28 22:12:38,DE,SaaS Platform,D,DER-001,Dermacare GlowSerum,Aesthetic,Dermacare,Pharmacy/B2B,8,32.0,EUR,0.0,256.0,256.0
TXN-DE-4-001060,2026-08-28 14:46:09,2026-08-28 14:51:09,DE,SaaS Platform,D,VIT-002,Vitalis Multivit,Supplement,Vitalis,Pharmacy/B2B,3,17.0,EUR,0.05,51.0,48.45
TXN-DE-4-001061,2026-08-28 16:09:25,2026-08-28 16:11:25,DE,SaaS Platform,D,PUR-001,PureLife GlucoMonitor,Medical Device,PureLife,D2C,5,85.0,EUR,0.1,425.0,382.5
TXN-DE-4-001062,2026-08-28 04:45:09,2026-08-28 04:48:09,DE,SaaS Platform,D,PUR-001,PureLife GlucoMonitor,Medical Device,PureLife,Wholesale,4,85.0,EUR,0.0,340.0,340.0
TXN-DE-4-001063,2026-08-28 21:05:09,2026-08-28 21:08:09,DE,SaaS Platform,D,VIT-002,Vitalis Multivit,Supplement,Vitalis,E-commerce,5,17.0,EUR,0.0,85.0,85.0
TXN-DE-4-001064,2026-08-28 01:26:13,2026-08-28 01:29:13,DE,SaaS Platform,D,PUR-001,PureLife GlucoMonitor,Medical Device,PureLife,Wholesale,5,85.0,EUR,0.1,425.0,382.5
TXN-DE-4-001065,2026-08-28 17:15:25,2026-08-28 17:21:25,DE,SaaS Platform,D,SAN-001,SanaPlus PainRelief,OTC,SanaPlus,E-commerce,10,9.5,EUR,0.2,95.0,76.0
TXN-DE-4-001066,2026-08-28 14:02:17,2026-08-28 14:05:17,DE,SaaS Platform,D,SAN-001,SanaPlus PainRelief,OTC,SanaPlus,E-commerce,5,9.5,EUR,0.1,47.5,42.75
TXN-DE-4-001067,2026-08-28 14:16:35,2026-08-28 14:20:35,DE,SaaS Platform,D,MED-001,Medora Cardio 10mg,Prescription,Medora,Wholesale,10,43.0,EUR,0.05,430.0,408.5
TXN-DE-4-001068,2026-08-28 01:09:01,2026-08-28 01:15:01,DE,SaaS Platform,D,VIT-001,Vitalis C1000,Supplement,Vitalis,E-commerce,3,21.0,EUR,0.15,63.0,53.55
TXN-DE-4-001069,2026-08-28 17:15:14,2026-08-28 17:16:14,DE,SaaS Platform,D,MED-002,Medora Derm Cream,Prescription,Medora,D2C,4,26.0,EUR,0.0,104.0,104.0
TXN-DE-4-001070,2026-08-28 19:50:04,2026-08-28 19:55:04,DE,SaaS Platform,D,DER-001,Dermacare GlowSerum,Aesthetic,Dermacare,Wholesale,5,32.0,EUR,0.1,160.0,144.0
TXN-DE-4-001071,2026-08-28 04:18:02,2026-08-28 04:24:02,DE,SaaS Platform,D,MED-001,Medora Cardio 10mg,Prescription,Medora,E-commerce,7,43.0,EUR,0.0,301.0,301.0
TXN-DE-4-001072,2026-08-28 11:13:11,2026-08-28 11:16:11,DE,SaaS Platform,D,DER-001,Dermacare GlowSerum,Aesthetic,Dermacare,Pharmacy/B2B,3,32.0,EUR,0.05,96.0,91.2
TXN-DE-4-001073,2026-08-28 08:58:26,2026-08-28 09:00:26,DE,SaaS Platform,D,VIT-002,Vitalis Multivit,Supplement,Vitalis,D2C,2,17.0,EUR,0.15,34.0,28.9
TXN-DE-4-001074,2026-08-28 11:56:22,2026-08-28 12:00:22,DE,SaaS Platform,D,MED-002,Medora Derm Cream,Prescription,Medora,E-commerce,6,26.0,EUR,0.0,156.0,156.0
TXN-DE-4-001075,2026-08-28 14:52:38,2026-08-28 14:55:38,DE,SaaS Platform,D,VIT-001,Vitalis C1000,Supplement,Vitalis,D2C,10,21.0,EUR,0.1,210.0,189.0
TXN-DE-4-001076,2026-08-28 06:00:04,2026-08-28 06:06:04,DE,SaaS Platform,D,PUR-001,PureLife GlucoMonitor,Medical Device,PureLife,Wholesale,10,85.0,EUR,0.0,850.0,850.0
TXN-DE-4-001077,2026-08-28 09:42:05,2026-08-28 09:43:05,DE,SaaS Platform,D,VIT-001,Vitalis C1000,Supplement,Vitalis,E-commerce,8,21.0,EUR,0.2,168.0,134.4
TXN-DE-4-001078,2026-08-28 23:37:36,2026-08-28 23:40:36,DE,SaaS Platform,D,DER-001,Dermacare GlowSerum,Aesthetic,Dermacare,E-commerce,2,32.0,EUR,0.0,64.0,64.0
TXN-DE-4-001079,2026-08-28 06:29:44,2026-08-28 06:34:44,DE,SaaS Platform,D,PUR-002,PureLife BP Monitor,Medical Device,PureLife,D2C,1,90.0,EUR,0.0,90.0,90.0
TXN-DE-4-001080,2026-08-28 18:42:16,2026-08-28 18:43:16,DE,SaaS Platform,D,SAN-002,SanaPlus ColdFlu,OTC,SanaPlus,D2C,10,10.5,EUR,0.0,105.0,105.0
TXN-DE-4-001081,2026-08-28 17:11:20,2026-08-28 17:13:20,DE,SaaS Platform,D,DER-001,Dermacare GlowSerum,Aesthetic,Dermacare,D2C,5,32.0,EUR,0.2,160.0,128.0
TXN-DE-4-001082,2026-08-28 01:06:50,2026-08-28 01:09:50,DE,SaaS Platform,D,DER-001,Dermacare GlowSerum,Aesthetic,Dermacare,Pharmacy/B2B,3,32.0,EUR,0.0,96.0,96.0
TXN-DE-4-001083,2026-08-28 12:21:52,2026-08-28 12:24:52,DE,SaaS Platform,D,DER-002,Dermacare LiftCream,Aesthetic,Dermacare,Wholesale,5,37.0,EUR,0.0,185.0,185.0
TXN-DE-4-001084,2026-08-28 15:33:38,2026-08-28 15:34:38,DE,SaaS Platform,D,DER-001,Dermacare GlowSerum,Aesthetic,Dermacare,Pharmacy/B2B,5,32.0,EUR,0.0,160.0,160.0
TXN-DE-4-001085,2026-08-28 08:40:08,2026-08-28 08:42:08,DE,SaaS Platform,D,SAN-002,SanaPlus ColdFlu,OTC,SanaPlus,D2C,6,10.5,EUR,0.0,63.0,63.0
TXN-DE-4-001086,2026-08-28 03:41:44,2026-08-28 03:47:44,DE,SaaS Platform,D,VIT-002,Vitalis Multivit,Supplement,Vitalis,Pharmacy/B2B,11,17.0,EUR,0.05,187.0,177.65
TXN-DE-4-001087,2026-08-28 11:15:05,2026-08-28 11:21:05,DE,SaaS Platform,D,VIT-001,Vitalis C1000,Supplement,Vitalis,Pharmacy/B2B,1,21.0,EUR,0.0,21.0,21.0
TXN-DE-4-001088,2026-08-28 01:55:41,2026-08-28 01:56:41,DE,SaaS Platform,D,DER-002,Dermacare LiftCream,Aesthetic,Dermacare,Pharmacy/B2B,9,37.0,EUR,0.05,333.0,316.35
TXN-DE-4-001089,2026-08-28 14:09:32,2026-08-28 14:13:32,DE,SaaS Platform,D,PUR-002,PureLife BP Monitor,Medical Device,PureLife,D2C,5,90.0,EUR,0.1,450.0,405.0
TXN-DE-4-001090,2026-08-28 10:52:24,2026-08-28 10:53:24,DE,SaaS Platform,D,VIT-001,Vitalis C1000,Supplement,Vitalis,D2C,2,21.0,EUR,0.1,42.0,37.8
TXN-DE-4-001091,2026-08-28 06:52:38,2026-08-28 06:54:38,DE,SaaS Platform,D,PUR-001,PureLife GlucoMonitor,Medical Device,PureLife,E-commerce,4,85.0,EUR,0.15,340.0,289.0
TXN-DE-4-001092,2026-08-28 22:56:08,2026-08-28 23:00:08,DE,SaaS Platform,D,MED-002,Medora Derm Cream,Prescription,Medora,E-commerce,5,26.0,EUR,0.2,130.0,104.0
TXN-DE-4-001093,2026-08-28 20:00:51,2026-08-28 20:05:51,DE,SaaS Platform,D,PUR-001,PureLife GlucoMonitor,Medical Device,PureLife,Pharmacy/B2B,7,85.0,EUR,0.0,595.0,595.0
TXN-DE-4-001094,2026-08-28 18:52:03,2026-08-28 18:54:03,DE,SaaS Platform,D,VIT-002,Vitalis Multivit,Supplement,Vitalis,D2C,11,17.0,EUR,0.0,187.0,187.0
TXN-DE-4-001095,2026-08-28 15:27:19,2026-08-28 15:28:19,DE,SaaS Platform,D,DER-002,Dermacare LiftCream,Aesthetic,Dermacare,Wholesale,4,37.0,EUR,0.1,148.0,133.2
TXN-DE-4-001096,2026-08-28 14:13:22,2026-08-28 14:18:22,DE,SaaS Platform,D,MED-002,Medora Derm Cream,Prescription,Medora,Pharmacy/B2B,3,26.0,EUR,0.2,78.0,62.4
TXN-DE-4-001097,2026-08-28 20:38:22,2026-08-28 20:39:22,DE,SaaS Platform,D,MED-002,Medora Derm Cream,Prescription,Medora,D2C,10,26.0,EUR,0.15,260.0,221.0
TXN-DE-4-001098,2026-08-28 06:54:43,2026-08-28 06:59:43,DE,SaaS Platform,D,DER-001,Dermacare GlowSerum,Aesthetic,Dermacare,Pharmacy/B2B,12,32.0,EUR,0.05,384.0,364.8
TXN-DE-4-001099,2026-08-28 14:09:07,2026-08-28 14:13:07,DE,SaaS Platform,D,MED-002,Medora Derm Cream,Prescription,Medora,E-commerce,7,26.0,EUR,0.15,182.0,154.7
TXN-DE-4-001100,2026-08-28 22:39:38,2026-08-28 22:42:38,DE,SaaS Platform,D,SAN-001,SanaPlus PainRelief,OTC,SanaPlus,Pharmacy/B2B,11,9.5,EUR,0.2,104.5,83.6
TXN-DE-4-001101,2026-08-28 08:50:05,2026-08-28 08:55:05,DE,SaaS Platform,D,MED-002,Medora Derm Cream,Prescription,Medora,E-commerce,7,26.0,EUR,0.1,182.0,163.8
TXN-DE-4-001102,2026-08-28 00:26:15,2026-08-28 00:31:15,DE,SaaS Platform,D,MED-002,Medora Derm Cream,Prescription,Medora,Wholesale,5,26.0,EUR,0.2,130.0,104.0
TXN-DE-4-001103,2026-08-28 19:57:51,2026-08-28 20:03:51,DE,SaaS Platform,D,MED-002,Medora Derm Cream,Prescription,Medora,E-commerce,11,26.0,EUR,0.0,286.0,286.0
TXN-DE-4-001104,2026-08-28 11:13:06,2026-08-28 11:18:06,DE,SaaS Platform,D,VIT-001,Vitalis C1000,Supplement,Vitalis,D2C,2,21.0,EUR,0.15,42.0,35.7
TXN-DE-4-001105,2026-08-28 02:17:58,2026-08-28 02:20:58,DE,SaaS Platform,D,SAN-001,SanaPlus PainRelief,OTC,SanaPlus,D2C,4,9.5,EUR,0.1,38.0,34.2
TXN-DE-4-001106,2026-08-28 11:16:30,2026-08-28 11:19:30,DE,SaaS Platform,D,PUR-001,PureLife GlucoMonitor,Medical Device,PureLife,Wholesale,6,85.0,EUR,0.15,510.0,433.5
TXN-DE-4-001107,2026-08-28 06:50:26,2026-08-28 06:53:26,DE,SaaS Platform,D,MED-001,Medora Cardio 10mg,Prescription,Medora,Wholesale,9,43.0,EUR,0.1,387.0,348.3
TXN-DE-4-001108,2026-08-28 15:06:37,2026-08-28 15:09:37,DE,SaaS Platform,D,PUR-002,PureLife BP Monitor,Medical Device,PureLife,Pharmacy/B2B,7,90.0,EUR,0.2,630.0,504.0
TXN-DE-4-001109,2026-08-28 11:52:39,2026-08-28 11:53:39,DE,SaaS Platform,D,DER-002,Dermacare LiftCream,Aesthetic,Dermacare,D2C,7,37.0,EUR,0.0,259.0,259.0
TXN-DE-4-001110,2026-08-28 09:35:52,2026-08-28 09:38:52,DE,SaaS Platform,D,SAN-002,SanaPlus ColdFlu,OTC,SanaPlus,E-commerce,10,10.5,EUR,0.1,105.0,94.5
TXN-DE-4-001111,2026-08-28 15:02:51,2026-08-28 15:04:51,DE,SaaS Platform,D,MED-002,Medora Derm Cream,Prescription,Medora,D2C,12,26.0,EUR,0.15,312.0,265.2
TXN-DE-4-001112,2026-08-28 07:37:19,2026-08-28 07:39:19,DE,SaaS Platform,D,SAN-001,SanaPlus PainRelief,OTC,SanaPlus,Wholesale,2,9.5,EUR,0.0,19.0,19.0
TXN-DE-4-001113,2026-08-28 16:44:35,2026-08-28 16:49:35,DE,SaaS Platform,D,VIT-002,Vitalis Multivit,Supplement,Vitalis,Pharmacy/B2B,9,17.0,EUR,0.0,153.0,153.0
TXN-DE-4-001114,2026-08-28 04:09:21,2026-08-28 04:12:21,DE,SaaS Platform,D,SAN-001,SanaPlus PainRelief,OTC,SanaPlus,E-commerce,12,9.5,EUR,0.1,114.0,102.6
TXN-DE-4-001115,2026-08-28 12:21:17,2026-08-28 12:22:17,DE,SaaS Platform,D,SAN-002,SanaPlus ColdFlu,OTC,SanaPlus,Pharmacy/B2B,11,10.5,EUR,0.0,115.5,115.5
TXN-DE-4-001116,2026-08-28 22:29:59,2026-08-28 22:35:59,DE,SaaS Platform,D,PUR-002,PureLife BP Monitor,Medical Device,PureLife,D2C,9,90.0,EUR,0.2,810.0,648.0
TXN-DE-4-001117,2026-08-28 09:45:41,2026-08-28 09:49:41,DE,SaaS Platform,D,SAN-002,SanaPlus ColdFlu,OTC,SanaPlus,E-commerce,5,10.5,EUR,0.0,52.5,52.5
TXN-DE-4-001118,2026-08-28 20:22:54,2026-08-28 20:23:54,DE,SaaS Platform,D,VIT-002,Vitalis Multivit,Supplement,Vitalis,D2C,6,17.0,EUR,0.0,102.0,102.0
TXN-DE-4-001119,2026-08-28 07:21:36,2026-08-28 07:25:36,DE,SaaS Platform,D,VIT-001,Vitalis C1000,Supplement,Vitalis,Wholesale,3,21.0,EUR,0.0,63.0,63.0
TXN-DE-4-001120,2026-08-28 22:15:28,2026-08-28 22:21:28,DE,SaaS Platform,D,VIT-002,Vitalis Multivit,Supplement,Vitalis,Wholesale,12,17.0,EUR,0.15,204.0,173.4
TXN-DE-4-001121,2026-08-28 01:53:23,2026-08-28 01:56:23,DE,SaaS Platform,D,VIT-001,Vitalis C1000,Supplement,Vitalis,Pharmacy/B2B,4,21.0,EUR,0.1,84.0,75.6
TXN-DE-4-001122,2026-08-28 04:09:24,2026-08-28 04:13:24,DE,SaaS Platform,D,VIT-001,Vitalis C1000,Supplement,Vitalis,E-commerce,12,21.0,EUR,0.15,252.0,214.2
TXN-DE-4-001123,2026-08-28 02:53:05,2026-08-28 02:58:05,DE,SaaS Platform,D,VIT-002,Vitalis Multivit,Supplement,Vitalis,D2C,6,17.0,EUR,0.05,102.0,96.9
TXN-DE-4-001124,2026-08-28 06:11:20,2026-08-28 06:15:20,DE,SaaS Platform,D,VIT-001,Vitalis C1000,Supplement,Vitalis,Pharmacy/B2B,5,21.0,EUR,0.2,105.0,84.0
TXN-DE-4-001125,2026-08-28 19:38:04,2026-08-28 19:39:04,DE,SaaS Platform,D,VIT-002,Vitalis Multivit,Supplement,Vitalis,E-commerce,5,17.0,EUR,0.15,85.0,72.25
TXN-DE-4-001126,2026-08-28 08:54:16,2026-08-28 08:58:16,DE,SaaS Platform,D,MED-001,Medora Cardio 10mg,Prescription,Medora,E-commerce,7,43.0,EUR,0.0,301.0,301.0
TXN-DE-4-001127,2026-08-28 22:37:10,2026-08-28 22:39:10,DE,SaaS Platform,D,SAN-001,SanaPlus PainRelief,OTC,SanaPlus,D2C,3,9.5,EUR,0.05,28.5,27.07
TXN-DE-4-001128,2026-08-28 01:54:55,2026-08-28 02:00:55,DE,SaaS Platform,D,MED-002,Medora Derm Cream,Prescription,Medora,Pharmacy/B2B,5,26.0,EUR,0.0,130.0,130.0
TXN-DE-4-001129,2026-08-28 02:37:30,2026-08-28 02:38:30,DE,SaaS Platform,D,VIT-001,Vitalis C1000,Supplement,Vitalis,E-commerce,1,21.0,EUR,0.2,21.0,16.8
TXN-DE-4-001130,2026-08-28 07:42:51,2026-08-28 07:43:51,DE,SaaS Platform,D,VIT-001,Vitalis C1000,Supplement,Vitalis,Wholesale,4,21.0,EUR,0.0,84.0,84.0
TXN-DE-4-001131,2026-08-28 21:33:26,2026-08-28 21:37:26,DE,SaaS Platform,D,PUR-002,PureLife BP Monitor,Medical Device,PureLife,Pharmacy/B2B,12,90.0,EUR,0.0,1080.0,1080.0
TXN-DE-4-001132,2026-08-28 11:33:05,2026-08-28 11:39:05,DE,SaaS Platform,D,SAN-002,SanaPlus ColdFlu,OTC,SanaPlus,Wholesale,6,10.5,EUR,0.0,63.0,63.0
TXN-DE-4-001133,2026-08-28 18:00:35,2026-08-28 18:05:35,DE,SaaS Platform,D,DER-002,Dermacare LiftCream,Aesthetic,Dermacare,D2C,1,37.0,EUR,0.15,37.0,31.45
TXN-DE-4-001134,2026-08-28 03:09:49,2026-08-28 03:13:49,DE,SaaS Platform,D,MED-001,Medora Cardio 10mg,Prescription,Medora,D2C,2,43.0,EUR,0.0,86.0,86.0
TXN-DE-4-001135,2026-08-28 10:33:56,2026-08-28 10:34:56,DE,SaaS Platform,D,MED-002,Medora Derm Cream,Prescription,Medora,Wholesale,4,26.0,EUR,0.15,104.0,88.4
TXN-DE-4-001136,2026-08-28 06:33:18,2026-08-28 06:39:18,DE,SaaS Platform,D,DER-001,Dermacare GlowSerum,Aesthetic,Dermacare,E-commerce,2,32.0,EUR,0.0,64.0,64.0
TXN-DE-4-001137,2026-08-28 02:12:22,2026-08-28 02:14:22,DE,SaaS Platform,D,PUR-002,PureLife BP Monitor,Medical Device,PureLife,E-commerce,6,90.0,EUR,0.0,540.0,540.0
TXN-DE-4-001138,2026-08-28 23:17:17,2026-08-28 23:19:17,DE,SaaS Platform,D,MED-001,Medora Cardio 10mg,Prescription,Medora,E-commerce,1,43.0,EUR,0.0,43.0,43.0
TXN-DE-4-001139,2026-08-28 19:16:17,2026-08-28 19:17:17,DE,SaaS Platform,D,VIT-002,Vitalis Multivit,Supplement,Vitalis,Wholesale,11,17.0,EUR,0.0,187.0,187.0
TXN-DE-4-001140,2026-08-28 02:35:45,2026-08-28 02:41:45,DE,SaaS Platform,D,MED-001,Medora Cardio 10mg,Prescription,Medora,Pharmacy/B2B,11,43.0,EUR,0.05,473.0,449.35
TXN-DE-4-001141,2026-08-28 21:08:44,2026-08-28 21:14:44,DE,SaaS Platform,D,PUR-002,PureLife BP Monitor,Medical Device,PureLife,D2C,9,90.0,EUR,0.2,810.0,648.0
TXN-DE-4-001142,2026-08-28 01:14:41,2026-08-28 01:19:41,DE,SaaS Platform,D,DER-002,Dermacare LiftCream,Aesthetic,Dermacare,Pharmacy/B2B,8,37.0,EUR,0.1,296.0,266.4
TXN-DE-4-001143,2026-08-28 18:57:13,2026-08-28 19:02:13,DE,SaaS Platform,D,VIT-001,Vitalis C1000,Supplement,Vitalis,E-commerce,4,21.0,EUR,0.05,84.0,79.8
TXN-DE-4-001144,2026-08-28 15:46:38,2026-08-28 15:51:38,DE,SaaS Platform,D,PUR-002,PureLife BP Monitor,Medical Device,PureLife,Pharmacy/B2B,1,90.0,EUR,0.0,90.0,90.0
TXN-DE-4-001145,2026-08-28 14:17:42,2026-08-28 14:23:42,DE,SaaS Platform,D,VIT-001,Vitalis C1000,Supplement,Vitalis,Pharmacy/B2B,11,21.0,EUR,0.0,231.0,231.0
TXN-DE-4-001146,2026-08-28 06:28:25,2026-08-28 06:32:25,DE,SaaS Platform,D,PUR-002,PureLife BP Monitor,Medical Device,PureLife,Wholesale,4,90.0,EUR,0.2,360.0,288.0
TXN-DE-4-001147,2026-08-28 07:38:30,2026-08-28 07:41:30,DE,SaaS Platform,D,MED-002,Medora Derm Cream,Prescription,Medora,Pharmacy/B2B,11,26.0,EUR,0.0,286.0,286.0
TXN-DE-4-001148,2026-08-28 14:41:51,2026-08-28 14:47:51,DE,SaaS Platform,D,SAN-001,SanaPlus PainRelief,OTC,SanaPlus,Wholesale,12,9.5,EUR,0.1,114.0,102.6
TXN-DE-4-001149,2026-08-28 12:33:01,2026-08-28 12:36:01,DE,SaaS Platform,D,VIT-001,Vitalis C1000,Supplement,Vitalis,Pharmacy/B2B,8,21.0,EUR,0.05,168.0,159.6
TXN-DE-4-001150,2026-08-28 05:00:57,2026-08-28 05:05:57,DE,SaaS Platform,D,DER-002,Dermacare LiftCream,Aesthetic,Dermacare,Pharmacy/B2B,7,37.0,EUR,0.1,259.0,233.1
TXN-DE-4-001151,2026-08-28 19:16:48,2026-08-28 19:22:48,DE,SaaS Platform,D,DER-001,Dermacare GlowSerum,Aesthetic,Dermacare,E-commerce,1,32.0,EUR,0.05,32.0,30.4
TXN-DE-4-001152,2026-08-28 22:59:35,2026-08-28 23:02:35,DE,SaaS Platform,D,MED-001,Medora Cardio 10mg,Prescription,Medora,Wholesale,5,43.0,EUR,0.0,215.0,215.0
TXN-DE-4-001153,2026-08-28 15:43:54,2026-08-28 15:48:54,DE,SaaS Platform,D,DER-001,Dermacare GlowSerum,Aesthetic,Dermacare,Wholesale,2,32.0,EUR,0.0,64.0,64.0
TXN-DE-4-001154,2026-08-28 14:40:18,2026-08-28 14:44:18,DE,SaaS Platform,D,SAN-001,SanaPlus PainRelief,OTC,SanaPlus,Pharmacy/B2B,7,9.5,EUR,0.15,66.5,56.52
TXN-DE-4-001155,2026-08-28 01:47:44,2026-08-28 01:48:44,DE,SaaS Platform,D,PUR-001,PureLife GlucoMonitor,Medical Device,PureLife,Wholesale,12,85.0,EUR,0.2,1020.0,816.0
TXN-DE-4-001156,2026-08-28 05:26:30,2026-08-28 05:28:30,DE,SaaS Platform,D,PUR-001,PureLife GlucoMonitor,Medical Device,PureLife,Pharmacy/B2B,8,85.0,EUR,0.0,680.0,680.0
TXN-DE-4-001157,2026-08-28 15:54:53,2026-08-28 16:00:53,DE,SaaS Platform,D,PUR-001,PureLife GlucoMonitor,Medical Device,PureLife,Pharmacy/B2B,8,85.0,EUR,0.1,680.0,612.0
TXN-DE-4-001158,2026-08-28 10:18:12,2026-08-28 10:19:12,DE,SaaS Platform,D,SAN-001,SanaPlus PainRelief,OTC,SanaPlus,Pharmacy/B2B,10,9.5,EUR,0.2,95.0,76.0
TXN-DE-4-001159,2026-08-28 23:52:39,2026-08-28 23:55:39,DE,SaaS Platform,D,VIT-001,Vitalis C1000,Supplement,Vitalis,D2C,8,21.0,EUR,0.0,168.0,168.0
TXN-DE-4-001160,2026-08-28 12:08:11,2026-08-28 12:11:11,DE,SaaS Platform,D,SAN-001,SanaPlus PainRelief,OTC,SanaPlus,Pharmacy/B2B,1,9.5,EUR,0.2,9.5,7.6
TXN-DE-4-001161,2026-08-28 18:58:22,2026-08-28 19:00:22,DE,SaaS Platform,D,PUR-002,PureLife BP Monitor,Medical Device,PureLife,Pharmacy/B2B,6,90.0,EUR,0.0,540.0,540.0
TXN-DE-4-001162,2026-08-28 16:36:40,2026-08-28 16:38:40,DE,SaaS Platform,D,PUR-001,PureLife GlucoMonitor,Medical Device,PureLife,D2C,12,85.0,EUR,0.15,1020.0,867.0
TXN-DE-4-001163,2026-08-28 12:35:29,2026-08-28 12:38:29,DE,SaaS Platform,D,MED-002,Medora Derm Cream,Prescription,Medora,Wholesale,4,26.0,EUR,0.15,104.0,88.4
TXN-DE-4-001164,2026-08-28 16:53:26,2026-08-28 16:59:26,DE,SaaS Platform,D,VIT-001,Vitalis C1000,Supplement,Vitalis,E-commerce,3,21.0,EUR,0.0,63.0,63.0
TXN-DE-4-001165,2026-08-28 18:04:54,2026-08-28 18:08:54,DE,SaaS Platform,D,VIT-001,Vitalis C1000,Supplement,Vitalis,Pharmacy/B2B,11,21.0,EUR,0.15,231.0,196.35
TXN-DE-4-001166,2026-08-28 16:31:59,2026-08-28 16:36:59,DE,SaaS Platform,D,PUR-002,PureLife BP Monitor,Medical Device,PureLife,Wholesale,7,90.0,EUR,0.15,630.0,535.5
TXN-DE-4-001167,2026-08-28 16:04:46,2026-08-28 16:08:46,DE,SaaS Platform,D,PUR-002,PureLife BP Monitor,Medical Device,PureLife,Wholesale,11,90.0,EUR,0.0,990.0,990.0
TXN-DE-4-001168,2026-08-28 10:31:39,2026-08-28 10:35:39,DE,SaaS Platform,D,SAN-002,SanaPlus ColdFlu,OTC,SanaPlus,D2C,1,10.5,EUR,0.1,10.5,9.45
TXN-DE-4-001169,2026-08-28 16:48:46,2026-08-28 16:54:46,DE,SaaS Platform,D,MED-001,Medora Cardio 10mg,Prescription,Medora,Pharmacy/B2B,9,43.0,EUR,0.0,387.0,387.0
TXN-DE-4-001170,2026-08-28 07:27:08,2026-08-28 07:29:08,DE,SaaS Platform,D,MED-002,Medora Derm Cream,Prescription,Medora,Wholesale,7,26.0,EUR,0.0,182.0,182.0
TXN-DE-4-001171,2026-08-28 01:39:03,2026-08-28 01:40:03,DE,SaaS Platform,D,SAN-001,SanaPlus PainRelief,OTC,SanaPlus,Wholesale,3,9.5,EUR,0.2,28.5,22.8
TXN-DE-4-001172,2026-08-28 02:06:36,2026-08-28 02:08:36,DE,SaaS Platform,D,PUR-002,PureLife BP Monitor,Medical Device,PureLife,Wholesale,10,90.0,EUR,0.1,900.0,810.0
TXN-DE-4-001173,2026-08-28 19:38:21,2026-08-28 19:41:21,DE,SaaS Platform,D,PUR-002,PureLife BP Monitor,Medical Device,PureLife,E-commerce,12,90.0,EUR,0.2,1080.0,864.0
TXN-DE-4-001174,2026-08-28 16:59:20,2026-08-28 17:04:20,DE,SaaS Platform,D,DER-001,Dermacare GlowSerum,Aesthetic,Dermacare,Wholesale,8,32.0,EUR,0.0,256.0,256.0
TXN-DE-4-001175,2026-08-28 14:23:57,2026-08-28 14:24:57,DE,SaaS Platform,D,MED-002,Medora Derm Cream,Prescription,Medora,D2C,4,26.0,EUR,0.0,104.0,104.0
TXN-DE-4-001176,2026-08-28 03:45:14,2026-08-28 03:47:14,DE,SaaS Platform,D,SAN-002,SanaPlus ColdFlu,OTC,SanaPlus,D2C,5,10.5,EUR,0.0,52.5,52.5
TXN-DE-4-001177,2026-08-28 17:06:03,2026-08-28 17:10:03,DE,SaaS Platform,D,PUR-001,PureLife GlucoMonitor,Medical Device,PureLife,Pharmacy/B2B,8,85.0,EUR,0.0,680.0,680.0
TXN-DE-4-001178,2026-08-28 02:15:54,2026-08-28 02:19:54,DE,SaaS Platform,D,SAN-001,SanaPlus PainRelief,OTC,SanaPlus,Wholesale,12,9.5,EUR,0.0,114.0,114.0
TXN-DE-4-001179,2026-08-28 06:56:20,2026-08-28 07:02:20,DE,SaaS Platform,D,PUR-002,PureLife BP Monitor,Medical Device,PureLife,Pharmacy/B2B,12,90.0,EUR,0.15,1080.0,918.0
TXN-DE-4-001180,2026-08-28 23:29:08,2026-08-28 23:33:08,DE,SaaS Platform,D,SAN-002,SanaPlus ColdFlu,OTC,SanaPlus,D2C,4,10.5,EUR,0.0,42.0,42.0
TXN-DE-4-001181,2026-08-28 17:55:00,2026-08-28 18:00:00,DE,SaaS Platform,D,SAN-002,SanaPlus ColdFlu,OTC,SanaPlus,E-commerce,6,10.5,EUR,0.0,63.0,63.0
TXN-DE-4-001182,2026-08-28 13:47:07,2026-08-28 13:51:07,DE,SaaS Platform,D,MED-001,Medora Cardio 10mg,Prescription,Medora,Wholesale,12,43.0,EUR,0.15,516.0,438.6
TXN-DE-4-001183,2026-08-28 08:24:41,2026-08-28 08:27:41,DE,SaaS Platform,D,MED-001,Medora Cardio 10mg,Prescription,Medora,Wholesale,11,43.0,EUR,0.1,473.0,425.7
TXN-DE-4-001184,2026-08-28 22:36:40,2026-08-28 22:42:40,DE,SaaS Platform,D,VIT-002,Vitalis Multivit,Supplement,Vitalis,Pharmacy/B2B,4,17.0,EUR,0.0,68.0,68.0
TXN-DE-4-001185,2026-08-28 04:49:46,2026-08-28 04:50:46,DE,SaaS Platform,D,VIT-002,Vitalis Multivit,Supplement,Vitalis,Wholesale,5,17.0,EUR,0.0,85.0,85.0
TXN-DE-4-001186,2026-08-28 00:19:38,2026-08-28 00:25:38,DE,SaaS Platform,D,PUR-002,PureLife BP Monitor,Medical Device,PureLife,Pharmacy/B2B,5,90.0,EUR,0.0,450.0,450.0
TXN-DE-4-001187,2026-08-28 20:55:21,2026-08-28 21:01:21,DE,SaaS Platform,D,PUR-001,PureLife GlucoMonitor,Medical Device,PureLife,E-commerce,12,85.0,EUR,0.0,1020.0,1020.0
TXN-DE-4-001188,2026-08-28 16:57:57,2026-08-28 16:58:57,DE,SaaS Platform,D,MED-002,Medora Derm Cream,Prescription,Medora,E-commerce,5,26.0,EUR,0.1,130.0,117.0
TXN-DE-4-001189,2026-08-28 13:13:59,2026-08-28 13:18:59,DE,SaaS Platform,D,VIT-001,Vitalis C1000,Supplement,Vitalis,E-commerce,10,21.0,EUR,0.0,210.0,210.0
TXN-DE-4-001190,2026-08-28 01:19:30,2026-08-28 01:21:30,DE,SaaS Platform,D,PUR-001,PureLife GlucoMonitor,Medical Device,PureLife,E-commerce,7,85.0,EUR,0.1,595.0,535.5
TXN-DE-4-001191,2026-08-28 18:25:24,2026-08-28 18:28:24,DE,SaaS Platform,D,DER-002,Dermacare LiftCream,Aesthetic,Dermacare,E-commerce,11,37.0,EUR,0.2,407.0,325.6
TXN-DE-4-001192,2026-08-28 19:56:48,2026-08-28 19:57:48,DE,SaaS Platform,D,MED-002,Medora Derm Cream,Prescription,Medora,Wholesale,9,26.0,EUR,0.0,234.0,234.0
TXN-DE-4-001193,2026-08-28 16:27:05,2026-08-28 16:32:05,DE,SaaS Platform,D,DER-001,Dermacare GlowSerum,Aesthetic,Dermacare,D2C,9,32.0,EUR,0.05,288.0,273.6
TXN-DE-4-001194,2026-08-28 07:10:52,2026-08-28 07:16:52,DE,SaaS Platform,D,DER-002,Dermacare LiftCream,Aesthetic,Dermacare,Pharmacy/B2B,5,37.0,EUR,0.15,185.0,157.25
TXN-DE-4-001195,2026-08-28 22:50:27,2026-08-28 22:55:27,DE,SaaS Platform,D,VIT-002,Vitalis Multivit,Supplement,Vitalis,E-commerce,6,17.0,EUR,0.15,102.0,86.7
TXN-DE-4-001196,2026-08-28 13:51:22,2026-08-28 13:54:22,DE,SaaS Platform,D,DER-002,Dermacare LiftCream,Aesthetic,Dermacare,Wholesale,3,37.0,EUR,0.1,111.0,99.9
TXN-DE-4-001197,2026-08-28 09:49:06,2026-08-28 09:52:06,DE,SaaS Platform,D,SAN-001,SanaPlus PainRelief,OTC,SanaPlus,D2C,7,9.5,EUR,0.0,66.5,66.5
TXN-DE-4-001198,2026-08-28 22:00:16,2026-08-28 22:03:16,DE,SaaS Platform,D,SAN-001,SanaPlus PainRelief,OTC,SanaPlus,Wholesale,8,9.5,EUR,0.15,76.0,64.6
TXN-DE-4-001199,2026-08-28 12:38:35,2026-08-28 12:41:35,DE,SaaS Platform,D,MED-001,Medora Cardio 10mg,Prescription,Medora,Wholesale,3,43.0,EUR,0.05,129.0,122.55
TXN-DE-4-001200,2026-08-28 03:48:34,2026-08-28 03:51:34,DE,SaaS Platform,D,MED-001,Medora Cardio 10mg,Prescription,Medora,D2C,5,43.0,EUR,0.1,215.0,193.5
TXN-DE-4-001201,2026-08-28 11:49:20,2026-08-28 11:55:20,DE,SaaS Platform,D,MED-001,Medora Cardio 10mg,Prescription,Medora,E-commerce,12,43.0,EUR,0.0,516.0,516.0
TXN-DE-4-001202,2026-08-28 11:29:27,2026-08-28 11:32:27,DE,SaaS Platform,D,SAN-002,SanaPlus ColdFlu,OTC,SanaPlus,Pharmacy/B2B,4,10.5,EUR,0.0,42.0,42.0
TXN-DE-4-001203,2026-08-28 20:27:43,2026-08-28 20:32:43,DE,SaaS Platform,D,VIT-001,Vitalis C1000,Supplement,Vitalis,E-commerce,4,21.0,EUR,0.2,84.0,67.2
TXN-DE-4-001204,2026-08-28 03:43:56,2026-08-28 03:49:56,DE,SaaS Platform,D,PUR-002,PureLife BP Monitor,Medical Device,PureLife,Wholesale,2,90.0,EUR,0.0,180.0,180.0
TXN-DE-4-001205,2026-08-28 13:28:22,2026-08-28 13:29:22,DE,SaaS Platform,D,MED-001,Medora Cardio 10mg,Prescription,Medora,Wholesale,11,43.0,EUR,0.15,473.0,402.05
TXN-DE-4-001206,2026-08-28 00:44:39,2026-08-28 00:46:39,DE,SaaS Platform,D,VIT-002,Vitalis Multivit,Supplement,Vitalis,Pharmacy/B2B,12,17.0,EUR,0.0,204.0,204.0
TXN-DE-4-001207,2026-08-28 17:09:10,2026-08-28 17:12:10,DE,SaaS Platform,D,PUR-001,PureLife GlucoMonitor,Medical Device,PureLife,E-commerce,9,85.0,EUR,0.0,765.0,765.0
TXN-DE-4-001208,2026-08-28 04:28:57,2026-08-28 04:34:57,DE,SaaS Platform,D,MED-001,Medora Cardio 10mg,Prescription,Medora,D2C,6,43.0,EUR,0.0,258.0,258.0
TXN-DE-4-001209,2026-08-28 09:23:54,2026-08-28 09:29:54,DE,SaaS Platform,D,SAN-001,SanaPlus PainRelief,OTC,SanaPlus,Wholesale,2,9.5,EUR,0.05,19.0,18.05
TXN-DE-4-001210,2026-08-28 03:31:42,2026-08-28 03:34:42,DE,SaaS Platform,D,DER-002,Dermacare LiftCream,Aesthetic,Dermacare,D2C,3,37.0,EUR,0.05,111.0,105.45
TXN-DE-4-001211,2026-08-28 13:15:54,2026-08-28 13:21:54,DE,SaaS Platform,D,DER-001,Dermacare GlowSerum,Aesthetic,Dermacare,Pharmacy/B2B,9,32.0,EUR,0.0,288.0,288.0
TXN-DE-4-001212,2026-08-28 01:47:28,2026-08-28 01:52:28,DE,SaaS Platform,D,MED-002,Medora Derm Cream,Prescription,Medora,E-commerce,11,26.0,EUR,0.05,286.0,271.7
TXN-DE-4-001213,2026-08-28 06:03:14,2026-08-28 06:06:14,DE,SaaS Platform,D,DER-001,Dermacare GlowSerum,Aesthetic,Dermacare,D2C,11,32.0,EUR,0.15,352.0,299.2
TXN-DE-4-001214,2026-08-28 20:22:26,2026-08-28 20:28:26,DE,SaaS Platform,D,MED-002,Medora Derm Cream,Prescription,Medora,E-commerce,7,26.0,EUR,0.1,182.0,163.8
TXN-DE-4-001215,2026-08-28 17:04:01,2026-08-28 17:08:01,DE,SaaS Platform,D,MED-001,Medora Cardio 10mg,Prescription,Medora,E-commerce,12,43.0,EUR,0.0,516.0,516.0
TXN-DE-4-001216,2026-08-28 11:04:55,2026-08-28 11:10:55,DE,SaaS Platform,D,DER-001,Dermacare GlowSerum,Aesthetic,Dermacare,Pharmacy/B2B,5,32.0,EUR,0.0,160.0,160.0
TXN-DE-4-001217,2026-08-28 01:10:37,2026-08-28 01:16:37,DE,SaaS Platform,D,MED-002,Medora Derm Cream,Prescription,Medora,E-commerce,8,26.0,EUR,0.05,208.0,197.6
TXN-DE-4-001218,2026-08-28 23:15:25,2026-08-28 23:21:25,DE,SaaS Platform,D,DER-002,Dermacare LiftCream,Aesthetic,Dermacare,Wholesale,3,37.0,EUR,0.15,111.0,94.35
TXN-DE-4-001219,2026-08-28 22:08:21,2026-08-28 22:12:21,DE,SaaS Platform,D,VIT-002,Vitalis Multivit,Supplement,Vitalis,Wholesale,2,17.0,EUR,0.05,34.0,32.3
TXN-DE-4-001220,2026-08-28 04:35:17,2026-08-28 04:40:17,DE,SaaS Platform,D,PUR-002,PureLife BP Monitor,Medical Device,PureLife,Wholesale,10,90.0,EUR,0.05,900.0,855.0
TXN-DE-4-001221,2026-08-28 06:32:31,2026-08-28 06:35:31,DE,SaaS Platform,D,DER-002,Dermacare LiftCream,Aesthetic,Dermacare,E-commerce,11,37.0,EUR,0.2,407.0,325.6
TXN-DE-4-001222,2026-08-28 12:07:11,2026-08-28 12:13:11,DE,SaaS Platform,D,MED-002,Medora Derm Cream,Prescription,Medora,D2C,1,26.0,EUR,0.15,26.0,22.1
TXN-DE-4-001223,2026-08-28 16:27:38,2026-08-28 16:31:38,DE,SaaS Platform,D,VIT-001,Vitalis C1000,Supplement,Vitalis,Wholesale,8,21.0,EUR,0.2,168.0,134.4
TXN-DE-4-001224,2026-08-28 04:07:37,2026-08-28 04:08:37,DE,SaaS Platform,D,PUR-001,PureLife GlucoMonitor,Medical Device,PureLife,D2C,7,85.0,EUR,0.0,595.0,595.0
TXN-DE-4-001225,2026-08-28 13:32:58,2026-08-28 13:36:58,DE,SaaS Platform,D,DER-001,Dermacare GlowSerum,Aesthetic,Dermacare,E-commerce,6,32.0,EUR,0.05,192.0,182.4
TXN-DE-4-001226,2026-08-28 10:09:42,2026-08-28 10:14:42,DE,SaaS Platform,D,MED-001,Medora Cardio 10mg,Prescription,Medora,Pharmacy/B2B,7,43.0,EUR,0.0,301.0,301.0
TXN-DE-4-001227,2026-08-28 15:41:24,2026-08-28 15:46:24,DE,SaaS Platform,D,PUR-001,PureLife GlucoMonitor,Medical Device,PureLife,Wholesale,6,85.0,EUR,0.2,510.0,408.0
TXN-DE-4-001228,2026-08-28 21:21:04,2026-08-28 21:25:04,DE,SaaS Platform,D,PUR-002,PureLife BP Monitor,Medical Device,PureLife,Pharmacy/B2B,3,90.0,EUR,0.0,270.0,270.0
TXN-DE-4-001229,2026-08-28 20:39:34,2026-08-28 20:42:34,DE,SaaS Platform,D,VIT-002,Vitalis Multivit,Supplement,Vitalis,Pharmacy/B2B,2,17.0,EUR,0.05,34.0,32.3
TXN-DE-4-001230,2026-08-28 05:32:59,2026-08-28 05:33:59,DE,SaaS Platform,D,SAN-001,SanaPlus PainRelief,OTC,SanaPlus,D2C,9,9.5,EUR,0.05,85.5,81.22
TXN-DE-4-001231,2026-08-28 15:49:04,2026-08-28 15:50:04,DE,SaaS Platform,D,PUR-001,PureLife GlucoMonitor,Medical Device,PureLife,E-commerce,8,85.0,EUR,0.0,680.0,680.0
TXN-DE-4-001232,2026-08-28 09:46:57,2026-08-28 09:52:57,DE,SaaS Platform,D,VIT-002,Vitalis Multivit,Supplement,Vitalis,Pharmacy/B2B,5,17.0,EUR,0.0,85.0,85.0
TXN-DE-4-001233,2026-08-28 13:37:10,2026-08-28 13:38:10,DE,SaaS Platform,D,DER-001,Dermacare GlowSerum,Aesthetic,Dermacare,Pharmacy/B2B,5,32.0,EUR,0.1,160.0,144.0
TXN-DE-4-001234,2026-08-28 15:18:29,2026-08-28 15:20:29,DE,SaaS Platform,D,PUR-002,PureLife BP Monitor,Medical Device,PureLife,Wholesale,11,90.0,EUR,0.15,990.0,841.5
TXN-DE-4-001235,2026-08-28 04:32:56,2026-08-28 04:33:56,DE,SaaS Platform,D,MED-001,Medora Cardio 10mg,Prescription,Medora,Wholesale,7,43.0,EUR,0.05,301.0,285.95
TXN-DE-4-001236,2026-08-28 09:00:08,2026-08-28 09:02:08,DE,SaaS Platform,D,MED-001,Medora Cardio 10mg,Prescription,Medora,Pharmacy/B2B,7,43.0,EUR,0.0,301.0,301.0
TXN-DE-4-001237,2026-08-28 02:30:02,2026-08-28 02:36:02,DE,SaaS Platform,D,PUR-002,PureLife BP Monitor,Medical Device,PureLife,D2C,5,90.0,EUR,0.05,450.0,427.5
TXN-DE-4-001238,2026-08-28 04:20:12,2026-08-28 04:23:12,DE,SaaS Platform,D,SAN-002,SanaPlus ColdFlu,OTC,SanaPlus,Wholesale,2,10.5,EUR,0.05,21.0,19.95
TXN-DE-4-001239,2026-08-28 05:23:58,2026-08-28 05:25:58,DE,SaaS Platform,D,MED-002,Medora Derm Cream,Prescription,Medora,Wholesale,12,26.0,EUR,0.1,312.0,280.8
TXN-DE-4-001240,2026-08-28 02:33:03,2026-08-28 02:39:03,DE,SaaS Platform,D,MED-001,Medora Cardio 10mg,Prescription,Medora,Pharmacy/B2B,9,43.0,EUR,0.1,387.0,348.3
TXN-DE-4-001241,2026-08-28 21:37:26,2026-08-28 21:39:26,DE,SaaS Platform,D,DER-001,Dermacare GlowSerum,Aesthetic,Dermacare,Wholesale,9,32.0,EUR,0.0,288.0,288.0
TXN-DE-4-001242,2026-08-28 17:00:00,2026-08-28 17:04:00,DE,SaaS Platform,D,VIT-002,Vitalis Multivit,Supplement,Vitalis,Wholesale,1,17.0,EUR,0.0,17.0,17.0
TXN-DE-4-001243,2026-08-28 02:52:31,2026-08-28 02:54:31,DE,SaaS Platform,D,VIT-001,Vitalis C1000,Supplement,Vitalis,E-commerce,9,21.0,EUR,0.2,189.0,151.2
TXN-DE-4-001244,2026-08-28 03:15:42,2026-08-28 03:17:42,DE,SaaS Platform,D,PUR-002,PureLife BP Monitor,Medical Device,PureLife,Pharmacy/B2B,11,90.0,EUR,0.2,990.0,792.0
TXN-DE-4-001245,2026-08-28 08:33:05,2026-08-28 08:37:05,DE,SaaS Platform,D,SAN-002,SanaPlus ColdFlu,OTC,SanaPlus,Wholesale,2,10.5,EUR,0.2,21.0,16.8
TXN-DE-4-001246,2026-08-28 13:40:21,2026-08-28 13:41:21,DE,SaaS Platform,D,VIT-002,Vitalis Multivit,Supplement,Vitalis,Pharmacy/B2B,11,17.0,EUR,0.0,187.0,187.0
TXN-DE-4-001247,2026-08-28 08:03:23,2026-08-28 08:07:23,DE,SaaS Platform,D,VIT-002,Vitalis Multivit,Supplement,Vitalis,Pharmacy/B2B,4,17.0,EUR,0.1,68.0,61.2
TXN-DE-4-001248,2026-08-28 19:34:56,2026-08-28 19:37:56,DE,SaaS Platform,D,PUR-002,PureLife BP Monitor,Medical Device,PureLife,D2C,10,90.0,EUR,0.1,900.0,810.0
TXN-DE-4-001249,2026-08-28 09:27:05,2026-08-28 09:32:05,DE,SaaS Platform,D,MED-002,Medora Derm Cream,Prescription,Medora,E-commerce,9,26.0,EUR,0.0,234.0,234.0
TXN-DE-4-001250,2026-08-28 09:52:11,2026-08-28 09:57:11,DE,SaaS Platform,D,PUR-001,PureLife GlucoMonitor,Medical Device,PureLife,E-commerce,3,85.0,EUR,0.05,255.0,242.25
TXN-DE-4-001251,2026-08-28 02:50:49,2026-08-28 02:52:49,DE,SaaS Platform,D,PUR-002,PureLife BP Monitor,Medical Device,PureLife,D2C,9,90.0,EUR,0.05,810.0,769.5
TXN-DE-4-001252,2026-08-28 15:27:03,2026-08-28 15:28:03,DE,SaaS Platform,D,SAN-001,SanaPlus PainRelief,OTC,SanaPlus,Pharmacy/B2B,1,9.5,EUR,0.15,9.5,8.07
TXN-DE-4-001253,2026-08-28 13:48:56,2026-08-28 13:52:56,DE,SaaS Platform,D,PUR-002,PureLife BP Monitor,Medical Device,PureLife,Wholesale,2,90.0,EUR,0.0,180.0,180.0
TXN-DE-4-001254,2026-08-28 18:26:23,2026-08-28 18:31:23,DE,SaaS Platform,D,VIT-002,Vitalis Multivit,Supplement,Vitalis,E-commerce,11,17.0,EUR,0.0,187.0,187.0
TXN-DE-4-001255,2026-08-28 07:10:28,2026-08-28 07:15:28,DE,SaaS Platform,D,PUR-002,PureLife BP Monitor,Medical Device,PureLife,Pharmacy/B2B,9,90.0,EUR,0.2,810.0,648.0
TXN-DE-4-001256,2026-08-28 19:03:14,2026-08-28 19:09:14,DE,SaaS Platform,D,SAN-002,SanaPlus ColdFlu,OTC,SanaPlus,Pharmacy/B2B,5,10.5,EUR,0.15,52.5,44.62
TXN-DE-4-001257,2026-08-28 16:02:14,2026-08-28 16:04:14,DE,SaaS Platform,D,DER-002,Dermacare LiftCream,Aesthetic,Dermacare,Wholesale,4,37.0,EUR,0.0,148.0,148.0
TXN-DE-4-001258,2026-08-28 05:46:46,2026-08-28 05:51:46,DE,SaaS Platform,D,PUR-001,PureLife GlucoMonitor,Medical Device,PureLife,D2C,9,85.0,EUR,0.0,765.0,765.0
TXN-DE-4-001259,2026-08-28 17:58:57,2026-08-28 18:04:57,DE,SaaS Platform,D,PUR-002,PureLife BP Monitor,Medical Device,PureLife,Wholesale,6,90.0,EUR,0.0,540.0,540.0
TXN-DE-4-001260,2026-08-28 16:27:45,2026-08-28 16:33:45,DE,SaaS Platform,D,PUR-002,PureLife BP Monitor,Medical Device,PureLife,D2C,3,90.0,EUR,0.05,270.0,256.5
TXN-DE-4-001261,2026-08-28 04:40:37,2026-08-28 04:43:37,DE,SaaS Platform,D,PUR-001,PureLife GlucoMonitor,Medical Device,PureLife,Pharmacy/B2B,1,85.0,EUR,0.0,85.0,85.0
TXN-DE-4-001262,2026-08-28 14:20:05,2026-08-28 14:25:05,DE,SaaS Platform,D,DER-002,Dermacare LiftCream,Aesthetic,Dermacare,Wholesale,12,37.0,EUR,0.05,444.0,421.8
TXN-DE-4-001263,2026-08-28 10:10:44,2026-08-28 10:13:44,DE,SaaS Platform,D,SAN-002,SanaPlus ColdFlu,OTC,SanaPlus,E-commerce,10,10.5,EUR,0.15,105.0,89.25
TXN-DE-4-001264,2026-08-28 12:25:06,2026-08-28 12:29:06,DE,SaaS Platform,D,MED-002,Medora Derm Cream,Prescription,Medora,Pharmacy/B2B,6,26.0,EUR,0.0,156.0,156.0
TXN-DE-4-001265,2026-08-28 16:03:14,2026-08-28 16:05:14,DE,SaaS Platform,D,VIT-002,Vitalis Multivit,Supplement,Vitalis,Wholesale,3,17.0,EUR,0.0,51.0,51.0
TXN-DE-4-001266,2026-08-28 06:20:40,2026-08-28 06:25:40,DE,SaaS Platform,D,SAN-001,SanaPlus PainRelief,OTC,SanaPlus,E-commerce,1,9.5,EUR,0.0,9.5,9.5
TXN-DE-4-001267,2026-08-28 00:19:36,2026-08-28 00:24:36,DE,SaaS Platform,D,SAN-002,SanaPlus ColdFlu,OTC,SanaPlus,E-commerce,10,10.5,EUR,0.2,105.0,84.0
TXN-DE-4-001268,2026-08-28 16:22:04,2026-08-28 16:28:04,DE,SaaS Platform,D,DER-001,Dermacare GlowSerum,Aesthetic,Dermacare,Pharmacy/B2B,4,32.0,EUR,0.0,128.0,128.0
TXN-DE-4-001269,2026-08-28 20:12:28,2026-08-28 20:16:28,DE,SaaS Platform,D,PUR-001,PureLife GlucoMonitor,Medical Device,PureLife,E-commerce,6,85.0,EUR,0.15,510.0,433.5
TXN-DE-4-001270,2026-08-28 09:22:52,2026-08-28 09:24:52,DE,SaaS Platform,D,VIT-002,Vitalis Multivit,Supplement,Vitalis,D2C,3,17.0,EUR,0.2,51.0,40.8
TXN-DE-4-001271,2026-08-28 16:14:17,2026-08-28 16:18:17,DE,SaaS Platform,D,VIT-001,Vitalis C1000,Supplement,Vitalis,E-commerce,7,21.0,EUR,0.0,147.0,147.0
TXN-DE-4-001272,2026-08-28 00:36:03,2026-08-28 00:41:03,DE,SaaS Platform,D,SAN-002,SanaPlus ColdFlu,OTC,SanaPlus,E-commerce,11,10.5,EUR,0.05,115.5,109.72
TXN-DE-4-001273,2026-08-28 11:33:01,2026-08-28 11:34:01,DE,SaaS Platform,D,MED-002,Medora Derm Cream,Prescription,Medora,D2C,4,26.0,EUR,0.15,104.0,88.4
TXN-DE-4-001274,2026-08-28 04:07:49,2026-08-28 04:11:49,DE,SaaS Platform,D,PUR-002,PureLife BP Monitor,Medical Device,PureLife,Pharmacy/B2B,2,90.0,EUR,0.15,180.0,153.0
TXN-DE-4-001275,2026-08-28 22:13:26,2026-08-28 22:16:26,DE,SaaS Platform,D,MED-002,Medora Derm Cream,Prescription,Medora,D2C,11,26.0,EUR,0.2,286.0,228.8
TXN-DE-4-001276,2026-08-28 20:27:34,2026-08-28 20:32:34,DE,SaaS Platform,D,VIT-002,Vitalis Multivit,Supplement,Vitalis,Pharmacy/B2B,1,17.0,EUR,0.2,17.0,13.6
TXN-DE-4-001277,2026-08-28 22:22:01,2026-08-28 22:25:01,DE,SaaS Platform,D,DER-001,Dermacare GlowSerum,Aesthetic,Dermacare,E-commerce,4,32.0,EUR,0.2,128.0,102.4
TXN-DE-4-001278,2026-08-28 03:23:33,2026-08-28 03:24:33,DE,SaaS Platform,D,MED-001,Medora Cardio 10mg,Prescription,Medora,Wholesale,5,43.0,EUR,0.2,215.0,172.0
TXN-DE-4-001279,2026-08-28 12:58:59,2026-08-28 13:04:59,DE,SaaS Platform,D,VIT-001,Vitalis C1000,Supplement,Vitalis,Pharmacy/B2B,6,21.0,EUR,0.05,126.0,119.7
TXN-DE-4-001280,2026-08-28 15:52:03,2026-08-28 15:55:03,DE,SaaS Platform,D,VIT-002,Vitalis Multivit,Supplement,Vitalis,Pharmacy/B2B,8,17.0,EUR,0.05,136.0,129.2
TXN-DE-4-001281,2026-08-28 16:03:48,2026-08-28 16:09:48,DE,SaaS Platform,D,PUR-002,PureLife BP Monitor,Medical Device,PureLife,Wholesale,9,90.0,EUR,0.0,810.0,810.0
TXN-DE-4-001282,2026-08-28 11:49:41,2026-08-28 11:54:41,DE,SaaS Platform,D,VIT-002,Vitalis Multivit,Supplement,Vitalis,E-commerce,3,17.0,EUR,0.1,51.0,45.9
TXN-DE-4-001283,2026-08-28 04:51:41,2026-08-28 04:55:41,DE,SaaS Platform,D,VIT-001,Vitalis C1000,Supplement,Vitalis,Wholesale,10,21.0,EUR,0.1,210.0,189.0
TXN-DE-4-001284,2026-08-28 08:31:28,2026-08-28 08:37:28,DE,SaaS Platform,D,DER-001,Dermacare GlowSerum,Aesthetic,Dermacare,D2C,12,32.0,EUR,0.15,384.0,326.4
TXN-DE-4-001285,2026-08-28 13:00:19,2026-08-28 13:06:19,DE,SaaS Platform,D,MED-002,Medora Derm Cream,Prescription,Medora,E-commerce,8,26.0,EUR,0.15,208.0,176.8
TXN-DE-4-001286,2026-08-28 21:41:24,2026-08-28 21:45:24,DE,SaaS Platform,D,DER-001,Dermacare GlowSerum,Aesthetic,Dermacare,Wholesale,6,32.0,EUR,0.0,192.0,192.0
TXN-DE-4-001287,2026-08-28 23:20:17,2026-08-28 23:22:17,DE,SaaS Platform,D,SAN-001,SanaPlus PainRelief,OTC,SanaPlus,Pharmacy/B2B,9,9.5,EUR,0.0,85.5,85.5
TXN-DE-4-001288,2026-08-28 03:13:57,2026-08-28 03:18:57,DE,SaaS Platform,D,VIT-001,Vitalis C1000,Supplement,Vitalis,Pharmacy/B2B,3,21.0,EUR,0.05,63.0,59.85
TXN-DE-4-001289,2026-08-28 01:30:36,2026-08-28 01:36:36,DE,SaaS Platform,D,MED-001,Medora Cardio 10mg,Prescription,Medora,D2C,12,43.0,EUR,0.2,516.0,412.8
TXN-DE-4-001290,2026-08-28 07:25:30,2026-08-28 07:27:30,DE,SaaS Platform,D,DER-001,Dermacare GlowSerum,Aesthetic,Dermacare,D2C,8,32.0,EUR,0.2,256.0,204.8
TXN-DE-4-001291,2026-08-28 11:16:35,2026-08-28 11:22:35,DE,SaaS Platform,D,SAN-002,SanaPlus ColdFlu,OTC,SanaPlus,Pharmacy/B2B,7,10.5,EUR,0.2,73.5,58.8
TXN-DE-4-001292,2026-08-28 21:49:57,2026-08-28 21:52:57,DE,SaaS Platform,D,SAN-002,SanaPlus ColdFlu,OTC,SanaPlus,D2C,10,10.5,EUR,0.0,105.0,105.0
TXN-DE-4-001293,2026-08-28 15:37:04,2026-08-28 15:39:04,DE,SaaS Platform,D,VIT-002,Vitalis Multivit,Supplement,Vitalis,D2C,4,17.0,EUR,0.0,68.0,68.0
TXN-DE-4-001294,2026-08-28 04:32:38,2026-08-28 04:36:38,DE,SaaS Platform,D,DER-002,Dermacare LiftCream,Aesthetic,Dermacare,D2C,3,37.0,EUR,0.2,111.0,88.8
TXN-DE-4-001295,2026-08-28 22:22:59,2026-08-28 22:26:59,DE,SaaS Platform,D,SAN-002,SanaPlus ColdFlu,OTC,SanaPlus,D2C,6,10.5,EUR,0.15,63.0,53.55
TXN-DE-4-001296,2026-08-28 13:41:46,2026-08-28 13:46:46,DE,SaaS Platform,D,DER-002,Dermacare LiftCream,Aesthetic,Dermacare,D2C,9,37.0,EUR,0.15,333.0,283.05
TXN-DE-4-001297,2026-08-28 14:07:54,2026-08-28 14:12:54,DE,SaaS Platform,D,MED-001,Medora Cardio 10mg,Prescription,Medora,E-commerce,5,43.0,EUR,0.15,215.0,182.75
TXN-DE-4-001298,2026-08-28 12:50:40,2026-08-28 12:51:40,DE,SaaS Platform,D,PUR-001,PureLife GlucoMonitor,Medical Device,PureLife,D2C,11,85.0,EUR,0.0,935.0,935.0
TXN-DE-4-001299,2026-08-28 22:46:04,2026-08-28 22:52:04,DE,SaaS Platform,D,DER-002,Dermacare LiftCream,Aesthetic,Dermacare,E-commerce,4,37.0,EUR,0.05,148.0,140.6
TXN-DE-4-001300,2026-08-28 16:14:32,2026-08-28 16:18:32,DE,SaaS Platform,D,DER-001,Dermacare GlowSerum,Aesthetic,Dermacare,Wholesale,11,32.0,EUR,0.0,352.0,352.0
TXN-DE-4-001301,2026-08-28 07:17:57,2026-08-28 07:23:57,DE,SaaS Platform,D,PUR-002,PureLife BP Monitor,Medical Device,PureLife,D2C,10,90.0,EUR,0.0,900.0,900.0
TXN-DE-4-001302,2026-08-28 06:35:53,2026-08-28 06:41:53,DE,SaaS Platform,D,MED-001,Medora Cardio 10mg,Prescription,Medora,Wholesale,10,43.0,EUR,0.0,430.0,430.0
TXN-DE-4-001303,2026-08-28 15:27:56,2026-08-28 15:28:56,DE,SaaS Platform,D,MED-002,Medora Derm Cream,Prescription,Medora,D2C,8,26.0,EUR,0.0,208.0,208.0
TXN-DE-4-001304,2026-08-28 08:27:48,2026-08-28 08:29:48,DE,SaaS Platform,D,PUR-002,PureLife BP Monitor,Medical Device,PureLife,Pharmacy/B2B,2,90.0,EUR,0.0,180.0,180.0
TXN-DE-4-001305,2026-08-28 10:02:26,2026-08-28 10:03:26,DE,SaaS Platform,D,MED-002,Medora Derm Cream,Prescription,Medora,Pharmacy/B2B,6,26.0,EUR,0.0,156.0,156.0
TXN-DE-4-001306,2026-08-28 05:57:18,2026-08-28 05:58:18,DE,SaaS Platform,D,MED-002,Medora Derm Cream,Prescription,Medora,Wholesale,5,26.0,EUR,0.05,130.0,123.5
TXN-DE-4-001307,2026-08-28 03:23:38,2026-08-28 03:25:38,DE,SaaS Platform,D,SAN-001,SanaPlus PainRelief,OTC,SanaPlus,D2C,11,9.5,EUR,0.05,104.5,99.27
TXN-DE-4-001308,2026-08-28 18:11:04,2026-08-28 18:17:04,DE,SaaS Platform,D,MED-002,Medora Derm Cream,Prescription,Medora,D2C,1,26.0,EUR,0.05,26.0,24.7
TXN-DE-4-001309,2026-08-28 10:13:14,2026-08-28 10:14:14,DE,SaaS Platform,D,DER-002,Dermacare LiftCream,Aesthetic,Dermacare,D2C,2,37.0,EUR,0.0,74.0,74.0
TXN-DE-4-001310,2026-08-28 11:17:07,2026-08-28 11:20:07,DE,SaaS Platform,D,SAN-001,SanaPlus PainRelief,OTC,SanaPlus,Wholesale,12,9.5,EUR,0.2,114.0,91.2
TXN-DE-4-001311,2026-08-28 20:32:29,2026-08-28 20:35:29,DE,SaaS Platform,D,VIT-001,Vitalis C1000,Supplement,Vitalis,D2C,11,21.0,EUR,0.15,231.0,196.35
TXN-DE-4-001312,2026-08-28 02:45:10,2026-08-28 02:46:10,DE,SaaS Platform,D,MED-002,Medora Derm Cream,Prescription,Medora,Wholesale,11,26.0,EUR,0.0,286.0,286.0
TXN-DE-4-001313,2026-08-28 23:22:09,2026-08-28 23:23:09,DE,SaaS Platform,D,MED-002,Medora Derm Cream,Prescription,Medora,E-commerce,3,26.0,EUR,0.0,78.0,78.0
TXN-DE-4-001314,2026-08-28 05:15:51,2026-08-28 05:18:51,DE,SaaS Platform,D,MED-002,Medora Derm Cream,Prescription,Medora,E-commerce,7,26.0,EUR,0.15,182.0,154.7
TXN-DE-4-001315,2026-08-28 02:03:34,2026-08-28 02:04:34,DE,SaaS Platform,D,SAN-001,SanaPlus PainRelief,OTC,SanaPlus,D2C,7,9.5,EUR,0.1,66.5,59.85
TXN-DE-4-001316,2026-08-28 06:15:52,2026-08-28 06:19:52,DE,SaaS Platform,D,DER-001,Dermacare GlowSerum,Aesthetic,Dermacare,D2C,1,32.0,EUR,0.2,32.0,25.6
TXN-DE-4-001317,2026-08-28 01:33:58,2026-08-28 01:39:58,DE,SaaS Platform,D,DER-001,Dermacare GlowSerum,Aesthetic,Dermacare,E-commerce,5,32.0,EUR,0.0,160.0,160.0
TXN-DE-4-001318,2026-08-28 11:36:00,2026-08-28 11:37:00,DE,SaaS Platform,D,PUR-002,PureLife BP Monitor,Medical Device,PureLife,D2C,8,90.0,EUR,0.05,720.0,684.0
TXN-DE-4-001319,2026-08-28 02:40:06,2026-08-28 02:41:06,DE,SaaS Platform,D,DER-001,Dermacare GlowSerum,Aesthetic,Dermacare,D2C,4,32.0,EUR,0.2,128.0,102.4
TXN-DE-4-001320,2026-08-28 12:39:45,2026-08-28 12:40:45,DE,SaaS Platform,D,DER-002,Dermacare LiftCream,Aesthetic,Dermacare,Wholesale,1,37.0,EUR,0.1,37.0,33.3
TXN-DE-4-001321,2026-08-28 08:42:10,2026-08-28 08:46:10,DE,SaaS Platform,D,DER-002,Dermacare LiftCream,Aesthetic,Dermacare,E-commerce,1,37.0,EUR,0.2,37.0,29.6
TXN-DE-4-001322,2026-08-28 07:13:12,2026-08-28 07:19:12,DE,SaaS Platform,D,VIT-002,Vitalis Multivit,Supplement,Vitalis,E-commerce,11,17.0,EUR,0.05,187.0,177.65
TXN-DE-4-001323,2026-08-28 10:33:54,2026-08-28 10:35:54,DE,SaaS Platform,D,SAN-001,SanaPlus PainRelief,OTC,SanaPlus,D2C,10,9.5,EUR,0.0,95.0,95.0
TXN-DE-4-001324,2026-08-28 06:57:12,2026-08-28 07:02:12,DE,SaaS Platform,D,VIT-002,Vitalis Multivit,Supplement,Vitalis,D2C,9,17.0,EUR,0.0,153.0,153.0
TXN-DE-4-001325,2026-08-28 14:56:18,2026-08-28 14:57:18,DE,SaaS Platform,D,SAN-001,SanaPlus PainRelief,OTC,SanaPlus,E-commerce,6,9.5,EUR,0.0,57.0,57.0
TXN-DE-4-001326,2026-08-28 07:03:28,2026-08-28 07:09:28,DE,SaaS Platform,D,SAN-001,SanaPlus PainRelief,OTC,SanaPlus,D2C,8,9.5,EUR,0.05,76.0,72.2
TXN-DE-4-001327,2026-08-28 20:08:34,2026-08-28 20:11:34,DE,SaaS Platform,D,MED-001,Medora Cardio 10mg,Prescription,Medora,E-commerce,2,43.0,EUR,0.05,86.0,81.7
TXN-DE-4-001328,2026-08-28 13:21:59,2026-08-28 13:24:59,DE,SaaS Platform,D,VIT-001,Vitalis C1000,Supplement,Vitalis,E-commerce,12,21.0,EUR,0.05,252.0,239.4
TXN-DE-4-001329,2026-08-28 21:16:13,2026-08-28 21:18:13,DE,SaaS Platform,D,MED-002,Medora Derm Cream,Prescription,Medora,D2C,1,26.0,EUR,0.2,26.0,20.8
TXN-DE-4-001330,2026-08-28 12:21:44,2026-08-28 12:27:44,DE,SaaS Platform,D,MED-001,Medora Cardio 10mg,Prescription,Medora,D2C,4,43.0,EUR,0.0,172.0,172.0
TXN-DE-4-001331,2026-08-28 11:38:54,2026-08-28 11:39:54,DE,SaaS Platform,D,DER-002,Dermacare LiftCream,Aesthetic,Dermacare,D2C,6,37.0,EUR,0.1,222.0,199.8
TXN-DE-4-001332,2026-08-28 00:36:14,2026-08-28 00:38:14,DE,SaaS Platform,D,SAN-001,SanaPlus PainRelief,OTC,SanaPlus,D2C,9,9.5,EUR,0.0,85.5,85.5
TXN-DE-4-001333,2026-08-28 06:54:52,2026-08-28 06:57:52,DE,SaaS Platform,D,SAN-002,SanaPlus ColdFlu,OTC,SanaPlus,Wholesale,2,10.5,EUR,0.05,21.0,19.95
TXN-DE-4-001334,2026-08-28 18:37:40,2026-08-28 18:40:40,DE,SaaS Platform,D,MED-001,Medora Cardio 10mg,Prescription,Medora,D2C,10,43.0,EUR,0.2,430.0,344.0
TXN-DE-4-001335,2026-08-28 08:48:12,2026-08-28 08:53:12,DE,SaaS Platform,D,PUR-002,PureLife BP Monitor,Medical Device,PureLife,D2C,1,90.0,EUR,0.15,90.0,76.5
TXN-DE-4-001336,2026-08-28 22:20:52,2026-08-28 22:24:52,DE,SaaS Platform,D,DER-002,Dermacare LiftCream,Aesthetic,Dermacare,E-commerce,5,37.0,EUR,0.2,185.0,148.0
TXN-DE-4-001337,2026-08-28 11:10:15,2026-08-28 11:16:15,DE,SaaS Platform,D,SAN-002,SanaPlus ColdFlu,OTC,SanaPlus,Wholesale,4,10.5,EUR,0.15,42.0,35.7
TXN-DE-4-001338,2026-08-28 12:54:06,2026-08-28 12:59:06,DE,SaaS Platform,D,PUR-001,PureLife GlucoMonitor,Medical Device,PureLife,D2C,9,85.0,EUR,0.05,765.0,726.75
TXN-DE-4-001339,2026-08-28 12:56:18,2026-08-28 12:57:18,DE,SaaS Platform,D,DER-002,Dermacare LiftCream,Aesthetic,Dermacare,E-commerce,9,37.0,EUR,0.05,333.0,316.35
TXN-DE-4-001340,2026-08-28 10:19:56,2026-08-28 10:21:56,DE,SaaS Platform,D,SAN-002,SanaPlus ColdFlu,OTC,SanaPlus,D2C,6,10.5,EUR,0.15,63.0,53.55
TXN-DE-4-001341,2026-08-28 11:20:45,2026-08-28 11:26:45,DE,SaaS Platform,D,PUR-001,PureLife GlucoMonitor,Medical Device,PureLife,D2C,7,85.0,EUR,0.15,595.0,505.75
TXN-DE-4-001342,2026-08-28 12:05:02,2026-08-28 12:11:02,DE,SaaS Platform,D,MED-001,Medora Cardio 10mg,Prescription,Medora,E-commerce,6,43.0,EUR,0.05,258.0,245.1
TXN-DE-4-001343,2026-08-28 15:15:06,2026-08-28 15:20:06,DE,SaaS Platform,D,DER-001,Dermacare GlowSerum,Aesthetic,Dermacare,Pharmacy/B2B,8,32.0,EUR,0.0,256.0,256.0
TXN-DE-4-001344,2026-08-28 18:03:33,2026-08-28 18:05:33,DE,SaaS Platform,D,VIT-002,Vitalis Multivit,Supplement,Vitalis,Wholesale,8,17.0,EUR,0.05,136.0,129.2
TXN-DE-4-001345,2026-08-28 17:00:14,2026-08-28 17:03:14,DE,SaaS Platform,D,DER-002,Dermacare LiftCream,Aesthetic,Dermacare,D2C,3,37.0,EUR,0.0,111.0,111.0
TXN-DE-4-001346,2026-08-28 12:03:34,2026-08-28 12:06:34,DE,SaaS Platform,D,VIT-002,Vitalis Multivit,Supplement,Vitalis,E-commerce,6,17.0,EUR,0.05,102.0,96.9
TXN-DE-4-001347,2026-08-28 17:22:18,2026-08-28 17:25:18,DE,SaaS Platform,D,SAN-002,SanaPlus ColdFlu,OTC,SanaPlus,E-commerce,10,10.5,EUR,0.15,105.0,89.25
TXN-DE-4-001348,2026-08-28 16:05:21,2026-08-28 16:09:21,DE,SaaS Platform,D,PUR-001,PureLife GlucoMonitor,Medical Device,PureLife,Wholesale,5,85.0,EUR,0.2,425.0,340.0
TXN-DE-4-001349,2026-08-28 18:57:50,2026-08-28 19:02:50,DE,SaaS Platform,D,VIT-001,Vitalis C1000,Supplement,Vitalis,Pharmacy/B2B,10,21.0,EUR,0.0,210.0,210.0
TXN-DE-4-001350,2026-08-28 21:29:40,2026-08-28 21:35:40,DE,SaaS Platform,D,MED-002,Medora Derm Cream,Prescription,Medora,D2C,2,26.0,EUR,0.0,52.0,52.0
TXN-DE-4-001351,2026-08-28 11:54:50,2026-08-28 12:00:50,DE,SaaS Platform,D,PUR-001,PureLife GlucoMonitor,Medical Device,PureLife,E-commerce,7,85.0,EUR,0.0,595.0,595.0
TXN-DE-4-001352,2026-08-28 16:05:16,2026-08-28 16:10:16,DE,SaaS Platform,D,PUR-002,PureLife BP Monitor,Medical Device,PureLife,Pharmacy/B2B,12,90.0,EUR,0.1,1080.0,972.0
TXN-DE-4-001353,2026-08-28 02:45:21,2026-08-28 02:49:21,DE,SaaS Platform,D,MED-001,Medora Cardio 10mg,Prescription,Medora,D2C,7,43.0,EUR,0.0,301.0,301.0
TXN-DE-4-001354,2026-08-28 22:13:13,2026-08-28 22:16:13,DE,SaaS Platform,D,SAN-002,SanaPlus ColdFlu,OTC,SanaPlus,Wholesale,10,10.5,EUR,0.0,105.0,105.0
TXN-DE-4-001355,2026-08-28 03:43:43,2026-08-28 03:44:43,DE,SaaS Platform,D,DER-002,Dermacare LiftCream,Aesthetic,Dermacare,Pharmacy/B2B,6,37.0,EUR,0.1,222.0,199.8
TXN-DE-4-001356,2026-08-28 00:28:59,2026-08-28 00:33:59,DE,SaaS Platform,D,VIT-002,Vitalis Multivit,Supplement,Vitalis,D2C,9,17.0,EUR,0.2,153.0,122.4
TXN-DE-4-001357,2026-08-28 12:29:57,2026-08-28 12:31:57,DE,SaaS Platform,D,PUR-001,PureLife GlucoMonitor,Medical Device,PureLife,Pharmacy/B2B,7,85.0,EUR,0.0,595.0,595.0
TXN-DE-4-001358,2026-08-28 06:27:10,2026-08-28 06:33:10,DE,SaaS Platform,D,DER-002,Dermacare LiftCream,Aesthetic,Dermacare,Wholesale,11,37.0,EUR,0.2,407.0,325.6
TXN-DE-4-001359,2026-08-28 20:43:19,2026-08-28 20:45:19,DE,SaaS Platform,D,MED-002,Medora Derm Cream,Prescription,Medora,D2C,8,26.0,EUR,0.05,208.0,197.6
TXN-DE-4-001360,2026-08-28 12:18:00,2026-08-28 12:23:00,DE,SaaS Platform,D,PUR-001,PureLife GlucoMonitor,Medical Device,PureLife,Pharmacy/B2B,1,85.0,EUR,0.1,85.0,76.5
TXN-DE-4-001361,2026-08-28 10:37:04,2026-08-28 10:43:04,DE,SaaS Platform,D,PUR-001,PureLife GlucoMonitor,Medical Device,PureLife,Wholesale,11,85.0,EUR,0.1,935.0,841.5
TXN-DE-4-001362,2026-08-28 21:07:09,2026-08-28 21:12:09,DE,SaaS Platform,D,DER-002,Dermacare LiftCream,Aesthetic,Dermacare,Pharmacy/B2B,9,37.0,EUR,0.0,333.0,333.0
TXN-DE-4-001363,2026-08-28 05:40:24,2026-08-28 05:45:24,DE,SaaS Platform,D,PUR-002,PureLife BP Monitor,Medical Device,PureLife,Wholesale,4,90.0,EUR,0.05,360.0,342.0
TXN-DE-4-001364,2026-08-28 11:08:45,2026-08-28 11:12:45,DE,SaaS Platform,D,SAN-001,SanaPlus PainRelief,OTC,SanaPlus,Pharmacy/B2B,7,9.5,EUR,0.1,66.5,59.85
TXN-DE-4-001365,2026-08-28 02:58:30,2026-08-28 03:02:30,DE,SaaS Platform,D,VIT-001,Vitalis C1000,Supplement,Vitalis,D2C,5,21.0,EUR,0.0,105.0,105.0
TXN-DE-4-001366,2026-08-28 09:41:50,2026-08-28 09:43:50,DE,SaaS Platform,D,DER-001,Dermacare GlowSerum,Aesthetic,Dermacare,Pharmacy/B2B,7,32.0,EUR,0.1,224.0,201.6
TXN-DE-4-001367,2026-08-28 08:58:46,2026-08-28 09:02:46,DE,SaaS Platform,D,MED-002,Medora Derm Cream,Prescription,Medora,E-commerce,12,26.0,EUR,0.05,312.0,296.4
TXN-DE-4-001368,2026-08-28 12:46:53,2026-08-28 12:49:53,DE,SaaS Platform,D,VIT-001,Vitalis C1000,Supplement,Vitalis,Pharmacy/B2B,7,21.0,EUR,0.1,147.0,132.3
TXN-DE-4-001369,2026-08-28 09:44:47,2026-08-28 09:46:47,DE,SaaS Platform,D,DER-001,Dermacare GlowSerum,Aesthetic,Dermacare,D2C,2,32.0,EUR,0.05,64.0,60.8
TXN-DE-4-001370,2026-08-28 21:10:46,2026-08-28 21:11:46,DE,SaaS Platform,D,MED-001,Medora Cardio 10mg,Prescription,Medora,Wholesale,4,43.0,EUR,0.05,172.0,163.4
TXN-DE-4-001371,2026-08-28 04:33:56,2026-08-28 04:36:56,DE,SaaS Platform,D,SAN-002,SanaPlus ColdFlu,OTC,SanaPlus,E-commerce,3,10.5,EUR,0.0,31.5,31.5
TXN-DE-4-001372,2026-08-28 23:33:44,2026-08-28 23:38:44,DE,SaaS Platform,D,DER-002,Dermacare LiftCream,Aesthetic,Dermacare,E-commerce,6,37.0,EUR,0.0,222.0,222.0
TXN-DE-4-001373,2026-08-28 19:04:14,2026-08-28 19:08:14,DE,SaaS Platform,D,MED-002,Medora Derm Cream,Prescription,Medora,Pharmacy/B2B,2,26.0,EUR,0.15,52.0,44.2
TXN-DE-4-001374,2026-08-28 15:05:58,2026-08-28 15:09:58,DE,SaaS Platform,D,SAN-002,SanaPlus ColdFlu,OTC,SanaPlus,Wholesale,9,10.5,EUR,0.2,94.5,75.6
TXN-DE-4-001375,2026-08-28 18:10:40,2026-08-28 18:11:40,DE,SaaS Platform,D,SAN-001,SanaPlus PainRelief,OTC,SanaPlus,Pharmacy/B2B,4,9.5,EUR,0.0,38.0,38.0
TXN-DE-4-001376,2026-08-28 14:13:26,2026-08-28 14:18:26,DE,SaaS Platform,D,MED-001,Medora Cardio 10mg,Prescription,Medora,D2C,3,43.0,EUR,0.0,129.0,129.0
TXN-DE-4-001377,2026-08-28 19:42:14,2026-08-28 19:44:14,DE,SaaS Platform,D,MED-001,Medora Cardio 10mg,Prescription,Medora,D2C,8,43.0,EUR,0.05,344.0,326.8
TXN-DE-4-001378,2026-08-28 01:12:11,2026-08-28 01:13:11,DE,SaaS Platform,D,DER-002,Dermacare LiftCream,Aesthetic,Dermacare,D2C,1,37.0,EUR,0.0,37.0,37.0
TXN-DE-4-001379,2026-08-28 19:53:10,2026-08-28 19:56:10,DE,SaaS Platform,D,VIT-001,Vitalis C1000,Supplement,Vitalis,Wholesale,11,21.0,EUR,0.05,231.0,219.45
TXN-DE-4-001380,2026-08-28 20:07:34,2026-08-28 20:09:34,DE,SaaS Platform,D,VIT-001,Vitalis C1000,Supplement,Vitalis,E-commerce,3,21.0,EUR,0.05,63.0,59.85
TXN-DE-4-001381,2026-08-28 00:09:06,2026-08-28 00:10:06,DE,SaaS Platform,D,PUR-001,PureLife GlucoMonitor,Medical Device,PureLife,Wholesale,9,85.0,EUR,0.1,765.0,688.5
TXN-DE-4-001382,2026-08-28 18:43:47,2026-08-28 18:44:47,DE,SaaS Platform,D,MED-001,Medora Cardio 10mg,Prescription,Medora,Wholesale,5,43.0,EUR,0.05,215.0,204.25
TXN-DE-4-001383,2026-08-28 23:21:10,2026-08-28 23:27:10,DE,SaaS Platform,D,VIT-002,Vitalis Multivit,Supplement,Vitalis,Wholesale,4,17.0,EUR,0.0,68.0,68.0
TXN-DE-4-001384,2026-08-28 10:34:40,2026-08-28 10:37:40,DE,SaaS Platform,D,SAN-001,SanaPlus PainRelief,OTC,SanaPlus,Pharmacy/B2B,9,9.5,EUR,0.0,85.5,85.5
TXN-DE-4-001385,2026-08-28 09:04:08,2026-08-28 09:06:08,DE,SaaS Platform,D,SAN-002,SanaPlus ColdFlu,OTC,SanaPlus,Wholesale,7,10.5,EUR,0.0,73.5,73.5
TXN-DE-4-001386,2026-08-28 05:05:02,2026-08-28 05:07:02,DE,SaaS Platform,D,MED-001,Medora Cardio 10mg,Prescription,Medora,D2C,4,43.0,EUR,0.2,172.0,137.6
TXN-DE-4-001387,2026-08-28 03:14:48,2026-08-28 03:19:48,DE,SaaS Platform,D,DER-001,Dermacare GlowSerum,Aesthetic,Dermacare,Wholesale,7,32.0,EUR,0.0,224.0,224.0
TXN-DE-4-001388,2026-08-28 03:52:38,2026-08-28 03:55:38,DE,SaaS Platform,D,SAN-001,SanaPlus PainRelief,OTC,SanaPlus,D2C,10,9.5,EUR,0.2,95.0,76.0
TXN-DE-4-001389,2026-08-28 03:52:04,2026-08-28 03:54:04,DE,SaaS Platform,D,SAN-001,SanaPlus PainRelief,OTC,SanaPlus,D2C,11,9.5,EUR,0.1,104.5,94.05
TXN-DE-4-001390,2026-08-28 13:43:14,2026-08-28 13:45:14,DE,SaaS Platform,D,DER-001,Dermacare GlowSerum,Aesthetic,Dermacare,D2C,10,32.0,EUR,0.05,320.0,304.0
TXN-DE-4-001391,2026-08-28 06:27:32,2026-08-28 06:30:32,DE,SaaS Platform,D,PUR-002,PureLife BP Monitor,Medical Device,PureLife,Wholesale,4,90.0,EUR,0.1,360.0,324.0
TXN-DE-4-001392,2026-08-28 16:29:35,2026-08-28 16:35:35,DE,SaaS Platform,D,SAN-002,SanaPlus ColdFlu,OTC,SanaPlus,Wholesale,7,10.5,EUR,0.0,73.5,73.5
TXN-DE-4-001393,2026-08-28 17:00:42,2026-08-28 17:05:42,DE,SaaS Platform,D,DER-001,Dermacare GlowSerum,Aesthetic,Dermacare,D2C,4,32.0,EUR,0.05,128.0,121.6
TXN-DE-4-001394,2026-08-28 19:05:53,2026-08-28 19:08:53,DE,SaaS Platform,D,MED-002,Medora Derm Cream,Prescription,Medora,Pharmacy/B2B,10,26.0,EUR,0.2,260.0,208.0
TXN-DE-4-001395,2026-08-28 12:35:32,2026-08-28 12:38:32,DE,SaaS Platform,D,PUR-001,PureLife GlucoMonitor,Medical Device,PureLife,Wholesale,1,85.0,EUR,0.0,85.0,85.0
TXN-DE-4-001396,2026-08-28 07:29:30,2026-08-28 07:35:30,DE,SaaS Platform,D,MED-001,Medora Cardio 10mg,Prescription,Medora,E-commerce,3,43.0,EUR,0.2,129.0,103.2
TXN-DE-4-001397,2026-08-28 23:59:23,2026-08-29 00:04:23,DE,SaaS Platform,D,DER-002,Dermacare LiftCream,Aesthetic,Dermacare,D2C,10,37.0,EUR,0.05,370.0,351.5
TXN-DE-4-001398,2026-08-28 02:36:44,2026-08-28 02:38:44,DE,SaaS Platform,D,PUR-002,PureLife BP Monitor,Medical Device,PureLife,Wholesale,12,90.0,EUR,0.0,1080.0,1080.0
TXN-DE-4-001399,2026-08-28 07:11:35,2026-08-28 07:12:35,DE,SaaS Platform,D,MED-002,Medora Derm Cream,Prescription,Medora,E-commerce,7,26.0,EUR,0.2,182.0,145.6
TXN-DE-4-001400,2026-08-28 07:47:18,2026-08-28 07:50:18,DE,SaaS Platform,D,VIT-002,Vitalis Multivit,Supplement,Vitalis,D2C,7,17.0,EUR,0.0,119.0,119.0
TXN-DE-4-001401,2026-08-28 01:28:22,2026-08-28 01:31:22,DE,SaaS Platform,D,SAN-002,SanaPlus ColdFlu,OTC,SanaPlus,Pharmacy/B2B,4,10.5,EUR,0.05,42.0,39.9
TXN-DE-4-001402,2026-08-28 18:23:10,2026-08-28 18:29:10,DE,SaaS Platform,D,DER-001,Dermacare GlowSerum,Aesthetic,Dermacare,Pharmacy/B2B,2,32.0,EUR,0.0,64.0,64.0
TXN-DE-4-001403,2026-08-28 16:56:32,2026-08-28 16:59:32,DE,SaaS Platform,D,VIT-001,Vitalis C1000,Supplement,Vitalis,E-commerce,9,21.0,EUR,0.05,189.0,179.55
TXN-DE-4-001404,2026-08-28 04:42:33,2026-08-28 04:48:33,DE,SaaS Platform,D,SAN-001,SanaPlus PainRelief,OTC,SanaPlus,Pharmacy/B2B,9,9.5,EUR,0.0,85.5,85.5
TXN-DE-4-001405,2026-08-28 07:39:11,2026-08-28 07:40:11,DE,SaaS Platform,D,PUR-001,PureLife GlucoMonitor,Medical Device,PureLife,Pharmacy/B2B,2,85.0,EUR,0.0,170.0,170.0
TXN-DE-4-001406,2026-08-28 06:04:15,2026-08-28 06:05:15,DE,SaaS Platform,D,SAN-002,SanaPlus ColdFlu,OTC,SanaPlus,D2C,8,10.5,EUR,0.0,84.0,84.0
TXN-DE-4-001407,2026-08-28 10:02:37,2026-08-28 10:04:37,DE,SaaS Platform,D,SAN-002,SanaPlus ColdFlu,OTC,SanaPlus,E-commerce,1,10.5,EUR,0.2,10.5,8.4
TXN-DE-4-001408,2026-08-28 23:13:38,2026-08-28 23:17:38,DE,SaaS Platform,D,VIT-002,Vitalis Multivit,Supplement,Vitalis,Pharmacy/B2B,1,17.0,EUR,0.15,17.0,14.45
TXN-DE-4-001409,2026-08-28 18:56:27,2026-08-28 18:59:27,DE,SaaS Platform,D,DER-001,Dermacare GlowSerum,Aesthetic,Dermacare,Wholesale,6,32.0,EUR,0.2,192.0,153.6
TXN-DE-4-001410,2026-08-28 11:44:56,2026-08-28 11:48:56,DE,SaaS Platform,D,PUR-001,PureLife GlucoMonitor,Medical Device,PureLife,D2C,3,85.0,EUR,0.0,255.0,255.0
TXN-DE-4-001411,2026-08-28 17:57:23,2026-08-28 18:01:23,DE,SaaS Platform,D,PUR-001,PureLife GlucoMonitor,Medical Device,PureLife,Pharmacy/B2B,6,85.0,EUR,0.0,510.0,510.0
TXN-DE-4-001412,2026-08-28 00:04:43,2026-08-28 00:09:43,DE,SaaS Platform,D,PUR-002,PureLife BP Monitor,Medical Device,PureLife,D2C,2,90.0,EUR,0.0,180.0,180.0
TXN-DE-4-001413,2026-08-28 14:29:05,2026-08-28 14:34:05,DE,SaaS Platform,D,MED-002,Medora Derm Cream,Prescription,Medora,Pharmacy/B2B,4,26.0,EUR,0.1,104.0,93.6
TXN-DE-4-001414,2026-08-28 04:01:57,2026-08-28 04:02:57,DE,SaaS Platform,D,SAN-002,SanaPlus ColdFlu,OTC,SanaPlus,Pharmacy/B2B,11,10.5,EUR,0.1,115.5,103.95
TXN-DE-4-001415,2026-08-28 10:25:17,2026-08-28 10:31:17,DE,SaaS Platform,D,VIT-002,Vitalis Multivit,Supplement,Vitalis,E-commerce,4,17.0,EUR,0.15,68.0,57.8
TXN-DE-4-001416,2026-08-28 21:27:38,2026-08-28 21:33:38,DE,SaaS Platform,D,MED-001,Medora Cardio 10mg,Prescription,Medora,Wholesale,3,43.0,EUR,0.15,129.0,109.65
TXN-DE-4-001417,2026-08-28 09:19:25,2026-08-28 09:21:25,DE,SaaS Platform,D,PUR-001,PureLife GlucoMonitor,Medical Device,PureLife,Pharmacy/B2B,8,85.0,EUR,0.1,680.0,612.0
TXN-DE-4-001418,2026-08-28 13:43:18,2026-08-28 13:49:18,DE,SaaS Platform,D,DER-001,Dermacare GlowSerum,Aesthetic,Dermacare,Wholesale,8,32.0,EUR,0.0,256.0,256.0
TXN-DE-4-001419,2026-08-28 00:16:03,2026-08-28 00:19:03,DE,SaaS Platform,D,SAN-001,SanaPlus PainRelief,OTC,SanaPlus,D2C,1,9.5,EUR,0.15,9.5,8.07
TXN-DE-4-001420,2026-08-28 15:22:38,2026-08-28 15:23:38,DE,SaaS Platform,D,PUR-001,PureLife GlucoMonitor,Medical Device,PureLife,D2C,12,85.0,EUR,0.2,1020.0,816.0
TXN-DE-4-001421,2026-08-28 19:40:22,2026-08-28 19:43:22,DE,SaaS Platform,D,PUR-002,PureLife BP Monitor,Medical Device,PureLife,D2C,4,90.0,EUR,0.0,360.0,360.0
TXN-DE-4-001422,2026-08-28 01:17:38,2026-08-28 01:19:38,DE,SaaS Platform,D,VIT-001,Vitalis C1000,Supplement,Vitalis,D2C,7,21.0,EUR,0.05,147.0,139.65
TXN-DE-4-001423,2026-08-28 13:47:41,2026-08-28 13:53:41,DE,SaaS Platform,D,DER-002,Dermacare LiftCream,Aesthetic,Dermacare,Wholesale,10,37.0,EUR,0.0,370.0,370.0
TXN-DE-4-001424,2026-08-28 15:15:34,2026-08-28 15:18:34,DE,SaaS Platform,D,VIT-002,Vitalis Multivit,Supplement,Vitalis,D2C,6,17.0,EUR,0.15,102.0,86.7
TXN-DE-4-001425,2026-08-28 22:32:14,2026-08-28 22:35:14,DE,SaaS Platform,D,SAN-002,SanaPlus ColdFlu,OTC,SanaPlus,Pharmacy/B2B,5,10.5,EUR,0.0,52.5,52.5
TXN-DE-4-001426,2026-08-28 15:35:00,2026-08-28 15:37:00,DE,SaaS Platform,D,SAN-001,SanaPlus PainRelief,OTC,SanaPlus,Pharmacy/B2B,8,9.5,EUR,0.05,76.0,72.2
TXN-DE-4-001427,2026-08-28 10:55:25,2026-08-28 10:58:25,DE,SaaS Platform,D,PUR-002,PureLife BP Monitor,Medical Device,PureLife,Wholesale,1,90.0,EUR,0.05,90.0,85.5
TXN-DE-4-001428,2026-08-28 12:42:14,2026-08-28 12:43:14,DE,SaaS Platform,D,SAN-001,SanaPlus PainRelief,OTC,SanaPlus,D2C,4,9.5,EUR,0.0,38.0,38.0
TXN-DE-4-001429,2026-08-28 18:51:21,2026-08-28 18:53:21,DE,SaaS Platform,D,PUR-001,PureLife GlucoMonitor,Medical Device,PureLife,Wholesale,10,85.0,EUR,0.0,850.0,850.0
TXN-DE-4-001430,2026-08-28 06:28:01,2026-08-28 06:32:01,DE,SaaS Platform,D,PUR-002,PureLife BP Monitor,Medical Device,PureLife,D2C,11,90.0,EUR,0.2,990.0,792.0
TXN-DE-4-001431,2026-08-28 14:54:14,2026-08-28 14:55:14,DE,SaaS Platform,D,SAN-001,SanaPlus PainRelief,OTC,SanaPlus,E-commerce,9,9.5,EUR,0.0,85.5,85.5
TXN-DE-4-001432,2026-08-28 16:04:59,2026-08-28 16:08:59,DE,SaaS Platform,D,PUR-001,PureLife GlucoMonitor,Medical Device,PureLife,D2C,4,85.0,EUR,0.0,340.0,340.0
TXN-DE-4-001433,2026-08-28 22:05:42,2026-08-28 22:11:42,DE,SaaS Platform,D,MED-001,Medora Cardio 10mg,Prescription,Medora,E-commerce,9,43.0,EUR,0.05,387.0,367.65
TXN-DE-4-001434,2026-08-28 23:48:56,2026-08-28 23:49:56,DE,SaaS Platform,D,MED-002,Medora Derm Cream,Prescription,Medora,D2C,5,26.0,EUR,0.0,130.0,130.0
TXN-DE-4-001435,2026-08-28 13:48:11,2026-08-28 13:50:11,DE,SaaS Platform,D,PUR-002,PureLife BP Monitor,Medical Device,PureLife,D2C,7,90.0,EUR,0.0,630.0,630.0
TXN-DE-4-001436,2026-08-28 10:03:26,2026-08-28 10:06:26,DE,SaaS Platform,D,VIT-001,Vitalis C1000,Supplement,Vitalis,Wholesale,6,21.0,EUR,0.0,126.0,126.0
TXN-DE-4-001437,2026-08-28 22:45:09,2026-08-28 22:46:09,DE,SaaS Platform,D,DER-001,Dermacare GlowSerum,Aesthetic,Dermacare,Pharmacy/B2B,9,32.0,EUR,0.1,288.0,259.2
TXN-DE-4-001438,2026-08-28 18:07:44,2026-08-28 18:12:44,DE,SaaS Platform,D,MED-001,Medora Cardio 10mg,Prescription,Medora,E-commerce,4,43.0,EUR,0.0,172.0,172.0
TXN-DE-4-001439,2026-08-28 16:06:53,2026-08-28 16:10:53,DE,SaaS Platform,D,DER-002,Dermacare LiftCream,Aesthetic,Dermacare,Pharmacy/B2B,10,37.0,EUR,0.15,370.0,314.5
TXN-DE-4-001440,2026-08-28 01:34:03,2026-08-28 01:35:03,DE,SaaS Platform,D,MED-002,Medora Derm Cream,Prescription,Medora,Pharmacy/B2B,8,26.0,EUR,0.1,208.0,187.2
TXN-DE-4-001441,2026-08-28 19:06:41,2026-08-28 19:09:41,DE,SaaS Platform,D,MED-002,Medora Derm Cream,Prescription,Medora,E-commerce,10,26.0,EUR,0.2,260.0,208.0
TXN-DE-4-001442,2026-08-28 00:19:48,2026-08-28 00:23:48,DE,SaaS Platform,D,MED-002,Medora Derm Cream,Prescription,Medora,D2C,11,26.0,EUR,0.05,286.0,271.7
TXN-DE-4-001443,2026-08-28 00:18:49,2026-08-28 00:20:49,DE,SaaS Platform,D,DER-001,Dermacare GlowSerum,Aesthetic,Dermacare,Wholesale,1,32.0,EUR,0.1,32.0,28.8
TXN-DE-4-001444,2026-08-28 06:19:53,2026-08-28 06:22:53,DE,SaaS Platform,D,VIT-001,Vitalis C1000,Supplement,Vitalis,E-commerce,7,21.0,EUR,0.0,147.0,147.0
TXN-DE-4-001445,2026-08-28 20:21:52,2026-08-28 20:23:52,DE,SaaS Platform,D,PUR-002,PureLife BP Monitor,Medical Device,PureLife,E-commerce,11,90.0,EUR,0.0,990.0,990.0
TXN-DE-4-001446,2026-08-28 23:51:59,2026-08-28 23:55:59,DE,SaaS Platform,D,PUR-002,PureLife BP Monitor,Medical Device,PureLife,Wholesale,2,90.0,EUR,0.1,180.0,162.0
TXN-DE-4-001447,2026-08-28 20:29:01,2026-08-28 20:35:01,DE,SaaS Platform,D,PUR-001,PureLife GlucoMonitor,Medical Device,PureLife,Wholesale,12,85.0,EUR,0.15,1020.0,867.0
TXN-DE-4-001448,2026-08-28 02:37:17,2026-08-28 02:38:17,DE,SaaS Platform,D,SAN-001,SanaPlus PainRelief,OTC,SanaPlus,E-commerce,6,9.5,EUR,0.0,57.0,57.0
TXN-DE-4-001449,2026-08-28 23:46:09,2026-08-28 23:51:09,DE,SaaS Platform,D,DER-001,Dermacare GlowSerum,Aesthetic,Dermacare,E-commerce,12,32.0,EUR,0.2,384.0,307.2
TXN-DE-4-001450,2026-08-28 11:00:53,2026-08-28 11:01:53,DE,SaaS Platform,D,SAN-001,SanaPlus PainRelief,OTC,SanaPlus,E-commerce,7,9.5,EUR,0.15,66.5,56.52
TXN-DE-4-001451,2026-08-28 14:38:39,2026-08-28 14:41:39,DE,SaaS Platform,D,DER-002,Dermacare LiftCream,Aesthetic,Dermacare,Wholesale,11,37.0,EUR,0.0,407.0,407.0
TXN-DE-4-001452,2026-08-28 07:41:25,2026-08-28 07:43:25,DE,SaaS Platform,D,DER-002,Dermacare LiftCream,Aesthetic,Dermacare,Pharmacy/B2B,7,37.0,EUR,0.1,259.0,233.1
TXN-DE-4-001453,2026-08-28 02:59:30,2026-08-28 03:02:30,DE,SaaS Platform,D,VIT-002,Vitalis Multivit,Supplement,Vitalis,D2C,3,17.0,EUR,0.15,51.0,43.35
TXN-DE-4-001454,2026-08-28 08:14:39,2026-08-28 08:19:39,DE,SaaS Platform,D,DER-001,Dermacare GlowSerum,Aesthetic,Dermacare,E-commerce,12,32.0,EUR,0.05,384.0,364.8
TXN-DE-4-001455,2026-08-28 22:28:16,2026-08-28 22:33:16,DE,SaaS Platform,D,SAN-002,SanaPlus ColdFlu,OTC,SanaPlus,Pharmacy/B2B,10,10.5,EUR,0.0,105.0,105.0
TXN-DE-4-001456,2026-08-28 19:25:30,2026-08-28 19:28:30,DE,SaaS Platform,D,DER-001,Dermacare GlowSerum,Aesthetic,Dermacare,D2C,8,32.0,EUR,0.0,256.0,256.0
TXN-DE-4-001457,2026-08-28 01:20:09,2026-08-28 01:22:09,DE,SaaS Platform,D,SAN-002,SanaPlus ColdFlu,OTC,SanaPlus,D2C,12,10.5,EUR,0.1,126.0,113.4
TXN-DE-4-001458,2026-08-28 07:26:24,2026-08-28 07:30:24,DE,SaaS Platform,D,VIT-002,Vitalis Multivit,Supplement,Vitalis,D2C,5,17.0,EUR,0.15,85.0,72.25
TXN-DE-4-001459,2026-08-28 20:36:35,2026-08-28 20:39:35,DE,SaaS Platform,D,DER-002,Dermacare LiftCream,Aesthetic,Dermacare,Wholesale,4,37.0,EUR,0.0,148.0,148.0
TXN-DE-4-001460,2026-08-28 15:53:47,2026-08-28 15:59:47,DE,SaaS Platform,D,MED-001,Medora Cardio 10mg,Prescription,Medora,Wholesale,9,43.0,EUR,0.1,387.0,348.3
TXN-DE-4-001461,2026-08-28 20:29:35,2026-08-28 20:34:35,DE,SaaS Platform,D,DER-001,Dermacare GlowSerum,Aesthetic,Dermacare,E-commerce,5,32.0,EUR,0.0,160.0,160.0
TXN-DE-4-001462,2026-08-28 11:39:38,2026-08-28 11:42:38,DE,SaaS Platform,D,MED-001,Medora Cardio 10mg,Prescription,Medora,E-commerce,5,43.0,EUR,0.0,215.0,215.0
TXN-DE-4-001463,2026-08-28 09:29:50,2026-08-28 09:34:50,DE,SaaS Platform,D,PUR-002,PureLife BP Monitor,Medical Device,PureLife,E-commerce,10,90.0,EUR,0.0,900.0,900.0
TXN-DE-4-001464,2026-08-28 02:49:23,2026-08-28 02:50:23,DE,SaaS Platform,D,VIT-002,Vitalis Multivit,Supplement,Vitalis,E-commerce,3,17.0,EUR,0.1,51.0,45.9
TXN-DE-4-001465,2026-08-28 13:22:58,2026-08-28 13:25:58,DE,SaaS Platform,D,VIT-002,Vitalis Multivit,Supplement,Vitalis,D2C,10,17.0,EUR,0.1,170.0,153.0
TXN-DE-4-001466,2026-08-28 09:33:03,2026-08-28 09:37:03,DE,SaaS Platform,D,MED-002,Medora Derm Cream,Prescription,Medora,D2C,7,26.0,EUR,0.1,182.0,163.8
TXN-DE-4-001467,2026-08-28 18:06:46,2026-08-28 18:08:46,DE,SaaS Platform,D,DER-002,Dermacare LiftCream,Aesthetic,Dermacare,Pharmacy/B2B,10,37.0,EUR,0.15,370.0,314.5
TXN-DE-4-001468,2026-08-28 04:26:17,2026-08-28 04:28:17,DE,SaaS Platform,D,SAN-001,SanaPlus PainRelief,OTC,SanaPlus,Wholesale,6,9.5,EUR,0.15,57.0,48.45
TXN-DE-4-001469,2026-08-28 02:53:45,2026-08-28 02:55:45,DE,SaaS Platform,D,SAN-001,SanaPlus PainRelief,OTC,SanaPlus,D2C,1,9.5,EUR,0.1,9.5,8.55
TXN-DE-4-001470,2026-08-28 18:57:18,2026-08-28 18:59:18,DE,SaaS Platform,D,MED-001,Medora Cardio 10mg,Prescription,Medora,Wholesale,1,43.0,EUR,0.2,43.0,34.4
TXN-DE-4-001471,2026-08-28 08:43:14,2026-08-28 08:49:14,DE,SaaS Platform,D,DER-002,Dermacare LiftCream,Aesthetic,Dermacare,E-commerce,12,37.0,EUR,0.2,444.0,355.2
TXN-DE-4-001472,2026-08-28 07:11:49,2026-08-28 07:16:49,DE,SaaS Platform,D,PUR-002,PureLife BP Monitor,Medical Device,PureLife,Pharmacy/B2B,11,90.0,EUR,0.0,990.0,990.0
TXN-DE-4-001473,2026-08-28 21:04:27,2026-08-28 21:08:27,DE,SaaS Platform,D,VIT-002,Vitalis Multivit,Supplement,Vitalis,Pharmacy/B2B,10,17.0,EUR,0.0,170.0,170.0
TXN-DE-4-001474,2026-08-28 08:54:44,2026-08-28 08:57:44,DE,SaaS Platform,D,PUR-001,PureLife GlucoMonitor,Medical Device,PureLife,D2C,7,85.0,EUR,0.0,595.0,595.0
TXN-DE-4-001475,2026-08-28 16:30:55,2026-08-28 16:32:55,DE,SaaS Platform,D,DER-002,Dermacare LiftCream,Aesthetic,Dermacare,Wholesale,5,37.0,EUR,0.0,185.0,185.0
TXN-DE-4-001476,2026-08-28 03:37:13,2026-08-28 03:41:13,DE,SaaS Platform,D,MED-001,Medora Cardio 10mg,Prescription,Medora,D2C,5,43.0,EUR,0.15,215.0,182.75
TXN-DE-4-001477,2026-08-28 18:41:12,2026-08-28 18:46:12,DE,SaaS Platform,D,VIT-001,Vitalis C1000,Supplement,Vitalis,E-commerce,7,21.0,EUR,0.0,147.0,147.0
TXN-DE-4-001478,2026-08-28 05:41:28,2026-08-28 05:43:28,DE,SaaS Platform,D,PUR-002,PureLife BP Monitor,Medical Device,PureLife,E-commerce,3,90.0,EUR,0.05,270.0,256.5
TXN-DE-4-001479,2026-08-28 13:51:48,2026-08-28 13:52:48,DE,SaaS Platform,D,MED-002,Medora Derm Cream,Prescription,Medora,Wholesale,7,26.0,EUR,0.0,182.0,182.0
TXN-DE-4-001480,2026-08-28 00:43:50,2026-08-28 00:49:50,DE,SaaS Platform,D,MED-001,Medora Cardio 10mg,Prescription,Medora,E-commerce,10,43.0,EUR,0.05,430.0,408.5
TXN-DE-4-001481,2026-08-28 21:38:47,2026-08-28 21:44:47,DE,SaaS Platform,D,VIT-002,Vitalis Multivit,Supplement,Vitalis,D2C,9,17.0,EUR,0.1,153.0,137.7
TXN-DE-4-001482,2026-08-28 10:02:27,2026-08-28 10:06:27,DE,SaaS Platform,D,DER-001,Dermacare GlowSerum,Aesthetic,Dermacare,Pharmacy/B2B,2,32.0,EUR,0.0,64.0,64.0
TXN-DE-4-001483,2026-08-28 22:27:29,2026-08-28 22:30:29,DE,SaaS Platform,D,VIT-002,Vitalis Multivit,Supplement,Vitalis,Pharmacy/B2B,8,17.0,EUR,0.0,136.0,136.0
TXN-DE-4-001484,2026-08-28 18:19:21,2026-08-28 18:25:21,DE,SaaS Platform,D,SAN-002,SanaPlus ColdFlu,OTC,SanaPlus,E-commerce,10,10.5,EUR,0.1,105.0,94.5
TXN-DE-4-001485,2026-08-28 20:27:30,2026-08-28 20:32:30,DE,SaaS Platform,D,MED-001,Medora Cardio 10mg,Prescription,Medora,D2C,11,43.0,EUR,0.05,473.0,449.35
TXN-DE-4-001486,2026-08-28 21:34:05,2026-08-28 21:36:05,DE,SaaS Platform,D,MED-001,Medora Cardio 10mg,Prescription,Medora,E-commerce,12,43.0,EUR,0.0,516.0,516.0
TXN-DE-4-001487,2026-08-28 14:39:19,2026-08-28 14:41:19,DE,SaaS Platform,D,VIT-001,Vitalis C1000,Supplement,Vitalis,Pharmacy/B2B,9,21.0,EUR,0.1,189.0,170.1
TXN-DE-4-001488,2026-08-28 22:06:24,2026-08-28 22:11:24,DE,SaaS Platform,D,MED-001,Medora Cardio 10mg,Prescription,Medora,E-commerce,9,43.0,EUR,0.05,387.0,367.65
TXN-DE-4-001489,2026-08-28 16:00:42,2026-08-28 16:03:42,DE,SaaS Platform,D,SAN-001,SanaPlus PainRelief,OTC,SanaPlus,Pharmacy/B2B,5,9.5,EUR,0.05,47.5,45.12
TXN-DE-4-001490,2026-08-28 00:44:37,2026-08-28 00:48:37,DE,SaaS Platform,D,SAN-002,SanaPlus ColdFlu,OTC,SanaPlus,Wholesale,2,10.5,EUR,0.0,21.0,21.0
TXN-DE-4-001491,2026-08-28 13:52:21,2026-08-28 13:56:21,DE,SaaS Platform,D,SAN-001,SanaPlus PainRelief,OTC,SanaPlus,E-commerce,4,9.5,EUR,0.1,38.0,34.2
TXN-DE-4-001492,2026-08-28 14:33:51,2026-08-28 14:37:51,DE,SaaS Platform,D,SAN-002,SanaPlus ColdFlu,OTC,SanaPlus,Pharmacy/B2B,3,10.5,EUR,0.0,31.5,31.5
TXN-DE-4-001493,2026-08-28 15:08:02,2026-08-28 15:10:02,DE,SaaS Platform,D,SAN-001,SanaPlus PainRelief,OTC,SanaPlus,Pharmacy/B2B,5,9.5,EUR,0.05,47.5,45.12
TXN-DE-4-001494,2026-08-28 23:29:27,2026-08-28 23:31:27,DE,SaaS Platform,D,DER-001,Dermacare GlowSerum,Aesthetic,Dermacare,E-commerce,6,32.0,EUR,0.15,192.0,163.2
TXN-DE-4-001495,2026-08-28 17:11:08,2026-08-28 17:12:08,DE,SaaS Platform,D,SAN-002,SanaPlus ColdFlu,OTC,SanaPlus,Pharmacy/B2B,8,10.5,EUR,0.05,84.0,79.8
TXN-DE-4-001496,2026-08-28 08:39:43,2026-08-28 08:43:43,DE,SaaS Platform,D,MED-002,Medora Derm Cream,Prescription,Medora,D2C,10,26.0,EUR,0.1,260.0,234.0
TXN-DE-4-001497,2026-08-28 17:14:50,2026-08-28 17:18:50,DE,SaaS Platform,D,SAN-002,SanaPlus ColdFlu,OTC,SanaPlus,Pharmacy/B2B,3,10.5,EUR,0.0,31.5,31.5
TXN-DE-4-001498,2026-08-28 07:02:53,2026-08-28 07:03:53,DE,SaaS Platform,D,DER-002,Dermacare LiftCream,Aesthetic,Dermacare,Pharmacy/B2B,10,37.0,EUR,0.05,370.0,351.5
TXN-DE-4-001499,2026-08-28 19:03:04,2026-08-28 19:05:04,DE,SaaS Platform,D,DER-002,Dermacare LiftCream,Aesthetic,Dermacare,Pharmacy/B2B,6,37.0,EUR,0.0,222.0,222.0
TXN-DE-4-001500,2026-08-28 20:40:00,2026-08-28 20:44:00,DE,SaaS Platform,D,SAN-001,SanaPlus PainRelief,OTC,SanaPlus,E-commerce,3,9.5,EUR,0.0,28.5,28.5
TXN-DE-4-001501,2026-08-28 02:58:30,2026-08-28 02:59:30,DE,SaaS Platform,D,DER-002,Dermacare LiftCream,Aesthetic,Dermacare,E-commerce,9,37.0,EUR,0.05,333.0,316.35
TXN-DE-4-001502,2026-08-28 01:15:17,2026-08-28 01:17:17,DE,SaaS Platform,D,DER-001,Dermacare GlowSerum,Aesthetic,Dermacare,Wholesale,6,32.0,EUR,0.2,192.0,153.6
TXN-DE-4-001503,2026-08-28 21:47:08,2026-08-28 21:48:08,DE,SaaS Platform,D,SAN-001,SanaPlus PainRelief,OTC,SanaPlus,Pharmacy/B2B,12,9.5,EUR,0.15,114.0,96.9
TXN-DE-4-001504,2026-08-28 10:25:24,2026-08-28 10:29:24,DE,SaaS Platform,D,MED-002,Medora Derm Cream,Prescription,Medora,D2C,7,26.0,EUR,0.05,182.0,172.9
TXN-DE-4-001505,2026-08-28 04:55:39,2026-08-28 04:58:39,DE,SaaS Platform,D,VIT-002,Vitalis Multivit,Supplement,Vitalis,D2C,11,17.0,EUR,0.2,187.0,149.6
TXN-DE-4-001506,2026-08-28 09:42:06,2026-08-28 09:43:06,DE,SaaS Platform,D,VIT-001,Vitalis C1000,Supplement,Vitalis,Pharmacy/B2B,4,21.0,EUR,0.2,84.0,67.2
TXN-DE-4-001507,2026-08-28 05:19:55,2026-08-28 05:24:55,DE,SaaS Platform,D,PUR-001,PureLife GlucoMonitor,Medical Device,PureLife,Wholesale,3,85.0,EUR,0.1,255.0,229.5
TXN-DE-4-001508,2026-08-28 09:07:48,2026-08-28 09:13:48,DE,SaaS Platform,D,MED-001,Medora Cardio 10mg,Prescription,Medora,D2C,11,43.0,EUR,0.0,473.0,473.0
TXN-DE-4-001509,2026-08-28 02:39:29,2026-08-28 02:41:29,DE,SaaS Platform,D,PUR-002,PureLife BP Monitor,Medical Device,PureLife,D2C,9,90.0,EUR,0.0,810.0,810.0
TXN-DE-4-001510,2026-08-28 01:57:26,2026-08-28 01:59:26,DE,SaaS Platform,D,VIT-002,Vitalis Multivit,Supplement,Vitalis,Pharmacy/B2B,8,17.0,EUR,0.2,136.0,108.8
TXN-DE-4-001511,2026-08-28 11:25:46,2026-08-28 11:31:46,DE,SaaS Platform,D,SAN-002,SanaPlus ColdFlu,OTC,SanaPlus,Pharmacy/B2B,6,10.5,EUR,0.1,63.0,56.7
TXN-DE-4-001512,2026-08-28 03:32:35,2026-08-28 03:35:35,DE,SaaS Platform,D,DER-002,Dermacare LiftCream,Aesthetic,Dermacare,Wholesale,5,37.0,EUR,0.1,185.0,166.5
TXN-DE-4-001513,2026-08-28 00:19:00,2026-08-28 00:23:00,DE,SaaS Platform,D,VIT-001,Vitalis C1000,Supplement,Vitalis,Wholesale,11,21.0,EUR,0.2,231.0,184.8
TXN-DE-4-001514,2026-08-28 04:13:37,2026-08-28 04:14:37,DE,SaaS Platform,D,DER-002,Dermacare LiftCream,Aesthetic,Dermacare,Wholesale,10,37.0,EUR,0.05,370.0,351.5
TXN-DE-4-001515,2026-08-28 13:43:21,2026-08-28 13:46:21,DE,SaaS Platform,D,MED-001,Medora Cardio 10mg,Prescription,Medora,D2C,10,43.0,EUR,0.05,430.0,408.5
TXN-DE-4-001516,2026-08-28 17:47:58,2026-08-28 17:50:58,DE,SaaS Platform,D,MED-002,Medora Derm Cream,Prescription,Medora,D2C,7,26.0,EUR,0.2,182.0,145.6
TXN-DE-4-001517,2026-08-28 10:18:25,2026-08-28 10:24:25,DE,SaaS Platform,D,PUR-001,PureLife GlucoMonitor,Medical Device,PureLife,D2C,12,85.0,EUR,0.0,1020.0,1020.0
TXN-DE-4-001518,2026-08-28 13:37:13,2026-08-28 13:41:13,DE,SaaS Platform,D,MED-002,Medora Derm Cream,Prescription,Medora,Wholesale,7,26.0,EUR,0.0,182.0,182.0
TXN-DE-4-001519,2026-08-28 21:23:26,2026-08-28 21:28:26,DE,SaaS Platform,D,PUR-002,PureLife BP Monitor,Medical Device,PureLife,Pharmacy/B2B,6,90.0,EUR,0.05,540.0,513.0
TXN-DE-4-001520,2026-08-28 13:21:32,2026-08-28 13:26:32,DE,SaaS Platform,D,SAN-002,SanaPlus ColdFlu,OTC,SanaPlus,Wholesale,12,10.5,EUR,0.0,126.0,126.0
TXN-DE-4-001521,2026-08-28 14:10:41,2026-08-28 14:11:41,DE,SaaS Platform,D,SAN-001,SanaPlus PainRelief,OTC,SanaPlus,Wholesale,11,9.5,EUR,0.05,104.5,99.27
TXN-DE-4-001522,2026-08-28 22:14:10,2026-08-28 22:20:10,DE,SaaS Platform,D,VIT-001,Vitalis C1000,Supplement,Vitalis,Wholesale,2,21.0,EUR,0.0,42.0,42.0
TXN-DE-4-001523,2026-08-28 19:08:15,2026-08-28 19:13:15,DE,SaaS Platform,D,MED-001,Medora Cardio 10mg,Prescription,Medora,D2C,12,43.0,EUR,0.2,516.0,412.8
TXN-DE-4-001524,2026-08-28 03:41:06,2026-08-28 03:46:06,DE,SaaS Platform,D,PUR-001,PureLife GlucoMonitor,Medical Device,PureLife,E-commerce,11,85.0,EUR,0.2,935.0,748.0
TXN-DE-4-001525,2026-08-28 16:43:37,2026-08-28 16:44:37,DE,SaaS Platform,D,MED-001,Medora Cardio 10mg,Prescription,Medora,Pharmacy/B2B,11,43.0,EUR,0.0,473.0,473.0
TXN-DE-4-001526,2026-08-28 13:49:15,2026-08-28 13:50:15,DE,SaaS Platform,D,VIT-001,Vitalis C1000,Supplement,Vitalis,Pharmacy/B2B,3,21.0,EUR,0.0,63.0,63.0
TXN-DE-4-001527,2026-08-28 21:22:10,2026-08-28 21:27:10,DE,SaaS Platform,D,MED-002,Medora Derm Cream,Prescription,Medora,Wholesale,9,26.0,EUR,0.05,234.0,222.3
TXN-DE-4-001528,2026-08-28 01:52:14,2026-08-28 01:55:14,DE,SaaS Platform,D,MED-002,Medora Derm Cream,Prescription,Medora,Pharmacy/B2B,2,26.0,EUR,0.05,52.0,49.4
TXN-DE-4-001529,2026-08-28 04:58:10,2026-08-28 05:03:10,DE,SaaS Platform,D,PUR-001,PureLife GlucoMonitor,Medical Device,PureLife,Wholesale,11,85.0,EUR,0.0,935.0,935.0
TXN-DE-4-001530,2026-08-28 19:47:37,2026-08-28 19:48:37,DE,SaaS Platform,D,PUR-002,PureLife BP Monitor,Medical Device,PureLife,D2C,2,90.0,EUR,0.1,180.0,162.0
TXN-DE-4-001531,2026-08-28 23:44:26,2026-08-28 23:45:26,DE,SaaS Platform,D,MED-001,Medora Cardio 10mg,Prescription,Medora,E-commerce,1,43.0,EUR,0.0,43.0,43.0
TXN-DE-4-001532,2026-08-28 20:53:40,2026-08-28 20:59:40,DE,SaaS Platform,D,MED-002,Medora Derm Cream,Prescription,Medora,Pharmacy/B2B,10,26.0,EUR,0.0,260.0,260.0
TXN-DE-4-001533,2026-08-28 17:17:12,2026-08-28 17:21:12,DE,SaaS Platform,D,MED-002,Medora Derm Cream,Prescription,Medora,E-commerce,11,26.0,EUR,0.05,286.0,271.7
TXN-DE-4-001534,2026-08-28 22:16:18,2026-08-28 22:20:18,DE,SaaS Platform,D,PUR-001,PureLife GlucoMonitor,Medical Device,PureLife,D2C,10,85.0,EUR,0.2,850.0,680.0
TXN-DE-4-001535,2026-08-28 07:47:23,2026-08-28 07:49:23,DE,SaaS Platform,D,VIT-002,Vitalis Multivit,Supplement,Vitalis,Pharmacy/B2B,3,17.0,EUR,0.0,51.0,51.0
TXN-DE-4-001536,2026-08-28 02:45:01,2026-08-28 02:46:01,DE,SaaS Platform,D,DER-002,Dermacare LiftCream,Aesthetic,Dermacare,D2C,11,37.0,EUR,0.05,407.0,386.65
TXN-DE-4-001537,2026-08-28 18:11:15,2026-08-28 18:14:15,DE,SaaS Platform,D,PUR-001,PureLife GlucoMonitor,Medical Device,PureLife,Wholesale,9,85.0,EUR,0.0,765.0,765.0
TXN-DE-4-001538,2026-08-28 04:35:15,2026-08-28 04:36:15,DE,SaaS Platform,D,VIT-002,Vitalis Multivit,Supplement,Vitalis,Pharmacy/B2B,10,17.0,EUR,0.05,170.0,161.5
TXN-DE-4-001539,2026-08-28 23:59:44,2026-08-29 00:00:44,DE,SaaS Platform,D,VIT-001,Vitalis C1000,Supplement,Vitalis,Pharmacy/B2B,7,21.0,EUR,0.0,147.0,147.0
TXN-DE-4-001540,2026-08-28 20:56:49,2026-08-28 21:00:49,DE,SaaS Platform,D,DER-001,Dermacare GlowSerum,Aesthetic,Dermacare,Pharmacy/B2B,7,32.0,EUR,0.0,224.0,224.0
TXN-DE-4-001541,2026-08-28 07:45:01,2026-08-28 07:47:01,DE,SaaS Platform,D,SAN-001,SanaPlus PainRelief,OTC,SanaPlus,D2C,2,9.5,EUR,0.1,19.0,17.1
TXN-DE-4-001542,2026-08-28 06:01:55,2026-08-28 06:04:55,DE,SaaS Platform,D,SAN-002,SanaPlus ColdFlu,OTC,SanaPlus,E-commerce,5,10.5,EUR,0.05,52.5,49.88
TXN-DE-4-001543,2026-08-28 07:00:56,2026-08-28 07:02:56,DE,SaaS Platform,D,MED-002,Medora Derm Cream,Prescription,Medora,Pharmacy/B2B,4,26.0,EUR,0.0,104.0,104.0
TXN-DE-4-001544,2026-08-28 06:04:04,2026-08-28 06:06:04,DE,SaaS Platform,D,VIT-002,Vitalis Multivit,Supplement,Vitalis,Wholesale,4,17.0,EUR,0.0,68.0,68.0
TXN-DE-4-001545,2026-08-28 18:59:01,2026-08-28 19:03:01,DE,SaaS Platform,D,PUR-001,PureLife GlucoMonitor,Medical Device,PureLife,D2C,8,85.0,EUR,0.05,680.0,646.0
TXN-DE-4-001546,2026-08-28 06:05:05,2026-08-28 06:08:05,DE,SaaS Platform,D,PUR-002,PureLife BP Monitor,Medical Device,PureLife,Pharmacy/B2B,9,90.0,EUR,0.1,810.0,729.0
TXN-DE-4-001547,2026-08-28 00:13:02,2026-08-28 00:15:02,DE,SaaS Platform,D,MED-001,Medora Cardio 10mg,Prescription,Medora,Pharmacy/B2B,8,43.0,EUR,0.0,344.0,344.0
TXN-DE-4-001548,2026-08-28 18:50:18,2026-08-28 18:56:18,DE,SaaS Platform,D,MED-001,Medora Cardio 10mg,Prescription,Medora,E-commerce,12,43.0,EUR,0.0,516.0,516.0
TXN-DE-4-001549,2026-08-28 16:36:06,2026-08-28 16:40:06,DE,SaaS Platform,D,MED-001,Medora Cardio 10mg,Prescription,Medora,Pharmacy/B2B,2,43.0,EUR,0.2,86.0,68.8
TXN-DE-4-001550,2026-08-28 11:30:54,2026-08-28 11:31:54,DE,SaaS Platform,D,SAN-001,SanaPlus PainRelief,OTC,SanaPlus,Pharmacy/B2B,7,9.5,EUR,0.1,66.5,59.85
TXN-DE-4-001551,2026-08-28 04:23:54,2026-08-28 04:24:54,DE,SaaS Platform,D,PUR-002,PureLife BP Monitor,Medical Device,PureLife,E-commerce,7,90.0,EUR,0.1,630.0,567.0
TXN-DE-4-001552,2026-08-28 05:59:12,2026-08-28 06:00:12,DE,SaaS Platform,D,VIT-001,Vitalis C1000,Supplement,Vitalis,Pharmacy/B2B,2,21.0,EUR,0.0,42.0,42.0
TXN-DE-4-001553,2026-08-28 09:41:46,2026-08-28 09:47:46,DE,SaaS Platform,D,VIT-002,Vitalis Multivit,Supplement,Vitalis,Pharmacy/B2B,12,17.0,EUR,0.0,204.0,204.0
TXN-DE-4-001554,2026-08-28 23:45:07,2026-08-28 23:47:07,DE,SaaS Platform,D,MED-002,Medora Derm Cream,Prescription,Medora,Pharmacy/B2B,1,26.0,EUR,0.15,26.0,22.1
TXN-DE-4-001555,2026-08-28 08:10:34,2026-08-28 08:16:34,DE,SaaS Platform,D,SAN-002,SanaPlus ColdFlu,OTC,SanaPlus,D2C,5,10.5,EUR,0.0,52.5,52.5
TXN-DE-4-001556,2026-08-28 16:27:06,2026-08-28 16:29:06,DE,SaaS Platform,D,VIT-001,Vitalis C1000,Supplement,Vitalis,Wholesale,3,21.0,EUR,0.0,63.0,63.0
TXN-DE-4-001557,2026-08-28 06:08:50,2026-08-28 06:14:50,DE,SaaS Platform,D,PUR-001,PureLife GlucoMonitor,Medical Device,PureLife,Wholesale,8,85.0,EUR,0.2,680.0,544.0
TXN-DE-4-001558,2026-08-28 00:50:49,2026-08-28 00:53:49,DE,SaaS Platform,D,PUR-001,PureLife GlucoMonitor,Medical Device,PureLife,E-commerce,11,85.0,EUR,0.05,935.0,888.25
TXN-DE-4-001559,2026-08-28 14:52:57,2026-08-28 14:53:57,DE,SaaS Platform,D,VIT-002,Vitalis Multivit,Supplement,Vitalis,Wholesale,7,17.0,EUR,0.0,119.0,119.0
TXN-DE-4-001560,2026-08-28 06:55:36,2026-08-28 06:58:36,DE,SaaS Platform,D,DER-001,Dermacare GlowSerum,Aesthetic,Dermacare,E-commerce,12,32.0,EUR,0.15,384.0,326.4
TXN-DE-4-001561,2026-08-28 12:29:03,2026-08-28 12:31:03,DE,SaaS Platform,D,SAN-001,SanaPlus PainRelief,OTC,SanaPlus,D2C,12,9.5,EUR,0.1,114.0,102.6
TXN-DE-4-001562,2026-08-28 03:23:44,2026-08-28 03:25:44,DE,SaaS Platform,D,SAN-001,SanaPlus PainRelief,OTC,SanaPlus,E-commerce,6,9.5,EUR,0.0,57.0,57.0
TXN-DE-4-001563,2026-08-28 11:21:20,2026-08-28 11:22:20,DE,SaaS Platform,D,SAN-001,SanaPlus PainRelief,OTC,SanaPlus,Wholesale,11,9.5,EUR,0.05,104.5,99.27
TXN-DE-4-001564,2026-08-28 13:24:21,2026-08-28 13:26:21,DE,SaaS Platform,D,DER-002,Dermacare LiftCream,Aesthetic,Dermacare,Pharmacy/B2B,3,37.0,EUR,0.1,111.0,99.9
TXN-DE-4-001565,2026-08-28 14:43:48,2026-08-28 14:48:48,DE,SaaS Platform,D,DER-002,Dermacare LiftCream,Aesthetic,Dermacare,E-commerce,6,37.0,EUR,0.15,222.0,188.7
TXN-DE-4-001566,2026-08-28 07:41:36,2026-08-28 07:44:36,DE,SaaS Platform,D,SAN-002,SanaPlus ColdFlu,OTC,SanaPlus,D2C,2,10.5,EUR,0.0,21.0,21.0
TXN-DE-4-001567,2026-08-28 21:54:22,2026-08-28 21:56:22,DE,SaaS Platform,D,SAN-002,SanaPlus ColdFlu,OTC,SanaPlus,Wholesale,4,10.5,EUR,0.15,42.0,35.7
TXN-DE-4-001568,2026-08-28 00:33:10,2026-08-28 00:38:10,DE,SaaS Platform,D,MED-001,Medora Cardio 10mg,Prescription,Medora,Wholesale,4,43.0,EUR,0.15,172.0,146.2
TXN-DE-4-001569,2026-08-28 12:38:44,2026-08-28 12:43:44,DE,SaaS Platform,D,MED-001,Medora Cardio 10mg,Prescription,Medora,E-commerce,6,43.0,EUR,0.15,258.0,219.3
TXN-DE-4-001570,2026-08-28 11:32:50,2026-08-28 11:35:50,DE,SaaS Platform,D,MED-001,Medora Cardio 10mg,Prescription,Medora,Wholesale,11,43.0,EUR,0.1,473.0,425.7
TXN-DE-4-001571,2026-08-28 19:46:26,2026-08-28 19:52:26,DE,SaaS Platform,D,DER-001,Dermacare GlowSerum,Aesthetic,Dermacare,Pharmacy/B2B,2,32.0,EUR,0.1,64.0,57.6
TXN-DE-4-001572,2026-08-28 04:26:21,2026-08-28 04:28:21,DE,SaaS Platform,D,MED-001,Medora Cardio 10mg,Prescription,Medora,Pharmacy/B2B,2,43.0,EUR,0.05,86.0,81.7
TXN-DE-4-001573,2026-08-28 23:43:01,2026-08-28 23:44:01,DE,SaaS Platform,D,PUR-002,PureLife BP Monitor,Medical Device,PureLife,D2C,5,90.0,EUR,0.1,450.0,405.0
TXN-DE-4-001574,2026-08-28 15:25:08,2026-08-28 15:27:08,DE,SaaS Platform,D,PUR-001,PureLife GlucoMonitor,Medical Device,PureLife,Wholesale,4,85.0,EUR,0.2,340.0,272.0
TXN-DE-4-001575,2026-08-28 18:05:20,2026-08-28 18:07:20,DE,SaaS Platform,D,DER-002,Dermacare LiftCream,Aesthetic,Dermacare,Pharmacy/B2B,6,37.0,EUR,0.0,222.0,222.0
TXN-DE-4-001576,2026-08-28 03:46:31,2026-08-28 03:48:31,DE,SaaS Platform,D,VIT-001,Vitalis C1000,Supplement,Vitalis,Wholesale,11,21.0,EUR,0.0,231.0,231.0
TXN-DE-4-001577,2026-08-28 10:45:26,2026-08-28 10:48:26,DE,SaaS Platform,D,PUR-002,PureLife BP Monitor,Medical Device,PureLife,Wholesale,10,90.0,EUR,0.0,900.0,900.0
TXN-DE-4-001578,2026-08-28 11:59:54,2026-08-28 12:00:54,DE,SaaS Platform,D,SAN-001,SanaPlus PainRelief,OTC,SanaPlus,D2C,12,9.5,EUR,0.1,114.0,102.6
TXN-DE-4-001579,2026-08-28 09:42:54,2026-08-28 09:48:54,DE,SaaS Platform,D,PUR-002,PureLife BP Monitor,Medical Device,PureLife,D2C,3,90.0,EUR,0.05,270.0,256.5
TXN-DE-4-001580,2026-08-28 06:54:55,2026-08-28 06:57:55,DE,SaaS Platform,D,PUR-002,PureLife BP Monitor,Medical Device,PureLife,Wholesale,2,90.0,EUR,0.1,180.0,162.0
TXN-DE-4-001581,2026-08-28 09:18:08,2026-08-28 09:23:08,DE,SaaS Platform,D,VIT-001,Vitalis C1000,Supplement,Vitalis,Wholesale,11,21.0,EUR,0.05,231.0,219.45
TXN-DE-4-001582,2026-08-28 17:51:24,2026-08-28 17:57:24,DE,SaaS Platform,D,SAN-002,SanaPlus ColdFlu,OTC,SanaPlus,D2C,2,10.5,EUR,0.0,21.0,21.0
TXN-DE-4-001583,2026-08-28 21:43:39,2026-08-28 21:44:39,DE,SaaS Platform,D,VIT-002,Vitalis Multivit,Supplement,Vitalis,E-commerce,1,17.0,EUR,0.15,17.0,14.45
TXN-DE-4-001584,2026-08-28 13:12:52,2026-08-28 13:17:52,DE,SaaS Platform,D,PUR-002,PureLife BP Monitor,Medical Device,PureLife,D2C,4,90.0,EUR,0.15,360.0,306.0
TXN-DE-4-001585,2026-08-28 16:52:37,2026-08-28 16:54:37,DE,SaaS Platform,D,MED-002,Medora Derm Cream,Prescription,Medora,D2C,2,26.0,EUR,0.1,52.0,46.8
TXN-DE-4-001586,2026-08-28 02:10:18,2026-08-28 02:15:18,DE,SaaS Platform,D,PUR-001,PureLife GlucoMonitor,Medical Device,PureLife,Wholesale,5,85.0,EUR,0.0,425.0,425.0
TXN-DE-4-001587,2026-08-28 22:09:22,2026-08-28 22:10:22,DE,SaaS Platform,D,SAN-001,SanaPlus PainRelief,OTC,SanaPlus,Pharmacy/B2B,2,9.5,EUR,0.0,19.0,19.0
TXN-DE-4-001588,2026-08-28 09:39:17,2026-08-28 09:41:17,DE,SaaS Platform,D,MED-002,Medora Derm Cream,Prescription,Medora,Pharmacy/B2B,10,26.0,EUR,0.2,260.0,208.0
TXN-DE-4-001589,2026-08-28 20:21:07,2026-08-28 20:24:07,DE,SaaS Platform,D,DER-001,Dermacare GlowSerum,Aesthetic,Dermacare,Wholesale,10,32.0,EUR,0.1,320.0,288.0
TXN-DE-4-001590,2026-08-28 00:05:28,2026-08-28 00:10:28,DE,SaaS Platform,D,MED-002,Medora Derm Cream,Prescription,Medora,Wholesale,11,26.0,EUR,0.2,286.0,228.8
TXN-DE-4-001591,2026-08-28 05:21:23,2026-08-28 05:22:23,DE,SaaS Platform,D,VIT-001,Vitalis C1000,Supplement,Vitalis,E-commerce,2,21.0,EUR,0.0,42.0,42.0
TXN-DE-4-001592,2026-08-28 09:55:30,2026-08-28 10:01:30,DE,SaaS Platform,D,MED-001,Medora Cardio 10mg,Prescription,Medora,E-commerce,5,43.0,EUR,0.2,215.0,172.0
TXN-DE-4-001593,2026-08-28 21:59:38,2026-08-28 22:02:38,DE,SaaS Platform,D,MED-001,Medora Cardio 10mg,Prescription,Medora,Pharmacy/B2B,12,43.0,EUR,0.15,516.0,438.6
TXN-DE-4-001594,2026-08-28 23:05:39,2026-08-28 23:10:39,DE,SaaS Platform,D,MED-002,Medora Derm Cream,Prescription,Medora,E-commerce,12,26.0,EUR,0.15,312.0,265.2
TXN-DE-4-001595,2026-08-28 22:55:50,2026-08-28 22:56:50,DE,SaaS Platform,D,PUR-002,PureLife BP Monitor,Medical Device,PureLife,E-commerce,6,90.0,EUR,0.2,540.0,432.0
TXN-DE-4-001596,2026-08-28 10:52:11,2026-08-28 10:54:11,DE,SaaS Platform,D,MED-002,Medora Derm Cream,Prescription,Medora,E-commerce,1,26.0,EUR,0.0,26.0,26.0
TXN-DE-4-001597,2026-08-28 05:52:13,2026-08-28 05:56:13,DE,SaaS Platform,D,PUR-002,PureLife BP Monitor,Medical Device,PureLife,Pharmacy/B2B,4,90.0,EUR,0.2,360.0,288.0
TXN-DE-4-001598,2026-08-28 16:59:52,2026-08-28 17:04:52,DE,SaaS Platform,D,PUR-002,PureLife BP Monitor,Medical Device,PureLife,Pharmacy/B2B,8,90.0,EUR,0.15,720.0,612.0
TXN-DE-4-001599,2026-08-28 23:41:21,2026-08-28 23:47:21,DE,SaaS Platform,D,SAN-001,SanaPlus PainRelief,OTC,SanaPlus,D2C,7,9.5,EUR,0.0,66.5,66.5
TXN-DE-4-001600,2026-08-28 08:27:42,2026-08-28 08:30:42,DE,SaaS Platform,D,MED-002,Medora Derm Cream,Prescription,Medora,E-commerce,6,26.0,EUR,0.0,156.0,156.0
TXN-DE-4-001601,2026-08-28 06:49:49,2026-08-28 06:50:49,DE,SaaS Platform,D,VIT-001,Vitalis C1000,Supplement,Vitalis,Pharmacy/B2B,1,21.0,EUR,0.15,21.0,17.85
TXN-DE-4-001602,2026-08-28 00:27:47,2026-08-28 00:32:47,DE,SaaS Platform,D,SAN-001,SanaPlus PainRelief,OTC,SanaPlus,E-commerce,5,9.5,EUR,0.0,47.5,47.5
TXN-DE-4-001603,2026-08-28 16:45:20,2026-08-28 16:50:20,DE,SaaS Platform,D,DER-002,Dermacare LiftCream,Aesthetic,Dermacare,D2C,8,37.0,EUR,0.0,296.0,296.0
TXN-DE-4-001604,2026-08-28 16:44:18,2026-08-28 16:45:18,DE,SaaS Platform,D,SAN-001,SanaPlus PainRelief,OTC,SanaPlus,Wholesale,2,9.5,EUR,0.1,19.0,17.1
TXN-DE-4-001605,2026-08-28 06:05:25,2026-08-28 06:11:25,DE,SaaS Platform,D,SAN-001,SanaPlus PainRelief,OTC,SanaPlus,Pharmacy/B2B,9,9.5,EUR,0.0,85.5,85.5
TXN-DE-4-001606,2026-08-28 00:00:22,2026-08-28 00:02:22,DE,SaaS Platform,D,PUR-001,PureLife GlucoMonitor,Medical Device,PureLife,E-commerce,5,85.0,EUR,0.0,425.0,425.0
TXN-DE-4-001607,2026-08-28 08:51:50,2026-08-28 08:54:50,DE,SaaS Platform,D,MED-001,Medora Cardio 10mg,Prescription,Medora,E-commerce,11,43.0,EUR,0.2,473.0,378.4
TXN-DE-4-001608,2026-08-28 07:16:44,2026-08-28 07:18:44,DE,SaaS Platform,D,DER-002,Dermacare LiftCream,Aesthetic,Dermacare,Wholesale,12,37.0,EUR,0.2,444.0,355.2
TXN-DE-4-001609,2026-08-28 04:35:28,2026-08-28 04:38:28,DE,SaaS Platform,D,SAN-002,SanaPlus ColdFlu,OTC,SanaPlus,D2C,2,10.5,EUR,0.0,21.0,21.0
TXN-DE-4-001610,2026-08-28 14:21:32,2026-08-28 14:27:32,DE,SaaS Platform,D,VIT-002,Vitalis Multivit,Supplement,Vitalis,Wholesale,12,17.0,EUR,0.05,204.0,193.8
TXN-DE-4-001611,2026-08-28 12:52:19,2026-08-28 12:57:19,DE,SaaS Platform,D,VIT-001,Vitalis C1000,Supplement,Vitalis,Wholesale,5,21.0,EUR,0.0,105.0,105.0
TXN-DE-4-001612,2026-08-28 15:36:35,2026-08-28 15:41:35,DE,SaaS Platform,D,SAN-001,SanaPlus PainRelief,OTC,SanaPlus,E-commerce,6,9.5,EUR,0.05,57.0,54.15
TXN-DE-4-001613,2026-08-28 20:53:06,2026-08-28 20:56:06,DE,SaaS Platform,D,VIT-002,Vitalis Multivit,Supplement,Vitalis,Wholesale,3,17.0,EUR,0.0,51.0,51.0
TXN-DE-4-001614,2026-08-28 16:26:40,2026-08-28 16:31:40,DE,SaaS Platform,D,SAN-001,SanaPlus PainRelief,OTC,SanaPlus,D2C,9,9.5,EUR,0.0,85.5,85.5
TXN-DE-4-001615,2026-08-28 18:57:54,2026-08-28 18:58:54,DE,SaaS Platform,D,PUR-002,PureLife BP Monitor,Medical Device,PureLife,D2C,5,90.0,EUR,0.05,450.0,427.5
TXN-DE-4-001616,2026-08-28 12:44:21,2026-08-28 12:48:21,DE,SaaS Platform,D,DER-001,Dermacare GlowSerum,Aesthetic,Dermacare,D2C,1,32.0,EUR,0.0,32.0,32.0
TXN-DE-4-001617,2026-08-28 19:48:28,2026-08-28 19:49:28,DE,SaaS Platform,D,PUR-001,PureLife GlucoMonitor,Medical Device,PureLife,D2C,8,85.0,EUR,0.0,680.0,680.0
TXN-DE-4-001618,2026-08-28 20:26:31,2026-08-28 20:30:31,DE,SaaS Platform,D,MED-001,Medora Cardio 10mg,Prescription,Medora,D2C,9,43.0,EUR,0.0,387.0,387.0
TXN-DE-4-001619,2026-08-28 11:32:36,2026-08-28 11:37:36,DE,SaaS Platform,D,SAN-001,SanaPlus PainRelief,OTC,SanaPlus,Pharmacy/B2B,3,9.5,EUR,0.2,28.5,22.8
TXN-DE-4-001620,2026-08-28 19:58:00,2026-08-28 20:01:00,DE,SaaS Platform,D,MED-001,Medora Cardio 10mg,Prescription,Medora,Pharmacy/B2B,10,43.0,EUR,0.15,430.0,365.5
TXN-DE-4-001621,2026-08-28 10:01:18,2026-08-28 10:04:18,DE,SaaS Platform,D,SAN-001,SanaPlus PainRelief,OTC,SanaPlus,D2C,8,9.5,EUR,0.0,76.0,76.0
TXN-DE-4-001622,2026-08-28 04:43:45,2026-08-28 04:49:45,DE,SaaS Platform,D,VIT-001,Vitalis C1000,Supplement,Vitalis,Wholesale,12,21.0,EUR,0.0,252.0,252.0
TXN-DE-4-001623,2026-08-28 20:23:54,2026-08-28 20:28:54,DE,SaaS Platform,D,PUR-001,PureLife GlucoMonitor,Medical Device,PureLife,E-commerce,11,85.0,EUR,0.2,935.0,748.0
TXN-DE-4-001624,2026-08-28 00:28:39,2026-08-28 00:29:39,DE,SaaS Platform,D,VIT-002,Vitalis Multivit,Supplement,Vitalis,E-commerce,6,17.0,EUR,0.2,102.0,81.6
TXN-DE-4-001625,2026-08-28 00:04:08,2026-08-28 00:06:08,DE,SaaS Platform,D,VIT-001,Vitalis C1000,Supplement,Vitalis,Wholesale,6,21.0,EUR,0.0,126.0,126.0
TXN-DE-4-001626,2026-08-28 11:24:56,2026-08-28 11:25:56,DE,SaaS Platform,D,PUR-001,PureLife GlucoMonitor,Medical Device,PureLife,E-commerce,1,85.0,EUR,0.0,85.0,85.0
TXN-DE-4-001627,2026-08-28 02:23:28,2026-08-28 02:26:28,DE,SaaS Platform,D,MED-001,Medora Cardio 10mg,Prescription,Medora,Wholesale,11,43.0,EUR,0.0,473.0,473.0
TXN-DE-4-001628,2026-08-28 19:13:26,2026-08-28 19:16:26,DE,SaaS Platform,D,SAN-002,SanaPlus ColdFlu,OTC,SanaPlus,Wholesale,5,10.5,EUR,0.2,52.5,42.0
TXN-DE-4-001629,2026-08-28 23:22:50,2026-08-28 23:25:50,DE,SaaS Platform,D,SAN-002,SanaPlus ColdFlu,OTC,SanaPlus,Pharmacy/B2B,1,10.5,EUR,0.2,10.5,8.4
TXN-DE-4-001630,2026-08-28 08:41:55,2026-08-28 08:47:55,DE,SaaS Platform,D,PUR-001,PureLife GlucoMonitor,Medical Device,PureLife,Pharmacy/B2B,8,85.0,EUR,0.15,680.0,578.0
TXN-DE-4-001631,2026-08-28 06:54:30,2026-08-28 06:58:30,DE,SaaS Platform,D,MED-001,Medora Cardio 10mg,Prescription,Medora,E-commerce,5,43.0,EUR,0.05,215.0,204.25
TXN-DE-4-001632,2026-08-28 06:25:06,2026-08-28 06:29:06,DE,SaaS Platform,D,PUR-002,PureLife BP Monitor,Medical Device,PureLife,D2C,9,90.0,EUR,0.0,810.0,810.0
TXN-DE-4-001633,2026-08-28 21:51:25,2026-08-28 21:54:25,DE,SaaS Platform,D,DER-001,Dermacare GlowSerum,Aesthetic,Dermacare,Wholesale,7,32.0,EUR,0.05,224.0,212.8
TXN-DE-4-001634,2026-08-28 14:59:44,2026-08-28 15:04:44,DE,SaaS Platform,D,DER-002,Dermacare LiftCream,Aesthetic,Dermacare,E-commerce,3,37.0,EUR,0.0,111.0,111.0
TXN-DE-4-001635,2026-08-28 09:10:31,2026-08-28 09:13:31,DE,SaaS Platform,D,DER-002,Dermacare LiftCream,Aesthetic,Dermacare,D2C,5,37.0,EUR,0.05,185.0,175.75
TXN-DE-4-001636,2026-08-28 20:36:31,2026-08-28 20:40:31,DE,SaaS Platform,D,DER-002,Dermacare LiftCream,Aesthetic,Dermacare,E-commerce,1,37.0,EUR,0.15,37.0,31.45
TXN-DE-4-001637,2026-08-28 22:59:48,2026-08-28 23:05:48,DE,SaaS Platform,D,PUR-001,PureLife GlucoMonitor,Medical Device,PureLife,E-commerce,1,85.0,EUR,0.0,85.0,85.0
TXN-DE-4-001638,2026-08-28 03:52:48,2026-08-28 03:54:48,DE,SaaS Platform,D,MED-001,Medora Cardio 10mg,Prescription,Medora,Wholesale,5,43.0,EUR,0.15,215.0,182.75
TXN-DE-4-001639,2026-08-28 08:56:44,2026-08-28 08:59:44,DE,SaaS Platform,D,VIT-001,Vitalis C1000,Supplement,Vitalis,Wholesale,3,21.0,EUR,0.2,63.0,50.4
TXN-DE-4-001640,2026-08-28 23:55:07,2026-08-28 23:57:07,DE,SaaS Platform,D,VIT-002,Vitalis Multivit,Supplement,Vitalis,D2C,11,17.0,EUR,0.0,187.0,187.0
TXN-DE-4-001641,2026-08-28 15:14:12,2026-08-28 15:20:12,DE,SaaS Platform,D,SAN-001,SanaPlus PainRelief,OTC,SanaPlus,Wholesale,1,9.5,EUR,0.0,9.5,9.5
TXN-DE-4-001642,2026-08-28 04:20:47,2026-08-28 04:21:47,DE,SaaS Platform,D,PUR-001,PureLife GlucoMonitor,Medical Device,PureLife,D2C,6,85.0,EUR,0.0,510.0,510.0
TXN-DE-4-001643,2026-08-28 16:47:11,2026-08-28 16:51:11,DE,SaaS Platform,D,SAN-002,SanaPlus ColdFlu,OTC,SanaPlus,D2C,4,10.5,EUR,0.1,42.0,37.8
TXN-DE-4-001644,2026-08-28 06:21:44,2026-08-28 06:25:44,DE,SaaS Platform,D,SAN-002,SanaPlus ColdFlu,OTC,SanaPlus,E-commerce,11,10.5,EUR,0.05,115.5,109.72
TXN-DE-4-001645,2026-08-28 13:02:03,2026-08-28 13:08:03,DE,SaaS Platform,D,MED-002,Medora Derm Cream,Prescription,Medora,D2C,5,26.0,EUR,0.05,130.0,123.5
TXN-DE-4-001646,2026-08-28 07:09:31,2026-08-28 07:15:31,DE,SaaS Platform,D,PUR-001,PureLife GlucoMonitor,Medical Device,PureLife,Pharmacy/B2B,4,85.0,EUR,0.15,340.0,289.0
TXN-DE-4-001647,2026-08-28 16:49:03,2026-08-28 16:51:03,DE,SaaS Platform,D,VIT-002,Vitalis Multivit,Supplement,Vitalis,E-commerce,12,17.0,EUR,0.1,204.0,183.6
TXN-DE-4-001648,2026-08-28 18:47:33,2026-08-28 18:48:33,DE,SaaS Platform,D,MED-001,Medora Cardio 10mg,Prescription,Medora,E-commerce,4,43.0,EUR,0.2,172.0,137.6
TXN-DE-4-001649,2026-08-28 05:50:28,2026-08-28 05:54:28,DE,SaaS Platform,D,SAN-001,SanaPlus PainRelief,OTC,SanaPlus,E-commerce,2,9.5,EUR,0.2,19.0,15.2
TXN-DE-4-001650,2026-08-28 20:16:26,2026-08-28 20:17:26,DE,SaaS Platform,D,MED-001,Medora Cardio 10mg,Prescription,Medora,Pharmacy/B2B,9,43.0,EUR,0.0,387.0,387.0
TXN-DE-4-001651,2026-08-28 09:59:59,2026-08-28 10:01:59,DE,SaaS Platform,D,SAN-002,SanaPlus ColdFlu,OTC,SanaPlus,Pharmacy/B2B,7,10.5,EUR,0.1,73.5,66.15
TXN-DE-4-001652,2026-08-28 12:06:56,2026-08-28 12:08:56,DE,SaaS Platform,D,VIT-001,Vitalis C1000,Supplement,Vitalis,Wholesale,8,21.0,EUR,0.1,168.0,151.2
TXN-DE-4-001653,2026-08-28 21:02:19,2026-08-28 21:07:19,DE,SaaS Platform,D,PUR-001,PureLife GlucoMonitor,Medical Device,PureLife,Pharmacy/B2B,1,85.0,EUR,0.1,85.0,76.5
TXN-DE-4-001654,2026-08-28 12:39:20,2026-08-28 12:45:20,DE,SaaS Platform,D,PUR-002,PureLife BP Monitor,Medical Device,PureLife,Pharmacy/B2B,10,90.0,EUR,0.1,900.0,810.0
TXN-DE-4-001655,2026-08-28 08:24:14,2026-08-28 08:26:14,DE,SaaS Platform,D,VIT-001,Vitalis C1000,Supplement,Vitalis,E-commerce,9,21.0,EUR,0.15,189.0,160.65
TXN-DE-4-001656,2026-08-28 08:47:37,2026-08-28 08:48:37,DE,SaaS Platform,D,DER-001,Dermacare GlowSerum,Aesthetic,Dermacare,D2C,6,32.0,EUR,0.2,192.0,153.6
TXN-DE-4-001657,2026-08-28 08:56:32,2026-08-28 09:02:32,DE,SaaS Platform,D,MED-002,Medora Derm Cream,Prescription,Medora,Wholesale,2,26.0,EUR,0.2,52.0,41.6
TXN-DE-4-001658,2026-08-28 09:56:21,2026-08-28 10:01:21,DE,SaaS Platform,D,DER-002,Dermacare LiftCream,Aesthetic,Dermacare,Wholesale,7,37.0,EUR,0.1,259.0,233.1
TXN-DE-4-001659,2026-08-28 00:46:18,2026-08-28 00:48:18,DE,SaaS Platform,D,MED-001,Medora Cardio 10mg,Prescription,Medora,D2C,2,43.0,EUR,0.0,86.0,86.0
TXN-DE-4-001660,2026-08-28 04:39:29,2026-08-28 04:41:29,DE,SaaS Platform,D,DER-001,Dermacare GlowSerum,Aesthetic,Dermacare,E-commerce,7,32.0,EUR,0.0,224.0,224.0
TXN-DE-4-001661,2026-08-28 06:28:38,2026-08-28 06:33:38,DE,SaaS Platform,D,DER-001,Dermacare GlowSerum,Aesthetic,Dermacare,Wholesale,12,32.0,EUR,0.05,384.0,364.8
TXN-DE-4-001662,2026-08-28 06:58:25,2026-08-28 07:03:25,DE,SaaS Platform,D,SAN-001,SanaPlus PainRelief,OTC,SanaPlus,Wholesale,7,9.5,EUR,0.15,66.5,56.52
TXN-DE-4-001663,2026-08-28 04:47:00,2026-08-28 04:48:00,DE,SaaS Platform,D,VIT-002,Vitalis Multivit,Supplement,Vitalis,Wholesale,9,17.0,EUR,0.2,153.0,122.4
TXN-DE-4-001664,2026-08-28 17:42:18,2026-08-28 17:44:18,DE,SaaS Platform,D,DER-002,Dermacare LiftCream,Aesthetic,Dermacare,D2C,1,37.0,EUR,0.1,37.0,33.3
TXN-DE-4-001665,2026-08-28 07:25:10,2026-08-28 07:27:10,DE,SaaS Platform,D,DER-001,Dermacare GlowSerum,Aesthetic,Dermacare,Pharmacy/B2B,2,32.0,EUR,0.0,64.0,64.0
TXN-DE-4-001666,2026-08-28 07:37:52,2026-08-28 07:39:52,DE,SaaS Platform,D,DER-002,Dermacare LiftCream,Aesthetic,Dermacare,D2C,6,37.0,EUR,0.0,222.0,222.0
TXN-DE-4-001667,2026-08-28 21:31:05,2026-08-28 21:37:05,DE,SaaS Platform,D,MED-002,Medora Derm Cream,Prescription,Medora,E-commerce,4,26.0,EUR,0.05,104.0,98.8
TXN-DE-4-001668,2026-08-28 21:58:50,2026-08-28 22:00:50,DE,SaaS Platform,D,DER-002,Dermacare LiftCream,Aesthetic,Dermacare,D2C,7,37.0,EUR,0.1,259.0,233.1
TXN-DE-4-001669,2026-08-28 05:04:02,2026-08-28 05:10:02,DE,SaaS Platform,D,DER-002,Dermacare LiftCream,Aesthetic,Dermacare,E-commerce,5,37.0,EUR,0.0,185.0,185.0
TXN-DE-4-001670,2026-08-28 19:46:00,2026-08-28 19:50:00,DE,SaaS Platform,D,PUR-002,PureLife BP Monitor,Medical Device,PureLife,E-commerce,10,90.0,EUR,0.1,900.0,810.0
TXN-DE-4-001671,2026-08-28 13:06:56,2026-08-28 13:08:56,DE,SaaS Platform,D,MED-002,Medora Derm Cream,Prescription,Medora,Pharmacy/B2B,2,26.0,EUR,0.1,52.0,46.8
TXN-DE-4-001672,2026-08-28 00:35:16,2026-08-28 00:36:16,DE,SaaS Platform,D,DER-002,Dermacare LiftCream,Aesthetic,Dermacare,Wholesale,9,37.0,EUR,0.2,333.0,266.4
TXN-DE-4-001673,2026-08-28 18:28:20,2026-08-28 18:31:20,DE,SaaS Platform,D,SAN-001,SanaPlus PainRelief,OTC,SanaPlus,Pharmacy/B2B,1,9.5,EUR,0.0,9.5,9.5
TXN-DE-4-001674,2026-08-28 10:09:01,2026-08-28 10:12:01,DE,SaaS Platform,D,MED-002,Medora Derm Cream,Prescription,Medora,Wholesale,11,26.0,EUR,0.0,286.0,286.0
TXN-DE-4-001675,2026-08-28 00:17:22,2026-08-28 00:18:22,DE,SaaS Platform,D,PUR-002,PureLife BP Monitor,Medical Device,PureLife,E-commerce,2,90.0,EUR,0.2,180.0,144.0
TXN-DE-4-001676,2026-08-28 18:00:21,2026-08-28 18:05:21,DE,SaaS Platform,D,SAN-002,SanaPlus ColdFlu,OTC,SanaPlus,E-commerce,8,10.5,EUR,0.1,84.0,75.6
TXN-DE-4-001677,2026-08-28 20:41:29,2026-08-28 20:43:29,DE,SaaS Platform,D,MED-001,Medora Cardio 10mg,Prescription,Medora,D2C,10,43.0,EUR,0.0,430.0,430.0
TXN-DE-4-001678,2026-08-28 13:05:26,2026-08-28 13:09:26,DE,SaaS Platform,D,SAN-001,SanaPlus PainRelief,OTC,SanaPlus,D2C,5,9.5,EUR,0.2,47.5,38.0
TXN-DE-4-001679,2026-08-28 19:12:39,2026-08-28 19:17:39,DE,SaaS Platform,D,PUR-001,PureLife GlucoMonitor,Medical Device,PureLife,Pharmacy/B2B,10,85.0,EUR,0.1,850.0,765.0
TXN-DE-4-001680,2026-08-28 00:16:27,2026-08-28 00:18:27,DE,SaaS Platform,D,PUR-002,PureLife BP Monitor,Medical Device,PureLife,E-commerce,3,90.0,EUR,0.2,270.0,216.0
TXN-DE-4-001681,2026-08-28 00:36:17,2026-08-28 00:39:17,DE,SaaS Platform,D,MED-002,Medora Derm Cream,Prescription,Medora,Wholesale,7,26.0,EUR,0.0,182.0,182.0
TXN-DE-4-001682,2026-08-28 21:25:44,2026-08-28 21:27:44,DE,SaaS Platform,D,DER-002,Dermacare LiftCream,Aesthetic,Dermacare,E-commerce,1,37.0,EUR,0.15,37.0,31.45
TXN-DE-4-001683,2026-08-28 10:42:07,2026-08-28 10:45:07,DE,SaaS Platform,D,PUR-001,PureLife GlucoMonitor,Medical Device,PureLife,Pharmacy/B2B,4,85.0,EUR,0.05,340.0,323.0
TXN-DE-4-001684,2026-08-28 13:02:41,2026-08-28 13:05:41,DE,SaaS Platform,D,SAN-002,SanaPlus ColdFlu,OTC,SanaPlus,Pharmacy/B2B,3,10.5,EUR,0.0,31.5,31.5
TXN-DE-4-001685,2026-08-28 13:41:56,2026-08-28 13:47:56,DE,SaaS Platform,D,MED-001,Medora Cardio 10mg,Prescription,Medora,D2C,3,43.0,EUR,0.15,129.0,109.65
TXN-DE-4-001686,2026-08-28 11:22:40,2026-08-28 11:26:40,DE,SaaS Platform,D,PUR-001,PureLife GlucoMonitor,Medical Device,PureLife,Wholesale,7,85.0,EUR,0.05,595.0,565.25
TXN-DE-4-001687,2026-08-28 14:37:57,2026-08-28 14:38:57,DE,SaaS Platform,D,VIT-001,Vitalis C1000,Supplement,Vitalis,Wholesale,12,21.0,EUR,0.15,252.0,214.2
TXN-DE-4-001688,2026-08-28 08:34:45,2026-08-28 08:35:45,DE,SaaS Platform,D,PUR-002,PureLife BP Monitor,Medical Device,PureLife,Pharmacy/B2B,7,90.0,EUR,0.2,630.0,504.0
TXN-DE-4-001689,2026-08-28 10:16:53,2026-08-28 10:22:53,DE,SaaS Platform,D,SAN-001,SanaPlus PainRelief,OTC,SanaPlus,D2C,8,9.5,EUR,0.0,76.0,76.0
TXN-DE-4-001690,2026-08-28 10:37:36,2026-08-28 10:43:36,DE,SaaS Platform,D,SAN-001,SanaPlus PainRelief,OTC,SanaPlus,E-commerce,1,9.5,EUR,0.0,9.5,9.5
TXN-DE-4-001691,2026-08-28 12:55:45,2026-08-28 13:01:45,DE,SaaS Platform,D,MED-001,Medora Cardio 10mg,Prescription,Medora,E-commerce,2,43.0,EUR,0.1,86.0,77.4
TXN-DE-4-001692,2026-08-28 07:13:59,2026-08-28 07:14:59,DE,SaaS Platform,D,MED-002,Medora Derm Cream,Prescription,Medora,Wholesale,5,26.0,EUR,0.0,130.0,130.0
TXN-DE-4-001693,2026-08-28 07:53:02,2026-08-28 07:57:02,DE,SaaS Platform,D,MED-001,Medora Cardio 10mg,Prescription,Medora,D2C,12,43.0,EUR,0.0,516.0,516.0
TXN-DE-4-001694,2026-08-28 01:23:43,2026-08-28 01:28:43,DE,SaaS Platform,D,VIT-002,Vitalis Multivit,Supplement,Vitalis,Pharmacy/B2B,12,17.0,EUR,0.15,204.0,173.4
TXN-DE-4-001695,2026-08-28 06:22:04,2026-08-28 06:26:04,DE,SaaS Platform,D,SAN-001,SanaPlus PainRelief,OTC,SanaPlus,Wholesale,1,9.5,EUR,0.15,9.5,8.07
TXN-DE-4-001696,2026-08-28 23:05:46,2026-08-28 23:07:46,DE,SaaS Platform,D,SAN-001,SanaPlus PainRelief,OTC,SanaPlus,Pharmacy/B2B,7,9.5,EUR,0.0,66.5,66.5
TXN-DE-4-001697,2026-08-28 04:10:19,2026-08-28 04:14:19,DE,SaaS Platform,D,MED-002,Medora Derm Cream,Prescription,Medora,E-commerce,10,26.0,EUR,0.2,260.0,208.0
TXN-DE-4-001698,2026-08-28 03:42:40,2026-08-28 03:43:40,DE,SaaS Platform,D,SAN-001,SanaPlus PainRelief,OTC,SanaPlus,Pharmacy/B2B,10,9.5,EUR,0.0,95.0,95.0
TXN-DE-4-001699,2026-08-28 04:41:35,2026-08-28 04:42:35,DE,SaaS Platform,D,PUR-001,PureLife GlucoMonitor,Medical Device,PureLife,Wholesale,10,85.0,EUR,0.2,850.0,680.0
TXN-DE-4-001700,2026-08-28 18:36:41,2026-08-28 18:40:41,DE,SaaS Platform,D,PUR-002,PureLife BP Monitor,Medical Device,PureLife,E-commerce,11,90.0,EUR,0.15,990.0,841.5
TXN-DE-4-001701,2026-08-28 05:09:27,2026-08-28 05:11:27,DE,SaaS Platform,D,SAN-001,SanaPlus PainRelief,OTC,SanaPlus,Pharmacy/B2B,8,9.5,EUR,0.0,76.0,76.0
TXN-DE-4-001702,2026-08-28 19:02:38,2026-08-28 19:08:38,DE,SaaS Platform,D,MED-002,Medora Derm Cream,Prescription,Medora,Pharmacy/B2B,7,26.0,EUR,0.15,182.0,154.7
TXN-DE-4-001703,2026-08-28 19:40:09,2026-08-28 19:43:09,DE,SaaS Platform,D,MED-002,Medora Derm Cream,Prescription,Medora,E-commerce,3,26.0,EUR,0.2,78.0,62.4
TXN-DE-4-001704,2026-08-28 08:40:05,2026-08-28 08:46:05,DE,SaaS Platform,D,MED-001,Medora Cardio 10mg,Prescription,Medora,E-commerce,12,43.0,EUR,0.05,516.0,490.2
TXN-DE-4-001705,2026-08-28 09:27:23,2026-08-28 09:31:23,DE,SaaS Platform,D,VIT-001,Vitalis C1000,Supplement,Vitalis,D2C,8,21.0,EUR,0.1,168.0,151.2
TXN-DE-4-001706,2026-08-28 22:59:28,2026-08-28 23:01:28,DE,SaaS Platform,D,PUR-001,PureLife GlucoMonitor,Medical Device,PureLife,Wholesale,9,85.0,EUR,0.05,765.0,726.75
TXN-DE-4-001707,2026-08-28 08:37:49,2026-08-28 08:42:49,DE,SaaS Platform,D,PUR-001,PureLife GlucoMonitor,Medical Device,PureLife,E-commerce,3,85.0,EUR,0.05,255.0,242.25
TXN-DE-4-001708,2026-08-28 09:33:13,2026-08-28 09:37:13,DE,SaaS Platform,D,DER-002,Dermacare LiftCream,Aesthetic,Dermacare,Wholesale,8,37.0,EUR,0.05,296.0,281.2
TXN-DE-4-001709,2026-08-28 18:12:57,2026-08-28 18:15:57,DE,SaaS Platform,D,VIT-002,Vitalis Multivit,Supplement,Vitalis,Pharmacy/B2B,3,17.0,EUR,0.1,51.0,45.9
TXN-DE-4-001710,2026-08-28 10:18:19,2026-08-28 10:23:19,DE,SaaS Platform,D,VIT-001,Vitalis C1000,Supplement,Vitalis,E-commerce,1,21.0,EUR,0.2,21.0,16.8
TXN-DE-4-001711,2026-08-28 08:19:52,2026-08-28 08:23:52,DE,SaaS Platform,D,SAN-001,SanaPlus PainRelief,OTC,SanaPlus,D2C,7,9.5,EUR,0.05,66.5,63.17
TXN-DE-4-001712,2026-08-28 01:06:25,2026-08-28 01:11:25,DE,SaaS Platform,D,SAN-002,SanaPlus ColdFlu,OTC,SanaPlus,Wholesale,1,10.5,EUR,0.15,10.5,8.92
TXN-DE-4-001713,2026-08-28 14:11:10,2026-08-28 14:15:10,DE,SaaS Platform,D,MED-001,Medora Cardio 10mg,Prescription,Medora,Pharmacy/B2B,10,43.0,EUR,0.0,430.0,430.0
TXN-DE-4-001714,2026-08-28 00:04:18,2026-08-28 00:10:18,DE,SaaS Platform,D,PUR-002,PureLife BP Monitor,Medical Device,PureLife,E-commerce,1,90.0,EUR,0.0,90.0,90.0
TXN-DE-4-001715,2026-08-28 03:33:41,2026-08-28 03:34:41,DE,SaaS Platform,D,DER-002,Dermacare LiftCream,Aesthetic,Dermacare,D2C,12,37.0,EUR,0.1,444.0,399.6
TXN-DE-4-001716,2026-08-28 12:01:42,2026-08-28 12:02:42,DE,SaaS Platform,D,DER-002,Dermacare LiftCream,Aesthetic,Dermacare,Wholesale,4,37.0,EUR,0.0,148.0,148.0
TXN-DE-4-001717,2026-08-28 22:06:59,2026-08-28 22:10:59,DE,SaaS Platform,D,SAN-001,SanaPlus PainRelief,OTC,SanaPlus,Wholesale,4,9.5,EUR,0.1,38.0,34.2
TXN-DE-4-001718,2026-08-28 06:41:55,2026-08-28 06:47:55,DE,SaaS Platform,D,MED-001,Medora Cardio 10mg,Prescription,Medora,E-commerce,8,43.0,EUR,0.15,344.0,292.4
TXN-DE-4-001719,2026-08-28 14:15:23,2026-08-28 14:17:23,DE,SaaS Platform,D,PUR-002,PureLife BP Monitor,Medical Device,PureLife,Pharmacy/B2B,5,90.0,EUR,0.2,450.0,360.0
TXN-DE-4-001720,2026-08-28 08:07:53,2026-08-28 08:11:53,DE,SaaS Platform,D,SAN-002,SanaPlus ColdFlu,OTC,SanaPlus,Pharmacy/B2B,4,10.5,EUR,0.0,42.0,42.0
TXN-DE-4-001721,2026-08-28 07:31:47,2026-08-28 07:32:47,DE,SaaS Platform,D,MED-002,Medora Derm Cream,Prescription,Medora,Pharmacy/B2B,4,26.0,EUR,0.2,104.0,83.2
TXN-DE-4-001722,2026-08-28 03:06:18,2026-08-28 03:11:18,DE,SaaS Platform,D,VIT-002,Vitalis Multivit,Supplement,Vitalis,E-commerce,10,17.0,EUR,0.0,170.0,170.0
TXN-DE-4-001723,2026-08-28 21:29:01,2026-08-28 21:31:01,DE,SaaS Platform,D,VIT-002,Vitalis Multivit,Supplement,Vitalis,E-commerce,5,17.0,EUR,0.0,85.0,85.0
TXN-DE-4-001724,2026-08-28 12:39:04,2026-08-28 12:45:04,DE,SaaS Platform,D,MED-001,Medora Cardio 10mg,Prescription,Medora,Wholesale,8,43.0,EUR,0.0,344.0,344.0
TXN-DE-4-001725,2026-08-28 11:30:30,2026-08-28 11:36:30,DE,SaaS Platform,D,SAN-002,SanaPlus ColdFlu,OTC,SanaPlus,D2C,9,10.5,EUR,0.1,94.5,85.05
TXN-DE-4-001726,2026-08-28 08:07:48,2026-08-28 08:12:48,DE,SaaS Platform,D,DER-002,Dermacare LiftCream,Aesthetic,Dermacare,Pharmacy/B2B,11,37.0,EUR,0.0,407.0,407.0
TXN-DE-4-001727,2026-08-28 16:36:01,2026-08-28 16:37:01,DE,SaaS Platform,D,VIT-001,Vitalis C1000,Supplement,Vitalis,Pharmacy/B2B,4,21.0,EUR,0.05,84.0,79.8
TXN-DE-4-001728,2026-08-28 01:31:36,2026-08-28 01:32:36,DE,SaaS Platform,D,VIT-002,Vitalis Multivit,Supplement,Vitalis,D2C,3,17.0,EUR,0.15,51.0,43.35
TXN-DE-4-001729,2026-08-28 06:03:49,2026-08-28 06:05:49,DE,SaaS Platform,D,PUR-002,PureLife BP Monitor,Medical Device,PureLife,E-commerce,7,90.0,EUR,0.0,630.0,630.0
TXN-DE-4-001730,2026-08-28 16:19:54,2026-08-28 16:22:54,DE,SaaS Platform,D,SAN-001,SanaPlus PainRelief,OTC,SanaPlus,E-commerce,7,9.5,EUR,0.0,66.5,66.5
TXN-DE-4-001731,2026-08-28 03:11:53,2026-08-28 03:15:53,DE,SaaS Platform,D,DER-002,Dermacare LiftCream,Aesthetic,Dermacare,E-commerce,4,37.0,EUR,0.2,148.0,118.4
TXN-DE-4-001732,2026-08-28 11:09:47,2026-08-28 11:11:47,DE,SaaS Platform,D,MED-001,Medora Cardio 10mg,Prescription,Medora,Pharmacy/B2B,1,43.0,EUR,0.2,43.0,34.4
TXN-DE-4-001733,2026-08-28 02:33:46,2026-08-28 02:39:46,DE,SaaS Platform,D,VIT-002,Vitalis Multivit,Supplement,Vitalis,Wholesale,9,17.0,EUR,0.15,153.0,130.05
TXN-DE-4-001734,2026-08-28 21:33:23,2026-08-28 21:34:23,DE,SaaS Platform,D,SAN-001,SanaPlus PainRelief,OTC,SanaPlus,Wholesale,2,9.5,EUR,0.0,19.0,19.0
TXN-DE-4-001735,2026-08-28 09:36:31,2026-08-28 09:40:31,DE,SaaS Platform,D,VIT-001,Vitalis C1000,Supplement,Vitalis,Wholesale,10,21.0,EUR,0.0,210.0,210.0
TXN-DE-4-001736,2026-08-28 07:47:33,2026-08-28 07:49:33,DE,SaaS Platform,D,PUR-001,PureLife GlucoMonitor,Medical Device,PureLife,D2C,4,85.0,EUR,0.2,340.0,272.0
TXN-DE-4-001737,2026-08-28 11:20:37,2026-08-28 11:21:37,DE,SaaS Platform,D,SAN-002,SanaPlus ColdFlu,OTC,SanaPlus,Pharmacy/B2B,3,10.5,EUR,0.0,31.5,31.5
TXN-DE-4-001738,2026-08-28 03:01:33,2026-08-28 03:03:33,DE,SaaS Platform,D,DER-002,Dermacare LiftCream,Aesthetic,Dermacare,E-commerce,6,37.0,EUR,0.15,222.0,188.7
TXN-DE-4-001739,2026-08-28 20:04:37,2026-08-28 20:09:37,DE,SaaS Platform,D,DER-001,Dermacare GlowSerum,Aesthetic,Dermacare,Pharmacy/B2B,7,32.0,EUR,0.15,224.0,190.4
TXN-DE-4-001740,2026-08-28 15:12:13,2026-08-28 15:17:13,DE,SaaS Platform,D,DER-002,Dermacare LiftCream,Aesthetic,Dermacare,Wholesale,4,37.0,EUR,0.0,148.0,148.0
TXN-DE-4-001741,2026-08-28 17:53:25,2026-08-28 17:56:25,DE,SaaS Platform,D,SAN-002,SanaPlus ColdFlu,OTC,SanaPlus,E-commerce,2,10.5,EUR,0.2,21.0,16.8
TXN-DE-4-001742,2026-08-28 12:32:07,2026-08-28 12:35:07,DE,SaaS Platform,D,VIT-001,Vitalis C1000,Supplement,Vitalis,D2C,7,21.0,EUR,0.0,147.0,147.0
TXN-DE-4-001743,2026-08-28 22:06:57,2026-08-28 22:08:57,DE,SaaS Platform,D,SAN-002,SanaPlus ColdFlu,OTC,SanaPlus,E-commerce,7,10.5,EUR,0.0,73.5,73.5
TXN-DE-4-001744,2026-08-28 01:24:42,2026-08-28 01:30:42,DE,SaaS Platform,D,DER-002,Dermacare LiftCream,Aesthetic,Dermacare,Wholesale,12,37.0,EUR,0.2,444.0,355.2
TXN-DE-4-001744,2026-08-28 01:24:42,2026-08-28 01:34:42,DE,SaaS Platform,D,DER-002,Dermacare LiftCream,Aesthetic,Dermacare,Wholesale,12,37.0,EUR,0.2,444.0,355.2
