transaction_id,order_datetime_utc,ingested_at_utc,country,source_system,source_scenario,product_code,product_name,product_category,brand,sales_channel,quantity,unit_price,currency,discount_pct,gross_amount,net_amount
TXN-GB-4-000001,2026-08-28 08:15:54,2026-08-28 08:17:54,GB,Legacy Oracle EBS,E,DER-002,Dermacare LiftCream,Aesthetic,Dermacare,E-commerce,2,31.62,GBP,0.0,63.24,63.24
TXN-GB-4-000002,2026-08-28 22:59:21,2026-08-28 23:00:21,GB,Legacy Oracle EBS,E,PUR-001,PureLife GlucoMonitor,Medical Device,PureLife,Pharmacy/B2B,5,72.65,GBP,0.0,363.25,363.25
TXN-GB-4-000003,2026-08-28 19:00:00,2026-08-28 19:05:00,GB,Legacy Oracle EBS,E,SAN-001,SanaPlus PainRelief,OTC,SanaPlus,D2C,6,8.12,GBP,0.0,48.72,48.72
TXN-GB-4-000004,2026-08-28 22:51:12,2026-08-28 22:57:12,GB,Legacy Oracle EBS,E,VIT-001,Vitalis C1000,Supplement,Vitalis,Pharmacy/B2B,4,17.95,GBP,0.15,71.8,61.03
TXN-GB-4-000005,2026-08-28 21:06:37,2026-08-28 21:07:37,GB,Legacy Oracle EBS,E,PUR-002,PureLife BP Monitor,Medical Device,PureLife,Pharmacy/B2B,11,76.92,GBP,0.2,846.12,676.9
TXN-GB-4-000006,2026-08-28 20:11:54,2026-08-28 20:16:54,GB,Legacy Oracle EBS,E,DER-002,Dermacare LiftCream,Aesthetic,Dermacare,Wholesale,9,31.62,GBP,0.0,284.58,284.58
TXN-GB-4-000007,2026-08-28 10:10:31,2026-08-28 10:12:31,GB,Legacy Oracle EBS,E,DER-002,Dermacare LiftCream,Aesthetic,Dermacare,E-commerce,7,31.62,GBP,0.15,221.34,188.14
TXN-GB-4-000008,2026-08-28 07:50:58,2026-08-28 07:56:58,GB,Legacy Oracle EBS,E,VIT-002,Vitalis Multivit,Supplement,Vitalis,E-commerce,5,14.53,GBP,0.1,72.65,65.39
TXN-GB-4-000009,2026-08-28 08:32:14,2026-08-28 08:38:14,GB,Legacy Oracle EBS,E,VIT-002,Vitalis Multivit,Supplement,Vitalis,Pharmacy/B2B,12,14.53,GBP,0.1,174.36,156.92
TXN-GB-4-000010,2026-08-28 20:18:56,2026-08-28 20:22:56,GB,Legacy Oracle EBS,E,MED-002,Medora Derm Cream,Prescription,Medora,Pharmacy/B2B,11,22.22,GBP,0.1,244.42,219.98
TXN-GB-4-000011,2026-08-28 04:12:49,2026-08-28 04:18:49,GB,Legacy Oracle EBS,E,VIT-002,Vitalis Multivit,Supplement,Vitalis,Pharmacy/B2B,2,14.53,GBP,0.1,29.06,26.15
TXN-GB-4-000012,2026-08-28 11:09:51,2026-08-28 11:14:51,GB,Legacy Oracle EBS,E,SAN-002,SanaPlus ColdFlu,OTC,SanaPlus,D2C,10,8.97,GBP,0.0,89.7,89.7
TXN-GB-4-000013,2026-08-28 11:15:43,2026-08-28 11:18:43,GB,Legacy Oracle EBS,E,MED-001,Medora Cardio 10mg,Prescription,Medora,E-commerce,8,36.75,GBP,0.15,294.0,249.9
TXN-GB-4-000014,2026-08-28 02:42:01,2026-08-28 02:45:01,GB,Legacy Oracle EBS,E,SAN-001,SanaPlus PainRelief,OTC,SanaPlus,Pharmacy/B2B,10,8.12,GBP,0.2,81.2,64.96
TXN-GB-4-000015,2026-08-28 23:26:25,2026-08-28 23:31:25,GB,Legacy Oracle EBS,E,MED-001,Medora Cardio 10mg,Prescription,Medora,D2C,11,36.75,GBP,0.15,404.25,343.61
TXN-GB-4-000016,2026-08-28 15:00:28,2026-08-28 15:01:28,GB,Legacy Oracle EBS,E,SAN-002,SanaPlus ColdFlu,OTC,SanaPlus,Pharmacy/B2B,10,8.97,GBP,0.0,89.7,89.7
TXN-GB-4-000017,2026-08-28 07:33:36,2026-08-28 07:34:36,GB,Legacy Oracle EBS,E,SAN-001,SanaPlus PainRelief,OTC,SanaPlus,D2C,11,8.12,GBP,0.0,89.32,89.32
TXN-GB-4-000018,2026-08-28 15:30:02,2026-08-28 15:34:02,GB,Legacy Oracle EBS,E,VIT-001,Vitalis C1000,Supplement,Vitalis,Wholesale,4,17.95,GBP,0.15,71.8,61.03
TXN-GB-4-000019,2026-08-28 02:22:24,2026-08-28 02:26:24,GB,Legacy Oracle EBS,E,VIT-002,Vitalis Multivit,Supplement,Vitalis,E-commerce,8,14.53,GBP,0.2,116.24,92.99
TXN-GB-4-000020,2026-08-28 10:46:34,2026-08-28 10:52:34,GB,Legacy Oracle EBS,E,SAN-001,SanaPlus PainRelief,OTC,SanaPlus,Wholesale,2,8.12,GBP,0.1,16.24,14.62
TXN-GB-4-000021,2026-08-28 09:50:40,2026-08-28 09:53:40,GB,Legacy Oracle EBS,E,DER-001,Dermacare GlowSerum,Aesthetic,Dermacare,E-commerce,10,27.35,GBP,0.1,273.5,246.15
TXN-GB-4-000022,2026-08-28 16:46:25,2026-08-28 16:50:25,GB,Legacy Oracle EBS,E,VIT-002,Vitalis Multivit,Supplement,Vitalis,Wholesale,3,14.53,GBP,0.05,43.59,41.41
TXN-GB-4-000023,2026-08-28 14:50:41,2026-08-28 14:52:41,GB,Legacy Oracle EBS,E,MED-002,Medora Derm Cream,Prescription,Medora,D2C,9,22.22,GBP,0.05,199.98,189.98
TXN-GB-4-000024,2026-08-28 09:32:35,2026-08-28 09:35:35,GB,Legacy Oracle EBS,E,SAN-002,SanaPlus ColdFlu,OTC,SanaPlus,D2C,1,8.97,GBP,0.05,8.97,8.52
TXN-GB-4-000025,2026-08-28 12:04:14,2026-08-28 12:05:14,GB,Legacy Oracle EBS,E,SAN-002,SanaPlus ColdFlu,OTC,SanaPlus,Pharmacy/B2B,6,8.97,GBP,0.2,53.82,43.06
TXN-GB-4-000026,2026-08-28 23:36:55,2026-08-28 23:38:55,GB,Legacy Oracle EBS,E,DER-001,Dermacare GlowSerum,Aesthetic,Dermacare,Pharmacy/B2B,2,27.35,GBP,0.0,54.7,54.7
TXN-GB-4-000027,2026-08-28 10:57:11,2026-08-28 10:58:11,GB,Legacy Oracle EBS,E,PUR-001,PureLife GlucoMonitor,Medical Device,PureLife,D2C,1,72.65,GBP,0.05,72.65,69.02
TXN-GB-4-000028,2026-08-28 14:36:13,2026-08-28 14:41:13,GB,Legacy Oracle EBS,E,SAN-002,SanaPlus ColdFlu,OTC,SanaPlus,D2C,5,8.97,GBP,0.0,44.85,44.85
TXN-GB-4-000029,2026-08-28 00:48:06,2026-08-28 00:51:06,GB,Legacy Oracle EBS,E,MED-002,Medora Derm Cream,Prescription,Medora,Wholesale,6,22.22,GBP,0.1,133.32,119.99
TXN-GB-4-000030,2026-08-28 02:35:34,2026-08-28 02:37:34,GB,Legacy Oracle EBS,E,VIT-001,Vitalis C1000,Supplement,Vitalis,Wholesale,9,17.95,GBP,0.0,161.55,161.55
TXN-GB-4-000031,2026-08-28 13:30:39,2026-08-28 13:36:39,GB,Legacy Oracle EBS,E,VIT-001,Vitalis C1000,Supplement,Vitalis,E-commerce,1,17.95,GBP,0.15,17.95,15.26
TXN-GB-4-000032,2026-08-28 07:40:37,2026-08-28 07:45:37,GB,Legacy Oracle EBS,E,MED-001,Medora Cardio 10mg,Prescription,Medora,Wholesale,9,36.75,GBP,0.0,330.75,330.75
TXN-GB-4-000033,2026-08-28 05:46:22,2026-08-28 05:50:22,GB,Legacy Oracle EBS,E,SAN-001,SanaPlus PainRelief,OTC,SanaPlus,Pharmacy/B2B,11,8.12,GBP,0.05,89.32,84.85
TXN-GB-4-000034,2026-08-28 01:34:01,2026-08-28 01:40:01,GB,Legacy Oracle EBS,E,SAN-001,SanaPlus PainRelief,OTC,SanaPlus,Wholesale,6,8.12,GBP,0.15,48.72,41.41
TXN-GB-4-000035,2026-08-28 01:29:33,2026-08-28 01:33:33,GB,Legacy Oracle EBS,E,DER-001,Dermacare GlowSerum,Aesthetic,Dermacare,Wholesale,11,27.35,GBP,0.0,300.85,300.85
TXN-GB-4-000036,2026-08-28 20:41:53,2026-08-28 20:46:53,GB,Legacy Oracle EBS,E,MED-002,Medora Derm Cream,Prescription,Medora,Pharmacy/B2B,2,22.22,GBP,0.05,44.44,42.22
TXN-GB-4-000037,2026-08-28 20:25:38,2026-08-28 20:27:38,GB,Legacy Oracle EBS,E,VIT-002,Vitalis Multivit,Supplement,Vitalis,E-commerce,5,14.53,GBP,0.2,72.65,58.12
TXN-GB-4-000038,2026-08-28 17:41:01,2026-08-28 17:43:01,GB,Legacy Oracle EBS,E,MED-001,Medora Cardio 10mg,Prescription,Medora,D2C,3,36.75,GBP,0.0,110.25,110.25
TXN-GB-4-000039,2026-08-28 14:05:22,2026-08-28 14:11:22,GB,Legacy Oracle EBS,E,SAN-002,SanaPlus ColdFlu,OTC,SanaPlus,E-commerce,2,8.97,GBP,0.2,17.94,14.35
TXN-GB-4-000040,2026-08-28 15:23:59,2026-08-28 15:26:59,GB,Legacy Oracle EBS,E,PUR-001,PureLife GlucoMonitor,Medical Device,PureLife,Pharmacy/B2B,6,72.65,GBP,0.15,435.9,370.51
TXN-GB-4-000041,2026-08-28 07:32:05,2026-08-28 07:34:05,GB,Legacy Oracle EBS,E,VIT-001,Vitalis C1000,Supplement,Vitalis,E-commerce,10,17.95,GBP,0.2,179.5,143.6
TXN-GB-4-000042,2026-08-28 03:19:55,2026-08-28 03:22:55,GB,Legacy Oracle EBS,E,VIT-002,Vitalis Multivit,Supplement,Vitalis,E-commerce,6,14.53,GBP,0.2,87.18,69.74
TXN-GB-4-000043,2026-08-28 09:06:11,2026-08-28 09:08:11,GB,Legacy Oracle EBS,E,PUR-002,PureLife BP Monitor,Medical Device,PureLife,D2C,9,76.92,GBP,0.15,692.28,588.44
TXN-GB-4-000044,2026-08-28 03:30:45,2026-08-28 03:35:45,GB,Legacy Oracle EBS,E,SAN-001,SanaPlus PainRelief,OTC,SanaPlus,D2C,3,8.12,GBP,0.1,24.36,21.92
TXN-GB-4-000045,2026-08-28 08:43:36,2026-08-28 08:45:36,GB,Legacy Oracle EBS,E,DER-001,Dermacare GlowSerum,Aesthetic,Dermacare,Pharmacy/B2B,5,27.35,GBP,0.15,136.75,116.24
TXN-GB-4-000046,2026-08-28 18:33:32,2026-08-28 18:35:32,GB,Legacy Oracle EBS,E,VIT-002,Vitalis Multivit,Supplement,Vitalis,Wholesale,4,14.53,GBP,0.15,58.12,49.4
TXN-GB-4-000047,2026-08-28 04:06:06,2026-08-28 04:07:06,GB,Legacy Oracle EBS,E,PUR-001,PureLife GlucoMonitor,Medical Device,PureLife,Pharmacy/B2B,9,72.65,GBP,0.15,653.85,555.77
TXN-GB-4-000048,2026-08-28 20:43:37,2026-08-28 20:49:37,GB,Legacy Oracle EBS,E,MED-001,Medora Cardio 10mg,Prescription,Medora,Wholesale,2,36.75,GBP,0.15,73.5,62.48
TXN-GB-4-000049,2026-08-28 02:55:45,2026-08-28 02:59:45,GB,Legacy Oracle EBS,E,MED-001,Medora Cardio 10mg,Prescription,Medora,D2C,2,36.75,GBP,0.0,73.5,73.5
TXN-GB-4-000050,2026-08-28 09:46:35,2026-08-28 09:48:35,GB,Legacy Oracle EBS,E,SAN-002,SanaPlus ColdFlu,OTC,SanaPlus,Pharmacy/B2B,6,8.97,GBP,0.15,53.82,45.75
TXN-GB-4-000051,2026-08-28 01:28:52,2026-08-28 01:29:52,GB,Legacy Oracle EBS,E,PUR-002,PureLife BP Monitor,Medical Device,PureLife,E-commerce,1,76.92,GBP,0.0,76.92,76.92
TXN-GB-4-000052,2026-08-28 04:18:36,2026-08-28 04:23:36,GB,Legacy Oracle EBS,E,VIT-002,Vitalis Multivit,Supplement,Vitalis,Pharmacy/B2B,7,14.53,GBP,0.05,101.71,96.62
TXN-GB-4-000053,2026-08-28 02:59:22,2026-08-28 03:03:22,GB,Legacy Oracle EBS,E,PUR-002,PureLife BP Monitor,Medical Device,PureLife,Pharmacy/B2B,8,76.92,GBP,0.0,615.36,615.36
TXN-GB-4-000054,2026-08-28 01:00:05,2026-08-28 01:06:05,GB,Legacy Oracle EBS,E,VIT-002,Vitalis Multivit,Supplement,Vitalis,Wholesale,9,14.53,GBP,0.15,130.77,111.15
TXN-GB-4-000055,2026-08-28 12:19:35,2026-08-28 12:22:35,GB,Legacy Oracle EBS,E,MED-002,Medora Derm Cream,Prescription,Medora,Pharmacy/B2B,7,22.22,GBP,0.1,155.54,139.99
TXN-GB-4-000056,2026-08-28 13:23:23,2026-08-28 13:24:23,GB,Legacy Oracle EBS,E,VIT-001,Vitalis C1000,Supplement,Vitalis,E-commerce,9,17.95,GBP,0.05,161.55,153.47
TXN-GB-4-000057,2026-08-28 02:38:33,2026-08-28 02:39:33,GB,Legacy Oracle EBS,E,MED-002,Medora Derm Cream,Prescription,Medora,E-commerce,5,22.22,GBP,0.0,111.1,111.1
TXN-GB-4-000058,2026-08-28 15:32:19,2026-08-28 15:35:19,GB,Legacy Oracle EBS,E,PUR-001,PureLife GlucoMonitor,Medical Device,PureLife,Pharmacy/B2B,9,72.65,GBP,0.15,653.85,555.77
TXN-GB-4-000059,2026-08-28 19:52:18,2026-08-28 19:53:18,GB,Legacy Oracle EBS,E,MED-001,Medora Cardio 10mg,Prescription,Medora,E-commerce,3,36.75,GBP,0.2,110.25,88.2
TXN-GB-4-000060,2026-08-28 04:52:29,2026-08-28 04:58:29,GB,Legacy Oracle EBS,E,MED-001,Medora Cardio 10mg,Prescription,Medora,Pharmacy/B2B,7,36.75,GBP,0.1,257.25,231.53
TXN-GB-4-000061,2026-08-28 19:20:22,2026-08-28 19:24:22,GB,Legacy Oracle EBS,E,SAN-001,SanaPlus PainRelief,OTC,SanaPlus,D2C,11,8.12,GBP,0.15,89.32,75.92
TXN-GB-4-000062,2026-08-28 03:13:14,2026-08-28 03:18:14,GB,Legacy Oracle EBS,E,VIT-001,Vitalis C1000,Supplement,Vitalis,Wholesale,3,17.95,GBP,0.2,53.85,43.08
TXN-GB-4-000063,2026-08-28 09:35:47,2026-08-28 09:41:47,GB,Legacy Oracle EBS,E,VIT-002,Vitalis Multivit,Supplement,Vitalis,Wholesale,8,14.53,GBP,0.05,116.24,110.43
TXN-GB-4-000064,2026-08-28 08:36:57,2026-08-28 08:37:57,GB,Legacy Oracle EBS,E,SAN-001,SanaPlus PainRelief,OTC,SanaPlus,Wholesale,9,8.12,GBP,0.0,73.08,73.08
TXN-GB-4-000065,2026-08-28 12:53:47,2026-08-28 12:58:47,GB,Legacy Oracle EBS,E,SAN-001,SanaPlus PainRelief,OTC,SanaPlus,Pharmacy/B2B,5,8.12,GBP,0.15,40.6,34.51
TXN-GB-4-000066,2026-08-28 15:57:07,2026-08-28 16:00:07,GB,Legacy Oracle EBS,E,DER-002,Dermacare LiftCream,Aesthetic,Dermacare,D2C,2,31.62,GBP,0.1,63.24,56.92
TXN-GB-4-000067,2026-08-28 15:01:41,2026-08-28 15:02:41,GB,Legacy Oracle EBS,E,PUR-001,PureLife GlucoMonitor,Medical Device,PureLife,Pharmacy/B2B,4,72.65,GBP,0.0,290.6,290.6
TXN-GB-4-000068,2026-08-28 10:33:09,2026-08-28 10:37:09,GB,Legacy Oracle EBS,E,MED-002,Medora Derm Cream,Prescription,Medora,Pharmacy/B2B,9,22.22,GBP,0.15,199.98,169.98
TXN-GB-4-000069,2026-08-28 10:18:13,2026-08-28 10:24:13,GB,Legacy Oracle EBS,E,DER-001,Dermacare GlowSerum,Aesthetic,Dermacare,D2C,1,27.35,GBP,0.2,27.35,21.88
TXN-GB-4-000070,2026-08-28 07:05:48,2026-08-28 07:06:48,GB,Legacy Oracle EBS,E,PUR-001,PureLife GlucoMonitor,Medical Device,PureLife,Wholesale,2,72.65,GBP,0.1,145.3,130.77
TXN-GB-4-000071,2026-08-28 04:45:59,2026-08-28 04:47:59,GB,Legacy Oracle EBS,E,DER-001,Dermacare GlowSerum,Aesthetic,Dermacare,Wholesale,7,27.35,GBP,0.15,191.45,162.73
TXN-GB-4-000072,2026-08-28 23:10:40,2026-08-28 23:16:40,GB,Legacy Oracle EBS,E,SAN-001,SanaPlus PainRelief,OTC,SanaPlus,Wholesale,3,8.12,GBP,0.0,24.36,24.36
TXN-GB-4-000073,2026-08-28 20:03:21,2026-08-28 20:07:21,GB,Legacy Oracle EBS,E,DER-001,Dermacare GlowSerum,Aesthetic,Dermacare,D2C,6,27.35,GBP,0.05,164.1,155.89
TXN-GB-4-000074,2026-08-28 23:12:37,2026-08-28 23:18:37,GB,Legacy Oracle EBS,E,SAN-002,SanaPlus ColdFlu,OTC,SanaPlus,Wholesale,8,8.97,GBP,0.0,71.76,71.76
TXN-GB-4-000075,2026-08-28 16:06:15,2026-08-28 16:11:15,GB,Legacy Oracle EBS,E,MED-002,Medora Derm Cream,Prescription,Medora,Pharmacy/B2B,3,22.22,GBP,0.2,66.66,53.33
TXN-GB-4-000076,2026-08-28 22:00:39,2026-08-28 22:05:39,GB,Legacy Oracle EBS,E,MED-001,Medora Cardio 10mg,Prescription,Medora,D2C,1,36.75,GBP,0.15,36.75,31.24
TXN-GB-4-000077,2026-08-28 12:33:14,2026-08-28 12:37:14,GB,Legacy Oracle EBS,E,MED-001,Medora Cardio 10mg,Prescription,Medora,E-commerce,12,36.75,GBP,0.0,441.0,441.0
TXN-GB-4-000078,2026-08-28 13:37:07,2026-08-28 13:42:07,GB,Legacy Oracle EBS,E,SAN-001,SanaPlus PainRelief,OTC,SanaPlus,E-commerce,12,8.12,GBP,0.0,97.44,97.44
TXN-GB-4-000079,2026-08-28 21:17:25,2026-08-28 21:22:25,GB,Legacy Oracle EBS,E,MED-001,Medora Cardio 10mg,Prescription,Medora,Pharmacy/B2B,4,36.75,GBP,0.0,147.0,147.0
TXN-GB-4-000080,2026-08-28 09:59:04,2026-08-28 10:00:04,GB,Legacy Oracle EBS,E,MED-001,Medora Cardio 10mg,Prescription,Medora,Wholesale,8,36.75,GBP,0.15,294.0,249.9
TXN-GB-4-000081,2026-08-28 14:34:52,2026-08-28 14:36:52,GB,Legacy Oracle EBS,E,DER-001,Dermacare GlowSerum,Aesthetic,Dermacare,D2C,8,27.35,GBP,0.0,218.8,218.8
TXN-GB-4-000082,2026-08-28 04:31:37,2026-08-28 04:35:37,GB,Legacy Oracle EBS,E,PUR-001,PureLife GlucoMonitor,Medical Device,PureLife,E-commerce,11,72.65,GBP,0.1,799.15,719.24
TXN-GB-4-000083,2026-08-28 14:04:25,2026-08-28 14:06:25,GB,Legacy Oracle EBS,E,MED-002,Medora Derm Cream,Prescription,Medora,D2C,2,22.22,GBP,0.0,44.44,44.44
TXN-GB-4-000084,2026-08-28 01:02:02,2026-08-28 01:05:02,GB,Legacy Oracle EBS,E,SAN-002,SanaPlus ColdFlu,OTC,SanaPlus,D2C,10,8.97,GBP,0.1,89.7,80.73
TXN-GB-4-000085,2026-08-28 06:15:43,2026-08-28 06:21:43,GB,Legacy Oracle EBS,E,PUR-001,PureLife GlucoMonitor,Medical Device,PureLife,Wholesale,6,72.65,GBP,0.15,435.9,370.51
TXN-GB-4-000086,2026-08-28 22:16:20,2026-08-28 22:18:20,GB,Legacy Oracle EBS,E,VIT-002,Vitalis Multivit,Supplement,Vitalis,Wholesale,3,14.53,GBP,0.0,43.59,43.59
TXN-GB-4-000087,2026-08-28 01:06:28,2026-08-28 01:09:28,GB,Legacy Oracle EBS,E,VIT-002,Vitalis Multivit,Supplement,Vitalis,Wholesale,4,14.53,GBP,0.1,58.12,52.31
TXN-GB-4-000088,2026-08-28 08:48:44,2026-08-28 08:54:44,GB,Legacy Oracle EBS,E,PUR-001,PureLife GlucoMonitor,Medical Device,PureLife,Pharmacy/B2B,7,72.65,GBP,0.0,508.55,508.55
TXN-GB-4-000089,2026-08-28 08:37:52,2026-08-28 08:40:52,GB,Legacy Oracle EBS,E,VIT-002,Vitalis Multivit,Supplement,Vitalis,D2C,9,14.53,GBP,0.05,130.77,124.23
TXN-GB-4-000090,2026-08-28 06:02:39,2026-08-28 06:08:39,GB,Legacy Oracle EBS,E,SAN-002,SanaPlus ColdFlu,OTC,SanaPlus,Pharmacy/B2B,1,8.97,GBP,0.2,8.97,7.18
TXN-GB-4-000091,2026-08-28 14:55:39,2026-08-28 15:01:39,GB,Legacy Oracle EBS,E,DER-001,Dermacare GlowSerum,Aesthetic,Dermacare,E-commerce,10,27.35,GBP,0.1,273.5,246.15
TXN-GB-4-000092,2026-08-28 10:07:29,2026-08-28 10:10:29,GB,Legacy Oracle EBS,E,VIT-002,Vitalis Multivit,Supplement,Vitalis,E-commerce,9,14.53,GBP,0.05,130.77,124.23
TXN-GB-4-000093,2026-08-28 09:46:41,2026-08-28 09:49:41,GB,Legacy Oracle EBS,E,SAN-002,SanaPlus ColdFlu,OTC,SanaPlus,E-commerce,6,8.97,GBP,0.1,53.82,48.44
TXN-GB-4-000094,2026-08-28 05:59:44,2026-08-28 06:01:44,GB,Legacy Oracle EBS,E,VIT-002,Vitalis Multivit,Supplement,Vitalis,Wholesale,4,14.53,GBP,0.0,58.12,58.12
TXN-GB-4-000095,2026-08-28 23:28:24,2026-08-28 23:32:24,GB,Legacy Oracle EBS,E,PUR-001,PureLife GlucoMonitor,Medical Device,PureLife,D2C,6,72.65,GBP,0.0,435.9,435.9
TXN-GB-4-000096,2026-08-28 02:41:57,2026-08-28 02:46:57,GB,Legacy Oracle EBS,E,MED-002,Medora Derm Cream,Prescription,Medora,E-commerce,6,22.22,GBP,0.0,133.32,133.32
TXN-GB-4-000097,2026-08-28 02:28:20,2026-08-28 02:29:20,GB,Legacy Oracle EBS,E,DER-002,Dermacare LiftCream,Aesthetic,Dermacare,D2C,11,31.62,GBP,0.15,347.82,295.65
TXN-GB-4-000098,2026-08-28 01:58:01,2026-08-28 02:04:01,GB,Legacy Oracle EBS,E,PUR-002,PureLife BP Monitor,Medical Device,PureLife,Wholesale,11,76.92,GBP,0.05,846.12,803.81
TXN-GB-4-000099,2026-08-28 06:26:08,2026-08-28 06:32:08,GB,Legacy Oracle EBS,E,DER-002,Dermacare LiftCream,Aesthetic,Dermacare,Pharmacy/B2B,8,31.62,GBP,0.15,252.96,215.02
TXN-GB-4-000100,2026-08-28 08:11:47,2026-08-28 08:15:47,GB,Legacy Oracle EBS,E,SAN-002,SanaPlus ColdFlu,OTC,SanaPlus,Wholesale,2,8.97,GBP,0.2,17.94,14.35
TXN-GB-4-000101,2026-08-28 13:16:15,2026-08-28 13:22:15,GB,Legacy Oracle EBS,E,MED-001,Medora Cardio 10mg,Prescription,Medora,Pharmacy/B2B,4,36.75,GBP,0.0,147.0,147.0
TXN-GB-4-000102,2026-08-28 12:21:03,2026-08-28 12:23:03,GB,Legacy Oracle EBS,E,PUR-002,PureLife BP Monitor,Medical Device,PureLife,Wholesale,10,76.92,GBP,0.0,769.2,769.2
TXN-GB-4-000103,2026-08-28 14:47:00,2026-08-28 14:52:00,GB,Legacy Oracle EBS,E,MED-002,Medora Derm Cream,Prescription,Medora,Wholesale,11,22.22,GBP,0.15,244.42,207.76
TXN-GB-4-000104,2026-08-28 04:36:44,2026-08-28 04:37:44,GB,Legacy Oracle EBS,E,VIT-001,Vitalis C1000,Supplement,Vitalis,Pharmacy/B2B,6,17.95,GBP,0.0,107.7,107.7
TXN-GB-4-000105,2026-08-28 04:01:16,2026-08-28 04:04:16,GB,Legacy Oracle EBS,E,DER-002,Dermacare LiftCream,Aesthetic,Dermacare,D2C,12,31.62,GBP,0.2,379.44,303.55
TXN-GB-4-000106,2026-08-28 18:23:30,2026-08-28 18:25:30,GB,Legacy Oracle EBS,E,DER-001,Dermacare GlowSerum,Aesthetic,Dermacare,D2C,8,27.35,GBP,0.05,218.8,207.86
TXN-GB-4-000107,2026-08-28 20:53:19,2026-08-28 20:58:19,GB,Legacy Oracle EBS,E,SAN-002,SanaPlus ColdFlu,OTC,SanaPlus,D2C,6,8.97,GBP,0.0,53.82,53.82
TXN-GB-4-000108,2026-08-28 04:35:18,2026-08-28 04:36:18,GB,Legacy Oracle EBS,E,PUR-002,PureLife BP Monitor,Medical Device,PureLife,Wholesale,9,76.92,GBP,0.15,692.28,588.44
TXN-GB-4-000109,2026-08-28 03:44:43,2026-08-28 03:46:43,GB,Legacy Oracle EBS,E,MED-001,Medora Cardio 10mg,Prescription,Medora,E-commerce,11,36.75,GBP,0.2,404.25,323.4
TXN-GB-4-000110,2026-08-28 20:12:01,2026-08-28 20:17:01,GB,Legacy Oracle EBS,E,VIT-002,Vitalis Multivit,Supplement,Vitalis,Pharmacy/B2B,5,14.53,GBP,0.05,72.65,69.02
TXN-GB-4-000111,2026-08-28 19:58:02,2026-08-28 20:00:02,GB,Legacy Oracle EBS,E,MED-002,Medora Derm Cream,Prescription,Medora,E-commerce,11,22.22,GBP,0.15,244.42,207.76
TXN-GB-4-000112,2026-08-28 19:14:28,2026-08-28 19:16:28,GB,Legacy Oracle EBS,E,MED-001,Medora Cardio 10mg,Prescription,Medora,D2C,8,36.75,GBP,0.0,294.0,294.0
TXN-GB-4-000113,2026-08-28 20:49:32,2026-08-28 20:50:32,GB,Legacy Oracle EBS,E,DER-002,Dermacare LiftCream,Aesthetic,Dermacare,D2C,11,31.62,GBP,0.0,347.82,347.82
TXN-GB-4-000114,2026-08-28 03:57:41,2026-08-28 03:59:41,GB,Legacy Oracle EBS,E,SAN-001,SanaPlus PainRelief,OTC,SanaPlus,D2C,6,8.12,GBP,0.2,48.72,38.98
TXN-GB-4-000115,2026-08-28 22:52:05,2026-08-28 22:58:05,GB,Legacy Oracle EBS,E,DER-001,Dermacare GlowSerum,Aesthetic,Dermacare,D2C,9,27.35,GBP,0.05,246.15,233.84
TXN-GB-4-000116,2026-08-28 19:42:13,2026-08-28 19:43:13,GB,Legacy Oracle EBS,E,SAN-001,SanaPlus PainRelief,OTC,SanaPlus,D2C,4,8.12,GBP,0.15,32.48,27.61
TXN-GB-4-000117,2026-08-28 08:20:57,2026-08-28 08:24:57,GB,Legacy Oracle EBS,E,MED-002,Medora Derm Cream,Prescription,Medora,E-commerce,3,22.22,GBP,0.1,66.66,59.99
TXN-GB-4-000118,2026-08-28 06:24:17,2026-08-28 06:25:17,GB,Legacy Oracle EBS,E,DER-002,Dermacare LiftCream,Aesthetic,Dermacare,E-commerce,4,31.62,GBP,0.0,126.48,126.48
TXN-GB-4-000119,2026-08-28 11:18:23,2026-08-28 11:19:23,GB,Legacy Oracle EBS,E,SAN-001,SanaPlus PainRelief,OTC,SanaPlus,E-commerce,2,8.12,GBP,0.2,16.24,12.99
TXN-GB-4-000120,2026-08-28 05:59:51,2026-08-28 06:00:51,GB,Legacy Oracle EBS,E,VIT-002,Vitalis Multivit,Supplement,Vitalis,Wholesale,3,14.53,GBP,0.15,43.59,37.05
TXN-GB-4-000121,2026-08-28 22:09:28,2026-08-28 22:13:28,GB,Legacy Oracle EBS,E,PUR-002,PureLife BP Monitor,Medical Device,PureLife,Pharmacy/B2B,12,76.92,GBP,0.0,923.04,923.04
TXN-GB-4-000122,2026-08-28 16:33:08,2026-08-28 16:39:08,GB,Legacy Oracle EBS,E,PUR-001,PureLife GlucoMonitor,Medical Device,PureLife,D2C,12,72.65,GBP,0.0,871.8,871.8
TXN-GB-4-000123,2026-08-28 04:49:13,2026-08-28 04:55:13,GB,Legacy Oracle EBS,E,PUR-001,PureLife GlucoMonitor,Medical Device,PureLife,Pharmacy/B2B,3,72.65,GBP,0.0,217.95,217.95
TXN-GB-4-000124,2026-08-28 11:00:28,2026-08-28 11:05:28,GB,Legacy Oracle EBS,E,DER-001,Dermacare GlowSerum,Aesthetic,Dermacare,E-commerce,12,27.35,GBP,0.05,328.2,311.79
TXN-GB-4-000125,2026-08-28 21:14:25,2026-08-28 21:18:25,GB,Legacy Oracle EBS,E,PUR-001,PureLife GlucoMonitor,Medical Device,PureLife,Pharmacy/B2B,5,72.65,GBP,0.0,363.25,363.25
TXN-GB-4-000126,2026-08-28 17:59:09,2026-08-28 18:05:09,GB,Legacy Oracle EBS,E,DER-002,Dermacare LiftCream,Aesthetic,Dermacare,Wholesale,7,31.62,GBP,0.2,221.34,177.07
TXN-GB-4-000127,2026-08-28 07:16:07,2026-08-28 07:17:07,GB,Legacy Oracle EBS,E,SAN-001,SanaPlus PainRelief,OTC,SanaPlus,D2C,5,8.12,GBP,0.15,40.6,34.51
TXN-GB-4-000128,2026-08-28 15:30:43,2026-08-28 15:31:43,GB,Legacy Oracle EBS,E,SAN-002,SanaPlus ColdFlu,OTC,SanaPlus,D2C,1,8.97,GBP,0.15,8.97,7.62
TXN-GB-4-000129,2026-08-28 14:15:59,2026-08-28 14:19:59,GB,Legacy Oracle EBS,E,PUR-002,PureLife BP Monitor,Medical Device,PureLife,Pharmacy/B2B,1,76.92,GBP,0.05,76.92,73.07
TXN-GB-4-000130,2026-08-28 17:53:27,2026-08-28 17:55:27,GB,Legacy Oracle EBS,E,VIT-001,Vitalis C1000,Supplement,Vitalis,Pharmacy/B2B,10,17.95,GBP,0.2,179.5,143.6
TXN-GB-4-000131,2026-08-28 04:39:15,2026-08-28 04:45:15,GB,Legacy Oracle EBS,E,DER-001,Dermacare GlowSerum,Aesthetic,Dermacare,Pharmacy/B2B,4,27.35,GBP,0.05,109.4,103.93
TXN-GB-4-000132,2026-08-28 00:05:34,2026-08-28 00:07:34,GB,Legacy Oracle EBS,E,DER-001,Dermacare GlowSerum,Aesthetic,Dermacare,E-commerce,6,27.35,GBP,0.1,164.1,147.69
TXN-GB-4-000133,2026-08-28 11:31:50,2026-08-28 11:36:50,GB,Legacy Oracle EBS,E,DER-002,Dermacare LiftCream,Aesthetic,Dermacare,Pharmacy/B2B,3,31.62,GBP,0.15,94.86,80.63
TXN-GB-4-000134,2026-08-28 09:55:23,2026-08-28 09:59:23,GB,Legacy Oracle EBS,E,SAN-001,SanaPlus PainRelief,OTC,SanaPlus,E-commerce,12,8.12,GBP,0.15,97.44,82.82
TXN-GB-4-000135,2026-08-28 09:53:17,2026-08-28 09:59:17,GB,Legacy Oracle EBS,E,DER-001,Dermacare GlowSerum,Aesthetic,Dermacare,E-commerce,7,27.35,GBP,0.0,191.45,191.45
TXN-GB-4-000136,2026-08-28 20:59:35,2026-08-28 21:03:35,GB,Legacy Oracle EBS,E,VIT-001,Vitalis C1000,Supplement,Vitalis,Pharmacy/B2B,9,17.95,GBP,0.2,161.55,129.24
TXN-GB-4-000137,2026-08-28 14:13:40,2026-08-28 14:15:40,GB,Legacy Oracle EBS,E,PUR-002,PureLife BP Monitor,Medical Device,PureLife,Pharmacy/B2B,3,76.92,GBP,0.2,230.76,184.61
TXN-GB-4-000138,2026-08-28 11:48:41,2026-08-28 11:53:41,GB,Legacy Oracle EBS,E,MED-001,Medora Cardio 10mg,Prescription,Medora,Wholesale,2,36.75,GBP,0.1,73.5,66.15
TXN-GB-4-000139,2026-08-28 16:12:48,2026-08-28 16:13:48,GB,Legacy Oracle EBS,E,DER-001,Dermacare GlowSerum,Aesthetic,Dermacare,Wholesale,12,27.35,GBP,0.0,328.2,328.2
TXN-GB-4-000140,2026-08-28 16:29:29,2026-08-28 16:31:29,GB,Legacy Oracle EBS,E,DER-002,Dermacare LiftCream,Aesthetic,Dermacare,D2C,3,31.62,GBP,0.0,94.86,94.86
TXN-GB-4-000141,2026-08-28 17:01:42,2026-08-28 17:07:42,GB,Legacy Oracle EBS,E,DER-002,Dermacare LiftCream,Aesthetic,Dermacare,E-commerce,8,31.62,GBP,0.05,252.96,240.31
TXN-GB-4-000142,2026-08-28 20:22:11,2026-08-28 20:27:11,GB,Legacy Oracle EBS,E,SAN-002,SanaPlus ColdFlu,OTC,SanaPlus,E-commerce,12,8.97,GBP,0.0,107.64,107.64
TXN-GB-4-000143,2026-08-28 11:39:01,2026-08-28 11:41:01,GB,Legacy Oracle EBS,E,SAN-001,SanaPlus PainRelief,OTC,SanaPlus,Pharmacy/B2B,4,8.12,GBP,0.0,32.48,32.48
TXN-GB-4-000144,2026-08-28 00:20:14,2026-08-28 00:25:14,GB,Legacy Oracle EBS,E,SAN-001,SanaPlus PainRelief,OTC,SanaPlus,D2C,3,8.12,GBP,0.05,24.36,23.14
TXN-GB-4-000145,2026-08-28 20:27:29,2026-08-28 20:31:29,GB,Legacy Oracle EBS,E,PUR-002,PureLife BP Monitor,Medical Device,PureLife,D2C,8,76.92,GBP,0.0,615.36,615.36
TXN-GB-4-000146,2026-08-28 15:32:24,2026-08-28 15:38:24,GB,Legacy Oracle EBS,E,PUR-002,PureLife BP Monitor,Medical Device,PureLife,Pharmacy/B2B,7,76.92,GBP,0.1,538.44,484.6
TXN-GB-4-000147,2026-08-28 09:48:47,2026-08-28 09:53:47,GB,Legacy Oracle EBS,E,DER-002,Dermacare LiftCream,Aesthetic,Dermacare,Pharmacy/B2B,5,31.62,GBP,0.1,158.1,142.29
TXN-GB-4-000148,2026-08-28 13:30:13,2026-08-28 13:33:13,GB,Legacy Oracle EBS,E,MED-002,Medora Derm Cream,Prescription,Medora,E-commerce,8,22.22,GBP,0.15,177.76,151.1
TXN-GB-4-000149,2026-08-28 09:42:37,2026-08-28 09:45:37,GB,Legacy Oracle EBS,E,PUR-001,PureLife GlucoMonitor,Medical Device,PureLife,E-commerce,11,72.65,GBP,0.0,799.15,799.15
TXN-GB-4-000150,2026-08-28 18:33:26,2026-08-28 18:39:26,GB,Legacy Oracle EBS,E,SAN-002,SanaPlus ColdFlu,OTC,SanaPlus,D2C,2,8.97,GBP,0.0,17.94,17.94
TXN-GB-4-000151,2026-08-28 05:22:46,2026-08-28 05:24:46,GB,Legacy Oracle EBS,E,DER-001,Dermacare GlowSerum,Aesthetic,Dermacare,D2C,9,27.35,GBP,0.2,246.15,196.92
TXN-GB-4-000152,2026-08-28 00:50:29,2026-08-28 00:51:29,GB,Legacy Oracle EBS,E,PUR-001,PureLife GlucoMonitor,Medical Device,PureLife,E-commerce,3,72.65,GBP,0.05,217.95,207.05
TXN-GB-4-000153,2026-08-28 06:27:53,2026-08-28 06:30:53,GB,Legacy Oracle EBS,E,VIT-002,Vitalis Multivit,Supplement,Vitalis,E-commerce,11,14.53,GBP,0.0,159.83,159.83
TXN-GB-4-000154,2026-08-28 07:42:50,2026-08-28 07:48:50,GB,Legacy Oracle EBS,E,SAN-001,SanaPlus PainRelief,OTC,SanaPlus,E-commerce,9,8.12,GBP,0.1,73.08,65.77
TXN-GB-4-000155,2026-08-28 23:32:40,2026-08-28 23:34:40,GB,Legacy Oracle EBS,E,SAN-002,SanaPlus ColdFlu,OTC,SanaPlus,Wholesale,5,8.97,GBP,0.1,44.85,40.37
TXN-GB-4-000156,2026-08-28 03:37:01,2026-08-28 03:41:01,GB,Legacy Oracle EBS,E,VIT-002,Vitalis Multivit,Supplement,Vitalis,E-commerce,5,14.53,GBP,0.2,72.65,58.12
TXN-GB-4-000157,2026-08-28 08:26:53,2026-08-28 08:30:53,GB,Legacy Oracle EBS,E,PUR-001,PureLife GlucoMonitor,Medical Device,PureLife,Wholesale,2,72.65,GBP,0.2,145.3,116.24
TXN-GB-4-000158,2026-08-28 21:37:18,2026-08-28 21:40:18,GB,Legacy Oracle EBS,E,PUR-002,PureLife BP Monitor,Medical Device,PureLife,E-commerce,4,76.92,GBP,0.0,307.68,307.68
TXN-GB-4-000159,2026-08-28 21:19:16,2026-08-28 21:22:16,GB,Legacy Oracle EBS,E,PUR-001,PureLife GlucoMonitor,Medical Device,PureLife,E-commerce,7,72.65,GBP,0.0,508.55,508.55
TXN-GB-4-000160,2026-08-28 21:20:29,2026-08-28 21:25:29,GB,Legacy Oracle EBS,E,MED-002,Medora Derm Cream,Prescription,Medora,D2C,3,22.22,GBP,0.0,66.66,66.66
TXN-GB-4-000161,2026-08-28 15:14:34,2026-08-28 15:17:34,GB,Legacy Oracle EBS,E,SAN-002,SanaPlus ColdFlu,OTC,SanaPlus,D2C,10,8.97,GBP,0.0,89.7,89.7
TXN-GB-4-000162,2026-08-28 17:56:22,2026-08-28 18:00:22,GB,Legacy Oracle EBS,E,DER-002,Dermacare LiftCream,Aesthetic,Dermacare,D2C,1,31.62,GBP,0.1,31.62,28.46
TXN-GB-4-000163,2026-08-28 05:29:34,2026-08-28 05:31:34,GB,Legacy Oracle EBS,E,SAN-001,SanaPlus PainRelief,OTC,SanaPlus,E-commerce,11,8.12,GBP,0.15,89.32,75.92
TXN-GB-4-000164,2026-08-28 08:19:44,2026-08-28 08:20:44,GB,Legacy Oracle EBS,E,MED-001,Medora Cardio 10mg,Prescription,Medora,E-commerce,7,36.75,GBP,0.0,257.25,257.25
TXN-GB-4-000165,2026-08-28 18:40:16,2026-08-28 18:46:16,GB,Legacy Oracle EBS,E,DER-002,Dermacare LiftCream,Aesthetic,Dermacare,D2C,12,31.62,GBP,0.05,379.44,360.47
TXN-GB-4-000166,2026-08-28 13:11:15,2026-08-28 13:13:15,GB,Legacy Oracle EBS,E,PUR-002,PureLife BP Monitor,Medical Device,PureLife,Wholesale,8,76.92,GBP,0.1,615.36,553.82
TXN-GB-4-000167,2026-08-28 12:47:09,2026-08-28 12:51:09,GB,Legacy Oracle EBS,E,MED-001,Medora Cardio 10mg,Prescription,Medora,D2C,2,36.75,GBP,0.0,73.5,73.5
TXN-GB-4-000168,2026-08-28 00:57:28,2026-08-28 00:58:28,GB,Legacy Oracle EBS,E,PUR-002,PureLife BP Monitor,Medical Device,PureLife,D2C,6,76.92,GBP,0.2,461.52,369.22
TXN-GB-4-000169,2026-08-28 14:32:03,2026-08-28 14:34:03,GB,Legacy Oracle EBS,E,MED-002,Medora Derm Cream,Prescription,Medora,E-commerce,4,22.22,GBP,0.1,88.88,79.99
TXN-GB-4-000170,2026-08-28 09:14:04,2026-08-28 09:16:04,GB,Legacy Oracle EBS,E,DER-002,Dermacare LiftCream,Aesthetic,Dermacare,Wholesale,6,31.62,GBP,0.0,189.72,189.72
TXN-GB-4-000171,2026-08-28 22:06:09,2026-08-28 22:09:09,GB,Legacy Oracle EBS,E,VIT-001,Vitalis C1000,Supplement,Vitalis,D2C,3,17.95,GBP,0.1,53.85,48.47
TXN-GB-4-000172,2026-08-28 09:30:06,2026-08-28 09:32:06,GB,Legacy Oracle EBS,E,SAN-002,SanaPlus ColdFlu,OTC,SanaPlus,E-commerce,2,8.97,GBP,0.1,17.94,16.15
TXN-GB-4-000173,2026-08-28 16:48:46,2026-08-28 16:49:46,GB,Legacy Oracle EBS,E,SAN-002,SanaPlus ColdFlu,OTC,SanaPlus,E-commerce,12,8.97,GBP,0.0,107.64,107.64
TXN-GB-4-000174,2026-08-28 09:40:59,2026-08-28 09:45:59,GB,Legacy Oracle EBS,E,MED-001,Medora Cardio 10mg,Prescription,Medora,Pharmacy/B2B,6,36.75,GBP,0.15,220.5,187.42
TXN-GB-4-000175,2026-08-28 08:30:01,2026-08-28 08:33:01,GB,Legacy Oracle EBS,E,PUR-002,PureLife BP Monitor,Medical Device,PureLife,D2C,11,76.92,GBP,0.0,846.12,846.12
TXN-GB-4-000176,2026-08-28 17:59:05,2026-08-28 18:05:05,GB,Legacy Oracle EBS,E,VIT-001,Vitalis C1000,Supplement,Vitalis,E-commerce,6,17.95,GBP,0.0,107.7,107.7
TXN-GB-4-000177,2026-08-28 18:11:53,2026-08-28 18:12:53,GB,Legacy Oracle EBS,E,VIT-002,Vitalis Multivit,Supplement,Vitalis,Wholesale,6,14.53,GBP,0.15,87.18,74.1
TXN-GB-4-000178,2026-08-28 16:53:28,2026-08-28 16:55:28,GB,Legacy Oracle EBS,E,DER-002,Dermacare LiftCream,Aesthetic,Dermacare,D2C,9,31.62,GBP,0.0,284.58,284.58
TXN-GB-4-000179,2026-08-28 16:20:30,2026-08-28 16:24:30,GB,Legacy Oracle EBS,E,DER-002,Dermacare LiftCream,Aesthetic,Dermacare,D2C,5,31.62,GBP,0.2,158.1,126.48
TXN-GB-4-000180,2026-08-28 19:03:53,2026-08-28 19:05:53,GB,Legacy Oracle EBS,E,PUR-001,PureLife GlucoMonitor,Medical Device,PureLife,D2C,12,72.65,GBP,0.05,871.8,828.21
TXN-GB-4-000181,2026-08-28 01:25:31,2026-08-28 01:27:31,GB,Legacy Oracle EBS,E,DER-001,Dermacare GlowSerum,Aesthetic,Dermacare,E-commerce,9,27.35,GBP,0.05,246.15,233.84
TXN-GB-4-000182,2026-08-28 16:55:54,2026-08-28 16:59:54,GB,Legacy Oracle EBS,E,MED-001,Medora Cardio 10mg,Prescription,Medora,Pharmacy/B2B,5,36.75,GBP,0.0,183.75,183.75
TXN-GB-4-000183,2026-08-28 15:45:40,2026-08-28 15:50:40,GB,Legacy Oracle EBS,E,DER-001,Dermacare GlowSerum,Aesthetic,Dermacare,Wholesale,3,27.35,GBP,0.15,82.05,69.74
TXN-GB-4-000184,2026-08-28 16:27:06,2026-08-28 16:30:06,GB,Legacy Oracle EBS,E,MED-001,Medora Cardio 10mg,Prescription,Medora,Wholesale,3,36.75,GBP,0.0,110.25,110.25
TXN-GB-4-000185,2026-08-28 23:32:44,2026-08-28 23:35:44,GB,Legacy Oracle EBS,E,MED-001,Medora Cardio 10mg,Prescription,Medora,E-commerce,1,36.75,GBP,0.0,36.75,36.75
TXN-GB-4-000186,2026-08-28 13:05:15,2026-08-28 13:06:15,GB,Legacy Oracle EBS,E,MED-002,Medora Derm Cream,Prescription,Medora,D2C,4,22.22,GBP,0.05,88.88,84.44
TXN-GB-4-000187,2026-08-28 03:08:32,2026-08-28 03:13:32,GB,Legacy Oracle EBS,E,PUR-002,PureLife BP Monitor,Medical Device,PureLife,E-commerce,10,76.92,GBP,0.0,769.2,769.2
TXN-GB-4-000188,2026-08-28 19:13:39,2026-08-28 19:15:39,GB,Legacy Oracle EBS,E,SAN-001,SanaPlus PainRelief,OTC,SanaPlus,E-commerce,6,8.12,GBP,0.0,48.72,48.72
TXN-GB-4-000189,2026-08-28 10:28:06,2026-08-28 10:33:06,GB,Legacy Oracle EBS,E,DER-002,Dermacare LiftCream,Aesthetic,Dermacare,D2C,6,31.62,GBP,0.0,189.72,189.72
TXN-GB-4-000190,2026-08-28 20:22:49,2026-08-28 20:24:49,GB,Legacy Oracle EBS,E,SAN-001,SanaPlus PainRelief,OTC,SanaPlus,D2C,12,8.12,GBP,0.05,97.44,92.57
TXN-GB-4-000191,2026-08-28 00:33:58,2026-08-28 00:37:58,GB,Legacy Oracle EBS,E,VIT-001,Vitalis C1000,Supplement,Vitalis,E-commerce,2,17.95,GBP,0.0,35.9,35.9
TXN-GB-4-000192,2026-08-28 09:14:50,2026-08-28 09:18:50,GB,Legacy Oracle EBS,E,PUR-001,PureLife GlucoMonitor,Medical Device,PureLife,Wholesale,11,72.65,GBP,0.1,799.15,719.24
TXN-GB-4-000193,2026-08-28 07:15:02,2026-08-28 07:21:02,GB,Legacy Oracle EBS,E,DER-001,Dermacare GlowSerum,Aesthetic,Dermacare,Wholesale,11,27.35,GBP,0.05,300.85,285.81
TXN-GB-4-000194,2026-08-28 14:41:39,2026-08-28 14:42:39,GB,Legacy Oracle EBS,E,VIT-001,Vitalis C1000,Supplement,Vitalis,Wholesale,12,17.95,GBP,0.0,215.4,215.4
TXN-GB-4-000195,2026-08-28 06:47:45,2026-08-28 06:53:45,GB,Legacy Oracle EBS,E,PUR-002,PureLife BP Monitor,Medical Device,PureLife,D2C,9,76.92,GBP,0.2,692.28,553.82
TXN-GB-4-000196,2026-08-28 22:59:41,2026-08-28 23:01:41,GB,Legacy Oracle EBS,E,SAN-002,SanaPlus ColdFlu,OTC,SanaPlus,Pharmacy/B2B,2,8.97,GBP,0.0,17.94,17.94
TXN-GB-4-000197,2026-08-28 16:46:46,2026-08-28 16:51:46,GB,Legacy Oracle EBS,E,MED-002,Medora Derm Cream,Prescription,Medora,E-commerce,10,22.22,GBP,0.0,222.2,222.2
TXN-GB-4-000198,2026-08-28 08:30:52,2026-08-28 08:32:52,GB,Legacy Oracle EBS,E,VIT-001,Vitalis C1000,Supplement,Vitalis,Pharmacy/B2B,10,17.95,GBP,0.2,179.5,143.6
TXN-GB-4-000199,2026-08-28 08:12:18,2026-08-28 08:16:18,GB,Legacy Oracle EBS,E,MED-001,Medora Cardio 10mg,Prescription,Medora,D2C,8,36.75,GBP,0.0,294.0,294.0
TXN-GB-4-000200,2026-08-28 15:35:02,2026-08-28 15:37:02,GB,Legacy Oracle EBS,E,SAN-002,SanaPlus ColdFlu,OTC,SanaPlus,Wholesale,10,8.97,GBP,0.05,89.7,85.22
TXN-GB-4-000201,2026-08-28 19:18:25,2026-08-28 19:22:25,GB,Legacy Oracle EBS,E,DER-001,Dermacare GlowSerum,Aesthetic,Dermacare,D2C,3,27.35,GBP,0.05,82.05,77.95
TXN-GB-4-000202,2026-08-28 00:47:22,2026-08-28 00:50:22,GB,Legacy Oracle EBS,E,MED-001,Medora Cardio 10mg,Prescription,Medora,D2C,3,36.75,GBP,0.15,110.25,93.71
TXN-GB-4-000203,2026-08-28 07:43:12,2026-08-28 07:48:12,GB,Legacy Oracle EBS,E,VIT-002,Vitalis Multivit,Supplement,Vitalis,E-commerce,11,14.53,GBP,0.05,159.83,151.84
TXN-GB-4-000204,2026-08-28 11:49:43,2026-08-28 11:55:43,GB,Legacy Oracle EBS,E,VIT-002,Vitalis Multivit,Supplement,Vitalis,Wholesale,6,14.53,GBP,0.0,87.18,87.18
TXN-GB-4-000205,2026-08-28 17:08:38,2026-08-28 17:11:38,GB,Legacy Oracle EBS,E,SAN-002,SanaPlus ColdFlu,OTC,SanaPlus,D2C,7,8.97,GBP,0.15,62.79,53.37
TXN-GB-4-000206,2026-08-28 08:45:48,2026-08-28 08:48:48,GB,Legacy Oracle EBS,E,MED-002,Medora Derm Cream,Prescription,Medora,Wholesale,12,22.22,GBP,0.05,266.64,253.31
TXN-GB-4-000207,2026-08-28 09:16:00,2026-08-28 09:18:00,GB,Legacy Oracle EBS,E,VIT-001,Vitalis C1000,Supplement,Vitalis,Pharmacy/B2B,4,17.95,GBP,0.0,71.8,71.8
TXN-GB-4-000208,2026-08-28 04:57:58,2026-08-28 05:02:58,GB,Legacy Oracle EBS,E,MED-001,Medora Cardio 10mg,Prescription,Medora,Pharmacy/B2B,1,36.75,GBP,0.1,36.75,33.08
TXN-GB-4-000209,2026-08-28 12:45:14,2026-08-28 12:47:14,GB,Legacy Oracle EBS,E,MED-001,Medora Cardio 10mg,Prescription,Medora,Pharmacy/B2B,5,36.75,GBP,0.05,183.75,174.56
TXN-GB-4-000210,2026-08-28 20:13:14,2026-08-28 20:15:14,GB,Legacy Oracle EBS,E,DER-002,Dermacare LiftCream,Aesthetic,Dermacare,Wholesale,7,31.62,GBP,0.0,221.34,221.34
TXN-GB-4-000211,2026-08-28 20:52:21,2026-08-28 20:53:21,GB,Legacy Oracle EBS,E,DER-002,Dermacare LiftCream,Aesthetic,Dermacare,Wholesale,5,31.62,GBP,0.0,158.1,158.1
TXN-GB-4-000212,2026-08-28 18:59:50,2026-08-28 19:03:50,GB,Legacy Oracle EBS,E,PUR-002,PureLife BP Monitor,Medical Device,PureLife,Wholesale,3,76.92,GBP,0.0,230.76,230.76
TXN-GB-4-000213,2026-08-28 05:28:32,2026-08-28 05:31:32,GB,Legacy Oracle EBS,E,PUR-001,PureLife GlucoMonitor,Medical Device,PureLife,E-commerce,11,72.65,GBP,0.0,799.15,799.15
TXN-GB-4-000214,2026-08-28 00:10:23,2026-08-28 00:11:23,GB,Legacy Oracle EBS,E,DER-002,Dermacare LiftCream,Aesthetic,Dermacare,D2C,10,31.62,GBP,0.2,316.2,252.96
TXN-GB-4-000215,2026-08-28 19:06:08,2026-08-28 19:09:08,GB,Legacy Oracle EBS,E,DER-002,Dermacare LiftCream,Aesthetic,Dermacare,D2C,2,31.62,GBP,0.0,63.24,63.24
TXN-GB-4-000216,2026-08-28 22:48:14,2026-08-28 22:54:14,GB,Legacy Oracle EBS,E,PUR-001,PureLife GlucoMonitor,Medical Device,PureLife,D2C,7,72.65,GBP,0.0,508.55,508.55
TXN-GB-4-000217,2026-08-28 12:27:33,2026-08-28 12:32:33,GB,Legacy Oracle EBS,E,VIT-002,Vitalis Multivit,Supplement,Vitalis,Pharmacy/B2B,1,14.53,GBP,0.0,14.53,14.53
TXN-GB-4-000218,2026-08-28 16:37:56,2026-08-28 16:38:56,GB,Legacy Oracle EBS,E,MED-002,Medora Derm Cream,Prescription,Medora,D2C,12,22.22,GBP,0.2,266.64,213.31
TXN-GB-4-000219,2026-08-28 05:37:50,2026-08-28 05:39:50,GB,Legacy Oracle EBS,E,SAN-001,SanaPlus PainRelief,OTC,SanaPlus,E-commerce,2,8.12,GBP,0.15,16.24,13.8
TXN-GB-4-000220,2026-08-28 19:10:54,2026-08-28 19:12:54,GB,Legacy Oracle EBS,E,DER-002,Dermacare LiftCream,Aesthetic,Dermacare,Pharmacy/B2B,4,31.62,GBP,0.0,126.48,126.48
TXN-GB-4-000221,2026-08-28 09:46:33,2026-08-28 09:52:33,GB,Legacy Oracle EBS,E,DER-002,Dermacare LiftCream,Aesthetic,Dermacare,E-commerce,7,31.62,GBP,0.05,221.34,210.27
TXN-GB-4-000222,2026-08-28 17:32:04,2026-08-28 17:36:04,GB,Legacy Oracle EBS,E,VIT-001,Vitalis C1000,Supplement,Vitalis,D2C,3,17.95,GBP,0.1,53.85,48.47
TXN-GB-4-000223,2026-08-28 19:39:08,2026-08-28 19:40:08,GB,Legacy Oracle EBS,E,DER-001,Dermacare GlowSerum,Aesthetic,Dermacare,E-commerce,2,27.35,GBP,0.0,54.7,54.7
TXN-GB-4-000224,2026-08-28 08:56:15,2026-08-28 09:00:15,GB,Legacy Oracle EBS,E,PUR-001,PureLife GlucoMonitor,Medical Device,PureLife,Wholesale,5,72.65,GBP,0.0,363.25,363.25
TXN-GB-4-000225,2026-08-28 11:08:58,2026-08-28 11:14:58,GB,Legacy Oracle EBS,E,PUR-001,PureLife GlucoMonitor,Medical Device,PureLife,E-commerce,10,72.65,GBP,0.15,726.5,617.52
TXN-GB-4-000226,2026-08-28 22:01:06,2026-08-28 22:05:06,GB,Legacy Oracle EBS,E,MED-001,Medora Cardio 10mg,Prescription,Medora,D2C,4,36.75,GBP,0.1,147.0,132.3
TXN-GB-4-000227,2026-08-28 22:58:19,2026-08-28 23:04:19,GB,Legacy Oracle EBS,E,SAN-002,SanaPlus ColdFlu,OTC,SanaPlus,D2C,1,8.97,GBP,0.05,8.97,8.52
TXN-GB-4-000228,2026-08-28 08:39:40,2026-08-28 08:44:40,GB,Legacy Oracle EBS,E,VIT-001,Vitalis C1000,Supplement,Vitalis,D2C,10,17.95,GBP,0.0,179.5,179.5
TXN-GB-4-000229,2026-08-28 15:18:29,2026-08-28 15:20:29,GB,Legacy Oracle EBS,E,SAN-002,SanaPlus ColdFlu,OTC,SanaPlus,Pharmacy/B2B,10,8.97,GBP,0.15,89.7,76.25
TXN-GB-4-000230,2026-08-28 12:36:09,2026-08-28 12:41:09,GB,Legacy Oracle EBS,E,SAN-001,SanaPlus PainRelief,OTC,SanaPlus,Wholesale,7,8.12,GBP,0.2,56.84,45.47
TXN-GB-4-000231,2026-08-28 14:54:36,2026-08-28 14:58:36,GB,Legacy Oracle EBS,E,DER-001,Dermacare GlowSerum,Aesthetic,Dermacare,D2C,6,27.35,GBP,0.0,164.1,164.1
TXN-GB-4-000232,2026-08-28 10:42:42,2026-08-28 10:48:42,GB,Legacy Oracle EBS,E,MED-002,Medora Derm Cream,Prescription,Medora,E-commerce,1,22.22,GBP,0.2,22.22,17.78
TXN-GB-4-000233,2026-08-28 01:26:45,2026-08-28 01:31:45,GB,Legacy Oracle EBS,E,SAN-002,SanaPlus ColdFlu,OTC,SanaPlus,Wholesale,1,8.97,GBP,0.0,8.97,8.97
TXN-GB-4-000234,2026-08-28 23:27:03,2026-08-28 23:33:03,GB,Legacy Oracle EBS,E,SAN-002,SanaPlus ColdFlu,OTC,SanaPlus,D2C,5,8.97,GBP,0.05,44.85,42.61
TXN-GB-4-000235,2026-08-28 17:08:43,2026-08-28 17:13:43,GB,Legacy Oracle EBS,E,VIT-001,Vitalis C1000,Supplement,Vitalis,E-commerce,8,17.95,GBP,0.2,143.6,114.88
TXN-GB-4-000236,2026-08-28 09:47:10,2026-08-28 09:48:10,GB,Legacy Oracle EBS,E,MED-002,Medora Derm Cream,Prescription,Medora,E-commerce,6,22.22,GBP,0.05,133.32,126.65
TXN-GB-4-000237,2026-08-28 22:04:09,2026-08-28 22:08:09,GB,Legacy Oracle EBS,E,DER-002,Dermacare LiftCream,Aesthetic,Dermacare,E-commerce,7,31.62,GBP,0.2,221.34,177.07
TXN-GB-4-000238,2026-08-28 08:47:42,2026-08-28 08:51:42,GB,Legacy Oracle EBS,E,VIT-002,Vitalis Multivit,Supplement,Vitalis,E-commerce,6,14.53,GBP,0.15,87.18,74.1
TXN-GB-4-000239,2026-08-28 12:33:05,2026-08-28 12:39:05,GB,Legacy Oracle EBS,E,PUR-002,PureLife BP Monitor,Medical Device,PureLife,D2C,5,76.92,GBP,0.15,384.6,326.91
TXN-GB-4-000240,2026-08-28 09:33:59,2026-08-28 09:39:59,GB,Legacy Oracle EBS,E,DER-001,Dermacare GlowSerum,Aesthetic,Dermacare,Pharmacy/B2B,4,27.35,GBP,0.15,109.4,92.99
TXN-GB-4-000241,2026-08-28 04:44:01,2026-08-28 04:45:01,GB,Legacy Oracle EBS,E,SAN-001,SanaPlus PainRelief,OTC,SanaPlus,D2C,4,8.12,GBP,0.0,32.48,32.48
TXN-GB-4-000242,2026-08-28 10:19:53,2026-08-28 10:21:53,GB,Legacy Oracle EBS,E,VIT-002,Vitalis Multivit,Supplement,Vitalis,Pharmacy/B2B,6,14.53,GBP,0.0,87.18,87.18
TXN-GB-4-000243,2026-08-28 15:19:59,2026-08-28 15:24:59,GB,Legacy Oracle EBS,E,VIT-001,Vitalis C1000,Supplement,Vitalis,E-commerce,1,17.95,GBP,0.2,17.95,14.36
TXN-GB-4-000244,2026-08-28 00:37:02,2026-08-28 00:39:02,GB,Legacy Oracle EBS,E,SAN-002,SanaPlus ColdFlu,OTC,SanaPlus,E-commerce,3,8.97,GBP,0.0,26.91,26.91
TXN-GB-4-000245,2026-08-28 11:31:16,2026-08-28 11:33:16,GB,Legacy Oracle EBS,E,DER-002,Dermacare LiftCream,Aesthetic,Dermacare,Pharmacy/B2B,2,31.62,GBP,0.0,63.24,63.24
TXN-GB-4-000246,2026-08-28 19:01:56,2026-08-28 19:02:56,GB,Legacy Oracle EBS,E,SAN-002,SanaPlus ColdFlu,OTC,SanaPlus,D2C,9,8.97,GBP,0.2,80.73,64.58
TXN-GB-4-000247,2026-08-28 15:44:03,2026-08-28 15:48:03,GB,Legacy Oracle EBS,E,MED-002,Medora Derm Cream,Prescription,Medora,D2C,1,22.22,GBP,0.2,22.22,17.78
TXN-GB-4-000248,2026-08-28 03:02:36,2026-08-28 03:05:36,GB,Legacy Oracle EBS,E,DER-002,Dermacare LiftCream,Aesthetic,Dermacare,D2C,1,31.62,GBP,0.0,31.62,31.62
TXN-GB-4-000249,2026-08-28 05:54:19,2026-08-28 06:00:19,GB,Legacy Oracle EBS,E,DER-001,Dermacare GlowSerum,Aesthetic,Dermacare,Pharmacy/B2B,1,27.35,GBP,0.0,27.35,27.35
TXN-GB-4-000250,2026-08-28 09:41:27,2026-08-28 09:42:27,GB,Legacy Oracle EBS,E,PUR-002,PureLife BP Monitor,Medical Device,PureLife,E-commerce,9,76.92,GBP,0.0,692.28,692.28
TXN-GB-4-000251,2026-08-28 00:25:56,2026-08-28 00:31:56,GB,Legacy Oracle EBS,E,SAN-002,SanaPlus ColdFlu,OTC,SanaPlus,Pharmacy/B2B,1,8.97,GBP,0.0,8.97,8.97
TXN-GB-4-000252,2026-08-28 19:41:16,2026-08-28 19:42:16,GB,Legacy Oracle EBS,E,VIT-002,Vitalis Multivit,Supplement,Vitalis,E-commerce,7,14.53,GBP,0.15,101.71,86.45
TXN-GB-4-000253,2026-08-28 19:59:09,2026-08-28 20:02:09,GB,Legacy Oracle EBS,E,MED-002,Medora Derm Cream,Prescription,Medora,E-commerce,2,22.22,GBP,0.1,44.44,40.0
TXN-GB-4-000254,2026-08-28 09:32:25,2026-08-28 09:34:25,GB,Legacy Oracle EBS,E,PUR-002,PureLife BP Monitor,Medical Device,PureLife,D2C,11,76.92,GBP,0.05,846.12,803.81
TXN-GB-4-000255,2026-08-28 05:42:52,2026-08-28 05:47:52,GB,Legacy Oracle EBS,E,PUR-002,PureLife BP Monitor,Medical Device,PureLife,Pharmacy/B2B,11,76.92,GBP,0.0,846.12,846.12
TXN-GB-4-000256,2026-08-28 15:27:43,2026-08-28 15:33:43,GB,Legacy Oracle EBS,E,SAN-001,SanaPlus PainRelief,OTC,SanaPlus,E-commerce,7,8.12,GBP,0.0,56.84,56.84
TXN-GB-4-000257,2026-08-28 15:48:49,2026-08-28 15:50:49,GB,Legacy Oracle EBS,E,SAN-002,SanaPlus ColdFlu,OTC,SanaPlus,Pharmacy/B2B,8,8.97,GBP,0.15,71.76,61.0
TXN-GB-4-000258,2026-08-28 23:26:23,2026-08-28 23:30:23,GB,Legacy Oracle EBS,E,DER-001,Dermacare GlowSerum,Aesthetic,Dermacare,Wholesale,1,27.35,GBP,0.1,27.35,24.62
TXN-GB-4-000259,2026-08-28 08:48:15,2026-08-28 08:54:15,GB,Legacy Oracle EBS,E,DER-001,Dermacare GlowSerum,Aesthetic,Dermacare,Wholesale,1,27.35,GBP,0.0,27.35,27.35
TXN-GB-4-000260,2026-08-28 05:57:02,2026-08-28 06:01:02,GB,Legacy Oracle EBS,E,SAN-001,SanaPlus PainRelief,OTC,SanaPlus,D2C,7,8.12,GBP,0.15,56.84,48.31
TXN-GB-4-000261,2026-08-28 02:01:29,2026-08-28 02:07:29,GB,Legacy Oracle EBS,E,PUR-001,PureLife GlucoMonitor,Medical Device,PureLife,Wholesale,5,72.65,GBP,0.05,363.25,345.09
TXN-GB-4-000262,2026-08-28 14:44:06,2026-08-28 14:46:06,GB,Legacy Oracle EBS,E,DER-002,Dermacare LiftCream,Aesthetic,Dermacare,Wholesale,5,31.62,GBP,0.2,158.1,126.48
TXN-GB-4-000263,2026-08-28 05:28:06,2026-08-28 05:31:06,GB,Legacy Oracle EBS,E,SAN-001,SanaPlus PainRelief,OTC,SanaPlus,Pharmacy/B2B,7,8.12,GBP,0.0,56.84,56.84
TXN-GB-4-000264,2026-08-28 08:07:58,2026-08-28 08:12:58,GB,Legacy Oracle EBS,E,SAN-001,SanaPlus PainRelief,OTC,SanaPlus,E-commerce,1,8.12,GBP,0.15,8.12,6.9
TXN-GB-4-000265,2026-08-28 02:15:12,2026-08-28 02:17:12,GB,Legacy Oracle EBS,E,DER-002,Dermacare LiftCream,Aesthetic,Dermacare,E-commerce,2,31.62,GBP,0.0,63.24,63.24
TXN-GB-4-000266,2026-08-28 17:32:49,2026-08-28 17:37:49,GB,Legacy Oracle EBS,E,DER-002,Dermacare LiftCream,Aesthetic,Dermacare,Pharmacy/B2B,1,31.62,GBP,0.1,31.62,28.46
TXN-GB-4-000267,2026-08-28 04:30:47,2026-08-28 04:31:47,GB,Legacy Oracle EBS,E,DER-001,Dermacare GlowSerum,Aesthetic,Dermacare,Pharmacy/B2B,3,27.35,GBP,0.1,82.05,73.84
TXN-GB-4-000268,2026-08-28 06:48:17,2026-08-28 06:51:17,GB,Legacy Oracle EBS,E,MED-002,Medora Derm Cream,Prescription,Medora,D2C,1,22.22,GBP,0.0,22.22,22.22
TXN-GB-4-000269,2026-08-28 13:48:11,2026-08-28 13:54:11,GB,Legacy Oracle EBS,E,SAN-001,SanaPlus PainRelief,OTC,SanaPlus,Pharmacy/B2B,8,8.12,GBP,0.2,64.96,51.97
TXN-GB-4-000270,2026-08-28 18:45:56,2026-08-28 18:48:56,GB,Legacy Oracle EBS,E,SAN-002,SanaPlus ColdFlu,OTC,SanaPlus,D2C,4,8.97,GBP,0.2,35.88,28.7
TXN-GB-4-000271,2026-08-28 15:57:05,2026-08-28 16:01:05,GB,Legacy Oracle EBS,E,MED-001,Medora Cardio 10mg,Prescription,Medora,D2C,4,36.75,GBP,0.15,147.0,124.95
TXN-GB-4-000272,2026-08-28 03:07:23,2026-08-28 03:10:23,GB,Legacy Oracle EBS,E,VIT-001,Vitalis C1000,Supplement,Vitalis,Pharmacy/B2B,12,17.95,GBP,0.0,215.4,215.4
TXN-GB-4-000273,2026-08-28 00:32:35,2026-08-28 00:33:35,GB,Legacy Oracle EBS,E,VIT-001,Vitalis C1000,Supplement,Vitalis,Pharmacy/B2B,8,17.95,GBP,0.1,143.6,129.24
TXN-GB-4-000274,2026-08-28 02:49:36,2026-08-28 02:51:36,GB,Legacy Oracle EBS,E,PUR-002,PureLife BP Monitor,Medical Device,PureLife,D2C,6,76.92,GBP,0.0,461.52,461.52
TXN-GB-4-000275,2026-08-28 01:11:11,2026-08-28 01:15:11,GB,Legacy Oracle EBS,E,DER-001,Dermacare GlowSerum,Aesthetic,Dermacare,E-commerce,2,27.35,GBP,0.2,54.7,43.76
TXN-GB-4-000276,2026-08-28 18:19:29,2026-08-28 18:24:29,GB,Legacy Oracle EBS,E,VIT-001,Vitalis C1000,Supplement,Vitalis,E-commerce,5,17.95,GBP,0.05,89.75,85.26
TXN-GB-4-000277,2026-08-28 04:01:13,2026-08-28 04:05:13,GB,Legacy Oracle EBS,E,VIT-002,Vitalis Multivit,Supplement,Vitalis,D2C,10,14.53,GBP,0.0,145.3,145.3
TXN-GB-4-000278,2026-08-28 21:06:34,2026-08-28 21:09:34,GB,Legacy Oracle EBS,E,MED-001,Medora Cardio 10mg,Prescription,Medora,D2C,5,36.75,GBP,0.0,183.75,183.75
TXN-GB-4-000279,2026-08-28 16:24:21,2026-08-28 16:25:21,GB,Legacy Oracle EBS,E,VIT-001,Vitalis C1000,Supplement,Vitalis,Wholesale,4,17.95,GBP,0.2,71.8,57.44
TXN-GB-4-000280,2026-08-28 14:15:55,2026-08-28 14:20:55,GB,Legacy Oracle EBS,E,VIT-001,Vitalis C1000,Supplement,Vitalis,Wholesale,8,17.95,GBP,0.15,143.6,122.06
TXN-GB-4-000281,2026-08-28 11:10:23,2026-08-28 11:15:23,GB,Legacy Oracle EBS,E,PUR-002,PureLife BP Monitor,Medical Device,PureLife,E-commerce,8,76.92,GBP,0.1,615.36,553.82
TXN-GB-4-000282,2026-08-28 04:01:20,2026-08-28 04:02:20,GB,Legacy Oracle EBS,E,VIT-001,Vitalis C1000,Supplement,Vitalis,E-commerce,2,17.95,GBP,0.1,35.9,32.31
TXN-GB-4-000283,2026-08-28 11:33:59,2026-08-28 11:34:59,GB,Legacy Oracle EBS,E,VIT-002,Vitalis Multivit,Supplement,Vitalis,D2C,11,14.53,GBP,0.2,159.83,127.86
TXN-GB-4-000284,2026-08-28 00:11:50,2026-08-28 00:14:50,GB,Legacy Oracle EBS,E,SAN-002,SanaPlus ColdFlu,OTC,SanaPlus,E-commerce,9,8.97,GBP,0.15,80.73,68.62
TXN-GB-4-000285,2026-08-28 13:15:40,2026-08-28 13:17:40,GB,Legacy Oracle EBS,E,SAN-002,SanaPlus ColdFlu,OTC,SanaPlus,E-commerce,1,8.97,GBP,0.1,8.97,8.07
TXN-GB-4-000286,2026-08-28 16:08:45,2026-08-28 16:11:45,GB,Legacy Oracle EBS,E,MED-002,Medora Derm Cream,Prescription,Medora,Wholesale,5,22.22,GBP,0.0,111.1,111.1
TXN-GB-4-000287,2026-08-28 22:11:14,2026-08-28 22:12:14,GB,Legacy Oracle EBS,E,VIT-001,Vitalis C1000,Supplement,Vitalis,Pharmacy/B2B,1,17.95,GBP,0.0,17.95,17.95
TXN-GB-4-000288,2026-08-28 05:41:54,2026-08-28 05:44:54,GB,Legacy Oracle EBS,E,VIT-002,Vitalis Multivit,Supplement,Vitalis,Wholesale,5,14.53,GBP,0.05,72.65,69.02
TXN-GB-4-000289,2026-08-28 04:40:19,2026-08-28 04:46:19,GB,Legacy Oracle EBS,E,SAN-002,SanaPlus ColdFlu,OTC,SanaPlus,Pharmacy/B2B,3,8.97,GBP,0.0,26.91,26.91
TXN-GB-4-000290,2026-08-28 05:48:01,2026-08-28 05:51:01,GB,Legacy Oracle EBS,E,DER-002,Dermacare LiftCream,Aesthetic,Dermacare,Wholesale,7,31.62,GBP,0.0,221.34,221.34
TXN-GB-4-000291,2026-08-28 17:06:43,2026-08-28 17:09:43,GB,Legacy Oracle EBS,E,MED-002,Medora Derm Cream,Prescription,Medora,Wholesale,9,22.22,GBP,0.0,199.98,199.98
TXN-GB-4-000292,2026-08-28 11:37:38,2026-08-28 11:43:38,GB,Legacy Oracle EBS,E,MED-002,Medora Derm Cream,Prescription,Medora,D2C,8,22.22,GBP,0.0,177.76,177.76
TXN-GB-4-000293,2026-08-28 16:22:11,2026-08-28 16:26:11,GB,Legacy Oracle EBS,E,DER-001,Dermacare GlowSerum,Aesthetic,Dermacare,E-commerce,11,27.35,GBP,0.0,300.85,300.85
TXN-GB-4-000294,2026-08-28 19:34:47,2026-08-28 19:39:47,GB,Legacy Oracle EBS,E,DER-002,Dermacare LiftCream,Aesthetic,Dermacare,D2C,10,31.62,GBP,0.1,316.2,284.58
TXN-GB-4-000295,2026-08-28 14:17:07,2026-08-28 14:20:07,GB,Legacy Oracle EBS,E,DER-002,Dermacare LiftCream,Aesthetic,Dermacare,Wholesale,2,31.62,GBP,0.2,63.24,50.59
TXN-GB-4-000296,2026-08-28 05:54:40,2026-08-28 05:55:40,GB,Legacy Oracle EBS,E,PUR-001,PureLife GlucoMonitor,Medical Device,PureLife,Wholesale,8,72.65,GBP,0.1,581.2,523.08
TXN-GB-4-000297,2026-08-28 09:05:40,2026-08-28 09:07:40,GB,Legacy Oracle EBS,E,MED-001,Medora Cardio 10mg,Prescription,Medora,Wholesale,4,36.75,GBP,0.05,147.0,139.65
TXN-GB-4-000298,2026-08-28 00:26:20,2026-08-28 00:30:20,GB,Legacy Oracle EBS,E,SAN-001,SanaPlus PainRelief,OTC,SanaPlus,E-commerce,9,8.12,GBP,0.05,73.08,69.43
TXN-GB-4-000299,2026-08-28 14:24:40,2026-08-28 14:29:40,GB,Legacy Oracle EBS,E,MED-002,Medora Derm Cream,Prescription,Medora,Pharmacy/B2B,9,22.22,GBP,0.0,199.98,199.98
TXN-GB-4-000300,2026-08-28 13:36:58,2026-08-28 13:41:58,GB,Legacy Oracle EBS,E,MED-001,Medora Cardio 10mg,Prescription,Medora,Pharmacy/B2B,8,36.75,GBP,0.0,294.0,294.0
TXN-GB-4-000301,2026-08-28 12:37:09,2026-08-28 12:43:09,GB,Legacy Oracle EBS,E,PUR-001,PureLife GlucoMonitor,Medical Device,PureLife,Pharmacy/B2B,10,72.65,GBP,0.15,726.5,617.52
TXN-GB-4-000302,2026-08-28 01:08:12,2026-08-28 01:10:12,GB,Legacy Oracle EBS,E,VIT-001,Vitalis C1000,Supplement,Vitalis,Wholesale,5,17.95,GBP,0.0,89.75,89.75
TXN-GB-4-000303,2026-08-28 22:49:52,2026-08-28 22:54:52,GB,Legacy Oracle EBS,E,SAN-002,SanaPlus ColdFlu,OTC,SanaPlus,Wholesale,8,8.97,GBP,0.0,71.76,71.76
TXN-GB-4-000304,2026-08-28 14:20:59,2026-08-28 14:22:59,GB,Legacy Oracle EBS,E,MED-002,Medora Derm Cream,Prescription,Medora,E-commerce,9,22.22,GBP,0.1,199.98,179.98
TXN-GB-4-000305,2026-08-28 03:36:06,2026-08-28 03:39:06,GB,Legacy Oracle EBS,E,PUR-002,PureLife BP Monitor,Medical Device,PureLife,Pharmacy/B2B,2,76.92,GBP,0.2,153.84,123.07
TXN-GB-4-000306,2026-08-28 23:53:05,2026-08-28 23:58:05,GB,Legacy Oracle EBS,E,DER-001,Dermacare GlowSerum,Aesthetic,Dermacare,D2C,9,27.35,GBP,0.1,246.15,221.53
TXN-GB-4-000307,2026-08-28 09:37:41,2026-08-28 09:40:41,GB,Legacy Oracle EBS,E,DER-001,Dermacare GlowSerum,Aesthetic,Dermacare,E-commerce,4,27.35,GBP,0.0,109.4,109.4
TXN-GB-4-000308,2026-08-28 05:18:59,2026-08-28 05:19:59,GB,Legacy Oracle EBS,E,PUR-001,PureLife GlucoMonitor,Medical Device,PureLife,Pharmacy/B2B,5,72.65,GBP,0.15,363.25,308.76
TXN-GB-4-000309,2026-08-28 12:20:43,2026-08-28 12:25:43,GB,Legacy Oracle EBS,E,PUR-001,PureLife GlucoMonitor,Medical Device,PureLife,Wholesale,9,72.65,GBP,0.15,653.85,555.77
TXN-GB-4-000310,2026-08-28 11:05:51,2026-08-28 11:07:51,GB,Legacy Oracle EBS,E,VIT-002,Vitalis Multivit,Supplement,Vitalis,E-commerce,12,14.53,GBP,0.0,174.36,174.36
TXN-GB-4-000311,2026-08-28 06:13:38,2026-08-28 06:15:38,GB,Legacy Oracle EBS,E,MED-001,Medora Cardio 10mg,Prescription,Medora,Wholesale,5,36.75,GBP,0.2,183.75,147.0
TXN-GB-4-000312,2026-08-28 23:16:46,2026-08-28 23:17:46,GB,Legacy Oracle EBS,E,VIT-002,Vitalis Multivit,Supplement,Vitalis,Pharmacy/B2B,7,14.53,GBP,0.05,101.71,96.62
TXN-GB-4-000313,2026-08-28 22:53:48,2026-08-28 22:54:48,GB,Legacy Oracle EBS,E,MED-002,Medora Derm Cream,Prescription,Medora,E-commerce,3,22.22,GBP,0.15,66.66,56.66
TXN-GB-4-000314,2026-08-28 03:06:15,2026-08-28 03:12:15,GB,Legacy Oracle EBS,E,SAN-002,SanaPlus ColdFlu,OTC,SanaPlus,Pharmacy/B2B,5,8.97,GBP,0.2,44.85,35.88
TXN-GB-4-000315,2026-08-28 13:46:18,2026-08-28 13:48:18,GB,Legacy Oracle EBS,E,SAN-001,SanaPlus PainRelief,OTC,SanaPlus,Wholesale,4,8.12,GBP,0.1,32.48,29.23
TXN-GB-4-000316,2026-08-28 08:39:15,2026-08-28 08:40:15,GB,Legacy Oracle EBS,E,VIT-001,Vitalis C1000,Supplement,Vitalis,D2C,4,17.95,GBP,0.0,71.8,71.8
TXN-GB-4-000317,2026-08-28 02:23:17,2026-08-28 02:29:17,GB,Legacy Oracle EBS,E,DER-001,Dermacare GlowSerum,Aesthetic,Dermacare,Wholesale,2,27.35,GBP,0.2,54.7,43.76
TXN-GB-4-000318,2026-08-28 19:03:57,2026-08-28 19:07:57,GB,Legacy Oracle EBS,E,DER-001,Dermacare GlowSerum,Aesthetic,Dermacare,E-commerce,3,27.35,GBP,0.1,82.05,73.84
TXN-GB-4-000319,2026-08-28 10:14:34,2026-08-28 10:20:34,GB,Legacy Oracle EBS,E,SAN-001,SanaPlus PainRelief,OTC,SanaPlus,Wholesale,3,8.12,GBP,0.1,24.36,21.92
TXN-GB-4-000320,2026-08-28 16:50:25,2026-08-28 16:55:25,GB,Legacy Oracle EBS,E,MED-002,Medora Derm Cream,Prescription,Medora,E-commerce,11,22.22,GBP,0.2,244.42,195.54
TXN-GB-4-000321,2026-08-28 04:51:00,2026-08-28 04:55:00,GB,Legacy Oracle EBS,E,MED-001,Medora Cardio 10mg,Prescription,Medora,D2C,9,36.75,GBP,0.0,330.75,330.75
TXN-GB-4-000322,2026-08-28 01:57:09,2026-08-28 01:59:09,GB,Legacy Oracle EBS,E,SAN-002,SanaPlus ColdFlu,OTC,SanaPlus,Pharmacy/B2B,10,8.97,GBP,0.15,89.7,76.25
TXN-GB-4-000323,2026-08-28 11:08:44,2026-08-28 11:13:44,GB,Legacy Oracle EBS,E,MED-002,Medora Derm Cream,Prescription,Medora,D2C,2,22.22,GBP,0.05,44.44,42.22
TXN-GB-4-000324,2026-08-28 18:37:59,2026-08-28 18:42:59,GB,Legacy Oracle EBS,E,PUR-001,PureLife GlucoMonitor,Medical Device,PureLife,Wholesale,9,72.65,GBP,0.15,653.85,555.77
TXN-GB-4-000325,2026-08-28 05:01:01,2026-08-28 05:07:01,GB,Legacy Oracle EBS,E,MED-002,Medora Derm Cream,Prescription,Medora,E-commerce,7,22.22,GBP,0.1,155.54,139.99
TXN-GB-4-000326,2026-08-28 23:18:23,2026-08-28 23:22:23,GB,Legacy Oracle EBS,E,MED-001,Medora Cardio 10mg,Prescription,Medora,D2C,7,36.75,GBP,0.0,257.25,257.25
TXN-GB-4-000327,2026-08-28 17:50:25,2026-08-28 17:56:25,GB,Legacy Oracle EBS,E,PUR-002,PureLife BP Monitor,Medical Device,PureLife,D2C,11,76.92,GBP,0.2,846.12,676.9
TXN-GB-4-000328,2026-08-28 23:24:08,2026-08-28 23:26:08,GB,Legacy Oracle EBS,E,PUR-001,PureLife GlucoMonitor,Medical Device,PureLife,E-commerce,12,72.65,GBP,0.0,871.8,871.8
TXN-GB-4-000329,2026-08-28 21:59:19,2026-08-28 22:03:19,GB,Legacy Oracle EBS,E,SAN-001,SanaPlus PainRelief,OTC,SanaPlus,Pharmacy/B2B,3,8.12,GBP,0.0,24.36,24.36
TXN-GB-4-000330,2026-08-28 03:44:52,2026-08-28 03:48:52,GB,Legacy Oracle EBS,E,VIT-002,Vitalis Multivit,Supplement,Vitalis,Wholesale,3,14.53,GBP,0.15,43.59,37.05
TXN-GB-4-000331,2026-08-28 02:30:42,2026-08-28 02:36:42,GB,Legacy Oracle EBS,E,MED-001,Medora Cardio 10mg,Prescription,Medora,Wholesale,1,36.75,GBP,0.05,36.75,34.91
TXN-GB-4-000332,2026-08-28 19:22:38,2026-08-28 19:23:38,GB,Legacy Oracle EBS,E,DER-001,Dermacare GlowSerum,Aesthetic,Dermacare,Wholesale,7,27.35,GBP,0.05,191.45,181.88
TXN-GB-4-000333,2026-08-28 02:03:11,2026-08-28 02:04:11,GB,Legacy Oracle EBS,E,SAN-001,SanaPlus PainRelief,OTC,SanaPlus,Wholesale,11,8.12,GBP,0.0,89.32,89.32
TXN-GB-4-000334,2026-08-28 08:07:39,2026-08-28 08:12:39,GB,Legacy Oracle EBS,E,DER-002,Dermacare LiftCream,Aesthetic,Dermacare,Pharmacy/B2B,12,31.62,GBP,0.05,379.44,360.47
TXN-GB-4-000335,2026-08-28 22:19:44,2026-08-28 22:21:44,GB,Legacy Oracle EBS,E,MED-001,Medora Cardio 10mg,Prescription,Medora,D2C,2,36.75,GBP,0.15,73.5,62.48
TXN-GB-4-000336,2026-08-28 08:36:39,2026-08-28 08:39:39,GB,Legacy Oracle EBS,E,VIT-002,Vitalis Multivit,Supplement,Vitalis,Pharmacy/B2B,8,14.53,GBP,0.1,116.24,104.62
TXN-GB-4-000337,2026-08-28 05:35:07,2026-08-28 05:39:07,GB,Legacy Oracle EBS,E,PUR-002,PureLife BP Monitor,Medical Device,PureLife,Pharmacy/B2B,12,76.92,GBP,0.0,923.04,923.04
TXN-GB-4-000338,2026-08-28 08:31:02,2026-08-28 08:37:02,GB,Legacy Oracle EBS,E,VIT-002,Vitalis Multivit,Supplement,Vitalis,D2C,7,14.53,GBP,0.0,101.71,101.71
TXN-GB-4-000339,2026-08-28 08:23:56,2026-08-28 08:24:56,GB,Legacy Oracle EBS,E,DER-001,Dermacare GlowSerum,Aesthetic,Dermacare,Pharmacy/B2B,4,27.35,GBP,0.1,109.4,98.46
TXN-GB-4-000340,2026-08-28 08:55:01,2026-08-28 08:57:01,GB,Legacy Oracle EBS,E,SAN-001,SanaPlus PainRelief,OTC,SanaPlus,E-commerce,8,8.12,GBP,0.0,64.96,64.96
TXN-GB-4-000341,2026-08-28 22:04:34,2026-08-28 22:09:34,GB,Legacy Oracle EBS,E,MED-001,Medora Cardio 10mg,Prescription,Medora,Wholesale,8,36.75,GBP,0.2,294.0,235.2
TXN-GB-4-000342,2026-08-28 09:48:11,2026-08-28 09:53:11,GB,Legacy Oracle EBS,E,SAN-002,SanaPlus ColdFlu,OTC,SanaPlus,D2C,2,8.97,GBP,0.1,17.94,16.15
TXN-GB-4-000343,2026-08-28 04:55:55,2026-08-28 04:57:55,GB,Legacy Oracle EBS,E,VIT-001,Vitalis C1000,Supplement,Vitalis,Pharmacy/B2B,9,17.95,GBP,0.2,161.55,129.24
TXN-GB-4-000344,2026-08-28 04:21:18,2026-08-28 04:24:18,GB,Legacy Oracle EBS,E,MED-002,Medora Derm Cream,Prescription,Medora,Pharmacy/B2B,4,22.22,GBP,0.1,88.88,79.99
TXN-GB-4-000345,2026-08-28 17:57:54,2026-08-28 18:02:54,GB,Legacy Oracle EBS,E,DER-001,Dermacare GlowSerum,Aesthetic,Dermacare,Pharmacy/B2B,5,27.35,GBP,0.0,136.75,136.75
TXN-GB-4-000346,2026-08-28 00:17:00,2026-08-28 00:18:00,GB,Legacy Oracle EBS,E,SAN-002,SanaPlus ColdFlu,OTC,SanaPlus,Pharmacy/B2B,7,8.97,GBP,0.0,62.79,62.79
TXN-GB-4-000347,2026-08-28 03:46:16,2026-08-28 03:51:16,GB,Legacy Oracle EBS,E,SAN-001,SanaPlus PainRelief,OTC,SanaPlus,E-commerce,12,8.12,GBP,0.05,97.44,92.57
TXN-GB-4-000348,2026-08-28 13:49:36,2026-08-28 13:54:36,GB,Legacy Oracle EBS,E,PUR-002,PureLife BP Monitor,Medical Device,PureLife,D2C,6,76.92,GBP,0.05,461.52,438.44
TXN-GB-4-000349,2026-08-28 18:45:59,2026-08-28 18:51:59,GB,Legacy Oracle EBS,E,DER-001,Dermacare GlowSerum,Aesthetic,Dermacare,D2C,10,27.35,GBP,0.0,273.5,273.5
TXN-GB-4-000350,2026-08-28 13:01:44,2026-08-28 13:02:44,GB,Legacy Oracle EBS,E,MED-002,Medora Derm Cream,Prescription,Medora,Wholesale,10,22.22,GBP,0.1,222.2,199.98
TXN-GB-4-000351,2026-08-28 17:04:27,2026-08-28 17:06:27,GB,Legacy Oracle EBS,E,SAN-002,SanaPlus ColdFlu,OTC,SanaPlus,Wholesale,2,8.97,GBP,0.0,17.94,17.94
TXN-GB-4-000352,2026-08-28 22:38:03,2026-08-28 22:44:03,GB,Legacy Oracle EBS,E,PUR-002,PureLife BP Monitor,Medical Device,PureLife,Wholesale,5,76.92,GBP,0.15,384.6,326.91
TXN-GB-4-000353,2026-08-28 16:41:24,2026-08-28 16:46:24,GB,Legacy Oracle EBS,E,PUR-002,PureLife BP Monitor,Medical Device,PureLife,D2C,6,76.92,GBP,0.05,461.52,438.44
TXN-GB-4-000354,2026-08-28 02:54:28,2026-08-28 02:58:28,GB,Legacy Oracle EBS,E,VIT-002,Vitalis Multivit,Supplement,Vitalis,Wholesale,1,14.53,GBP,0.0,14.53,14.53
TXN-GB-4-000355,2026-08-28 22:18:11,2026-08-28 22:20:11,GB,Legacy Oracle EBS,E,DER-002,Dermacare LiftCream,Aesthetic,Dermacare,Wholesale,7,31.62,GBP,0.15,221.34,188.14
TXN-GB-4-000356,2026-08-28 12:45:06,2026-08-28 12:49:06,GB,Legacy Oracle EBS,E,SAN-001,SanaPlus PainRelief,OTC,SanaPlus,E-commerce,12,8.12,GBP,0.0,97.44,97.44
TXN-GB-4-000357,2026-08-28 22:08:55,2026-08-28 22:13:55,GB,Legacy Oracle EBS,E,DER-002,Dermacare LiftCream,Aesthetic,Dermacare,Wholesale,5,31.62,GBP,0.0,158.1,158.1
TXN-GB-4-000358,2026-08-28 18:41:12,2026-08-28 18:44:12,GB,Legacy Oracle EBS,E,VIT-001,Vitalis C1000,Supplement,Vitalis,E-commerce,5,17.95,GBP,0.2,89.75,71.8
TXN-GB-4-000359,2026-08-28 13:41:35,2026-08-28 13:42:35,GB,Legacy Oracle EBS,E,MED-001,Medora Cardio 10mg,Prescription,Medora,Wholesale,9,36.75,GBP,0.0,330.75,330.75
TXN-GB-4-000360,2026-08-28 05:15:45,2026-08-28 05:18:45,GB,Legacy Oracle EBS,E,PUR-002,PureLife BP Monitor,Medical Device,PureLife,Pharmacy/B2B,10,76.92,GBP,0.0,769.2,769.2
TXN-GB-4-000361,2026-08-28 06:15:24,2026-08-28 06:19:24,GB,Legacy Oracle EBS,E,DER-002,Dermacare LiftCream,Aesthetic,Dermacare,Wholesale,10,31.62,GBP,0.15,316.2,268.77
TXN-GB-4-000362,2026-08-28 16:55:32,2026-08-28 17:01:32,GB,Legacy Oracle EBS,E,MED-001,Medora Cardio 10mg,Prescription,Medora,Wholesale,9,36.75,GBP,0.0,330.75,330.75
TXN-GB-4-000363,2026-08-28 12:29:17,2026-08-28 12:32:17,GB,Legacy Oracle EBS,E,PUR-002,PureLife BP Monitor,Medical Device,PureLife,D2C,9,76.92,GBP,0.0,692.28,692.28
TXN-GB-4-000364,2026-08-28 07:10:09,2026-08-28 07:12:09,GB,Legacy Oracle EBS,E,SAN-002,SanaPlus ColdFlu,OTC,SanaPlus,E-commerce,11,8.97,GBP,0.2,98.67,78.94
TXN-GB-4-000365,2026-08-28 05:23:25,2026-08-28 05:26:25,GB,Legacy Oracle EBS,E,MED-001,Medora Cardio 10mg,Prescription,Medora,E-commerce,4,36.75,GBP,0.1,147.0,132.3
TXN-GB-4-000366,2026-08-28 13:29:29,2026-08-28 13:34:29,GB,Legacy Oracle EBS,E,DER-001,Dermacare GlowSerum,Aesthetic,Dermacare,Pharmacy/B2B,2,27.35,GBP,0.0,54.7,54.7
TXN-GB-4-000367,2026-08-28 21:41:43,2026-08-28 21:46:43,GB,Legacy Oracle EBS,E,DER-001,Dermacare GlowSerum,Aesthetic,Dermacare,E-commerce,8,27.35,GBP,0.2,218.8,175.04
TXN-GB-4-000368,2026-08-28 11:23:31,2026-08-28 11:29:31,GB,Legacy Oracle EBS,E,MED-001,Medora Cardio 10mg,Prescription,Medora,Wholesale,2,36.75,GBP,0.1,73.5,66.15
TXN-GB-4-000369,2026-08-28 17:04:45,2026-08-28 17:10:45,GB,Legacy Oracle EBS,E,MED-002,Medora Derm Cream,Prescription,Medora,E-commerce,11,22.22,GBP,0.05,244.42,232.2
TXN-GB-4-000370,2026-08-28 09:47:29,2026-08-28 09:53:29,GB,Legacy Oracle EBS,E,VIT-002,Vitalis Multivit,Supplement,Vitalis,Pharmacy/B2B,10,14.53,GBP,0.0,145.3,145.3
TXN-GB-4-000371,2026-08-28 05:13:55,2026-08-28 05:18:55,GB,Legacy Oracle EBS,E,MED-001,Medora Cardio 10mg,Prescription,Medora,Pharmacy/B2B,11,36.75,GBP,0.15,404.25,343.61
TXN-GB-4-000372,2026-08-28 11:31:39,2026-08-28 11:33:39,GB,Legacy Oracle EBS,E,DER-002,Dermacare LiftCream,Aesthetic,Dermacare,Pharmacy/B2B,6,31.62,GBP,0.0,189.72,189.72
TXN-GB-4-000373,2026-08-28 10:19:09,2026-08-28 10:23:09,GB,Legacy Oracle EBS,E,PUR-002,PureLife BP Monitor,Medical Device,PureLife,D2C,12,76.92,GBP,0.0,923.04,923.04
TXN-GB-4-000374,2026-08-28 16:16:59,2026-08-28 16:17:59,GB,Legacy Oracle EBS,E,DER-001,Dermacare GlowSerum,Aesthetic,Dermacare,D2C,6,27.35,GBP,0.0,164.1,164.1
TXN-GB-4-000375,2026-08-28 10:24:14,2026-08-28 10:27:14,GB,Legacy Oracle EBS,E,VIT-001,Vitalis C1000,Supplement,Vitalis,D2C,1,17.95,GBP,0.1,17.95,16.16
TXN-GB-4-000376,2026-08-28 02:51:27,2026-08-28 02:52:27,GB,Legacy Oracle EBS,E,MED-001,Medora Cardio 10mg,Prescription,Medora,D2C,11,36.75,GBP,0.1,404.25,363.82
TXN-GB-4-000377,2026-08-28 14:07:44,2026-08-28 14:11:44,GB,Legacy Oracle EBS,E,VIT-002,Vitalis Multivit,Supplement,Vitalis,Pharmacy/B2B,12,14.53,GBP,0.0,174.36,174.36
TXN-GB-4-000378,2026-08-28 06:54:37,2026-08-28 06:58:37,GB,Legacy Oracle EBS,E,SAN-001,SanaPlus PainRelief,OTC,SanaPlus,D2C,11,8.12,GBP,0.0,89.32,89.32
TXN-GB-4-000379,2026-08-28 14:27:34,2026-08-28 14:31:34,GB,Legacy Oracle EBS,E,MED-001,Medora Cardio 10mg,Prescription,Medora,Pharmacy/B2B,12,36.75,GBP,0.0,441.0,441.0
TXN-GB-4-000380,2026-08-28 09:40:12,2026-08-28 09:45:12,GB,Legacy Oracle EBS,E,VIT-001,Vitalis C1000,Supplement,Vitalis,Wholesale,11,17.95,GBP,0.15,197.45,167.83
TXN-GB-4-000381,2026-08-28 20:13:37,2026-08-28 20:17:37,GB,Legacy Oracle EBS,E,SAN-001,SanaPlus PainRelief,OTC,SanaPlus,D2C,5,8.12,GBP,0.0,40.6,40.6
TXN-GB-4-000382,2026-08-28 15:05:46,2026-08-28 15:06:46,GB,Legacy Oracle EBS,E,DER-002,Dermacare LiftCream,Aesthetic,Dermacare,E-commerce,7,31.62,GBP,0.0,221.34,221.34
TXN-GB-4-000383,2026-08-28 22:32:49,2026-08-28 22:35:49,GB,Legacy Oracle EBS,E,DER-001,Dermacare GlowSerum,Aesthetic,Dermacare,Wholesale,9,27.35,GBP,0.0,246.15,246.15
TXN-GB-4-000384,2026-08-28 09:02:23,2026-08-28 09:06:23,GB,Legacy Oracle EBS,E,PUR-002,PureLife BP Monitor,Medical Device,PureLife,E-commerce,10,76.92,GBP,0.1,769.2,692.28
TXN-GB-4-000385,2026-08-28 04:05:44,2026-08-28 04:08:44,GB,Legacy Oracle EBS,E,DER-002,Dermacare LiftCream,Aesthetic,Dermacare,E-commerce,9,31.62,GBP,0.0,284.58,284.58
TXN-GB-4-000386,2026-08-28 03:34:32,2026-08-28 03:37:32,GB,Legacy Oracle EBS,E,SAN-002,SanaPlus ColdFlu,OTC,SanaPlus,D2C,5,8.97,GBP,0.0,44.85,44.85
TXN-GB-4-000387,2026-08-28 05:31:45,2026-08-28 05:36:45,GB,Legacy Oracle EBS,E,MED-002,Medora Derm Cream,Prescription,Medora,Pharmacy/B2B,9,22.22,GBP,0.0,199.98,199.98
TXN-GB-4-000388,2026-08-28 21:26:59,2026-08-28 21:29:59,GB,Legacy Oracle EBS,E,PUR-002,PureLife BP Monitor,Medical Device,PureLife,Pharmacy/B2B,12,76.92,GBP,0.0,923.04,923.04
TXN-GB-4-000389,2026-08-28 07:51:06,2026-08-28 07:57:06,GB,Legacy Oracle EBS,E,PUR-001,PureLife GlucoMonitor,Medical Device,PureLife,Pharmacy/B2B,9,72.65,GBP,0.0,653.85,653.85
TXN-GB-4-000390,2026-08-28 05:55:24,2026-08-28 05:56:24,GB,Legacy Oracle EBS,E,MED-002,Medora Derm Cream,Prescription,Medora,Wholesale,3,22.22,GBP,0.0,66.66,66.66
TXN-GB-4-000391,2026-08-28 22:49:41,2026-08-28 22:54:41,GB,Legacy Oracle EBS,E,MED-002,Medora Derm Cream,Prescription,Medora,E-commerce,9,22.22,GBP,0.2,199.98,159.98
TXN-GB-4-000392,2026-08-28 21:26:34,2026-08-28 21:27:34,GB,Legacy Oracle EBS,E,VIT-001,Vitalis C1000,Supplement,Vitalis,Pharmacy/B2B,1,17.95,GBP,0.0,17.95,17.95
TXN-GB-4-000393,2026-08-28 00:00:05,2026-08-28 00:02:05,GB,Legacy Oracle EBS,E,PUR-002,PureLife BP Monitor,Medical Device,PureLife,Wholesale,6,76.92,GBP,0.0,461.52,461.52
TXN-GB-4-000394,2026-08-28 06:02:29,2026-08-28 06:08:29,GB,Legacy Oracle EBS,E,PUR-001,PureLife GlucoMonitor,Medical Device,PureLife,Wholesale,6,72.65,GBP,0.15,435.9,370.51
TXN-GB-4-000395,2026-08-28 08:15:34,2026-08-28 08:21:34,GB,Legacy Oracle EBS,E,PUR-002,PureLife BP Monitor,Medical Device,PureLife,E-commerce,2,76.92,GBP,0.0,153.84,153.84
TXN-GB-4-000396,2026-08-28 11:16:29,2026-08-28 11:17:29,GB,Legacy Oracle EBS,E,MED-002,Medora Derm Cream,Prescription,Medora,D2C,9,22.22,GBP,0.1,199.98,179.98
TXN-GB-4-000397,2026-08-28 19:12:44,2026-08-28 19:17:44,GB,Legacy Oracle EBS,E,PUR-002,PureLife BP Monitor,Medical Device,PureLife,E-commerce,4,76.92,GBP,0.0,307.68,307.68
TXN-GB-4-000398,2026-08-28 09:00:59,2026-08-28 09:05:59,GB,Legacy Oracle EBS,E,DER-001,Dermacare GlowSerum,Aesthetic,Dermacare,D2C,4,27.35,GBP,0.0,109.4,109.4
TXN-GB-4-000399,2026-08-28 22:34:17,2026-08-28 22:35:17,GB,Legacy Oracle EBS,E,PUR-001,PureLife GlucoMonitor,Medical Device,PureLife,E-commerce,11,72.65,GBP,0.0,799.15,799.15
TXN-GB-4-000400,2026-08-28 04:06:33,2026-08-28 04:12:33,GB,Legacy Oracle EBS,E,SAN-001,SanaPlus PainRelief,OTC,SanaPlus,D2C,6,8.12,GBP,0.05,48.72,46.28
TXN-GB-4-000401,2026-08-28 03:36:44,2026-08-28 03:39:44,GB,Legacy Oracle EBS,E,MED-002,Medora Derm Cream,Prescription,Medora,Wholesale,2,22.22,GBP,0.0,44.44,44.44
TXN-GB-4-000402,2026-08-28 17:18:47,2026-08-28 17:19:47,GB,Legacy Oracle EBS,E,PUR-001,PureLife GlucoMonitor,Medical Device,PureLife,Wholesale,10,72.65,GBP,0.1,726.5,653.85
TXN-GB-4-000403,2026-08-28 06:12:15,2026-08-28 06:13:15,GB,Legacy Oracle EBS,E,VIT-001,Vitalis C1000,Supplement,Vitalis,Wholesale,6,17.95,GBP,0.0,107.7,107.7
TXN-GB-4-000404,2026-08-28 23:22:32,2026-08-28 23:25:32,GB,Legacy Oracle EBS,E,VIT-002,Vitalis Multivit,Supplement,Vitalis,E-commerce,12,14.53,GBP,0.05,174.36,165.64
TXN-GB-4-000405,2026-08-28 02:14:17,2026-08-28 02:18:17,GB,Legacy Oracle EBS,E,VIT-002,Vitalis Multivit,Supplement,Vitalis,E-commerce,12,14.53,GBP,0.2,174.36,139.49
TXN-GB-4-000406,2026-08-28 15:00:10,2026-08-28 15:02:10,GB,Legacy Oracle EBS,E,PUR-002,PureLife BP Monitor,Medical Device,PureLife,Wholesale,7,76.92,GBP,0.15,538.44,457.67
TXN-GB-4-000407,2026-08-28 22:03:03,2026-08-28 22:08:03,GB,Legacy Oracle EBS,E,DER-001,Dermacare GlowSerum,Aesthetic,Dermacare,D2C,10,27.35,GBP,0.15,273.5,232.47
TXN-GB-4-000408,2026-08-28 19:42:47,2026-08-28 19:48:47,GB,Legacy Oracle EBS,E,MED-001,Medora Cardio 10mg,Prescription,Medora,D2C,5,36.75,GBP,0.15,183.75,156.19
TXN-GB-4-000409,2026-08-28 17:02:14,2026-08-28 17:04:14,GB,Legacy Oracle EBS,E,DER-001,Dermacare GlowSerum,Aesthetic,Dermacare,Wholesale,3,27.35,GBP,0.15,82.05,69.74
TXN-GB-4-000410,2026-08-28 10:23:36,2026-08-28 10:26:36,GB,Legacy Oracle EBS,E,DER-001,Dermacare GlowSerum,Aesthetic,Dermacare,Wholesale,9,27.35,GBP,0.0,246.15,246.15
TXN-GB-4-000411,2026-08-28 05:13:38,2026-08-28 05:15:38,GB,Legacy Oracle EBS,E,MED-002,Medora Derm Cream,Prescription,Medora,Pharmacy/B2B,7,22.22,GBP,0.2,155.54,124.43
TXN-GB-4-000412,2026-08-28 22:43:51,2026-08-28 22:49:51,GB,Legacy Oracle EBS,E,MED-002,Medora Derm Cream,Prescription,Medora,Wholesale,7,22.22,GBP,0.2,155.54,124.43
TXN-GB-4-000413,2026-08-28 21:16:43,2026-08-28 21:19:43,GB,Legacy Oracle EBS,E,MED-002,Medora Derm Cream,Prescription,Medora,Pharmacy/B2B,8,22.22,GBP,0.15,177.76,151.1
TXN-GB-4-000414,2026-08-28 11:55:11,2026-08-28 12:00:11,GB,Legacy Oracle EBS,E,PUR-001,PureLife GlucoMonitor,Medical Device,PureLife,D2C,4,72.65,GBP,0.2,290.6,232.48
TXN-GB-4-000415,2026-08-28 23:51:50,2026-08-28 23:53:50,GB,Legacy Oracle EBS,E,DER-002,Dermacare LiftCream,Aesthetic,Dermacare,E-commerce,9,31.62,GBP,0.0,284.58,284.58
TXN-GB-4-000416,2026-08-28 06:43:10,2026-08-28 06:49:10,GB,Legacy Oracle EBS,E,VIT-001,Vitalis C1000,Supplement,Vitalis,Pharmacy/B2B,3,17.95,GBP,0.0,53.85,53.85
TXN-GB-4-000417,2026-08-28 00:31:39,2026-08-28 00:33:39,GB,Legacy Oracle EBS,E,DER-002,Dermacare LiftCream,Aesthetic,Dermacare,Wholesale,5,31.62,GBP,0.15,158.1,134.38
TXN-GB-4-000418,2026-08-28 04:28:05,2026-08-28 04:34:05,GB,Legacy Oracle EBS,E,VIT-002,Vitalis Multivit,Supplement,Vitalis,D2C,9,14.53,GBP,0.0,130.77,130.77
TXN-GB-4-000419,2026-08-28 18:14:12,2026-08-28 18:15:12,GB,Legacy Oracle EBS,E,DER-002,Dermacare LiftCream,Aesthetic,Dermacare,E-commerce,11,31.62,GBP,0.15,347.82,295.65
TXN-GB-4-000420,2026-08-28 15:18:28,2026-08-28 15:21:28,GB,Legacy Oracle EBS,E,SAN-002,SanaPlus ColdFlu,OTC,SanaPlus,Pharmacy/B2B,2,8.97,GBP,0.0,17.94,17.94
TXN-GB-4-000421,2026-08-28 07:13:10,2026-08-28 07:18:10,GB,Legacy Oracle EBS,E,PUR-001,PureLife GlucoMonitor,Medical Device,PureLife,Wholesale,8,72.65,GBP,0.05,581.2,552.14
TXN-GB-4-000422,2026-08-28 13:43:53,2026-08-28 13:46:53,GB,Legacy Oracle EBS,E,MED-002,Medora Derm Cream,Prescription,Medora,D2C,5,22.22,GBP,0.1,111.1,99.99
TXN-GB-4-000423,2026-08-28 11:41:36,2026-08-28 11:47:36,GB,Legacy Oracle EBS,E,SAN-002,SanaPlus ColdFlu,OTC,SanaPlus,E-commerce,3,8.97,GBP,0.0,26.91,26.91
TXN-GB-4-000424,2026-08-28 15:32:22,2026-08-28 15:34:22,GB,Legacy Oracle EBS,E,MED-001,Medora Cardio 10mg,Prescription,Medora,D2C,12,36.75,GBP,0.05,441.0,418.95
TXN-GB-4-000425,2026-08-28 16:20:24,2026-08-28 16:26:24,GB,Legacy Oracle EBS,E,VIT-001,Vitalis C1000,Supplement,Vitalis,Wholesale,7,17.95,GBP,0.0,125.65,125.65
TXN-GB-4-000426,2026-08-28 17:47:21,2026-08-28 17:52:21,GB,Legacy Oracle EBS,E,DER-001,Dermacare GlowSerum,Aesthetic,Dermacare,D2C,1,27.35,GBP,0.1,27.35,24.62
TXN-GB-4-000427,2026-08-28 23:26:14,2026-08-28 23:29:14,GB,Legacy Oracle EBS,E,PUR-001,PureLife GlucoMonitor,Medical Device,PureLife,Pharmacy/B2B,6,72.65,GBP,0.05,435.9,414.1
TXN-GB-4-000428,2026-08-28 16:07:06,2026-08-28 16:08:06,GB,Legacy Oracle EBS,E,SAN-002,SanaPlus ColdFlu,OTC,SanaPlus,Wholesale,6,8.97,GBP,0.15,53.82,45.75
TXN-GB-4-000429,2026-08-28 22:56:48,2026-08-28 23:00:48,GB,Legacy Oracle EBS,E,PUR-001,PureLife GlucoMonitor,Medical Device,PureLife,D2C,5,72.65,GBP,0.0,363.25,363.25
TXN-GB-4-000430,2026-08-28 03:50:29,2026-08-28 03:56:29,GB,Legacy Oracle EBS,E,PUR-001,PureLife GlucoMonitor,Medical Device,PureLife,Wholesale,5,72.65,GBP,0.2,363.25,290.6
TXN-GB-4-000431,2026-08-28 01:55:53,2026-08-28 02:01:53,GB,Legacy Oracle EBS,E,DER-001,Dermacare GlowSerum,Aesthetic,Dermacare,Pharmacy/B2B,2,27.35,GBP,0.15,54.7,46.5
TXN-GB-4-000432,2026-08-28 22:11:04,2026-08-28 22:17:04,GB,Legacy Oracle EBS,E,VIT-002,Vitalis Multivit,Supplement,Vitalis,Wholesale,4,14.53,GBP,0.0,58.12,58.12
TXN-GB-4-000433,2026-08-28 04:58:38,2026-08-28 05:04:38,GB,Legacy Oracle EBS,E,VIT-001,Vitalis C1000,Supplement,Vitalis,E-commerce,6,17.95,GBP,0.2,107.7,86.16
TXN-GB-4-000434,2026-08-28 05:48:02,2026-08-28 05:51:02,GB,Legacy Oracle EBS,E,SAN-002,SanaPlus ColdFlu,OTC,SanaPlus,Pharmacy/B2B,4,8.97,GBP,0.1,35.88,32.29
TXN-GB-4-000435,2026-08-28 16:44:16,2026-08-28 16:46:16,GB,Legacy Oracle EBS,E,DER-001,Dermacare GlowSerum,Aesthetic,Dermacare,Wholesale,7,27.35,GBP,0.0,191.45,191.45
TXN-GB-4-000436,2026-08-28 13:34:07,2026-08-28 13:38:07,GB,Legacy Oracle EBS,E,VIT-002,Vitalis Multivit,Supplement,Vitalis,D2C,9,14.53,GBP,0.0,130.77,130.77
TXN-GB-4-000437,2026-08-28 13:20:15,2026-08-28 13:26:15,GB,Legacy Oracle EBS,E,VIT-002,Vitalis Multivit,Supplement,Vitalis,Pharmacy/B2B,2,14.53,GBP,0.1,29.06,26.15
TXN-GB-4-000438,2026-08-28 02:36:50,2026-08-28 02:38:50,GB,Legacy Oracle EBS,E,DER-001,Dermacare GlowSerum,Aesthetic,Dermacare,E-commerce,4,27.35,GBP,0.2,109.4,87.52
TXN-GB-4-000439,2026-08-28 03:31:29,2026-08-28 03:35:29,GB,Legacy Oracle EBS,E,DER-002,Dermacare LiftCream,Aesthetic,Dermacare,D2C,8,31.62,GBP,0.05,252.96,240.31
TXN-GB-4-000440,2026-08-28 23:06:53,2026-08-28 23:12:53,GB,Legacy Oracle EBS,E,MED-001,Medora Cardio 10mg,Prescription,Medora,Wholesale,7,36.75,GBP,0.1,257.25,231.53
TXN-GB-4-000441,2026-08-28 07:09:19,2026-08-28 07:13:19,GB,Legacy Oracle EBS,E,DER-001,Dermacare GlowSerum,Aesthetic,Dermacare,Wholesale,9,27.35,GBP,0.0,246.15,246.15
TXN-GB-4-000442,2026-08-28 14:42:29,2026-08-28 14:45:29,GB,Legacy Oracle EBS,E,MED-002,Medora Derm Cream,Prescription,Medora,E-commerce,3,22.22,GBP,0.0,66.66,66.66
TXN-GB-4-000443,2026-08-28 02:23:29,2026-08-28 02:26:29,GB,Legacy Oracle EBS,E,DER-002,Dermacare LiftCream,Aesthetic,Dermacare,D2C,9,31.62,GBP,0.0,284.58,284.58
TXN-GB-4-000444,2026-08-28 20:15:59,2026-08-28 20:19:59,GB,Legacy Oracle EBS,E,VIT-001,Vitalis C1000,Supplement,Vitalis,E-commerce,6,17.95,GBP,0.1,107.7,96.93
TXN-GB-4-000445,2026-08-28 04:46:13,2026-08-28 04:51:13,GB,Legacy Oracle EBS,E,MED-002,Medora Derm Cream,Prescription,Medora,Pharmacy/B2B,9,22.22,GBP,0.05,199.98,189.98
TXN-GB-4-000446,2026-08-28 05:10:55,2026-08-28 05:15:55,GB,Legacy Oracle EBS,E,VIT-001,Vitalis C1000,Supplement,Vitalis,E-commerce,5,17.95,GBP,0.1,89.75,80.78
TXN-GB-4-000447,2026-08-28 12:14:34,2026-08-28 12:15:34,GB,Legacy Oracle EBS,E,DER-002,Dermacare LiftCream,Aesthetic,Dermacare,Pharmacy/B2B,2,31.62,GBP,0.1,63.24,56.92
TXN-GB-4-000448,2026-08-28 16:47:04,2026-08-28 16:53:04,GB,Legacy Oracle EBS,E,SAN-001,SanaPlus PainRelief,OTC,SanaPlus,E-commerce,7,8.12,GBP,0.15,56.84,48.31
TXN-GB-4-000449,2026-08-28 09:06:25,2026-08-28 09:09:25,GB,Legacy Oracle EBS,E,VIT-001,Vitalis C1000,Supplement,Vitalis,Pharmacy/B2B,9,17.95,GBP,0.05,161.55,153.47
TXN-GB-4-000450,2026-08-28 13:34:53,2026-08-28 13:35:53,GB,Legacy Oracle EBS,E,DER-001,Dermacare GlowSerum,Aesthetic,Dermacare,Wholesale,10,27.35,GBP,0.0,273.5,273.5
TXN-GB-4-000451,2026-08-28 16:21:24,2026-08-28 16:27:24,GB,Legacy Oracle EBS,E,MED-001,Medora Cardio 10mg,Prescription,Medora,Pharmacy/B2B,2,36.75,GBP,0.0,73.5,73.5
TXN-GB-4-000452,2026-08-28 11:32:18,2026-08-28 11:38:18,GB,Legacy Oracle EBS,E,PUR-002,PureLife BP Monitor,Medical Device,PureLife,Wholesale,3,76.92,GBP,0.0,230.76,230.76
TXN-GB-4-000453,2026-08-28 21:55:48,2026-08-28 21:56:48,GB,Legacy Oracle EBS,E,MED-001,Medora Cardio 10mg,Prescription,Medora,Wholesale,11,36.75,GBP,0.0,404.25,404.25
TXN-GB-4-000454,2026-08-28 16:00:06,2026-08-28 16:01:06,GB,Legacy Oracle EBS,E,SAN-002,SanaPlus ColdFlu,OTC,SanaPlus,Pharmacy/B2B,6,8.97,GBP,0.0,53.82,53.82
TXN-GB-4-000455,2026-08-28 09:45:41,2026-08-28 09:46:41,GB,Legacy Oracle EBS,E,MED-001,Medora Cardio 10mg,Prescription,Medora,Wholesale,10,36.75,GBP,0.0,367.5,367.5
TXN-GB-4-000456,2026-08-28 06:52:27,2026-08-28 06:55:27,GB,Legacy Oracle EBS,E,SAN-001,SanaPlus PainRelief,OTC,SanaPlus,E-commerce,2,8.12,GBP,0.05,16.24,15.43
TXN-GB-4-000457,2026-08-28 17:56:00,2026-08-28 17:57:00,GB,Legacy Oracle EBS,E,DER-001,Dermacare GlowSerum,Aesthetic,Dermacare,D2C,6,27.35,GBP,0.1,164.1,147.69
TXN-GB-4-000458,2026-08-28 16:36:59,2026-08-28 16:42:59,GB,Legacy Oracle EBS,E,DER-001,Dermacare GlowSerum,Aesthetic,Dermacare,Pharmacy/B2B,5,27.35,GBP,0.1,136.75,123.08
TXN-GB-4-000459,2026-08-28 14:56:50,2026-08-28 14:58:50,GB,Legacy Oracle EBS,E,DER-001,Dermacare GlowSerum,Aesthetic,Dermacare,D2C,3,27.35,GBP,0.0,82.05,82.05
TXN-GB-4-000460,2026-08-28 03:53:27,2026-08-28 03:56:27,GB,Legacy Oracle EBS,E,VIT-001,Vitalis C1000,Supplement,Vitalis,E-commerce,6,17.95,GBP,0.15,107.7,91.55
TXN-GB-4-000461,2026-08-28 21:30:10,2026-08-28 21:36:10,GB,Legacy Oracle EBS,E,SAN-001,SanaPlus PainRelief,OTC,SanaPlus,Pharmacy/B2B,11,8.12,GBP,0.0,89.32,89.32
TXN-GB-4-000462,2026-08-28 22:49:18,2026-08-28 22:51:18,GB,Legacy Oracle EBS,E,MED-001,Medora Cardio 10mg,Prescription,Medora,D2C,8,36.75,GBP,0.0,294.0,294.0
TXN-GB-4-000463,2026-08-28 09:07:38,2026-08-28 09:11:38,GB,Legacy Oracle EBS,E,MED-001,Medora Cardio 10mg,Prescription,Medora,E-commerce,7,36.75,GBP,0.05,257.25,244.39
TXN-GB-4-000464,2026-08-28 15:04:57,2026-08-28 15:07:57,GB,Legacy Oracle EBS,E,SAN-001,SanaPlus PainRelief,OTC,SanaPlus,D2C,12,8.12,GBP,0.15,97.44,82.82
TXN-GB-4-000465,2026-08-28 09:04:36,2026-08-28 09:07:36,GB,Legacy Oracle EBS,E,VIT-001,Vitalis C1000,Supplement,Vitalis,Pharmacy/B2B,12,17.95,GBP,0.0,215.4,215.4
TXN-GB-4-000466,2026-08-28 06:30:44,2026-08-28 06:34:44,GB,Legacy Oracle EBS,E,MED-002,Medora Derm Cream,Prescription,Medora,D2C,7,22.22,GBP,0.05,155.54,147.76
TXN-GB-4-000467,2026-08-28 23:56:11,2026-08-28 23:59:11,GB,Legacy Oracle EBS,E,DER-002,Dermacare LiftCream,Aesthetic,Dermacare,D2C,9,31.62,GBP,0.2,284.58,227.66
TXN-GB-4-000468,2026-08-28 18:27:40,2026-08-28 18:28:40,GB,Legacy Oracle EBS,E,MED-002,Medora Derm Cream,Prescription,Medora,Pharmacy/B2B,4,22.22,GBP,0.05,88.88,84.44
TXN-GB-4-000469,2026-08-28 02:40:24,2026-08-28 02:46:24,GB,Legacy Oracle EBS,E,PUR-002,PureLife BP Monitor,Medical Device,PureLife,E-commerce,5,76.92,GBP,0.0,384.6,384.6
TXN-GB-4-000470,2026-08-28 06:27:30,2026-08-28 06:31:30,GB,Legacy Oracle EBS,E,VIT-002,Vitalis Multivit,Supplement,Vitalis,Pharmacy/B2B,2,14.53,GBP,0.05,29.06,27.61
TXN-GB-4-000471,2026-08-28 02:02:09,2026-08-28 02:06:09,GB,Legacy Oracle EBS,E,SAN-002,SanaPlus ColdFlu,OTC,SanaPlus,Wholesale,8,8.97,GBP,0.0,71.76,71.76
TXN-GB-4-000472,2026-08-28 03:42:25,2026-08-28 03:43:25,GB,Legacy Oracle EBS,E,DER-001,Dermacare GlowSerum,Aesthetic,Dermacare,Wholesale,1,27.35,GBP,0.2,27.35,21.88
TXN-GB-4-000473,2026-08-28 08:22:19,2026-08-28 08:26:19,GB,Legacy Oracle EBS,E,MED-001,Medora Cardio 10mg,Prescription,Medora,Wholesale,3,36.75,GBP,0.15,110.25,93.71
TXN-GB-4-000474,2026-08-28 04:04:26,2026-08-28 04:09:26,GB,Legacy Oracle EBS,E,MED-002,Medora Derm Cream,Prescription,Medora,Wholesale,7,22.22,GBP,0.05,155.54,147.76
TXN-GB-4-000475,2026-08-28 17:52:40,2026-08-28 17:57:40,GB,Legacy Oracle EBS,E,MED-001,Medora Cardio 10mg,Prescription,Medora,Pharmacy/B2B,6,36.75,GBP,0.2,220.5,176.4
TXN-GB-4-000476,2026-08-28 08:06:51,2026-08-28 08:12:51,GB,Legacy Oracle EBS,E,MED-002,Medora Derm Cream,Prescription,Medora,E-commerce,5,22.22,GBP,0.0,111.1,111.1
TXN-GB-4-000477,2026-08-28 22:26:08,2026-08-28 22:29:08,GB,Legacy Oracle EBS,E,SAN-001,SanaPlus PainRelief,OTC,SanaPlus,Pharmacy/B2B,7,8.12,GBP,0.15,56.84,48.31
TXN-GB-4-000478,2026-08-28 06:14:18,2026-08-28 06:16:18,GB,Legacy Oracle EBS,E,PUR-001,PureLife GlucoMonitor,Medical Device,PureLife,Pharmacy/B2B,7,72.65,GBP,0.0,508.55,508.55
TXN-GB-4-000479,2026-08-28 20:57:26,2026-08-28 21:01:26,GB,Legacy Oracle EBS,E,MED-001,Medora Cardio 10mg,Prescription,Medora,D2C,5,36.75,GBP,0.15,183.75,156.19
TXN-GB-4-000480,2026-08-28 08:56:51,2026-08-28 09:02:51,GB,Legacy Oracle EBS,E,DER-002,Dermacare LiftCream,Aesthetic,Dermacare,Wholesale,1,31.62,GBP,0.15,31.62,26.88
TXN-GB-4-000481,2026-08-28 11:12:06,2026-08-28 11:15:06,GB,Legacy Oracle EBS,E,SAN-002,SanaPlus ColdFlu,OTC,SanaPlus,Pharmacy/B2B,10,8.97,GBP,0.05,89.7,85.22
TXN-GB-4-000482,2026-08-28 10:40:15,2026-08-28 10:46:15,GB,Legacy Oracle EBS,E,VIT-001,Vitalis C1000,Supplement,Vitalis,E-commerce,3,17.95,GBP,0.05,53.85,51.16
TXN-GB-4-000483,2026-08-28 20:07:41,2026-08-28 20:13:41,GB,Legacy Oracle EBS,E,SAN-002,SanaPlus ColdFlu,OTC,SanaPlus,E-commerce,5,8.97,GBP,0.1,44.85,40.37
TXN-GB-4-000484,2026-08-28 18:54:00,2026-08-28 18:58:00,GB,Legacy Oracle EBS,E,SAN-002,SanaPlus ColdFlu,OTC,SanaPlus,D2C,12,8.97,GBP,0.0,107.64,107.64
TXN-GB-4-000485,2026-08-28 09:34:30,2026-08-28 09:35:30,GB,Legacy Oracle EBS,E,SAN-002,SanaPlus ColdFlu,OTC,SanaPlus,E-commerce,5,8.97,GBP,0.2,44.85,35.88
TXN-GB-4-000486,2026-08-28 20:10:21,2026-08-28 20:11:21,GB,Legacy Oracle EBS,E,DER-001,Dermacare GlowSerum,Aesthetic,Dermacare,Pharmacy/B2B,5,27.35,GBP,0.0,136.75,136.75
TXN-GB-4-000487,2026-08-28 18:20:42,2026-08-28 18:25:42,GB,Legacy Oracle EBS,E,SAN-001,SanaPlus PainRelief,OTC,SanaPlus,E-commerce,9,8.12,GBP,0.2,73.08,58.46
TXN-GB-4-000488,2026-08-28 04:46:58,2026-08-28 04:47:58,GB,Legacy Oracle EBS,E,DER-001,Dermacare GlowSerum,Aesthetic,Dermacare,Pharmacy/B2B,8,27.35,GBP,0.2,218.8,175.04
TXN-GB-4-000489,2026-08-28 14:59:53,2026-08-28 15:00:53,GB,Legacy Oracle EBS,E,SAN-002,SanaPlus ColdFlu,OTC,SanaPlus,E-commerce,12,8.97,GBP,0.0,107.64,107.64
TXN-GB-4-000490,2026-08-28 13:34:37,2026-08-28 13:35:37,GB,Legacy Oracle EBS,E,PUR-001,PureLife GlucoMonitor,Medical Device,PureLife,E-commerce,3,72.65,GBP,0.15,217.95,185.26
TXN-GB-4-000491,2026-08-28 23:21:59,2026-08-28 23:22:59,GB,Legacy Oracle EBS,E,VIT-001,Vitalis C1000,Supplement,Vitalis,D2C,6,17.95,GBP,0.15,107.7,91.55
TXN-GB-4-000492,2026-08-28 06:35:16,2026-08-28 06:40:16,GB,Legacy Oracle EBS,E,DER-001,Dermacare GlowSerum,Aesthetic,Dermacare,D2C,5,27.35,GBP,0.0,136.75,136.75
TXN-GB-4-000493,2026-08-28 11:08:44,2026-08-28 11:10:44,GB,Legacy Oracle EBS,E,MED-001,Medora Cardio 10mg,Prescription,Medora,D2C,7,36.75,GBP,0.05,257.25,244.39
TXN-GB-4-000494,2026-08-28 01:24:29,2026-08-28 01:28:29,GB,Legacy Oracle EBS,E,VIT-001,Vitalis C1000,Supplement,Vitalis,D2C,11,17.95,GBP,0.05,197.45,187.58
TXN-GB-4-000495,2026-08-28 11:44:43,2026-08-28 11:45:43,GB,Legacy Oracle EBS,E,SAN-001,SanaPlus PainRelief,OTC,SanaPlus,Wholesale,8,8.12,GBP,0.15,64.96,55.22
TXN-GB-4-000496,2026-08-28 07:29:19,2026-08-28 07:34:19,GB,Legacy Oracle EBS,E,PUR-001,PureLife GlucoMonitor,Medical Device,PureLife,D2C,12,72.65,GBP,0.05,871.8,828.21
TXN-GB-4-000497,2026-08-28 19:52:30,2026-08-28 19:56:30,GB,Legacy Oracle EBS,E,DER-002,Dermacare LiftCream,Aesthetic,Dermacare,Pharmacy/B2B,5,31.62,GBP,0.1,158.1,142.29
TXN-GB-4-000498,2026-08-28 14:03:36,2026-08-28 14:05:36,GB,Legacy Oracle EBS,E,SAN-002,SanaPlus ColdFlu,OTC,SanaPlus,Wholesale,12,8.97,GBP,0.0,107.64,107.64
TXN-GB-4-000499,2026-08-28 08:17:57,2026-08-28 08:18:57,GB,Legacy Oracle EBS,E,MED-001,Medora Cardio 10mg,Prescription,Medora,D2C,3,36.75,GBP,0.0,110.25,110.25
TXN-GB-4-000500,2026-08-28 12:01:21,2026-08-28 12:02:21,GB,Legacy Oracle EBS,E,VIT-001,Vitalis C1000,Supplement,Vitalis,Pharmacy/B2B,7,17.95,GBP,0.15,125.65,106.8
TXN-GB-4-000501,2026-08-28 06:21:38,2026-08-28 06:25:38,GB,Legacy Oracle EBS,E,SAN-001,SanaPlus PainRelief,OTC,SanaPlus,D2C,8,8.12,GBP,0.1,64.96,58.46
TXN-GB-4-000502,2026-08-28 05:55:01,2026-08-28 05:56:01,GB,Legacy Oracle EBS,E,VIT-001,Vitalis C1000,Supplement,Vitalis,Wholesale,10,17.95,GBP,0.2,179.5,143.6
TXN-GB-4-000503,2026-08-28 03:23:11,2026-08-28 03:24:11,GB,Legacy Oracle EBS,E,VIT-002,Vitalis Multivit,Supplement,Vitalis,D2C,3,14.53,GBP,0.05,43.59,41.41
TXN-GB-4-000504,2026-08-28 08:16:29,2026-08-28 08:17:29,GB,Legacy Oracle EBS,E,VIT-002,Vitalis Multivit,Supplement,Vitalis,Wholesale,3,14.53,GBP,0.0,43.59,43.59
TXN-GB-4-000505,2026-08-28 18:14:30,2026-08-28 18:16:30,GB,Legacy Oracle EBS,E,PUR-001,PureLife GlucoMonitor,Medical Device,PureLife,Wholesale,1,72.65,GBP,0.0,72.65,72.65
TXN-GB-4-000506,2026-08-28 09:26:19,2026-08-28 09:32:19,GB,Legacy Oracle EBS,E,PUR-002,PureLife BP Monitor,Medical Device,PureLife,Wholesale,12,76.92,GBP,0.0,923.04,923.04
TXN-GB-4-000507,2026-08-28 05:47:29,2026-08-28 05:49:29,GB,Legacy Oracle EBS,E,DER-002,Dermacare LiftCream,Aesthetic,Dermacare,Wholesale,8,31.62,GBP,0.0,252.96,252.96
TXN-GB-4-000508,2026-08-28 13:41:53,2026-08-28 13:43:53,GB,Legacy Oracle EBS,E,SAN-001,SanaPlus PainRelief,OTC,SanaPlus,E-commerce,8,8.12,GBP,0.05,64.96,61.71
TXN-GB-4-000509,2026-08-28 13:43:18,2026-08-28 13:46:18,GB,Legacy Oracle EBS,E,MED-001,Medora Cardio 10mg,Prescription,Medora,D2C,11,36.75,GBP,0.1,404.25,363.82
TXN-GB-4-000510,2026-08-28 15:39:04,2026-08-28 15:45:04,GB,Legacy Oracle EBS,E,PUR-002,PureLife BP Monitor,Medical Device,PureLife,D2C,12,76.92,GBP,0.1,923.04,830.74
TXN-GB-4-000511,2026-08-28 13:23:25,2026-08-28 13:27:25,GB,Legacy Oracle EBS,E,MED-002,Medora Derm Cream,Prescription,Medora,D2C,7,22.22,GBP,0.2,155.54,124.43
TXN-GB-4-000512,2026-08-28 07:48:36,2026-08-28 07:53:36,GB,Legacy Oracle EBS,E,SAN-001,SanaPlus PainRelief,OTC,SanaPlus,E-commerce,1,8.12,GBP,0.1,8.12,7.31
TXN-GB-4-000513,2026-08-28 16:21:23,2026-08-28 16:24:23,GB,Legacy Oracle EBS,E,DER-002,Dermacare LiftCream,Aesthetic,Dermacare,Pharmacy/B2B,7,31.62,GBP,0.0,221.34,221.34
TXN-GB-4-000514,2026-08-28 02:54:11,2026-08-28 02:58:11,GB,Legacy Oracle EBS,E,PUR-001,PureLife GlucoMonitor,Medical Device,PureLife,Wholesale,9,72.65,GBP,0.0,653.85,653.85
TXN-GB-4-000515,2026-08-28 12:05:05,2026-08-28 12:09:05,GB,Legacy Oracle EBS,E,VIT-002,Vitalis Multivit,Supplement,Vitalis,E-commerce,5,14.53,GBP,0.0,72.65,72.65
TXN-GB-4-000516,2026-08-28 21:17:25,2026-08-28 21:23:25,GB,Legacy Oracle EBS,E,MED-002,Medora Derm Cream,Prescription,Medora,E-commerce,9,22.22,GBP,0.05,199.98,189.98
TXN-GB-4-000517,2026-08-28 10:49:43,2026-08-28 10:50:43,GB,Legacy Oracle EBS,E,MED-002,Medora Derm Cream,Prescription,Medora,Wholesale,6,22.22,GBP,0.05,133.32,126.65
TXN-GB-4-000518,2026-08-28 00:50:48,2026-08-28 00:55:48,GB,Legacy Oracle EBS,E,PUR-002,PureLife BP Monitor,Medical Device,PureLife,Pharmacy/B2B,6,76.92,GBP,0.2,461.52,369.22
TXN-GB-4-000519,2026-08-28 04:25:33,2026-08-28 04:26:33,GB,Legacy Oracle EBS,E,SAN-001,SanaPlus PainRelief,OTC,SanaPlus,Pharmacy/B2B,4,8.12,GBP,0.0,32.48,32.48
TXN-GB-4-000520,2026-08-28 06:48:13,2026-08-28 06:52:13,GB,Legacy Oracle EBS,E,DER-002,Dermacare LiftCream,Aesthetic,Dermacare,Wholesale,2,31.62,GBP,0.2,63.24,50.59
TXN-GB-4-000521,2026-08-28 05:59:09,2026-08-28 06:04:09,GB,Legacy Oracle EBS,E,DER-002,Dermacare LiftCream,Aesthetic,Dermacare,D2C,12,31.62,GBP,0.0,379.44,379.44
TXN-GB-4-000522,2026-08-28 09:02:05,2026-08-28 09:06:05,GB,Legacy Oracle EBS,E,VIT-001,Vitalis C1000,Supplement,Vitalis,Pharmacy/B2B,4,17.95,GBP,0.05,71.8,68.21
TXN-GB-4-000523,2026-08-28 07:34:40,2026-08-28 07:37:40,GB,Legacy Oracle EBS,E,DER-001,Dermacare GlowSerum,Aesthetic,Dermacare,D2C,5,27.35,GBP,0.15,136.75,116.24
TXN-GB-4-000524,2026-08-28 05:23:58,2026-08-28 05:25:58,GB,Legacy Oracle EBS,E,SAN-001,SanaPlus PainRelief,OTC,SanaPlus,Pharmacy/B2B,6,8.12,GBP,0.0,48.72,48.72
TXN-GB-4-000525,2026-08-28 21:14:55,2026-08-28 21:18:55,GB,Legacy Oracle EBS,E,MED-001,Medora Cardio 10mg,Prescription,Medora,Pharmacy/B2B,3,36.75,GBP,0.05,110.25,104.74
TXN-GB-4-000526,2026-08-28 22:55:13,2026-08-28 22:58:13,GB,Legacy Oracle EBS,E,MED-002,Medora Derm Cream,Prescription,Medora,E-commerce,2,22.22,GBP,0.0,44.44,44.44
TXN-GB-4-000527,2026-08-28 07:34:34,2026-08-28 07:35:34,GB,Legacy Oracle EBS,E,PUR-001,PureLife GlucoMonitor,Medical Device,PureLife,Pharmacy/B2B,12,72.65,GBP,0.2,871.8,697.44
TXN-GB-4-000528,2026-08-28 03:18:36,2026-08-28 03:23:36,GB,Legacy Oracle EBS,E,DER-001,Dermacare GlowSerum,Aesthetic,Dermacare,Pharmacy/B2B,4,27.35,GBP,0.2,109.4,87.52
TXN-GB-4-000529,2026-08-28 22:46:44,2026-08-28 22:50:44,GB,Legacy Oracle EBS,E,DER-001,Dermacare GlowSerum,Aesthetic,Dermacare,D2C,11,27.35,GBP,0.0,300.85,300.85
TXN-GB-4-000530,2026-08-28 05:34:14,2026-08-28 05:39:14,GB,Legacy Oracle EBS,E,VIT-002,Vitalis Multivit,Supplement,Vitalis,Wholesale,10,14.53,GBP,0.05,145.3,138.03
TXN-GB-4-000531,2026-08-28 20:30:34,2026-08-28 20:36:34,GB,Legacy Oracle EBS,E,VIT-001,Vitalis C1000,Supplement,Vitalis,Wholesale,1,17.95,GBP,0.0,17.95,17.95
TXN-GB-4-000532,2026-08-28 21:24:34,2026-08-28 21:28:34,GB,Legacy Oracle EBS,E,MED-002,Medora Derm Cream,Prescription,Medora,Pharmacy/B2B,7,22.22,GBP,0.1,155.54,139.99
TXN-GB-4-000533,2026-08-28 17:28:42,2026-08-28 17:30:42,GB,Legacy Oracle EBS,E,PUR-002,PureLife BP Monitor,Medical Device,PureLife,Wholesale,1,76.92,GBP,0.15,76.92,65.38
TXN-GB-4-000534,2026-08-28 07:45:24,2026-08-28 07:47:24,GB,Legacy Oracle EBS,E,VIT-001,Vitalis C1000,Supplement,Vitalis,Wholesale,5,17.95,GBP,0.05,89.75,85.26
TXN-GB-4-000535,2026-08-28 05:03:28,2026-08-28 05:04:28,GB,Legacy Oracle EBS,E,DER-002,Dermacare LiftCream,Aesthetic,Dermacare,E-commerce,8,31.62,GBP,0.2,252.96,202.37
TXN-GB-4-000536,2026-08-28 02:29:29,2026-08-28 02:35:29,GB,Legacy Oracle EBS,E,SAN-001,SanaPlus PainRelief,OTC,SanaPlus,Pharmacy/B2B,2,8.12,GBP,0.05,16.24,15.43
TXN-GB-4-000537,2026-08-28 18:54:52,2026-08-28 18:55:52,GB,Legacy Oracle EBS,E,MED-002,Medora Derm Cream,Prescription,Medora,E-commerce,9,22.22,GBP,0.0,199.98,199.98
TXN-GB-4-000538,2026-08-28 16:08:20,2026-08-28 16:12:20,GB,Legacy Oracle EBS,E,DER-002,Dermacare LiftCream,Aesthetic,Dermacare,Pharmacy/B2B,2,31.62,GBP,0.05,63.24,60.08
TXN-GB-4-000539,2026-08-28 17:40:26,2026-08-28 17:41:26,GB,Legacy Oracle EBS,E,MED-001,Medora Cardio 10mg,Prescription,Medora,Pharmacy/B2B,12,36.75,GBP,0.2,441.0,352.8
TXN-GB-4-000540,2026-08-28 17:21:25,2026-08-28 17:22:25,GB,Legacy Oracle EBS,E,PUR-002,PureLife BP Monitor,Medical Device,PureLife,D2C,5,76.92,GBP,0.0,384.6,384.6
TXN-GB-4-000541,2026-08-28 18:46:40,2026-08-28 18:52:40,GB,Legacy Oracle EBS,E,VIT-001,Vitalis C1000,Supplement,Vitalis,D2C,10,17.95,GBP,0.2,179.5,143.6
TXN-GB-4-000542,2026-08-28 10:35:12,2026-08-28 10:36:12,GB,Legacy Oracle EBS,E,VIT-001,Vitalis C1000,Supplement,Vitalis,E-commerce,12,17.95,GBP,0.05,215.4,204.63
TXN-GB-4-000543,2026-08-28 01:17:07,2026-08-28 01:22:07,GB,Legacy Oracle EBS,E,SAN-002,SanaPlus ColdFlu,OTC,SanaPlus,Wholesale,9,8.97,GBP,0.05,80.73,76.69
TXN-GB-4-000544,2026-08-28 07:05:01,2026-08-28 07:08:01,GB,Legacy Oracle EBS,E,DER-001,Dermacare GlowSerum,Aesthetic,Dermacare,D2C,6,27.35,GBP,0.0,164.1,164.1
TXN-GB-4-000545,2026-08-28 10:29:11,2026-08-28 10:31:11,GB,Legacy Oracle EBS,E,SAN-001,SanaPlus PainRelief,OTC,SanaPlus,Pharmacy/B2B,6,8.12,GBP,0.0,48.72,48.72
TXN-GB-4-000546,2026-08-28 13:18:02,2026-08-28 13:24:02,GB,Legacy Oracle EBS,E,DER-002,Dermacare LiftCream,Aesthetic,Dermacare,D2C,4,31.62,GBP,0.1,126.48,113.83
TXN-GB-4-000547,2026-08-28 21:08:24,2026-08-28 21:10:24,GB,Legacy Oracle EBS,E,PUR-001,PureLife GlucoMonitor,Medical Device,PureLife,Wholesale,5,72.65,GBP,0.05,363.25,345.09
TXN-GB-4-000548,2026-08-28 11:42:21,2026-08-28 11:48:21,GB,Legacy Oracle EBS,E,VIT-001,Vitalis C1000,Supplement,Vitalis,D2C,9,17.95,GBP,0.05,161.55,153.47
TXN-GB-4-000549,2026-08-28 01:58:31,2026-08-28 02:00:31,GB,Legacy Oracle EBS,E,PUR-002,PureLife BP Monitor,Medical Device,PureLife,D2C,5,76.92,GBP,0.2,384.6,307.68
TXN-GB-4-000550,2026-08-28 23:57:30,2026-08-28 23:59:30,GB,Legacy Oracle EBS,E,VIT-002,Vitalis Multivit,Supplement,Vitalis,E-commerce,3,14.53,GBP,0.0,43.59,43.59
TXN-GB-4-000551,2026-08-28 18:09:44,2026-08-28 18:11:44,GB,Legacy Oracle EBS,E,MED-002,Medora Derm Cream,Prescription,Medora,E-commerce,10,22.22,GBP,0.05,222.2,211.09
TXN-GB-4-000552,2026-08-28 00:22:42,2026-08-28 00:27:42,GB,Legacy Oracle EBS,E,PUR-001,PureLife GlucoMonitor,Medical Device,PureLife,Wholesale,12,72.65,GBP,0.1,871.8,784.62
TXN-GB-4-000553,2026-08-28 07:28:19,2026-08-28 07:32:19,GB,Legacy Oracle EBS,E,PUR-001,PureLife GlucoMonitor,Medical Device,PureLife,E-commerce,4,72.65,GBP,0.0,290.6,290.6
TXN-GB-4-000554,2026-08-28 19:18:41,2026-08-28 19:24:41,GB,Legacy Oracle EBS,E,SAN-002,SanaPlus ColdFlu,OTC,SanaPlus,Pharmacy/B2B,1,8.97,GBP,0.0,8.97,8.97
TXN-GB-4-000555,2026-08-28 09:50:05,2026-08-28 09:55:05,GB,Legacy Oracle EBS,E,VIT-002,Vitalis Multivit,Supplement,Vitalis,D2C,1,14.53,GBP,0.0,14.53,14.53
TXN-GB-4-000556,2026-08-28 13:26:41,2026-08-28 13:32:41,GB,Legacy Oracle EBS,E,PUR-002,PureLife BP Monitor,Medical Device,PureLife,E-commerce,7,76.92,GBP,0.0,538.44,538.44
TXN-GB-4-000557,2026-08-28 11:48:25,2026-08-28 11:52:25,GB,Legacy Oracle EBS,E,MED-001,Medora Cardio 10mg,Prescription,Medora,E-commerce,10,36.75,GBP,0.2,367.5,294.0
TXN-GB-4-000558,2026-08-28 04:29:54,2026-08-28 04:30:54,GB,Legacy Oracle EBS,E,PUR-002,PureLife BP Monitor,Medical Device,PureLife,D2C,9,76.92,GBP,0.2,692.28,553.82
TXN-GB-4-000559,2026-08-28 05:50:29,2026-08-28 05:51:29,GB,Legacy Oracle EBS,E,VIT-002,Vitalis Multivit,Supplement,Vitalis,Pharmacy/B2B,7,14.53,GBP,0.15,101.71,86.45
TXN-GB-4-000560,2026-08-28 04:50:04,2026-08-28 04:56:04,GB,Legacy Oracle EBS,E,MED-001,Medora Cardio 10mg,Prescription,Medora,Pharmacy/B2B,11,36.75,GBP,0.0,404.25,404.25
TXN-GB-4-000561,2026-08-28 12:23:42,2026-08-28 12:27:42,GB,Legacy Oracle EBS,E,VIT-002,Vitalis Multivit,Supplement,Vitalis,E-commerce,10,14.53,GBP,0.0,145.3,145.3
TXN-GB-4-000562,2026-08-28 05:59:22,2026-08-28 06:02:22,GB,Legacy Oracle EBS,E,DER-001,Dermacare GlowSerum,Aesthetic,Dermacare,E-commerce,10,27.35,GBP,0.1,273.5,246.15
TXN-GB-4-000563,2026-08-28 23:54:27,2026-08-28 23:58:27,GB,Legacy Oracle EBS,E,MED-001,Medora Cardio 10mg,Prescription,Medora,D2C,9,36.75,GBP,0.05,330.75,314.21
TXN-GB-4-000564,2026-08-28 02:07:45,2026-08-28 02:09:45,GB,Legacy Oracle EBS,E,VIT-001,Vitalis C1000,Supplement,Vitalis,Pharmacy/B2B,8,17.95,GBP,0.0,143.6,143.6
TXN-GB-4-000565,2026-08-28 22:02:09,2026-08-28 22:05:09,GB,Legacy Oracle EBS,E,VIT-001,Vitalis C1000,Supplement,Vitalis,Pharmacy/B2B,7,17.95,GBP,0.15,125.65,106.8
TXN-GB-4-000566,2026-08-28 21:50:12,2026-08-28 21:53:12,GB,Legacy Oracle EBS,E,SAN-001,SanaPlus PainRelief,OTC,SanaPlus,D2C,2,8.12,GBP,0.05,16.24,15.43
TXN-GB-4-000567,2026-08-28 09:36:10,2026-08-28 09:41:10,GB,Legacy Oracle EBS,E,PUR-002,PureLife BP Monitor,Medical Device,PureLife,Pharmacy/B2B,4,76.92,GBP,0.0,307.68,307.68
TXN-GB-4-000568,2026-08-28 17:22:49,2026-08-28 17:28:49,GB,Legacy Oracle EBS,E,VIT-001,Vitalis C1000,Supplement,Vitalis,D2C,5,17.95,GBP,0.0,89.75,89.75
TXN-GB-4-000569,2026-08-28 14:49:34,2026-08-28 14:50:34,GB,Legacy Oracle EBS,E,PUR-002,PureLife BP Monitor,Medical Device,PureLife,Pharmacy/B2B,8,76.92,GBP,0.2,615.36,492.29
TXN-GB-4-000570,2026-08-28 19:49:37,2026-08-28 19:54:37,GB,Legacy Oracle EBS,E,VIT-002,Vitalis Multivit,Supplement,Vitalis,Wholesale,5,14.53,GBP,0.1,72.65,65.39
TXN-GB-4-000571,2026-08-28 17:16:59,2026-08-28 17:22:59,GB,Legacy Oracle EBS,E,SAN-002,SanaPlus ColdFlu,OTC,SanaPlus,D2C,1,8.97,GBP,0.05,8.97,8.52
TXN-GB-4-000572,2026-08-28 09:44:20,2026-08-28 09:50:20,GB,Legacy Oracle EBS,E,DER-001,Dermacare GlowSerum,Aesthetic,Dermacare,D2C,12,27.35,GBP,0.1,328.2,295.38
TXN-GB-4-000573,2026-08-28 14:28:58,2026-08-28 14:31:58,GB,Legacy Oracle EBS,E,DER-002,Dermacare LiftCream,Aesthetic,Dermacare,E-commerce,5,31.62,GBP,0.05,158.1,150.19
TXN-GB-4-000574,2026-08-28 12:42:41,2026-08-28 12:48:41,GB,Legacy Oracle EBS,E,SAN-002,SanaPlus ColdFlu,OTC,SanaPlus,E-commerce,9,8.97,GBP,0.05,80.73,76.69
TXN-GB-4-000575,2026-08-28 03:23:29,2026-08-28 03:24:29,GB,Legacy Oracle EBS,E,SAN-001,SanaPlus PainRelief,OTC,SanaPlus,E-commerce,5,8.12,GBP,0.15,40.6,34.51
TXN-GB-4-000576,2026-08-28 13:09:55,2026-08-28 13:15:55,GB,Legacy Oracle EBS,E,MED-001,Medora Cardio 10mg,Prescription,Medora,Pharmacy/B2B,3,36.75,GBP,0.0,110.25,110.25
TXN-GB-4-000577,2026-08-28 10:58:20,2026-08-28 11:01:20,GB,Legacy Oracle EBS,E,PUR-002,PureLife BP Monitor,Medical Device,PureLife,Wholesale,2,76.92,GBP,0.0,153.84,153.84
TXN-GB-4-000578,2026-08-28 02:27:34,2026-08-28 02:31:34,GB,Legacy Oracle EBS,E,DER-001,Dermacare GlowSerum,Aesthetic,Dermacare,Pharmacy/B2B,3,27.35,GBP,0.2,82.05,65.64
TXN-GB-4-000579,2026-08-28 20:22:13,2026-08-28 20:27:13,GB,Legacy Oracle EBS,E,DER-001,Dermacare GlowSerum,Aesthetic,Dermacare,E-commerce,5,27.35,GBP,0.2,136.75,109.4
TXN-GB-4-000580,2026-08-28 08:03:20,2026-08-28 08:06:20,GB,Legacy Oracle EBS,E,MED-002,Medora Derm Cream,Prescription,Medora,Wholesale,3,22.22,GBP,0.1,66.66,59.99
TXN-GB-4-000581,2026-08-28 10:30:26,2026-08-28 10:34:26,GB,Legacy Oracle EBS,E,DER-002,Dermacare LiftCream,Aesthetic,Dermacare,E-commerce,3,31.62,GBP,0.2,94.86,75.89
TXN-GB-4-000582,2026-08-28 02:37:09,2026-08-28 02:40:09,GB,Legacy Oracle EBS,E,DER-001,Dermacare GlowSerum,Aesthetic,Dermacare,Pharmacy/B2B,7,27.35,GBP,0.2,191.45,153.16
TXN-GB-4-000583,2026-08-28 13:05:45,2026-08-28 13:08:45,GB,Legacy Oracle EBS,E,SAN-002,SanaPlus ColdFlu,OTC,SanaPlus,D2C,4,8.97,GBP,0.1,35.88,32.29
TXN-GB-4-000584,2026-08-28 01:10:10,2026-08-28 01:14:10,GB,Legacy Oracle EBS,E,SAN-001,SanaPlus PainRelief,OTC,SanaPlus,Pharmacy/B2B,6,8.12,GBP,0.1,48.72,43.85
TXN-GB-4-000585,2026-08-28 23:07:09,2026-08-28 23:13:09,GB,Legacy Oracle EBS,E,DER-001,Dermacare GlowSerum,Aesthetic,Dermacare,Wholesale,6,27.35,GBP,0.0,164.1,164.1
TXN-GB-4-000586,2026-08-28 15:08:14,2026-08-28 15:10:14,GB,Legacy Oracle EBS,E,PUR-001,PureLife GlucoMonitor,Medical Device,PureLife,Wholesale,8,72.65,GBP,0.1,581.2,523.08
TXN-GB-4-000587,2026-08-28 23:58:56,2026-08-29 00:00:56,GB,Legacy Oracle EBS,E,VIT-001,Vitalis C1000,Supplement,Vitalis,E-commerce,9,17.95,GBP,0.0,161.55,161.55
TXN-GB-4-000588,2026-08-28 01:11:57,2026-08-28 01:16:57,GB,Legacy Oracle EBS,E,VIT-002,Vitalis Multivit,Supplement,Vitalis,D2C,4,14.53,GBP,0.2,58.12,46.5
TXN-GB-4-000589,2026-08-28 15:42:13,2026-08-28 15:44:13,GB,Legacy Oracle EBS,E,SAN-002,SanaPlus ColdFlu,OTC,SanaPlus,E-commerce,7,8.97,GBP,0.05,62.79,59.65
TXN-GB-4-000590,2026-08-28 06:38:48,2026-08-28 06:42:48,GB,Legacy Oracle EBS,E,PUR-002,PureLife BP Monitor,Medical Device,PureLife,Wholesale,6,76.92,GBP,0.2,461.52,369.22
TXN-GB-4-000591,2026-08-28 20:06:32,2026-08-28 20:11:32,GB,Legacy Oracle EBS,E,SAN-002,SanaPlus ColdFlu,OTC,SanaPlus,D2C,7,8.97,GBP,0.0,62.79,62.79
TXN-GB-4-000592,2026-08-28 20:10:48,2026-08-28 20:14:48,GB,Legacy Oracle EBS,E,VIT-002,Vitalis Multivit,Supplement,Vitalis,Pharmacy/B2B,9,14.53,GBP,0.15,130.77,111.15
TXN-GB-4-000593,2026-08-28 19:11:14,2026-08-28 19:17:14,GB,Legacy Oracle EBS,E,PUR-002,PureLife BP Monitor,Medical Device,PureLife,D2C,2,76.92,GBP,0.0,153.84,153.84
TXN-GB-4-000594,2026-08-28 17:39:27,2026-08-28 17:41:27,GB,Legacy Oracle EBS,E,DER-002,Dermacare LiftCream,Aesthetic,Dermacare,D2C,11,31.62,GBP,0.2,347.82,278.26
TXN-GB-4-000595,2026-08-28 18:34:32,2026-08-28 18:38:32,GB,Legacy Oracle EBS,E,DER-002,Dermacare LiftCream,Aesthetic,Dermacare,Pharmacy/B2B,6,31.62,GBP,0.05,189.72,180.23
TXN-GB-4-000596,2026-08-28 05:06:45,2026-08-28 05:12:45,GB,Legacy Oracle EBS,E,VIT-002,Vitalis Multivit,Supplement,Vitalis,E-commerce,12,14.53,GBP,0.2,174.36,139.49
TXN-GB-4-000597,2026-08-28 23:12:44,2026-08-28 23:15:44,GB,Legacy Oracle EBS,E,DER-002,Dermacare LiftCream,Aesthetic,Dermacare,D2C,1,31.62,GBP,0.1,31.62,28.46
TXN-GB-4-000598,2026-08-28 13:39:51,2026-08-28 13:40:51,GB,Legacy Oracle EBS,E,VIT-001,Vitalis C1000,Supplement,Vitalis,Pharmacy/B2B,3,17.95,GBP,0.0,53.85,53.85
TXN-GB-4-000599,2026-08-28 13:40:07,2026-08-28 13:43:07,GB,Legacy Oracle EBS,E,DER-002,Dermacare LiftCream,Aesthetic,Dermacare,E-commerce,12,31.62,GBP,0.05,379.44,360.47
TXN-GB-4-000600,2026-08-28 16:33:41,2026-08-28 16:34:41,GB,Legacy Oracle EBS,E,VIT-001,Vitalis C1000,Supplement,Vitalis,Pharmacy/B2B,7,17.95,GBP,0.0,125.65,125.65
TXN-GB-4-000601,2026-08-28 12:50:31,2026-08-28 12:53:31,GB,Legacy Oracle EBS,E,MED-001,Medora Cardio 10mg,Prescription,Medora,Pharmacy/B2B,12,36.75,GBP,0.0,441.0,441.0
TXN-GB-4-000602,2026-08-28 16:50:32,2026-08-28 16:53:32,GB,Legacy Oracle EBS,E,VIT-001,Vitalis C1000,Supplement,Vitalis,E-commerce,2,17.95,GBP,0.15,35.9,30.51
TXN-GB-4-000603,2026-08-28 21:32:51,2026-08-28 21:38:51,GB,Legacy Oracle EBS,E,PUR-001,PureLife GlucoMonitor,Medical Device,PureLife,Wholesale,9,72.65,GBP,0.0,653.85,653.85
TXN-GB-4-000604,2026-08-28 08:27:52,2026-08-28 08:32:52,GB,Legacy Oracle EBS,E,VIT-001,Vitalis C1000,Supplement,Vitalis,E-commerce,4,17.95,GBP,0.2,71.8,57.44
TXN-GB-4-000605,2026-08-28 00:15:58,2026-08-28 00:16:58,GB,Legacy Oracle EBS,E,VIT-002,Vitalis Multivit,Supplement,Vitalis,D2C,10,14.53,GBP,0.15,145.3,123.51
TXN-GB-4-000606,2026-08-28 16:38:17,2026-08-28 16:41:17,GB,Legacy Oracle EBS,E,SAN-001,SanaPlus PainRelief,OTC,SanaPlus,E-commerce,8,8.12,GBP,0.2,64.96,51.97
TXN-GB-4-000607,2026-08-28 04:27:47,2026-08-28 04:29:47,GB,Legacy Oracle EBS,E,MED-002,Medora Derm Cream,Prescription,Medora,Wholesale,12,22.22,GBP,0.2,266.64,213.31
TXN-GB-4-000608,2026-08-28 16:11:37,2026-08-28 16:17:37,GB,Legacy Oracle EBS,E,VIT-001,Vitalis C1000,Supplement,Vitalis,Wholesale,2,17.95,GBP,0.1,35.9,32.31
TXN-GB-4-000609,2026-08-28 10:51:08,2026-08-28 10:54:08,GB,Legacy Oracle EBS,E,VIT-001,Vitalis C1000,Supplement,Vitalis,E-commerce,2,17.95,GBP,0.0,35.9,35.9
TXN-GB-4-000610,2026-08-28 04:33:25,2026-08-28 04:35:25,GB,Legacy Oracle EBS,E,DER-001,Dermacare GlowSerum,Aesthetic,Dermacare,Wholesale,9,27.35,GBP,0.15,246.15,209.23
TXN-GB-4-000611,2026-08-28 04:01:27,2026-08-28 04:06:27,GB,Legacy Oracle EBS,E,VIT-002,Vitalis Multivit,Supplement,Vitalis,Wholesale,2,14.53,GBP,0.0,29.06,29.06
TXN-GB-4-000612,2026-08-28 19:19:54,2026-08-28 19:20:54,GB,Legacy Oracle EBS,E,PUR-002,PureLife BP Monitor,Medical Device,PureLife,D2C,1,76.92,GBP,0.0,76.92,76.92
TXN-GB-4-000613,2026-08-28 17:28:08,2026-08-28 17:30:08,GB,Legacy Oracle EBS,E,MED-002,Medora Derm Cream,Prescription,Medora,E-commerce,7,22.22,GBP,0.0,155.54,155.54
TXN-GB-4-000614,2026-08-28 07:25:55,2026-08-28 07:27:55,GB,Legacy Oracle EBS,E,DER-002,Dermacare LiftCream,Aesthetic,Dermacare,E-commerce,5,31.62,GBP,0.1,158.1,142.29
TXN-GB-4-000615,2026-08-28 16:03:57,2026-08-28 16:09:57,GB,Legacy Oracle EBS,E,SAN-002,SanaPlus ColdFlu,OTC,SanaPlus,D2C,4,8.97,GBP,0.2,35.88,28.7
TXN-GB-4-000616,2026-08-28 09:52:13,2026-08-28 09:57:13,GB,Legacy Oracle EBS,E,SAN-002,SanaPlus ColdFlu,OTC,SanaPlus,Pharmacy/B2B,4,8.97,GBP,0.05,35.88,34.09
TXN-GB-4-000617,2026-08-28 14:33:38,2026-08-28 14:38:38,GB,Legacy Oracle EBS,E,SAN-002,SanaPlus ColdFlu,OTC,SanaPlus,E-commerce,2,8.97,GBP,0.15,17.94,15.25
TXN-GB-4-000618,2026-08-28 22:41:57,2026-08-28 22:42:57,GB,Legacy Oracle EBS,E,MED-001,Medora Cardio 10mg,Prescription,Medora,D2C,7,36.75,GBP,0.15,257.25,218.66
TXN-GB-4-000619,2026-08-28 17:28:41,2026-08-28 17:33:41,GB,Legacy Oracle EBS,E,VIT-001,Vitalis C1000,Supplement,Vitalis,Wholesale,4,17.95,GBP,0.0,71.8,71.8
TXN-GB-4-000620,2026-08-28 04:08:26,2026-08-28 04:10:26,GB,Legacy Oracle EBS,E,MED-001,Medora Cardio 10mg,Prescription,Medora,Pharmacy/B2B,6,36.75,GBP,0.0,220.5,220.5
TXN-GB-4-000621,2026-08-28 11:47:00,2026-08-28 11:49:00,GB,Legacy Oracle EBS,E,PUR-001,PureLife GlucoMonitor,Medical Device,PureLife,Wholesale,8,72.65,GBP,0.0,581.2,581.2
TXN-GB-4-000622,2026-08-28 22:58:00,2026-08-28 23:02:00,GB,Legacy Oracle EBS,E,MED-001,Medora Cardio 10mg,Prescription,Medora,Pharmacy/B2B,2,36.75,GBP,0.1,73.5,66.15
TXN-GB-4-000623,2026-08-28 18:15:11,2026-08-28 18:16:11,GB,Legacy Oracle EBS,E,MED-002,Medora Derm Cream,Prescription,Medora,Wholesale,6,22.22,GBP,0.0,133.32,133.32
TXN-GB-4-000624,2026-08-28 16:41:53,2026-08-28 16:47:53,GB,Legacy Oracle EBS,E,SAN-001,SanaPlus PainRelief,OTC,SanaPlus,Wholesale,11,8.12,GBP,0.1,89.32,80.39
TXN-GB-4-000625,2026-08-28 00:42:02,2026-08-28 00:48:02,GB,Legacy Oracle EBS,E,DER-002,Dermacare LiftCream,Aesthetic,Dermacare,D2C,12,31.62,GBP,0.2,379.44,303.55
TXN-GB-4-000626,2026-08-28 18:20:33,2026-08-28 18:25:33,GB,Legacy Oracle EBS,E,VIT-001,Vitalis C1000,Supplement,Vitalis,Wholesale,8,17.95,GBP,0.15,143.6,122.06
TXN-GB-4-000627,2026-08-28 18:55:19,2026-08-28 18:57:19,GB,Legacy Oracle EBS,E,MED-001,Medora Cardio 10mg,Prescription,Medora,Pharmacy/B2B,10,36.75,GBP,0.1,367.5,330.75
TXN-GB-4-000628,2026-08-28 07:49:00,2026-08-28 07:54:00,GB,Legacy Oracle EBS,E,VIT-001,Vitalis C1000,Supplement,Vitalis,D2C,7,17.95,GBP,0.2,125.65,100.52
TXN-GB-4-000629,2026-08-28 17:24:02,2026-08-28 17:28:02,GB,Legacy Oracle EBS,E,PUR-002,PureLife BP Monitor,Medical Device,PureLife,D2C,11,76.92,GBP,0.1,846.12,761.51
TXN-GB-4-000630,2026-08-28 19:10:19,2026-08-28 19:16:19,GB,Legacy Oracle EBS,E,MED-001,Medora Cardio 10mg,Prescription,Medora,D2C,9,36.75,GBP,0.15,330.75,281.14
TXN-GB-4-000631,2026-08-28 12:19:36,2026-08-28 12:22:36,GB,Legacy Oracle EBS,E,DER-001,Dermacare GlowSerum,Aesthetic,Dermacare,D2C,7,27.35,GBP,0.0,191.45,191.45
TXN-GB-4-000632,2026-08-28 20:40:31,2026-08-28 20:42:31,GB,Legacy Oracle EBS,E,PUR-002,PureLife BP Monitor,Medical Device,PureLife,Pharmacy/B2B,11,76.92,GBP,0.2,846.12,676.9
TXN-GB-4-000633,2026-08-28 22:44:44,2026-08-28 22:47:44,GB,Legacy Oracle EBS,E,DER-002,Dermacare LiftCream,Aesthetic,Dermacare,D2C,4,31.62,GBP,0.1,126.48,113.83
TXN-GB-4-000634,2026-08-28 06:03:34,2026-08-28 06:06:34,GB,Legacy Oracle EBS,E,VIT-001,Vitalis C1000,Supplement,Vitalis,E-commerce,8,17.95,GBP,0.15,143.6,122.06
TXN-GB-4-000635,2026-08-28 17:02:53,2026-08-28 17:06:53,GB,Legacy Oracle EBS,E,PUR-001,PureLife GlucoMonitor,Medical Device,PureLife,D2C,12,72.65,GBP,0.2,871.8,697.44
TXN-GB-4-000636,2026-08-28 12:28:33,2026-08-28 12:31:33,GB,Legacy Oracle EBS,E,SAN-002,SanaPlus ColdFlu,OTC,SanaPlus,Wholesale,7,8.97,GBP,0.1,62.79,56.51
TXN-GB-4-000637,2026-08-28 09:01:20,2026-08-28 09:06:20,GB,Legacy Oracle EBS,E,PUR-001,PureLife GlucoMonitor,Medical Device,PureLife,Wholesale,5,72.65,GBP,0.0,363.25,363.25
TXN-GB-4-000638,2026-08-28 12:19:11,2026-08-28 12:21:11,GB,Legacy Oracle EBS,E,MED-002,Medora Derm Cream,Prescription,Medora,Pharmacy/B2B,11,22.22,GBP,0.0,244.42,244.42
TXN-GB-4-000639,2026-08-28 06:41:36,2026-08-28 06:44:36,GB,Legacy Oracle EBS,E,VIT-001,Vitalis C1000,Supplement,Vitalis,E-commerce,7,17.95,GBP,0.0,125.65,125.65
TXN-GB-4-000640,2026-08-28 07:09:00,2026-08-28 07:10:00,GB,Legacy Oracle EBS,E,PUR-002,PureLife BP Monitor,Medical Device,PureLife,D2C,5,76.92,GBP,0.0,384.6,384.6
TXN-GB-4-000641,2026-08-28 10:55:15,2026-08-28 10:59:15,GB,Legacy Oracle EBS,E,MED-002,Medora Derm Cream,Prescription,Medora,Wholesale,4,22.22,GBP,0.05,88.88,84.44
TXN-GB-4-000642,2026-08-28 06:50:55,2026-08-28 06:54:55,GB,Legacy Oracle EBS,E,DER-002,Dermacare LiftCream,Aesthetic,Dermacare,E-commerce,11,31.62,GBP,0.1,347.82,313.04
TXN-GB-4-000643,2026-08-28 16:09:52,2026-08-28 16:12:52,GB,Legacy Oracle EBS,E,DER-002,Dermacare LiftCream,Aesthetic,Dermacare,Pharmacy/B2B,5,31.62,GBP,0.0,158.1,158.1
TXN-GB-4-000644,2026-08-28 07:27:23,2026-08-28 07:28:23,GB,Legacy Oracle EBS,E,SAN-002,SanaPlus ColdFlu,OTC,SanaPlus,Pharmacy/B2B,7,8.97,GBP,0.0,62.79,62.79
TXN-GB-4-000645,2026-08-28 17:16:09,2026-08-28 17:22:09,GB,Legacy Oracle EBS,E,DER-001,Dermacare GlowSerum,Aesthetic,Dermacare,Wholesale,1,27.35,GBP,0.2,27.35,21.88
TXN-GB-4-000646,2026-08-28 00:28:36,2026-08-28 00:29:36,GB,Legacy Oracle EBS,E,DER-002,Dermacare LiftCream,Aesthetic,Dermacare,Wholesale,12,31.62,GBP,0.05,379.44,360.47
TXN-GB-4-000647,2026-08-28 14:12:29,2026-08-28 14:15:29,GB,Legacy Oracle EBS,E,MED-002,Medora Derm Cream,Prescription,Medora,E-commerce,5,22.22,GBP,0.15,111.1,94.43
TXN-GB-4-000648,2026-08-28 00:35:30,2026-08-28 00:40:30,GB,Legacy Oracle EBS,E,VIT-002,Vitalis Multivit,Supplement,Vitalis,D2C,11,14.53,GBP,0.15,159.83,135.86
TXN-GB-4-000649,2026-08-28 04:33:44,2026-08-28 04:35:44,GB,Legacy Oracle EBS,E,MED-002,Medora Derm Cream,Prescription,Medora,E-commerce,8,22.22,GBP,0.0,177.76,177.76
TXN-GB-4-000650,2026-08-28 09:44:02,2026-08-28 09:49:02,GB,Legacy Oracle EBS,E,SAN-002,SanaPlus ColdFlu,OTC,SanaPlus,E-commerce,9,8.97,GBP,0.2,80.73,64.58
TXN-GB-4-000651,2026-08-28 03:07:39,2026-08-28 03:11:39,GB,Legacy Oracle EBS,E,VIT-001,Vitalis C1000,Supplement,Vitalis,Pharmacy/B2B,3,17.95,GBP,0.0,53.85,53.85
TXN-GB-4-000652,2026-08-28 13:17:53,2026-08-28 13:23:53,GB,Legacy Oracle EBS,E,MED-001,Medora Cardio 10mg,Prescription,Medora,E-commerce,4,36.75,GBP,0.0,147.0,147.0
TXN-GB-4-000653,2026-08-28 06:21:25,2026-08-28 06:24:25,GB,Legacy Oracle EBS,E,SAN-001,SanaPlus PainRelief,OTC,SanaPlus,Wholesale,4,8.12,GBP,0.2,32.48,25.98
TXN-GB-4-000654,2026-08-28 11:57:37,2026-08-28 12:00:37,GB,Legacy Oracle EBS,E,DER-002,Dermacare LiftCream,Aesthetic,Dermacare,E-commerce,11,31.62,GBP,0.15,347.82,295.65
TXN-GB-4-000655,2026-08-28 00:29:12,2026-08-28 00:33:12,GB,Legacy Oracle EBS,E,SAN-001,SanaPlus PainRelief,OTC,SanaPlus,D2C,2,8.12,GBP,0.0,16.24,16.24
TXN-GB-4-000656,2026-08-28 15:28:17,2026-08-28 15:32:17,GB,Legacy Oracle EBS,E,SAN-001,SanaPlus PainRelief,OTC,SanaPlus,Pharmacy/B2B,5,8.12,GBP,0.15,40.6,34.51
TXN-GB-4-000657,2026-08-28 19:03:19,2026-08-28 19:08:19,GB,Legacy Oracle EBS,E,DER-002,Dermacare LiftCream,Aesthetic,Dermacare,D2C,7,31.62,GBP,0.2,221.34,177.07
TXN-GB-4-000658,2026-08-28 19:59:06,2026-08-28 20:04:06,GB,Legacy Oracle EBS,E,MED-002,Medora Derm Cream,Prescription,Medora,Pharmacy/B2B,1,22.22,GBP,0.1,22.22,20.0
TXN-GB-4-000659,2026-08-28 15:34:16,2026-08-28 15:40:16,GB,Legacy Oracle EBS,E,VIT-001,Vitalis C1000,Supplement,Vitalis,E-commerce,8,17.95,GBP,0.0,143.6,143.6
TXN-GB-4-000660,2026-08-28 07:41:40,2026-08-28 07:45:40,GB,Legacy Oracle EBS,E,VIT-002,Vitalis Multivit,Supplement,Vitalis,D2C,8,14.53,GBP,0.0,116.24,116.24
TXN-GB-4-000661,2026-08-28 16:40:55,2026-08-28 16:41:55,GB,Legacy Oracle EBS,E,MED-002,Medora Derm Cream,Prescription,Medora,D2C,6,22.22,GBP,0.0,133.32,133.32
TXN-GB-4-000662,2026-08-28 23:59:13,2026-08-29 00:05:13,GB,Legacy Oracle EBS,E,PUR-002,PureLife BP Monitor,Medical Device,PureLife,E-commerce,10,76.92,GBP,0.0,769.2,769.2
TXN-GB-4-000663,2026-08-28 22:26:41,2026-08-28 22:30:41,GB,Legacy Oracle EBS,E,VIT-001,Vitalis C1000,Supplement,Vitalis,Pharmacy/B2B,4,17.95,GBP,0.05,71.8,68.21
TXN-GB-4-000664,2026-08-28 19:15:20,2026-08-28 19:17:20,GB,Legacy Oracle EBS,E,DER-001,Dermacare GlowSerum,Aesthetic,Dermacare,Pharmacy/B2B,8,27.35,GBP,0.0,218.8,218.8
TXN-GB-4-000665,2026-08-28 11:25:13,2026-08-28 11:31:13,GB,Legacy Oracle EBS,E,DER-002,Dermacare LiftCream,Aesthetic,Dermacare,Pharmacy/B2B,10,31.62,GBP,0.0,316.2,316.2
TXN-GB-4-000666,2026-08-28 13:52:34,2026-08-28 13:56:34,GB,Legacy Oracle EBS,E,VIT-001,Vitalis C1000,Supplement,Vitalis,Pharmacy/B2B,7,17.95,GBP,0.0,125.65,125.65
TXN-GB-4-000667,2026-08-28 05:41:36,2026-08-28 05:47:36,GB,Legacy Oracle EBS,E,SAN-001,SanaPlus PainRelief,OTC,SanaPlus,Wholesale,4,8.12,GBP,0.0,32.48,32.48
TXN-GB-4-000668,2026-08-28 03:52:59,2026-08-28 03:58:59,GB,Legacy Oracle EBS,E,SAN-002,SanaPlus ColdFlu,OTC,SanaPlus,Wholesale,12,8.97,GBP,0.0,107.64,107.64
TXN-GB-4-000669,2026-08-28 03:49:54,2026-08-28 03:53:54,GB,Legacy Oracle EBS,E,DER-002,Dermacare LiftCream,Aesthetic,Dermacare,Wholesale,10,31.62,GBP,0.0,316.2,316.2
TXN-GB-4-000670,2026-08-28 23:43:28,2026-08-28 23:45:28,GB,Legacy Oracle EBS,E,VIT-002,Vitalis Multivit,Supplement,Vitalis,Pharmacy/B2B,7,14.53,GBP,0.05,101.71,96.62
TXN-GB-4-000671,2026-08-28 04:54:28,2026-08-28 04:58:28,GB,Legacy Oracle EBS,E,MED-002,Medora Derm Cream,Prescription,Medora,D2C,1,22.22,GBP,0.05,22.22,21.11
TXN-GB-4-000672,2026-08-28 16:48:34,2026-08-28 16:50:34,GB,Legacy Oracle EBS,E,SAN-001,SanaPlus PainRelief,OTC,SanaPlus,Wholesale,9,8.12,GBP,0.0,73.08,73.08
TXN-GB-4-000673,2026-08-28 00:05:08,2026-08-28 00:10:08,GB,Legacy Oracle EBS,E,SAN-001,SanaPlus PainRelief,OTC,SanaPlus,D2C,6,8.12,GBP,0.2,48.72,38.98
TXN-GB-4-000674,2026-08-28 13:33:27,2026-08-28 13:34:27,GB,Legacy Oracle EBS,E,DER-001,Dermacare GlowSerum,Aesthetic,Dermacare,Wholesale,6,27.35,GBP,0.0,164.1,164.1
TXN-GB-4-000675,2026-08-28 00:07:31,2026-08-28 00:13:31,GB,Legacy Oracle EBS,E,SAN-001,SanaPlus PainRelief,OTC,SanaPlus,D2C,4,8.12,GBP,0.2,32.48,25.98
TXN-GB-4-000676,2026-08-28 22:20:16,2026-08-28 22:22:16,GB,Legacy Oracle EBS,E,PUR-001,PureLife GlucoMonitor,Medical Device,PureLife,D2C,5,72.65,GBP,0.0,363.25,363.25
TXN-GB-4-000677,2026-08-28 18:42:04,2026-08-28 18:48:04,GB,Legacy Oracle EBS,E,DER-001,Dermacare GlowSerum,Aesthetic,Dermacare,D2C,4,27.35,GBP,0.1,109.4,98.46
TXN-GB-4-000678,2026-08-28 07:53:05,2026-08-28 07:58:05,GB,Legacy Oracle EBS,E,MED-002,Medora Derm Cream,Prescription,Medora,E-commerce,8,22.22,GBP,0.1,177.76,159.98
TXN-GB-4-000679,2026-08-28 12:35:33,2026-08-28 12:38:33,GB,Legacy Oracle EBS,E,DER-002,Dermacare LiftCream,Aesthetic,Dermacare,D2C,7,31.62,GBP,0.0,221.34,221.34
TXN-GB-4-000680,2026-08-28 17:24:19,2026-08-28 17:28:19,GB,Legacy Oracle EBS,E,PUR-002,PureLife BP Monitor,Medical Device,PureLife,E-commerce,10,76.92,GBP,0.1,769.2,692.28
TXN-GB-4-000681,2026-08-28 19:40:20,2026-08-28 19:41:20,GB,Legacy Oracle EBS,E,SAN-002,SanaPlus ColdFlu,OTC,SanaPlus,Wholesale,9,8.97,GBP,0.0,80.73,80.73
TXN-GB-4-000682,2026-08-28 02:12:56,2026-08-28 02:18:56,GB,Legacy Oracle EBS,E,VIT-002,Vitalis Multivit,Supplement,Vitalis,Pharmacy/B2B,10,14.53,GBP,0.15,145.3,123.51
TXN-GB-4-000683,2026-08-28 19:23:22,2026-08-28 19:29:22,GB,Legacy Oracle EBS,E,VIT-002,Vitalis Multivit,Supplement,Vitalis,Wholesale,4,14.53,GBP,0.05,58.12,55.21
TXN-GB-4-000684,2026-08-28 22:00:36,2026-08-28 22:01:36,GB,Legacy Oracle EBS,E,VIT-001,Vitalis C1000,Supplement,Vitalis,Pharmacy/B2B,5,17.95,GBP,0.1,89.75,80.78
TXN-GB-4-000685,2026-08-28 09:44:42,2026-08-28 09:47:42,GB,Legacy Oracle EBS,E,PUR-001,PureLife GlucoMonitor,Medical Device,PureLife,E-commerce,4,72.65,GBP,0.2,290.6,232.48
TXN-GB-4-000686,2026-08-28 21:21:02,2026-08-28 21:24:02,GB,Legacy Oracle EBS,E,DER-002,Dermacare LiftCream,Aesthetic,Dermacare,Wholesale,10,31.62,GBP,0.2,316.2,252.96
TXN-GB-4-000687,2026-08-28 07:40:58,2026-08-28 07:44:58,GB,Legacy Oracle EBS,E,SAN-001,SanaPlus PainRelief,OTC,SanaPlus,D2C,10,8.12,GBP,0.2,81.2,64.96
TXN-GB-4-000688,2026-08-28 14:47:24,2026-08-28 14:48:24,GB,Legacy Oracle EBS,E,VIT-002,Vitalis Multivit,Supplement,Vitalis,Wholesale,5,14.53,GBP,0.15,72.65,61.75
TXN-GB-4-000689,2026-08-28 17:07:54,2026-08-28 17:11:54,GB,Legacy Oracle EBS,E,PUR-002,PureLife BP Monitor,Medical Device,PureLife,E-commerce,12,76.92,GBP,0.0,923.04,923.04
TXN-GB-4-000690,2026-08-28 20:57:07,2026-08-28 21:01:07,GB,Legacy Oracle EBS,E,VIT-002,Vitalis Multivit,Supplement,Vitalis,D2C,8,14.53,GBP,0.0,116.24,116.24
TXN-GB-4-000691,2026-08-28 06:13:10,2026-08-28 06:19:10,GB,Legacy Oracle EBS,E,DER-002,Dermacare LiftCream,Aesthetic,Dermacare,E-commerce,1,31.62,GBP,0.2,31.62,25.3
TXN-GB-4-000692,2026-08-28 03:42:34,2026-08-28 03:43:34,GB,Legacy Oracle EBS,E,SAN-002,SanaPlus ColdFlu,OTC,SanaPlus,E-commerce,7,8.97,GBP,0.0,62.79,62.79
TXN-GB-4-000693,2026-08-28 00:57:34,2026-08-28 00:58:34,GB,Legacy Oracle EBS,E,MED-001,Medora Cardio 10mg,Prescription,Medora,E-commerce,10,36.75,GBP,0.0,367.5,367.5
TXN-GB-4-000694,2026-08-28 15:43:10,2026-08-28 15:45:10,GB,Legacy Oracle EBS,E,PUR-001,PureLife GlucoMonitor,Medical Device,PureLife,Wholesale,11,72.65,GBP,0.05,799.15,759.19
TXN-GB-4-000695,2026-08-28 16:03:56,2026-08-28 16:04:56,GB,Legacy Oracle EBS,E,SAN-002,SanaPlus ColdFlu,OTC,SanaPlus,D2C,10,8.97,GBP,0.0,89.7,89.7
TXN-GB-4-000696,2026-08-28 05:11:36,2026-08-28 05:16:36,GB,Legacy Oracle EBS,E,DER-001,Dermacare GlowSerum,Aesthetic,Dermacare,D2C,7,27.35,GBP,0.15,191.45,162.73
TXN-GB-4-000697,2026-08-28 23:56:24,2026-08-29 00:00:24,GB,Legacy Oracle EBS,E,VIT-002,Vitalis Multivit,Supplement,Vitalis,D2C,4,14.53,GBP,0.0,58.12,58.12
TXN-GB-4-000698,2026-08-28 02:50:11,2026-08-28 02:52:11,GB,Legacy Oracle EBS,E,DER-002,Dermacare LiftCream,Aesthetic,Dermacare,Wholesale,3,31.62,GBP,0.0,94.86,94.86
TXN-GB-4-000699,2026-08-28 15:00:40,2026-08-28 15:02:40,GB,Legacy Oracle EBS,E,MED-001,Medora Cardio 10mg,Prescription,Medora,E-commerce,10,36.75,GBP,0.2,367.5,294.0
TXN-GB-4-000700,2026-08-28 08:33:14,2026-08-28 08:36:14,GB,Legacy Oracle EBS,E,MED-001,Medora Cardio 10mg,Prescription,Medora,Wholesale,4,36.75,GBP,0.05,147.0,139.65
TXN-GB-4-000701,2026-08-28 07:52:50,2026-08-28 07:58:50,GB,Legacy Oracle EBS,E,SAN-002,SanaPlus ColdFlu,OTC,SanaPlus,E-commerce,9,8.97,GBP,0.2,80.73,64.58
TXN-GB-4-000702,2026-08-28 22:52:46,2026-08-28 22:58:46,GB,Legacy Oracle EBS,E,SAN-002,SanaPlus ColdFlu,OTC,SanaPlus,E-commerce,12,8.97,GBP,0.2,107.64,86.11
TXN-GB-4-000703,2026-08-28 09:47:08,2026-08-28 09:48:08,GB,Legacy Oracle EBS,E,DER-001,Dermacare GlowSerum,Aesthetic,Dermacare,E-commerce,5,27.35,GBP,0.0,136.75,136.75
TXN-GB-4-000704,2026-08-28 04:03:54,2026-08-28 04:06:54,GB,Legacy Oracle EBS,E,PUR-001,PureLife GlucoMonitor,Medical Device,PureLife,Pharmacy/B2B,7,72.65,GBP,0.1,508.55,457.69
TXN-GB-4-000705,2026-08-28 05:23:53,2026-08-28 05:29:53,GB,Legacy Oracle EBS,E,SAN-002,SanaPlus ColdFlu,OTC,SanaPlus,D2C,12,8.97,GBP,0.0,107.64,107.64
TXN-GB-4-000706,2026-08-28 10:29:40,2026-08-28 10:35:40,GB,Legacy Oracle EBS,E,PUR-001,PureLife GlucoMonitor,Medical Device,PureLife,Wholesale,3,72.65,GBP,0.2,217.95,174.36
TXN-GB-4-000707,2026-08-28 08:49:03,2026-08-28 08:52:03,GB,Legacy Oracle EBS,E,PUR-002,PureLife BP Monitor,Medical Device,PureLife,E-commerce,10,76.92,GBP,0.0,769.2,769.2
TXN-GB-4-000708,2026-08-28 18:55:59,2026-08-28 18:58:59,GB,Legacy Oracle EBS,E,VIT-002,Vitalis Multivit,Supplement,Vitalis,D2C,8,14.53,GBP,0.0,116.24,116.24
TXN-GB-4-000709,2026-08-28 10:44:57,2026-08-28 10:45:57,GB,Legacy Oracle EBS,E,MED-001,Medora Cardio 10mg,Prescription,Medora,Wholesale,5,36.75,GBP,0.05,183.75,174.56
TXN-GB-4-000710,2026-08-28 10:39:19,2026-08-28 10:41:19,GB,Legacy Oracle EBS,E,SAN-001,SanaPlus PainRelief,OTC,SanaPlus,Pharmacy/B2B,8,8.12,GBP,0.0,64.96,64.96
TXN-GB-4-000711,2026-08-28 07:54:35,2026-08-28 07:58:35,GB,Legacy Oracle EBS,E,DER-002,Dermacare LiftCream,Aesthetic,Dermacare,E-commerce,3,31.62,GBP,0.2,94.86,75.89
TXN-GB-4-000712,2026-08-28 13:26:56,2026-08-28 13:27:56,GB,Legacy Oracle EBS,E,VIT-002,Vitalis Multivit,Supplement,Vitalis,D2C,6,14.53,GBP,0.1,87.18,78.46
TXN-GB-4-000713,2026-08-28 15:43:52,2026-08-28 15:46:52,GB,Legacy Oracle EBS,E,DER-001,Dermacare GlowSerum,Aesthetic,Dermacare,D2C,7,27.35,GBP,0.05,191.45,181.88
TXN-GB-4-000714,2026-08-28 22:49:44,2026-08-28 22:53:44,GB,Legacy Oracle EBS,E,PUR-002,PureLife BP Monitor,Medical Device,PureLife,E-commerce,11,76.92,GBP,0.1,846.12,761.51
TXN-GB-4-000715,2026-08-28 16:18:08,2026-08-28 16:22:08,GB,Legacy Oracle EBS,E,VIT-001,Vitalis C1000,Supplement,Vitalis,D2C,1,17.95,GBP,0.05,17.95,17.05
TXN-GB-4-000716,2026-08-28 01:18:24,2026-08-28 01:22:24,GB,Legacy Oracle EBS,E,MED-002,Medora Derm Cream,Prescription,Medora,E-commerce,11,22.22,GBP,0.05,244.42,232.2
TXN-GB-4-000717,2026-08-28 19:55:32,2026-08-28 19:58:32,GB,Legacy Oracle EBS,E,VIT-001,Vitalis C1000,Supplement,Vitalis,Wholesale,7,17.95,GBP,0.0,125.65,125.65
TXN-GB-4-000718,2026-08-28 22:17:45,2026-08-28 22:18:45,GB,Legacy Oracle EBS,E,PUR-001,PureLife GlucoMonitor,Medical Device,PureLife,E-commerce,4,72.65,GBP,0.05,290.6,276.07
TXN-GB-4-000719,2026-08-28 05:34:56,2026-08-28 05:36:56,GB,Legacy Oracle EBS,E,SAN-002,SanaPlus ColdFlu,OTC,SanaPlus,Wholesale,8,8.97,GBP,0.15,71.76,61.0
TXN-GB-4-000720,2026-08-28 16:35:10,2026-08-28 16:38:10,GB,Legacy Oracle EBS,E,VIT-002,Vitalis Multivit,Supplement,Vitalis,D2C,4,14.53,GBP,0.05,58.12,55.21
TXN-GB-4-000721,2026-08-28 06:52:04,2026-08-28 06:57:04,GB,Legacy Oracle EBS,E,SAN-001,SanaPlus PainRelief,OTC,SanaPlus,E-commerce,10,8.12,GBP,0.0,81.2,81.2
TXN-GB-4-000722,2026-08-28 01:12:36,2026-08-28 01:16:36,GB,Legacy Oracle EBS,E,DER-001,Dermacare GlowSerum,Aesthetic,Dermacare,Pharmacy/B2B,11,27.35,GBP,0.0,300.85,300.85
TXN-GB-4-000723,2026-08-28 21:44:24,2026-08-28 21:46:24,GB,Legacy Oracle EBS,E,DER-001,Dermacare GlowSerum,Aesthetic,Dermacare,Pharmacy/B2B,1,27.35,GBP,0.2,27.35,21.88
TXN-GB-4-000724,2026-08-28 23:59:59,2026-08-29 00:02:59,GB,Legacy Oracle EBS,E,VIT-002,Vitalis Multivit,Supplement,Vitalis,D2C,10,14.53,GBP,0.0,145.3,145.3
TXN-GB-4-000725,2026-08-28 15:06:57,2026-08-28 15:07:57,GB,Legacy Oracle EBS,E,VIT-001,Vitalis C1000,Supplement,Vitalis,Pharmacy/B2B,10,17.95,GBP,0.0,179.5,179.5
TXN-GB-4-000726,2026-08-28 16:03:43,2026-08-28 16:05:43,GB,Legacy Oracle EBS,E,VIT-002,Vitalis Multivit,Supplement,Vitalis,Pharmacy/B2B,2,14.53,GBP,0.05,29.06,27.61
TXN-GB-4-000727,2026-08-28 23:13:09,2026-08-28 23:17:09,GB,Legacy Oracle EBS,E,VIT-001,Vitalis C1000,Supplement,Vitalis,Wholesale,11,17.95,GBP,0.0,197.45,197.45
TXN-GB-4-000728,2026-08-28 15:12:06,2026-08-28 15:13:06,GB,Legacy Oracle EBS,E,PUR-002,PureLife BP Monitor,Medical Device,PureLife,Pharmacy/B2B,9,76.92,GBP,0.0,692.28,692.28
TXN-GB-4-000729,2026-08-28 04:24:28,2026-08-28 04:26:28,GB,Legacy Oracle EBS,E,PUR-002,PureLife BP Monitor,Medical Device,PureLife,D2C,7,76.92,GBP,0.0,538.44,538.44
TXN-GB-4-000730,2026-08-28 23:48:16,2026-08-28 23:52:16,GB,Legacy Oracle EBS,E,VIT-002,Vitalis Multivit,Supplement,Vitalis,E-commerce,2,14.53,GBP,0.05,29.06,27.61
TXN-GB-4-000731,2026-08-28 11:16:34,2026-08-28 11:17:34,GB,Legacy Oracle EBS,E,SAN-002,SanaPlus ColdFlu,OTC,SanaPlus,Pharmacy/B2B,6,8.97,GBP,0.0,53.82,53.82
TXN-GB-4-000732,2026-08-28 06:43:49,2026-08-28 06:48:49,GB,Legacy Oracle EBS,E,SAN-002,SanaPlus ColdFlu,OTC,SanaPlus,Wholesale,8,8.97,GBP,0.0,71.76,71.76
TXN-GB-4-000733,2026-08-28 18:58:41,2026-08-28 19:01:41,GB,Legacy Oracle EBS,E,DER-001,Dermacare GlowSerum,Aesthetic,Dermacare,Pharmacy/B2B,6,27.35,GBP,0.1,164.1,147.69
TXN-GB-4-000734,2026-08-28 22:25:24,2026-08-28 22:31:24,GB,Legacy Oracle EBS,E,DER-002,Dermacare LiftCream,Aesthetic,Dermacare,E-commerce,5,31.62,GBP,0.0,158.1,158.1
TXN-GB-4-000735,2026-08-28 06:11:49,2026-08-28 06:16:49,GB,Legacy Oracle EBS,E,PUR-002,PureLife BP Monitor,Medical Device,PureLife,E-commerce,4,76.92,GBP,0.0,307.68,307.68
TXN-GB-4-000736,2026-08-28 08:21:54,2026-08-28 08:27:54,GB,Legacy Oracle EBS,E,PUR-001,PureLife GlucoMonitor,Medical Device,PureLife,E-commerce,12,72.65,GBP,0.2,871.8,697.44
TXN-GB-4-000737,2026-08-28 05:39:53,2026-08-28 05:45:53,GB,Legacy Oracle EBS,E,DER-002,Dermacare LiftCream,Aesthetic,Dermacare,E-commerce,3,31.62,GBP,0.0,94.86,94.86
TXN-GB-4-000738,2026-08-28 07:07:03,2026-08-28 07:13:03,GB,Legacy Oracle EBS,E,PUR-001,PureLife GlucoMonitor,Medical Device,PureLife,Wholesale,5,72.65,GBP,0.1,363.25,326.93
TXN-GB-4-000739,2026-08-28 08:00:55,2026-08-28 08:01:55,GB,Legacy Oracle EBS,E,DER-001,Dermacare GlowSerum,Aesthetic,Dermacare,D2C,6,27.35,GBP,0.1,164.1,147.69
TXN-GB-4-000740,2026-08-28 06:25:25,2026-08-28 06:26:25,GB,Legacy Oracle EBS,E,VIT-001,Vitalis C1000,Supplement,Vitalis,D2C,2,17.95,GBP,0.0,35.9,35.9
TXN-GB-4-000741,2026-08-28 15:18:15,2026-08-28 15:22:15,GB,Legacy Oracle EBS,E,SAN-001,SanaPlus PainRelief,OTC,SanaPlus,E-commerce,2,8.12,GBP,0.15,16.24,13.8
TXN-GB-4-000742,2026-08-28 17:56:54,2026-08-28 18:01:54,GB,Legacy Oracle EBS,E,SAN-001,SanaPlus PainRelief,OTC,SanaPlus,E-commerce,9,8.12,GBP,0.0,73.08,73.08
TXN-GB-4-000743,2026-08-28 17:58:25,2026-08-28 17:59:25,GB,Legacy Oracle EBS,E,DER-002,Dermacare LiftCream,Aesthetic,Dermacare,Wholesale,5,31.62,GBP,0.15,158.1,134.38
TXN-GB-4-000744,2026-08-28 17:10:19,2026-08-28 17:11:19,GB,Legacy Oracle EBS,E,SAN-001,SanaPlus PainRelief,OTC,SanaPlus,Pharmacy/B2B,6,8.12,GBP,0.05,48.72,46.28
TXN-GB-4-000745,2026-08-28 16:28:57,2026-08-28 16:29:57,GB,Legacy Oracle EBS,E,PUR-002,PureLife BP Monitor,Medical Device,PureLife,Wholesale,4,76.92,GBP,0.0,307.68,307.68
TXN-GB-4-000746,2026-08-28 09:35:49,2026-08-28 09:41:49,GB,Legacy Oracle EBS,E,MED-002,Medora Derm Cream,Prescription,Medora,Pharmacy/B2B,1,22.22,GBP,0.0,22.22,22.22
TXN-GB-4-000747,2026-08-28 11:30:20,2026-08-28 11:32:20,GB,Legacy Oracle EBS,E,SAN-001,SanaPlus PainRelief,OTC,SanaPlus,E-commerce,12,8.12,GBP,0.15,97.44,82.82
TXN-GB-4-000748,2026-08-28 14:08:21,2026-08-28 14:12:21,GB,Legacy Oracle EBS,E,SAN-002,SanaPlus ColdFlu,OTC,SanaPlus,D2C,8,8.97,GBP,0.1,71.76,64.58
TXN-GB-4-000749,2026-08-28 20:09:53,2026-08-28 20:12:53,GB,Legacy Oracle EBS,E,MED-002,Medora Derm Cream,Prescription,Medora,Wholesale,3,22.22,GBP,0.0,66.66,66.66
TXN-GB-4-000750,2026-08-28 19:42:25,2026-08-28 19:44:25,GB,Legacy Oracle EBS,E,MED-002,Medora Derm Cream,Prescription,Medora,Pharmacy/B2B,12,22.22,GBP,0.05,266.64,253.31
TXN-GB-4-000751,2026-08-28 11:15:49,2026-08-28 11:19:49,GB,Legacy Oracle EBS,E,MED-001,Medora Cardio 10mg,Prescription,Medora,Pharmacy/B2B,3,36.75,GBP,0.05,110.25,104.74
TXN-GB-4-000752,2026-08-28 13:31:49,2026-08-28 13:37:49,GB,Legacy Oracle EBS,E,SAN-002,SanaPlus ColdFlu,OTC,SanaPlus,E-commerce,4,8.97,GBP,0.0,35.88,35.88
TXN-GB-4-000753,2026-08-28 20:35:17,2026-08-28 20:41:17,GB,Legacy Oracle EBS,E,MED-001,Medora Cardio 10mg,Prescription,Medora,Pharmacy/B2B,5,36.75,GBP,0.05,183.75,174.56
TXN-GB-4-000754,2026-08-28 16:47:27,2026-08-28 16:49:27,GB,Legacy Oracle EBS,E,DER-002,Dermacare LiftCream,Aesthetic,Dermacare,Wholesale,12,31.62,GBP,0.2,379.44,303.55
TXN-GB-4-000755,2026-08-28 20:34:51,2026-08-28 20:39:51,GB,Legacy Oracle EBS,E,PUR-001,PureLife GlucoMonitor,Medical Device,PureLife,Pharmacy/B2B,6,72.65,GBP,0.15,435.9,370.51
TXN-GB-4-000756,2026-08-28 12:54:35,2026-08-28 12:58:35,GB,Legacy Oracle EBS,E,MED-002,Medora Derm Cream,Prescription,Medora,Wholesale,1,22.22,GBP,0.0,22.22,22.22
TXN-GB-4-000757,2026-08-28 16:36:10,2026-08-28 16:37:10,GB,Legacy Oracle EBS,E,SAN-001,SanaPlus PainRelief,OTC,SanaPlus,Wholesale,10,8.12,GBP,0.0,81.2,81.2
TXN-GB-4-000758,2026-08-28 14:05:53,2026-08-28 14:08:53,GB,Legacy Oracle EBS,E,DER-002,Dermacare LiftCream,Aesthetic,Dermacare,Pharmacy/B2B,8,31.62,GBP,0.1,252.96,227.66
TXN-GB-4-000759,2026-08-28 02:36:44,2026-08-28 02:37:44,GB,Legacy Oracle EBS,E,DER-002,Dermacare LiftCream,Aesthetic,Dermacare,Pharmacy/B2B,6,31.62,GBP,0.05,189.72,180.23
TXN-GB-4-000760,2026-08-28 13:04:44,2026-08-28 13:09:44,GB,Legacy Oracle EBS,E,PUR-002,PureLife BP Monitor,Medical Device,PureLife,Pharmacy/B2B,9,76.92,GBP,0.15,692.28,588.44
TXN-GB-4-000761,2026-08-28 00:24:30,2026-08-28 00:30:30,GB,Legacy Oracle EBS,E,DER-001,Dermacare GlowSerum,Aesthetic,Dermacare,Wholesale,4,27.35,GBP,0.1,109.4,98.46
TXN-GB-4-000762,2026-08-28 20:33:41,2026-08-28 20:34:41,GB,Legacy Oracle EBS,E,VIT-001,Vitalis C1000,Supplement,Vitalis,D2C,1,17.95,GBP,0.1,17.95,16.16
TXN-GB-4-000763,2026-08-28 15:33:52,2026-08-28 15:39:52,GB,Legacy Oracle EBS,E,VIT-002,Vitalis Multivit,Supplement,Vitalis,Pharmacy/B2B,11,14.53,GBP,0.05,159.83,151.84
TXN-GB-4-000764,2026-08-28 13:17:35,2026-08-28 13:23:35,GB,Legacy Oracle EBS,E,SAN-002,SanaPlus ColdFlu,OTC,SanaPlus,D2C,3,8.97,GBP,0.1,26.91,24.22
TXN-GB-4-000765,2026-08-28 06:43:25,2026-08-28 06:47:25,GB,Legacy Oracle EBS,E,VIT-001,Vitalis C1000,Supplement,Vitalis,D2C,7,17.95,GBP,0.05,125.65,119.37
TXN-GB-4-000766,2026-08-28 06:45:38,2026-08-28 06:47:38,GB,Legacy Oracle EBS,E,PUR-002,PureLife BP Monitor,Medical Device,PureLife,Pharmacy/B2B,6,76.92,GBP,0.0,461.52,461.52
TXN-GB-4-000767,2026-08-28 08:09:13,2026-08-28 08:11:13,GB,Legacy Oracle EBS,E,PUR-001,PureLife GlucoMonitor,Medical Device,PureLife,Wholesale,4,72.65,GBP,0.2,290.6,232.48
TXN-GB-4-000768,2026-08-28 02:14:13,2026-08-28 02:16:13,GB,Legacy Oracle EBS,E,DER-002,Dermacare LiftCream,Aesthetic,Dermacare,Wholesale,2,31.62,GBP,0.15,63.24,53.75
TXN-GB-4-000769,2026-08-28 12:00:20,2026-08-28 12:01:20,GB,Legacy Oracle EBS,E,MED-002,Medora Derm Cream,Prescription,Medora,D2C,3,22.22,GBP,0.2,66.66,53.33
TXN-GB-4-000770,2026-08-28 02:05:01,2026-08-28 02:09:01,GB,Legacy Oracle EBS,E,SAN-002,SanaPlus ColdFlu,OTC,SanaPlus,Pharmacy/B2B,7,8.97,GBP,0.05,62.79,59.65
TXN-GB-4-000771,2026-08-28 13:38:43,2026-08-28 13:41:43,GB,Legacy Oracle EBS,E,VIT-001,Vitalis C1000,Supplement,Vitalis,D2C,4,17.95,GBP,0.0,71.8,71.8
TXN-GB-4-000772,2026-08-28 22:34:39,2026-08-28 22:36:39,GB,Legacy Oracle EBS,E,MED-001,Medora Cardio 10mg,Prescription,Medora,D2C,9,36.75,GBP,0.0,330.75,330.75
TXN-GB-4-000773,2026-08-28 00:45:44,2026-08-28 00:51:44,GB,Legacy Oracle EBS,E,PUR-001,PureLife GlucoMonitor,Medical Device,PureLife,D2C,12,72.65,GBP,0.0,871.8,871.8
TXN-GB-4-000774,2026-08-28 09:39:12,2026-08-28 09:40:12,GB,Legacy Oracle EBS,E,DER-002,Dermacare LiftCream,Aesthetic,Dermacare,E-commerce,6,31.62,GBP,0.1,189.72,170.75
TXN-GB-4-000775,2026-08-28 16:53:37,2026-08-28 16:57:37,GB,Legacy Oracle EBS,E,SAN-001,SanaPlus PainRelief,OTC,SanaPlus,D2C,10,8.12,GBP,0.15,81.2,69.02
TXN-GB-4-000776,2026-08-28 10:19:16,2026-08-28 10:25:16,GB,Legacy Oracle EBS,E,PUR-001,PureLife GlucoMonitor,Medical Device,PureLife,D2C,3,72.65,GBP,0.0,217.95,217.95
TXN-GB-4-000777,2026-08-28 21:48:44,2026-08-28 21:49:44,GB,Legacy Oracle EBS,E,SAN-001,SanaPlus PainRelief,OTC,SanaPlus,D2C,12,8.12,GBP,0.0,97.44,97.44
TXN-GB-4-000778,2026-08-28 19:44:42,2026-08-28 19:45:42,GB,Legacy Oracle EBS,E,PUR-002,PureLife BP Monitor,Medical Device,PureLife,E-commerce,11,76.92,GBP,0.1,846.12,761.51
TXN-GB-4-000779,2026-08-28 17:57:10,2026-08-28 18:00:10,GB,Legacy Oracle EBS,E,PUR-001,PureLife GlucoMonitor,Medical Device,PureLife,D2C,4,72.65,GBP,0.15,290.6,247.01
TXN-GB-4-000780,2026-08-28 00:01:49,2026-08-28 00:05:49,GB,Legacy Oracle EBS,E,SAN-002,SanaPlus ColdFlu,OTC,SanaPlus,Pharmacy/B2B,4,8.97,GBP,0.0,35.88,35.88
TXN-GB-4-000781,2026-08-28 18:39:11,2026-08-28 18:42:11,GB,Legacy Oracle EBS,E,SAN-002,SanaPlus ColdFlu,OTC,SanaPlus,Pharmacy/B2B,1,8.97,GBP,0.15,8.97,7.62
TXN-GB-4-000782,2026-08-28 23:37:05,2026-08-28 23:39:05,GB,Legacy Oracle EBS,E,PUR-001,PureLife GlucoMonitor,Medical Device,PureLife,E-commerce,8,72.65,GBP,0.0,581.2,581.2
TXN-GB-4-000783,2026-08-28 16:31:47,2026-08-28 16:34:47,GB,Legacy Oracle EBS,E,DER-002,Dermacare LiftCream,Aesthetic,Dermacare,E-commerce,3,31.62,GBP,0.0,94.86,94.86
TXN-GB-4-000784,2026-08-28 05:56:13,2026-08-28 05:58:13,GB,Legacy Oracle EBS,E,SAN-001,SanaPlus PainRelief,OTC,SanaPlus,E-commerce,10,8.12,GBP,0.15,81.2,69.02
TXN-GB-4-000785,2026-08-28 16:14:59,2026-08-28 16:19:59,GB,Legacy Oracle EBS,E,MED-002,Medora Derm Cream,Prescription,Medora,Wholesale,6,22.22,GBP,0.0,133.32,133.32
TXN-GB-4-000786,2026-08-28 00:45:40,2026-08-28 00:48:40,GB,Legacy Oracle EBS,E,DER-001,Dermacare GlowSerum,Aesthetic,Dermacare,Pharmacy/B2B,3,27.35,GBP,0.0,82.05,82.05
TXN-GB-4-000787,2026-08-28 03:33:04,2026-08-28 03:34:04,GB,Legacy Oracle EBS,E,VIT-002,Vitalis Multivit,Supplement,Vitalis,Pharmacy/B2B,10,14.53,GBP,0.0,145.3,145.3
TXN-GB-4-000788,2026-08-28 01:48:03,2026-08-28 01:49:03,GB,Legacy Oracle EBS,E,DER-001,Dermacare GlowSerum,Aesthetic,Dermacare,D2C,9,27.35,GBP,0.0,246.15,246.15
TXN-GB-4-000789,2026-08-28 23:10:07,2026-08-28 23:12:07,GB,Legacy Oracle EBS,E,MED-001,Medora Cardio 10mg,Prescription,Medora,Wholesale,9,36.75,GBP,0.0,330.75,330.75
TXN-GB-4-000790,2026-08-28 12:50:31,2026-08-28 12:56:31,GB,Legacy Oracle EBS,E,MED-001,Medora Cardio 10mg,Prescription,Medora,Pharmacy/B2B,1,36.75,GBP,0.15,36.75,31.24
TXN-GB-4-000791,2026-08-28 10:56:12,2026-08-28 10:58:12,GB,Legacy Oracle EBS,E,SAN-002,SanaPlus ColdFlu,OTC,SanaPlus,Pharmacy/B2B,9,8.97,GBP,0.0,80.73,80.73
TXN-GB-4-000792,2026-08-28 09:28:52,2026-08-28 09:33:52,GB,Legacy Oracle EBS,E,VIT-002,Vitalis Multivit,Supplement,Vitalis,E-commerce,4,14.53,GBP,0.2,58.12,46.5
TXN-GB-4-000793,2026-08-28 00:00:15,2026-08-28 00:01:15,GB,Legacy Oracle EBS,E,PUR-002,PureLife BP Monitor,Medical Device,PureLife,D2C,3,76.92,GBP,0.0,230.76,230.76
TXN-GB-4-000794,2026-08-28 01:16:17,2026-08-28 01:21:17,GB,Legacy Oracle EBS,E,VIT-002,Vitalis Multivit,Supplement,Vitalis,Wholesale,7,14.53,GBP,0.15,101.71,86.45
TXN-GB-4-000795,2026-08-28 04:55:19,2026-08-28 04:58:19,GB,Legacy Oracle EBS,E,DER-002,Dermacare LiftCream,Aesthetic,Dermacare,E-commerce,4,31.62,GBP,0.05,126.48,120.16
TXN-GB-4-000796,2026-08-28 10:03:38,2026-08-28 10:06:38,GB,Legacy Oracle EBS,E,PUR-001,PureLife GlucoMonitor,Medical Device,PureLife,E-commerce,12,72.65,GBP,0.2,871.8,697.44
TXN-GB-4-000797,2026-08-28 04:24:51,2026-08-28 04:29:51,GB,Legacy Oracle EBS,E,DER-002,Dermacare LiftCream,Aesthetic,Dermacare,Wholesale,6,31.62,GBP,0.15,189.72,161.26
TXN-GB-4-000798,2026-08-28 16:55:02,2026-08-28 17:00:02,GB,Legacy Oracle EBS,E,VIT-002,Vitalis Multivit,Supplement,Vitalis,D2C,5,14.53,GBP,0.0,72.65,72.65
TXN-GB-4-000799,2026-08-28 21:14:24,2026-08-28 21:20:24,GB,Legacy Oracle EBS,E,VIT-002,Vitalis Multivit,Supplement,Vitalis,E-commerce,6,14.53,GBP,0.0,87.18,87.18
TXN-GB-4-000800,2026-08-28 05:18:49,2026-08-28 05:20:49,GB,Legacy Oracle EBS,E,MED-001,Medora Cardio 10mg,Prescription,Medora,Pharmacy/B2B,12,36.75,GBP,0.05,441.0,418.95
TXN-GB-4-000801,2026-08-28 03:29:11,2026-08-28 03:31:11,GB,Legacy Oracle EBS,E,VIT-002,Vitalis Multivit,Supplement,Vitalis,Pharmacy/B2B,11,14.53,GBP,0.0,159.83,159.83
TXN-GB-4-000802,2026-08-28 20:46:26,2026-08-28 20:49:26,GB,Legacy Oracle EBS,E,DER-001,Dermacare GlowSerum,Aesthetic,Dermacare,D2C,12,27.35,GBP,0.1,328.2,295.38
TXN-GB-4-000803,2026-08-28 13:32:00,2026-08-28 13:36:00,GB,Legacy Oracle EBS,E,PUR-002,PureLife BP Monitor,Medical Device,PureLife,Pharmacy/B2B,5,76.92,GBP,0.15,384.6,326.91
TXN-GB-4-000804,2026-08-28 16:38:04,2026-08-28 16:43:04,GB,Legacy Oracle EBS,E,VIT-001,Vitalis C1000,Supplement,Vitalis,Pharmacy/B2B,11,17.95,GBP,0.0,197.45,197.45
TXN-GB-4-000805,2026-08-28 11:32:47,2026-08-28 11:34:47,GB,Legacy Oracle EBS,E,MED-001,Medora Cardio 10mg,Prescription,Medora,Pharmacy/B2B,12,36.75,GBP,0.2,441.0,352.8
TXN-GB-4-000806,2026-08-28 22:28:15,2026-08-28 22:29:15,GB,Legacy Oracle EBS,E,MED-001,Medora Cardio 10mg,Prescription,Medora,D2C,6,36.75,GBP,0.2,220.5,176.4
TXN-GB-4-000807,2026-08-28 11:06:47,2026-08-28 11:08:47,GB,Legacy Oracle EBS,E,SAN-002,SanaPlus ColdFlu,OTC,SanaPlus,D2C,2,8.97,GBP,0.2,17.94,14.35
TXN-GB-4-000808,2026-08-28 06:32:08,2026-08-28 06:37:08,GB,Legacy Oracle EBS,E,PUR-002,PureLife BP Monitor,Medical Device,PureLife,D2C,12,76.92,GBP,0.0,923.04,923.04
TXN-GB-4-000809,2026-08-28 17:17:41,2026-08-28 17:21:41,GB,Legacy Oracle EBS,E,DER-001,Dermacare GlowSerum,Aesthetic,Dermacare,D2C,2,27.35,GBP,0.2,54.7,43.76
TXN-GB-4-000810,2026-08-28 04:24:56,2026-08-28 04:28:56,GB,Legacy Oracle EBS,E,MED-001,Medora Cardio 10mg,Prescription,Medora,D2C,1,36.75,GBP,0.15,36.75,31.24
TXN-GB-4-000811,2026-08-28 14:43:53,2026-08-28 14:49:53,GB,Legacy Oracle EBS,E,MED-002,Medora Derm Cream,Prescription,Medora,Pharmacy/B2B,5,22.22,GBP,0.0,111.1,111.1
TXN-GB-4-000812,2026-08-28 19:42:33,2026-08-28 19:45:33,GB,Legacy Oracle EBS,E,DER-002,Dermacare LiftCream,Aesthetic,Dermacare,Wholesale,2,31.62,GBP,0.1,63.24,56.92
TXN-GB-4-000813,2026-08-28 20:20:02,2026-08-28 20:24:02,GB,Legacy Oracle EBS,E,MED-002,Medora Derm Cream,Prescription,Medora,D2C,5,22.22,GBP,0.0,111.1,111.1
TXN-GB-4-000814,2026-08-28 01:04:29,2026-08-28 01:05:29,GB,Legacy Oracle EBS,E,DER-002,Dermacare LiftCream,Aesthetic,Dermacare,Wholesale,7,31.62,GBP,0.0,221.34,221.34
TXN-GB-4-000815,2026-08-28 14:06:27,2026-08-28 14:11:27,GB,Legacy Oracle EBS,E,DER-002,Dermacare LiftCream,Aesthetic,Dermacare,E-commerce,3,31.62,GBP,0.0,94.86,94.86
TXN-GB-4-000816,2026-08-28 20:28:50,2026-08-28 20:34:50,GB,Legacy Oracle EBS,E,VIT-001,Vitalis C1000,Supplement,Vitalis,E-commerce,1,17.95,GBP,0.0,17.95,17.95
TXN-GB-4-000817,2026-08-28 06:48:01,2026-08-28 06:50:01,GB,Legacy Oracle EBS,E,PUR-002,PureLife BP Monitor,Medical Device,PureLife,Wholesale,1,76.92,GBP,0.0,76.92,76.92
TXN-GB-4-000818,2026-08-28 05:32:04,2026-08-28 05:37:04,GB,Legacy Oracle EBS,E,DER-002,Dermacare LiftCream,Aesthetic,Dermacare,D2C,6,31.62,GBP,0.2,189.72,151.78
TXN-GB-4-000819,2026-08-28 08:56:38,2026-08-28 09:02:38,GB,Legacy Oracle EBS,E,PUR-002,PureLife BP Monitor,Medical Device,PureLife,Wholesale,11,76.92,GBP,0.2,846.12,676.9
TXN-GB-4-000820,2026-08-28 03:15:20,2026-08-28 03:19:20,GB,Legacy Oracle EBS,E,MED-002,Medora Derm Cream,Prescription,Medora,Pharmacy/B2B,4,22.22,GBP,0.05,88.88,84.44
TXN-GB-4-000821,2026-08-28 09:49:33,2026-08-28 09:50:33,GB,Legacy Oracle EBS,E,MED-001,Medora Cardio 10mg,Prescription,Medora,Pharmacy/B2B,9,36.75,GBP,0.2,330.75,264.6
TXN-GB-4-000822,2026-08-28 00:17:44,2026-08-28 00:19:44,GB,Legacy Oracle EBS,E,PUR-002,PureLife BP Monitor,Medical Device,PureLife,Wholesale,3,76.92,GBP,0.0,230.76,230.76
TXN-GB-4-000823,2026-08-28 17:27:29,2026-08-28 17:33:29,GB,Legacy Oracle EBS,E,PUR-002,PureLife BP Monitor,Medical Device,PureLife,Pharmacy/B2B,11,76.92,GBP,0.15,846.12,719.2
TXN-GB-4-000824,2026-08-28 19:17:57,2026-08-28 19:22:57,GB,Legacy Oracle EBS,E,MED-002,Medora Derm Cream,Prescription,Medora,Pharmacy/B2B,2,22.22,GBP,0.05,44.44,42.22
TXN-GB-4-000825,2026-08-28 06:21:48,2026-08-28 06:27:48,GB,Legacy Oracle EBS,E,VIT-001,Vitalis C1000,Supplement,Vitalis,E-commerce,9,17.95,GBP,0.2,161.55,129.24
TXN-GB-4-000826,2026-08-28 03:25:59,2026-08-28 03:28:59,GB,Legacy Oracle EBS,E,MED-002,Medora Derm Cream,Prescription,Medora,Pharmacy/B2B,12,22.22,GBP,0.0,266.64,266.64
TXN-GB-4-000827,2026-08-28 08:32:46,2026-08-28 08:38:46,GB,Legacy Oracle EBS,E,MED-001,Medora Cardio 10mg,Prescription,Medora,E-commerce,9,36.75,GBP,0.0,330.75,330.75
TXN-GB-4-000828,2026-08-28 02:05:21,2026-08-28 02:07:21,GB,Legacy Oracle EBS,E,MED-001,Medora Cardio 10mg,Prescription,Medora,D2C,8,36.75,GBP,0.0,294.0,294.0
TXN-GB-4-000829,2026-08-28 05:19:17,2026-08-28 05:20:17,GB,Legacy Oracle EBS,E,DER-001,Dermacare GlowSerum,Aesthetic,Dermacare,Wholesale,5,27.35,GBP,0.2,136.75,109.4
TXN-GB-4-000830,2026-08-28 23:33:39,2026-08-28 23:35:39,GB,Legacy Oracle EBS,E,MED-002,Medora Derm Cream,Prescription,Medora,Wholesale,12,22.22,GBP,0.2,266.64,213.31
TXN-GB-4-000831,2026-08-28 10:45:28,2026-08-28 10:51:28,GB,Legacy Oracle EBS,E,SAN-001,SanaPlus PainRelief,OTC,SanaPlus,E-commerce,2,8.12,GBP,0.0,16.24,16.24
TXN-GB-4-000832,2026-08-28 15:57:48,2026-08-28 16:02:48,GB,Legacy Oracle EBS,E,PUR-001,PureLife GlucoMonitor,Medical Device,PureLife,D2C,5,72.65,GBP,0.0,363.25,363.25
TXN-GB-4-000833,2026-08-28 10:10:26,2026-08-28 10:11:26,GB,Legacy Oracle EBS,E,VIT-002,Vitalis Multivit,Supplement,Vitalis,Wholesale,11,14.53,GBP,0.0,159.83,159.83
TXN-GB-4-000834,2026-08-28 10:24:43,2026-08-28 10:27:43,GB,Legacy Oracle EBS,E,VIT-002,Vitalis Multivit,Supplement,Vitalis,Wholesale,1,14.53,GBP,0.0,14.53,14.53
TXN-GB-4-000835,2026-08-28 23:23:21,2026-08-28 23:25:21,GB,Legacy Oracle EBS,E,DER-002,Dermacare LiftCream,Aesthetic,Dermacare,E-commerce,11,31.62,GBP,0.2,347.82,278.26
TXN-GB-4-000836,2026-08-28 06:27:33,2026-08-28 06:33:33,GB,Legacy Oracle EBS,E,DER-002,Dermacare LiftCream,Aesthetic,Dermacare,D2C,6,31.62,GBP,0.0,189.72,189.72
TXN-GB-4-000837,2026-08-28 16:58:58,2026-08-28 17:00:58,GB,Legacy Oracle EBS,E,SAN-001,SanaPlus PainRelief,OTC,SanaPlus,Pharmacy/B2B,3,8.12,GBP,0.15,24.36,20.71
TXN-GB-4-000838,2026-08-28 09:49:24,2026-08-28 09:54:24,GB,Legacy Oracle EBS,E,MED-001,Medora Cardio 10mg,Prescription,Medora,D2C,2,36.75,GBP,0.15,73.5,62.48
TXN-GB-4-000839,2026-08-28 20:12:41,2026-08-28 20:14:41,GB,Legacy Oracle EBS,E,VIT-001,Vitalis C1000,Supplement,Vitalis,E-commerce,2,17.95,GBP,0.0,35.9,35.9
TXN-GB-4-000840,2026-08-28 01:03:49,2026-08-28 01:07:49,GB,Legacy Oracle EBS,E,MED-001,Medora Cardio 10mg,Prescription,Medora,E-commerce,12,36.75,GBP,0.2,441.0,352.8
TXN-GB-4-000841,2026-08-28 21:25:37,2026-08-28 21:29:37,GB,Legacy Oracle EBS,E,VIT-001,Vitalis C1000,Supplement,Vitalis,Pharmacy/B2B,1,17.95,GBP,0.2,17.95,14.36
TXN-GB-4-000842,2026-08-28 06:26:10,2026-08-28 06:27:10,GB,Legacy Oracle EBS,E,PUR-002,PureLife BP Monitor,Medical Device,PureLife,Pharmacy/B2B,1,76.92,GBP,0.0,76.92,76.92
TXN-GB-4-000843,2026-08-28 04:06:04,2026-08-28 04:09:04,GB,Legacy Oracle EBS,E,MED-002,Medora Derm Cream,Prescription,Medora,Pharmacy/B2B,6,22.22,GBP,0.15,133.32,113.32
TXN-GB-4-000844,2026-08-28 08:01:34,2026-08-28 08:05:34,GB,Legacy Oracle EBS,E,VIT-001,Vitalis C1000,Supplement,Vitalis,Pharmacy/B2B,6,17.95,GBP,0.1,107.7,96.93
TXN-GB-4-000845,2026-08-28 13:42:46,2026-08-28 13:46:46,GB,Legacy Oracle EBS,E,MED-002,Medora Derm Cream,Prescription,Medora,E-commerce,3,22.22,GBP,0.0,66.66,66.66
TXN-GB-4-000846,2026-08-28 23:38:06,2026-08-28 23:41:06,GB,Legacy Oracle EBS,E,VIT-002,Vitalis Multivit,Supplement,Vitalis,E-commerce,1,14.53,GBP,0.0,14.53,14.53
TXN-GB-4-000847,2026-08-28 12:46:41,2026-08-28 12:48:41,GB,Legacy Oracle EBS,E,PUR-001,PureLife GlucoMonitor,Medical Device,PureLife,Pharmacy/B2B,9,72.65,GBP,0.05,653.85,621.16
TXN-GB-4-000848,2026-08-28 17:07:08,2026-08-28 17:12:08,GB,Legacy Oracle EBS,E,SAN-001,SanaPlus PainRelief,OTC,SanaPlus,E-commerce,8,8.12,GBP,0.0,64.96,64.96
TXN-GB-4-000849,2026-08-28 13:19:43,2026-08-28 13:22:43,GB,Legacy Oracle EBS,E,DER-001,Dermacare GlowSerum,Aesthetic,Dermacare,Pharmacy/B2B,3,27.35,GBP,0.0,82.05,82.05
TXN-GB-4-000850,2026-08-28 07:05:41,2026-08-28 07:08:41,GB,Legacy Oracle EBS,E,VIT-002,Vitalis Multivit,Supplement,Vitalis,E-commerce,9,14.53,GBP,0.0,130.77,130.77
TXN-GB-4-000851,2026-08-28 19:30:33,2026-08-28 19:34:33,GB,Legacy Oracle EBS,E,SAN-001,SanaPlus PainRelief,OTC,SanaPlus,E-commerce,2,8.12,GBP,0.0,16.24,16.24
TXN-GB-4-000852,2026-08-28 07:01:02,2026-08-28 07:05:02,GB,Legacy Oracle EBS,E,DER-002,Dermacare LiftCream,Aesthetic,Dermacare,D2C,9,31.62,GBP,0.15,284.58,241.89
TXN-GB-4-000853,2026-08-28 15:20:00,2026-08-28 15:23:00,GB,Legacy Oracle EBS,E,PUR-001,PureLife GlucoMonitor,Medical Device,PureLife,Wholesale,5,72.65,GBP,0.1,363.25,326.93
TXN-GB-4-000854,2026-08-28 11:55:23,2026-08-28 11:59:23,GB,Legacy Oracle EBS,E,SAN-001,SanaPlus PainRelief,OTC,SanaPlus,Wholesale,3,8.12,GBP,0.15,24.36,20.71
TXN-GB-4-000855,2026-08-28 13:36:26,2026-08-28 13:40:26,GB,Legacy Oracle EBS,E,PUR-002,PureLife BP Monitor,Medical Device,PureLife,Wholesale,7,76.92,GBP,0.2,538.44,430.75
TXN-GB-4-000856,2026-08-28 04:19:51,2026-08-28 04:20:51,GB,Legacy Oracle EBS,E,PUR-002,PureLife BP Monitor,Medical Device,PureLife,Pharmacy/B2B,5,76.92,GBP,0.15,384.6,326.91
TXN-GB-4-000857,2026-08-28 20:03:39,2026-08-28 20:08:39,GB,Legacy Oracle EBS,E,DER-002,Dermacare LiftCream,Aesthetic,Dermacare,E-commerce,11,31.62,GBP,0.0,347.82,347.82
TXN-GB-4-000858,2026-08-28 08:56:56,2026-08-28 08:59:56,GB,Legacy Oracle EBS,E,DER-002,Dermacare LiftCream,Aesthetic,Dermacare,E-commerce,1,31.62,GBP,0.1,31.62,28.46
TXN-GB-4-000859,2026-08-28 03:17:07,2026-08-28 03:18:07,GB,Legacy Oracle EBS,E,VIT-001,Vitalis C1000,Supplement,Vitalis,Pharmacy/B2B,9,17.95,GBP,0.2,161.55,129.24
TXN-GB-4-000860,2026-08-28 04:25:28,2026-08-28 04:28:28,GB,Legacy Oracle EBS,E,VIT-002,Vitalis Multivit,Supplement,Vitalis,Wholesale,11,14.53,GBP,0.05,159.83,151.84
TXN-GB-4-000861,2026-08-28 06:42:38,2026-08-28 06:47:38,GB,Legacy Oracle EBS,E,MED-002,Medora Derm Cream,Prescription,Medora,Wholesale,4,22.22,GBP,0.15,88.88,75.55
TXN-GB-4-000862,2026-08-28 06:00:30,2026-08-28 06:06:30,GB,Legacy Oracle EBS,E,VIT-002,Vitalis Multivit,Supplement,Vitalis,Pharmacy/B2B,1,14.53,GBP,0.15,14.53,12.35
TXN-GB-4-000863,2026-08-28 00:00:12,2026-08-28 00:02:12,GB,Legacy Oracle EBS,E,MED-002,Medora Derm Cream,Prescription,Medora,Pharmacy/B2B,8,22.22,GBP,0.15,177.76,151.1
TXN-GB-4-000864,2026-08-28 19:51:07,2026-08-28 19:52:07,GB,Legacy Oracle EBS,E,VIT-001,Vitalis C1000,Supplement,Vitalis,D2C,11,17.95,GBP,0.0,197.45,197.45
TXN-GB-4-000865,2026-08-28 18:24:03,2026-08-28 18:28:03,GB,Legacy Oracle EBS,E,DER-001,Dermacare GlowSerum,Aesthetic,Dermacare,Pharmacy/B2B,9,27.35,GBP,0.0,246.15,246.15
TXN-GB-4-000866,2026-08-28 16:40:32,2026-08-28 16:42:32,GB,Legacy Oracle EBS,E,VIT-001,Vitalis C1000,Supplement,Vitalis,E-commerce,3,17.95,GBP,0.1,53.85,48.47
TXN-GB-4-000867,2026-08-28 08:02:19,2026-08-28 08:08:19,GB,Legacy Oracle EBS,E,VIT-002,Vitalis Multivit,Supplement,Vitalis,E-commerce,9,14.53,GBP,0.15,130.77,111.15
TXN-GB-4-000868,2026-08-28 05:57:17,2026-08-28 06:01:17,GB,Legacy Oracle EBS,E,SAN-002,SanaPlus ColdFlu,OTC,SanaPlus,E-commerce,7,8.97,GBP,0.0,62.79,62.79
TXN-GB-4-000869,2026-08-28 05:47:03,2026-08-28 05:51:03,GB,Legacy Oracle EBS,E,VIT-002,Vitalis Multivit,Supplement,Vitalis,E-commerce,9,14.53,GBP,0.05,130.77,124.23
TXN-GB-4-000870,2026-08-28 12:27:36,2026-08-28 12:29:36,GB,Legacy Oracle EBS,E,VIT-002,Vitalis Multivit,Supplement,Vitalis,Wholesale,7,14.53,GBP,0.2,101.71,81.37
TXN-GB-4-000871,2026-08-28 14:46:50,2026-08-28 14:50:50,GB,Legacy Oracle EBS,E,MED-002,Medora Derm Cream,Prescription,Medora,D2C,4,22.22,GBP,0.15,88.88,75.55
TXN-GB-4-000872,2026-08-28 00:21:01,2026-08-28 00:23:01,GB,Legacy Oracle EBS,E,DER-001,Dermacare GlowSerum,Aesthetic,Dermacare,Wholesale,1,27.35,GBP,0.1,27.35,24.62
TXN-GB-4-000873,2026-08-28 03:14:46,2026-08-28 03:20:46,GB,Legacy Oracle EBS,E,SAN-001,SanaPlus PainRelief,OTC,SanaPlus,Pharmacy/B2B,7,8.12,GBP,0.15,56.84,48.31
TXN-GB-4-000874,2026-08-28 11:05:42,2026-08-28 11:06:42,GB,Legacy Oracle EBS,E,VIT-001,Vitalis C1000,Supplement,Vitalis,Pharmacy/B2B,7,17.95,GBP,0.0,125.65,125.65
TXN-GB-4-000875,2026-08-28 05:09:27,2026-08-28 05:12:27,GB,Legacy Oracle EBS,E,DER-002,Dermacare LiftCream,Aesthetic,Dermacare,D2C,11,31.62,GBP,0.0,347.82,347.82
TXN-GB-4-000876,2026-08-28 19:50:12,2026-08-28 19:51:12,GB,Legacy Oracle EBS,E,MED-001,Medora Cardio 10mg,Prescription,Medora,Wholesale,3,36.75,GBP,0.15,110.25,93.71
TXN-GB-4-000877,2026-08-28 02:09:03,2026-08-28 02:14:03,GB,Legacy Oracle EBS,E,DER-001,Dermacare GlowSerum,Aesthetic,Dermacare,Pharmacy/B2B,6,27.35,GBP,0.05,164.1,155.89
TXN-GB-4-000878,2026-08-28 22:47:43,2026-08-28 22:51:43,GB,Legacy Oracle EBS,E,PUR-001,PureLife GlucoMonitor,Medical Device,PureLife,Wholesale,11,72.65,GBP,0.1,799.15,719.24
TXN-GB-4-000879,2026-08-28 05:16:31,2026-08-28 05:22:31,GB,Legacy Oracle EBS,E,SAN-002,SanaPlus ColdFlu,OTC,SanaPlus,E-commerce,5,8.97,GBP,0.0,44.85,44.85
TXN-GB-4-000880,2026-08-28 19:14:20,2026-08-28 19:17:20,GB,Legacy Oracle EBS,E,VIT-001,Vitalis C1000,Supplement,Vitalis,E-commerce,7,17.95,GBP,0.1,125.65,113.09
TXN-GB-4-000881,2026-08-28 22:02:04,2026-08-28 22:07:04,GB,Legacy Oracle EBS,E,PUR-002,PureLife BP Monitor,Medical Device,PureLife,E-commerce,4,76.92,GBP,0.1,307.68,276.91
TXN-GB-4-000882,2026-08-28 08:44:13,2026-08-28 08:49:13,GB,Legacy Oracle EBS,E,VIT-001,Vitalis C1000,Supplement,Vitalis,Pharmacy/B2B,4,17.95,GBP,0.05,71.8,68.21
TXN-GB-4-000883,2026-08-28 18:38:55,2026-08-28 18:41:55,GB,Legacy Oracle EBS,E,VIT-002,Vitalis Multivit,Supplement,Vitalis,Wholesale,10,14.53,GBP,0.0,145.3,145.3
TXN-GB-4-000884,2026-08-28 21:56:41,2026-08-28 21:57:41,GB,Legacy Oracle EBS,E,SAN-001,SanaPlus PainRelief,OTC,SanaPlus,Wholesale,6,8.12,GBP,0.1,48.72,43.85
TXN-GB-4-000885,2026-08-28 09:21:03,2026-08-28 09:23:03,GB,Legacy Oracle EBS,E,SAN-001,SanaPlus PainRelief,OTC,SanaPlus,E-commerce,1,8.12,GBP,0.0,8.12,8.12
TXN-GB-4-000886,2026-08-28 12:28:58,2026-08-28 12:31:58,GB,Legacy Oracle EBS,E,MED-001,Medora Cardio 10mg,Prescription,Medora,D2C,8,36.75,GBP,0.0,294.0,294.0
TXN-GB-4-000887,2026-08-28 22:52:26,2026-08-28 22:57:26,GB,Legacy Oracle EBS,E,SAN-002,SanaPlus ColdFlu,OTC,SanaPlus,D2C,10,8.97,GBP,0.0,89.7,89.7
TXN-GB-4-000888,2026-08-28 06:22:33,2026-08-28 06:23:33,GB,Legacy Oracle EBS,E,MED-002,Medora Derm Cream,Prescription,Medora,Pharmacy/B2B,4,22.22,GBP,0.2,88.88,71.1
TXN-GB-4-000889,2026-08-28 02:44:44,2026-08-28 02:48:44,GB,Legacy Oracle EBS,E,SAN-001,SanaPlus PainRelief,OTC,SanaPlus,D2C,3,8.12,GBP,0.1,24.36,21.92
TXN-GB-4-000890,2026-08-28 04:43:02,2026-08-28 04:48:02,GB,Legacy Oracle EBS,E,VIT-002,Vitalis Multivit,Supplement,Vitalis,Pharmacy/B2B,1,14.53,GBP,0.0,14.53,14.53
TXN-GB-4-000891,2026-08-28 16:24:41,2026-08-28 16:28:41,GB,Legacy Oracle EBS,E,PUR-002,PureLife BP Monitor,Medical Device,PureLife,E-commerce,7,76.92,GBP,0.2,538.44,430.75
TXN-GB-4-000892,2026-08-28 07:57:48,2026-08-28 08:03:48,GB,Legacy Oracle EBS,E,PUR-002,PureLife BP Monitor,Medical Device,PureLife,E-commerce,12,76.92,GBP,0.2,923.04,738.43
TXN-GB-4-000893,2026-08-28 01:04:33,2026-08-28 01:09:33,GB,Legacy Oracle EBS,E,VIT-001,Vitalis C1000,Supplement,Vitalis,D2C,11,17.95,GBP,0.0,197.45,197.45
TXN-GB-4-000894,2026-08-28 03:08:06,2026-08-28 03:14:06,GB,Legacy Oracle EBS,E,DER-001,Dermacare GlowSerum,Aesthetic,Dermacare,D2C,7,27.35,GBP,0.0,191.45,191.45
TXN-GB-4-000895,2026-08-28 22:17:49,2026-08-28 22:22:49,GB,Legacy Oracle EBS,E,PUR-001,PureLife GlucoMonitor,Medical Device,PureLife,Pharmacy/B2B,6,72.65,GBP,0.0,435.9,435.9
TXN-GB-4-000896,2026-08-28 00:59:52,2026-08-28 01:04:52,GB,Legacy Oracle EBS,E,PUR-001,PureLife GlucoMonitor,Medical Device,PureLife,Pharmacy/B2B,2,72.65,GBP,0.0,145.3,145.3
TXN-GB-4-000897,2026-08-28 20:19:27,2026-08-28 20:21:27,GB,Legacy Oracle EBS,E,MED-001,Medora Cardio 10mg,Prescription,Medora,E-commerce,2,36.75,GBP,0.05,73.5,69.83
TXN-GB-4-000898,2026-08-28 01:28:42,2026-08-28 01:31:42,GB,Legacy Oracle EBS,E,MED-002,Medora Derm Cream,Prescription,Medora,Wholesale,10,22.22,GBP,0.2,222.2,177.76
TXN-GB-4-000899,2026-08-28 19:30:59,2026-08-28 19:36:59,GB,Legacy Oracle EBS,E,MED-002,Medora Derm Cream,Prescription,Medora,Wholesale,5,22.22,GBP,0.0,111.1,111.1
TXN-GB-4-000900,2026-08-28 06:52:17,2026-08-28 06:55:17,GB,Legacy Oracle EBS,E,DER-001,Dermacare GlowSerum,Aesthetic,Dermacare,D2C,4,27.35,GBP,0.0,109.4,109.4
TXN-GB-4-000901,2026-08-28 02:38:53,2026-08-28 02:41:53,GB,Legacy Oracle EBS,E,SAN-001,SanaPlus PainRelief,OTC,SanaPlus,Wholesale,8,8.12,GBP,0.05,64.96,61.71
TXN-GB-4-000902,2026-08-28 00:25:48,2026-08-28 00:30:48,GB,Legacy Oracle EBS,E,MED-001,Medora Cardio 10mg,Prescription,Medora,E-commerce,4,36.75,GBP,0.15,147.0,124.95
TXN-GB-4-000903,2026-08-28 10:23:18,2026-08-28 10:26:18,GB,Legacy Oracle EBS,E,PUR-002,PureLife BP Monitor,Medical Device,PureLife,D2C,2,76.92,GBP,0.1,153.84,138.46
TXN-GB-4-000904,2026-08-28 18:21:55,2026-08-28 18:22:55,GB,Legacy Oracle EBS,E,VIT-002,Vitalis Multivit,Supplement,Vitalis,D2C,7,14.53,GBP,0.2,101.71,81.37
TXN-GB-4-000905,2026-08-28 23:48:06,2026-08-28 23:49:06,GB,Legacy Oracle EBS,E,VIT-002,Vitalis Multivit,Supplement,Vitalis,E-commerce,3,14.53,GBP,0.05,43.59,41.41
TXN-GB-4-000906,2026-08-28 15:09:51,2026-08-28 15:11:51,GB,Legacy Oracle EBS,E,PUR-001,PureLife GlucoMonitor,Medical Device,PureLife,Wholesale,9,72.65,GBP,0.15,653.85,555.77
TXN-GB-4-000907,2026-08-28 13:21:34,2026-08-28 13:22:34,GB,Legacy Oracle EBS,E,PUR-002,PureLife BP Monitor,Medical Device,PureLife,D2C,6,76.92,GBP,0.0,461.52,461.52
TXN-GB-4-000908,2026-08-28 18:11:48,2026-08-28 18:17:48,GB,Legacy Oracle EBS,E,MED-002,Medora Derm Cream,Prescription,Medora,D2C,2,22.22,GBP,0.0,44.44,44.44
TXN-GB-4-000909,2026-08-28 00:42:16,2026-08-28 00:47:16,GB,Legacy Oracle EBS,E,PUR-001,PureLife GlucoMonitor,Medical Device,PureLife,E-commerce,6,72.65,GBP,0.15,435.9,370.51
TXN-GB-4-000910,2026-08-28 01:51:50,2026-08-28 01:52:50,GB,Legacy Oracle EBS,E,DER-001,Dermacare GlowSerum,Aesthetic,Dermacare,D2C,9,27.35,GBP,0.0,246.15,246.15
TXN-GB-4-000911,2026-08-28 09:38:35,2026-08-28 09:42:35,GB,Legacy Oracle EBS,E,SAN-002,SanaPlus ColdFlu,OTC,SanaPlus,Wholesale,7,8.97,GBP,0.1,62.79,56.51
TXN-GB-4-000912,2026-08-28 02:55:13,2026-08-28 02:56:13,GB,Legacy Oracle EBS,E,PUR-001,PureLife GlucoMonitor,Medical Device,PureLife,D2C,8,72.65,GBP,0.0,581.2,581.2
TXN-GB-4-000913,2026-08-28 02:58:00,2026-08-28 03:02:00,GB,Legacy Oracle EBS,E,MED-002,Medora Derm Cream,Prescription,Medora,Wholesale,4,22.22,GBP,0.2,88.88,71.1
TXN-GB-4-000914,2026-08-28 15:21:26,2026-08-28 15:22:26,GB,Legacy Oracle EBS,E,VIT-001,Vitalis C1000,Supplement,Vitalis,E-commerce,6,17.95,GBP,0.15,107.7,91.55
TXN-GB-4-000915,2026-08-28 09:10:21,2026-08-28 09:16:21,GB,Legacy Oracle EBS,E,MED-001,Medora Cardio 10mg,Prescription,Medora,D2C,9,36.75,GBP,0.0,330.75,330.75
TXN-GB-4-000916,2026-08-28 23:41:33,2026-08-28 23:43:33,GB,Legacy Oracle EBS,E,MED-001,Medora Cardio 10mg,Prescription,Medora,D2C,4,36.75,GBP,0.0,147.0,147.0
TXN-GB-4-000917,2026-08-28 03:49:03,2026-08-28 03:54:03,GB,Legacy Oracle EBS,E,DER-001,Dermacare GlowSerum,Aesthetic,Dermacare,Pharmacy/B2B,1,27.35,GBP,0.0,27.35,27.35
TXN-GB-4-000918,2026-08-28 10:21:42,2026-08-28 10:26:42,GB,Legacy Oracle EBS,E,VIT-002,Vitalis Multivit,Supplement,Vitalis,Wholesale,11,14.53,GBP,0.0,159.83,159.83
TXN-GB-4-000919,2026-08-28 02:22:21,2026-08-28 02:27:21,GB,Legacy Oracle EBS,E,VIT-002,Vitalis Multivit,Supplement,Vitalis,E-commerce,3,14.53,GBP,0.05,43.59,41.41
TXN-GB-4-000920,2026-08-28 00:25:23,2026-08-28 00:31:23,GB,Legacy Oracle EBS,E,PUR-002,PureLife BP Monitor,Medical Device,PureLife,E-commerce,4,76.92,GBP,0.15,307.68,261.53
TXN-GB-4-000921,2026-08-28 10:25:42,2026-08-28 10:27:42,GB,Legacy Oracle EBS,E,MED-001,Medora Cardio 10mg,Prescription,Medora,Wholesale,1,36.75,GBP,0.0,36.75,36.75
TXN-GB-4-000922,2026-08-28 06:41:09,2026-08-28 06:42:09,GB,Legacy Oracle EBS,E,PUR-002,PureLife BP Monitor,Medical Device,PureLife,Pharmacy/B2B,3,76.92,GBP,0.0,230.76,230.76
TXN-GB-4-000923,2026-08-28 11:46:33,2026-08-28 11:52:33,GB,Legacy Oracle EBS,E,PUR-001,PureLife GlucoMonitor,Medical Device,PureLife,E-commerce,11,72.65,GBP,0.0,799.15,799.15
TXN-GB-4-000924,2026-08-28 05:32:53,2026-08-28 05:38:53,GB,Legacy Oracle EBS,E,PUR-001,PureLife GlucoMonitor,Medical Device,PureLife,Pharmacy/B2B,5,72.65,GBP,0.05,363.25,345.09
TXN-GB-4-000925,2026-08-28 10:18:47,2026-08-28 10:19:47,GB,Legacy Oracle EBS,E,VIT-001,Vitalis C1000,Supplement,Vitalis,E-commerce,2,17.95,GBP,0.0,35.9,35.9
TXN-GB-4-000926,2026-08-28 14:31:07,2026-08-28 14:33:07,GB,Legacy Oracle EBS,E,MED-002,Medora Derm Cream,Prescription,Medora,Wholesale,11,22.22,GBP,0.2,244.42,195.54
TXN-GB-4-000927,2026-08-28 08:54:46,2026-08-28 08:58:46,GB,Legacy Oracle EBS,E,SAN-002,SanaPlus ColdFlu,OTC,SanaPlus,D2C,3,8.97,GBP,0.0,26.91,26.91
TXN-GB-4-000928,2026-08-28 22:27:46,2026-08-28 22:32:46,GB,Legacy Oracle EBS,E,VIT-002,Vitalis Multivit,Supplement,Vitalis,Pharmacy/B2B,8,14.53,GBP,0.0,116.24,116.24
TXN-GB-4-000929,2026-08-28 19:16:44,2026-08-28 19:19:44,GB,Legacy Oracle EBS,E,SAN-002,SanaPlus ColdFlu,OTC,SanaPlus,Pharmacy/B2B,3,8.97,GBP,0.0,26.91,26.91
TXN-GB-4-000930,2026-08-28 04:02:40,2026-08-28 04:07:40,GB,Legacy Oracle EBS,E,PUR-002,PureLife BP Monitor,Medical Device,PureLife,Pharmacy/B2B,5,76.92,GBP,0.0,384.6,384.6
TXN-GB-4-000931,2026-08-28 11:13:55,2026-08-28 11:19:55,GB,Legacy Oracle EBS,E,DER-001,Dermacare GlowSerum,Aesthetic,Dermacare,E-commerce,9,27.35,GBP,0.0,246.15,246.15
TXN-GB-4-000932,2026-08-28 07:37:43,2026-08-28 07:41:43,GB,Legacy Oracle EBS,E,MED-001,Medora Cardio 10mg,Prescription,Medora,Wholesale,12,36.75,GBP,0.2,441.0,352.8
TXN-GB-4-000933,2026-08-28 23:40:44,2026-08-28 23:42:44,GB,Legacy Oracle EBS,E,DER-001,Dermacare GlowSerum,Aesthetic,Dermacare,Wholesale,12,27.35,GBP,0.2,328.2,262.56
TXN-GB-4-000934,2026-08-28 06:07:09,2026-08-28 06:09:09,GB,Legacy Oracle EBS,E,SAN-002,SanaPlus ColdFlu,OTC,SanaPlus,Pharmacy/B2B,1,8.97,GBP,0.0,8.97,8.97
TXN-GB-4-000935,2026-08-28 11:34:00,2026-08-28 11:36:00,GB,Legacy Oracle EBS,E,MED-002,Medora Derm Cream,Prescription,Medora,Pharmacy/B2B,12,22.22,GBP,0.0,266.64,266.64
TXN-GB-4-000936,2026-08-28 12:29:27,2026-08-28 12:32:27,GB,Legacy Oracle EBS,E,SAN-002,SanaPlus ColdFlu,OTC,SanaPlus,D2C,10,8.97,GBP,0.15,89.7,76.25
TXN-GB-4-000937,2026-08-28 21:02:43,2026-08-28 21:06:43,GB,Legacy Oracle EBS,E,MED-002,Medora Derm Cream,Prescription,Medora,D2C,1,22.22,GBP,0.0,22.22,22.22
TXN-GB-4-000938,2026-08-28 19:03:16,2026-08-28 19:06:16,GB,Legacy Oracle EBS,E,MED-002,Medora Derm Cream,Prescription,Medora,D2C,12,22.22,GBP,0.15,266.64,226.64
TXN-GB-4-000939,2026-08-28 07:07:25,2026-08-28 07:13:25,GB,Legacy Oracle EBS,E,MED-001,Medora Cardio 10mg,Prescription,Medora,Pharmacy/B2B,4,36.75,GBP,0.0,147.0,147.0
TXN-GB-4-000940,2026-08-28 17:48:16,2026-08-28 17:52:16,GB,Legacy Oracle EBS,E,PUR-002,PureLife BP Monitor,Medical Device,PureLife,E-commerce,10,76.92,GBP,0.0,769.2,769.2
TXN-GB-4-000941,2026-08-28 23:29:28,2026-08-28 23:32:28,GB,Legacy Oracle EBS,E,PUR-002,PureLife BP Monitor,Medical Device,PureLife,D2C,1,76.92,GBP,0.05,76.92,73.07
TXN-GB-4-000942,2026-08-28 20:52:27,2026-08-28 20:55:27,GB,Legacy Oracle EBS,E,PUR-001,PureLife GlucoMonitor,Medical Device,PureLife,Wholesale,10,72.65,GBP,0.1,726.5,653.85
TXN-GB-4-000943,2026-08-28 17:07:29,2026-08-28 17:09:29,GB,Legacy Oracle EBS,E,VIT-001,Vitalis C1000,Supplement,Vitalis,D2C,3,17.95,GBP,0.0,53.85,53.85
TXN-GB-4-000944,2026-08-28 21:13:06,2026-08-28 21:15:06,GB,Legacy Oracle EBS,E,PUR-002,PureLife BP Monitor,Medical Device,PureLife,Wholesale,11,76.92,GBP,0.1,846.12,761.51
TXN-GB-4-000945,2026-08-28 01:52:53,2026-08-28 01:54:53,GB,Legacy Oracle EBS,E,VIT-002,Vitalis Multivit,Supplement,Vitalis,Pharmacy/B2B,1,14.53,GBP,0.2,14.53,11.62
TXN-GB-4-000946,2026-08-28 07:11:11,2026-08-28 07:16:11,GB,Legacy Oracle EBS,E,PUR-002,PureLife BP Monitor,Medical Device,PureLife,D2C,2,76.92,GBP,0.0,153.84,153.84
TXN-GB-4-000947,2026-08-28 00:57:36,2026-08-28 01:01:36,GB,Legacy Oracle EBS,E,PUR-001,PureLife GlucoMonitor,Medical Device,PureLife,Wholesale,12,72.65,GBP,0.1,871.8,784.62
TXN-GB-4-000948,2026-08-28 03:56:49,2026-08-28 04:02:49,GB,Legacy Oracle EBS,E,SAN-001,SanaPlus PainRelief,OTC,SanaPlus,Pharmacy/B2B,1,8.12,GBP,0.1,8.12,7.31
TXN-GB-4-000949,2026-08-28 20:21:16,2026-08-28 20:26:16,GB,Legacy Oracle EBS,E,DER-001,Dermacare GlowSerum,Aesthetic,Dermacare,Wholesale,3,27.35,GBP,0.0,82.05,82.05
TXN-GB-4-000950,2026-08-28 21:14:41,2026-08-28 21:20:41,GB,Legacy Oracle EBS,E,MED-001,Medora Cardio 10mg,Prescription,Medora,D2C,5,36.75,GBP,0.15,183.75,156.19
TXN-GB-4-000951,2026-08-28 06:43:22,2026-08-28 06:47:22,GB,Legacy Oracle EBS,E,PUR-002,PureLife BP Monitor,Medical Device,PureLife,Wholesale,3,76.92,GBP,0.2,230.76,184.61
TXN-GB-4-000952,2026-08-28 02:20:43,2026-08-28 02:25:43,GB,Legacy Oracle EBS,E,VIT-002,Vitalis Multivit,Supplement,Vitalis,Wholesale,8,14.53,GBP,0.15,116.24,98.8
TXN-GB-4-000953,2026-08-28 08:40:27,2026-08-28 08:46:27,GB,Legacy Oracle EBS,E,DER-002,Dermacare LiftCream,Aesthetic,Dermacare,Pharmacy/B2B,4,31.62,GBP,0.1,126.48,113.83
TXN-GB-4-000954,2026-08-28 13:18:52,2026-08-28 13:23:52,GB,Legacy Oracle EBS,E,VIT-001,Vitalis C1000,Supplement,Vitalis,D2C,8,17.95,GBP,0.05,143.6,136.42
TXN-GB-4-000955,2026-08-28 03:36:54,2026-08-28 03:37:54,GB,Legacy Oracle EBS,E,SAN-002,SanaPlus ColdFlu,OTC,SanaPlus,E-commerce,2,8.97,GBP,0.0,17.94,17.94
TXN-GB-4-000956,2026-08-28 15:17:34,2026-08-28 15:20:34,GB,Legacy Oracle EBS,E,SAN-001,SanaPlus PainRelief,OTC,SanaPlus,Pharmacy/B2B,3,8.12,GBP,0.2,24.36,19.49
TXN-GB-4-000957,2026-08-28 20:39:45,2026-08-28 20:45:45,GB,Legacy Oracle EBS,E,SAN-001,SanaPlus PainRelief,OTC,SanaPlus,D2C,9,8.12,GBP,0.1,73.08,65.77
TXN-GB-4-000958,2026-08-28 16:03:52,2026-08-28 16:05:52,GB,Legacy Oracle EBS,E,PUR-001,PureLife GlucoMonitor,Medical Device,PureLife,Wholesale,2,72.65,GBP,0.0,145.3,145.3
TXN-GB-4-000959,2026-08-28 10:53:33,2026-08-28 10:54:33,GB,Legacy Oracle EBS,E,MED-002,Medora Derm Cream,Prescription,Medora,D2C,1,22.22,GBP,0.0,22.22,22.22
TXN-GB-4-000960,2026-08-28 18:04:24,2026-08-28 18:05:24,GB,Legacy Oracle EBS,E,MED-002,Medora Derm Cream,Prescription,Medora,D2C,9,22.22,GBP,0.0,199.98,199.98
TXN-GB-4-000961,2026-08-28 13:28:36,2026-08-28 13:29:36,GB,Legacy Oracle EBS,E,DER-001,Dermacare GlowSerum,Aesthetic,Dermacare,Pharmacy/B2B,5,27.35,GBP,0.2,136.75,109.4
TXN-GB-4-000962,2026-08-28 10:32:06,2026-08-28 10:33:06,GB,Legacy Oracle EBS,E,MED-001,Medora Cardio 10mg,Prescription,Medora,Pharmacy/B2B,6,36.75,GBP,0.0,220.5,220.5
TXN-GB-4-000963,2026-08-28 20:41:43,2026-08-28 20:42:43,GB,Legacy Oracle EBS,E,MED-002,Medora Derm Cream,Prescription,Medora,Wholesale,2,22.22,GBP,0.0,44.44,44.44
TXN-GB-4-000964,2026-08-28 07:02:41,2026-08-28 07:03:41,GB,Legacy Oracle EBS,E,MED-001,Medora Cardio 10mg,Prescription,Medora,Pharmacy/B2B,3,36.75,GBP,0.1,110.25,99.23
TXN-GB-4-000965,2026-08-28 23:17:25,2026-08-28 23:22:25,GB,Legacy Oracle EBS,E,VIT-001,Vitalis C1000,Supplement,Vitalis,E-commerce,11,17.95,GBP,0.05,197.45,187.58
TXN-GB-4-000966,2026-08-28 07:12:18,2026-08-28 07:17:18,GB,Legacy Oracle EBS,E,PUR-001,PureLife GlucoMonitor,Medical Device,PureLife,Pharmacy/B2B,2,72.65,GBP,0.15,145.3,123.51
TXN-GB-4-000967,2026-08-28 16:57:12,2026-08-28 16:59:12,GB,Legacy Oracle EBS,E,SAN-001,SanaPlus PainRelief,OTC,SanaPlus,E-commerce,9,8.12,GBP,0.0,73.08,73.08
TXN-GB-4-000968,2026-08-28 16:46:55,2026-08-28 16:48:55,GB,Legacy Oracle EBS,E,PUR-001,PureLife GlucoMonitor,Medical Device,PureLife,E-commerce,8,72.65,GBP,0.2,581.2,464.96
TXN-GB-4-000969,2026-08-28 14:02:29,2026-08-28 14:05:29,GB,Legacy Oracle EBS,E,SAN-002,SanaPlus ColdFlu,OTC,SanaPlus,E-commerce,3,8.97,GBP,0.0,26.91,26.91
TXN-GB-4-000970,2026-08-28 06:16:59,2026-08-28 06:21:59,GB,Legacy Oracle EBS,E,SAN-002,SanaPlus ColdFlu,OTC,SanaPlus,E-commerce,12,8.97,GBP,0.2,107.64,86.11
TXN-GB-4-000971,2026-08-28 13:09:55,2026-08-28 13:14:55,GB,Legacy Oracle EBS,E,MED-001,Medora Cardio 10mg,Prescription,Medora,Wholesale,10,36.75,GBP,0.0,367.5,367.5
TXN-GB-4-000972,2026-08-28 15:17:14,2026-08-28 15:20:14,GB,Legacy Oracle EBS,E,VIT-001,Vitalis C1000,Supplement,Vitalis,Wholesale,8,17.95,GBP,0.05,143.6,136.42
TXN-GB-4-000973,2026-08-28 17:38:05,2026-08-28 17:41:05,GB,Legacy Oracle EBS,E,VIT-002,Vitalis Multivit,Supplement,Vitalis,E-commerce,1,14.53,GBP,0.15,14.53,12.35
TXN-GB-4-000974,2026-08-28 21:15:35,2026-08-28 21:17:35,GB,Legacy Oracle EBS,E,VIT-001,Vitalis C1000,Supplement,Vitalis,Wholesale,7,17.95,GBP,0.1,125.65,113.09
TXN-GB-4-000975,2026-08-28 04:11:31,2026-08-28 04:14:31,GB,Legacy Oracle EBS,E,MED-002,Medora Derm Cream,Prescription,Medora,E-commerce,8,22.22,GBP,0.0,177.76,177.76
TXN-GB-4-000976,2026-08-28 19:41:40,2026-08-28 19:42:40,GB,Legacy Oracle EBS,E,SAN-002,SanaPlus ColdFlu,OTC,SanaPlus,E-commerce,8,8.97,GBP,0.05,71.76,68.17
TXN-GB-4-000977,2026-08-28 19:05:07,2026-08-28 19:07:07,GB,Legacy Oracle EBS,E,SAN-001,SanaPlus PainRelief,OTC,SanaPlus,D2C,10,8.12,GBP,0.1,81.2,73.08
TXN-GB-4-000978,2026-08-28 02:06:18,2026-08-28 02:12:18,GB,Legacy Oracle EBS,E,PUR-001,PureLife GlucoMonitor,Medical Device,PureLife,D2C,11,72.65,GBP,0.0,799.15,799.15
TXN-GB-4-000979,2026-08-28 05:04:23,2026-08-28 05:07:23,GB,Legacy Oracle EBS,E,VIT-001,Vitalis C1000,Supplement,Vitalis,Pharmacy/B2B,3,17.95,GBP,0.05,53.85,51.16
TXN-GB-4-000980,2026-08-28 21:22:16,2026-08-28 21:25:16,GB,Legacy Oracle EBS,E,DER-002,Dermacare LiftCream,Aesthetic,Dermacare,D2C,6,31.62,GBP,0.0,189.72,189.72
TXN-GB-4-000981,2026-08-28 02:07:36,2026-08-28 02:13:36,GB,Legacy Oracle EBS,E,DER-001,Dermacare GlowSerum,Aesthetic,Dermacare,Wholesale,1,27.35,GBP,0.1,27.35,24.62
TXN-GB-4-000982,2026-08-28 19:07:05,2026-08-28 19:10:05,GB,Legacy Oracle EBS,E,SAN-002,SanaPlus ColdFlu,OTC,SanaPlus,Pharmacy/B2B,2,8.97,GBP,0.15,17.94,15.25
TXN-GB-4-000983,2026-08-28 05:14:16,2026-08-28 05:19:16,GB,Legacy Oracle EBS,E,PUR-002,PureLife BP Monitor,Medical Device,PureLife,E-commerce,2,76.92,GBP,0.2,153.84,123.07
TXN-GB-4-000984,2026-08-28 08:29:45,2026-08-28 08:34:45,GB,Legacy Oracle EBS,E,SAN-002,SanaPlus ColdFlu,OTC,SanaPlus,E-commerce,5,8.97,GBP,0.2,44.85,35.88
TXN-GB-4-000985,2026-08-28 19:34:17,2026-08-28 19:37:17,GB,Legacy Oracle EBS,E,SAN-002,SanaPlus ColdFlu,OTC,SanaPlus,E-commerce,6,8.97,GBP,0.0,53.82,53.82
TXN-GB-4-000986,2026-08-28 14:21:49,2026-08-28 14:26:49,GB,Legacy Oracle EBS,E,PUR-001,PureLife GlucoMonitor,Medical Device,PureLife,Wholesale,3,72.65,GBP,0.2,217.95,174.36
TXN-GB-4-000987,2026-08-28 06:03:53,2026-08-28 06:07:53,GB,Legacy Oracle EBS,E,PUR-001,PureLife GlucoMonitor,Medical Device,PureLife,Wholesale,3,72.65,GBP,0.05,217.95,207.05
TXN-GB-4-000988,2026-08-28 02:45:18,2026-08-28 02:50:18,GB,Legacy Oracle EBS,E,DER-001,Dermacare GlowSerum,Aesthetic,Dermacare,Wholesale,6,27.35,GBP,0.0,164.1,164.1
TXN-GB-4-000989,2026-08-28 03:45:29,2026-08-28 03:46:29,GB,Legacy Oracle EBS,E,VIT-002,Vitalis Multivit,Supplement,Vitalis,Pharmacy/B2B,6,14.53,GBP,0.0,87.18,87.18
TXN-GB-4-000990,2026-08-28 03:32:30,2026-08-28 03:36:30,GB,Legacy Oracle EBS,E,DER-002,Dermacare LiftCream,Aesthetic,Dermacare,D2C,1,31.62,GBP,0.0,31.62,31.62
TXN-GB-4-000991,2026-08-28 23:04:50,2026-08-28 23:07:50,GB,Legacy Oracle EBS,E,DER-002,Dermacare LiftCream,Aesthetic,Dermacare,E-commerce,3,31.62,GBP,0.1,94.86,85.37
TXN-GB-4-000992,2026-08-28 13:13:58,2026-08-28 13:14:58,GB,Legacy Oracle EBS,E,VIT-002,Vitalis Multivit,Supplement,Vitalis,Wholesale,6,14.53,GBP,0.05,87.18,82.82
TXN-GB-4-000993,2026-08-28 13:12:32,2026-08-28 13:14:32,GB,Legacy Oracle EBS,E,MED-002,Medora Derm Cream,Prescription,Medora,Pharmacy/B2B,9,22.22,GBP,0.0,199.98,199.98
TXN-GB-4-000994,2026-08-28 22:44:29,2026-08-28 22:50:29,GB,Legacy Oracle EBS,E,VIT-002,Vitalis Multivit,Supplement,Vitalis,Wholesale,4,14.53,GBP,0.0,58.12,58.12
TXN-GB-4-000995,2026-08-28 19:25:25,2026-08-28 19:26:25,GB,Legacy Oracle EBS,E,DER-001,Dermacare GlowSerum,Aesthetic,Dermacare,E-commerce,1,27.35,GBP,0.0,27.35,27.35
TXN-GB-4-000996,2026-08-28 19:33:25,2026-08-28 19:34:25,GB,Legacy Oracle EBS,E,PUR-002,PureLife BP Monitor,Medical Device,PureLife,Wholesale,5,76.92,GBP,0.2,384.6,307.68
TXN-GB-4-000997,2026-08-28 23:35:35,2026-08-28 23:37:35,GB,Legacy Oracle EBS,E,SAN-001,SanaPlus PainRelief,OTC,SanaPlus,D2C,4,8.12,GBP,0.05,32.48,30.86
TXN-GB-4-000998,2026-08-28 13:38:11,2026-08-28 13:43:11,GB,Legacy Oracle EBS,E,VIT-001,Vitalis C1000,Supplement,Vitalis,E-commerce,10,17.95,GBP,0.15,179.5,152.57
TXN-GB-4-000999,2026-08-28 10:19:23,2026-08-28 10:20:23,GB,Legacy Oracle EBS,E,DER-001,Dermacare GlowSerum,Aesthetic,Dermacare,Pharmacy/B2B,12,27.35,GBP,0.0,328.2,328.2
TXN-GB-4-001000,2026-08-28 19:43:07,2026-08-28 19:45:07,GB,Legacy Oracle EBS,E,PUR-001,PureLife GlucoMonitor,Medical Device,PureLife,Wholesale,11,72.65,GBP,0.2,799.15,639.32
TXN-GB-4-001001,2026-08-28 00:35:39,2026-08-28 00:36:39,GB,Legacy Oracle EBS,E,PUR-001,PureLife GlucoMonitor,Medical Device,PureLife,Wholesale,12,72.65,GBP,0.0,871.8,871.8
TXN-GB-4-001002,2026-08-28 21:32:12,2026-08-28 21:36:12,GB,Legacy Oracle EBS,E,SAN-002,SanaPlus ColdFlu,OTC,SanaPlus,Wholesale,8,8.97,GBP,0.0,71.76,71.76
TXN-GB-4-001003,2026-08-28 22:00:52,2026-08-28 22:06:52,GB,Legacy Oracle EBS,E,DER-001,Dermacare GlowSerum,Aesthetic,Dermacare,Wholesale,9,27.35,GBP,0.1,246.15,221.53
TXN-GB-4-001004,2026-08-28 09:12:55,2026-08-28 09:18:55,GB,Legacy Oracle EBS,E,PUR-002,PureLife BP Monitor,Medical Device,PureLife,Pharmacy/B2B,5,76.92,GBP,0.1,384.6,346.14
TXN-GB-4-001005,2026-08-28 10:15:04,2026-08-28 10:16:04,GB,Legacy Oracle EBS,E,DER-001,Dermacare GlowSerum,Aesthetic,Dermacare,D2C,10,27.35,GBP,0.2,273.5,218.8
TXN-GB-4-001006,2026-08-28 02:55:58,2026-08-28 02:57:58,GB,Legacy Oracle EBS,E,PUR-001,PureLife GlucoMonitor,Medical Device,PureLife,Pharmacy/B2B,12,72.65,GBP,0.0,871.8,871.8
TXN-GB-4-001007,2026-08-28 07:02:45,2026-08-28 07:07:45,GB,Legacy Oracle EBS,E,DER-002,Dermacare LiftCream,Aesthetic,Dermacare,Pharmacy/B2B,8,31.62,GBP,0.1,252.96,227.66
TXN-GB-4-001008,2026-08-28 05:51:37,2026-08-28 05:52:37,GB,Legacy Oracle EBS,E,VIT-002,Vitalis Multivit,Supplement,Vitalis,Pharmacy/B2B,5,14.53,GBP,0.0,72.65,72.65
TXN-GB-4-001009,2026-08-28 18:03:39,2026-08-28 18:05:39,GB,Legacy Oracle EBS,E,MED-002,Medora Derm Cream,Prescription,Medora,D2C,10,22.22,GBP,0.0,222.2,222.2
TXN-GB-4-001010,2026-08-28 06:21:20,2026-08-28 06:24:20,GB,Legacy Oracle EBS,E,DER-002,Dermacare LiftCream,Aesthetic,Dermacare,E-commerce,11,31.62,GBP,0.05,347.82,330.43
TXN-GB-4-001011,2026-08-28 13:18:55,2026-08-28 13:21:55,GB,Legacy Oracle EBS,E,DER-001,Dermacare GlowSerum,Aesthetic,Dermacare,D2C,12,27.35,GBP,0.05,328.2,311.79
TXN-GB-4-001012,2026-08-28 17:50:27,2026-08-28 17:55:27,GB,Legacy Oracle EBS,E,MED-001,Medora Cardio 10mg,Prescription,Medora,D2C,6,36.75,GBP,0.0,220.5,220.5
TXN-GB-4-001013,2026-08-28 19:50:46,2026-08-28 19:55:46,GB,Legacy Oracle EBS,E,SAN-002,SanaPlus ColdFlu,OTC,SanaPlus,Pharmacy/B2B,7,8.97,GBP,0.0,62.79,62.79
TXN-GB-4-001014,2026-08-28 01:56:48,2026-08-28 01:57:48,GB,Legacy Oracle EBS,E,MED-002,Medora Derm Cream,Prescription,Medora,E-commerce,7,22.22,GBP,0.0,155.54,155.54
TXN-GB-4-001015,2026-08-28 13:01:08,2026-08-28 13:05:08,GB,Legacy Oracle EBS,E,PUR-001,PureLife GlucoMonitor,Medical Device,PureLife,E-commerce,8,72.65,GBP,0.2,581.2,464.96
TXN-GB-4-001016,2026-08-28 13:19:22,2026-08-28 13:25:22,GB,Legacy Oracle EBS,E,VIT-002,Vitalis Multivit,Supplement,Vitalis,Pharmacy/B2B,12,14.53,GBP,0.0,174.36,174.36
TXN-GB-4-001017,2026-08-28 16:26:05,2026-08-28 16:27:05,GB,Legacy Oracle EBS,E,SAN-002,SanaPlus ColdFlu,OTC,SanaPlus,Pharmacy/B2B,11,8.97,GBP,0.0,98.67,98.67
TXN-GB-4-001018,2026-08-28 12:59:30,2026-08-28 13:01:30,GB,Legacy Oracle EBS,E,MED-001,Medora Cardio 10mg,Prescription,Medora,Wholesale,6,36.75,GBP,0.15,220.5,187.42
TXN-GB-4-001019,2026-08-28 04:10:12,2026-08-28 04:11:12,GB,Legacy Oracle EBS,E,VIT-001,Vitalis C1000,Supplement,Vitalis,Wholesale,3,17.95,GBP,0.05,53.85,51.16
TXN-GB-4-001020,2026-08-28 14:25:12,2026-08-28 14:26:12,GB,Legacy Oracle EBS,E,PUR-002,PureLife BP Monitor,Medical Device,PureLife,E-commerce,3,76.92,GBP,0.0,230.76,230.76
TXN-GB-4-001021,2026-08-28 20:23:33,2026-08-28 20:25:33,GB,Legacy Oracle EBS,E,MED-002,Medora Derm Cream,Prescription,Medora,Pharmacy/B2B,9,22.22,GBP,0.05,199.98,189.98
TXN-GB-4-001022,2026-08-28 05:28:08,2026-08-28 05:29:08,GB,Legacy Oracle EBS,E,MED-002,Medora Derm Cream,Prescription,Medora,Pharmacy/B2B,9,22.22,GBP,0.0,199.98,199.98
TXN-GB-4-001023,2026-08-28 02:19:31,2026-08-28 02:22:31,GB,Legacy Oracle EBS,E,SAN-001,SanaPlus PainRelief,OTC,SanaPlus,Pharmacy/B2B,3,8.12,GBP,0.0,24.36,24.36
TXN-GB-4-001024,2026-08-28 15:08:19,2026-08-28 15:11:19,GB,Legacy Oracle EBS,E,VIT-002,Vitalis Multivit,Supplement,Vitalis,E-commerce,9,14.53,GBP,0.1,130.77,117.69
TXN-GB-4-001025,2026-08-28 09:47:48,2026-08-28 09:51:48,GB,Legacy Oracle EBS,E,PUR-002,PureLife BP Monitor,Medical Device,PureLife,E-commerce,5,76.92,GBP,0.0,384.6,384.6
TXN-GB-4-001026,2026-08-28 00:03:06,2026-08-28 00:09:06,GB,Legacy Oracle EBS,E,PUR-001,PureLife GlucoMonitor,Medical Device,PureLife,D2C,3,72.65,GBP,0.0,217.95,217.95
TXN-GB-4-001027,2026-08-28 11:50:58,2026-08-28 11:53:58,GB,Legacy Oracle EBS,E,DER-002,Dermacare LiftCream,Aesthetic,Dermacare,D2C,4,31.62,GBP,0.15,126.48,107.51
TXN-GB-4-001028,2026-08-28 17:45:09,2026-08-28 17:50:09,GB,Legacy Oracle EBS,E,DER-001,Dermacare GlowSerum,Aesthetic,Dermacare,D2C,4,27.35,GBP,0.1,109.4,98.46
TXN-GB-4-001029,2026-08-28 02:36:21,2026-08-28 02:39:21,GB,Legacy Oracle EBS,E,SAN-001,SanaPlus PainRelief,OTC,SanaPlus,D2C,2,8.12,GBP,0.0,16.24,16.24
TXN-GB-4-001030,2026-08-28 16:09:17,2026-08-28 16:12:17,GB,Legacy Oracle EBS,E,VIT-001,Vitalis C1000,Supplement,Vitalis,D2C,11,17.95,GBP,0.05,197.45,187.58
TXN-GB-4-001031,2026-08-28 02:57:17,2026-08-28 03:00:17,GB,Legacy Oracle EBS,E,DER-002,Dermacare LiftCream,Aesthetic,Dermacare,Wholesale,2,31.62,GBP,0.15,63.24,53.75
TXN-GB-4-001032,2026-08-28 21:02:03,2026-08-28 21:03:03,GB,Legacy Oracle EBS,E,SAN-001,SanaPlus PainRelief,OTC,SanaPlus,Wholesale,6,8.12,GBP,0.15,48.72,41.41
TXN-GB-4-001033,2026-08-28 22:52:33,2026-08-28 22:53:33,GB,Legacy Oracle EBS,E,VIT-001,Vitalis C1000,Supplement,Vitalis,Pharmacy/B2B,4,17.95,GBP,0.1,71.8,64.62
TXN-GB-4-001034,2026-08-28 17:14:52,2026-08-28 17:20:52,GB,Legacy Oracle EBS,E,VIT-001,Vitalis C1000,Supplement,Vitalis,D2C,3,17.95,GBP,0.1,53.85,48.47
TXN-GB-4-001035,2026-08-28 14:32:27,2026-08-28 14:35:27,GB,Legacy Oracle EBS,E,VIT-002,Vitalis Multivit,Supplement,Vitalis,D2C,12,14.53,GBP,0.0,174.36,174.36
TXN-GB-4-001036,2026-08-28 02:44:16,2026-08-28 02:49:16,GB,Legacy Oracle EBS,E,PUR-001,PureLife GlucoMonitor,Medical Device,PureLife,Wholesale,2,72.65,GBP,0.15,145.3,123.51
TXN-GB-4-001037,2026-08-28 23:32:40,2026-08-28 23:38:40,GB,Legacy Oracle EBS,E,DER-001,Dermacare GlowSerum,Aesthetic,Dermacare,Pharmacy/B2B,7,27.35,GBP,0.15,191.45,162.73
TXN-GB-4-001038,2026-08-28 15:52:52,2026-08-28 15:54:52,GB,Legacy Oracle EBS,E,PUR-001,PureLife GlucoMonitor,Medical Device,PureLife,E-commerce,6,72.65,GBP,0.0,435.9,435.9
TXN-GB-4-001039,2026-08-28 01:18:47,2026-08-28 01:22:47,GB,Legacy Oracle EBS,E,DER-002,Dermacare LiftCream,Aesthetic,Dermacare,Pharmacy/B2B,4,31.62,GBP,0.2,126.48,101.18
TXN-GB-4-001040,2026-08-28 22:36:26,2026-08-28 22:40:26,GB,Legacy Oracle EBS,E,SAN-002,SanaPlus ColdFlu,OTC,SanaPlus,D2C,5,8.97,GBP,0.1,44.85,40.37
TXN-GB-4-001041,2026-08-28 19:39:13,2026-08-28 19:43:13,GB,Legacy Oracle EBS,E,SAN-001,SanaPlus PainRelief,OTC,SanaPlus,D2C,9,8.12,GBP,0.0,73.08,73.08
TXN-GB-4-001042,2026-08-28 14:51:18,2026-08-28 14:54:18,GB,Legacy Oracle EBS,E,SAN-001,SanaPlus PainRelief,OTC,SanaPlus,E-commerce,3,8.12,GBP,0.15,24.36,20.71
TXN-GB-4-001043,2026-08-28 23:04:38,2026-08-28 23:09:38,GB,Legacy Oracle EBS,E,MED-002,Medora Derm Cream,Prescription,Medora,Wholesale,9,22.22,GBP,0.0,199.98,199.98
TXN-GB-4-001044,2026-08-28 02:14:33,2026-08-28 02:16:33,GB,Legacy Oracle EBS,E,DER-002,Dermacare LiftCream,Aesthetic,Dermacare,E-commerce,11,31.62,GBP,0.1,347.82,313.04
TXN-GB-4-001045,2026-08-28 15:17:32,2026-08-28 15:19:32,GB,Legacy Oracle EBS,E,PUR-001,PureLife GlucoMonitor,Medical Device,PureLife,Pharmacy/B2B,12,72.65,GBP,0.0,871.8,871.8
TXN-GB-4-001046,2026-08-28 20:54:28,2026-08-28 20:55:28,GB,Legacy Oracle EBS,E,MED-002,Medora Derm Cream,Prescription,Medora,E-commerce,6,22.22,GBP,0.0,133.32,133.32
TXN-GB-4-001047,2026-08-28 03:09:35,2026-08-28 03:15:35,GB,Legacy Oracle EBS,E,DER-002,Dermacare LiftCream,Aesthetic,Dermacare,D2C,9,31.62,GBP,0.05,284.58,270.35
TXN-GB-4-001048,2026-08-28 22:52:40,2026-08-28 22:55:40,GB,Legacy Oracle EBS,E,PUR-002,PureLife BP Monitor,Medical Device,PureLife,E-commerce,6,76.92,GBP,0.05,461.52,438.44
TXN-GB-4-001049,2026-08-28 23:13:42,2026-08-28 23:16:42,GB,Legacy Oracle EBS,E,DER-001,Dermacare GlowSerum,Aesthetic,Dermacare,Pharmacy/B2B,6,27.35,GBP,0.1,164.1,147.69
TXN-GB-4-001050,2026-08-28 05:57:11,2026-08-28 05:58:11,GB,Legacy Oracle EBS,E,VIT-001,Vitalis C1000,Supplement,Vitalis,Pharmacy/B2B,10,17.95,GBP,0.1,179.5,161.55
TXN-GB-4-001051,2026-08-28 11:54:25,2026-08-28 11:55:25,GB,Legacy Oracle EBS,E,VIT-001,Vitalis C1000,Supplement,Vitalis,Wholesale,12,17.95,GBP,0.1,215.4,193.86
TXN-GB-4-001052,2026-08-28 05:02:43,2026-08-28 05:04:43,GB,Legacy Oracle EBS,E,DER-002,Dermacare LiftCream,Aesthetic,Dermacare,D2C,1,31.62,GBP,0.0,31.62,31.62
TXN-GB-4-001053,2026-08-28 18:36:08,2026-08-28 18:39:08,GB,Legacy Oracle EBS,E,SAN-001,SanaPlus PainRelief,OTC,SanaPlus,Pharmacy/B2B,2,8.12,GBP,0.0,16.24,16.24
TXN-GB-4-001054,2026-08-28 08:57:39,2026-08-28 08:58:39,GB,Legacy Oracle EBS,E,VIT-002,Vitalis Multivit,Supplement,Vitalis,D2C,5,14.53,GBP,0.0,72.65,72.65
TXN-GB-4-001055,2026-08-28 17:00:19,2026-08-28 17:04:19,GB,Legacy Oracle EBS,E,SAN-001,SanaPlus PainRelief,OTC,SanaPlus,D2C,1,8.12,GBP,0.05,8.12,7.71
TXN-GB-4-001056,2026-08-28 03:57:23,2026-08-28 04:00:23,GB,Legacy Oracle EBS,E,MED-002,Medora Derm Cream,Prescription,Medora,D2C,10,22.22,GBP,0.0,222.2,222.2
TXN-GB-4-001057,2026-08-28 05:34:58,2026-08-28 05:37:58,GB,Legacy Oracle EBS,E,PUR-001,PureLife GlucoMonitor,Medical Device,PureLife,Wholesale,3,72.65,GBP,0.05,217.95,207.05
TXN-GB-4-001058,2026-08-28 15:11:34,2026-08-28 15:17:34,GB,Legacy Oracle EBS,E,SAN-002,SanaPlus ColdFlu,OTC,SanaPlus,D2C,7,8.97,GBP,0.1,62.79,56.51
TXN-GB-4-001059,2026-08-28 09:28:00,2026-08-28 09:33:00,GB,Legacy Oracle EBS,E,MED-001,Medora Cardio 10mg,Prescription,Medora,D2C,3,36.75,GBP,0.0,110.25,110.25
TXN-GB-4-001060,2026-08-28 22:17:31,2026-08-28 22:19:31,GB,Legacy Oracle EBS,E,PUR-002,PureLife BP Monitor,Medical Device,PureLife,D2C,3,76.92,GBP,0.0,230.76,230.76
TXN-GB-4-001061,2026-08-28 01:28:09,2026-08-28 01:30:09,GB,Legacy Oracle EBS,E,PUR-001,PureLife GlucoMonitor,Medical Device,PureLife,Pharmacy/B2B,8,72.65,GBP,0.2,581.2,464.96
TXN-GB-4-001062,2026-08-28 18:45:06,2026-08-28 18:46:06,GB,Legacy Oracle EBS,E,SAN-002,SanaPlus ColdFlu,OTC,SanaPlus,Pharmacy/B2B,2,8.97,GBP,0.0,17.94,17.94
TXN-GB-4-001063,2026-08-28 19:47:00,2026-08-28 19:49:00,GB,Legacy Oracle EBS,E,DER-002,Dermacare LiftCream,Aesthetic,Dermacare,D2C,5,31.62,GBP,0.1,158.1,142.29
TXN-GB-4-001064,2026-08-28 22:28:07,2026-08-28 22:30:07,GB,Legacy Oracle EBS,E,DER-001,Dermacare GlowSerum,Aesthetic,Dermacare,D2C,12,27.35,GBP,0.0,328.2,328.2
TXN-GB-4-001065,2026-08-28 05:19:02,2026-08-28 05:25:02,GB,Legacy Oracle EBS,E,VIT-001,Vitalis C1000,Supplement,Vitalis,D2C,12,17.95,GBP,0.05,215.4,204.63
TXN-GB-4-001066,2026-08-28 23:59:22,2026-08-29 00:00:22,GB,Legacy Oracle EBS,E,SAN-001,SanaPlus PainRelief,OTC,SanaPlus,E-commerce,6,8.12,GBP,0.0,48.72,48.72
TXN-GB-4-001067,2026-08-28 00:43:13,2026-08-28 00:47:13,GB,Legacy Oracle EBS,E,MED-002,Medora Derm Cream,Prescription,Medora,Pharmacy/B2B,11,22.22,GBP,0.0,244.42,244.42
TXN-GB-4-001068,2026-08-28 04:16:53,2026-08-28 04:22:53,GB,Legacy Oracle EBS,E,VIT-001,Vitalis C1000,Supplement,Vitalis,D2C,1,17.95,GBP,0.1,17.95,16.16
TXN-GB-4-001069,2026-08-28 11:28:17,2026-08-28 11:32:17,GB,Legacy Oracle EBS,E,MED-001,Medora Cardio 10mg,Prescription,Medora,E-commerce,9,36.75,GBP,0.15,330.75,281.14
TXN-GB-4-001070,2026-08-28 07:33:55,2026-08-28 07:38:55,GB,Legacy Oracle EBS,E,SAN-001,SanaPlus PainRelief,OTC,SanaPlus,Wholesale,6,8.12,GBP,0.1,48.72,43.85
TXN-GB-4-001071,2026-08-28 11:05:15,2026-08-28 11:07:15,GB,Legacy Oracle EBS,E,MED-002,Medora Derm Cream,Prescription,Medora,Pharmacy/B2B,1,22.22,GBP,0.0,22.22,22.22
TXN-GB-4-001072,2026-08-28 00:38:15,2026-08-28 00:40:15,GB,Legacy Oracle EBS,E,SAN-002,SanaPlus ColdFlu,OTC,SanaPlus,D2C,1,8.97,GBP,0.0,8.97,8.97
TXN-GB-4-001073,2026-08-28 05:53:55,2026-08-28 05:58:55,GB,Legacy Oracle EBS,E,DER-001,Dermacare GlowSerum,Aesthetic,Dermacare,D2C,12,27.35,GBP,0.0,328.2,328.2
TXN-GB-4-001074,2026-08-28 16:33:48,2026-08-28 16:34:48,GB,Legacy Oracle EBS,E,SAN-002,SanaPlus ColdFlu,OTC,SanaPlus,Pharmacy/B2B,4,8.97,GBP,0.15,35.88,30.5
TXN-GB-4-001075,2026-08-28 11:27:12,2026-08-28 11:32:12,GB,Legacy Oracle EBS,E,DER-002,Dermacare LiftCream,Aesthetic,Dermacare,Pharmacy/B2B,8,31.62,GBP,0.15,252.96,215.02
TXN-GB-4-001076,2026-08-28 06:18:01,2026-08-28 06:23:01,GB,Legacy Oracle EBS,E,MED-001,Medora Cardio 10mg,Prescription,Medora,Pharmacy/B2B,9,36.75,GBP,0.15,330.75,281.14
TXN-GB-4-001077,2026-08-28 16:21:36,2026-08-28 16:26:36,GB,Legacy Oracle EBS,E,PUR-001,PureLife GlucoMonitor,Medical Device,PureLife,D2C,9,72.65,GBP,0.2,653.85,523.08
TXN-GB-4-001078,2026-08-28 22:53:48,2026-08-28 22:55:48,GB,Legacy Oracle EBS,E,SAN-002,SanaPlus ColdFlu,OTC,SanaPlus,Pharmacy/B2B,6,8.97,GBP,0.0,53.82,53.82
TXN-GB-4-001079,2026-08-28 21:39:46,2026-08-28 21:40:46,GB,Legacy Oracle EBS,E,SAN-002,SanaPlus ColdFlu,OTC,SanaPlus,Pharmacy/B2B,5,8.97,GBP,0.1,44.85,40.37
TXN-GB-4-001080,2026-08-28 11:31:27,2026-08-28 11:36:27,GB,Legacy Oracle EBS,E,MED-002,Medora Derm Cream,Prescription,Medora,E-commerce,1,22.22,GBP,0.1,22.22,20.0
TXN-GB-4-001081,2026-08-28 23:45:27,2026-08-28 23:49:27,GB,Legacy Oracle EBS,E,VIT-001,Vitalis C1000,Supplement,Vitalis,E-commerce,4,17.95,GBP,0.0,71.8,71.8
TXN-GB-4-001082,2026-08-28 22:33:12,2026-08-28 22:37:12,GB,Legacy Oracle EBS,E,SAN-001,SanaPlus PainRelief,OTC,SanaPlus,Pharmacy/B2B,4,8.12,GBP,0.0,32.48,32.48
TXN-GB-4-001083,2026-08-28 17:59:32,2026-08-28 18:01:32,GB,Legacy Oracle EBS,E,PUR-002,PureLife BP Monitor,Medical Device,PureLife,D2C,10,76.92,GBP,0.05,769.2,730.74
TXN-GB-4-001084,2026-08-28 05:41:18,2026-08-28 05:47:18,GB,Legacy Oracle EBS,E,DER-001,Dermacare GlowSerum,Aesthetic,Dermacare,Pharmacy/B2B,12,27.35,GBP,0.0,328.2,328.2
TXN-GB-4-001085,2026-08-28 02:29:40,2026-08-28 02:30:40,GB,Legacy Oracle EBS,E,SAN-002,SanaPlus ColdFlu,OTC,SanaPlus,Wholesale,8,8.97,GBP,0.0,71.76,71.76
TXN-GB-4-001086,2026-08-28 06:16:22,2026-08-28 06:20:22,GB,Legacy Oracle EBS,E,DER-001,Dermacare GlowSerum,Aesthetic,Dermacare,D2C,3,27.35,GBP,0.2,82.05,65.64
TXN-GB-4-001087,2026-08-28 23:43:13,2026-08-28 23:46:13,GB,Legacy Oracle EBS,E,DER-001,Dermacare GlowSerum,Aesthetic,Dermacare,Wholesale,3,27.35,GBP,0.2,82.05,65.64
TXN-GB-4-001088,2026-08-28 10:42:41,2026-08-28 10:48:41,GB,Legacy Oracle EBS,E,VIT-001,Vitalis C1000,Supplement,Vitalis,Pharmacy/B2B,7,17.95,GBP,0.0,125.65,125.65
TXN-GB-4-001089,2026-08-28 15:46:47,2026-08-28 15:48:47,GB,Legacy Oracle EBS,E,PUR-001,PureLife GlucoMonitor,Medical Device,PureLife,Pharmacy/B2B,10,72.65,GBP,0.05,726.5,690.17
TXN-GB-4-001090,2026-08-28 20:14:01,2026-08-28 20:19:01,GB,Legacy Oracle EBS,E,DER-002,Dermacare LiftCream,Aesthetic,Dermacare,Wholesale,4,31.62,GBP,0.1,126.48,113.83
TXN-GB-4-001091,2026-08-28 03:05:42,2026-08-28 03:10:42,GB,Legacy Oracle EBS,E,SAN-001,SanaPlus PainRelief,OTC,SanaPlus,Wholesale,1,8.12,GBP,0.05,8.12,7.71
TXN-GB-4-001092,2026-08-28 11:36:14,2026-08-28 11:37:14,GB,Legacy Oracle EBS,E,VIT-001,Vitalis C1000,Supplement,Vitalis,D2C,5,17.95,GBP,0.05,89.75,85.26
TXN-GB-4-001093,2026-08-28 12:01:06,2026-08-28 12:04:06,GB,Legacy Oracle EBS,E,PUR-002,PureLife BP Monitor,Medical Device,PureLife,D2C,3,76.92,GBP,0.0,230.76,230.76
TXN-GB-4-001094,2026-08-28 00:29:24,2026-08-28 00:34:24,GB,Legacy Oracle EBS,E,SAN-002,SanaPlus ColdFlu,OTC,SanaPlus,Pharmacy/B2B,3,8.97,GBP,0.2,26.91,21.53
TXN-GB-4-001095,2026-08-28 01:36:06,2026-08-28 01:41:06,GB,Legacy Oracle EBS,E,VIT-002,Vitalis Multivit,Supplement,Vitalis,D2C,2,14.53,GBP,0.0,29.06,29.06
TXN-GB-4-001096,2026-08-28 22:22:09,2026-08-28 22:24:09,GB,Legacy Oracle EBS,E,DER-002,Dermacare LiftCream,Aesthetic,Dermacare,D2C,6,31.62,GBP,0.0,189.72,189.72
TXN-GB-4-001097,2026-08-28 10:13:35,2026-08-28 10:14:35,GB,Legacy Oracle EBS,E,DER-001,Dermacare GlowSerum,Aesthetic,Dermacare,Wholesale,4,27.35,GBP,0.2,109.4,87.52
TXN-GB-4-001098,2026-08-28 23:38:23,2026-08-28 23:44:23,GB,Legacy Oracle EBS,E,MED-002,Medora Derm Cream,Prescription,Medora,E-commerce,3,22.22,GBP,0.1,66.66,59.99
TXN-GB-4-001099,2026-08-28 03:23:47,2026-08-28 03:24:47,GB,Legacy Oracle EBS,E,VIT-002,Vitalis Multivit,Supplement,Vitalis,D2C,10,14.53,GBP,0.0,145.3,145.3
TXN-GB-4-001100,2026-08-28 16:36:22,2026-08-28 16:42:22,GB,Legacy Oracle EBS,E,MED-001,Medora Cardio 10mg,Prescription,Medora,Pharmacy/B2B,9,36.75,GBP,0.2,330.75,264.6
TXN-GB-4-001101,2026-08-28 14:50:44,2026-08-28 14:56:44,GB,Legacy Oracle EBS,E,MED-001,Medora Cardio 10mg,Prescription,Medora,E-commerce,2,36.75,GBP,0.1,73.5,66.15
TXN-GB-4-001102,2026-08-28 08:52:26,2026-08-28 08:57:26,GB,Legacy Oracle EBS,E,DER-001,Dermacare GlowSerum,Aesthetic,Dermacare,Pharmacy/B2B,3,27.35,GBP,0.0,82.05,82.05
TXN-GB-4-001103,2026-08-28 21:46:21,2026-08-28 21:51:21,GB,Legacy Oracle EBS,E,PUR-001,PureLife GlucoMonitor,Medical Device,PureLife,E-commerce,12,72.65,GBP,0.0,871.8,871.8
TXN-GB-4-001104,2026-08-28 15:22:59,2026-08-28 15:24:59,GB,Legacy Oracle EBS,E,VIT-001,Vitalis C1000,Supplement,Vitalis,Wholesale,3,17.95,GBP,0.05,53.85,51.16
TXN-GB-4-001105,2026-08-28 19:01:12,2026-08-28 19:02:12,GB,Legacy Oracle EBS,E,SAN-002,SanaPlus ColdFlu,OTC,SanaPlus,D2C,7,8.97,GBP,0.05,62.79,59.65
TXN-GB-4-001106,2026-08-28 01:23:59,2026-08-28 01:25:59,GB,Legacy Oracle EBS,E,SAN-001,SanaPlus PainRelief,OTC,SanaPlus,E-commerce,11,8.12,GBP,0.0,89.32,89.32
TXN-GB-4-001107,2026-08-28 10:08:27,2026-08-28 10:12:27,GB,Legacy Oracle EBS,E,MED-002,Medora Derm Cream,Prescription,Medora,D2C,1,22.22,GBP,0.0,22.22,22.22
TXN-GB-4-001108,2026-08-28 20:46:19,2026-08-28 20:51:19,GB,Legacy Oracle EBS,E,DER-001,Dermacare GlowSerum,Aesthetic,Dermacare,E-commerce,1,27.35,GBP,0.2,27.35,21.88
TXN-GB-4-001109,2026-08-28 04:45:28,2026-08-28 04:50:28,GB,Legacy Oracle EBS,E,PUR-001,PureLife GlucoMonitor,Medical Device,PureLife,Pharmacy/B2B,6,72.65,GBP,0.1,435.9,392.31
TXN-GB-4-001110,2026-08-28 07:33:34,2026-08-28 07:36:34,GB,Legacy Oracle EBS,E,DER-001,Dermacare GlowSerum,Aesthetic,Dermacare,D2C,8,27.35,GBP,0.05,218.8,207.86
TXN-GB-4-001111,2026-08-28 18:50:47,2026-08-28 18:52:47,GB,Legacy Oracle EBS,E,MED-001,Medora Cardio 10mg,Prescription,Medora,D2C,11,36.75,GBP,0.2,404.25,323.4
TXN-GB-4-001112,2026-08-28 23:38:52,2026-08-28 23:44:52,GB,Legacy Oracle EBS,E,DER-002,Dermacare LiftCream,Aesthetic,Dermacare,Wholesale,8,31.62,GBP,0.0,252.96,252.96
TXN-GB-4-001113,2026-08-28 04:20:45,2026-08-28 04:23:45,GB,Legacy Oracle EBS,E,MED-001,Medora Cardio 10mg,Prescription,Medora,D2C,12,36.75,GBP,0.1,441.0,396.9
TXN-GB-4-001114,2026-08-28 13:04:22,2026-08-28 13:07:22,GB,Legacy Oracle EBS,E,VIT-001,Vitalis C1000,Supplement,Vitalis,E-commerce,11,17.95,GBP,0.0,197.45,197.45
TXN-GB-4-001115,2026-08-28 15:46:38,2026-08-28 15:47:38,GB,Legacy Oracle EBS,E,SAN-002,SanaPlus ColdFlu,OTC,SanaPlus,Pharmacy/B2B,12,8.97,GBP,0.0,107.64,107.64
TXN-GB-4-001116,2026-08-28 01:46:38,2026-08-28 01:51:38,GB,Legacy Oracle EBS,E,DER-002,Dermacare LiftCream,Aesthetic,Dermacare,E-commerce,9,31.62,GBP,0.15,284.58,241.89
TXN-GB-4-001117,2026-08-28 08:03:38,2026-08-28 08:08:38,GB,Legacy Oracle EBS,E,VIT-002,Vitalis Multivit,Supplement,Vitalis,Wholesale,11,14.53,GBP,0.0,159.83,159.83
TXN-GB-4-001118,2026-08-28 08:01:41,2026-08-28 08:04:41,GB,Legacy Oracle EBS,E,SAN-002,SanaPlus ColdFlu,OTC,SanaPlus,D2C,7,8.97,GBP,0.05,62.79,59.65
TXN-GB-4-001119,2026-08-28 18:19:00,2026-08-28 18:25:00,GB,Legacy Oracle EBS,E,VIT-001,Vitalis C1000,Supplement,Vitalis,D2C,3,17.95,GBP,0.0,53.85,53.85
TXN-GB-4-001120,2026-08-28 07:39:21,2026-08-28 07:41:21,GB,Legacy Oracle EBS,E,DER-002,Dermacare LiftCream,Aesthetic,Dermacare,Wholesale,2,31.62,GBP,0.15,63.24,53.75
TXN-GB-4-001121,2026-08-28 01:31:17,2026-08-28 01:35:17,GB,Legacy Oracle EBS,E,VIT-001,Vitalis C1000,Supplement,Vitalis,Wholesale,10,17.95,GBP,0.0,179.5,179.5
TXN-GB-4-001122,2026-08-28 12:23:05,2026-08-28 12:29:05,GB,Legacy Oracle EBS,E,MED-001,Medora Cardio 10mg,Prescription,Medora,Wholesale,8,36.75,GBP,0.2,294.0,235.2
TXN-GB-4-001123,2026-08-28 07:04:23,2026-08-28 07:06:23,GB,Legacy Oracle EBS,E,MED-001,Medora Cardio 10mg,Prescription,Medora,Wholesale,8,36.75,GBP,0.1,294.0,264.6
TXN-GB-4-001124,2026-08-28 19:29:17,2026-08-28 19:31:17,GB,Legacy Oracle EBS,E,PUR-002,PureLife BP Monitor,Medical Device,PureLife,Wholesale,8,76.92,GBP,0.05,615.36,584.59
TXN-GB-4-001125,2026-08-28 11:48:38,2026-08-28 11:53:38,GB,Legacy Oracle EBS,E,DER-002,Dermacare LiftCream,Aesthetic,Dermacare,D2C,3,31.62,GBP,0.0,94.86,94.86
TXN-GB-4-001126,2026-08-28 02:05:24,2026-08-28 02:06:24,GB,Legacy Oracle EBS,E,PUR-002,PureLife BP Monitor,Medical Device,PureLife,D2C,5,76.92,GBP,0.0,384.6,384.6
TXN-GB-4-001127,2026-08-28 09:41:01,2026-08-28 09:46:01,GB,Legacy Oracle EBS,E,MED-002,Medora Derm Cream,Prescription,Medora,Pharmacy/B2B,5,22.22,GBP,0.2,111.1,88.88
TXN-GB-4-001128,2026-08-28 21:55:19,2026-08-28 21:56:19,GB,Legacy Oracle EBS,E,DER-001,Dermacare GlowSerum,Aesthetic,Dermacare,Wholesale,9,27.35,GBP,0.0,246.15,246.15
TXN-GB-4-001129,2026-08-28 12:41:04,2026-08-28 12:46:04,GB,Legacy Oracle EBS,E,VIT-002,Vitalis Multivit,Supplement,Vitalis,D2C,7,14.53,GBP,0.1,101.71,91.54
TXN-GB-4-001130,2026-08-28 06:27:10,2026-08-28 06:32:10,GB,Legacy Oracle EBS,E,PUR-002,PureLife BP Monitor,Medical Device,PureLife,Pharmacy/B2B,5,76.92,GBP,0.0,384.6,384.6
TXN-GB-4-001131,2026-08-28 14:50:03,2026-08-28 14:56:03,GB,Legacy Oracle EBS,E,MED-001,Medora Cardio 10mg,Prescription,Medora,D2C,6,36.75,GBP,0.0,220.5,220.5
TXN-GB-4-001132,2026-08-28 04:28:52,2026-08-28 04:29:52,GB,Legacy Oracle EBS,E,SAN-001,SanaPlus PainRelief,OTC,SanaPlus,D2C,10,8.12,GBP,0.1,81.2,73.08
TXN-GB-4-001133,2026-08-28 21:46:34,2026-08-28 21:52:34,GB,Legacy Oracle EBS,E,PUR-002,PureLife BP Monitor,Medical Device,PureLife,Wholesale,3,76.92,GBP,0.1,230.76,207.68
TXN-GB-4-001134,2026-08-28 00:07:35,2026-08-28 00:09:35,GB,Legacy Oracle EBS,E,SAN-002,SanaPlus ColdFlu,OTC,SanaPlus,Pharmacy/B2B,3,8.97,GBP,0.1,26.91,24.22
TXN-GB-4-001135,2026-08-28 15:08:40,2026-08-28 15:09:40,GB,Legacy Oracle EBS,E,MED-002,Medora Derm Cream,Prescription,Medora,E-commerce,3,22.22,GBP,0.0,66.66,66.66
TXN-GB-4-001136,2026-08-28 15:31:28,2026-08-28 15:35:28,GB,Legacy Oracle EBS,E,DER-001,Dermacare GlowSerum,Aesthetic,Dermacare,Pharmacy/B2B,7,27.35,GBP,0.15,191.45,162.73
TXN-GB-4-001137,2026-08-28 20:38:38,2026-08-28 20:40:38,GB,Legacy Oracle EBS,E,SAN-001,SanaPlus PainRelief,OTC,SanaPlus,Wholesale,10,8.12,GBP,0.1,81.2,73.08
TXN-GB-4-001138,2026-08-28 18:54:25,2026-08-28 18:57:25,GB,Legacy Oracle EBS,E,PUR-001,PureLife GlucoMonitor,Medical Device,PureLife,D2C,1,72.65,GBP,0.05,72.65,69.02
TXN-GB-4-001139,2026-08-28 09:21:13,2026-08-28 09:22:13,GB,Legacy Oracle EBS,E,VIT-001,Vitalis C1000,Supplement,Vitalis,Pharmacy/B2B,4,17.95,GBP,0.05,71.8,68.21
TXN-GB-4-001140,2026-08-28 10:16:54,2026-08-28 10:18:54,GB,Legacy Oracle EBS,E,PUR-002,PureLife BP Monitor,Medical Device,PureLife,D2C,6,76.92,GBP,0.0,461.52,461.52
TXN-GB-4-001141,2026-08-28 01:04:11,2026-08-28 01:10:11,GB,Legacy Oracle EBS,E,DER-002,Dermacare LiftCream,Aesthetic,Dermacare,Pharmacy/B2B,6,31.62,GBP,0.05,189.72,180.23
TXN-GB-4-001142,2026-08-28 21:12:06,2026-08-28 21:18:06,GB,Legacy Oracle EBS,E,DER-001,Dermacare GlowSerum,Aesthetic,Dermacare,Wholesale,2,27.35,GBP,0.0,54.7,54.7
TXN-GB-4-001143,2026-08-28 18:52:10,2026-08-28 18:53:10,GB,Legacy Oracle EBS,E,DER-001,Dermacare GlowSerum,Aesthetic,Dermacare,Pharmacy/B2B,1,27.35,GBP,0.0,27.35,27.35
TXN-GB-4-001144,2026-08-28 15:15:51,2026-08-28 15:16:51,GB,Legacy Oracle EBS,E,MED-002,Medora Derm Cream,Prescription,Medora,Wholesale,9,22.22,GBP,0.2,199.98,159.98
TXN-GB-4-001145,2026-08-28 04:09:19,2026-08-28 04:15:19,GB,Legacy Oracle EBS,E,VIT-002,Vitalis Multivit,Supplement,Vitalis,D2C,10,14.53,GBP,0.0,145.3,145.3
TXN-GB-4-001146,2026-08-28 11:51:28,2026-08-28 11:52:28,GB,Legacy Oracle EBS,E,DER-001,Dermacare GlowSerum,Aesthetic,Dermacare,Wholesale,5,27.35,GBP,0.0,136.75,136.75
TXN-GB-4-001147,2026-08-28 14:40:40,2026-08-28 14:42:40,GB,Legacy Oracle EBS,E,VIT-001,Vitalis C1000,Supplement,Vitalis,Wholesale,2,17.95,GBP,0.2,35.9,28.72
TXN-GB-4-001148,2026-08-28 23:52:24,2026-08-28 23:56:24,GB,Legacy Oracle EBS,E,PUR-001,PureLife GlucoMonitor,Medical Device,PureLife,E-commerce,3,72.65,GBP,0.1,217.95,196.16
TXN-GB-4-001149,2026-08-28 07:01:28,2026-08-28 07:02:28,GB,Legacy Oracle EBS,E,DER-001,Dermacare GlowSerum,Aesthetic,Dermacare,E-commerce,3,27.35,GBP,0.0,82.05,82.05
TXN-GB-4-001150,2026-08-28 04:25:10,2026-08-28 04:28:10,GB,Legacy Oracle EBS,E,PUR-001,PureLife GlucoMonitor,Medical Device,PureLife,D2C,11,72.65,GBP,0.2,799.15,639.32
TXN-GB-4-001151,2026-08-28 22:47:12,2026-08-28 22:53:12,GB,Legacy Oracle EBS,E,VIT-001,Vitalis C1000,Supplement,Vitalis,D2C,2,17.95,GBP,0.0,35.9,35.9
TXN-GB-4-001152,2026-08-28 20:54:43,2026-08-28 20:57:43,GB,Legacy Oracle EBS,E,MED-002,Medora Derm Cream,Prescription,Medora,Wholesale,11,22.22,GBP,0.15,244.42,207.76
TXN-GB-4-001153,2026-08-28 13:27:05,2026-08-28 13:28:05,GB,Legacy Oracle EBS,E,SAN-001,SanaPlus PainRelief,OTC,SanaPlus,Wholesale,12,8.12,GBP,0.15,97.44,82.82
TXN-GB-4-001154,2026-08-28 15:53:12,2026-08-28 15:54:12,GB,Legacy Oracle EBS,E,DER-002,Dermacare LiftCream,Aesthetic,Dermacare,Wholesale,2,31.62,GBP,0.1,63.24,56.92
TXN-GB-4-001155,2026-08-28 04:26:27,2026-08-28 04:28:27,GB,Legacy Oracle EBS,E,PUR-002,PureLife BP Monitor,Medical Device,PureLife,Pharmacy/B2B,7,76.92,GBP,0.05,538.44,511.52
TXN-GB-4-001156,2026-08-28 06:10:08,2026-08-28 06:15:08,GB,Legacy Oracle EBS,E,PUR-001,PureLife GlucoMonitor,Medical Device,PureLife,E-commerce,7,72.65,GBP,0.05,508.55,483.12
TXN-GB-4-001157,2026-08-28 00:34:09,2026-08-28 00:37:09,GB,Legacy Oracle EBS,E,MED-001,Medora Cardio 10mg,Prescription,Medora,Wholesale,8,36.75,GBP,0.2,294.0,235.2
TXN-GB-4-001158,2026-08-28 14:15:23,2026-08-28 14:19:23,GB,Legacy Oracle EBS,E,PUR-001,PureLife GlucoMonitor,Medical Device,PureLife,Wholesale,3,72.65,GBP,0.0,217.95,217.95
TXN-GB-4-001159,2026-08-28 20:15:16,2026-08-28 20:21:16,GB,Legacy Oracle EBS,E,PUR-002,PureLife BP Monitor,Medical Device,PureLife,E-commerce,6,76.92,GBP,0.0,461.52,461.52
TXN-GB-4-001160,2026-08-28 05:41:33,2026-08-28 05:44:33,GB,Legacy Oracle EBS,E,PUR-002,PureLife BP Monitor,Medical Device,PureLife,Pharmacy/B2B,1,76.92,GBP,0.0,76.92,76.92
TXN-GB-4-001161,2026-08-28 14:32:03,2026-08-28 14:36:03,GB,Legacy Oracle EBS,E,PUR-002,PureLife BP Monitor,Medical Device,PureLife,D2C,9,76.92,GBP,0.1,692.28,623.05
TXN-GB-4-001162,2026-08-28 08:02:13,2026-08-28 08:05:13,GB,Legacy Oracle EBS,E,MED-001,Medora Cardio 10mg,Prescription,Medora,E-commerce,3,36.75,GBP,0.05,110.25,104.74
TXN-GB-4-001163,2026-08-28 15:54:25,2026-08-28 15:59:25,GB,Legacy Oracle EBS,E,VIT-001,Vitalis C1000,Supplement,Vitalis,Pharmacy/B2B,5,17.95,GBP,0.15,89.75,76.29
TXN-GB-4-001164,2026-08-28 01:02:24,2026-08-28 01:05:24,GB,Legacy Oracle EBS,E,VIT-001,Vitalis C1000,Supplement,Vitalis,E-commerce,7,17.95,GBP,0.2,125.65,100.52
TXN-GB-4-001165,2026-08-28 03:43:09,2026-08-28 03:47:09,GB,Legacy Oracle EBS,E,DER-002,Dermacare LiftCream,Aesthetic,Dermacare,D2C,10,31.62,GBP,0.2,316.2,252.96
TXN-GB-4-001166,2026-08-28 00:07:45,2026-08-28 00:09:45,GB,Legacy Oracle EBS,E,VIT-001,Vitalis C1000,Supplement,Vitalis,Wholesale,9,17.95,GBP,0.2,161.55,129.24
TXN-GB-4-001167,2026-08-28 07:31:04,2026-08-28 07:33:04,GB,Legacy Oracle EBS,E,VIT-002,Vitalis Multivit,Supplement,Vitalis,D2C,8,14.53,GBP,0.05,116.24,110.43
TXN-GB-4-001168,2026-08-28 01:49:41,2026-08-28 01:54:41,GB,Legacy Oracle EBS,E,DER-001,Dermacare GlowSerum,Aesthetic,Dermacare,D2C,7,27.35,GBP,0.0,191.45,191.45
TXN-GB-4-001169,2026-08-28 06:07:11,2026-08-28 06:09:11,GB,Legacy Oracle EBS,E,DER-001,Dermacare GlowSerum,Aesthetic,Dermacare,Wholesale,11,27.35,GBP,0.05,300.85,285.81
TXN-GB-4-001170,2026-08-28 20:32:52,2026-08-28 20:37:52,GB,Legacy Oracle EBS,E,MED-002,Medora Derm Cream,Prescription,Medora,Wholesale,12,22.22,GBP,0.0,266.64,266.64
TXN-GB-4-001171,2026-08-28 03:36:45,2026-08-28 03:42:45,GB,Legacy Oracle EBS,E,PUR-002,PureLife BP Monitor,Medical Device,PureLife,Pharmacy/B2B,11,76.92,GBP,0.15,846.12,719.2
TXN-GB-4-001172,2026-08-28 14:19:17,2026-08-28 14:22:17,GB,Legacy Oracle EBS,E,SAN-001,SanaPlus PainRelief,OTC,SanaPlus,Pharmacy/B2B,10,8.12,GBP,0.0,81.2,81.2
TXN-GB-4-001173,2026-08-28 18:40:53,2026-08-28 18:42:53,GB,Legacy Oracle EBS,E,MED-001,Medora Cardio 10mg,Prescription,Medora,Wholesale,7,36.75,GBP,0.0,257.25,257.25
TXN-GB-4-001174,2026-08-28 00:32:29,2026-08-28 00:35:29,GB,Legacy Oracle EBS,E,VIT-002,Vitalis Multivit,Supplement,Vitalis,Wholesale,10,14.53,GBP,0.05,145.3,138.03
TXN-GB-4-001175,2026-08-28 20:29:46,2026-08-28 20:34:46,GB,Legacy Oracle EBS,E,SAN-002,SanaPlus ColdFlu,OTC,SanaPlus,E-commerce,2,8.97,GBP,0.15,17.94,15.25
TXN-GB-4-001176,2026-08-28 08:29:30,2026-08-28 08:35:30,GB,Legacy Oracle EBS,E,SAN-001,SanaPlus PainRelief,OTC,SanaPlus,Wholesale,10,8.12,GBP,0.1,81.2,73.08
TXN-GB-4-001177,2026-08-28 19:11:54,2026-08-28 19:15:54,GB,Legacy Oracle EBS,E,DER-002,Dermacare LiftCream,Aesthetic,Dermacare,D2C,10,31.62,GBP,0.05,316.2,300.39
TXN-GB-4-001178,2026-08-28 18:15:51,2026-08-28 18:16:51,GB,Legacy Oracle EBS,E,SAN-001,SanaPlus PainRelief,OTC,SanaPlus,E-commerce,9,8.12,GBP,0.2,73.08,58.46
TXN-GB-4-001179,2026-08-28 02:14:21,2026-08-28 02:17:21,GB,Legacy Oracle EBS,E,MED-002,Medora Derm Cream,Prescription,Medora,Pharmacy/B2B,5,22.22,GBP,0.05,111.1,105.54
TXN-GB-4-001180,2026-08-28 22:03:23,2026-08-28 22:06:23,GB,Legacy Oracle EBS,E,SAN-002,SanaPlus ColdFlu,OTC,SanaPlus,D2C,6,8.97,GBP,0.0,53.82,53.82
TXN-GB-4-001181,2026-08-28 16:01:23,2026-08-28 16:05:23,GB,Legacy Oracle EBS,E,DER-002,Dermacare LiftCream,Aesthetic,Dermacare,D2C,5,31.62,GBP,0.1,158.1,142.29
TXN-GB-4-001182,2026-08-28 12:51:45,2026-08-28 12:52:45,GB,Legacy Oracle EBS,E,SAN-001,SanaPlus PainRelief,OTC,SanaPlus,Pharmacy/B2B,5,8.12,GBP,0.2,40.6,32.48
TXN-GB-4-001183,2026-08-28 11:26:05,2026-08-28 11:27:05,GB,Legacy Oracle EBS,E,MED-002,Medora Derm Cream,Prescription,Medora,E-commerce,4,22.22,GBP,0.1,88.88,79.99
TXN-GB-4-001184,2026-08-28 21:40:59,2026-08-28 21:44:59,GB,Legacy Oracle EBS,E,PUR-002,PureLife BP Monitor,Medical Device,PureLife,Pharmacy/B2B,5,76.92,GBP,0.15,384.6,326.91
TXN-GB-4-001185,2026-08-28 19:56:04,2026-08-28 19:59:04,GB,Legacy Oracle EBS,E,SAN-002,SanaPlus ColdFlu,OTC,SanaPlus,Wholesale,10,8.97,GBP,0.0,89.7,89.7
TXN-GB-4-001186,2026-08-28 14:10:53,2026-08-28 14:14:53,GB,Legacy Oracle EBS,E,DER-002,Dermacare LiftCream,Aesthetic,Dermacare,Pharmacy/B2B,6,31.62,GBP,0.0,189.72,189.72
TXN-GB-4-001187,2026-08-28 08:48:48,2026-08-28 08:51:48,GB,Legacy Oracle EBS,E,VIT-002,Vitalis Multivit,Supplement,Vitalis,E-commerce,12,14.53,GBP,0.0,174.36,174.36
TXN-GB-4-001188,2026-08-28 09:14:51,2026-08-28 09:16:51,GB,Legacy Oracle EBS,E,MED-001,Medora Cardio 10mg,Prescription,Medora,E-commerce,7,36.75,GBP,0.0,257.25,257.25
TXN-GB-4-001189,2026-08-28 04:01:03,2026-08-28 04:07:03,GB,Legacy Oracle EBS,E,SAN-001,SanaPlus PainRelief,OTC,SanaPlus,E-commerce,9,8.12,GBP,0.15,73.08,62.12
TXN-GB-4-001190,2026-08-28 07:57:42,2026-08-28 08:00:42,GB,Legacy Oracle EBS,E,SAN-002,SanaPlus ColdFlu,OTC,SanaPlus,E-commerce,7,8.97,GBP,0.0,62.79,62.79
TXN-GB-4-001191,2026-08-28 14:40:33,2026-08-28 14:41:33,GB,Legacy Oracle EBS,E,DER-002,Dermacare LiftCream,Aesthetic,Dermacare,Pharmacy/B2B,4,31.62,GBP,0.05,126.48,120.16
TXN-GB-4-001192,2026-08-28 07:37:06,2026-08-28 07:39:06,GB,Legacy Oracle EBS,E,DER-001,Dermacare GlowSerum,Aesthetic,Dermacare,Pharmacy/B2B,11,27.35,GBP,0.0,300.85,300.85
TXN-GB-4-001193,2026-08-28 03:37:12,2026-08-28 03:42:12,GB,Legacy Oracle EBS,E,DER-002,Dermacare LiftCream,Aesthetic,Dermacare,Pharmacy/B2B,8,31.62,GBP,0.15,252.96,215.02
TXN-GB-4-001194,2026-08-28 05:31:00,2026-08-28 05:32:00,GB,Legacy Oracle EBS,E,VIT-001,Vitalis C1000,Supplement,Vitalis,E-commerce,2,17.95,GBP,0.1,35.9,32.31
TXN-GB-4-001195,2026-08-28 00:21:26,2026-08-28 00:25:26,GB,Legacy Oracle EBS,E,VIT-002,Vitalis Multivit,Supplement,Vitalis,Wholesale,10,14.53,GBP,0.1,145.3,130.77
TXN-GB-4-001196,2026-08-28 15:21:46,2026-08-28 15:27:46,GB,Legacy Oracle EBS,E,DER-001,Dermacare GlowSerum,Aesthetic,Dermacare,Pharmacy/B2B,8,27.35,GBP,0.2,218.8,175.04
TXN-GB-4-001197,2026-08-28 06:17:15,2026-08-28 06:18:15,GB,Legacy Oracle EBS,E,SAN-002,SanaPlus ColdFlu,OTC,SanaPlus,Pharmacy/B2B,1,8.97,GBP,0.0,8.97,8.97
TXN-GB-4-001198,2026-08-28 19:39:19,2026-08-28 19:42:19,GB,Legacy Oracle EBS,E,VIT-001,Vitalis C1000,Supplement,Vitalis,Pharmacy/B2B,2,17.95,GBP,0.05,35.9,34.1
TXN-GB-4-001199,2026-08-28 16:19:00,2026-08-28 16:22:00,GB,Legacy Oracle EBS,E,PUR-002,PureLife BP Monitor,Medical Device,PureLife,E-commerce,8,76.92,GBP,0.0,615.36,615.36
TXN-GB-4-001200,2026-08-28 13:16:29,2026-08-28 13:18:29,GB,Legacy Oracle EBS,E,SAN-001,SanaPlus PainRelief,OTC,SanaPlus,E-commerce,12,8.12,GBP,0.15,97.44,82.82
TXN-GB-4-001201,2026-08-28 20:10:08,2026-08-28 20:13:08,GB,Legacy Oracle EBS,E,DER-002,Dermacare LiftCream,Aesthetic,Dermacare,E-commerce,10,31.62,GBP,0.0,316.2,316.2
TXN-GB-4-001202,2026-08-28 07:36:18,2026-08-28 07:37:18,GB,Legacy Oracle EBS,E,PUR-001,PureLife GlucoMonitor,Medical Device,PureLife,E-commerce,6,72.65,GBP,0.0,435.9,435.9
TXN-GB-4-001203,2026-08-28 18:20:04,2026-08-28 18:22:04,GB,Legacy Oracle EBS,E,MED-001,Medora Cardio 10mg,Prescription,Medora,E-commerce,4,36.75,GBP,0.1,147.0,132.3
TXN-GB-4-001204,2026-08-28 11:46:41,2026-08-28 11:51:41,GB,Legacy Oracle EBS,E,MED-002,Medora Derm Cream,Prescription,Medora,Wholesale,1,22.22,GBP,0.2,22.22,17.78
TXN-GB-4-001205,2026-08-28 05:32:37,2026-08-28 05:34:37,GB,Legacy Oracle EBS,E,MED-002,Medora Derm Cream,Prescription,Medora,D2C,10,22.22,GBP,0.0,222.2,222.2
TXN-GB-4-001206,2026-08-28 08:19:48,2026-08-28 08:20:48,GB,Legacy Oracle EBS,E,PUR-002,PureLife BP Monitor,Medical Device,PureLife,Pharmacy/B2B,10,76.92,GBP,0.0,769.2,769.2
TXN-GB-4-001207,2026-08-28 20:36:51,2026-08-28 20:40:51,GB,Legacy Oracle EBS,E,PUR-001,PureLife GlucoMonitor,Medical Device,PureLife,E-commerce,6,72.65,GBP,0.05,435.9,414.1
TXN-GB-4-001208,2026-08-28 21:45:51,2026-08-28 21:46:51,GB,Legacy Oracle EBS,E,VIT-001,Vitalis C1000,Supplement,Vitalis,E-commerce,4,17.95,GBP,0.0,71.8,71.8
TXN-GB-4-001209,2026-08-28 19:39:28,2026-08-28 19:42:28,GB,Legacy Oracle EBS,E,VIT-001,Vitalis C1000,Supplement,Vitalis,E-commerce,2,17.95,GBP,0.2,35.9,28.72
TXN-GB-4-001210,2026-08-28 04:40:54,2026-08-28 04:43:54,GB,Legacy Oracle EBS,E,DER-001,Dermacare GlowSerum,Aesthetic,Dermacare,Wholesale,1,27.35,GBP,0.05,27.35,25.98
TXN-GB-4-001211,2026-08-28 05:41:49,2026-08-28 05:42:49,GB,Legacy Oracle EBS,E,PUR-002,PureLife BP Monitor,Medical Device,PureLife,Wholesale,1,76.92,GBP,0.0,76.92,76.92
TXN-GB-4-001212,2026-08-28 21:46:33,2026-08-28 21:49:33,GB,Legacy Oracle EBS,E,SAN-001,SanaPlus PainRelief,OTC,SanaPlus,Pharmacy/B2B,5,8.12,GBP,0.0,40.6,40.6
TXN-GB-4-001213,2026-08-28 00:50:48,2026-08-28 00:56:48,GB,Legacy Oracle EBS,E,PUR-002,PureLife BP Monitor,Medical Device,PureLife,D2C,5,76.92,GBP,0.0,384.6,384.6
TXN-GB-4-001214,2026-08-28 09:23:45,2026-08-28 09:27:45,GB,Legacy Oracle EBS,E,VIT-001,Vitalis C1000,Supplement,Vitalis,E-commerce,4,17.95,GBP,0.05,71.8,68.21
TXN-GB-4-001215,2026-08-28 22:13:06,2026-08-28 22:16:06,GB,Legacy Oracle EBS,E,PUR-002,PureLife BP Monitor,Medical Device,PureLife,D2C,9,76.92,GBP,0.0,692.28,692.28
TXN-GB-4-001216,2026-08-28 17:09:35,2026-08-28 17:10:35,GB,Legacy Oracle EBS,E,VIT-001,Vitalis C1000,Supplement,Vitalis,E-commerce,11,17.95,GBP,0.2,197.45,157.96
TXN-GB-4-001217,2026-08-28 00:57:52,2026-08-28 01:01:52,GB,Legacy Oracle EBS,E,MED-001,Medora Cardio 10mg,Prescription,Medora,D2C,1,36.75,GBP,0.15,36.75,31.24
TXN-GB-4-001218,2026-08-28 13:45:37,2026-08-28 13:51:37,GB,Legacy Oracle EBS,E,PUR-002,PureLife BP Monitor,Medical Device,PureLife,Wholesale,9,76.92,GBP,0.0,692.28,692.28
TXN-GB-4-001219,2026-08-28 23:46:53,2026-08-28 23:52:53,GB,Legacy Oracle EBS,E,MED-001,Medora Cardio 10mg,Prescription,Medora,Pharmacy/B2B,3,36.75,GBP,0.15,110.25,93.71
TXN-GB-4-001220,2026-08-28 13:51:25,2026-08-28 13:52:25,GB,Legacy Oracle EBS,E,DER-001,Dermacare GlowSerum,Aesthetic,Dermacare,Wholesale,4,27.35,GBP,0.2,109.4,87.52
TXN-GB-4-001221,2026-08-28 17:56:22,2026-08-28 18:02:22,GB,Legacy Oracle EBS,E,VIT-002,Vitalis Multivit,Supplement,Vitalis,Wholesale,2,14.53,GBP,0.05,29.06,27.61
TXN-GB-4-001222,2026-08-28 21:20:43,2026-08-28 21:24:43,GB,Legacy Oracle EBS,E,DER-002,Dermacare LiftCream,Aesthetic,Dermacare,D2C,9,31.62,GBP,0.0,284.58,284.58
TXN-GB-4-001223,2026-08-28 21:56:26,2026-08-28 21:58:26,GB,Legacy Oracle EBS,E,VIT-001,Vitalis C1000,Supplement,Vitalis,Wholesale,5,17.95,GBP,0.05,89.75,85.26
TXN-GB-4-001224,2026-08-28 20:42:14,2026-08-28 20:43:14,GB,Legacy Oracle EBS,E,SAN-002,SanaPlus ColdFlu,OTC,SanaPlus,Wholesale,3,8.97,GBP,0.1,26.91,24.22
TXN-GB-4-001225,2026-08-28 00:56:01,2026-08-28 01:02:01,GB,Legacy Oracle EBS,E,VIT-002,Vitalis Multivit,Supplement,Vitalis,Wholesale,8,14.53,GBP,0.1,116.24,104.62
TXN-GB-4-001226,2026-08-28 20:52:39,2026-08-28 20:56:39,GB,Legacy Oracle EBS,E,SAN-001,SanaPlus PainRelief,OTC,SanaPlus,E-commerce,7,8.12,GBP,0.05,56.84,54.0
TXN-GB-4-001227,2026-08-28 06:37:50,2026-08-28 06:40:50,GB,Legacy Oracle EBS,E,DER-001,Dermacare GlowSerum,Aesthetic,Dermacare,E-commerce,5,27.35,GBP,0.0,136.75,136.75
TXN-GB-4-001228,2026-08-28 10:29:13,2026-08-28 10:33:13,GB,Legacy Oracle EBS,E,VIT-002,Vitalis Multivit,Supplement,Vitalis,D2C,11,14.53,GBP,0.05,159.83,151.84
TXN-GB-4-001229,2026-08-28 09:20:48,2026-08-28 09:24:48,GB,Legacy Oracle EBS,E,VIT-002,Vitalis Multivit,Supplement,Vitalis,D2C,8,14.53,GBP,0.0,116.24,116.24
TXN-GB-4-001230,2026-08-28 00:47:50,2026-08-28 00:53:50,GB,Legacy Oracle EBS,E,MED-002,Medora Derm Cream,Prescription,Medora,Wholesale,3,22.22,GBP,0.0,66.66,66.66
TXN-GB-4-001231,2026-08-28 21:08:02,2026-08-28 21:12:02,GB,Legacy Oracle EBS,E,SAN-001,SanaPlus PainRelief,OTC,SanaPlus,D2C,3,8.12,GBP,0.2,24.36,19.49
TXN-GB-4-001232,2026-08-28 11:20:01,2026-08-28 11:21:01,GB,Legacy Oracle EBS,E,PUR-002,PureLife BP Monitor,Medical Device,PureLife,Wholesale,1,76.92,GBP,0.2,76.92,61.54
TXN-GB-4-001233,2026-08-28 11:56:36,2026-08-28 12:01:36,GB,Legacy Oracle EBS,E,MED-001,Medora Cardio 10mg,Prescription,Medora,E-commerce,3,36.75,GBP,0.0,110.25,110.25
TXN-GB-4-001234,2026-08-28 03:35:09,2026-08-28 03:36:09,GB,Legacy Oracle EBS,E,VIT-002,Vitalis Multivit,Supplement,Vitalis,E-commerce,3,14.53,GBP,0.1,43.59,39.23
TXN-GB-4-001235,2026-08-28 19:30:12,2026-08-28 19:33:12,GB,Legacy Oracle EBS,E,PUR-002,PureLife BP Monitor,Medical Device,PureLife,Pharmacy/B2B,5,76.92,GBP,0.05,384.6,365.37
TXN-GB-4-001236,2026-08-28 11:12:18,2026-08-28 11:14:18,GB,Legacy Oracle EBS,E,VIT-001,Vitalis C1000,Supplement,Vitalis,Pharmacy/B2B,11,17.95,GBP,0.15,197.45,167.83
TXN-GB-4-001237,2026-08-28 06:56:06,2026-08-28 06:58:06,GB,Legacy Oracle EBS,E,MED-002,Medora Derm Cream,Prescription,Medora,Wholesale,7,22.22,GBP,0.05,155.54,147.76
TXN-GB-4-001238,2026-08-28 17:27:21,2026-08-28 17:29:21,GB,Legacy Oracle EBS,E,VIT-001,Vitalis C1000,Supplement,Vitalis,E-commerce,5,17.95,GBP,0.2,89.75,71.8
TXN-GB-4-001239,2026-08-28 13:42:57,2026-08-28 13:47:57,GB,Legacy Oracle EBS,E,PUR-001,PureLife GlucoMonitor,Medical Device,PureLife,E-commerce,10,72.65,GBP,0.1,726.5,653.85
TXN-GB-4-001240,2026-08-28 07:22:58,2026-08-28 07:28:58,GB,Legacy Oracle EBS,E,SAN-001,SanaPlus PainRelief,OTC,SanaPlus,Pharmacy/B2B,1,8.12,GBP,0.2,8.12,6.5
TXN-GB-4-001241,2026-08-28 18:15:59,2026-08-28 18:19:59,GB,Legacy Oracle EBS,E,VIT-001,Vitalis C1000,Supplement,Vitalis,Pharmacy/B2B,2,17.95,GBP,0.0,35.9,35.9
TXN-GB-4-001242,2026-08-28 21:24:46,2026-08-28 21:29:46,GB,Legacy Oracle EBS,E,SAN-002,SanaPlus ColdFlu,OTC,SanaPlus,Pharmacy/B2B,6,8.97,GBP,0.0,53.82,53.82
TXN-GB-4-001243,2026-08-28 20:56:21,2026-08-28 21:02:21,GB,Legacy Oracle EBS,E,DER-002,Dermacare LiftCream,Aesthetic,Dermacare,Pharmacy/B2B,12,31.62,GBP,0.2,379.44,303.55
TXN-GB-4-001244,2026-08-28 18:50:13,2026-08-28 18:55:13,GB,Legacy Oracle EBS,E,PUR-002,PureLife BP Monitor,Medical Device,PureLife,D2C,1,76.92,GBP,0.0,76.92,76.92
TXN-GB-4-001245,2026-08-28 04:04:36,2026-08-28 04:09:36,GB,Legacy Oracle EBS,E,PUR-002,PureLife BP Monitor,Medical Device,PureLife,Pharmacy/B2B,11,76.92,GBP,0.0,846.12,846.12
TXN-GB-4-001246,2026-08-28 05:55:08,2026-08-28 05:59:08,GB,Legacy Oracle EBS,E,DER-001,Dermacare GlowSerum,Aesthetic,Dermacare,Wholesale,7,27.35,GBP,0.0,191.45,191.45
TXN-GB-4-001247,2026-08-28 14:56:32,2026-08-28 14:57:32,GB,Legacy Oracle EBS,E,MED-002,Medora Derm Cream,Prescription,Medora,E-commerce,5,22.22,GBP,0.0,111.1,111.1
TXN-GB-4-001248,2026-08-28 16:05:28,2026-08-28 16:08:28,GB,Legacy Oracle EBS,E,DER-001,Dermacare GlowSerum,Aesthetic,Dermacare,Pharmacy/B2B,9,27.35,GBP,0.1,246.15,221.53
TXN-GB-4-001249,2026-08-28 22:14:54,2026-08-28 22:15:54,GB,Legacy Oracle EBS,E,VIT-002,Vitalis Multivit,Supplement,Vitalis,E-commerce,5,14.53,GBP,0.15,72.65,61.75
TXN-GB-4-001250,2026-08-28 00:57:26,2026-08-28 01:03:26,GB,Legacy Oracle EBS,E,SAN-002,SanaPlus ColdFlu,OTC,SanaPlus,Wholesale,8,8.97,GBP,0.0,71.76,71.76
TXN-GB-4-001251,2026-08-28 02:00:18,2026-08-28 02:03:18,GB,Legacy Oracle EBS,E,DER-002,Dermacare LiftCream,Aesthetic,Dermacare,Wholesale,11,31.62,GBP,0.1,347.82,313.04
TXN-GB-4-001252,2026-08-28 02:10:00,2026-08-28 02:12:00,GB,Legacy Oracle EBS,E,MED-001,Medora Cardio 10mg,Prescription,Medora,D2C,1,36.75,GBP,0.15,36.75,31.24
TXN-GB-4-001253,2026-08-28 08:37:28,2026-08-28 08:39:28,GB,Legacy Oracle EBS,E,SAN-002,SanaPlus ColdFlu,OTC,SanaPlus,E-commerce,5,8.97,GBP,0.0,44.85,44.85
TXN-GB-4-001254,2026-08-28 14:26:10,2026-08-28 14:28:10,GB,Legacy Oracle EBS,E,SAN-002,SanaPlus ColdFlu,OTC,SanaPlus,Pharmacy/B2B,4,8.97,GBP,0.1,35.88,32.29
TXN-GB-4-001255,2026-08-28 01:54:02,2026-08-28 02:00:02,GB,Legacy Oracle EBS,E,PUR-001,PureLife GlucoMonitor,Medical Device,PureLife,D2C,2,72.65,GBP,0.0,145.3,145.3
TXN-GB-4-001256,2026-08-28 23:14:29,2026-08-28 23:18:29,GB,Legacy Oracle EBS,E,DER-002,Dermacare LiftCream,Aesthetic,Dermacare,E-commerce,4,31.62,GBP,0.2,126.48,101.18
TXN-GB-4-001257,2026-08-28 05:37:21,2026-08-28 05:43:21,GB,Legacy Oracle EBS,E,MED-002,Medora Derm Cream,Prescription,Medora,E-commerce,3,22.22,GBP,0.1,66.66,59.99
TXN-GB-4-001258,2026-08-28 23:32:38,2026-08-28 23:37:38,GB,Legacy Oracle EBS,E,SAN-001,SanaPlus PainRelief,OTC,SanaPlus,D2C,4,8.12,GBP,0.15,32.48,27.61
TXN-GB-4-001259,2026-08-28 13:48:32,2026-08-28 13:54:32,GB,Legacy Oracle EBS,E,VIT-002,Vitalis Multivit,Supplement,Vitalis,D2C,10,14.53,GBP,0.0,145.3,145.3
TXN-GB-4-001260,2026-08-28 04:38:15,2026-08-28 04:44:15,GB,Legacy Oracle EBS,E,SAN-001,SanaPlus PainRelief,OTC,SanaPlus,Pharmacy/B2B,11,8.12,GBP,0.1,89.32,80.39
TXN-GB-4-001261,2026-08-28 07:19:14,2026-08-28 07:24:14,GB,Legacy Oracle EBS,E,MED-002,Medora Derm Cream,Prescription,Medora,D2C,4,22.22,GBP,0.1,88.88,79.99
TXN-GB-4-001262,2026-08-28 09:09:22,2026-08-28 09:13:22,GB,Legacy Oracle EBS,E,SAN-001,SanaPlus PainRelief,OTC,SanaPlus,Pharmacy/B2B,10,8.12,GBP,0.15,81.2,69.02
TXN-GB-4-001263,2026-08-28 15:17:22,2026-08-28 15:18:22,GB,Legacy Oracle EBS,E,MED-002,Medora Derm Cream,Prescription,Medora,Wholesale,7,22.22,GBP,0.0,155.54,155.54
TXN-GB-4-001264,2026-08-28 04:27:17,2026-08-28 04:32:17,GB,Legacy Oracle EBS,E,VIT-002,Vitalis Multivit,Supplement,Vitalis,Wholesale,5,14.53,GBP,0.05,72.65,69.02
TXN-GB-4-001265,2026-08-28 09:24:32,2026-08-28 09:30:32,GB,Legacy Oracle EBS,E,DER-001,Dermacare GlowSerum,Aesthetic,Dermacare,E-commerce,2,27.35,GBP,0.15,54.7,46.5
TXN-GB-4-001266,2026-08-28 22:14:52,2026-08-28 22:19:52,GB,Legacy Oracle EBS,E,VIT-001,Vitalis C1000,Supplement,Vitalis,Wholesale,2,17.95,GBP,0.2,35.9,28.72
TXN-GB-4-001267,2026-08-28 21:36:48,2026-08-28 21:41:48,GB,Legacy Oracle EBS,E,SAN-001,SanaPlus PainRelief,OTC,SanaPlus,Pharmacy/B2B,11,8.12,GBP,0.1,89.32,80.39
TXN-GB-4-001268,2026-08-28 04:25:52,2026-08-28 04:26:52,GB,Legacy Oracle EBS,E,DER-001,Dermacare GlowSerum,Aesthetic,Dermacare,Pharmacy/B2B,6,27.35,GBP,0.05,164.1,155.89
TXN-GB-4-001269,2026-08-28 03:58:55,2026-08-28 04:00:55,GB,Legacy Oracle EBS,E,SAN-001,SanaPlus PainRelief,OTC,SanaPlus,E-commerce,3,8.12,GBP,0.0,24.36,24.36
TXN-GB-4-001270,2026-08-28 18:40:01,2026-08-28 18:45:01,GB,Legacy Oracle EBS,E,MED-001,Medora Cardio 10mg,Prescription,Medora,E-commerce,3,36.75,GBP,0.0,110.25,110.25
TXN-GB-4-001271,2026-08-28 05:32:29,2026-08-28 05:35:29,GB,Legacy Oracle EBS,E,MED-001,Medora Cardio 10mg,Prescription,Medora,Wholesale,6,36.75,GBP,0.0,220.5,220.5
TXN-GB-4-001272,2026-08-28 05:50:27,2026-08-28 05:51:27,GB,Legacy Oracle EBS,E,MED-002,Medora Derm Cream,Prescription,Medora,E-commerce,11,22.22,GBP,0.1,244.42,219.98
TXN-GB-4-001273,2026-08-28 04:22:02,2026-08-28 04:23:02,GB,Legacy Oracle EBS,E,MED-002,Medora Derm Cream,Prescription,Medora,D2C,7,22.22,GBP,0.05,155.54,147.76
TXN-GB-4-001274,2026-08-28 15:43:33,2026-08-28 15:47:33,GB,Legacy Oracle EBS,E,PUR-001,PureLife GlucoMonitor,Medical Device,PureLife,E-commerce,1,72.65,GBP,0.1,72.65,65.39
TXN-GB-4-001275,2026-08-28 22:44:46,2026-08-28 22:50:46,GB,Legacy Oracle EBS,E,VIT-001,Vitalis C1000,Supplement,Vitalis,D2C,8,17.95,GBP,0.1,143.6,129.24
TXN-GB-4-001276,2026-08-28 22:02:09,2026-08-28 22:06:09,GB,Legacy Oracle EBS,E,VIT-001,Vitalis C1000,Supplement,Vitalis,Wholesale,3,17.95,GBP,0.05,53.85,51.16
TXN-GB-4-001277,2026-08-28 06:45:05,2026-08-28 06:47:05,GB,Legacy Oracle EBS,E,VIT-001,Vitalis C1000,Supplement,Vitalis,Pharmacy/B2B,10,17.95,GBP,0.2,179.5,143.6
TXN-GB-4-001278,2026-08-28 23:00:20,2026-08-28 23:06:20,GB,Legacy Oracle EBS,E,SAN-002,SanaPlus ColdFlu,OTC,SanaPlus,E-commerce,9,8.97,GBP,0.0,80.73,80.73
TXN-GB-4-001279,2026-08-28 20:24:12,2026-08-28 20:29:12,GB,Legacy Oracle EBS,E,VIT-001,Vitalis C1000,Supplement,Vitalis,Pharmacy/B2B,5,17.95,GBP,0.0,89.75,89.75
TXN-GB-4-001280,2026-08-28 07:40:53,2026-08-28 07:45:53,GB,Legacy Oracle EBS,E,VIT-001,Vitalis C1000,Supplement,Vitalis,D2C,8,17.95,GBP,0.05,143.6,136.42
TXN-GB-4-001281,2026-08-28 21:29:27,2026-08-28 21:34:27,GB,Legacy Oracle EBS,E,PUR-002,PureLife BP Monitor,Medical Device,PureLife,Wholesale,5,76.92,GBP,0.0,384.6,384.6
TXN-GB-4-001282,2026-08-28 07:23:10,2026-08-28 07:28:10,GB,Legacy Oracle EBS,E,DER-001,Dermacare GlowSerum,Aesthetic,Dermacare,D2C,4,27.35,GBP,0.1,109.4,98.46
TXN-GB-4-001283,2026-08-28 16:32:02,2026-08-28 16:36:02,GB,Legacy Oracle EBS,E,MED-002,Medora Derm Cream,Prescription,Medora,Wholesale,1,22.22,GBP,0.0,22.22,22.22
TXN-GB-4-001284,2026-08-28 07:57:17,2026-08-28 07:58:17,GB,Legacy Oracle EBS,E,MED-002,Medora Derm Cream,Prescription,Medora,D2C,1,22.22,GBP,0.0,22.22,22.22
TXN-GB-4-001285,2026-08-28 02:20:55,2026-08-28 02:23:55,GB,Legacy Oracle EBS,E,MED-001,Medora Cardio 10mg,Prescription,Medora,E-commerce,12,36.75,GBP,0.2,441.0,352.8
TXN-GB-4-001286,2026-08-28 19:37:01,2026-08-28 19:38:01,GB,Legacy Oracle EBS,E,VIT-001,Vitalis C1000,Supplement,Vitalis,D2C,2,17.95,GBP,0.0,35.9,35.9
TXN-GB-4-001287,2026-08-28 14:14:08,2026-08-28 14:17:08,GB,Legacy Oracle EBS,E,MED-001,Medora Cardio 10mg,Prescription,Medora,D2C,9,36.75,GBP,0.1,330.75,297.68
TXN-GB-4-001288,2026-08-28 15:32:41,2026-08-28 15:33:41,GB,Legacy Oracle EBS,E,PUR-001,PureLife GlucoMonitor,Medical Device,PureLife,E-commerce,5,72.65,GBP,0.15,363.25,308.76
TXN-GB-4-001289,2026-08-28 20:51:10,2026-08-28 20:56:10,GB,Legacy Oracle EBS,E,MED-002,Medora Derm Cream,Prescription,Medora,D2C,6,22.22,GBP,0.0,133.32,133.32
TXN-GB-4-001290,2026-08-28 13:27:30,2026-08-28 13:29:30,GB,Legacy Oracle EBS,E,VIT-002,Vitalis Multivit,Supplement,Vitalis,Wholesale,12,14.53,GBP,0.15,174.36,148.21
TXN-GB-4-001291,2026-08-28 01:31:42,2026-08-28 01:34:42,GB,Legacy Oracle EBS,E,DER-002,Dermacare LiftCream,Aesthetic,Dermacare,E-commerce,7,31.62,GBP,0.0,221.34,221.34
TXN-GB-4-001292,2026-08-28 02:23:10,2026-08-28 02:28:10,GB,Legacy Oracle EBS,E,MED-002,Medora Derm Cream,Prescription,Medora,Pharmacy/B2B,1,22.22,GBP,0.0,22.22,22.22
TXN-GB-4-001293,2026-08-28 16:27:09,2026-08-28 16:31:09,GB,Legacy Oracle EBS,E,VIT-002,Vitalis Multivit,Supplement,Vitalis,D2C,9,14.53,GBP,0.1,130.77,117.69
TXN-GB-4-001294,2026-08-28 10:36:53,2026-08-28 10:38:53,GB,Legacy Oracle EBS,E,DER-001,Dermacare GlowSerum,Aesthetic,Dermacare,Pharmacy/B2B,9,27.35,GBP,0.15,246.15,209.23
TXN-GB-4-001295,2026-08-28 16:29:58,2026-08-28 16:35:58,GB,Legacy Oracle EBS,E,DER-002,Dermacare LiftCream,Aesthetic,Dermacare,D2C,3,31.62,GBP,0.15,94.86,80.63
TXN-GB-4-001296,2026-08-28 09:49:02,2026-08-28 09:53:02,GB,Legacy Oracle EBS,E,DER-002,Dermacare LiftCream,Aesthetic,Dermacare,D2C,12,31.62,GBP,0.2,379.44,303.55
TXN-GB-4-001297,2026-08-28 14:54:32,2026-08-28 14:58:32,GB,Legacy Oracle EBS,E,SAN-001,SanaPlus PainRelief,OTC,SanaPlus,Pharmacy/B2B,9,8.12,GBP,0.0,73.08,73.08
TXN-GB-4-001298,2026-08-28 22:41:49,2026-08-28 22:45:49,GB,Legacy Oracle EBS,E,SAN-002,SanaPlus ColdFlu,OTC,SanaPlus,Wholesale,5,8.97,GBP,0.2,44.85,35.88
TXN-GB-4-001299,2026-08-28 17:08:43,2026-08-28 17:11:43,GB,Legacy Oracle EBS,E,PUR-001,PureLife GlucoMonitor,Medical Device,PureLife,Pharmacy/B2B,1,72.65,GBP,0.15,72.65,61.75
TXN-GB-4-001300,2026-08-28 05:50:25,2026-08-28 05:54:25,GB,Legacy Oracle EBS,E,SAN-002,SanaPlus ColdFlu,OTC,SanaPlus,Wholesale,12,8.97,GBP,0.1,107.64,96.88
TXN-GB-4-001301,2026-08-28 10:39:21,2026-08-28 10:44:21,GB,Legacy Oracle EBS,E,MED-001,Medora Cardio 10mg,Prescription,Medora,Pharmacy/B2B,1,36.75,GBP,0.0,36.75,36.75
TXN-GB-4-001302,2026-08-28 23:38:14,2026-08-28 23:41:14,GB,Legacy Oracle EBS,E,SAN-002,SanaPlus ColdFlu,OTC,SanaPlus,E-commerce,11,8.97,GBP,0.0,98.67,98.67
TXN-GB-4-001303,2026-08-28 23:18:52,2026-08-28 23:23:52,GB,Legacy Oracle EBS,E,SAN-002,SanaPlus ColdFlu,OTC,SanaPlus,Pharmacy/B2B,7,8.97,GBP,0.0,62.79,62.79
TXN-GB-4-001304,2026-08-28 19:37:56,2026-08-28 19:40:56,GB,Legacy Oracle EBS,E,VIT-001,Vitalis C1000,Supplement,Vitalis,Wholesale,12,17.95,GBP,0.0,215.4,215.4
TXN-GB-4-001305,2026-08-28 21:00:02,2026-08-28 21:02:02,GB,Legacy Oracle EBS,E,DER-002,Dermacare LiftCream,Aesthetic,Dermacare,Pharmacy/B2B,11,31.62,GBP,0.0,347.82,347.82
TXN-GB-4-001306,2026-08-28 15:31:13,2026-08-28 15:37:13,GB,Legacy Oracle EBS,E,DER-001,Dermacare GlowSerum,Aesthetic,Dermacare,Pharmacy/B2B,10,27.35,GBP,0.0,273.5,273.5
TXN-GB-4-001307,2026-08-28 00:56:53,2026-08-28 00:57:53,GB,Legacy Oracle EBS,E,PUR-001,PureLife GlucoMonitor,Medical Device,PureLife,Pharmacy/B2B,2,72.65,GBP,0.0,145.3,145.3
TXN-GB-4-001308,2026-08-28 10:43:36,2026-08-28 10:45:36,GB,Legacy Oracle EBS,E,PUR-001,PureLife GlucoMonitor,Medical Device,PureLife,D2C,4,72.65,GBP,0.1,290.6,261.54
TXN-GB-4-001309,2026-08-28 00:07:20,2026-08-28 00:13:20,GB,Legacy Oracle EBS,E,DER-001,Dermacare GlowSerum,Aesthetic,Dermacare,D2C,11,27.35,GBP,0.2,300.85,240.68
TXN-GB-4-001310,2026-08-28 14:02:08,2026-08-28 14:05:08,GB,Legacy Oracle EBS,E,PUR-002,PureLife BP Monitor,Medical Device,PureLife,Pharmacy/B2B,6,76.92,GBP,0.05,461.52,438.44
TXN-GB-4-001311,2026-08-28 18:10:17,2026-08-28 18:11:17,GB,Legacy Oracle EBS,E,DER-001,Dermacare GlowSerum,Aesthetic,Dermacare,D2C,1,27.35,GBP,0.15,27.35,23.25
TXN-GB-4-001312,2026-08-28 11:20:14,2026-08-28 11:21:14,GB,Legacy Oracle EBS,E,SAN-001,SanaPlus PainRelief,OTC,SanaPlus,E-commerce,9,8.12,GBP,0.05,73.08,69.43
TXN-GB-4-001313,2026-08-28 14:36:08,2026-08-28 14:37:08,GB,Legacy Oracle EBS,E,MED-001,Medora Cardio 10mg,Prescription,Medora,D2C,7,36.75,GBP,0.0,257.25,257.25
TXN-GB-4-001314,2026-08-28 03:57:36,2026-08-28 04:01:36,GB,Legacy Oracle EBS,E,VIT-002,Vitalis Multivit,Supplement,Vitalis,D2C,3,14.53,GBP,0.1,43.59,39.23
TXN-GB-4-001315,2026-08-28 10:25:16,2026-08-28 10:26:16,GB,Legacy Oracle EBS,E,SAN-002,SanaPlus ColdFlu,OTC,SanaPlus,D2C,5,8.97,GBP,0.0,44.85,44.85
TXN-GB-4-001316,2026-08-28 16:47:04,2026-08-28 16:49:04,GB,Legacy Oracle EBS,E,MED-001,Medora Cardio 10mg,Prescription,Medora,Pharmacy/B2B,11,36.75,GBP,0.0,404.25,404.25
TXN-GB-4-001317,2026-08-28 23:04:32,2026-08-28 23:06:32,GB,Legacy Oracle EBS,E,VIT-002,Vitalis Multivit,Supplement,Vitalis,Wholesale,11,14.53,GBP,0.0,159.83,159.83
TXN-GB-4-001318,2026-08-28 06:29:30,2026-08-28 06:33:30,GB,Legacy Oracle EBS,E,SAN-002,SanaPlus ColdFlu,OTC,SanaPlus,E-commerce,4,8.97,GBP,0.0,35.88,35.88
TXN-GB-4-001319,2026-08-28 14:14:06,2026-08-28 14:17:06,GB,Legacy Oracle EBS,E,SAN-001,SanaPlus PainRelief,OTC,SanaPlus,E-commerce,5,8.12,GBP,0.0,40.6,40.6
TXN-GB-4-001320,2026-08-28 02:40:34,2026-08-28 02:41:34,GB,Legacy Oracle EBS,E,MED-002,Medora Derm Cream,Prescription,Medora,Wholesale,9,22.22,GBP,0.0,199.98,199.98
TXN-GB-4-001321,2026-08-28 19:43:56,2026-08-28 19:47:56,GB,Legacy Oracle EBS,E,DER-001,Dermacare GlowSerum,Aesthetic,Dermacare,Pharmacy/B2B,4,27.35,GBP,0.0,109.4,109.4
TXN-GB-4-001322,2026-08-28 07:31:48,2026-08-28 07:35:48,GB,Legacy Oracle EBS,E,VIT-002,Vitalis Multivit,Supplement,Vitalis,Wholesale,11,14.53,GBP,0.05,159.83,151.84
TXN-GB-4-001323,2026-08-28 13:47:59,2026-08-28 13:49:59,GB,Legacy Oracle EBS,E,SAN-002,SanaPlus ColdFlu,OTC,SanaPlus,Pharmacy/B2B,7,8.97,GBP,0.05,62.79,59.65
TXN-GB-4-001324,2026-08-28 16:41:49,2026-08-28 16:46:49,GB,Legacy Oracle EBS,E,PUR-002,PureLife BP Monitor,Medical Device,PureLife,E-commerce,12,76.92,GBP,0.0,923.04,923.04
TXN-GB-4-001325,2026-08-28 17:11:56,2026-08-28 17:12:56,GB,Legacy Oracle EBS,E,VIT-002,Vitalis Multivit,Supplement,Vitalis,D2C,5,14.53,GBP,0.0,72.65,72.65
TXN-GB-4-001326,2026-08-28 01:20:29,2026-08-28 01:25:29,GB,Legacy Oracle EBS,E,MED-002,Medora Derm Cream,Prescription,Medora,Wholesale,6,22.22,GBP,0.0,133.32,133.32
TXN-GB-4-001327,2026-08-28 13:33:29,2026-08-28 13:35:29,GB,Legacy Oracle EBS,E,SAN-001,SanaPlus PainRelief,OTC,SanaPlus,Wholesale,5,8.12,GBP,0.15,40.6,34.51
TXN-GB-4-001328,2026-08-28 10:54:49,2026-08-28 10:58:49,GB,Legacy Oracle EBS,E,VIT-002,Vitalis Multivit,Supplement,Vitalis,E-commerce,4,14.53,GBP,0.1,58.12,52.31
TXN-GB-4-001329,2026-08-28 06:05:28,2026-08-28 06:09:28,GB,Legacy Oracle EBS,E,VIT-001,Vitalis C1000,Supplement,Vitalis,E-commerce,4,17.95,GBP,0.1,71.8,64.62
TXN-GB-4-001330,2026-08-28 13:29:59,2026-08-28 13:34:59,GB,Legacy Oracle EBS,E,PUR-002,PureLife BP Monitor,Medical Device,PureLife,D2C,3,76.92,GBP,0.2,230.76,184.61
TXN-GB-4-001331,2026-08-28 04:17:51,2026-08-28 04:22:51,GB,Legacy Oracle EBS,E,VIT-001,Vitalis C1000,Supplement,Vitalis,Wholesale,4,17.95,GBP,0.15,71.8,61.03
TXN-GB-4-001332,2026-08-28 17:45:40,2026-08-28 17:49:40,GB,Legacy Oracle EBS,E,SAN-002,SanaPlus ColdFlu,OTC,SanaPlus,Wholesale,4,8.97,GBP,0.1,35.88,32.29
TXN-GB-4-001333,2026-08-28 20:49:52,2026-08-28 20:50:52,GB,Legacy Oracle EBS,E,MED-002,Medora Derm Cream,Prescription,Medora,E-commerce,4,22.22,GBP,0.1,88.88,79.99
TXN-GB-4-001334,2026-08-28 10:31:58,2026-08-28 10:36:58,GB,Legacy Oracle EBS,E,VIT-001,Vitalis C1000,Supplement,Vitalis,E-commerce,5,17.95,GBP,0.0,89.75,89.75
TXN-GB-4-001335,2026-08-28 19:26:20,2026-08-28 19:29:20,GB,Legacy Oracle EBS,E,VIT-002,Vitalis Multivit,Supplement,Vitalis,Pharmacy/B2B,2,14.53,GBP,0.2,29.06,23.25
TXN-GB-4-001336,2026-08-28 05:40:24,2026-08-28 05:43:24,GB,Legacy Oracle EBS,E,DER-001,Dermacare GlowSerum,Aesthetic,Dermacare,Pharmacy/B2B,12,27.35,GBP,0.0,328.2,328.2
TXN-GB-4-001337,2026-08-28 23:08:35,2026-08-28 23:09:35,GB,Legacy Oracle EBS,E,MED-002,Medora Derm Cream,Prescription,Medora,Wholesale,3,22.22,GBP,0.2,66.66,53.33
TXN-GB-4-001338,2026-08-28 02:15:47,2026-08-28 02:16:47,GB,Legacy Oracle EBS,E,DER-001,Dermacare GlowSerum,Aesthetic,Dermacare,Wholesale,8,27.35,GBP,0.1,218.8,196.92
TXN-GB-4-001339,2026-08-28 17:24:18,2026-08-28 17:26:18,GB,Legacy Oracle EBS,E,VIT-001,Vitalis C1000,Supplement,Vitalis,Wholesale,7,17.95,GBP,0.0,125.65,125.65
TXN-GB-4-001340,2026-08-28 19:40:08,2026-08-28 19:43:08,GB,Legacy Oracle EBS,E,VIT-001,Vitalis C1000,Supplement,Vitalis,Pharmacy/B2B,9,17.95,GBP,0.0,161.55,161.55
TXN-GB-4-001341,2026-08-28 18:56:32,2026-08-28 18:58:32,GB,Legacy Oracle EBS,E,VIT-001,Vitalis C1000,Supplement,Vitalis,D2C,11,17.95,GBP,0.1,197.45,177.7
TXN-GB-4-001342,2026-08-28 21:35:39,2026-08-28 21:40:39,GB,Legacy Oracle EBS,E,DER-001,Dermacare GlowSerum,Aesthetic,Dermacare,E-commerce,7,27.35,GBP,0.0,191.45,191.45
TXN-GB-4-001343,2026-08-28 10:37:30,2026-08-28 10:42:30,GB,Legacy Oracle EBS,E,SAN-001,SanaPlus PainRelief,OTC,SanaPlus,Wholesale,8,8.12,GBP,0.05,64.96,61.71
TXN-GB-4-001344,2026-08-28 02:42:24,2026-08-28 02:47:24,GB,Legacy Oracle EBS,E,PUR-002,PureLife BP Monitor,Medical Device,PureLife,E-commerce,1,76.92,GBP,0.0,76.92,76.92
TXN-GB-4-001345,2026-08-28 14:54:36,2026-08-28 14:56:36,GB,Legacy Oracle EBS,E,DER-001,Dermacare GlowSerum,Aesthetic,Dermacare,Wholesale,9,27.35,GBP,0.15,246.15,209.23
TXN-GB-4-001346,2026-08-28 14:00:33,2026-08-28 14:03:33,GB,Legacy Oracle EBS,E,VIT-001,Vitalis C1000,Supplement,Vitalis,Wholesale,12,17.95,GBP,0.0,215.4,215.4
TXN-GB-4-001347,2026-08-28 09:52:59,2026-08-28 09:58:59,GB,Legacy Oracle EBS,E,VIT-001,Vitalis C1000,Supplement,Vitalis,Wholesale,9,17.95,GBP,0.0,161.55,161.55
TXN-GB-4-001348,2026-08-28 15:12:53,2026-08-28 15:14:53,GB,Legacy Oracle EBS,E,SAN-002,SanaPlus ColdFlu,OTC,SanaPlus,E-commerce,7,8.97,GBP,0.0,62.79,62.79
TXN-GB-4-001349,2026-08-28 06:38:56,2026-08-28 06:41:56,GB,Legacy Oracle EBS,E,DER-001,Dermacare GlowSerum,Aesthetic,Dermacare,Wholesale,5,27.35,GBP,0.05,136.75,129.91
TXN-GB-4-001350,2026-08-28 23:03:32,2026-08-28 23:09:32,GB,Legacy Oracle EBS,E,DER-001,Dermacare GlowSerum,Aesthetic,Dermacare,E-commerce,9,27.35,GBP,0.0,246.15,246.15
TXN-GB-4-001351,2026-08-28 23:51:50,2026-08-28 23:57:50,GB,Legacy Oracle EBS,E,PUR-001,PureLife GlucoMonitor,Medical Device,PureLife,D2C,10,72.65,GBP,0.0,726.5,726.5
TXN-GB-4-001352,2026-08-28 10:25:48,2026-08-28 10:28:48,GB,Legacy Oracle EBS,E,DER-001,Dermacare GlowSerum,Aesthetic,Dermacare,Wholesale,1,27.35,GBP,0.0,27.35,27.35
TXN-GB-4-001353,2026-08-28 13:21:27,2026-08-28 13:25:27,GB,Legacy Oracle EBS,E,SAN-001,SanaPlus PainRelief,OTC,SanaPlus,Pharmacy/B2B,8,8.12,GBP,0.1,64.96,58.46
TXN-GB-4-001354,2026-08-28 11:14:46,2026-08-28 11:15:46,GB,Legacy Oracle EBS,E,PUR-002,PureLife BP Monitor,Medical Device,PureLife,Wholesale,7,76.92,GBP,0.1,538.44,484.6
TXN-GB-4-001355,2026-08-28 01:02:06,2026-08-28 01:03:06,GB,Legacy Oracle EBS,E,MED-002,Medora Derm Cream,Prescription,Medora,E-commerce,9,22.22,GBP,0.0,199.98,199.98
TXN-GB-4-001356,2026-08-28 19:20:15,2026-08-28 19:22:15,GB,Legacy Oracle EBS,E,MED-001,Medora Cardio 10mg,Prescription,Medora,Pharmacy/B2B,9,36.75,GBP,0.0,330.75,330.75
TXN-GB-4-001357,2026-08-28 09:00:36,2026-08-28 09:06:36,GB,Legacy Oracle EBS,E,PUR-001,PureLife GlucoMonitor,Medical Device,PureLife,D2C,8,72.65,GBP,0.15,581.2,494.02
TXN-GB-4-001358,2026-08-28 06:27:27,2026-08-28 06:32:27,GB,Legacy Oracle EBS,E,VIT-002,Vitalis Multivit,Supplement,Vitalis,E-commerce,9,14.53,GBP,0.0,130.77,130.77
TXN-GB-4-001359,2026-08-28 13:37:02,2026-08-28 13:39:02,GB,Legacy Oracle EBS,E,SAN-001,SanaPlus PainRelief,OTC,SanaPlus,E-commerce,10,8.12,GBP,0.1,81.2,73.08
TXN-GB-4-001360,2026-08-28 15:20:23,2026-08-28 15:21:23,GB,Legacy Oracle EBS,E,SAN-001,SanaPlus PainRelief,OTC,SanaPlus,Wholesale,7,8.12,GBP,0.15,56.84,48.31
TXN-GB-4-001361,2026-08-28 17:24:44,2026-08-28 17:27:44,GB,Legacy Oracle EBS,E,MED-001,Medora Cardio 10mg,Prescription,Medora,Wholesale,10,36.75,GBP,0.1,367.5,330.75
TXN-GB-4-001362,2026-08-28 06:45:12,2026-08-28 06:47:12,GB,Legacy Oracle EBS,E,DER-002,Dermacare LiftCream,Aesthetic,Dermacare,Wholesale,6,31.62,GBP,0.1,189.72,170.75
TXN-GB-4-001363,2026-08-28 21:14:58,2026-08-28 21:19:58,GB,Legacy Oracle EBS,E,VIT-002,Vitalis Multivit,Supplement,Vitalis,Pharmacy/B2B,7,14.53,GBP,0.0,101.71,101.71
TXN-GB-4-001364,2026-08-28 20:04:47,2026-08-28 20:09:47,GB,Legacy Oracle EBS,E,MED-002,Medora Derm Cream,Prescription,Medora,Wholesale,2,22.22,GBP,0.0,44.44,44.44
TXN-GB-4-001365,2026-08-28 23:25:58,2026-08-28 23:31:58,GB,Legacy Oracle EBS,E,PUR-002,PureLife BP Monitor,Medical Device,PureLife,D2C,11,76.92,GBP,0.2,846.12,676.9
TXN-GB-4-001366,2026-08-28 03:31:51,2026-08-28 03:37:51,GB,Legacy Oracle EBS,E,PUR-002,PureLife BP Monitor,Medical Device,PureLife,D2C,10,76.92,GBP,0.1,769.2,692.28
TXN-GB-4-001367,2026-08-28 18:47:51,2026-08-28 18:53:51,GB,Legacy Oracle EBS,E,PUR-001,PureLife GlucoMonitor,Medical Device,PureLife,Wholesale,4,72.65,GBP,0.15,290.6,247.01
TXN-GB-4-001368,2026-08-28 23:54:54,2026-08-28 23:59:54,GB,Legacy Oracle EBS,E,PUR-001,PureLife GlucoMonitor,Medical Device,PureLife,D2C,6,72.65,GBP,0.0,435.9,435.9
TXN-GB-4-001369,2026-08-28 20:54:16,2026-08-28 21:00:16,GB,Legacy Oracle EBS,E,SAN-002,SanaPlus ColdFlu,OTC,SanaPlus,D2C,1,8.97,GBP,0.0,8.97,8.97
TXN-GB-4-001370,2026-08-28 12:07:07,2026-08-28 12:09:07,GB,Legacy Oracle EBS,E,PUR-001,PureLife GlucoMonitor,Medical Device,PureLife,D2C,10,72.65,GBP,0.0,726.5,726.5
TXN-GB-4-001371,2026-08-28 18:45:21,2026-08-28 18:48:21,GB,Legacy Oracle EBS,E,SAN-002,SanaPlus ColdFlu,OTC,SanaPlus,D2C,11,8.97,GBP,0.2,98.67,78.94
TXN-GB-4-001372,2026-08-28 16:31:50,2026-08-28 16:35:50,GB,Legacy Oracle EBS,E,PUR-001,PureLife GlucoMonitor,Medical Device,PureLife,D2C,9,72.65,GBP,0.0,653.85,653.85
TXN-GB-4-001373,2026-08-28 02:52:34,2026-08-28 02:58:34,GB,Legacy Oracle EBS,E,PUR-001,PureLife GlucoMonitor,Medical Device,PureLife,E-commerce,12,72.65,GBP,0.1,871.8,784.62
TXN-GB-4-001374,2026-08-28 14:22:25,2026-08-28 14:26:25,GB,Legacy Oracle EBS,E,DER-001,Dermacare GlowSerum,Aesthetic,Dermacare,D2C,6,27.35,GBP,0.1,164.1,147.69
TXN-GB-4-001375,2026-08-28 23:03:27,2026-08-28 23:08:27,GB,Legacy Oracle EBS,E,MED-002,Medora Derm Cream,Prescription,Medora,Pharmacy/B2B,9,22.22,GBP,0.05,199.98,189.98
TXN-GB-4-001376,2026-08-28 17:16:08,2026-08-28 17:20:08,GB,Legacy Oracle EBS,E,MED-002,Medora Derm Cream,Prescription,Medora,E-commerce,9,22.22,GBP,0.05,199.98,189.98
TXN-GB-4-001377,2026-08-28 08:06:50,2026-08-28 08:07:50,GB,Legacy Oracle EBS,E,SAN-002,SanaPlus ColdFlu,OTC,SanaPlus,Wholesale,2,8.97,GBP,0.05,17.94,17.04
TXN-GB-4-001378,2026-08-28 10:17:53,2026-08-28 10:18:53,GB,Legacy Oracle EBS,E,PUR-001,PureLife GlucoMonitor,Medical Device,PureLife,Pharmacy/B2B,10,72.65,GBP,0.0,726.5,726.5
TXN-GB-4-001379,2026-08-28 07:45:17,2026-08-28 07:49:17,GB,Legacy Oracle EBS,E,MED-001,Medora Cardio 10mg,Prescription,Medora,Pharmacy/B2B,11,36.75,GBP,0.0,404.25,404.25
TXN-GB-4-001380,2026-08-28 11:53:22,2026-08-28 11:54:22,GB,Legacy Oracle EBS,E,SAN-001,SanaPlus PainRelief,OTC,SanaPlus,Pharmacy/B2B,3,8.12,GBP,0.0,24.36,24.36
TXN-GB-4-001381,2026-08-28 10:05:05,2026-08-28 10:07:05,GB,Legacy Oracle EBS,E,SAN-002,SanaPlus ColdFlu,OTC,SanaPlus,E-commerce,3,8.97,GBP,0.0,26.91,26.91
TXN-GB-4-001382,2026-08-28 08:42:55,2026-08-28 08:45:55,GB,Legacy Oracle EBS,E,DER-001,Dermacare GlowSerum,Aesthetic,Dermacare,Pharmacy/B2B,2,27.35,GBP,0.2,54.7,43.76
TXN-GB-4-001383,2026-08-28 08:36:02,2026-08-28 08:40:02,GB,Legacy Oracle EBS,E,MED-001,Medora Cardio 10mg,Prescription,Medora,Pharmacy/B2B,6,36.75,GBP,0.0,220.5,220.5
TXN-GB-4-001384,2026-08-28 11:39:29,2026-08-28 11:40:29,GB,Legacy Oracle EBS,E,SAN-002,SanaPlus ColdFlu,OTC,SanaPlus,E-commerce,8,8.97,GBP,0.05,71.76,68.17
TXN-GB-4-001385,2026-08-28 07:45:39,2026-08-28 07:49:39,GB,Legacy Oracle EBS,E,VIT-002,Vitalis Multivit,Supplement,Vitalis,Wholesale,10,14.53,GBP,0.0,145.3,145.3
TXN-GB-4-001386,2026-08-28 08:06:30,2026-08-28 08:07:30,GB,Legacy Oracle EBS,E,VIT-002,Vitalis Multivit,Supplement,Vitalis,Wholesale,5,14.53,GBP,0.2,72.65,58.12
TXN-GB-4-001387,2026-08-28 21:15:50,2026-08-28 21:18:50,GB,Legacy Oracle EBS,E,SAN-002,SanaPlus ColdFlu,OTC,SanaPlus,E-commerce,4,8.97,GBP,0.0,35.88,35.88
TXN-GB-4-001388,2026-08-28 21:13:14,2026-08-28 21:18:14,GB,Legacy Oracle EBS,E,PUR-002,PureLife BP Monitor,Medical Device,PureLife,D2C,10,76.92,GBP,0.2,769.2,615.36
TXN-GB-4-001389,2026-08-28 14:11:34,2026-08-28 14:12:34,GB,Legacy Oracle EBS,E,MED-002,Medora Derm Cream,Prescription,Medora,D2C,12,22.22,GBP,0.15,266.64,226.64
TXN-GB-4-001390,2026-08-28 22:36:52,2026-08-28 22:40:52,GB,Legacy Oracle EBS,E,DER-002,Dermacare LiftCream,Aesthetic,Dermacare,E-commerce,12,31.62,GBP,0.05,379.44,360.47
TXN-GB-4-001391,2026-08-28 12:36:32,2026-08-28 12:37:32,GB,Legacy Oracle EBS,E,MED-002,Medora Derm Cream,Prescription,Medora,Wholesale,10,22.22,GBP,0.0,222.2,222.2
TXN-GB-4-001392,2026-08-28 09:01:46,2026-08-28 09:05:46,GB,Legacy Oracle EBS,E,PUR-002,PureLife BP Monitor,Medical Device,PureLife,Pharmacy/B2B,6,76.92,GBP,0.15,461.52,392.29
TXN-GB-4-001393,2026-08-28 00:36:17,2026-08-28 00:40:17,GB,Legacy Oracle EBS,E,MED-001,Medora Cardio 10mg,Prescription,Medora,Wholesale,6,36.75,GBP,0.15,220.5,187.42
TXN-GB-4-001394,2026-08-28 21:07:10,2026-08-28 21:08:10,GB,Legacy Oracle EBS,E,DER-001,Dermacare GlowSerum,Aesthetic,Dermacare,D2C,11,27.35,GBP,0.05,300.85,285.81
TXN-GB-4-001395,2026-08-28 19:36:09,2026-08-28 19:37:09,GB,Legacy Oracle EBS,E,SAN-001,SanaPlus PainRelief,OTC,SanaPlus,E-commerce,3,8.12,GBP,0.0,24.36,24.36
TXN-GB-4-001396,2026-08-28 00:36:27,2026-08-28 00:38:27,GB,Legacy Oracle EBS,E,MED-001,Medora Cardio 10mg,Prescription,Medora,E-commerce,7,36.75,GBP,0.2,257.25,205.8
TXN-GB-4-001397,2026-08-28 03:37:39,2026-08-28 03:40:39,GB,Legacy Oracle EBS,E,SAN-002,SanaPlus ColdFlu,OTC,SanaPlus,E-commerce,12,8.97,GBP,0.1,107.64,96.88
TXN-GB-4-001398,2026-08-28 04:58:36,2026-08-28 05:03:36,GB,Legacy Oracle EBS,E,VIT-001,Vitalis C1000,Supplement,Vitalis,E-commerce,9,17.95,GBP,0.2,161.55,129.24
TXN-GB-4-001399,2026-08-28 18:22:01,2026-08-28 18:28:01,GB,Legacy Oracle EBS,E,VIT-001,Vitalis C1000,Supplement,Vitalis,E-commerce,5,17.95,GBP,0.05,89.75,85.26
TXN-GB-4-001400,2026-08-28 20:17:47,2026-08-28 20:21:47,GB,Legacy Oracle EBS,E,MED-002,Medora Derm Cream,Prescription,Medora,Pharmacy/B2B,3,22.22,GBP,0.0,66.66,66.66
TXN-GB-4-001401,2026-08-28 07:36:49,2026-08-28 07:41:49,GB,Legacy Oracle EBS,E,MED-001,Medora Cardio 10mg,Prescription,Medora,E-commerce,12,36.75,GBP,0.0,441.0,441.0
TXN-GB-4-001402,2026-08-28 03:24:20,2026-08-28 03:27:20,GB,Legacy Oracle EBS,E,SAN-002,SanaPlus ColdFlu,OTC,SanaPlus,Wholesale,5,8.97,GBP,0.0,44.85,44.85
TXN-GB-4-001403,2026-08-28 03:04:23,2026-08-28 03:09:23,GB,Legacy Oracle EBS,E,SAN-001,SanaPlus PainRelief,OTC,SanaPlus,Wholesale,6,8.12,GBP,0.05,48.72,46.28
TXN-GB-4-001404,2026-08-28 18:52:27,2026-08-28 18:55:27,GB,Legacy Oracle EBS,E,DER-002,Dermacare LiftCream,Aesthetic,Dermacare,D2C,10,31.62,GBP,0.1,316.2,284.58
TXN-GB-4-001405,2026-08-28 00:50:52,2026-08-28 00:53:52,GB,Legacy Oracle EBS,E,DER-002,Dermacare LiftCream,Aesthetic,Dermacare,Pharmacy/B2B,9,31.62,GBP,0.15,284.58,241.89
TXN-GB-4-001406,2026-08-28 11:45:02,2026-08-28 11:50:02,GB,Legacy Oracle EBS,E,MED-002,Medora Derm Cream,Prescription,Medora,E-commerce,10,22.22,GBP,0.0,222.2,222.2
TXN-GB-4-001407,2026-08-28 01:47:08,2026-08-28 01:50:08,GB,Legacy Oracle EBS,E,MED-001,Medora Cardio 10mg,Prescription,Medora,Wholesale,2,36.75,GBP,0.0,73.5,73.5
TXN-GB-4-001408,2026-08-28 04:04:58,2026-08-28 04:09:58,GB,Legacy Oracle EBS,E,DER-001,Dermacare GlowSerum,Aesthetic,Dermacare,D2C,2,27.35,GBP,0.0,54.7,54.7
TXN-GB-4-001409,2026-08-28 15:42:01,2026-08-28 15:45:01,GB,Legacy Oracle EBS,E,SAN-002,SanaPlus ColdFlu,OTC,SanaPlus,Pharmacy/B2B,11,8.97,GBP,0.1,98.67,88.8
TXN-GB-4-001410,2026-08-28 18:29:24,2026-08-28 18:33:24,GB,Legacy Oracle EBS,E,VIT-002,Vitalis Multivit,Supplement,Vitalis,E-commerce,5,14.53,GBP,0.0,72.65,72.65
TXN-GB-4-001411,2026-08-28 05:34:04,2026-08-28 05:39:04,GB,Legacy Oracle EBS,E,SAN-001,SanaPlus PainRelief,OTC,SanaPlus,Wholesale,5,8.12,GBP,0.15,40.6,34.51
TXN-GB-4-001412,2026-08-28 19:19:18,2026-08-28 19:21:18,GB,Legacy Oracle EBS,E,MED-001,Medora Cardio 10mg,Prescription,Medora,Wholesale,6,36.75,GBP,0.05,220.5,209.47
TXN-GB-4-001413,2026-08-28 16:44:44,2026-08-28 16:50:44,GB,Legacy Oracle EBS,E,DER-002,Dermacare LiftCream,Aesthetic,Dermacare,D2C,11,31.62,GBP,0.0,347.82,347.82
TXN-GB-4-001414,2026-08-28 16:25:00,2026-08-28 16:29:00,GB,Legacy Oracle EBS,E,DER-002,Dermacare LiftCream,Aesthetic,Dermacare,Wholesale,7,31.62,GBP,0.0,221.34,221.34
TXN-GB-4-001415,2026-08-28 14:12:05,2026-08-28 14:17:05,GB,Legacy Oracle EBS,E,DER-001,Dermacare GlowSerum,Aesthetic,Dermacare,Pharmacy/B2B,11,27.35,GBP,0.0,300.85,300.85
TXN-GB-4-001416,2026-08-28 05:24:24,2026-08-28 05:27:24,GB,Legacy Oracle EBS,E,SAN-002,SanaPlus ColdFlu,OTC,SanaPlus,Pharmacy/B2B,2,8.97,GBP,0.0,17.94,17.94
TXN-GB-4-001417,2026-08-28 04:46:26,2026-08-28 04:49:26,GB,Legacy Oracle EBS,E,PUR-001,PureLife GlucoMonitor,Medical Device,PureLife,Wholesale,12,72.65,GBP,0.15,871.8,741.03
TXN-GB-4-001418,2026-08-28 02:25:01,2026-08-28 02:28:01,GB,Legacy Oracle EBS,E,MED-001,Medora Cardio 10mg,Prescription,Medora,Pharmacy/B2B,6,36.75,GBP,0.0,220.5,220.5
TXN-GB-4-001419,2026-08-28 12:04:20,2026-08-28 12:06:20,GB,Legacy Oracle EBS,E,SAN-001,SanaPlus PainRelief,OTC,SanaPlus,E-commerce,10,8.12,GBP,0.0,81.2,81.2
TXN-GB-4-001420,2026-08-28 00:01:22,2026-08-28 00:02:22,GB,Legacy Oracle EBS,E,DER-001,Dermacare GlowSerum,Aesthetic,Dermacare,Pharmacy/B2B,2,27.35,GBP,0.15,54.7,46.5
TXN-GB-4-001421,2026-08-28 02:38:49,2026-08-28 02:42:49,GB,Legacy Oracle EBS,E,PUR-001,PureLife GlucoMonitor,Medical Device,PureLife,Pharmacy/B2B,12,72.65,GBP,0.05,871.8,828.21
TXN-GB-4-001422,2026-08-28 01:54:42,2026-08-28 01:55:42,GB,Legacy Oracle EBS,E,PUR-001,PureLife GlucoMonitor,Medical Device,PureLife,Pharmacy/B2B,5,72.65,GBP,0.15,363.25,308.76
TXN-GB-4-001423,2026-08-28 14:40:29,2026-08-28 14:44:29,GB,Legacy Oracle EBS,E,DER-001,Dermacare GlowSerum,Aesthetic,Dermacare,Wholesale,2,27.35,GBP,0.0,54.7,54.7
TXN-GB-4-001424,2026-08-28 20:12:02,2026-08-28 20:18:02,GB,Legacy Oracle EBS,E,SAN-001,SanaPlus PainRelief,OTC,SanaPlus,E-commerce,3,8.12,GBP,0.15,24.36,20.71
TXN-GB-4-001425,2026-08-28 03:03:28,2026-08-28 03:05:28,GB,Legacy Oracle EBS,E,VIT-001,Vitalis C1000,Supplement,Vitalis,E-commerce,2,17.95,GBP,0.15,35.9,30.51
TXN-GB-4-001426,2026-08-28 04:37:08,2026-08-28 04:41:08,GB,Legacy Oracle EBS,E,MED-001,Medora Cardio 10mg,Prescription,Medora,Pharmacy/B2B,9,36.75,GBP,0.0,330.75,330.75
TXN-GB-4-001427,2026-08-28 06:08:19,2026-08-28 06:11:19,GB,Legacy Oracle EBS,E,SAN-001,SanaPlus PainRelief,OTC,SanaPlus,D2C,12,8.12,GBP,0.05,97.44,92.57
TXN-GB-4-001428,2026-08-28 18:06:51,2026-08-28 18:12:51,GB,Legacy Oracle EBS,E,VIT-002,Vitalis Multivit,Supplement,Vitalis,D2C,7,14.53,GBP,0.05,101.71,96.62
TXN-GB-4-001429,2026-08-28 20:36:31,2026-08-28 20:38:31,GB,Legacy Oracle EBS,E,MED-002,Medora Derm Cream,Prescription,Medora,E-commerce,6,22.22,GBP,0.2,133.32,106.66
TXN-GB-4-001430,2026-08-28 13:14:25,2026-08-28 13:15:25,GB,Legacy Oracle EBS,E,PUR-002,PureLife BP Monitor,Medical Device,PureLife,Wholesale,10,76.92,GBP,0.05,769.2,730.74
TXN-GB-4-001431,2026-08-28 03:55:02,2026-08-28 03:56:02,GB,Legacy Oracle EBS,E,VIT-002,Vitalis Multivit,Supplement,Vitalis,D2C,1,14.53,GBP,0.15,14.53,12.35
TXN-GB-4-001432,2026-08-28 03:58:46,2026-08-28 04:02:46,GB,Legacy Oracle EBS,E,VIT-001,Vitalis C1000,Supplement,Vitalis,D2C,10,17.95,GBP,0.2,179.5,143.6
TXN-GB-4-001433,2026-08-28 12:02:37,2026-08-28 12:08:37,GB,Legacy Oracle EBS,E,DER-002,Dermacare LiftCream,Aesthetic,Dermacare,Wholesale,10,31.62,GBP,0.0,316.2,316.2
TXN-GB-4-001434,2026-08-28 15:22:54,2026-08-28 15:26:54,GB,Legacy Oracle EBS,E,PUR-001,PureLife GlucoMonitor,Medical Device,PureLife,Pharmacy/B2B,10,72.65,GBP,0.0,726.5,726.5
TXN-GB-4-001435,2026-08-28 05:51:11,2026-08-28 05:55:11,GB,Legacy Oracle EBS,E,MED-001,Medora Cardio 10mg,Prescription,Medora,E-commerce,12,36.75,GBP,0.1,441.0,396.9
TXN-GB-4-001436,2026-08-28 15:01:43,2026-08-28 15:07:43,GB,Legacy Oracle EBS,E,PUR-002,PureLife BP Monitor,Medical Device,PureLife,E-commerce,3,76.92,GBP,0.0,230.76,230.76
TXN-GB-4-001437,2026-08-28 02:57:04,2026-08-28 03:02:04,GB,Legacy Oracle EBS,E,VIT-002,Vitalis Multivit,Supplement,Vitalis,Pharmacy/B2B,8,14.53,GBP,0.0,116.24,116.24
TXN-GB-4-001438,2026-08-28 13:58:39,2026-08-28 14:03:39,GB,Legacy Oracle EBS,E,SAN-002,SanaPlus ColdFlu,OTC,SanaPlus,Wholesale,2,8.97,GBP,0.0,17.94,17.94
TXN-GB-4-001439,2026-08-28 01:53:01,2026-08-28 01:58:01,GB,Legacy Oracle EBS,E,MED-001,Medora Cardio 10mg,Prescription,Medora,E-commerce,6,36.75,GBP,0.1,220.5,198.45
TXN-GB-4-001440,2026-08-28 05:09:20,2026-08-28 05:15:20,GB,Legacy Oracle EBS,E,MED-001,Medora Cardio 10mg,Prescription,Medora,Pharmacy/B2B,11,36.75,GBP,0.0,404.25,404.25
TXN-GB-4-001441,2026-08-28 18:42:38,2026-08-28 18:44:38,GB,Legacy Oracle EBS,E,MED-002,Medora Derm Cream,Prescription,Medora,Wholesale,2,22.22,GBP,0.05,44.44,42.22
TXN-GB-4-001442,2026-08-28 15:09:39,2026-08-28 15:10:39,GB,Legacy Oracle EBS,E,VIT-001,Vitalis C1000,Supplement,Vitalis,D2C,9,17.95,GBP,0.05,161.55,153.47
TXN-GB-4-001443,2026-08-28 14:46:33,2026-08-28 14:48:33,GB,Legacy Oracle EBS,E,VIT-001,Vitalis C1000,Supplement,Vitalis,D2C,11,17.95,GBP,0.0,197.45,197.45
TXN-GB-4-001444,2026-08-28 04:09:17,2026-08-28 04:12:17,GB,Legacy Oracle EBS,E,DER-002,Dermacare LiftCream,Aesthetic,Dermacare,E-commerce,1,31.62,GBP,0.2,31.62,25.3
TXN-GB-4-001445,2026-08-28 08:25:14,2026-08-28 08:27:14,GB,Legacy Oracle EBS,E,VIT-001,Vitalis C1000,Supplement,Vitalis,Wholesale,3,17.95,GBP,0.0,53.85,53.85
TXN-GB-4-001446,2026-08-28 10:49:20,2026-08-28 10:51:20,GB,Legacy Oracle EBS,E,PUR-002,PureLife BP Monitor,Medical Device,PureLife,Wholesale,1,76.92,GBP,0.2,76.92,61.54
TXN-GB-4-001447,2026-08-28 19:21:14,2026-08-28 19:25:14,GB,Legacy Oracle EBS,E,SAN-001,SanaPlus PainRelief,OTC,SanaPlus,Wholesale,3,8.12,GBP,0.0,24.36,24.36
TXN-GB-4-001448,2026-08-28 20:02:37,2026-08-28 20:08:37,GB,Legacy Oracle EBS,E,MED-001,Medora Cardio 10mg,Prescription,Medora,D2C,2,36.75,GBP,0.0,73.5,73.5
TXN-GB-4-001449,2026-08-28 18:38:20,2026-08-28 18:42:20,GB,Legacy Oracle EBS,E,SAN-001,SanaPlus PainRelief,OTC,SanaPlus,E-commerce,11,8.12,GBP,0.2,89.32,71.46
TXN-GB-4-001450,2026-08-28 16:23:44,2026-08-28 16:28:44,GB,Legacy Oracle EBS,E,SAN-001,SanaPlus PainRelief,OTC,SanaPlus,D2C,8,8.12,GBP,0.2,64.96,51.97
TXN-GB-4-001451,2026-08-28 12:07:30,2026-08-28 12:13:30,GB,Legacy Oracle EBS,E,VIT-002,Vitalis Multivit,Supplement,Vitalis,E-commerce,10,14.53,GBP,0.1,145.3,130.77
TXN-GB-4-001452,2026-08-28 04:14:36,2026-08-28 04:18:36,GB,Legacy Oracle EBS,E,MED-002,Medora Derm Cream,Prescription,Medora,E-commerce,11,22.22,GBP,0.0,244.42,244.42
TXN-GB-4-001453,2026-08-28 01:29:47,2026-08-28 01:30:47,GB,Legacy Oracle EBS,E,PUR-002,PureLife BP Monitor,Medical Device,PureLife,Wholesale,6,76.92,GBP,0.0,461.52,461.52
TXN-GB-4-001454,2026-08-28 18:56:06,2026-08-28 19:00:06,GB,Legacy Oracle EBS,E,VIT-002,Vitalis Multivit,Supplement,Vitalis,Wholesale,1,14.53,GBP,0.0,14.53,14.53
TXN-GB-4-001455,2026-08-28 09:44:53,2026-08-28 09:47:53,GB,Legacy Oracle EBS,E,PUR-001,PureLife GlucoMonitor,Medical Device,PureLife,E-commerce,9,72.65,GBP,0.0,653.85,653.85
TXN-GB-4-001456,2026-08-28 09:37:52,2026-08-28 09:39:52,GB,Legacy Oracle EBS,E,PUR-001,PureLife GlucoMonitor,Medical Device,PureLife,Wholesale,7,72.65,GBP,0.0,508.55,508.55
TXN-GB-4-001457,2026-08-28 11:14:40,2026-08-28 11:16:40,GB,Legacy Oracle EBS,E,DER-002,Dermacare LiftCream,Aesthetic,Dermacare,Pharmacy/B2B,7,31.62,GBP,0.1,221.34,199.21
TXN-GB-4-001458,2026-08-28 02:34:20,2026-08-28 02:37:20,GB,Legacy Oracle EBS,E,VIT-001,Vitalis C1000,Supplement,Vitalis,E-commerce,6,17.95,GBP,0.2,107.7,86.16
TXN-GB-4-001459,2026-08-28 22:46:03,2026-08-28 22:47:03,GB,Legacy Oracle EBS,E,DER-001,Dermacare GlowSerum,Aesthetic,Dermacare,Pharmacy/B2B,10,27.35,GBP,0.0,273.5,273.5
TXN-GB-4-001460,2026-08-28 11:47:14,2026-08-28 11:50:14,GB,Legacy Oracle EBS,E,VIT-001,Vitalis C1000,Supplement,Vitalis,E-commerce,1,17.95,GBP,0.0,17.95,17.95
TXN-GB-4-001461,2026-08-28 18:11:28,2026-08-28 18:17:28,GB,Legacy Oracle EBS,E,VIT-001,Vitalis C1000,Supplement,Vitalis,Pharmacy/B2B,8,17.95,GBP,0.1,143.6,129.24
TXN-GB-4-001462,2026-08-28 20:15:57,2026-08-28 20:21:57,GB,Legacy Oracle EBS,E,DER-001,Dermacare GlowSerum,Aesthetic,Dermacare,E-commerce,8,27.35,GBP,0.05,218.8,207.86
TXN-GB-4-001463,2026-08-28 17:24:27,2026-08-28 17:26:27,GB,Legacy Oracle EBS,E,MED-001,Medora Cardio 10mg,Prescription,Medora,E-commerce,11,36.75,GBP,0.0,404.25,404.25
TXN-GB-4-001464,2026-08-28 05:04:52,2026-08-28 05:07:52,GB,Legacy Oracle EBS,E,SAN-001,SanaPlus PainRelief,OTC,SanaPlus,E-commerce,6,8.12,GBP,0.0,48.72,48.72
TXN-GB-4-001465,2026-08-28 14:35:10,2026-08-28 14:40:10,GB,Legacy Oracle EBS,E,DER-002,Dermacare LiftCream,Aesthetic,Dermacare,D2C,10,31.62,GBP,0.05,316.2,300.39
TXN-GB-4-001466,2026-08-28 20:03:43,2026-08-28 20:04:43,GB,Legacy Oracle EBS,E,DER-002,Dermacare LiftCream,Aesthetic,Dermacare,E-commerce,11,31.62,GBP,0.0,347.82,347.82
TXN-GB-4-001467,2026-08-28 19:42:30,2026-08-28 19:43:30,GB,Legacy Oracle EBS,E,SAN-002,SanaPlus ColdFlu,OTC,SanaPlus,D2C,11,8.97,GBP,0.0,98.67,98.67
TXN-GB-4-001468,2026-08-28 08:57:04,2026-08-28 09:00:04,GB,Legacy Oracle EBS,E,SAN-001,SanaPlus PainRelief,OTC,SanaPlus,D2C,5,8.12,GBP,0.0,40.6,40.6
TXN-GB-4-001469,2026-08-28 06:34:15,2026-08-28 06:36:15,GB,Legacy Oracle EBS,E,PUR-002,PureLife BP Monitor,Medical Device,PureLife,Pharmacy/B2B,7,76.92,GBP,0.0,538.44,538.44
TXN-GB-4-001470,2026-08-28 09:19:54,2026-08-28 09:25:54,GB,Legacy Oracle EBS,E,VIT-002,Vitalis Multivit,Supplement,Vitalis,D2C,3,14.53,GBP,0.0,43.59,43.59
TXN-GB-4-001471,2026-08-28 19:56:02,2026-08-28 20:01:02,GB,Legacy Oracle EBS,E,MED-002,Medora Derm Cream,Prescription,Medora,E-commerce,5,22.22,GBP,0.2,111.1,88.88
TXN-GB-4-001472,2026-08-28 15:37:15,2026-08-28 15:39:15,GB,Legacy Oracle EBS,E,MED-001,Medora Cardio 10mg,Prescription,Medora,Wholesale,9,36.75,GBP,0.15,330.75,281.14
TXN-GB-4-001473,2026-08-28 21:54:38,2026-08-28 22:00:38,GB,Legacy Oracle EBS,E,PUR-002,PureLife BP Monitor,Medical Device,PureLife,Wholesale,2,76.92,GBP,0.05,153.84,146.15
TXN-GB-4-001474,2026-08-28 01:42:03,2026-08-28 01:46:03,GB,Legacy Oracle EBS,E,MED-002,Medora Derm Cream,Prescription,Medora,D2C,7,22.22,GBP,0.0,155.54,155.54
TXN-GB-4-001475,2026-08-28 05:43:46,2026-08-28 05:48:46,GB,Legacy Oracle EBS,E,SAN-001,SanaPlus PainRelief,OTC,SanaPlus,D2C,2,8.12,GBP,0.15,16.24,13.8
TXN-GB-4-001476,2026-08-28 08:16:17,2026-08-28 08:20:17,GB,Legacy Oracle EBS,E,DER-001,Dermacare GlowSerum,Aesthetic,Dermacare,Wholesale,7,27.35,GBP,0.2,191.45,153.16
TXN-GB-4-001477,2026-08-28 22:11:04,2026-08-28 22:16:04,GB,Legacy Oracle EBS,E,SAN-001,SanaPlus PainRelief,OTC,SanaPlus,Wholesale,10,8.12,GBP,0.0,81.2,81.2
TXN-GB-4-001478,2026-08-28 10:13:29,2026-08-28 10:16:29,GB,Legacy Oracle EBS,E,SAN-001,SanaPlus PainRelief,OTC,SanaPlus,Wholesale,12,8.12,GBP,0.05,97.44,92.57
TXN-GB-4-001479,2026-08-28 01:42:12,2026-08-28 01:43:12,GB,Legacy Oracle EBS,E,DER-001,Dermacare GlowSerum,Aesthetic,Dermacare,Wholesale,7,27.35,GBP,0.15,191.45,162.73
TXN-GB-4-001480,2026-08-28 13:01:33,2026-08-28 13:06:33,GB,Legacy Oracle EBS,E,PUR-001,PureLife GlucoMonitor,Medical Device,PureLife,D2C,2,72.65,GBP,0.1,145.3,130.77
TXN-GB-4-001481,2026-08-28 19:40:59,2026-08-28 19:41:59,GB,Legacy Oracle EBS,E,MED-002,Medora Derm Cream,Prescription,Medora,D2C,9,22.22,GBP,0.15,199.98,169.98
TXN-GB-4-001482,2026-08-28 08:15:32,2026-08-28 08:20:32,GB,Legacy Oracle EBS,E,DER-002,Dermacare LiftCream,Aesthetic,Dermacare,D2C,1,31.62,GBP,0.05,31.62,30.04
TXN-GB-4-001483,2026-08-28 19:34:01,2026-08-28 19:37:01,GB,Legacy Oracle EBS,E,SAN-001,SanaPlus PainRelief,OTC,SanaPlus,Wholesale,9,8.12,GBP,0.15,73.08,62.12
TXN-GB-4-001484,2026-08-28 02:42:13,2026-08-28 02:48:13,GB,Legacy Oracle EBS,E,DER-001,Dermacare GlowSerum,Aesthetic,Dermacare,Pharmacy/B2B,11,27.35,GBP,0.0,300.85,300.85
TXN-GB-4-001485,2026-08-28 17:32:32,2026-08-28 17:37:32,GB,Legacy Oracle EBS,E,MED-002,Medora Derm Cream,Prescription,Medora,Wholesale,4,22.22,GBP,0.15,88.88,75.55
TXN-GB-4-001486,2026-08-28 01:19:41,2026-08-28 01:20:41,GB,Legacy Oracle EBS,E,PUR-002,PureLife BP Monitor,Medical Device,PureLife,E-commerce,4,76.92,GBP,0.15,307.68,261.53
TXN-GB-4-001487,2026-08-28 18:40:16,2026-08-28 18:42:16,GB,Legacy Oracle EBS,E,PUR-002,PureLife BP Monitor,Medical Device,PureLife,Wholesale,4,76.92,GBP,0.0,307.68,307.68
TXN-GB-4-001488,2026-08-28 14:17:02,2026-08-28 14:22:02,GB,Legacy Oracle EBS,E,MED-001,Medora Cardio 10mg,Prescription,Medora,D2C,9,36.75,GBP,0.2,330.75,264.6
TXN-GB-4-001489,2026-08-28 00:37:50,2026-08-28 00:39:50,GB,Legacy Oracle EBS,E,MED-001,Medora Cardio 10mg,Prescription,Medora,E-commerce,8,36.75,GBP,0.15,294.0,249.9
TXN-GB-4-001490,2026-08-28 02:59:13,2026-08-28 03:03:13,GB,Legacy Oracle EBS,E,SAN-001,SanaPlus PainRelief,OTC,SanaPlus,D2C,6,8.12,GBP,0.0,48.72,48.72
TXN-GB-4-001491,2026-08-28 05:49:44,2026-08-28 05:55:44,GB,Legacy Oracle EBS,E,SAN-001,SanaPlus PainRelief,OTC,SanaPlus,Wholesale,4,8.12,GBP,0.0,32.48,32.48
TXN-GB-4-001492,2026-08-28 11:23:08,2026-08-28 11:27:08,GB,Legacy Oracle EBS,E,MED-002,Medora Derm Cream,Prescription,Medora,E-commerce,10,22.22,GBP,0.0,222.2,222.2
TXN-GB-4-001493,2026-08-28 20:37:32,2026-08-28 20:39:32,GB,Legacy Oracle EBS,E,MED-002,Medora Derm Cream,Prescription,Medora,Pharmacy/B2B,4,22.22,GBP,0.2,88.88,71.1
TXN-GB-4-001494,2026-08-28 05:44:10,2026-08-28 05:47:10,GB,Legacy Oracle EBS,E,MED-001,Medora Cardio 10mg,Prescription,Medora,Wholesale,9,36.75,GBP,0.0,330.75,330.75
TXN-GB-4-001495,2026-08-28 01:43:57,2026-08-28 01:49:57,GB,Legacy Oracle EBS,E,MED-002,Medora Derm Cream,Prescription,Medora,D2C,11,22.22,GBP,0.1,244.42,219.98
TXN-GB-4-001496,2026-08-28 12:55:09,2026-08-28 12:57:09,GB,Legacy Oracle EBS,E,DER-001,Dermacare GlowSerum,Aesthetic,Dermacare,E-commerce,9,27.35,GBP,0.15,246.15,209.23
TXN-GB-4-001497,2026-08-28 10:19:58,2026-08-28 10:21:58,GB,Legacy Oracle EBS,E,DER-002,Dermacare LiftCream,Aesthetic,Dermacare,Pharmacy/B2B,4,31.62,GBP,0.0,126.48,126.48
TXN-GB-4-001498,2026-08-28 12:57:13,2026-08-28 13:00:13,GB,Legacy Oracle EBS,E,SAN-001,SanaPlus PainRelief,OTC,SanaPlus,E-commerce,2,8.12,GBP,0.0,16.24,16.24
TXN-GB-4-001499,2026-08-28 06:20:45,2026-08-28 06:26:45,GB,Legacy Oracle EBS,E,MED-002,Medora Derm Cream,Prescription,Medora,E-commerce,3,22.22,GBP,0.0,66.66,66.66
TXN-GB-4-001500,2026-08-28 08:33:23,2026-08-28 08:37:23,GB,Legacy Oracle EBS,E,SAN-001,SanaPlus PainRelief,OTC,SanaPlus,Pharmacy/B2B,10,8.12,GBP,0.2,81.2,64.96
TXN-GB-4-001501,2026-08-28 09:11:14,2026-08-28 09:17:14,GB,Legacy Oracle EBS,E,VIT-001,Vitalis C1000,Supplement,Vitalis,Wholesale,9,17.95,GBP,0.0,161.55,161.55
TXN-GB-4-001502,2026-08-28 03:08:57,2026-08-28 03:14:57,GB,Legacy Oracle EBS,E,PUR-001,PureLife GlucoMonitor,Medical Device,PureLife,Wholesale,10,72.65,GBP,0.1,726.5,653.85
TXN-GB-4-001503,2026-08-28 10:30:02,2026-08-28 10:31:02,GB,Legacy Oracle EBS,E,SAN-002,SanaPlus ColdFlu,OTC,SanaPlus,E-commerce,10,8.97,GBP,0.1,89.7,80.73
TXN-GB-4-001504,2026-08-28 00:19:26,2026-08-28 00:21:26,GB,Legacy Oracle EBS,E,DER-001,Dermacare GlowSerum,Aesthetic,Dermacare,Wholesale,3,27.35,GBP,0.2,82.05,65.64
TXN-GB-4-001505,2026-08-28 09:57:36,2026-08-28 10:01:36,GB,Legacy Oracle EBS,E,VIT-001,Vitalis C1000,Supplement,Vitalis,Wholesale,4,17.95,GBP,0.1,71.8,64.62
TXN-GB-4-001506,2026-08-28 09:47:55,2026-08-28 09:48:55,GB,Legacy Oracle EBS,E,MED-001,Medora Cardio 10mg,Prescription,Medora,E-commerce,6,36.75,GBP,0.0,220.5,220.5
TXN-GB-4-001507,2026-08-28 13:41:25,2026-08-28 13:47:25,GB,Legacy Oracle EBS,E,VIT-002,Vitalis Multivit,Supplement,Vitalis,D2C,3,14.53,GBP,0.15,43.59,37.05
TXN-GB-4-001508,2026-08-28 07:12:55,2026-08-28 07:18:55,GB,Legacy Oracle EBS,E,SAN-001,SanaPlus PainRelief,OTC,SanaPlus,D2C,11,8.12,GBP,0.0,89.32,89.32
TXN-GB-4-001509,2026-08-28 07:34:33,2026-08-28 07:35:33,GB,Legacy Oracle EBS,E,VIT-002,Vitalis Multivit,Supplement,Vitalis,E-commerce,8,14.53,GBP,0.0,116.24,116.24
TXN-GB-4-001510,2026-08-28 08:16:09,2026-08-28 08:17:09,GB,Legacy Oracle EBS,E,PUR-001,PureLife GlucoMonitor,Medical Device,PureLife,Wholesale,7,72.65,GBP,0.05,508.55,483.12
TXN-GB-4-001511,2026-08-28 22:23:01,2026-08-28 22:29:01,GB,Legacy Oracle EBS,E,PUR-001,PureLife GlucoMonitor,Medical Device,PureLife,D2C,1,72.65,GBP,0.2,72.65,58.12
TXN-GB-4-001512,2026-08-28 00:43:57,2026-08-28 00:47:57,GB,Legacy Oracle EBS,E,DER-002,Dermacare LiftCream,Aesthetic,Dermacare,D2C,6,31.62,GBP,0.0,189.72,189.72
TXN-GB-4-001513,2026-08-28 13:33:45,2026-08-28 13:34:45,GB,Legacy Oracle EBS,E,MED-002,Medora Derm Cream,Prescription,Medora,D2C,11,22.22,GBP,0.0,244.42,244.42
TXN-GB-4-001514,2026-08-28 10:26:15,2026-08-28 10:28:15,GB,Legacy Oracle EBS,E,VIT-002,Vitalis Multivit,Supplement,Vitalis,E-commerce,7,14.53,GBP,0.0,101.71,101.71
TXN-GB-4-001515,2026-08-28 23:47:50,2026-08-28 23:49:50,GB,Legacy Oracle EBS,E,MED-002,Medora Derm Cream,Prescription,Medora,E-commerce,9,22.22,GBP,0.0,199.98,199.98
TXN-GB-4-001516,2026-08-28 10:40:16,2026-08-28 10:46:16,GB,Legacy Oracle EBS,E,PUR-002,PureLife BP Monitor,Medical Device,PureLife,E-commerce,10,76.92,GBP,0.15,769.2,653.82
TXN-GB-4-001517,2026-08-28 07:09:52,2026-08-28 07:15:52,GB,Legacy Oracle EBS,E,PUR-001,PureLife GlucoMonitor,Medical Device,PureLife,Pharmacy/B2B,10,72.65,GBP,0.05,726.5,690.17
TXN-GB-4-001518,2026-08-28 08:17:37,2026-08-28 08:20:37,GB,Legacy Oracle EBS,E,VIT-001,Vitalis C1000,Supplement,Vitalis,Pharmacy/B2B,10,17.95,GBP,0.1,179.5,161.55
TXN-GB-4-001519,2026-08-28 20:11:27,2026-08-28 20:14:27,GB,Legacy Oracle EBS,E,MED-001,Medora Cardio 10mg,Prescription,Medora,Wholesale,6,36.75,GBP,0.1,220.5,198.45
TXN-GB-4-001520,2026-08-28 02:44:19,2026-08-28 02:48:19,GB,Legacy Oracle EBS,E,PUR-002,PureLife BP Monitor,Medical Device,PureLife,E-commerce,9,76.92,GBP,0.2,692.28,553.82
TXN-GB-4-001521,2026-08-28 03:09:17,2026-08-28 03:13:17,GB,Legacy Oracle EBS,E,MED-001,Medora Cardio 10mg,Prescription,Medora,Pharmacy/B2B,10,36.75,GBP,0.1,367.5,330.75
TXN-GB-4-001522,2026-08-28 10:06:39,2026-08-28 10:10:39,GB,Legacy Oracle EBS,E,VIT-002,Vitalis Multivit,Supplement,Vitalis,Pharmacy/B2B,9,14.53,GBP,0.05,130.77,124.23
TXN-GB-4-001523,2026-08-28 20:12:14,2026-08-28 20:14:14,GB,Legacy Oracle EBS,E,MED-001,Medora Cardio 10mg,Prescription,Medora,Wholesale,12,36.75,GBP,0.2,441.0,352.8
TXN-GB-4-001524,2026-08-28 13:01:52,2026-08-28 13:07:52,GB,Legacy Oracle EBS,E,MED-001,Medora Cardio 10mg,Prescription,Medora,D2C,7,36.75,GBP,0.0,257.25,257.25
TXN-GB-4-001525,2026-08-28 12:18:27,2026-08-28 12:21:27,GB,Legacy Oracle EBS,E,PUR-002,PureLife BP Monitor,Medical Device,PureLife,E-commerce,12,76.92,GBP,0.15,923.04,784.58
TXN-GB-4-001526,2026-08-28 03:33:59,2026-08-28 03:36:59,GB,Legacy Oracle EBS,E,SAN-002,SanaPlus ColdFlu,OTC,SanaPlus,Pharmacy/B2B,6,8.97,GBP,0.1,53.82,48.44
TXN-GB-4-001527,2026-08-28 22:38:44,2026-08-28 22:43:44,GB,Legacy Oracle EBS,E,VIT-002,Vitalis Multivit,Supplement,Vitalis,Pharmacy/B2B,7,14.53,GBP,0.0,101.71,101.71
TXN-GB-4-001528,2026-08-28 21:13:55,2026-08-28 21:16:55,GB,Legacy Oracle EBS,E,PUR-001,PureLife GlucoMonitor,Medical Device,PureLife,D2C,1,72.65,GBP,0.0,72.65,72.65
TXN-GB-4-001529,2026-08-28 05:18:28,2026-08-28 05:24:28,GB,Legacy Oracle EBS,E,DER-002,Dermacare LiftCream,Aesthetic,Dermacare,D2C,7,31.62,GBP,0.0,221.34,221.34
TXN-GB-4-001530,2026-08-28 21:25:49,2026-08-28 21:27:49,GB,Legacy Oracle EBS,E,VIT-002,Vitalis Multivit,Supplement,Vitalis,E-commerce,12,14.53,GBP,0.2,174.36,139.49
TXN-GB-4-001531,2026-08-28 23:49:05,2026-08-28 23:55:05,GB,Legacy Oracle EBS,E,VIT-002,Vitalis Multivit,Supplement,Vitalis,Wholesale,3,14.53,GBP,0.05,43.59,41.41
TXN-GB-4-001532,2026-08-28 08:40:18,2026-08-28 08:46:18,GB,Legacy Oracle EBS,E,VIT-001,Vitalis C1000,Supplement,Vitalis,Pharmacy/B2B,3,17.95,GBP,0.05,53.85,51.16
TXN-GB-4-001533,2026-08-28 22:51:12,2026-08-28 22:52:12,GB,Legacy Oracle EBS,E,SAN-002,SanaPlus ColdFlu,OTC,SanaPlus,Pharmacy/B2B,3,8.97,GBP,0.0,26.91,26.91
TXN-GB-4-001534,2026-08-28 05:48:13,2026-08-28 05:50:13,GB,Legacy Oracle EBS,E,PUR-002,PureLife BP Monitor,Medical Device,PureLife,Wholesale,5,76.92,GBP,0.1,384.6,346.14
TXN-GB-4-001535,2026-08-28 18:26:35,2026-08-28 18:28:35,GB,Legacy Oracle EBS,E,MED-002,Medora Derm Cream,Prescription,Medora,E-commerce,8,22.22,GBP,0.05,177.76,168.87
TXN-GB-4-001536,2026-08-28 12:11:28,2026-08-28 12:15:28,GB,Legacy Oracle EBS,E,PUR-002,PureLife BP Monitor,Medical Device,PureLife,E-commerce,12,76.92,GBP,0.0,923.04,923.04
TXN-GB-4-001537,2026-08-28 01:38:06,2026-08-28 01:39:06,GB,Legacy Oracle EBS,E,DER-001,Dermacare GlowSerum,Aesthetic,Dermacare,Wholesale,8,27.35,GBP,0.0,218.8,218.8
TXN-GB-4-001538,2026-08-28 01:34:47,2026-08-28 01:38:47,GB,Legacy Oracle EBS,E,DER-001,Dermacare GlowSerum,Aesthetic,Dermacare,Pharmacy/B2B,1,27.35,GBP,0.15,27.35,23.25
TXN-GB-4-001539,2026-08-28 16:44:55,2026-08-28 16:49:55,GB,Legacy Oracle EBS,E,DER-002,Dermacare LiftCream,Aesthetic,Dermacare,D2C,8,31.62,GBP,0.05,252.96,240.31
TXN-GB-4-001540,2026-08-28 09:37:14,2026-08-28 09:41:14,GB,Legacy Oracle EBS,E,SAN-002,SanaPlus ColdFlu,OTC,SanaPlus,E-commerce,4,8.97,GBP,0.0,35.88,35.88
TXN-GB-4-001541,2026-08-28 13:38:45,2026-08-28 13:44:45,GB,Legacy Oracle EBS,E,MED-002,Medora Derm Cream,Prescription,Medora,D2C,1,22.22,GBP,0.0,22.22,22.22
TXN-GB-4-001542,2026-08-28 17:04:18,2026-08-28 17:05:18,GB,Legacy Oracle EBS,E,DER-001,Dermacare GlowSerum,Aesthetic,Dermacare,Pharmacy/B2B,10,27.35,GBP,0.0,273.5,273.5
TXN-GB-4-001543,2026-08-28 08:25:38,2026-08-28 08:31:38,GB,Legacy Oracle EBS,E,SAN-002,SanaPlus ColdFlu,OTC,SanaPlus,D2C,2,8.97,GBP,0.0,17.94,17.94
TXN-GB-4-001544,2026-08-28 04:17:32,2026-08-28 04:23:32,GB,Legacy Oracle EBS,E,VIT-002,Vitalis Multivit,Supplement,Vitalis,Pharmacy/B2B,1,14.53,GBP,0.2,14.53,11.62
TXN-GB-4-001545,2026-08-28 04:49:17,2026-08-28 04:51:17,GB,Legacy Oracle EBS,E,MED-001,Medora Cardio 10mg,Prescription,Medora,D2C,9,36.75,GBP,0.0,330.75,330.75
TXN-GB-4-001546,2026-08-28 07:15:24,2026-08-28 07:16:24,GB,Legacy Oracle EBS,E,MED-002,Medora Derm Cream,Prescription,Medora,Wholesale,1,22.22,GBP,0.0,22.22,22.22
TXN-GB-4-001547,2026-08-28 00:50:06,2026-08-28 00:51:06,GB,Legacy Oracle EBS,E,DER-002,Dermacare LiftCream,Aesthetic,Dermacare,E-commerce,8,31.62,GBP,0.15,252.96,215.02
TXN-GB-4-001548,2026-08-28 10:29:21,2026-08-28 10:32:21,GB,Legacy Oracle EBS,E,PUR-001,PureLife GlucoMonitor,Medical Device,PureLife,Pharmacy/B2B,3,72.65,GBP,0.1,217.95,196.16
TXN-GB-4-001549,2026-08-28 23:57:28,2026-08-29 00:01:28,GB,Legacy Oracle EBS,E,MED-002,Medora Derm Cream,Prescription,Medora,Pharmacy/B2B,5,22.22,GBP,0.0,111.1,111.1
TXN-GB-4-001550,2026-08-28 18:11:14,2026-08-28 18:12:14,GB,Legacy Oracle EBS,E,MED-001,Medora Cardio 10mg,Prescription,Medora,Pharmacy/B2B,6,36.75,GBP,0.2,220.5,176.4
TXN-GB-4-001551,2026-08-28 23:00:43,2026-08-28 23:04:43,GB,Legacy Oracle EBS,E,DER-002,Dermacare LiftCream,Aesthetic,Dermacare,Wholesale,2,31.62,GBP,0.0,63.24,63.24
TXN-GB-4-001552,2026-08-28 13:56:09,2026-08-28 13:58:09,GB,Legacy Oracle EBS,E,VIT-001,Vitalis C1000,Supplement,Vitalis,Wholesale,1,17.95,GBP,0.05,17.95,17.05
TXN-GB-4-001553,2026-08-28 13:52:41,2026-08-28 13:56:41,GB,Legacy Oracle EBS,E,VIT-001,Vitalis C1000,Supplement,Vitalis,E-commerce,2,17.95,GBP,0.0,35.9,35.9
TXN-GB-4-001554,2026-08-28 21:59:17,2026-08-28 22:00:17,GB,Legacy Oracle EBS,E,PUR-001,PureLife GlucoMonitor,Medical Device,PureLife,Pharmacy/B2B,10,72.65,GBP,0.0,726.5,726.5
TXN-GB-4-001555,2026-08-28 02:37:00,2026-08-28 02:39:00,GB,Legacy Oracle EBS,E,MED-001,Medora Cardio 10mg,Prescription,Medora,Pharmacy/B2B,7,36.75,GBP,0.2,257.25,205.8
TXN-GB-4-001556,2026-08-28 17:58:59,2026-08-28 18:04:59,GB,Legacy Oracle EBS,E,MED-002,Medora Derm Cream,Prescription,Medora,Pharmacy/B2B,4,22.22,GBP,0.0,88.88,88.88
TXN-GB-4-001557,2026-08-28 01:05:43,2026-08-28 01:10:43,GB,Legacy Oracle EBS,E,DER-002,Dermacare LiftCream,Aesthetic,Dermacare,D2C,11,31.62,GBP,0.2,347.82,278.26
TXN-GB-4-001558,2026-08-28 06:04:51,2026-08-28 06:07:51,GB,Legacy Oracle EBS,E,PUR-002,PureLife BP Monitor,Medical Device,PureLife,Wholesale,7,76.92,GBP,0.1,538.44,484.6
TXN-GB-4-001559,2026-08-28 20:48:11,2026-08-28 20:54:11,GB,Legacy Oracle EBS,E,DER-002,Dermacare LiftCream,Aesthetic,Dermacare,E-commerce,2,31.62,GBP,0.0,63.24,63.24
TXN-GB-4-001560,2026-08-28 13:08:11,2026-08-28 13:10:11,GB,Legacy Oracle EBS,E,VIT-001,Vitalis C1000,Supplement,Vitalis,Pharmacy/B2B,6,17.95,GBP,0.0,107.7,107.7
TXN-GB-4-001561,2026-08-28 15:10:54,2026-08-28 15:15:54,GB,Legacy Oracle EBS,E,MED-001,Medora Cardio 10mg,Prescription,Medora,Pharmacy/B2B,11,36.75,GBP,0.1,404.25,363.82
TXN-GB-4-001562,2026-08-28 06:37:18,2026-08-28 06:39:18,GB,Legacy Oracle EBS,E,PUR-001,PureLife GlucoMonitor,Medical Device,PureLife,Pharmacy/B2B,12,72.65,GBP,0.1,871.8,784.62
TXN-GB-4-001563,2026-08-28 12:39:47,2026-08-28 12:44:47,GB,Legacy Oracle EBS,E,SAN-001,SanaPlus PainRelief,OTC,SanaPlus,Pharmacy/B2B,3,8.12,GBP,0.05,24.36,23.14
TXN-GB-4-001564,2026-08-28 11:56:37,2026-08-28 11:59:37,GB,Legacy Oracle EBS,E,SAN-002,SanaPlus ColdFlu,OTC,SanaPlus,E-commerce,11,8.97,GBP,0.05,98.67,93.74
TXN-GB-4-001565,2026-08-28 14:57:09,2026-08-28 15:03:09,GB,Legacy Oracle EBS,E,DER-002,Dermacare LiftCream,Aesthetic,Dermacare,D2C,12,31.62,GBP,0.15,379.44,322.52
TXN-GB-4-001566,2026-08-28 11:13:17,2026-08-28 11:14:17,GB,Legacy Oracle EBS,E,DER-002,Dermacare LiftCream,Aesthetic,Dermacare,Wholesale,11,31.62,GBP,0.2,347.82,278.26
TXN-GB-4-001567,2026-08-28 09:16:13,2026-08-28 09:22:13,GB,Legacy Oracle EBS,E,MED-002,Medora Derm Cream,Prescription,Medora,Pharmacy/B2B,2,22.22,GBP,0.0,44.44,44.44
TXN-GB-4-001568,2026-08-28 14:51:25,2026-08-28 14:55:25,GB,Legacy Oracle EBS,E,DER-001,Dermacare GlowSerum,Aesthetic,Dermacare,Pharmacy/B2B,5,27.35,GBP,0.1,136.75,123.08
TXN-GB-4-001569,2026-08-28 21:48:45,2026-08-28 21:52:45,GB,Legacy Oracle EBS,E,PUR-002,PureLife BP Monitor,Medical Device,PureLife,Pharmacy/B2B,9,76.92,GBP,0.15,692.28,588.44
TXN-GB-4-001570,2026-08-28 03:26:06,2026-08-28 03:29:06,GB,Legacy Oracle EBS,E,VIT-001,Vitalis C1000,Supplement,Vitalis,E-commerce,11,17.95,GBP,0.0,197.45,197.45
TXN-GB-4-001571,2026-08-28 06:30:20,2026-08-28 06:35:20,GB,Legacy Oracle EBS,E,PUR-002,PureLife BP Monitor,Medical Device,PureLife,D2C,7,76.92,GBP,0.2,538.44,430.75
TXN-GB-4-001572,2026-08-28 10:31:13,2026-08-28 10:34:13,GB,Legacy Oracle EBS,E,SAN-001,SanaPlus PainRelief,OTC,SanaPlus,Wholesale,7,8.12,GBP,0.15,56.84,48.31
TXN-GB-4-001573,2026-08-28 12:50:35,2026-08-28 12:54:35,GB,Legacy Oracle EBS,E,VIT-002,Vitalis Multivit,Supplement,Vitalis,E-commerce,7,14.53,GBP,0.2,101.71,81.37
TXN-GB-4-001574,2026-08-28 10:23:38,2026-08-28 10:24:38,GB,Legacy Oracle EBS,E,SAN-002,SanaPlus ColdFlu,OTC,SanaPlus,Wholesale,1,8.97,GBP,0.0,8.97,8.97
TXN-GB-4-001575,2026-08-28 14:52:47,2026-08-28 14:57:47,GB,Legacy Oracle EBS,E,VIT-002,Vitalis Multivit,Supplement,Vitalis,Wholesale,10,14.53,GBP,0.0,145.3,145.3
TXN-GB-4-001576,2026-08-28 16:11:47,2026-08-28 16:12:47,GB,Legacy Oracle EBS,E,VIT-002,Vitalis Multivit,Supplement,Vitalis,Pharmacy/B2B,6,14.53,GBP,0.15,87.18,74.1
TXN-GB-4-001577,2026-08-28 02:52:17,2026-08-28 02:56:17,GB,Legacy Oracle EBS,E,VIT-002,Vitalis Multivit,Supplement,Vitalis,E-commerce,6,14.53,GBP,0.1,87.18,78.46
TXN-GB-4-001578,2026-08-28 19:58:09,2026-08-28 19:59:09,GB,Legacy Oracle EBS,E,VIT-001,Vitalis C1000,Supplement,Vitalis,E-commerce,7,17.95,GBP,0.1,125.65,113.09
TXN-GB-4-001579,2026-08-28 17:39:33,2026-08-28 17:45:33,GB,Legacy Oracle EBS,E,DER-002,Dermacare LiftCream,Aesthetic,Dermacare,Pharmacy/B2B,1,31.62,GBP,0.1,31.62,28.46
TXN-GB-4-001580,2026-08-28 18:38:08,2026-08-28 18:39:08,GB,Legacy Oracle EBS,E,MED-001,Medora Cardio 10mg,Prescription,Medora,Wholesale,1,36.75,GBP,0.0,36.75,36.75
TXN-GB-4-001581,2026-08-28 06:06:06,2026-08-28 06:08:06,GB,Legacy Oracle EBS,E,VIT-002,Vitalis Multivit,Supplement,Vitalis,D2C,9,14.53,GBP,0.0,130.77,130.77
TXN-GB-4-001582,2026-08-28 12:43:40,2026-08-28 12:47:40,GB,Legacy Oracle EBS,E,VIT-001,Vitalis C1000,Supplement,Vitalis,Pharmacy/B2B,5,17.95,GBP,0.0,89.75,89.75
TXN-GB-4-001583,2026-08-28 02:23:06,2026-08-28 02:24:06,GB,Legacy Oracle EBS,E,VIT-002,Vitalis Multivit,Supplement,Vitalis,Pharmacy/B2B,7,14.53,GBP,0.0,101.71,101.71
TXN-GB-4-001584,2026-08-28 09:38:38,2026-08-28 09:43:38,GB,Legacy Oracle EBS,E,PUR-002,PureLife BP Monitor,Medical Device,PureLife,Pharmacy/B2B,8,76.92,GBP,0.05,615.36,584.59
TXN-GB-4-001585,2026-08-28 18:42:23,2026-08-28 18:46:23,GB,Legacy Oracle EBS,E,SAN-002,SanaPlus ColdFlu,OTC,SanaPlus,E-commerce,10,8.97,GBP,0.2,89.7,71.76
TXN-GB-4-001586,2026-08-28 08:44:16,2026-08-28 08:47:16,GB,Legacy Oracle EBS,E,SAN-001,SanaPlus PainRelief,OTC,SanaPlus,E-commerce,4,8.12,GBP,0.0,32.48,32.48
TXN-GB-4-001587,2026-08-28 04:10:46,2026-08-28 04:12:46,GB,Legacy Oracle EBS,E,DER-002,Dermacare LiftCream,Aesthetic,Dermacare,Wholesale,4,31.62,GBP,0.1,126.48,113.83
TXN-GB-4-001588,2026-08-28 18:11:43,2026-08-28 18:16:43,GB,Legacy Oracle EBS,E,SAN-002,SanaPlus ColdFlu,OTC,SanaPlus,E-commerce,6,8.97,GBP,0.2,53.82,43.06
TXN-GB-4-001589,2026-08-28 23:30:16,2026-08-28 23:34:16,GB,Legacy Oracle EBS,E,SAN-002,SanaPlus ColdFlu,OTC,SanaPlus,Wholesale,1,8.97,GBP,0.1,8.97,8.07
TXN-GB-4-001590,2026-08-28 04:12:26,2026-08-28 04:17:26,GB,Legacy Oracle EBS,E,SAN-002,SanaPlus ColdFlu,OTC,SanaPlus,E-commerce,8,8.97,GBP,0.0,71.76,71.76
TXN-GB-4-001591,2026-08-28 02:43:59,2026-08-28 02:46:59,GB,Legacy Oracle EBS,E,DER-002,Dermacare LiftCream,Aesthetic,Dermacare,Pharmacy/B2B,10,31.62,GBP,0.0,316.2,316.2
TXN-GB-4-001592,2026-08-28 02:25:54,2026-08-28 02:27:54,GB,Legacy Oracle EBS,E,PUR-001,PureLife GlucoMonitor,Medical Device,PureLife,Pharmacy/B2B,8,72.65,GBP,0.2,581.2,464.96
TXN-GB-4-001593,2026-08-28 15:23:55,2026-08-28 15:25:55,GB,Legacy Oracle EBS,E,DER-001,Dermacare GlowSerum,Aesthetic,Dermacare,Wholesale,12,27.35,GBP,0.1,328.2,295.38
TXN-GB-4-001594,2026-08-28 17:08:05,2026-08-28 17:10:05,GB,Legacy Oracle EBS,E,VIT-002,Vitalis Multivit,Supplement,Vitalis,E-commerce,4,14.53,GBP,0.2,58.12,46.5
TXN-GB-4-001595,2026-08-28 15:48:50,2026-08-28 15:50:50,GB,Legacy Oracle EBS,E,PUR-002,PureLife BP Monitor,Medical Device,PureLife,E-commerce,1,76.92,GBP,0.0,76.92,76.92
TXN-GB-4-001596,2026-08-28 19:51:10,2026-08-28 19:57:10,GB,Legacy Oracle EBS,E,SAN-001,SanaPlus PainRelief,OTC,SanaPlus,Wholesale,8,8.12,GBP,0.0,64.96,64.96
TXN-GB-4-001597,2026-08-28 21:22:16,2026-08-28 21:26:16,GB,Legacy Oracle EBS,E,MED-001,Medora Cardio 10mg,Prescription,Medora,Wholesale,11,36.75,GBP,0.15,404.25,343.61
TXN-GB-4-001598,2026-08-28 05:02:59,2026-08-28 05:05:59,GB,Legacy Oracle EBS,E,SAN-001,SanaPlus PainRelief,OTC,SanaPlus,E-commerce,9,8.12,GBP,0.0,73.08,73.08
TXN-GB-4-001599,2026-08-28 12:45:24,2026-08-28 12:46:24,GB,Legacy Oracle EBS,E,PUR-002,PureLife BP Monitor,Medical Device,PureLife,Wholesale,5,76.92,GBP,0.15,384.6,326.91
TXN-GB-4-001600,2026-08-28 03:50:33,2026-08-28 03:54:33,GB,Legacy Oracle EBS,E,DER-002,Dermacare LiftCream,Aesthetic,Dermacare,Pharmacy/B2B,1,31.62,GBP,0.0,31.62,31.62
TXN-GB-4-001601,2026-08-28 20:53:38,2026-08-28 20:56:38,GB,Legacy Oracle EBS,E,VIT-002,Vitalis Multivit,Supplement,Vitalis,E-commerce,6,14.53,GBP,0.0,87.18,87.18
TXN-GB-4-001602,2026-08-28 17:14:32,2026-08-28 17:17:32,GB,Legacy Oracle EBS,E,MED-001,Medora Cardio 10mg,Prescription,Medora,D2C,12,36.75,GBP,0.2,441.0,352.8
TXN-GB-4-001603,2026-08-28 04:35:49,2026-08-28 04:39:49,GB,Legacy Oracle EBS,E,MED-002,Medora Derm Cream,Prescription,Medora,Wholesale,4,22.22,GBP,0.0,88.88,88.88
TXN-GB-4-001604,2026-08-28 07:01:31,2026-08-28 07:07:31,GB,Legacy Oracle EBS,E,DER-001,Dermacare GlowSerum,Aesthetic,Dermacare,Wholesale,11,27.35,GBP,0.2,300.85,240.68
TXN-GB-4-001605,2026-08-28 15:01:16,2026-08-28 15:06:16,GB,Legacy Oracle EBS,E,SAN-002,SanaPlus ColdFlu,OTC,SanaPlus,D2C,7,8.97,GBP,0.0,62.79,62.79
TXN-GB-4-001606,2026-08-28 23:18:02,2026-08-28 23:19:02,GB,Legacy Oracle EBS,E,SAN-002,SanaPlus ColdFlu,OTC,SanaPlus,Wholesale,8,8.97,GBP,0.1,71.76,64.58
TXN-GB-4-001607,2026-08-28 14:23:36,2026-08-28 14:25:36,GB,Legacy Oracle EBS,E,SAN-002,SanaPlus ColdFlu,OTC,SanaPlus,D2C,4,8.97,GBP,0.15,35.88,30.5
TXN-GB-4-001608,2026-08-28 08:52:46,2026-08-28 08:56:46,GB,Legacy Oracle EBS,E,DER-002,Dermacare LiftCream,Aesthetic,Dermacare,Pharmacy/B2B,10,31.62,GBP,0.0,316.2,316.2
TXN-GB-4-001609,2026-08-28 20:22:43,2026-08-28 20:28:43,GB,Legacy Oracle EBS,E,MED-002,Medora Derm Cream,Prescription,Medora,E-commerce,10,22.22,GBP,0.15,222.2,188.87
TXN-GB-4-001610,2026-08-28 15:24:20,2026-08-28 15:29:20,GB,Legacy Oracle EBS,E,SAN-002,SanaPlus ColdFlu,OTC,SanaPlus,Wholesale,6,8.97,GBP,0.15,53.82,45.75
TXN-GB-4-001611,2026-08-28 21:28:46,2026-08-28 21:33:46,GB,Legacy Oracle EBS,E,PUR-001,PureLife GlucoMonitor,Medical Device,PureLife,Wholesale,11,72.65,GBP,0.05,799.15,759.19
TXN-GB-4-001612,2026-08-28 12:59:26,2026-08-28 13:02:26,GB,Legacy Oracle EBS,E,DER-002,Dermacare LiftCream,Aesthetic,Dermacare,Pharmacy/B2B,2,31.62,GBP,0.05,63.24,60.08
TXN-GB-4-001613,2026-08-28 02:04:58,2026-08-28 02:10:58,GB,Legacy Oracle EBS,E,VIT-002,Vitalis Multivit,Supplement,Vitalis,Wholesale,12,14.53,GBP,0.05,174.36,165.64
TXN-GB-4-001614,2026-08-28 06:58:55,2026-08-28 06:59:55,GB,Legacy Oracle EBS,E,MED-001,Medora Cardio 10mg,Prescription,Medora,Pharmacy/B2B,10,36.75,GBP,0.1,367.5,330.75
TXN-GB-4-001615,2026-08-28 11:06:50,2026-08-28 11:12:50,GB,Legacy Oracle EBS,E,DER-002,Dermacare LiftCream,Aesthetic,Dermacare,Wholesale,11,31.62,GBP,0.15,347.82,295.65
TXN-GB-4-001616,2026-08-28 07:13:08,2026-08-28 07:15:08,GB,Legacy Oracle EBS,E,VIT-001,Vitalis C1000,Supplement,Vitalis,E-commerce,6,17.95,GBP,0.0,107.7,107.7
TXN-GB-4-001617,2026-08-28 15:26:01,2026-08-28 15:27:01,GB,Legacy Oracle EBS,E,VIT-002,Vitalis Multivit,Supplement,Vitalis,D2C,11,14.53,GBP,0.2,159.83,127.86
TXN-GB-4-001618,2026-08-28 05:23:49,2026-08-28 05:24:49,GB,Legacy Oracle EBS,E,VIT-001,Vitalis C1000,Supplement,Vitalis,Pharmacy/B2B,1,17.95,GBP,0.0,17.95,17.95
TXN-GB-4-001619,2026-08-28 00:14:31,2026-08-28 00:17:31,GB,Legacy Oracle EBS,E,VIT-001,Vitalis C1000,Supplement,Vitalis,Wholesale,9,17.95,GBP,0.0,161.55,161.55
TXN-GB-4-001620,2026-08-28 17:34:36,2026-08-28 17:38:36,GB,Legacy Oracle EBS,E,VIT-001,Vitalis C1000,Supplement,Vitalis,D2C,7,17.95,GBP,0.15,125.65,106.8
TXN-GB-4-001621,2026-08-28 15:56:20,2026-08-28 15:58:20,GB,Legacy Oracle EBS,E,SAN-001,SanaPlus PainRelief,OTC,SanaPlus,E-commerce,10,8.12,GBP,0.0,81.2,81.2
TXN-GB-4-001622,2026-08-28 18:45:24,2026-08-28 18:51:24,GB,Legacy Oracle EBS,E,SAN-002,SanaPlus ColdFlu,OTC,SanaPlus,D2C,11,8.97,GBP,0.0,98.67,98.67
TXN-GB-4-001623,2026-08-28 13:32:07,2026-08-28 13:33:07,GB,Legacy Oracle EBS,E,DER-002,Dermacare LiftCream,Aesthetic,Dermacare,D2C,7,31.62,GBP,0.0,221.34,221.34
TXN-GB-4-001624,2026-08-28 04:33:19,2026-08-28 04:34:19,GB,Legacy Oracle EBS,E,SAN-001,SanaPlus PainRelief,OTC,SanaPlus,Wholesale,7,8.12,GBP,0.1,56.84,51.16
TXN-GB-4-001625,2026-08-28 13:52:53,2026-08-28 13:56:53,GB,Legacy Oracle EBS,E,SAN-001,SanaPlus PainRelief,OTC,SanaPlus,D2C,12,8.12,GBP,0.1,97.44,87.7
TXN-GB-4-001626,2026-08-28 21:03:41,2026-08-28 21:04:41,GB,Legacy Oracle EBS,E,MED-002,Medora Derm Cream,Prescription,Medora,E-commerce,8,22.22,GBP,0.05,177.76,168.87
TXN-GB-4-001627,2026-08-28 14:31:06,2026-08-28 14:36:06,GB,Legacy Oracle EBS,E,DER-001,Dermacare GlowSerum,Aesthetic,Dermacare,D2C,1,27.35,GBP,0.2,27.35,21.88
TXN-GB-4-001628,2026-08-28 10:42:53,2026-08-28 10:47:53,GB,Legacy Oracle EBS,E,PUR-002,PureLife BP Monitor,Medical Device,PureLife,E-commerce,3,76.92,GBP,0.1,230.76,207.68
TXN-GB-4-001629,2026-08-28 22:29:43,2026-08-28 22:35:43,GB,Legacy Oracle EBS,E,VIT-001,Vitalis C1000,Supplement,Vitalis,Wholesale,3,17.95,GBP,0.0,53.85,53.85
TXN-GB-4-001630,2026-08-28 15:52:15,2026-08-28 15:53:15,GB,Legacy Oracle EBS,E,MED-002,Medora Derm Cream,Prescription,Medora,E-commerce,4,22.22,GBP,0.2,88.88,71.1
TXN-GB-4-001631,2026-08-28 11:16:33,2026-08-28 11:17:33,GB,Legacy Oracle EBS,E,MED-001,Medora Cardio 10mg,Prescription,Medora,Pharmacy/B2B,6,36.75,GBP,0.0,220.5,220.5
TXN-GB-4-001632,2026-08-28 06:43:02,2026-08-28 06:48:02,GB,Legacy Oracle EBS,E,VIT-001,Vitalis C1000,Supplement,Vitalis,Wholesale,12,17.95,GBP,0.05,215.4,204.63
TXN-GB-4-001633,2026-08-28 06:01:00,2026-08-28 06:02:00,GB,Legacy Oracle EBS,E,PUR-001,PureLife GlucoMonitor,Medical Device,PureLife,Pharmacy/B2B,5,72.65,GBP,0.15,363.25,308.76
TXN-GB-4-001634,2026-08-28 09:58:23,2026-08-28 10:00:23,GB,Legacy Oracle EBS,E,SAN-001,SanaPlus PainRelief,OTC,SanaPlus,E-commerce,6,8.12,GBP,0.05,48.72,46.28
TXN-GB-4-001635,2026-08-28 09:15:05,2026-08-28 09:20:05,GB,Legacy Oracle EBS,E,PUR-002,PureLife BP Monitor,Medical Device,PureLife,Wholesale,2,76.92,GBP,0.0,153.84,153.84
TXN-GB-4-001636,2026-08-28 07:15:04,2026-08-28 07:21:04,GB,Legacy Oracle EBS,E,SAN-001,SanaPlus PainRelief,OTC,SanaPlus,E-commerce,1,8.12,GBP,0.05,8.12,7.71
TXN-GB-4-001637,2026-08-28 00:09:33,2026-08-28 00:15:33,GB,Legacy Oracle EBS,E,PUR-001,PureLife GlucoMonitor,Medical Device,PureLife,D2C,3,72.65,GBP,0.15,217.95,185.26
TXN-GB-4-001638,2026-08-28 21:13:13,2026-08-28 21:19:13,GB,Legacy Oracle EBS,E,VIT-001,Vitalis C1000,Supplement,Vitalis,E-commerce,10,17.95,GBP,0.2,179.5,143.6
TXN-GB-4-001639,2026-08-28 21:16:59,2026-08-28 21:21:59,GB,Legacy Oracle EBS,E,SAN-002,SanaPlus ColdFlu,OTC,SanaPlus,E-commerce,12,8.97,GBP,0.1,107.64,96.88
TXN-GB-4-001640,2026-08-28 03:35:52,2026-08-28 03:36:52,GB,Legacy Oracle EBS,E,DER-001,Dermacare GlowSerum,Aesthetic,Dermacare,Wholesale,8,27.35,GBP,0.2,218.8,175.04
TXN-GB-4-001641,2026-08-28 21:20:29,2026-08-28 21:22:29,GB,Legacy Oracle EBS,E,DER-002,Dermacare LiftCream,Aesthetic,Dermacare,Pharmacy/B2B,10,31.62,GBP,0.0,316.2,316.2
TXN-GB-4-001642,2026-08-28 21:20:43,2026-08-28 21:21:43,GB,Legacy Oracle EBS,E,SAN-001,SanaPlus PainRelief,OTC,SanaPlus,Pharmacy/B2B,3,8.12,GBP,0.1,24.36,21.92
TXN-GB-4-001643,2026-08-28 14:29:30,2026-08-28 14:34:30,GB,Legacy Oracle EBS,E,MED-001,Medora Cardio 10mg,Prescription,Medora,E-commerce,5,36.75,GBP,0.0,183.75,183.75
TXN-GB-4-001644,2026-08-28 10:00:44,2026-08-28 10:03:44,GB,Legacy Oracle EBS,E,MED-002,Medora Derm Cream,Prescription,Medora,Pharmacy/B2B,2,22.22,GBP,0.15,44.44,37.77
TXN-GB-4-001645,2026-08-28 03:51:13,2026-08-28 03:54:13,GB,Legacy Oracle EBS,E,SAN-001,SanaPlus PainRelief,OTC,SanaPlus,D2C,9,8.12,GBP,0.0,73.08,73.08
TXN-GB-4-001646,2026-08-28 08:41:52,2026-08-28 08:43:52,GB,Legacy Oracle EBS,E,MED-001,Medora Cardio 10mg,Prescription,Medora,E-commerce,11,36.75,GBP,0.0,404.25,404.25
TXN-GB-4-001647,2026-08-28 10:57:23,2026-08-28 11:01:23,GB,Legacy Oracle EBS,E,DER-002,Dermacare LiftCream,Aesthetic,Dermacare,Pharmacy/B2B,8,31.62,GBP,0.2,252.96,202.37
TXN-GB-4-001648,2026-08-28 03:11:47,2026-08-28 03:12:47,GB,Legacy Oracle EBS,E,DER-001,Dermacare GlowSerum,Aesthetic,Dermacare,Wholesale,12,27.35,GBP,0.1,328.2,295.38
TXN-GB-4-001649,2026-08-28 02:12:32,2026-08-28 02:14:32,GB,Legacy Oracle EBS,E,PUR-002,PureLife BP Monitor,Medical Device,PureLife,D2C,12,76.92,GBP,0.0,923.04,923.04
TXN-GB-4-001650,2026-08-28 16:14:51,2026-08-28 16:20:51,GB,Legacy Oracle EBS,E,DER-002,Dermacare LiftCream,Aesthetic,Dermacare,E-commerce,3,31.62,GBP,0.0,94.86,94.86
TXN-GB-4-001651,2026-08-28 06:57:52,2026-08-28 07:01:52,GB,Legacy Oracle EBS,E,MED-001,Medora Cardio 10mg,Prescription,Medora,Wholesale,1,36.75,GBP,0.0,36.75,36.75
TXN-GB-4-001652,2026-08-28 15:47:15,2026-08-28 15:49:15,GB,Legacy Oracle EBS,E,MED-002,Medora Derm Cream,Prescription,Medora,D2C,8,22.22,GBP,0.1,177.76,159.98
TXN-GB-4-001653,2026-08-28 19:19:15,2026-08-28 19:25:15,GB,Legacy Oracle EBS,E,MED-001,Medora Cardio 10mg,Prescription,Medora,D2C,3,36.75,GBP,0.1,110.25,99.23
TXN-GB-4-001654,2026-08-28 04:43:02,2026-08-28 04:45:02,GB,Legacy Oracle EBS,E,PUR-002,PureLife BP Monitor,Medical Device,PureLife,D2C,5,76.92,GBP,0.1,384.6,346.14
TXN-GB-4-001655,2026-08-28 13:20:24,2026-08-28 13:24:24,GB,Legacy Oracle EBS,E,VIT-002,Vitalis Multivit,Supplement,Vitalis,E-commerce,12,14.53,GBP,0.0,174.36,174.36
TXN-GB-4-001656,2026-08-28 15:07:58,2026-08-28 15:13:58,GB,Legacy Oracle EBS,E,VIT-001,Vitalis C1000,Supplement,Vitalis,E-commerce,10,17.95,GBP,0.0,179.5,179.5
TXN-GB-4-001657,2026-08-28 06:02:50,2026-08-28 06:08:50,GB,Legacy Oracle EBS,E,SAN-001,SanaPlus PainRelief,OTC,SanaPlus,D2C,4,8.12,GBP,0.15,32.48,27.61
TXN-GB-4-001658,2026-08-28 13:41:26,2026-08-28 13:45:26,GB,Legacy Oracle EBS,E,VIT-002,Vitalis Multivit,Supplement,Vitalis,Wholesale,3,14.53,GBP,0.0,43.59,43.59
TXN-GB-4-001659,2026-08-28 04:20:37,2026-08-28 04:21:37,GB,Legacy Oracle EBS,E,DER-002,Dermacare LiftCream,Aesthetic,Dermacare,D2C,1,31.62,GBP,0.1,31.62,28.46
TXN-GB-4-001660,2026-08-28 18:15:10,2026-08-28 18:17:10,GB,Legacy Oracle EBS,E,MED-001,Medora Cardio 10mg,Prescription,Medora,Wholesale,6,36.75,GBP,0.1,220.5,198.45
TXN-GB-4-001661,2026-08-28 08:58:52,2026-08-28 09:00:52,GB,Legacy Oracle EBS,E,MED-002,Medora Derm Cream,Prescription,Medora,D2C,5,22.22,GBP,0.2,111.1,88.88
TXN-GB-4-001662,2026-08-28 13:13:38,2026-08-28 13:17:38,GB,Legacy Oracle EBS,E,SAN-001,SanaPlus PainRelief,OTC,SanaPlus,Wholesale,1,8.12,GBP,0.0,8.12,8.12
TXN-GB-4-001663,2026-08-28 21:13:44,2026-08-28 21:14:44,GB,Legacy Oracle EBS,E,PUR-002,PureLife BP Monitor,Medical Device,PureLife,D2C,3,76.92,GBP,0.15,230.76,196.15
TXN-GB-4-001664,2026-08-28 05:28:29,2026-08-28 05:31:29,GB,Legacy Oracle EBS,E,VIT-002,Vitalis Multivit,Supplement,Vitalis,Wholesale,11,14.53,GBP,0.0,159.83,159.83
TXN-GB-4-001665,2026-08-28 14:22:14,2026-08-28 14:24:14,GB,Legacy Oracle EBS,E,MED-001,Medora Cardio 10mg,Prescription,Medora,E-commerce,9,36.75,GBP,0.0,330.75,330.75
TXN-GB-4-001666,2026-08-28 18:35:23,2026-08-28 18:40:23,GB,Legacy Oracle EBS,E,SAN-002,SanaPlus ColdFlu,OTC,SanaPlus,Wholesale,6,8.97,GBP,0.15,53.82,45.75
TXN-GB-4-001667,2026-08-28 14:10:31,2026-08-28 14:14:31,GB,Legacy Oracle EBS,E,MED-001,Medora Cardio 10mg,Prescription,Medora,E-commerce,3,36.75,GBP,0.15,110.25,93.71
TXN-GB-4-001668,2026-08-28 17:29:45,2026-08-28 17:30:45,GB,Legacy Oracle EBS,E,VIT-002,Vitalis Multivit,Supplement,Vitalis,D2C,6,14.53,GBP,0.1,87.18,78.46
TXN-GB-4-001669,2026-08-28 14:54:19,2026-08-28 14:57:19,GB,Legacy Oracle EBS,E,VIT-002,Vitalis Multivit,Supplement,Vitalis,Wholesale,11,14.53,GBP,0.0,159.83,159.83
TXN-GB-4-001670,2026-08-28 14:12:01,2026-08-28 14:13:01,GB,Legacy Oracle EBS,E,DER-002,Dermacare LiftCream,Aesthetic,Dermacare,E-commerce,6,31.62,GBP,0.0,189.72,189.72
TXN-GB-4-001671,2026-08-28 06:34:17,2026-08-28 06:37:17,GB,Legacy Oracle EBS,E,PUR-001,PureLife GlucoMonitor,Medical Device,PureLife,Pharmacy/B2B,12,72.65,GBP,0.0,871.8,871.8
TXN-GB-4-001672,2026-08-28 01:35:36,2026-08-28 01:40:36,GB,Legacy Oracle EBS,E,VIT-001,Vitalis C1000,Supplement,Vitalis,Pharmacy/B2B,4,17.95,GBP,0.0,71.8,71.8
TXN-GB-4-001673,2026-08-28 21:51:43,2026-08-28 21:52:43,GB,Legacy Oracle EBS,E,VIT-002,Vitalis Multivit,Supplement,Vitalis,Wholesale,7,14.53,GBP,0.2,101.71,81.37
TXN-GB-4-001674,2026-08-28 00:04:13,2026-08-28 00:09:13,GB,Legacy Oracle EBS,E,DER-002,Dermacare LiftCream,Aesthetic,Dermacare,Pharmacy/B2B,10,31.62,GBP,0.1,316.2,284.58
TXN-GB-4-001675,2026-08-28 11:50:50,2026-08-28 11:51:50,GB,Legacy Oracle EBS,E,MED-002,Medora Derm Cream,Prescription,Medora,Wholesale,9,22.22,GBP,0.05,199.98,189.98
TXN-GB-4-001676,2026-08-28 10:44:38,2026-08-28 10:46:38,GB,Legacy Oracle EBS,E,SAN-001,SanaPlus PainRelief,OTC,SanaPlus,Pharmacy/B2B,9,8.12,GBP,0.2,73.08,58.46
TXN-GB-4-001677,2026-08-28 22:22:28,2026-08-28 22:28:28,GB,Legacy Oracle EBS,E,MED-001,Medora Cardio 10mg,Prescription,Medora,E-commerce,11,36.75,GBP,0.2,404.25,323.4
TXN-GB-4-001678,2026-08-28 03:09:07,2026-08-28 03:10:07,GB,Legacy Oracle EBS,E,SAN-002,SanaPlus ColdFlu,OTC,SanaPlus,Pharmacy/B2B,1,8.97,GBP,0.0,8.97,8.97
TXN-GB-4-001679,2026-08-28 11:33:10,2026-08-28 11:34:10,GB,Legacy Oracle EBS,E,MED-002,Medora Derm Cream,Prescription,Medora,Pharmacy/B2B,7,22.22,GBP,0.2,155.54,124.43
TXN-GB-4-001680,2026-08-28 02:53:01,2026-08-28 02:54:01,GB,Legacy Oracle EBS,E,MED-001,Medora Cardio 10mg,Prescription,Medora,Pharmacy/B2B,10,36.75,GBP,0.05,367.5,349.12
TXN-GB-4-001681,2026-08-28 14:51:56,2026-08-28 14:55:56,GB,Legacy Oracle EBS,E,MED-001,Medora Cardio 10mg,Prescription,Medora,D2C,10,36.75,GBP,0.0,367.5,367.5
TXN-GB-4-001682,2026-08-28 21:05:22,2026-08-28 21:06:22,GB,Legacy Oracle EBS,E,VIT-002,Vitalis Multivit,Supplement,Vitalis,E-commerce,11,14.53,GBP,0.0,159.83,159.83
TXN-GB-4-001683,2026-08-28 11:28:53,2026-08-28 11:34:53,GB,Legacy Oracle EBS,E,SAN-001,SanaPlus PainRelief,OTC,SanaPlus,D2C,5,8.12,GBP,0.0,40.6,40.6
TXN-GB-4-001684,2026-08-28 08:50:03,2026-08-28 08:53:03,GB,Legacy Oracle EBS,E,SAN-002,SanaPlus ColdFlu,OTC,SanaPlus,Wholesale,4,8.97,GBP,0.0,35.88,35.88
TXN-GB-4-001685,2026-08-28 05:45:19,2026-08-28 05:51:19,GB,Legacy Oracle EBS,E,VIT-001,Vitalis C1000,Supplement,Vitalis,Pharmacy/B2B,5,17.95,GBP,0.15,89.75,76.29
TXN-GB-4-001686,2026-08-28 06:06:07,2026-08-28 06:08:07,GB,Legacy Oracle EBS,E,VIT-001,Vitalis C1000,Supplement,Vitalis,D2C,11,17.95,GBP,0.0,197.45,197.45
TXN-GB-4-001687,2026-08-28 23:13:43,2026-08-28 23:16:43,GB,Legacy Oracle EBS,E,MED-001,Medora Cardio 10mg,Prescription,Medora,Pharmacy/B2B,9,36.75,GBP,0.15,330.75,281.14
TXN-GB-4-001688,2026-08-28 01:02:52,2026-08-28 01:04:52,GB,Legacy Oracle EBS,E,PUR-002,PureLife BP Monitor,Medical Device,PureLife,Wholesale,9,76.92,GBP,0.0,692.28,692.28
TXN-GB-4-001689,2026-08-28 17:02:56,2026-08-28 17:05:56,GB,Legacy Oracle EBS,E,VIT-001,Vitalis C1000,Supplement,Vitalis,Pharmacy/B2B,6,17.95,GBP,0.2,107.7,86.16
TXN-GB-4-001690,2026-08-28 22:04:07,2026-08-28 22:06:07,GB,Legacy Oracle EBS,E,MED-001,Medora Cardio 10mg,Prescription,Medora,Pharmacy/B2B,8,36.75,GBP,0.0,294.0,294.0
TXN-GB-4-001691,2026-08-28 15:37:32,2026-08-28 15:40:32,GB,Legacy Oracle EBS,E,DER-002,Dermacare LiftCream,Aesthetic,Dermacare,Wholesale,5,31.62,GBP,0.0,158.1,158.1
TXN-GB-4-001692,2026-08-28 11:30:32,2026-08-28 11:33:32,GB,Legacy Oracle EBS,E,MED-001,Medora Cardio 10mg,Prescription,Medora,Wholesale,2,36.75,GBP,0.15,73.5,62.48
TXN-GB-4-001693,2026-08-28 14:47:26,2026-08-28 14:50:26,GB,Legacy Oracle EBS,E,MED-001,Medora Cardio 10mg,Prescription,Medora,Pharmacy/B2B,12,36.75,GBP,0.0,441.0,441.0
TXN-GB-4-001694,2026-08-28 13:31:51,2026-08-28 13:36:51,GB,Legacy Oracle EBS,E,DER-001,Dermacare GlowSerum,Aesthetic,Dermacare,Wholesale,1,27.35,GBP,0.0,27.35,27.35
TXN-GB-4-001695,2026-08-28 18:26:14,2026-08-28 18:27:14,GB,Legacy Oracle EBS,E,PUR-002,PureLife BP Monitor,Medical Device,PureLife,D2C,2,76.92,GBP,0.15,153.84,130.76
TXN-GB-4-001696,2026-08-28 20:16:53,2026-08-28 20:19:53,GB,Legacy Oracle EBS,E,DER-001,Dermacare GlowSerum,Aesthetic,Dermacare,Pharmacy/B2B,8,27.35,GBP,0.0,218.8,218.8
TXN-GB-4-001697,2026-08-28 02:56:41,2026-08-28 03:01:41,GB,Legacy Oracle EBS,E,DER-001,Dermacare GlowSerum,Aesthetic,Dermacare,Wholesale,6,27.35,GBP,0.0,164.1,164.1
TXN-GB-4-001698,2026-08-28 14:35:13,2026-08-28 14:39:13,GB,Legacy Oracle EBS,E,VIT-002,Vitalis Multivit,Supplement,Vitalis,Wholesale,10,14.53,GBP,0.0,145.3,145.3
TXN-GB-4-001699,2026-08-28 03:52:42,2026-08-28 03:55:42,GB,Legacy Oracle EBS,E,SAN-002,SanaPlus ColdFlu,OTC,SanaPlus,E-commerce,6,8.97,GBP,0.2,53.82,43.06
TXN-GB-4-001700,2026-08-28 21:36:47,2026-08-28 21:37:47,GB,Legacy Oracle EBS,E,DER-001,Dermacare GlowSerum,Aesthetic,Dermacare,D2C,4,27.35,GBP,0.15,109.4,92.99
TXN-GB-4-001701,2026-08-28 06:05:48,2026-08-28 06:06:48,GB,Legacy Oracle EBS,E,MED-002,Medora Derm Cream,Prescription,Medora,Wholesale,4,22.22,GBP,0.0,88.88,88.88
TXN-GB-4-001702,2026-08-28 19:56:59,2026-08-28 19:59:59,GB,Legacy Oracle EBS,E,DER-001,Dermacare GlowSerum,Aesthetic,Dermacare,E-commerce,10,27.35,GBP,0.0,273.5,273.5
TXN-GB-4-001703,2026-08-28 10:56:21,2026-08-28 10:58:21,GB,Legacy Oracle EBS,E,VIT-002,Vitalis Multivit,Supplement,Vitalis,Wholesale,9,14.53,GBP,0.1,130.77,117.69
TXN-GB-4-001704,2026-08-28 05:15:22,2026-08-28 05:19:22,GB,Legacy Oracle EBS,E,MED-002,Medora Derm Cream,Prescription,Medora,D2C,3,22.22,GBP,0.0,66.66,66.66
TXN-GB-4-001705,2026-08-28 08:37:30,2026-08-28 08:40:30,GB,Legacy Oracle EBS,E,VIT-002,Vitalis Multivit,Supplement,Vitalis,Pharmacy/B2B,2,14.53,GBP,0.2,29.06,23.25
TXN-GB-4-001706,2026-08-28 05:53:06,2026-08-28 05:54:06,GB,Legacy Oracle EBS,E,MED-002,Medora Derm Cream,Prescription,Medora,E-commerce,9,22.22,GBP,0.2,199.98,159.98
TXN-GB-4-001707,2026-08-28 23:27:48,2026-08-28 23:30:48,GB,Legacy Oracle EBS,E,SAN-002,SanaPlus ColdFlu,OTC,SanaPlus,Pharmacy/B2B,9,8.97,GBP,0.0,80.73,80.73
TXN-GB-4-001708,2026-08-28 15:58:01,2026-08-28 16:02:01,GB,Legacy Oracle EBS,E,VIT-001,Vitalis C1000,Supplement,Vitalis,D2C,10,17.95,GBP,0.0,179.5,179.5
TXN-GB-4-001709,2026-08-28 01:54:57,2026-08-28 02:00:57,GB,Legacy Oracle EBS,E,PUR-002,PureLife BP Monitor,Medical Device,PureLife,E-commerce,6,76.92,GBP,0.0,461.52,461.52
TXN-GB-4-001710,2026-08-28 22:54:03,2026-08-28 22:58:03,GB,Legacy Oracle EBS,E,SAN-001,SanaPlus PainRelief,OTC,SanaPlus,E-commerce,5,8.12,GBP,0.0,40.6,40.6
TXN-GB-4-001711,2026-08-28 08:23:26,2026-08-28 08:25:26,GB,Legacy Oracle EBS,E,DER-001,Dermacare GlowSerum,Aesthetic,Dermacare,E-commerce,9,27.35,GBP,0.15,246.15,209.23
TXN-GB-4-001712,2026-08-28 00:19:40,2026-08-28 00:25:40,GB,Legacy Oracle EBS,E,MED-002,Medora Derm Cream,Prescription,Medora,Pharmacy/B2B,6,22.22,GBP,0.2,133.32,106.66
TXN-GB-4-001713,2026-08-28 10:54:34,2026-08-28 10:58:34,GB,Legacy Oracle EBS,E,DER-002,Dermacare LiftCream,Aesthetic,Dermacare,Wholesale,5,31.62,GBP,0.2,158.1,126.48
TXN-GB-4-001714,2026-08-28 07:47:36,2026-08-28 07:49:36,GB,Legacy Oracle EBS,E,DER-002,Dermacare LiftCream,Aesthetic,Dermacare,Wholesale,6,31.62,GBP,0.05,189.72,180.23
TXN-GB-4-001715,2026-08-28 04:13:28,2026-08-28 04:16:28,GB,Legacy Oracle EBS,E,PUR-002,PureLife BP Monitor,Medical Device,PureLife,E-commerce,3,76.92,GBP,0.15,230.76,196.15
TXN-GB-4-001716,2026-08-28 02:02:42,2026-08-28 02:08:42,GB,Legacy Oracle EBS,E,MED-002,Medora Derm Cream,Prescription,Medora,E-commerce,11,22.22,GBP,0.1,244.42,219.98
TXN-GB-4-001717,2026-08-28 00:54:21,2026-08-28 00:55:21,GB,Legacy Oracle EBS,E,SAN-001,SanaPlus PainRelief,OTC,SanaPlus,Wholesale,9,8.12,GBP,0.15,73.08,62.12
TXN-GB-4-001718,2026-08-28 05:30:09,2026-08-28 05:35:09,GB,Legacy Oracle EBS,E,MED-001,Medora Cardio 10mg,Prescription,Medora,Pharmacy/B2B,12,36.75,GBP,0.2,441.0,352.8
TXN-GB-4-001719,2026-08-28 15:39:16,2026-08-28 15:40:16,GB,Legacy Oracle EBS,E,DER-002,Dermacare LiftCream,Aesthetic,Dermacare,E-commerce,10,31.62,GBP,0.05,316.2,300.39
TXN-GB-4-001720,2026-08-28 09:38:29,2026-08-28 09:43:29,GB,Legacy Oracle EBS,E,MED-001,Medora Cardio 10mg,Prescription,Medora,Wholesale,7,36.75,GBP,0.0,257.25,257.25
TXN-GB-4-001721,2026-08-28 01:06:12,2026-08-28 01:11:12,GB,Legacy Oracle EBS,E,VIT-001,Vitalis C1000,Supplement,Vitalis,E-commerce,11,17.95,GBP,0.0,197.45,197.45
TXN-GB-4-001722,2026-08-28 01:00:10,2026-08-28 01:02:10,GB,Legacy Oracle EBS,E,MED-001,Medora Cardio 10mg,Prescription,Medora,Wholesale,4,36.75,GBP,0.0,147.0,147.0
TXN-GB-4-001723,2026-08-28 18:13:28,2026-08-28 18:18:28,GB,Legacy Oracle EBS,E,DER-002,Dermacare LiftCream,Aesthetic,Dermacare,E-commerce,2,31.62,GBP,0.05,63.24,60.08
TXN-GB-4-001724,2026-08-28 17:36:35,2026-08-28 17:40:35,GB,Legacy Oracle EBS,E,DER-001,Dermacare GlowSerum,Aesthetic,Dermacare,E-commerce,2,27.35,GBP,0.2,54.7,43.76
TXN-GB-4-001725,2026-08-28 01:09:41,2026-08-28 01:15:41,GB,Legacy Oracle EBS,E,SAN-002,SanaPlus ColdFlu,OTC,SanaPlus,Pharmacy/B2B,7,8.97,GBP,0.15,62.79,53.37
TXN-GB-4-001726,2026-08-28 20:20:23,2026-08-28 20:24:23,GB,Legacy Oracle EBS,E,MED-001,Medora Cardio 10mg,Prescription,Medora,Wholesale,1,36.75,GBP,0.05,36.75,34.91
TXN-GB-4-001727,2026-08-28 04:44:05,2026-08-28 04:50:05,GB,Legacy Oracle EBS,E,MED-002,Medora Derm Cream,Prescription,Medora,Wholesale,4,22.22,GBP,0.0,88.88,88.88
TXN-GB-4-001728,2026-08-28 05:34:49,2026-08-28 05:40:49,GB,Legacy Oracle EBS,E,MED-001,Medora Cardio 10mg,Prescription,Medora,Wholesale,9,36.75,GBP,0.15,330.75,281.14
TXN-GB-4-001729,2026-08-28 10:19:50,2026-08-28 10:24:50,GB,Legacy Oracle EBS,E,DER-002,Dermacare LiftCream,Aesthetic,Dermacare,Wholesale,12,31.62,GBP,0.1,379.44,341.5
TXN-GB-4-001730,2026-08-28 15:51:15,2026-08-28 15:57:15,GB,Legacy Oracle EBS,E,VIT-002,Vitalis Multivit,Supplement,Vitalis,D2C,1,14.53,GBP,0.15,14.53,12.35
TXN-GB-4-001731,2026-08-28 02:56:53,2026-08-28 03:01:53,GB,Legacy Oracle EBS,E,PUR-001,PureLife GlucoMonitor,Medical Device,PureLife,D2C,10,72.65,GBP,0.0,726.5,726.5
TXN-GB-4-001732,2026-08-28 02:23:59,2026-08-28 02:25:59,GB,Legacy Oracle EBS,E,DER-002,Dermacare LiftCream,Aesthetic,Dermacare,D2C,4,31.62,GBP,0.0,126.48,126.48
TXN-GB-4-001733,2026-08-28 06:52:05,2026-08-28 06:54:05,GB,Legacy Oracle EBS,E,PUR-002,PureLife BP Monitor,Medical Device,PureLife,D2C,5,76.92,GBP,0.15,384.6,326.91
TXN-GB-4-001734,2026-08-28 07:07:29,2026-08-28 07:11:29,GB,Legacy Oracle EBS,E,DER-001,Dermacare GlowSerum,Aesthetic,Dermacare,Pharmacy/B2B,2,27.35,GBP,0.2,54.7,43.76
TXN-GB-4-001735,2026-08-28 03:35:36,2026-08-28 03:38:36,GB,Legacy Oracle EBS,E,MED-001,Medora Cardio 10mg,Prescription,Medora,Wholesale,2,36.75,GBP,0.0,73.5,73.5
TXN-GB-4-001736,2026-08-28 17:43:28,2026-08-28 17:44:28,GB,Legacy Oracle EBS,E,MED-001,Medora Cardio 10mg,Prescription,Medora,E-commerce,1,36.75,GBP,0.0,36.75,36.75
TXN-GB-4-001737,2026-08-28 13:57:36,2026-08-28 14:00:36,GB,Legacy Oracle EBS,E,SAN-002,SanaPlus ColdFlu,OTC,SanaPlus,E-commerce,5,8.97,GBP,0.0,44.85,44.85
TXN-GB-4-001738,2026-08-28 11:03:57,2026-08-28 11:09:57,GB,Legacy Oracle EBS,E,MED-001,Medora Cardio 10mg,Prescription,Medora,Pharmacy/B2B,9,36.75,GBP,0.05,330.75,314.21
TXN-GB-4-001739,2026-08-28 04:50:11,2026-08-28 04:54:11,GB,Legacy Oracle EBS,E,DER-002,Dermacare LiftCream,Aesthetic,Dermacare,Pharmacy/B2B,10,31.62,GBP,0.0,316.2,316.2
TXN-GB-4-001740,2026-08-28 23:00:15,2026-08-28 23:05:15,GB,Legacy Oracle EBS,E,VIT-002,Vitalis Multivit,Supplement,Vitalis,E-commerce,1,14.53,GBP,0.2,14.53,11.62
TXN-GB-4-001741,2026-08-28 15:46:33,2026-08-28 15:47:33,GB,Legacy Oracle EBS,E,SAN-002,SanaPlus ColdFlu,OTC,SanaPlus,E-commerce,2,8.97,GBP,0.0,17.94,17.94
TXN-GB-4-001742,2026-08-28 06:43:31,2026-08-28 06:46:31,GB,Legacy Oracle EBS,E,DER-002,Dermacare LiftCream,Aesthetic,Dermacare,D2C,5,31.62,GBP,0.0,158.1,158.1
TXN-GB-4-001743,2026-08-28 09:21:11,2026-08-28 09:23:11,GB,Legacy Oracle EBS,E,MED-001,Medora Cardio 10mg,Prescription,Medora,E-commerce,7,36.75,GBP,0.0,257.25,257.25
TXN-GB-4-001744,2026-08-28 10:09:50,2026-08-28 10:11:50,GB,Legacy Oracle EBS,E,MED-002,Medora Derm Cream,Prescription,Medora,D2C,12,22.22,GBP,0.15,266.64,226.64
TXN-GB-4-001745,2026-08-28 04:19:27,2026-08-28 04:22:27,GB,Legacy Oracle EBS,E,SAN-001,SanaPlus PainRelief,OTC,SanaPlus,D2C,2,8.12,GBP,0.2,16.24,12.99
TXN-GB-4-001746,2026-08-28 20:29:22,2026-08-28 20:30:22,GB,Legacy Oracle EBS,E,SAN-001,SanaPlus PainRelief,OTC,SanaPlus,Wholesale,9,8.12,GBP,0.05,73.08,69.43
TXN-GB-4-001747,2026-08-28 07:26:26,2026-08-28 07:29:26,GB,Legacy Oracle EBS,E,VIT-002,Vitalis Multivit,Supplement,Vitalis,Pharmacy/B2B,5,14.53,GBP,0.0,72.65,72.65
TXN-GB-4-001748,2026-08-28 06:44:14,2026-08-28 06:50:14,GB,Legacy Oracle EBS,E,PUR-001,PureLife GlucoMonitor,Medical Device,PureLife,E-commerce,12,72.65,GBP,0.15,871.8,741.03
TXN-GB-4-001749,2026-08-28 09:07:22,2026-08-28 09:10:22,GB,Legacy Oracle EBS,E,PUR-001,PureLife GlucoMonitor,Medical Device,PureLife,Wholesale,3,72.65,GBP,0.0,217.95,217.95
TXN-GB-4-001750,2026-08-28 00:24:21,2026-08-28 00:26:21,GB,Legacy Oracle EBS,E,PUR-002,PureLife BP Monitor,Medical Device,PureLife,D2C,7,76.92,GBP,0.0,538.44,538.44
TXN-GB-4-001751,2026-08-28 09:28:16,2026-08-28 09:32:16,GB,Legacy Oracle EBS,E,DER-001,Dermacare GlowSerum,Aesthetic,Dermacare,Pharmacy/B2B,1,27.35,GBP,0.2,27.35,21.88
TXN-GB-4-001752,2026-08-28 18:52:13,2026-08-28 18:58:13,GB,Legacy Oracle EBS,E,MED-001,Medora Cardio 10mg,Prescription,Medora,Wholesale,7,36.75,GBP,0.0,257.25,257.25
TXN-GB-4-001753,2026-08-28 12:02:10,2026-08-28 12:06:10,GB,Legacy Oracle EBS,E,MED-001,Medora Cardio 10mg,Prescription,Medora,E-commerce,12,36.75,GBP,0.2,441.0,352.8
TXN-GB-4-001754,2026-08-28 18:54:29,2026-08-28 18:56:29,GB,Legacy Oracle EBS,E,SAN-001,SanaPlus PainRelief,OTC,SanaPlus,Pharmacy/B2B,5,8.12,GBP,0.0,40.6,40.6
TXN-GB-4-001755,2026-08-28 01:44:44,2026-08-28 01:47:44,GB,Legacy Oracle EBS,E,VIT-002,Vitalis Multivit,Supplement,Vitalis,Wholesale,1,14.53,GBP,0.0,14.53,14.53
TXN-GB-4-001756,2026-08-28 02:14:11,2026-08-28 02:16:11,GB,Legacy Oracle EBS,E,MED-001,Medora Cardio 10mg,Prescription,Medora,Wholesale,5,36.75,GBP,0.0,183.75,183.75
TXN-GB-4-001757,2026-08-28 21:47:12,2026-08-28 21:51:12,GB,Legacy Oracle EBS,E,PUR-001,PureLife GlucoMonitor,Medical Device,PureLife,Pharmacy/B2B,1,72.65,GBP,0.0,72.65,72.65
TXN-GB-4-001758,2026-08-28 15:59:05,2026-08-28 16:05:05,GB,Legacy Oracle EBS,E,DER-002,Dermacare LiftCream,Aesthetic,Dermacare,Wholesale,5,31.62,GBP,0.0,158.1,158.1
TXN-GB-4-001759,2026-08-28 03:12:27,2026-08-28 03:16:27,GB,Legacy Oracle EBS,E,MED-002,Medora Derm Cream,Prescription,Medora,D2C,1,22.22,GBP,0.0,22.22,22.22
TXN-GB-4-001760,2026-08-28 04:37:26,2026-08-28 04:42:26,GB,Legacy Oracle EBS,E,VIT-001,Vitalis C1000,Supplement,Vitalis,D2C,1,17.95,GBP,0.0,17.95,17.95
TXN-GB-4-001761,2026-08-28 10:16:27,2026-08-28 10:20:27,GB,Legacy Oracle EBS,E,VIT-001,Vitalis C1000,Supplement,Vitalis,Wholesale,11,17.95,GBP,0.0,197.45,197.45
TXN-GB-4-001762,2026-08-28 22:21:49,2026-08-28 22:27:49,GB,Legacy Oracle EBS,E,DER-002,Dermacare LiftCream,Aesthetic,Dermacare,Pharmacy/B2B,11,31.62,GBP,0.0,347.82,347.82
TXN-GB-4-001763,2026-08-28 19:28:59,2026-08-28 19:32:59,GB,Legacy Oracle EBS,E,PUR-001,PureLife GlucoMonitor,Medical Device,PureLife,D2C,2,72.65,GBP,0.0,145.3,145.3
TXN-GB-4-001764,2026-08-28 18:10:42,2026-08-28 18:14:42,GB,Legacy Oracle EBS,E,MED-001,Medora Cardio 10mg,Prescription,Medora,Wholesale,12,36.75,GBP,0.0,441.0,441.0
TXN-GB-4-001765,2026-08-28 15:14:35,2026-08-28 15:15:35,GB,Legacy Oracle EBS,E,SAN-002,SanaPlus ColdFlu,OTC,SanaPlus,Pharmacy/B2B,11,8.97,GBP,0.0,98.67,98.67
TXN-GB-4-001766,2026-08-28 05:39:33,2026-08-28 05:41:33,GB,Legacy Oracle EBS,E,VIT-001,Vitalis C1000,Supplement,Vitalis,E-commerce,4,17.95,GBP,0.05,71.8,68.21
TXN-GB-4-001767,2026-08-28 09:46:44,2026-08-28 09:49:44,GB,Legacy Oracle EBS,E,SAN-002,SanaPlus ColdFlu,OTC,SanaPlus,D2C,10,8.97,GBP,0.15,89.7,76.25
TXN-GB-4-001768,2026-08-28 16:15:09,2026-08-28 16:19:09,GB,Legacy Oracle EBS,E,PUR-001,PureLife GlucoMonitor,Medical Device,PureLife,E-commerce,4,72.65,GBP,0.2,290.6,232.48
TXN-GB-4-001769,2026-08-28 00:32:21,2026-08-28 00:33:21,GB,Legacy Oracle EBS,E,VIT-001,Vitalis C1000,Supplement,Vitalis,E-commerce,6,17.95,GBP,0.0,107.7,107.7
TXN-GB-4-001770,2026-08-28 21:48:27,2026-08-28 21:51:27,GB,Legacy Oracle EBS,E,VIT-001,Vitalis C1000,Supplement,Vitalis,D2C,10,17.95,GBP,0.2,179.5,143.6
TXN-GB-4-001771,2026-08-28 04:47:41,2026-08-28 04:48:41,GB,Legacy Oracle EBS,E,SAN-001,SanaPlus PainRelief,OTC,SanaPlus,D2C,2,8.12,GBP,0.0,16.24,16.24
TXN-GB-4-001772,2026-08-28 18:56:39,2026-08-28 19:02:39,GB,Legacy Oracle EBS,E,VIT-001,Vitalis C1000,Supplement,Vitalis,Wholesale,6,17.95,GBP,0.2,107.7,86.16
TXN-GB-4-001773,2026-08-28 23:43:52,2026-08-28 23:44:52,GB,Legacy Oracle EBS,E,DER-001,Dermacare GlowSerum,Aesthetic,Dermacare,D2C,2,27.35,GBP,0.2,54.7,43.76
TXN-GB-4-001774,2026-08-28 01:12:34,2026-08-28 01:18:34,GB,Legacy Oracle EBS,E,PUR-001,PureLife GlucoMonitor,Medical Device,PureLife,Wholesale,5,72.65,GBP,0.0,363.25,363.25
TXN-GB-4-001775,2026-08-28 00:09:12,2026-08-28 00:12:12,GB,Legacy Oracle EBS,E,PUR-002,PureLife BP Monitor,Medical Device,PureLife,Wholesale,12,76.92,GBP,0.15,923.04,784.58
TXN-GB-4-001776,2026-08-28 16:49:34,2026-08-28 16:51:34,GB,Legacy Oracle EBS,E,PUR-002,PureLife BP Monitor,Medical Device,PureLife,D2C,3,76.92,GBP,0.0,230.76,230.76
TXN-GB-4-001777,2026-08-28 00:02:39,2026-08-28 00:03:39,GB,Legacy Oracle EBS,E,VIT-001,Vitalis C1000,Supplement,Vitalis,E-commerce,6,17.95,GBP,0.0,107.7,107.7
TXN-GB-4-001778,2026-08-28 21:42:32,2026-08-28 21:43:32,GB,Legacy Oracle EBS,E,PUR-002,PureLife BP Monitor,Medical Device,PureLife,D2C,7,76.92,GBP,0.0,538.44,538.44
TXN-GB-4-001779,2026-08-28 16:17:56,2026-08-28 16:23:56,GB,Legacy Oracle EBS,E,PUR-002,PureLife BP Monitor,Medical Device,PureLife,D2C,5,76.92,GBP,0.0,384.6,384.6
TXN-GB-4-001780,2026-08-28 10:29:52,2026-08-28 10:33:52,GB,Legacy Oracle EBS,E,PUR-001,PureLife GlucoMonitor,Medical Device,PureLife,D2C,2,72.65,GBP,0.15,145.3,123.51
TXN-GB-4-001781,2026-08-28 17:04:12,2026-08-28 17:07:12,GB,Legacy Oracle EBS,E,SAN-001,SanaPlus PainRelief,OTC,SanaPlus,D2C,10,8.12,GBP,0.05,81.2,77.14
TXN-GB-4-001782,2026-08-28 15:01:19,2026-08-28 15:05:19,GB,Legacy Oracle EBS,E,DER-002,Dermacare LiftCream,Aesthetic,Dermacare,D2C,4,31.62,GBP,0.0,126.48,126.48
TXN-GB-4-001783,2026-08-28 09:42:17,2026-08-28 09:44:17,GB,Legacy Oracle EBS,E,VIT-002,Vitalis Multivit,Supplement,Vitalis,Wholesale,7,14.53,GBP,0.0,101.71,101.71
TXN-GB-4-001784,2026-08-28 21:42:09,2026-08-28 21:47:09,GB,Legacy Oracle EBS,E,MED-002,Medora Derm Cream,Prescription,Medora,E-commerce,10,22.22,GBP,0.05,222.2,211.09
TXN-GB-4-001785,2026-08-28 17:50:26,2026-08-28 17:53:26,GB,Legacy Oracle EBS,E,VIT-001,Vitalis C1000,Supplement,Vitalis,Pharmacy/B2B,8,17.95,GBP,0.0,143.6,143.6
TXN-GB-4-001786,2026-08-28 04:44:35,2026-08-28 04:48:35,GB,Legacy Oracle EBS,E,DER-001,Dermacare GlowSerum,Aesthetic,Dermacare,Wholesale,9,27.35,GBP,0.0,246.15,246.15
TXN-GB-4-001787,2026-08-28 19:36:52,2026-08-28 19:39:52,GB,Legacy Oracle EBS,E,PUR-002,PureLife BP Monitor,Medical Device,PureLife,E-commerce,7,76.92,GBP,0.0,538.44,538.44
TXN-GB-4-001788,2026-08-28 20:05:34,2026-08-28 20:09:34,GB,Legacy Oracle EBS,E,VIT-001,Vitalis C1000,Supplement,Vitalis,Pharmacy/B2B,9,17.95,GBP,0.0,161.55,161.55
TXN-GB-4-001789,2026-08-28 16:42:16,2026-08-28 16:44:16,GB,Legacy Oracle EBS,E,MED-002,Medora Derm Cream,Prescription,Medora,Wholesale,1,22.22,GBP,0.2,22.22,17.78
TXN-GB-4-001790,2026-08-28 05:26:03,2026-08-28 05:32:03,GB,Legacy Oracle EBS,E,DER-002,Dermacare LiftCream,Aesthetic,Dermacare,Wholesale,7,31.62,GBP,0.0,221.34,221.34
TXN-GB-4-001791,2026-08-28 03:12:21,2026-08-28 03:13:21,GB,Legacy Oracle EBS,E,MED-001,Medora Cardio 10mg,Prescription,Medora,D2C,9,36.75,GBP,0.0,330.75,330.75
TXN-GB-4-001792,2026-08-28 04:59:08,2026-08-28 05:03:08,GB,Legacy Oracle EBS,E,PUR-001,PureLife GlucoMonitor,Medical Device,PureLife,E-commerce,9,72.65,GBP,0.1,653.85,588.47
TXN-GB-4-001793,2026-08-28 11:34:06,2026-08-28 11:35:06,GB,Legacy Oracle EBS,E,DER-002,Dermacare LiftCream,Aesthetic,Dermacare,Pharmacy/B2B,2,31.62,GBP,0.0,63.24,63.24
TXN-GB-4-001794,2026-08-28 22:43:48,2026-08-28 22:48:48,GB,Legacy Oracle EBS,E,PUR-001,PureLife GlucoMonitor,Medical Device,PureLife,E-commerce,8,72.65,GBP,0.1,581.2,523.08
TXN-GB-4-001795,2026-08-28 12:59:44,2026-08-28 13:01:44,GB,Legacy Oracle EBS,E,VIT-002,Vitalis Multivit,Supplement,Vitalis,Wholesale,9,14.53,GBP,0.05,130.77,124.23
TXN-GB-4-001796,2026-08-28 12:29:43,2026-08-28 12:33:43,GB,Legacy Oracle EBS,E,VIT-001,Vitalis C1000,Supplement,Vitalis,D2C,8,17.95,GBP,0.1,143.6,129.24
TXN-GB-4-001797,2026-08-28 09:12:58,2026-08-28 09:18:58,GB,Legacy Oracle EBS,E,SAN-002,SanaPlus ColdFlu,OTC,SanaPlus,E-commerce,1,8.97,GBP,0.1,8.97,8.07
TXN-GB-4-001798,2026-08-28 11:14:30,2026-08-28 11:16:30,GB,Legacy Oracle EBS,E,SAN-001,SanaPlus PainRelief,OTC,SanaPlus,Pharmacy/B2B,8,8.12,GBP,0.0,64.96,64.96
TXN-GB-4-001799,2026-08-28 04:13:20,2026-08-28 04:18:20,GB,Legacy Oracle EBS,E,MED-001,Medora Cardio 10mg,Prescription,Medora,E-commerce,11,36.75,GBP,0.05,404.25,384.04
TXN-GB-4-001800,2026-08-28 07:30:46,2026-08-28 07:34:46,GB,Legacy Oracle EBS,E,DER-001,Dermacare GlowSerum,Aesthetic,Dermacare,Pharmacy/B2B,4,27.35,GBP,0.2,109.4,87.52
TXN-GB-4-001801,2026-08-28 07:16:58,2026-08-28 07:18:58,GB,Legacy Oracle EBS,E,PUR-001,PureLife GlucoMonitor,Medical Device,PureLife,Pharmacy/B2B,10,72.65,GBP,0.15,726.5,617.52
TXN-GB-4-001802,2026-08-28 18:29:27,2026-08-28 18:35:27,GB,Legacy Oracle EBS,E,MED-001,Medora Cardio 10mg,Prescription,Medora,Pharmacy/B2B,11,36.75,GBP,0.05,404.25,384.04
TXN-GB-4-001803,2026-08-28 17:21:01,2026-08-28 17:26:01,GB,Legacy Oracle EBS,E,SAN-002,SanaPlus ColdFlu,OTC,SanaPlus,Pharmacy/B2B,6,8.97,GBP,0.05,53.82,51.13
TXN-GB-4-001804,2026-08-28 01:55:35,2026-08-28 01:56:35,GB,Legacy Oracle EBS,E,PUR-001,PureLife GlucoMonitor,Medical Device,PureLife,Wholesale,8,72.65,GBP,0.05,581.2,552.14
TXN-GB-4-001805,2026-08-28 01:12:23,2026-08-28 01:18:23,GB,Legacy Oracle EBS,E,PUR-002,PureLife BP Monitor,Medical Device,PureLife,E-commerce,1,76.92,GBP,0.0,76.92,76.92
TXN-GB-4-001806,2026-08-28 20:32:46,2026-08-28 20:38:46,GB,Legacy Oracle EBS,E,DER-001,Dermacare GlowSerum,Aesthetic,Dermacare,Pharmacy/B2B,10,27.35,GBP,0.0,273.5,273.5
TXN-GB-4-001807,2026-08-28 10:39:36,2026-08-28 10:42:36,GB,Legacy Oracle EBS,E,MED-001,Medora Cardio 10mg,Prescription,Medora,Pharmacy/B2B,2,36.75,GBP,0.0,73.5,73.5
TXN-GB-4-001808,2026-08-28 18:19:13,2026-08-28 18:25:13,GB,Legacy Oracle EBS,E,VIT-001,Vitalis C1000,Supplement,Vitalis,E-commerce,9,17.95,GBP,0.0,161.55,161.55
TXN-GB-4-001809,2026-08-28 22:48:58,2026-08-28 22:51:58,GB,Legacy Oracle EBS,E,VIT-001,Vitalis C1000,Supplement,Vitalis,D2C,4,17.95,GBP,0.15,71.8,61.03
TXN-GB-4-001810,2026-08-28 05:21:32,2026-08-28 05:26:32,GB,Legacy Oracle EBS,E,VIT-002,Vitalis Multivit,Supplement,Vitalis,D2C,7,14.53,GBP,0.15,101.71,86.45
TXN-GB-4-001811,2026-08-28 16:47:53,2026-08-28 16:50:53,GB,Legacy Oracle EBS,E,DER-001,Dermacare GlowSerum,Aesthetic,Dermacare,D2C,6,27.35,GBP,0.0,164.1,164.1
TXN-GB-4-001812,2026-08-28 03:43:31,2026-08-28 03:44:31,GB,Legacy Oracle EBS,E,PUR-001,PureLife GlucoMonitor,Medical Device,PureLife,Pharmacy/B2B,6,72.65,GBP,0.15,435.9,370.51
TXN-GB-4-001813,2026-08-28 09:51:10,2026-08-28 09:53:10,GB,Legacy Oracle EBS,E,DER-002,Dermacare LiftCream,Aesthetic,Dermacare,Wholesale,1,31.62,GBP,0.2,31.62,25.3
TXN-GB-4-001814,2026-08-28 09:07:15,2026-08-28 09:10:15,GB,Legacy Oracle EBS,E,PUR-002,PureLife BP Monitor,Medical Device,PureLife,Wholesale,8,76.92,GBP,0.0,615.36,615.36
TXN-GB-4-001815,2026-08-28 04:20:22,2026-08-28 04:26:22,GB,Legacy Oracle EBS,E,DER-001,Dermacare GlowSerum,Aesthetic,Dermacare,Pharmacy/B2B,1,27.35,GBP,0.0,27.35,27.35
TXN-GB-4-001816,2026-08-28 12:14:57,2026-08-28 12:19:57,GB,Legacy Oracle EBS,E,SAN-002,SanaPlus ColdFlu,OTC,SanaPlus,E-commerce,8,8.97,GBP,0.0,71.76,71.76
TXN-GB-4-001817,2026-08-28 01:38:09,2026-08-28 01:41:09,GB,Legacy Oracle EBS,E,MED-001,Medora Cardio 10mg,Prescription,Medora,Pharmacy/B2B,3,36.75,GBP,0.05,110.25,104.74
TXN-GB-4-001818,2026-08-28 12:07:03,2026-08-28 12:12:03,GB,Legacy Oracle EBS,E,SAN-001,SanaPlus PainRelief,OTC,SanaPlus,E-commerce,7,8.12,GBP,0.05,56.84,54.0
TXN-GB-4-001819,2026-08-28 18:01:11,2026-08-28 18:07:11,GB,Legacy Oracle EBS,E,DER-001,Dermacare GlowSerum,Aesthetic,Dermacare,E-commerce,11,27.35,GBP,0.05,300.85,285.81
TXN-GB-4-001820,2026-08-28 21:13:11,2026-08-28 21:17:11,GB,Legacy Oracle EBS,E,PUR-001,PureLife GlucoMonitor,Medical Device,PureLife,E-commerce,7,72.65,GBP,0.1,508.55,457.69
TXN-GB-4-001821,2026-08-28 21:40:52,2026-08-28 21:44:52,GB,Legacy Oracle EBS,E,DER-001,Dermacare GlowSerum,Aesthetic,Dermacare,Wholesale,9,27.35,GBP,0.0,246.15,246.15
TXN-GB-4-001822,2026-08-28 10:51:52,2026-08-28 10:57:52,GB,Legacy Oracle EBS,E,SAN-002,SanaPlus ColdFlu,OTC,SanaPlus,D2C,12,8.97,GBP,0.15,107.64,91.49
TXN-GB-4-001823,2026-08-28 12:44:32,2026-08-28 12:50:32,GB,Legacy Oracle EBS,E,DER-002,Dermacare LiftCream,Aesthetic,Dermacare,E-commerce,6,31.62,GBP,0.1,189.72,170.75
TXN-GB-4-001824,2026-08-28 23:26:54,2026-08-28 23:29:54,GB,Legacy Oracle EBS,E,VIT-001,Vitalis C1000,Supplement,Vitalis,Pharmacy/B2B,4,17.95,GBP,0.0,71.8,71.8
TXN-GB-4-001825,2026-08-28 12:43:01,2026-08-28 12:48:01,GB,Legacy Oracle EBS,E,VIT-001,Vitalis C1000,Supplement,Vitalis,D2C,12,17.95,GBP,0.1,215.4,193.86
TXN-GB-4-001826,2026-08-28 22:44:57,2026-08-28 22:45:57,GB,Legacy Oracle EBS,E,VIT-002,Vitalis Multivit,Supplement,Vitalis,D2C,1,14.53,GBP,0.0,14.53,14.53
TXN-GB-4-001827,2026-08-28 17:38:26,2026-08-28 17:41:26,GB,Legacy Oracle EBS,E,SAN-001,SanaPlus PainRelief,OTC,SanaPlus,Pharmacy/B2B,1,8.12,GBP,0.15,8.12,6.9
TXN-GB-4-001828,2026-08-28 01:28:50,2026-08-28 01:32:50,GB,Legacy Oracle EBS,E,DER-002,Dermacare LiftCream,Aesthetic,Dermacare,E-commerce,9,31.62,GBP,0.05,284.58,270.35
TXN-GB-4-001829,2026-08-28 11:35:33,2026-08-28 11:38:33,GB,Legacy Oracle EBS,E,DER-002,Dermacare LiftCream,Aesthetic,Dermacare,Pharmacy/B2B,10,31.62,GBP,0.0,316.2,316.2
TXN-GB-4-001830,2026-08-28 14:29:00,2026-08-28 14:32:00,GB,Legacy Oracle EBS,E,PUR-002,PureLife BP Monitor,Medical Device,PureLife,E-commerce,12,76.92,GBP,0.15,923.04,784.58
TXN-GB-4-001831,2026-08-28 04:14:44,2026-08-28 04:20:44,GB,Legacy Oracle EBS,E,PUR-002,PureLife BP Monitor,Medical Device,PureLife,Pharmacy/B2B,5,76.92,GBP,0.0,384.6,384.6
TXN-GB-4-001832,2026-08-28 20:57:17,2026-08-28 21:00:17,GB,Legacy Oracle EBS,E,MED-001,Medora Cardio 10mg,Prescription,Medora,D2C,6,36.75,GBP,0.0,220.5,220.5
TXN-GB-4-001833,2026-08-28 01:16:04,2026-08-28 01:17:04,GB,Legacy Oracle EBS,E,MED-001,Medora Cardio 10mg,Prescription,Medora,E-commerce,11,36.75,GBP,0.15,404.25,343.61
TXN-GB-4-001834,2026-08-28 10:16:30,2026-08-28 10:22:30,GB,Legacy Oracle EBS,E,VIT-002,Vitalis Multivit,Supplement,Vitalis,E-commerce,2,14.53,GBP,0.0,29.06,29.06
TXN-GB-4-001835,2026-08-28 04:08:04,2026-08-28 04:11:04,GB,Legacy Oracle EBS,E,PUR-002,PureLife BP Monitor,Medical Device,PureLife,Pharmacy/B2B,1,76.92,GBP,0.15,76.92,65.38
TXN-GB-4-001836,2026-08-28 10:44:24,2026-08-28 10:45:24,GB,Legacy Oracle EBS,E,VIT-002,Vitalis Multivit,Supplement,Vitalis,D2C,5,14.53,GBP,0.05,72.65,69.02
TXN-GB-4-001837,2026-08-28 09:24:37,2026-08-28 09:28:37,GB,Legacy Oracle EBS,E,PUR-001,PureLife GlucoMonitor,Medical Device,PureLife,E-commerce,4,72.65,GBP,0.0,290.6,290.6
TXN-GB-4-001838,2026-08-28 22:33:33,2026-08-28 22:38:33,GB,Legacy Oracle EBS,E,PUR-001,PureLife GlucoMonitor,Medical Device,PureLife,Wholesale,8,72.65,GBP,0.05,581.2,552.14
TXN-GB-4-001839,2026-08-28 11:58:13,2026-08-28 12:01:13,GB,Legacy Oracle EBS,E,VIT-001,Vitalis C1000,Supplement,Vitalis,Wholesale,9,17.95,GBP,0.0,161.55,161.55
TXN-GB-4-001840,2026-08-28 13:31:46,2026-08-28 13:37:46,GB,Legacy Oracle EBS,E,MED-002,Medora Derm Cream,Prescription,Medora,E-commerce,11,22.22,GBP,0.0,244.42,244.42
TXN-GB-4-001841,2026-08-28 11:10:30,2026-08-28 11:12:30,GB,Legacy Oracle EBS,E,VIT-002,Vitalis Multivit,Supplement,Vitalis,D2C,11,14.53,GBP,0.15,159.83,135.86
TXN-GB-4-001842,2026-08-28 07:34:05,2026-08-28 07:40:05,GB,Legacy Oracle EBS,E,MED-002,Medora Derm Cream,Prescription,Medora,Pharmacy/B2B,5,22.22,GBP,0.15,111.1,94.43
TXN-GB-4-001843,2026-08-28 02:18:06,2026-08-28 02:19:06,GB,Legacy Oracle EBS,E,MED-001,Medora Cardio 10mg,Prescription,Medora,Wholesale,4,36.75,GBP,0.1,147.0,132.3
TXN-GB-4-001844,2026-08-28 05:44:43,2026-08-28 05:49:43,GB,Legacy Oracle EBS,E,MED-002,Medora Derm Cream,Prescription,Medora,Pharmacy/B2B,10,22.22,GBP,0.15,222.2,188.87
TXN-GB-4-001845,2026-08-28 08:45:17,2026-08-28 08:49:17,GB,Legacy Oracle EBS,E,VIT-002,Vitalis Multivit,Supplement,Vitalis,D2C,9,14.53,GBP,0.2,130.77,104.62
TXN-GB-4-001846,2026-08-28 14:07:05,2026-08-28 14:08:05,GB,Legacy Oracle EBS,E,VIT-001,Vitalis C1000,Supplement,Vitalis,Wholesale,7,17.95,GBP,0.1,125.65,113.09
TXN-GB-4-001847,2026-08-28 02:57:38,2026-08-28 03:01:38,GB,Legacy Oracle EBS,E,DER-002,Dermacare LiftCream,Aesthetic,Dermacare,Pharmacy/B2B,5,31.62,GBP,0.0,158.1,158.1
TXN-GB-4-001848,2026-08-28 15:10:38,2026-08-28 15:12:38,GB,Legacy Oracle EBS,E,SAN-001,SanaPlus PainRelief,OTC,SanaPlus,Pharmacy/B2B,8,8.12,GBP,0.0,64.96,64.96
TXN-GB-4-001849,2026-08-28 10:06:38,2026-08-28 10:07:38,GB,Legacy Oracle EBS,E,MED-001,Medora Cardio 10mg,Prescription,Medora,Pharmacy/B2B,5,36.75,GBP,0.2,183.75,147.0
TXN-GB-4-001850,2026-08-28 22:08:07,2026-08-28 22:12:07,GB,Legacy Oracle EBS,E,SAN-001,SanaPlus PainRelief,OTC,SanaPlus,Pharmacy/B2B,7,8.12,GBP,0.1,56.84,51.16
TXN-GB-4-001851,2026-08-28 16:43:16,2026-08-28 16:47:16,GB,Legacy Oracle EBS,E,MED-001,Medora Cardio 10mg,Prescription,Medora,D2C,4,36.75,GBP,0.15,147.0,124.95
TXN-GB-4-001852,2026-08-28 12:47:51,2026-08-28 12:49:51,GB,Legacy Oracle EBS,E,PUR-002,PureLife BP Monitor,Medical Device,PureLife,Pharmacy/B2B,12,76.92,GBP,0.1,923.04,830.74
TXN-GB-4-001853,2026-08-28 00:44:11,2026-08-28 00:50:11,GB,Legacy Oracle EBS,E,PUR-001,PureLife GlucoMonitor,Medical Device,PureLife,Wholesale,11,72.65,GBP,0.0,799.15,799.15
TXN-GB-4-001854,2026-08-28 15:31:47,2026-08-28 15:35:47,GB,Legacy Oracle EBS,E,PUR-002,PureLife BP Monitor,Medical Device,PureLife,E-commerce,4,76.92,GBP,0.0,307.68,307.68
TXN-GB-4-001855,2026-08-28 21:26:10,2026-08-28 21:31:10,GB,Legacy Oracle EBS,E,PUR-001,PureLife GlucoMonitor,Medical Device,PureLife,D2C,4,72.65,GBP,0.15,290.6,247.01
TXN-GB-4-001856,2026-08-28 14:33:01,2026-08-28 14:38:01,GB,Legacy Oracle EBS,E,PUR-001,PureLife GlucoMonitor,Medical Device,PureLife,Wholesale,6,72.65,GBP,0.05,435.9,414.1
TXN-GB-4-001857,2026-08-28 23:21:33,2026-08-28 23:23:33,GB,Legacy Oracle EBS,E,DER-001,Dermacare GlowSerum,Aesthetic,Dermacare,Wholesale,11,27.35,GBP,0.05,300.85,285.81
TXN-GB-4-001858,2026-08-28 09:55:12,2026-08-28 10:00:12,GB,Legacy Oracle EBS,E,VIT-002,Vitalis Multivit,Supplement,Vitalis,Wholesale,10,14.53,GBP,0.05,145.3,138.03
TXN-GB-4-001859,2026-08-28 20:11:45,2026-08-28 20:16:45,GB,Legacy Oracle EBS,E,VIT-001,Vitalis C1000,Supplement,Vitalis,Pharmacy/B2B,12,17.95,GBP,0.0,215.4,215.4
TXN-GB-4-001860,2026-08-28 08:50:29,2026-08-28 08:55:29,GB,Legacy Oracle EBS,E,MED-002,Medora Derm Cream,Prescription,Medora,Pharmacy/B2B,4,22.22,GBP,0.1,88.88,79.99
TXN-GB-4-001861,2026-08-28 22:21:14,2026-08-28 22:22:14,GB,Legacy Oracle EBS,E,MED-001,Medora Cardio 10mg,Prescription,Medora,D2C,5,36.75,GBP,0.0,183.75,183.75
TXN-GB-4-001862,2026-08-28 17:33:46,2026-08-28 17:35:46,GB,Legacy Oracle EBS,E,MED-001,Medora Cardio 10mg,Prescription,Medora,E-commerce,8,36.75,GBP,0.0,294.0,294.0
TXN-GB-4-001863,2026-08-28 20:57:58,2026-08-28 21:03:58,GB,Legacy Oracle EBS,E,DER-002,Dermacare LiftCream,Aesthetic,Dermacare,D2C,12,31.62,GBP,0.0,379.44,379.44
TXN-GB-4-001864,2026-08-28 05:42:30,2026-08-28 05:48:30,GB,Legacy Oracle EBS,E,VIT-001,Vitalis C1000,Supplement,Vitalis,E-commerce,9,17.95,GBP,0.1,161.55,145.4
TXN-GB-4-001865,2026-08-28 06:13:43,2026-08-28 06:18:43,GB,Legacy Oracle EBS,E,PUR-002,PureLife BP Monitor,Medical Device,PureLife,Pharmacy/B2B,6,76.92,GBP,0.2,461.52,369.22
TXN-GB-4-001866,2026-08-28 18:37:55,2026-08-28 18:39:55,GB,Legacy Oracle EBS,E,PUR-001,PureLife GlucoMonitor,Medical Device,PureLife,D2C,3,72.65,GBP,0.2,217.95,174.36
TXN-GB-4-001867,2026-08-28 23:43:21,2026-08-28 23:48:21,GB,Legacy Oracle EBS,E,VIT-002,Vitalis Multivit,Supplement,Vitalis,Pharmacy/B2B,4,14.53,GBP,0.0,58.12,58.12
TXN-GB-4-001868,2026-08-28 10:52:29,2026-08-28 10:56:29,GB,Legacy Oracle EBS,E,DER-001,Dermacare GlowSerum,Aesthetic,Dermacare,E-commerce,4,27.35,GBP,0.1,109.4,98.46
TXN-GB-4-001869,2026-08-28 16:47:07,2026-08-28 16:49:07,GB,Legacy Oracle EBS,E,PUR-002,PureLife BP Monitor,Medical Device,PureLife,Pharmacy/B2B,1,76.92,GBP,0.15,76.92,65.38
TXN-GB-4-001870,2026-08-28 13:30:33,2026-08-28 13:31:33,GB,Legacy Oracle EBS,E,MED-001,Medora Cardio 10mg,Prescription,Medora,E-commerce,9,36.75,GBP,0.0,330.75,330.75
TXN-GB-4-001871,2026-08-28 16:46:25,2026-08-28 16:50:25,GB,Legacy Oracle EBS,E,DER-001,Dermacare GlowSerum,Aesthetic,Dermacare,E-commerce,2,27.35,GBP,0.15,54.7,46.5
TXN-GB-4-001872,2026-08-28 06:49:54,2026-08-28 06:51:54,GB,Legacy Oracle EBS,E,DER-002,Dermacare LiftCream,Aesthetic,Dermacare,D2C,10,31.62,GBP,0.0,316.2,316.2
TXN-GB-4-001873,2026-08-28 13:50:04,2026-08-28 13:55:04,GB,Legacy Oracle EBS,E,PUR-001,PureLife GlucoMonitor,Medical Device,PureLife,Wholesale,10,72.65,GBP,0.2,726.5,581.2
TXN-GB-4-001874,2026-08-28 16:18:41,2026-08-28 16:20:41,GB,Legacy Oracle EBS,E,MED-001,Medora Cardio 10mg,Prescription,Medora,Pharmacy/B2B,7,36.75,GBP,0.0,257.25,257.25
TXN-GB-4-001875,2026-08-28 13:32:53,2026-08-28 13:33:53,GB,Legacy Oracle EBS,E,DER-002,Dermacare LiftCream,Aesthetic,Dermacare,E-commerce,8,31.62,GBP,0.1,252.96,227.66
TXN-GB-4-001876,2026-08-28 23:10:35,2026-08-28 23:16:35,GB,Legacy Oracle EBS,E,MED-001,Medora Cardio 10mg,Prescription,Medora,D2C,3,36.75,GBP,0.1,110.25,99.23
TXN-GB-4-001877,2026-08-28 06:30:51,2026-08-28 06:32:51,GB,Legacy Oracle EBS,E,SAN-002,SanaPlus ColdFlu,OTC,SanaPlus,Pharmacy/B2B,12,8.97,GBP,0.0,107.64,107.64
TXN-GB-4-001878,2026-08-28 10:33:55,2026-08-28 10:35:55,GB,Legacy Oracle EBS,E,SAN-001,SanaPlus PainRelief,OTC,SanaPlus,E-commerce,9,8.12,GBP,0.0,73.08,73.08
TXN-GB-4-001879,2026-08-28 16:55:05,2026-08-28 17:01:05,GB,Legacy Oracle EBS,E,MED-001,Medora Cardio 10mg,Prescription,Medora,Wholesale,7,36.75,GBP,0.15,257.25,218.66
TXN-GB-4-001880,2026-08-28 02:07:46,2026-08-28 02:10:46,GB,Legacy Oracle EBS,E,PUR-001,PureLife GlucoMonitor,Medical Device,PureLife,E-commerce,7,72.65,GBP,0.0,508.55,508.55
TXN-GB-4-001881,2026-08-28 08:36:18,2026-08-28 08:37:18,GB,Legacy Oracle EBS,E,PUR-002,PureLife BP Monitor,Medical Device,PureLife,Wholesale,4,76.92,GBP,0.1,307.68,276.91
TXN-GB-4-001882,2026-08-28 16:02:31,2026-08-28 16:07:31,GB,Legacy Oracle EBS,E,SAN-002,SanaPlus ColdFlu,OTC,SanaPlus,D2C,4,8.97,GBP,0.0,35.88,35.88
TXN-GB-4-001883,2026-08-28 14:50:03,2026-08-28 14:55:03,GB,Legacy Oracle EBS,E,MED-001,Medora Cardio 10mg,Prescription,Medora,E-commerce,5,36.75,GBP,0.0,183.75,183.75
TXN-GB-4-001884,2026-08-28 22:04:28,2026-08-28 22:05:28,GB,Legacy Oracle EBS,E,MED-002,Medora Derm Cream,Prescription,Medora,D2C,1,22.22,GBP,0.0,22.22,22.22
TXN-GB-4-001885,2026-08-28 22:51:07,2026-08-28 22:53:07,GB,Legacy Oracle EBS,E,SAN-002,SanaPlus ColdFlu,OTC,SanaPlus,D2C,5,8.97,GBP,0.05,44.85,42.61
TXN-GB-4-001886,2026-08-28 19:25:59,2026-08-28 19:26:59,GB,Legacy Oracle EBS,E,PUR-001,PureLife GlucoMonitor,Medical Device,PureLife,E-commerce,11,72.65,GBP,0.0,799.15,799.15
TXN-GB-4-001887,2026-08-28 15:38:10,2026-08-28 15:40:10,GB,Legacy Oracle EBS,E,SAN-002,SanaPlus ColdFlu,OTC,SanaPlus,D2C,1,8.97,GBP,0.0,8.97,8.97
TXN-GB-4-001888,2026-08-28 12:20:57,2026-08-28 12:23:57,GB,Legacy Oracle EBS,E,PUR-001,PureLife GlucoMonitor,Medical Device,PureLife,E-commerce,5,72.65,GBP,0.1,363.25,326.93
TXN-GB-4-001889,2026-08-28 14:18:39,2026-08-28 14:23:39,GB,Legacy Oracle EBS,E,MED-002,Medora Derm Cream,Prescription,Medora,E-commerce,11,22.22,GBP,0.15,244.42,207.76
TXN-GB-4-001890,2026-08-28 17:53:43,2026-08-28 17:58:43,GB,Legacy Oracle EBS,E,MED-001,Medora Cardio 10mg,Prescription,Medora,Wholesale,6,36.75,GBP,0.0,220.5,220.5
TXN-GB-4-001891,2026-08-28 22:26:04,2026-08-28 22:31:04,GB,Legacy Oracle EBS,E,PUR-002,PureLife BP Monitor,Medical Device,PureLife,Wholesale,2,76.92,GBP,0.05,153.84,146.15
TXN-GB-4-001892,2026-08-28 07:20:32,2026-08-28 07:21:32,GB,Legacy Oracle EBS,E,PUR-001,PureLife GlucoMonitor,Medical Device,PureLife,E-commerce,2,72.65,GBP,0.0,145.3,145.3
TXN-GB-4-001893,2026-08-28 00:37:26,2026-08-28 00:39:26,GB,Legacy Oracle EBS,E,MED-002,Medora Derm Cream,Prescription,Medora,D2C,1,22.22,GBP,0.1,22.22,20.0
TXN-GB-4-001894,2026-08-28 22:03:41,2026-08-28 22:06:41,GB,Legacy Oracle EBS,E,VIT-001,Vitalis C1000,Supplement,Vitalis,D2C,11,17.95,GBP,0.1,197.45,177.7
TXN-GB-4-001895,2026-08-28 21:55:47,2026-08-28 21:58:47,GB,Legacy Oracle EBS,E,SAN-002,SanaPlus ColdFlu,OTC,SanaPlus,E-commerce,3,8.97,GBP,0.05,26.91,25.56
TXN-GB-4-001896,2026-08-28 15:27:09,2026-08-28 15:31:09,GB,Legacy Oracle EBS,E,DER-001,Dermacare GlowSerum,Aesthetic,Dermacare,Wholesale,7,27.35,GBP,0.0,191.45,191.45
TXN-GB-4-001897,2026-08-28 22:23:19,2026-08-28 22:29:19,GB,Legacy Oracle EBS,E,SAN-002,SanaPlus ColdFlu,OTC,SanaPlus,D2C,6,8.97,GBP,0.0,53.82,53.82
TXN-GB-4-001898,2026-08-28 05:30:39,2026-08-28 05:36:39,GB,Legacy Oracle EBS,E,DER-001,Dermacare GlowSerum,Aesthetic,Dermacare,Wholesale,1,27.35,GBP,0.05,27.35,25.98
TXN-GB-4-001899,2026-08-28 13:52:42,2026-08-28 13:54:42,GB,Legacy Oracle EBS,E,MED-001,Medora Cardio 10mg,Prescription,Medora,Pharmacy/B2B,3,36.75,GBP,0.2,110.25,88.2
TXN-GB-4-001900,2026-08-28 12:48:53,2026-08-28 12:53:53,GB,Legacy Oracle EBS,E,SAN-002,SanaPlus ColdFlu,OTC,SanaPlus,Pharmacy/B2B,11,8.97,GBP,0.0,98.67,98.67
TXN-GB-4-001901,2026-08-28 16:44:43,2026-08-28 16:45:43,GB,Legacy Oracle EBS,E,VIT-001,Vitalis C1000,Supplement,Vitalis,E-commerce,7,17.95,GBP,0.0,125.65,125.65
TXN-GB-4-001902,2026-08-28 02:53:01,2026-08-28 02:55:01,GB,Legacy Oracle EBS,E,DER-001,Dermacare GlowSerum,Aesthetic,Dermacare,D2C,3,27.35,GBP,0.0,82.05,82.05
TXN-GB-4-001903,2026-08-28 05:08:28,2026-08-28 05:09:28,GB,Legacy Oracle EBS,E,PUR-002,PureLife BP Monitor,Medical Device,PureLife,Wholesale,12,76.92,GBP,0.05,923.04,876.89
TXN-GB-4-001904,2026-08-28 01:37:12,2026-08-28 01:42:12,GB,Legacy Oracle EBS,E,MED-002,Medora Derm Cream,Prescription,Medora,D2C,10,22.22,GBP,0.0,222.2,222.2
TXN-GB-4-001905,2026-08-28 07:33:56,2026-08-28 07:34:56,GB,Legacy Oracle EBS,E,VIT-001,Vitalis C1000,Supplement,Vitalis,Wholesale,8,17.95,GBP,0.0,143.6,143.6
TXN-GB-4-001906,2026-08-28 17:41:24,2026-08-28 17:45:24,GB,Legacy Oracle EBS,E,PUR-002,PureLife BP Monitor,Medical Device,PureLife,D2C,12,76.92,GBP,0.0,923.04,923.04
TXN-GB-4-001907,2026-08-28 07:36:10,2026-08-28 07:37:10,GB,Legacy Oracle EBS,E,PUR-001,PureLife GlucoMonitor,Medical Device,PureLife,Pharmacy/B2B,4,72.65,GBP,0.2,290.6,232.48
TXN-GB-4-001908,2026-08-28 03:59:22,2026-08-28 04:04:22,GB,Legacy Oracle EBS,E,PUR-002,PureLife BP Monitor,Medical Device,PureLife,E-commerce,11,76.92,GBP,0.0,846.12,846.12
TXN-GB-4-001909,2026-08-28 06:19:49,2026-08-28 06:20:49,GB,Legacy Oracle EBS,E,VIT-001,Vitalis C1000,Supplement,Vitalis,D2C,12,17.95,GBP,0.15,215.4,183.09
TXN-GB-4-001910,2026-08-28 07:19:03,2026-08-28 07:24:03,GB,Legacy Oracle EBS,E,SAN-002,SanaPlus ColdFlu,OTC,SanaPlus,E-commerce,12,8.97,GBP,0.1,107.64,96.88
TXN-GB-4-001911,2026-08-28 01:06:29,2026-08-28 01:10:29,GB,Legacy Oracle EBS,E,SAN-001,SanaPlus PainRelief,OTC,SanaPlus,E-commerce,12,8.12,GBP,0.1,97.44,87.7
TXN-GB-4-001912,2026-08-28 20:12:41,2026-08-28 20:15:41,GB,Legacy Oracle EBS,E,DER-001,Dermacare GlowSerum,Aesthetic,Dermacare,D2C,6,27.35,GBP,0.2,164.1,131.28
TXN-GB-4-001913,2026-08-28 21:11:32,2026-08-28 21:14:32,GB,Legacy Oracle EBS,E,DER-001,Dermacare GlowSerum,Aesthetic,Dermacare,Wholesale,4,27.35,GBP,0.0,109.4,109.4
TXN-GB-4-001914,2026-08-28 03:09:32,2026-08-28 03:10:32,GB,Legacy Oracle EBS,E,SAN-002,SanaPlus ColdFlu,OTC,SanaPlus,Wholesale,2,8.97,GBP,0.0,17.94,17.94
TXN-GB-4-001915,2026-08-28 16:56:30,2026-08-28 17:02:30,GB,Legacy Oracle EBS,E,PUR-001,PureLife GlucoMonitor,Medical Device,PureLife,D2C,3,72.65,GBP,0.1,217.95,196.16
TXN-GB-4-001916,2026-08-28 13:54:38,2026-08-28 13:58:38,GB,Legacy Oracle EBS,E,SAN-001,SanaPlus PainRelief,OTC,SanaPlus,E-commerce,11,8.12,GBP,0.2,89.32,71.46
TXN-GB-4-001917,2026-08-28 14:57:29,2026-08-28 15:02:29,GB,Legacy Oracle EBS,E,MED-002,Medora Derm Cream,Prescription,Medora,Pharmacy/B2B,9,22.22,GBP,0.2,199.98,159.98
TXN-GB-4-001918,2026-08-28 19:11:00,2026-08-28 19:16:00,GB,Legacy Oracle EBS,E,DER-001,Dermacare GlowSerum,Aesthetic,Dermacare,E-commerce,7,27.35,GBP,0.0,191.45,191.45
TXN-GB-4-001919,2026-08-28 06:38:43,2026-08-28 06:44:43,GB,Legacy Oracle EBS,E,PUR-002,PureLife BP Monitor,Medical Device,PureLife,Pharmacy/B2B,7,76.92,GBP,0.0,538.44,538.44
TXN-GB-4-001920,2026-08-28 22:34:23,2026-08-28 22:38:23,GB,Legacy Oracle EBS,E,DER-002,Dermacare LiftCream,Aesthetic,Dermacare,E-commerce,2,31.62,GBP,0.0,63.24,63.24
