transaction_id,order_datetime_utc,ingested_at_utc,country,source_system,source_scenario,product_code,product_name,product_category,brand,sales_channel,quantity,unit_price,currency,discount_pct,gross_amount,net_amount
TXN-IT-4-000001,2026-08-28 14:50:43,2026-08-28 14:52:43,IT,Proprietary ERP,B,DER-001,Dermacare GlowSerum,Aesthetic,Dermacare,Wholesale,6,32.0,EUR,0.2,192.0,153.6
TXN-IT-4-000002,2026-08-28 17:04:29,2026-08-28 17:07:29,IT,Proprietary ERP,B,SAN-001,SanaPlus PainRelief,OTC,SanaPlus,Pharmacy/B2B,2,9.5,EUR,0.05,19.0,18.05
TXN-IT-4-000003,2026-08-28 06:02:03,2026-08-28 06:03:03,IT,Proprietary ERP,B,PUR-002,PureLife BP Monitor,Medical Device,PureLife,D2C,5,90.0,EUR,0.0,450.0,450.0
TXN-IT-4-000004,2026-08-28 08:33:52,2026-08-28 08:34:52,IT,Proprietary ERP,B,VIT-001,Vitalis C1000,Supplement,Vitalis,Pharmacy/B2B,6,21.0,EUR,0.0,126.0,126.0
TXN-IT-4-000005,2026-08-28 21:55:34,2026-08-28 21:58:34,IT,Proprietary ERP,B,VIT-001,Vitalis C1000,Supplement,Vitalis,Pharmacy/B2B,5,21.0,EUR,0.0,105.0,105.0
TXN-IT-4-000006,2026-08-28 00:23:11,2026-08-28 00:27:11,IT,Proprietary ERP,B,DER-002,Dermacare LiftCream,Aesthetic,Dermacare,D2C,4,37.0,EUR,0.0,148.0,148.0
TXN-IT-4-000007,2026-08-28 04:54:59,2026-08-28 04:55:59,IT,Proprietary ERP,B,VIT-002,Vitalis Multivit,Supplement,Vitalis,Pharmacy/B2B,11,17.0,EUR,0.0,187.0,187.0
TXN-IT-4-000008,2026-08-28 00:34:59,2026-08-28 00:40:59,IT,Proprietary ERP,B,DER-001,Dermacare GlowSerum,Aesthetic,Dermacare,D2C,3,32.0,EUR,0.2,96.0,76.8
TXN-IT-4-000009,2026-08-28 07:00:46,2026-08-28 07:02:46,IT,Proprietary ERP,B,MED-002,Medora Derm Cream,Prescription,Medora,Pharmacy/B2B,4,26.0,EUR,0.0,104.0,104.0
TXN-IT-4-000010,2026-08-28 08:59:31,2026-08-28 09:00:31,IT,Proprietary ERP,B,SAN-001,SanaPlus PainRelief,OTC,SanaPlus,E-commerce,5,9.5,EUR,0.0,47.5,47.5
TXN-IT-4-000011,2026-08-28 02:34:45,2026-08-28 02:37:45,IT,Proprietary ERP,B,PUR-002,PureLife BP Monitor,Medical Device,PureLife,Pharmacy/B2B,8,90.0,EUR,0.0,720.0,720.0
TXN-IT-4-000012,2026-08-28 18:03:28,2026-08-28 18:08:28,IT,Proprietary ERP,B,VIT-001,Vitalis C1000,Supplement,Vitalis,E-commerce,4,21.0,EUR,0.15,84.0,71.4
TXN-IT-4-000013,2026-08-28 21:41:18,2026-08-28 21:47:18,IT,Proprietary ERP,B,VIT-002,Vitalis Multivit,Supplement,Vitalis,E-commerce,12,17.0,EUR,0.2,204.0,163.2
TXN-IT-4-000014,2026-08-28 13:29:45,2026-08-28 13:31:45,IT,Proprietary ERP,B,SAN-002,SanaPlus ColdFlu,OTC,SanaPlus,Pharmacy/B2B,7,10.5,EUR,0.0,73.5,73.5
TXN-IT-4-000015,2026-08-28 21:26:05,2026-08-28 21:28:05,IT,Proprietary ERP,B,MED-001,Medora Cardio 10mg,Prescription,Medora,E-commerce,7,43.0,EUR,0.0,301.0,301.0
TXN-IT-4-000016,2026-08-28 20:18:21,2026-08-28 20:21:21,IT,Proprietary ERP,B,MED-002,Medora Derm Cream,Prescription,Medora,Pharmacy/B2B,8,26.0,EUR,0.0,208.0,208.0
TXN-IT-4-000017,2026-08-28 04:45:03,2026-08-28 04:50:03,IT,Proprietary ERP,B,PUR-002,PureLife BP Monitor,Medical Device,PureLife,Pharmacy/B2B,12,90.0,EUR,0.15,1080.0,918.0
TXN-IT-4-000018,2026-08-28 02:23:18,2026-08-28 02:29:18,IT,Proprietary ERP,B,DER-001,Dermacare GlowSerum,Aesthetic,Dermacare,E-commerce,7,32.0,EUR,0.0,224.0,224.0
TXN-IT-4-000019,2026-08-28 04:02:15,2026-08-28 04:06:15,IT,Proprietary ERP,B,MED-002,Medora Derm Cream,Prescription,Medora,E-commerce,3,26.0,EUR,0.2,78.0,62.4
TXN-IT-4-000020,2026-08-28 05:58:41,2026-08-28 06:04:41,IT,Proprietary ERP,B,VIT-002,Vitalis Multivit,Supplement,Vitalis,E-commerce,12,17.0,EUR,0.0,204.0,204.0
TXN-IT-4-000021,2026-08-28 15:30:49,2026-08-28 15:35:49,IT,Proprietary ERP,B,PUR-001,PureLife GlucoMonitor,Medical Device,PureLife,D2C,2,85.0,EUR,0.15,170.0,144.5
TXN-IT-4-000022,2026-08-28 04:24:27,2026-08-28 04:28:27,IT,Proprietary ERP,B,VIT-002,Vitalis Multivit,Supplement,Vitalis,E-commerce,8,17.0,EUR,0.0,136.0,136.0
TXN-IT-4-000023,2026-08-28 13:21:23,2026-08-28 13:24:23,IT,Proprietary ERP,B,PUR-002,PureLife BP Monitor,Medical Device,PureLife,E-commerce,8,90.0,EUR,0.05,720.0,684.0
TXN-IT-4-000024,2026-08-28 22:46:49,2026-08-28 22:49:49,IT,Proprietary ERP,B,MED-002,Medora Derm Cream,Prescription,Medora,Wholesale,1,26.0,EUR,0.0,26.0,26.0
TXN-IT-4-000025,2026-08-28 12:59:50,2026-08-28 13:00:50,IT,Proprietary ERP,B,MED-001,Medora Cardio 10mg,Prescription,Medora,Wholesale,10,43.0,EUR,0.05,430.0,408.5
TXN-IT-4-000026,2026-08-28 11:07:34,2026-08-28 11:10:34,IT,Proprietary ERP,B,DER-001,Dermacare GlowSerum,Aesthetic,Dermacare,E-commerce,6,32.0,EUR,0.05,192.0,182.4
TXN-IT-4-000027,2026-08-28 11:52:49,2026-08-28 11:54:49,IT,Proprietary ERP,B,VIT-001,Vitalis C1000,Supplement,Vitalis,Pharmacy/B2B,4,21.0,EUR,0.1,84.0,75.6
TXN-IT-4-000028,2026-08-28 10:13:00,2026-08-28 10:15:00,IT,Proprietary ERP,B,SAN-002,SanaPlus ColdFlu,OTC,SanaPlus,D2C,1,10.5,EUR,0.1,10.5,9.45
TXN-IT-4-000029,2026-08-28 16:03:20,2026-08-28 16:06:20,IT,Proprietary ERP,B,VIT-002,Vitalis Multivit,Supplement,Vitalis,D2C,5,17.0,EUR,0.0,85.0,85.0
TXN-IT-4-000030,2026-08-28 16:45:23,2026-08-28 16:50:23,IT,Proprietary ERP,B,PUR-001,PureLife GlucoMonitor,Medical Device,PureLife,Pharmacy/B2B,1,85.0,EUR,0.2,85.0,68.0
TXN-IT-4-000031,2026-08-28 17:39:55,2026-08-28 17:40:55,IT,Proprietary ERP,B,PUR-002,PureLife BP Monitor,Medical Device,PureLife,E-commerce,2,90.0,EUR,0.0,180.0,180.0
TXN-IT-4-000032,2026-08-28 16:26:07,2026-08-28 16:27:07,IT,Proprietary ERP,B,SAN-001,SanaPlus PainRelief,OTC,SanaPlus,Pharmacy/B2B,12,9.5,EUR,0.1,114.0,102.6
TXN-IT-4-000033,2026-08-28 05:26:49,2026-08-28 05:32:49,IT,Proprietary ERP,B,VIT-002,Vitalis Multivit,Supplement,Vitalis,Wholesale,11,17.0,EUR,0.0,187.0,187.0
TXN-IT-4-000034,2026-08-28 09:34:20,2026-08-28 09:36:20,IT,Proprietary ERP,B,MED-001,Medora Cardio 10mg,Prescription,Medora,Pharmacy/B2B,12,43.0,EUR,0.1,516.0,464.4
TXN-IT-4-000035,2026-08-28 01:56:26,2026-08-28 01:57:26,IT,Proprietary ERP,B,DER-001,Dermacare GlowSerum,Aesthetic,Dermacare,D2C,12,32.0,EUR,0.0,384.0,384.0
TXN-IT-4-000036,2026-08-28 17:59:47,2026-08-28 18:01:47,IT,Proprietary ERP,B,PUR-002,PureLife BP Monitor,Medical Device,PureLife,D2C,1,90.0,EUR,0.05,90.0,85.5
TXN-IT-4-000037,2026-08-28 03:11:47,2026-08-28 03:15:47,IT,Proprietary ERP,B,SAN-001,SanaPlus PainRelief,OTC,SanaPlus,Pharmacy/B2B,9,9.5,EUR,0.1,85.5,76.95
TXN-IT-4-000038,2026-08-28 21:15:46,2026-08-28 21:20:46,IT,Proprietary ERP,B,DER-002,Dermacare LiftCream,Aesthetic,Dermacare,D2C,4,37.0,EUR,0.0,148.0,148.0
TXN-IT-4-000039,2026-08-28 11:23:04,2026-08-28 11:27:04,IT,Proprietary ERP,B,DER-002,Dermacare LiftCream,Aesthetic,Dermacare,E-commerce,4,37.0,EUR,0.1,148.0,133.2
TXN-IT-4-000040,2026-08-28 13:03:51,2026-08-28 13:05:51,IT,Proprietary ERP,B,MED-002,Medora Derm Cream,Prescription,Medora,E-commerce,3,26.0,EUR,0.1,78.0,70.2
TXN-IT-4-000041,2026-08-28 02:32:13,2026-08-28 02:33:13,IT,Proprietary ERP,B,DER-001,Dermacare GlowSerum,Aesthetic,Dermacare,Wholesale,10,32.0,EUR,0.1,320.0,288.0
TXN-IT-4-000042,2026-08-28 10:57:55,2026-08-28 11:01:55,IT,Proprietary ERP,B,SAN-002,SanaPlus ColdFlu,OTC,SanaPlus,E-commerce,12,10.5,EUR,0.2,126.0,100.8
TXN-IT-4-000043,2026-08-28 16:27:53,2026-08-28 16:31:53,IT,Proprietary ERP,B,DER-002,Dermacare LiftCream,Aesthetic,Dermacare,D2C,8,37.0,EUR,0.0,296.0,296.0
TXN-IT-4-000044,2026-08-28 02:06:01,2026-08-28 02:09:01,IT,Proprietary ERP,B,PUR-002,PureLife BP Monitor,Medical Device,PureLife,Wholesale,3,90.0,EUR,0.0,270.0,270.0
TXN-IT-4-000045,2026-08-28 00:21:38,2026-08-28 00:24:38,IT,Proprietary ERP,B,DER-002,Dermacare LiftCream,Aesthetic,Dermacare,Wholesale,2,37.0,EUR,0.05,74.0,70.3
TXN-IT-4-000046,2026-08-28 17:42:25,2026-08-28 17:44:25,IT,Proprietary ERP,B,DER-001,Dermacare GlowSerum,Aesthetic,Dermacare,E-commerce,4,32.0,EUR,0.0,128.0,128.0
TXN-IT-4-000047,2026-08-28 10:55:32,2026-08-28 11:00:32,IT,Proprietary ERP,B,VIT-001,Vitalis C1000,Supplement,Vitalis,Wholesale,3,21.0,EUR,0.0,63.0,63.0
TXN-IT-4-000048,2026-08-28 01:16:03,2026-08-28 01:19:03,IT,Proprietary ERP,B,PUR-001,PureLife GlucoMonitor,Medical Device,PureLife,Wholesale,9,85.0,EUR,0.0,765.0,765.0
TXN-IT-4-000049,2026-08-28 01:46:55,2026-08-28 01:51:55,IT,Proprietary ERP,B,VIT-001,Vitalis C1000,Supplement,Vitalis,Wholesale,12,21.0,EUR,0.0,252.0,252.0
TXN-IT-4-000050,2026-08-28 03:35:59,2026-08-28 03:38:59,IT,Proprietary ERP,B,SAN-002,SanaPlus ColdFlu,OTC,SanaPlus,D2C,1,10.5,EUR,0.0,10.5,10.5
TXN-IT-4-000051,2026-08-28 13:13:29,2026-08-28 13:19:29,IT,Proprietary ERP,B,SAN-002,SanaPlus ColdFlu,OTC,SanaPlus,E-commerce,9,10.5,EUR,0.0,94.5,94.5
TXN-IT-4-000052,2026-08-28 07:33:52,2026-08-28 07:34:52,IT,Proprietary ERP,B,PUR-002,PureLife BP Monitor,Medical Device,PureLife,E-commerce,5,90.0,EUR,0.1,450.0,405.0
TXN-IT-4-000053,2026-08-28 13:43:29,2026-08-28 13:49:29,IT,Proprietary ERP,B,SAN-001,SanaPlus PainRelief,OTC,SanaPlus,Wholesale,11,9.5,EUR,0.05,104.5,99.27
TXN-IT-4-000054,2026-08-28 22:29:45,2026-08-28 22:33:45,IT,Proprietary ERP,B,VIT-002,Vitalis Multivit,Supplement,Vitalis,D2C,12,17.0,EUR,0.0,204.0,204.0
TXN-IT-4-000055,2026-08-28 16:07:53,2026-08-28 16:09:53,IT,Proprietary ERP,B,MED-002,Medora Derm Cream,Prescription,Medora,Pharmacy/B2B,6,26.0,EUR,0.2,156.0,124.8
TXN-IT-4-000056,2026-08-28 19:26:03,2026-08-28 19:30:03,IT,Proprietary ERP,B,PUR-002,PureLife BP Monitor,Medical Device,PureLife,E-commerce,1,90.0,EUR,0.0,90.0,90.0
TXN-IT-4-000057,2026-08-28 20:11:13,2026-08-28 20:15:13,IT,Proprietary ERP,B,PUR-001,PureLife GlucoMonitor,Medical Device,PureLife,Wholesale,3,85.0,EUR,0.05,255.0,242.25
TXN-IT-4-000058,2026-08-28 09:09:36,2026-08-28 09:10:36,IT,Proprietary ERP,B,PUR-002,PureLife BP Monitor,Medical Device,PureLife,D2C,2,90.0,EUR,0.1,180.0,162.0
TXN-IT-4-000059,2026-08-28 16:44:52,2026-08-28 16:50:52,IT,Proprietary ERP,B,SAN-001,SanaPlus PainRelief,OTC,SanaPlus,E-commerce,7,9.5,EUR,0.15,66.5,56.52
TXN-IT-4-000060,2026-08-28 06:21:49,2026-08-28 06:25:49,IT,Proprietary ERP,B,MED-002,Medora Derm Cream,Prescription,Medora,E-commerce,2,26.0,EUR,0.0,52.0,52.0
TXN-IT-4-000061,2026-08-28 17:12:54,2026-08-28 17:13:54,IT,Proprietary ERP,B,SAN-001,SanaPlus PainRelief,OTC,SanaPlus,D2C,10,9.5,EUR,0.15,95.0,80.75
TXN-IT-4-000062,2026-08-28 03:13:01,2026-08-28 03:18:01,IT,Proprietary ERP,B,VIT-002,Vitalis Multivit,Supplement,Vitalis,E-commerce,3,17.0,EUR,0.05,51.0,48.45
TXN-IT-4-000063,2026-08-28 21:06:43,2026-08-28 21:11:43,IT,Proprietary ERP,B,SAN-002,SanaPlus ColdFlu,OTC,SanaPlus,D2C,2,10.5,EUR,0.05,21.0,19.95
TXN-IT-4-000064,2026-08-28 14:39:38,2026-08-28 14:45:38,IT,Proprietary ERP,B,MED-002,Medora Derm Cream,Prescription,Medora,E-commerce,2,26.0,EUR,0.15,52.0,44.2
TXN-IT-4-000065,2026-08-28 12:05:54,2026-08-28 12:11:54,IT,Proprietary ERP,B,DER-001,Dermacare GlowSerum,Aesthetic,Dermacare,Pharmacy/B2B,1,32.0,EUR,0.15,32.0,27.2
TXN-IT-4-000066,2026-08-28 20:17:44,2026-08-28 20:20:44,IT,Proprietary ERP,B,MED-002,Medora Derm Cream,Prescription,Medora,Pharmacy/B2B,10,26.0,EUR,0.2,260.0,208.0
TXN-IT-4-000067,2026-08-28 16:07:39,2026-08-28 16:11:39,IT,Proprietary ERP,B,DER-001,Dermacare GlowSerum,Aesthetic,Dermacare,D2C,10,32.0,EUR,0.05,320.0,304.0
TXN-IT-4-000068,2026-08-28 17:25:28,2026-08-28 17:26:28,IT,Proprietary ERP,B,MED-002,Medora Derm Cream,Prescription,Medora,Wholesale,2,26.0,EUR,0.0,52.0,52.0
TXN-IT-4-000069,2026-08-28 01:24:30,2026-08-28 01:30:30,IT,Proprietary ERP,B,MED-001,Medora Cardio 10mg,Prescription,Medora,D2C,6,43.0,EUR,0.05,258.0,245.1
TXN-IT-4-000070,2026-08-28 18:27:01,2026-08-28 18:28:01,IT,Proprietary ERP,B,SAN-002,SanaPlus ColdFlu,OTC,SanaPlus,Wholesale,11,10.5,EUR,0.0,115.5,115.5
TXN-IT-4-000071,2026-08-28 08:22:25,2026-08-28 08:28:25,IT,Proprietary ERP,B,DER-001,Dermacare GlowSerum,Aesthetic,Dermacare,Wholesale,12,32.0,EUR,0.15,384.0,326.4
TXN-IT-4-000072,2026-08-28 04:04:07,2026-08-28 04:07:07,IT,Proprietary ERP,B,VIT-001,Vitalis C1000,Supplement,Vitalis,E-commerce,11,21.0,EUR,0.0,231.0,231.0
TXN-IT-4-000073,2026-08-28 15:30:25,2026-08-28 15:33:25,IT,Proprietary ERP,B,VIT-001,Vitalis C1000,Supplement,Vitalis,Wholesale,10,21.0,EUR,0.0,210.0,210.0
TXN-IT-4-000074,2026-08-28 06:39:18,2026-08-28 06:43:18,IT,Proprietary ERP,B,DER-001,Dermacare GlowSerum,Aesthetic,Dermacare,D2C,1,32.0,EUR,0.0,32.0,32.0
TXN-IT-4-000075,2026-08-28 21:39:39,2026-08-28 21:40:39,IT,Proprietary ERP,B,SAN-001,SanaPlus PainRelief,OTC,SanaPlus,Pharmacy/B2B,8,9.5,EUR,0.05,76.0,72.2
TXN-IT-4-000076,2026-08-28 06:22:21,2026-08-28 06:25:21,IT,Proprietary ERP,B,DER-001,Dermacare GlowSerum,Aesthetic,Dermacare,E-commerce,3,32.0,EUR,0.0,96.0,96.0
TXN-IT-4-000077,2026-08-28 03:19:39,2026-08-28 03:24:39,IT,Proprietary ERP,B,MED-001,Medora Cardio 10mg,Prescription,Medora,Pharmacy/B2B,10,43.0,EUR,0.0,430.0,430.0
TXN-IT-4-000078,2026-08-28 21:37:16,2026-08-28 21:43:16,IT,Proprietary ERP,B,SAN-001,SanaPlus PainRelief,OTC,SanaPlus,D2C,10,9.5,EUR,0.05,95.0,90.25
TXN-IT-4-000079,2026-08-28 17:49:35,2026-08-28 17:53:35,IT,Proprietary ERP,B,SAN-002,SanaPlus ColdFlu,OTC,SanaPlus,E-commerce,10,10.5,EUR,0.2,105.0,84.0
TXN-IT-4-000080,2026-08-28 14:26:50,2026-08-28 14:30:50,IT,Proprietary ERP,B,DER-002,Dermacare LiftCream,Aesthetic,Dermacare,Pharmacy/B2B,5,37.0,EUR,0.15,185.0,157.25
TXN-IT-4-000081,2026-08-28 21:49:43,2026-08-28 21:55:43,IT,Proprietary ERP,B,DER-001,Dermacare GlowSerum,Aesthetic,Dermacare,E-commerce,10,32.0,EUR,0.05,320.0,304.0
TXN-IT-4-000082,2026-08-28 15:49:39,2026-08-28 15:54:39,IT,Proprietary ERP,B,SAN-001,SanaPlus PainRelief,OTC,SanaPlus,D2C,8,9.5,EUR,0.0,76.0,76.0
TXN-IT-4-000083,2026-08-28 20:40:23,2026-08-28 20:43:23,IT,Proprietary ERP,B,MED-002,Medora Derm Cream,Prescription,Medora,E-commerce,12,26.0,EUR,0.0,312.0,312.0
TXN-IT-4-000084,2026-08-28 04:03:43,2026-08-28 04:09:43,IT,Proprietary ERP,B,DER-002,Dermacare LiftCream,Aesthetic,Dermacare,E-commerce,1,37.0,EUR,0.05,37.0,35.15
TXN-IT-4-000085,2026-08-28 02:56:31,2026-08-28 03:00:31,IT,Proprietary ERP,B,PUR-001,PureLife GlucoMonitor,Medical Device,PureLife,D2C,4,85.0,EUR,0.0,340.0,340.0
TXN-IT-4-000086,2026-08-28 23:07:23,2026-08-28 23:11:23,IT,Proprietary ERP,B,VIT-002,Vitalis Multivit,Supplement,Vitalis,E-commerce,1,17.0,EUR,0.1,17.0,15.3
TXN-IT-4-000087,2026-08-28 18:24:18,2026-08-28 18:30:18,IT,Proprietary ERP,B,MED-001,Medora Cardio 10mg,Prescription,Medora,Pharmacy/B2B,3,43.0,EUR,0.2,129.0,103.2
TXN-IT-4-000088,2026-08-28 14:01:40,2026-08-28 14:07:40,IT,Proprietary ERP,B,SAN-002,SanaPlus ColdFlu,OTC,SanaPlus,Pharmacy/B2B,2,10.5,EUR,0.1,21.0,18.9
TXN-IT-4-000089,2026-08-28 01:22:45,2026-08-28 01:27:45,IT,Proprietary ERP,B,PUR-002,PureLife BP Monitor,Medical Device,PureLife,Pharmacy/B2B,6,90.0,EUR,0.15,540.0,459.0
TXN-IT-4-000090,2026-08-28 11:29:38,2026-08-28 11:34:38,IT,Proprietary ERP,B,PUR-002,PureLife BP Monitor,Medical Device,PureLife,D2C,10,90.0,EUR,0.15,900.0,765.0
TXN-IT-4-000091,2026-08-28 15:12:12,2026-08-28 15:14:12,IT,Proprietary ERP,B,SAN-002,SanaPlus ColdFlu,OTC,SanaPlus,D2C,4,10.5,EUR,0.1,42.0,37.8
TXN-IT-4-000092,2026-08-28 16:29:10,2026-08-28 16:35:10,IT,Proprietary ERP,B,VIT-001,Vitalis C1000,Supplement,Vitalis,Pharmacy/B2B,5,21.0,EUR,0.05,105.0,99.75
TXN-IT-4-000093,2026-08-28 16:23:17,2026-08-28 16:24:17,IT,Proprietary ERP,B,MED-001,Medora Cardio 10mg,Prescription,Medora,E-commerce,9,43.0,EUR,0.2,387.0,309.6
TXN-IT-4-000094,2026-08-28 14:51:50,2026-08-28 14:53:50,IT,Proprietary ERP,B,PUR-002,PureLife BP Monitor,Medical Device,PureLife,Pharmacy/B2B,1,90.0,EUR,0.0,90.0,90.0
TXN-IT-4-000095,2026-08-28 07:27:05,2026-08-28 07:31:05,IT,Proprietary ERP,B,DER-001,Dermacare GlowSerum,Aesthetic,Dermacare,D2C,8,32.0,EUR,0.0,256.0,256.0
TXN-IT-4-000096,2026-08-28 15:41:12,2026-08-28 15:46:12,IT,Proprietary ERP,B,VIT-001,Vitalis C1000,Supplement,Vitalis,Pharmacy/B2B,3,21.0,EUR,0.0,63.0,63.0
TXN-IT-4-000097,2026-08-28 17:47:20,2026-08-28 17:53:20,IT,Proprietary ERP,B,PUR-002,PureLife BP Monitor,Medical Device,PureLife,Wholesale,7,90.0,EUR,0.2,630.0,504.0
TXN-IT-4-000098,2026-08-28 11:23:55,2026-08-28 11:29:55,IT,Proprietary ERP,B,VIT-002,Vitalis Multivit,Supplement,Vitalis,Pharmacy/B2B,2,17.0,EUR,0.05,34.0,32.3
TXN-IT-4-000099,2026-08-28 17:14:12,2026-08-28 17:15:12,IT,Proprietary ERP,B,MED-001,Medora Cardio 10mg,Prescription,Medora,E-commerce,5,43.0,EUR,0.0,215.0,215.0
TXN-IT-4-000100,2026-08-28 17:09:50,2026-08-28 17:12:50,IT,Proprietary ERP,B,DER-001,Dermacare GlowSerum,Aesthetic,Dermacare,D2C,3,32.0,EUR,0.15,96.0,81.6
TXN-IT-4-000101,2026-08-28 08:49:27,2026-08-28 08:51:27,IT,Proprietary ERP,B,MED-001,Medora Cardio 10mg,Prescription,Medora,Pharmacy/B2B,3,43.0,EUR,0.15,129.0,109.65
TXN-IT-4-000102,2026-08-28 12:39:44,2026-08-28 12:43:44,IT,Proprietary ERP,B,MED-002,Medora Derm Cream,Prescription,Medora,E-commerce,4,26.0,EUR,0.0,104.0,104.0
TXN-IT-4-000103,2026-08-28 08:39:09,2026-08-28 08:45:09,IT,Proprietary ERP,B,DER-001,Dermacare GlowSerum,Aesthetic,Dermacare,D2C,8,32.0,EUR,0.05,256.0,243.2
TXN-IT-4-000104,2026-08-28 02:50:07,2026-08-28 02:51:07,IT,Proprietary ERP,B,SAN-001,SanaPlus PainRelief,OTC,SanaPlus,Pharmacy/B2B,11,9.5,EUR,0.15,104.5,88.83
TXN-IT-4-000105,2026-08-28 12:29:54,2026-08-28 12:34:54,IT,Proprietary ERP,B,DER-002,Dermacare LiftCream,Aesthetic,Dermacare,Pharmacy/B2B,6,37.0,EUR,0.15,222.0,188.7
TXN-IT-4-000106,2026-08-28 04:25:38,2026-08-28 04:27:38,IT,Proprietary ERP,B,PUR-002,PureLife BP Monitor,Medical Device,PureLife,E-commerce,4,90.0,EUR,0.0,360.0,360.0
TXN-IT-4-000107,2026-08-28 02:50:23,2026-08-28 02:55:23,IT,Proprietary ERP,B,DER-001,Dermacare GlowSerum,Aesthetic,Dermacare,Wholesale,12,32.0,EUR,0.05,384.0,364.8
TXN-IT-4-000108,2026-08-28 09:54:25,2026-08-28 09:56:25,IT,Proprietary ERP,B,SAN-001,SanaPlus PainRelief,OTC,SanaPlus,D2C,10,9.5,EUR,0.2,95.0,76.0
TXN-IT-4-000109,2026-08-28 02:10:17,2026-08-28 02:13:17,IT,Proprietary ERP,B,DER-001,Dermacare GlowSerum,Aesthetic,Dermacare,D2C,2,32.0,EUR,0.05,64.0,60.8
TXN-IT-4-000110,2026-08-28 23:55:04,2026-08-28 23:58:04,IT,Proprietary ERP,B,MED-001,Medora Cardio 10mg,Prescription,Medora,D2C,8,43.0,EUR,0.0,344.0,344.0
TXN-IT-4-000111,2026-08-28 23:37:00,2026-08-28 23:40:00,IT,Proprietary ERP,B,VIT-002,Vitalis Multivit,Supplement,Vitalis,Wholesale,5,17.0,EUR,0.1,85.0,76.5
TXN-IT-4-000112,2026-08-28 06:55:40,2026-08-28 06:57:40,IT,Proprietary ERP,B,VIT-001,Vitalis C1000,Supplement,Vitalis,D2C,5,21.0,EUR,0.2,105.0,84.0
TXN-IT-4-000113,2026-08-28 12:24:56,2026-08-28 12:26:56,IT,Proprietary ERP,B,PUR-001,PureLife GlucoMonitor,Medical Device,PureLife,Pharmacy/B2B,1,85.0,EUR,0.05,85.0,80.75
TXN-IT-4-000114,2026-08-28 22:29:35,2026-08-28 22:32:35,IT,Proprietary ERP,B,DER-001,Dermacare GlowSerum,Aesthetic,Dermacare,Wholesale,7,32.0,EUR,0.05,224.0,212.8
TXN-IT-4-000115,2026-08-28 00:28:55,2026-08-28 00:31:55,IT,Proprietary ERP,B,MED-001,Medora Cardio 10mg,Prescription,Medora,D2C,12,43.0,EUR,0.05,516.0,490.2
TXN-IT-4-000116,2026-08-28 03:07:49,2026-08-28 03:12:49,IT,Proprietary ERP,B,PUR-001,PureLife GlucoMonitor,Medical Device,PureLife,Wholesale,7,85.0,EUR,0.1,595.0,535.5
TXN-IT-4-000117,2026-08-28 21:46:25,2026-08-28 21:48:25,IT,Proprietary ERP,B,DER-001,Dermacare GlowSerum,Aesthetic,Dermacare,D2C,9,32.0,EUR,0.1,288.0,259.2
TXN-IT-4-000118,2026-08-28 12:14:25,2026-08-28 12:15:25,IT,Proprietary ERP,B,DER-002,Dermacare LiftCream,Aesthetic,Dermacare,E-commerce,6,37.0,EUR,0.0,222.0,222.0
TXN-IT-4-000119,2026-08-28 01:11:41,2026-08-28 01:13:41,IT,Proprietary ERP,B,VIT-002,Vitalis Multivit,Supplement,Vitalis,Wholesale,7,17.0,EUR,0.0,119.0,119.0
TXN-IT-4-000120,2026-08-28 21:29:59,2026-08-28 21:30:59,IT,Proprietary ERP,B,VIT-001,Vitalis C1000,Supplement,Vitalis,E-commerce,9,21.0,EUR,0.2,189.0,151.2
TXN-IT-4-000121,2026-08-28 23:30:35,2026-08-28 23:34:35,IT,Proprietary ERP,B,DER-001,Dermacare GlowSerum,Aesthetic,Dermacare,E-commerce,7,32.0,EUR,0.0,224.0,224.0
TXN-IT-4-000122,2026-08-28 07:03:15,2026-08-28 07:09:15,IT,Proprietary ERP,B,MED-001,Medora Cardio 10mg,Prescription,Medora,E-commerce,4,43.0,EUR,0.05,172.0,163.4
TXN-IT-4-000123,2026-08-28 04:40:10,2026-08-28 04:41:10,IT,Proprietary ERP,B,DER-002,Dermacare LiftCream,Aesthetic,Dermacare,Pharmacy/B2B,3,37.0,EUR,0.05,111.0,105.45
TXN-IT-4-000124,2026-08-28 08:43:46,2026-08-28 08:45:46,IT,Proprietary ERP,B,DER-001,Dermacare GlowSerum,Aesthetic,Dermacare,D2C,8,32.0,EUR,0.2,256.0,204.8
TXN-IT-4-000125,2026-08-28 05:47:57,2026-08-28 05:49:57,IT,Proprietary ERP,B,VIT-002,Vitalis Multivit,Supplement,Vitalis,D2C,4,17.0,EUR,0.2,68.0,54.4
TXN-IT-4-000126,2026-08-28 08:09:07,2026-08-28 08:15:07,IT,Proprietary ERP,B,PUR-002,PureLife BP Monitor,Medical Device,PureLife,E-commerce,11,90.0,EUR,0.15,990.0,841.5
TXN-IT-4-000127,2026-08-28 19:41:58,2026-08-28 19:43:58,IT,Proprietary ERP,B,PUR-001,PureLife GlucoMonitor,Medical Device,PureLife,E-commerce,5,85.0,EUR,0.1,425.0,382.5
TXN-IT-4-000128,2026-08-28 11:41:49,2026-08-28 11:47:49,IT,Proprietary ERP,B,VIT-002,Vitalis Multivit,Supplement,Vitalis,Wholesale,7,17.0,EUR,0.0,119.0,119.0
TXN-IT-4-000129,2026-08-28 08:39:54,2026-08-28 08:41:54,IT,Proprietary ERP,B,PUR-002,PureLife BP Monitor,Medical Device,PureLife,Pharmacy/B2B,5,90.0,EUR,0.1,450.0,405.0
TXN-IT-4-000130,2026-08-28 21:42:31,2026-08-28 21:43:31,IT,Proprietary ERP,B,VIT-001,Vitalis C1000,Supplement,Vitalis,D2C,3,21.0,EUR,0.15,63.0,53.55
TXN-IT-4-000131,2026-08-28 07:26:58,2026-08-28 07:32:58,IT,Proprietary ERP,B,PUR-002,PureLife BP Monitor,Medical Device,PureLife,D2C,3,90.0,EUR,0.1,270.0,243.0
TXN-IT-4-000132,2026-08-28 21:17:05,2026-08-28 21:21:05,IT,Proprietary ERP,B,DER-001,Dermacare GlowSerum,Aesthetic,Dermacare,D2C,12,32.0,EUR,0.0,384.0,384.0
TXN-IT-4-000133,2026-08-28 19:07:55,2026-08-28 19:13:55,IT,Proprietary ERP,B,MED-002,Medora Derm Cream,Prescription,Medora,E-commerce,3,26.0,EUR,0.0,78.0,78.0
TXN-IT-4-000134,2026-08-28 08:15:54,2026-08-28 08:17:54,IT,Proprietary ERP,B,DER-001,Dermacare GlowSerum,Aesthetic,Dermacare,D2C,8,32.0,EUR,0.0,256.0,256.0
TXN-IT-4-000135,2026-08-28 14:29:08,2026-08-28 14:35:08,IT,Proprietary ERP,B,DER-002,Dermacare LiftCream,Aesthetic,Dermacare,E-commerce,1,37.0,EUR,0.15,37.0,31.45
TXN-IT-4-000136,2026-08-28 08:37:32,2026-08-28 08:39:32,IT,Proprietary ERP,B,DER-002,Dermacare LiftCream,Aesthetic,Dermacare,E-commerce,4,37.0,EUR,0.0,148.0,148.0
TXN-IT-4-000137,2026-08-28 16:47:17,2026-08-28 16:52:17,IT,Proprietary ERP,B,SAN-001,SanaPlus PainRelief,OTC,SanaPlus,Pharmacy/B2B,12,9.5,EUR,0.1,114.0,102.6
TXN-IT-4-000138,2026-08-28 06:34:55,2026-08-28 06:38:55,IT,Proprietary ERP,B,MED-001,Medora Cardio 10mg,Prescription,Medora,D2C,11,43.0,EUR,0.1,473.0,425.7
TXN-IT-4-000139,2026-08-28 12:30:11,2026-08-28 12:35:11,IT,Proprietary ERP,B,MED-002,Medora Derm Cream,Prescription,Medora,E-commerce,2,26.0,EUR,0.0,52.0,52.0
TXN-IT-4-000140,2026-08-28 01:39:49,2026-08-28 01:41:49,IT,Proprietary ERP,B,PUR-001,PureLife GlucoMonitor,Medical Device,PureLife,Wholesale,6,85.0,EUR,0.0,510.0,510.0
TXN-IT-4-000141,2026-08-28 21:51:47,2026-08-28 21:56:47,IT,Proprietary ERP,B,DER-002,Dermacare LiftCream,Aesthetic,Dermacare,Wholesale,8,37.0,EUR,0.1,296.0,266.4
TXN-IT-4-000142,2026-08-28 04:30:54,2026-08-28 04:31:54,IT,Proprietary ERP,B,DER-001,Dermacare GlowSerum,Aesthetic,Dermacare,E-commerce,1,32.0,EUR,0.0,32.0,32.0
TXN-IT-4-000143,2026-08-28 15:05:52,2026-08-28 15:08:52,IT,Proprietary ERP,B,DER-001,Dermacare GlowSerum,Aesthetic,Dermacare,Pharmacy/B2B,1,32.0,EUR,0.2,32.0,25.6
TXN-IT-4-000144,2026-08-28 20:54:32,2026-08-28 21:00:32,IT,Proprietary ERP,B,PUR-001,PureLife GlucoMonitor,Medical Device,PureLife,Wholesale,8,85.0,EUR,0.05,680.0,646.0
TXN-IT-4-000145,2026-08-28 08:39:26,2026-08-28 08:45:26,IT,Proprietary ERP,B,SAN-002,SanaPlus ColdFlu,OTC,SanaPlus,Wholesale,5,10.5,EUR,0.0,52.5,52.5
TXN-IT-4-000146,2026-08-28 20:22:08,2026-08-28 20:25:08,IT,Proprietary ERP,B,PUR-001,PureLife GlucoMonitor,Medical Device,PureLife,Wholesale,12,85.0,EUR,0.15,1020.0,867.0
TXN-IT-4-000147,2026-08-28 19:49:32,2026-08-28 19:54:32,IT,Proprietary ERP,B,PUR-002,PureLife BP Monitor,Medical Device,PureLife,D2C,9,90.0,EUR,0.15,810.0,688.5
TXN-IT-4-000148,2026-08-28 18:58:50,2026-08-28 19:02:50,IT,Proprietary ERP,B,MED-001,Medora Cardio 10mg,Prescription,Medora,E-commerce,10,43.0,EUR,0.15,430.0,365.5
TXN-IT-4-000149,2026-08-28 22:53:59,2026-08-28 22:57:59,IT,Proprietary ERP,B,PUR-002,PureLife BP Monitor,Medical Device,PureLife,Pharmacy/B2B,7,90.0,EUR,0.15,630.0,535.5
TXN-IT-4-000150,2026-08-28 09:47:16,2026-08-28 09:53:16,IT,Proprietary ERP,B,SAN-002,SanaPlus ColdFlu,OTC,SanaPlus,D2C,7,10.5,EUR,0.05,73.5,69.83
TXN-IT-4-000151,2026-08-28 00:22:19,2026-08-28 00:27:19,IT,Proprietary ERP,B,DER-001,Dermacare GlowSerum,Aesthetic,Dermacare,D2C,9,32.0,EUR,0.2,288.0,230.4
TXN-IT-4-000152,2026-08-28 09:11:43,2026-08-28 09:15:43,IT,Proprietary ERP,B,SAN-001,SanaPlus PainRelief,OTC,SanaPlus,D2C,2,9.5,EUR,0.0,19.0,19.0
TXN-IT-4-000153,2026-08-28 14:52:43,2026-08-28 14:56:43,IT,Proprietary ERP,B,MED-001,Medora Cardio 10mg,Prescription,Medora,Pharmacy/B2B,10,43.0,EUR,0.05,430.0,408.5
TXN-IT-4-000154,2026-08-28 18:11:12,2026-08-28 18:14:12,IT,Proprietary ERP,B,VIT-002,Vitalis Multivit,Supplement,Vitalis,Wholesale,11,17.0,EUR,0.0,187.0,187.0
TXN-IT-4-000155,2026-08-28 19:24:49,2026-08-28 19:29:49,IT,Proprietary ERP,B,VIT-002,Vitalis Multivit,Supplement,Vitalis,D2C,11,17.0,EUR,0.2,187.0,149.6
TXN-IT-4-000156,2026-08-28 02:07:01,2026-08-28 02:13:01,IT,Proprietary ERP,B,SAN-002,SanaPlus ColdFlu,OTC,SanaPlus,Wholesale,9,10.5,EUR,0.05,94.5,89.77
TXN-IT-4-000157,2026-08-28 23:57:43,2026-08-29 00:00:43,IT,Proprietary ERP,B,PUR-001,PureLife GlucoMonitor,Medical Device,PureLife,Pharmacy/B2B,1,85.0,EUR,0.05,85.0,80.75
TXN-IT-4-000158,2026-08-28 07:34:22,2026-08-28 07:38:22,IT,Proprietary ERP,B,PUR-001,PureLife GlucoMonitor,Medical Device,PureLife,Wholesale,4,85.0,EUR,0.15,340.0,289.0
TXN-IT-4-000159,2026-08-28 20:05:43,2026-08-28 20:09:43,IT,Proprietary ERP,B,PUR-002,PureLife BP Monitor,Medical Device,PureLife,Pharmacy/B2B,1,90.0,EUR,0.0,90.0,90.0
TXN-IT-4-000160,2026-08-28 12:27:48,2026-08-28 12:31:48,IT,Proprietary ERP,B,PUR-002,PureLife BP Monitor,Medical Device,PureLife,Wholesale,5,90.0,EUR,0.1,450.0,405.0
TXN-IT-4-000161,2026-08-28 08:22:00,2026-08-28 08:25:00,IT,Proprietary ERP,B,SAN-001,SanaPlus PainRelief,OTC,SanaPlus,Pharmacy/B2B,2,9.5,EUR,0.2,19.0,15.2
TXN-IT-4-000162,2026-08-28 10:02:51,2026-08-28 10:04:51,IT,Proprietary ERP,B,VIT-002,Vitalis Multivit,Supplement,Vitalis,Wholesale,7,17.0,EUR,0.05,119.0,113.05
TXN-IT-4-000163,2026-08-28 15:26:58,2026-08-28 15:31:58,IT,Proprietary ERP,B,PUR-002,PureLife BP Monitor,Medical Device,PureLife,Pharmacy/B2B,7,90.0,EUR,0.2,630.0,504.0
TXN-IT-4-000164,2026-08-28 16:13:12,2026-08-28 16:15:12,IT,Proprietary ERP,B,VIT-001,Vitalis C1000,Supplement,Vitalis,D2C,4,21.0,EUR,0.1,84.0,75.6
TXN-IT-4-000165,2026-08-28 17:33:03,2026-08-28 17:37:03,IT,Proprietary ERP,B,VIT-001,Vitalis C1000,Supplement,Vitalis,E-commerce,10,21.0,EUR,0.05,210.0,199.5
TXN-IT-4-000166,2026-08-28 20:17:38,2026-08-28 20:19:38,IT,Proprietary ERP,B,MED-002,Medora Derm Cream,Prescription,Medora,Pharmacy/B2B,2,26.0,EUR,0.0,52.0,52.0
TXN-IT-4-000167,2026-08-28 00:39:48,2026-08-28 00:41:48,IT,Proprietary ERP,B,VIT-002,Vitalis Multivit,Supplement,Vitalis,Pharmacy/B2B,9,17.0,EUR,0.0,153.0,153.0
TXN-IT-4-000168,2026-08-28 10:32:12,2026-08-28 10:38:12,IT,Proprietary ERP,B,DER-001,Dermacare GlowSerum,Aesthetic,Dermacare,Wholesale,6,32.0,EUR,0.0,192.0,192.0
TXN-IT-4-000169,2026-08-28 07:24:50,2026-08-28 07:27:50,IT,Proprietary ERP,B,MED-001,Medora Cardio 10mg,Prescription,Medora,D2C,5,43.0,EUR,0.0,215.0,215.0
TXN-IT-4-000170,2026-08-28 03:27:42,2026-08-28 03:28:42,IT,Proprietary ERP,B,VIT-001,Vitalis C1000,Supplement,Vitalis,D2C,1,21.0,EUR,0.05,21.0,19.95
TXN-IT-4-000171,2026-08-28 20:29:16,2026-08-28 20:35:16,IT,Proprietary ERP,B,DER-001,Dermacare GlowSerum,Aesthetic,Dermacare,Pharmacy/B2B,5,32.0,EUR,0.05,160.0,152.0
TXN-IT-4-000172,2026-08-28 15:04:38,2026-08-28 15:05:38,IT,Proprietary ERP,B,SAN-001,SanaPlus PainRelief,OTC,SanaPlus,E-commerce,11,9.5,EUR,0.1,104.5,94.05
TXN-IT-4-000173,2026-08-28 10:32:48,2026-08-28 10:36:48,IT,Proprietary ERP,B,MED-002,Medora Derm Cream,Prescription,Medora,Wholesale,9,26.0,EUR,0.15,234.0,198.9
TXN-IT-4-000174,2026-08-28 20:13:01,2026-08-28 20:14:01,IT,Proprietary ERP,B,SAN-001,SanaPlus PainRelief,OTC,SanaPlus,Pharmacy/B2B,4,9.5,EUR,0.2,38.0,30.4
TXN-IT-4-000175,2026-08-28 07:24:39,2026-08-28 07:28:39,IT,Proprietary ERP,B,PUR-001,PureLife GlucoMonitor,Medical Device,PureLife,Pharmacy/B2B,2,85.0,EUR,0.0,170.0,170.0
TXN-IT-4-000176,2026-08-28 06:55:43,2026-08-28 07:01:43,IT,Proprietary ERP,B,SAN-002,SanaPlus ColdFlu,OTC,SanaPlus,D2C,6,10.5,EUR,0.0,63.0,63.0
TXN-IT-4-000177,2026-08-28 21:24:29,2026-08-28 21:30:29,IT,Proprietary ERP,B,SAN-002,SanaPlus ColdFlu,OTC,SanaPlus,D2C,5,10.5,EUR,0.0,52.5,52.5
TXN-IT-4-000178,2026-08-28 10:57:58,2026-08-28 11:02:58,IT,Proprietary ERP,B,PUR-002,PureLife BP Monitor,Medical Device,PureLife,D2C,3,90.0,EUR,0.15,270.0,229.5
TXN-IT-4-000179,2026-08-28 11:40:17,2026-08-28 11:45:17,IT,Proprietary ERP,B,PUR-001,PureLife GlucoMonitor,Medical Device,PureLife,Wholesale,5,85.0,EUR,0.15,425.0,361.25
TXN-IT-4-000180,2026-08-28 21:18:22,2026-08-28 21:24:22,IT,Proprietary ERP,B,VIT-001,Vitalis C1000,Supplement,Vitalis,D2C,5,21.0,EUR,0.1,105.0,94.5
TXN-IT-4-000181,2026-08-28 20:13:14,2026-08-28 20:15:14,IT,Proprietary ERP,B,PUR-002,PureLife BP Monitor,Medical Device,PureLife,E-commerce,12,90.0,EUR,0.0,1080.0,1080.0
TXN-IT-4-000182,2026-08-28 21:12:38,2026-08-28 21:14:38,IT,Proprietary ERP,B,DER-002,Dermacare LiftCream,Aesthetic,Dermacare,D2C,7,37.0,EUR,0.2,259.0,207.2
TXN-IT-4-000183,2026-08-28 14:56:26,2026-08-28 14:59:26,IT,Proprietary ERP,B,PUR-001,PureLife GlucoMonitor,Medical Device,PureLife,Wholesale,6,85.0,EUR,0.2,510.0,408.0
TXN-IT-4-000184,2026-08-28 01:23:39,2026-08-28 01:25:39,IT,Proprietary ERP,B,VIT-001,Vitalis C1000,Supplement,Vitalis,D2C,10,21.0,EUR,0.0,210.0,210.0
TXN-IT-4-000185,2026-08-28 04:05:53,2026-08-28 04:08:53,IT,Proprietary ERP,B,MED-001,Medora Cardio 10mg,Prescription,Medora,D2C,8,43.0,EUR,0.0,344.0,344.0
TXN-IT-4-000186,2026-08-28 22:22:34,2026-08-28 22:27:34,IT,Proprietary ERP,B,SAN-002,SanaPlus ColdFlu,OTC,SanaPlus,D2C,10,10.5,EUR,0.05,105.0,99.75
TXN-IT-4-000187,2026-08-28 12:39:06,2026-08-28 12:40:06,IT,Proprietary ERP,B,VIT-002,Vitalis Multivit,Supplement,Vitalis,Pharmacy/B2B,3,17.0,EUR,0.2,51.0,40.8
TXN-IT-4-000188,2026-08-28 19:16:46,2026-08-28 19:17:46,IT,Proprietary ERP,B,MED-002,Medora Derm Cream,Prescription,Medora,D2C,12,26.0,EUR,0.0,312.0,312.0
TXN-IT-4-000189,2026-08-28 03:29:39,2026-08-28 03:32:39,IT,Proprietary ERP,B,VIT-002,Vitalis Multivit,Supplement,Vitalis,D2C,4,17.0,EUR,0.05,68.0,64.6
TXN-IT-4-000190,2026-08-28 01:29:39,2026-08-28 01:31:39,IT,Proprietary ERP,B,PUR-001,PureLife GlucoMonitor,Medical Device,PureLife,D2C,7,85.0,EUR,0.2,595.0,476.0
TXN-IT-4-000191,2026-08-28 17:13:38,2026-08-28 17:16:38,IT,Proprietary ERP,B,DER-002,Dermacare LiftCream,Aesthetic,Dermacare,D2C,11,37.0,EUR,0.0,407.0,407.0
TXN-IT-4-000192,2026-08-28 21:03:49,2026-08-28 21:05:49,IT,Proprietary ERP,B,SAN-001,SanaPlus PainRelief,OTC,SanaPlus,Wholesale,6,9.5,EUR,0.1,57.0,51.3
TXN-IT-4-000193,2026-08-28 09:31:53,2026-08-28 09:32:53,IT,Proprietary ERP,B,SAN-002,SanaPlus ColdFlu,OTC,SanaPlus,Pharmacy/B2B,9,10.5,EUR,0.0,94.5,94.5
TXN-IT-4-000194,2026-08-28 05:15:50,2026-08-28 05:17:50,IT,Proprietary ERP,B,VIT-001,Vitalis C1000,Supplement,Vitalis,E-commerce,12,21.0,EUR,0.1,252.0,226.8
TXN-IT-4-000195,2026-08-28 02:14:28,2026-08-28 02:19:28,IT,Proprietary ERP,B,SAN-002,SanaPlus ColdFlu,OTC,SanaPlus,Wholesale,6,10.5,EUR,0.0,63.0,63.0
TXN-IT-4-000196,2026-08-28 06:08:07,2026-08-28 06:10:07,IT,Proprietary ERP,B,DER-002,Dermacare LiftCream,Aesthetic,Dermacare,Pharmacy/B2B,10,37.0,EUR,0.2,370.0,296.0
TXN-IT-4-000197,2026-08-28 17:52:57,2026-08-28 17:55:57,IT,Proprietary ERP,B,DER-001,Dermacare GlowSerum,Aesthetic,Dermacare,Pharmacy/B2B,10,32.0,EUR,0.0,320.0,320.0
TXN-IT-4-000198,2026-08-28 07:05:40,2026-08-28 07:09:40,IT,Proprietary ERP,B,DER-002,Dermacare LiftCream,Aesthetic,Dermacare,E-commerce,3,37.0,EUR,0.1,111.0,99.9
TXN-IT-4-000199,2026-08-28 14:54:21,2026-08-28 14:57:21,IT,Proprietary ERP,B,DER-002,Dermacare LiftCream,Aesthetic,Dermacare,Wholesale,3,37.0,EUR,0.2,111.0,88.8
TXN-IT-4-000200,2026-08-28 20:33:48,2026-08-28 20:39:48,IT,Proprietary ERP,B,DER-002,Dermacare LiftCream,Aesthetic,Dermacare,Pharmacy/B2B,3,37.0,EUR,0.1,111.0,99.9
TXN-IT-4-000201,2026-08-28 09:23:31,2026-08-28 09:24:31,IT,Proprietary ERP,B,SAN-002,SanaPlus ColdFlu,OTC,SanaPlus,D2C,6,10.5,EUR,0.0,63.0,63.0
TXN-IT-4-000202,2026-08-28 05:36:49,2026-08-28 05:38:49,IT,Proprietary ERP,B,VIT-001,Vitalis C1000,Supplement,Vitalis,Wholesale,3,21.0,EUR,0.1,63.0,56.7
TXN-IT-4-000203,2026-08-28 17:09:19,2026-08-28 17:10:19,IT,Proprietary ERP,B,VIT-001,Vitalis C1000,Supplement,Vitalis,Wholesale,9,21.0,EUR,0.05,189.0,179.55
TXN-IT-4-000204,2026-08-28 09:51:07,2026-08-28 09:56:07,IT,Proprietary ERP,B,MED-002,Medora Derm Cream,Prescription,Medora,E-commerce,11,26.0,EUR,0.0,286.0,286.0
TXN-IT-4-000205,2026-08-28 04:13:17,2026-08-28 04:19:17,IT,Proprietary ERP,B,DER-001,Dermacare GlowSerum,Aesthetic,Dermacare,Pharmacy/B2B,12,32.0,EUR,0.0,384.0,384.0
TXN-IT-4-000206,2026-08-28 13:03:21,2026-08-28 13:05:21,IT,Proprietary ERP,B,PUR-001,PureLife GlucoMonitor,Medical Device,PureLife,Wholesale,5,85.0,EUR,0.05,425.0,403.75
TXN-IT-4-000207,2026-08-28 04:00:50,2026-08-28 04:03:50,IT,Proprietary ERP,B,SAN-002,SanaPlus ColdFlu,OTC,SanaPlus,E-commerce,6,10.5,EUR,0.0,63.0,63.0
TXN-IT-4-000208,2026-08-28 01:51:54,2026-08-28 01:53:54,IT,Proprietary ERP,B,DER-001,Dermacare GlowSerum,Aesthetic,Dermacare,D2C,12,32.0,EUR,0.0,384.0,384.0
TXN-IT-4-000209,2026-08-28 16:44:19,2026-08-28 16:50:19,IT,Proprietary ERP,B,MED-002,Medora Derm Cream,Prescription,Medora,Wholesale,5,26.0,EUR,0.0,130.0,130.0
TXN-IT-4-000210,2026-08-28 10:18:34,2026-08-28 10:21:34,IT,Proprietary ERP,B,VIT-002,Vitalis Multivit,Supplement,Vitalis,Wholesale,4,17.0,EUR,0.0,68.0,68.0
TXN-IT-4-000211,2026-08-28 15:55:05,2026-08-28 16:00:05,IT,Proprietary ERP,B,DER-001,Dermacare GlowSerum,Aesthetic,Dermacare,Pharmacy/B2B,3,32.0,EUR,0.0,96.0,96.0
TXN-IT-4-000212,2026-08-28 09:10:38,2026-08-28 09:11:38,IT,Proprietary ERP,B,VIT-001,Vitalis C1000,Supplement,Vitalis,D2C,2,21.0,EUR,0.0,42.0,42.0
TXN-IT-4-000213,2026-08-28 09:49:16,2026-08-28 09:52:16,IT,Proprietary ERP,B,DER-002,Dermacare LiftCream,Aesthetic,Dermacare,Wholesale,5,37.0,EUR,0.1,185.0,166.5
TXN-IT-4-000214,2026-08-28 18:41:07,2026-08-28 18:46:07,IT,Proprietary ERP,B,DER-002,Dermacare LiftCream,Aesthetic,Dermacare,Pharmacy/B2B,10,37.0,EUR,0.1,370.0,333.0
TXN-IT-4-000215,2026-08-28 03:42:41,2026-08-28 03:47:41,IT,Proprietary ERP,B,SAN-001,SanaPlus PainRelief,OTC,SanaPlus,Pharmacy/B2B,2,9.5,EUR,0.0,19.0,19.0
TXN-IT-4-000216,2026-08-28 03:18:37,2026-08-28 03:21:37,IT,Proprietary ERP,B,SAN-002,SanaPlus ColdFlu,OTC,SanaPlus,Pharmacy/B2B,7,10.5,EUR,0.0,73.5,73.5
TXN-IT-4-000217,2026-08-28 14:35:57,2026-08-28 14:41:57,IT,Proprietary ERP,B,MED-002,Medora Derm Cream,Prescription,Medora,D2C,1,26.0,EUR,0.05,26.0,24.7
TXN-IT-4-000218,2026-08-28 06:42:27,2026-08-28 06:48:27,IT,Proprietary ERP,B,PUR-002,PureLife BP Monitor,Medical Device,PureLife,Pharmacy/B2B,10,90.0,EUR,0.05,900.0,855.0
TXN-IT-4-000219,2026-08-28 02:15:08,2026-08-28 02:21:08,IT,Proprietary ERP,B,DER-001,Dermacare GlowSerum,Aesthetic,Dermacare,Pharmacy/B2B,5,32.0,EUR,0.0,160.0,160.0
TXN-IT-4-000220,2026-08-28 22:05:47,2026-08-28 22:08:47,IT,Proprietary ERP,B,PUR-001,PureLife GlucoMonitor,Medical Device,PureLife,E-commerce,3,85.0,EUR,0.0,255.0,255.0
TXN-IT-4-000221,2026-08-28 05:35:25,2026-08-28 05:39:25,IT,Proprietary ERP,B,DER-002,Dermacare LiftCream,Aesthetic,Dermacare,D2C,5,37.0,EUR,0.0,185.0,185.0
TXN-IT-4-000222,2026-08-28 03:42:02,2026-08-28 03:43:02,IT,Proprietary ERP,B,PUR-002,PureLife BP Monitor,Medical Device,PureLife,E-commerce,6,90.0,EUR,0.1,540.0,486.0
TXN-IT-4-000223,2026-08-28 13:10:38,2026-08-28 13:12:38,IT,Proprietary ERP,B,VIT-001,Vitalis C1000,Supplement,Vitalis,Wholesale,5,21.0,EUR,0.2,105.0,84.0
TXN-IT-4-000224,2026-08-28 04:23:13,2026-08-28 04:27:13,IT,Proprietary ERP,B,SAN-001,SanaPlus PainRelief,OTC,SanaPlus,Wholesale,2,9.5,EUR,0.1,19.0,17.1
TXN-IT-4-000225,2026-08-28 21:43:30,2026-08-28 21:45:30,IT,Proprietary ERP,B,MED-002,Medora Derm Cream,Prescription,Medora,E-commerce,12,26.0,EUR,0.1,312.0,280.8
TXN-IT-4-000226,2026-08-28 02:27:44,2026-08-28 02:33:44,IT,Proprietary ERP,B,PUR-001,PureLife GlucoMonitor,Medical Device,PureLife,D2C,8,85.0,EUR,0.2,680.0,544.0
TXN-IT-4-000227,2026-08-28 03:22:26,2026-08-28 03:26:26,IT,Proprietary ERP,B,VIT-002,Vitalis Multivit,Supplement,Vitalis,Pharmacy/B2B,1,17.0,EUR,0.0,17.0,17.0
TXN-IT-4-000228,2026-08-28 00:42:37,2026-08-28 00:43:37,IT,Proprietary ERP,B,MED-001,Medora Cardio 10mg,Prescription,Medora,E-commerce,4,43.0,EUR,0.15,172.0,146.2
TXN-IT-4-000229,2026-08-28 20:30:17,2026-08-28 20:36:17,IT,Proprietary ERP,B,PUR-002,PureLife BP Monitor,Medical Device,PureLife,Wholesale,1,90.0,EUR,0.0,90.0,90.0
TXN-IT-4-000230,2026-08-28 11:58:35,2026-08-28 11:59:35,IT,Proprietary ERP,B,SAN-002,SanaPlus ColdFlu,OTC,SanaPlus,D2C,8,10.5,EUR,0.1,84.0,75.6
TXN-IT-4-000231,2026-08-28 12:21:06,2026-08-28 12:23:06,IT,Proprietary ERP,B,DER-001,Dermacare GlowSerum,Aesthetic,Dermacare,D2C,12,32.0,EUR,0.0,384.0,384.0
TXN-IT-4-000232,2026-08-28 02:28:05,2026-08-28 02:34:05,IT,Proprietary ERP,B,VIT-002,Vitalis Multivit,Supplement,Vitalis,Wholesale,10,17.0,EUR,0.0,170.0,170.0
TXN-IT-4-000233,2026-08-28 04:00:09,2026-08-28 04:06:09,IT,Proprietary ERP,B,SAN-002,SanaPlus ColdFlu,OTC,SanaPlus,Wholesale,10,10.5,EUR,0.1,105.0,94.5
TXN-IT-4-000234,2026-08-28 16:21:48,2026-08-28 16:22:48,IT,Proprietary ERP,B,SAN-002,SanaPlus ColdFlu,OTC,SanaPlus,Pharmacy/B2B,9,10.5,EUR,0.2,94.5,75.6
TXN-IT-4-000235,2026-08-28 09:23:38,2026-08-28 09:24:38,IT,Proprietary ERP,B,DER-002,Dermacare LiftCream,Aesthetic,Dermacare,Wholesale,7,37.0,EUR,0.2,259.0,207.2
TXN-IT-4-000236,2026-08-28 22:30:05,2026-08-28 22:34:05,IT,Proprietary ERP,B,PUR-002,PureLife BP Monitor,Medical Device,PureLife,Pharmacy/B2B,8,90.0,EUR,0.1,720.0,648.0
TXN-IT-4-000237,2026-08-28 08:13:44,2026-08-28 08:17:44,IT,Proprietary ERP,B,SAN-001,SanaPlus PainRelief,OTC,SanaPlus,Wholesale,11,9.5,EUR,0.2,104.5,83.6
TXN-IT-4-000238,2026-08-28 11:21:31,2026-08-28 11:23:31,IT,Proprietary ERP,B,PUR-001,PureLife GlucoMonitor,Medical Device,PureLife,Pharmacy/B2B,4,85.0,EUR,0.05,340.0,323.0
TXN-IT-4-000239,2026-08-28 22:58:18,2026-08-28 23:02:18,IT,Proprietary ERP,B,VIT-001,Vitalis C1000,Supplement,Vitalis,E-commerce,1,21.0,EUR,0.0,21.0,21.0
TXN-IT-4-000240,2026-08-28 17:01:48,2026-08-28 17:06:48,IT,Proprietary ERP,B,MED-002,Medora Derm Cream,Prescription,Medora,D2C,5,26.0,EUR,0.05,130.0,123.5
TXN-IT-4-000241,2026-08-28 23:54:20,2026-08-28 23:55:20,IT,Proprietary ERP,B,DER-001,Dermacare GlowSerum,Aesthetic,Dermacare,Pharmacy/B2B,2,32.0,EUR,0.0,64.0,64.0
TXN-IT-4-000242,2026-08-28 10:24:23,2026-08-28 10:30:23,IT,Proprietary ERP,B,PUR-001,PureLife GlucoMonitor,Medical Device,PureLife,E-commerce,8,85.0,EUR,0.2,680.0,544.0
TXN-IT-4-000243,2026-08-28 05:42:28,2026-08-28 05:44:28,IT,Proprietary ERP,B,MED-001,Medora Cardio 10mg,Prescription,Medora,Pharmacy/B2B,7,43.0,EUR,0.15,301.0,255.85
TXN-IT-4-000244,2026-08-28 22:36:33,2026-08-28 22:40:33,IT,Proprietary ERP,B,PUR-001,PureLife GlucoMonitor,Medical Device,PureLife,Wholesale,9,85.0,EUR,0.0,765.0,765.0
TXN-IT-4-000245,2026-08-28 19:21:14,2026-08-28 19:26:14,IT,Proprietary ERP,B,PUR-002,PureLife BP Monitor,Medical Device,PureLife,Pharmacy/B2B,1,90.0,EUR,0.15,90.0,76.5
TXN-IT-4-000246,2026-08-28 19:21:03,2026-08-28 19:27:03,IT,Proprietary ERP,B,DER-001,Dermacare GlowSerum,Aesthetic,Dermacare,D2C,7,32.0,EUR,0.05,224.0,212.8
TXN-IT-4-000247,2026-08-28 12:59:41,2026-08-28 13:01:41,IT,Proprietary ERP,B,PUR-001,PureLife GlucoMonitor,Medical Device,PureLife,Pharmacy/B2B,8,85.0,EUR,0.0,680.0,680.0
TXN-IT-4-000248,2026-08-28 10:20:15,2026-08-28 10:22:15,IT,Proprietary ERP,B,MED-001,Medora Cardio 10mg,Prescription,Medora,Pharmacy/B2B,12,43.0,EUR,0.0,516.0,516.0
TXN-IT-4-000249,2026-08-28 06:16:54,2026-08-28 06:21:54,IT,Proprietary ERP,B,DER-001,Dermacare GlowSerum,Aesthetic,Dermacare,D2C,8,32.0,EUR,0.15,256.0,217.6
TXN-IT-4-000250,2026-08-28 21:20:21,2026-08-28 21:26:21,IT,Proprietary ERP,B,VIT-002,Vitalis Multivit,Supplement,Vitalis,E-commerce,5,17.0,EUR,0.0,85.0,85.0
TXN-IT-4-000251,2026-08-28 08:22:20,2026-08-28 08:27:20,IT,Proprietary ERP,B,MED-002,Medora Derm Cream,Prescription,Medora,E-commerce,10,26.0,EUR,0.0,260.0,260.0
TXN-IT-4-000252,2026-08-28 10:26:17,2026-08-28 10:27:17,IT,Proprietary ERP,B,SAN-002,SanaPlus ColdFlu,OTC,SanaPlus,D2C,6,10.5,EUR,0.05,63.0,59.85
TXN-IT-4-000253,2026-08-28 19:54:27,2026-08-28 19:55:27,IT,Proprietary ERP,B,VIT-001,Vitalis C1000,Supplement,Vitalis,D2C,10,21.0,EUR,0.15,210.0,178.5
TXN-IT-4-000254,2026-08-28 09:35:47,2026-08-28 09:36:47,IT,Proprietary ERP,B,MED-002,Medora Derm Cream,Prescription,Medora,Pharmacy/B2B,6,26.0,EUR,0.0,156.0,156.0
TXN-IT-4-000255,2026-08-28 18:38:10,2026-08-28 18:44:10,IT,Proprietary ERP,B,PUR-001,PureLife GlucoMonitor,Medical Device,PureLife,E-commerce,10,85.0,EUR,0.05,850.0,807.5
TXN-IT-4-000256,2026-08-28 04:54:46,2026-08-28 04:56:46,IT,Proprietary ERP,B,DER-001,Dermacare GlowSerum,Aesthetic,Dermacare,Pharmacy/B2B,2,32.0,EUR,0.1,64.0,57.6
TXN-IT-4-000257,2026-08-28 11:56:57,2026-08-28 12:00:57,IT,Proprietary ERP,B,DER-002,Dermacare LiftCream,Aesthetic,Dermacare,Wholesale,10,37.0,EUR,0.0,370.0,370.0
TXN-IT-4-000258,2026-08-28 03:24:58,2026-08-28 03:26:58,IT,Proprietary ERP,B,SAN-001,SanaPlus PainRelief,OTC,SanaPlus,Pharmacy/B2B,8,9.5,EUR,0.15,76.0,64.6
TXN-IT-4-000259,2026-08-28 22:25:24,2026-08-28 22:31:24,IT,Proprietary ERP,B,PUR-001,PureLife GlucoMonitor,Medical Device,PureLife,D2C,4,85.0,EUR,0.0,340.0,340.0
TXN-IT-4-000260,2026-08-28 23:57:29,2026-08-29 00:02:29,IT,Proprietary ERP,B,PUR-001,PureLife GlucoMonitor,Medical Device,PureLife,E-commerce,2,85.0,EUR,0.15,170.0,144.5
TXN-IT-4-000261,2026-08-28 01:23:58,2026-08-28 01:26:58,IT,Proprietary ERP,B,MED-002,Medora Derm Cream,Prescription,Medora,E-commerce,3,26.0,EUR,0.0,78.0,78.0
TXN-IT-4-000262,2026-08-28 13:11:07,2026-08-28 13:12:07,IT,Proprietary ERP,B,DER-001,Dermacare GlowSerum,Aesthetic,Dermacare,D2C,5,32.0,EUR,0.0,160.0,160.0
TXN-IT-4-000263,2026-08-28 08:43:42,2026-08-28 08:49:42,IT,Proprietary ERP,B,SAN-001,SanaPlus PainRelief,OTC,SanaPlus,Pharmacy/B2B,7,9.5,EUR,0.1,66.5,59.85
TXN-IT-4-000264,2026-08-28 16:29:17,2026-08-28 16:30:17,IT,Proprietary ERP,B,VIT-001,Vitalis C1000,Supplement,Vitalis,Pharmacy/B2B,2,21.0,EUR,0.05,42.0,39.9
TXN-IT-4-000265,2026-08-28 17:45:17,2026-08-28 17:48:17,IT,Proprietary ERP,B,MED-001,Medora Cardio 10mg,Prescription,Medora,E-commerce,3,43.0,EUR,0.0,129.0,129.0
TXN-IT-4-000266,2026-08-28 21:40:47,2026-08-28 21:46:47,IT,Proprietary ERP,B,PUR-002,PureLife BP Monitor,Medical Device,PureLife,E-commerce,5,90.0,EUR,0.05,450.0,427.5
TXN-IT-4-000267,2026-08-28 01:53:44,2026-08-28 01:57:44,IT,Proprietary ERP,B,DER-001,Dermacare GlowSerum,Aesthetic,Dermacare,E-commerce,7,32.0,EUR,0.0,224.0,224.0
TXN-IT-4-000268,2026-08-28 05:41:16,2026-08-28 05:45:16,IT,Proprietary ERP,B,SAN-001,SanaPlus PainRelief,OTC,SanaPlus,E-commerce,12,9.5,EUR,0.0,114.0,114.0
TXN-IT-4-000269,2026-08-28 13:43:08,2026-08-28 13:44:08,IT,Proprietary ERP,B,VIT-001,Vitalis C1000,Supplement,Vitalis,D2C,4,21.0,EUR,0.1,84.0,75.6
TXN-IT-4-000270,2026-08-28 08:54:59,2026-08-28 08:56:59,IT,Proprietary ERP,B,MED-002,Medora Derm Cream,Prescription,Medora,Pharmacy/B2B,4,26.0,EUR,0.0,104.0,104.0
TXN-IT-4-000271,2026-08-28 01:48:39,2026-08-28 01:49:39,IT,Proprietary ERP,B,PUR-001,PureLife GlucoMonitor,Medical Device,PureLife,E-commerce,1,85.0,EUR,0.15,85.0,72.25
TXN-IT-4-000272,2026-08-28 13:26:58,2026-08-28 13:31:58,IT,Proprietary ERP,B,MED-002,Medora Derm Cream,Prescription,Medora,Pharmacy/B2B,11,26.0,EUR,0.15,286.0,243.1
TXN-IT-4-000273,2026-08-28 16:09:36,2026-08-28 16:13:36,IT,Proprietary ERP,B,PUR-002,PureLife BP Monitor,Medical Device,PureLife,E-commerce,9,90.0,EUR,0.0,810.0,810.0
TXN-IT-4-000274,2026-08-28 09:01:58,2026-08-28 09:05:58,IT,Proprietary ERP,B,MED-001,Medora Cardio 10mg,Prescription,Medora,E-commerce,10,43.0,EUR,0.0,430.0,430.0
TXN-IT-4-000275,2026-08-28 22:29:13,2026-08-28 22:33:13,IT,Proprietary ERP,B,MED-002,Medora Derm Cream,Prescription,Medora,Wholesale,2,26.0,EUR,0.1,52.0,46.8
TXN-IT-4-000276,2026-08-28 11:46:40,2026-08-28 11:50:40,IT,Proprietary ERP,B,DER-001,Dermacare GlowSerum,Aesthetic,Dermacare,E-commerce,5,32.0,EUR,0.05,160.0,152.0
TXN-IT-4-000277,2026-08-28 05:30:54,2026-08-28 05:36:54,IT,Proprietary ERP,B,DER-002,Dermacare LiftCream,Aesthetic,Dermacare,D2C,11,37.0,EUR,0.1,407.0,366.3
TXN-IT-4-000278,2026-08-28 02:57:45,2026-08-28 03:02:45,IT,Proprietary ERP,B,MED-001,Medora Cardio 10mg,Prescription,Medora,Pharmacy/B2B,6,43.0,EUR,0.2,258.0,206.4
TXN-IT-4-000279,2026-08-28 10:40:06,2026-08-28 10:45:06,IT,Proprietary ERP,B,SAN-002,SanaPlus ColdFlu,OTC,SanaPlus,Pharmacy/B2B,11,10.5,EUR,0.0,115.5,115.5
TXN-IT-4-000280,2026-08-28 07:33:52,2026-08-28 07:34:52,IT,Proprietary ERP,B,MED-001,Medora Cardio 10mg,Prescription,Medora,E-commerce,8,43.0,EUR,0.15,344.0,292.4
TXN-IT-4-000281,2026-08-28 16:15:30,2026-08-28 16:17:30,IT,Proprietary ERP,B,MED-002,Medora Derm Cream,Prescription,Medora,Wholesale,5,26.0,EUR,0.0,130.0,130.0
TXN-IT-4-000282,2026-08-28 21:14:11,2026-08-28 21:18:11,IT,Proprietary ERP,B,SAN-002,SanaPlus ColdFlu,OTC,SanaPlus,D2C,7,10.5,EUR,0.0,73.5,73.5
TXN-IT-4-000283,2026-08-28 10:48:43,2026-08-28 10:49:43,IT,Proprietary ERP,B,MED-001,Medora Cardio 10mg,Prescription,Medora,Pharmacy/B2B,4,43.0,EUR,0.0,172.0,172.0
TXN-IT-4-000284,2026-08-28 00:34:51,2026-08-28 00:39:51,IT,Proprietary ERP,B,SAN-001,SanaPlus PainRelief,OTC,SanaPlus,D2C,5,9.5,EUR,0.15,47.5,40.38
TXN-IT-4-000285,2026-08-28 19:25:56,2026-08-28 19:30:56,IT,Proprietary ERP,B,SAN-001,SanaPlus PainRelief,OTC,SanaPlus,Wholesale,4,9.5,EUR,0.0,38.0,38.0
TXN-IT-4-000286,2026-08-28 20:39:38,2026-08-28 20:43:38,IT,Proprietary ERP,B,PUR-001,PureLife GlucoMonitor,Medical Device,PureLife,Wholesale,9,85.0,EUR,0.2,765.0,612.0
TXN-IT-4-000287,2026-08-28 11:44:48,2026-08-28 11:46:48,IT,Proprietary ERP,B,VIT-002,Vitalis Multivit,Supplement,Vitalis,D2C,7,17.0,EUR,0.2,119.0,95.2
TXN-IT-4-000288,2026-08-28 19:01:44,2026-08-28 19:03:44,IT,Proprietary ERP,B,VIT-002,Vitalis Multivit,Supplement,Vitalis,Wholesale,2,17.0,EUR,0.0,34.0,34.0
TXN-IT-4-000289,2026-08-28 17:27:33,2026-08-28 17:30:33,IT,Proprietary ERP,B,DER-002,Dermacare LiftCream,Aesthetic,Dermacare,Wholesale,4,37.0,EUR,0.15,148.0,125.8
TXN-IT-4-000290,2026-08-28 21:29:18,2026-08-28 21:32:18,IT,Proprietary ERP,B,VIT-002,Vitalis Multivit,Supplement,Vitalis,E-commerce,12,17.0,EUR,0.0,204.0,204.0
TXN-IT-4-000291,2026-08-28 03:50:02,2026-08-28 03:53:02,IT,Proprietary ERP,B,MED-002,Medora Derm Cream,Prescription,Medora,E-commerce,1,26.0,EUR,0.2,26.0,20.8
TXN-IT-4-000292,2026-08-28 05:14:59,2026-08-28 05:18:59,IT,Proprietary ERP,B,SAN-001,SanaPlus PainRelief,OTC,SanaPlus,Wholesale,7,9.5,EUR,0.0,66.5,66.5
TXN-IT-4-000293,2026-08-28 22:01:31,2026-08-28 22:06:31,IT,Proprietary ERP,B,PUR-001,PureLife GlucoMonitor,Medical Device,PureLife,D2C,10,85.0,EUR,0.15,850.0,722.5
TXN-IT-4-000294,2026-08-28 11:38:09,2026-08-28 11:42:09,IT,Proprietary ERP,B,VIT-001,Vitalis C1000,Supplement,Vitalis,Wholesale,6,21.0,EUR,0.0,126.0,126.0
TXN-IT-4-000295,2026-08-28 09:33:22,2026-08-28 09:35:22,IT,Proprietary ERP,B,SAN-001,SanaPlus PainRelief,OTC,SanaPlus,E-commerce,9,9.5,EUR,0.15,85.5,72.67
TXN-IT-4-000296,2026-08-28 15:44:51,2026-08-28 15:50:51,IT,Proprietary ERP,B,DER-001,Dermacare GlowSerum,Aesthetic,Dermacare,Pharmacy/B2B,10,32.0,EUR,0.0,320.0,320.0
TXN-IT-4-000297,2026-08-28 04:07:19,2026-08-28 04:08:19,IT,Proprietary ERP,B,VIT-001,Vitalis C1000,Supplement,Vitalis,D2C,8,21.0,EUR,0.0,168.0,168.0
TXN-IT-4-000298,2026-08-28 05:22:10,2026-08-28 05:27:10,IT,Proprietary ERP,B,VIT-002,Vitalis Multivit,Supplement,Vitalis,D2C,6,17.0,EUR,0.0,102.0,102.0
TXN-IT-4-000299,2026-08-28 07:22:44,2026-08-28 07:28:44,IT,Proprietary ERP,B,DER-001,Dermacare GlowSerum,Aesthetic,Dermacare,Pharmacy/B2B,11,32.0,EUR,0.15,352.0,299.2
TXN-IT-4-000300,2026-08-28 12:11:00,2026-08-28 12:13:00,IT,Proprietary ERP,B,DER-001,Dermacare GlowSerum,Aesthetic,Dermacare,D2C,8,32.0,EUR,0.2,256.0,204.8
TXN-IT-4-000301,2026-08-28 01:33:52,2026-08-28 01:36:52,IT,Proprietary ERP,B,VIT-002,Vitalis Multivit,Supplement,Vitalis,Pharmacy/B2B,11,17.0,EUR,0.0,187.0,187.0
TXN-IT-4-000302,2026-08-28 23:16:04,2026-08-28 23:18:04,IT,Proprietary ERP,B,PUR-001,PureLife GlucoMonitor,Medical Device,PureLife,D2C,5,85.0,EUR,0.0,425.0,425.0
TXN-IT-4-000303,2026-08-28 02:24:23,2026-08-28 02:27:23,IT,Proprietary ERP,B,PUR-001,PureLife GlucoMonitor,Medical Device,PureLife,Pharmacy/B2B,9,85.0,EUR,0.2,765.0,612.0
TXN-IT-4-000304,2026-08-28 03:58:40,2026-08-28 04:01:40,IT,Proprietary ERP,B,DER-002,Dermacare LiftCream,Aesthetic,Dermacare,E-commerce,11,37.0,EUR,0.0,407.0,407.0
TXN-IT-4-000305,2026-08-28 04:23:22,2026-08-28 04:27:22,IT,Proprietary ERP,B,MED-001,Medora Cardio 10mg,Prescription,Medora,Pharmacy/B2B,10,43.0,EUR,0.0,430.0,430.0
TXN-IT-4-000306,2026-08-28 01:54:16,2026-08-28 01:55:16,IT,Proprietary ERP,B,VIT-002,Vitalis Multivit,Supplement,Vitalis,Wholesale,8,17.0,EUR,0.0,136.0,136.0
TXN-IT-4-000307,2026-08-28 00:49:18,2026-08-28 00:54:18,IT,Proprietary ERP,B,DER-002,Dermacare LiftCream,Aesthetic,Dermacare,Pharmacy/B2B,2,37.0,EUR,0.0,74.0,74.0
TXN-IT-4-000308,2026-08-28 02:26:45,2026-08-28 02:28:45,IT,Proprietary ERP,B,SAN-002,SanaPlus ColdFlu,OTC,SanaPlus,E-commerce,9,10.5,EUR,0.0,94.5,94.5
TXN-IT-4-000309,2026-08-28 21:09:31,2026-08-28 21:15:31,IT,Proprietary ERP,B,DER-002,Dermacare LiftCream,Aesthetic,Dermacare,D2C,7,37.0,EUR,0.15,259.0,220.15
TXN-IT-4-000310,2026-08-28 21:01:38,2026-08-28 21:04:38,IT,Proprietary ERP,B,PUR-002,PureLife BP Monitor,Medical Device,PureLife,Wholesale,3,90.0,EUR,0.0,270.0,270.0
TXN-IT-4-000311,2026-08-28 18:00:59,2026-08-28 18:03:59,IT,Proprietary ERP,B,SAN-002,SanaPlus ColdFlu,OTC,SanaPlus,E-commerce,3,10.5,EUR,0.0,31.5,31.5
TXN-IT-4-000312,2026-08-28 10:02:35,2026-08-28 10:04:35,IT,Proprietary ERP,B,SAN-001,SanaPlus PainRelief,OTC,SanaPlus,E-commerce,7,9.5,EUR,0.0,66.5,66.5
TXN-IT-4-000313,2026-08-28 20:02:01,2026-08-28 20:04:01,IT,Proprietary ERP,B,MED-001,Medora Cardio 10mg,Prescription,Medora,E-commerce,5,43.0,EUR,0.0,215.0,215.0
TXN-IT-4-000314,2026-08-28 22:10:32,2026-08-28 22:11:32,IT,Proprietary ERP,B,PUR-002,PureLife BP Monitor,Medical Device,PureLife,E-commerce,1,90.0,EUR,0.0,90.0,90.0
TXN-IT-4-000315,2026-08-28 23:35:35,2026-08-28 23:37:35,IT,Proprietary ERP,B,DER-002,Dermacare LiftCream,Aesthetic,Dermacare,E-commerce,5,37.0,EUR,0.05,185.0,175.75
TXN-IT-4-000316,2026-08-28 22:23:58,2026-08-28 22:24:58,IT,Proprietary ERP,B,PUR-001,PureLife GlucoMonitor,Medical Device,PureLife,Pharmacy/B2B,3,85.0,EUR,0.0,255.0,255.0
TXN-IT-4-000317,2026-08-28 10:37:26,2026-08-28 10:43:26,IT,Proprietary ERP,B,PUR-001,PureLife GlucoMonitor,Medical Device,PureLife,D2C,10,85.0,EUR,0.0,850.0,850.0
TXN-IT-4-000318,2026-08-28 17:42:54,2026-08-28 17:43:54,IT,Proprietary ERP,B,DER-002,Dermacare LiftCream,Aesthetic,Dermacare,Wholesale,5,37.0,EUR,0.0,185.0,185.0
TXN-IT-4-000319,2026-08-28 05:01:21,2026-08-28 05:07:21,IT,Proprietary ERP,B,MED-001,Medora Cardio 10mg,Prescription,Medora,D2C,5,43.0,EUR,0.0,215.0,215.0
TXN-IT-4-000320,2026-08-28 09:47:17,2026-08-28 09:48:17,IT,Proprietary ERP,B,VIT-002,Vitalis Multivit,Supplement,Vitalis,Wholesale,2,17.0,EUR,0.0,34.0,34.0
TXN-IT-4-000321,2026-08-28 08:05:33,2026-08-28 08:09:33,IT,Proprietary ERP,B,PUR-002,PureLife BP Monitor,Medical Device,PureLife,D2C,11,90.0,EUR,0.05,990.0,940.5
TXN-IT-4-000322,2026-08-28 02:59:17,2026-08-28 03:05:17,IT,Proprietary ERP,B,VIT-001,Vitalis C1000,Supplement,Vitalis,E-commerce,2,21.0,EUR,0.05,42.0,39.9
TXN-IT-4-000323,2026-08-28 07:28:04,2026-08-28 07:31:04,IT,Proprietary ERP,B,VIT-002,Vitalis Multivit,Supplement,Vitalis,D2C,12,17.0,EUR,0.0,204.0,204.0
TXN-IT-4-000324,2026-08-28 19:15:15,2026-08-28 19:16:15,IT,Proprietary ERP,B,MED-002,Medora Derm Cream,Prescription,Medora,Wholesale,7,26.0,EUR,0.2,182.0,145.6
TXN-IT-4-000325,2026-08-28 12:05:46,2026-08-28 12:09:46,IT,Proprietary ERP,B,PUR-002,PureLife BP Monitor,Medical Device,PureLife,E-commerce,8,90.0,EUR,0.0,720.0,720.0
TXN-IT-4-000326,2026-08-28 19:21:13,2026-08-28 19:22:13,IT,Proprietary ERP,B,MED-001,Medora Cardio 10mg,Prescription,Medora,Wholesale,5,43.0,EUR,0.0,215.0,215.0
TXN-IT-4-000327,2026-08-28 20:39:34,2026-08-28 20:42:34,IT,Proprietary ERP,B,PUR-002,PureLife BP Monitor,Medical Device,PureLife,D2C,2,90.0,EUR,0.0,180.0,180.0
TXN-IT-4-000328,2026-08-28 08:22:11,2026-08-28 08:26:11,IT,Proprietary ERP,B,DER-001,Dermacare GlowSerum,Aesthetic,Dermacare,E-commerce,4,32.0,EUR,0.05,128.0,121.6
TXN-IT-4-000329,2026-08-28 09:51:42,2026-08-28 09:52:42,IT,Proprietary ERP,B,SAN-001,SanaPlus PainRelief,OTC,SanaPlus,Pharmacy/B2B,12,9.5,EUR,0.05,114.0,108.3
TXN-IT-4-000330,2026-08-28 20:46:48,2026-08-28 20:52:48,IT,Proprietary ERP,B,SAN-001,SanaPlus PainRelief,OTC,SanaPlus,D2C,8,9.5,EUR,0.0,76.0,76.0
TXN-IT-4-000331,2026-08-28 23:10:35,2026-08-28 23:14:35,IT,Proprietary ERP,B,MED-002,Medora Derm Cream,Prescription,Medora,D2C,11,26.0,EUR,0.1,286.0,257.4
TXN-IT-4-000332,2026-08-28 23:44:37,2026-08-28 23:48:37,IT,Proprietary ERP,B,DER-002,Dermacare LiftCream,Aesthetic,Dermacare,Pharmacy/B2B,11,37.0,EUR,0.15,407.0,345.95
TXN-IT-4-000333,2026-08-28 01:22:53,2026-08-28 01:26:53,IT,Proprietary ERP,B,PUR-002,PureLife BP Monitor,Medical Device,PureLife,E-commerce,6,90.0,EUR,0.0,540.0,540.0
TXN-IT-4-000334,2026-08-28 16:44:58,2026-08-28 16:47:58,IT,Proprietary ERP,B,MED-002,Medora Derm Cream,Prescription,Medora,E-commerce,7,26.0,EUR,0.1,182.0,163.8
TXN-IT-4-000335,2026-08-28 08:56:06,2026-08-28 08:57:06,IT,Proprietary ERP,B,PUR-001,PureLife GlucoMonitor,Medical Device,PureLife,E-commerce,3,85.0,EUR,0.0,255.0,255.0
TXN-IT-4-000336,2026-08-28 21:39:20,2026-08-28 21:44:20,IT,Proprietary ERP,B,SAN-002,SanaPlus ColdFlu,OTC,SanaPlus,Pharmacy/B2B,3,10.5,EUR,0.15,31.5,26.77
TXN-IT-4-000337,2026-08-28 19:20:41,2026-08-28 19:26:41,IT,Proprietary ERP,B,VIT-002,Vitalis Multivit,Supplement,Vitalis,D2C,4,17.0,EUR,0.0,68.0,68.0
TXN-IT-4-000338,2026-08-28 20:19:33,2026-08-28 20:22:33,IT,Proprietary ERP,B,SAN-002,SanaPlus ColdFlu,OTC,SanaPlus,Wholesale,8,10.5,EUR,0.0,84.0,84.0
TXN-IT-4-000339,2026-08-28 02:37:36,2026-08-28 02:43:36,IT,Proprietary ERP,B,SAN-002,SanaPlus ColdFlu,OTC,SanaPlus,D2C,8,10.5,EUR,0.0,84.0,84.0
TXN-IT-4-000340,2026-08-28 18:19:57,2026-08-28 18:25:57,IT,Proprietary ERP,B,VIT-001,Vitalis C1000,Supplement,Vitalis,D2C,9,21.0,EUR,0.0,189.0,189.0
TXN-IT-4-000341,2026-08-28 07:40:36,2026-08-28 07:43:36,IT,Proprietary ERP,B,PUR-001,PureLife GlucoMonitor,Medical Device,PureLife,Pharmacy/B2B,8,85.0,EUR,0.0,680.0,680.0
TXN-IT-4-000342,2026-08-28 08:19:45,2026-08-28 08:20:45,IT,Proprietary ERP,B,DER-002,Dermacare LiftCream,Aesthetic,Dermacare,D2C,1,37.0,EUR,0.0,37.0,37.0
TXN-IT-4-000343,2026-08-28 01:32:29,2026-08-28 01:38:29,IT,Proprietary ERP,B,MED-002,Medora Derm Cream,Prescription,Medora,E-commerce,9,26.0,EUR,0.0,234.0,234.0
TXN-IT-4-000344,2026-08-28 22:29:36,2026-08-28 22:32:36,IT,Proprietary ERP,B,DER-002,Dermacare LiftCream,Aesthetic,Dermacare,E-commerce,11,37.0,EUR,0.2,407.0,325.6
TXN-IT-4-000345,2026-08-28 23:07:23,2026-08-28 23:10:23,IT,Proprietary ERP,B,VIT-001,Vitalis C1000,Supplement,Vitalis,Pharmacy/B2B,6,21.0,EUR,0.0,126.0,126.0
TXN-IT-4-000346,2026-08-28 23:33:30,2026-08-28 23:37:30,IT,Proprietary ERP,B,DER-002,Dermacare LiftCream,Aesthetic,Dermacare,D2C,3,37.0,EUR,0.05,111.0,105.45
TXN-IT-4-000347,2026-08-28 07:20:05,2026-08-28 07:24:05,IT,Proprietary ERP,B,VIT-002,Vitalis Multivit,Supplement,Vitalis,Pharmacy/B2B,3,17.0,EUR,0.0,51.0,51.0
TXN-IT-4-000348,2026-08-28 12:06:33,2026-08-28 12:09:33,IT,Proprietary ERP,B,VIT-002,Vitalis Multivit,Supplement,Vitalis,E-commerce,8,17.0,EUR,0.0,136.0,136.0
TXN-IT-4-000349,2026-08-28 07:04:01,2026-08-28 07:05:01,IT,Proprietary ERP,B,SAN-002,SanaPlus ColdFlu,OTC,SanaPlus,Wholesale,1,10.5,EUR,0.0,10.5,10.5
TXN-IT-4-000350,2026-08-28 21:43:01,2026-08-28 21:48:01,IT,Proprietary ERP,B,SAN-001,SanaPlus PainRelief,OTC,SanaPlus,Pharmacy/B2B,6,9.5,EUR,0.2,57.0,45.6
TXN-IT-4-000351,2026-08-28 00:12:01,2026-08-28 00:17:01,IT,Proprietary ERP,B,MED-002,Medora Derm Cream,Prescription,Medora,E-commerce,7,26.0,EUR,0.0,182.0,182.0
TXN-IT-4-000352,2026-08-28 04:21:11,2026-08-28 04:23:11,IT,Proprietary ERP,B,VIT-002,Vitalis Multivit,Supplement,Vitalis,Wholesale,4,17.0,EUR,0.1,68.0,61.2
TXN-IT-4-000353,2026-08-28 22:16:52,2026-08-28 22:18:52,IT,Proprietary ERP,B,MED-001,Medora Cardio 10mg,Prescription,Medora,Pharmacy/B2B,7,43.0,EUR,0.0,301.0,301.0
TXN-IT-4-000354,2026-08-28 03:50:23,2026-08-28 03:53:23,IT,Proprietary ERP,B,MED-001,Medora Cardio 10mg,Prescription,Medora,D2C,4,43.0,EUR,0.0,172.0,172.0
TXN-IT-4-000355,2026-08-28 09:29:21,2026-08-28 09:32:21,IT,Proprietary ERP,B,SAN-002,SanaPlus ColdFlu,OTC,SanaPlus,Wholesale,7,10.5,EUR,0.15,73.5,62.48
TXN-IT-4-000356,2026-08-28 04:54:17,2026-08-28 04:56:17,IT,Proprietary ERP,B,VIT-001,Vitalis C1000,Supplement,Vitalis,E-commerce,3,21.0,EUR,0.05,63.0,59.85
TXN-IT-4-000357,2026-08-28 01:05:42,2026-08-28 01:10:42,IT,Proprietary ERP,B,MED-002,Medora Derm Cream,Prescription,Medora,Wholesale,4,26.0,EUR,0.0,104.0,104.0
TXN-IT-4-000358,2026-08-28 02:05:29,2026-08-28 02:10:29,IT,Proprietary ERP,B,MED-001,Medora Cardio 10mg,Prescription,Medora,D2C,6,43.0,EUR,0.0,258.0,258.0
TXN-IT-4-000359,2026-08-28 04:45:28,2026-08-28 04:48:28,IT,Proprietary ERP,B,SAN-001,SanaPlus PainRelief,OTC,SanaPlus,E-commerce,10,9.5,EUR,0.2,95.0,76.0
TXN-IT-4-000360,2026-08-28 23:44:37,2026-08-28 23:48:37,IT,Proprietary ERP,B,SAN-001,SanaPlus PainRelief,OTC,SanaPlus,Wholesale,11,9.5,EUR,0.0,104.5,104.5
TXN-IT-4-000361,2026-08-28 13:37:51,2026-08-28 13:40:51,IT,Proprietary ERP,B,VIT-002,Vitalis Multivit,Supplement,Vitalis,Wholesale,5,17.0,EUR,0.0,85.0,85.0
TXN-IT-4-000362,2026-08-28 02:09:41,2026-08-28 02:11:41,IT,Proprietary ERP,B,MED-001,Medora Cardio 10mg,Prescription,Medora,Pharmacy/B2B,12,43.0,EUR,0.15,516.0,438.6
TXN-IT-4-000363,2026-08-28 03:30:51,2026-08-28 03:36:51,IT,Proprietary ERP,B,VIT-002,Vitalis Multivit,Supplement,Vitalis,D2C,12,17.0,EUR,0.1,204.0,183.6
TXN-IT-4-000364,2026-08-28 21:58:29,2026-08-28 22:04:29,IT,Proprietary ERP,B,VIT-001,Vitalis C1000,Supplement,Vitalis,E-commerce,8,21.0,EUR,0.15,168.0,142.8
TXN-IT-4-000365,2026-08-28 02:24:03,2026-08-28 02:27:03,IT,Proprietary ERP,B,PUR-002,PureLife BP Monitor,Medical Device,PureLife,D2C,8,90.0,EUR,0.15,720.0,612.0
TXN-IT-4-000366,2026-08-28 14:15:41,2026-08-28 14:20:41,IT,Proprietary ERP,B,DER-001,Dermacare GlowSerum,Aesthetic,Dermacare,E-commerce,12,32.0,EUR,0.0,384.0,384.0
TXN-IT-4-000367,2026-08-28 10:20:14,2026-08-28 10:26:14,IT,Proprietary ERP,B,MED-001,Medora Cardio 10mg,Prescription,Medora,E-commerce,7,43.0,EUR,0.0,301.0,301.0
TXN-IT-4-000368,2026-08-28 10:47:05,2026-08-28 10:48:05,IT,Proprietary ERP,B,PUR-001,PureLife GlucoMonitor,Medical Device,PureLife,Wholesale,12,85.0,EUR,0.2,1020.0,816.0
TXN-IT-4-000369,2026-08-28 05:45:36,2026-08-28 05:47:36,IT,Proprietary ERP,B,MED-001,Medora Cardio 10mg,Prescription,Medora,E-commerce,8,43.0,EUR,0.2,344.0,275.2
TXN-IT-4-000370,2026-08-28 03:10:50,2026-08-28 03:16:50,IT,Proprietary ERP,B,SAN-001,SanaPlus PainRelief,OTC,SanaPlus,E-commerce,2,9.5,EUR,0.0,19.0,19.0
TXN-IT-4-000371,2026-08-28 01:22:40,2026-08-28 01:27:40,IT,Proprietary ERP,B,VIT-001,Vitalis C1000,Supplement,Vitalis,E-commerce,5,21.0,EUR,0.0,105.0,105.0
TXN-IT-4-000372,2026-08-28 00:56:34,2026-08-28 00:58:34,IT,Proprietary ERP,B,SAN-002,SanaPlus ColdFlu,OTC,SanaPlus,Pharmacy/B2B,3,10.5,EUR,0.1,31.5,28.35
TXN-IT-4-000373,2026-08-28 18:52:07,2026-08-28 18:56:07,IT,Proprietary ERP,B,VIT-002,Vitalis Multivit,Supplement,Vitalis,D2C,5,17.0,EUR,0.0,85.0,85.0
TXN-IT-4-000374,2026-08-28 02:53:40,2026-08-28 02:56:40,IT,Proprietary ERP,B,PUR-002,PureLife BP Monitor,Medical Device,PureLife,E-commerce,2,90.0,EUR,0.1,180.0,162.0
TXN-IT-4-000375,2026-08-28 18:25:38,2026-08-28 18:28:38,IT,Proprietary ERP,B,DER-001,Dermacare GlowSerum,Aesthetic,Dermacare,Pharmacy/B2B,7,32.0,EUR,0.15,224.0,190.4
TXN-IT-4-000376,2026-08-28 21:53:15,2026-08-28 21:59:15,IT,Proprietary ERP,B,DER-002,Dermacare LiftCream,Aesthetic,Dermacare,Pharmacy/B2B,11,37.0,EUR,0.2,407.0,325.6
TXN-IT-4-000377,2026-08-28 22:46:19,2026-08-28 22:48:19,IT,Proprietary ERP,B,SAN-001,SanaPlus PainRelief,OTC,SanaPlus,D2C,5,9.5,EUR,0.0,47.5,47.5
TXN-IT-4-000378,2026-08-28 08:08:11,2026-08-28 08:13:11,IT,Proprietary ERP,B,VIT-001,Vitalis C1000,Supplement,Vitalis,D2C,5,21.0,EUR,0.0,105.0,105.0
TXN-IT-4-000379,2026-08-28 19:55:30,2026-08-28 19:57:30,IT,Proprietary ERP,B,DER-001,Dermacare GlowSerum,Aesthetic,Dermacare,E-commerce,8,32.0,EUR,0.0,256.0,256.0
TXN-IT-4-000380,2026-08-28 12:15:20,2026-08-28 12:20:20,IT,Proprietary ERP,B,PUR-001,PureLife GlucoMonitor,Medical Device,PureLife,E-commerce,11,85.0,EUR,0.1,935.0,841.5
TXN-IT-4-000381,2026-08-28 14:47:30,2026-08-28 14:48:30,IT,Proprietary ERP,B,MED-002,Medora Derm Cream,Prescription,Medora,D2C,1,26.0,EUR,0.0,26.0,26.0
TXN-IT-4-000382,2026-08-28 04:02:08,2026-08-28 04:06:08,IT,Proprietary ERP,B,DER-002,Dermacare LiftCream,Aesthetic,Dermacare,Pharmacy/B2B,12,37.0,EUR,0.2,444.0,355.2
TXN-IT-4-000383,2026-08-28 08:14:13,2026-08-28 08:15:13,IT,Proprietary ERP,B,SAN-002,SanaPlus ColdFlu,OTC,SanaPlus,D2C,5,10.5,EUR,0.2,52.5,42.0
TXN-IT-4-000384,2026-08-28 12:46:19,2026-08-28 12:52:19,IT,Proprietary ERP,B,PUR-002,PureLife BP Monitor,Medical Device,PureLife,D2C,1,90.0,EUR,0.05,90.0,85.5
TXN-IT-4-000385,2026-08-28 10:28:12,2026-08-28 10:31:12,IT,Proprietary ERP,B,MED-002,Medora Derm Cream,Prescription,Medora,E-commerce,6,26.0,EUR,0.1,156.0,140.4
TXN-IT-4-000386,2026-08-28 03:49:26,2026-08-28 03:55:26,IT,Proprietary ERP,B,SAN-001,SanaPlus PainRelief,OTC,SanaPlus,D2C,6,9.5,EUR,0.0,57.0,57.0
TXN-IT-4-000387,2026-08-28 05:21:50,2026-08-28 05:23:50,IT,Proprietary ERP,B,MED-001,Medora Cardio 10mg,Prescription,Medora,E-commerce,5,43.0,EUR,0.0,215.0,215.0
TXN-IT-4-000388,2026-08-28 11:04:39,2026-08-28 11:05:39,IT,Proprietary ERP,B,MED-002,Medora Derm Cream,Prescription,Medora,Pharmacy/B2B,11,26.0,EUR,0.0,286.0,286.0
TXN-IT-4-000389,2026-08-28 11:16:47,2026-08-28 11:21:47,IT,Proprietary ERP,B,PUR-002,PureLife BP Monitor,Medical Device,PureLife,Wholesale,7,90.0,EUR,0.0,630.0,630.0
TXN-IT-4-000390,2026-08-28 05:01:29,2026-08-28 05:04:29,IT,Proprietary ERP,B,SAN-002,SanaPlus ColdFlu,OTC,SanaPlus,Wholesale,9,10.5,EUR,0.15,94.5,80.33
TXN-IT-4-000391,2026-08-28 17:51:38,2026-08-28 17:56:38,IT,Proprietary ERP,B,MED-002,Medora Derm Cream,Prescription,Medora,Pharmacy/B2B,6,26.0,EUR,0.0,156.0,156.0
TXN-IT-4-000392,2026-08-28 00:55:27,2026-08-28 00:58:27,IT,Proprietary ERP,B,DER-002,Dermacare LiftCream,Aesthetic,Dermacare,D2C,11,37.0,EUR,0.0,407.0,407.0
TXN-IT-4-000393,2026-08-28 21:16:54,2026-08-28 21:18:54,IT,Proprietary ERP,B,PUR-001,PureLife GlucoMonitor,Medical Device,PureLife,E-commerce,10,85.0,EUR,0.0,850.0,850.0
TXN-IT-4-000394,2026-08-28 18:17:44,2026-08-28 18:20:44,IT,Proprietary ERP,B,VIT-002,Vitalis Multivit,Supplement,Vitalis,Wholesale,1,17.0,EUR,0.0,17.0,17.0
TXN-IT-4-000395,2026-08-28 18:03:19,2026-08-28 18:06:19,IT,Proprietary ERP,B,MED-001,Medora Cardio 10mg,Prescription,Medora,Wholesale,8,43.0,EUR,0.15,344.0,292.4
TXN-IT-4-000396,2026-08-28 05:58:50,2026-08-28 06:02:50,IT,Proprietary ERP,B,PUR-002,PureLife BP Monitor,Medical Device,PureLife,Pharmacy/B2B,9,90.0,EUR,0.1,810.0,729.0
TXN-IT-4-000397,2026-08-28 03:32:47,2026-08-28 03:33:47,IT,Proprietary ERP,B,PUR-002,PureLife BP Monitor,Medical Device,PureLife,Pharmacy/B2B,2,90.0,EUR,0.2,180.0,144.0
TXN-IT-4-000398,2026-08-28 15:59:50,2026-08-28 16:03:50,IT,Proprietary ERP,B,VIT-001,Vitalis C1000,Supplement,Vitalis,Wholesale,11,21.0,EUR,0.0,231.0,231.0
TXN-IT-4-000399,2026-08-28 17:20:01,2026-08-28 17:25:01,IT,Proprietary ERP,B,PUR-002,PureLife BP Monitor,Medical Device,PureLife,E-commerce,11,90.0,EUR,0.0,990.0,990.0
TXN-IT-4-000400,2026-08-28 01:27:24,2026-08-28 01:28:24,IT,Proprietary ERP,B,MED-001,Medora Cardio 10mg,Prescription,Medora,Pharmacy/B2B,10,43.0,EUR,0.0,430.0,430.0
TXN-IT-4-000401,2026-08-28 00:39:33,2026-08-28 00:44:33,IT,Proprietary ERP,B,VIT-002,Vitalis Multivit,Supplement,Vitalis,Wholesale,9,17.0,EUR,0.0,153.0,153.0
TXN-IT-4-000402,2026-08-28 04:00:14,2026-08-28 04:02:14,IT,Proprietary ERP,B,SAN-001,SanaPlus PainRelief,OTC,SanaPlus,E-commerce,8,9.5,EUR,0.0,76.0,76.0
TXN-IT-4-000403,2026-08-28 09:55:09,2026-08-28 10:00:09,IT,Proprietary ERP,B,VIT-001,Vitalis C1000,Supplement,Vitalis,D2C,5,21.0,EUR,0.05,105.0,99.75
TXN-IT-4-000404,2026-08-28 23:59:25,2026-08-29 00:02:25,IT,Proprietary ERP,B,VIT-002,Vitalis Multivit,Supplement,Vitalis,D2C,5,17.0,EUR,0.2,85.0,68.0
TXN-IT-4-000405,2026-08-28 22:25:58,2026-08-28 22:31:58,IT,Proprietary ERP,B,PUR-002,PureLife BP Monitor,Medical Device,PureLife,Wholesale,9,90.0,EUR,0.0,810.0,810.0
TXN-IT-4-000406,2026-08-28 10:24:07,2026-08-28 10:29:07,IT,Proprietary ERP,B,MED-002,Medora Derm Cream,Prescription,Medora,Pharmacy/B2B,10,26.0,EUR,0.0,260.0,260.0
TXN-IT-4-000407,2026-08-28 12:38:26,2026-08-28 12:42:26,IT,Proprietary ERP,B,SAN-002,SanaPlus ColdFlu,OTC,SanaPlus,D2C,7,10.5,EUR,0.0,73.5,73.5
TXN-IT-4-000408,2026-08-28 15:08:06,2026-08-28 15:11:06,IT,Proprietary ERP,B,MED-002,Medora Derm Cream,Prescription,Medora,Wholesale,7,26.0,EUR,0.15,182.0,154.7
TXN-IT-4-000409,2026-08-28 10:47:32,2026-08-28 10:50:32,IT,Proprietary ERP,B,SAN-002,SanaPlus ColdFlu,OTC,SanaPlus,D2C,12,10.5,EUR,0.0,126.0,126.0
TXN-IT-4-000410,2026-08-28 15:15:30,2026-08-28 15:21:30,IT,Proprietary ERP,B,DER-002,Dermacare LiftCream,Aesthetic,Dermacare,Pharmacy/B2B,1,37.0,EUR,0.05,37.0,35.15
TXN-IT-4-000411,2026-08-28 17:28:09,2026-08-28 17:29:09,IT,Proprietary ERP,B,MED-002,Medora Derm Cream,Prescription,Medora,Wholesale,8,26.0,EUR,0.0,208.0,208.0
TXN-IT-4-000412,2026-08-28 02:53:04,2026-08-28 02:58:04,IT,Proprietary ERP,B,MED-002,Medora Derm Cream,Prescription,Medora,E-commerce,4,26.0,EUR,0.0,104.0,104.0
TXN-IT-4-000413,2026-08-28 10:58:45,2026-08-28 11:04:45,IT,Proprietary ERP,B,DER-001,Dermacare GlowSerum,Aesthetic,Dermacare,Wholesale,6,32.0,EUR,0.1,192.0,172.8
TXN-IT-4-000414,2026-08-28 21:01:40,2026-08-28 21:02:40,IT,Proprietary ERP,B,VIT-001,Vitalis C1000,Supplement,Vitalis,E-commerce,11,21.0,EUR,0.1,231.0,207.9
TXN-IT-4-000415,2026-08-28 17:16:48,2026-08-28 17:17:48,IT,Proprietary ERP,B,PUR-002,PureLife BP Monitor,Medical Device,PureLife,Wholesale,3,90.0,EUR,0.05,270.0,256.5
TXN-IT-4-000416,2026-08-28 14:27:55,2026-08-28 14:32:55,IT,Proprietary ERP,B,DER-002,Dermacare LiftCream,Aesthetic,Dermacare,Wholesale,8,37.0,EUR,0.2,296.0,236.8
TXN-IT-4-000417,2026-08-28 18:56:34,2026-08-28 18:59:34,IT,Proprietary ERP,B,MED-002,Medora Derm Cream,Prescription,Medora,E-commerce,4,26.0,EUR,0.0,104.0,104.0
TXN-IT-4-000418,2026-08-28 12:18:18,2026-08-28 12:22:18,IT,Proprietary ERP,B,MED-002,Medora Derm Cream,Prescription,Medora,Pharmacy/B2B,10,26.0,EUR,0.15,260.0,221.0
TXN-IT-4-000419,2026-08-28 08:12:17,2026-08-28 08:14:17,IT,Proprietary ERP,B,SAN-001,SanaPlus PainRelief,OTC,SanaPlus,D2C,7,9.5,EUR,0.0,66.5,66.5
TXN-IT-4-000420,2026-08-28 16:21:30,2026-08-28 16:22:30,IT,Proprietary ERP,B,MED-001,Medora Cardio 10mg,Prescription,Medora,D2C,12,43.0,EUR,0.0,516.0,516.0
TXN-IT-4-000421,2026-08-28 15:03:47,2026-08-28 15:06:47,IT,Proprietary ERP,B,MED-002,Medora Derm Cream,Prescription,Medora,Pharmacy/B2B,9,26.0,EUR,0.0,234.0,234.0
TXN-IT-4-000422,2026-08-28 13:10:16,2026-08-28 13:14:16,IT,Proprietary ERP,B,SAN-001,SanaPlus PainRelief,OTC,SanaPlus,E-commerce,10,9.5,EUR,0.15,95.0,80.75
TXN-IT-4-000423,2026-08-28 06:08:02,2026-08-28 06:09:02,IT,Proprietary ERP,B,MED-002,Medora Derm Cream,Prescription,Medora,E-commerce,2,26.0,EUR,0.0,52.0,52.0
TXN-IT-4-000424,2026-08-28 08:04:41,2026-08-28 08:05:41,IT,Proprietary ERP,B,PUR-002,PureLife BP Monitor,Medical Device,PureLife,Pharmacy/B2B,10,90.0,EUR,0.15,900.0,765.0
TXN-IT-4-000425,2026-08-28 01:53:11,2026-08-28 01:57:11,IT,Proprietary ERP,B,DER-002,Dermacare LiftCream,Aesthetic,Dermacare,Wholesale,5,37.0,EUR,0.05,185.0,175.75
TXN-IT-4-000426,2026-08-28 18:14:21,2026-08-28 18:20:21,IT,Proprietary ERP,B,MED-001,Medora Cardio 10mg,Prescription,Medora,E-commerce,10,43.0,EUR,0.0,430.0,430.0
TXN-IT-4-000427,2026-08-28 17:18:14,2026-08-28 17:24:14,IT,Proprietary ERP,B,SAN-002,SanaPlus ColdFlu,OTC,SanaPlus,Wholesale,2,10.5,EUR,0.0,21.0,21.0
TXN-IT-4-000428,2026-08-28 07:59:13,2026-08-28 08:04:13,IT,Proprietary ERP,B,PUR-002,PureLife BP Monitor,Medical Device,PureLife,Pharmacy/B2B,11,90.0,EUR,0.2,990.0,792.0
TXN-IT-4-000429,2026-08-28 11:08:21,2026-08-28 11:14:21,IT,Proprietary ERP,B,MED-001,Medora Cardio 10mg,Prescription,Medora,Wholesale,3,43.0,EUR,0.05,129.0,122.55
TXN-IT-4-000430,2026-08-28 17:46:24,2026-08-28 17:49:24,IT,Proprietary ERP,B,PUR-002,PureLife BP Monitor,Medical Device,PureLife,Pharmacy/B2B,8,90.0,EUR,0.0,720.0,720.0
TXN-IT-4-000431,2026-08-28 13:12:30,2026-08-28 13:15:30,IT,Proprietary ERP,B,SAN-001,SanaPlus PainRelief,OTC,SanaPlus,Wholesale,9,9.5,EUR,0.0,85.5,85.5
TXN-IT-4-000432,2026-08-28 12:19:06,2026-08-28 12:24:06,IT,Proprietary ERP,B,SAN-002,SanaPlus ColdFlu,OTC,SanaPlus,Wholesale,7,10.5,EUR,0.1,73.5,66.15
TXN-IT-4-000433,2026-08-28 14:58:35,2026-08-28 15:00:35,IT,Proprietary ERP,B,SAN-002,SanaPlus ColdFlu,OTC,SanaPlus,Wholesale,7,10.5,EUR,0.15,73.5,62.48
TXN-IT-4-000434,2026-08-28 13:46:20,2026-08-28 13:48:20,IT,Proprietary ERP,B,MED-001,Medora Cardio 10mg,Prescription,Medora,D2C,12,43.0,EUR,0.1,516.0,464.4
TXN-IT-4-000435,2026-08-28 15:44:38,2026-08-28 15:50:38,IT,Proprietary ERP,B,DER-001,Dermacare GlowSerum,Aesthetic,Dermacare,Pharmacy/B2B,9,32.0,EUR,0.15,288.0,244.8
TXN-IT-4-000436,2026-08-28 02:07:32,2026-08-28 02:09:32,IT,Proprietary ERP,B,VIT-001,Vitalis C1000,Supplement,Vitalis,Pharmacy/B2B,6,21.0,EUR,0.0,126.0,126.0
TXN-IT-4-000437,2026-08-28 01:44:57,2026-08-28 01:48:57,IT,Proprietary ERP,B,SAN-001,SanaPlus PainRelief,OTC,SanaPlus,Pharmacy/B2B,9,9.5,EUR,0.0,85.5,85.5
TXN-IT-4-000438,2026-08-28 18:24:26,2026-08-28 18:30:26,IT,Proprietary ERP,B,DER-002,Dermacare LiftCream,Aesthetic,Dermacare,D2C,2,37.0,EUR,0.2,74.0,59.2
TXN-IT-4-000439,2026-08-28 10:51:24,2026-08-28 10:56:24,IT,Proprietary ERP,B,MED-001,Medora Cardio 10mg,Prescription,Medora,Pharmacy/B2B,9,43.0,EUR,0.0,387.0,387.0
TXN-IT-4-000440,2026-08-28 01:06:43,2026-08-28 01:08:43,IT,Proprietary ERP,B,SAN-001,SanaPlus PainRelief,OTC,SanaPlus,Wholesale,7,9.5,EUR,0.0,66.5,66.5
TXN-IT-4-000441,2026-08-28 14:04:27,2026-08-28 14:05:27,IT,Proprietary ERP,B,MED-002,Medora Derm Cream,Prescription,Medora,E-commerce,3,26.0,EUR,0.1,78.0,70.2
TXN-IT-4-000442,2026-08-28 18:49:07,2026-08-28 18:54:07,IT,Proprietary ERP,B,VIT-002,Vitalis Multivit,Supplement,Vitalis,E-commerce,4,17.0,EUR,0.05,68.0,64.6
TXN-IT-4-000443,2026-08-28 04:28:23,2026-08-28 04:32:23,IT,Proprietary ERP,B,DER-002,Dermacare LiftCream,Aesthetic,Dermacare,Pharmacy/B2B,1,37.0,EUR,0.05,37.0,35.15
TXN-IT-4-000444,2026-08-28 22:49:45,2026-08-28 22:55:45,IT,Proprietary ERP,B,MED-002,Medora Derm Cream,Prescription,Medora,Pharmacy/B2B,12,26.0,EUR,0.2,312.0,249.6
TXN-IT-4-000445,2026-08-28 17:26:51,2026-08-28 17:30:51,IT,Proprietary ERP,B,SAN-002,SanaPlus ColdFlu,OTC,SanaPlus,Pharmacy/B2B,3,10.5,EUR,0.2,31.5,25.2
TXN-IT-4-000446,2026-08-28 03:48:28,2026-08-28 03:53:28,IT,Proprietary ERP,B,PUR-001,PureLife GlucoMonitor,Medical Device,PureLife,E-commerce,5,85.0,EUR,0.0,425.0,425.0
TXN-IT-4-000447,2026-08-28 20:43:35,2026-08-28 20:44:35,IT,Proprietary ERP,B,VIT-002,Vitalis Multivit,Supplement,Vitalis,Pharmacy/B2B,7,17.0,EUR,0.1,119.0,107.1
TXN-IT-4-000448,2026-08-28 13:23:36,2026-08-28 13:24:36,IT,Proprietary ERP,B,VIT-002,Vitalis Multivit,Supplement,Vitalis,Pharmacy/B2B,10,17.0,EUR,0.15,170.0,144.5
TXN-IT-4-000449,2026-08-28 04:04:04,2026-08-28 04:05:04,IT,Proprietary ERP,B,DER-002,Dermacare LiftCream,Aesthetic,Dermacare,Wholesale,10,37.0,EUR,0.0,370.0,370.0
TXN-IT-4-000450,2026-08-28 03:53:17,2026-08-28 03:54:17,IT,Proprietary ERP,B,MED-001,Medora Cardio 10mg,Prescription,Medora,E-commerce,2,43.0,EUR,0.15,86.0,73.1
TXN-IT-4-000451,2026-08-28 00:31:56,2026-08-28 00:32:56,IT,Proprietary ERP,B,VIT-001,Vitalis C1000,Supplement,Vitalis,Wholesale,8,21.0,EUR,0.1,168.0,151.2
TXN-IT-4-000452,2026-08-28 20:40:24,2026-08-28 20:42:24,IT,Proprietary ERP,B,SAN-002,SanaPlus ColdFlu,OTC,SanaPlus,Wholesale,1,10.5,EUR,0.0,10.5,10.5
TXN-IT-4-000453,2026-08-28 16:17:43,2026-08-28 16:21:43,IT,Proprietary ERP,B,VIT-002,Vitalis Multivit,Supplement,Vitalis,Pharmacy/B2B,11,17.0,EUR,0.1,187.0,168.3
TXN-IT-4-000454,2026-08-28 17:16:23,2026-08-28 17:20:23,IT,Proprietary ERP,B,MED-002,Medora Derm Cream,Prescription,Medora,E-commerce,9,26.0,EUR,0.05,234.0,222.3
TXN-IT-4-000455,2026-08-28 20:46:17,2026-08-28 20:47:17,IT,Proprietary ERP,B,DER-001,Dermacare GlowSerum,Aesthetic,Dermacare,Pharmacy/B2B,2,32.0,EUR,0.05,64.0,60.8
TXN-IT-4-000456,2026-08-28 11:02:52,2026-08-28 11:04:52,IT,Proprietary ERP,B,PUR-002,PureLife BP Monitor,Medical Device,PureLife,Pharmacy/B2B,12,90.0,EUR,0.2,1080.0,864.0
TXN-IT-4-000457,2026-08-28 14:08:05,2026-08-28 14:10:05,IT,Proprietary ERP,B,PUR-002,PureLife BP Monitor,Medical Device,PureLife,Pharmacy/B2B,5,90.0,EUR,0.0,450.0,450.0
TXN-IT-4-000458,2026-08-28 03:22:42,2026-08-28 03:23:42,IT,Proprietary ERP,B,SAN-002,SanaPlus ColdFlu,OTC,SanaPlus,Wholesale,3,10.5,EUR,0.0,31.5,31.5
TXN-IT-4-000459,2026-08-28 09:41:51,2026-08-28 09:47:51,IT,Proprietary ERP,B,SAN-001,SanaPlus PainRelief,OTC,SanaPlus,Pharmacy/B2B,9,9.5,EUR,0.15,85.5,72.67
TXN-IT-4-000460,2026-08-28 17:34:23,2026-08-28 17:39:23,IT,Proprietary ERP,B,MED-001,Medora Cardio 10mg,Prescription,Medora,Pharmacy/B2B,6,43.0,EUR,0.1,258.0,232.2
TXN-IT-4-000461,2026-08-28 18:34:18,2026-08-28 18:37:18,IT,Proprietary ERP,B,PUR-001,PureLife GlucoMonitor,Medical Device,PureLife,Pharmacy/B2B,2,85.0,EUR,0.0,170.0,170.0
TXN-IT-4-000462,2026-08-28 01:55:40,2026-08-28 02:00:40,IT,Proprietary ERP,B,MED-001,Medora Cardio 10mg,Prescription,Medora,Pharmacy/B2B,3,43.0,EUR,0.15,129.0,109.65
TXN-IT-4-000463,2026-08-28 12:00:55,2026-08-28 12:01:55,IT,Proprietary ERP,B,VIT-002,Vitalis Multivit,Supplement,Vitalis,Wholesale,6,17.0,EUR,0.0,102.0,102.0
TXN-IT-4-000464,2026-08-28 12:06:38,2026-08-28 12:07:38,IT,Proprietary ERP,B,SAN-002,SanaPlus ColdFlu,OTC,SanaPlus,Pharmacy/B2B,11,10.5,EUR,0.1,115.5,103.95
TXN-IT-4-000465,2026-08-28 02:05:38,2026-08-28 02:06:38,IT,Proprietary ERP,B,SAN-002,SanaPlus ColdFlu,OTC,SanaPlus,D2C,11,10.5,EUR,0.0,115.5,115.5
TXN-IT-4-000466,2026-08-28 12:29:01,2026-08-28 12:35:01,IT,Proprietary ERP,B,MED-002,Medora Derm Cream,Prescription,Medora,D2C,10,26.0,EUR,0.0,260.0,260.0
TXN-IT-4-000467,2026-08-28 23:08:31,2026-08-28 23:10:31,IT,Proprietary ERP,B,SAN-001,SanaPlus PainRelief,OTC,SanaPlus,Wholesale,10,9.5,EUR,0.2,95.0,76.0
TXN-IT-4-000468,2026-08-28 10:33:24,2026-08-28 10:37:24,IT,Proprietary ERP,B,DER-002,Dermacare LiftCream,Aesthetic,Dermacare,Wholesale,5,37.0,EUR,0.05,185.0,175.75
TXN-IT-4-000469,2026-08-28 08:02:49,2026-08-28 08:06:49,IT,Proprietary ERP,B,DER-002,Dermacare LiftCream,Aesthetic,Dermacare,E-commerce,3,37.0,EUR,0.05,111.0,105.45
TXN-IT-4-000470,2026-08-28 10:17:27,2026-08-28 10:20:27,IT,Proprietary ERP,B,MED-002,Medora Derm Cream,Prescription,Medora,Wholesale,8,26.0,EUR,0.05,208.0,197.6
TXN-IT-4-000471,2026-08-28 08:45:06,2026-08-28 08:46:06,IT,Proprietary ERP,B,SAN-001,SanaPlus PainRelief,OTC,SanaPlus,E-commerce,2,9.5,EUR,0.0,19.0,19.0
TXN-IT-4-000472,2026-08-28 07:04:38,2026-08-28 07:05:38,IT,Proprietary ERP,B,MED-002,Medora Derm Cream,Prescription,Medora,D2C,2,26.0,EUR,0.0,52.0,52.0
TXN-IT-4-000473,2026-08-28 23:34:21,2026-08-28 23:36:21,IT,Proprietary ERP,B,VIT-002,Vitalis Multivit,Supplement,Vitalis,Pharmacy/B2B,8,17.0,EUR,0.15,136.0,115.6
TXN-IT-4-000474,2026-08-28 07:46:54,2026-08-28 07:51:54,IT,Proprietary ERP,B,VIT-002,Vitalis Multivit,Supplement,Vitalis,Wholesale,11,17.0,EUR,0.0,187.0,187.0
TXN-IT-4-000475,2026-08-28 04:36:01,2026-08-28 04:42:01,IT,Proprietary ERP,B,PUR-001,PureLife GlucoMonitor,Medical Device,PureLife,D2C,6,85.0,EUR,0.2,510.0,408.0
TXN-IT-4-000476,2026-08-28 02:54:43,2026-08-28 02:57:43,IT,Proprietary ERP,B,VIT-002,Vitalis Multivit,Supplement,Vitalis,Pharmacy/B2B,7,17.0,EUR,0.0,119.0,119.0
TXN-IT-4-000477,2026-08-28 07:03:20,2026-08-28 07:09:20,IT,Proprietary ERP,B,DER-002,Dermacare LiftCream,Aesthetic,Dermacare,Wholesale,4,37.0,EUR,0.2,148.0,118.4
TXN-IT-4-000478,2026-08-28 03:43:46,2026-08-28 03:48:46,IT,Proprietary ERP,B,MED-001,Medora Cardio 10mg,Prescription,Medora,E-commerce,11,43.0,EUR,0.0,473.0,473.0
TXN-IT-4-000479,2026-08-28 05:33:52,2026-08-28 05:38:52,IT,Proprietary ERP,B,MED-002,Medora Derm Cream,Prescription,Medora,E-commerce,9,26.0,EUR,0.15,234.0,198.9
TXN-IT-4-000480,2026-08-28 11:02:39,2026-08-28 11:03:39,IT,Proprietary ERP,B,VIT-002,Vitalis Multivit,Supplement,Vitalis,E-commerce,7,17.0,EUR,0.0,119.0,119.0
TXN-IT-4-000481,2026-08-28 05:51:43,2026-08-28 05:54:43,IT,Proprietary ERP,B,MED-002,Medora Derm Cream,Prescription,Medora,Pharmacy/B2B,8,26.0,EUR,0.15,208.0,176.8
TXN-IT-4-000482,2026-08-28 21:54:46,2026-08-28 21:55:46,IT,Proprietary ERP,B,PUR-001,PureLife GlucoMonitor,Medical Device,PureLife,Wholesale,6,85.0,EUR,0.05,510.0,484.5
TXN-IT-4-000483,2026-08-28 16:47:53,2026-08-28 16:51:53,IT,Proprietary ERP,B,DER-002,Dermacare LiftCream,Aesthetic,Dermacare,D2C,5,37.0,EUR,0.05,185.0,175.75
TXN-IT-4-000484,2026-08-28 06:10:25,2026-08-28 06:16:25,IT,Proprietary ERP,B,MED-001,Medora Cardio 10mg,Prescription,Medora,Wholesale,1,43.0,EUR,0.15,43.0,36.55
TXN-IT-4-000485,2026-08-28 21:24:39,2026-08-28 21:25:39,IT,Proprietary ERP,B,MED-002,Medora Derm Cream,Prescription,Medora,Pharmacy/B2B,1,26.0,EUR,0.2,26.0,20.8
TXN-IT-4-000486,2026-08-28 22:31:55,2026-08-28 22:36:55,IT,Proprietary ERP,B,SAN-002,SanaPlus ColdFlu,OTC,SanaPlus,D2C,1,10.5,EUR,0.1,10.5,9.45
TXN-IT-4-000487,2026-08-28 03:10:56,2026-08-28 03:16:56,IT,Proprietary ERP,B,MED-002,Medora Derm Cream,Prescription,Medora,D2C,11,26.0,EUR,0.0,286.0,286.0
TXN-IT-4-000488,2026-08-28 05:30:18,2026-08-28 05:36:18,IT,Proprietary ERP,B,VIT-001,Vitalis C1000,Supplement,Vitalis,Wholesale,7,21.0,EUR,0.15,147.0,124.95
TXN-IT-4-000489,2026-08-28 23:45:59,2026-08-28 23:46:59,IT,Proprietary ERP,B,VIT-002,Vitalis Multivit,Supplement,Vitalis,D2C,9,17.0,EUR,0.0,153.0,153.0
TXN-IT-4-000490,2026-08-28 16:27:30,2026-08-28 16:33:30,IT,Proprietary ERP,B,PUR-001,PureLife GlucoMonitor,Medical Device,PureLife,Pharmacy/B2B,1,85.0,EUR,0.0,85.0,85.0
TXN-IT-4-000491,2026-08-28 16:44:31,2026-08-28 16:46:31,IT,Proprietary ERP,B,SAN-001,SanaPlus PainRelief,OTC,SanaPlus,D2C,8,9.5,EUR,0.0,76.0,76.0
TXN-IT-4-000492,2026-08-28 06:22:34,2026-08-28 06:28:34,IT,Proprietary ERP,B,DER-001,Dermacare GlowSerum,Aesthetic,Dermacare,Wholesale,8,32.0,EUR,0.0,256.0,256.0
TXN-IT-4-000493,2026-08-28 19:13:52,2026-08-28 19:14:52,IT,Proprietary ERP,B,DER-002,Dermacare LiftCream,Aesthetic,Dermacare,E-commerce,1,37.0,EUR,0.0,37.0,37.0
TXN-IT-4-000494,2026-08-28 21:49:31,2026-08-28 21:50:31,IT,Proprietary ERP,B,MED-002,Medora Derm Cream,Prescription,Medora,D2C,5,26.0,EUR,0.05,130.0,123.5
TXN-IT-4-000495,2026-08-28 13:46:01,2026-08-28 13:52:01,IT,Proprietary ERP,B,PUR-001,PureLife GlucoMonitor,Medical Device,PureLife,Pharmacy/B2B,8,85.0,EUR,0.2,680.0,544.0
TXN-IT-4-000496,2026-08-28 21:51:10,2026-08-28 21:55:10,IT,Proprietary ERP,B,PUR-001,PureLife GlucoMonitor,Medical Device,PureLife,D2C,3,85.0,EUR,0.15,255.0,216.75
TXN-IT-4-000497,2026-08-28 13:09:11,2026-08-28 13:12:11,IT,Proprietary ERP,B,VIT-002,Vitalis Multivit,Supplement,Vitalis,Wholesale,2,17.0,EUR,0.0,34.0,34.0
TXN-IT-4-000498,2026-08-28 14:40:10,2026-08-28 14:45:10,IT,Proprietary ERP,B,SAN-001,SanaPlus PainRelief,OTC,SanaPlus,Wholesale,12,9.5,EUR,0.1,114.0,102.6
TXN-IT-4-000499,2026-08-28 01:33:33,2026-08-28 01:36:33,IT,Proprietary ERP,B,MED-001,Medora Cardio 10mg,Prescription,Medora,D2C,8,43.0,EUR,0.0,344.0,344.0
TXN-IT-4-000500,2026-08-28 10:24:24,2026-08-28 10:30:24,IT,Proprietary ERP,B,SAN-002,SanaPlus ColdFlu,OTC,SanaPlus,Wholesale,5,10.5,EUR,0.15,52.5,44.62
TXN-IT-4-000501,2026-08-28 03:28:53,2026-08-28 03:33:53,IT,Proprietary ERP,B,DER-001,Dermacare GlowSerum,Aesthetic,Dermacare,D2C,6,32.0,EUR,0.0,192.0,192.0
TXN-IT-4-000502,2026-08-28 17:10:18,2026-08-28 17:13:18,IT,Proprietary ERP,B,DER-002,Dermacare LiftCream,Aesthetic,Dermacare,E-commerce,10,37.0,EUR,0.2,370.0,296.0
TXN-IT-4-000503,2026-08-28 09:18:41,2026-08-28 09:20:41,IT,Proprietary ERP,B,DER-001,Dermacare GlowSerum,Aesthetic,Dermacare,Wholesale,2,32.0,EUR,0.0,64.0,64.0
TXN-IT-4-000504,2026-08-28 21:49:01,2026-08-28 21:54:01,IT,Proprietary ERP,B,SAN-002,SanaPlus ColdFlu,OTC,SanaPlus,E-commerce,11,10.5,EUR,0.0,115.5,115.5
TXN-IT-4-000505,2026-08-28 00:11:36,2026-08-28 00:14:36,IT,Proprietary ERP,B,VIT-002,Vitalis Multivit,Supplement,Vitalis,Pharmacy/B2B,11,17.0,EUR,0.15,187.0,158.95
TXN-IT-4-000506,2026-08-28 21:03:43,2026-08-28 21:05:43,IT,Proprietary ERP,B,DER-002,Dermacare LiftCream,Aesthetic,Dermacare,Pharmacy/B2B,8,37.0,EUR,0.0,296.0,296.0
TXN-IT-4-000507,2026-08-28 22:40:47,2026-08-28 22:46:47,IT,Proprietary ERP,B,PUR-002,PureLife BP Monitor,Medical Device,PureLife,E-commerce,11,90.0,EUR,0.05,990.0,940.5
TXN-IT-4-000508,2026-08-28 02:23:58,2026-08-28 02:29:58,IT,Proprietary ERP,B,MED-002,Medora Derm Cream,Prescription,Medora,D2C,8,26.0,EUR,0.2,208.0,166.4
TXN-IT-4-000509,2026-08-28 21:26:29,2026-08-28 21:28:29,IT,Proprietary ERP,B,SAN-001,SanaPlus PainRelief,OTC,SanaPlus,D2C,3,9.5,EUR,0.15,28.5,24.22
TXN-IT-4-000510,2026-08-28 07:39:53,2026-08-28 07:43:53,IT,Proprietary ERP,B,DER-001,Dermacare GlowSerum,Aesthetic,Dermacare,D2C,12,32.0,EUR,0.15,384.0,326.4
TXN-IT-4-000511,2026-08-28 21:15:32,2026-08-28 21:18:32,IT,Proprietary ERP,B,VIT-001,Vitalis C1000,Supplement,Vitalis,E-commerce,3,21.0,EUR,0.0,63.0,63.0
TXN-IT-4-000512,2026-08-28 13:57:45,2026-08-28 13:58:45,IT,Proprietary ERP,B,DER-002,Dermacare LiftCream,Aesthetic,Dermacare,Wholesale,11,37.0,EUR,0.0,407.0,407.0
TXN-IT-4-000513,2026-08-28 09:08:10,2026-08-28 09:09:10,IT,Proprietary ERP,B,PUR-002,PureLife BP Monitor,Medical Device,PureLife,D2C,5,90.0,EUR,0.05,450.0,427.5
TXN-IT-4-000514,2026-08-28 15:43:58,2026-08-28 15:46:58,IT,Proprietary ERP,B,SAN-001,SanaPlus PainRelief,OTC,SanaPlus,D2C,4,9.5,EUR,0.15,38.0,32.3
TXN-IT-4-000515,2026-08-28 16:37:54,2026-08-28 16:38:54,IT,Proprietary ERP,B,DER-002,Dermacare LiftCream,Aesthetic,Dermacare,D2C,3,37.0,EUR,0.0,111.0,111.0
TXN-IT-4-000516,2026-08-28 04:02:36,2026-08-28 04:07:36,IT,Proprietary ERP,B,SAN-002,SanaPlus ColdFlu,OTC,SanaPlus,Pharmacy/B2B,10,10.5,EUR,0.0,105.0,105.0
TXN-IT-4-000517,2026-08-28 06:44:23,2026-08-28 06:45:23,IT,Proprietary ERP,B,DER-001,Dermacare GlowSerum,Aesthetic,Dermacare,D2C,7,32.0,EUR,0.05,224.0,212.8
TXN-IT-4-000518,2026-08-28 00:59:03,2026-08-28 01:05:03,IT,Proprietary ERP,B,VIT-001,Vitalis C1000,Supplement,Vitalis,Wholesale,4,21.0,EUR,0.2,84.0,67.2
TXN-IT-4-000519,2026-08-28 18:07:16,2026-08-28 18:11:16,IT,Proprietary ERP,B,MED-002,Medora Derm Cream,Prescription,Medora,D2C,10,26.0,EUR,0.1,260.0,234.0
TXN-IT-4-000520,2026-08-28 19:00:40,2026-08-28 19:06:40,IT,Proprietary ERP,B,MED-002,Medora Derm Cream,Prescription,Medora,E-commerce,10,26.0,EUR,0.0,260.0,260.0
TXN-IT-4-000521,2026-08-28 17:34:57,2026-08-28 17:39:57,IT,Proprietary ERP,B,PUR-002,PureLife BP Monitor,Medical Device,PureLife,Pharmacy/B2B,11,90.0,EUR,0.1,990.0,891.0
TXN-IT-4-000522,2026-08-28 18:36:28,2026-08-28 18:38:28,IT,Proprietary ERP,B,PUR-002,PureLife BP Monitor,Medical Device,PureLife,Pharmacy/B2B,7,90.0,EUR,0.15,630.0,535.5
TXN-IT-4-000523,2026-08-28 17:41:55,2026-08-28 17:47:55,IT,Proprietary ERP,B,DER-001,Dermacare GlowSerum,Aesthetic,Dermacare,Wholesale,3,32.0,EUR,0.05,96.0,91.2
TXN-IT-4-000524,2026-08-28 01:29:49,2026-08-28 01:33:49,IT,Proprietary ERP,B,VIT-001,Vitalis C1000,Supplement,Vitalis,Pharmacy/B2B,10,21.0,EUR,0.1,210.0,189.0
TXN-IT-4-000525,2026-08-28 16:14:26,2026-08-28 16:20:26,IT,Proprietary ERP,B,MED-002,Medora Derm Cream,Prescription,Medora,Wholesale,2,26.0,EUR,0.0,52.0,52.0
TXN-IT-4-000526,2026-08-28 04:37:52,2026-08-28 04:38:52,IT,Proprietary ERP,B,MED-002,Medora Derm Cream,Prescription,Medora,D2C,12,26.0,EUR,0.0,312.0,312.0
TXN-IT-4-000527,2026-08-28 22:49:44,2026-08-28 22:55:44,IT,Proprietary ERP,B,MED-001,Medora Cardio 10mg,Prescription,Medora,D2C,2,43.0,EUR,0.2,86.0,68.8
TXN-IT-4-000528,2026-08-28 10:02:03,2026-08-28 10:07:03,IT,Proprietary ERP,B,PUR-002,PureLife BP Monitor,Medical Device,PureLife,E-commerce,3,90.0,EUR,0.15,270.0,229.5
TXN-IT-4-000529,2026-08-28 19:33:19,2026-08-28 19:38:19,IT,Proprietary ERP,B,VIT-001,Vitalis C1000,Supplement,Vitalis,Pharmacy/B2B,5,21.0,EUR,0.0,105.0,105.0
TXN-IT-4-000530,2026-08-28 13:20:43,2026-08-28 13:23:43,IT,Proprietary ERP,B,PUR-001,PureLife GlucoMonitor,Medical Device,PureLife,D2C,11,85.0,EUR,0.0,935.0,935.0
TXN-IT-4-000531,2026-08-28 12:54:25,2026-08-28 12:56:25,IT,Proprietary ERP,B,MED-002,Medora Derm Cream,Prescription,Medora,Wholesale,5,26.0,EUR,0.05,130.0,123.5
TXN-IT-4-000532,2026-08-28 00:23:02,2026-08-28 00:29:02,IT,Proprietary ERP,B,SAN-002,SanaPlus ColdFlu,OTC,SanaPlus,Pharmacy/B2B,9,10.5,EUR,0.15,94.5,80.33
TXN-IT-4-000533,2026-08-28 12:38:14,2026-08-28 12:42:14,IT,Proprietary ERP,B,SAN-001,SanaPlus PainRelief,OTC,SanaPlus,Pharmacy/B2B,8,9.5,EUR,0.0,76.0,76.0
TXN-IT-4-000534,2026-08-28 00:51:09,2026-08-28 00:54:09,IT,Proprietary ERP,B,DER-001,Dermacare GlowSerum,Aesthetic,Dermacare,D2C,9,32.0,EUR,0.0,288.0,288.0
TXN-IT-4-000535,2026-08-28 16:45:32,2026-08-28 16:48:32,IT,Proprietary ERP,B,MED-002,Medora Derm Cream,Prescription,Medora,D2C,3,26.0,EUR,0.0,78.0,78.0
TXN-IT-4-000536,2026-08-28 00:22:39,2026-08-28 00:24:39,IT,Proprietary ERP,B,MED-002,Medora Derm Cream,Prescription,Medora,E-commerce,11,26.0,EUR,0.1,286.0,257.4
TXN-IT-4-000537,2026-08-28 20:50:32,2026-08-28 20:56:32,IT,Proprietary ERP,B,MED-001,Medora Cardio 10mg,Prescription,Medora,Wholesale,12,43.0,EUR,0.0,516.0,516.0
TXN-IT-4-000538,2026-08-28 15:18:49,2026-08-28 15:19:49,IT,Proprietary ERP,B,DER-001,Dermacare GlowSerum,Aesthetic,Dermacare,E-commerce,7,32.0,EUR,0.0,224.0,224.0
TXN-IT-4-000539,2026-08-28 16:39:05,2026-08-28 16:43:05,IT,Proprietary ERP,B,MED-002,Medora Derm Cream,Prescription,Medora,E-commerce,3,26.0,EUR,0.1,78.0,70.2
TXN-IT-4-000540,2026-08-28 01:38:59,2026-08-28 01:44:59,IT,Proprietary ERP,B,DER-002,Dermacare LiftCream,Aesthetic,Dermacare,Pharmacy/B2B,1,37.0,EUR,0.0,37.0,37.0
TXN-IT-4-000541,2026-08-28 18:57:30,2026-08-28 19:00:30,IT,Proprietary ERP,B,SAN-002,SanaPlus ColdFlu,OTC,SanaPlus,E-commerce,4,10.5,EUR,0.0,42.0,42.0
TXN-IT-4-000542,2026-08-28 08:17:38,2026-08-28 08:22:38,IT,Proprietary ERP,B,SAN-002,SanaPlus ColdFlu,OTC,SanaPlus,Pharmacy/B2B,7,10.5,EUR,0.0,73.5,73.5
TXN-IT-4-000543,2026-08-28 04:06:16,2026-08-28 04:11:16,IT,Proprietary ERP,B,MED-001,Medora Cardio 10mg,Prescription,Medora,E-commerce,4,43.0,EUR,0.0,172.0,172.0
TXN-IT-4-000544,2026-08-28 17:18:02,2026-08-28 17:19:02,IT,Proprietary ERP,B,DER-002,Dermacare LiftCream,Aesthetic,Dermacare,Wholesale,7,37.0,EUR,0.05,259.0,246.05
TXN-IT-4-000545,2026-08-28 10:09:52,2026-08-28 10:10:52,IT,Proprietary ERP,B,DER-001,Dermacare GlowSerum,Aesthetic,Dermacare,E-commerce,5,32.0,EUR,0.0,160.0,160.0
TXN-IT-4-000546,2026-08-28 07:27:58,2026-08-28 07:28:58,IT,Proprietary ERP,B,PUR-002,PureLife BP Monitor,Medical Device,PureLife,Wholesale,9,90.0,EUR,0.0,810.0,810.0
TXN-IT-4-000547,2026-08-28 04:12:01,2026-08-28 04:17:01,IT,Proprietary ERP,B,SAN-001,SanaPlus PainRelief,OTC,SanaPlus,D2C,5,9.5,EUR,0.15,47.5,40.38
TXN-IT-4-000548,2026-08-28 09:52:57,2026-08-28 09:57:57,IT,Proprietary ERP,B,PUR-001,PureLife GlucoMonitor,Medical Device,PureLife,Pharmacy/B2B,9,85.0,EUR,0.2,765.0,612.0
TXN-IT-4-000549,2026-08-28 17:29:44,2026-08-28 17:31:44,IT,Proprietary ERP,B,DER-001,Dermacare GlowSerum,Aesthetic,Dermacare,Pharmacy/B2B,3,32.0,EUR,0.15,96.0,81.6
TXN-IT-4-000550,2026-08-28 15:18:24,2026-08-28 15:19:24,IT,Proprietary ERP,B,VIT-001,Vitalis C1000,Supplement,Vitalis,Wholesale,4,21.0,EUR,0.1,84.0,75.6
TXN-IT-4-000551,2026-08-28 19:14:40,2026-08-28 19:16:40,IT,Proprietary ERP,B,VIT-002,Vitalis Multivit,Supplement,Vitalis,D2C,1,17.0,EUR,0.0,17.0,17.0
TXN-IT-4-000552,2026-08-28 21:56:15,2026-08-28 21:58:15,IT,Proprietary ERP,B,DER-001,Dermacare GlowSerum,Aesthetic,Dermacare,Wholesale,8,32.0,EUR,0.05,256.0,243.2
TXN-IT-4-000553,2026-08-28 15:35:06,2026-08-28 15:37:06,IT,Proprietary ERP,B,PUR-002,PureLife BP Monitor,Medical Device,PureLife,D2C,8,90.0,EUR,0.2,720.0,576.0
TXN-IT-4-000554,2026-08-28 04:48:22,2026-08-28 04:52:22,IT,Proprietary ERP,B,VIT-001,Vitalis C1000,Supplement,Vitalis,Wholesale,1,21.0,EUR,0.0,21.0,21.0
TXN-IT-4-000555,2026-08-28 15:25:24,2026-08-28 15:26:24,IT,Proprietary ERP,B,SAN-001,SanaPlus PainRelief,OTC,SanaPlus,Pharmacy/B2B,9,9.5,EUR,0.1,85.5,76.95
TXN-IT-4-000556,2026-08-28 05:27:04,2026-08-28 05:29:04,IT,Proprietary ERP,B,SAN-001,SanaPlus PainRelief,OTC,SanaPlus,Pharmacy/B2B,11,9.5,EUR,0.15,104.5,88.83
TXN-IT-4-000557,2026-08-28 02:24:36,2026-08-28 02:25:36,IT,Proprietary ERP,B,PUR-002,PureLife BP Monitor,Medical Device,PureLife,Wholesale,12,90.0,EUR,0.0,1080.0,1080.0
TXN-IT-4-000558,2026-08-28 20:37:27,2026-08-28 20:43:27,IT,Proprietary ERP,B,PUR-002,PureLife BP Monitor,Medical Device,PureLife,E-commerce,9,90.0,EUR,0.15,810.0,688.5
TXN-IT-4-000559,2026-08-28 11:19:11,2026-08-28 11:21:11,IT,Proprietary ERP,B,SAN-002,SanaPlus ColdFlu,OTC,SanaPlus,Pharmacy/B2B,9,10.5,EUR,0.2,94.5,75.6
TXN-IT-4-000560,2026-08-28 17:37:45,2026-08-28 17:41:45,IT,Proprietary ERP,B,VIT-002,Vitalis Multivit,Supplement,Vitalis,Wholesale,11,17.0,EUR,0.0,187.0,187.0
TXN-IT-4-000561,2026-08-28 22:18:34,2026-08-28 22:24:34,IT,Proprietary ERP,B,MED-002,Medora Derm Cream,Prescription,Medora,Pharmacy/B2B,4,26.0,EUR,0.2,104.0,83.2
TXN-IT-4-000562,2026-08-28 08:02:24,2026-08-28 08:07:24,IT,Proprietary ERP,B,PUR-002,PureLife BP Monitor,Medical Device,PureLife,E-commerce,9,90.0,EUR,0.2,810.0,648.0
TXN-IT-4-000563,2026-08-28 00:26:52,2026-08-28 00:30:52,IT,Proprietary ERP,B,PUR-002,PureLife BP Monitor,Medical Device,PureLife,D2C,2,90.0,EUR,0.1,180.0,162.0
TXN-IT-4-000564,2026-08-28 16:59:47,2026-08-28 17:00:47,IT,Proprietary ERP,B,MED-001,Medora Cardio 10mg,Prescription,Medora,E-commerce,11,43.0,EUR,0.0,473.0,473.0
TXN-IT-4-000565,2026-08-28 12:07:58,2026-08-28 12:08:58,IT,Proprietary ERP,B,PUR-002,PureLife BP Monitor,Medical Device,PureLife,Pharmacy/B2B,8,90.0,EUR,0.0,720.0,720.0
TXN-IT-4-000566,2026-08-28 21:41:38,2026-08-28 21:43:38,IT,Proprietary ERP,B,MED-002,Medora Derm Cream,Prescription,Medora,Wholesale,10,26.0,EUR,0.05,260.0,247.0
TXN-IT-4-000567,2026-08-28 09:33:06,2026-08-28 09:39:06,IT,Proprietary ERP,B,DER-001,Dermacare GlowSerum,Aesthetic,Dermacare,E-commerce,8,32.0,EUR,0.15,256.0,217.6
TXN-IT-4-000568,2026-08-28 20:46:29,2026-08-28 20:51:29,IT,Proprietary ERP,B,PUR-001,PureLife GlucoMonitor,Medical Device,PureLife,Wholesale,8,85.0,EUR,0.15,680.0,578.0
TXN-IT-4-000569,2026-08-28 22:19:42,2026-08-28 22:20:42,IT,Proprietary ERP,B,PUR-002,PureLife BP Monitor,Medical Device,PureLife,Pharmacy/B2B,12,90.0,EUR,0.1,1080.0,972.0
TXN-IT-4-000570,2026-08-28 06:09:00,2026-08-28 06:12:00,IT,Proprietary ERP,B,PUR-002,PureLife BP Monitor,Medical Device,PureLife,Pharmacy/B2B,7,90.0,EUR,0.05,630.0,598.5
TXN-IT-4-000571,2026-08-28 14:12:02,2026-08-28 14:18:02,IT,Proprietary ERP,B,SAN-002,SanaPlus ColdFlu,OTC,SanaPlus,E-commerce,4,10.5,EUR,0.2,42.0,33.6
TXN-IT-4-000572,2026-08-28 14:36:36,2026-08-28 14:38:36,IT,Proprietary ERP,B,VIT-002,Vitalis Multivit,Supplement,Vitalis,Pharmacy/B2B,2,17.0,EUR,0.1,34.0,30.6
TXN-IT-4-000573,2026-08-28 23:46:27,2026-08-28 23:51:27,IT,Proprietary ERP,B,DER-001,Dermacare GlowSerum,Aesthetic,Dermacare,D2C,8,32.0,EUR,0.0,256.0,256.0
TXN-IT-4-000574,2026-08-28 10:57:46,2026-08-28 11:01:46,IT,Proprietary ERP,B,DER-002,Dermacare LiftCream,Aesthetic,Dermacare,D2C,11,37.0,EUR,0.2,407.0,325.6
TXN-IT-4-000575,2026-08-28 13:48:03,2026-08-28 13:53:03,IT,Proprietary ERP,B,PUR-001,PureLife GlucoMonitor,Medical Device,PureLife,D2C,1,85.0,EUR,0.15,85.0,72.25
TXN-IT-4-000576,2026-08-28 03:36:49,2026-08-28 03:40:49,IT,Proprietary ERP,B,VIT-001,Vitalis C1000,Supplement,Vitalis,Wholesale,2,21.0,EUR,0.15,42.0,35.7
TXN-IT-4-000577,2026-08-28 10:03:46,2026-08-28 10:08:46,IT,Proprietary ERP,B,MED-002,Medora Derm Cream,Prescription,Medora,D2C,3,26.0,EUR,0.15,78.0,66.3
TXN-IT-4-000578,2026-08-28 04:23:05,2026-08-28 04:25:05,IT,Proprietary ERP,B,PUR-001,PureLife GlucoMonitor,Medical Device,PureLife,Pharmacy/B2B,3,85.0,EUR,0.0,255.0,255.0
TXN-IT-4-000579,2026-08-28 12:12:43,2026-08-28 12:18:43,IT,Proprietary ERP,B,MED-002,Medora Derm Cream,Prescription,Medora,Wholesale,6,26.0,EUR,0.2,156.0,124.8
TXN-IT-4-000580,2026-08-28 01:46:49,2026-08-28 01:51:49,IT,Proprietary ERP,B,SAN-001,SanaPlus PainRelief,OTC,SanaPlus,E-commerce,3,9.5,EUR,0.0,28.5,28.5
TXN-IT-4-000581,2026-08-28 12:09:48,2026-08-28 12:10:48,IT,Proprietary ERP,B,SAN-002,SanaPlus ColdFlu,OTC,SanaPlus,Wholesale,5,10.5,EUR,0.2,52.5,42.0
TXN-IT-4-000582,2026-08-28 09:46:12,2026-08-28 09:49:12,IT,Proprietary ERP,B,SAN-002,SanaPlus ColdFlu,OTC,SanaPlus,Pharmacy/B2B,11,10.5,EUR,0.0,115.5,115.5
TXN-IT-4-000583,2026-08-28 22:34:52,2026-08-28 22:39:52,IT,Proprietary ERP,B,DER-001,Dermacare GlowSerum,Aesthetic,Dermacare,Pharmacy/B2B,10,32.0,EUR,0.0,320.0,320.0
TXN-IT-4-000584,2026-08-28 19:56:07,2026-08-28 20:01:07,IT,Proprietary ERP,B,MED-001,Medora Cardio 10mg,Prescription,Medora,E-commerce,6,43.0,EUR,0.2,258.0,206.4
TXN-IT-4-000585,2026-08-28 10:03:25,2026-08-28 10:04:25,IT,Proprietary ERP,B,SAN-002,SanaPlus ColdFlu,OTC,SanaPlus,Wholesale,8,10.5,EUR,0.2,84.0,67.2
TXN-IT-4-000586,2026-08-28 17:36:14,2026-08-28 17:42:14,IT,Proprietary ERP,B,PUR-002,PureLife BP Monitor,Medical Device,PureLife,Pharmacy/B2B,6,90.0,EUR,0.0,540.0,540.0
TXN-IT-4-000587,2026-08-28 11:22:03,2026-08-28 11:27:03,IT,Proprietary ERP,B,DER-001,Dermacare GlowSerum,Aesthetic,Dermacare,Pharmacy/B2B,2,32.0,EUR,0.0,64.0,64.0
TXN-IT-4-000588,2026-08-28 11:27:44,2026-08-28 11:32:44,IT,Proprietary ERP,B,PUR-001,PureLife GlucoMonitor,Medical Device,PureLife,E-commerce,8,85.0,EUR,0.2,680.0,544.0
TXN-IT-4-000589,2026-08-28 01:13:55,2026-08-28 01:16:55,IT,Proprietary ERP,B,PUR-001,PureLife GlucoMonitor,Medical Device,PureLife,Wholesale,5,85.0,EUR,0.2,425.0,340.0
TXN-IT-4-000590,2026-08-28 08:50:56,2026-08-28 08:52:56,IT,Proprietary ERP,B,VIT-002,Vitalis Multivit,Supplement,Vitalis,D2C,12,17.0,EUR,0.05,204.0,193.8
TXN-IT-4-000591,2026-08-28 11:34:48,2026-08-28 11:40:48,IT,Proprietary ERP,B,SAN-002,SanaPlus ColdFlu,OTC,SanaPlus,D2C,11,10.5,EUR,0.1,115.5,103.95
TXN-IT-4-000592,2026-08-28 19:36:38,2026-08-28 19:39:38,IT,Proprietary ERP,B,DER-002,Dermacare LiftCream,Aesthetic,Dermacare,D2C,6,37.0,EUR,0.0,222.0,222.0
TXN-IT-4-000593,2026-08-28 09:24:03,2026-08-28 09:25:03,IT,Proprietary ERP,B,VIT-002,Vitalis Multivit,Supplement,Vitalis,E-commerce,7,17.0,EUR,0.2,119.0,95.2
TXN-IT-4-000594,2026-08-28 00:34:51,2026-08-28 00:37:51,IT,Proprietary ERP,B,PUR-002,PureLife BP Monitor,Medical Device,PureLife,D2C,4,90.0,EUR,0.2,360.0,288.0
TXN-IT-4-000595,2026-08-28 11:26:33,2026-08-28 11:28:33,IT,Proprietary ERP,B,PUR-002,PureLife BP Monitor,Medical Device,PureLife,E-commerce,4,90.0,EUR,0.0,360.0,360.0
TXN-IT-4-000596,2026-08-28 23:37:03,2026-08-28 23:40:03,IT,Proprietary ERP,B,DER-001,Dermacare GlowSerum,Aesthetic,Dermacare,Pharmacy/B2B,12,32.0,EUR,0.15,384.0,326.4
TXN-IT-4-000597,2026-08-28 03:37:12,2026-08-28 03:40:12,IT,Proprietary ERP,B,VIT-001,Vitalis C1000,Supplement,Vitalis,Wholesale,3,21.0,EUR,0.05,63.0,59.85
TXN-IT-4-000598,2026-08-28 16:26:53,2026-08-28 16:28:53,IT,Proprietary ERP,B,PUR-001,PureLife GlucoMonitor,Medical Device,PureLife,E-commerce,1,85.0,EUR,0.0,85.0,85.0
TXN-IT-4-000599,2026-08-28 14:33:55,2026-08-28 14:36:55,IT,Proprietary ERP,B,MED-001,Medora Cardio 10mg,Prescription,Medora,Wholesale,7,43.0,EUR,0.2,301.0,240.8
TXN-IT-4-000600,2026-08-28 12:55:02,2026-08-28 13:01:02,IT,Proprietary ERP,B,SAN-002,SanaPlus ColdFlu,OTC,SanaPlus,Pharmacy/B2B,4,10.5,EUR,0.1,42.0,37.8
TXN-IT-4-000601,2026-08-28 19:12:53,2026-08-28 19:15:53,IT,Proprietary ERP,B,PUR-001,PureLife GlucoMonitor,Medical Device,PureLife,Wholesale,3,85.0,EUR,0.15,255.0,216.75
TXN-IT-4-000602,2026-08-28 00:19:18,2026-08-28 00:20:18,IT,Proprietary ERP,B,MED-001,Medora Cardio 10mg,Prescription,Medora,Pharmacy/B2B,3,43.0,EUR,0.0,129.0,129.0
TXN-IT-4-000603,2026-08-28 10:25:45,2026-08-28 10:26:45,IT,Proprietary ERP,B,SAN-001,SanaPlus PainRelief,OTC,SanaPlus,E-commerce,3,9.5,EUR,0.0,28.5,28.5
TXN-IT-4-000604,2026-08-28 12:35:35,2026-08-28 12:37:35,IT,Proprietary ERP,B,SAN-002,SanaPlus ColdFlu,OTC,SanaPlus,D2C,11,10.5,EUR,0.05,115.5,109.72
TXN-IT-4-000605,2026-08-28 13:12:08,2026-08-28 13:15:08,IT,Proprietary ERP,B,MED-002,Medora Derm Cream,Prescription,Medora,D2C,12,26.0,EUR,0.0,312.0,312.0
TXN-IT-4-000606,2026-08-28 00:35:49,2026-08-28 00:37:49,IT,Proprietary ERP,B,VIT-002,Vitalis Multivit,Supplement,Vitalis,E-commerce,4,17.0,EUR,0.05,68.0,64.6
TXN-IT-4-000607,2026-08-28 21:46:08,2026-08-28 21:47:08,IT,Proprietary ERP,B,PUR-001,PureLife GlucoMonitor,Medical Device,PureLife,D2C,7,85.0,EUR,0.0,595.0,595.0
TXN-IT-4-000608,2026-08-28 21:18:36,2026-08-28 21:24:36,IT,Proprietary ERP,B,VIT-002,Vitalis Multivit,Supplement,Vitalis,Wholesale,12,17.0,EUR,0.15,204.0,173.4
TXN-IT-4-000609,2026-08-28 16:04:59,2026-08-28 16:07:59,IT,Proprietary ERP,B,PUR-001,PureLife GlucoMonitor,Medical Device,PureLife,D2C,6,85.0,EUR,0.2,510.0,408.0
TXN-IT-4-000610,2026-08-28 17:57:13,2026-08-28 18:01:13,IT,Proprietary ERP,B,PUR-002,PureLife BP Monitor,Medical Device,PureLife,D2C,2,90.0,EUR,0.2,180.0,144.0
TXN-IT-4-000611,2026-08-28 11:24:55,2026-08-28 11:29:55,IT,Proprietary ERP,B,DER-001,Dermacare GlowSerum,Aesthetic,Dermacare,Wholesale,11,32.0,EUR,0.05,352.0,334.4
TXN-IT-4-000612,2026-08-28 12:54:01,2026-08-28 12:55:01,IT,Proprietary ERP,B,MED-002,Medora Derm Cream,Prescription,Medora,Pharmacy/B2B,11,26.0,EUR,0.05,286.0,271.7
TXN-IT-4-000613,2026-08-28 02:46:27,2026-08-28 02:47:27,IT,Proprietary ERP,B,PUR-001,PureLife GlucoMonitor,Medical Device,PureLife,Pharmacy/B2B,3,85.0,EUR,0.2,255.0,204.0
TXN-IT-4-000614,2026-08-28 21:49:22,2026-08-28 21:54:22,IT,Proprietary ERP,B,DER-002,Dermacare LiftCream,Aesthetic,Dermacare,Pharmacy/B2B,7,37.0,EUR,0.1,259.0,233.1
TXN-IT-4-000615,2026-08-28 10:13:27,2026-08-28 10:16:27,IT,Proprietary ERP,B,SAN-002,SanaPlus ColdFlu,OTC,SanaPlus,D2C,11,10.5,EUR,0.0,115.5,115.5
TXN-IT-4-000616,2026-08-28 19:21:08,2026-08-28 19:22:08,IT,Proprietary ERP,B,VIT-001,Vitalis C1000,Supplement,Vitalis,D2C,5,21.0,EUR,0.0,105.0,105.0
TXN-IT-4-000617,2026-08-28 05:07:01,2026-08-28 05:09:01,IT,Proprietary ERP,B,VIT-001,Vitalis C1000,Supplement,Vitalis,Pharmacy/B2B,12,21.0,EUR,0.15,252.0,214.2
TXN-IT-4-000618,2026-08-28 23:41:26,2026-08-28 23:46:26,IT,Proprietary ERP,B,DER-002,Dermacare LiftCream,Aesthetic,Dermacare,Wholesale,11,37.0,EUR,0.0,407.0,407.0
TXN-IT-4-000619,2026-08-28 10:36:49,2026-08-28 10:40:49,IT,Proprietary ERP,B,VIT-001,Vitalis C1000,Supplement,Vitalis,Wholesale,10,21.0,EUR,0.2,210.0,168.0
TXN-IT-4-000620,2026-08-28 07:57:22,2026-08-28 08:00:22,IT,Proprietary ERP,B,DER-002,Dermacare LiftCream,Aesthetic,Dermacare,E-commerce,2,37.0,EUR,0.2,74.0,59.2
TXN-IT-4-000621,2026-08-28 12:08:24,2026-08-28 12:09:24,IT,Proprietary ERP,B,PUR-001,PureLife GlucoMonitor,Medical Device,PureLife,D2C,3,85.0,EUR,0.0,255.0,255.0
TXN-IT-4-000622,2026-08-28 09:14:32,2026-08-28 09:17:32,IT,Proprietary ERP,B,MED-002,Medora Derm Cream,Prescription,Medora,Pharmacy/B2B,1,26.0,EUR,0.1,26.0,23.4
TXN-IT-4-000623,2026-08-28 17:50:55,2026-08-28 17:56:55,IT,Proprietary ERP,B,VIT-002,Vitalis Multivit,Supplement,Vitalis,D2C,3,17.0,EUR,0.0,51.0,51.0
TXN-IT-4-000624,2026-08-28 01:20:38,2026-08-28 01:21:38,IT,Proprietary ERP,B,DER-001,Dermacare GlowSerum,Aesthetic,Dermacare,E-commerce,4,32.0,EUR,0.0,128.0,128.0
TXN-IT-4-000625,2026-08-28 20:19:11,2026-08-28 20:25:11,IT,Proprietary ERP,B,PUR-001,PureLife GlucoMonitor,Medical Device,PureLife,Wholesale,1,85.0,EUR,0.0,85.0,85.0
TXN-IT-4-000626,2026-08-28 01:31:36,2026-08-28 01:35:36,IT,Proprietary ERP,B,PUR-002,PureLife BP Monitor,Medical Device,PureLife,Pharmacy/B2B,2,90.0,EUR,0.2,180.0,144.0
TXN-IT-4-000627,2026-08-28 07:42:21,2026-08-28 07:43:21,IT,Proprietary ERP,B,PUR-002,PureLife BP Monitor,Medical Device,PureLife,D2C,1,90.0,EUR,0.0,90.0,90.0
TXN-IT-4-000628,2026-08-28 13:34:26,2026-08-28 13:36:26,IT,Proprietary ERP,B,MED-001,Medora Cardio 10mg,Prescription,Medora,D2C,12,43.0,EUR,0.15,516.0,438.6
TXN-IT-4-000629,2026-08-28 14:59:02,2026-08-28 15:00:02,IT,Proprietary ERP,B,PUR-001,PureLife GlucoMonitor,Medical Device,PureLife,Wholesale,11,85.0,EUR,0.15,935.0,794.75
TXN-IT-4-000630,2026-08-28 10:26:18,2026-08-28 10:27:18,IT,Proprietary ERP,B,PUR-001,PureLife GlucoMonitor,Medical Device,PureLife,D2C,2,85.0,EUR,0.1,170.0,153.0
TXN-IT-4-000631,2026-08-28 12:54:37,2026-08-28 12:57:37,IT,Proprietary ERP,B,DER-002,Dermacare LiftCream,Aesthetic,Dermacare,D2C,7,37.0,EUR,0.1,259.0,233.1
TXN-IT-4-000632,2026-08-28 09:39:26,2026-08-28 09:43:26,IT,Proprietary ERP,B,VIT-002,Vitalis Multivit,Supplement,Vitalis,E-commerce,8,17.0,EUR,0.2,136.0,108.8
TXN-IT-4-000633,2026-08-28 12:42:45,2026-08-28 12:43:45,IT,Proprietary ERP,B,PUR-002,PureLife BP Monitor,Medical Device,PureLife,Wholesale,11,90.0,EUR,0.15,990.0,841.5
TXN-IT-4-000634,2026-08-28 02:32:30,2026-08-28 02:33:30,IT,Proprietary ERP,B,SAN-001,SanaPlus PainRelief,OTC,SanaPlus,E-commerce,9,9.5,EUR,0.15,85.5,72.67
TXN-IT-4-000635,2026-08-28 19:11:24,2026-08-28 19:13:24,IT,Proprietary ERP,B,VIT-001,Vitalis C1000,Supplement,Vitalis,E-commerce,3,21.0,EUR,0.15,63.0,53.55
TXN-IT-4-000636,2026-08-28 17:02:10,2026-08-28 17:05:10,IT,Proprietary ERP,B,DER-002,Dermacare LiftCream,Aesthetic,Dermacare,Wholesale,12,37.0,EUR,0.0,444.0,444.0
TXN-IT-4-000637,2026-08-28 01:52:53,2026-08-28 01:58:53,IT,Proprietary ERP,B,VIT-002,Vitalis Multivit,Supplement,Vitalis,E-commerce,5,17.0,EUR,0.1,85.0,76.5
TXN-IT-4-000638,2026-08-28 06:17:31,2026-08-28 06:22:31,IT,Proprietary ERP,B,PUR-002,PureLife BP Monitor,Medical Device,PureLife,Pharmacy/B2B,2,90.0,EUR,0.15,180.0,153.0
TXN-IT-4-000639,2026-08-28 19:28:01,2026-08-28 19:30:01,IT,Proprietary ERP,B,DER-002,Dermacare LiftCream,Aesthetic,Dermacare,Wholesale,10,37.0,EUR,0.05,370.0,351.5
TXN-IT-4-000640,2026-08-28 06:21:24,2026-08-28 06:23:24,IT,Proprietary ERP,B,SAN-001,SanaPlus PainRelief,OTC,SanaPlus,Wholesale,1,9.5,EUR,0.2,9.5,7.6
TXN-IT-4-000641,2026-08-28 04:05:58,2026-08-28 04:11:58,IT,Proprietary ERP,B,PUR-002,PureLife BP Monitor,Medical Device,PureLife,E-commerce,1,90.0,EUR,0.1,90.0,81.0
TXN-IT-4-000642,2026-08-28 09:16:40,2026-08-28 09:19:40,IT,Proprietary ERP,B,DER-002,Dermacare LiftCream,Aesthetic,Dermacare,Pharmacy/B2B,10,37.0,EUR,0.0,370.0,370.0
TXN-IT-4-000643,2026-08-28 13:32:38,2026-08-28 13:34:38,IT,Proprietary ERP,B,VIT-001,Vitalis C1000,Supplement,Vitalis,D2C,4,21.0,EUR,0.2,84.0,67.2
TXN-IT-4-000644,2026-08-28 15:18:24,2026-08-28 15:19:24,IT,Proprietary ERP,B,SAN-001,SanaPlus PainRelief,OTC,SanaPlus,Wholesale,7,9.5,EUR,0.2,66.5,53.2
TXN-IT-4-000645,2026-08-28 19:51:11,2026-08-28 19:54:11,IT,Proprietary ERP,B,VIT-001,Vitalis C1000,Supplement,Vitalis,E-commerce,12,21.0,EUR,0.1,252.0,226.8
TXN-IT-4-000646,2026-08-28 20:06:04,2026-08-28 20:11:04,IT,Proprietary ERP,B,VIT-002,Vitalis Multivit,Supplement,Vitalis,Pharmacy/B2B,2,17.0,EUR,0.0,34.0,34.0
TXN-IT-4-000647,2026-08-28 10:45:38,2026-08-28 10:47:38,IT,Proprietary ERP,B,VIT-002,Vitalis Multivit,Supplement,Vitalis,D2C,8,17.0,EUR,0.0,136.0,136.0
TXN-IT-4-000648,2026-08-28 11:27:37,2026-08-28 11:29:37,IT,Proprietary ERP,B,SAN-001,SanaPlus PainRelief,OTC,SanaPlus,E-commerce,5,9.5,EUR,0.0,47.5,47.5
TXN-IT-4-000649,2026-08-28 06:06:28,2026-08-28 06:12:28,IT,Proprietary ERP,B,PUR-002,PureLife BP Monitor,Medical Device,PureLife,E-commerce,8,90.0,EUR,0.1,720.0,648.0
TXN-IT-4-000650,2026-08-28 14:09:55,2026-08-28 14:11:55,IT,Proprietary ERP,B,VIT-001,Vitalis C1000,Supplement,Vitalis,Pharmacy/B2B,2,21.0,EUR,0.2,42.0,33.6
TXN-IT-4-000651,2026-08-28 18:41:16,2026-08-28 18:44:16,IT,Proprietary ERP,B,MED-002,Medora Derm Cream,Prescription,Medora,E-commerce,11,26.0,EUR,0.0,286.0,286.0
TXN-IT-4-000652,2026-08-28 23:35:05,2026-08-28 23:40:05,IT,Proprietary ERP,B,VIT-002,Vitalis Multivit,Supplement,Vitalis,E-commerce,5,17.0,EUR,0.2,85.0,68.0
TXN-IT-4-000653,2026-08-28 07:15:29,2026-08-28 07:21:29,IT,Proprietary ERP,B,DER-002,Dermacare LiftCream,Aesthetic,Dermacare,D2C,6,37.0,EUR,0.0,222.0,222.0
TXN-IT-4-000654,2026-08-28 17:33:31,2026-08-28 17:36:31,IT,Proprietary ERP,B,PUR-001,PureLife GlucoMonitor,Medical Device,PureLife,E-commerce,5,85.0,EUR,0.2,425.0,340.0
TXN-IT-4-000655,2026-08-28 10:46:08,2026-08-28 10:51:08,IT,Proprietary ERP,B,VIT-002,Vitalis Multivit,Supplement,Vitalis,D2C,6,17.0,EUR,0.15,102.0,86.7
TXN-IT-4-000656,2026-08-28 21:47:19,2026-08-28 21:52:19,IT,Proprietary ERP,B,DER-001,Dermacare GlowSerum,Aesthetic,Dermacare,Pharmacy/B2B,10,32.0,EUR,0.0,320.0,320.0
TXN-IT-4-000657,2026-08-28 00:01:02,2026-08-28 00:03:02,IT,Proprietary ERP,B,PUR-001,PureLife GlucoMonitor,Medical Device,PureLife,Wholesale,12,85.0,EUR,0.15,1020.0,867.0
TXN-IT-4-000658,2026-08-28 08:35:49,2026-08-28 08:36:49,IT,Proprietary ERP,B,DER-002,Dermacare LiftCream,Aesthetic,Dermacare,E-commerce,2,37.0,EUR,0.0,74.0,74.0
TXN-IT-4-000659,2026-08-28 05:53:37,2026-08-28 05:57:37,IT,Proprietary ERP,B,PUR-002,PureLife BP Monitor,Medical Device,PureLife,D2C,6,90.0,EUR,0.0,540.0,540.0
TXN-IT-4-000660,2026-08-28 13:52:22,2026-08-28 13:56:22,IT,Proprietary ERP,B,SAN-002,SanaPlus ColdFlu,OTC,SanaPlus,D2C,12,10.5,EUR,0.0,126.0,126.0
TXN-IT-4-000661,2026-08-28 12:00:54,2026-08-28 12:04:54,IT,Proprietary ERP,B,DER-001,Dermacare GlowSerum,Aesthetic,Dermacare,D2C,4,32.0,EUR,0.2,128.0,102.4
TXN-IT-4-000662,2026-08-28 09:45:03,2026-08-28 09:48:03,IT,Proprietary ERP,B,VIT-002,Vitalis Multivit,Supplement,Vitalis,D2C,7,17.0,EUR,0.05,119.0,113.05
TXN-IT-4-000663,2026-08-28 09:10:37,2026-08-28 09:15:37,IT,Proprietary ERP,B,PUR-001,PureLife GlucoMonitor,Medical Device,PureLife,Pharmacy/B2B,3,85.0,EUR,0.0,255.0,255.0
TXN-IT-4-000664,2026-08-28 05:33:55,2026-08-28 05:36:55,IT,Proprietary ERP,B,PUR-002,PureLife BP Monitor,Medical Device,PureLife,Wholesale,11,90.0,EUR,0.0,990.0,990.0
TXN-IT-4-000665,2026-08-28 12:15:48,2026-08-28 12:19:48,IT,Proprietary ERP,B,MED-002,Medora Derm Cream,Prescription,Medora,D2C,8,26.0,EUR,0.05,208.0,197.6
TXN-IT-4-000666,2026-08-28 18:44:03,2026-08-28 18:48:03,IT,Proprietary ERP,B,VIT-001,Vitalis C1000,Supplement,Vitalis,D2C,10,21.0,EUR,0.2,210.0,168.0
TXN-IT-4-000667,2026-08-28 19:27:34,2026-08-28 19:29:34,IT,Proprietary ERP,B,DER-001,Dermacare GlowSerum,Aesthetic,Dermacare,Wholesale,8,32.0,EUR,0.0,256.0,256.0
TXN-IT-4-000668,2026-08-28 07:40:32,2026-08-28 07:45:32,IT,Proprietary ERP,B,VIT-002,Vitalis Multivit,Supplement,Vitalis,E-commerce,1,17.0,EUR,0.15,17.0,14.45
TXN-IT-4-000669,2026-08-28 00:29:42,2026-08-28 00:31:42,IT,Proprietary ERP,B,SAN-001,SanaPlus PainRelief,OTC,SanaPlus,D2C,7,9.5,EUR,0.0,66.5,66.5
TXN-IT-4-000670,2026-08-28 17:55:12,2026-08-28 18:00:12,IT,Proprietary ERP,B,MED-002,Medora Derm Cream,Prescription,Medora,Pharmacy/B2B,11,26.0,EUR,0.0,286.0,286.0
TXN-IT-4-000671,2026-08-28 05:36:28,2026-08-28 05:39:28,IT,Proprietary ERP,B,DER-001,Dermacare GlowSerum,Aesthetic,Dermacare,D2C,8,32.0,EUR,0.15,256.0,217.6
TXN-IT-4-000672,2026-08-28 09:15:09,2026-08-28 09:16:09,IT,Proprietary ERP,B,MED-001,Medora Cardio 10mg,Prescription,Medora,Pharmacy/B2B,6,43.0,EUR,0.05,258.0,245.1
TXN-IT-4-000673,2026-08-28 03:40:42,2026-08-28 03:44:42,IT,Proprietary ERP,B,MED-002,Medora Derm Cream,Prescription,Medora,D2C,7,26.0,EUR,0.0,182.0,182.0
TXN-IT-4-000674,2026-08-28 19:08:24,2026-08-28 19:12:24,IT,Proprietary ERP,B,MED-001,Medora Cardio 10mg,Prescription,Medora,Wholesale,11,43.0,EUR,0.0,473.0,473.0
TXN-IT-4-000675,2026-08-28 16:49:22,2026-08-28 16:54:22,IT,Proprietary ERP,B,PUR-001,PureLife GlucoMonitor,Medical Device,PureLife,Wholesale,1,85.0,EUR,0.1,85.0,76.5
TXN-IT-4-000676,2026-08-28 13:36:19,2026-08-28 13:38:19,IT,Proprietary ERP,B,VIT-001,Vitalis C1000,Supplement,Vitalis,E-commerce,3,21.0,EUR,0.1,63.0,56.7
TXN-IT-4-000677,2026-08-28 15:30:58,2026-08-28 15:36:58,IT,Proprietary ERP,B,VIT-001,Vitalis C1000,Supplement,Vitalis,E-commerce,5,21.0,EUR,0.15,105.0,89.25
TXN-IT-4-000678,2026-08-28 02:02:13,2026-08-28 02:08:13,IT,Proprietary ERP,B,PUR-002,PureLife BP Monitor,Medical Device,PureLife,Pharmacy/B2B,1,90.0,EUR,0.0,90.0,90.0
TXN-IT-4-000679,2026-08-28 14:32:06,2026-08-28 14:34:06,IT,Proprietary ERP,B,VIT-002,Vitalis Multivit,Supplement,Vitalis,D2C,12,17.0,EUR,0.0,204.0,204.0
TXN-IT-4-000680,2026-08-28 13:57:37,2026-08-28 14:00:37,IT,Proprietary ERP,B,MED-001,Medora Cardio 10mg,Prescription,Medora,D2C,4,43.0,EUR,0.0,172.0,172.0
TXN-IT-4-000681,2026-08-28 01:07:21,2026-08-28 01:11:21,IT,Proprietary ERP,B,MED-001,Medora Cardio 10mg,Prescription,Medora,D2C,9,43.0,EUR,0.05,387.0,367.65
TXN-IT-4-000682,2026-08-28 20:33:04,2026-08-28 20:35:04,IT,Proprietary ERP,B,SAN-002,SanaPlus ColdFlu,OTC,SanaPlus,Wholesale,3,10.5,EUR,0.0,31.5,31.5
TXN-IT-4-000683,2026-08-28 11:12:48,2026-08-28 11:16:48,IT,Proprietary ERP,B,PUR-002,PureLife BP Monitor,Medical Device,PureLife,Wholesale,5,90.0,EUR,0.05,450.0,427.5
TXN-IT-4-000684,2026-08-28 21:10:36,2026-08-28 21:16:36,IT,Proprietary ERP,B,MED-001,Medora Cardio 10mg,Prescription,Medora,Pharmacy/B2B,10,43.0,EUR,0.0,430.0,430.0
TXN-IT-4-000685,2026-08-28 18:11:19,2026-08-28 18:16:19,IT,Proprietary ERP,B,SAN-002,SanaPlus ColdFlu,OTC,SanaPlus,Pharmacy/B2B,2,10.5,EUR,0.0,21.0,21.0
TXN-IT-4-000686,2026-08-28 14:18:06,2026-08-28 14:23:06,IT,Proprietary ERP,B,DER-001,Dermacare GlowSerum,Aesthetic,Dermacare,Wholesale,3,32.0,EUR,0.05,96.0,91.2
TXN-IT-4-000687,2026-08-28 00:24:56,2026-08-28 00:29:56,IT,Proprietary ERP,B,VIT-002,Vitalis Multivit,Supplement,Vitalis,E-commerce,4,17.0,EUR,0.0,68.0,68.0
TXN-IT-4-000688,2026-08-28 16:01:34,2026-08-28 16:03:34,IT,Proprietary ERP,B,DER-001,Dermacare GlowSerum,Aesthetic,Dermacare,Pharmacy/B2B,3,32.0,EUR,0.0,96.0,96.0
TXN-IT-4-000689,2026-08-28 17:40:19,2026-08-28 17:44:19,IT,Proprietary ERP,B,PUR-001,PureLife GlucoMonitor,Medical Device,PureLife,Wholesale,5,85.0,EUR,0.2,425.0,340.0
TXN-IT-4-000690,2026-08-28 15:16:24,2026-08-28 15:22:24,IT,Proprietary ERP,B,MED-002,Medora Derm Cream,Prescription,Medora,Wholesale,3,26.0,EUR,0.2,78.0,62.4
TXN-IT-4-000691,2026-08-28 06:05:54,2026-08-28 06:11:54,IT,Proprietary ERP,B,SAN-001,SanaPlus PainRelief,OTC,SanaPlus,Wholesale,10,9.5,EUR,0.0,95.0,95.0
TXN-IT-4-000692,2026-08-28 20:12:01,2026-08-28 20:15:01,IT,Proprietary ERP,B,VIT-001,Vitalis C1000,Supplement,Vitalis,E-commerce,9,21.0,EUR,0.15,189.0,160.65
TXN-IT-4-000693,2026-08-28 06:23:26,2026-08-28 06:25:26,IT,Proprietary ERP,B,DER-001,Dermacare GlowSerum,Aesthetic,Dermacare,D2C,7,32.0,EUR,0.05,224.0,212.8
TXN-IT-4-000694,2026-08-28 23:34:26,2026-08-28 23:37:26,IT,Proprietary ERP,B,SAN-001,SanaPlus PainRelief,OTC,SanaPlus,E-commerce,1,9.5,EUR,0.2,9.5,7.6
TXN-IT-4-000695,2026-08-28 00:36:10,2026-08-28 00:39:10,IT,Proprietary ERP,B,VIT-002,Vitalis Multivit,Supplement,Vitalis,Wholesale,9,17.0,EUR,0.0,153.0,153.0
TXN-IT-4-000696,2026-08-28 09:20:34,2026-08-28 09:23:34,IT,Proprietary ERP,B,MED-002,Medora Derm Cream,Prescription,Medora,E-commerce,11,26.0,EUR,0.1,286.0,257.4
TXN-IT-4-000697,2026-08-28 17:05:36,2026-08-28 17:09:36,IT,Proprietary ERP,B,VIT-001,Vitalis C1000,Supplement,Vitalis,D2C,9,21.0,EUR,0.0,189.0,189.0
TXN-IT-4-000698,2026-08-28 01:34:22,2026-08-28 01:36:22,IT,Proprietary ERP,B,DER-002,Dermacare LiftCream,Aesthetic,Dermacare,D2C,10,37.0,EUR,0.05,370.0,351.5
TXN-IT-4-000699,2026-08-28 11:26:48,2026-08-28 11:29:48,IT,Proprietary ERP,B,VIT-002,Vitalis Multivit,Supplement,Vitalis,D2C,2,17.0,EUR,0.0,34.0,34.0
TXN-IT-4-000700,2026-08-28 03:14:01,2026-08-28 03:16:01,IT,Proprietary ERP,B,VIT-001,Vitalis C1000,Supplement,Vitalis,Pharmacy/B2B,5,21.0,EUR,0.2,105.0,84.0
TXN-IT-4-000701,2026-08-28 01:39:12,2026-08-28 01:41:12,IT,Proprietary ERP,B,DER-002,Dermacare LiftCream,Aesthetic,Dermacare,E-commerce,3,37.0,EUR,0.1,111.0,99.9
TXN-IT-4-000702,2026-08-28 02:26:10,2026-08-28 02:32:10,IT,Proprietary ERP,B,SAN-001,SanaPlus PainRelief,OTC,SanaPlus,Wholesale,8,9.5,EUR,0.0,76.0,76.0
TXN-IT-4-000703,2026-08-28 12:02:32,2026-08-28 12:06:32,IT,Proprietary ERP,B,SAN-002,SanaPlus ColdFlu,OTC,SanaPlus,Wholesale,6,10.5,EUR,0.15,63.0,53.55
TXN-IT-4-000704,2026-08-28 08:51:07,2026-08-28 08:54:07,IT,Proprietary ERP,B,DER-001,Dermacare GlowSerum,Aesthetic,Dermacare,E-commerce,11,32.0,EUR,0.0,352.0,352.0
TXN-IT-4-000705,2026-08-28 19:08:10,2026-08-28 19:13:10,IT,Proprietary ERP,B,PUR-001,PureLife GlucoMonitor,Medical Device,PureLife,E-commerce,9,85.0,EUR,0.0,765.0,765.0
TXN-IT-4-000706,2026-08-28 08:30:53,2026-08-28 08:34:53,IT,Proprietary ERP,B,PUR-001,PureLife GlucoMonitor,Medical Device,PureLife,E-commerce,4,85.0,EUR,0.15,340.0,289.0
TXN-IT-4-000707,2026-08-28 14:10:41,2026-08-28 14:13:41,IT,Proprietary ERP,B,VIT-001,Vitalis C1000,Supplement,Vitalis,Pharmacy/B2B,9,21.0,EUR,0.0,189.0,189.0
TXN-IT-4-000708,2026-08-28 17:38:21,2026-08-28 17:41:21,IT,Proprietary ERP,B,SAN-001,SanaPlus PainRelief,OTC,SanaPlus,Pharmacy/B2B,2,9.5,EUR,0.05,19.0,18.05
TXN-IT-4-000709,2026-08-28 06:32:07,2026-08-28 06:36:07,IT,Proprietary ERP,B,VIT-002,Vitalis Multivit,Supplement,Vitalis,Wholesale,1,17.0,EUR,0.15,17.0,14.45
TXN-IT-4-000710,2026-08-28 06:14:23,2026-08-28 06:18:23,IT,Proprietary ERP,B,VIT-002,Vitalis Multivit,Supplement,Vitalis,Pharmacy/B2B,12,17.0,EUR,0.15,204.0,173.4
TXN-IT-4-000711,2026-08-28 04:00:18,2026-08-28 04:02:18,IT,Proprietary ERP,B,DER-002,Dermacare LiftCream,Aesthetic,Dermacare,D2C,10,37.0,EUR,0.0,370.0,370.0
TXN-IT-4-000712,2026-08-28 22:35:56,2026-08-28 22:39:56,IT,Proprietary ERP,B,DER-001,Dermacare GlowSerum,Aesthetic,Dermacare,E-commerce,5,32.0,EUR,0.0,160.0,160.0
TXN-IT-4-000713,2026-08-28 05:08:39,2026-08-28 05:14:39,IT,Proprietary ERP,B,SAN-001,SanaPlus PainRelief,OTC,SanaPlus,D2C,12,9.5,EUR,0.1,114.0,102.6
TXN-IT-4-000714,2026-08-28 20:43:03,2026-08-28 20:46:03,IT,Proprietary ERP,B,PUR-002,PureLife BP Monitor,Medical Device,PureLife,Wholesale,8,90.0,EUR,0.05,720.0,684.0
TXN-IT-4-000715,2026-08-28 23:19:56,2026-08-28 23:23:56,IT,Proprietary ERP,B,MED-002,Medora Derm Cream,Prescription,Medora,Wholesale,2,26.0,EUR,0.0,52.0,52.0
TXN-IT-4-000716,2026-08-28 01:56:32,2026-08-28 01:58:32,IT,Proprietary ERP,B,MED-002,Medora Derm Cream,Prescription,Medora,D2C,12,26.0,EUR,0.0,312.0,312.0
TXN-IT-4-000717,2026-08-28 03:44:09,2026-08-28 03:49:09,IT,Proprietary ERP,B,DER-002,Dermacare LiftCream,Aesthetic,Dermacare,E-commerce,5,37.0,EUR,0.2,185.0,148.0
TXN-IT-4-000718,2026-08-28 13:36:35,2026-08-28 13:40:35,IT,Proprietary ERP,B,DER-002,Dermacare LiftCream,Aesthetic,Dermacare,Pharmacy/B2B,1,37.0,EUR,0.05,37.0,35.15
TXN-IT-4-000719,2026-08-28 20:24:13,2026-08-28 20:25:13,IT,Proprietary ERP,B,SAN-002,SanaPlus ColdFlu,OTC,SanaPlus,Pharmacy/B2B,9,10.5,EUR,0.1,94.5,85.05
TXN-IT-4-000720,2026-08-28 05:04:09,2026-08-28 05:10:09,IT,Proprietary ERP,B,MED-002,Medora Derm Cream,Prescription,Medora,Wholesale,9,26.0,EUR,0.2,234.0,187.2
TXN-IT-4-000721,2026-08-28 22:33:50,2026-08-28 22:34:50,IT,Proprietary ERP,B,DER-002,Dermacare LiftCream,Aesthetic,Dermacare,Pharmacy/B2B,11,37.0,EUR,0.2,407.0,325.6
TXN-IT-4-000722,2026-08-28 21:28:43,2026-08-28 21:34:43,IT,Proprietary ERP,B,MED-002,Medora Derm Cream,Prescription,Medora,Wholesale,1,26.0,EUR,0.0,26.0,26.0
TXN-IT-4-000723,2026-08-28 23:19:25,2026-08-28 23:22:25,IT,Proprietary ERP,B,SAN-001,SanaPlus PainRelief,OTC,SanaPlus,Wholesale,5,9.5,EUR,0.05,47.5,45.12
TXN-IT-4-000724,2026-08-28 03:17:43,2026-08-28 03:18:43,IT,Proprietary ERP,B,PUR-001,PureLife GlucoMonitor,Medical Device,PureLife,E-commerce,9,85.0,EUR,0.15,765.0,650.25
TXN-IT-4-000725,2026-08-28 00:16:19,2026-08-28 00:21:19,IT,Proprietary ERP,B,MED-002,Medora Derm Cream,Prescription,Medora,Pharmacy/B2B,3,26.0,EUR,0.05,78.0,74.1
TXN-IT-4-000726,2026-08-28 21:45:06,2026-08-28 21:47:06,IT,Proprietary ERP,B,DER-001,Dermacare GlowSerum,Aesthetic,Dermacare,Wholesale,10,32.0,EUR,0.1,320.0,288.0
TXN-IT-4-000727,2026-08-28 05:09:50,2026-08-28 05:14:50,IT,Proprietary ERP,B,SAN-002,SanaPlus ColdFlu,OTC,SanaPlus,Pharmacy/B2B,12,10.5,EUR,0.2,126.0,100.8
TXN-IT-4-000728,2026-08-28 08:47:02,2026-08-28 08:52:02,IT,Proprietary ERP,B,PUR-001,PureLife GlucoMonitor,Medical Device,PureLife,E-commerce,1,85.0,EUR,0.2,85.0,68.0
TXN-IT-4-000729,2026-08-28 00:19:42,2026-08-28 00:21:42,IT,Proprietary ERP,B,PUR-001,PureLife GlucoMonitor,Medical Device,PureLife,D2C,5,85.0,EUR,0.0,425.0,425.0
TXN-IT-4-000730,2026-08-28 02:42:35,2026-08-28 02:48:35,IT,Proprietary ERP,B,VIT-002,Vitalis Multivit,Supplement,Vitalis,E-commerce,1,17.0,EUR,0.0,17.0,17.0
TXN-IT-4-000731,2026-08-28 17:02:46,2026-08-28 17:08:46,IT,Proprietary ERP,B,MED-002,Medora Derm Cream,Prescription,Medora,E-commerce,12,26.0,EUR,0.0,312.0,312.0
TXN-IT-4-000732,2026-08-28 10:12:13,2026-08-28 10:14:13,IT,Proprietary ERP,B,PUR-002,PureLife BP Monitor,Medical Device,PureLife,E-commerce,12,90.0,EUR,0.05,1080.0,1026.0
TXN-IT-4-000733,2026-08-28 08:42:13,2026-08-28 08:46:13,IT,Proprietary ERP,B,SAN-001,SanaPlus PainRelief,OTC,SanaPlus,Wholesale,7,9.5,EUR,0.2,66.5,53.2
TXN-IT-4-000734,2026-08-28 20:58:31,2026-08-28 21:00:31,IT,Proprietary ERP,B,DER-002,Dermacare LiftCream,Aesthetic,Dermacare,Pharmacy/B2B,7,37.0,EUR,0.0,259.0,259.0
TXN-IT-4-000735,2026-08-28 09:26:34,2026-08-28 09:32:34,IT,Proprietary ERP,B,VIT-001,Vitalis C1000,Supplement,Vitalis,D2C,7,21.0,EUR,0.0,147.0,147.0
TXN-IT-4-000736,2026-08-28 06:02:37,2026-08-28 06:03:37,IT,Proprietary ERP,B,SAN-001,SanaPlus PainRelief,OTC,SanaPlus,Wholesale,2,9.5,EUR,0.05,19.0,18.05
TXN-IT-4-000737,2026-08-28 15:23:11,2026-08-28 15:28:11,IT,Proprietary ERP,B,DER-002,Dermacare LiftCream,Aesthetic,Dermacare,Pharmacy/B2B,4,37.0,EUR,0.0,148.0,148.0
TXN-IT-4-000738,2026-08-28 22:13:57,2026-08-28 22:16:57,IT,Proprietary ERP,B,SAN-001,SanaPlus PainRelief,OTC,SanaPlus,D2C,5,9.5,EUR,0.0,47.5,47.5
TXN-IT-4-000739,2026-08-28 05:49:05,2026-08-28 05:51:05,IT,Proprietary ERP,B,DER-002,Dermacare LiftCream,Aesthetic,Dermacare,E-commerce,11,37.0,EUR,0.0,407.0,407.0
TXN-IT-4-000740,2026-08-28 21:16:11,2026-08-28 21:20:11,IT,Proprietary ERP,B,VIT-001,Vitalis C1000,Supplement,Vitalis,E-commerce,2,21.0,EUR,0.15,42.0,35.7
TXN-IT-4-000741,2026-08-28 19:38:17,2026-08-28 19:39:17,IT,Proprietary ERP,B,MED-002,Medora Derm Cream,Prescription,Medora,D2C,3,26.0,EUR,0.1,78.0,70.2
TXN-IT-4-000742,2026-08-28 22:44:01,2026-08-28 22:48:01,IT,Proprietary ERP,B,PUR-001,PureLife GlucoMonitor,Medical Device,PureLife,E-commerce,7,85.0,EUR,0.0,595.0,595.0
TXN-IT-4-000743,2026-08-28 20:15:02,2026-08-28 20:16:02,IT,Proprietary ERP,B,SAN-002,SanaPlus ColdFlu,OTC,SanaPlus,E-commerce,3,10.5,EUR,0.2,31.5,25.2
TXN-IT-4-000744,2026-08-28 18:47:06,2026-08-28 18:52:06,IT,Proprietary ERP,B,VIT-001,Vitalis C1000,Supplement,Vitalis,Pharmacy/B2B,5,21.0,EUR,0.15,105.0,89.25
TXN-IT-4-000745,2026-08-28 22:16:31,2026-08-28 22:20:31,IT,Proprietary ERP,B,DER-002,Dermacare LiftCream,Aesthetic,Dermacare,Wholesale,4,37.0,EUR,0.1,148.0,133.2
TXN-IT-4-000746,2026-08-28 01:54:29,2026-08-28 01:55:29,IT,Proprietary ERP,B,VIT-002,Vitalis Multivit,Supplement,Vitalis,Wholesale,9,17.0,EUR,0.0,153.0,153.0
TXN-IT-4-000747,2026-08-28 15:13:15,2026-08-28 15:16:15,IT,Proprietary ERP,B,PUR-001,PureLife GlucoMonitor,Medical Device,PureLife,D2C,2,85.0,EUR,0.0,170.0,170.0
TXN-IT-4-000748,2026-08-28 14:25:27,2026-08-28 14:30:27,IT,Proprietary ERP,B,VIT-001,Vitalis C1000,Supplement,Vitalis,E-commerce,8,21.0,EUR,0.05,168.0,159.6
TXN-IT-4-000749,2026-08-28 09:20:26,2026-08-28 09:21:26,IT,Proprietary ERP,B,PUR-002,PureLife BP Monitor,Medical Device,PureLife,Pharmacy/B2B,2,90.0,EUR,0.1,180.0,162.0
TXN-IT-4-000750,2026-08-28 02:08:12,2026-08-28 02:13:12,IT,Proprietary ERP,B,DER-002,Dermacare LiftCream,Aesthetic,Dermacare,Pharmacy/B2B,11,37.0,EUR,0.0,407.0,407.0
TXN-IT-4-000751,2026-08-28 16:02:23,2026-08-28 16:08:23,IT,Proprietary ERP,B,MED-002,Medora Derm Cream,Prescription,Medora,Wholesale,1,26.0,EUR,0.1,26.0,23.4
TXN-IT-4-000752,2026-08-28 17:25:12,2026-08-28 17:31:12,IT,Proprietary ERP,B,VIT-002,Vitalis Multivit,Supplement,Vitalis,Pharmacy/B2B,6,17.0,EUR,0.0,102.0,102.0
TXN-IT-4-000753,2026-08-28 02:41:41,2026-08-28 02:44:41,IT,Proprietary ERP,B,PUR-002,PureLife BP Monitor,Medical Device,PureLife,Wholesale,1,90.0,EUR,0.2,90.0,72.0
TXN-IT-4-000754,2026-08-28 17:02:15,2026-08-28 17:07:15,IT,Proprietary ERP,B,VIT-002,Vitalis Multivit,Supplement,Vitalis,Wholesale,11,17.0,EUR,0.0,187.0,187.0
TXN-IT-4-000755,2026-08-28 19:25:06,2026-08-28 19:28:06,IT,Proprietary ERP,B,PUR-002,PureLife BP Monitor,Medical Device,PureLife,D2C,10,90.0,EUR,0.05,900.0,855.0
TXN-IT-4-000756,2026-08-28 18:14:15,2026-08-28 18:16:15,IT,Proprietary ERP,B,MED-002,Medora Derm Cream,Prescription,Medora,D2C,2,26.0,EUR,0.0,52.0,52.0
TXN-IT-4-000757,2026-08-28 17:24:31,2026-08-28 17:27:31,IT,Proprietary ERP,B,PUR-002,PureLife BP Monitor,Medical Device,PureLife,E-commerce,6,90.0,EUR,0.15,540.0,459.0
TXN-IT-4-000758,2026-08-28 16:32:21,2026-08-28 16:33:21,IT,Proprietary ERP,B,SAN-001,SanaPlus PainRelief,OTC,SanaPlus,E-commerce,1,9.5,EUR,0.0,9.5,9.5
TXN-IT-4-000759,2026-08-28 01:24:46,2026-08-28 01:30:46,IT,Proprietary ERP,B,SAN-001,SanaPlus PainRelief,OTC,SanaPlus,D2C,6,9.5,EUR,0.2,57.0,45.6
TXN-IT-4-000760,2026-08-28 14:58:51,2026-08-28 15:02:51,IT,Proprietary ERP,B,DER-002,Dermacare LiftCream,Aesthetic,Dermacare,E-commerce,10,37.0,EUR,0.0,370.0,370.0
TXN-IT-4-000761,2026-08-28 23:40:19,2026-08-28 23:41:19,IT,Proprietary ERP,B,PUR-002,PureLife BP Monitor,Medical Device,PureLife,Wholesale,8,90.0,EUR,0.0,720.0,720.0
TXN-IT-4-000762,2026-08-28 08:15:27,2026-08-28 08:16:27,IT,Proprietary ERP,B,VIT-001,Vitalis C1000,Supplement,Vitalis,Wholesale,3,21.0,EUR,0.05,63.0,59.85
TXN-IT-4-000763,2026-08-28 03:23:20,2026-08-28 03:24:20,IT,Proprietary ERP,B,DER-001,Dermacare GlowSerum,Aesthetic,Dermacare,Wholesale,10,32.0,EUR,0.2,320.0,256.0
TXN-IT-4-000764,2026-08-28 12:34:09,2026-08-28 12:35:09,IT,Proprietary ERP,B,DER-002,Dermacare LiftCream,Aesthetic,Dermacare,Wholesale,2,37.0,EUR,0.2,74.0,59.2
TXN-IT-4-000765,2026-08-28 05:21:49,2026-08-28 05:24:49,IT,Proprietary ERP,B,PUR-001,PureLife GlucoMonitor,Medical Device,PureLife,Pharmacy/B2B,2,85.0,EUR,0.0,170.0,170.0
TXN-IT-4-000766,2026-08-28 01:55:16,2026-08-28 01:59:16,IT,Proprietary ERP,B,PUR-002,PureLife BP Monitor,Medical Device,PureLife,Pharmacy/B2B,5,90.0,EUR,0.0,450.0,450.0
TXN-IT-4-000767,2026-08-28 14:06:07,2026-08-28 14:10:07,IT,Proprietary ERP,B,DER-002,Dermacare LiftCream,Aesthetic,Dermacare,Wholesale,9,37.0,EUR,0.0,333.0,333.0
TXN-IT-4-000768,2026-08-28 13:10:06,2026-08-28 13:12:06,IT,Proprietary ERP,B,PUR-001,PureLife GlucoMonitor,Medical Device,PureLife,Pharmacy/B2B,2,85.0,EUR,0.0,170.0,170.0
TXN-IT-4-000769,2026-08-28 21:07:52,2026-08-28 21:10:52,IT,Proprietary ERP,B,DER-002,Dermacare LiftCream,Aesthetic,Dermacare,Wholesale,8,37.0,EUR,0.0,296.0,296.0
TXN-IT-4-000770,2026-08-28 03:36:10,2026-08-28 03:37:10,IT,Proprietary ERP,B,MED-002,Medora Derm Cream,Prescription,Medora,Pharmacy/B2B,10,26.0,EUR,0.05,260.0,247.0
TXN-IT-4-000771,2026-08-28 05:20:16,2026-08-28 05:21:16,IT,Proprietary ERP,B,DER-001,Dermacare GlowSerum,Aesthetic,Dermacare,D2C,1,32.0,EUR,0.2,32.0,25.6
TXN-IT-4-000772,2026-08-28 21:50:52,2026-08-28 21:55:52,IT,Proprietary ERP,B,DER-002,Dermacare LiftCream,Aesthetic,Dermacare,Pharmacy/B2B,3,37.0,EUR,0.15,111.0,94.35
TXN-IT-4-000773,2026-08-28 18:12:47,2026-08-28 18:17:47,IT,Proprietary ERP,B,SAN-001,SanaPlus PainRelief,OTC,SanaPlus,Wholesale,5,9.5,EUR,0.0,47.5,47.5
TXN-IT-4-000774,2026-08-28 12:09:58,2026-08-28 12:12:58,IT,Proprietary ERP,B,VIT-002,Vitalis Multivit,Supplement,Vitalis,Pharmacy/B2B,6,17.0,EUR,0.2,102.0,81.6
TXN-IT-4-000775,2026-08-28 00:04:25,2026-08-28 00:08:25,IT,Proprietary ERP,B,PUR-001,PureLife GlucoMonitor,Medical Device,PureLife,D2C,12,85.0,EUR,0.05,1020.0,969.0
TXN-IT-4-000776,2026-08-28 10:45:14,2026-08-28 10:51:14,IT,Proprietary ERP,B,PUR-002,PureLife BP Monitor,Medical Device,PureLife,Pharmacy/B2B,8,90.0,EUR,0.05,720.0,684.0
TXN-IT-4-000777,2026-08-28 07:33:22,2026-08-28 07:34:22,IT,Proprietary ERP,B,DER-001,Dermacare GlowSerum,Aesthetic,Dermacare,E-commerce,1,32.0,EUR,0.05,32.0,30.4
TXN-IT-4-000778,2026-08-28 04:58:15,2026-08-28 05:02:15,IT,Proprietary ERP,B,SAN-001,SanaPlus PainRelief,OTC,SanaPlus,E-commerce,3,9.5,EUR,0.2,28.5,22.8
TXN-IT-4-000779,2026-08-28 22:29:05,2026-08-28 22:31:05,IT,Proprietary ERP,B,VIT-001,Vitalis C1000,Supplement,Vitalis,Pharmacy/B2B,2,21.0,EUR,0.15,42.0,35.7
TXN-IT-4-000780,2026-08-28 10:07:06,2026-08-28 10:10:06,IT,Proprietary ERP,B,VIT-002,Vitalis Multivit,Supplement,Vitalis,Wholesale,5,17.0,EUR,0.0,85.0,85.0
TXN-IT-4-000781,2026-08-28 23:40:17,2026-08-28 23:41:17,IT,Proprietary ERP,B,VIT-001,Vitalis C1000,Supplement,Vitalis,D2C,5,21.0,EUR,0.0,105.0,105.0
TXN-IT-4-000782,2026-08-28 14:24:48,2026-08-28 14:30:48,IT,Proprietary ERP,B,SAN-001,SanaPlus PainRelief,OTC,SanaPlus,D2C,11,9.5,EUR,0.0,104.5,104.5
TXN-IT-4-000783,2026-08-28 20:05:14,2026-08-28 20:11:14,IT,Proprietary ERP,B,PUR-002,PureLife BP Monitor,Medical Device,PureLife,Pharmacy/B2B,3,90.0,EUR,0.0,270.0,270.0
TXN-IT-4-000784,2026-08-28 16:25:23,2026-08-28 16:30:23,IT,Proprietary ERP,B,SAN-002,SanaPlus ColdFlu,OTC,SanaPlus,E-commerce,1,10.5,EUR,0.0,10.5,10.5
TXN-IT-4-000785,2026-08-28 00:21:21,2026-08-28 00:26:21,IT,Proprietary ERP,B,VIT-001,Vitalis C1000,Supplement,Vitalis,Wholesale,5,21.0,EUR,0.0,105.0,105.0
TXN-IT-4-000786,2026-08-28 21:56:26,2026-08-28 22:00:26,IT,Proprietary ERP,B,DER-001,Dermacare GlowSerum,Aesthetic,Dermacare,Pharmacy/B2B,2,32.0,EUR,0.0,64.0,64.0
TXN-IT-4-000787,2026-08-28 00:00:15,2026-08-28 00:03:15,IT,Proprietary ERP,B,DER-001,Dermacare GlowSerum,Aesthetic,Dermacare,D2C,8,32.0,EUR,0.2,256.0,204.8
TXN-IT-4-000788,2026-08-28 05:04:53,2026-08-28 05:10:53,IT,Proprietary ERP,B,MED-001,Medora Cardio 10mg,Prescription,Medora,E-commerce,1,43.0,EUR,0.05,43.0,40.85
TXN-IT-4-000789,2026-08-28 21:38:46,2026-08-28 21:41:46,IT,Proprietary ERP,B,SAN-002,SanaPlus ColdFlu,OTC,SanaPlus,Pharmacy/B2B,5,10.5,EUR,0.2,52.5,42.0
TXN-IT-4-000790,2026-08-28 20:42:29,2026-08-28 20:47:29,IT,Proprietary ERP,B,DER-002,Dermacare LiftCream,Aesthetic,Dermacare,E-commerce,3,37.0,EUR,0.2,111.0,88.8
TXN-IT-4-000791,2026-08-28 06:38:58,2026-08-28 06:43:58,IT,Proprietary ERP,B,MED-002,Medora Derm Cream,Prescription,Medora,Wholesale,6,26.0,EUR,0.0,156.0,156.0
TXN-IT-4-000792,2026-08-28 02:07:27,2026-08-28 02:08:27,IT,Proprietary ERP,B,PUR-002,PureLife BP Monitor,Medical Device,PureLife,Pharmacy/B2B,5,90.0,EUR,0.2,450.0,360.0
TXN-IT-4-000793,2026-08-28 21:54:54,2026-08-28 21:55:54,IT,Proprietary ERP,B,DER-002,Dermacare LiftCream,Aesthetic,Dermacare,Wholesale,12,37.0,EUR,0.05,444.0,421.8
TXN-IT-4-000794,2026-08-28 17:42:42,2026-08-28 17:43:42,IT,Proprietary ERP,B,SAN-001,SanaPlus PainRelief,OTC,SanaPlus,E-commerce,7,9.5,EUR,0.0,66.5,66.5
TXN-IT-4-000795,2026-08-28 17:22:04,2026-08-28 17:23:04,IT,Proprietary ERP,B,SAN-002,SanaPlus ColdFlu,OTC,SanaPlus,Wholesale,9,10.5,EUR,0.0,94.5,94.5
TXN-IT-4-000796,2026-08-28 14:12:17,2026-08-28 14:16:17,IT,Proprietary ERP,B,SAN-001,SanaPlus PainRelief,OTC,SanaPlus,Pharmacy/B2B,1,9.5,EUR,0.0,9.5,9.5
TXN-IT-4-000797,2026-08-28 23:36:46,2026-08-28 23:37:46,IT,Proprietary ERP,B,PUR-001,PureLife GlucoMonitor,Medical Device,PureLife,Wholesale,5,85.0,EUR,0.0,425.0,425.0
TXN-IT-4-000798,2026-08-28 07:41:58,2026-08-28 07:45:58,IT,Proprietary ERP,B,SAN-001,SanaPlus PainRelief,OTC,SanaPlus,D2C,6,9.5,EUR,0.05,57.0,54.15
TXN-IT-4-000799,2026-08-28 05:38:23,2026-08-28 05:41:23,IT,Proprietary ERP,B,SAN-001,SanaPlus PainRelief,OTC,SanaPlus,E-commerce,3,9.5,EUR,0.05,28.5,27.07
TXN-IT-4-000800,2026-08-28 12:48:44,2026-08-28 12:54:44,IT,Proprietary ERP,B,MED-001,Medora Cardio 10mg,Prescription,Medora,Wholesale,4,43.0,EUR,0.0,172.0,172.0
TXN-IT-4-000801,2026-08-28 11:01:41,2026-08-28 11:04:41,IT,Proprietary ERP,B,MED-002,Medora Derm Cream,Prescription,Medora,Wholesale,8,26.0,EUR,0.15,208.0,176.8
TXN-IT-4-000802,2026-08-28 06:18:08,2026-08-28 06:23:08,IT,Proprietary ERP,B,SAN-001,SanaPlus PainRelief,OTC,SanaPlus,D2C,6,9.5,EUR,0.0,57.0,57.0
TXN-IT-4-000803,2026-08-28 13:10:23,2026-08-28 13:16:23,IT,Proprietary ERP,B,VIT-001,Vitalis C1000,Supplement,Vitalis,D2C,7,21.0,EUR,0.15,147.0,124.95
TXN-IT-4-000804,2026-08-28 03:36:52,2026-08-28 03:37:52,IT,Proprietary ERP,B,VIT-002,Vitalis Multivit,Supplement,Vitalis,Wholesale,10,17.0,EUR,0.0,170.0,170.0
TXN-IT-4-000805,2026-08-28 14:45:35,2026-08-28 14:51:35,IT,Proprietary ERP,B,VIT-001,Vitalis C1000,Supplement,Vitalis,Wholesale,6,21.0,EUR,0.0,126.0,126.0
TXN-IT-4-000806,2026-08-28 19:14:59,2026-08-28 19:18:59,IT,Proprietary ERP,B,SAN-002,SanaPlus ColdFlu,OTC,SanaPlus,Pharmacy/B2B,7,10.5,EUR,0.0,73.5,73.5
TXN-IT-4-000807,2026-08-28 21:26:26,2026-08-28 21:31:26,IT,Proprietary ERP,B,SAN-002,SanaPlus ColdFlu,OTC,SanaPlus,E-commerce,4,10.5,EUR,0.15,42.0,35.7
TXN-IT-4-000808,2026-08-28 05:03:51,2026-08-28 05:09:51,IT,Proprietary ERP,B,PUR-002,PureLife BP Monitor,Medical Device,PureLife,Wholesale,6,90.0,EUR,0.15,540.0,459.0
TXN-IT-4-000809,2026-08-28 00:21:24,2026-08-28 00:23:24,IT,Proprietary ERP,B,PUR-002,PureLife BP Monitor,Medical Device,PureLife,Pharmacy/B2B,1,90.0,EUR,0.05,90.0,85.5
TXN-IT-4-000810,2026-08-28 21:58:05,2026-08-28 22:02:05,IT,Proprietary ERP,B,SAN-001,SanaPlus PainRelief,OTC,SanaPlus,E-commerce,7,9.5,EUR,0.0,66.5,66.5
TXN-IT-4-000811,2026-08-28 21:01:31,2026-08-28 21:05:31,IT,Proprietary ERP,B,DER-002,Dermacare LiftCream,Aesthetic,Dermacare,Wholesale,4,37.0,EUR,0.0,148.0,148.0
TXN-IT-4-000812,2026-08-28 12:27:53,2026-08-28 12:32:53,IT,Proprietary ERP,B,DER-001,Dermacare GlowSerum,Aesthetic,Dermacare,E-commerce,3,32.0,EUR,0.0,96.0,96.0
TXN-IT-4-000813,2026-08-28 01:09:35,2026-08-28 01:14:35,IT,Proprietary ERP,B,VIT-001,Vitalis C1000,Supplement,Vitalis,Pharmacy/B2B,9,21.0,EUR,0.0,189.0,189.0
TXN-IT-4-000814,2026-08-28 07:02:15,2026-08-28 07:03:15,IT,Proprietary ERP,B,SAN-002,SanaPlus ColdFlu,OTC,SanaPlus,Pharmacy/B2B,6,10.5,EUR,0.0,63.0,63.0
TXN-IT-4-000815,2026-08-28 20:43:52,2026-08-28 20:46:52,IT,Proprietary ERP,B,DER-002,Dermacare LiftCream,Aesthetic,Dermacare,D2C,12,37.0,EUR,0.2,444.0,355.2
TXN-IT-4-000816,2026-08-28 05:01:44,2026-08-28 05:06:44,IT,Proprietary ERP,B,PUR-001,PureLife GlucoMonitor,Medical Device,PureLife,Pharmacy/B2B,1,85.0,EUR,0.15,85.0,72.25
TXN-IT-4-000817,2026-08-28 01:27:02,2026-08-28 01:31:02,IT,Proprietary ERP,B,VIT-002,Vitalis Multivit,Supplement,Vitalis,E-commerce,10,17.0,EUR,0.15,170.0,144.5
TXN-IT-4-000818,2026-08-28 22:20:31,2026-08-28 22:22:31,IT,Proprietary ERP,B,MED-001,Medora Cardio 10mg,Prescription,Medora,Pharmacy/B2B,3,43.0,EUR,0.15,129.0,109.65
TXN-IT-4-000819,2026-08-28 17:18:25,2026-08-28 17:22:25,IT,Proprietary ERP,B,DER-001,Dermacare GlowSerum,Aesthetic,Dermacare,Pharmacy/B2B,3,32.0,EUR,0.0,96.0,96.0
TXN-IT-4-000820,2026-08-28 09:32:22,2026-08-28 09:34:22,IT,Proprietary ERP,B,MED-002,Medora Derm Cream,Prescription,Medora,D2C,8,26.0,EUR,0.0,208.0,208.0
TXN-IT-4-000821,2026-08-28 22:34:14,2026-08-28 22:37:14,IT,Proprietary ERP,B,SAN-002,SanaPlus ColdFlu,OTC,SanaPlus,Pharmacy/B2B,2,10.5,EUR,0.0,21.0,21.0
TXN-IT-4-000822,2026-08-28 09:54:33,2026-08-28 09:56:33,IT,Proprietary ERP,B,DER-001,Dermacare GlowSerum,Aesthetic,Dermacare,Pharmacy/B2B,12,32.0,EUR,0.15,384.0,326.4
TXN-IT-4-000823,2026-08-28 13:51:43,2026-08-28 13:52:43,IT,Proprietary ERP,B,DER-002,Dermacare LiftCream,Aesthetic,Dermacare,Wholesale,12,37.0,EUR,0.15,444.0,377.4
TXN-IT-4-000824,2026-08-28 04:32:30,2026-08-28 04:34:30,IT,Proprietary ERP,B,MED-002,Medora Derm Cream,Prescription,Medora,E-commerce,2,26.0,EUR,0.0,52.0,52.0
TXN-IT-4-000825,2026-08-28 07:19:18,2026-08-28 07:23:18,IT,Proprietary ERP,B,DER-001,Dermacare GlowSerum,Aesthetic,Dermacare,E-commerce,3,32.0,EUR,0.0,96.0,96.0
TXN-IT-4-000826,2026-08-28 15:40:48,2026-08-28 15:46:48,IT,Proprietary ERP,B,VIT-002,Vitalis Multivit,Supplement,Vitalis,E-commerce,8,17.0,EUR,0.15,136.0,115.6
TXN-IT-4-000827,2026-08-28 05:07:46,2026-08-28 05:13:46,IT,Proprietary ERP,B,SAN-002,SanaPlus ColdFlu,OTC,SanaPlus,E-commerce,11,10.5,EUR,0.05,115.5,109.72
TXN-IT-4-000828,2026-08-28 15:33:36,2026-08-28 15:37:36,IT,Proprietary ERP,B,SAN-002,SanaPlus ColdFlu,OTC,SanaPlus,Pharmacy/B2B,4,10.5,EUR,0.0,42.0,42.0
TXN-IT-4-000829,2026-08-28 11:48:55,2026-08-28 11:49:55,IT,Proprietary ERP,B,MED-001,Medora Cardio 10mg,Prescription,Medora,E-commerce,1,43.0,EUR,0.2,43.0,34.4
TXN-IT-4-000830,2026-08-28 00:05:56,2026-08-28 00:11:56,IT,Proprietary ERP,B,DER-002,Dermacare LiftCream,Aesthetic,Dermacare,Wholesale,8,37.0,EUR,0.0,296.0,296.0
TXN-IT-4-000831,2026-08-28 01:42:56,2026-08-28 01:43:56,IT,Proprietary ERP,B,MED-001,Medora Cardio 10mg,Prescription,Medora,Wholesale,4,43.0,EUR,0.0,172.0,172.0
TXN-IT-4-000832,2026-08-28 18:10:07,2026-08-28 18:12:07,IT,Proprietary ERP,B,VIT-002,Vitalis Multivit,Supplement,Vitalis,D2C,3,17.0,EUR,0.15,51.0,43.35
TXN-IT-4-000833,2026-08-28 00:55:17,2026-08-28 00:57:17,IT,Proprietary ERP,B,MED-001,Medora Cardio 10mg,Prescription,Medora,D2C,11,43.0,EUR,0.0,473.0,473.0
TXN-IT-4-000834,2026-08-28 04:50:56,2026-08-28 04:53:56,IT,Proprietary ERP,B,DER-002,Dermacare LiftCream,Aesthetic,Dermacare,D2C,2,37.0,EUR,0.15,74.0,62.9
TXN-IT-4-000835,2026-08-28 06:41:42,2026-08-28 06:45:42,IT,Proprietary ERP,B,SAN-002,SanaPlus ColdFlu,OTC,SanaPlus,D2C,4,10.5,EUR,0.05,42.0,39.9
TXN-IT-4-000836,2026-08-28 13:37:13,2026-08-28 13:43:13,IT,Proprietary ERP,B,SAN-001,SanaPlus PainRelief,OTC,SanaPlus,E-commerce,7,9.5,EUR,0.1,66.5,59.85
TXN-IT-4-000837,2026-08-28 22:25:15,2026-08-28 22:30:15,IT,Proprietary ERP,B,PUR-001,PureLife GlucoMonitor,Medical Device,PureLife,D2C,6,85.0,EUR,0.0,510.0,510.0
TXN-IT-4-000838,2026-08-28 20:26:33,2026-08-28 20:28:33,IT,Proprietary ERP,B,DER-002,Dermacare LiftCream,Aesthetic,Dermacare,E-commerce,11,37.0,EUR,0.15,407.0,345.95
TXN-IT-4-000839,2026-08-28 16:06:42,2026-08-28 16:10:42,IT,Proprietary ERP,B,PUR-002,PureLife BP Monitor,Medical Device,PureLife,D2C,7,90.0,EUR,0.0,630.0,630.0
TXN-IT-4-000840,2026-08-28 20:47:09,2026-08-28 20:49:09,IT,Proprietary ERP,B,SAN-001,SanaPlus PainRelief,OTC,SanaPlus,Wholesale,5,9.5,EUR,0.2,47.5,38.0
TXN-IT-4-000841,2026-08-28 01:29:19,2026-08-28 01:30:19,IT,Proprietary ERP,B,MED-001,Medora Cardio 10mg,Prescription,Medora,Pharmacy/B2B,5,43.0,EUR,0.0,215.0,215.0
TXN-IT-4-000842,2026-08-28 06:04:26,2026-08-28 06:05:26,IT,Proprietary ERP,B,VIT-001,Vitalis C1000,Supplement,Vitalis,Pharmacy/B2B,6,21.0,EUR,0.1,126.0,113.4
TXN-IT-4-000843,2026-08-28 13:32:31,2026-08-28 13:34:31,IT,Proprietary ERP,B,DER-001,Dermacare GlowSerum,Aesthetic,Dermacare,D2C,5,32.0,EUR,0.0,160.0,160.0
TXN-IT-4-000844,2026-08-28 07:39:24,2026-08-28 07:42:24,IT,Proprietary ERP,B,PUR-002,PureLife BP Monitor,Medical Device,PureLife,E-commerce,10,90.0,EUR,0.05,900.0,855.0
TXN-IT-4-000845,2026-08-28 13:04:25,2026-08-28 13:06:25,IT,Proprietary ERP,B,PUR-002,PureLife BP Monitor,Medical Device,PureLife,Wholesale,12,90.0,EUR,0.05,1080.0,1026.0
TXN-IT-4-000846,2026-08-28 10:46:18,2026-08-28 10:48:18,IT,Proprietary ERP,B,VIT-001,Vitalis C1000,Supplement,Vitalis,E-commerce,5,21.0,EUR,0.0,105.0,105.0
TXN-IT-4-000847,2026-08-28 17:53:50,2026-08-28 17:56:50,IT,Proprietary ERP,B,VIT-002,Vitalis Multivit,Supplement,Vitalis,Wholesale,2,17.0,EUR,0.0,34.0,34.0
TXN-IT-4-000848,2026-08-28 15:54:50,2026-08-28 16:00:50,IT,Proprietary ERP,B,MED-002,Medora Derm Cream,Prescription,Medora,Pharmacy/B2B,12,26.0,EUR,0.15,312.0,265.2
TXN-IT-4-000849,2026-08-28 10:50:23,2026-08-28 10:52:23,IT,Proprietary ERP,B,VIT-002,Vitalis Multivit,Supplement,Vitalis,E-commerce,11,17.0,EUR,0.0,187.0,187.0
TXN-IT-4-000850,2026-08-28 09:18:14,2026-08-28 09:24:14,IT,Proprietary ERP,B,VIT-002,Vitalis Multivit,Supplement,Vitalis,D2C,4,17.0,EUR,0.1,68.0,61.2
TXN-IT-4-000851,2026-08-28 18:35:05,2026-08-28 18:37:05,IT,Proprietary ERP,B,PUR-001,PureLife GlucoMonitor,Medical Device,PureLife,D2C,4,85.0,EUR,0.2,340.0,272.0
TXN-IT-4-000852,2026-08-28 10:46:43,2026-08-28 10:48:43,IT,Proprietary ERP,B,DER-001,Dermacare GlowSerum,Aesthetic,Dermacare,E-commerce,1,32.0,EUR,0.0,32.0,32.0
TXN-IT-4-000853,2026-08-28 13:05:30,2026-08-28 13:09:30,IT,Proprietary ERP,B,DER-002,Dermacare LiftCream,Aesthetic,Dermacare,D2C,1,37.0,EUR,0.2,37.0,29.6
TXN-IT-4-000854,2026-08-28 20:50:16,2026-08-28 20:56:16,IT,Proprietary ERP,B,MED-001,Medora Cardio 10mg,Prescription,Medora,D2C,11,43.0,EUR,0.1,473.0,425.7
TXN-IT-4-000855,2026-08-28 14:53:16,2026-08-28 14:58:16,IT,Proprietary ERP,B,MED-001,Medora Cardio 10mg,Prescription,Medora,E-commerce,11,43.0,EUR,0.05,473.0,449.35
TXN-IT-4-000856,2026-08-28 02:25:31,2026-08-28 02:27:31,IT,Proprietary ERP,B,PUR-002,PureLife BP Monitor,Medical Device,PureLife,Pharmacy/B2B,8,90.0,EUR,0.05,720.0,684.0
TXN-IT-4-000857,2026-08-28 18:19:43,2026-08-28 18:21:43,IT,Proprietary ERP,B,PUR-001,PureLife GlucoMonitor,Medical Device,PureLife,D2C,2,85.0,EUR,0.0,170.0,170.0
TXN-IT-4-000858,2026-08-28 07:06:31,2026-08-28 07:10:31,IT,Proprietary ERP,B,MED-002,Medora Derm Cream,Prescription,Medora,Pharmacy/B2B,2,26.0,EUR,0.2,52.0,41.6
TXN-IT-4-000859,2026-08-28 07:39:44,2026-08-28 07:43:44,IT,Proprietary ERP,B,PUR-002,PureLife BP Monitor,Medical Device,PureLife,Wholesale,10,90.0,EUR,0.0,900.0,900.0
TXN-IT-4-000860,2026-08-28 20:25:27,2026-08-28 20:26:27,IT,Proprietary ERP,B,DER-001,Dermacare GlowSerum,Aesthetic,Dermacare,Pharmacy/B2B,10,32.0,EUR,0.2,320.0,256.0
TXN-IT-4-000861,2026-08-28 01:42:15,2026-08-28 01:43:15,IT,Proprietary ERP,B,SAN-002,SanaPlus ColdFlu,OTC,SanaPlus,D2C,3,10.5,EUR,0.0,31.5,31.5
TXN-IT-4-000862,2026-08-28 15:12:41,2026-08-28 15:15:41,IT,Proprietary ERP,B,PUR-002,PureLife BP Monitor,Medical Device,PureLife,Wholesale,7,90.0,EUR,0.05,630.0,598.5
TXN-IT-4-000863,2026-08-28 10:54:56,2026-08-28 10:59:56,IT,Proprietary ERP,B,PUR-001,PureLife GlucoMonitor,Medical Device,PureLife,D2C,5,85.0,EUR,0.0,425.0,425.0
TXN-IT-4-000864,2026-08-28 05:27:56,2026-08-28 05:28:56,IT,Proprietary ERP,B,VIT-002,Vitalis Multivit,Supplement,Vitalis,Pharmacy/B2B,8,17.0,EUR,0.0,136.0,136.0
TXN-IT-4-000865,2026-08-28 13:18:49,2026-08-28 13:24:49,IT,Proprietary ERP,B,PUR-001,PureLife GlucoMonitor,Medical Device,PureLife,D2C,4,85.0,EUR,0.05,340.0,323.0
TXN-IT-4-000866,2026-08-28 15:45:39,2026-08-28 15:48:39,IT,Proprietary ERP,B,SAN-002,SanaPlus ColdFlu,OTC,SanaPlus,Wholesale,8,10.5,EUR,0.05,84.0,79.8
TXN-IT-4-000867,2026-08-28 05:39:21,2026-08-28 05:41:21,IT,Proprietary ERP,B,MED-001,Medora Cardio 10mg,Prescription,Medora,D2C,1,43.0,EUR,0.0,43.0,43.0
TXN-IT-4-000868,2026-08-28 02:09:41,2026-08-28 02:12:41,IT,Proprietary ERP,B,MED-002,Medora Derm Cream,Prescription,Medora,Pharmacy/B2B,1,26.0,EUR,0.15,26.0,22.1
TXN-IT-4-000869,2026-08-28 01:31:47,2026-08-28 01:32:47,IT,Proprietary ERP,B,MED-001,Medora Cardio 10mg,Prescription,Medora,E-commerce,6,43.0,EUR,0.0,258.0,258.0
TXN-IT-4-000870,2026-08-28 06:26:40,2026-08-28 06:29:40,IT,Proprietary ERP,B,PUR-001,PureLife GlucoMonitor,Medical Device,PureLife,Pharmacy/B2B,4,85.0,EUR,0.1,340.0,306.0
TXN-IT-4-000871,2026-08-28 15:05:17,2026-08-28 15:07:17,IT,Proprietary ERP,B,VIT-002,Vitalis Multivit,Supplement,Vitalis,Pharmacy/B2B,8,17.0,EUR,0.2,136.0,108.8
TXN-IT-4-000872,2026-08-28 17:56:23,2026-08-28 18:00:23,IT,Proprietary ERP,B,VIT-002,Vitalis Multivit,Supplement,Vitalis,E-commerce,2,17.0,EUR,0.0,34.0,34.0
TXN-IT-4-000873,2026-08-28 22:48:37,2026-08-28 22:52:37,IT,Proprietary ERP,B,MED-002,Medora Derm Cream,Prescription,Medora,D2C,7,26.0,EUR,0.1,182.0,163.8
TXN-IT-4-000874,2026-08-28 07:08:10,2026-08-28 07:14:10,IT,Proprietary ERP,B,PUR-001,PureLife GlucoMonitor,Medical Device,PureLife,Pharmacy/B2B,10,85.0,EUR,0.0,850.0,850.0
TXN-IT-4-000875,2026-08-28 04:53:23,2026-08-28 04:56:23,IT,Proprietary ERP,B,SAN-001,SanaPlus PainRelief,OTC,SanaPlus,D2C,12,9.5,EUR,0.1,114.0,102.6
TXN-IT-4-000876,2026-08-28 07:51:14,2026-08-28 07:52:14,IT,Proprietary ERP,B,DER-001,Dermacare GlowSerum,Aesthetic,Dermacare,E-commerce,12,32.0,EUR,0.2,384.0,307.2
TXN-IT-4-000877,2026-08-28 02:45:52,2026-08-28 02:49:52,IT,Proprietary ERP,B,VIT-002,Vitalis Multivit,Supplement,Vitalis,E-commerce,12,17.0,EUR,0.0,204.0,204.0
TXN-IT-4-000878,2026-08-28 08:31:42,2026-08-28 08:32:42,IT,Proprietary ERP,B,DER-001,Dermacare GlowSerum,Aesthetic,Dermacare,D2C,2,32.0,EUR,0.05,64.0,60.8
TXN-IT-4-000879,2026-08-28 16:40:39,2026-08-28 16:45:39,IT,Proprietary ERP,B,VIT-001,Vitalis C1000,Supplement,Vitalis,D2C,2,21.0,EUR,0.0,42.0,42.0
TXN-IT-4-000880,2026-08-28 17:51:53,2026-08-28 17:52:53,IT,Proprietary ERP,B,VIT-002,Vitalis Multivit,Supplement,Vitalis,D2C,9,17.0,EUR,0.05,153.0,145.35
TXN-IT-4-000881,2026-08-28 23:12:57,2026-08-28 23:17:57,IT,Proprietary ERP,B,MED-002,Medora Derm Cream,Prescription,Medora,Wholesale,5,26.0,EUR,0.2,130.0,104.0
TXN-IT-4-000882,2026-08-28 17:54:15,2026-08-28 17:59:15,IT,Proprietary ERP,B,MED-002,Medora Derm Cream,Prescription,Medora,D2C,6,26.0,EUR,0.0,156.0,156.0
TXN-IT-4-000883,2026-08-28 11:44:10,2026-08-28 11:46:10,IT,Proprietary ERP,B,MED-001,Medora Cardio 10mg,Prescription,Medora,E-commerce,2,43.0,EUR,0.1,86.0,77.4
TXN-IT-4-000884,2026-08-28 08:18:06,2026-08-28 08:24:06,IT,Proprietary ERP,B,SAN-001,SanaPlus PainRelief,OTC,SanaPlus,Pharmacy/B2B,4,9.5,EUR,0.0,38.0,38.0
TXN-IT-4-000885,2026-08-28 18:49:36,2026-08-28 18:50:36,IT,Proprietary ERP,B,PUR-001,PureLife GlucoMonitor,Medical Device,PureLife,Pharmacy/B2B,12,85.0,EUR,0.2,1020.0,816.0
TXN-IT-4-000886,2026-08-28 04:15:59,2026-08-28 04:19:59,IT,Proprietary ERP,B,DER-001,Dermacare GlowSerum,Aesthetic,Dermacare,D2C,8,32.0,EUR,0.0,256.0,256.0
TXN-IT-4-000887,2026-08-28 23:05:33,2026-08-28 23:09:33,IT,Proprietary ERP,B,PUR-002,PureLife BP Monitor,Medical Device,PureLife,D2C,5,90.0,EUR,0.0,450.0,450.0
TXN-IT-4-000888,2026-08-28 12:19:31,2026-08-28 12:24:31,IT,Proprietary ERP,B,MED-002,Medora Derm Cream,Prescription,Medora,D2C,12,26.0,EUR,0.2,312.0,249.6
TXN-IT-4-000889,2026-08-28 21:46:33,2026-08-28 21:51:33,IT,Proprietary ERP,B,DER-002,Dermacare LiftCream,Aesthetic,Dermacare,E-commerce,6,37.0,EUR,0.15,222.0,188.7
TXN-IT-4-000890,2026-08-28 11:23:57,2026-08-28 11:26:57,IT,Proprietary ERP,B,VIT-001,Vitalis C1000,Supplement,Vitalis,E-commerce,11,21.0,EUR,0.0,231.0,231.0
TXN-IT-4-000891,2026-08-28 06:41:21,2026-08-28 06:45:21,IT,Proprietary ERP,B,SAN-001,SanaPlus PainRelief,OTC,SanaPlus,E-commerce,6,9.5,EUR,0.0,57.0,57.0
TXN-IT-4-000892,2026-08-28 06:06:57,2026-08-28 06:09:57,IT,Proprietary ERP,B,VIT-001,Vitalis C1000,Supplement,Vitalis,E-commerce,4,21.0,EUR,0.2,84.0,67.2
TXN-IT-4-000893,2026-08-28 04:40:58,2026-08-28 04:41:58,IT,Proprietary ERP,B,DER-001,Dermacare GlowSerum,Aesthetic,Dermacare,Pharmacy/B2B,7,32.0,EUR,0.1,224.0,201.6
TXN-IT-4-000894,2026-08-28 15:32:35,2026-08-28 15:33:35,IT,Proprietary ERP,B,MED-001,Medora Cardio 10mg,Prescription,Medora,D2C,1,43.0,EUR,0.2,43.0,34.4
TXN-IT-4-000895,2026-08-28 22:41:06,2026-08-28 22:42:06,IT,Proprietary ERP,B,VIT-002,Vitalis Multivit,Supplement,Vitalis,Pharmacy/B2B,2,17.0,EUR,0.1,34.0,30.6
TXN-IT-4-000896,2026-08-28 14:43:33,2026-08-28 14:49:33,IT,Proprietary ERP,B,VIT-001,Vitalis C1000,Supplement,Vitalis,Pharmacy/B2B,3,21.0,EUR,0.15,63.0,53.55
TXN-IT-4-000897,2026-08-28 19:13:24,2026-08-28 19:16:24,IT,Proprietary ERP,B,MED-002,Medora Derm Cream,Prescription,Medora,D2C,5,26.0,EUR,0.0,130.0,130.0
TXN-IT-4-000898,2026-08-28 18:47:47,2026-08-28 18:48:47,IT,Proprietary ERP,B,MED-002,Medora Derm Cream,Prescription,Medora,Wholesale,3,26.0,EUR,0.05,78.0,74.1
TXN-IT-4-000899,2026-08-28 22:30:54,2026-08-28 22:35:54,IT,Proprietary ERP,B,VIT-001,Vitalis C1000,Supplement,Vitalis,Wholesale,7,21.0,EUR,0.15,147.0,124.95
TXN-IT-4-000900,2026-08-28 16:30:50,2026-08-28 16:32:50,IT,Proprietary ERP,B,DER-001,Dermacare GlowSerum,Aesthetic,Dermacare,D2C,10,32.0,EUR,0.0,320.0,320.0
TXN-IT-4-000901,2026-08-28 01:42:26,2026-08-28 01:47:26,IT,Proprietary ERP,B,PUR-001,PureLife GlucoMonitor,Medical Device,PureLife,E-commerce,7,85.0,EUR,0.1,595.0,535.5
TXN-IT-4-000902,2026-08-28 11:25:52,2026-08-28 11:29:52,IT,Proprietary ERP,B,VIT-002,Vitalis Multivit,Supplement,Vitalis,E-commerce,8,17.0,EUR,0.15,136.0,115.6
TXN-IT-4-000903,2026-08-28 04:03:32,2026-08-28 04:06:32,IT,Proprietary ERP,B,SAN-001,SanaPlus PainRelief,OTC,SanaPlus,Pharmacy/B2B,2,9.5,EUR,0.15,19.0,16.15
TXN-IT-4-000904,2026-08-28 18:30:31,2026-08-28 18:35:31,IT,Proprietary ERP,B,SAN-002,SanaPlus ColdFlu,OTC,SanaPlus,Wholesale,6,10.5,EUR,0.1,63.0,56.7
TXN-IT-4-000905,2026-08-28 08:44:40,2026-08-28 08:45:40,IT,Proprietary ERP,B,MED-001,Medora Cardio 10mg,Prescription,Medora,D2C,3,43.0,EUR,0.15,129.0,109.65
TXN-IT-4-000906,2026-08-28 07:56:58,2026-08-28 07:58:58,IT,Proprietary ERP,B,PUR-001,PureLife GlucoMonitor,Medical Device,PureLife,D2C,11,85.0,EUR,0.0,935.0,935.0
TXN-IT-4-000907,2026-08-28 08:42:01,2026-08-28 08:47:01,IT,Proprietary ERP,B,PUR-002,PureLife BP Monitor,Medical Device,PureLife,Wholesale,4,90.0,EUR,0.15,360.0,306.0
TXN-IT-4-000908,2026-08-28 07:51:29,2026-08-28 07:54:29,IT,Proprietary ERP,B,PUR-001,PureLife GlucoMonitor,Medical Device,PureLife,Pharmacy/B2B,5,85.0,EUR,0.2,425.0,340.0
TXN-IT-4-000909,2026-08-28 03:11:57,2026-08-28 03:15:57,IT,Proprietary ERP,B,DER-002,Dermacare LiftCream,Aesthetic,Dermacare,Wholesale,5,37.0,EUR,0.0,185.0,185.0
TXN-IT-4-000910,2026-08-28 01:38:32,2026-08-28 01:42:32,IT,Proprietary ERP,B,PUR-001,PureLife GlucoMonitor,Medical Device,PureLife,Wholesale,5,85.0,EUR,0.0,425.0,425.0
TXN-IT-4-000911,2026-08-28 22:08:39,2026-08-28 22:12:39,IT,Proprietary ERP,B,DER-002,Dermacare LiftCream,Aesthetic,Dermacare,Wholesale,8,37.0,EUR,0.05,296.0,281.2
TXN-IT-4-000912,2026-08-28 09:50:11,2026-08-28 09:54:11,IT,Proprietary ERP,B,MED-002,Medora Derm Cream,Prescription,Medora,D2C,3,26.0,EUR,0.0,78.0,78.0
TXN-IT-4-000913,2026-08-28 17:15:00,2026-08-28 17:21:00,IT,Proprietary ERP,B,VIT-001,Vitalis C1000,Supplement,Vitalis,D2C,5,21.0,EUR,0.1,105.0,94.5
TXN-IT-4-000914,2026-08-28 04:32:26,2026-08-28 04:33:26,IT,Proprietary ERP,B,PUR-002,PureLife BP Monitor,Medical Device,PureLife,E-commerce,7,90.0,EUR,0.0,630.0,630.0
TXN-IT-4-000915,2026-08-28 07:27:05,2026-08-28 07:28:05,IT,Proprietary ERP,B,PUR-001,PureLife GlucoMonitor,Medical Device,PureLife,Pharmacy/B2B,4,85.0,EUR,0.05,340.0,323.0
TXN-IT-4-000916,2026-08-28 13:00:20,2026-08-28 13:05:20,IT,Proprietary ERP,B,SAN-001,SanaPlus PainRelief,OTC,SanaPlus,Wholesale,12,9.5,EUR,0.05,114.0,108.3
TXN-IT-4-000917,2026-08-28 12:16:38,2026-08-28 12:20:38,IT,Proprietary ERP,B,VIT-002,Vitalis Multivit,Supplement,Vitalis,D2C,11,17.0,EUR,0.0,187.0,187.0
TXN-IT-4-000918,2026-08-28 01:59:41,2026-08-28 02:04:41,IT,Proprietary ERP,B,VIT-001,Vitalis C1000,Supplement,Vitalis,Wholesale,1,21.0,EUR,0.2,21.0,16.8
TXN-IT-4-000919,2026-08-28 12:24:28,2026-08-28 12:25:28,IT,Proprietary ERP,B,SAN-001,SanaPlus PainRelief,OTC,SanaPlus,Pharmacy/B2B,12,9.5,EUR,0.05,114.0,108.3
TXN-IT-4-000920,2026-08-28 02:47:32,2026-08-28 02:51:32,IT,Proprietary ERP,B,MED-002,Medora Derm Cream,Prescription,Medora,E-commerce,3,26.0,EUR,0.0,78.0,78.0
TXN-IT-4-000921,2026-08-28 22:10:07,2026-08-28 22:16:07,IT,Proprietary ERP,B,MED-001,Medora Cardio 10mg,Prescription,Medora,Wholesale,10,43.0,EUR,0.0,430.0,430.0
TXN-IT-4-000922,2026-08-28 17:37:23,2026-08-28 17:38:23,IT,Proprietary ERP,B,MED-001,Medora Cardio 10mg,Prescription,Medora,E-commerce,5,43.0,EUR,0.15,215.0,182.75
TXN-IT-4-000923,2026-08-28 06:05:50,2026-08-28 06:11:50,IT,Proprietary ERP,B,SAN-001,SanaPlus PainRelief,OTC,SanaPlus,D2C,10,9.5,EUR,0.1,95.0,85.5
TXN-IT-4-000924,2026-08-28 21:13:15,2026-08-28 21:16:15,IT,Proprietary ERP,B,DER-002,Dermacare LiftCream,Aesthetic,Dermacare,D2C,1,37.0,EUR,0.15,37.0,31.45
TXN-IT-4-000925,2026-08-28 14:38:45,2026-08-28 14:40:45,IT,Proprietary ERP,B,MED-002,Medora Derm Cream,Prescription,Medora,D2C,9,26.0,EUR,0.05,234.0,222.3
TXN-IT-4-000926,2026-08-28 04:45:51,2026-08-28 04:50:51,IT,Proprietary ERP,B,SAN-002,SanaPlus ColdFlu,OTC,SanaPlus,E-commerce,3,10.5,EUR,0.15,31.5,26.77
TXN-IT-4-000927,2026-08-28 08:52:49,2026-08-28 08:54:49,IT,Proprietary ERP,B,MED-002,Medora Derm Cream,Prescription,Medora,Pharmacy/B2B,7,26.0,EUR,0.0,182.0,182.0
TXN-IT-4-000928,2026-08-28 09:40:30,2026-08-28 09:44:30,IT,Proprietary ERP,B,DER-002,Dermacare LiftCream,Aesthetic,Dermacare,Wholesale,7,37.0,EUR,0.1,259.0,233.1
TXN-IT-4-000929,2026-08-28 18:43:36,2026-08-28 18:45:36,IT,Proprietary ERP,B,PUR-002,PureLife BP Monitor,Medical Device,PureLife,E-commerce,5,90.0,EUR,0.0,450.0,450.0
TXN-IT-4-000930,2026-08-28 14:08:15,2026-08-28 14:11:15,IT,Proprietary ERP,B,SAN-001,SanaPlus PainRelief,OTC,SanaPlus,E-commerce,2,9.5,EUR,0.0,19.0,19.0
TXN-IT-4-000931,2026-08-28 01:17:13,2026-08-28 01:19:13,IT,Proprietary ERP,B,PUR-001,PureLife GlucoMonitor,Medical Device,PureLife,D2C,4,85.0,EUR,0.0,340.0,340.0
TXN-IT-4-000932,2026-08-28 07:54:06,2026-08-28 07:59:06,IT,Proprietary ERP,B,MED-001,Medora Cardio 10mg,Prescription,Medora,E-commerce,11,43.0,EUR,0.1,473.0,425.7
TXN-IT-4-000933,2026-08-28 06:13:50,2026-08-28 06:16:50,IT,Proprietary ERP,B,SAN-001,SanaPlus PainRelief,OTC,SanaPlus,E-commerce,6,9.5,EUR,0.0,57.0,57.0
TXN-IT-4-000934,2026-08-28 23:23:27,2026-08-28 23:27:27,IT,Proprietary ERP,B,DER-001,Dermacare GlowSerum,Aesthetic,Dermacare,E-commerce,10,32.0,EUR,0.1,320.0,288.0
TXN-IT-4-000935,2026-08-28 21:19:39,2026-08-28 21:23:39,IT,Proprietary ERP,B,PUR-001,PureLife GlucoMonitor,Medical Device,PureLife,E-commerce,2,85.0,EUR,0.2,170.0,136.0
TXN-IT-4-000936,2026-08-28 13:41:34,2026-08-28 13:45:34,IT,Proprietary ERP,B,VIT-001,Vitalis C1000,Supplement,Vitalis,E-commerce,5,21.0,EUR,0.0,105.0,105.0
TXN-IT-4-000937,2026-08-28 18:52:16,2026-08-28 18:58:16,IT,Proprietary ERP,B,DER-001,Dermacare GlowSerum,Aesthetic,Dermacare,Pharmacy/B2B,5,32.0,EUR,0.1,160.0,144.0
TXN-IT-4-000938,2026-08-28 19:05:38,2026-08-28 19:08:38,IT,Proprietary ERP,B,DER-002,Dermacare LiftCream,Aesthetic,Dermacare,Wholesale,9,37.0,EUR,0.2,333.0,266.4
TXN-IT-4-000939,2026-08-28 10:06:18,2026-08-28 10:07:18,IT,Proprietary ERP,B,PUR-001,PureLife GlucoMonitor,Medical Device,PureLife,D2C,4,85.0,EUR,0.0,340.0,340.0
TXN-IT-4-000940,2026-08-28 04:14:38,2026-08-28 04:15:38,IT,Proprietary ERP,B,MED-001,Medora Cardio 10mg,Prescription,Medora,E-commerce,10,43.0,EUR,0.0,430.0,430.0
TXN-IT-4-000941,2026-08-28 21:49:13,2026-08-28 21:54:13,IT,Proprietary ERP,B,PUR-002,PureLife BP Monitor,Medical Device,PureLife,D2C,7,90.0,EUR,0.2,630.0,504.0
TXN-IT-4-000942,2026-08-28 17:59:56,2026-08-28 18:05:56,IT,Proprietary ERP,B,PUR-002,PureLife BP Monitor,Medical Device,PureLife,E-commerce,3,90.0,EUR,0.2,270.0,216.0
TXN-IT-4-000943,2026-08-28 17:32:56,2026-08-28 17:38:56,IT,Proprietary ERP,B,MED-001,Medora Cardio 10mg,Prescription,Medora,Pharmacy/B2B,12,43.0,EUR,0.2,516.0,412.8
TXN-IT-4-000944,2026-08-28 20:01:49,2026-08-28 20:05:49,IT,Proprietary ERP,B,DER-001,Dermacare GlowSerum,Aesthetic,Dermacare,Pharmacy/B2B,12,32.0,EUR,0.0,384.0,384.0
TXN-IT-4-000945,2026-08-28 12:35:39,2026-08-28 12:41:39,IT,Proprietary ERP,B,SAN-001,SanaPlus PainRelief,OTC,SanaPlus,Pharmacy/B2B,8,9.5,EUR,0.0,76.0,76.0
TXN-IT-4-000946,2026-08-28 16:18:57,2026-08-28 16:22:57,IT,Proprietary ERP,B,VIT-001,Vitalis C1000,Supplement,Vitalis,Wholesale,10,21.0,EUR,0.05,210.0,199.5
TXN-IT-4-000947,2026-08-28 23:45:54,2026-08-28 23:46:54,IT,Proprietary ERP,B,MED-002,Medora Derm Cream,Prescription,Medora,E-commerce,9,26.0,EUR,0.05,234.0,222.3
TXN-IT-4-000948,2026-08-28 21:23:18,2026-08-28 21:25:18,IT,Proprietary ERP,B,VIT-001,Vitalis C1000,Supplement,Vitalis,E-commerce,3,21.0,EUR,0.0,63.0,63.0
TXN-IT-4-000949,2026-08-28 18:10:03,2026-08-28 18:13:03,IT,Proprietary ERP,B,VIT-001,Vitalis C1000,Supplement,Vitalis,E-commerce,6,21.0,EUR,0.05,126.0,119.7
TXN-IT-4-000950,2026-08-28 17:23:45,2026-08-28 17:28:45,IT,Proprietary ERP,B,PUR-002,PureLife BP Monitor,Medical Device,PureLife,E-commerce,12,90.0,EUR,0.15,1080.0,918.0
TXN-IT-4-000951,2026-08-28 17:22:44,2026-08-28 17:26:44,IT,Proprietary ERP,B,DER-002,Dermacare LiftCream,Aesthetic,Dermacare,Wholesale,1,37.0,EUR,0.05,37.0,35.15
TXN-IT-4-000952,2026-08-28 10:19:58,2026-08-28 10:20:58,IT,Proprietary ERP,B,DER-001,Dermacare GlowSerum,Aesthetic,Dermacare,Pharmacy/B2B,8,32.0,EUR,0.0,256.0,256.0
TXN-IT-4-000953,2026-08-28 01:04:00,2026-08-28 01:08:00,IT,Proprietary ERP,B,VIT-002,Vitalis Multivit,Supplement,Vitalis,D2C,12,17.0,EUR,0.15,204.0,173.4
TXN-IT-4-000954,2026-08-28 12:14:55,2026-08-28 12:16:55,IT,Proprietary ERP,B,SAN-001,SanaPlus PainRelief,OTC,SanaPlus,D2C,3,9.5,EUR,0.0,28.5,28.5
TXN-IT-4-000955,2026-08-28 03:52:16,2026-08-28 03:55:16,IT,Proprietary ERP,B,MED-002,Medora Derm Cream,Prescription,Medora,Pharmacy/B2B,8,26.0,EUR,0.05,208.0,197.6
TXN-IT-4-000956,2026-08-28 23:50:51,2026-08-28 23:56:51,IT,Proprietary ERP,B,MED-001,Medora Cardio 10mg,Prescription,Medora,D2C,10,43.0,EUR,0.0,430.0,430.0
TXN-IT-4-000957,2026-08-28 08:42:17,2026-08-28 08:48:17,IT,Proprietary ERP,B,DER-001,Dermacare GlowSerum,Aesthetic,Dermacare,Pharmacy/B2B,9,32.0,EUR,0.0,288.0,288.0
TXN-IT-4-000958,2026-08-28 13:56:25,2026-08-28 14:02:25,IT,Proprietary ERP,B,VIT-001,Vitalis C1000,Supplement,Vitalis,Pharmacy/B2B,2,21.0,EUR,0.1,42.0,37.8
TXN-IT-4-000959,2026-08-28 15:02:43,2026-08-28 15:03:43,IT,Proprietary ERP,B,MED-002,Medora Derm Cream,Prescription,Medora,D2C,11,26.0,EUR,0.0,286.0,286.0
TXN-IT-4-000960,2026-08-28 04:15:37,2026-08-28 04:21:37,IT,Proprietary ERP,B,DER-001,Dermacare GlowSerum,Aesthetic,Dermacare,Wholesale,3,32.0,EUR,0.2,96.0,76.8
TXN-IT-4-000961,2026-08-28 13:55:22,2026-08-28 14:01:22,IT,Proprietary ERP,B,VIT-001,Vitalis C1000,Supplement,Vitalis,Wholesale,6,21.0,EUR,0.1,126.0,113.4
TXN-IT-4-000962,2026-08-28 13:39:31,2026-08-28 13:40:31,IT,Proprietary ERP,B,DER-001,Dermacare GlowSerum,Aesthetic,Dermacare,E-commerce,6,32.0,EUR,0.0,192.0,192.0
TXN-IT-4-000963,2026-08-28 06:31:40,2026-08-28 06:33:40,IT,Proprietary ERP,B,VIT-001,Vitalis C1000,Supplement,Vitalis,E-commerce,2,21.0,EUR,0.0,42.0,42.0
TXN-IT-4-000964,2026-08-28 05:44:49,2026-08-28 05:46:49,IT,Proprietary ERP,B,VIT-002,Vitalis Multivit,Supplement,Vitalis,D2C,5,17.0,EUR,0.1,85.0,76.5
TXN-IT-4-000965,2026-08-28 01:26:16,2026-08-28 01:32:16,IT,Proprietary ERP,B,MED-002,Medora Derm Cream,Prescription,Medora,D2C,10,26.0,EUR,0.05,260.0,247.0
TXN-IT-4-000966,2026-08-28 01:22:43,2026-08-28 01:27:43,IT,Proprietary ERP,B,MED-002,Medora Derm Cream,Prescription,Medora,D2C,5,26.0,EUR,0.05,130.0,123.5
TXN-IT-4-000967,2026-08-28 18:58:46,2026-08-28 19:01:46,IT,Proprietary ERP,B,VIT-002,Vitalis Multivit,Supplement,Vitalis,Pharmacy/B2B,6,17.0,EUR,0.15,102.0,86.7
TXN-IT-4-000968,2026-08-28 16:40:54,2026-08-28 16:45:54,IT,Proprietary ERP,B,SAN-001,SanaPlus PainRelief,OTC,SanaPlus,Pharmacy/B2B,12,9.5,EUR,0.0,114.0,114.0
TXN-IT-4-000969,2026-08-28 08:30:53,2026-08-28 08:32:53,IT,Proprietary ERP,B,VIT-001,Vitalis C1000,Supplement,Vitalis,E-commerce,5,21.0,EUR,0.1,105.0,94.5
TXN-IT-4-000970,2026-08-28 10:19:17,2026-08-28 10:20:17,IT,Proprietary ERP,B,MED-001,Medora Cardio 10mg,Prescription,Medora,E-commerce,7,43.0,EUR,0.2,301.0,240.8
TXN-IT-4-000971,2026-08-28 02:43:14,2026-08-28 02:48:14,IT,Proprietary ERP,B,SAN-001,SanaPlus PainRelief,OTC,SanaPlus,E-commerce,1,9.5,EUR,0.0,9.5,9.5
TXN-IT-4-000972,2026-08-28 19:32:17,2026-08-28 19:35:17,IT,Proprietary ERP,B,DER-001,Dermacare GlowSerum,Aesthetic,Dermacare,D2C,5,32.0,EUR,0.0,160.0,160.0
TXN-IT-4-000973,2026-08-28 07:49:02,2026-08-28 07:52:02,IT,Proprietary ERP,B,VIT-001,Vitalis C1000,Supplement,Vitalis,Wholesale,3,21.0,EUR,0.15,63.0,53.55
TXN-IT-4-000974,2026-08-28 13:29:48,2026-08-28 13:33:48,IT,Proprietary ERP,B,MED-001,Medora Cardio 10mg,Prescription,Medora,E-commerce,12,43.0,EUR,0.15,516.0,438.6
TXN-IT-4-000975,2026-08-28 11:12:21,2026-08-28 11:16:21,IT,Proprietary ERP,B,VIT-001,Vitalis C1000,Supplement,Vitalis,E-commerce,5,21.0,EUR,0.0,105.0,105.0
TXN-IT-4-000976,2026-08-28 13:44:23,2026-08-28 13:48:23,IT,Proprietary ERP,B,PUR-001,PureLife GlucoMonitor,Medical Device,PureLife,E-commerce,2,85.0,EUR,0.15,170.0,144.5
TXN-IT-4-000977,2026-08-28 04:50:10,2026-08-28 04:56:10,IT,Proprietary ERP,B,MED-002,Medora Derm Cream,Prescription,Medora,Pharmacy/B2B,11,26.0,EUR,0.0,286.0,286.0
TXN-IT-4-000978,2026-08-28 14:33:00,2026-08-28 14:38:00,IT,Proprietary ERP,B,VIT-002,Vitalis Multivit,Supplement,Vitalis,Pharmacy/B2B,5,17.0,EUR,0.15,85.0,72.25
TXN-IT-4-000979,2026-08-28 05:17:17,2026-08-28 05:21:17,IT,Proprietary ERP,B,DER-002,Dermacare LiftCream,Aesthetic,Dermacare,E-commerce,11,37.0,EUR,0.0,407.0,407.0
TXN-IT-4-000980,2026-08-28 21:27:32,2026-08-28 21:28:32,IT,Proprietary ERP,B,MED-001,Medora Cardio 10mg,Prescription,Medora,D2C,4,43.0,EUR,0.0,172.0,172.0
TXN-IT-4-000981,2026-08-28 06:49:34,2026-08-28 06:50:34,IT,Proprietary ERP,B,VIT-002,Vitalis Multivit,Supplement,Vitalis,E-commerce,12,17.0,EUR,0.1,204.0,183.6
TXN-IT-4-000982,2026-08-28 21:04:13,2026-08-28 21:08:13,IT,Proprietary ERP,B,VIT-001,Vitalis C1000,Supplement,Vitalis,Wholesale,11,21.0,EUR,0.05,231.0,219.45
TXN-IT-4-000983,2026-08-28 21:25:17,2026-08-28 21:27:17,IT,Proprietary ERP,B,SAN-001,SanaPlus PainRelief,OTC,SanaPlus,Wholesale,9,9.5,EUR,0.0,85.5,85.5
TXN-IT-4-000984,2026-08-28 10:12:41,2026-08-28 10:18:41,IT,Proprietary ERP,B,SAN-002,SanaPlus ColdFlu,OTC,SanaPlus,E-commerce,2,10.5,EUR,0.0,21.0,21.0
TXN-IT-4-000985,2026-08-28 00:45:56,2026-08-28 00:47:56,IT,Proprietary ERP,B,VIT-001,Vitalis C1000,Supplement,Vitalis,E-commerce,11,21.0,EUR,0.1,231.0,207.9
TXN-IT-4-000986,2026-08-28 14:45:52,2026-08-28 14:46:52,IT,Proprietary ERP,B,DER-001,Dermacare GlowSerum,Aesthetic,Dermacare,D2C,12,32.0,EUR,0.2,384.0,307.2
TXN-IT-4-000987,2026-08-28 04:25:42,2026-08-28 04:30:42,IT,Proprietary ERP,B,MED-002,Medora Derm Cream,Prescription,Medora,E-commerce,4,26.0,EUR,0.1,104.0,93.6
TXN-IT-4-000988,2026-08-28 06:33:38,2026-08-28 06:39:38,IT,Proprietary ERP,B,VIT-001,Vitalis C1000,Supplement,Vitalis,D2C,5,21.0,EUR,0.1,105.0,94.5
TXN-IT-4-000989,2026-08-28 04:37:33,2026-08-28 04:43:33,IT,Proprietary ERP,B,SAN-001,SanaPlus PainRelief,OTC,SanaPlus,D2C,12,9.5,EUR,0.0,114.0,114.0
TXN-IT-4-000990,2026-08-28 10:27:10,2026-08-28 10:33:10,IT,Proprietary ERP,B,PUR-002,PureLife BP Monitor,Medical Device,PureLife,Pharmacy/B2B,10,90.0,EUR,0.1,900.0,810.0
TXN-IT-4-000991,2026-08-28 09:27:31,2026-08-28 09:31:31,IT,Proprietary ERP,B,VIT-002,Vitalis Multivit,Supplement,Vitalis,Wholesale,4,17.0,EUR,0.05,68.0,64.6
TXN-IT-4-000992,2026-08-28 23:12:50,2026-08-28 23:15:50,IT,Proprietary ERP,B,DER-001,Dermacare GlowSerum,Aesthetic,Dermacare,E-commerce,7,32.0,EUR,0.15,224.0,190.4
TXN-IT-4-000993,2026-08-28 02:49:15,2026-08-28 02:51:15,IT,Proprietary ERP,B,MED-002,Medora Derm Cream,Prescription,Medora,E-commerce,7,26.0,EUR,0.0,182.0,182.0
TXN-IT-4-000994,2026-08-28 22:52:02,2026-08-28 22:53:02,IT,Proprietary ERP,B,MED-002,Medora Derm Cream,Prescription,Medora,Wholesale,9,26.0,EUR,0.05,234.0,222.3
TXN-IT-4-000995,2026-08-28 10:44:48,2026-08-28 10:50:48,IT,Proprietary ERP,B,VIT-002,Vitalis Multivit,Supplement,Vitalis,D2C,5,17.0,EUR,0.05,85.0,80.75
TXN-IT-4-000996,2026-08-28 16:35:03,2026-08-28 16:37:03,IT,Proprietary ERP,B,PUR-001,PureLife GlucoMonitor,Medical Device,PureLife,Wholesale,11,85.0,EUR,0.15,935.0,794.75
TXN-IT-4-000997,2026-08-28 20:43:47,2026-08-28 20:49:47,IT,Proprietary ERP,B,SAN-002,SanaPlus ColdFlu,OTC,SanaPlus,E-commerce,12,10.5,EUR,0.0,126.0,126.0
TXN-IT-4-000998,2026-08-28 20:07:59,2026-08-28 20:11:59,IT,Proprietary ERP,B,VIT-002,Vitalis Multivit,Supplement,Vitalis,Wholesale,4,17.0,EUR,0.15,68.0,57.8
TXN-IT-4-000999,2026-08-28 15:58:02,2026-08-28 16:03:02,IT,Proprietary ERP,B,VIT-001,Vitalis C1000,Supplement,Vitalis,E-commerce,1,21.0,EUR,0.15,21.0,17.85
TXN-IT-4-001000,2026-08-28 04:31:08,2026-08-28 04:33:08,IT,Proprietary ERP,B,DER-002,Dermacare LiftCream,Aesthetic,Dermacare,Wholesale,9,37.0,EUR,0.1,333.0,299.7
TXN-IT-4-001001,2026-08-28 13:17:18,2026-08-28 13:22:18,IT,Proprietary ERP,B,VIT-001,Vitalis C1000,Supplement,Vitalis,E-commerce,3,21.0,EUR,0.0,63.0,63.0
TXN-IT-4-001002,2026-08-28 08:21:25,2026-08-28 08:24:25,IT,Proprietary ERP,B,VIT-001,Vitalis C1000,Supplement,Vitalis,E-commerce,7,21.0,EUR,0.2,147.0,117.6
TXN-IT-4-001003,2026-08-28 11:18:20,2026-08-28 11:21:20,IT,Proprietary ERP,B,DER-001,Dermacare GlowSerum,Aesthetic,Dermacare,Pharmacy/B2B,11,32.0,EUR,0.15,352.0,299.2
TXN-IT-4-001004,2026-08-28 02:49:04,2026-08-28 02:50:04,IT,Proprietary ERP,B,VIT-002,Vitalis Multivit,Supplement,Vitalis,E-commerce,4,17.0,EUR,0.0,68.0,68.0
TXN-IT-4-001005,2026-08-28 00:44:36,2026-08-28 00:46:36,IT,Proprietary ERP,B,MED-002,Medora Derm Cream,Prescription,Medora,E-commerce,6,26.0,EUR,0.0,156.0,156.0
TXN-IT-4-001006,2026-08-28 04:58:03,2026-08-28 05:01:03,IT,Proprietary ERP,B,PUR-001,PureLife GlucoMonitor,Medical Device,PureLife,D2C,10,85.0,EUR,0.2,850.0,680.0
TXN-IT-4-001007,2026-08-28 22:06:37,2026-08-28 22:12:37,IT,Proprietary ERP,B,MED-001,Medora Cardio 10mg,Prescription,Medora,E-commerce,8,43.0,EUR,0.2,344.0,275.2
TXN-IT-4-001008,2026-08-28 22:48:57,2026-08-28 22:50:57,IT,Proprietary ERP,B,DER-001,Dermacare GlowSerum,Aesthetic,Dermacare,Wholesale,7,32.0,EUR,0.05,224.0,212.8
TXN-IT-4-001009,2026-08-28 01:05:32,2026-08-28 01:10:32,IT,Proprietary ERP,B,DER-001,Dermacare GlowSerum,Aesthetic,Dermacare,D2C,3,32.0,EUR,0.0,96.0,96.0
TXN-IT-4-001010,2026-08-28 14:03:05,2026-08-28 14:08:05,IT,Proprietary ERP,B,MED-001,Medora Cardio 10mg,Prescription,Medora,E-commerce,11,43.0,EUR,0.1,473.0,425.7
TXN-IT-4-001011,2026-08-28 05:07:47,2026-08-28 05:12:47,IT,Proprietary ERP,B,DER-002,Dermacare LiftCream,Aesthetic,Dermacare,Pharmacy/B2B,1,37.0,EUR,0.0,37.0,37.0
TXN-IT-4-001012,2026-08-28 08:31:51,2026-08-28 08:32:51,IT,Proprietary ERP,B,VIT-002,Vitalis Multivit,Supplement,Vitalis,Pharmacy/B2B,7,17.0,EUR,0.0,119.0,119.0
TXN-IT-4-001013,2026-08-28 09:02:08,2026-08-28 09:07:08,IT,Proprietary ERP,B,VIT-002,Vitalis Multivit,Supplement,Vitalis,E-commerce,2,17.0,EUR,0.2,34.0,27.2
TXN-IT-4-001014,2026-08-28 06:17:55,2026-08-28 06:18:55,IT,Proprietary ERP,B,DER-001,Dermacare GlowSerum,Aesthetic,Dermacare,Pharmacy/B2B,4,32.0,EUR,0.15,128.0,108.8
TXN-IT-4-001015,2026-08-28 18:38:40,2026-08-28 18:43:40,IT,Proprietary ERP,B,SAN-002,SanaPlus ColdFlu,OTC,SanaPlus,E-commerce,3,10.5,EUR,0.2,31.5,25.2
TXN-IT-4-001016,2026-08-28 00:46:25,2026-08-28 00:51:25,IT,Proprietary ERP,B,PUR-001,PureLife GlucoMonitor,Medical Device,PureLife,D2C,6,85.0,EUR,0.05,510.0,484.5
TXN-IT-4-001017,2026-08-28 22:31:14,2026-08-28 22:34:14,IT,Proprietary ERP,B,DER-002,Dermacare LiftCream,Aesthetic,Dermacare,Pharmacy/B2B,7,37.0,EUR,0.05,259.0,246.05
TXN-IT-4-001018,2026-08-28 00:10:30,2026-08-28 00:13:30,IT,Proprietary ERP,B,MED-001,Medora Cardio 10mg,Prescription,Medora,Pharmacy/B2B,7,43.0,EUR,0.1,301.0,270.9
TXN-IT-4-001019,2026-08-28 14:23:47,2026-08-28 14:29:47,IT,Proprietary ERP,B,VIT-001,Vitalis C1000,Supplement,Vitalis,Wholesale,4,21.0,EUR,0.05,84.0,79.8
TXN-IT-4-001020,2026-08-28 12:00:46,2026-08-28 12:06:46,IT,Proprietary ERP,B,VIT-001,Vitalis C1000,Supplement,Vitalis,Pharmacy/B2B,12,21.0,EUR,0.2,252.0,201.6
TXN-IT-4-001021,2026-08-28 21:28:34,2026-08-28 21:29:34,IT,Proprietary ERP,B,DER-001,Dermacare GlowSerum,Aesthetic,Dermacare,D2C,2,32.0,EUR,0.0,64.0,64.0
TXN-IT-4-001022,2026-08-28 23:38:44,2026-08-28 23:42:44,IT,Proprietary ERP,B,DER-002,Dermacare LiftCream,Aesthetic,Dermacare,Wholesale,6,37.0,EUR,0.2,222.0,177.6
TXN-IT-4-001023,2026-08-28 11:03:05,2026-08-28 11:04:05,IT,Proprietary ERP,B,SAN-002,SanaPlus ColdFlu,OTC,SanaPlus,E-commerce,2,10.5,EUR,0.1,21.0,18.9
TXN-IT-4-001024,2026-08-28 09:43:10,2026-08-28 09:44:10,IT,Proprietary ERP,B,PUR-002,PureLife BP Monitor,Medical Device,PureLife,Wholesale,8,90.0,EUR,0.1,720.0,648.0
TXN-IT-4-001025,2026-08-28 09:54:13,2026-08-28 09:59:13,IT,Proprietary ERP,B,SAN-002,SanaPlus ColdFlu,OTC,SanaPlus,E-commerce,7,10.5,EUR,0.1,73.5,66.15
TXN-IT-4-001026,2026-08-28 05:07:21,2026-08-28 05:10:21,IT,Proprietary ERP,B,VIT-002,Vitalis Multivit,Supplement,Vitalis,D2C,4,17.0,EUR,0.0,68.0,68.0
TXN-IT-4-001027,2026-08-28 19:19:59,2026-08-28 19:20:59,IT,Proprietary ERP,B,VIT-001,Vitalis C1000,Supplement,Vitalis,Pharmacy/B2B,12,21.0,EUR,0.2,252.0,201.6
TXN-IT-4-001028,2026-08-28 07:01:50,2026-08-28 07:02:50,IT,Proprietary ERP,B,PUR-002,PureLife BP Monitor,Medical Device,PureLife,E-commerce,6,90.0,EUR,0.05,540.0,513.0
TXN-IT-4-001029,2026-08-28 15:53:32,2026-08-28 15:59:32,IT,Proprietary ERP,B,DER-001,Dermacare GlowSerum,Aesthetic,Dermacare,E-commerce,2,32.0,EUR,0.05,64.0,60.8
TXN-IT-4-001030,2026-08-28 10:08:56,2026-08-28 10:11:56,IT,Proprietary ERP,B,VIT-002,Vitalis Multivit,Supplement,Vitalis,Wholesale,1,17.0,EUR,0.05,17.0,16.15
TXN-IT-4-001031,2026-08-28 07:30:04,2026-08-28 07:31:04,IT,Proprietary ERP,B,VIT-002,Vitalis Multivit,Supplement,Vitalis,Pharmacy/B2B,7,17.0,EUR,0.0,119.0,119.0
TXN-IT-4-001032,2026-08-28 20:33:17,2026-08-28 20:36:17,IT,Proprietary ERP,B,PUR-002,PureLife BP Monitor,Medical Device,PureLife,Pharmacy/B2B,2,90.0,EUR,0.1,180.0,162.0
TXN-IT-4-001033,2026-08-28 22:44:12,2026-08-28 22:49:12,IT,Proprietary ERP,B,DER-001,Dermacare GlowSerum,Aesthetic,Dermacare,Pharmacy/B2B,9,32.0,EUR,0.0,288.0,288.0
TXN-IT-4-001034,2026-08-28 19:48:09,2026-08-28 19:50:09,IT,Proprietary ERP,B,VIT-002,Vitalis Multivit,Supplement,Vitalis,E-commerce,8,17.0,EUR,0.1,136.0,122.4
TXN-IT-4-001035,2026-08-28 07:24:00,2026-08-28 07:25:00,IT,Proprietary ERP,B,DER-002,Dermacare LiftCream,Aesthetic,Dermacare,E-commerce,1,37.0,EUR,0.0,37.0,37.0
TXN-IT-4-001036,2026-08-28 15:55:37,2026-08-28 15:59:37,IT,Proprietary ERP,B,SAN-002,SanaPlus ColdFlu,OTC,SanaPlus,E-commerce,4,10.5,EUR,0.0,42.0,42.0
TXN-IT-4-001037,2026-08-28 14:09:15,2026-08-28 14:15:15,IT,Proprietary ERP,B,DER-002,Dermacare LiftCream,Aesthetic,Dermacare,E-commerce,3,37.0,EUR,0.0,111.0,111.0
TXN-IT-4-001038,2026-08-28 07:51:38,2026-08-28 07:56:38,IT,Proprietary ERP,B,VIT-002,Vitalis Multivit,Supplement,Vitalis,E-commerce,5,17.0,EUR,0.0,85.0,85.0
TXN-IT-4-001039,2026-08-28 20:45:53,2026-08-28 20:46:53,IT,Proprietary ERP,B,MED-002,Medora Derm Cream,Prescription,Medora,Pharmacy/B2B,12,26.0,EUR,0.05,312.0,296.4
TXN-IT-4-001040,2026-08-28 00:33:57,2026-08-28 00:38:57,IT,Proprietary ERP,B,MED-002,Medora Derm Cream,Prescription,Medora,D2C,6,26.0,EUR,0.2,156.0,124.8
TXN-IT-4-001041,2026-08-28 07:34:18,2026-08-28 07:35:18,IT,Proprietary ERP,B,PUR-002,PureLife BP Monitor,Medical Device,PureLife,Wholesale,6,90.0,EUR,0.0,540.0,540.0
TXN-IT-4-001042,2026-08-28 06:59:44,2026-08-28 07:00:44,IT,Proprietary ERP,B,DER-002,Dermacare LiftCream,Aesthetic,Dermacare,D2C,4,37.0,EUR,0.15,148.0,125.8
TXN-IT-4-001043,2026-08-28 01:28:23,2026-08-28 01:31:23,IT,Proprietary ERP,B,DER-002,Dermacare LiftCream,Aesthetic,Dermacare,Wholesale,7,37.0,EUR,0.1,259.0,233.1
TXN-IT-4-001044,2026-08-28 20:03:25,2026-08-28 20:06:25,IT,Proprietary ERP,B,MED-001,Medora Cardio 10mg,Prescription,Medora,Pharmacy/B2B,12,43.0,EUR,0.0,516.0,516.0
TXN-IT-4-001045,2026-08-28 16:46:20,2026-08-28 16:48:20,IT,Proprietary ERP,B,SAN-002,SanaPlus ColdFlu,OTC,SanaPlus,Pharmacy/B2B,1,10.5,EUR,0.05,10.5,9.97
TXN-IT-4-001046,2026-08-28 11:02:46,2026-08-28 11:03:46,IT,Proprietary ERP,B,MED-002,Medora Derm Cream,Prescription,Medora,E-commerce,4,26.0,EUR,0.05,104.0,98.8
TXN-IT-4-001047,2026-08-28 13:58:29,2026-08-28 14:02:29,IT,Proprietary ERP,B,SAN-001,SanaPlus PainRelief,OTC,SanaPlus,E-commerce,8,9.5,EUR,0.0,76.0,76.0
TXN-IT-4-001048,2026-08-28 19:11:06,2026-08-28 19:13:06,IT,Proprietary ERP,B,MED-001,Medora Cardio 10mg,Prescription,Medora,Wholesale,4,43.0,EUR,0.05,172.0,163.4
TXN-IT-4-001049,2026-08-28 15:13:13,2026-08-28 15:14:13,IT,Proprietary ERP,B,DER-002,Dermacare LiftCream,Aesthetic,Dermacare,Pharmacy/B2B,9,37.0,EUR,0.05,333.0,316.35
TXN-IT-4-001050,2026-08-28 18:40:58,2026-08-28 18:45:58,IT,Proprietary ERP,B,SAN-001,SanaPlus PainRelief,OTC,SanaPlus,Wholesale,6,9.5,EUR,0.0,57.0,57.0
TXN-IT-4-001051,2026-08-28 20:57:01,2026-08-28 21:02:01,IT,Proprietary ERP,B,MED-001,Medora Cardio 10mg,Prescription,Medora,D2C,4,43.0,EUR,0.05,172.0,163.4
TXN-IT-4-001052,2026-08-28 16:08:23,2026-08-28 16:13:23,IT,Proprietary ERP,B,VIT-001,Vitalis C1000,Supplement,Vitalis,Pharmacy/B2B,7,21.0,EUR,0.0,147.0,147.0
TXN-IT-4-001053,2026-08-28 16:24:45,2026-08-28 16:27:45,IT,Proprietary ERP,B,DER-001,Dermacare GlowSerum,Aesthetic,Dermacare,Wholesale,9,32.0,EUR,0.05,288.0,273.6
TXN-IT-4-001054,2026-08-28 07:16:00,2026-08-28 07:20:00,IT,Proprietary ERP,B,DER-002,Dermacare LiftCream,Aesthetic,Dermacare,Pharmacy/B2B,8,37.0,EUR,0.0,296.0,296.0
TXN-IT-4-001055,2026-08-28 11:18:32,2026-08-28 11:19:32,IT,Proprietary ERP,B,VIT-002,Vitalis Multivit,Supplement,Vitalis,E-commerce,5,17.0,EUR,0.15,85.0,72.25
TXN-IT-4-001056,2026-08-28 09:21:00,2026-08-28 09:27:00,IT,Proprietary ERP,B,SAN-002,SanaPlus ColdFlu,OTC,SanaPlus,E-commerce,8,10.5,EUR,0.05,84.0,79.8
TXN-IT-4-001057,2026-08-28 02:01:17,2026-08-28 02:05:17,IT,Proprietary ERP,B,DER-002,Dermacare LiftCream,Aesthetic,Dermacare,D2C,6,37.0,EUR,0.2,222.0,177.6
TXN-IT-4-001058,2026-08-28 15:26:01,2026-08-28 15:28:01,IT,Proprietary ERP,B,VIT-001,Vitalis C1000,Supplement,Vitalis,E-commerce,4,21.0,EUR,0.05,84.0,79.8
TXN-IT-4-001059,2026-08-28 13:21:33,2026-08-28 13:27:33,IT,Proprietary ERP,B,VIT-001,Vitalis C1000,Supplement,Vitalis,Wholesale,8,21.0,EUR,0.1,168.0,151.2
TXN-IT-4-001060,2026-08-28 16:11:31,2026-08-28 16:14:31,IT,Proprietary ERP,B,PUR-001,PureLife GlucoMonitor,Medical Device,PureLife,Wholesale,1,85.0,EUR,0.05,85.0,80.75
TXN-IT-4-001061,2026-08-28 10:14:29,2026-08-28 10:17:29,IT,Proprietary ERP,B,PUR-002,PureLife BP Monitor,Medical Device,PureLife,Pharmacy/B2B,12,90.0,EUR,0.15,1080.0,918.0
TXN-IT-4-001062,2026-08-28 08:27:38,2026-08-28 08:29:38,IT,Proprietary ERP,B,MED-001,Medora Cardio 10mg,Prescription,Medora,E-commerce,12,43.0,EUR,0.0,516.0,516.0
TXN-IT-4-001063,2026-08-28 17:47:59,2026-08-28 17:53:59,IT,Proprietary ERP,B,SAN-002,SanaPlus ColdFlu,OTC,SanaPlus,D2C,9,10.5,EUR,0.05,94.5,89.77
TXN-IT-4-001064,2026-08-28 14:17:25,2026-08-28 14:23:25,IT,Proprietary ERP,B,DER-002,Dermacare LiftCream,Aesthetic,Dermacare,Wholesale,1,37.0,EUR,0.0,37.0,37.0
TXN-IT-4-001065,2026-08-28 16:15:29,2026-08-28 16:17:29,IT,Proprietary ERP,B,MED-002,Medora Derm Cream,Prescription,Medora,E-commerce,2,26.0,EUR,0.1,52.0,46.8
TXN-IT-4-001066,2026-08-28 18:14:09,2026-08-28 18:16:09,IT,Proprietary ERP,B,PUR-002,PureLife BP Monitor,Medical Device,PureLife,Wholesale,3,90.0,EUR,0.2,270.0,216.0
TXN-IT-4-001067,2026-08-28 03:08:18,2026-08-28 03:12:18,IT,Proprietary ERP,B,SAN-002,SanaPlus ColdFlu,OTC,SanaPlus,Wholesale,7,10.5,EUR,0.1,73.5,66.15
TXN-IT-4-001068,2026-08-28 18:47:27,2026-08-28 18:52:27,IT,Proprietary ERP,B,PUR-001,PureLife GlucoMonitor,Medical Device,PureLife,E-commerce,11,85.0,EUR,0.15,935.0,794.75
TXN-IT-4-001069,2026-08-28 08:01:41,2026-08-28 08:05:41,IT,Proprietary ERP,B,SAN-002,SanaPlus ColdFlu,OTC,SanaPlus,Wholesale,12,10.5,EUR,0.05,126.0,119.7
TXN-IT-4-001070,2026-08-28 22:45:47,2026-08-28 22:46:47,IT,Proprietary ERP,B,MED-002,Medora Derm Cream,Prescription,Medora,E-commerce,11,26.0,EUR,0.0,286.0,286.0
TXN-IT-4-001071,2026-08-28 00:15:26,2026-08-28 00:21:26,IT,Proprietary ERP,B,SAN-002,SanaPlus ColdFlu,OTC,SanaPlus,Wholesale,9,10.5,EUR,0.0,94.5,94.5
TXN-IT-4-001072,2026-08-28 11:29:59,2026-08-28 11:31:59,IT,Proprietary ERP,B,PUR-001,PureLife GlucoMonitor,Medical Device,PureLife,E-commerce,6,85.0,EUR,0.2,510.0,408.0
TXN-IT-4-001073,2026-08-28 11:29:50,2026-08-28 11:31:50,IT,Proprietary ERP,B,SAN-001,SanaPlus PainRelief,OTC,SanaPlus,Wholesale,2,9.5,EUR,0.15,19.0,16.15
TXN-IT-4-001074,2026-08-28 15:41:09,2026-08-28 15:46:09,IT,Proprietary ERP,B,SAN-002,SanaPlus ColdFlu,OTC,SanaPlus,Pharmacy/B2B,1,10.5,EUR,0.0,10.5,10.5
TXN-IT-4-001075,2026-08-28 09:08:41,2026-08-28 09:09:41,IT,Proprietary ERP,B,VIT-001,Vitalis C1000,Supplement,Vitalis,D2C,3,21.0,EUR,0.0,63.0,63.0
TXN-IT-4-001076,2026-08-28 11:09:39,2026-08-28 11:12:39,IT,Proprietary ERP,B,DER-002,Dermacare LiftCream,Aesthetic,Dermacare,D2C,8,37.0,EUR,0.15,296.0,251.6
TXN-IT-4-001077,2026-08-28 10:22:56,2026-08-28 10:28:56,IT,Proprietary ERP,B,PUR-001,PureLife GlucoMonitor,Medical Device,PureLife,Pharmacy/B2B,7,85.0,EUR,0.0,595.0,595.0
TXN-IT-4-001078,2026-08-28 14:25:09,2026-08-28 14:26:09,IT,Proprietary ERP,B,DER-002,Dermacare LiftCream,Aesthetic,Dermacare,E-commerce,10,37.0,EUR,0.05,370.0,351.5
TXN-IT-4-001079,2026-08-28 18:04:48,2026-08-28 18:05:48,IT,Proprietary ERP,B,DER-002,Dermacare LiftCream,Aesthetic,Dermacare,D2C,6,37.0,EUR,0.15,222.0,188.7
TXN-IT-4-001080,2026-08-28 09:54:12,2026-08-28 09:59:12,IT,Proprietary ERP,B,VIT-002,Vitalis Multivit,Supplement,Vitalis,D2C,5,17.0,EUR,0.0,85.0,85.0
TXN-IT-4-001081,2026-08-28 16:36:54,2026-08-28 16:40:54,IT,Proprietary ERP,B,VIT-001,Vitalis C1000,Supplement,Vitalis,D2C,4,21.0,EUR,0.0,84.0,84.0
TXN-IT-4-001082,2026-08-28 12:25:31,2026-08-28 12:28:31,IT,Proprietary ERP,B,SAN-001,SanaPlus PainRelief,OTC,SanaPlus,D2C,5,9.5,EUR,0.2,47.5,38.0
TXN-IT-4-001083,2026-08-28 04:44:51,2026-08-28 04:46:51,IT,Proprietary ERP,B,PUR-002,PureLife BP Monitor,Medical Device,PureLife,Pharmacy/B2B,12,90.0,EUR,0.0,1080.0,1080.0
TXN-IT-4-001084,2026-08-28 19:55:54,2026-08-28 19:59:54,IT,Proprietary ERP,B,PUR-002,PureLife BP Monitor,Medical Device,PureLife,D2C,3,90.0,EUR,0.05,270.0,256.5
TXN-IT-4-001085,2026-08-28 17:22:49,2026-08-28 17:24:49,IT,Proprietary ERP,B,DER-001,Dermacare GlowSerum,Aesthetic,Dermacare,E-commerce,10,32.0,EUR,0.0,320.0,320.0
TXN-IT-4-001086,2026-08-28 04:51:59,2026-08-28 04:56:59,IT,Proprietary ERP,B,PUR-001,PureLife GlucoMonitor,Medical Device,PureLife,Wholesale,2,85.0,EUR,0.0,170.0,170.0
TXN-IT-4-001087,2026-08-28 10:42:34,2026-08-28 10:43:34,IT,Proprietary ERP,B,VIT-002,Vitalis Multivit,Supplement,Vitalis,E-commerce,6,17.0,EUR,0.1,102.0,91.8
TXN-IT-4-001088,2026-08-28 18:09:35,2026-08-28 18:15:35,IT,Proprietary ERP,B,PUR-001,PureLife GlucoMonitor,Medical Device,PureLife,E-commerce,11,85.0,EUR,0.1,935.0,841.5
TXN-IT-4-001089,2026-08-28 18:43:47,2026-08-28 18:46:47,IT,Proprietary ERP,B,VIT-001,Vitalis C1000,Supplement,Vitalis,Wholesale,6,21.0,EUR,0.0,126.0,126.0
TXN-IT-4-001090,2026-08-28 16:53:44,2026-08-28 16:54:44,IT,Proprietary ERP,B,PUR-001,PureLife GlucoMonitor,Medical Device,PureLife,D2C,10,85.0,EUR,0.05,850.0,807.5
TXN-IT-4-001091,2026-08-28 05:24:42,2026-08-28 05:25:42,IT,Proprietary ERP,B,VIT-001,Vitalis C1000,Supplement,Vitalis,E-commerce,6,21.0,EUR,0.1,126.0,113.4
TXN-IT-4-001092,2026-08-28 19:49:42,2026-08-28 19:51:42,IT,Proprietary ERP,B,SAN-001,SanaPlus PainRelief,OTC,SanaPlus,Wholesale,10,9.5,EUR,0.2,95.0,76.0
TXN-IT-4-001093,2026-08-28 14:07:16,2026-08-28 14:10:16,IT,Proprietary ERP,B,PUR-001,PureLife GlucoMonitor,Medical Device,PureLife,D2C,2,85.0,EUR,0.15,170.0,144.5
TXN-IT-4-001094,2026-08-28 06:52:51,2026-08-28 06:57:51,IT,Proprietary ERP,B,VIT-002,Vitalis Multivit,Supplement,Vitalis,Pharmacy/B2B,11,17.0,EUR,0.15,187.0,158.95
TXN-IT-4-001095,2026-08-28 06:46:08,2026-08-28 06:50:08,IT,Proprietary ERP,B,VIT-001,Vitalis C1000,Supplement,Vitalis,Wholesale,1,21.0,EUR,0.0,21.0,21.0
TXN-IT-4-001096,2026-08-28 16:47:50,2026-08-28 16:51:50,IT,Proprietary ERP,B,VIT-002,Vitalis Multivit,Supplement,Vitalis,Pharmacy/B2B,6,17.0,EUR,0.0,102.0,102.0
TXN-IT-4-001097,2026-08-28 15:35:15,2026-08-28 15:41:15,IT,Proprietary ERP,B,VIT-002,Vitalis Multivit,Supplement,Vitalis,Pharmacy/B2B,7,17.0,EUR,0.0,119.0,119.0
TXN-IT-4-001098,2026-08-28 21:29:43,2026-08-28 21:35:43,IT,Proprietary ERP,B,MED-001,Medora Cardio 10mg,Prescription,Medora,D2C,9,43.0,EUR,0.0,387.0,387.0
TXN-IT-4-001099,2026-08-28 04:32:18,2026-08-28 04:34:18,IT,Proprietary ERP,B,VIT-002,Vitalis Multivit,Supplement,Vitalis,Wholesale,12,17.0,EUR,0.1,204.0,183.6
TXN-IT-4-001100,2026-08-28 17:43:12,2026-08-28 17:46:12,IT,Proprietary ERP,B,VIT-002,Vitalis Multivit,Supplement,Vitalis,Pharmacy/B2B,2,17.0,EUR,0.0,34.0,34.0
TXN-IT-4-001101,2026-08-28 09:06:33,2026-08-28 09:08:33,IT,Proprietary ERP,B,MED-002,Medora Derm Cream,Prescription,Medora,Pharmacy/B2B,3,26.0,EUR,0.0,78.0,78.0
TXN-IT-4-001102,2026-08-28 00:17:33,2026-08-28 00:22:33,IT,Proprietary ERP,B,MED-001,Medora Cardio 10mg,Prescription,Medora,E-commerce,8,43.0,EUR,0.15,344.0,292.4
TXN-IT-4-001103,2026-08-28 12:33:56,2026-08-28 12:38:56,IT,Proprietary ERP,B,DER-002,Dermacare LiftCream,Aesthetic,Dermacare,Pharmacy/B2B,3,37.0,EUR,0.15,111.0,94.35
TXN-IT-4-001104,2026-08-28 14:37:43,2026-08-28 14:39:43,IT,Proprietary ERP,B,SAN-002,SanaPlus ColdFlu,OTC,SanaPlus,E-commerce,8,10.5,EUR,0.2,84.0,67.2
TXN-IT-4-001105,2026-08-28 02:41:57,2026-08-28 02:45:57,IT,Proprietary ERP,B,DER-002,Dermacare LiftCream,Aesthetic,Dermacare,D2C,1,37.0,EUR,0.0,37.0,37.0
TXN-IT-4-001106,2026-08-28 07:30:59,2026-08-28 07:35:59,IT,Proprietary ERP,B,DER-001,Dermacare GlowSerum,Aesthetic,Dermacare,E-commerce,11,32.0,EUR,0.05,352.0,334.4
TXN-IT-4-001107,2026-08-28 17:05:12,2026-08-28 17:07:12,IT,Proprietary ERP,B,SAN-001,SanaPlus PainRelief,OTC,SanaPlus,Wholesale,6,9.5,EUR,0.0,57.0,57.0
TXN-IT-4-001108,2026-08-28 16:00:15,2026-08-28 16:02:15,IT,Proprietary ERP,B,DER-001,Dermacare GlowSerum,Aesthetic,Dermacare,E-commerce,7,32.0,EUR,0.0,224.0,224.0
TXN-IT-4-001109,2026-08-28 23:02:49,2026-08-28 23:05:49,IT,Proprietary ERP,B,MED-001,Medora Cardio 10mg,Prescription,Medora,Wholesale,3,43.0,EUR,0.0,129.0,129.0
TXN-IT-4-001110,2026-08-28 05:24:21,2026-08-28 05:27:21,IT,Proprietary ERP,B,MED-001,Medora Cardio 10mg,Prescription,Medora,E-commerce,5,43.0,EUR,0.0,215.0,215.0
TXN-IT-4-001111,2026-08-28 15:00:14,2026-08-28 15:05:14,IT,Proprietary ERP,B,PUR-002,PureLife BP Monitor,Medical Device,PureLife,D2C,2,90.0,EUR,0.2,180.0,144.0
TXN-IT-4-001112,2026-08-28 12:30:54,2026-08-28 12:32:54,IT,Proprietary ERP,B,SAN-002,SanaPlus ColdFlu,OTC,SanaPlus,E-commerce,4,10.5,EUR,0.15,42.0,35.7
TXN-IT-4-001113,2026-08-28 20:11:43,2026-08-28 20:14:43,IT,Proprietary ERP,B,SAN-001,SanaPlus PainRelief,OTC,SanaPlus,Wholesale,5,9.5,EUR,0.0,47.5,47.5
TXN-IT-4-001114,2026-08-28 08:54:42,2026-08-28 09:00:42,IT,Proprietary ERP,B,PUR-001,PureLife GlucoMonitor,Medical Device,PureLife,D2C,2,85.0,EUR,0.05,170.0,161.5
TXN-IT-4-001115,2026-08-28 23:40:37,2026-08-28 23:44:37,IT,Proprietary ERP,B,SAN-001,SanaPlus PainRelief,OTC,SanaPlus,Pharmacy/B2B,2,9.5,EUR,0.1,19.0,17.1
TXN-IT-4-001116,2026-08-28 10:02:23,2026-08-28 10:04:23,IT,Proprietary ERP,B,PUR-001,PureLife GlucoMonitor,Medical Device,PureLife,Wholesale,8,85.0,EUR,0.0,680.0,680.0
TXN-IT-4-001117,2026-08-28 19:41:41,2026-08-28 19:43:41,IT,Proprietary ERP,B,SAN-001,SanaPlus PainRelief,OTC,SanaPlus,Wholesale,8,9.5,EUR,0.2,76.0,60.8
TXN-IT-4-001118,2026-08-28 11:42:21,2026-08-28 11:44:21,IT,Proprietary ERP,B,VIT-001,Vitalis C1000,Supplement,Vitalis,Pharmacy/B2B,10,21.0,EUR,0.2,210.0,168.0
TXN-IT-4-001119,2026-08-28 01:51:09,2026-08-28 01:52:09,IT,Proprietary ERP,B,DER-002,Dermacare LiftCream,Aesthetic,Dermacare,Pharmacy/B2B,10,37.0,EUR,0.05,370.0,351.5
TXN-IT-4-001120,2026-08-28 19:54:14,2026-08-28 19:55:14,IT,Proprietary ERP,B,SAN-001,SanaPlus PainRelief,OTC,SanaPlus,Wholesale,2,9.5,EUR,0.15,19.0,16.15
TXN-IT-4-001121,2026-08-28 19:30:44,2026-08-28 19:36:44,IT,Proprietary ERP,B,SAN-002,SanaPlus ColdFlu,OTC,SanaPlus,Pharmacy/B2B,8,10.5,EUR,0.05,84.0,79.8
TXN-IT-4-001122,2026-08-28 06:54:58,2026-08-28 06:57:58,IT,Proprietary ERP,B,PUR-002,PureLife BP Monitor,Medical Device,PureLife,Pharmacy/B2B,3,90.0,EUR,0.15,270.0,229.5
TXN-IT-4-001123,2026-08-28 11:39:19,2026-08-28 11:40:19,IT,Proprietary ERP,B,DER-001,Dermacare GlowSerum,Aesthetic,Dermacare,E-commerce,8,32.0,EUR,0.15,256.0,217.6
TXN-IT-4-001124,2026-08-28 07:21:29,2026-08-28 07:25:29,IT,Proprietary ERP,B,MED-001,Medora Cardio 10mg,Prescription,Medora,Wholesale,9,43.0,EUR,0.0,387.0,387.0
TXN-IT-4-001125,2026-08-28 10:24:16,2026-08-28 10:25:16,IT,Proprietary ERP,B,SAN-002,SanaPlus ColdFlu,OTC,SanaPlus,D2C,5,10.5,EUR,0.15,52.5,44.62
TXN-IT-4-001126,2026-08-28 09:23:47,2026-08-28 09:26:47,IT,Proprietary ERP,B,SAN-002,SanaPlus ColdFlu,OTC,SanaPlus,E-commerce,8,10.5,EUR,0.0,84.0,84.0
TXN-IT-4-001127,2026-08-28 03:16:45,2026-08-28 03:18:45,IT,Proprietary ERP,B,VIT-002,Vitalis Multivit,Supplement,Vitalis,E-commerce,3,17.0,EUR,0.2,51.0,40.8
TXN-IT-4-001128,2026-08-28 18:51:47,2026-08-28 18:56:47,IT,Proprietary ERP,B,SAN-001,SanaPlus PainRelief,OTC,SanaPlus,Pharmacy/B2B,3,9.5,EUR,0.1,28.5,25.65
TXN-IT-4-001129,2026-08-28 19:35:08,2026-08-28 19:41:08,IT,Proprietary ERP,B,DER-002,Dermacare LiftCream,Aesthetic,Dermacare,Wholesale,6,37.0,EUR,0.15,222.0,188.7
TXN-IT-4-001130,2026-08-28 23:02:04,2026-08-28 23:04:04,IT,Proprietary ERP,B,SAN-002,SanaPlus ColdFlu,OTC,SanaPlus,D2C,8,10.5,EUR,0.0,84.0,84.0
TXN-IT-4-001131,2026-08-28 18:31:03,2026-08-28 18:36:03,IT,Proprietary ERP,B,SAN-001,SanaPlus PainRelief,OTC,SanaPlus,Wholesale,12,9.5,EUR,0.0,114.0,114.0
TXN-IT-4-001132,2026-08-28 20:09:31,2026-08-28 20:11:31,IT,Proprietary ERP,B,MED-002,Medora Derm Cream,Prescription,Medora,Wholesale,8,26.0,EUR,0.05,208.0,197.6
TXN-IT-4-001133,2026-08-28 04:36:56,2026-08-28 04:42:56,IT,Proprietary ERP,B,VIT-001,Vitalis C1000,Supplement,Vitalis,Wholesale,11,21.0,EUR,0.2,231.0,184.8
TXN-IT-4-001134,2026-08-28 03:12:34,2026-08-28 03:15:34,IT,Proprietary ERP,B,PUR-001,PureLife GlucoMonitor,Medical Device,PureLife,Pharmacy/B2B,11,85.0,EUR,0.0,935.0,935.0
TXN-IT-4-001135,2026-08-28 23:37:51,2026-08-28 23:38:51,IT,Proprietary ERP,B,VIT-001,Vitalis C1000,Supplement,Vitalis,Wholesale,8,21.0,EUR,0.0,168.0,168.0
TXN-IT-4-001136,2026-08-28 00:52:16,2026-08-28 00:56:16,IT,Proprietary ERP,B,MED-001,Medora Cardio 10mg,Prescription,Medora,D2C,8,43.0,EUR,0.15,344.0,292.4
TXN-IT-4-001137,2026-08-28 03:42:36,2026-08-28 03:45:36,IT,Proprietary ERP,B,DER-001,Dermacare GlowSerum,Aesthetic,Dermacare,E-commerce,9,32.0,EUR,0.0,288.0,288.0
TXN-IT-4-001138,2026-08-28 02:36:36,2026-08-28 02:37:36,IT,Proprietary ERP,B,PUR-001,PureLife GlucoMonitor,Medical Device,PureLife,Wholesale,11,85.0,EUR,0.15,935.0,794.75
TXN-IT-4-001139,2026-08-28 20:45:19,2026-08-28 20:49:19,IT,Proprietary ERP,B,MED-002,Medora Derm Cream,Prescription,Medora,E-commerce,1,26.0,EUR,0.1,26.0,23.4
TXN-IT-4-001140,2026-08-28 11:51:29,2026-08-28 11:52:29,IT,Proprietary ERP,B,MED-002,Medora Derm Cream,Prescription,Medora,Pharmacy/B2B,3,26.0,EUR,0.15,78.0,66.3
TXN-IT-4-001141,2026-08-28 14:53:20,2026-08-28 14:59:20,IT,Proprietary ERP,B,SAN-001,SanaPlus PainRelief,OTC,SanaPlus,E-commerce,10,9.5,EUR,0.0,95.0,95.0
TXN-IT-4-001142,2026-08-28 12:06:52,2026-08-28 12:10:52,IT,Proprietary ERP,B,SAN-002,SanaPlus ColdFlu,OTC,SanaPlus,Pharmacy/B2B,9,10.5,EUR,0.05,94.5,89.77
TXN-IT-4-001143,2026-08-28 02:04:19,2026-08-28 02:08:19,IT,Proprietary ERP,B,PUR-002,PureLife BP Monitor,Medical Device,PureLife,Wholesale,8,90.0,EUR,0.0,720.0,720.0
TXN-IT-4-001144,2026-08-28 18:16:33,2026-08-28 18:19:33,IT,Proprietary ERP,B,SAN-001,SanaPlus PainRelief,OTC,SanaPlus,D2C,1,9.5,EUR,0.2,9.5,7.6
TXN-IT-4-001145,2026-08-28 03:56:30,2026-08-28 04:00:30,IT,Proprietary ERP,B,MED-001,Medora Cardio 10mg,Prescription,Medora,Wholesale,11,43.0,EUR,0.15,473.0,402.05
TXN-IT-4-001146,2026-08-28 11:57:14,2026-08-28 12:02:14,IT,Proprietary ERP,B,VIT-002,Vitalis Multivit,Supplement,Vitalis,D2C,11,17.0,EUR,0.1,187.0,168.3
TXN-IT-4-001147,2026-08-28 11:16:31,2026-08-28 11:22:31,IT,Proprietary ERP,B,DER-001,Dermacare GlowSerum,Aesthetic,Dermacare,E-commerce,8,32.0,EUR,0.05,256.0,243.2
TXN-IT-4-001148,2026-08-28 14:46:58,2026-08-28 14:49:58,IT,Proprietary ERP,B,SAN-001,SanaPlus PainRelief,OTC,SanaPlus,D2C,12,9.5,EUR,0.0,114.0,114.0
TXN-IT-4-001149,2026-08-28 18:33:55,2026-08-28 18:35:55,IT,Proprietary ERP,B,MED-001,Medora Cardio 10mg,Prescription,Medora,Wholesale,10,43.0,EUR,0.0,430.0,430.0
TXN-IT-4-001150,2026-08-28 13:47:28,2026-08-28 13:50:28,IT,Proprietary ERP,B,MED-002,Medora Derm Cream,Prescription,Medora,E-commerce,12,26.0,EUR,0.05,312.0,296.4
TXN-IT-4-001151,2026-08-28 20:48:56,2026-08-28 20:54:56,IT,Proprietary ERP,B,PUR-002,PureLife BP Monitor,Medical Device,PureLife,D2C,9,90.0,EUR,0.0,810.0,810.0
TXN-IT-4-001152,2026-08-28 11:07:13,2026-08-28 11:10:13,IT,Proprietary ERP,B,DER-001,Dermacare GlowSerum,Aesthetic,Dermacare,E-commerce,12,32.0,EUR,0.15,384.0,326.4
TXN-IT-4-001153,2026-08-28 13:15:41,2026-08-28 13:18:41,IT,Proprietary ERP,B,DER-001,Dermacare GlowSerum,Aesthetic,Dermacare,E-commerce,6,32.0,EUR,0.05,192.0,182.4
TXN-IT-4-001154,2026-08-28 11:40:42,2026-08-28 11:43:42,IT,Proprietary ERP,B,PUR-001,PureLife GlucoMonitor,Medical Device,PureLife,E-commerce,5,85.0,EUR,0.0,425.0,425.0
TXN-IT-4-001155,2026-08-28 00:46:02,2026-08-28 00:49:02,IT,Proprietary ERP,B,VIT-001,Vitalis C1000,Supplement,Vitalis,Pharmacy/B2B,10,21.0,EUR,0.15,210.0,178.5
TXN-IT-4-001156,2026-08-28 14:21:23,2026-08-28 14:27:23,IT,Proprietary ERP,B,DER-002,Dermacare LiftCream,Aesthetic,Dermacare,E-commerce,4,37.0,EUR,0.2,148.0,118.4
TXN-IT-4-001157,2026-08-28 16:18:35,2026-08-28 16:20:35,IT,Proprietary ERP,B,VIT-002,Vitalis Multivit,Supplement,Vitalis,Wholesale,3,17.0,EUR,0.0,51.0,51.0
TXN-IT-4-001158,2026-08-28 03:58:21,2026-08-28 03:59:21,IT,Proprietary ERP,B,SAN-002,SanaPlus ColdFlu,OTC,SanaPlus,D2C,7,10.5,EUR,0.1,73.5,66.15
TXN-IT-4-001159,2026-08-28 03:24:42,2026-08-28 03:27:42,IT,Proprietary ERP,B,VIT-002,Vitalis Multivit,Supplement,Vitalis,D2C,5,17.0,EUR,0.0,85.0,85.0
TXN-IT-4-001160,2026-08-28 10:08:32,2026-08-28 10:12:32,IT,Proprietary ERP,B,MED-001,Medora Cardio 10mg,Prescription,Medora,E-commerce,4,43.0,EUR,0.15,172.0,146.2
TXN-IT-4-001161,2026-08-28 18:02:05,2026-08-28 18:04:05,IT,Proprietary ERP,B,MED-001,Medora Cardio 10mg,Prescription,Medora,D2C,3,43.0,EUR,0.0,129.0,129.0
TXN-IT-4-001162,2026-08-28 04:55:21,2026-08-28 04:58:21,IT,Proprietary ERP,B,VIT-001,Vitalis C1000,Supplement,Vitalis,E-commerce,5,21.0,EUR,0.1,105.0,94.5
TXN-IT-4-001163,2026-08-28 02:33:29,2026-08-28 02:35:29,IT,Proprietary ERP,B,SAN-002,SanaPlus ColdFlu,OTC,SanaPlus,Pharmacy/B2B,11,10.5,EUR,0.0,115.5,115.5
TXN-IT-4-001164,2026-08-28 14:57:42,2026-08-28 15:03:42,IT,Proprietary ERP,B,PUR-001,PureLife GlucoMonitor,Medical Device,PureLife,E-commerce,7,85.0,EUR,0.15,595.0,505.75
TXN-IT-4-001165,2026-08-28 07:00:57,2026-08-28 07:02:57,IT,Proprietary ERP,B,PUR-001,PureLife GlucoMonitor,Medical Device,PureLife,E-commerce,1,85.0,EUR,0.05,85.0,80.75
TXN-IT-4-001166,2026-08-28 00:25:53,2026-08-28 00:29:53,IT,Proprietary ERP,B,DER-002,Dermacare LiftCream,Aesthetic,Dermacare,E-commerce,1,37.0,EUR,0.15,37.0,31.45
TXN-IT-4-001167,2026-08-28 02:00:24,2026-08-28 02:01:24,IT,Proprietary ERP,B,DER-002,Dermacare LiftCream,Aesthetic,Dermacare,Pharmacy/B2B,7,37.0,EUR,0.2,259.0,207.2
TXN-IT-4-001168,2026-08-28 04:16:02,2026-08-28 04:17:02,IT,Proprietary ERP,B,MED-001,Medora Cardio 10mg,Prescription,Medora,D2C,9,43.0,EUR,0.0,387.0,387.0
TXN-IT-4-001169,2026-08-28 17:04:01,2026-08-28 17:05:01,IT,Proprietary ERP,B,VIT-001,Vitalis C1000,Supplement,Vitalis,D2C,3,21.0,EUR,0.0,63.0,63.0
TXN-IT-4-001170,2026-08-28 04:40:51,2026-08-28 04:42:51,IT,Proprietary ERP,B,MED-002,Medora Derm Cream,Prescription,Medora,D2C,10,26.0,EUR,0.0,260.0,260.0
TXN-IT-4-001171,2026-08-28 02:56:06,2026-08-28 02:59:06,IT,Proprietary ERP,B,DER-001,Dermacare GlowSerum,Aesthetic,Dermacare,D2C,6,32.0,EUR,0.1,192.0,172.8
TXN-IT-4-001172,2026-08-28 06:33:46,2026-08-28 06:37:46,IT,Proprietary ERP,B,DER-001,Dermacare GlowSerum,Aesthetic,Dermacare,E-commerce,10,32.0,EUR,0.1,320.0,288.0
TXN-IT-4-001173,2026-08-28 09:59:05,2026-08-28 10:03:05,IT,Proprietary ERP,B,MED-001,Medora Cardio 10mg,Prescription,Medora,E-commerce,2,43.0,EUR,0.0,86.0,86.0
TXN-IT-4-001174,2026-08-28 05:20:19,2026-08-28 05:25:19,IT,Proprietary ERP,B,VIT-001,Vitalis C1000,Supplement,Vitalis,E-commerce,10,21.0,EUR,0.0,210.0,210.0
TXN-IT-4-001175,2026-08-28 09:54:38,2026-08-28 09:55:38,IT,Proprietary ERP,B,PUR-002,PureLife BP Monitor,Medical Device,PureLife,D2C,12,90.0,EUR,0.0,1080.0,1080.0
TXN-IT-4-001176,2026-08-28 09:14:39,2026-08-28 09:16:39,IT,Proprietary ERP,B,MED-002,Medora Derm Cream,Prescription,Medora,Wholesale,5,26.0,EUR,0.2,130.0,104.0
TXN-IT-4-001177,2026-08-28 21:02:46,2026-08-28 21:03:46,IT,Proprietary ERP,B,VIT-002,Vitalis Multivit,Supplement,Vitalis,D2C,5,17.0,EUR,0.0,85.0,85.0
TXN-IT-4-001178,2026-08-28 10:59:36,2026-08-28 11:04:36,IT,Proprietary ERP,B,DER-001,Dermacare GlowSerum,Aesthetic,Dermacare,E-commerce,5,32.0,EUR,0.0,160.0,160.0
TXN-IT-4-001179,2026-08-28 18:18:44,2026-08-28 18:22:44,IT,Proprietary ERP,B,PUR-002,PureLife BP Monitor,Medical Device,PureLife,Wholesale,7,90.0,EUR,0.05,630.0,598.5
TXN-IT-4-001180,2026-08-28 15:45:52,2026-08-28 15:47:52,IT,Proprietary ERP,B,SAN-001,SanaPlus PainRelief,OTC,SanaPlus,D2C,6,9.5,EUR,0.0,57.0,57.0
TXN-IT-4-001181,2026-08-28 20:26:07,2026-08-28 20:27:07,IT,Proprietary ERP,B,PUR-001,PureLife GlucoMonitor,Medical Device,PureLife,D2C,8,85.0,EUR,0.2,680.0,544.0
TXN-IT-4-001182,2026-08-28 09:25:37,2026-08-28 09:26:37,IT,Proprietary ERP,B,VIT-001,Vitalis C1000,Supplement,Vitalis,D2C,8,21.0,EUR,0.05,168.0,159.6
TXN-IT-4-001183,2026-08-28 18:52:51,2026-08-28 18:56:51,IT,Proprietary ERP,B,MED-002,Medora Derm Cream,Prescription,Medora,E-commerce,10,26.0,EUR,0.15,260.0,221.0
TXN-IT-4-001184,2026-08-28 03:36:06,2026-08-28 03:39:06,IT,Proprietary ERP,B,PUR-002,PureLife BP Monitor,Medical Device,PureLife,Pharmacy/B2B,12,90.0,EUR,0.15,1080.0,918.0
TXN-IT-4-001185,2026-08-28 17:39:47,2026-08-28 17:43:47,IT,Proprietary ERP,B,VIT-001,Vitalis C1000,Supplement,Vitalis,D2C,7,21.0,EUR,0.0,147.0,147.0
TXN-IT-4-001186,2026-08-28 15:46:49,2026-08-28 15:50:49,IT,Proprietary ERP,B,DER-002,Dermacare LiftCream,Aesthetic,Dermacare,E-commerce,8,37.0,EUR,0.2,296.0,236.8
TXN-IT-4-001187,2026-08-28 06:05:21,2026-08-28 06:07:21,IT,Proprietary ERP,B,PUR-002,PureLife BP Monitor,Medical Device,PureLife,E-commerce,7,90.0,EUR,0.15,630.0,535.5
TXN-IT-4-001188,2026-08-28 09:36:21,2026-08-28 09:41:21,IT,Proprietary ERP,B,PUR-001,PureLife GlucoMonitor,Medical Device,PureLife,Wholesale,9,85.0,EUR,0.0,765.0,765.0
TXN-IT-4-001189,2026-08-28 00:14:37,2026-08-28 00:20:37,IT,Proprietary ERP,B,PUR-001,PureLife GlucoMonitor,Medical Device,PureLife,D2C,12,85.0,EUR,0.0,1020.0,1020.0
TXN-IT-4-001190,2026-08-28 13:41:05,2026-08-28 13:45:05,IT,Proprietary ERP,B,VIT-001,Vitalis C1000,Supplement,Vitalis,Pharmacy/B2B,10,21.0,EUR,0.0,210.0,210.0
TXN-IT-4-001191,2026-08-28 02:35:12,2026-08-28 02:36:12,IT,Proprietary ERP,B,PUR-002,PureLife BP Monitor,Medical Device,PureLife,Pharmacy/B2B,4,90.0,EUR,0.15,360.0,306.0
TXN-IT-4-001192,2026-08-28 07:10:43,2026-08-28 07:14:43,IT,Proprietary ERP,B,SAN-001,SanaPlus PainRelief,OTC,SanaPlus,E-commerce,10,9.5,EUR,0.1,95.0,85.5
TXN-IT-4-001193,2026-08-28 05:49:51,2026-08-28 05:55:51,IT,Proprietary ERP,B,SAN-001,SanaPlus PainRelief,OTC,SanaPlus,E-commerce,1,9.5,EUR,0.0,9.5,9.5
TXN-IT-4-001194,2026-08-28 23:42:29,2026-08-28 23:43:29,IT,Proprietary ERP,B,MED-001,Medora Cardio 10mg,Prescription,Medora,Wholesale,9,43.0,EUR,0.05,387.0,367.65
TXN-IT-4-001195,2026-08-28 00:04:14,2026-08-28 00:07:14,IT,Proprietary ERP,B,SAN-001,SanaPlus PainRelief,OTC,SanaPlus,D2C,6,9.5,EUR,0.1,57.0,51.3
TXN-IT-4-001196,2026-08-28 15:28:23,2026-08-28 15:34:23,IT,Proprietary ERP,B,DER-001,Dermacare GlowSerum,Aesthetic,Dermacare,E-commerce,4,32.0,EUR,0.15,128.0,108.8
TXN-IT-4-001197,2026-08-28 07:21:49,2026-08-28 07:26:49,IT,Proprietary ERP,B,DER-002,Dermacare LiftCream,Aesthetic,Dermacare,D2C,7,37.0,EUR,0.1,259.0,233.1
TXN-IT-4-001198,2026-08-28 22:44:06,2026-08-28 22:45:06,IT,Proprietary ERP,B,PUR-002,PureLife BP Monitor,Medical Device,PureLife,E-commerce,1,90.0,EUR,0.2,90.0,72.0
TXN-IT-4-001199,2026-08-28 07:47:22,2026-08-28 07:48:22,IT,Proprietary ERP,B,SAN-002,SanaPlus ColdFlu,OTC,SanaPlus,D2C,3,10.5,EUR,0.0,31.5,31.5
TXN-IT-4-001200,2026-08-28 14:59:46,2026-08-28 15:00:46,IT,Proprietary ERP,B,SAN-001,SanaPlus PainRelief,OTC,SanaPlus,E-commerce,10,9.5,EUR,0.0,95.0,95.0
TXN-IT-4-001201,2026-08-28 20:08:23,2026-08-28 20:10:23,IT,Proprietary ERP,B,MED-002,Medora Derm Cream,Prescription,Medora,Pharmacy/B2B,6,26.0,EUR,0.1,156.0,140.4
TXN-IT-4-001202,2026-08-28 06:25:39,2026-08-28 06:28:39,IT,Proprietary ERP,B,DER-002,Dermacare LiftCream,Aesthetic,Dermacare,Pharmacy/B2B,2,37.0,EUR,0.0,74.0,74.0
TXN-IT-4-001203,2026-08-28 21:29:54,2026-08-28 21:34:54,IT,Proprietary ERP,B,MED-001,Medora Cardio 10mg,Prescription,Medora,Wholesale,3,43.0,EUR,0.1,129.0,116.1
TXN-IT-4-001204,2026-08-28 12:22:42,2026-08-28 12:28:42,IT,Proprietary ERP,B,SAN-001,SanaPlus PainRelief,OTC,SanaPlus,Wholesale,9,9.5,EUR,0.2,85.5,68.4
TXN-IT-4-001205,2026-08-28 22:02:29,2026-08-28 22:05:29,IT,Proprietary ERP,B,MED-002,Medora Derm Cream,Prescription,Medora,Pharmacy/B2B,10,26.0,EUR,0.05,260.0,247.0
TXN-IT-4-001206,2026-08-28 17:57:35,2026-08-28 17:59:35,IT,Proprietary ERP,B,PUR-002,PureLife BP Monitor,Medical Device,PureLife,Wholesale,2,90.0,EUR,0.0,180.0,180.0
TXN-IT-4-001207,2026-08-28 00:24:17,2026-08-28 00:30:17,IT,Proprietary ERP,B,DER-001,Dermacare GlowSerum,Aesthetic,Dermacare,Wholesale,7,32.0,EUR,0.05,224.0,212.8
TXN-IT-4-001208,2026-08-28 20:38:43,2026-08-28 20:43:43,IT,Proprietary ERP,B,MED-002,Medora Derm Cream,Prescription,Medora,E-commerce,7,26.0,EUR,0.05,182.0,172.9
TXN-IT-4-001209,2026-08-28 12:30:58,2026-08-28 12:35:58,IT,Proprietary ERP,B,PUR-002,PureLife BP Monitor,Medical Device,PureLife,E-commerce,11,90.0,EUR,0.2,990.0,792.0
TXN-IT-4-001210,2026-08-28 05:43:12,2026-08-28 05:48:12,IT,Proprietary ERP,B,DER-002,Dermacare LiftCream,Aesthetic,Dermacare,Pharmacy/B2B,7,37.0,EUR,0.15,259.0,220.15
TXN-IT-4-001211,2026-08-28 01:48:42,2026-08-28 01:53:42,IT,Proprietary ERP,B,DER-002,Dermacare LiftCream,Aesthetic,Dermacare,Wholesale,7,37.0,EUR,0.1,259.0,233.1
TXN-IT-4-001212,2026-08-28 15:53:30,2026-08-28 15:56:30,IT,Proprietary ERP,B,SAN-001,SanaPlus PainRelief,OTC,SanaPlus,Wholesale,7,9.5,EUR,0.0,66.5,66.5
TXN-IT-4-001213,2026-08-28 22:11:01,2026-08-28 22:16:01,IT,Proprietary ERP,B,PUR-001,PureLife GlucoMonitor,Medical Device,PureLife,Pharmacy/B2B,9,85.0,EUR,0.0,765.0,765.0
TXN-IT-4-001214,2026-08-28 12:00:50,2026-08-28 12:06:50,IT,Proprietary ERP,B,PUR-001,PureLife GlucoMonitor,Medical Device,PureLife,E-commerce,7,85.0,EUR,0.2,595.0,476.0
TXN-IT-4-001215,2026-08-28 21:55:08,2026-08-28 21:57:08,IT,Proprietary ERP,B,SAN-001,SanaPlus PainRelief,OTC,SanaPlus,E-commerce,10,9.5,EUR,0.15,95.0,80.75
TXN-IT-4-001216,2026-08-28 08:16:11,2026-08-28 08:19:11,IT,Proprietary ERP,B,PUR-002,PureLife BP Monitor,Medical Device,PureLife,D2C,2,90.0,EUR,0.0,180.0,180.0
TXN-IT-4-001217,2026-08-28 21:30:35,2026-08-28 21:36:35,IT,Proprietary ERP,B,MED-001,Medora Cardio 10mg,Prescription,Medora,E-commerce,11,43.0,EUR,0.15,473.0,402.05
TXN-IT-4-001218,2026-08-28 17:16:50,2026-08-28 17:20:50,IT,Proprietary ERP,B,DER-002,Dermacare LiftCream,Aesthetic,Dermacare,D2C,6,37.0,EUR,0.2,222.0,177.6
TXN-IT-4-001219,2026-08-28 16:08:52,2026-08-28 16:13:52,IT,Proprietary ERP,B,PUR-002,PureLife BP Monitor,Medical Device,PureLife,E-commerce,11,90.0,EUR,0.1,990.0,891.0
TXN-IT-4-001220,2026-08-28 14:13:07,2026-08-28 14:18:07,IT,Proprietary ERP,B,VIT-002,Vitalis Multivit,Supplement,Vitalis,E-commerce,1,17.0,EUR,0.15,17.0,14.45
TXN-IT-4-001221,2026-08-28 21:33:07,2026-08-28 21:35:07,IT,Proprietary ERP,B,VIT-002,Vitalis Multivit,Supplement,Vitalis,D2C,4,17.0,EUR,0.0,68.0,68.0
TXN-IT-4-001222,2026-08-28 20:51:00,2026-08-28 20:57:00,IT,Proprietary ERP,B,DER-001,Dermacare GlowSerum,Aesthetic,Dermacare,Pharmacy/B2B,1,32.0,EUR,0.1,32.0,28.8
TXN-IT-4-001223,2026-08-28 02:58:06,2026-08-28 03:04:06,IT,Proprietary ERP,B,DER-002,Dermacare LiftCream,Aesthetic,Dermacare,D2C,11,37.0,EUR,0.0,407.0,407.0
TXN-IT-4-001224,2026-08-28 07:33:04,2026-08-28 07:37:04,IT,Proprietary ERP,B,VIT-002,Vitalis Multivit,Supplement,Vitalis,E-commerce,1,17.0,EUR,0.15,17.0,14.45
TXN-IT-4-001225,2026-08-28 18:53:53,2026-08-28 18:55:53,IT,Proprietary ERP,B,DER-002,Dermacare LiftCream,Aesthetic,Dermacare,Wholesale,5,37.0,EUR,0.2,185.0,148.0
TXN-IT-4-001226,2026-08-28 02:16:47,2026-08-28 02:18:47,IT,Proprietary ERP,B,DER-002,Dermacare LiftCream,Aesthetic,Dermacare,Wholesale,9,37.0,EUR,0.15,333.0,283.05
TXN-IT-4-001227,2026-08-28 23:05:22,2026-08-28 23:06:22,IT,Proprietary ERP,B,SAN-002,SanaPlus ColdFlu,OTC,SanaPlus,Wholesale,12,10.5,EUR,0.0,126.0,126.0
TXN-IT-4-001228,2026-08-28 21:24:20,2026-08-28 21:26:20,IT,Proprietary ERP,B,MED-001,Medora Cardio 10mg,Prescription,Medora,D2C,11,43.0,EUR,0.0,473.0,473.0
TXN-IT-4-001229,2026-08-28 01:59:41,2026-08-28 02:01:41,IT,Proprietary ERP,B,DER-002,Dermacare LiftCream,Aesthetic,Dermacare,Pharmacy/B2B,3,37.0,EUR,0.0,111.0,111.0
TXN-IT-4-001230,2026-08-28 04:37:50,2026-08-28 04:42:50,IT,Proprietary ERP,B,DER-001,Dermacare GlowSerum,Aesthetic,Dermacare,Pharmacy/B2B,3,32.0,EUR,0.0,96.0,96.0
TXN-IT-4-001231,2026-08-28 03:01:44,2026-08-28 03:02:44,IT,Proprietary ERP,B,VIT-002,Vitalis Multivit,Supplement,Vitalis,Pharmacy/B2B,7,17.0,EUR,0.05,119.0,113.05
TXN-IT-4-001232,2026-08-28 00:56:43,2026-08-28 01:01:43,IT,Proprietary ERP,B,DER-001,Dermacare GlowSerum,Aesthetic,Dermacare,Pharmacy/B2B,12,32.0,EUR,0.1,384.0,345.6
TXN-IT-4-001233,2026-08-28 21:48:38,2026-08-28 21:49:38,IT,Proprietary ERP,B,DER-002,Dermacare LiftCream,Aesthetic,Dermacare,Wholesale,8,37.0,EUR,0.0,296.0,296.0
TXN-IT-4-001234,2026-08-28 21:11:26,2026-08-28 21:17:26,IT,Proprietary ERP,B,PUR-001,PureLife GlucoMonitor,Medical Device,PureLife,D2C,9,85.0,EUR,0.1,765.0,688.5
TXN-IT-4-001235,2026-08-28 15:32:18,2026-08-28 15:38:18,IT,Proprietary ERP,B,DER-001,Dermacare GlowSerum,Aesthetic,Dermacare,Pharmacy/B2B,6,32.0,EUR,0.2,192.0,153.6
TXN-IT-4-001236,2026-08-28 09:19:36,2026-08-28 09:22:36,IT,Proprietary ERP,B,SAN-002,SanaPlus ColdFlu,OTC,SanaPlus,Pharmacy/B2B,6,10.5,EUR,0.1,63.0,56.7
TXN-IT-4-001237,2026-08-28 11:49:29,2026-08-28 11:52:29,IT,Proprietary ERP,B,MED-001,Medora Cardio 10mg,Prescription,Medora,Pharmacy/B2B,8,43.0,EUR,0.05,344.0,326.8
TXN-IT-4-001238,2026-08-28 11:31:51,2026-08-28 11:35:51,IT,Proprietary ERP,B,PUR-001,PureLife GlucoMonitor,Medical Device,PureLife,D2C,11,85.0,EUR,0.1,935.0,841.5
TXN-IT-4-001239,2026-08-28 14:05:44,2026-08-28 14:11:44,IT,Proprietary ERP,B,PUR-002,PureLife BP Monitor,Medical Device,PureLife,Wholesale,10,90.0,EUR,0.15,900.0,765.0
TXN-IT-4-001240,2026-08-28 07:59:48,2026-08-28 08:05:48,IT,Proprietary ERP,B,DER-001,Dermacare GlowSerum,Aesthetic,Dermacare,Wholesale,3,32.0,EUR,0.1,96.0,86.4
TXN-IT-4-001241,2026-08-28 16:44:02,2026-08-28 16:49:02,IT,Proprietary ERP,B,PUR-001,PureLife GlucoMonitor,Medical Device,PureLife,Wholesale,5,85.0,EUR,0.05,425.0,403.75
TXN-IT-4-001242,2026-08-28 10:43:54,2026-08-28 10:45:54,IT,Proprietary ERP,B,MED-001,Medora Cardio 10mg,Prescription,Medora,Wholesale,2,43.0,EUR,0.15,86.0,73.1
TXN-IT-4-001243,2026-08-28 19:40:43,2026-08-28 19:45:43,IT,Proprietary ERP,B,SAN-001,SanaPlus PainRelief,OTC,SanaPlus,Pharmacy/B2B,6,9.5,EUR,0.05,57.0,54.15
TXN-IT-4-001244,2026-08-28 17:37:43,2026-08-28 17:41:43,IT,Proprietary ERP,B,SAN-001,SanaPlus PainRelief,OTC,SanaPlus,Wholesale,8,9.5,EUR,0.2,76.0,60.8
TXN-IT-4-001245,2026-08-28 02:25:45,2026-08-28 02:30:45,IT,Proprietary ERP,B,DER-001,Dermacare GlowSerum,Aesthetic,Dermacare,Pharmacy/B2B,6,32.0,EUR,0.0,192.0,192.0
TXN-IT-4-001246,2026-08-28 08:21:18,2026-08-28 08:23:18,IT,Proprietary ERP,B,SAN-002,SanaPlus ColdFlu,OTC,SanaPlus,D2C,7,10.5,EUR,0.05,73.5,69.83
TXN-IT-4-001247,2026-08-28 13:38:40,2026-08-28 13:42:40,IT,Proprietary ERP,B,VIT-001,Vitalis C1000,Supplement,Vitalis,D2C,6,21.0,EUR,0.0,126.0,126.0
TXN-IT-4-001248,2026-08-28 19:05:01,2026-08-28 19:11:01,IT,Proprietary ERP,B,DER-002,Dermacare LiftCream,Aesthetic,Dermacare,D2C,3,37.0,EUR,0.15,111.0,94.35
TXN-IT-4-001249,2026-08-28 18:55:17,2026-08-28 18:59:17,IT,Proprietary ERP,B,PUR-001,PureLife GlucoMonitor,Medical Device,PureLife,Wholesale,5,85.0,EUR,0.2,425.0,340.0
TXN-IT-4-001250,2026-08-28 17:08:30,2026-08-28 17:10:30,IT,Proprietary ERP,B,VIT-001,Vitalis C1000,Supplement,Vitalis,Wholesale,5,21.0,EUR,0.0,105.0,105.0
TXN-IT-4-001251,2026-08-28 12:58:36,2026-08-28 13:00:36,IT,Proprietary ERP,B,SAN-001,SanaPlus PainRelief,OTC,SanaPlus,Wholesale,2,9.5,EUR,0.2,19.0,15.2
TXN-IT-4-001252,2026-08-28 08:41:09,2026-08-28 08:45:09,IT,Proprietary ERP,B,PUR-002,PureLife BP Monitor,Medical Device,PureLife,Pharmacy/B2B,11,90.0,EUR,0.0,990.0,990.0
TXN-IT-4-001253,2026-08-28 04:26:45,2026-08-28 04:32:45,IT,Proprietary ERP,B,MED-002,Medora Derm Cream,Prescription,Medora,E-commerce,5,26.0,EUR,0.05,130.0,123.5
TXN-IT-4-001254,2026-08-28 08:10:52,2026-08-28 08:13:52,IT,Proprietary ERP,B,VIT-002,Vitalis Multivit,Supplement,Vitalis,Pharmacy/B2B,5,17.0,EUR,0.15,85.0,72.25
TXN-IT-4-001255,2026-08-28 17:56:09,2026-08-28 17:57:09,IT,Proprietary ERP,B,SAN-001,SanaPlus PainRelief,OTC,SanaPlus,E-commerce,11,9.5,EUR,0.0,104.5,104.5
TXN-IT-4-001256,2026-08-28 20:32:47,2026-08-28 20:37:47,IT,Proprietary ERP,B,VIT-002,Vitalis Multivit,Supplement,Vitalis,Pharmacy/B2B,8,17.0,EUR,0.2,136.0,108.8
TXN-IT-4-001257,2026-08-28 19:31:59,2026-08-28 19:32:59,IT,Proprietary ERP,B,MED-001,Medora Cardio 10mg,Prescription,Medora,Pharmacy/B2B,4,43.0,EUR,0.0,172.0,172.0
TXN-IT-4-001258,2026-08-28 18:40:43,2026-08-28 18:41:43,IT,Proprietary ERP,B,SAN-002,SanaPlus ColdFlu,OTC,SanaPlus,Pharmacy/B2B,1,10.5,EUR,0.05,10.5,9.97
TXN-IT-4-001259,2026-08-28 15:19:04,2026-08-28 15:24:04,IT,Proprietary ERP,B,SAN-001,SanaPlus PainRelief,OTC,SanaPlus,D2C,12,9.5,EUR,0.2,114.0,91.2
TXN-IT-4-001260,2026-08-28 19:27:41,2026-08-28 19:28:41,IT,Proprietary ERP,B,MED-002,Medora Derm Cream,Prescription,Medora,Wholesale,10,26.0,EUR,0.0,260.0,260.0
TXN-IT-4-001261,2026-08-28 16:15:00,2026-08-28 16:17:00,IT,Proprietary ERP,B,MED-001,Medora Cardio 10mg,Prescription,Medora,E-commerce,10,43.0,EUR,0.0,430.0,430.0
TXN-IT-4-001262,2026-08-28 17:39:27,2026-08-28 17:45:27,IT,Proprietary ERP,B,SAN-002,SanaPlus ColdFlu,OTC,SanaPlus,Wholesale,1,10.5,EUR,0.0,10.5,10.5
TXN-IT-4-001263,2026-08-28 10:25:04,2026-08-28 10:28:04,IT,Proprietary ERP,B,MED-001,Medora Cardio 10mg,Prescription,Medora,E-commerce,11,43.0,EUR,0.1,473.0,425.7
TXN-IT-4-001264,2026-08-28 22:08:39,2026-08-28 22:14:39,IT,Proprietary ERP,B,SAN-002,SanaPlus ColdFlu,OTC,SanaPlus,E-commerce,1,10.5,EUR,0.05,10.5,9.97
TXN-IT-4-001265,2026-08-28 18:39:24,2026-08-28 18:40:24,IT,Proprietary ERP,B,VIT-001,Vitalis C1000,Supplement,Vitalis,Wholesale,12,21.0,EUR,0.0,252.0,252.0
TXN-IT-4-001266,2026-08-28 08:30:50,2026-08-28 08:32:50,IT,Proprietary ERP,B,SAN-002,SanaPlus ColdFlu,OTC,SanaPlus,Wholesale,1,10.5,EUR,0.0,10.5,10.5
TXN-IT-4-001267,2026-08-28 03:41:26,2026-08-28 03:46:26,IT,Proprietary ERP,B,PUR-002,PureLife BP Monitor,Medical Device,PureLife,Pharmacy/B2B,6,90.0,EUR,0.15,540.0,459.0
TXN-IT-4-001268,2026-08-28 16:53:57,2026-08-28 16:58:57,IT,Proprietary ERP,B,VIT-001,Vitalis C1000,Supplement,Vitalis,E-commerce,2,21.0,EUR,0.15,42.0,35.7
TXN-IT-4-001269,2026-08-28 21:04:15,2026-08-28 21:06:15,IT,Proprietary ERP,B,DER-002,Dermacare LiftCream,Aesthetic,Dermacare,E-commerce,10,37.0,EUR,0.0,370.0,370.0
TXN-IT-4-001270,2026-08-28 16:40:23,2026-08-28 16:41:23,IT,Proprietary ERP,B,SAN-002,SanaPlus ColdFlu,OTC,SanaPlus,Pharmacy/B2B,1,10.5,EUR,0.15,10.5,8.92
TXN-IT-4-001271,2026-08-28 01:01:16,2026-08-28 01:05:16,IT,Proprietary ERP,B,SAN-001,SanaPlus PainRelief,OTC,SanaPlus,Pharmacy/B2B,12,9.5,EUR,0.1,114.0,102.6
TXN-IT-4-001272,2026-08-28 13:25:05,2026-08-28 13:31:05,IT,Proprietary ERP,B,PUR-002,PureLife BP Monitor,Medical Device,PureLife,Pharmacy/B2B,12,90.0,EUR,0.2,1080.0,864.0
TXN-IT-4-001273,2026-08-28 08:13:21,2026-08-28 08:19:21,IT,Proprietary ERP,B,VIT-002,Vitalis Multivit,Supplement,Vitalis,E-commerce,1,17.0,EUR,0.0,17.0,17.0
TXN-IT-4-001274,2026-08-28 07:16:45,2026-08-28 07:20:45,IT,Proprietary ERP,B,PUR-001,PureLife GlucoMonitor,Medical Device,PureLife,Wholesale,4,85.0,EUR,0.0,340.0,340.0
TXN-IT-4-001275,2026-08-28 04:04:37,2026-08-28 04:07:37,IT,Proprietary ERP,B,VIT-001,Vitalis C1000,Supplement,Vitalis,Pharmacy/B2B,11,21.0,EUR,0.0,231.0,231.0
TXN-IT-4-001276,2026-08-28 17:33:40,2026-08-28 17:37:40,IT,Proprietary ERP,B,VIT-002,Vitalis Multivit,Supplement,Vitalis,D2C,12,17.0,EUR,0.1,204.0,183.6
TXN-IT-4-001277,2026-08-28 22:56:29,2026-08-28 23:01:29,IT,Proprietary ERP,B,SAN-001,SanaPlus PainRelief,OTC,SanaPlus,D2C,5,9.5,EUR,0.0,47.5,47.5
TXN-IT-4-001278,2026-08-28 22:00:57,2026-08-28 22:05:57,IT,Proprietary ERP,B,MED-001,Medora Cardio 10mg,Prescription,Medora,Wholesale,2,43.0,EUR,0.0,86.0,86.0
TXN-IT-4-001279,2026-08-28 06:07:14,2026-08-28 06:10:14,IT,Proprietary ERP,B,MED-002,Medora Derm Cream,Prescription,Medora,Pharmacy/B2B,6,26.0,EUR,0.0,156.0,156.0
TXN-IT-4-001280,2026-08-28 09:14:21,2026-08-28 09:18:21,IT,Proprietary ERP,B,SAN-001,SanaPlus PainRelief,OTC,SanaPlus,D2C,11,9.5,EUR,0.0,104.5,104.5
TXN-IT-4-001281,2026-08-28 00:14:37,2026-08-28 00:18:37,IT,Proprietary ERP,B,SAN-002,SanaPlus ColdFlu,OTC,SanaPlus,Pharmacy/B2B,10,10.5,EUR,0.15,105.0,89.25
TXN-IT-4-001282,2026-08-28 04:47:13,2026-08-28 04:48:13,IT,Proprietary ERP,B,DER-001,Dermacare GlowSerum,Aesthetic,Dermacare,Wholesale,1,32.0,EUR,0.05,32.0,30.4
TXN-IT-4-001283,2026-08-28 13:34:09,2026-08-28 13:36:09,IT,Proprietary ERP,B,DER-002,Dermacare LiftCream,Aesthetic,Dermacare,Wholesale,11,37.0,EUR,0.15,407.0,345.95
TXN-IT-4-001284,2026-08-28 14:05:08,2026-08-28 14:07:08,IT,Proprietary ERP,B,MED-001,Medora Cardio 10mg,Prescription,Medora,Pharmacy/B2B,10,43.0,EUR,0.0,430.0,430.0
TXN-IT-4-001285,2026-08-28 02:15:42,2026-08-28 02:17:42,IT,Proprietary ERP,B,DER-001,Dermacare GlowSerum,Aesthetic,Dermacare,Wholesale,9,32.0,EUR,0.15,288.0,244.8
TXN-IT-4-001286,2026-08-28 01:57:25,2026-08-28 01:59:25,IT,Proprietary ERP,B,DER-002,Dermacare LiftCream,Aesthetic,Dermacare,D2C,11,37.0,EUR,0.05,407.0,386.65
TXN-IT-4-001287,2026-08-28 10:09:04,2026-08-28 10:12:04,IT,Proprietary ERP,B,PUR-002,PureLife BP Monitor,Medical Device,PureLife,Pharmacy/B2B,9,90.0,EUR,0.05,810.0,769.5
TXN-IT-4-001288,2026-08-28 15:27:25,2026-08-28 15:29:25,IT,Proprietary ERP,B,DER-002,Dermacare LiftCream,Aesthetic,Dermacare,D2C,7,37.0,EUR,0.0,259.0,259.0
TXN-IT-4-001289,2026-08-28 23:13:40,2026-08-28 23:18:40,IT,Proprietary ERP,B,VIT-002,Vitalis Multivit,Supplement,Vitalis,D2C,5,17.0,EUR,0.15,85.0,72.25
TXN-IT-4-001290,2026-08-28 13:41:49,2026-08-28 13:43:49,IT,Proprietary ERP,B,DER-002,Dermacare LiftCream,Aesthetic,Dermacare,Wholesale,7,37.0,EUR,0.1,259.0,233.1
TXN-IT-4-001291,2026-08-28 19:22:28,2026-08-28 19:26:28,IT,Proprietary ERP,B,VIT-002,Vitalis Multivit,Supplement,Vitalis,Pharmacy/B2B,2,17.0,EUR,0.0,34.0,34.0
TXN-IT-4-001292,2026-08-28 04:19:56,2026-08-28 04:22:56,IT,Proprietary ERP,B,SAN-001,SanaPlus PainRelief,OTC,SanaPlus,Wholesale,8,9.5,EUR,0.0,76.0,76.0
TXN-IT-4-001293,2026-08-28 05:52:31,2026-08-28 05:58:31,IT,Proprietary ERP,B,MED-001,Medora Cardio 10mg,Prescription,Medora,D2C,8,43.0,EUR,0.15,344.0,292.4
TXN-IT-4-001294,2026-08-28 10:55:14,2026-08-28 11:01:14,IT,Proprietary ERP,B,DER-002,Dermacare LiftCream,Aesthetic,Dermacare,Pharmacy/B2B,4,37.0,EUR,0.0,148.0,148.0
TXN-IT-4-001295,2026-08-28 10:26:54,2026-08-28 10:28:54,IT,Proprietary ERP,B,DER-001,Dermacare GlowSerum,Aesthetic,Dermacare,D2C,12,32.0,EUR,0.15,384.0,326.4
TXN-IT-4-001296,2026-08-28 10:10:27,2026-08-28 10:16:27,IT,Proprietary ERP,B,PUR-001,PureLife GlucoMonitor,Medical Device,PureLife,Wholesale,11,85.0,EUR,0.2,935.0,748.0
TXN-IT-4-001297,2026-08-28 15:26:49,2026-08-28 15:32:49,IT,Proprietary ERP,B,PUR-002,PureLife BP Monitor,Medical Device,PureLife,Wholesale,5,90.0,EUR,0.05,450.0,427.5
TXN-IT-4-001298,2026-08-28 14:53:02,2026-08-28 14:58:02,IT,Proprietary ERP,B,VIT-002,Vitalis Multivit,Supplement,Vitalis,Wholesale,3,17.0,EUR,0.05,51.0,48.45
TXN-IT-4-001299,2026-08-28 11:03:09,2026-08-28 11:04:09,IT,Proprietary ERP,B,SAN-001,SanaPlus PainRelief,OTC,SanaPlus,Pharmacy/B2B,3,9.5,EUR,0.0,28.5,28.5
TXN-IT-4-001300,2026-08-28 15:44:57,2026-08-28 15:48:57,IT,Proprietary ERP,B,DER-001,Dermacare GlowSerum,Aesthetic,Dermacare,D2C,4,32.0,EUR,0.0,128.0,128.0
TXN-IT-4-001301,2026-08-28 19:28:48,2026-08-28 19:33:48,IT,Proprietary ERP,B,VIT-002,Vitalis Multivit,Supplement,Vitalis,Pharmacy/B2B,12,17.0,EUR,0.0,204.0,204.0
TXN-IT-4-001302,2026-08-28 13:33:42,2026-08-28 13:39:42,IT,Proprietary ERP,B,SAN-001,SanaPlus PainRelief,OTC,SanaPlus,Pharmacy/B2B,5,9.5,EUR,0.0,47.5,47.5
TXN-IT-4-001303,2026-08-28 17:45:48,2026-08-28 17:50:48,IT,Proprietary ERP,B,PUR-002,PureLife BP Monitor,Medical Device,PureLife,D2C,3,90.0,EUR,0.0,270.0,270.0
TXN-IT-4-001304,2026-08-28 15:58:20,2026-08-28 16:02:20,IT,Proprietary ERP,B,MED-001,Medora Cardio 10mg,Prescription,Medora,D2C,10,43.0,EUR,0.05,430.0,408.5
TXN-IT-4-001305,2026-08-28 18:58:47,2026-08-28 19:04:47,IT,Proprietary ERP,B,VIT-002,Vitalis Multivit,Supplement,Vitalis,Wholesale,3,17.0,EUR,0.05,51.0,48.45
TXN-IT-4-001306,2026-08-28 17:26:53,2026-08-28 17:29:53,IT,Proprietary ERP,B,SAN-002,SanaPlus ColdFlu,OTC,SanaPlus,D2C,11,10.5,EUR,0.0,115.5,115.5
TXN-IT-4-001307,2026-08-28 14:08:26,2026-08-28 14:10:26,IT,Proprietary ERP,B,MED-002,Medora Derm Cream,Prescription,Medora,E-commerce,11,26.0,EUR,0.0,286.0,286.0
TXN-IT-4-001308,2026-08-28 04:53:32,2026-08-28 04:56:32,IT,Proprietary ERP,B,PUR-001,PureLife GlucoMonitor,Medical Device,PureLife,Pharmacy/B2B,12,85.0,EUR,0.0,1020.0,1020.0
TXN-IT-4-001309,2026-08-28 12:00:49,2026-08-28 12:02:49,IT,Proprietary ERP,B,DER-001,Dermacare GlowSerum,Aesthetic,Dermacare,Pharmacy/B2B,2,32.0,EUR,0.0,64.0,64.0
TXN-IT-4-001310,2026-08-28 07:22:10,2026-08-28 07:28:10,IT,Proprietary ERP,B,VIT-002,Vitalis Multivit,Supplement,Vitalis,Wholesale,3,17.0,EUR,0.2,51.0,40.8
TXN-IT-4-001311,2026-08-28 11:34:37,2026-08-28 11:37:37,IT,Proprietary ERP,B,VIT-001,Vitalis C1000,Supplement,Vitalis,Pharmacy/B2B,7,21.0,EUR,0.0,147.0,147.0
TXN-IT-4-001312,2026-08-28 14:10:11,2026-08-28 14:15:11,IT,Proprietary ERP,B,DER-002,Dermacare LiftCream,Aesthetic,Dermacare,E-commerce,6,37.0,EUR,0.1,222.0,199.8
TXN-IT-4-001313,2026-08-28 05:23:20,2026-08-28 05:27:20,IT,Proprietary ERP,B,VIT-002,Vitalis Multivit,Supplement,Vitalis,D2C,1,17.0,EUR,0.0,17.0,17.0
TXN-IT-4-001314,2026-08-28 22:27:52,2026-08-28 22:30:52,IT,Proprietary ERP,B,SAN-002,SanaPlus ColdFlu,OTC,SanaPlus,Pharmacy/B2B,6,10.5,EUR,0.0,63.0,63.0
TXN-IT-4-001315,2026-08-28 21:41:15,2026-08-28 21:42:15,IT,Proprietary ERP,B,VIT-002,Vitalis Multivit,Supplement,Vitalis,Pharmacy/B2B,9,17.0,EUR,0.0,153.0,153.0
TXN-IT-4-001316,2026-08-28 00:27:52,2026-08-28 00:32:52,IT,Proprietary ERP,B,MED-002,Medora Derm Cream,Prescription,Medora,E-commerce,9,26.0,EUR,0.15,234.0,198.9
TXN-IT-4-001317,2026-08-28 00:51:38,2026-08-28 00:54:38,IT,Proprietary ERP,B,SAN-001,SanaPlus PainRelief,OTC,SanaPlus,Wholesale,6,9.5,EUR,0.0,57.0,57.0
TXN-IT-4-001318,2026-08-28 05:15:35,2026-08-28 05:17:35,IT,Proprietary ERP,B,DER-001,Dermacare GlowSerum,Aesthetic,Dermacare,D2C,8,32.0,EUR,0.0,256.0,256.0
TXN-IT-4-001319,2026-08-28 15:55:43,2026-08-28 16:01:43,IT,Proprietary ERP,B,SAN-002,SanaPlus ColdFlu,OTC,SanaPlus,Wholesale,6,10.5,EUR,0.1,63.0,56.7
TXN-IT-4-001320,2026-08-28 14:09:55,2026-08-28 14:12:55,IT,Proprietary ERP,B,PUR-002,PureLife BP Monitor,Medical Device,PureLife,D2C,12,90.0,EUR,0.0,1080.0,1080.0
TXN-IT-4-001321,2026-08-28 02:42:26,2026-08-28 02:47:26,IT,Proprietary ERP,B,SAN-002,SanaPlus ColdFlu,OTC,SanaPlus,E-commerce,12,10.5,EUR,0.1,126.0,113.4
TXN-IT-4-001322,2026-08-28 17:27:36,2026-08-28 17:29:36,IT,Proprietary ERP,B,DER-002,Dermacare LiftCream,Aesthetic,Dermacare,Wholesale,4,37.0,EUR,0.05,148.0,140.6
TXN-IT-4-001323,2026-08-28 22:11:21,2026-08-28 22:15:21,IT,Proprietary ERP,B,SAN-002,SanaPlus ColdFlu,OTC,SanaPlus,Wholesale,4,10.5,EUR,0.15,42.0,35.7
TXN-IT-4-001324,2026-08-28 12:50:13,2026-08-28 12:52:13,IT,Proprietary ERP,B,DER-002,Dermacare LiftCream,Aesthetic,Dermacare,D2C,1,37.0,EUR,0.1,37.0,33.3
TXN-IT-4-001325,2026-08-28 17:43:17,2026-08-28 17:49:17,IT,Proprietary ERP,B,MED-001,Medora Cardio 10mg,Prescription,Medora,Pharmacy/B2B,9,43.0,EUR,0.0,387.0,387.0
TXN-IT-4-001326,2026-08-28 13:44:14,2026-08-28 13:46:14,IT,Proprietary ERP,B,DER-002,Dermacare LiftCream,Aesthetic,Dermacare,D2C,5,37.0,EUR,0.0,185.0,185.0
TXN-IT-4-001327,2026-08-28 10:33:36,2026-08-28 10:36:36,IT,Proprietary ERP,B,VIT-002,Vitalis Multivit,Supplement,Vitalis,Wholesale,3,17.0,EUR,0.05,51.0,48.45
TXN-IT-4-001328,2026-08-28 17:48:04,2026-08-28 17:53:04,IT,Proprietary ERP,B,PUR-002,PureLife BP Monitor,Medical Device,PureLife,D2C,9,90.0,EUR,0.2,810.0,648.0
TXN-IT-4-001329,2026-08-28 19:27:53,2026-08-28 19:29:53,IT,Proprietary ERP,B,VIT-002,Vitalis Multivit,Supplement,Vitalis,Wholesale,3,17.0,EUR,0.05,51.0,48.45
TXN-IT-4-001330,2026-08-28 03:18:49,2026-08-28 03:23:49,IT,Proprietary ERP,B,SAN-001,SanaPlus PainRelief,OTC,SanaPlus,Wholesale,10,9.5,EUR,0.2,95.0,76.0
TXN-IT-4-001331,2026-08-28 17:09:32,2026-08-28 17:14:32,IT,Proprietary ERP,B,MED-002,Medora Derm Cream,Prescription,Medora,D2C,7,26.0,EUR,0.2,182.0,145.6
TXN-IT-4-001332,2026-08-28 09:01:01,2026-08-28 09:05:01,IT,Proprietary ERP,B,MED-001,Medora Cardio 10mg,Prescription,Medora,Wholesale,12,43.0,EUR,0.15,516.0,438.6
TXN-IT-4-001333,2026-08-28 08:00:51,2026-08-28 08:01:51,IT,Proprietary ERP,B,SAN-002,SanaPlus ColdFlu,OTC,SanaPlus,Pharmacy/B2B,7,10.5,EUR,0.2,73.5,58.8
TXN-IT-4-001334,2026-08-28 03:43:22,2026-08-28 03:48:22,IT,Proprietary ERP,B,VIT-001,Vitalis C1000,Supplement,Vitalis,Pharmacy/B2B,10,21.0,EUR,0.0,210.0,210.0
TXN-IT-4-001335,2026-08-28 19:23:13,2026-08-28 19:28:13,IT,Proprietary ERP,B,VIT-001,Vitalis C1000,Supplement,Vitalis,D2C,3,21.0,EUR,0.05,63.0,59.85
TXN-IT-4-001336,2026-08-28 17:58:08,2026-08-28 18:02:08,IT,Proprietary ERP,B,PUR-001,PureLife GlucoMonitor,Medical Device,PureLife,Pharmacy/B2B,2,85.0,EUR,0.05,170.0,161.5
TXN-IT-4-001337,2026-08-28 06:53:49,2026-08-28 06:59:49,IT,Proprietary ERP,B,DER-002,Dermacare LiftCream,Aesthetic,Dermacare,Pharmacy/B2B,12,37.0,EUR,0.2,444.0,355.2
TXN-IT-4-001338,2026-08-28 06:43:12,2026-08-28 06:45:12,IT,Proprietary ERP,B,PUR-001,PureLife GlucoMonitor,Medical Device,PureLife,E-commerce,10,85.0,EUR,0.0,850.0,850.0
TXN-IT-4-001339,2026-08-28 18:45:32,2026-08-28 18:46:32,IT,Proprietary ERP,B,PUR-001,PureLife GlucoMonitor,Medical Device,PureLife,Pharmacy/B2B,5,85.0,EUR,0.05,425.0,403.75
TXN-IT-4-001340,2026-08-28 03:39:53,2026-08-28 03:44:53,IT,Proprietary ERP,B,PUR-002,PureLife BP Monitor,Medical Device,PureLife,Pharmacy/B2B,6,90.0,EUR,0.15,540.0,459.0
TXN-IT-4-001341,2026-08-28 22:52:17,2026-08-28 22:53:17,IT,Proprietary ERP,B,SAN-002,SanaPlus ColdFlu,OTC,SanaPlus,E-commerce,12,10.5,EUR,0.05,126.0,119.7
TXN-IT-4-001342,2026-08-28 14:19:20,2026-08-28 14:22:20,IT,Proprietary ERP,B,VIT-001,Vitalis C1000,Supplement,Vitalis,Wholesale,12,21.0,EUR,0.05,252.0,239.4
TXN-IT-4-001343,2026-08-28 09:57:33,2026-08-28 10:03:33,IT,Proprietary ERP,B,VIT-001,Vitalis C1000,Supplement,Vitalis,Pharmacy/B2B,6,21.0,EUR,0.15,126.0,107.1
TXN-IT-4-001344,2026-08-28 04:43:04,2026-08-28 04:45:04,IT,Proprietary ERP,B,PUR-002,PureLife BP Monitor,Medical Device,PureLife,D2C,8,90.0,EUR,0.0,720.0,720.0
TXN-IT-4-001345,2026-08-28 02:18:12,2026-08-28 02:22:12,IT,Proprietary ERP,B,MED-001,Medora Cardio 10mg,Prescription,Medora,Pharmacy/B2B,9,43.0,EUR,0.0,387.0,387.0
TXN-IT-4-001346,2026-08-28 06:07:35,2026-08-28 06:08:35,IT,Proprietary ERP,B,MED-002,Medora Derm Cream,Prescription,Medora,Pharmacy/B2B,4,26.0,EUR,0.0,104.0,104.0
TXN-IT-4-001347,2026-08-28 10:27:46,2026-08-28 10:33:46,IT,Proprietary ERP,B,PUR-001,PureLife GlucoMonitor,Medical Device,PureLife,E-commerce,11,85.0,EUR,0.0,935.0,935.0
TXN-IT-4-001348,2026-08-28 14:55:00,2026-08-28 15:01:00,IT,Proprietary ERP,B,VIT-002,Vitalis Multivit,Supplement,Vitalis,Pharmacy/B2B,11,17.0,EUR,0.0,187.0,187.0
TXN-IT-4-001349,2026-08-28 20:52:24,2026-08-28 20:56:24,IT,Proprietary ERP,B,SAN-001,SanaPlus PainRelief,OTC,SanaPlus,E-commerce,6,9.5,EUR,0.1,57.0,51.3
TXN-IT-4-001350,2026-08-28 18:33:57,2026-08-28 18:35:57,IT,Proprietary ERP,B,PUR-002,PureLife BP Monitor,Medical Device,PureLife,D2C,3,90.0,EUR,0.05,270.0,256.5
TXN-IT-4-001351,2026-08-28 17:18:13,2026-08-28 17:21:13,IT,Proprietary ERP,B,DER-001,Dermacare GlowSerum,Aesthetic,Dermacare,E-commerce,12,32.0,EUR,0.05,384.0,364.8
TXN-IT-4-001352,2026-08-28 12:19:37,2026-08-28 12:22:37,IT,Proprietary ERP,B,MED-001,Medora Cardio 10mg,Prescription,Medora,Wholesale,9,43.0,EUR,0.0,387.0,387.0
TXN-IT-4-001353,2026-08-28 10:13:58,2026-08-28 10:17:58,IT,Proprietary ERP,B,VIT-002,Vitalis Multivit,Supplement,Vitalis,D2C,6,17.0,EUR,0.0,102.0,102.0
TXN-IT-4-001354,2026-08-28 11:23:01,2026-08-28 11:27:01,IT,Proprietary ERP,B,SAN-002,SanaPlus ColdFlu,OTC,SanaPlus,Pharmacy/B2B,5,10.5,EUR,0.05,52.5,49.88
TXN-IT-4-001355,2026-08-28 18:36:35,2026-08-28 18:38:35,IT,Proprietary ERP,B,PUR-002,PureLife BP Monitor,Medical Device,PureLife,Wholesale,6,90.0,EUR,0.1,540.0,486.0
TXN-IT-4-001356,2026-08-28 12:32:34,2026-08-28 12:38:34,IT,Proprietary ERP,B,VIT-002,Vitalis Multivit,Supplement,Vitalis,E-commerce,12,17.0,EUR,0.0,204.0,204.0
TXN-IT-4-001357,2026-08-28 10:51:43,2026-08-28 10:57:43,IT,Proprietary ERP,B,MED-002,Medora Derm Cream,Prescription,Medora,E-commerce,6,26.0,EUR,0.05,156.0,148.2
TXN-IT-4-001358,2026-08-28 16:29:54,2026-08-28 16:34:54,IT,Proprietary ERP,B,MED-002,Medora Derm Cream,Prescription,Medora,Pharmacy/B2B,10,26.0,EUR,0.15,260.0,221.0
TXN-IT-4-001359,2026-08-28 21:14:30,2026-08-28 21:16:30,IT,Proprietary ERP,B,DER-002,Dermacare LiftCream,Aesthetic,Dermacare,Pharmacy/B2B,9,37.0,EUR,0.15,333.0,283.05
TXN-IT-4-001360,2026-08-28 14:44:57,2026-08-28 14:47:57,IT,Proprietary ERP,B,MED-001,Medora Cardio 10mg,Prescription,Medora,E-commerce,12,43.0,EUR,0.2,516.0,412.8
TXN-IT-4-001361,2026-08-28 12:09:28,2026-08-28 12:14:28,IT,Proprietary ERP,B,DER-002,Dermacare LiftCream,Aesthetic,Dermacare,Wholesale,1,37.0,EUR,0.05,37.0,35.15
TXN-IT-4-001362,2026-08-28 12:15:04,2026-08-28 12:16:04,IT,Proprietary ERP,B,PUR-001,PureLife GlucoMonitor,Medical Device,PureLife,D2C,10,85.0,EUR,0.15,850.0,722.5
TXN-IT-4-001363,2026-08-28 19:58:08,2026-08-28 20:04:08,IT,Proprietary ERP,B,SAN-002,SanaPlus ColdFlu,OTC,SanaPlus,D2C,2,10.5,EUR,0.1,21.0,18.9
TXN-IT-4-001364,2026-08-28 03:01:02,2026-08-28 03:04:02,IT,Proprietary ERP,B,SAN-002,SanaPlus ColdFlu,OTC,SanaPlus,E-commerce,8,10.5,EUR,0.0,84.0,84.0
TXN-IT-4-001365,2026-08-28 02:37:44,2026-08-28 02:42:44,IT,Proprietary ERP,B,VIT-001,Vitalis C1000,Supplement,Vitalis,D2C,4,21.0,EUR,0.1,84.0,75.6
TXN-IT-4-001366,2026-08-28 07:58:47,2026-08-28 08:04:47,IT,Proprietary ERP,B,SAN-001,SanaPlus PainRelief,OTC,SanaPlus,D2C,5,9.5,EUR,0.0,47.5,47.5
TXN-IT-4-001367,2026-08-28 03:25:57,2026-08-28 03:26:57,IT,Proprietary ERP,B,DER-001,Dermacare GlowSerum,Aesthetic,Dermacare,D2C,5,32.0,EUR,0.05,160.0,152.0
TXN-IT-4-001368,2026-08-28 19:29:56,2026-08-28 19:30:56,IT,Proprietary ERP,B,DER-001,Dermacare GlowSerum,Aesthetic,Dermacare,E-commerce,7,32.0,EUR,0.0,224.0,224.0
TXN-IT-4-001369,2026-08-28 08:01:43,2026-08-28 08:06:43,IT,Proprietary ERP,B,MED-002,Medora Derm Cream,Prescription,Medora,E-commerce,7,26.0,EUR,0.0,182.0,182.0
TXN-IT-4-001370,2026-08-28 16:40:20,2026-08-28 16:45:20,IT,Proprietary ERP,B,SAN-002,SanaPlus ColdFlu,OTC,SanaPlus,E-commerce,6,10.5,EUR,0.0,63.0,63.0
TXN-IT-4-001371,2026-08-28 23:23:23,2026-08-28 23:24:23,IT,Proprietary ERP,B,VIT-001,Vitalis C1000,Supplement,Vitalis,D2C,1,21.0,EUR,0.0,21.0,21.0
TXN-IT-4-001372,2026-08-28 03:20:02,2026-08-28 03:21:02,IT,Proprietary ERP,B,DER-002,Dermacare LiftCream,Aesthetic,Dermacare,Pharmacy/B2B,5,37.0,EUR,0.2,185.0,148.0
TXN-IT-4-001373,2026-08-28 18:22:19,2026-08-28 18:26:19,IT,Proprietary ERP,B,VIT-001,Vitalis C1000,Supplement,Vitalis,E-commerce,8,21.0,EUR,0.15,168.0,142.8
TXN-IT-4-001374,2026-08-28 15:51:49,2026-08-28 15:52:49,IT,Proprietary ERP,B,PUR-001,PureLife GlucoMonitor,Medical Device,PureLife,E-commerce,8,85.0,EUR,0.2,680.0,544.0
TXN-IT-4-001375,2026-08-28 17:25:58,2026-08-28 17:28:58,IT,Proprietary ERP,B,PUR-002,PureLife BP Monitor,Medical Device,PureLife,Wholesale,5,90.0,EUR,0.0,450.0,450.0
TXN-IT-4-001376,2026-08-28 06:02:28,2026-08-28 06:04:28,IT,Proprietary ERP,B,MED-002,Medora Derm Cream,Prescription,Medora,E-commerce,10,26.0,EUR,0.1,260.0,234.0
TXN-IT-4-001377,2026-08-28 20:57:27,2026-08-28 20:59:27,IT,Proprietary ERP,B,DER-001,Dermacare GlowSerum,Aesthetic,Dermacare,Wholesale,6,32.0,EUR,0.05,192.0,182.4
TXN-IT-4-001378,2026-08-28 21:57:00,2026-08-28 22:03:00,IT,Proprietary ERP,B,DER-002,Dermacare LiftCream,Aesthetic,Dermacare,E-commerce,2,37.0,EUR,0.05,74.0,70.3
TXN-IT-4-001379,2026-08-28 07:41:16,2026-08-28 07:45:16,IT,Proprietary ERP,B,PUR-002,PureLife BP Monitor,Medical Device,PureLife,Pharmacy/B2B,5,90.0,EUR,0.0,450.0,450.0
TXN-IT-4-001380,2026-08-28 04:08:33,2026-08-28 04:10:33,IT,Proprietary ERP,B,DER-002,Dermacare LiftCream,Aesthetic,Dermacare,D2C,2,37.0,EUR,0.0,74.0,74.0
TXN-IT-4-001381,2026-08-28 11:14:15,2026-08-28 11:18:15,IT,Proprietary ERP,B,DER-002,Dermacare LiftCream,Aesthetic,Dermacare,D2C,6,37.0,EUR,0.05,222.0,210.9
TXN-IT-4-001382,2026-08-28 07:36:10,2026-08-28 07:37:10,IT,Proprietary ERP,B,VIT-002,Vitalis Multivit,Supplement,Vitalis,D2C,2,17.0,EUR,0.1,34.0,30.6
TXN-IT-4-001383,2026-08-28 02:24:04,2026-08-28 02:26:04,IT,Proprietary ERP,B,VIT-001,Vitalis C1000,Supplement,Vitalis,E-commerce,7,21.0,EUR,0.2,147.0,117.6
TXN-IT-4-001384,2026-08-28 09:21:11,2026-08-28 09:23:11,IT,Proprietary ERP,B,MED-001,Medora Cardio 10mg,Prescription,Medora,Wholesale,11,43.0,EUR,0.2,473.0,378.4
TXN-IT-4-001385,2026-08-28 05:28:41,2026-08-28 05:31:41,IT,Proprietary ERP,B,MED-001,Medora Cardio 10mg,Prescription,Medora,Wholesale,5,43.0,EUR,0.1,215.0,193.5
TXN-IT-4-001386,2026-08-28 16:37:30,2026-08-28 16:41:30,IT,Proprietary ERP,B,SAN-001,SanaPlus PainRelief,OTC,SanaPlus,Wholesale,8,9.5,EUR,0.0,76.0,76.0
TXN-IT-4-001387,2026-08-28 23:11:11,2026-08-28 23:12:11,IT,Proprietary ERP,B,MED-002,Medora Derm Cream,Prescription,Medora,Wholesale,2,26.0,EUR,0.0,52.0,52.0
TXN-IT-4-001388,2026-08-28 12:21:33,2026-08-28 12:22:33,IT,Proprietary ERP,B,PUR-001,PureLife GlucoMonitor,Medical Device,PureLife,Pharmacy/B2B,11,85.0,EUR,0.0,935.0,935.0
TXN-IT-4-001389,2026-08-28 21:41:16,2026-08-28 21:46:16,IT,Proprietary ERP,B,PUR-001,PureLife GlucoMonitor,Medical Device,PureLife,Wholesale,12,85.0,EUR,0.05,1020.0,969.0
TXN-IT-4-001390,2026-08-28 19:41:27,2026-08-28 19:46:27,IT,Proprietary ERP,B,PUR-002,PureLife BP Monitor,Medical Device,PureLife,Pharmacy/B2B,9,90.0,EUR,0.05,810.0,769.5
TXN-IT-4-001391,2026-08-28 04:55:34,2026-08-28 05:01:34,IT,Proprietary ERP,B,SAN-001,SanaPlus PainRelief,OTC,SanaPlus,E-commerce,2,9.5,EUR,0.0,19.0,19.0
TXN-IT-4-001392,2026-08-28 18:32:48,2026-08-28 18:38:48,IT,Proprietary ERP,B,DER-002,Dermacare LiftCream,Aesthetic,Dermacare,E-commerce,2,37.0,EUR,0.2,74.0,59.2
TXN-IT-4-001393,2026-08-28 13:54:04,2026-08-28 13:58:04,IT,Proprietary ERP,B,DER-002,Dermacare LiftCream,Aesthetic,Dermacare,Pharmacy/B2B,6,37.0,EUR,0.15,222.0,188.7
TXN-IT-4-001394,2026-08-28 01:50:26,2026-08-28 01:56:26,IT,Proprietary ERP,B,MED-001,Medora Cardio 10mg,Prescription,Medora,E-commerce,11,43.0,EUR,0.0,473.0,473.0
TXN-IT-4-001395,2026-08-28 02:23:38,2026-08-28 02:24:38,IT,Proprietary ERP,B,MED-002,Medora Derm Cream,Prescription,Medora,E-commerce,11,26.0,EUR,0.1,286.0,257.4
TXN-IT-4-001396,2026-08-28 07:35:38,2026-08-28 07:40:38,IT,Proprietary ERP,B,SAN-001,SanaPlus PainRelief,OTC,SanaPlus,D2C,3,9.5,EUR,0.0,28.5,28.5
TXN-IT-4-001397,2026-08-28 19:10:17,2026-08-28 19:15:17,IT,Proprietary ERP,B,DER-001,Dermacare GlowSerum,Aesthetic,Dermacare,Wholesale,2,32.0,EUR,0.2,64.0,51.2
TXN-IT-4-001398,2026-08-28 09:19:54,2026-08-28 09:21:54,IT,Proprietary ERP,B,SAN-002,SanaPlus ColdFlu,OTC,SanaPlus,D2C,8,10.5,EUR,0.0,84.0,84.0
TXN-IT-4-001399,2026-08-28 23:42:25,2026-08-28 23:47:25,IT,Proprietary ERP,B,DER-001,Dermacare GlowSerum,Aesthetic,Dermacare,Wholesale,7,32.0,EUR,0.0,224.0,224.0
TXN-IT-4-001400,2026-08-28 20:27:38,2026-08-28 20:32:38,IT,Proprietary ERP,B,DER-001,Dermacare GlowSerum,Aesthetic,Dermacare,Pharmacy/B2B,2,32.0,EUR,0.15,64.0,54.4
TXN-IT-4-001401,2026-08-28 02:23:48,2026-08-28 02:24:48,IT,Proprietary ERP,B,DER-002,Dermacare LiftCream,Aesthetic,Dermacare,E-commerce,8,37.0,EUR,0.15,296.0,251.6
TXN-IT-4-001402,2026-08-28 21:10:10,2026-08-28 21:15:10,IT,Proprietary ERP,B,DER-001,Dermacare GlowSerum,Aesthetic,Dermacare,D2C,10,32.0,EUR,0.2,320.0,256.0
TXN-IT-4-001403,2026-08-28 02:33:28,2026-08-28 02:35:28,IT,Proprietary ERP,B,SAN-001,SanaPlus PainRelief,OTC,SanaPlus,D2C,12,9.5,EUR,0.1,114.0,102.6
TXN-IT-4-001404,2026-08-28 14:45:54,2026-08-28 14:51:54,IT,Proprietary ERP,B,PUR-001,PureLife GlucoMonitor,Medical Device,PureLife,E-commerce,9,85.0,EUR,0.05,765.0,726.75
TXN-IT-4-001405,2026-08-28 05:56:58,2026-08-28 06:01:58,IT,Proprietary ERP,B,DER-002,Dermacare LiftCream,Aesthetic,Dermacare,D2C,7,37.0,EUR,0.0,259.0,259.0
TXN-IT-4-001406,2026-08-28 04:49:33,2026-08-28 04:54:33,IT,Proprietary ERP,B,VIT-002,Vitalis Multivit,Supplement,Vitalis,Pharmacy/B2B,6,17.0,EUR,0.1,102.0,91.8
TXN-IT-4-001407,2026-08-28 19:15:21,2026-08-28 19:16:21,IT,Proprietary ERP,B,VIT-001,Vitalis C1000,Supplement,Vitalis,Pharmacy/B2B,11,21.0,EUR,0.0,231.0,231.0
TXN-IT-4-001408,2026-08-28 10:38:14,2026-08-28 10:43:14,IT,Proprietary ERP,B,VIT-001,Vitalis C1000,Supplement,Vitalis,E-commerce,5,21.0,EUR,0.0,105.0,105.0
TXN-IT-4-001409,2026-08-28 22:29:19,2026-08-28 22:35:19,IT,Proprietary ERP,B,PUR-002,PureLife BP Monitor,Medical Device,PureLife,Pharmacy/B2B,2,90.0,EUR,0.1,180.0,162.0
TXN-IT-4-001410,2026-08-28 22:49:47,2026-08-28 22:52:47,IT,Proprietary ERP,B,SAN-001,SanaPlus PainRelief,OTC,SanaPlus,Pharmacy/B2B,3,9.5,EUR,0.15,28.5,24.22
TXN-IT-4-001411,2026-08-28 18:40:15,2026-08-28 18:46:15,IT,Proprietary ERP,B,SAN-001,SanaPlus PainRelief,OTC,SanaPlus,Wholesale,3,9.5,EUR,0.0,28.5,28.5
TXN-IT-4-001412,2026-08-28 15:25:51,2026-08-28 15:27:51,IT,Proprietary ERP,B,MED-001,Medora Cardio 10mg,Prescription,Medora,D2C,11,43.0,EUR,0.0,473.0,473.0
TXN-IT-4-001413,2026-08-28 12:52:59,2026-08-28 12:53:59,IT,Proprietary ERP,B,DER-002,Dermacare LiftCream,Aesthetic,Dermacare,D2C,5,37.0,EUR,0.0,185.0,185.0
TXN-IT-4-001414,2026-08-28 13:48:57,2026-08-28 13:50:57,IT,Proprietary ERP,B,DER-001,Dermacare GlowSerum,Aesthetic,Dermacare,E-commerce,5,32.0,EUR,0.15,160.0,136.0
TXN-IT-4-001415,2026-08-28 11:18:10,2026-08-28 11:21:10,IT,Proprietary ERP,B,VIT-001,Vitalis C1000,Supplement,Vitalis,Wholesale,8,21.0,EUR,0.1,168.0,151.2
TXN-IT-4-001416,2026-08-28 20:23:37,2026-08-28 20:28:37,IT,Proprietary ERP,B,SAN-002,SanaPlus ColdFlu,OTC,SanaPlus,D2C,4,10.5,EUR,0.15,42.0,35.7
TXN-IT-4-001417,2026-08-28 19:00:46,2026-08-28 19:02:46,IT,Proprietary ERP,B,VIT-002,Vitalis Multivit,Supplement,Vitalis,D2C,3,17.0,EUR,0.0,51.0,51.0
TXN-IT-4-001418,2026-08-28 12:19:10,2026-08-28 12:21:10,IT,Proprietary ERP,B,VIT-001,Vitalis C1000,Supplement,Vitalis,Pharmacy/B2B,5,21.0,EUR,0.0,105.0,105.0
TXN-IT-4-001419,2026-08-28 17:43:44,2026-08-28 17:48:44,IT,Proprietary ERP,B,PUR-001,PureLife GlucoMonitor,Medical Device,PureLife,Pharmacy/B2B,1,85.0,EUR,0.0,85.0,85.0
TXN-IT-4-001420,2026-08-28 06:38:48,2026-08-28 06:41:48,IT,Proprietary ERP,B,PUR-002,PureLife BP Monitor,Medical Device,PureLife,Pharmacy/B2B,5,90.0,EUR,0.0,450.0,450.0
TXN-IT-4-001421,2026-08-28 21:05:12,2026-08-28 21:08:12,IT,Proprietary ERP,B,DER-002,Dermacare LiftCream,Aesthetic,Dermacare,E-commerce,9,37.0,EUR,0.1,333.0,299.7
TXN-IT-4-001422,2026-08-28 13:53:27,2026-08-28 13:58:27,IT,Proprietary ERP,B,SAN-001,SanaPlus PainRelief,OTC,SanaPlus,D2C,8,9.5,EUR,0.1,76.0,68.4
TXN-IT-4-001423,2026-08-28 17:07:58,2026-08-28 17:10:58,IT,Proprietary ERP,B,VIT-001,Vitalis C1000,Supplement,Vitalis,Pharmacy/B2B,2,21.0,EUR,0.15,42.0,35.7
TXN-IT-4-001424,2026-08-28 09:22:30,2026-08-28 09:27:30,IT,Proprietary ERP,B,MED-002,Medora Derm Cream,Prescription,Medora,E-commerce,8,26.0,EUR,0.0,208.0,208.0
TXN-IT-4-001425,2026-08-28 22:31:52,2026-08-28 22:33:52,IT,Proprietary ERP,B,VIT-001,Vitalis C1000,Supplement,Vitalis,Pharmacy/B2B,1,21.0,EUR,0.15,21.0,17.85
TXN-IT-4-001426,2026-08-28 17:29:26,2026-08-28 17:31:26,IT,Proprietary ERP,B,MED-002,Medora Derm Cream,Prescription,Medora,E-commerce,8,26.0,EUR,0.1,208.0,187.2
TXN-IT-4-001427,2026-08-28 18:02:49,2026-08-28 18:03:49,IT,Proprietary ERP,B,VIT-002,Vitalis Multivit,Supplement,Vitalis,Pharmacy/B2B,4,17.0,EUR,0.1,68.0,61.2
TXN-IT-4-001428,2026-08-28 23:58:23,2026-08-29 00:03:23,IT,Proprietary ERP,B,MED-002,Medora Derm Cream,Prescription,Medora,Wholesale,8,26.0,EUR,0.0,208.0,208.0
TXN-IT-4-001429,2026-08-28 09:24:12,2026-08-28 09:26:12,IT,Proprietary ERP,B,SAN-002,SanaPlus ColdFlu,OTC,SanaPlus,Pharmacy/B2B,9,10.5,EUR,0.2,94.5,75.6
TXN-IT-4-001430,2026-08-28 01:38:38,2026-08-28 01:44:38,IT,Proprietary ERP,B,SAN-001,SanaPlus PainRelief,OTC,SanaPlus,D2C,9,9.5,EUR,0.05,85.5,81.22
TXN-IT-4-001431,2026-08-28 09:40:01,2026-08-28 09:41:01,IT,Proprietary ERP,B,PUR-001,PureLife GlucoMonitor,Medical Device,PureLife,Wholesale,11,85.0,EUR,0.0,935.0,935.0
TXN-IT-4-001432,2026-08-28 05:57:27,2026-08-28 05:58:27,IT,Proprietary ERP,B,PUR-001,PureLife GlucoMonitor,Medical Device,PureLife,E-commerce,6,85.0,EUR,0.1,510.0,459.0
TXN-IT-4-001433,2026-08-28 02:59:24,2026-08-28 03:05:24,IT,Proprietary ERP,B,PUR-002,PureLife BP Monitor,Medical Device,PureLife,E-commerce,3,90.0,EUR,0.0,270.0,270.0
TXN-IT-4-001434,2026-08-28 14:27:16,2026-08-28 14:33:16,IT,Proprietary ERP,B,PUR-001,PureLife GlucoMonitor,Medical Device,PureLife,Pharmacy/B2B,9,85.0,EUR,0.0,765.0,765.0
TXN-IT-4-001435,2026-08-28 19:35:54,2026-08-28 19:38:54,IT,Proprietary ERP,B,MED-001,Medora Cardio 10mg,Prescription,Medora,D2C,7,43.0,EUR,0.0,301.0,301.0
TXN-IT-4-001436,2026-08-28 14:24:00,2026-08-28 14:29:00,IT,Proprietary ERP,B,DER-001,Dermacare GlowSerum,Aesthetic,Dermacare,D2C,3,32.0,EUR,0.0,96.0,96.0
TXN-IT-4-001437,2026-08-28 11:15:20,2026-08-28 11:21:20,IT,Proprietary ERP,B,PUR-001,PureLife GlucoMonitor,Medical Device,PureLife,E-commerce,4,85.0,EUR,0.0,340.0,340.0
TXN-IT-4-001438,2026-08-28 11:30:57,2026-08-28 11:35:57,IT,Proprietary ERP,B,DER-001,Dermacare GlowSerum,Aesthetic,Dermacare,Wholesale,11,32.0,EUR,0.05,352.0,334.4
TXN-IT-4-001439,2026-08-28 10:25:42,2026-08-28 10:28:42,IT,Proprietary ERP,B,VIT-002,Vitalis Multivit,Supplement,Vitalis,Pharmacy/B2B,5,17.0,EUR,0.0,85.0,85.0
TXN-IT-4-001440,2026-08-28 18:35:55,2026-08-28 18:36:55,IT,Proprietary ERP,B,PUR-002,PureLife BP Monitor,Medical Device,PureLife,D2C,12,90.0,EUR,0.1,1080.0,972.0
TXN-IT-4-001441,2026-08-28 21:51:14,2026-08-28 21:55:14,IT,Proprietary ERP,B,DER-001,Dermacare GlowSerum,Aesthetic,Dermacare,Wholesale,7,32.0,EUR,0.05,224.0,212.8
TXN-IT-4-001442,2026-08-28 15:15:32,2026-08-28 15:18:32,IT,Proprietary ERP,B,MED-002,Medora Derm Cream,Prescription,Medora,E-commerce,7,26.0,EUR,0.05,182.0,172.9
TXN-IT-4-001443,2026-08-28 17:50:00,2026-08-28 17:52:00,IT,Proprietary ERP,B,DER-001,Dermacare GlowSerum,Aesthetic,Dermacare,E-commerce,10,32.0,EUR,0.0,320.0,320.0
TXN-IT-4-001444,2026-08-28 23:19:33,2026-08-28 23:21:33,IT,Proprietary ERP,B,DER-002,Dermacare LiftCream,Aesthetic,Dermacare,E-commerce,5,37.0,EUR,0.0,185.0,185.0
TXN-IT-4-001445,2026-08-28 23:35:44,2026-08-28 23:41:44,IT,Proprietary ERP,B,DER-001,Dermacare GlowSerum,Aesthetic,Dermacare,D2C,12,32.0,EUR,0.15,384.0,326.4
TXN-IT-4-001446,2026-08-28 12:43:49,2026-08-28 12:48:49,IT,Proprietary ERP,B,DER-001,Dermacare GlowSerum,Aesthetic,Dermacare,Wholesale,3,32.0,EUR,0.05,96.0,91.2
TXN-IT-4-001447,2026-08-28 14:45:04,2026-08-28 14:50:04,IT,Proprietary ERP,B,MED-002,Medora Derm Cream,Prescription,Medora,E-commerce,3,26.0,EUR,0.1,78.0,70.2
TXN-IT-4-001448,2026-08-28 22:00:33,2026-08-28 22:03:33,IT,Proprietary ERP,B,SAN-001,SanaPlus PainRelief,OTC,SanaPlus,E-commerce,9,9.5,EUR,0.2,85.5,68.4
TXN-IT-4-001449,2026-08-28 01:09:22,2026-08-28 01:14:22,IT,Proprietary ERP,B,PUR-001,PureLife GlucoMonitor,Medical Device,PureLife,E-commerce,8,85.0,EUR,0.1,680.0,612.0
TXN-IT-4-001450,2026-08-28 18:11:27,2026-08-28 18:16:27,IT,Proprietary ERP,B,SAN-002,SanaPlus ColdFlu,OTC,SanaPlus,D2C,6,10.5,EUR,0.15,63.0,53.55
TXN-IT-4-001451,2026-08-28 13:19:01,2026-08-28 13:20:01,IT,Proprietary ERP,B,PUR-002,PureLife BP Monitor,Medical Device,PureLife,E-commerce,3,90.0,EUR,0.2,270.0,216.0
TXN-IT-4-001452,2026-08-28 07:18:10,2026-08-28 07:19:10,IT,Proprietary ERP,B,DER-001,Dermacare GlowSerum,Aesthetic,Dermacare,E-commerce,7,32.0,EUR,0.0,224.0,224.0
TXN-IT-4-001453,2026-08-28 10:58:47,2026-08-28 10:59:47,IT,Proprietary ERP,B,SAN-001,SanaPlus PainRelief,OTC,SanaPlus,D2C,10,9.5,EUR,0.15,95.0,80.75
TXN-IT-4-001454,2026-08-28 06:03:25,2026-08-28 06:09:25,IT,Proprietary ERP,B,MED-001,Medora Cardio 10mg,Prescription,Medora,Pharmacy/B2B,5,43.0,EUR,0.0,215.0,215.0
TXN-IT-4-001455,2026-08-28 12:54:12,2026-08-28 12:58:12,IT,Proprietary ERP,B,VIT-002,Vitalis Multivit,Supplement,Vitalis,E-commerce,11,17.0,EUR,0.0,187.0,187.0
TXN-IT-4-001456,2026-08-28 08:08:00,2026-08-28 08:14:00,IT,Proprietary ERP,B,DER-001,Dermacare GlowSerum,Aesthetic,Dermacare,E-commerce,10,32.0,EUR,0.0,320.0,320.0
TXN-IT-4-001457,2026-08-28 05:44:43,2026-08-28 05:49:43,IT,Proprietary ERP,B,DER-001,Dermacare GlowSerum,Aesthetic,Dermacare,E-commerce,9,32.0,EUR,0.1,288.0,259.2
TXN-IT-4-001458,2026-08-28 11:44:44,2026-08-28 11:49:44,IT,Proprietary ERP,B,SAN-002,SanaPlus ColdFlu,OTC,SanaPlus,E-commerce,5,10.5,EUR,0.1,52.5,47.25
TXN-IT-4-001459,2026-08-28 10:52:33,2026-08-28 10:57:33,IT,Proprietary ERP,B,SAN-001,SanaPlus PainRelief,OTC,SanaPlus,Pharmacy/B2B,4,9.5,EUR,0.0,38.0,38.0
TXN-IT-4-001460,2026-08-28 05:20:54,2026-08-28 05:25:54,IT,Proprietary ERP,B,DER-001,Dermacare GlowSerum,Aesthetic,Dermacare,Wholesale,5,32.0,EUR,0.15,160.0,136.0
TXN-IT-4-001461,2026-08-28 03:02:27,2026-08-28 03:05:27,IT,Proprietary ERP,B,DER-001,Dermacare GlowSerum,Aesthetic,Dermacare,Wholesale,5,32.0,EUR,0.0,160.0,160.0
TXN-IT-4-001462,2026-08-28 03:32:16,2026-08-28 03:37:16,IT,Proprietary ERP,B,MED-002,Medora Derm Cream,Prescription,Medora,D2C,7,26.0,EUR,0.1,182.0,163.8
TXN-IT-4-001463,2026-08-28 14:34:58,2026-08-28 14:35:58,IT,Proprietary ERP,B,SAN-002,SanaPlus ColdFlu,OTC,SanaPlus,E-commerce,5,10.5,EUR,0.15,52.5,44.62
TXN-IT-4-001464,2026-08-28 09:08:50,2026-08-28 09:14:50,IT,Proprietary ERP,B,MED-002,Medora Derm Cream,Prescription,Medora,D2C,4,26.0,EUR,0.1,104.0,93.6
TXN-IT-4-001465,2026-08-28 22:20:49,2026-08-28 22:24:49,IT,Proprietary ERP,B,VIT-001,Vitalis C1000,Supplement,Vitalis,E-commerce,6,21.0,EUR,0.05,126.0,119.7
TXN-IT-4-001466,2026-08-28 16:03:43,2026-08-28 16:07:43,IT,Proprietary ERP,B,PUR-001,PureLife GlucoMonitor,Medical Device,PureLife,D2C,1,85.0,EUR,0.0,85.0,85.0
TXN-IT-4-001467,2026-08-28 17:23:45,2026-08-28 17:24:45,IT,Proprietary ERP,B,SAN-001,SanaPlus PainRelief,OTC,SanaPlus,Pharmacy/B2B,12,9.5,EUR,0.15,114.0,96.9
TXN-IT-4-001468,2026-08-28 23:24:31,2026-08-28 23:30:31,IT,Proprietary ERP,B,DER-002,Dermacare LiftCream,Aesthetic,Dermacare,Pharmacy/B2B,8,37.0,EUR,0.0,296.0,296.0
TXN-IT-4-001469,2026-08-28 09:29:14,2026-08-28 09:34:14,IT,Proprietary ERP,B,DER-001,Dermacare GlowSerum,Aesthetic,Dermacare,E-commerce,4,32.0,EUR,0.0,128.0,128.0
TXN-IT-4-001470,2026-08-28 19:51:54,2026-08-28 19:56:54,IT,Proprietary ERP,B,PUR-001,PureLife GlucoMonitor,Medical Device,PureLife,Wholesale,1,85.0,EUR,0.2,85.0,68.0
TXN-IT-4-001471,2026-08-28 10:51:59,2026-08-28 10:52:59,IT,Proprietary ERP,B,DER-001,Dermacare GlowSerum,Aesthetic,Dermacare,Pharmacy/B2B,1,32.0,EUR,0.15,32.0,27.2
TXN-IT-4-001472,2026-08-28 05:45:28,2026-08-28 05:50:28,IT,Proprietary ERP,B,PUR-001,PureLife GlucoMonitor,Medical Device,PureLife,E-commerce,2,85.0,EUR,0.05,170.0,161.5
TXN-IT-4-001473,2026-08-28 15:56:25,2026-08-28 16:00:25,IT,Proprietary ERP,B,DER-001,Dermacare GlowSerum,Aesthetic,Dermacare,D2C,7,32.0,EUR,0.0,224.0,224.0
TXN-IT-4-001474,2026-08-28 09:12:06,2026-08-28 09:18:06,IT,Proprietary ERP,B,DER-002,Dermacare LiftCream,Aesthetic,Dermacare,E-commerce,10,37.0,EUR,0.05,370.0,351.5
TXN-IT-4-001475,2026-08-28 00:52:32,2026-08-28 00:56:32,IT,Proprietary ERP,B,VIT-002,Vitalis Multivit,Supplement,Vitalis,D2C,7,17.0,EUR,0.15,119.0,101.15
TXN-IT-4-001476,2026-08-28 15:00:36,2026-08-28 15:01:36,IT,Proprietary ERP,B,DER-001,Dermacare GlowSerum,Aesthetic,Dermacare,D2C,1,32.0,EUR,0.0,32.0,32.0
TXN-IT-4-001477,2026-08-28 03:59:36,2026-08-28 04:02:36,IT,Proprietary ERP,B,VIT-002,Vitalis Multivit,Supplement,Vitalis,Wholesale,6,17.0,EUR,0.15,102.0,86.7
TXN-IT-4-001478,2026-08-28 21:44:26,2026-08-28 21:45:26,IT,Proprietary ERP,B,SAN-001,SanaPlus PainRelief,OTC,SanaPlus,Pharmacy/B2B,8,9.5,EUR,0.1,76.0,68.4
TXN-IT-4-001479,2026-08-28 03:55:23,2026-08-28 03:58:23,IT,Proprietary ERP,B,SAN-001,SanaPlus PainRelief,OTC,SanaPlus,E-commerce,6,9.5,EUR,0.15,57.0,48.45
TXN-IT-4-001480,2026-08-28 02:19:50,2026-08-28 02:24:50,IT,Proprietary ERP,B,PUR-002,PureLife BP Monitor,Medical Device,PureLife,Wholesale,2,90.0,EUR,0.0,180.0,180.0
TXN-IT-4-001481,2026-08-28 21:51:15,2026-08-28 21:55:15,IT,Proprietary ERP,B,DER-002,Dermacare LiftCream,Aesthetic,Dermacare,Wholesale,10,37.0,EUR,0.0,370.0,370.0
TXN-IT-4-001482,2026-08-28 21:34:29,2026-08-28 21:39:29,IT,Proprietary ERP,B,DER-001,Dermacare GlowSerum,Aesthetic,Dermacare,Pharmacy/B2B,4,32.0,EUR,0.0,128.0,128.0
TXN-IT-4-001483,2026-08-28 08:41:45,2026-08-28 08:45:45,IT,Proprietary ERP,B,MED-002,Medora Derm Cream,Prescription,Medora,Pharmacy/B2B,10,26.0,EUR,0.2,260.0,208.0
TXN-IT-4-001484,2026-08-28 04:20:30,2026-08-28 04:21:30,IT,Proprietary ERP,B,DER-002,Dermacare LiftCream,Aesthetic,Dermacare,D2C,7,37.0,EUR,0.15,259.0,220.15
TXN-IT-4-001485,2026-08-28 05:37:57,2026-08-28 05:40:57,IT,Proprietary ERP,B,VIT-001,Vitalis C1000,Supplement,Vitalis,Wholesale,6,21.0,EUR,0.0,126.0,126.0
TXN-IT-4-001486,2026-08-28 05:56:51,2026-08-28 05:59:51,IT,Proprietary ERP,B,PUR-002,PureLife BP Monitor,Medical Device,PureLife,Wholesale,1,90.0,EUR,0.0,90.0,90.0
TXN-IT-4-001487,2026-08-28 00:06:11,2026-08-28 00:11:11,IT,Proprietary ERP,B,SAN-002,SanaPlus ColdFlu,OTC,SanaPlus,E-commerce,8,10.5,EUR,0.1,84.0,75.6
TXN-IT-4-001488,2026-08-28 07:56:40,2026-08-28 07:59:40,IT,Proprietary ERP,B,DER-001,Dermacare GlowSerum,Aesthetic,Dermacare,D2C,11,32.0,EUR,0.2,352.0,281.6
TXN-IT-4-001489,2026-08-28 15:52:19,2026-08-28 15:55:19,IT,Proprietary ERP,B,MED-002,Medora Derm Cream,Prescription,Medora,E-commerce,3,26.0,EUR,0.0,78.0,78.0
TXN-IT-4-001490,2026-08-28 14:46:06,2026-08-28 14:49:06,IT,Proprietary ERP,B,VIT-002,Vitalis Multivit,Supplement,Vitalis,E-commerce,7,17.0,EUR,0.0,119.0,119.0
TXN-IT-4-001491,2026-08-28 01:46:04,2026-08-28 01:51:04,IT,Proprietary ERP,B,SAN-002,SanaPlus ColdFlu,OTC,SanaPlus,Wholesale,9,10.5,EUR,0.0,94.5,94.5
TXN-IT-4-001492,2026-08-28 09:19:28,2026-08-28 09:20:28,IT,Proprietary ERP,B,VIT-002,Vitalis Multivit,Supplement,Vitalis,Wholesale,1,17.0,EUR,0.0,17.0,17.0
TXN-IT-4-001493,2026-08-28 01:35:38,2026-08-28 01:38:38,IT,Proprietary ERP,B,VIT-002,Vitalis Multivit,Supplement,Vitalis,E-commerce,4,17.0,EUR,0.1,68.0,61.2
TXN-IT-4-001494,2026-08-28 21:02:16,2026-08-28 21:03:16,IT,Proprietary ERP,B,VIT-001,Vitalis C1000,Supplement,Vitalis,Pharmacy/B2B,1,21.0,EUR,0.0,21.0,21.0
TXN-IT-4-001495,2026-08-28 21:32:40,2026-08-28 21:35:40,IT,Proprietary ERP,B,MED-001,Medora Cardio 10mg,Prescription,Medora,E-commerce,3,43.0,EUR,0.15,129.0,109.65
TXN-IT-4-001496,2026-08-28 10:08:15,2026-08-28 10:13:15,IT,Proprietary ERP,B,PUR-002,PureLife BP Monitor,Medical Device,PureLife,Pharmacy/B2B,1,90.0,EUR,0.0,90.0,90.0
TXN-IT-4-001497,2026-08-28 14:27:13,2026-08-28 14:33:13,IT,Proprietary ERP,B,VIT-001,Vitalis C1000,Supplement,Vitalis,D2C,12,21.0,EUR,0.05,252.0,239.4
TXN-IT-4-001498,2026-08-28 03:09:20,2026-08-28 03:11:20,IT,Proprietary ERP,B,MED-001,Medora Cardio 10mg,Prescription,Medora,Wholesale,4,43.0,EUR,0.2,172.0,137.6
TXN-IT-4-001499,2026-08-28 06:58:31,2026-08-28 07:00:31,IT,Proprietary ERP,B,MED-002,Medora Derm Cream,Prescription,Medora,Wholesale,5,26.0,EUR,0.0,130.0,130.0
TXN-IT-4-001500,2026-08-28 14:58:17,2026-08-28 15:01:17,IT,Proprietary ERP,B,DER-002,Dermacare LiftCream,Aesthetic,Dermacare,D2C,7,37.0,EUR,0.0,259.0,259.0
TXN-IT-4-001501,2026-08-28 14:41:00,2026-08-28 14:45:00,IT,Proprietary ERP,B,VIT-002,Vitalis Multivit,Supplement,Vitalis,E-commerce,3,17.0,EUR,0.05,51.0,48.45
TXN-IT-4-001502,2026-08-28 03:33:03,2026-08-28 03:39:03,IT,Proprietary ERP,B,SAN-002,SanaPlus ColdFlu,OTC,SanaPlus,D2C,9,10.5,EUR,0.0,94.5,94.5
TXN-IT-4-001503,2026-08-28 04:10:39,2026-08-28 04:11:39,IT,Proprietary ERP,B,VIT-002,Vitalis Multivit,Supplement,Vitalis,Pharmacy/B2B,3,17.0,EUR,0.2,51.0,40.8
TXN-IT-4-001504,2026-08-28 08:24:05,2026-08-28 08:26:05,IT,Proprietary ERP,B,VIT-001,Vitalis C1000,Supplement,Vitalis,D2C,10,21.0,EUR,0.15,210.0,178.5
TXN-IT-4-001505,2026-08-28 05:33:42,2026-08-28 05:39:42,IT,Proprietary ERP,B,DER-002,Dermacare LiftCream,Aesthetic,Dermacare,Pharmacy/B2B,10,37.0,EUR,0.0,370.0,370.0
TXN-IT-4-001506,2026-08-28 04:30:25,2026-08-28 04:33:25,IT,Proprietary ERP,B,SAN-002,SanaPlus ColdFlu,OTC,SanaPlus,Pharmacy/B2B,10,10.5,EUR,0.0,105.0,105.0
TXN-IT-4-001507,2026-08-28 12:34:43,2026-08-28 12:35:43,IT,Proprietary ERP,B,PUR-002,PureLife BP Monitor,Medical Device,PureLife,Pharmacy/B2B,8,90.0,EUR,0.0,720.0,720.0
TXN-IT-4-001508,2026-08-28 13:10:14,2026-08-28 13:14:14,IT,Proprietary ERP,B,DER-002,Dermacare LiftCream,Aesthetic,Dermacare,D2C,2,37.0,EUR,0.05,74.0,70.3
TXN-IT-4-001509,2026-08-28 08:53:52,2026-08-28 08:56:52,IT,Proprietary ERP,B,PUR-002,PureLife BP Monitor,Medical Device,PureLife,E-commerce,8,90.0,EUR,0.0,720.0,720.0
TXN-IT-4-001510,2026-08-28 13:25:27,2026-08-28 13:29:27,IT,Proprietary ERP,B,VIT-002,Vitalis Multivit,Supplement,Vitalis,Pharmacy/B2B,1,17.0,EUR,0.0,17.0,17.0
TXN-IT-4-001511,2026-08-28 22:15:04,2026-08-28 22:18:04,IT,Proprietary ERP,B,SAN-002,SanaPlus ColdFlu,OTC,SanaPlus,Pharmacy/B2B,4,10.5,EUR,0.2,42.0,33.6
TXN-IT-4-001512,2026-08-28 10:27:36,2026-08-28 10:32:36,IT,Proprietary ERP,B,MED-001,Medora Cardio 10mg,Prescription,Medora,E-commerce,9,43.0,EUR,0.0,387.0,387.0
TXN-IT-4-001513,2026-08-28 21:42:22,2026-08-28 21:47:22,IT,Proprietary ERP,B,SAN-002,SanaPlus ColdFlu,OTC,SanaPlus,Wholesale,8,10.5,EUR,0.0,84.0,84.0
TXN-IT-4-001514,2026-08-28 15:29:10,2026-08-28 15:31:10,IT,Proprietary ERP,B,DER-001,Dermacare GlowSerum,Aesthetic,Dermacare,Pharmacy/B2B,8,32.0,EUR,0.0,256.0,256.0
TXN-IT-4-001515,2026-08-28 23:17:47,2026-08-28 23:22:47,IT,Proprietary ERP,B,VIT-002,Vitalis Multivit,Supplement,Vitalis,Pharmacy/B2B,12,17.0,EUR,0.0,204.0,204.0
TXN-IT-4-001516,2026-08-28 04:08:59,2026-08-28 04:12:59,IT,Proprietary ERP,B,DER-001,Dermacare GlowSerum,Aesthetic,Dermacare,D2C,1,32.0,EUR,0.05,32.0,30.4
TXN-IT-4-001517,2026-08-28 09:18:38,2026-08-28 09:19:38,IT,Proprietary ERP,B,VIT-002,Vitalis Multivit,Supplement,Vitalis,E-commerce,7,17.0,EUR,0.05,119.0,113.05
TXN-IT-4-001518,2026-08-28 22:32:19,2026-08-28 22:38:19,IT,Proprietary ERP,B,DER-002,Dermacare LiftCream,Aesthetic,Dermacare,E-commerce,11,37.0,EUR,0.05,407.0,386.65
TXN-IT-4-001519,2026-08-28 10:22:54,2026-08-28 10:24:54,IT,Proprietary ERP,B,SAN-002,SanaPlus ColdFlu,OTC,SanaPlus,Pharmacy/B2B,2,10.5,EUR,0.0,21.0,21.0
TXN-IT-4-001520,2026-08-28 23:40:15,2026-08-28 23:46:15,IT,Proprietary ERP,B,MED-002,Medora Derm Cream,Prescription,Medora,Pharmacy/B2B,12,26.0,EUR,0.05,312.0,296.4
TXN-IT-4-001521,2026-08-28 05:37:38,2026-08-28 05:40:38,IT,Proprietary ERP,B,SAN-001,SanaPlus PainRelief,OTC,SanaPlus,Pharmacy/B2B,5,9.5,EUR,0.0,47.5,47.5
TXN-IT-4-001522,2026-08-28 23:25:04,2026-08-28 23:29:04,IT,Proprietary ERP,B,VIT-002,Vitalis Multivit,Supplement,Vitalis,Pharmacy/B2B,8,17.0,EUR,0.15,136.0,115.6
TXN-IT-4-001523,2026-08-28 18:41:59,2026-08-28 18:43:59,IT,Proprietary ERP,B,DER-002,Dermacare LiftCream,Aesthetic,Dermacare,E-commerce,8,37.0,EUR,0.15,296.0,251.6
TXN-IT-4-001524,2026-08-28 01:55:19,2026-08-28 01:58:19,IT,Proprietary ERP,B,SAN-001,SanaPlus PainRelief,OTC,SanaPlus,Wholesale,3,9.5,EUR,0.15,28.5,24.22
TXN-IT-4-001525,2026-08-28 03:26:23,2026-08-28 03:27:23,IT,Proprietary ERP,B,MED-002,Medora Derm Cream,Prescription,Medora,D2C,10,26.0,EUR,0.0,260.0,260.0
TXN-IT-4-001526,2026-08-28 20:20:16,2026-08-28 20:21:16,IT,Proprietary ERP,B,MED-001,Medora Cardio 10mg,Prescription,Medora,Pharmacy/B2B,12,43.0,EUR,0.15,516.0,438.6
TXN-IT-4-001527,2026-08-28 13:57:53,2026-08-28 14:01:53,IT,Proprietary ERP,B,MED-001,Medora Cardio 10mg,Prescription,Medora,Wholesale,6,43.0,EUR,0.2,258.0,206.4
TXN-IT-4-001528,2026-08-28 17:55:34,2026-08-28 18:01:34,IT,Proprietary ERP,B,MED-001,Medora Cardio 10mg,Prescription,Medora,D2C,2,43.0,EUR,0.15,86.0,73.1
TXN-IT-4-001529,2026-08-28 07:01:38,2026-08-28 07:07:38,IT,Proprietary ERP,B,DER-001,Dermacare GlowSerum,Aesthetic,Dermacare,Pharmacy/B2B,1,32.0,EUR,0.0,32.0,32.0
TXN-IT-4-001530,2026-08-28 22:37:18,2026-08-28 22:43:18,IT,Proprietary ERP,B,MED-001,Medora Cardio 10mg,Prescription,Medora,E-commerce,9,43.0,EUR,0.0,387.0,387.0
TXN-IT-4-001531,2026-08-28 05:25:22,2026-08-28 05:28:22,IT,Proprietary ERP,B,MED-001,Medora Cardio 10mg,Prescription,Medora,Pharmacy/B2B,10,43.0,EUR,0.0,430.0,430.0
TXN-IT-4-001532,2026-08-28 04:26:37,2026-08-28 04:29:37,IT,Proprietary ERP,B,PUR-001,PureLife GlucoMonitor,Medical Device,PureLife,Pharmacy/B2B,10,85.0,EUR,0.0,850.0,850.0
TXN-IT-4-001533,2026-08-28 15:02:40,2026-08-28 15:06:40,IT,Proprietary ERP,B,PUR-002,PureLife BP Monitor,Medical Device,PureLife,Wholesale,6,90.0,EUR,0.0,540.0,540.0
TXN-IT-4-001534,2026-08-28 14:55:53,2026-08-28 14:57:53,IT,Proprietary ERP,B,DER-002,Dermacare LiftCream,Aesthetic,Dermacare,D2C,12,37.0,EUR,0.0,444.0,444.0
TXN-IT-4-001535,2026-08-28 12:09:52,2026-08-28 12:11:52,IT,Proprietary ERP,B,DER-002,Dermacare LiftCream,Aesthetic,Dermacare,Wholesale,10,37.0,EUR,0.05,370.0,351.5
TXN-IT-4-001536,2026-08-28 05:43:20,2026-08-28 05:44:20,IT,Proprietary ERP,B,MED-001,Medora Cardio 10mg,Prescription,Medora,Wholesale,11,43.0,EUR,0.2,473.0,378.4
TXN-IT-4-001537,2026-08-28 13:38:56,2026-08-28 13:41:56,IT,Proprietary ERP,B,VIT-002,Vitalis Multivit,Supplement,Vitalis,Wholesale,3,17.0,EUR,0.2,51.0,40.8
TXN-IT-4-001538,2026-08-28 10:18:01,2026-08-28 10:22:01,IT,Proprietary ERP,B,VIT-002,Vitalis Multivit,Supplement,Vitalis,D2C,6,17.0,EUR,0.0,102.0,102.0
TXN-IT-4-001539,2026-08-28 09:32:22,2026-08-28 09:33:22,IT,Proprietary ERP,B,MED-001,Medora Cardio 10mg,Prescription,Medora,E-commerce,3,43.0,EUR,0.1,129.0,116.1
TXN-IT-4-001540,2026-08-28 07:09:03,2026-08-28 07:12:03,IT,Proprietary ERP,B,VIT-001,Vitalis C1000,Supplement,Vitalis,E-commerce,4,21.0,EUR,0.0,84.0,84.0
TXN-IT-4-001541,2026-08-28 13:10:25,2026-08-28 13:16:25,IT,Proprietary ERP,B,MED-002,Medora Derm Cream,Prescription,Medora,Wholesale,7,26.0,EUR,0.1,182.0,163.8
TXN-IT-4-001542,2026-08-28 17:32:19,2026-08-28 17:34:19,IT,Proprietary ERP,B,SAN-002,SanaPlus ColdFlu,OTC,SanaPlus,Pharmacy/B2B,4,10.5,EUR,0.0,42.0,42.0
TXN-IT-4-001543,2026-08-28 18:35:30,2026-08-28 18:36:30,IT,Proprietary ERP,B,SAN-002,SanaPlus ColdFlu,OTC,SanaPlus,D2C,4,10.5,EUR,0.2,42.0,33.6
TXN-IT-4-001544,2026-08-28 12:06:34,2026-08-28 12:09:34,IT,Proprietary ERP,B,SAN-002,SanaPlus ColdFlu,OTC,SanaPlus,Wholesale,8,10.5,EUR,0.0,84.0,84.0
TXN-IT-4-001545,2026-08-28 02:04:31,2026-08-28 02:07:31,IT,Proprietary ERP,B,SAN-001,SanaPlus PainRelief,OTC,SanaPlus,Wholesale,10,9.5,EUR,0.1,95.0,85.5
TXN-IT-4-001546,2026-08-28 12:11:34,2026-08-28 12:16:34,IT,Proprietary ERP,B,VIT-001,Vitalis C1000,Supplement,Vitalis,E-commerce,6,21.0,EUR,0.2,126.0,100.8
TXN-IT-4-001547,2026-08-28 13:35:28,2026-08-28 13:38:28,IT,Proprietary ERP,B,VIT-002,Vitalis Multivit,Supplement,Vitalis,E-commerce,10,17.0,EUR,0.0,170.0,170.0
TXN-IT-4-001548,2026-08-28 19:47:47,2026-08-28 19:53:47,IT,Proprietary ERP,B,PUR-002,PureLife BP Monitor,Medical Device,PureLife,Wholesale,7,90.0,EUR,0.1,630.0,567.0
TXN-IT-4-001549,2026-08-28 01:07:55,2026-08-28 01:08:55,IT,Proprietary ERP,B,VIT-001,Vitalis C1000,Supplement,Vitalis,D2C,9,21.0,EUR,0.0,189.0,189.0
TXN-IT-4-001550,2026-08-28 15:54:22,2026-08-28 15:55:22,IT,Proprietary ERP,B,SAN-002,SanaPlus ColdFlu,OTC,SanaPlus,D2C,11,10.5,EUR,0.2,115.5,92.4
TXN-IT-4-001551,2026-08-28 09:43:42,2026-08-28 09:46:42,IT,Proprietary ERP,B,DER-002,Dermacare LiftCream,Aesthetic,Dermacare,D2C,7,37.0,EUR,0.0,259.0,259.0
TXN-IT-4-001552,2026-08-28 12:19:47,2026-08-28 12:25:47,IT,Proprietary ERP,B,PUR-001,PureLife GlucoMonitor,Medical Device,PureLife,Wholesale,8,85.0,EUR,0.2,680.0,544.0
TXN-IT-4-001553,2026-08-28 21:07:58,2026-08-28 21:11:58,IT,Proprietary ERP,B,PUR-001,PureLife GlucoMonitor,Medical Device,PureLife,Wholesale,10,85.0,EUR,0.2,850.0,680.0
TXN-IT-4-001554,2026-08-28 13:00:00,2026-08-28 13:05:00,IT,Proprietary ERP,B,VIT-002,Vitalis Multivit,Supplement,Vitalis,D2C,10,17.0,EUR,0.2,170.0,136.0
TXN-IT-4-001555,2026-08-28 06:28:28,2026-08-28 06:29:28,IT,Proprietary ERP,B,PUR-002,PureLife BP Monitor,Medical Device,PureLife,Wholesale,9,90.0,EUR,0.0,810.0,810.0
TXN-IT-4-001556,2026-08-28 09:33:46,2026-08-28 09:38:46,IT,Proprietary ERP,B,MED-001,Medora Cardio 10mg,Prescription,Medora,D2C,12,43.0,EUR,0.0,516.0,516.0
TXN-IT-4-001557,2026-08-28 10:29:57,2026-08-28 10:34:57,IT,Proprietary ERP,B,VIT-002,Vitalis Multivit,Supplement,Vitalis,D2C,1,17.0,EUR,0.0,17.0,17.0
TXN-IT-4-001558,2026-08-28 06:09:39,2026-08-28 06:14:39,IT,Proprietary ERP,B,MED-001,Medora Cardio 10mg,Prescription,Medora,Wholesale,5,43.0,EUR,0.0,215.0,215.0
TXN-IT-4-001559,2026-08-28 19:11:49,2026-08-28 19:15:49,IT,Proprietary ERP,B,VIT-002,Vitalis Multivit,Supplement,Vitalis,Wholesale,8,17.0,EUR,0.2,136.0,108.8
TXN-IT-4-001560,2026-08-28 07:24:46,2026-08-28 07:28:46,IT,Proprietary ERP,B,DER-002,Dermacare LiftCream,Aesthetic,Dermacare,E-commerce,6,37.0,EUR,0.2,222.0,177.6
TXN-IT-4-001561,2026-08-28 10:31:36,2026-08-28 10:36:36,IT,Proprietary ERP,B,PUR-002,PureLife BP Monitor,Medical Device,PureLife,E-commerce,1,90.0,EUR,0.05,90.0,85.5
TXN-IT-4-001562,2026-08-28 00:41:17,2026-08-28 00:46:17,IT,Proprietary ERP,B,MED-001,Medora Cardio 10mg,Prescription,Medora,Pharmacy/B2B,5,43.0,EUR,0.1,215.0,193.5
TXN-IT-4-001563,2026-08-28 04:14:11,2026-08-28 04:16:11,IT,Proprietary ERP,B,SAN-001,SanaPlus PainRelief,OTC,SanaPlus,Pharmacy/B2B,3,9.5,EUR,0.15,28.5,24.22
TXN-IT-4-001564,2026-08-28 19:04:36,2026-08-28 19:05:36,IT,Proprietary ERP,B,SAN-001,SanaPlus PainRelief,OTC,SanaPlus,D2C,8,9.5,EUR,0.1,76.0,68.4
TXN-IT-4-001565,2026-08-28 08:57:49,2026-08-28 08:58:49,IT,Proprietary ERP,B,DER-001,Dermacare GlowSerum,Aesthetic,Dermacare,Wholesale,10,32.0,EUR,0.2,320.0,256.0
TXN-IT-4-001566,2026-08-28 04:56:09,2026-08-28 04:58:09,IT,Proprietary ERP,B,VIT-002,Vitalis Multivit,Supplement,Vitalis,Pharmacy/B2B,8,17.0,EUR,0.0,136.0,136.0
TXN-IT-4-001567,2026-08-28 05:34:31,2026-08-28 05:38:31,IT,Proprietary ERP,B,SAN-002,SanaPlus ColdFlu,OTC,SanaPlus,E-commerce,12,10.5,EUR,0.0,126.0,126.0
TXN-IT-4-001568,2026-08-28 23:51:54,2026-08-28 23:56:54,IT,Proprietary ERP,B,MED-001,Medora Cardio 10mg,Prescription,Medora,Wholesale,12,43.0,EUR,0.0,516.0,516.0
TXN-IT-4-001569,2026-08-28 05:50:21,2026-08-28 05:51:21,IT,Proprietary ERP,B,SAN-001,SanaPlus PainRelief,OTC,SanaPlus,E-commerce,4,9.5,EUR,0.2,38.0,30.4
TXN-IT-4-001570,2026-08-28 15:48:12,2026-08-28 15:50:12,IT,Proprietary ERP,B,VIT-001,Vitalis C1000,Supplement,Vitalis,Pharmacy/B2B,5,21.0,EUR,0.1,105.0,94.5
TXN-IT-4-001571,2026-08-28 10:27:56,2026-08-28 10:28:56,IT,Proprietary ERP,B,DER-001,Dermacare GlowSerum,Aesthetic,Dermacare,E-commerce,6,32.0,EUR,0.0,192.0,192.0
TXN-IT-4-001572,2026-08-28 00:19:24,2026-08-28 00:20:24,IT,Proprietary ERP,B,DER-002,Dermacare LiftCream,Aesthetic,Dermacare,Wholesale,9,37.0,EUR,0.05,333.0,316.35
TXN-IT-4-001573,2026-08-28 06:32:35,2026-08-28 06:33:35,IT,Proprietary ERP,B,VIT-002,Vitalis Multivit,Supplement,Vitalis,E-commerce,2,17.0,EUR,0.0,34.0,34.0
TXN-IT-4-001574,2026-08-28 09:05:21,2026-08-28 09:11:21,IT,Proprietary ERP,B,SAN-002,SanaPlus ColdFlu,OTC,SanaPlus,D2C,6,10.5,EUR,0.0,63.0,63.0
TXN-IT-4-001575,2026-08-28 22:19:54,2026-08-28 22:24:54,IT,Proprietary ERP,B,VIT-001,Vitalis C1000,Supplement,Vitalis,E-commerce,2,21.0,EUR,0.15,42.0,35.7
TXN-IT-4-001576,2026-08-28 22:59:00,2026-08-28 23:03:00,IT,Proprietary ERP,B,DER-002,Dermacare LiftCream,Aesthetic,Dermacare,E-commerce,7,37.0,EUR,0.0,259.0,259.0
TXN-IT-4-001577,2026-08-28 05:28:56,2026-08-28 05:31:56,IT,Proprietary ERP,B,MED-001,Medora Cardio 10mg,Prescription,Medora,E-commerce,3,43.0,EUR,0.0,129.0,129.0
TXN-IT-4-001578,2026-08-28 00:55:16,2026-08-28 00:59:16,IT,Proprietary ERP,B,VIT-001,Vitalis C1000,Supplement,Vitalis,Wholesale,2,21.0,EUR,0.1,42.0,37.8
TXN-IT-4-001579,2026-08-28 01:15:17,2026-08-28 01:20:17,IT,Proprietary ERP,B,PUR-001,PureLife GlucoMonitor,Medical Device,PureLife,D2C,7,85.0,EUR,0.15,595.0,505.75
TXN-IT-4-001580,2026-08-28 21:48:34,2026-08-28 21:54:34,IT,Proprietary ERP,B,PUR-002,PureLife BP Monitor,Medical Device,PureLife,Wholesale,10,90.0,EUR,0.0,900.0,900.0
TXN-IT-4-001581,2026-08-28 22:25:55,2026-08-28 22:30:55,IT,Proprietary ERP,B,VIT-001,Vitalis C1000,Supplement,Vitalis,Pharmacy/B2B,3,21.0,EUR,0.0,63.0,63.0
TXN-IT-4-001582,2026-08-28 15:04:41,2026-08-28 15:06:41,IT,Proprietary ERP,B,DER-001,Dermacare GlowSerum,Aesthetic,Dermacare,E-commerce,4,32.0,EUR,0.15,128.0,108.8
TXN-IT-4-001583,2026-08-28 16:07:56,2026-08-28 16:11:56,IT,Proprietary ERP,B,VIT-001,Vitalis C1000,Supplement,Vitalis,Wholesale,6,21.0,EUR,0.2,126.0,100.8
TXN-IT-4-001584,2026-08-28 11:31:55,2026-08-28 11:36:55,IT,Proprietary ERP,B,MED-002,Medora Derm Cream,Prescription,Medora,Wholesale,5,26.0,EUR,0.15,130.0,110.5
TXN-IT-4-001585,2026-08-28 05:36:53,2026-08-28 05:39:53,IT,Proprietary ERP,B,SAN-001,SanaPlus PainRelief,OTC,SanaPlus,Pharmacy/B2B,7,9.5,EUR,0.0,66.5,66.5
TXN-IT-4-001586,2026-08-28 18:23:54,2026-08-28 18:27:54,IT,Proprietary ERP,B,VIT-002,Vitalis Multivit,Supplement,Vitalis,D2C,5,17.0,EUR,0.15,85.0,72.25
TXN-IT-4-001587,2026-08-28 17:50:48,2026-08-28 17:56:48,IT,Proprietary ERP,B,PUR-001,PureLife GlucoMonitor,Medical Device,PureLife,E-commerce,3,85.0,EUR,0.05,255.0,242.25
TXN-IT-4-001588,2026-08-28 06:11:28,2026-08-28 06:14:28,IT,Proprietary ERP,B,PUR-002,PureLife BP Monitor,Medical Device,PureLife,Pharmacy/B2B,5,90.0,EUR,0.0,450.0,450.0
TXN-IT-4-001589,2026-08-28 06:59:38,2026-08-28 07:00:38,IT,Proprietary ERP,B,MED-002,Medora Derm Cream,Prescription,Medora,D2C,4,26.0,EUR,0.1,104.0,93.6
TXN-IT-4-001590,2026-08-28 17:59:31,2026-08-28 18:03:31,IT,Proprietary ERP,B,VIT-002,Vitalis Multivit,Supplement,Vitalis,Wholesale,5,17.0,EUR,0.05,85.0,80.75
TXN-IT-4-001591,2026-08-28 15:19:42,2026-08-28 15:22:42,IT,Proprietary ERP,B,VIT-002,Vitalis Multivit,Supplement,Vitalis,Pharmacy/B2B,6,17.0,EUR,0.05,102.0,96.9
TXN-IT-4-001592,2026-08-28 11:22:30,2026-08-28 11:28:30,IT,Proprietary ERP,B,SAN-001,SanaPlus PainRelief,OTC,SanaPlus,D2C,10,9.5,EUR,0.2,95.0,76.0
TXN-IT-4-001593,2026-08-28 23:09:25,2026-08-28 23:15:25,IT,Proprietary ERP,B,VIT-001,Vitalis C1000,Supplement,Vitalis,E-commerce,11,21.0,EUR,0.0,231.0,231.0
TXN-IT-4-001594,2026-08-28 08:16:55,2026-08-28 08:20:55,IT,Proprietary ERP,B,SAN-001,SanaPlus PainRelief,OTC,SanaPlus,Pharmacy/B2B,10,9.5,EUR,0.0,95.0,95.0
TXN-IT-4-001595,2026-08-28 22:06:15,2026-08-28 22:08:15,IT,Proprietary ERP,B,DER-002,Dermacare LiftCream,Aesthetic,Dermacare,Pharmacy/B2B,4,37.0,EUR,0.0,148.0,148.0
TXN-IT-4-001596,2026-08-28 12:33:36,2026-08-28 12:34:36,IT,Proprietary ERP,B,MED-002,Medora Derm Cream,Prescription,Medora,Pharmacy/B2B,7,26.0,EUR,0.0,182.0,182.0
TXN-IT-4-001597,2026-08-28 03:34:28,2026-08-28 03:36:28,IT,Proprietary ERP,B,PUR-001,PureLife GlucoMonitor,Medical Device,PureLife,D2C,2,85.0,EUR,0.05,170.0,161.5
TXN-IT-4-001598,2026-08-28 20:48:39,2026-08-28 20:52:39,IT,Proprietary ERP,B,PUR-001,PureLife GlucoMonitor,Medical Device,PureLife,Pharmacy/B2B,7,85.0,EUR,0.1,595.0,535.5
TXN-IT-4-001599,2026-08-28 15:04:30,2026-08-28 15:07:30,IT,Proprietary ERP,B,DER-002,Dermacare LiftCream,Aesthetic,Dermacare,E-commerce,1,37.0,EUR,0.1,37.0,33.3
TXN-IT-4-001600,2026-08-28 02:47:34,2026-08-28 02:51:34,IT,Proprietary ERP,B,VIT-001,Vitalis C1000,Supplement,Vitalis,E-commerce,12,21.0,EUR,0.0,252.0,252.0
TXN-IT-4-001601,2026-08-28 07:30:30,2026-08-28 07:31:30,IT,Proprietary ERP,B,SAN-002,SanaPlus ColdFlu,OTC,SanaPlus,Wholesale,9,10.5,EUR,0.2,94.5,75.6
TXN-IT-4-001602,2026-08-28 17:11:50,2026-08-28 17:14:50,IT,Proprietary ERP,B,VIT-001,Vitalis C1000,Supplement,Vitalis,E-commerce,3,21.0,EUR,0.1,63.0,56.7
TXN-IT-4-001603,2026-08-28 04:09:48,2026-08-28 04:11:48,IT,Proprietary ERP,B,PUR-001,PureLife GlucoMonitor,Medical Device,PureLife,E-commerce,2,85.0,EUR,0.2,170.0,136.0
TXN-IT-4-001604,2026-08-28 18:18:41,2026-08-28 18:21:41,IT,Proprietary ERP,B,SAN-001,SanaPlus PainRelief,OTC,SanaPlus,D2C,7,9.5,EUR,0.2,66.5,53.2
TXN-IT-4-001605,2026-08-28 20:38:17,2026-08-28 20:41:17,IT,Proprietary ERP,B,VIT-001,Vitalis C1000,Supplement,Vitalis,D2C,9,21.0,EUR,0.0,189.0,189.0
TXN-IT-4-001606,2026-08-28 04:34:06,2026-08-28 04:40:06,IT,Proprietary ERP,B,DER-001,Dermacare GlowSerum,Aesthetic,Dermacare,D2C,10,32.0,EUR,0.05,320.0,304.0
TXN-IT-4-001607,2026-08-28 02:42:49,2026-08-28 02:43:49,IT,Proprietary ERP,B,DER-002,Dermacare LiftCream,Aesthetic,Dermacare,Pharmacy/B2B,5,37.0,EUR,0.0,185.0,185.0
TXN-IT-4-001608,2026-08-28 04:13:10,2026-08-28 04:17:10,IT,Proprietary ERP,B,MED-002,Medora Derm Cream,Prescription,Medora,Pharmacy/B2B,6,26.0,EUR,0.0,156.0,156.0
TXN-IT-4-001609,2026-08-28 02:15:20,2026-08-28 02:21:20,IT,Proprietary ERP,B,PUR-002,PureLife BP Monitor,Medical Device,PureLife,D2C,2,90.0,EUR,0.2,180.0,144.0
TXN-IT-4-001610,2026-08-28 20:10:47,2026-08-28 20:11:47,IT,Proprietary ERP,B,PUR-001,PureLife GlucoMonitor,Medical Device,PureLife,D2C,8,85.0,EUR,0.1,680.0,612.0
TXN-IT-4-001611,2026-08-28 15:29:21,2026-08-28 15:31:21,IT,Proprietary ERP,B,MED-002,Medora Derm Cream,Prescription,Medora,Pharmacy/B2B,4,26.0,EUR,0.0,104.0,104.0
TXN-IT-4-001612,2026-08-28 07:16:52,2026-08-28 07:17:52,IT,Proprietary ERP,B,DER-001,Dermacare GlowSerum,Aesthetic,Dermacare,E-commerce,6,32.0,EUR,0.05,192.0,182.4
TXN-IT-4-001613,2026-08-28 12:24:10,2026-08-28 12:26:10,IT,Proprietary ERP,B,VIT-002,Vitalis Multivit,Supplement,Vitalis,Wholesale,6,17.0,EUR,0.15,102.0,86.7
TXN-IT-4-001614,2026-08-28 19:53:05,2026-08-28 19:58:05,IT,Proprietary ERP,B,PUR-002,PureLife BP Monitor,Medical Device,PureLife,Wholesale,11,90.0,EUR,0.05,990.0,940.5
TXN-IT-4-001615,2026-08-28 05:32:37,2026-08-28 05:33:37,IT,Proprietary ERP,B,PUR-002,PureLife BP Monitor,Medical Device,PureLife,Pharmacy/B2B,2,90.0,EUR,0.0,180.0,180.0
TXN-IT-4-001616,2026-08-28 09:15:15,2026-08-28 09:17:15,IT,Proprietary ERP,B,DER-002,Dermacare LiftCream,Aesthetic,Dermacare,D2C,8,37.0,EUR,0.1,296.0,266.4
TXN-IT-4-001617,2026-08-28 22:20:11,2026-08-28 22:25:11,IT,Proprietary ERP,B,DER-001,Dermacare GlowSerum,Aesthetic,Dermacare,E-commerce,12,32.0,EUR,0.05,384.0,364.8
TXN-IT-4-001618,2026-08-28 14:25:25,2026-08-28 14:31:25,IT,Proprietary ERP,B,MED-001,Medora Cardio 10mg,Prescription,Medora,E-commerce,5,43.0,EUR,0.1,215.0,193.5
TXN-IT-4-001619,2026-08-28 07:44:08,2026-08-28 07:50:08,IT,Proprietary ERP,B,VIT-001,Vitalis C1000,Supplement,Vitalis,E-commerce,9,21.0,EUR,0.1,189.0,170.1
TXN-IT-4-001620,2026-08-28 22:37:50,2026-08-28 22:38:50,IT,Proprietary ERP,B,PUR-001,PureLife GlucoMonitor,Medical Device,PureLife,D2C,8,85.0,EUR,0.0,680.0,680.0
TXN-IT-4-001621,2026-08-28 10:09:14,2026-08-28 10:11:14,IT,Proprietary ERP,B,MED-001,Medora Cardio 10mg,Prescription,Medora,D2C,10,43.0,EUR,0.0,430.0,430.0
TXN-IT-4-001622,2026-08-28 13:05:56,2026-08-28 13:11:56,IT,Proprietary ERP,B,DER-001,Dermacare GlowSerum,Aesthetic,Dermacare,Pharmacy/B2B,9,32.0,EUR,0.05,288.0,273.6
TXN-IT-4-001623,2026-08-28 06:25:47,2026-08-28 06:28:47,IT,Proprietary ERP,B,DER-002,Dermacare LiftCream,Aesthetic,Dermacare,D2C,6,37.0,EUR,0.0,222.0,222.0
TXN-IT-4-001624,2026-08-28 09:36:37,2026-08-28 09:39:37,IT,Proprietary ERP,B,MED-002,Medora Derm Cream,Prescription,Medora,Pharmacy/B2B,5,26.0,EUR,0.2,130.0,104.0
TXN-IT-4-001625,2026-08-28 12:30:10,2026-08-28 12:32:10,IT,Proprietary ERP,B,SAN-001,SanaPlus PainRelief,OTC,SanaPlus,E-commerce,8,9.5,EUR,0.1,76.0,68.4
TXN-IT-4-001626,2026-08-28 10:45:10,2026-08-28 10:50:10,IT,Proprietary ERP,B,MED-002,Medora Derm Cream,Prescription,Medora,E-commerce,9,26.0,EUR,0.15,234.0,198.9
TXN-IT-4-001627,2026-08-28 13:29:51,2026-08-28 13:35:51,IT,Proprietary ERP,B,SAN-002,SanaPlus ColdFlu,OTC,SanaPlus,D2C,6,10.5,EUR,0.0,63.0,63.0
TXN-IT-4-001628,2026-08-28 09:25:19,2026-08-28 09:31:19,IT,Proprietary ERP,B,PUR-002,PureLife BP Monitor,Medical Device,PureLife,Wholesale,3,90.0,EUR,0.2,270.0,216.0
TXN-IT-4-001629,2026-08-28 20:30:37,2026-08-28 20:32:37,IT,Proprietary ERP,B,DER-002,Dermacare LiftCream,Aesthetic,Dermacare,Wholesale,10,37.0,EUR,0.1,370.0,333.0
TXN-IT-4-001630,2026-08-28 13:08:34,2026-08-28 13:11:34,IT,Proprietary ERP,B,VIT-001,Vitalis C1000,Supplement,Vitalis,Pharmacy/B2B,3,21.0,EUR,0.0,63.0,63.0
TXN-IT-4-001631,2026-08-28 20:44:15,2026-08-28 20:47:15,IT,Proprietary ERP,B,PUR-002,PureLife BP Monitor,Medical Device,PureLife,D2C,6,90.0,EUR,0.05,540.0,513.0
TXN-IT-4-001632,2026-08-28 05:53:12,2026-08-28 05:55:12,IT,Proprietary ERP,B,VIT-001,Vitalis C1000,Supplement,Vitalis,D2C,6,21.0,EUR,0.0,126.0,126.0
TXN-IT-4-001633,2026-08-28 23:47:20,2026-08-28 23:52:20,IT,Proprietary ERP,B,DER-002,Dermacare LiftCream,Aesthetic,Dermacare,D2C,4,37.0,EUR,0.0,148.0,148.0
TXN-IT-4-001634,2026-08-28 11:06:39,2026-08-28 11:12:39,IT,Proprietary ERP,B,VIT-001,Vitalis C1000,Supplement,Vitalis,D2C,12,21.0,EUR,0.15,252.0,214.2
TXN-IT-4-001635,2026-08-28 20:37:41,2026-08-28 20:40:41,IT,Proprietary ERP,B,VIT-001,Vitalis C1000,Supplement,Vitalis,Pharmacy/B2B,11,21.0,EUR,0.1,231.0,207.9
TXN-IT-4-001636,2026-08-28 15:18:29,2026-08-28 15:20:29,IT,Proprietary ERP,B,SAN-002,SanaPlus ColdFlu,OTC,SanaPlus,Wholesale,8,10.5,EUR,0.15,84.0,71.4
TXN-IT-4-001637,2026-08-28 09:01:00,2026-08-28 09:04:00,IT,Proprietary ERP,B,VIT-001,Vitalis C1000,Supplement,Vitalis,D2C,2,21.0,EUR,0.0,42.0,42.0
TXN-IT-4-001638,2026-08-28 23:51:14,2026-08-28 23:57:14,IT,Proprietary ERP,B,MED-002,Medora Derm Cream,Prescription,Medora,D2C,10,26.0,EUR,0.2,260.0,208.0
TXN-IT-4-001639,2026-08-28 20:15:21,2026-08-28 20:19:21,IT,Proprietary ERP,B,DER-001,Dermacare GlowSerum,Aesthetic,Dermacare,Wholesale,8,32.0,EUR,0.0,256.0,256.0
TXN-IT-4-001640,2026-08-28 15:52:09,2026-08-28 15:57:09,IT,Proprietary ERP,B,MED-002,Medora Derm Cream,Prescription,Medora,Wholesale,7,26.0,EUR,0.0,182.0,182.0
TXN-IT-4-001641,2026-08-28 23:59:49,2026-08-29 00:03:49,IT,Proprietary ERP,B,VIT-002,Vitalis Multivit,Supplement,Vitalis,E-commerce,9,17.0,EUR,0.1,153.0,137.7
TXN-IT-4-001642,2026-08-28 18:21:27,2026-08-28 18:27:27,IT,Proprietary ERP,B,DER-001,Dermacare GlowSerum,Aesthetic,Dermacare,E-commerce,6,32.0,EUR,0.1,192.0,172.8
TXN-IT-4-001643,2026-08-28 11:07:54,2026-08-28 11:09:54,IT,Proprietary ERP,B,MED-001,Medora Cardio 10mg,Prescription,Medora,E-commerce,4,43.0,EUR,0.0,172.0,172.0
TXN-IT-4-001644,2026-08-28 04:38:36,2026-08-28 04:41:36,IT,Proprietary ERP,B,SAN-001,SanaPlus PainRelief,OTC,SanaPlus,E-commerce,3,9.5,EUR,0.15,28.5,24.22
TXN-IT-4-001645,2026-08-28 21:02:17,2026-08-28 21:07:17,IT,Proprietary ERP,B,MED-002,Medora Derm Cream,Prescription,Medora,Wholesale,3,26.0,EUR,0.0,78.0,78.0
TXN-IT-4-001646,2026-08-28 10:28:51,2026-08-28 10:29:51,IT,Proprietary ERP,B,MED-002,Medora Derm Cream,Prescription,Medora,D2C,12,26.0,EUR,0.05,312.0,296.4
TXN-IT-4-001647,2026-08-28 05:28:09,2026-08-28 05:34:09,IT,Proprietary ERP,B,VIT-001,Vitalis C1000,Supplement,Vitalis,E-commerce,3,21.0,EUR,0.15,63.0,53.55
TXN-IT-4-001648,2026-08-28 10:51:02,2026-08-28 10:56:02,IT,Proprietary ERP,B,VIT-002,Vitalis Multivit,Supplement,Vitalis,Pharmacy/B2B,5,17.0,EUR,0.0,85.0,85.0
TXN-IT-4-001649,2026-08-28 21:38:07,2026-08-28 21:44:07,IT,Proprietary ERP,B,PUR-001,PureLife GlucoMonitor,Medical Device,PureLife,Pharmacy/B2B,9,85.0,EUR,0.0,765.0,765.0
TXN-IT-4-001650,2026-08-28 13:23:29,2026-08-28 13:24:29,IT,Proprietary ERP,B,SAN-001,SanaPlus PainRelief,OTC,SanaPlus,Wholesale,11,9.5,EUR,0.1,104.5,94.05
TXN-IT-4-001651,2026-08-28 03:27:53,2026-08-28 03:29:53,IT,Proprietary ERP,B,SAN-001,SanaPlus PainRelief,OTC,SanaPlus,Wholesale,11,9.5,EUR,0.0,104.5,104.5
TXN-IT-4-001652,2026-08-28 19:48:03,2026-08-28 19:51:03,IT,Proprietary ERP,B,DER-002,Dermacare LiftCream,Aesthetic,Dermacare,E-commerce,5,37.0,EUR,0.1,185.0,166.5
TXN-IT-4-001653,2026-08-28 15:55:45,2026-08-28 15:57:45,IT,Proprietary ERP,B,VIT-002,Vitalis Multivit,Supplement,Vitalis,D2C,8,17.0,EUR,0.15,136.0,115.6
TXN-IT-4-001654,2026-08-28 21:46:40,2026-08-28 21:49:40,IT,Proprietary ERP,B,VIT-001,Vitalis C1000,Supplement,Vitalis,Pharmacy/B2B,2,21.0,EUR,0.05,42.0,39.9
TXN-IT-4-001655,2026-08-28 08:48:39,2026-08-28 08:49:39,IT,Proprietary ERP,B,SAN-002,SanaPlus ColdFlu,OTC,SanaPlus,Pharmacy/B2B,12,10.5,EUR,0.2,126.0,100.8
TXN-IT-4-001656,2026-08-28 01:24:15,2026-08-28 01:25:15,IT,Proprietary ERP,B,DER-001,Dermacare GlowSerum,Aesthetic,Dermacare,D2C,4,32.0,EUR,0.15,128.0,108.8
TXN-IT-4-001657,2026-08-28 19:34:30,2026-08-28 19:35:30,IT,Proprietary ERP,B,DER-001,Dermacare GlowSerum,Aesthetic,Dermacare,Wholesale,11,32.0,EUR,0.0,352.0,352.0
TXN-IT-4-001658,2026-08-28 05:50:05,2026-08-28 05:55:05,IT,Proprietary ERP,B,PUR-002,PureLife BP Monitor,Medical Device,PureLife,Wholesale,8,90.0,EUR,0.05,720.0,684.0
TXN-IT-4-001659,2026-08-28 18:36:20,2026-08-28 18:41:20,IT,Proprietary ERP,B,SAN-001,SanaPlus PainRelief,OTC,SanaPlus,D2C,2,9.5,EUR,0.0,19.0,19.0
TXN-IT-4-001660,2026-08-28 02:12:32,2026-08-28 02:16:32,IT,Proprietary ERP,B,SAN-001,SanaPlus PainRelief,OTC,SanaPlus,Wholesale,2,9.5,EUR,0.05,19.0,18.05
TXN-IT-4-001661,2026-08-28 09:47:56,2026-08-28 09:51:56,IT,Proprietary ERP,B,MED-001,Medora Cardio 10mg,Prescription,Medora,E-commerce,5,43.0,EUR,0.2,215.0,172.0
TXN-IT-4-001662,2026-08-28 02:20:24,2026-08-28 02:23:24,IT,Proprietary ERP,B,VIT-001,Vitalis C1000,Supplement,Vitalis,D2C,8,21.0,EUR,0.2,168.0,134.4
TXN-IT-4-001663,2026-08-28 20:52:50,2026-08-28 20:57:50,IT,Proprietary ERP,B,VIT-002,Vitalis Multivit,Supplement,Vitalis,D2C,7,17.0,EUR,0.0,119.0,119.0
TXN-IT-4-001664,2026-08-28 20:59:36,2026-08-28 21:03:36,IT,Proprietary ERP,B,DER-002,Dermacare LiftCream,Aesthetic,Dermacare,Wholesale,6,37.0,EUR,0.2,222.0,177.6
TXN-IT-4-001665,2026-08-28 12:51:26,2026-08-28 12:56:26,IT,Proprietary ERP,B,SAN-001,SanaPlus PainRelief,OTC,SanaPlus,D2C,9,9.5,EUR,0.0,85.5,85.5
TXN-IT-4-001666,2026-08-28 08:04:09,2026-08-28 08:10:09,IT,Proprietary ERP,B,PUR-002,PureLife BP Monitor,Medical Device,PureLife,Pharmacy/B2B,10,90.0,EUR,0.2,900.0,720.0
TXN-IT-4-001667,2026-08-28 03:30:45,2026-08-28 03:33:45,IT,Proprietary ERP,B,VIT-002,Vitalis Multivit,Supplement,Vitalis,E-commerce,2,17.0,EUR,0.1,34.0,30.6
TXN-IT-4-001668,2026-08-28 16:54:45,2026-08-28 16:57:45,IT,Proprietary ERP,B,VIT-002,Vitalis Multivit,Supplement,Vitalis,D2C,8,17.0,EUR,0.0,136.0,136.0
TXN-IT-4-001669,2026-08-28 06:01:11,2026-08-28 06:03:11,IT,Proprietary ERP,B,DER-001,Dermacare GlowSerum,Aesthetic,Dermacare,Wholesale,9,32.0,EUR,0.0,288.0,288.0
TXN-IT-4-001670,2026-08-28 10:15:24,2026-08-28 10:21:24,IT,Proprietary ERP,B,SAN-001,SanaPlus PainRelief,OTC,SanaPlus,E-commerce,5,9.5,EUR,0.05,47.5,45.12
TXN-IT-4-001671,2026-08-28 00:34:18,2026-08-28 00:40:18,IT,Proprietary ERP,B,DER-001,Dermacare GlowSerum,Aesthetic,Dermacare,Wholesale,5,32.0,EUR,0.2,160.0,128.0
TXN-IT-4-001672,2026-08-28 17:17:37,2026-08-28 17:18:37,IT,Proprietary ERP,B,DER-001,Dermacare GlowSerum,Aesthetic,Dermacare,D2C,7,32.0,EUR,0.15,224.0,190.4
TXN-IT-4-001673,2026-08-28 20:03:38,2026-08-28 20:07:38,IT,Proprietary ERP,B,MED-001,Medora Cardio 10mg,Prescription,Medora,Pharmacy/B2B,8,43.0,EUR,0.05,344.0,326.8
TXN-IT-4-001674,2026-08-28 19:54:33,2026-08-28 19:57:33,IT,Proprietary ERP,B,MED-001,Medora Cardio 10mg,Prescription,Medora,Wholesale,8,43.0,EUR,0.0,344.0,344.0
TXN-IT-4-001675,2026-08-28 04:41:41,2026-08-28 04:42:41,IT,Proprietary ERP,B,SAN-002,SanaPlus ColdFlu,OTC,SanaPlus,Wholesale,8,10.5,EUR,0.0,84.0,84.0
TXN-IT-4-001676,2026-08-28 22:33:10,2026-08-28 22:38:10,IT,Proprietary ERP,B,SAN-002,SanaPlus ColdFlu,OTC,SanaPlus,E-commerce,7,10.5,EUR,0.0,73.5,73.5
TXN-IT-4-001677,2026-08-28 19:33:46,2026-08-28 19:35:46,IT,Proprietary ERP,B,VIT-002,Vitalis Multivit,Supplement,Vitalis,Pharmacy/B2B,12,17.0,EUR,0.0,204.0,204.0
TXN-IT-4-001678,2026-08-28 17:07:32,2026-08-28 17:10:32,IT,Proprietary ERP,B,DER-001,Dermacare GlowSerum,Aesthetic,Dermacare,E-commerce,10,32.0,EUR,0.0,320.0,320.0
TXN-IT-4-001679,2026-08-28 13:48:53,2026-08-28 13:51:53,IT,Proprietary ERP,B,MED-001,Medora Cardio 10mg,Prescription,Medora,Wholesale,2,43.0,EUR,0.0,86.0,86.0
TXN-IT-4-001680,2026-08-28 04:41:50,2026-08-28 04:44:50,IT,Proprietary ERP,B,VIT-001,Vitalis C1000,Supplement,Vitalis,Pharmacy/B2B,5,21.0,EUR,0.05,105.0,99.75
TXN-IT-4-001681,2026-08-28 15:00:37,2026-08-28 15:03:37,IT,Proprietary ERP,B,MED-002,Medora Derm Cream,Prescription,Medora,E-commerce,12,26.0,EUR,0.0,312.0,312.0
TXN-IT-4-001682,2026-08-28 06:06:30,2026-08-28 06:08:30,IT,Proprietary ERP,B,DER-001,Dermacare GlowSerum,Aesthetic,Dermacare,Pharmacy/B2B,6,32.0,EUR,0.15,192.0,163.2
TXN-IT-4-001683,2026-08-28 16:33:25,2026-08-28 16:37:25,IT,Proprietary ERP,B,PUR-002,PureLife BP Monitor,Medical Device,PureLife,Wholesale,1,90.0,EUR,0.0,90.0,90.0
TXN-IT-4-001684,2026-08-28 21:34:23,2026-08-28 21:40:23,IT,Proprietary ERP,B,SAN-002,SanaPlus ColdFlu,OTC,SanaPlus,E-commerce,3,10.5,EUR,0.0,31.5,31.5
TXN-IT-4-001685,2026-08-28 09:31:39,2026-08-28 09:32:39,IT,Proprietary ERP,B,DER-002,Dermacare LiftCream,Aesthetic,Dermacare,Pharmacy/B2B,10,37.0,EUR,0.2,370.0,296.0
TXN-IT-4-001686,2026-08-28 10:44:24,2026-08-28 10:45:24,IT,Proprietary ERP,B,PUR-001,PureLife GlucoMonitor,Medical Device,PureLife,D2C,4,85.0,EUR,0.15,340.0,289.0
TXN-IT-4-001687,2026-08-28 05:15:25,2026-08-28 05:17:25,IT,Proprietary ERP,B,DER-002,Dermacare LiftCream,Aesthetic,Dermacare,D2C,3,37.0,EUR,0.2,111.0,88.8
TXN-IT-4-001688,2026-08-28 22:46:46,2026-08-28 22:52:46,IT,Proprietary ERP,B,VIT-002,Vitalis Multivit,Supplement,Vitalis,Pharmacy/B2B,10,17.0,EUR,0.0,170.0,170.0
TXN-IT-4-001689,2026-08-28 07:08:36,2026-08-28 07:09:36,IT,Proprietary ERP,B,PUR-002,PureLife BP Monitor,Medical Device,PureLife,E-commerce,2,90.0,EUR,0.15,180.0,153.0
TXN-IT-4-001690,2026-08-28 01:23:37,2026-08-28 01:27:37,IT,Proprietary ERP,B,PUR-001,PureLife GlucoMonitor,Medical Device,PureLife,D2C,3,85.0,EUR,0.15,255.0,216.75
TXN-IT-4-001691,2026-08-28 15:38:30,2026-08-28 15:41:30,IT,Proprietary ERP,B,PUR-001,PureLife GlucoMonitor,Medical Device,PureLife,Pharmacy/B2B,11,85.0,EUR,0.2,935.0,748.0
TXN-IT-4-001692,2026-08-28 16:25:41,2026-08-28 16:26:41,IT,Proprietary ERP,B,PUR-002,PureLife BP Monitor,Medical Device,PureLife,Wholesale,8,90.0,EUR,0.1,720.0,648.0
TXN-IT-4-001693,2026-08-28 19:41:37,2026-08-28 19:42:37,IT,Proprietary ERP,B,SAN-002,SanaPlus ColdFlu,OTC,SanaPlus,E-commerce,1,10.5,EUR,0.0,10.5,10.5
TXN-IT-4-001694,2026-08-28 08:26:19,2026-08-28 08:27:19,IT,Proprietary ERP,B,MED-001,Medora Cardio 10mg,Prescription,Medora,D2C,2,43.0,EUR,0.2,86.0,68.8
TXN-IT-4-001695,2026-08-28 03:53:16,2026-08-28 03:58:16,IT,Proprietary ERP,B,SAN-002,SanaPlus ColdFlu,OTC,SanaPlus,Wholesale,10,10.5,EUR,0.0,105.0,105.0
TXN-IT-4-001696,2026-08-28 19:12:09,2026-08-28 19:13:09,IT,Proprietary ERP,B,DER-001,Dermacare GlowSerum,Aesthetic,Dermacare,D2C,3,32.0,EUR,0.05,96.0,91.2
TXN-IT-4-001697,2026-08-28 16:20:20,2026-08-28 16:23:20,IT,Proprietary ERP,B,PUR-002,PureLife BP Monitor,Medical Device,PureLife,Wholesale,7,90.0,EUR,0.0,630.0,630.0
TXN-IT-4-001698,2026-08-28 07:31:34,2026-08-28 07:37:34,IT,Proprietary ERP,B,SAN-001,SanaPlus PainRelief,OTC,SanaPlus,Pharmacy/B2B,12,9.5,EUR,0.2,114.0,91.2
TXN-IT-4-001699,2026-08-28 13:42:54,2026-08-28 13:46:54,IT,Proprietary ERP,B,DER-002,Dermacare LiftCream,Aesthetic,Dermacare,E-commerce,1,37.0,EUR,0.0,37.0,37.0
TXN-IT-4-001700,2026-08-28 17:10:53,2026-08-28 17:11:53,IT,Proprietary ERP,B,DER-002,Dermacare LiftCream,Aesthetic,Dermacare,Wholesale,12,37.0,EUR,0.0,444.0,444.0
TXN-IT-4-001701,2026-08-28 04:16:25,2026-08-28 04:22:25,IT,Proprietary ERP,B,DER-002,Dermacare LiftCream,Aesthetic,Dermacare,E-commerce,5,37.0,EUR,0.0,185.0,185.0
TXN-IT-4-001702,2026-08-28 01:28:29,2026-08-28 01:30:29,IT,Proprietary ERP,B,PUR-001,PureLife GlucoMonitor,Medical Device,PureLife,D2C,7,85.0,EUR,0.0,595.0,595.0
TXN-IT-4-001703,2026-08-28 01:44:26,2026-08-28 01:48:26,IT,Proprietary ERP,B,MED-002,Medora Derm Cream,Prescription,Medora,E-commerce,5,26.0,EUR,0.05,130.0,123.5
TXN-IT-4-001704,2026-08-28 19:36:50,2026-08-28 19:38:50,IT,Proprietary ERP,B,SAN-002,SanaPlus ColdFlu,OTC,SanaPlus,Pharmacy/B2B,11,10.5,EUR,0.0,115.5,115.5
TXN-IT-4-001705,2026-08-28 21:44:24,2026-08-28 21:50:24,IT,Proprietary ERP,B,SAN-001,SanaPlus PainRelief,OTC,SanaPlus,Pharmacy/B2B,7,9.5,EUR,0.15,66.5,56.52
TXN-IT-4-001706,2026-08-28 14:04:34,2026-08-28 14:08:34,IT,Proprietary ERP,B,DER-002,Dermacare LiftCream,Aesthetic,Dermacare,E-commerce,1,37.0,EUR,0.0,37.0,37.0
TXN-IT-4-001707,2026-08-28 22:54:15,2026-08-28 22:59:15,IT,Proprietary ERP,B,VIT-002,Vitalis Multivit,Supplement,Vitalis,Pharmacy/B2B,3,17.0,EUR,0.0,51.0,51.0
TXN-IT-4-001708,2026-08-28 17:24:26,2026-08-28 17:28:26,IT,Proprietary ERP,B,MED-002,Medora Derm Cream,Prescription,Medora,D2C,7,26.0,EUR,0.0,182.0,182.0
TXN-IT-4-001709,2026-08-28 03:05:34,2026-08-28 03:09:34,IT,Proprietary ERP,B,DER-001,Dermacare GlowSerum,Aesthetic,Dermacare,D2C,5,32.0,EUR,0.05,160.0,152.0
TXN-IT-4-001710,2026-08-28 07:35:23,2026-08-28 07:36:23,IT,Proprietary ERP,B,SAN-001,SanaPlus PainRelief,OTC,SanaPlus,D2C,9,9.5,EUR,0.15,85.5,72.67
TXN-IT-4-001711,2026-08-28 06:54:49,2026-08-28 06:59:49,IT,Proprietary ERP,B,SAN-001,SanaPlus PainRelief,OTC,SanaPlus,Wholesale,1,9.5,EUR,0.0,9.5,9.5
TXN-IT-4-001712,2026-08-28 03:50:59,2026-08-28 03:56:59,IT,Proprietary ERP,B,SAN-002,SanaPlus ColdFlu,OTC,SanaPlus,D2C,9,10.5,EUR,0.1,94.5,85.05
TXN-IT-4-001713,2026-08-28 00:48:49,2026-08-28 00:54:49,IT,Proprietary ERP,B,PUR-001,PureLife GlucoMonitor,Medical Device,PureLife,Pharmacy/B2B,6,85.0,EUR,0.0,510.0,510.0
TXN-IT-4-001714,2026-08-28 16:19:35,2026-08-28 16:24:35,IT,Proprietary ERP,B,MED-001,Medora Cardio 10mg,Prescription,Medora,Pharmacy/B2B,4,43.0,EUR,0.0,172.0,172.0
TXN-IT-4-001715,2026-08-28 11:07:04,2026-08-28 11:09:04,IT,Proprietary ERP,B,PUR-001,PureLife GlucoMonitor,Medical Device,PureLife,Pharmacy/B2B,5,85.0,EUR,0.05,425.0,403.75
TXN-IT-4-001716,2026-08-28 13:32:52,2026-08-28 13:38:52,IT,Proprietary ERP,B,PUR-001,PureLife GlucoMonitor,Medical Device,PureLife,Wholesale,5,85.0,EUR,0.2,425.0,340.0
TXN-IT-4-001717,2026-08-28 00:48:01,2026-08-28 00:53:01,IT,Proprietary ERP,B,SAN-001,SanaPlus PainRelief,OTC,SanaPlus,Pharmacy/B2B,6,9.5,EUR,0.0,57.0,57.0
TXN-IT-4-001718,2026-08-28 06:46:33,2026-08-28 06:52:33,IT,Proprietary ERP,B,VIT-001,Vitalis C1000,Supplement,Vitalis,D2C,7,21.0,EUR,0.15,147.0,124.95
TXN-IT-4-001719,2026-08-28 06:40:58,2026-08-28 06:45:58,IT,Proprietary ERP,B,PUR-001,PureLife GlucoMonitor,Medical Device,PureLife,Wholesale,12,85.0,EUR,0.0,1020.0,1020.0
TXN-IT-4-001720,2026-08-28 11:56:47,2026-08-28 11:58:47,IT,Proprietary ERP,B,DER-001,Dermacare GlowSerum,Aesthetic,Dermacare,Wholesale,6,32.0,EUR,0.0,192.0,192.0
TXN-IT-4-001721,2026-08-28 11:19:11,2026-08-28 11:25:11,IT,Proprietary ERP,B,PUR-002,PureLife BP Monitor,Medical Device,PureLife,Pharmacy/B2B,12,90.0,EUR,0.1,1080.0,972.0
TXN-IT-4-001722,2026-08-28 14:20:02,2026-08-28 14:21:02,IT,Proprietary ERP,B,MED-002,Medora Derm Cream,Prescription,Medora,E-commerce,8,26.0,EUR,0.0,208.0,208.0
TXN-IT-4-001723,2026-08-28 06:02:20,2026-08-28 06:07:20,IT,Proprietary ERP,B,DER-002,Dermacare LiftCream,Aesthetic,Dermacare,Pharmacy/B2B,2,37.0,EUR,0.0,74.0,74.0
TXN-IT-4-001724,2026-08-28 19:10:24,2026-08-28 19:15:24,IT,Proprietary ERP,B,PUR-002,PureLife BP Monitor,Medical Device,PureLife,Wholesale,2,90.0,EUR,0.1,180.0,162.0
TXN-IT-4-001725,2026-08-28 00:58:02,2026-08-28 01:02:02,IT,Proprietary ERP,B,MED-002,Medora Derm Cream,Prescription,Medora,Wholesale,10,26.0,EUR,0.15,260.0,221.0
TXN-IT-4-001726,2026-08-28 03:29:20,2026-08-28 03:32:20,IT,Proprietary ERP,B,MED-001,Medora Cardio 10mg,Prescription,Medora,D2C,4,43.0,EUR,0.05,172.0,163.4
TXN-IT-4-001727,2026-08-28 10:32:38,2026-08-28 10:35:38,IT,Proprietary ERP,B,SAN-002,SanaPlus ColdFlu,OTC,SanaPlus,Pharmacy/B2B,8,10.5,EUR,0.15,84.0,71.4
TXN-IT-4-001728,2026-08-28 07:55:20,2026-08-28 08:01:20,IT,Proprietary ERP,B,VIT-001,Vitalis C1000,Supplement,Vitalis,Pharmacy/B2B,9,21.0,EUR,0.05,189.0,179.55
TXN-IT-4-001729,2026-08-28 10:45:09,2026-08-28 10:46:09,IT,Proprietary ERP,B,DER-002,Dermacare LiftCream,Aesthetic,Dermacare,E-commerce,2,37.0,EUR,0.0,74.0,74.0
TXN-IT-4-001730,2026-08-28 16:49:03,2026-08-28 16:52:03,IT,Proprietary ERP,B,VIT-002,Vitalis Multivit,Supplement,Vitalis,Pharmacy/B2B,1,17.0,EUR,0.15,17.0,14.45
TXN-IT-4-001731,2026-08-28 01:45:06,2026-08-28 01:51:06,IT,Proprietary ERP,B,SAN-001,SanaPlus PainRelief,OTC,SanaPlus,Pharmacy/B2B,5,9.5,EUR,0.0,47.5,47.5
TXN-IT-4-001732,2026-08-28 22:42:20,2026-08-28 22:46:20,IT,Proprietary ERP,B,VIT-002,Vitalis Multivit,Supplement,Vitalis,Pharmacy/B2B,1,17.0,EUR,0.0,17.0,17.0
TXN-IT-4-001733,2026-08-28 03:25:23,2026-08-28 03:28:23,IT,Proprietary ERP,B,PUR-001,PureLife GlucoMonitor,Medical Device,PureLife,D2C,3,85.0,EUR,0.0,255.0,255.0
TXN-IT-4-001734,2026-08-28 14:08:33,2026-08-28 14:13:33,IT,Proprietary ERP,B,MED-001,Medora Cardio 10mg,Prescription,Medora,Pharmacy/B2B,4,43.0,EUR,0.0,172.0,172.0
TXN-IT-4-001735,2026-08-28 07:32:12,2026-08-28 07:37:12,IT,Proprietary ERP,B,VIT-002,Vitalis Multivit,Supplement,Vitalis,E-commerce,6,17.0,EUR,0.15,102.0,86.7
TXN-IT-4-001736,2026-08-28 07:12:21,2026-08-28 07:15:21,IT,Proprietary ERP,B,MED-002,Medora Derm Cream,Prescription,Medora,E-commerce,1,26.0,EUR,0.15,26.0,22.1
TXN-IT-4-001737,2026-08-28 17:27:58,2026-08-28 17:30:58,IT,Proprietary ERP,B,MED-002,Medora Derm Cream,Prescription,Medora,Pharmacy/B2B,4,26.0,EUR,0.2,104.0,83.2
TXN-IT-4-001738,2026-08-28 23:31:17,2026-08-28 23:33:17,IT,Proprietary ERP,B,PUR-001,PureLife GlucoMonitor,Medical Device,PureLife,D2C,3,85.0,EUR,0.15,255.0,216.75
TXN-IT-4-001739,2026-08-28 19:46:29,2026-08-28 19:52:29,IT,Proprietary ERP,B,DER-001,Dermacare GlowSerum,Aesthetic,Dermacare,D2C,3,32.0,EUR,0.0,96.0,96.0
TXN-IT-4-001740,2026-08-28 00:06:44,2026-08-28 00:11:44,IT,Proprietary ERP,B,SAN-002,SanaPlus ColdFlu,OTC,SanaPlus,E-commerce,10,10.5,EUR,0.05,105.0,99.75
TXN-IT-4-001741,2026-08-28 21:59:30,2026-08-28 22:01:30,IT,Proprietary ERP,B,MED-001,Medora Cardio 10mg,Prescription,Medora,Wholesale,10,43.0,EUR,0.2,430.0,344.0
TXN-IT-4-001742,2026-08-28 04:58:43,2026-08-28 05:02:43,IT,Proprietary ERP,B,SAN-002,SanaPlus ColdFlu,OTC,SanaPlus,E-commerce,5,10.5,EUR,0.1,52.5,47.25
TXN-IT-4-001743,2026-08-28 04:10:22,2026-08-28 04:12:22,IT,Proprietary ERP,B,SAN-001,SanaPlus PainRelief,OTC,SanaPlus,Pharmacy/B2B,5,9.5,EUR,0.1,47.5,42.75
TXN-IT-4-001744,2026-08-28 11:55:14,2026-08-28 11:58:14,IT,Proprietary ERP,B,SAN-002,SanaPlus ColdFlu,OTC,SanaPlus,D2C,12,10.5,EUR,0.0,126.0,126.0
TXN-IT-4-001745,2026-08-28 05:51:23,2026-08-28 05:54:23,IT,Proprietary ERP,B,DER-002,Dermacare LiftCream,Aesthetic,Dermacare,Pharmacy/B2B,8,37.0,EUR,0.15,296.0,251.6
TXN-IT-4-001746,2026-08-28 14:22:09,2026-08-28 14:28:09,IT,Proprietary ERP,B,MED-001,Medora Cardio 10mg,Prescription,Medora,Pharmacy/B2B,5,43.0,EUR,0.05,215.0,204.25
TXN-IT-4-001747,2026-08-28 05:19:46,2026-08-28 05:20:46,IT,Proprietary ERP,B,SAN-001,SanaPlus PainRelief,OTC,SanaPlus,D2C,6,9.5,EUR,0.05,57.0,54.15
TXN-IT-4-001748,2026-08-28 21:22:09,2026-08-28 21:26:09,IT,Proprietary ERP,B,PUR-002,PureLife BP Monitor,Medical Device,PureLife,Pharmacy/B2B,6,90.0,EUR,0.15,540.0,459.0
TXN-IT-4-001749,2026-08-28 22:54:43,2026-08-28 22:59:43,IT,Proprietary ERP,B,MED-002,Medora Derm Cream,Prescription,Medora,D2C,11,26.0,EUR,0.0,286.0,286.0
TXN-IT-4-001750,2026-08-28 10:59:50,2026-08-28 11:04:50,IT,Proprietary ERP,B,VIT-001,Vitalis C1000,Supplement,Vitalis,Wholesale,11,21.0,EUR,0.05,231.0,219.45
TXN-IT-4-001751,2026-08-28 20:44:53,2026-08-28 20:47:53,IT,Proprietary ERP,B,MED-001,Medora Cardio 10mg,Prescription,Medora,Pharmacy/B2B,7,43.0,EUR,0.0,301.0,301.0
TXN-IT-4-001752,2026-08-28 12:54:29,2026-08-28 12:57:29,IT,Proprietary ERP,B,SAN-002,SanaPlus ColdFlu,OTC,SanaPlus,E-commerce,6,10.5,EUR,0.0,63.0,63.0
TXN-IT-4-001753,2026-08-28 02:21:52,2026-08-28 02:23:52,IT,Proprietary ERP,B,MED-002,Medora Derm Cream,Prescription,Medora,E-commerce,2,26.0,EUR,0.1,52.0,46.8
TXN-IT-4-001754,2026-08-28 22:32:50,2026-08-28 22:38:50,IT,Proprietary ERP,B,DER-001,Dermacare GlowSerum,Aesthetic,Dermacare,D2C,4,32.0,EUR,0.0,128.0,128.0
TXN-IT-4-001755,2026-08-28 17:05:49,2026-08-28 17:10:49,IT,Proprietary ERP,B,PUR-001,PureLife GlucoMonitor,Medical Device,PureLife,Pharmacy/B2B,3,85.0,EUR,0.1,255.0,229.5
TXN-IT-4-001756,2026-08-28 03:25:07,2026-08-28 03:29:07,IT,Proprietary ERP,B,PUR-002,PureLife BP Monitor,Medical Device,PureLife,Pharmacy/B2B,5,90.0,EUR,0.0,450.0,450.0
TXN-IT-4-001757,2026-08-28 10:46:11,2026-08-28 10:49:11,IT,Proprietary ERP,B,PUR-002,PureLife BP Monitor,Medical Device,PureLife,E-commerce,1,90.0,EUR,0.1,90.0,81.0
TXN-IT-4-001758,2026-08-28 18:34:24,2026-08-28 18:35:24,IT,Proprietary ERP,B,PUR-001,PureLife GlucoMonitor,Medical Device,PureLife,D2C,7,85.0,EUR,0.15,595.0,505.75
TXN-IT-4-001759,2026-08-28 16:13:34,2026-08-28 16:19:34,IT,Proprietary ERP,B,SAN-001,SanaPlus PainRelief,OTC,SanaPlus,D2C,10,9.5,EUR,0.2,95.0,76.0
TXN-IT-4-001760,2026-08-28 20:18:10,2026-08-28 20:21:10,IT,Proprietary ERP,B,PUR-002,PureLife BP Monitor,Medical Device,PureLife,D2C,2,90.0,EUR,0.0,180.0,180.0
TXN-IT-4-001761,2026-08-28 17:25:26,2026-08-28 17:29:26,IT,Proprietary ERP,B,PUR-001,PureLife GlucoMonitor,Medical Device,PureLife,Wholesale,1,85.0,EUR,0.1,85.0,76.5
TXN-IT-4-001762,2026-08-28 21:51:44,2026-08-28 21:55:44,IT,Proprietary ERP,B,PUR-001,PureLife GlucoMonitor,Medical Device,PureLife,Pharmacy/B2B,7,85.0,EUR,0.15,595.0,505.75
TXN-IT-4-001763,2026-08-28 13:41:02,2026-08-28 13:47:02,IT,Proprietary ERP,B,DER-001,Dermacare GlowSerum,Aesthetic,Dermacare,Wholesale,11,32.0,EUR,0.0,352.0,352.0
TXN-IT-4-001764,2026-08-28 06:00:48,2026-08-28 06:01:48,IT,Proprietary ERP,B,DER-001,Dermacare GlowSerum,Aesthetic,Dermacare,Wholesale,6,32.0,EUR,0.1,192.0,172.8
TXN-IT-4-001765,2026-08-28 12:55:47,2026-08-28 12:59:47,IT,Proprietary ERP,B,PUR-002,PureLife BP Monitor,Medical Device,PureLife,Pharmacy/B2B,7,90.0,EUR,0.0,630.0,630.0
TXN-IT-4-001766,2026-08-28 05:51:42,2026-08-28 05:55:42,IT,Proprietary ERP,B,SAN-002,SanaPlus ColdFlu,OTC,SanaPlus,E-commerce,9,10.5,EUR,0.0,94.5,94.5
TXN-IT-4-001767,2026-08-28 13:46:36,2026-08-28 13:48:36,IT,Proprietary ERP,B,SAN-002,SanaPlus ColdFlu,OTC,SanaPlus,D2C,10,10.5,EUR,0.1,105.0,94.5
TXN-IT-4-001768,2026-08-28 19:53:39,2026-08-28 19:54:39,IT,Proprietary ERP,B,DER-001,Dermacare GlowSerum,Aesthetic,Dermacare,Wholesale,12,32.0,EUR,0.15,384.0,326.4
TXN-IT-4-001769,2026-08-28 22:52:08,2026-08-28 22:57:08,IT,Proprietary ERP,B,DER-001,Dermacare GlowSerum,Aesthetic,Dermacare,E-commerce,7,32.0,EUR,0.15,224.0,190.4
TXN-IT-4-001770,2026-08-28 03:19:12,2026-08-28 03:25:12,IT,Proprietary ERP,B,MED-001,Medora Cardio 10mg,Prescription,Medora,Pharmacy/B2B,2,43.0,EUR,0.05,86.0,81.7
TXN-IT-4-001771,2026-08-28 02:30:25,2026-08-28 02:32:25,IT,Proprietary ERP,B,SAN-002,SanaPlus ColdFlu,OTC,SanaPlus,Pharmacy/B2B,7,10.5,EUR,0.05,73.5,69.83
TXN-IT-4-001772,2026-08-28 00:11:02,2026-08-28 00:15:02,IT,Proprietary ERP,B,VIT-001,Vitalis C1000,Supplement,Vitalis,Wholesale,6,21.0,EUR,0.15,126.0,107.1
TXN-IT-4-001773,2026-08-28 18:09:40,2026-08-28 18:12:40,IT,Proprietary ERP,B,SAN-001,SanaPlus PainRelief,OTC,SanaPlus,E-commerce,11,9.5,EUR,0.15,104.5,88.83
TXN-IT-4-001774,2026-08-28 00:50:41,2026-08-28 00:53:41,IT,Proprietary ERP,B,SAN-001,SanaPlus PainRelief,OTC,SanaPlus,E-commerce,10,9.5,EUR,0.05,95.0,90.25
TXN-IT-4-001775,2026-08-28 10:15:14,2026-08-28 10:21:14,IT,Proprietary ERP,B,MED-002,Medora Derm Cream,Prescription,Medora,D2C,2,26.0,EUR,0.15,52.0,44.2
TXN-IT-4-001776,2026-08-28 09:48:27,2026-08-28 09:50:27,IT,Proprietary ERP,B,SAN-002,SanaPlus ColdFlu,OTC,SanaPlus,Wholesale,3,10.5,EUR,0.0,31.5,31.5
TXN-IT-4-001777,2026-08-28 21:26:26,2026-08-28 21:27:26,IT,Proprietary ERP,B,PUR-002,PureLife BP Monitor,Medical Device,PureLife,E-commerce,5,90.0,EUR,0.0,450.0,450.0
TXN-IT-4-001778,2026-08-28 05:24:05,2026-08-28 05:30:05,IT,Proprietary ERP,B,DER-001,Dermacare GlowSerum,Aesthetic,Dermacare,Pharmacy/B2B,8,32.0,EUR,0.2,256.0,204.8
TXN-IT-4-001779,2026-08-28 09:11:39,2026-08-28 09:17:39,IT,Proprietary ERP,B,SAN-001,SanaPlus PainRelief,OTC,SanaPlus,E-commerce,9,9.5,EUR,0.1,85.5,76.95
TXN-IT-4-001780,2026-08-28 06:17:47,2026-08-28 06:21:47,IT,Proprietary ERP,B,DER-001,Dermacare GlowSerum,Aesthetic,Dermacare,Pharmacy/B2B,4,32.0,EUR,0.0,128.0,128.0
TXN-IT-4-001781,2026-08-28 16:31:33,2026-08-28 16:37:33,IT,Proprietary ERP,B,SAN-002,SanaPlus ColdFlu,OTC,SanaPlus,Pharmacy/B2B,11,10.5,EUR,0.1,115.5,103.95
TXN-IT-4-001782,2026-08-28 23:45:38,2026-08-28 23:46:38,IT,Proprietary ERP,B,PUR-001,PureLife GlucoMonitor,Medical Device,PureLife,Pharmacy/B2B,1,85.0,EUR,0.15,85.0,72.25
TXN-IT-4-001783,2026-08-28 14:30:58,2026-08-28 14:31:58,IT,Proprietary ERP,B,MED-001,Medora Cardio 10mg,Prescription,Medora,D2C,1,43.0,EUR,0.0,43.0,43.0
TXN-IT-4-001784,2026-08-28 22:47:31,2026-08-28 22:49:31,IT,Proprietary ERP,B,DER-001,Dermacare GlowSerum,Aesthetic,Dermacare,D2C,4,32.0,EUR,0.0,128.0,128.0
TXN-IT-4-001785,2026-08-28 03:14:53,2026-08-28 03:16:53,IT,Proprietary ERP,B,VIT-001,Vitalis C1000,Supplement,Vitalis,E-commerce,6,21.0,EUR,0.0,126.0,126.0
TXN-IT-4-001786,2026-08-28 16:30:10,2026-08-28 16:31:10,IT,Proprietary ERP,B,DER-001,Dermacare GlowSerum,Aesthetic,Dermacare,D2C,1,32.0,EUR,0.1,32.0,28.8
TXN-IT-4-001787,2026-08-28 10:43:07,2026-08-28 10:49:07,IT,Proprietary ERP,B,MED-001,Medora Cardio 10mg,Prescription,Medora,D2C,11,43.0,EUR,0.1,473.0,425.7
TXN-IT-4-001788,2026-08-28 22:11:01,2026-08-28 22:14:01,IT,Proprietary ERP,B,SAN-001,SanaPlus PainRelief,OTC,SanaPlus,Wholesale,10,9.5,EUR,0.0,95.0,95.0
TXN-IT-4-001789,2026-08-28 23:50:03,2026-08-28 23:56:03,IT,Proprietary ERP,B,DER-001,Dermacare GlowSerum,Aesthetic,Dermacare,D2C,5,32.0,EUR,0.15,160.0,136.0
TXN-IT-4-001790,2026-08-28 18:49:13,2026-08-28 18:55:13,IT,Proprietary ERP,B,VIT-002,Vitalis Multivit,Supplement,Vitalis,E-commerce,1,17.0,EUR,0.0,17.0,17.0
TXN-IT-4-001791,2026-08-28 08:04:41,2026-08-28 08:08:41,IT,Proprietary ERP,B,MED-002,Medora Derm Cream,Prescription,Medora,E-commerce,6,26.0,EUR,0.0,156.0,156.0
TXN-IT-4-001792,2026-08-28 21:31:06,2026-08-28 21:32:06,IT,Proprietary ERP,B,DER-002,Dermacare LiftCream,Aesthetic,Dermacare,D2C,7,37.0,EUR,0.0,259.0,259.0
TXN-IT-4-001793,2026-08-28 08:29:34,2026-08-28 08:35:34,IT,Proprietary ERP,B,MED-002,Medora Derm Cream,Prescription,Medora,Wholesale,3,26.0,EUR,0.1,78.0,70.2
TXN-IT-4-001794,2026-08-28 10:03:40,2026-08-28 10:08:40,IT,Proprietary ERP,B,VIT-001,Vitalis C1000,Supplement,Vitalis,E-commerce,9,21.0,EUR,0.15,189.0,160.65
TXN-IT-4-001795,2026-08-28 05:37:15,2026-08-28 05:40:15,IT,Proprietary ERP,B,VIT-002,Vitalis Multivit,Supplement,Vitalis,Pharmacy/B2B,12,17.0,EUR,0.1,204.0,183.6
TXN-IT-4-001796,2026-08-28 08:08:00,2026-08-28 08:12:00,IT,Proprietary ERP,B,VIT-002,Vitalis Multivit,Supplement,Vitalis,E-commerce,5,17.0,EUR,0.05,85.0,80.75
TXN-IT-4-001797,2026-08-28 10:55:21,2026-08-28 11:00:21,IT,Proprietary ERP,B,VIT-002,Vitalis Multivit,Supplement,Vitalis,E-commerce,10,17.0,EUR,0.1,170.0,153.0
TXN-IT-4-001798,2026-08-28 07:58:33,2026-08-28 08:01:33,IT,Proprietary ERP,B,PUR-002,PureLife BP Monitor,Medical Device,PureLife,E-commerce,6,90.0,EUR,0.2,540.0,432.0
TXN-IT-4-001799,2026-08-28 19:34:05,2026-08-28 19:39:05,IT,Proprietary ERP,B,DER-002,Dermacare LiftCream,Aesthetic,Dermacare,Pharmacy/B2B,2,37.0,EUR,0.0,74.0,74.0
TXN-IT-4-001800,2026-08-28 00:03:27,2026-08-28 00:07:27,IT,Proprietary ERP,B,VIT-002,Vitalis Multivit,Supplement,Vitalis,Wholesale,9,17.0,EUR,0.15,153.0,130.05
TXN-IT-4-001801,2026-08-28 00:06:52,2026-08-28 00:11:52,IT,Proprietary ERP,B,DER-002,Dermacare LiftCream,Aesthetic,Dermacare,Pharmacy/B2B,4,37.0,EUR,0.15,148.0,125.8
TXN-IT-4-001802,2026-08-28 04:21:22,2026-08-28 04:25:22,IT,Proprietary ERP,B,SAN-001,SanaPlus PainRelief,OTC,SanaPlus,Wholesale,12,9.5,EUR,0.1,114.0,102.6
TXN-IT-4-001803,2026-08-28 02:42:25,2026-08-28 02:45:25,IT,Proprietary ERP,B,PUR-001,PureLife GlucoMonitor,Medical Device,PureLife,Wholesale,10,85.0,EUR,0.1,850.0,765.0
TXN-IT-4-001804,2026-08-28 15:39:35,2026-08-28 15:40:35,IT,Proprietary ERP,B,MED-001,Medora Cardio 10mg,Prescription,Medora,Wholesale,2,43.0,EUR,0.1,86.0,77.4
TXN-IT-4-001805,2026-08-28 10:59:47,2026-08-28 11:03:47,IT,Proprietary ERP,B,MED-002,Medora Derm Cream,Prescription,Medora,Wholesale,4,26.0,EUR,0.0,104.0,104.0
TXN-IT-4-001806,2026-08-28 13:44:13,2026-08-28 13:49:13,IT,Proprietary ERP,B,PUR-001,PureLife GlucoMonitor,Medical Device,PureLife,Wholesale,10,85.0,EUR,0.05,850.0,807.5
TXN-IT-4-001807,2026-08-28 15:00:42,2026-08-28 15:06:42,IT,Proprietary ERP,B,SAN-001,SanaPlus PainRelief,OTC,SanaPlus,Pharmacy/B2B,11,9.5,EUR,0.0,104.5,104.5
TXN-IT-4-001808,2026-08-28 13:54:12,2026-08-28 14:00:12,IT,Proprietary ERP,B,MED-001,Medora Cardio 10mg,Prescription,Medora,D2C,5,43.0,EUR,0.0,215.0,215.0
TXN-IT-4-001809,2026-08-28 06:35:19,2026-08-28 06:41:19,IT,Proprietary ERP,B,SAN-002,SanaPlus ColdFlu,OTC,SanaPlus,Wholesale,10,10.5,EUR,0.15,105.0,89.25
TXN-IT-4-001810,2026-08-28 09:39:03,2026-08-28 09:42:03,IT,Proprietary ERP,B,DER-002,Dermacare LiftCream,Aesthetic,Dermacare,Pharmacy/B2B,3,37.0,EUR,0.1,111.0,99.9
TXN-IT-4-001811,2026-08-28 19:48:47,2026-08-28 19:52:47,IT,Proprietary ERP,B,SAN-002,SanaPlus ColdFlu,OTC,SanaPlus,Pharmacy/B2B,1,10.5,EUR,0.0,10.5,10.5
TXN-IT-4-001812,2026-08-28 09:43:18,2026-08-28 09:46:18,IT,Proprietary ERP,B,DER-002,Dermacare LiftCream,Aesthetic,Dermacare,Wholesale,3,37.0,EUR,0.15,111.0,94.35
TXN-IT-4-001813,2026-08-28 06:22:27,2026-08-28 06:24:27,IT,Proprietary ERP,B,PUR-001,PureLife GlucoMonitor,Medical Device,PureLife,Pharmacy/B2B,10,85.0,EUR,0.0,850.0,850.0
TXN-IT-4-001814,2026-08-28 16:59:31,2026-08-28 17:04:31,IT,Proprietary ERP,B,DER-001,Dermacare GlowSerum,Aesthetic,Dermacare,D2C,1,32.0,EUR,0.2,32.0,25.6
TXN-IT-4-001815,2026-08-28 18:54:31,2026-08-28 18:57:31,IT,Proprietary ERP,B,PUR-001,PureLife GlucoMonitor,Medical Device,PureLife,Pharmacy/B2B,2,85.0,EUR,0.1,170.0,153.0
TXN-IT-4-001816,2026-08-28 18:49:13,2026-08-28 18:52:13,IT,Proprietary ERP,B,PUR-001,PureLife GlucoMonitor,Medical Device,PureLife,D2C,5,85.0,EUR,0.1,425.0,382.5
