transaction_id,order_datetime_utc,ingested_at_utc,country,source_system,source_scenario,product_code,product_name,product_category,brand,sales_channel,quantity,unit_price,currency,discount_pct,gross_amount,net_amount
TXN-CN-3-000001,2026-08-27 01:20:46,2026-08-27 01:22:46,CN,Other ERP,C,DER-002,Dermacare LiftCream,AES,Dermacare,D2C,12,284.62,CNY,0.05,3415.44,3244.67
TXN-CN-3-000002,2026-08-27 20:18:47,2026-08-27 20:23:47,CN,Other ERP,C,PUR-001,PureLife GlucoMonitor,MD,PureLife,Wholesale,9,653.85,CNY,0.05,5884.65,5590.42
TXN-CN-3-000003,2026-08-27 18:05:50,2026-08-27 18:10:50,CN,Other ERP,C,MED-002,Medora Derm Cream,RX,Medora,Pharmacy/B2B,7,200.0,CNY,0.0,1400.0,1400.0
TXN-CN-3-000004,2026-08-27 22:32:45,2026-08-27 22:33:45,CN,Other ERP,C,VIT-001,Vitalis C1000,SUP,Vitalis,D2C,9,161.54,CNY,0.0,1453.86,1453.86
TXN-CN-3-000005,2026-08-27 18:33:33,2026-08-27 18:38:33,CN,Other ERP,C,DER-001,Dermacare GlowSerum,AES,Dermacare,Wholesale,6,246.15,CNY,0.0,1476.9,1476.9
TXN-CN-3-000006,2026-08-27 23:27:58,2026-08-27 23:31:58,CN,Other ERP,C,DER-002,Dermacare LiftCream,AES,Dermacare,Wholesale,4,284.62,CNY,0.0,1138.48,1138.48
TXN-CN-3-000007,2026-08-27 16:15:12,2026-08-27 16:17:12,CN,Other ERP,C,PUR-001,PureLife GlucoMonitor,MD,PureLife,Wholesale,3,653.85,CNY,0.05,1961.55,1863.47
TXN-CN-3-000008,2026-08-27 12:56:15,2026-08-27 13:00:15,CN,Other ERP,C,VIT-002,Vitalis Multivit,SUP,Vitalis,Pharmacy/B2B,9,130.77,CNY,0.2,1176.93,941.54
TXN-CN-3-000009,2026-08-27 06:28:39,2026-08-27 06:34:39,CN,Other ERP,C,PUR-002,PureLife BP Monitor,MD,PureLife,Pharmacy/B2B,4,692.31,CNY,0.0,2769.24,2769.24
TXN-CN-3-000010,2026-08-27 08:09:05,2026-08-27 08:11:05,CN,Other ERP,C,PUR-001,PureLife GlucoMonitor,MD,PureLife,Wholesale,1,653.85,CNY,0.05,653.85,621.16
TXN-CN-3-000011,2026-08-27 20:42:20,2026-08-27 20:44:20,CN,Other ERP,C,DER-002,Dermacare LiftCream,AES,Dermacare,D2C,7,284.62,CNY,0.15,1992.34,1693.49
TXN-CN-3-000012,2026-08-27 05:01:06,2026-08-27 05:03:06,CN,Other ERP,C,VIT-001,Vitalis C1000,SUP,Vitalis,E-commerce,6,161.54,CNY,0.0,969.24,969.24
TXN-CN-3-000013,2026-08-27 10:58:11,2026-08-27 11:02:11,CN,Other ERP,C,VIT-002,Vitalis Multivit,SUP,Vitalis,Wholesale,11,130.77,CNY,0.0,1438.47,1438.47
TXN-CN-3-000014,2026-08-27 22:26:29,2026-08-27 22:32:29,CN,Other ERP,C,VIT-001,Vitalis C1000,SUP,Vitalis,Wholesale,7,161.54,CNY,0.1,1130.78,1017.7
TXN-CN-3-000015,2026-08-27 03:44:12,2026-08-27 03:49:12,CN,Other ERP,C,DER-002,Dermacare LiftCream,AES,Dermacare,Wholesale,10,284.62,CNY,0.05,2846.2,2703.89
TXN-CN-3-000016,2026-08-27 07:10:21,2026-08-27 07:12:21,CN,Other ERP,C,MED-001,Medora Cardio 10mg,RX,Medora,E-commerce,5,330.77,CNY,0.0,1653.85,1653.85
TXN-CN-3-000017,2026-08-27 11:26:02,2026-08-27 11:32:02,CN,Other ERP,C,PUR-002,PureLife BP Monitor,MD,PureLife,D2C,5,692.31,CNY,0.1,3461.55,3115.4
TXN-CN-3-000018,2026-08-27 15:44:54,2026-08-27 15:48:54,CN,Other ERP,C,PUR-002,PureLife BP Monitor,MD,PureLife,D2C,9,692.31,CNY,0.15,6230.79,5296.17
TXN-CN-3-000019,2026-08-27 11:20:06,2026-08-27 11:24:06,CN,Other ERP,C,MED-002,Medora Derm Cream,RX,Medora,Wholesale,8,200.0,CNY,0.0,1600.0,1600.0
TXN-CN-3-000020,2026-08-27 14:05:56,2026-08-27 14:10:56,CN,Other ERP,C,SAN-001,SanaPlus PainRelief,OTC,SanaPlus,D2C,11,73.08,CNY,0.05,803.88,763.69
TXN-CN-3-000021,2026-08-27 11:08:49,2026-08-27 11:14:49,CN,Other ERP,C,PUR-001,PureLife GlucoMonitor,MD,PureLife,E-commerce,12,653.85,CNY,0.0,7846.2,7846.2
TXN-CN-3-000022,2026-08-27 21:37:51,2026-08-27 21:42:51,CN,Other ERP,C,PUR-001,PureLife GlucoMonitor,MD,PureLife,Pharmacy/B2B,9,653.85,CNY,0.0,5884.65,5884.65
TXN-CN-3-000023,2026-08-27 11:52:36,2026-08-27 11:55:36,CN,Other ERP,C,MED-001,Medora Cardio 10mg,RX,Medora,Wholesale,12,330.77,CNY,0.0,3969.24,3969.24
TXN-CN-3-000024,2026-08-27 02:08:52,2026-08-27 02:10:52,CN,Other ERP,C,VIT-002,Vitalis Multivit,SUP,Vitalis,D2C,11,130.77,CNY,0.05,1438.47,1366.55
TXN-CN-3-000025,2026-08-27 05:57:22,2026-08-27 06:01:22,CN,Other ERP,C,SAN-001,SanaPlus PainRelief,OTC,SanaPlus,Pharmacy/B2B,9,73.08,CNY,0.0,657.72,657.72
TXN-CN-3-000026,2026-08-27 20:43:50,2026-08-27 20:46:50,CN,Other ERP,C,SAN-002,SanaPlus ColdFlu,OTC,SanaPlus,Pharmacy/B2B,5,80.77,CNY,0.2,403.85,323.08
TXN-CN-3-000027,2026-08-27 21:51:54,2026-08-27 21:54:54,CN,Other ERP,C,DER-002,Dermacare LiftCream,AES,Dermacare,E-commerce,11,284.62,CNY,0.15,3130.82,2661.2
TXN-CN-3-000028,2026-08-27 05:47:04,2026-08-27 05:52:04,CN,Other ERP,C,MED-002,Medora Derm Cream,RX,Medora,Wholesale,1,200.0,CNY,0.15,200.0,170.0
TXN-CN-3-000029,2026-08-27 11:48:55,2026-08-27 11:53:55,CN,Other ERP,C,DER-001,Dermacare GlowSerum,AES,Dermacare,Pharmacy/B2B,6,246.15,CNY,0.0,1476.9,1476.9
TXN-CN-3-000030,2026-08-27 13:59:20,2026-08-27 14:03:20,CN,Other ERP,C,MED-002,Medora Derm Cream,RX,Medora,Wholesale,10,200.0,CNY,0.05,2000.0,1900.0
TXN-CN-3-000031,2026-08-27 16:40:55,2026-08-27 16:45:55,CN,Other ERP,C,MED-002,Medora Derm Cream,RX,Medora,Wholesale,7,200.0,CNY,0.05,1400.0,1330.0
TXN-CN-3-000032,2026-08-27 08:00:06,2026-08-27 08:01:06,CN,Other ERP,C,SAN-001,SanaPlus PainRelief,OTC,SanaPlus,Pharmacy/B2B,3,73.08,CNY,0.0,219.24,219.24
TXN-CN-3-000033,2026-08-27 17:48:39,2026-08-27 17:53:39,CN,Other ERP,C,SAN-002,SanaPlus ColdFlu,OTC,SanaPlus,Wholesale,1,80.77,CNY,0.0,80.77,80.77
TXN-CN-3-000034,2026-08-27 00:39:05,2026-08-27 00:45:05,CN,Other ERP,C,VIT-001,Vitalis C1000,SUP,Vitalis,Pharmacy/B2B,7,161.54,CNY,0.0,1130.78,1130.78
TXN-CN-3-000035,2026-08-27 02:17:54,2026-08-27 02:20:54,CN,Other ERP,C,DER-002,Dermacare LiftCream,AES,Dermacare,E-commerce,1,284.62,CNY,0.0,284.62,284.62
TXN-CN-3-000036,2026-08-27 09:09:30,2026-08-27 09:15:30,CN,Other ERP,C,MED-002,Medora Derm Cream,RX,Medora,Pharmacy/B2B,6,200.0,CNY,0.0,1200.0,1200.0
TXN-CN-3-000037,2026-08-27 13:45:01,2026-08-27 13:47:01,CN,Other ERP,C,DER-001,Dermacare GlowSerum,AES,Dermacare,E-commerce,10,246.15,CNY,0.2,2461.5,1969.2
TXN-CN-3-000038,2026-08-27 14:09:32,2026-08-27 14:11:32,CN,Other ERP,C,PUR-001,PureLife GlucoMonitor,MD,PureLife,D2C,12,653.85,CNY,0.05,7846.2,7453.89
TXN-CN-3-000039,2026-08-27 21:53:06,2026-08-27 21:54:06,CN,Other ERP,C,SAN-002,SanaPlus ColdFlu,OTC,SanaPlus,E-commerce,7,80.77,CNY,0.0,565.39,565.39
TXN-CN-3-000040,2026-08-27 12:35:01,2026-08-27 12:39:01,CN,Other ERP,C,DER-001,Dermacare GlowSerum,AES,Dermacare,D2C,5,246.15,CNY,0.1,1230.75,1107.67
TXN-CN-3-000041,2026-08-27 03:50:10,2026-08-27 03:55:10,CN,Other ERP,C,MED-001,Medora Cardio 10mg,RX,Medora,Pharmacy/B2B,11,330.77,CNY,0.0,3638.47,3638.47
TXN-CN-3-000042,2026-08-27 17:26:03,2026-08-27 17:27:03,CN,Other ERP,C,DER-002,Dermacare LiftCream,AES,Dermacare,E-commerce,11,284.62,CNY,0.0,3130.82,3130.82
TXN-CN-3-000043,2026-08-27 03:53:37,2026-08-27 03:57:37,CN,Other ERP,C,DER-001,Dermacare GlowSerum,AES,Dermacare,D2C,4,246.15,CNY,0.15,984.6,836.91
TXN-CN-3-000044,2026-08-27 21:25:24,2026-08-27 21:30:24,CN,Other ERP,C,DER-001,Dermacare GlowSerum,AES,Dermacare,Pharmacy/B2B,7,246.15,CNY,0.05,1723.05,1636.9
TXN-CN-3-000045,2026-08-27 13:00:03,2026-08-27 13:02:03,CN,Other ERP,C,SAN-001,SanaPlus PainRelief,OTC,SanaPlus,Wholesale,12,73.08,CNY,0.15,876.96,745.42
TXN-CN-3-000046,2026-08-27 13:09:37,2026-08-27 13:10:37,CN,Other ERP,C,DER-002,Dermacare LiftCream,AES,Dermacare,Pharmacy/B2B,3,284.62,CNY,0.1,853.86,768.47
TXN-CN-3-000047,2026-08-27 16:14:10,2026-08-27 16:20:10,CN,Other ERP,C,VIT-001,Vitalis C1000,SUP,Vitalis,D2C,9,161.54,CNY,0.15,1453.86,1235.78
TXN-CN-3-000048,2026-08-27 19:52:45,2026-08-27 19:56:45,CN,Other ERP,C,MED-002,Medora Derm Cream,RX,Medora,E-commerce,3,200.0,CNY,0.15,600.0,510.0
TXN-CN-3-000049,2026-08-27 06:19:48,2026-08-27 06:24:48,CN,Other ERP,C,DER-002,Dermacare LiftCream,AES,Dermacare,D2C,5,284.62,CNY,0.0,1423.1,1423.1
TXN-CN-3-000050,2026-08-27 23:43:55,2026-08-27 23:48:55,CN,Other ERP,C,PUR-002,PureLife BP Monitor,MD,PureLife,Pharmacy/B2B,1,692.31,CNY,0.0,692.31,692.31
TXN-CN-3-000051,2026-08-27 14:23:34,2026-08-27 14:27:34,CN,Other ERP,C,SAN-001,SanaPlus PainRelief,OTC,SanaPlus,Pharmacy/B2B,9,73.08,CNY,0.0,657.72,657.72
TXN-CN-3-000052,2026-08-27 23:33:36,2026-08-27 23:38:36,CN,Other ERP,C,SAN-001,SanaPlus PainRelief,OTC,SanaPlus,E-commerce,1,73.08,CNY,0.0,73.08,73.08
TXN-CN-3-000053,2026-08-27 01:21:27,2026-08-27 01:24:27,CN,Other ERP,C,SAN-001,SanaPlus PainRelief,OTC,SanaPlus,E-commerce,10,73.08,CNY,0.0,730.8,730.8
TXN-CN-3-000054,2026-08-27 17:09:19,2026-08-27 17:11:19,CN,Other ERP,C,MED-001,Medora Cardio 10mg,RX,Medora,Pharmacy/B2B,9,330.77,CNY,0.05,2976.93,2828.08
TXN-CN-3-000055,2026-08-27 11:47:16,2026-08-27 11:53:16,CN,Other ERP,C,DER-002,Dermacare LiftCream,AES,Dermacare,Wholesale,10,284.62,CNY,0.05,2846.2,2703.89
TXN-CN-3-000056,2026-08-27 01:55:16,2026-08-27 01:58:16,CN,Other ERP,C,MED-002,Medora Derm Cream,RX,Medora,D2C,8,200.0,CNY,0.0,1600.0,1600.0
TXN-CN-3-000057,2026-08-27 04:49:44,2026-08-27 04:54:44,CN,Other ERP,C,PUR-002,PureLife BP Monitor,MD,PureLife,D2C,4,692.31,CNY,0.0,2769.24,2769.24
TXN-CN-3-000058,2026-08-27 02:45:58,2026-08-27 02:48:58,CN,Other ERP,C,PUR-002,PureLife BP Monitor,MD,PureLife,Wholesale,7,692.31,CNY,0.15,4846.17,4119.24
TXN-CN-3-000059,2026-08-27 19:33:15,2026-08-27 19:35:15,CN,Other ERP,C,PUR-002,PureLife BP Monitor,MD,PureLife,E-commerce,8,692.31,CNY,0.0,5538.48,5538.48
TXN-CN-3-000060,2026-08-27 01:51:49,2026-08-27 01:57:49,CN,Other ERP,C,DER-002,Dermacare LiftCream,AES,Dermacare,E-commerce,12,284.62,CNY,0.2,3415.44,2732.35
TXN-CN-3-000061,2026-08-27 22:31:28,2026-08-27 22:33:28,CN,Other ERP,C,DER-002,Dermacare LiftCream,AES,Dermacare,Pharmacy/B2B,8,284.62,CNY,0.0,2276.96,2276.96
TXN-CN-3-000062,2026-08-27 10:16:23,2026-08-27 10:21:23,CN,Other ERP,C,SAN-002,SanaPlus ColdFlu,OTC,SanaPlus,Wholesale,8,80.77,CNY,0.0,646.16,646.16
TXN-CN-3-000063,2026-08-27 19:30:02,2026-08-27 19:33:02,CN,Other ERP,C,PUR-002,PureLife BP Monitor,MD,PureLife,Pharmacy/B2B,11,692.31,CNY,0.0,7615.41,7615.41
TXN-CN-3-000064,2026-08-27 21:31:54,2026-08-27 21:35:54,CN,Other ERP,C,SAN-001,SanaPlus PainRelief,OTC,SanaPlus,E-commerce,8,73.08,CNY,0.0,584.64,584.64
TXN-CN-3-000065,2026-08-27 16:17:06,2026-08-27 16:22:06,CN,Other ERP,C,VIT-001,Vitalis C1000,SUP,Vitalis,Wholesale,1,161.54,CNY,0.15,161.54,137.31
TXN-CN-3-000066,2026-08-27 18:24:52,2026-08-27 18:27:52,CN,Other ERP,C,SAN-002,SanaPlus ColdFlu,OTC,SanaPlus,E-commerce,12,80.77,CNY,0.0,969.24,969.24
TXN-CN-3-000067,2026-08-27 13:51:15,2026-08-27 13:55:15,CN,Other ERP,C,SAN-002,SanaPlus ColdFlu,OTC,SanaPlus,Pharmacy/B2B,5,80.77,CNY,0.0,403.85,403.85
TXN-CN-3-000068,2026-08-27 10:50:43,2026-08-27 10:53:43,CN,Other ERP,C,PUR-001,PureLife GlucoMonitor,MD,PureLife,D2C,7,653.85,CNY,0.05,4576.95,4348.1
TXN-CN-3-000069,2026-08-27 04:01:47,2026-08-27 04:07:47,CN,Other ERP,C,MED-002,Medora Derm Cream,RX,Medora,Wholesale,8,200.0,CNY,0.0,1600.0,1600.0
TXN-CN-3-000070,2026-08-27 14:49:57,2026-08-27 14:51:57,CN,Other ERP,C,VIT-002,Vitalis Multivit,SUP,Vitalis,Pharmacy/B2B,3,130.77,CNY,0.2,392.31,313.85
TXN-CN-3-000071,2026-08-27 10:13:56,2026-08-27 10:18:56,CN,Other ERP,C,VIT-001,Vitalis C1000,SUP,Vitalis,Pharmacy/B2B,4,161.54,CNY,0.15,646.16,549.24
TXN-CN-3-000072,2026-08-27 06:39:23,2026-08-27 06:40:23,CN,Other ERP,C,VIT-001,Vitalis C1000,SUP,Vitalis,Wholesale,3,161.54,CNY,0.15,484.62,411.93
TXN-CN-3-000073,2026-08-27 13:00:34,2026-08-27 13:04:34,CN,Other ERP,C,SAN-002,SanaPlus ColdFlu,OTC,SanaPlus,E-commerce,3,80.77,CNY,0.05,242.31,230.19
TXN-CN-3-000074,2026-08-27 06:26:44,2026-08-27 06:29:44,CN,Other ERP,C,SAN-002,SanaPlus ColdFlu,OTC,SanaPlus,D2C,9,80.77,CNY,0.0,726.93,726.93
TXN-CN-3-000075,2026-08-27 04:18:25,2026-08-27 04:21:25,CN,Other ERP,C,VIT-001,Vitalis C1000,SUP,Vitalis,E-commerce,10,161.54,CNY,0.0,1615.4,1615.4
TXN-CN-3-000076,2026-08-27 01:21:44,2026-08-27 01:22:44,CN,Other ERP,C,MED-002,Medora Derm Cream,RX,Medora,Wholesale,10,200.0,CNY,0.05,2000.0,1900.0
TXN-CN-3-000077,2026-08-27 19:30:20,2026-08-27 19:33:20,CN,Other ERP,C,MED-002,Medora Derm Cream,RX,Medora,D2C,6,200.0,CNY,0.2,1200.0,960.0
TXN-CN-3-000078,2026-08-27 02:11:22,2026-08-27 02:17:22,CN,Other ERP,C,PUR-001,PureLife GlucoMonitor,MD,PureLife,D2C,5,653.85,CNY,0.1,3269.25,2942.33
TXN-CN-3-000079,2026-08-27 23:41:03,2026-08-27 23:42:03,CN,Other ERP,C,VIT-001,Vitalis C1000,SUP,Vitalis,D2C,12,161.54,CNY,0.1,1938.48,1744.63
TXN-CN-3-000080,2026-08-27 15:40:45,2026-08-27 15:44:45,CN,Other ERP,C,PUR-001,PureLife GlucoMonitor,MD,PureLife,Pharmacy/B2B,12,653.85,CNY,0.0,7846.2,7846.2
TXN-CN-3-000081,2026-08-27 03:58:32,2026-08-27 04:01:32,CN,Other ERP,C,DER-001,Dermacare GlowSerum,AES,Dermacare,E-commerce,2,246.15,CNY,0.0,492.3,492.3
TXN-CN-3-000082,2026-08-27 07:42:48,2026-08-27 07:46:48,CN,Other ERP,C,DER-002,Dermacare LiftCream,AES,Dermacare,Pharmacy/B2B,11,284.62,CNY,0.0,3130.82,3130.82
TXN-CN-3-000083,2026-08-27 11:11:08,2026-08-27 11:13:08,CN,Other ERP,C,PUR-001,PureLife GlucoMonitor,MD,PureLife,E-commerce,12,653.85,CNY,0.0,7846.2,7846.2
TXN-CN-3-000084,2026-08-27 11:01:39,2026-08-27 11:04:39,CN,Other ERP,C,DER-001,Dermacare GlowSerum,AES,Dermacare,E-commerce,6,246.15,CNY,0.1,1476.9,1329.21
TXN-CN-3-000085,2026-08-27 12:07:59,2026-08-27 12:09:59,CN,Other ERP,C,MED-002,Medora Derm Cream,RX,Medora,Pharmacy/B2B,1,200.0,CNY,0.0,200.0,200.0
TXN-CN-3-000086,2026-08-27 17:59:43,2026-08-27 18:04:43,CN,Other ERP,C,PUR-002,PureLife BP Monitor,MD,PureLife,E-commerce,1,692.31,CNY,0.05,692.31,657.69
TXN-CN-3-000087,2026-08-27 17:25:50,2026-08-27 17:26:50,CN,Other ERP,C,SAN-002,SanaPlus ColdFlu,OTC,SanaPlus,Wholesale,8,80.77,CNY,0.15,646.16,549.24
TXN-CN-3-000088,2026-08-27 05:22:36,2026-08-27 05:27:36,CN,Other ERP,C,DER-002,Dermacare LiftCream,AES,Dermacare,D2C,4,284.62,CNY,0.0,1138.48,1138.48
TXN-CN-3-000089,2026-08-27 07:49:39,2026-08-27 07:55:39,CN,Other ERP,C,SAN-002,SanaPlus ColdFlu,OTC,SanaPlus,Wholesale,6,80.77,CNY,0.05,484.62,460.39
TXN-CN-3-000090,2026-08-27 07:06:20,2026-08-27 07:08:20,CN,Other ERP,C,PUR-002,PureLife BP Monitor,MD,PureLife,D2C,7,692.31,CNY,0.0,4846.17,4846.17
TXN-CN-3-000091,2026-08-27 04:25:33,2026-08-27 04:27:33,CN,Other ERP,C,PUR-001,PureLife GlucoMonitor,MD,PureLife,D2C,6,653.85,CNY,0.0,3923.1,3923.1
TXN-CN-3-000092,2026-08-27 21:29:29,2026-08-27 21:33:29,CN,Other ERP,C,PUR-002,PureLife BP Monitor,MD,PureLife,E-commerce,4,692.31,CNY,0.1,2769.24,2492.32
TXN-CN-3-000093,2026-08-27 22:20:22,2026-08-27 22:23:22,CN,Other ERP,C,DER-002,Dermacare LiftCream,AES,Dermacare,E-commerce,7,284.62,CNY,0.1,1992.34,1793.11
TXN-CN-3-000094,2026-08-27 17:26:14,2026-08-27 17:27:14,CN,Other ERP,C,DER-002,Dermacare LiftCream,AES,Dermacare,E-commerce,8,284.62,CNY,0.1,2276.96,2049.26
TXN-CN-3-000095,2026-08-27 00:22:58,2026-08-27 00:27:58,CN,Other ERP,C,DER-002,Dermacare LiftCream,AES,Dermacare,E-commerce,4,284.62,CNY,0.15,1138.48,967.71
TXN-CN-3-000096,2026-08-27 06:49:46,2026-08-27 06:54:46,CN,Other ERP,C,MED-002,Medora Derm Cream,RX,Medora,Wholesale,10,200.0,CNY,0.05,2000.0,1900.0
TXN-CN-3-000097,2026-08-27 13:00:28,2026-08-27 13:01:28,CN,Other ERP,C,DER-002,Dermacare LiftCream,AES,Dermacare,E-commerce,12,284.62,CNY,0.1,3415.44,3073.9
TXN-CN-3-000098,2026-08-27 19:10:25,2026-08-27 19:14:25,CN,Other ERP,C,SAN-002,SanaPlus ColdFlu,OTC,SanaPlus,D2C,9,80.77,CNY,0.1,726.93,654.24
TXN-CN-3-000099,2026-08-27 22:37:28,2026-08-27 22:38:28,CN,Other ERP,C,VIT-002,Vitalis Multivit,SUP,Vitalis,D2C,5,130.77,CNY,0.05,653.85,621.16
TXN-CN-3-000100,2026-08-27 14:41:26,2026-08-27 14:47:26,CN,Other ERP,C,SAN-002,SanaPlus ColdFlu,OTC,SanaPlus,E-commerce,3,80.77,CNY,0.1,242.31,218.08
TXN-CN-3-000101,2026-08-27 20:39:45,2026-08-27 20:43:45,CN,Other ERP,C,SAN-002,SanaPlus ColdFlu,OTC,SanaPlus,E-commerce,12,80.77,CNY,0.0,969.24,969.24
TXN-CN-3-000102,2026-08-27 22:16:49,2026-08-27 22:22:49,CN,Other ERP,C,DER-001,Dermacare GlowSerum,AES,Dermacare,Wholesale,1,246.15,CNY,0.0,246.15,246.15
TXN-CN-3-000103,2026-08-27 01:42:27,2026-08-27 01:44:27,CN,Other ERP,C,SAN-002,SanaPlus ColdFlu,OTC,SanaPlus,Wholesale,11,80.77,CNY,0.15,888.47,755.2
TXN-CN-3-000104,2026-08-27 21:36:26,2026-08-27 21:41:26,CN,Other ERP,C,VIT-001,Vitalis C1000,SUP,Vitalis,Wholesale,12,161.54,CNY,0.05,1938.48,1841.56
TXN-CN-3-000105,2026-08-27 20:48:18,2026-08-27 20:53:18,CN,Other ERP,C,DER-002,Dermacare LiftCream,AES,Dermacare,Pharmacy/B2B,5,284.62,CNY,0.05,1423.1,1351.94
TXN-CN-3-000106,2026-08-27 18:48:53,2026-08-27 18:53:53,CN,Other ERP,C,PUR-001,PureLife GlucoMonitor,MD,PureLife,Wholesale,11,653.85,CNY,0.0,7192.35,7192.35
TXN-CN-3-000107,2026-08-27 04:43:51,2026-08-27 04:47:51,CN,Other ERP,C,DER-002,Dermacare LiftCream,AES,Dermacare,D2C,5,284.62,CNY,0.0,1423.1,1423.1
TXN-CN-3-000108,2026-08-27 11:57:05,2026-08-27 12:00:05,CN,Other ERP,C,SAN-002,SanaPlus ColdFlu,OTC,SanaPlus,Pharmacy/B2B,9,80.77,CNY,0.15,726.93,617.89
TXN-CN-3-000109,2026-08-27 07:03:27,2026-08-27 07:06:27,CN,Other ERP,C,PUR-001,PureLife GlucoMonitor,MD,PureLife,D2C,1,653.85,CNY,0.0,653.85,653.85
TXN-CN-3-000110,2026-08-27 14:25:10,2026-08-27 14:27:10,CN,Other ERP,C,PUR-001,PureLife GlucoMonitor,MD,PureLife,D2C,6,653.85,CNY,0.0,3923.1,3923.1
TXN-CN-3-000111,2026-08-27 11:18:48,2026-08-27 11:21:48,CN,Other ERP,C,DER-002,Dermacare LiftCream,AES,Dermacare,E-commerce,9,284.62,CNY,0.15,2561.58,2177.34
TXN-CN-3-000112,2026-08-27 21:47:10,2026-08-27 21:51:10,CN,Other ERP,C,MED-001,Medora Cardio 10mg,RX,Medora,E-commerce,12,330.77,CNY,0.05,3969.24,3770.78
TXN-CN-3-000113,2026-08-27 19:00:37,2026-08-27 19:05:37,CN,Other ERP,C,PUR-001,PureLife GlucoMonitor,MD,PureLife,Pharmacy/B2B,3,653.85,CNY,0.15,1961.55,1667.32
TXN-CN-3-000114,2026-08-27 03:17:19,2026-08-27 03:18:19,CN,Other ERP,C,PUR-001,PureLife GlucoMonitor,MD,PureLife,D2C,9,653.85,CNY,0.2,5884.65,4707.72
TXN-CN-3-000115,2026-08-27 19:27:13,2026-08-27 19:30:13,CN,Other ERP,C,VIT-002,Vitalis Multivit,SUP,Vitalis,E-commerce,10,130.77,CNY,0.15,1307.7,1111.55
TXN-CN-3-000116,2026-08-27 05:56:29,2026-08-27 06:01:29,CN,Other ERP,C,SAN-002,SanaPlus ColdFlu,OTC,SanaPlus,Wholesale,11,80.77,CNY,0.1,888.47,799.62
TXN-CN-3-000117,2026-08-27 14:04:35,2026-08-27 14:10:35,CN,Other ERP,C,SAN-002,SanaPlus ColdFlu,OTC,SanaPlus,Pharmacy/B2B,10,80.77,CNY,0.0,807.7,807.7
TXN-CN-3-000118,2026-08-27 23:31:27,2026-08-27 23:33:27,CN,Other ERP,C,SAN-002,SanaPlus ColdFlu,OTC,SanaPlus,Wholesale,4,80.77,CNY,0.0,323.08,323.08
TXN-CN-3-000119,2026-08-27 19:15:25,2026-08-27 19:16:25,CN,Other ERP,C,MED-001,Medora Cardio 10mg,RX,Medora,Pharmacy/B2B,1,330.77,CNY,0.0,330.77,330.77
TXN-CN-3-000120,2026-08-27 19:54:40,2026-08-27 19:55:40,CN,Other ERP,C,MED-001,Medora Cardio 10mg,RX,Medora,Wholesale,5,330.77,CNY,0.0,1653.85,1653.85
TXN-CN-3-000121,2026-08-27 06:19:47,2026-08-27 06:23:47,CN,Other ERP,C,MED-001,Medora Cardio 10mg,RX,Medora,Pharmacy/B2B,10,330.77,CNY,0.0,3307.7,3307.7
TXN-CN-3-000122,2026-08-27 01:56:09,2026-08-27 01:58:09,CN,Other ERP,C,MED-002,Medora Derm Cream,RX,Medora,E-commerce,9,200.0,CNY,0.0,1800.0,1800.0
TXN-CN-3-000123,2026-08-27 16:14:40,2026-08-27 16:20:40,CN,Other ERP,C,VIT-001,Vitalis C1000,SUP,Vitalis,D2C,11,161.54,CNY,0.15,1776.94,1510.4
TXN-CN-3-000124,2026-08-27 10:14:31,2026-08-27 10:18:31,CN,Other ERP,C,SAN-001,SanaPlus PainRelief,OTC,SanaPlus,Wholesale,3,73.08,CNY,0.0,219.24,219.24
TXN-CN-3-000125,2026-08-27 14:46:08,2026-08-27 14:51:08,CN,Other ERP,C,DER-001,Dermacare GlowSerum,AES,Dermacare,D2C,1,246.15,CNY,0.05,246.15,233.84
TXN-CN-3-000126,2026-08-27 14:02:31,2026-08-27 14:04:31,CN,Other ERP,C,PUR-001,PureLife GlucoMonitor,MD,PureLife,Wholesale,4,653.85,CNY,0.15,2615.4,2223.09
TXN-CN-3-000127,2026-08-27 03:11:10,2026-08-27 03:16:10,CN,Other ERP,C,DER-001,Dermacare GlowSerum,AES,Dermacare,E-commerce,5,246.15,CNY,0.0,1230.75,1230.75
TXN-CN-3-000128,2026-08-27 13:15:34,2026-08-27 13:18:34,CN,Other ERP,C,SAN-001,SanaPlus PainRelief,OTC,SanaPlus,Wholesale,1,73.08,CNY,0.05,73.08,69.43
TXN-CN-3-000129,2026-08-27 01:16:28,2026-08-27 01:22:28,CN,Other ERP,C,DER-002,Dermacare LiftCream,AES,Dermacare,Pharmacy/B2B,6,284.62,CNY,0.0,1707.72,1707.72
TXN-CN-3-000130,2026-08-27 00:10:03,2026-08-27 00:14:03,CN,Other ERP,C,MED-002,Medora Derm Cream,RX,Medora,E-commerce,10,200.0,CNY,0.1,2000.0,1800.0
TXN-CN-3-000131,2026-08-27 22:31:19,2026-08-27 22:36:19,CN,Other ERP,C,DER-002,Dermacare LiftCream,AES,Dermacare,Pharmacy/B2B,2,284.62,CNY,0.0,569.24,569.24
TXN-CN-3-000132,2026-08-27 17:52:03,2026-08-27 17:58:03,CN,Other ERP,C,DER-001,Dermacare GlowSerum,AES,Dermacare,E-commerce,2,246.15,CNY,0.0,492.3,492.3
TXN-CN-3-000133,2026-08-27 18:16:10,2026-08-27 18:21:10,CN,Other ERP,C,DER-002,Dermacare LiftCream,AES,Dermacare,E-commerce,2,284.62,CNY,0.0,569.24,569.24
TXN-CN-3-000134,2026-08-27 11:39:47,2026-08-27 11:45:47,CN,Other ERP,C,MED-001,Medora Cardio 10mg,RX,Medora,E-commerce,12,330.77,CNY,0.0,3969.24,3969.24
TXN-CN-3-000135,2026-08-27 03:58:41,2026-08-27 04:01:41,CN,Other ERP,C,VIT-001,Vitalis C1000,SUP,Vitalis,E-commerce,6,161.54,CNY,0.0,969.24,969.24
TXN-CN-3-000136,2026-08-27 11:47:36,2026-08-27 11:49:36,CN,Other ERP,C,VIT-001,Vitalis C1000,SUP,Vitalis,E-commerce,1,161.54,CNY,0.1,161.54,145.39
TXN-CN-3-000137,2026-08-27 22:56:20,2026-08-27 23:02:20,CN,Other ERP,C,MED-002,Medora Derm Cream,RX,Medora,E-commerce,11,200.0,CNY,0.05,2200.0,2090.0
TXN-CN-3-000138,2026-08-27 11:21:21,2026-08-27 11:26:21,CN,Other ERP,C,PUR-002,PureLife BP Monitor,MD,PureLife,E-commerce,10,692.31,CNY,0.0,6923.1,6923.1
TXN-CN-3-000139,2026-08-27 21:52:08,2026-08-27 21:53:08,CN,Other ERP,C,MED-001,Medora Cardio 10mg,RX,Medora,Pharmacy/B2B,2,330.77,CNY,0.0,661.54,661.54
TXN-CN-3-000140,2026-08-27 18:39:39,2026-08-27 18:42:39,CN,Other ERP,C,MED-001,Medora Cardio 10mg,RX,Medora,Pharmacy/B2B,12,330.77,CNY,0.05,3969.24,3770.78
TXN-CN-3-000141,2026-08-27 05:06:27,2026-08-27 05:08:27,CN,Other ERP,C,SAN-001,SanaPlus PainRelief,OTC,SanaPlus,D2C,7,73.08,CNY,0.15,511.56,434.83
TXN-CN-3-000142,2026-08-27 18:09:26,2026-08-27 18:13:26,CN,Other ERP,C,PUR-002,PureLife BP Monitor,MD,PureLife,D2C,3,692.31,CNY,0.2,2076.93,1661.54
TXN-CN-3-000143,2026-08-27 14:28:31,2026-08-27 14:33:31,CN,Other ERP,C,PUR-002,PureLife BP Monitor,MD,PureLife,Pharmacy/B2B,9,692.31,CNY,0.2,6230.79,4984.63
TXN-CN-3-000144,2026-08-27 05:42:07,2026-08-27 05:46:07,CN,Other ERP,C,PUR-001,PureLife GlucoMonitor,MD,PureLife,Pharmacy/B2B,6,653.85,CNY,0.0,3923.1,3923.1
TXN-CN-3-000145,2026-08-27 05:31:51,2026-08-27 05:33:51,CN,Other ERP,C,PUR-001,PureLife GlucoMonitor,MD,PureLife,E-commerce,10,653.85,CNY,0.0,6538.5,6538.5
TXN-CN-3-000146,2026-08-27 21:32:38,2026-08-27 21:36:38,CN,Other ERP,C,PUR-002,PureLife BP Monitor,MD,PureLife,Pharmacy/B2B,12,692.31,CNY,0.0,8307.72,8307.72
TXN-CN-3-000147,2026-08-27 21:02:29,2026-08-27 21:08:29,CN,Other ERP,C,MED-002,Medora Derm Cream,RX,Medora,Pharmacy/B2B,8,200.0,CNY,0.2,1600.0,1280.0
TXN-CN-3-000148,2026-08-27 00:07:56,2026-08-27 00:13:56,CN,Other ERP,C,MED-001,Medora Cardio 10mg,RX,Medora,Pharmacy/B2B,6,330.77,CNY,0.1,1984.62,1786.16
TXN-CN-3-000149,2026-08-27 04:09:22,2026-08-27 04:14:22,CN,Other ERP,C,DER-002,Dermacare LiftCream,AES,Dermacare,Wholesale,1,284.62,CNY,0.2,284.62,227.7
TXN-CN-3-000150,2026-08-27 16:24:07,2026-08-27 16:27:07,CN,Other ERP,C,SAN-001,SanaPlus PainRelief,OTC,SanaPlus,E-commerce,11,73.08,CNY,0.15,803.88,683.3
TXN-CN-3-000151,2026-08-27 09:26:43,2026-08-27 09:30:43,CN,Other ERP,C,PUR-001,PureLife GlucoMonitor,MD,PureLife,E-commerce,2,653.85,CNY,0.2,1307.7,1046.16
TXN-CN-3-000152,2026-08-27 16:59:08,2026-08-27 17:05:08,CN,Other ERP,C,VIT-002,Vitalis Multivit,SUP,Vitalis,Pharmacy/B2B,5,130.77,CNY,0.0,653.85,653.85
TXN-CN-3-000153,2026-08-27 13:19:34,2026-08-27 13:20:34,CN,Other ERP,C,SAN-002,SanaPlus ColdFlu,OTC,SanaPlus,Wholesale,11,80.77,CNY,0.15,888.47,755.2
TXN-CN-3-000154,2026-08-27 11:17:10,2026-08-27 11:23:10,CN,Other ERP,C,VIT-001,Vitalis C1000,SUP,Vitalis,Pharmacy/B2B,3,161.54,CNY,0.0,484.62,484.62
TXN-CN-3-000155,2026-08-27 09:46:26,2026-08-27 09:50:26,CN,Other ERP,C,SAN-001,SanaPlus PainRelief,OTC,SanaPlus,E-commerce,9,73.08,CNY,0.15,657.72,559.06
TXN-CN-3-000156,2026-08-27 12:28:25,2026-08-27 12:33:25,CN,Other ERP,C,SAN-002,SanaPlus ColdFlu,OTC,SanaPlus,E-commerce,12,80.77,CNY,0.0,969.24,969.24
TXN-CN-3-000157,2026-08-27 06:01:18,2026-08-27 06:07:18,CN,Other ERP,C,PUR-002,PureLife BP Monitor,MD,PureLife,E-commerce,5,692.31,CNY,0.0,3461.55,3461.55
TXN-CN-3-000158,2026-08-27 01:53:06,2026-08-27 01:59:06,CN,Other ERP,C,PUR-002,PureLife BP Monitor,MD,PureLife,Pharmacy/B2B,5,692.31,CNY,0.0,3461.55,3461.55
TXN-CN-3-000159,2026-08-27 23:10:46,2026-08-27 23:13:46,CN,Other ERP,C,PUR-001,PureLife GlucoMonitor,MD,PureLife,D2C,4,653.85,CNY,0.0,2615.4,2615.4
TXN-CN-3-000160,2026-08-27 23:11:43,2026-08-27 23:16:43,CN,Other ERP,C,PUR-002,PureLife BP Monitor,MD,PureLife,Pharmacy/B2B,4,692.31,CNY,0.15,2769.24,2353.85
TXN-CN-3-000161,2026-08-27 17:25:11,2026-08-27 17:30:11,CN,Other ERP,C,MED-001,Medora Cardio 10mg,RX,Medora,Wholesale,8,330.77,CNY,0.0,2646.16,2646.16
TXN-CN-3-000162,2026-08-27 05:40:07,2026-08-27 05:43:07,CN,Other ERP,C,SAN-001,SanaPlus PainRelief,OTC,SanaPlus,Pharmacy/B2B,5,73.08,CNY,0.2,365.4,292.32
TXN-CN-3-000163,2026-08-27 14:31:14,2026-08-27 14:33:14,CN,Other ERP,C,VIT-002,Vitalis Multivit,SUP,Vitalis,E-commerce,8,130.77,CNY,0.1,1046.16,941.54
TXN-CN-3-000164,2026-08-27 20:09:59,2026-08-27 20:15:59,CN,Other ERP,C,SAN-001,SanaPlus PainRelief,OTC,SanaPlus,D2C,10,73.08,CNY,0.0,730.8,730.8
TXN-CN-3-000165,2026-08-27 00:54:53,2026-08-27 00:57:53,CN,Other ERP,C,MED-001,Medora Cardio 10mg,RX,Medora,Wholesale,10,330.77,CNY,0.15,3307.7,2811.54
TXN-CN-3-000166,2026-08-27 21:25:02,2026-08-27 21:30:02,CN,Other ERP,C,DER-002,Dermacare LiftCream,AES,Dermacare,D2C,9,284.62,CNY,0.15,2561.58,2177.34
TXN-CN-3-000167,2026-08-27 11:31:06,2026-08-27 11:33:06,CN,Other ERP,C,SAN-002,SanaPlus ColdFlu,OTC,SanaPlus,Wholesale,3,80.77,CNY,0.0,242.31,242.31
TXN-CN-3-000168,2026-08-27 21:39:57,2026-08-27 21:41:57,CN,Other ERP,C,SAN-002,SanaPlus ColdFlu,OTC,SanaPlus,Wholesale,7,80.77,CNY,0.0,565.39,565.39
TXN-CN-3-000169,2026-08-27 00:42:41,2026-08-27 00:43:41,CN,Other ERP,C,DER-001,Dermacare GlowSerum,AES,Dermacare,Wholesale,5,246.15,CNY,0.05,1230.75,1169.21
TXN-CN-3-000170,2026-08-27 22:20:57,2026-08-27 22:21:57,CN,Other ERP,C,MED-002,Medora Derm Cream,RX,Medora,Wholesale,5,200.0,CNY,0.0,1000.0,1000.0
TXN-CN-3-000171,2026-08-27 04:58:53,2026-08-27 05:04:53,CN,Other ERP,C,VIT-002,Vitalis Multivit,SUP,Vitalis,Wholesale,1,130.77,CNY,0.0,130.77,130.77
TXN-CN-3-000172,2026-08-27 23:35:55,2026-08-27 23:38:55,CN,Other ERP,C,MED-002,Medora Derm Cream,RX,Medora,D2C,6,200.0,CNY,0.0,1200.0,1200.0
TXN-CN-3-000173,2026-08-27 01:36:08,2026-08-27 01:39:08,CN,Other ERP,C,MED-002,Medora Derm Cream,RX,Medora,Wholesale,8,200.0,CNY,0.0,1600.0,1600.0
TXN-CN-3-000174,2026-08-27 17:06:24,2026-08-27 17:11:24,CN,Other ERP,C,DER-001,Dermacare GlowSerum,AES,Dermacare,Pharmacy/B2B,11,246.15,CNY,0.0,2707.65,2707.65
TXN-CN-3-000175,2026-08-27 08:39:01,2026-08-27 08:42:01,CN,Other ERP,C,PUR-001,PureLife GlucoMonitor,MD,PureLife,Wholesale,7,653.85,CNY,0.05,4576.95,4348.1
TXN-CN-3-000176,2026-08-27 05:47:34,2026-08-27 05:51:34,CN,Other ERP,C,PUR-002,PureLife BP Monitor,MD,PureLife,Pharmacy/B2B,10,692.31,CNY,0.0,6923.1,6923.1
TXN-CN-3-000177,2026-08-27 03:03:18,2026-08-27 03:08:18,CN,Other ERP,C,DER-001,Dermacare GlowSerum,AES,Dermacare,E-commerce,3,246.15,CNY,0.0,738.45,738.45
TXN-CN-3-000178,2026-08-27 14:07:30,2026-08-27 14:09:30,CN,Other ERP,C,SAN-002,SanaPlus ColdFlu,OTC,SanaPlus,E-commerce,8,80.77,CNY,0.1,646.16,581.54
TXN-CN-3-000179,2026-08-27 15:48:46,2026-08-27 15:50:46,CN,Other ERP,C,MED-001,Medora Cardio 10mg,RX,Medora,Wholesale,1,330.77,CNY,0.0,330.77,330.77
TXN-CN-3-000180,2026-08-27 22:53:52,2026-08-27 22:59:52,CN,Other ERP,C,VIT-002,Vitalis Multivit,SUP,Vitalis,Pharmacy/B2B,11,130.77,CNY,0.2,1438.47,1150.78
TXN-CN-3-000181,2026-08-27 14:16:35,2026-08-27 14:22:35,CN,Other ERP,C,PUR-001,PureLife GlucoMonitor,MD,PureLife,Wholesale,9,653.85,CNY,0.0,5884.65,5884.65
TXN-CN-3-000182,2026-08-27 08:55:07,2026-08-27 08:57:07,CN,Other ERP,C,VIT-001,Vitalis C1000,SUP,Vitalis,E-commerce,2,161.54,CNY,0.05,323.08,306.93
TXN-CN-3-000183,2026-08-27 11:08:00,2026-08-27 11:13:00,CN,Other ERP,C,SAN-002,SanaPlus ColdFlu,OTC,SanaPlus,Wholesale,5,80.77,CNY,0.2,403.85,323.08
TXN-CN-3-000184,2026-08-27 20:54:13,2026-08-27 20:55:13,CN,Other ERP,C,DER-002,Dermacare LiftCream,AES,Dermacare,Pharmacy/B2B,6,284.62,CNY,0.1,1707.72,1536.95
TXN-CN-3-000185,2026-08-27 00:32:58,2026-08-27 00:34:58,CN,Other ERP,C,MED-001,Medora Cardio 10mg,RX,Medora,Wholesale,2,330.77,CNY,0.15,661.54,562.31
TXN-CN-3-000186,2026-08-27 10:35:12,2026-08-27 10:39:12,CN,Other ERP,C,MED-001,Medora Cardio 10mg,RX,Medora,Pharmacy/B2B,1,330.77,CNY,0.1,330.77,297.69
TXN-CN-3-000187,2026-08-27 22:21:02,2026-08-27 22:24:02,CN,Other ERP,C,PUR-001,PureLife GlucoMonitor,MD,PureLife,Wholesale,3,653.85,CNY,0.0,1961.55,1961.55
TXN-CN-3-000188,2026-08-27 10:48:13,2026-08-27 10:49:13,CN,Other ERP,C,MED-002,Medora Derm Cream,RX,Medora,Pharmacy/B2B,4,200.0,CNY,0.1,800.0,720.0
TXN-CN-3-000189,2026-08-27 17:34:03,2026-08-27 17:40:03,CN,Other ERP,C,VIT-002,Vitalis Multivit,SUP,Vitalis,Pharmacy/B2B,4,130.77,CNY,0.2,523.08,418.46
TXN-CN-3-000190,2026-08-27 02:48:33,2026-08-27 02:49:33,CN,Other ERP,C,SAN-002,SanaPlus ColdFlu,OTC,SanaPlus,Pharmacy/B2B,10,80.77,CNY,0.05,807.7,767.32
TXN-CN-3-000191,2026-08-27 19:26:50,2026-08-27 19:27:50,CN,Other ERP,C,SAN-001,SanaPlus PainRelief,OTC,SanaPlus,Wholesale,10,73.08,CNY,0.15,730.8,621.18
TXN-CN-3-000192,2026-08-27 04:08:56,2026-08-27 04:09:56,CN,Other ERP,C,DER-002,Dermacare LiftCream,AES,Dermacare,Wholesale,5,284.62,CNY,0.0,1423.1,1423.1
TXN-CN-3-000193,2026-08-27 05:22:56,2026-08-27 05:26:56,CN,Other ERP,C,VIT-002,Vitalis Multivit,SUP,Vitalis,Pharmacy/B2B,5,130.77,CNY,0.0,653.85,653.85
TXN-CN-3-000194,2026-08-27 09:31:24,2026-08-27 09:33:24,CN,Other ERP,C,PUR-001,PureLife GlucoMonitor,MD,PureLife,E-commerce,11,653.85,CNY,0.0,7192.35,7192.35
TXN-CN-3-000195,2026-08-27 09:23:03,2026-08-27 09:29:03,CN,Other ERP,C,SAN-001,SanaPlus PainRelief,OTC,SanaPlus,E-commerce,10,73.08,CNY,0.0,730.8,730.8
TXN-CN-3-000196,2026-08-27 03:49:44,2026-08-27 03:52:44,CN,Other ERP,C,VIT-002,Vitalis Multivit,SUP,Vitalis,D2C,2,130.77,CNY,0.0,261.54,261.54
TXN-CN-3-000197,2026-08-27 06:25:38,2026-08-27 06:28:38,CN,Other ERP,C,MED-001,Medora Cardio 10mg,RX,Medora,Wholesale,6,330.77,CNY,0.0,1984.62,1984.62
TXN-CN-3-000198,2026-08-27 14:22:53,2026-08-27 14:23:53,CN,Other ERP,C,DER-001,Dermacare GlowSerum,AES,Dermacare,Wholesale,6,246.15,CNY,0.15,1476.9,1255.37
TXN-CN-3-000199,2026-08-27 09:48:25,2026-08-27 09:54:25,CN,Other ERP,C,VIT-002,Vitalis Multivit,SUP,Vitalis,Pharmacy/B2B,2,130.77,CNY,0.0,261.54,261.54
TXN-CN-3-000200,2026-08-27 23:16:53,2026-08-27 23:22:53,CN,Other ERP,C,MED-001,Medora Cardio 10mg,RX,Medora,Wholesale,4,330.77,CNY,0.05,1323.08,1256.93
TXN-CN-3-000201,2026-08-27 17:27:38,2026-08-27 17:30:38,CN,Other ERP,C,MED-001,Medora Cardio 10mg,RX,Medora,Pharmacy/B2B,10,330.77,CNY,0.2,3307.7,2646.16
TXN-CN-3-000202,2026-08-27 09:37:01,2026-08-27 09:39:01,CN,Other ERP,C,VIT-001,Vitalis C1000,SUP,Vitalis,D2C,3,161.54,CNY,0.0,484.62,484.62
TXN-CN-3-000203,2026-08-27 01:21:01,2026-08-27 01:24:01,CN,Other ERP,C,VIT-002,Vitalis Multivit,SUP,Vitalis,E-commerce,12,130.77,CNY,0.0,1569.24,1569.24
TXN-CN-3-000204,2026-08-27 23:11:27,2026-08-27 23:12:27,CN,Other ERP,C,DER-001,Dermacare GlowSerum,AES,Dermacare,E-commerce,4,246.15,CNY,0.0,984.6,984.6
TXN-CN-3-000205,2026-08-27 11:34:26,2026-08-27 11:35:26,CN,Other ERP,C,SAN-001,SanaPlus PainRelief,OTC,SanaPlus,Wholesale,9,73.08,CNY,0.0,657.72,657.72
TXN-CN-3-000206,2026-08-27 17:05:58,2026-08-27 17:09:58,CN,Other ERP,C,VIT-002,Vitalis Multivit,SUP,Vitalis,D2C,12,130.77,CNY,0.0,1569.24,1569.24
TXN-CN-3-000207,2026-08-27 16:51:53,2026-08-27 16:57:53,CN,Other ERP,C,VIT-002,Vitalis Multivit,SUP,Vitalis,D2C,7,130.77,CNY,0.15,915.39,778.08
TXN-CN-3-000208,2026-08-27 11:31:10,2026-08-27 11:33:10,CN,Other ERP,C,DER-001,Dermacare GlowSerum,AES,Dermacare,Wholesale,12,246.15,CNY,0.15,2953.8,2510.73
TXN-CN-3-000209,2026-08-27 11:22:09,2026-08-27 11:27:09,CN,Other ERP,C,PUR-002,PureLife BP Monitor,MD,PureLife,E-commerce,6,692.31,CNY,0.15,4153.86,3530.78
TXN-CN-3-000210,2026-08-27 03:17:12,2026-08-27 03:22:12,CN,Other ERP,C,PUR-002,PureLife BP Monitor,MD,PureLife,Pharmacy/B2B,8,692.31,CNY,0.05,5538.48,5261.56
TXN-CN-3-000211,2026-08-27 08:59:23,2026-08-27 09:03:23,CN,Other ERP,C,DER-001,Dermacare GlowSerum,AES,Dermacare,Wholesale,1,246.15,CNY,0.05,246.15,233.84
TXN-CN-3-000212,2026-08-27 06:02:05,2026-08-27 06:05:05,CN,Other ERP,C,PUR-002,PureLife BP Monitor,MD,PureLife,E-commerce,8,692.31,CNY,0.05,5538.48,5261.56
TXN-CN-3-000213,2026-08-27 05:49:31,2026-08-27 05:52:31,CN,Other ERP,C,SAN-002,SanaPlus ColdFlu,OTC,SanaPlus,Wholesale,5,80.77,CNY,0.0,403.85,403.85
TXN-CN-3-000214,2026-08-27 04:16:21,2026-08-27 04:19:21,CN,Other ERP,C,VIT-002,Vitalis Multivit,SUP,Vitalis,Wholesale,7,130.77,CNY,0.0,915.39,915.39
TXN-CN-3-000215,2026-08-27 19:11:05,2026-08-27 19:15:05,CN,Other ERP,C,MED-001,Medora Cardio 10mg,RX,Medora,D2C,9,330.77,CNY,0.1,2976.93,2679.24
TXN-CN-3-000216,2026-08-27 20:57:07,2026-08-27 21:00:07,CN,Other ERP,C,MED-001,Medora Cardio 10mg,RX,Medora,Pharmacy/B2B,9,330.77,CNY,0.0,2976.93,2976.93
TXN-CN-3-000217,2026-08-27 03:12:13,2026-08-27 03:15:13,CN,Other ERP,C,PUR-002,PureLife BP Monitor,MD,PureLife,Wholesale,9,692.31,CNY,0.05,6230.79,5919.25
TXN-CN-3-000218,2026-08-27 07:04:57,2026-08-27 07:08:57,CN,Other ERP,C,PUR-001,PureLife GlucoMonitor,MD,PureLife,D2C,6,653.85,CNY,0.05,3923.1,3726.94
TXN-CN-3-000219,2026-08-27 03:09:44,2026-08-27 03:14:44,CN,Other ERP,C,PUR-002,PureLife BP Monitor,MD,PureLife,Pharmacy/B2B,12,692.31,CNY,0.2,8307.72,6646.18
TXN-CN-3-000220,2026-08-27 08:32:33,2026-08-27 08:35:33,CN,Other ERP,C,PUR-002,PureLife BP Monitor,MD,PureLife,E-commerce,12,692.31,CNY,0.0,8307.72,8307.72
TXN-CN-3-000221,2026-08-27 13:54:56,2026-08-27 13:58:56,CN,Other ERP,C,SAN-002,SanaPlus ColdFlu,OTC,SanaPlus,D2C,12,80.77,CNY,0.0,969.24,969.24
TXN-CN-3-000222,2026-08-27 23:21:05,2026-08-27 23:23:05,CN,Other ERP,C,MED-002,Medora Derm Cream,RX,Medora,Pharmacy/B2B,10,200.0,CNY,0.0,2000.0,2000.0
TXN-CN-3-000223,2026-08-27 19:16:28,2026-08-27 19:21:28,CN,Other ERP,C,PUR-001,PureLife GlucoMonitor,MD,PureLife,E-commerce,10,653.85,CNY,0.0,6538.5,6538.5
TXN-CN-3-000224,2026-08-27 13:46:23,2026-08-27 13:48:23,CN,Other ERP,C,DER-002,Dermacare LiftCream,AES,Dermacare,Wholesale,4,284.62,CNY,0.15,1138.48,967.71
TXN-CN-3-000225,2026-08-27 14:31:46,2026-08-27 14:35:46,CN,Other ERP,C,PUR-001,PureLife GlucoMonitor,MD,PureLife,Pharmacy/B2B,2,653.85,CNY,0.1,1307.7,1176.93
TXN-CN-3-000226,2026-08-27 14:56:39,2026-08-27 14:58:39,CN,Other ERP,C,VIT-001,Vitalis C1000,SUP,Vitalis,E-commerce,2,161.54,CNY,0.0,323.08,323.08
TXN-CN-3-000227,2026-08-27 04:43:31,2026-08-27 04:44:31,CN,Other ERP,C,MED-002,Medora Derm Cream,RX,Medora,E-commerce,6,200.0,CNY,0.0,1200.0,1200.0
TXN-CN-3-000228,2026-08-27 09:51:11,2026-08-27 09:52:11,CN,Other ERP,C,SAN-001,SanaPlus PainRelief,OTC,SanaPlus,D2C,5,73.08,CNY,0.15,365.4,310.59
TXN-CN-3-000229,2026-08-27 10:41:18,2026-08-27 10:42:18,CN,Other ERP,C,DER-002,Dermacare LiftCream,AES,Dermacare,E-commerce,2,284.62,CNY,0.2,569.24,455.39
TXN-CN-3-000230,2026-08-27 02:39:25,2026-08-27 02:45:25,CN,Other ERP,C,MED-002,Medora Derm Cream,RX,Medora,E-commerce,6,200.0,CNY,0.1,1200.0,1080.0
TXN-CN-3-000231,2026-08-27 13:46:24,2026-08-27 13:50:24,CN,Other ERP,C,DER-002,Dermacare LiftCream,AES,Dermacare,D2C,7,284.62,CNY,0.0,1992.34,1992.34
TXN-CN-3-000232,2026-08-27 04:30:38,2026-08-27 04:32:38,CN,Other ERP,C,PUR-002,PureLife BP Monitor,MD,PureLife,E-commerce,12,692.31,CNY,0.0,8307.72,8307.72
TXN-CN-3-000233,2026-08-27 08:44:09,2026-08-27 08:45:09,CN,Other ERP,C,MED-002,Medora Derm Cream,RX,Medora,E-commerce,7,200.0,CNY,0.0,1400.0,1400.0
TXN-CN-3-000234,2026-08-27 07:47:45,2026-08-27 07:52:45,CN,Other ERP,C,SAN-002,SanaPlus ColdFlu,OTC,SanaPlus,Wholesale,6,80.77,CNY,0.05,484.62,460.39
TXN-CN-3-000235,2026-08-27 17:15:57,2026-08-27 17:20:57,CN,Other ERP,C,PUR-002,PureLife BP Monitor,MD,PureLife,Wholesale,11,692.31,CNY,0.05,7615.41,7234.64
TXN-CN-3-000236,2026-08-27 14:03:52,2026-08-27 14:04:52,CN,Other ERP,C,VIT-001,Vitalis C1000,SUP,Vitalis,Wholesale,7,161.54,CNY,0.0,1130.78,1130.78
TXN-CN-3-000237,2026-08-27 04:06:35,2026-08-27 04:09:35,CN,Other ERP,C,PUR-002,PureLife BP Monitor,MD,PureLife,E-commerce,5,692.31,CNY,0.15,3461.55,2942.32
TXN-CN-3-000238,2026-08-27 03:56:03,2026-08-27 03:57:03,CN,Other ERP,C,MED-001,Medora Cardio 10mg,RX,Medora,Wholesale,10,330.77,CNY,0.0,3307.7,3307.7
TXN-CN-3-000239,2026-08-27 00:42:38,2026-08-27 00:45:38,CN,Other ERP,C,MED-002,Medora Derm Cream,RX,Medora,Pharmacy/B2B,11,200.0,CNY,0.0,2200.0,2200.0
TXN-CN-3-000240,2026-08-27 15:02:10,2026-08-27 15:06:10,CN,Other ERP,C,VIT-001,Vitalis C1000,SUP,Vitalis,Pharmacy/B2B,7,161.54,CNY,0.05,1130.78,1074.24
TXN-CN-3-000241,2026-08-27 15:31:21,2026-08-27 15:32:21,CN,Other ERP,C,MED-001,Medora Cardio 10mg,RX,Medora,E-commerce,1,330.77,CNY,0.0,330.77,330.77
TXN-CN-3-000242,2026-08-27 03:20:48,2026-08-27 03:26:48,CN,Other ERP,C,DER-002,Dermacare LiftCream,AES,Dermacare,D2C,6,284.62,CNY,0.0,1707.72,1707.72
TXN-CN-3-000243,2026-08-27 18:23:00,2026-08-27 18:29:00,CN,Other ERP,C,PUR-001,PureLife GlucoMonitor,MD,PureLife,E-commerce,5,653.85,CNY,0.05,3269.25,3105.79
TXN-CN-3-000244,2026-08-27 16:41:29,2026-08-27 16:43:29,CN,Other ERP,C,MED-002,Medora Derm Cream,RX,Medora,Pharmacy/B2B,2,200.0,CNY,0.0,400.0,400.0
TXN-CN-3-000245,2026-08-27 01:07:49,2026-08-27 01:11:49,CN,Other ERP,C,MED-001,Medora Cardio 10mg,RX,Medora,Pharmacy/B2B,4,330.77,CNY,0.0,1323.08,1323.08
TXN-CN-3-000246,2026-08-27 19:20:19,2026-08-27 19:23:19,CN,Other ERP,C,PUR-002,PureLife BP Monitor,MD,PureLife,Wholesale,4,692.31,CNY,0.05,2769.24,2630.78
TXN-CN-3-000247,2026-08-27 01:35:48,2026-08-27 01:39:48,CN,Other ERP,C,MED-002,Medora Derm Cream,RX,Medora,E-commerce,5,200.0,CNY,0.0,1000.0,1000.0
TXN-CN-3-000248,2026-08-27 13:22:38,2026-08-27 13:25:38,CN,Other ERP,C,MED-002,Medora Derm Cream,RX,Medora,D2C,2,200.0,CNY,0.0,400.0,400.0
TXN-CN-3-000249,2026-08-27 04:38:19,2026-08-27 04:40:19,CN,Other ERP,C,VIT-001,Vitalis C1000,SUP,Vitalis,Wholesale,7,161.54,CNY,0.2,1130.78,904.62
TXN-CN-3-000250,2026-08-27 12:07:37,2026-08-27 12:08:37,CN,Other ERP,C,PUR-002,PureLife BP Monitor,MD,PureLife,Pharmacy/B2B,2,692.31,CNY,0.05,1384.62,1315.39
TXN-CN-3-000251,2026-08-27 23:06:11,2026-08-27 23:12:11,CN,Other ERP,C,MED-001,Medora Cardio 10mg,RX,Medora,D2C,7,330.77,CNY,0.1,2315.39,2083.85
TXN-CN-3-000252,2026-08-27 10:44:47,2026-08-27 10:49:47,CN,Other ERP,C,MED-001,Medora Cardio 10mg,RX,Medora,D2C,6,330.77,CNY,0.05,1984.62,1885.39
TXN-CN-3-000253,2026-08-27 19:54:35,2026-08-27 19:59:35,CN,Other ERP,C,SAN-001,SanaPlus PainRelief,OTC,SanaPlus,Wholesale,2,73.08,CNY,0.0,146.16,146.16
TXN-CN-3-000254,2026-08-27 22:57:02,2026-08-27 22:59:02,CN,Other ERP,C,SAN-002,SanaPlus ColdFlu,OTC,SanaPlus,Pharmacy/B2B,3,80.77,CNY,0.0,242.31,242.31
TXN-CN-3-000255,2026-08-27 01:42:01,2026-08-27 01:45:01,CN,Other ERP,C,SAN-002,SanaPlus ColdFlu,OTC,SanaPlus,Pharmacy/B2B,6,80.77,CNY,0.1,484.62,436.16
TXN-CN-3-000256,2026-08-27 06:25:12,2026-08-27 06:31:12,CN,Other ERP,C,PUR-001,PureLife GlucoMonitor,MD,PureLife,D2C,4,653.85,CNY,0.2,2615.4,2092.32
TXN-CN-3-000257,2026-08-27 14:16:13,2026-08-27 14:19:13,CN,Other ERP,C,DER-001,Dermacare GlowSerum,AES,Dermacare,D2C,12,246.15,CNY,0.1,2953.8,2658.42
TXN-CN-3-000258,2026-08-27 14:08:51,2026-08-27 14:13:51,CN,Other ERP,C,DER-002,Dermacare LiftCream,AES,Dermacare,D2C,5,284.62,CNY,0.2,1423.1,1138.48
TXN-CN-3-000259,2026-08-27 08:19:17,2026-08-27 08:20:17,CN,Other ERP,C,VIT-001,Vitalis C1000,SUP,Vitalis,Wholesale,9,161.54,CNY,0.1,1453.86,1308.47
TXN-CN-3-000260,2026-08-27 03:32:01,2026-08-27 03:33:01,CN,Other ERP,C,DER-002,Dermacare LiftCream,AES,Dermacare,D2C,6,284.62,CNY,0.2,1707.72,1366.18
TXN-CN-3-000261,2026-08-27 15:54:02,2026-08-27 15:55:02,CN,Other ERP,C,PUR-001,PureLife GlucoMonitor,MD,PureLife,D2C,2,653.85,CNY,0.0,1307.7,1307.7
TXN-CN-3-000262,2026-08-27 00:50:06,2026-08-27 00:53:06,CN,Other ERP,C,SAN-001,SanaPlus PainRelief,OTC,SanaPlus,Pharmacy/B2B,5,73.08,CNY,0.1,365.4,328.86
TXN-CN-3-000263,2026-08-27 07:12:07,2026-08-27 07:15:07,CN,Other ERP,C,SAN-002,SanaPlus ColdFlu,OTC,SanaPlus,Wholesale,7,80.77,CNY,0.2,565.39,452.31
TXN-CN-3-000264,2026-08-27 19:35:58,2026-08-27 19:37:58,CN,Other ERP,C,SAN-002,SanaPlus ColdFlu,OTC,SanaPlus,D2C,2,80.77,CNY,0.0,161.54,161.54
TXN-CN-3-000265,2026-08-27 06:09:06,2026-08-27 06:10:06,CN,Other ERP,C,SAN-001,SanaPlus PainRelief,OTC,SanaPlus,Wholesale,1,73.08,CNY,0.05,73.08,69.43
TXN-CN-3-000266,2026-08-27 17:18:39,2026-08-27 17:23:39,CN,Other ERP,C,MED-002,Medora Derm Cream,RX,Medora,D2C,4,200.0,CNY,0.1,800.0,720.0
TXN-CN-3-000267,2026-08-27 08:13:55,2026-08-27 08:18:55,CN,Other ERP,C,SAN-002,SanaPlus ColdFlu,OTC,SanaPlus,Wholesale,12,80.77,CNY,0.1,969.24,872.32
TXN-CN-3-000268,2026-08-27 09:25:21,2026-08-27 09:29:21,CN,Other ERP,C,DER-001,Dermacare GlowSerum,AES,Dermacare,D2C,1,246.15,CNY,0.0,246.15,246.15
TXN-CN-3-000269,2026-08-27 10:50:12,2026-08-27 10:54:12,CN,Other ERP,C,DER-001,Dermacare GlowSerum,AES,Dermacare,Wholesale,5,246.15,CNY,0.2,1230.75,984.6
TXN-CN-3-000270,2026-08-27 09:42:49,2026-08-27 09:48:49,CN,Other ERP,C,SAN-002,SanaPlus ColdFlu,OTC,SanaPlus,E-commerce,2,80.77,CNY,0.0,161.54,161.54
TXN-CN-3-000271,2026-08-27 18:12:42,2026-08-27 18:16:42,CN,Other ERP,C,DER-002,Dermacare LiftCream,AES,Dermacare,E-commerce,4,284.62,CNY,0.05,1138.48,1081.56
TXN-CN-3-000272,2026-08-27 06:28:52,2026-08-27 06:34:52,CN,Other ERP,C,DER-002,Dermacare LiftCream,AES,Dermacare,D2C,12,284.62,CNY,0.0,3415.44,3415.44
TXN-CN-3-000273,2026-08-27 23:03:55,2026-08-27 23:05:55,CN,Other ERP,C,DER-002,Dermacare LiftCream,AES,Dermacare,D2C,1,284.62,CNY,0.0,284.62,284.62
TXN-CN-3-000274,2026-08-27 22:56:32,2026-08-27 22:57:32,CN,Other ERP,C,DER-002,Dermacare LiftCream,AES,Dermacare,Pharmacy/B2B,8,284.62,CNY,0.0,2276.96,2276.96
TXN-CN-3-000275,2026-08-27 17:31:06,2026-08-27 17:37:06,CN,Other ERP,C,VIT-002,Vitalis Multivit,SUP,Vitalis,E-commerce,3,130.77,CNY,0.1,392.31,353.08
TXN-CN-3-000276,2026-08-27 07:01:36,2026-08-27 07:05:36,CN,Other ERP,C,MED-002,Medora Derm Cream,RX,Medora,E-commerce,9,200.0,CNY,0.0,1800.0,1800.0
TXN-CN-3-000277,2026-08-27 11:13:58,2026-08-27 11:15:58,CN,Other ERP,C,MED-001,Medora Cardio 10mg,RX,Medora,Pharmacy/B2B,3,330.77,CNY,0.1,992.31,893.08
TXN-CN-3-000278,2026-08-27 17:34:46,2026-08-27 17:40:46,CN,Other ERP,C,VIT-002,Vitalis Multivit,SUP,Vitalis,D2C,12,130.77,CNY,0.0,1569.24,1569.24
TXN-CN-3-000279,2026-08-27 07:21:54,2026-08-27 07:25:54,CN,Other ERP,C,VIT-001,Vitalis C1000,SUP,Vitalis,Wholesale,11,161.54,CNY,0.0,1776.94,1776.94
TXN-CN-3-000280,2026-08-27 14:11:35,2026-08-27 14:13:35,CN,Other ERP,C,PUR-002,PureLife BP Monitor,MD,PureLife,D2C,3,692.31,CNY,0.0,2076.93,2076.93
TXN-CN-3-000281,2026-08-27 10:43:00,2026-08-27 10:45:00,CN,Other ERP,C,PUR-002,PureLife BP Monitor,MD,PureLife,E-commerce,3,692.31,CNY,0.05,2076.93,1973.08
TXN-CN-3-000282,2026-08-27 16:42:50,2026-08-27 16:45:50,CN,Other ERP,C,SAN-002,SanaPlus ColdFlu,OTC,SanaPlus,E-commerce,12,80.77,CNY,0.0,969.24,969.24
TXN-CN-3-000283,2026-08-27 18:54:51,2026-08-27 18:56:51,CN,Other ERP,C,DER-001,Dermacare GlowSerum,AES,Dermacare,Pharmacy/B2B,8,246.15,CNY,0.0,1969.2,1969.2
TXN-CN-3-000284,2026-08-27 21:37:58,2026-08-27 21:42:58,CN,Other ERP,C,MED-002,Medora Derm Cream,RX,Medora,Wholesale,11,200.0,CNY,0.0,2200.0,2200.0
TXN-CN-3-000285,2026-08-27 02:44:31,2026-08-27 02:45:31,CN,Other ERP,C,DER-001,Dermacare GlowSerum,AES,Dermacare,Pharmacy/B2B,2,246.15,CNY,0.15,492.3,418.45
TXN-CN-3-000286,2026-08-27 04:38:52,2026-08-27 04:41:52,CN,Other ERP,C,MED-001,Medora Cardio 10mg,RX,Medora,E-commerce,7,330.77,CNY,0.0,2315.39,2315.39
TXN-CN-3-000287,2026-08-27 07:09:03,2026-08-27 07:13:03,CN,Other ERP,C,MED-001,Medora Cardio 10mg,RX,Medora,E-commerce,8,330.77,CNY,0.1,2646.16,2381.54
TXN-CN-3-000288,2026-08-27 04:02:44,2026-08-27 04:05:44,CN,Other ERP,C,DER-002,Dermacare LiftCream,AES,Dermacare,D2C,12,284.62,CNY,0.1,3415.44,3073.9
TXN-CN-3-000289,2026-08-27 10:05:05,2026-08-27 10:10:05,CN,Other ERP,C,PUR-001,PureLife GlucoMonitor,MD,PureLife,Wholesale,6,653.85,CNY,0.15,3923.1,3334.63
TXN-CN-3-000290,2026-08-27 12:55:12,2026-08-27 13:01:12,CN,Other ERP,C,VIT-001,Vitalis C1000,SUP,Vitalis,Pharmacy/B2B,1,161.54,CNY,0.15,161.54,137.31
TXN-CN-3-000291,2026-08-27 21:15:09,2026-08-27 21:17:09,CN,Other ERP,C,MED-002,Medora Derm Cream,RX,Medora,E-commerce,9,200.0,CNY,0.1,1800.0,1620.0
TXN-CN-3-000292,2026-08-27 14:37:40,2026-08-27 14:39:40,CN,Other ERP,C,SAN-002,SanaPlus ColdFlu,OTC,SanaPlus,D2C,3,80.77,CNY,0.0,242.31,242.31
TXN-CN-3-000293,2026-08-27 03:24:19,2026-08-27 03:26:19,CN,Other ERP,C,VIT-002,Vitalis Multivit,SUP,Vitalis,D2C,9,130.77,CNY,0.15,1176.93,1000.39
TXN-CN-3-000294,2026-08-27 15:16:05,2026-08-27 15:18:05,CN,Other ERP,C,DER-001,Dermacare GlowSerum,AES,Dermacare,D2C,1,246.15,CNY,0.0,246.15,246.15
TXN-CN-3-000295,2026-08-27 19:35:17,2026-08-27 19:38:17,CN,Other ERP,C,MED-001,Medora Cardio 10mg,RX,Medora,D2C,5,330.77,CNY,0.2,1653.85,1323.08
TXN-CN-3-000296,2026-08-27 20:11:56,2026-08-27 20:15:56,CN,Other ERP,C,MED-001,Medora Cardio 10mg,RX,Medora,Pharmacy/B2B,1,330.77,CNY,0.0,330.77,330.77
TXN-CN-3-000297,2026-08-27 14:46:29,2026-08-27 14:52:29,CN,Other ERP,C,VIT-002,Vitalis Multivit,SUP,Vitalis,E-commerce,10,130.77,CNY,0.0,1307.7,1307.7
TXN-CN-3-000298,2026-08-27 00:02:31,2026-08-27 00:03:31,CN,Other ERP,C,SAN-001,SanaPlus PainRelief,OTC,SanaPlus,E-commerce,2,73.08,CNY,0.1,146.16,131.54
TXN-CN-3-000299,2026-08-27 21:21:14,2026-08-27 21:27:14,CN,Other ERP,C,PUR-001,PureLife GlucoMonitor,MD,PureLife,E-commerce,10,653.85,CNY,0.05,6538.5,6211.57
TXN-CN-3-000300,2026-08-27 01:26:44,2026-08-27 01:30:44,CN,Other ERP,C,VIT-002,Vitalis Multivit,SUP,Vitalis,E-commerce,2,130.77,CNY,0.0,261.54,261.54
TXN-CN-3-000301,2026-08-27 13:23:36,2026-08-27 13:27:36,CN,Other ERP,C,DER-001,Dermacare GlowSerum,AES,Dermacare,Pharmacy/B2B,5,246.15,CNY,0.0,1230.75,1230.75
TXN-CN-3-000302,2026-08-27 01:34:01,2026-08-27 01:38:01,CN,Other ERP,C,VIT-001,Vitalis C1000,SUP,Vitalis,Pharmacy/B2B,5,161.54,CNY,0.2,807.7,646.16
TXN-CN-3-000303,2026-08-27 01:18:30,2026-08-27 01:20:30,CN,Other ERP,C,SAN-001,SanaPlus PainRelief,OTC,SanaPlus,E-commerce,11,73.08,CNY,0.0,803.88,803.88
TXN-CN-3-000304,2026-08-27 04:34:58,2026-08-27 04:35:58,CN,Other ERP,C,DER-002,Dermacare LiftCream,AES,Dermacare,Pharmacy/B2B,11,284.62,CNY,0.0,3130.82,3130.82
TXN-CN-3-000305,2026-08-27 11:40:11,2026-08-27 11:42:11,CN,Other ERP,C,VIT-001,Vitalis C1000,SUP,Vitalis,E-commerce,2,161.54,CNY,0.0,323.08,323.08
TXN-CN-3-000306,2026-08-27 19:34:57,2026-08-27 19:40:57,CN,Other ERP,C,SAN-001,SanaPlus PainRelief,OTC,SanaPlus,Pharmacy/B2B,6,73.08,CNY,0.15,438.48,372.71
TXN-CN-3-000307,2026-08-27 06:40:39,2026-08-27 06:44:39,CN,Other ERP,C,DER-002,Dermacare LiftCream,AES,Dermacare,Wholesale,6,284.62,CNY,0.15,1707.72,1451.56
TXN-CN-3-000308,2026-08-27 13:04:36,2026-08-27 13:09:36,CN,Other ERP,C,VIT-001,Vitalis C1000,SUP,Vitalis,D2C,4,161.54,CNY,0.2,646.16,516.93
TXN-CN-3-000309,2026-08-27 05:38:08,2026-08-27 05:41:08,CN,Other ERP,C,VIT-001,Vitalis C1000,SUP,Vitalis,D2C,5,161.54,CNY,0.15,807.7,686.55
TXN-CN-3-000310,2026-08-27 16:10:58,2026-08-27 16:13:58,CN,Other ERP,C,PUR-002,PureLife BP Monitor,MD,PureLife,D2C,8,692.31,CNY,0.05,5538.48,5261.56
TXN-CN-3-000311,2026-08-27 06:18:10,2026-08-27 06:21:10,CN,Other ERP,C,PUR-002,PureLife BP Monitor,MD,PureLife,E-commerce,10,692.31,CNY,0.2,6923.1,5538.48
TXN-CN-3-000312,2026-08-27 19:47:41,2026-08-27 19:52:41,CN,Other ERP,C,DER-001,Dermacare GlowSerum,AES,Dermacare,Pharmacy/B2B,9,246.15,CNY,0.05,2215.35,2104.58
TXN-CN-3-000313,2026-08-27 11:56:20,2026-08-27 11:58:20,CN,Other ERP,C,PUR-001,PureLife GlucoMonitor,MD,PureLife,E-commerce,9,653.85,CNY,0.0,5884.65,5884.65
TXN-CN-3-000314,2026-08-27 16:12:34,2026-08-27 16:13:34,CN,Other ERP,C,VIT-001,Vitalis C1000,SUP,Vitalis,Wholesale,3,161.54,CNY,0.0,484.62,484.62
TXN-CN-3-000315,2026-08-27 11:26:56,2026-08-27 11:31:56,CN,Other ERP,C,SAN-002,SanaPlus ColdFlu,OTC,SanaPlus,E-commerce,3,80.77,CNY,0.0,242.31,242.31
TXN-CN-3-000316,2026-08-27 08:14:38,2026-08-27 08:15:38,CN,Other ERP,C,DER-001,Dermacare GlowSerum,AES,Dermacare,Wholesale,3,246.15,CNY,0.0,738.45,738.45
TXN-CN-3-000317,2026-08-27 19:59:19,2026-08-27 20:01:19,CN,Other ERP,C,PUR-001,PureLife GlucoMonitor,MD,PureLife,D2C,12,653.85,CNY,0.15,7846.2,6669.27
TXN-CN-3-000318,2026-08-27 15:37:56,2026-08-27 15:38:56,CN,Other ERP,C,MED-001,Medora Cardio 10mg,RX,Medora,Wholesale,3,330.77,CNY,0.0,992.31,992.31
TXN-CN-3-000319,2026-08-27 14:48:18,2026-08-27 14:54:18,CN,Other ERP,C,SAN-002,SanaPlus ColdFlu,OTC,SanaPlus,Pharmacy/B2B,10,80.77,CNY,0.0,807.7,807.7
TXN-CN-3-000320,2026-08-27 00:27:34,2026-08-27 00:33:34,CN,Other ERP,C,DER-001,Dermacare GlowSerum,AES,Dermacare,Wholesale,10,246.15,CNY,0.2,2461.5,1969.2
TXN-CN-3-000321,2026-08-27 09:22:02,2026-08-27 09:24:02,CN,Other ERP,C,SAN-002,SanaPlus ColdFlu,OTC,SanaPlus,Pharmacy/B2B,6,80.77,CNY,0.0,484.62,484.62
TXN-CN-3-000322,2026-08-27 13:50:08,2026-08-27 13:56:08,CN,Other ERP,C,VIT-001,Vitalis C1000,SUP,Vitalis,Wholesale,6,161.54,CNY,0.0,969.24,969.24
TXN-CN-3-000323,2026-08-27 21:24:39,2026-08-27 21:26:39,CN,Other ERP,C,VIT-002,Vitalis Multivit,SUP,Vitalis,D2C,2,130.77,CNY,0.1,261.54,235.39
TXN-CN-3-000324,2026-08-27 15:51:04,2026-08-27 15:53:04,CN,Other ERP,C,MED-002,Medora Derm Cream,RX,Medora,D2C,12,200.0,CNY,0.15,2400.0,2040.0
TXN-CN-3-000325,2026-08-27 22:48:13,2026-08-27 22:49:13,CN,Other ERP,C,SAN-002,SanaPlus ColdFlu,OTC,SanaPlus,D2C,11,80.77,CNY,0.15,888.47,755.2
TXN-CN-3-000326,2026-08-27 06:53:14,2026-08-27 06:58:14,CN,Other ERP,C,PUR-001,PureLife GlucoMonitor,MD,PureLife,D2C,7,653.85,CNY,0.1,4576.95,4119.26
TXN-CN-3-000327,2026-08-27 23:51:26,2026-08-27 23:55:26,CN,Other ERP,C,SAN-002,SanaPlus ColdFlu,OTC,SanaPlus,E-commerce,9,80.77,CNY,0.0,726.93,726.93
TXN-CN-3-000328,2026-08-27 16:54:06,2026-08-27 16:56:06,CN,Other ERP,C,DER-001,Dermacare GlowSerum,AES,Dermacare,D2C,10,246.15,CNY,0.2,2461.5,1969.2
TXN-CN-3-000329,2026-08-27 06:14:18,2026-08-27 06:18:18,CN,Other ERP,C,DER-001,Dermacare GlowSerum,AES,Dermacare,Wholesale,2,246.15,CNY,0.0,492.3,492.3
TXN-CN-3-000330,2026-08-27 07:20:25,2026-08-27 07:21:25,CN,Other ERP,C,DER-002,Dermacare LiftCream,AES,Dermacare,Wholesale,2,284.62,CNY,0.2,569.24,455.39
TXN-CN-3-000331,2026-08-27 11:59:29,2026-08-27 12:05:29,CN,Other ERP,C,PUR-001,PureLife GlucoMonitor,MD,PureLife,Wholesale,6,653.85,CNY,0.15,3923.1,3334.63
TXN-CN-3-000332,2026-08-27 00:05:15,2026-08-27 00:08:15,CN,Other ERP,C,PUR-001,PureLife GlucoMonitor,MD,PureLife,Wholesale,1,653.85,CNY,0.2,653.85,523.08
TXN-CN-3-000333,2026-08-27 20:15:32,2026-08-27 20:19:32,CN,Other ERP,C,VIT-001,Vitalis C1000,SUP,Vitalis,D2C,1,161.54,CNY,0.0,161.54,161.54
TXN-CN-3-000334,2026-08-27 00:25:43,2026-08-27 00:29:43,CN,Other ERP,C,DER-002,Dermacare LiftCream,AES,Dermacare,Wholesale,5,284.62,CNY,0.2,1423.1,1138.48
TXN-CN-3-000335,2026-08-27 22:54:27,2026-08-27 23:00:27,CN,Other ERP,C,SAN-002,SanaPlus ColdFlu,OTC,SanaPlus,D2C,1,80.77,CNY,0.0,80.77,80.77
TXN-CN-3-000336,2026-08-27 15:29:44,2026-08-27 15:30:44,CN,Other ERP,C,VIT-001,Vitalis C1000,SUP,Vitalis,Pharmacy/B2B,12,161.54,CNY,0.15,1938.48,1647.71
TXN-CN-3-000337,2026-08-27 02:17:53,2026-08-27 02:22:53,CN,Other ERP,C,DER-002,Dermacare LiftCream,AES,Dermacare,E-commerce,3,284.62,CNY,0.1,853.86,768.47
TXN-CN-3-000338,2026-08-27 12:07:48,2026-08-27 12:13:48,CN,Other ERP,C,DER-001,Dermacare GlowSerum,AES,Dermacare,D2C,9,246.15,CNY,0.15,2215.35,1883.05
TXN-CN-3-000339,2026-08-27 02:16:01,2026-08-27 02:22:01,CN,Other ERP,C,PUR-002,PureLife BP Monitor,MD,PureLife,Pharmacy/B2B,6,692.31,CNY,0.2,4153.86,3323.09
TXN-CN-3-000340,2026-08-27 22:51:47,2026-08-27 22:53:47,CN,Other ERP,C,PUR-001,PureLife GlucoMonitor,MD,PureLife,Pharmacy/B2B,6,653.85,CNY,0.15,3923.1,3334.63
TXN-CN-3-000341,2026-08-27 08:05:16,2026-08-27 08:08:16,CN,Other ERP,C,DER-001,Dermacare GlowSerum,AES,Dermacare,D2C,1,246.15,CNY,0.2,246.15,196.92
TXN-CN-3-000342,2026-08-27 07:21:42,2026-08-27 07:23:42,CN,Other ERP,C,SAN-001,SanaPlus PainRelief,OTC,SanaPlus,Pharmacy/B2B,4,73.08,CNY,0.0,292.32,292.32
TXN-CN-3-000343,2026-08-27 17:17:18,2026-08-27 17:18:18,CN,Other ERP,C,VIT-002,Vitalis Multivit,SUP,Vitalis,Pharmacy/B2B,9,130.77,CNY,0.1,1176.93,1059.24
TXN-CN-3-000344,2026-08-27 12:18:29,2026-08-27 12:24:29,CN,Other ERP,C,SAN-001,SanaPlus PainRelief,OTC,SanaPlus,E-commerce,4,73.08,CNY,0.2,292.32,233.86
TXN-CN-3-000345,2026-08-27 23:08:41,2026-08-27 23:11:41,CN,Other ERP,C,PUR-001,PureLife GlucoMonitor,MD,PureLife,E-commerce,8,653.85,CNY,0.15,5230.8,4446.18
TXN-CN-3-000346,2026-08-27 15:01:34,2026-08-27 15:03:34,CN,Other ERP,C,PUR-001,PureLife GlucoMonitor,MD,PureLife,D2C,11,653.85,CNY,0.05,7192.35,6832.73
TXN-CN-3-000347,2026-08-27 01:49:18,2026-08-27 01:54:18,CN,Other ERP,C,PUR-002,PureLife BP Monitor,MD,PureLife,Wholesale,11,692.31,CNY,0.15,7615.41,6473.1
TXN-CN-3-000348,2026-08-27 06:50:52,2026-08-27 06:56:52,CN,Other ERP,C,DER-001,Dermacare GlowSerum,AES,Dermacare,D2C,5,246.15,CNY,0.05,1230.75,1169.21
TXN-CN-3-000349,2026-08-27 16:03:14,2026-08-27 16:06:14,CN,Other ERP,C,DER-001,Dermacare GlowSerum,AES,Dermacare,Pharmacy/B2B,2,246.15,CNY,0.15,492.3,418.45
TXN-CN-3-000350,2026-08-27 03:04:02,2026-08-27 03:10:02,CN,Other ERP,C,MED-001,Medora Cardio 10mg,RX,Medora,D2C,4,330.77,CNY,0.1,1323.08,1190.77
TXN-CN-3-000351,2026-08-27 21:13:24,2026-08-27 21:14:24,CN,Other ERP,C,MED-002,Medora Derm Cream,RX,Medora,Wholesale,11,200.0,CNY,0.15,2200.0,1870.0
TXN-CN-3-000352,2026-08-27 09:02:06,2026-08-27 09:05:06,CN,Other ERP,C,PUR-001,PureLife GlucoMonitor,MD,PureLife,Wholesale,6,653.85,CNY,0.0,3923.1,3923.1
TXN-CN-3-000353,2026-08-27 09:19:23,2026-08-27 09:23:23,CN,Other ERP,C,MED-001,Medora Cardio 10mg,RX,Medora,Pharmacy/B2B,3,330.77,CNY,0.0,992.31,992.31
TXN-CN-3-000354,2026-08-27 07:22:19,2026-08-27 07:23:19,CN,Other ERP,C,MED-001,Medora Cardio 10mg,RX,Medora,D2C,12,330.77,CNY,0.15,3969.24,3373.85
TXN-CN-3-000355,2026-08-27 18:46:03,2026-08-27 18:52:03,CN,Other ERP,C,SAN-001,SanaPlus PainRelief,OTC,SanaPlus,Pharmacy/B2B,4,73.08,CNY,0.15,292.32,248.47
TXN-CN-3-000356,2026-08-27 09:43:31,2026-08-27 09:46:31,CN,Other ERP,C,PUR-002,PureLife BP Monitor,MD,PureLife,Pharmacy/B2B,12,692.31,CNY,0.1,8307.72,7476.95
TXN-CN-3-000357,2026-08-27 13:16:34,2026-08-27 13:22:34,CN,Other ERP,C,SAN-001,SanaPlus PainRelief,OTC,SanaPlus,Pharmacy/B2B,2,73.08,CNY,0.05,146.16,138.85
TXN-CN-3-000358,2026-08-27 16:46:57,2026-08-27 16:49:57,CN,Other ERP,C,PUR-002,PureLife BP Monitor,MD,PureLife,D2C,1,692.31,CNY,0.0,692.31,692.31
TXN-CN-3-000359,2026-08-27 11:30:14,2026-08-27 11:33:14,CN,Other ERP,C,SAN-001,SanaPlus PainRelief,OTC,SanaPlus,E-commerce,6,73.08,CNY,0.2,438.48,350.78
TXN-CN-3-000360,2026-08-27 08:08:18,2026-08-27 08:14:18,CN,Other ERP,C,MED-001,Medora Cardio 10mg,RX,Medora,D2C,9,330.77,CNY,0.15,2976.93,2530.39
TXN-CN-3-000361,2026-08-27 03:24:17,2026-08-27 03:26:17,CN,Other ERP,C,SAN-002,SanaPlus ColdFlu,OTC,SanaPlus,D2C,2,80.77,CNY,0.0,161.54,161.54
TXN-CN-3-000362,2026-08-27 23:55:37,2026-08-27 23:59:37,CN,Other ERP,C,SAN-001,SanaPlus PainRelief,OTC,SanaPlus,Pharmacy/B2B,1,73.08,CNY,0.1,73.08,65.77
TXN-CN-3-000363,2026-08-27 21:44:26,2026-08-27 21:50:26,CN,Other ERP,C,VIT-002,Vitalis Multivit,SUP,Vitalis,Wholesale,6,130.77,CNY,0.0,784.62,784.62
TXN-CN-3-000364,2026-08-27 22:41:59,2026-08-27 22:46:59,CN,Other ERP,C,DER-001,Dermacare GlowSerum,AES,Dermacare,Pharmacy/B2B,7,246.15,CNY,0.15,1723.05,1464.59
TXN-CN-3-000365,2026-08-27 14:46:42,2026-08-27 14:50:42,CN,Other ERP,C,SAN-001,SanaPlus PainRelief,OTC,SanaPlus,E-commerce,1,73.08,CNY,0.05,73.08,69.43
TXN-CN-3-000366,2026-08-27 16:22:15,2026-08-27 16:24:15,CN,Other ERP,C,PUR-001,PureLife GlucoMonitor,MD,PureLife,Wholesale,6,653.85,CNY,0.0,3923.1,3923.1
TXN-CN-3-000367,2026-08-27 05:24:48,2026-08-27 05:28:48,CN,Other ERP,C,PUR-001,PureLife GlucoMonitor,MD,PureLife,Wholesale,11,653.85,CNY,0.2,7192.35,5753.88
TXN-CN-3-000368,2026-08-27 07:01:21,2026-08-27 07:05:21,CN,Other ERP,C,VIT-001,Vitalis C1000,SUP,Vitalis,Pharmacy/B2B,9,161.54,CNY,0.0,1453.86,1453.86
TXN-CN-3-000369,2026-08-27 18:33:50,2026-08-27 18:34:50,CN,Other ERP,C,DER-002,Dermacare LiftCream,AES,Dermacare,Wholesale,5,284.62,CNY,0.0,1423.1,1423.1
TXN-CN-3-000370,2026-08-27 11:34:01,2026-08-27 11:39:01,CN,Other ERP,C,SAN-001,SanaPlus PainRelief,OTC,SanaPlus,Pharmacy/B2B,2,73.08,CNY,0.05,146.16,138.85
TXN-CN-3-000371,2026-08-27 13:47:41,2026-08-27 13:48:41,CN,Other ERP,C,DER-002,Dermacare LiftCream,AES,Dermacare,E-commerce,11,284.62,CNY,0.0,3130.82,3130.82
TXN-CN-3-000372,2026-08-27 17:56:37,2026-08-27 17:59:37,CN,Other ERP,C,VIT-001,Vitalis C1000,SUP,Vitalis,E-commerce,2,161.54,CNY,0.1,323.08,290.77
TXN-CN-3-000373,2026-08-27 21:55:19,2026-08-27 21:56:19,CN,Other ERP,C,SAN-001,SanaPlus PainRelief,OTC,SanaPlus,E-commerce,2,73.08,CNY,0.0,146.16,146.16
TXN-CN-3-000374,2026-08-27 00:02:19,2026-08-27 00:08:19,CN,Other ERP,C,PUR-002,PureLife BP Monitor,MD,PureLife,Wholesale,1,692.31,CNY,0.05,692.31,657.69
TXN-CN-3-000375,2026-08-27 03:55:35,2026-08-27 04:01:35,CN,Other ERP,C,MED-001,Medora Cardio 10mg,RX,Medora,E-commerce,11,330.77,CNY,0.0,3638.47,3638.47
TXN-CN-3-000376,2026-08-27 05:41:15,2026-08-27 05:47:15,CN,Other ERP,C,VIT-002,Vitalis Multivit,SUP,Vitalis,D2C,10,130.77,CNY,0.0,1307.7,1307.7
TXN-CN-3-000377,2026-08-27 13:15:34,2026-08-27 13:16:34,CN,Other ERP,C,PUR-002,PureLife BP Monitor,MD,PureLife,Wholesale,2,692.31,CNY,0.1,1384.62,1246.16
TXN-CN-3-000378,2026-08-27 08:17:45,2026-08-27 08:18:45,CN,Other ERP,C,VIT-002,Vitalis Multivit,SUP,Vitalis,Wholesale,3,130.77,CNY,0.1,392.31,353.08
TXN-CN-3-000379,2026-08-27 21:10:23,2026-08-27 21:15:23,CN,Other ERP,C,MED-002,Medora Derm Cream,RX,Medora,E-commerce,3,200.0,CNY,0.1,600.0,540.0
TXN-CN-3-000380,2026-08-27 09:20:45,2026-08-27 09:21:45,CN,Other ERP,C,MED-001,Medora Cardio 10mg,RX,Medora,Wholesale,9,330.77,CNY,0.2,2976.93,2381.54
TXN-CN-3-000381,2026-08-27 05:03:05,2026-08-27 05:07:05,CN,Other ERP,C,PUR-002,PureLife BP Monitor,MD,PureLife,E-commerce,2,692.31,CNY,0.15,1384.62,1176.93
TXN-CN-3-000382,2026-08-27 07:53:25,2026-08-27 07:55:25,CN,Other ERP,C,SAN-001,SanaPlus PainRelief,OTC,SanaPlus,Pharmacy/B2B,10,73.08,CNY,0.2,730.8,584.64
TXN-CN-3-000383,2026-08-27 03:33:01,2026-08-27 03:34:01,CN,Other ERP,C,MED-001,Medora Cardio 10mg,RX,Medora,E-commerce,3,330.77,CNY,0.2,992.31,793.85
TXN-CN-3-000384,2026-08-27 12:33:51,2026-08-27 12:38:51,CN,Other ERP,C,MED-002,Medora Derm Cream,RX,Medora,Wholesale,4,200.0,CNY,0.0,800.0,800.0
TXN-CN-3-000385,2026-08-27 09:28:06,2026-08-27 09:31:06,CN,Other ERP,C,VIT-002,Vitalis Multivit,SUP,Vitalis,D2C,3,130.77,CNY,0.15,392.31,333.46
TXN-CN-3-000386,2026-08-27 04:00:51,2026-08-27 04:01:51,CN,Other ERP,C,SAN-002,SanaPlus ColdFlu,OTC,SanaPlus,D2C,9,80.77,CNY,0.15,726.93,617.89
TXN-CN-3-000387,2026-08-27 21:51:56,2026-08-27 21:52:56,CN,Other ERP,C,MED-002,Medora Derm Cream,RX,Medora,E-commerce,2,200.0,CNY,0.0,400.0,400.0
TXN-CN-3-000388,2026-08-27 08:16:51,2026-08-27 08:17:51,CN,Other ERP,C,SAN-002,SanaPlus ColdFlu,OTC,SanaPlus,E-commerce,8,80.77,CNY,0.0,646.16,646.16
TXN-CN-3-000389,2026-08-27 07:22:09,2026-08-27 07:25:09,CN,Other ERP,C,SAN-001,SanaPlus PainRelief,OTC,SanaPlus,Pharmacy/B2B,9,73.08,CNY,0.15,657.72,559.06
TXN-CN-3-000390,2026-08-27 09:57:59,2026-08-27 10:00:59,CN,Other ERP,C,MED-001,Medora Cardio 10mg,RX,Medora,D2C,4,330.77,CNY,0.1,1323.08,1190.77
TXN-CN-3-000391,2026-08-27 00:15:57,2026-08-27 00:19:57,CN,Other ERP,C,SAN-002,SanaPlus ColdFlu,OTC,SanaPlus,D2C,5,80.77,CNY,0.15,403.85,343.27
TXN-CN-3-000392,2026-08-27 01:18:27,2026-08-27 01:21:27,CN,Other ERP,C,SAN-002,SanaPlus ColdFlu,OTC,SanaPlus,D2C,9,80.77,CNY,0.05,726.93,690.58
TXN-CN-3-000393,2026-08-27 11:04:56,2026-08-27 11:07:56,CN,Other ERP,C,SAN-002,SanaPlus ColdFlu,OTC,SanaPlus,E-commerce,7,80.77,CNY,0.0,565.39,565.39
TXN-CN-3-000394,2026-08-27 14:15:16,2026-08-27 14:18:16,CN,Other ERP,C,MED-001,Medora Cardio 10mg,RX,Medora,Wholesale,3,330.77,CNY,0.2,992.31,793.85
TXN-CN-3-000395,2026-08-27 07:31:51,2026-08-27 07:32:51,CN,Other ERP,C,VIT-002,Vitalis Multivit,SUP,Vitalis,D2C,2,130.77,CNY,0.1,261.54,235.39
TXN-CN-3-000396,2026-08-27 03:34:36,2026-08-27 03:40:36,CN,Other ERP,C,DER-001,Dermacare GlowSerum,AES,Dermacare,E-commerce,9,246.15,CNY,0.1,2215.35,1993.82
TXN-CN-3-000397,2026-08-27 10:50:50,2026-08-27 10:53:50,CN,Other ERP,C,PUR-001,PureLife GlucoMonitor,MD,PureLife,E-commerce,6,653.85,CNY,0.2,3923.1,3138.48
TXN-CN-3-000398,2026-08-27 17:47:59,2026-08-27 17:50:59,CN,Other ERP,C,VIT-002,Vitalis Multivit,SUP,Vitalis,Pharmacy/B2B,5,130.77,CNY,0.1,653.85,588.47
TXN-CN-3-000399,2026-08-27 00:09:47,2026-08-27 00:14:47,CN,Other ERP,C,MED-002,Medora Derm Cream,RX,Medora,Pharmacy/B2B,3,200.0,CNY,0.2,600.0,480.0
TXN-CN-3-000400,2026-08-27 14:36:38,2026-08-27 14:38:38,CN,Other ERP,C,VIT-002,Vitalis Multivit,SUP,Vitalis,E-commerce,4,130.77,CNY,0.0,523.08,523.08
TXN-CN-3-000401,2026-08-27 22:30:56,2026-08-27 22:34:56,CN,Other ERP,C,MED-002,Medora Derm Cream,RX,Medora,E-commerce,1,200.0,CNY,0.0,200.0,200.0
TXN-CN-3-000402,2026-08-27 04:47:58,2026-08-27 04:48:58,CN,Other ERP,C,DER-002,Dermacare LiftCream,AES,Dermacare,Pharmacy/B2B,7,284.62,CNY,0.2,1992.34,1593.87
TXN-CN-3-000403,2026-08-27 10:40:57,2026-08-27 10:44:57,CN,Other ERP,C,VIT-002,Vitalis Multivit,SUP,Vitalis,D2C,12,130.77,CNY,0.1,1569.24,1412.32
TXN-CN-3-000404,2026-08-27 01:18:06,2026-08-27 01:19:06,CN,Other ERP,C,PUR-001,PureLife GlucoMonitor,MD,PureLife,Pharmacy/B2B,12,653.85,CNY,0.05,7846.2,7453.89
TXN-CN-3-000405,2026-08-27 09:37:19,2026-08-27 09:40:19,CN,Other ERP,C,MED-002,Medora Derm Cream,RX,Medora,Pharmacy/B2B,8,200.0,CNY,0.0,1600.0,1600.0
TXN-CN-3-000406,2026-08-27 16:59:28,2026-08-27 17:01:28,CN,Other ERP,C,VIT-002,Vitalis Multivit,SUP,Vitalis,Pharmacy/B2B,12,130.77,CNY,0.1,1569.24,1412.32
TXN-CN-3-000407,2026-08-27 21:42:31,2026-08-27 21:45:31,CN,Other ERP,C,DER-001,Dermacare GlowSerum,AES,Dermacare,Wholesale,7,246.15,CNY,0.0,1723.05,1723.05
TXN-CN-3-000408,2026-08-27 22:34:40,2026-08-27 22:39:40,CN,Other ERP,C,MED-002,Medora Derm Cream,RX,Medora,Wholesale,9,200.0,CNY,0.1,1800.0,1620.0
TXN-CN-3-000409,2026-08-27 06:52:53,2026-08-27 06:55:53,CN,Other ERP,C,PUR-001,PureLife GlucoMonitor,MD,PureLife,D2C,4,653.85,CNY,0.0,2615.4,2615.4
TXN-CN-3-000410,2026-08-27 23:04:32,2026-08-27 23:05:32,CN,Other ERP,C,DER-002,Dermacare LiftCream,AES,Dermacare,Wholesale,6,284.62,CNY,0.0,1707.72,1707.72
TXN-CN-3-000411,2026-08-27 08:56:10,2026-08-27 09:00:10,CN,Other ERP,C,MED-001,Medora Cardio 10mg,RX,Medora,E-commerce,10,330.77,CNY,0.0,3307.7,3307.7
TXN-CN-3-000412,2026-08-27 21:58:19,2026-08-27 22:00:19,CN,Other ERP,C,MED-001,Medora Cardio 10mg,RX,Medora,D2C,11,330.77,CNY,0.0,3638.47,3638.47
TXN-CN-3-000413,2026-08-27 05:37:37,2026-08-27 05:41:37,CN,Other ERP,C,MED-002,Medora Derm Cream,RX,Medora,Pharmacy/B2B,1,200.0,CNY,0.1,200.0,180.0
TXN-CN-3-000414,2026-08-27 18:45:20,2026-08-27 18:48:20,CN,Other ERP,C,SAN-001,SanaPlus PainRelief,OTC,SanaPlus,Wholesale,6,73.08,CNY,0.2,438.48,350.78
TXN-CN-3-000415,2026-08-27 04:55:07,2026-08-27 04:58:07,CN,Other ERP,C,PUR-001,PureLife GlucoMonitor,MD,PureLife,E-commerce,7,653.85,CNY,0.0,4576.95,4576.95
TXN-CN-3-000416,2026-08-27 04:53:54,2026-08-27 04:55:54,CN,Other ERP,C,SAN-001,SanaPlus PainRelief,OTC,SanaPlus,E-commerce,1,73.08,CNY,0.0,73.08,73.08
TXN-CN-3-000417,2026-08-27 01:33:34,2026-08-27 01:37:34,CN,Other ERP,C,VIT-002,Vitalis Multivit,SUP,Vitalis,E-commerce,6,130.77,CNY,0.15,784.62,666.93
TXN-CN-3-000418,2026-08-27 05:16:19,2026-08-27 05:21:19,CN,Other ERP,C,SAN-002,SanaPlus ColdFlu,OTC,SanaPlus,Wholesale,10,80.77,CNY,0.0,807.7,807.7
TXN-CN-3-000419,2026-08-27 00:31:11,2026-08-27 00:33:11,CN,Other ERP,C,SAN-002,SanaPlus ColdFlu,OTC,SanaPlus,E-commerce,5,80.77,CNY,0.15,403.85,343.27
TXN-CN-3-000420,2026-08-27 03:44:07,2026-08-27 03:47:07,CN,Other ERP,C,SAN-001,SanaPlus PainRelief,OTC,SanaPlus,D2C,8,73.08,CNY,0.1,584.64,526.18
TXN-CN-3-000421,2026-08-27 20:55:22,2026-08-27 20:58:22,CN,Other ERP,C,PUR-001,PureLife GlucoMonitor,MD,PureLife,Pharmacy/B2B,12,653.85,CNY,0.1,7846.2,7061.58
TXN-CN-3-000422,2026-08-27 11:35:21,2026-08-27 11:41:21,CN,Other ERP,C,MED-001,Medora Cardio 10mg,RX,Medora,Pharmacy/B2B,3,330.77,CNY,0.0,992.31,992.31
TXN-CN-3-000423,2026-08-27 19:06:24,2026-08-27 19:08:24,CN,Other ERP,C,PUR-001,PureLife GlucoMonitor,MD,PureLife,E-commerce,2,653.85,CNY,0.0,1307.7,1307.7
TXN-CN-3-000424,2026-08-27 14:56:39,2026-08-27 14:58:39,CN,Other ERP,C,SAN-001,SanaPlus PainRelief,OTC,SanaPlus,Wholesale,1,73.08,CNY,0.0,73.08,73.08
TXN-CN-3-000425,2026-08-27 14:31:07,2026-08-27 14:34:07,CN,Other ERP,C,SAN-001,SanaPlus PainRelief,OTC,SanaPlus,Pharmacy/B2B,9,73.08,CNY,0.0,657.72,657.72
TXN-CN-3-000426,2026-08-27 23:07:42,2026-08-27 23:13:42,CN,Other ERP,C,PUR-001,PureLife GlucoMonitor,MD,PureLife,D2C,3,653.85,CNY,0.1,1961.55,1765.39
TXN-CN-3-000427,2026-08-27 07:42:17,2026-08-27 07:48:17,CN,Other ERP,C,DER-001,Dermacare GlowSerum,AES,Dermacare,E-commerce,2,246.15,CNY,0.05,492.3,467.69
TXN-CN-3-000428,2026-08-27 14:48:31,2026-08-27 14:54:31,CN,Other ERP,C,MED-002,Medora Derm Cream,RX,Medora,Wholesale,4,200.0,CNY,0.0,800.0,800.0
TXN-CN-3-000429,2026-08-27 04:03:36,2026-08-27 04:06:36,CN,Other ERP,C,MED-002,Medora Derm Cream,RX,Medora,Pharmacy/B2B,2,200.0,CNY,0.0,400.0,400.0
TXN-CN-3-000430,2026-08-27 22:35:30,2026-08-27 22:38:30,CN,Other ERP,C,PUR-002,PureLife BP Monitor,MD,PureLife,Pharmacy/B2B,11,692.31,CNY,0.0,7615.41,7615.41
TXN-CN-3-000431,2026-08-27 14:59:38,2026-08-27 15:03:38,CN,Other ERP,C,PUR-002,PureLife BP Monitor,MD,PureLife,D2C,9,692.31,CNY,0.05,6230.79,5919.25
TXN-CN-3-000432,2026-08-27 09:26:53,2026-08-27 09:32:53,CN,Other ERP,C,PUR-002,PureLife BP Monitor,MD,PureLife,Pharmacy/B2B,8,692.31,CNY,0.1,5538.48,4984.63
TXN-CN-3-000433,2026-08-27 14:12:48,2026-08-27 14:13:48,CN,Other ERP,C,PUR-001,PureLife GlucoMonitor,MD,PureLife,D2C,12,653.85,CNY,0.0,7846.2,7846.2
TXN-CN-3-000434,2026-08-27 09:50:58,2026-08-27 09:52:58,CN,Other ERP,C,MED-002,Medora Derm Cream,RX,Medora,Pharmacy/B2B,7,200.0,CNY,0.15,1400.0,1190.0
TXN-CN-3-000435,2026-08-27 07:38:28,2026-08-27 07:40:28,CN,Other ERP,C,SAN-001,SanaPlus PainRelief,OTC,SanaPlus,Pharmacy/B2B,2,73.08,CNY,0.05,146.16,138.85
TXN-CN-3-000436,2026-08-27 14:30:46,2026-08-27 14:32:46,CN,Other ERP,C,VIT-002,Vitalis Multivit,SUP,Vitalis,Pharmacy/B2B,4,130.77,CNY,0.1,523.08,470.77
TXN-CN-3-000437,2026-08-27 07:35:56,2026-08-27 07:37:56,CN,Other ERP,C,DER-002,Dermacare LiftCream,AES,Dermacare,E-commerce,7,284.62,CNY,0.0,1992.34,1992.34
TXN-CN-3-000438,2026-08-27 18:02:03,2026-08-27 18:07:03,CN,Other ERP,C,PUR-001,PureLife GlucoMonitor,MD,PureLife,D2C,5,653.85,CNY,0.15,3269.25,2778.86
TXN-CN-3-000439,2026-08-27 19:24:02,2026-08-27 19:29:02,CN,Other ERP,C,PUR-002,PureLife BP Monitor,MD,PureLife,E-commerce,6,692.31,CNY,0.1,4153.86,3738.47
TXN-CN-3-000440,2026-08-27 17:49:05,2026-08-27 17:52:05,CN,Other ERP,C,SAN-001,SanaPlus PainRelief,OTC,SanaPlus,D2C,4,73.08,CNY,0.0,292.32,292.32
TXN-CN-3-000441,2026-08-27 05:03:05,2026-08-27 05:06:05,CN,Other ERP,C,MED-002,Medora Derm Cream,RX,Medora,Wholesale,12,200.0,CNY,0.0,2400.0,2400.0
TXN-CN-3-000442,2026-08-27 22:34:22,2026-08-27 22:35:22,CN,Other ERP,C,DER-001,Dermacare GlowSerum,AES,Dermacare,D2C,9,246.15,CNY,0.2,2215.35,1772.28
TXN-CN-3-000443,2026-08-27 23:18:43,2026-08-27 23:24:43,CN,Other ERP,C,PUR-002,PureLife BP Monitor,MD,PureLife,Wholesale,11,692.31,CNY,0.0,7615.41,7615.41
TXN-CN-3-000444,2026-08-27 10:19:20,2026-08-27 10:23:20,CN,Other ERP,C,SAN-001,SanaPlus PainRelief,OTC,SanaPlus,Pharmacy/B2B,1,73.08,CNY,0.0,73.08,73.08
TXN-CN-3-000445,2026-08-27 10:02:09,2026-08-27 10:07:09,CN,Other ERP,C,MED-002,Medora Derm Cream,RX,Medora,E-commerce,4,200.0,CNY,0.05,800.0,760.0
TXN-CN-3-000446,2026-08-27 01:49:32,2026-08-27 01:54:32,CN,Other ERP,C,SAN-001,SanaPlus PainRelief,OTC,SanaPlus,Wholesale,3,73.08,CNY,0.05,219.24,208.28
TXN-CN-3-000447,2026-08-27 05:04:29,2026-08-27 05:05:29,CN,Other ERP,C,DER-001,Dermacare GlowSerum,AES,Dermacare,E-commerce,2,246.15,CNY,0.0,492.3,492.3
TXN-CN-3-000448,2026-08-27 17:03:29,2026-08-27 17:07:29,CN,Other ERP,C,DER-001,Dermacare GlowSerum,AES,Dermacare,Pharmacy/B2B,6,246.15,CNY,0.05,1476.9,1403.06
TXN-CN-3-000449,2026-08-27 10:29:39,2026-08-27 10:31:39,CN,Other ERP,C,SAN-002,SanaPlus ColdFlu,OTC,SanaPlus,D2C,11,80.77,CNY,0.0,888.47,888.47
TXN-CN-3-000450,2026-08-27 08:10:39,2026-08-27 08:14:39,CN,Other ERP,C,SAN-001,SanaPlus PainRelief,OTC,SanaPlus,E-commerce,11,73.08,CNY,0.0,803.88,803.88
TXN-CN-3-000451,2026-08-27 03:40:58,2026-08-27 03:44:58,CN,Other ERP,C,PUR-002,PureLife BP Monitor,MD,PureLife,D2C,12,692.31,CNY,0.0,8307.72,8307.72
TXN-CN-3-000452,2026-08-27 05:06:29,2026-08-27 05:11:29,CN,Other ERP,C,DER-001,Dermacare GlowSerum,AES,Dermacare,Wholesale,11,246.15,CNY,0.0,2707.65,2707.65
TXN-CN-3-000453,2026-08-27 11:14:35,2026-08-27 11:20:35,CN,Other ERP,C,VIT-002,Vitalis Multivit,SUP,Vitalis,D2C,11,130.77,CNY,0.05,1438.47,1366.55
TXN-CN-3-000454,2026-08-27 01:08:46,2026-08-27 01:09:46,CN,Other ERP,C,SAN-001,SanaPlus PainRelief,OTC,SanaPlus,E-commerce,8,73.08,CNY,0.1,584.64,526.18
TXN-CN-3-000455,2026-08-27 03:36:33,2026-08-27 03:37:33,CN,Other ERP,C,VIT-001,Vitalis C1000,SUP,Vitalis,Wholesale,10,161.54,CNY,0.2,1615.4,1292.32
TXN-CN-3-000456,2026-08-27 18:10:53,2026-08-27 18:13:53,CN,Other ERP,C,VIT-001,Vitalis C1000,SUP,Vitalis,Pharmacy/B2B,7,161.54,CNY,0.05,1130.78,1074.24
TXN-CN-3-000457,2026-08-27 20:41:00,2026-08-27 20:42:00,CN,Other ERP,C,SAN-001,SanaPlus PainRelief,OTC,SanaPlus,Wholesale,4,73.08,CNY,0.2,292.32,233.86
TXN-CN-3-000458,2026-08-27 22:58:34,2026-08-27 23:02:34,CN,Other ERP,C,SAN-001,SanaPlus PainRelief,OTC,SanaPlus,E-commerce,1,73.08,CNY,0.0,73.08,73.08
TXN-CN-3-000459,2026-08-27 09:56:12,2026-08-27 10:02:12,CN,Other ERP,C,PUR-002,PureLife BP Monitor,MD,PureLife,Wholesale,10,692.31,CNY,0.05,6923.1,6576.94
TXN-CN-3-000460,2026-08-27 23:44:45,2026-08-27 23:49:45,CN,Other ERP,C,DER-002,Dermacare LiftCream,AES,Dermacare,Wholesale,11,284.62,CNY,0.2,3130.82,2504.66
TXN-CN-3-000461,2026-08-27 03:25:19,2026-08-27 03:28:19,CN,Other ERP,C,DER-002,Dermacare LiftCream,AES,Dermacare,Wholesale,1,284.62,CNY,0.05,284.62,270.39
TXN-CN-3-000462,2026-08-27 17:46:38,2026-08-27 17:52:38,CN,Other ERP,C,MED-001,Medora Cardio 10mg,RX,Medora,Pharmacy/B2B,12,330.77,CNY,0.0,3969.24,3969.24
TXN-CN-3-000463,2026-08-27 06:20:23,2026-08-27 06:26:23,CN,Other ERP,C,PUR-001,PureLife GlucoMonitor,MD,PureLife,Pharmacy/B2B,1,653.85,CNY,0.0,653.85,653.85
TXN-CN-3-000464,2026-08-27 10:54:34,2026-08-27 10:56:34,CN,Other ERP,C,MED-002,Medora Derm Cream,RX,Medora,Pharmacy/B2B,1,200.0,CNY,0.0,200.0,200.0
TXN-CN-3-000465,2026-08-27 22:18:30,2026-08-27 22:23:30,CN,Other ERP,C,VIT-001,Vitalis C1000,SUP,Vitalis,D2C,12,161.54,CNY,0.0,1938.48,1938.48
TXN-CN-3-000466,2026-08-27 07:46:48,2026-08-27 07:49:48,CN,Other ERP,C,VIT-002,Vitalis Multivit,SUP,Vitalis,Wholesale,6,130.77,CNY,0.2,784.62,627.7
TXN-CN-3-000467,2026-08-27 22:18:22,2026-08-27 22:24:22,CN,Other ERP,C,SAN-001,SanaPlus PainRelief,OTC,SanaPlus,Wholesale,1,73.08,CNY,0.0,73.08,73.08
TXN-CN-3-000468,2026-08-27 20:28:10,2026-08-27 20:29:10,CN,Other ERP,C,DER-001,Dermacare GlowSerum,AES,Dermacare,E-commerce,11,246.15,CNY,0.0,2707.65,2707.65
TXN-CN-3-000469,2026-08-27 13:58:04,2026-08-27 14:01:04,CN,Other ERP,C,PUR-002,PureLife BP Monitor,MD,PureLife,D2C,7,692.31,CNY,0.05,4846.17,4603.86
TXN-CN-3-000470,2026-08-27 22:44:00,2026-08-27 22:49:00,CN,Other ERP,C,DER-002,Dermacare LiftCream,AES,Dermacare,Pharmacy/B2B,5,284.62,CNY,0.15,1423.1,1209.63
TXN-CN-3-000471,2026-08-27 15:51:25,2026-08-27 15:56:25,CN,Other ERP,C,SAN-002,SanaPlus ColdFlu,OTC,SanaPlus,Wholesale,5,80.77,CNY,0.2,403.85,323.08
TXN-CN-3-000472,2026-08-27 21:00:46,2026-08-27 21:03:46,CN,Other ERP,C,SAN-002,SanaPlus ColdFlu,OTC,SanaPlus,E-commerce,9,80.77,CNY,0.1,726.93,654.24
TXN-CN-3-000473,2026-08-27 23:16:56,2026-08-27 23:18:56,CN,Other ERP,C,SAN-002,SanaPlus ColdFlu,OTC,SanaPlus,Pharmacy/B2B,9,80.77,CNY,0.2,726.93,581.54
TXN-CN-3-000474,2026-08-27 08:02:18,2026-08-27 08:04:18,CN,Other ERP,C,DER-001,Dermacare GlowSerum,AES,Dermacare,Wholesale,9,246.15,CNY,0.0,2215.35,2215.35
TXN-CN-3-000475,2026-08-27 20:39:00,2026-08-27 20:41:00,CN,Other ERP,C,VIT-001,Vitalis C1000,SUP,Vitalis,Wholesale,4,161.54,CNY,0.0,646.16,646.16
TXN-CN-3-000476,2026-08-27 12:32:36,2026-08-27 12:37:36,CN,Other ERP,C,DER-002,Dermacare LiftCream,AES,Dermacare,Wholesale,8,284.62,CNY,0.0,2276.96,2276.96
TXN-CN-3-000477,2026-08-27 22:33:21,2026-08-27 22:38:21,CN,Other ERP,C,PUR-002,PureLife BP Monitor,MD,PureLife,Wholesale,3,692.31,CNY,0.0,2076.93,2076.93
TXN-CN-3-000478,2026-08-27 14:59:17,2026-08-27 15:04:17,CN,Other ERP,C,VIT-002,Vitalis Multivit,SUP,Vitalis,Wholesale,5,130.77,CNY,0.05,653.85,621.16
TXN-CN-3-000479,2026-08-27 19:38:33,2026-08-27 19:44:33,CN,Other ERP,C,DER-001,Dermacare GlowSerum,AES,Dermacare,E-commerce,10,246.15,CNY,0.2,2461.5,1969.2
TXN-CN-3-000480,2026-08-27 18:17:56,2026-08-27 18:20:56,CN,Other ERP,C,MED-001,Medora Cardio 10mg,RX,Medora,D2C,6,330.77,CNY,0.0,1984.62,1984.62
TXN-CN-3-000481,2026-08-27 17:42:27,2026-08-27 17:44:27,CN,Other ERP,C,PUR-001,PureLife GlucoMonitor,MD,PureLife,D2C,9,653.85,CNY,0.0,5884.65,5884.65
TXN-CN-3-000482,2026-08-27 20:41:24,2026-08-27 20:43:24,CN,Other ERP,C,MED-002,Medora Derm Cream,RX,Medora,E-commerce,5,200.0,CNY,0.2,1000.0,800.0
TXN-CN-3-000483,2026-08-27 00:01:27,2026-08-27 00:03:27,CN,Other ERP,C,DER-001,Dermacare GlowSerum,AES,Dermacare,Pharmacy/B2B,8,246.15,CNY,0.15,1969.2,1673.82
TXN-CN-3-000484,2026-08-27 07:15:50,2026-08-27 07:21:50,CN,Other ERP,C,DER-002,Dermacare LiftCream,AES,Dermacare,Wholesale,2,284.62,CNY,0.0,569.24,569.24
TXN-CN-3-000485,2026-08-27 01:44:26,2026-08-27 01:48:26,CN,Other ERP,C,MED-002,Medora Derm Cream,RX,Medora,E-commerce,11,200.0,CNY,0.1,2200.0,1980.0
TXN-CN-3-000486,2026-08-27 01:49:20,2026-08-27 01:53:20,CN,Other ERP,C,SAN-001,SanaPlus PainRelief,OTC,SanaPlus,Pharmacy/B2B,1,73.08,CNY,0.2,73.08,58.46
TXN-CN-3-000487,2026-08-27 06:39:18,2026-08-27 06:44:18,CN,Other ERP,C,PUR-001,PureLife GlucoMonitor,MD,PureLife,Pharmacy/B2B,8,653.85,CNY,0.0,5230.8,5230.8
TXN-CN-3-000488,2026-08-27 06:56:58,2026-08-27 07:01:58,CN,Other ERP,C,VIT-002,Vitalis Multivit,SUP,Vitalis,Pharmacy/B2B,5,130.77,CNY,0.0,653.85,653.85
TXN-CN-3-000489,2026-08-27 10:35:25,2026-08-27 10:39:25,CN,Other ERP,C,PUR-002,PureLife BP Monitor,MD,PureLife,D2C,12,692.31,CNY,0.0,8307.72,8307.72
TXN-CN-3-000490,2026-08-27 15:21:49,2026-08-27 15:22:49,CN,Other ERP,C,VIT-001,Vitalis C1000,SUP,Vitalis,E-commerce,7,161.54,CNY,0.0,1130.78,1130.78
TXN-CN-3-000491,2026-08-27 05:56:19,2026-08-27 06:01:19,CN,Other ERP,C,PUR-002,PureLife BP Monitor,MD,PureLife,E-commerce,10,692.31,CNY,0.0,6923.1,6923.1
TXN-CN-3-000492,2026-08-27 08:18:07,2026-08-27 08:24:07,CN,Other ERP,C,SAN-002,SanaPlus ColdFlu,OTC,SanaPlus,Wholesale,6,80.77,CNY,0.15,484.62,411.93
TXN-CN-3-000493,2026-08-27 16:19:22,2026-08-27 16:22:22,CN,Other ERP,C,SAN-001,SanaPlus PainRelief,OTC,SanaPlus,D2C,9,73.08,CNY,0.0,657.72,657.72
TXN-CN-3-000494,2026-08-27 12:49:21,2026-08-27 12:55:21,CN,Other ERP,C,DER-002,Dermacare LiftCream,AES,Dermacare,D2C,3,284.62,CNY,0.0,853.86,853.86
TXN-CN-3-000495,2026-08-27 18:02:52,2026-08-27 18:06:52,CN,Other ERP,C,VIT-001,Vitalis C1000,SUP,Vitalis,Pharmacy/B2B,5,161.54,CNY,0.0,807.7,807.7
TXN-CN-3-000496,2026-08-27 20:45:11,2026-08-27 20:47:11,CN,Other ERP,C,SAN-001,SanaPlus PainRelief,OTC,SanaPlus,D2C,4,73.08,CNY,0.0,292.32,292.32
TXN-CN-3-000497,2026-08-27 08:11:37,2026-08-27 08:16:37,CN,Other ERP,C,SAN-002,SanaPlus ColdFlu,OTC,SanaPlus,Pharmacy/B2B,10,80.77,CNY,0.0,807.7,807.7
TXN-CN-3-000498,2026-08-27 14:13:16,2026-08-27 14:18:16,CN,Other ERP,C,DER-002,Dermacare LiftCream,AES,Dermacare,Wholesale,12,284.62,CNY,0.0,3415.44,3415.44
TXN-CN-3-000499,2026-08-27 08:45:39,2026-08-27 08:50:39,CN,Other ERP,C,SAN-002,SanaPlus ColdFlu,OTC,SanaPlus,Pharmacy/B2B,4,80.77,CNY,0.15,323.08,274.62
TXN-CN-3-000500,2026-08-27 19:00:17,2026-08-27 19:03:17,CN,Other ERP,C,SAN-001,SanaPlus PainRelief,OTC,SanaPlus,E-commerce,4,73.08,CNY,0.05,292.32,277.7
TXN-CN-3-000501,2026-08-27 14:19:01,2026-08-27 14:22:01,CN,Other ERP,C,PUR-001,PureLife GlucoMonitor,MD,PureLife,Pharmacy/B2B,10,653.85,CNY,0.15,6538.5,5557.72
TXN-CN-3-000502,2026-08-27 08:57:42,2026-08-27 08:59:42,CN,Other ERP,C,MED-001,Medora Cardio 10mg,RX,Medora,Wholesale,7,330.77,CNY,0.05,2315.39,2199.62
TXN-CN-3-000503,2026-08-27 23:34:09,2026-08-27 23:36:09,CN,Other ERP,C,MED-002,Medora Derm Cream,RX,Medora,Wholesale,3,200.0,CNY,0.0,600.0,600.0
TXN-CN-3-000504,2026-08-27 15:38:41,2026-08-27 15:43:41,CN,Other ERP,C,SAN-002,SanaPlus ColdFlu,OTC,SanaPlus,Wholesale,9,80.77,CNY,0.1,726.93,654.24
TXN-CN-3-000505,2026-08-27 09:22:36,2026-08-27 09:24:36,CN,Other ERP,C,SAN-001,SanaPlus PainRelief,OTC,SanaPlus,Wholesale,6,73.08,CNY,0.1,438.48,394.63
TXN-CN-3-000506,2026-08-27 12:52:03,2026-08-27 12:53:03,CN,Other ERP,C,PUR-001,PureLife GlucoMonitor,MD,PureLife,Pharmacy/B2B,9,653.85,CNY,0.15,5884.65,5001.95
TXN-CN-3-000507,2026-08-27 15:37:12,2026-08-27 15:38:12,CN,Other ERP,C,MED-001,Medora Cardio 10mg,RX,Medora,D2C,11,330.77,CNY,0.05,3638.47,3456.55
TXN-CN-3-000508,2026-08-27 05:30:53,2026-08-27 05:34:53,CN,Other ERP,C,SAN-002,SanaPlus ColdFlu,OTC,SanaPlus,E-commerce,9,80.77,CNY,0.15,726.93,617.89
TXN-CN-3-000509,2026-08-27 09:20:10,2026-08-27 09:24:10,CN,Other ERP,C,MED-002,Medora Derm Cream,RX,Medora,D2C,10,200.0,CNY,0.05,2000.0,1900.0
TXN-CN-3-000510,2026-08-27 11:40:42,2026-08-27 11:43:42,CN,Other ERP,C,VIT-002,Vitalis Multivit,SUP,Vitalis,Pharmacy/B2B,12,130.77,CNY,0.0,1569.24,1569.24
TXN-CN-3-000511,2026-08-27 12:51:19,2026-08-27 12:52:19,CN,Other ERP,C,MED-001,Medora Cardio 10mg,RX,Medora,Wholesale,6,330.77,CNY,0.05,1984.62,1885.39
TXN-CN-3-000512,2026-08-27 23:35:36,2026-08-27 23:40:36,CN,Other ERP,C,PUR-001,PureLife GlucoMonitor,MD,PureLife,Wholesale,11,653.85,CNY,0.05,7192.35,6832.73
TXN-CN-3-000513,2026-08-27 08:55:46,2026-08-27 09:00:46,CN,Other ERP,C,VIT-001,Vitalis C1000,SUP,Vitalis,E-commerce,7,161.54,CNY,0.0,1130.78,1130.78
TXN-CN-3-000514,2026-08-27 12:58:17,2026-08-27 13:04:17,CN,Other ERP,C,PUR-002,PureLife BP Monitor,MD,PureLife,E-commerce,4,692.31,CNY,0.2,2769.24,2215.39
TXN-CN-3-000515,2026-08-27 03:50:55,2026-08-27 03:52:55,CN,Other ERP,C,PUR-002,PureLife BP Monitor,MD,PureLife,E-commerce,2,692.31,CNY,0.2,1384.62,1107.7
TXN-CN-3-000516,2026-08-27 12:56:51,2026-08-27 12:58:51,CN,Other ERP,C,VIT-002,Vitalis Multivit,SUP,Vitalis,Pharmacy/B2B,11,130.77,CNY,0.0,1438.47,1438.47
TXN-CN-3-000517,2026-08-27 12:15:41,2026-08-27 12:16:41,CN,Other ERP,C,DER-001,Dermacare GlowSerum,AES,Dermacare,Wholesale,11,246.15,CNY,0.0,2707.65,2707.65
TXN-CN-3-000518,2026-08-27 05:14:43,2026-08-27 05:16:43,CN,Other ERP,C,SAN-001,SanaPlus PainRelief,OTC,SanaPlus,E-commerce,2,73.08,CNY,0.1,146.16,131.54
TXN-CN-3-000519,2026-08-27 10:01:30,2026-08-27 10:05:30,CN,Other ERP,C,SAN-002,SanaPlus ColdFlu,OTC,SanaPlus,Wholesale,5,80.77,CNY,0.1,403.85,363.47
TXN-CN-3-000520,2026-08-27 22:23:35,2026-08-27 22:29:35,CN,Other ERP,C,PUR-001,PureLife GlucoMonitor,MD,PureLife,Pharmacy/B2B,7,653.85,CNY,0.2,4576.95,3661.56
TXN-CN-3-000521,2026-08-27 10:36:03,2026-08-27 10:42:03,CN,Other ERP,C,PUR-001,PureLife GlucoMonitor,MD,PureLife,D2C,7,653.85,CNY,0.0,4576.95,4576.95
TXN-CN-3-000522,2026-08-27 09:47:47,2026-08-27 09:53:47,CN,Other ERP,C,VIT-002,Vitalis Multivit,SUP,Vitalis,Pharmacy/B2B,5,130.77,CNY,0.0,653.85,653.85
TXN-CN-3-000523,2026-08-27 12:04:23,2026-08-27 12:08:23,CN,Other ERP,C,MED-001,Medora Cardio 10mg,RX,Medora,E-commerce,5,330.77,CNY,0.0,1653.85,1653.85
TXN-CN-3-000524,2026-08-27 02:32:34,2026-08-27 02:35:34,CN,Other ERP,C,DER-001,Dermacare GlowSerum,AES,Dermacare,E-commerce,6,246.15,CNY,0.2,1476.9,1181.52
TXN-CN-3-000525,2026-08-27 20:52:19,2026-08-27 20:55:19,CN,Other ERP,C,SAN-001,SanaPlus PainRelief,OTC,SanaPlus,Pharmacy/B2B,3,73.08,CNY,0.2,219.24,175.39
TXN-CN-3-000526,2026-08-27 18:14:44,2026-08-27 18:15:44,CN,Other ERP,C,PUR-002,PureLife BP Monitor,MD,PureLife,D2C,10,692.31,CNY,0.0,6923.1,6923.1
TXN-CN-3-000527,2026-08-27 00:17:12,2026-08-27 00:20:12,CN,Other ERP,C,SAN-002,SanaPlus ColdFlu,OTC,SanaPlus,E-commerce,5,80.77,CNY,0.0,403.85,403.85
TXN-CN-3-000528,2026-08-27 23:39:30,2026-08-27 23:40:30,CN,Other ERP,C,PUR-002,PureLife BP Monitor,MD,PureLife,D2C,7,692.31,CNY,0.05,4846.17,4603.86
TXN-CN-3-000529,2026-08-27 10:23:43,2026-08-27 10:28:43,CN,Other ERP,C,MED-001,Medora Cardio 10mg,RX,Medora,D2C,2,330.77,CNY,0.0,661.54,661.54
TXN-CN-3-000530,2026-08-27 11:01:48,2026-08-27 11:04:48,CN,Other ERP,C,DER-002,Dermacare LiftCream,AES,Dermacare,D2C,4,284.62,CNY,0.0,1138.48,1138.48
TXN-CN-3-000531,2026-08-27 21:34:11,2026-08-27 21:37:11,CN,Other ERP,C,MED-002,Medora Derm Cream,RX,Medora,D2C,11,200.0,CNY,0.05,2200.0,2090.0
TXN-CN-3-000532,2026-08-27 09:49:19,2026-08-27 09:53:19,CN,Other ERP,C,MED-001,Medora Cardio 10mg,RX,Medora,Wholesale,8,330.77,CNY,0.1,2646.16,2381.54
TXN-CN-3-000533,2026-08-27 00:56:24,2026-08-27 01:01:24,CN,Other ERP,C,VIT-002,Vitalis Multivit,SUP,Vitalis,Pharmacy/B2B,3,130.77,CNY,0.0,392.31,392.31
TXN-CN-3-000534,2026-08-27 15:48:48,2026-08-27 15:54:48,CN,Other ERP,C,SAN-002,SanaPlus ColdFlu,OTC,SanaPlus,E-commerce,12,80.77,CNY,0.0,969.24,969.24
TXN-CN-3-000535,2026-08-27 17:43:12,2026-08-27 17:49:12,CN,Other ERP,C,VIT-001,Vitalis C1000,SUP,Vitalis,E-commerce,10,161.54,CNY,0.2,1615.4,1292.32
TXN-CN-3-000536,2026-08-27 20:46:43,2026-08-27 20:49:43,CN,Other ERP,C,SAN-002,SanaPlus ColdFlu,OTC,SanaPlus,E-commerce,2,80.77,CNY,0.0,161.54,161.54
TXN-CN-3-000537,2026-08-27 16:14:18,2026-08-27 16:16:18,CN,Other ERP,C,VIT-002,Vitalis Multivit,SUP,Vitalis,Pharmacy/B2B,5,130.77,CNY,0.1,653.85,588.47
TXN-CN-3-000538,2026-08-27 20:02:33,2026-08-27 20:07:33,CN,Other ERP,C,DER-002,Dermacare LiftCream,AES,Dermacare,D2C,6,284.62,CNY,0.2,1707.72,1366.18
TXN-CN-3-000539,2026-08-27 13:19:52,2026-08-27 13:24:52,CN,Other ERP,C,DER-001,Dermacare GlowSerum,AES,Dermacare,D2C,2,246.15,CNY,0.0,492.3,492.3
TXN-CN-3-000540,2026-08-27 20:10:21,2026-08-27 20:15:21,CN,Other ERP,C,VIT-001,Vitalis C1000,SUP,Vitalis,Wholesale,6,161.54,CNY,0.05,969.24,920.78
TXN-CN-3-000541,2026-08-27 21:33:16,2026-08-27 21:39:16,CN,Other ERP,C,PUR-002,PureLife BP Monitor,MD,PureLife,Pharmacy/B2B,9,692.31,CNY,0.15,6230.79,5296.17
TXN-CN-3-000542,2026-08-27 11:24:48,2026-08-27 11:30:48,CN,Other ERP,C,DER-001,Dermacare GlowSerum,AES,Dermacare,E-commerce,1,246.15,CNY,0.0,246.15,246.15
TXN-CN-3-000543,2026-08-27 19:23:01,2026-08-27 19:29:01,CN,Other ERP,C,VIT-002,Vitalis Multivit,SUP,Vitalis,D2C,3,130.77,CNY,0.2,392.31,313.85
TXN-CN-3-000544,2026-08-27 18:29:19,2026-08-27 18:33:19,CN,Other ERP,C,DER-001,Dermacare GlowSerum,AES,Dermacare,Wholesale,6,246.15,CNY,0.05,1476.9,1403.06
TXN-CN-3-000545,2026-08-27 15:44:52,2026-08-27 15:48:52,CN,Other ERP,C,VIT-002,Vitalis Multivit,SUP,Vitalis,Pharmacy/B2B,6,130.77,CNY,0.15,784.62,666.93
TXN-CN-3-000546,2026-08-27 19:46:50,2026-08-27 19:52:50,CN,Other ERP,C,SAN-001,SanaPlus PainRelief,OTC,SanaPlus,Pharmacy/B2B,8,73.08,CNY,0.0,584.64,584.64
TXN-CN-3-000547,2026-08-27 09:59:08,2026-08-27 10:03:08,CN,Other ERP,C,PUR-002,PureLife BP Monitor,MD,PureLife,Wholesale,9,692.31,CNY,0.0,6230.79,6230.79
TXN-CN-3-000548,2026-08-27 02:56:37,2026-08-27 03:01:37,CN,Other ERP,C,PUR-002,PureLife BP Monitor,MD,PureLife,Pharmacy/B2B,8,692.31,CNY,0.05,5538.48,5261.56
TXN-CN-3-000549,2026-08-27 13:08:13,2026-08-27 13:09:13,CN,Other ERP,C,SAN-002,SanaPlus ColdFlu,OTC,SanaPlus,E-commerce,1,80.77,CNY,0.2,80.77,64.62
TXN-CN-3-000550,2026-08-27 07:43:51,2026-08-27 07:46:51,CN,Other ERP,C,MED-001,Medora Cardio 10mg,RX,Medora,E-commerce,7,330.77,CNY,0.1,2315.39,2083.85
TXN-CN-3-000551,2026-08-27 14:54:25,2026-08-27 14:55:25,CN,Other ERP,C,DER-001,Dermacare GlowSerum,AES,Dermacare,Wholesale,9,246.15,CNY,0.0,2215.35,2215.35
TXN-CN-3-000552,2026-08-27 11:17:35,2026-08-27 11:22:35,CN,Other ERP,C,DER-001,Dermacare GlowSerum,AES,Dermacare,D2C,2,246.15,CNY,0.0,492.3,492.3
TXN-CN-3-000553,2026-08-27 08:40:06,2026-08-27 08:43:06,CN,Other ERP,C,PUR-001,PureLife GlucoMonitor,MD,PureLife,E-commerce,11,653.85,CNY,0.05,7192.35,6832.73
TXN-CN-3-000554,2026-08-27 00:13:10,2026-08-27 00:14:10,CN,Other ERP,C,DER-001,Dermacare GlowSerum,AES,Dermacare,E-commerce,2,246.15,CNY,0.1,492.3,443.07
TXN-CN-3-000555,2026-08-27 05:40:26,2026-08-27 05:45:26,CN,Other ERP,C,MED-001,Medora Cardio 10mg,RX,Medora,E-commerce,5,330.77,CNY,0.0,1653.85,1653.85
TXN-CN-3-000556,2026-08-27 01:06:24,2026-08-27 01:10:24,CN,Other ERP,C,DER-001,Dermacare GlowSerum,AES,Dermacare,E-commerce,5,246.15,CNY,0.1,1230.75,1107.67
TXN-CN-3-000557,2026-08-27 14:42:02,2026-08-27 14:45:02,CN,Other ERP,C,SAN-001,SanaPlus PainRelief,OTC,SanaPlus,Pharmacy/B2B,6,73.08,CNY,0.1,438.48,394.63
TXN-CN-3-000558,2026-08-27 12:26:11,2026-08-27 12:27:11,CN,Other ERP,C,DER-002,Dermacare LiftCream,AES,Dermacare,Wholesale,5,284.62,CNY,0.0,1423.1,1423.1
TXN-CN-3-000559,2026-08-27 10:23:29,2026-08-27 10:24:29,CN,Other ERP,C,VIT-001,Vitalis C1000,SUP,Vitalis,Pharmacy/B2B,10,161.54,CNY,0.05,1615.4,1534.63
TXN-CN-3-000560,2026-08-27 02:15:59,2026-08-27 02:17:59,CN,Other ERP,C,MED-001,Medora Cardio 10mg,RX,Medora,Wholesale,4,330.77,CNY,0.0,1323.08,1323.08
TXN-CN-3-000561,2026-08-27 18:49:28,2026-08-27 18:51:28,CN,Other ERP,C,VIT-001,Vitalis C1000,SUP,Vitalis,E-commerce,5,161.54,CNY,0.2,807.7,646.16
TXN-CN-3-000562,2026-08-27 18:39:04,2026-08-27 18:43:04,CN,Other ERP,C,VIT-002,Vitalis Multivit,SUP,Vitalis,D2C,2,130.77,CNY,0.0,261.54,261.54
TXN-CN-3-000563,2026-08-27 05:55:34,2026-08-27 05:56:34,CN,Other ERP,C,VIT-002,Vitalis Multivit,SUP,Vitalis,Wholesale,8,130.77,CNY,0.15,1046.16,889.24
TXN-CN-3-000564,2026-08-27 11:21:50,2026-08-27 11:22:50,CN,Other ERP,C,DER-002,Dermacare LiftCream,AES,Dermacare,Pharmacy/B2B,5,284.62,CNY,0.0,1423.1,1423.1
TXN-CN-3-000565,2026-08-27 18:45:50,2026-08-27 18:48:50,CN,Other ERP,C,PUR-002,PureLife BP Monitor,MD,PureLife,Pharmacy/B2B,8,692.31,CNY,0.0,5538.48,5538.48
TXN-CN-3-000566,2026-08-27 08:53:35,2026-08-27 08:58:35,CN,Other ERP,C,SAN-001,SanaPlus PainRelief,OTC,SanaPlus,D2C,7,73.08,CNY,0.1,511.56,460.4
TXN-CN-3-000567,2026-08-27 10:14:22,2026-08-27 10:17:22,CN,Other ERP,C,PUR-001,PureLife GlucoMonitor,MD,PureLife,Wholesale,2,653.85,CNY,0.05,1307.7,1242.32
TXN-CN-3-000568,2026-08-27 05:49:11,2026-08-27 05:52:11,CN,Other ERP,C,PUR-001,PureLife GlucoMonitor,MD,PureLife,D2C,4,653.85,CNY,0.2,2615.4,2092.32
TXN-CN-3-000569,2026-08-27 20:03:55,2026-08-27 20:08:55,CN,Other ERP,C,PUR-002,PureLife BP Monitor,MD,PureLife,E-commerce,12,692.31,CNY,0.0,8307.72,8307.72
TXN-CN-3-000570,2026-08-27 01:30:22,2026-08-27 01:36:22,CN,Other ERP,C,SAN-001,SanaPlus PainRelief,OTC,SanaPlus,D2C,10,73.08,CNY,0.15,730.8,621.18
TXN-CN-3-000571,2026-08-27 19:52:44,2026-08-27 19:53:44,CN,Other ERP,C,PUR-001,PureLife GlucoMonitor,MD,PureLife,D2C,9,653.85,CNY,0.0,5884.65,5884.65
TXN-CN-3-000572,2026-08-27 05:09:50,2026-08-27 05:11:50,CN,Other ERP,C,PUR-001,PureLife GlucoMonitor,MD,PureLife,Wholesale,8,653.85,CNY,0.0,5230.8,5230.8
TXN-CN-3-000573,2026-08-27 21:36:24,2026-08-27 21:40:24,CN,Other ERP,C,PUR-002,PureLife BP Monitor,MD,PureLife,Wholesale,1,692.31,CNY,0.0,692.31,692.31
TXN-CN-3-000574,2026-08-27 19:10:15,2026-08-27 19:14:15,CN,Other ERP,C,MED-001,Medora Cardio 10mg,RX,Medora,Wholesale,9,330.77,CNY,0.0,2976.93,2976.93
TXN-CN-3-000575,2026-08-27 10:34:11,2026-08-27 10:39:11,CN,Other ERP,C,PUR-002,PureLife BP Monitor,MD,PureLife,Pharmacy/B2B,4,692.31,CNY,0.0,2769.24,2769.24
TXN-CN-3-000576,2026-08-27 05:55:42,2026-08-27 06:01:42,CN,Other ERP,C,DER-001,Dermacare GlowSerum,AES,Dermacare,E-commerce,2,246.15,CNY,0.0,492.3,492.3
TXN-CN-3-000577,2026-08-27 12:06:06,2026-08-27 12:12:06,CN,Other ERP,C,MED-002,Medora Derm Cream,RX,Medora,Wholesale,8,200.0,CNY,0.05,1600.0,1520.0
TXN-CN-3-000578,2026-08-27 21:44:11,2026-08-27 21:49:11,CN,Other ERP,C,VIT-002,Vitalis Multivit,SUP,Vitalis,Wholesale,8,130.77,CNY,0.15,1046.16,889.24
TXN-CN-3-000579,2026-08-27 04:22:37,2026-08-27 04:24:37,CN,Other ERP,C,PUR-002,PureLife BP Monitor,MD,PureLife,Pharmacy/B2B,9,692.31,CNY,0.1,6230.79,5607.71
TXN-CN-3-000580,2026-08-27 13:07:18,2026-08-27 13:13:18,CN,Other ERP,C,MED-001,Medora Cardio 10mg,RX,Medora,D2C,5,330.77,CNY,0.0,1653.85,1653.85
TXN-CN-3-000581,2026-08-27 10:03:15,2026-08-27 10:04:15,CN,Other ERP,C,MED-002,Medora Derm Cream,RX,Medora,E-commerce,9,200.0,CNY,0.0,1800.0,1800.0
TXN-CN-3-000582,2026-08-27 17:32:44,2026-08-27 17:34:44,CN,Other ERP,C,MED-002,Medora Derm Cream,RX,Medora,D2C,5,200.0,CNY,0.0,1000.0,1000.0
TXN-CN-3-000583,2026-08-27 03:11:04,2026-08-27 03:13:04,CN,Other ERP,C,SAN-002,SanaPlus ColdFlu,OTC,SanaPlus,Wholesale,1,80.77,CNY,0.05,80.77,76.73
TXN-CN-3-000584,2026-08-27 11:46:35,2026-08-27 11:50:35,CN,Other ERP,C,MED-001,Medora Cardio 10mg,RX,Medora,E-commerce,11,330.77,CNY,0.0,3638.47,3638.47
TXN-CN-3-000585,2026-08-27 09:42:27,2026-08-27 09:48:27,CN,Other ERP,C,SAN-002,SanaPlus ColdFlu,OTC,SanaPlus,E-commerce,1,80.77,CNY,0.1,80.77,72.69
TXN-CN-3-000586,2026-08-27 19:12:38,2026-08-27 19:13:38,CN,Other ERP,C,SAN-001,SanaPlus PainRelief,OTC,SanaPlus,Pharmacy/B2B,9,73.08,CNY,0.0,657.72,657.72
TXN-CN-3-000587,2026-08-27 10:45:58,2026-08-27 10:50:58,CN,Other ERP,C,MED-001,Medora Cardio 10mg,RX,Medora,D2C,11,330.77,CNY,0.0,3638.47,3638.47
TXN-CN-3-000588,2026-08-27 01:42:42,2026-08-27 01:48:42,CN,Other ERP,C,PUR-002,PureLife BP Monitor,MD,PureLife,D2C,2,692.31,CNY,0.05,1384.62,1315.39
TXN-CN-3-000589,2026-08-27 18:16:59,2026-08-27 18:19:59,CN,Other ERP,C,MED-001,Medora Cardio 10mg,RX,Medora,D2C,3,330.77,CNY,0.2,992.31,793.85
TXN-CN-3-000590,2026-08-27 20:49:34,2026-08-27 20:51:34,CN,Other ERP,C,SAN-002,SanaPlus ColdFlu,OTC,SanaPlus,D2C,2,80.77,CNY,0.0,161.54,161.54
TXN-CN-3-000591,2026-08-27 16:29:58,2026-08-27 16:31:58,CN,Other ERP,C,DER-002,Dermacare LiftCream,AES,Dermacare,E-commerce,1,284.62,CNY,0.1,284.62,256.16
TXN-CN-3-000592,2026-08-27 18:33:29,2026-08-27 18:35:29,CN,Other ERP,C,VIT-001,Vitalis C1000,SUP,Vitalis,D2C,8,161.54,CNY,0.0,1292.32,1292.32
TXN-CN-3-000593,2026-08-27 14:10:43,2026-08-27 14:13:43,CN,Other ERP,C,SAN-001,SanaPlus PainRelief,OTC,SanaPlus,D2C,9,73.08,CNY,0.0,657.72,657.72
TXN-CN-3-000594,2026-08-27 15:40:56,2026-08-27 15:42:56,CN,Other ERP,C,SAN-001,SanaPlus PainRelief,OTC,SanaPlus,D2C,12,73.08,CNY,0.05,876.96,833.11
TXN-CN-3-000595,2026-08-27 18:40:02,2026-08-27 18:41:02,CN,Other ERP,C,VIT-001,Vitalis C1000,SUP,Vitalis,E-commerce,5,161.54,CNY,0.0,807.7,807.7
TXN-CN-3-000596,2026-08-27 17:47:29,2026-08-27 17:48:29,CN,Other ERP,C,VIT-001,Vitalis C1000,SUP,Vitalis,Wholesale,11,161.54,CNY,0.05,1776.94,1688.09
TXN-CN-3-000597,2026-08-27 04:54:34,2026-08-27 05:00:34,CN,Other ERP,C,DER-001,Dermacare GlowSerum,AES,Dermacare,Pharmacy/B2B,2,246.15,CNY,0.1,492.3,443.07
TXN-CN-3-000598,2026-08-27 19:27:08,2026-08-27 19:28:08,CN,Other ERP,C,VIT-002,Vitalis Multivit,SUP,Vitalis,Pharmacy/B2B,5,130.77,CNY,0.0,653.85,653.85
TXN-CN-3-000599,2026-08-27 22:33:31,2026-08-27 22:34:31,CN,Other ERP,C,PUR-002,PureLife BP Monitor,MD,PureLife,Wholesale,1,692.31,CNY,0.05,692.31,657.69
TXN-CN-3-000600,2026-08-27 22:55:05,2026-08-27 23:00:05,CN,Other ERP,C,VIT-001,Vitalis C1000,SUP,Vitalis,D2C,12,161.54,CNY,0.2,1938.48,1550.78
TXN-CN-3-000601,2026-08-27 20:04:31,2026-08-27 20:10:31,CN,Other ERP,C,MED-002,Medora Derm Cream,RX,Medora,D2C,10,200.0,CNY,0.0,2000.0,2000.0
TXN-CN-3-000602,2026-08-27 10:16:40,2026-08-27 10:17:40,CN,Other ERP,C,MED-002,Medora Derm Cream,RX,Medora,Pharmacy/B2B,7,200.0,CNY,0.2,1400.0,1120.0
TXN-CN-3-000603,2026-08-27 09:32:00,2026-08-27 09:37:00,CN,Other ERP,C,DER-001,Dermacare GlowSerum,AES,Dermacare,D2C,11,246.15,CNY,0.2,2707.65,2166.12
TXN-CN-3-000604,2026-08-27 21:33:24,2026-08-27 21:36:24,CN,Other ERP,C,PUR-001,PureLife GlucoMonitor,MD,PureLife,Wholesale,11,653.85,CNY,0.0,7192.35,7192.35
TXN-CN-3-000605,2026-08-27 21:49:50,2026-08-27 21:53:50,CN,Other ERP,C,SAN-001,SanaPlus PainRelief,OTC,SanaPlus,Wholesale,6,73.08,CNY,0.0,438.48,438.48
TXN-CN-3-000606,2026-08-27 13:35:41,2026-08-27 13:40:41,CN,Other ERP,C,MED-001,Medora Cardio 10mg,RX,Medora,Pharmacy/B2B,1,330.77,CNY,0.15,330.77,281.15
TXN-CN-3-000607,2026-08-27 18:27:01,2026-08-27 18:28:01,CN,Other ERP,C,DER-002,Dermacare LiftCream,AES,Dermacare,E-commerce,6,284.62,CNY,0.0,1707.72,1707.72
TXN-CN-3-000608,2026-08-27 03:21:19,2026-08-27 03:24:19,CN,Other ERP,C,VIT-002,Vitalis Multivit,SUP,Vitalis,D2C,9,130.77,CNY,0.0,1176.93,1176.93
TXN-CN-3-000609,2026-08-27 05:05:13,2026-08-27 05:10:13,CN,Other ERP,C,PUR-001,PureLife GlucoMonitor,MD,PureLife,Pharmacy/B2B,5,653.85,CNY,0.1,3269.25,2942.33
TXN-CN-3-000610,2026-08-27 21:12:05,2026-08-27 21:16:05,CN,Other ERP,C,PUR-001,PureLife GlucoMonitor,MD,PureLife,E-commerce,10,653.85,CNY,0.0,6538.5,6538.5
TXN-CN-3-000611,2026-08-27 22:20:47,2026-08-27 22:21:47,CN,Other ERP,C,PUR-002,PureLife BP Monitor,MD,PureLife,Pharmacy/B2B,8,692.31,CNY,0.0,5538.48,5538.48
TXN-CN-3-000612,2026-08-27 16:25:00,2026-08-27 16:26:00,CN,Other ERP,C,VIT-001,Vitalis C1000,SUP,Vitalis,Pharmacy/B2B,3,161.54,CNY,0.15,484.62,411.93
TXN-CN-3-000613,2026-08-27 18:44:58,2026-08-27 18:45:58,CN,Other ERP,C,MED-002,Medora Derm Cream,RX,Medora,E-commerce,4,200.0,CNY,0.2,800.0,640.0
TXN-CN-3-000614,2026-08-27 04:51:25,2026-08-27 04:55:25,CN,Other ERP,C,PUR-001,PureLife GlucoMonitor,MD,PureLife,Pharmacy/B2B,10,653.85,CNY,0.0,6538.5,6538.5
TXN-CN-3-000615,2026-08-27 03:10:34,2026-08-27 03:15:34,CN,Other ERP,C,MED-002,Medora Derm Cream,RX,Medora,D2C,9,200.0,CNY,0.1,1800.0,1620.0
TXN-CN-3-000616,2026-08-27 06:51:44,2026-08-27 06:55:44,CN,Other ERP,C,DER-002,Dermacare LiftCream,AES,Dermacare,E-commerce,6,284.62,CNY,0.2,1707.72,1366.18
TXN-CN-3-000617,2026-08-27 15:27:38,2026-08-27 15:33:38,CN,Other ERP,C,DER-002,Dermacare LiftCream,AES,Dermacare,Pharmacy/B2B,10,284.62,CNY,0.0,2846.2,2846.2
TXN-CN-3-000618,2026-08-27 22:01:23,2026-08-27 22:07:23,CN,Other ERP,C,SAN-002,SanaPlus ColdFlu,OTC,SanaPlus,D2C,7,80.77,CNY,0.1,565.39,508.85
TXN-CN-3-000619,2026-08-27 06:39:59,2026-08-27 06:40:59,CN,Other ERP,C,MED-001,Medora Cardio 10mg,RX,Medora,Wholesale,10,330.77,CNY,0.0,3307.7,3307.7
TXN-CN-3-000620,2026-08-27 19:30:33,2026-08-27 19:35:33,CN,Other ERP,C,SAN-001,SanaPlus PainRelief,OTC,SanaPlus,Pharmacy/B2B,4,73.08,CNY,0.1,292.32,263.09
TXN-CN-3-000621,2026-08-27 18:00:47,2026-08-27 18:03:47,CN,Other ERP,C,VIT-002,Vitalis Multivit,SUP,Vitalis,D2C,10,130.77,CNY,0.05,1307.7,1242.32
TXN-CN-3-000622,2026-08-27 13:43:58,2026-08-27 13:45:58,CN,Other ERP,C,VIT-002,Vitalis Multivit,SUP,Vitalis,D2C,5,130.77,CNY,0.05,653.85,621.16
TXN-CN-3-000623,2026-08-27 16:13:38,2026-08-27 16:18:38,CN,Other ERP,C,SAN-002,SanaPlus ColdFlu,OTC,SanaPlus,E-commerce,9,80.77,CNY,0.0,726.93,726.93
TXN-CN-3-000624,2026-08-27 16:03:18,2026-08-27 16:07:18,CN,Other ERP,C,PUR-002,PureLife BP Monitor,MD,PureLife,E-commerce,12,692.31,CNY,0.1,8307.72,7476.95
TXN-CN-3-000625,2026-08-27 12:07:14,2026-08-27 12:11:14,CN,Other ERP,C,SAN-001,SanaPlus PainRelief,OTC,SanaPlus,Pharmacy/B2B,6,73.08,CNY,0.05,438.48,416.56
TXN-CN-3-000626,2026-08-27 21:12:21,2026-08-27 21:14:21,CN,Other ERP,C,DER-002,Dermacare LiftCream,AES,Dermacare,Wholesale,1,284.62,CNY,0.2,284.62,227.7
TXN-CN-3-000627,2026-08-27 05:22:11,2026-08-27 05:27:11,CN,Other ERP,C,PUR-001,PureLife GlucoMonitor,MD,PureLife,D2C,6,653.85,CNY,0.15,3923.1,3334.63
TXN-CN-3-000628,2026-08-27 05:07:34,2026-08-27 05:12:34,CN,Other ERP,C,PUR-001,PureLife GlucoMonitor,MD,PureLife,Pharmacy/B2B,1,653.85,CNY,0.0,653.85,653.85
TXN-CN-3-000629,2026-08-27 09:17:52,2026-08-27 09:21:52,CN,Other ERP,C,MED-002,Medora Derm Cream,RX,Medora,D2C,2,200.0,CNY,0.0,400.0,400.0
TXN-CN-3-000630,2026-08-27 04:39:18,2026-08-27 04:42:18,CN,Other ERP,C,PUR-001,PureLife GlucoMonitor,MD,PureLife,Pharmacy/B2B,5,653.85,CNY,0.2,3269.25,2615.4
TXN-CN-3-000631,2026-08-27 18:29:38,2026-08-27 18:32:38,CN,Other ERP,C,PUR-002,PureLife BP Monitor,MD,PureLife,D2C,12,692.31,CNY,0.0,8307.72,8307.72
TXN-CN-3-000632,2026-08-27 04:10:05,2026-08-27 04:11:05,CN,Other ERP,C,SAN-002,SanaPlus ColdFlu,OTC,SanaPlus,D2C,10,80.77,CNY,0.05,807.7,767.32
TXN-CN-3-000633,2026-08-27 17:43:42,2026-08-27 17:49:42,CN,Other ERP,C,VIT-001,Vitalis C1000,SUP,Vitalis,Wholesale,9,161.54,CNY,0.0,1453.86,1453.86
TXN-CN-3-000634,2026-08-27 02:49:50,2026-08-27 02:54:50,CN,Other ERP,C,SAN-002,SanaPlus ColdFlu,OTC,SanaPlus,Wholesale,8,80.77,CNY,0.2,646.16,516.93
TXN-CN-3-000635,2026-08-27 19:19:55,2026-08-27 19:24:55,CN,Other ERP,C,DER-001,Dermacare GlowSerum,AES,Dermacare,E-commerce,3,246.15,CNY,0.15,738.45,627.68
TXN-CN-3-000636,2026-08-27 03:54:05,2026-08-27 03:58:05,CN,Other ERP,C,VIT-001,Vitalis C1000,SUP,Vitalis,E-commerce,10,161.54,CNY,0.0,1615.4,1615.4
TXN-CN-3-000637,2026-08-27 15:18:38,2026-08-27 15:21:38,CN,Other ERP,C,DER-002,Dermacare LiftCream,AES,Dermacare,E-commerce,5,284.62,CNY,0.2,1423.1,1138.48
TXN-CN-3-000638,2026-08-27 09:19:54,2026-08-27 09:22:54,CN,Other ERP,C,VIT-002,Vitalis Multivit,SUP,Vitalis,Pharmacy/B2B,8,130.77,CNY,0.05,1046.16,993.85
TXN-CN-3-000639,2026-08-27 10:15:37,2026-08-27 10:18:37,CN,Other ERP,C,VIT-001,Vitalis C1000,SUP,Vitalis,Pharmacy/B2B,5,161.54,CNY,0.1,807.7,726.93
TXN-CN-3-000640,2026-08-27 12:06:35,2026-08-27 12:07:35,CN,Other ERP,C,SAN-001,SanaPlus PainRelief,OTC,SanaPlus,Wholesale,10,73.08,CNY,0.0,730.8,730.8
TXN-CN-3-000641,2026-08-27 16:57:48,2026-08-27 17:03:48,CN,Other ERP,C,DER-001,Dermacare GlowSerum,AES,Dermacare,D2C,5,246.15,CNY,0.15,1230.75,1046.14
TXN-CN-3-000642,2026-08-27 03:34:47,2026-08-27 03:37:47,CN,Other ERP,C,MED-001,Medora Cardio 10mg,RX,Medora,Wholesale,10,330.77,CNY,0.15,3307.7,2811.54
TXN-CN-3-000643,2026-08-27 11:59:37,2026-08-27 12:04:37,CN,Other ERP,C,SAN-002,SanaPlus ColdFlu,OTC,SanaPlus,E-commerce,3,80.77,CNY,0.05,242.31,230.19
TXN-CN-3-000644,2026-08-27 14:03:50,2026-08-27 14:05:50,CN,Other ERP,C,SAN-002,SanaPlus ColdFlu,OTC,SanaPlus,E-commerce,9,80.77,CNY,0.05,726.93,690.58
TXN-CN-3-000645,2026-08-27 03:22:39,2026-08-27 03:26:39,CN,Other ERP,C,PUR-002,PureLife BP Monitor,MD,PureLife,D2C,5,692.31,CNY,0.0,3461.55,3461.55
TXN-CN-3-000646,2026-08-27 06:01:46,2026-08-27 06:07:46,CN,Other ERP,C,SAN-001,SanaPlus PainRelief,OTC,SanaPlus,Wholesale,10,73.08,CNY,0.05,730.8,694.26
TXN-CN-3-000647,2026-08-27 08:36:44,2026-08-27 08:39:44,CN,Other ERP,C,DER-002,Dermacare LiftCream,AES,Dermacare,D2C,7,284.62,CNY,0.0,1992.34,1992.34
TXN-CN-3-000648,2026-08-27 03:41:52,2026-08-27 03:43:52,CN,Other ERP,C,PUR-001,PureLife GlucoMonitor,MD,PureLife,D2C,6,653.85,CNY,0.2,3923.1,3138.48
TXN-CN-3-000649,2026-08-27 03:13:02,2026-08-27 03:19:02,CN,Other ERP,C,VIT-002,Vitalis Multivit,SUP,Vitalis,Pharmacy/B2B,12,130.77,CNY,0.0,1569.24,1569.24
TXN-CN-3-000650,2026-08-27 21:58:27,2026-08-27 22:04:27,CN,Other ERP,C,PUR-002,PureLife BP Monitor,MD,PureLife,Pharmacy/B2B,4,692.31,CNY,0.0,2769.24,2769.24
TXN-CN-3-000651,2026-08-27 07:26:22,2026-08-27 07:32:22,CN,Other ERP,C,DER-002,Dermacare LiftCream,AES,Dermacare,E-commerce,1,284.62,CNY,0.1,284.62,256.16
TXN-CN-3-000652,2026-08-27 13:16:55,2026-08-27 13:20:55,CN,Other ERP,C,VIT-001,Vitalis C1000,SUP,Vitalis,D2C,1,161.54,CNY,0.2,161.54,129.23
TXN-CN-3-000653,2026-08-27 12:47:56,2026-08-27 12:51:56,CN,Other ERP,C,SAN-002,SanaPlus ColdFlu,OTC,SanaPlus,E-commerce,2,80.77,CNY,0.0,161.54,161.54
TXN-CN-3-000654,2026-08-27 20:41:31,2026-08-27 20:45:31,CN,Other ERP,C,SAN-001,SanaPlus PainRelief,OTC,SanaPlus,E-commerce,2,73.08,CNY,0.0,146.16,146.16
TXN-CN-3-000655,2026-08-27 15:23:08,2026-08-27 15:29:08,CN,Other ERP,C,DER-001,Dermacare GlowSerum,AES,Dermacare,D2C,7,246.15,CNY,0.05,1723.05,1636.9
TXN-CN-3-000656,2026-08-27 15:37:38,2026-08-27 15:39:38,CN,Other ERP,C,DER-002,Dermacare LiftCream,AES,Dermacare,Wholesale,1,284.62,CNY,0.05,284.62,270.39
TXN-CN-3-000657,2026-08-27 14:11:12,2026-08-27 14:12:12,CN,Other ERP,C,DER-001,Dermacare GlowSerum,AES,Dermacare,D2C,3,246.15,CNY,0.0,738.45,738.45
TXN-CN-3-000658,2026-08-27 04:50:47,2026-08-27 04:52:47,CN,Other ERP,C,VIT-001,Vitalis C1000,SUP,Vitalis,D2C,9,161.54,CNY,0.1,1453.86,1308.47
TXN-CN-3-000659,2026-08-27 13:25:26,2026-08-27 13:27:26,CN,Other ERP,C,VIT-002,Vitalis Multivit,SUP,Vitalis,D2C,2,130.77,CNY,0.05,261.54,248.46
TXN-CN-3-000660,2026-08-27 10:25:46,2026-08-27 10:30:46,CN,Other ERP,C,DER-002,Dermacare LiftCream,AES,Dermacare,D2C,8,284.62,CNY,0.15,2276.96,1935.42
TXN-CN-3-000661,2026-08-27 09:20:16,2026-08-27 09:21:16,CN,Other ERP,C,MED-002,Medora Derm Cream,RX,Medora,Pharmacy/B2B,8,200.0,CNY,0.05,1600.0,1520.0
TXN-CN-3-000662,2026-08-27 18:57:20,2026-08-27 18:58:20,CN,Other ERP,C,VIT-002,Vitalis Multivit,SUP,Vitalis,Pharmacy/B2B,12,130.77,CNY,0.15,1569.24,1333.85
TXN-CN-3-000663,2026-08-27 02:30:19,2026-08-27 02:31:19,CN,Other ERP,C,VIT-002,Vitalis Multivit,SUP,Vitalis,D2C,7,130.77,CNY,0.15,915.39,778.08
TXN-CN-3-000664,2026-08-27 03:05:51,2026-08-27 03:08:51,CN,Other ERP,C,PUR-002,PureLife BP Monitor,MD,PureLife,D2C,12,692.31,CNY,0.1,8307.72,7476.95
TXN-CN-3-000665,2026-08-27 06:05:04,2026-08-27 06:07:04,CN,Other ERP,C,DER-001,Dermacare GlowSerum,AES,Dermacare,Pharmacy/B2B,2,246.15,CNY,0.2,492.3,393.84
TXN-CN-3-000666,2026-08-27 23:43:14,2026-08-27 23:47:14,CN,Other ERP,C,DER-002,Dermacare LiftCream,AES,Dermacare,Wholesale,5,284.62,CNY,0.05,1423.1,1351.94
TXN-CN-3-000667,2026-08-27 17:00:46,2026-08-27 17:02:46,CN,Other ERP,C,MED-002,Medora Derm Cream,RX,Medora,E-commerce,11,200.0,CNY,0.0,2200.0,2200.0
TXN-CN-3-000668,2026-08-27 09:44:56,2026-08-27 09:50:56,CN,Other ERP,C,MED-002,Medora Derm Cream,RX,Medora,Pharmacy/B2B,8,200.0,CNY,0.2,1600.0,1280.0
TXN-CN-3-000669,2026-08-27 01:40:10,2026-08-27 01:42:10,CN,Other ERP,C,DER-002,Dermacare LiftCream,AES,Dermacare,E-commerce,10,284.62,CNY,0.15,2846.2,2419.27
TXN-CN-3-000670,2026-08-27 09:05:32,2026-08-27 09:08:32,CN,Other ERP,C,SAN-002,SanaPlus ColdFlu,OTC,SanaPlus,Wholesale,4,80.77,CNY,0.0,323.08,323.08
TXN-CN-3-000671,2026-08-27 18:26:44,2026-08-27 18:30:44,CN,Other ERP,C,PUR-001,PureLife GlucoMonitor,MD,PureLife,Wholesale,2,653.85,CNY,0.05,1307.7,1242.32
TXN-CN-3-000672,2026-08-27 23:48:06,2026-08-27 23:52:06,CN,Other ERP,C,SAN-002,SanaPlus ColdFlu,OTC,SanaPlus,Pharmacy/B2B,3,80.77,CNY,0.2,242.31,193.85
TXN-CN-3-000673,2026-08-27 09:45:26,2026-08-27 09:50:26,CN,Other ERP,C,VIT-002,Vitalis Multivit,SUP,Vitalis,Pharmacy/B2B,3,130.77,CNY,0.0,392.31,392.31
TXN-CN-3-000674,2026-08-27 14:33:21,2026-08-27 14:39:21,CN,Other ERP,C,MED-002,Medora Derm Cream,RX,Medora,D2C,6,200.0,CNY,0.1,1200.0,1080.0
TXN-CN-3-000675,2026-08-27 18:48:49,2026-08-27 18:53:49,CN,Other ERP,C,VIT-001,Vitalis C1000,SUP,Vitalis,E-commerce,8,161.54,CNY,0.15,1292.32,1098.47
TXN-CN-3-000676,2026-08-27 16:59:07,2026-08-27 17:02:07,CN,Other ERP,C,VIT-001,Vitalis C1000,SUP,Vitalis,E-commerce,4,161.54,CNY,0.2,646.16,516.93
TXN-CN-3-000677,2026-08-27 12:40:33,2026-08-27 12:44:33,CN,Other ERP,C,SAN-002,SanaPlus ColdFlu,OTC,SanaPlus,D2C,2,80.77,CNY,0.15,161.54,137.31
TXN-CN-3-000678,2026-08-27 11:30:20,2026-08-27 11:31:20,CN,Other ERP,C,PUR-002,PureLife BP Monitor,MD,PureLife,E-commerce,8,692.31,CNY,0.15,5538.48,4707.71
TXN-CN-3-000679,2026-08-27 12:00:48,2026-08-27 12:06:48,CN,Other ERP,C,SAN-001,SanaPlus PainRelief,OTC,SanaPlus,Pharmacy/B2B,1,73.08,CNY,0.05,73.08,69.43
TXN-CN-3-000680,2026-08-27 17:38:36,2026-08-27 17:41:36,CN,Other ERP,C,PUR-001,PureLife GlucoMonitor,MD,PureLife,D2C,9,653.85,CNY,0.2,5884.65,4707.72
TXN-CN-3-000681,2026-08-27 19:19:37,2026-08-27 19:21:37,CN,Other ERP,C,SAN-001,SanaPlus PainRelief,OTC,SanaPlus,Wholesale,3,73.08,CNY,0.0,219.24,219.24
TXN-CN-3-000682,2026-08-27 19:22:43,2026-08-27 19:23:43,CN,Other ERP,C,SAN-001,SanaPlus PainRelief,OTC,SanaPlus,Pharmacy/B2B,10,73.08,CNY,0.2,730.8,584.64
TXN-CN-3-000683,2026-08-27 02:36:38,2026-08-27 02:37:38,CN,Other ERP,C,MED-002,Medora Derm Cream,RX,Medora,Wholesale,9,200.0,CNY,0.1,1800.0,1620.0
TXN-CN-3-000684,2026-08-27 00:02:52,2026-08-27 00:04:52,CN,Other ERP,C,PUR-001,PureLife GlucoMonitor,MD,PureLife,Pharmacy/B2B,3,653.85,CNY,0.0,1961.55,1961.55
TXN-CN-3-000685,2026-08-27 21:17:55,2026-08-27 21:20:55,CN,Other ERP,C,SAN-001,SanaPlus PainRelief,OTC,SanaPlus,E-commerce,6,73.08,CNY,0.0,438.48,438.48
TXN-CN-3-000686,2026-08-27 09:55:03,2026-08-27 10:01:03,CN,Other ERP,C,VIT-002,Vitalis Multivit,SUP,Vitalis,D2C,5,130.77,CNY,0.0,653.85,653.85
TXN-CN-3-000687,2026-08-27 15:27:14,2026-08-27 15:33:14,CN,Other ERP,C,VIT-001,Vitalis C1000,SUP,Vitalis,Pharmacy/B2B,5,161.54,CNY,0.05,807.7,767.32
TXN-CN-3-000688,2026-08-27 03:18:11,2026-08-27 03:24:11,CN,Other ERP,C,SAN-001,SanaPlus PainRelief,OTC,SanaPlus,Pharmacy/B2B,9,73.08,CNY,0.0,657.72,657.72
TXN-CN-3-000689,2026-08-27 09:20:02,2026-08-27 09:25:02,CN,Other ERP,C,SAN-001,SanaPlus PainRelief,OTC,SanaPlus,Wholesale,10,73.08,CNY,0.0,730.8,730.8
TXN-CN-3-000690,2026-08-27 07:19:05,2026-08-27 07:22:05,CN,Other ERP,C,VIT-002,Vitalis Multivit,SUP,Vitalis,E-commerce,1,130.77,CNY,0.05,130.77,124.23
TXN-CN-3-000691,2026-08-27 14:19:27,2026-08-27 14:23:27,CN,Other ERP,C,DER-001,Dermacare GlowSerum,AES,Dermacare,Pharmacy/B2B,5,246.15,CNY,0.0,1230.75,1230.75
TXN-CN-3-000692,2026-08-27 05:29:53,2026-08-27 05:31:53,CN,Other ERP,C,DER-001,Dermacare GlowSerum,AES,Dermacare,E-commerce,4,246.15,CNY,0.1,984.6,886.14
TXN-CN-3-000693,2026-08-27 05:52:49,2026-08-27 05:54:49,CN,Other ERP,C,MED-001,Medora Cardio 10mg,RX,Medora,D2C,1,330.77,CNY,0.0,330.77,330.77
TXN-CN-3-000694,2026-08-27 12:50:15,2026-08-27 12:55:15,CN,Other ERP,C,MED-001,Medora Cardio 10mg,RX,Medora,E-commerce,9,330.77,CNY,0.2,2976.93,2381.54
TXN-CN-3-000695,2026-08-27 22:41:06,2026-08-27 22:44:06,CN,Other ERP,C,DER-001,Dermacare GlowSerum,AES,Dermacare,E-commerce,1,246.15,CNY,0.2,246.15,196.92
TXN-CN-3-000696,2026-08-27 12:11:09,2026-08-27 12:13:09,CN,Other ERP,C,DER-002,Dermacare LiftCream,AES,Dermacare,D2C,1,284.62,CNY,0.1,284.62,256.16
TXN-CN-3-000697,2026-08-27 19:08:00,2026-08-27 19:12:00,CN,Other ERP,C,DER-001,Dermacare GlowSerum,AES,Dermacare,Pharmacy/B2B,10,246.15,CNY,0.1,2461.5,2215.35
TXN-CN-3-000698,2026-08-27 14:07:43,2026-08-27 14:10:43,CN,Other ERP,C,PUR-001,PureLife GlucoMonitor,MD,PureLife,Wholesale,5,653.85,CNY,0.15,3269.25,2778.86
TXN-CN-3-000699,2026-08-27 15:43:36,2026-08-27 15:47:36,CN,Other ERP,C,SAN-002,SanaPlus ColdFlu,OTC,SanaPlus,E-commerce,6,80.77,CNY,0.0,484.62,484.62
TXN-CN-3-000700,2026-08-27 09:02:33,2026-08-27 09:07:33,CN,Other ERP,C,SAN-002,SanaPlus ColdFlu,OTC,SanaPlus,Wholesale,12,80.77,CNY,0.0,969.24,969.24
TXN-CN-3-000701,2026-08-27 05:55:59,2026-08-27 05:56:59,CN,Other ERP,C,VIT-001,Vitalis C1000,SUP,Vitalis,E-commerce,11,161.54,CNY,0.05,1776.94,1688.09
TXN-CN-3-000702,2026-08-27 00:12:16,2026-08-27 00:13:16,CN,Other ERP,C,MED-002,Medora Derm Cream,RX,Medora,E-commerce,11,200.0,CNY,0.15,2200.0,1870.0
TXN-CN-3-000703,2026-08-27 08:12:02,2026-08-27 08:15:02,CN,Other ERP,C,DER-002,Dermacare LiftCream,AES,Dermacare,E-commerce,8,284.62,CNY,0.15,2276.96,1935.42
TXN-CN-3-000704,2026-08-27 07:40:21,2026-08-27 07:45:21,CN,Other ERP,C,VIT-002,Vitalis Multivit,SUP,Vitalis,E-commerce,6,130.77,CNY,0.2,784.62,627.7
TXN-CN-3-000705,2026-08-27 01:25:08,2026-08-27 01:26:08,CN,Other ERP,C,PUR-002,PureLife BP Monitor,MD,PureLife,E-commerce,3,692.31,CNY,0.05,2076.93,1973.08
TXN-CN-3-000706,2026-08-27 03:26:57,2026-08-27 03:31:57,CN,Other ERP,C,DER-001,Dermacare GlowSerum,AES,Dermacare,Wholesale,11,246.15,CNY,0.15,2707.65,2301.5
TXN-CN-3-000707,2026-08-27 00:29:02,2026-08-27 00:31:02,CN,Other ERP,C,MED-002,Medora Derm Cream,RX,Medora,Pharmacy/B2B,6,200.0,CNY,0.2,1200.0,960.0
TXN-CN-3-000708,2026-08-27 07:20:47,2026-08-27 07:26:47,CN,Other ERP,C,DER-002,Dermacare LiftCream,AES,Dermacare,Pharmacy/B2B,9,284.62,CNY,0.0,2561.58,2561.58
TXN-CN-3-000709,2026-08-27 21:33:01,2026-08-27 21:38:01,CN,Other ERP,C,VIT-001,Vitalis C1000,SUP,Vitalis,Pharmacy/B2B,6,161.54,CNY,0.2,969.24,775.39
TXN-CN-3-000710,2026-08-27 09:01:12,2026-08-27 09:07:12,CN,Other ERP,C,VIT-002,Vitalis Multivit,SUP,Vitalis,Wholesale,11,130.77,CNY,0.05,1438.47,1366.55
TXN-CN-3-000711,2026-08-27 12:13:31,2026-08-27 12:15:31,CN,Other ERP,C,MED-002,Medora Derm Cream,RX,Medora,E-commerce,9,200.0,CNY,0.0,1800.0,1800.0
TXN-CN-3-000712,2026-08-27 16:16:09,2026-08-27 16:22:09,CN,Other ERP,C,PUR-002,PureLife BP Monitor,MD,PureLife,D2C,4,692.31,CNY,0.0,2769.24,2769.24
TXN-CN-3-000713,2026-08-27 03:00:19,2026-08-27 03:03:19,CN,Other ERP,C,VIT-001,Vitalis C1000,SUP,Vitalis,Pharmacy/B2B,7,161.54,CNY,0.05,1130.78,1074.24
TXN-CN-3-000714,2026-08-27 09:22:05,2026-08-27 09:28:05,CN,Other ERP,C,SAN-001,SanaPlus PainRelief,OTC,SanaPlus,D2C,6,73.08,CNY,0.15,438.48,372.71
TXN-CN-3-000715,2026-08-27 00:24:35,2026-08-27 00:30:35,CN,Other ERP,C,DER-002,Dermacare LiftCream,AES,Dermacare,D2C,3,284.62,CNY,0.2,853.86,683.09
TXN-CN-3-000716,2026-08-27 02:44:49,2026-08-27 02:48:49,CN,Other ERP,C,PUR-001,PureLife GlucoMonitor,MD,PureLife,Wholesale,9,653.85,CNY,0.15,5884.65,5001.95
TXN-CN-3-000717,2026-08-27 08:15:43,2026-08-27 08:16:43,CN,Other ERP,C,MED-001,Medora Cardio 10mg,RX,Medora,D2C,8,330.77,CNY,0.0,2646.16,2646.16
TXN-CN-3-000718,2026-08-27 06:14:19,2026-08-27 06:17:19,CN,Other ERP,C,DER-002,Dermacare LiftCream,AES,Dermacare,D2C,11,284.62,CNY,0.1,3130.82,2817.74
TXN-CN-3-000719,2026-08-27 06:58:05,2026-08-27 07:02:05,CN,Other ERP,C,SAN-001,SanaPlus PainRelief,OTC,SanaPlus,E-commerce,9,73.08,CNY,0.15,657.72,559.06
TXN-CN-3-000720,2026-08-27 22:02:03,2026-08-27 22:06:03,CN,Other ERP,C,DER-001,Dermacare GlowSerum,AES,Dermacare,Pharmacy/B2B,1,246.15,CNY,0.2,246.15,196.92
TXN-CN-3-000721,2026-08-27 15:45:59,2026-08-27 15:51:59,CN,Other ERP,C,VIT-002,Vitalis Multivit,SUP,Vitalis,Pharmacy/B2B,1,130.77,CNY,0.05,130.77,124.23
TXN-CN-3-000722,2026-08-27 05:58:40,2026-08-27 05:59:40,CN,Other ERP,C,PUR-001,PureLife GlucoMonitor,MD,PureLife,E-commerce,7,653.85,CNY,0.15,4576.95,3890.41
TXN-CN-3-000723,2026-08-27 12:31:42,2026-08-27 12:33:42,CN,Other ERP,C,SAN-002,SanaPlus ColdFlu,OTC,SanaPlus,E-commerce,9,80.77,CNY,0.0,726.93,726.93
TXN-CN-3-000724,2026-08-27 04:12:00,2026-08-27 04:17:00,CN,Other ERP,C,MED-002,Medora Derm Cream,RX,Medora,Pharmacy/B2B,9,200.0,CNY,0.1,1800.0,1620.0
TXN-CN-3-000725,2026-08-27 14:52:05,2026-08-27 14:55:05,CN,Other ERP,C,VIT-001,Vitalis C1000,SUP,Vitalis,D2C,11,161.54,CNY,0.2,1776.94,1421.55
TXN-CN-3-000726,2026-08-27 08:29:06,2026-08-27 08:31:06,CN,Other ERP,C,MED-002,Medora Derm Cream,RX,Medora,D2C,8,200.0,CNY,0.0,1600.0,1600.0
TXN-CN-3-000727,2026-08-27 21:03:49,2026-08-27 21:05:49,CN,Other ERP,C,SAN-002,SanaPlus ColdFlu,OTC,SanaPlus,D2C,10,80.77,CNY,0.0,807.7,807.7
TXN-CN-3-000728,2026-08-27 04:13:41,2026-08-27 04:14:41,CN,Other ERP,C,PUR-002,PureLife BP Monitor,MD,PureLife,Wholesale,12,692.31,CNY,0.0,8307.72,8307.72
TXN-CN-3-000729,2026-08-27 18:47:42,2026-08-27 18:51:42,CN,Other ERP,C,DER-002,Dermacare LiftCream,AES,Dermacare,Wholesale,11,284.62,CNY,0.1,3130.82,2817.74
TXN-CN-3-000730,2026-08-27 19:09:13,2026-08-27 19:13:13,CN,Other ERP,C,PUR-002,PureLife BP Monitor,MD,PureLife,Wholesale,1,692.31,CNY,0.1,692.31,623.08
TXN-CN-3-000731,2026-08-27 16:16:14,2026-08-27 16:17:14,CN,Other ERP,C,PUR-002,PureLife BP Monitor,MD,PureLife,E-commerce,6,692.31,CNY,0.0,4153.86,4153.86
TXN-CN-3-000732,2026-08-27 05:52:50,2026-08-27 05:56:50,CN,Other ERP,C,DER-001,Dermacare GlowSerum,AES,Dermacare,E-commerce,10,246.15,CNY,0.0,2461.5,2461.5
TXN-CN-3-000733,2026-08-27 03:02:06,2026-08-27 03:06:06,CN,Other ERP,C,DER-002,Dermacare LiftCream,AES,Dermacare,Pharmacy/B2B,8,284.62,CNY,0.05,2276.96,2163.11
TXN-CN-3-000734,2026-08-27 04:44:04,2026-08-27 04:46:04,CN,Other ERP,C,MED-001,Medora Cardio 10mg,RX,Medora,Wholesale,7,330.77,CNY,0.1,2315.39,2083.85
TXN-CN-3-000735,2026-08-27 10:41:48,2026-08-27 10:42:48,CN,Other ERP,C,DER-001,Dermacare GlowSerum,AES,Dermacare,E-commerce,1,246.15,CNY,0.0,246.15,246.15
TXN-CN-3-000736,2026-08-27 04:05:15,2026-08-27 04:08:15,CN,Other ERP,C,PUR-002,PureLife BP Monitor,MD,PureLife,Pharmacy/B2B,6,692.31,CNY,0.2,4153.86,3323.09
TXN-CN-3-000737,2026-08-27 16:57:57,2026-08-27 16:59:57,CN,Other ERP,C,MED-002,Medora Derm Cream,RX,Medora,D2C,4,200.0,CNY,0.0,800.0,800.0
TXN-CN-3-000738,2026-08-27 12:56:42,2026-08-27 13:01:42,CN,Other ERP,C,DER-001,Dermacare GlowSerum,AES,Dermacare,Pharmacy/B2B,7,246.15,CNY,0.0,1723.05,1723.05
TXN-CN-3-000739,2026-08-27 13:12:42,2026-08-27 13:13:42,CN,Other ERP,C,SAN-002,SanaPlus ColdFlu,OTC,SanaPlus,Pharmacy/B2B,4,80.77,CNY,0.0,323.08,323.08
TXN-CN-3-000740,2026-08-27 03:22:12,2026-08-27 03:27:12,CN,Other ERP,C,VIT-002,Vitalis Multivit,SUP,Vitalis,Wholesale,1,130.77,CNY,0.0,130.77,130.77
TXN-CN-3-000741,2026-08-27 00:39:02,2026-08-27 00:40:02,CN,Other ERP,C,PUR-001,PureLife GlucoMonitor,MD,PureLife,Pharmacy/B2B,10,653.85,CNY,0.2,6538.5,5230.8
TXN-CN-3-000742,2026-08-27 20:15:20,2026-08-27 20:17:20,CN,Other ERP,C,VIT-001,Vitalis C1000,SUP,Vitalis,E-commerce,9,161.54,CNY,0.2,1453.86,1163.09
TXN-CN-3-000743,2026-08-27 08:50:23,2026-08-27 08:52:23,CN,Other ERP,C,PUR-001,PureLife GlucoMonitor,MD,PureLife,Pharmacy/B2B,1,653.85,CNY,0.05,653.85,621.16
TXN-CN-3-000744,2026-08-27 11:28:00,2026-08-27 11:31:00,CN,Other ERP,C,DER-001,Dermacare GlowSerum,AES,Dermacare,D2C,3,246.15,CNY,0.0,738.45,738.45
TXN-CN-3-000745,2026-08-27 11:35:48,2026-08-27 11:40:48,CN,Other ERP,C,MED-002,Medora Derm Cream,RX,Medora,Wholesale,3,200.0,CNY,0.2,600.0,480.0
TXN-CN-3-000746,2026-08-27 08:35:16,2026-08-27 08:40:16,CN,Other ERP,C,DER-001,Dermacare GlowSerum,AES,Dermacare,Pharmacy/B2B,3,246.15,CNY,0.0,738.45,738.45
TXN-CN-3-000747,2026-08-27 06:04:12,2026-08-27 06:10:12,CN,Other ERP,C,VIT-001,Vitalis C1000,SUP,Vitalis,E-commerce,7,161.54,CNY,0.0,1130.78,1130.78
TXN-CN-3-000748,2026-08-27 14:33:15,2026-08-27 14:37:15,CN,Other ERP,C,VIT-002,Vitalis Multivit,SUP,Vitalis,E-commerce,7,130.77,CNY,0.2,915.39,732.31
TXN-CN-3-000749,2026-08-27 14:57:48,2026-08-27 14:58:48,CN,Other ERP,C,SAN-002,SanaPlus ColdFlu,OTC,SanaPlus,E-commerce,9,80.77,CNY,0.2,726.93,581.54
TXN-CN-3-000750,2026-08-27 21:17:57,2026-08-27 21:20:57,CN,Other ERP,C,SAN-001,SanaPlus PainRelief,OTC,SanaPlus,D2C,3,73.08,CNY,0.0,219.24,219.24
TXN-CN-3-000751,2026-08-27 22:21:25,2026-08-27 22:27:25,CN,Other ERP,C,MED-001,Medora Cardio 10mg,RX,Medora,D2C,5,330.77,CNY,0.15,1653.85,1405.77
TXN-CN-3-000752,2026-08-27 02:27:33,2026-08-27 02:29:33,CN,Other ERP,C,VIT-001,Vitalis C1000,SUP,Vitalis,E-commerce,8,161.54,CNY,0.0,1292.32,1292.32
TXN-CN-3-000753,2026-08-27 12:59:03,2026-08-27 13:01:03,CN,Other ERP,C,SAN-002,SanaPlus ColdFlu,OTC,SanaPlus,Wholesale,10,80.77,CNY,0.0,807.7,807.7
TXN-CN-3-000754,2026-08-27 08:22:49,2026-08-27 08:27:49,CN,Other ERP,C,SAN-001,SanaPlus PainRelief,OTC,SanaPlus,D2C,11,73.08,CNY,0.0,803.88,803.88
TXN-CN-3-000755,2026-08-27 21:59:39,2026-08-27 22:01:39,CN,Other ERP,C,PUR-001,PureLife GlucoMonitor,MD,PureLife,Pharmacy/B2B,12,653.85,CNY,0.0,7846.2,7846.2
TXN-CN-3-000756,2026-08-27 22:45:57,2026-08-27 22:51:57,CN,Other ERP,C,MED-002,Medora Derm Cream,RX,Medora,D2C,5,200.0,CNY,0.05,1000.0,950.0
TXN-CN-3-000757,2026-08-27 08:45:02,2026-08-27 08:49:02,CN,Other ERP,C,SAN-002,SanaPlus ColdFlu,OTC,SanaPlus,E-commerce,2,80.77,CNY,0.1,161.54,145.39
TXN-CN-3-000758,2026-08-27 08:38:13,2026-08-27 08:40:13,CN,Other ERP,C,DER-001,Dermacare GlowSerum,AES,Dermacare,Wholesale,6,246.15,CNY,0.0,1476.9,1476.9
TXN-CN-3-000759,2026-08-27 00:02:55,2026-08-27 00:04:55,CN,Other ERP,C,SAN-002,SanaPlus ColdFlu,OTC,SanaPlus,D2C,7,80.77,CNY,0.0,565.39,565.39
TXN-CN-3-000760,2026-08-27 05:09:47,2026-08-27 05:14:47,CN,Other ERP,C,MED-001,Medora Cardio 10mg,RX,Medora,D2C,11,330.77,CNY,0.0,3638.47,3638.47
TXN-CN-3-000761,2026-08-27 08:32:01,2026-08-27 08:37:01,CN,Other ERP,C,MED-002,Medora Derm Cream,RX,Medora,E-commerce,3,200.0,CNY,0.0,600.0,600.0
TXN-CN-3-000762,2026-08-27 13:26:47,2026-08-27 13:32:47,CN,Other ERP,C,SAN-002,SanaPlus ColdFlu,OTC,SanaPlus,Wholesale,12,80.77,CNY,0.2,969.24,775.39
TXN-CN-3-000763,2026-08-27 01:08:02,2026-08-27 01:09:02,CN,Other ERP,C,MED-002,Medora Derm Cream,RX,Medora,Pharmacy/B2B,2,200.0,CNY,0.0,400.0,400.0
TXN-CN-3-000764,2026-08-27 12:25:05,2026-08-27 12:28:05,CN,Other ERP,C,DER-002,Dermacare LiftCream,AES,Dermacare,E-commerce,7,284.62,CNY,0.0,1992.34,1992.34
TXN-CN-3-000765,2026-08-27 08:05:55,2026-08-27 08:09:55,CN,Other ERP,C,SAN-001,SanaPlus PainRelief,OTC,SanaPlus,E-commerce,11,73.08,CNY,0.05,803.88,763.69
TXN-CN-3-000766,2026-08-27 04:52:05,2026-08-27 04:54:05,CN,Other ERP,C,VIT-001,Vitalis C1000,SUP,Vitalis,Wholesale,12,161.54,CNY,0.0,1938.48,1938.48
TXN-CN-3-000767,2026-08-27 20:18:31,2026-08-27 20:24:31,CN,Other ERP,C,PUR-001,PureLife GlucoMonitor,MD,PureLife,Pharmacy/B2B,9,653.85,CNY,0.2,5884.65,4707.72
TXN-CN-3-000768,2026-08-27 14:20:59,2026-08-27 14:22:59,CN,Other ERP,C,SAN-002,SanaPlus ColdFlu,OTC,SanaPlus,Pharmacy/B2B,3,80.77,CNY,0.2,242.31,193.85
TXN-CN-3-000769,2026-08-27 09:35:30,2026-08-27 09:39:30,CN,Other ERP,C,MED-001,Medora Cardio 10mg,RX,Medora,D2C,12,330.77,CNY,0.0,3969.24,3969.24
TXN-CN-3-000770,2026-08-27 03:32:47,2026-08-27 03:38:47,CN,Other ERP,C,VIT-001,Vitalis C1000,SUP,Vitalis,D2C,1,161.54,CNY,0.0,161.54,161.54
TXN-CN-3-000771,2026-08-27 23:13:28,2026-08-27 23:14:28,CN,Other ERP,C,SAN-001,SanaPlus PainRelief,OTC,SanaPlus,Pharmacy/B2B,10,73.08,CNY,0.1,730.8,657.72
TXN-CN-3-000772,2026-08-27 03:31:29,2026-08-27 03:37:29,CN,Other ERP,C,SAN-001,SanaPlus PainRelief,OTC,SanaPlus,E-commerce,2,73.08,CNY,0.0,146.16,146.16
TXN-CN-3-000773,2026-08-27 03:21:25,2026-08-27 03:25:25,CN,Other ERP,C,MED-002,Medora Derm Cream,RX,Medora,Pharmacy/B2B,12,200.0,CNY,0.0,2400.0,2400.0
TXN-CN-3-000774,2026-08-27 21:55:05,2026-08-27 21:56:05,CN,Other ERP,C,SAN-002,SanaPlus ColdFlu,OTC,SanaPlus,D2C,1,80.77,CNY,0.0,80.77,80.77
TXN-CN-3-000775,2026-08-27 05:33:18,2026-08-27 05:36:18,CN,Other ERP,C,PUR-001,PureLife GlucoMonitor,MD,PureLife,Pharmacy/B2B,7,653.85,CNY,0.0,4576.95,4576.95
TXN-CN-3-000776,2026-08-27 06:19:20,2026-08-27 06:20:20,CN,Other ERP,C,SAN-001,SanaPlus PainRelief,OTC,SanaPlus,Wholesale,4,73.08,CNY,0.0,292.32,292.32
TXN-CN-3-000777,2026-08-27 06:13:03,2026-08-27 06:14:03,CN,Other ERP,C,MED-001,Medora Cardio 10mg,RX,Medora,E-commerce,7,330.77,CNY,0.1,2315.39,2083.85
TXN-CN-3-000778,2026-08-27 07:55:49,2026-08-27 08:00:49,CN,Other ERP,C,DER-002,Dermacare LiftCream,AES,Dermacare,Pharmacy/B2B,1,284.62,CNY,0.05,284.62,270.39
TXN-CN-3-000779,2026-08-27 06:55:20,2026-08-27 06:58:20,CN,Other ERP,C,PUR-002,PureLife BP Monitor,MD,PureLife,D2C,4,692.31,CNY,0.1,2769.24,2492.32
TXN-CN-3-000780,2026-08-27 23:55:30,2026-08-27 23:56:30,CN,Other ERP,C,MED-001,Medora Cardio 10mg,RX,Medora,Pharmacy/B2B,4,330.77,CNY,0.2,1323.08,1058.46
TXN-CN-3-000781,2026-08-27 15:27:43,2026-08-27 15:28:43,CN,Other ERP,C,MED-002,Medora Derm Cream,RX,Medora,D2C,1,200.0,CNY,0.2,200.0,160.0
TXN-CN-3-000782,2026-08-27 14:39:32,2026-08-27 14:42:32,CN,Other ERP,C,DER-002,Dermacare LiftCream,AES,Dermacare,D2C,7,284.62,CNY,0.15,1992.34,1693.49
TXN-CN-3-000783,2026-08-27 14:24:13,2026-08-27 14:25:13,CN,Other ERP,C,VIT-002,Vitalis Multivit,SUP,Vitalis,Wholesale,2,130.77,CNY,0.0,261.54,261.54
TXN-CN-3-000784,2026-08-27 01:57:10,2026-08-27 02:01:10,CN,Other ERP,C,DER-001,Dermacare GlowSerum,AES,Dermacare,D2C,8,246.15,CNY,0.0,1969.2,1969.2
TXN-CN-3-000785,2026-08-27 10:35:47,2026-08-27 10:36:47,CN,Other ERP,C,VIT-002,Vitalis Multivit,SUP,Vitalis,Wholesale,2,130.77,CNY,0.2,261.54,209.23
TXN-CN-3-000786,2026-08-27 19:06:55,2026-08-27 19:09:55,CN,Other ERP,C,MED-001,Medora Cardio 10mg,RX,Medora,Wholesale,2,330.77,CNY,0.0,661.54,661.54
TXN-CN-3-000787,2026-08-27 19:24:23,2026-08-27 19:30:23,CN,Other ERP,C,SAN-002,SanaPlus ColdFlu,OTC,SanaPlus,D2C,7,80.77,CNY,0.2,565.39,452.31
TXN-CN-3-000788,2026-08-27 01:11:00,2026-08-27 01:12:00,CN,Other ERP,C,PUR-001,PureLife GlucoMonitor,MD,PureLife,Pharmacy/B2B,2,653.85,CNY,0.1,1307.7,1176.93
TXN-CN-3-000789,2026-08-27 10:31:44,2026-08-27 10:35:44,CN,Other ERP,C,SAN-002,SanaPlus ColdFlu,OTC,SanaPlus,Pharmacy/B2B,4,80.77,CNY,0.0,323.08,323.08
TXN-CN-3-000790,2026-08-27 00:51:22,2026-08-27 00:55:22,CN,Other ERP,C,DER-002,Dermacare LiftCream,AES,Dermacare,E-commerce,7,284.62,CNY,0.2,1992.34,1593.87
TXN-CN-3-000791,2026-08-27 03:18:23,2026-08-27 03:21:23,CN,Other ERP,C,DER-001,Dermacare GlowSerum,AES,Dermacare,D2C,10,246.15,CNY,0.0,2461.5,2461.5
TXN-CN-3-000792,2026-08-27 08:52:14,2026-08-27 08:53:14,CN,Other ERP,C,SAN-001,SanaPlus PainRelief,OTC,SanaPlus,Wholesale,7,73.08,CNY,0.1,511.56,460.4
TXN-CN-3-000793,2026-08-27 10:11:58,2026-08-27 10:15:58,CN,Other ERP,C,VIT-002,Vitalis Multivit,SUP,Vitalis,E-commerce,5,130.77,CNY,0.1,653.85,588.47
TXN-CN-3-000794,2026-08-27 15:20:50,2026-08-27 15:26:50,CN,Other ERP,C,VIT-002,Vitalis Multivit,SUP,Vitalis,Pharmacy/B2B,2,130.77,CNY,0.1,261.54,235.39
TXN-CN-3-000795,2026-08-27 20:06:29,2026-08-27 20:09:29,CN,Other ERP,C,SAN-001,SanaPlus PainRelief,OTC,SanaPlus,D2C,12,73.08,CNY,0.15,876.96,745.42
TXN-CN-3-000796,2026-08-27 00:04:02,2026-08-27 00:10:02,CN,Other ERP,C,VIT-001,Vitalis C1000,SUP,Vitalis,D2C,3,161.54,CNY,0.1,484.62,436.16
TXN-CN-3-000797,2026-08-27 09:45:45,2026-08-27 09:47:45,CN,Other ERP,C,MED-002,Medora Derm Cream,RX,Medora,E-commerce,10,200.0,CNY,0.0,2000.0,2000.0
TXN-CN-3-000798,2026-08-27 09:55:01,2026-08-27 09:57:01,CN,Other ERP,C,MED-002,Medora Derm Cream,RX,Medora,E-commerce,12,200.0,CNY,0.0,2400.0,2400.0
TXN-CN-3-000799,2026-08-27 08:43:37,2026-08-27 08:46:37,CN,Other ERP,C,VIT-001,Vitalis C1000,SUP,Vitalis,D2C,8,161.54,CNY,0.0,1292.32,1292.32
TXN-CN-3-000800,2026-08-27 23:13:41,2026-08-27 23:15:41,CN,Other ERP,C,PUR-002,PureLife BP Monitor,MD,PureLife,Pharmacy/B2B,1,692.31,CNY,0.2,692.31,553.85
TXN-CN-3-000801,2026-08-27 13:39:37,2026-08-27 13:43:37,CN,Other ERP,C,VIT-001,Vitalis C1000,SUP,Vitalis,E-commerce,6,161.54,CNY,0.0,969.24,969.24
TXN-CN-3-000802,2026-08-27 10:28:25,2026-08-27 10:31:25,CN,Other ERP,C,VIT-001,Vitalis C1000,SUP,Vitalis,E-commerce,4,161.54,CNY,0.15,646.16,549.24
TXN-CN-3-000803,2026-08-27 03:18:41,2026-08-27 03:24:41,CN,Other ERP,C,MED-002,Medora Derm Cream,RX,Medora,E-commerce,3,200.0,CNY,0.05,600.0,570.0
TXN-CN-3-000804,2026-08-27 17:35:34,2026-08-27 17:37:34,CN,Other ERP,C,SAN-001,SanaPlus PainRelief,OTC,SanaPlus,E-commerce,2,73.08,CNY,0.05,146.16,138.85
TXN-CN-3-000805,2026-08-27 15:49:27,2026-08-27 15:55:27,CN,Other ERP,C,PUR-002,PureLife BP Monitor,MD,PureLife,Wholesale,10,692.31,CNY,0.05,6923.1,6576.94
TXN-CN-3-000806,2026-08-27 01:51:43,2026-08-27 01:56:43,CN,Other ERP,C,PUR-002,PureLife BP Monitor,MD,PureLife,D2C,6,692.31,CNY,0.0,4153.86,4153.86
TXN-CN-3-000807,2026-08-27 05:05:13,2026-08-27 05:06:13,CN,Other ERP,C,SAN-002,SanaPlus ColdFlu,OTC,SanaPlus,Wholesale,10,80.77,CNY,0.1,807.7,726.93
TXN-CN-3-000808,2026-08-27 19:21:53,2026-08-27 19:24:53,CN,Other ERP,C,SAN-002,SanaPlus ColdFlu,OTC,SanaPlus,D2C,5,80.77,CNY,0.0,403.85,403.85
TXN-CN-3-000809,2026-08-27 17:19:52,2026-08-27 17:25:52,CN,Other ERP,C,VIT-002,Vitalis Multivit,SUP,Vitalis,Pharmacy/B2B,6,130.77,CNY,0.1,784.62,706.16
TXN-CN-3-000810,2026-08-27 04:00:53,2026-08-27 04:04:53,CN,Other ERP,C,VIT-002,Vitalis Multivit,SUP,Vitalis,Pharmacy/B2B,9,130.77,CNY,0.0,1176.93,1176.93
TXN-CN-3-000811,2026-08-27 23:12:40,2026-08-27 23:17:40,CN,Other ERP,C,VIT-002,Vitalis Multivit,SUP,Vitalis,E-commerce,9,130.77,CNY,0.0,1176.93,1176.93
TXN-CN-3-000812,2026-08-27 12:58:26,2026-08-27 13:03:26,CN,Other ERP,C,SAN-002,SanaPlus ColdFlu,OTC,SanaPlus,Wholesale,3,80.77,CNY,0.05,242.31,230.19
TXN-CN-3-000813,2026-08-27 16:16:31,2026-08-27 16:20:31,CN,Other ERP,C,PUR-001,PureLife GlucoMonitor,MD,PureLife,Wholesale,10,653.85,CNY,0.1,6538.5,5884.65
TXN-CN-3-000814,2026-08-27 16:55:07,2026-08-27 16:59:07,CN,Other ERP,C,MED-001,Medora Cardio 10mg,RX,Medora,D2C,10,330.77,CNY,0.0,3307.7,3307.7
TXN-CN-3-000815,2026-08-27 04:55:21,2026-08-27 05:01:21,CN,Other ERP,C,DER-002,Dermacare LiftCream,AES,Dermacare,Wholesale,3,284.62,CNY,0.1,853.86,768.47
TXN-CN-3-000816,2026-08-27 20:01:06,2026-08-27 20:03:06,CN,Other ERP,C,SAN-001,SanaPlus PainRelief,OTC,SanaPlus,Wholesale,4,73.08,CNY,0.0,292.32,292.32
TXN-CN-3-000817,2026-08-27 20:14:05,2026-08-27 20:20:05,CN,Other ERP,C,SAN-002,SanaPlus ColdFlu,OTC,SanaPlus,E-commerce,3,80.77,CNY,0.0,242.31,242.31
TXN-CN-3-000818,2026-08-27 02:08:34,2026-08-27 02:13:34,CN,Other ERP,C,PUR-001,PureLife GlucoMonitor,MD,PureLife,D2C,6,653.85,CNY,0.05,3923.1,3726.94
TXN-CN-3-000819,2026-08-27 11:44:34,2026-08-27 11:48:34,CN,Other ERP,C,DER-001,Dermacare GlowSerum,AES,Dermacare,Pharmacy/B2B,2,246.15,CNY,0.05,492.3,467.69
TXN-CN-3-000820,2026-08-27 19:23:38,2026-08-27 19:25:38,CN,Other ERP,C,PUR-002,PureLife BP Monitor,MD,PureLife,E-commerce,7,692.31,CNY,0.1,4846.17,4361.55
TXN-CN-3-000821,2026-08-27 19:47:34,2026-08-27 19:53:34,CN,Other ERP,C,PUR-002,PureLife BP Monitor,MD,PureLife,D2C,2,692.31,CNY,0.0,1384.62,1384.62
TXN-CN-3-000822,2026-08-27 12:35:08,2026-08-27 12:41:08,CN,Other ERP,C,MED-002,Medora Derm Cream,RX,Medora,Wholesale,6,200.0,CNY,0.2,1200.0,960.0
TXN-CN-3-000823,2026-08-27 15:58:09,2026-08-27 16:04:09,CN,Other ERP,C,PUR-001,PureLife GlucoMonitor,MD,PureLife,Pharmacy/B2B,7,653.85,CNY,0.15,4576.95,3890.41
TXN-CN-3-000824,2026-08-27 22:11:44,2026-08-27 22:12:44,CN,Other ERP,C,DER-002,Dermacare LiftCream,AES,Dermacare,E-commerce,4,284.62,CNY,0.0,1138.48,1138.48
TXN-CN-3-000825,2026-08-27 09:06:08,2026-08-27 09:12:08,CN,Other ERP,C,MED-001,Medora Cardio 10mg,RX,Medora,D2C,2,330.77,CNY,0.0,661.54,661.54
TXN-CN-3-000826,2026-08-27 08:58:20,2026-08-27 09:01:20,CN,Other ERP,C,SAN-001,SanaPlus PainRelief,OTC,SanaPlus,Pharmacy/B2B,4,73.08,CNY,0.05,292.32,277.7
TXN-CN-3-000827,2026-08-27 01:35:06,2026-08-27 01:37:06,CN,Other ERP,C,DER-001,Dermacare GlowSerum,AES,Dermacare,E-commerce,1,246.15,CNY,0.2,246.15,196.92
TXN-CN-3-000828,2026-08-27 00:37:20,2026-08-27 00:40:20,CN,Other ERP,C,PUR-001,PureLife GlucoMonitor,MD,PureLife,E-commerce,1,653.85,CNY,0.1,653.85,588.47
TXN-CN-3-000829,2026-08-27 08:48:49,2026-08-27 08:51:49,CN,Other ERP,C,DER-002,Dermacare LiftCream,AES,Dermacare,D2C,5,284.62,CNY,0.0,1423.1,1423.1
TXN-CN-3-000830,2026-08-27 19:13:54,2026-08-27 19:14:54,CN,Other ERP,C,SAN-001,SanaPlus PainRelief,OTC,SanaPlus,Wholesale,10,73.08,CNY,0.15,730.8,621.18
TXN-CN-3-000831,2026-08-27 12:28:55,2026-08-27 12:34:55,CN,Other ERP,C,MED-001,Medora Cardio 10mg,RX,Medora,Wholesale,12,330.77,CNY,0.0,3969.24,3969.24
TXN-CN-3-000832,2026-08-27 10:56:04,2026-08-27 10:57:04,CN,Other ERP,C,SAN-002,SanaPlus ColdFlu,OTC,SanaPlus,Pharmacy/B2B,12,80.77,CNY,0.0,969.24,969.24
TXN-CN-3-000833,2026-08-27 15:12:51,2026-08-27 15:15:51,CN,Other ERP,C,DER-002,Dermacare LiftCream,AES,Dermacare,E-commerce,2,284.62,CNY,0.0,569.24,569.24
TXN-CN-3-000834,2026-08-27 20:06:05,2026-08-27 20:10:05,CN,Other ERP,C,VIT-001,Vitalis C1000,SUP,Vitalis,D2C,4,161.54,CNY,0.2,646.16,516.93
TXN-CN-3-000835,2026-08-27 12:04:26,2026-08-27 12:09:26,CN,Other ERP,C,DER-002,Dermacare LiftCream,AES,Dermacare,Pharmacy/B2B,4,284.62,CNY,0.0,1138.48,1138.48
TXN-CN-3-000836,2026-08-27 13:54:35,2026-08-27 13:57:35,CN,Other ERP,C,MED-002,Medora Derm Cream,RX,Medora,Pharmacy/B2B,7,200.0,CNY,0.2,1400.0,1120.0
TXN-CN-3-000837,2026-08-27 21:46:35,2026-08-27 21:51:35,CN,Other ERP,C,PUR-001,PureLife GlucoMonitor,MD,PureLife,Wholesale,1,653.85,CNY,0.05,653.85,621.16
TXN-CN-3-000838,2026-08-27 18:00:18,2026-08-27 18:06:18,CN,Other ERP,C,PUR-001,PureLife GlucoMonitor,MD,PureLife,D2C,1,653.85,CNY,0.0,653.85,653.85
TXN-CN-3-000839,2026-08-27 03:59:02,2026-08-27 04:05:02,CN,Other ERP,C,MED-001,Medora Cardio 10mg,RX,Medora,D2C,12,330.77,CNY,0.1,3969.24,3572.32
TXN-CN-3-000840,2026-08-27 12:10:08,2026-08-27 12:16:08,CN,Other ERP,C,VIT-002,Vitalis Multivit,SUP,Vitalis,E-commerce,6,130.77,CNY,0.15,784.62,666.93
TXN-CN-3-000841,2026-08-27 00:27:03,2026-08-27 00:32:03,CN,Other ERP,C,SAN-002,SanaPlus ColdFlu,OTC,SanaPlus,Pharmacy/B2B,5,80.77,CNY,0.15,403.85,343.27
TXN-CN-3-000842,2026-08-27 05:05:53,2026-08-27 05:09:53,CN,Other ERP,C,DER-002,Dermacare LiftCream,AES,Dermacare,E-commerce,7,284.62,CNY,0.1,1992.34,1793.11
TXN-CN-3-000843,2026-08-27 15:07:27,2026-08-27 15:11:27,CN,Other ERP,C,PUR-001,PureLife GlucoMonitor,MD,PureLife,E-commerce,12,653.85,CNY,0.0,7846.2,7846.2
TXN-CN-3-000844,2026-08-27 21:33:20,2026-08-27 21:36:20,CN,Other ERP,C,DER-002,Dermacare LiftCream,AES,Dermacare,D2C,7,284.62,CNY,0.1,1992.34,1793.11
TXN-CN-3-000845,2026-08-27 06:41:53,2026-08-27 06:44:53,CN,Other ERP,C,PUR-002,PureLife BP Monitor,MD,PureLife,Wholesale,7,692.31,CNY,0.1,4846.17,4361.55
TXN-CN-3-000846,2026-08-27 04:40:01,2026-08-27 04:43:01,CN,Other ERP,C,DER-001,Dermacare GlowSerum,AES,Dermacare,D2C,9,246.15,CNY,0.0,2215.35,2215.35
TXN-CN-3-000847,2026-08-27 02:08:26,2026-08-27 02:10:26,CN,Other ERP,C,SAN-002,SanaPlus ColdFlu,OTC,SanaPlus,E-commerce,7,80.77,CNY,0.0,565.39,565.39
TXN-CN-3-000848,2026-08-27 02:38:45,2026-08-27 02:40:45,CN,Other ERP,C,MED-001,Medora Cardio 10mg,RX,Medora,D2C,1,330.77,CNY,0.05,330.77,314.23
TXN-CN-3-000849,2026-08-27 20:02:14,2026-08-27 20:05:14,CN,Other ERP,C,SAN-001,SanaPlus PainRelief,OTC,SanaPlus,E-commerce,8,73.08,CNY,0.0,584.64,584.64
TXN-CN-3-000850,2026-08-27 01:42:42,2026-08-27 01:43:42,CN,Other ERP,C,VIT-002,Vitalis Multivit,SUP,Vitalis,Pharmacy/B2B,6,130.77,CNY,0.0,784.62,784.62
TXN-CN-3-000851,2026-08-27 22:18:15,2026-08-27 22:19:15,CN,Other ERP,C,VIT-001,Vitalis C1000,SUP,Vitalis,Pharmacy/B2B,5,161.54,CNY,0.0,807.7,807.7
TXN-CN-3-000852,2026-08-27 19:57:21,2026-08-27 19:58:21,CN,Other ERP,C,DER-001,Dermacare GlowSerum,AES,Dermacare,E-commerce,8,246.15,CNY,0.05,1969.2,1870.74
TXN-CN-3-000853,2026-08-27 08:02:48,2026-08-27 08:03:48,CN,Other ERP,C,SAN-002,SanaPlus ColdFlu,OTC,SanaPlus,Wholesale,10,80.77,CNY,0.0,807.7,807.7
TXN-CN-3-000854,2026-08-27 11:08:09,2026-08-27 11:11:09,CN,Other ERP,C,MED-002,Medora Derm Cream,RX,Medora,E-commerce,3,200.0,CNY,0.1,600.0,540.0
TXN-CN-3-000855,2026-08-27 07:42:52,2026-08-27 07:43:52,CN,Other ERP,C,MED-002,Medora Derm Cream,RX,Medora,E-commerce,8,200.0,CNY,0.0,1600.0,1600.0
TXN-CN-3-000856,2026-08-27 20:19:18,2026-08-27 20:25:18,CN,Other ERP,C,VIT-002,Vitalis Multivit,SUP,Vitalis,D2C,9,130.77,CNY,0.15,1176.93,1000.39
TXN-CN-3-000857,2026-08-27 08:36:20,2026-08-27 08:37:20,CN,Other ERP,C,PUR-001,PureLife GlucoMonitor,MD,PureLife,Wholesale,12,653.85,CNY,0.0,7846.2,7846.2
TXN-CN-3-000858,2026-08-27 17:22:54,2026-08-27 17:23:54,CN,Other ERP,C,MED-002,Medora Derm Cream,RX,Medora,E-commerce,7,200.0,CNY,0.05,1400.0,1330.0
TXN-CN-3-000859,2026-08-27 22:47:24,2026-08-27 22:51:24,CN,Other ERP,C,MED-001,Medora Cardio 10mg,RX,Medora,Wholesale,10,330.77,CNY,0.0,3307.7,3307.7
TXN-CN-3-000860,2026-08-27 02:16:45,2026-08-27 02:19:45,CN,Other ERP,C,VIT-001,Vitalis C1000,SUP,Vitalis,E-commerce,5,161.54,CNY,0.1,807.7,726.93
TXN-CN-3-000861,2026-08-27 19:28:28,2026-08-27 19:30:28,CN,Other ERP,C,MED-002,Medora Derm Cream,RX,Medora,D2C,5,200.0,CNY,0.15,1000.0,850.0
TXN-CN-3-000862,2026-08-27 15:33:07,2026-08-27 15:38:07,CN,Other ERP,C,VIT-001,Vitalis C1000,SUP,Vitalis,Pharmacy/B2B,5,161.54,CNY,0.2,807.7,646.16
TXN-CN-3-000863,2026-08-27 00:42:16,2026-08-27 00:43:16,CN,Other ERP,C,PUR-001,PureLife GlucoMonitor,MD,PureLife,Pharmacy/B2B,11,653.85,CNY,0.05,7192.35,6832.73
TXN-CN-3-000864,2026-08-27 22:18:30,2026-08-27 22:21:30,CN,Other ERP,C,PUR-002,PureLife BP Monitor,MD,PureLife,Pharmacy/B2B,11,692.31,CNY,0.2,7615.41,6092.33
TXN-CN-3-000865,2026-08-27 00:31:07,2026-08-27 00:37:07,CN,Other ERP,C,DER-001,Dermacare GlowSerum,AES,Dermacare,D2C,10,246.15,CNY,0.0,2461.5,2461.5
TXN-CN-3-000866,2026-08-27 08:09:41,2026-08-27 08:12:41,CN,Other ERP,C,DER-002,Dermacare LiftCream,AES,Dermacare,D2C,12,284.62,CNY,0.05,3415.44,3244.67
TXN-CN-3-000867,2026-08-27 14:02:41,2026-08-27 14:05:41,CN,Other ERP,C,MED-002,Medora Derm Cream,RX,Medora,E-commerce,10,200.0,CNY,0.05,2000.0,1900.0
TXN-CN-3-000868,2026-08-27 01:51:42,2026-08-27 01:52:42,CN,Other ERP,C,VIT-002,Vitalis Multivit,SUP,Vitalis,Pharmacy/B2B,4,130.77,CNY,0.0,523.08,523.08
TXN-CN-3-000869,2026-08-27 03:16:36,2026-08-27 03:17:36,CN,Other ERP,C,DER-002,Dermacare LiftCream,AES,Dermacare,Pharmacy/B2B,12,284.62,CNY,0.2,3415.44,2732.35
TXN-CN-3-000870,2026-08-27 08:11:46,2026-08-27 08:13:46,CN,Other ERP,C,SAN-001,SanaPlus PainRelief,OTC,SanaPlus,Wholesale,3,73.08,CNY,0.05,219.24,208.28
TXN-CN-3-000871,2026-08-27 04:14:02,2026-08-27 04:16:02,CN,Other ERP,C,VIT-001,Vitalis C1000,SUP,Vitalis,D2C,7,161.54,CNY,0.2,1130.78,904.62
TXN-CN-3-000872,2026-08-27 08:20:29,2026-08-27 08:25:29,CN,Other ERP,C,SAN-001,SanaPlus PainRelief,OTC,SanaPlus,D2C,2,73.08,CNY,0.1,146.16,131.54
TXN-CN-3-000873,2026-08-27 10:41:46,2026-08-27 10:46:46,CN,Other ERP,C,PUR-001,PureLife GlucoMonitor,MD,PureLife,Wholesale,10,653.85,CNY,0.2,6538.5,5230.8
TXN-CN-3-000874,2026-08-27 08:13:46,2026-08-27 08:16:46,CN,Other ERP,C,MED-001,Medora Cardio 10mg,RX,Medora,E-commerce,9,330.77,CNY,0.2,2976.93,2381.54
TXN-CN-3-000875,2026-08-27 13:21:45,2026-08-27 13:22:45,CN,Other ERP,C,MED-002,Medora Derm Cream,RX,Medora,D2C,7,200.0,CNY,0.1,1400.0,1260.0
TXN-CN-3-000876,2026-08-27 22:13:52,2026-08-27 22:17:52,CN,Other ERP,C,DER-002,Dermacare LiftCream,AES,Dermacare,E-commerce,6,284.62,CNY,0.0,1707.72,1707.72
TXN-CN-3-000877,2026-08-27 15:09:29,2026-08-27 15:15:29,CN,Other ERP,C,PUR-001,PureLife GlucoMonitor,MD,PureLife,Wholesale,11,653.85,CNY,0.05,7192.35,6832.73
TXN-CN-3-000878,2026-08-27 15:41:34,2026-08-27 15:47:34,CN,Other ERP,C,PUR-002,PureLife BP Monitor,MD,PureLife,Wholesale,2,692.31,CNY,0.05,1384.62,1315.39
TXN-CN-3-000879,2026-08-27 22:51:39,2026-08-27 22:52:39,CN,Other ERP,C,VIT-001,Vitalis C1000,SUP,Vitalis,Wholesale,8,161.54,CNY,0.2,1292.32,1033.86
TXN-CN-3-000880,2026-08-27 12:43:26,2026-08-27 12:49:26,CN,Other ERP,C,PUR-002,PureLife BP Monitor,MD,PureLife,Pharmacy/B2B,2,692.31,CNY,0.0,1384.62,1384.62
TXN-CN-3-000881,2026-08-27 16:25:58,2026-08-27 16:31:58,CN,Other ERP,C,VIT-001,Vitalis C1000,SUP,Vitalis,D2C,9,161.54,CNY,0.0,1453.86,1453.86
TXN-CN-3-000882,2026-08-27 11:29:23,2026-08-27 11:30:23,CN,Other ERP,C,DER-001,Dermacare GlowSerum,AES,Dermacare,Wholesale,1,246.15,CNY,0.0,246.15,246.15
TXN-CN-3-000883,2026-08-27 00:57:08,2026-08-27 00:59:08,CN,Other ERP,C,DER-002,Dermacare LiftCream,AES,Dermacare,Wholesale,6,284.62,CNY,0.05,1707.72,1622.33
TXN-CN-3-000884,2026-08-27 13:24:47,2026-08-27 13:29:47,CN,Other ERP,C,DER-001,Dermacare GlowSerum,AES,Dermacare,D2C,10,246.15,CNY,0.2,2461.5,1969.2
TXN-CN-3-000885,2026-08-27 09:58:25,2026-08-27 10:02:25,CN,Other ERP,C,DER-002,Dermacare LiftCream,AES,Dermacare,E-commerce,9,284.62,CNY,0.2,2561.58,2049.26
TXN-CN-3-000886,2026-08-27 23:29:43,2026-08-27 23:35:43,CN,Other ERP,C,SAN-002,SanaPlus ColdFlu,OTC,SanaPlus,E-commerce,12,80.77,CNY,0.0,969.24,969.24
TXN-CN-3-000887,2026-08-27 03:51:59,2026-08-27 03:56:59,CN,Other ERP,C,DER-002,Dermacare LiftCream,AES,Dermacare,Wholesale,7,284.62,CNY,0.2,1992.34,1593.87
TXN-CN-3-000888,2026-08-27 10:01:29,2026-08-27 10:04:29,CN,Other ERP,C,PUR-001,PureLife GlucoMonitor,MD,PureLife,Pharmacy/B2B,8,653.85,CNY,0.0,5230.8,5230.8
TXN-CN-3-000889,2026-08-27 21:51:07,2026-08-27 21:52:07,CN,Other ERP,C,DER-001,Dermacare GlowSerum,AES,Dermacare,D2C,6,246.15,CNY,0.05,1476.9,1403.06
TXN-CN-3-000890,2026-08-27 01:57:29,2026-08-27 01:58:29,CN,Other ERP,C,VIT-001,Vitalis C1000,SUP,Vitalis,D2C,7,161.54,CNY,0.0,1130.78,1130.78
TXN-CN-3-000891,2026-08-27 21:14:33,2026-08-27 21:17:33,CN,Other ERP,C,DER-001,Dermacare GlowSerum,AES,Dermacare,Wholesale,9,246.15,CNY,0.0,2215.35,2215.35
TXN-CN-3-000892,2026-08-27 13:06:05,2026-08-27 13:07:05,CN,Other ERP,C,MED-002,Medora Derm Cream,RX,Medora,D2C,8,200.0,CNY,0.0,1600.0,1600.0
TXN-CN-3-000893,2026-08-27 11:33:38,2026-08-27 11:39:38,CN,Other ERP,C,PUR-002,PureLife BP Monitor,MD,PureLife,D2C,9,692.31,CNY,0.05,6230.79,5919.25
TXN-CN-3-000894,2026-08-27 17:35:00,2026-08-27 17:41:00,CN,Other ERP,C,DER-001,Dermacare GlowSerum,AES,Dermacare,Pharmacy/B2B,3,246.15,CNY,0.05,738.45,701.53
TXN-CN-3-000895,2026-08-27 18:41:07,2026-08-27 18:44:07,CN,Other ERP,C,VIT-002,Vitalis Multivit,SUP,Vitalis,Pharmacy/B2B,5,130.77,CNY,0.15,653.85,555.77
TXN-CN-3-000896,2026-08-27 00:07:48,2026-08-27 00:13:48,CN,Other ERP,C,MED-001,Medora Cardio 10mg,RX,Medora,Pharmacy/B2B,3,330.77,CNY,0.0,992.31,992.31
TXN-CN-3-000897,2026-08-27 17:10:57,2026-08-27 17:14:57,CN,Other ERP,C,DER-002,Dermacare LiftCream,AES,Dermacare,E-commerce,7,284.62,CNY,0.0,1992.34,1992.34
TXN-CN-3-000898,2026-08-27 13:25:08,2026-08-27 13:26:08,CN,Other ERP,C,DER-002,Dermacare LiftCream,AES,Dermacare,Pharmacy/B2B,4,284.62,CNY,0.2,1138.48,910.78
TXN-CN-3-000899,2026-08-27 14:09:00,2026-08-27 14:12:00,CN,Other ERP,C,SAN-001,SanaPlus PainRelief,OTC,SanaPlus,D2C,10,73.08,CNY,0.15,730.8,621.18
TXN-CN-3-000900,2026-08-27 06:28:35,2026-08-27 06:30:35,CN,Other ERP,C,DER-001,Dermacare GlowSerum,AES,Dermacare,D2C,10,246.15,CNY,0.1,2461.5,2215.35
TXN-CN-3-000901,2026-08-27 17:45:57,2026-08-27 17:51:57,CN,Other ERP,C,PUR-002,PureLife BP Monitor,MD,PureLife,D2C,2,692.31,CNY,0.0,1384.62,1384.62
TXN-CN-3-000902,2026-08-27 10:49:51,2026-08-27 10:53:51,CN,Other ERP,C,MED-002,Medora Derm Cream,RX,Medora,E-commerce,12,200.0,CNY,0.0,2400.0,2400.0
TXN-CN-3-000903,2026-08-27 12:37:11,2026-08-27 12:42:11,CN,Other ERP,C,SAN-002,SanaPlus ColdFlu,OTC,SanaPlus,Wholesale,10,80.77,CNY,0.0,807.7,807.7
TXN-CN-3-000904,2026-08-27 08:58:12,2026-08-27 08:59:12,CN,Other ERP,C,PUR-001,PureLife GlucoMonitor,MD,PureLife,E-commerce,2,653.85,CNY,0.15,1307.7,1111.55
TXN-CN-3-000905,2026-08-27 09:46:34,2026-08-27 09:48:34,CN,Other ERP,C,SAN-002,SanaPlus ColdFlu,OTC,SanaPlus,Wholesale,1,80.77,CNY,0.0,80.77,80.77
TXN-CN-3-000906,2026-08-27 13:05:57,2026-08-27 13:06:57,CN,Other ERP,C,PUR-001,PureLife GlucoMonitor,MD,PureLife,E-commerce,8,653.85,CNY,0.2,5230.8,4184.64
TXN-CN-3-000907,2026-08-27 07:25:12,2026-08-27 07:27:12,CN,Other ERP,C,PUR-002,PureLife BP Monitor,MD,PureLife,Pharmacy/B2B,9,692.31,CNY,0.0,6230.79,6230.79
TXN-CN-3-000908,2026-08-27 23:40:58,2026-08-27 23:46:58,CN,Other ERP,C,PUR-001,PureLife GlucoMonitor,MD,PureLife,Wholesale,1,653.85,CNY,0.05,653.85,621.16
TXN-CN-3-000909,2026-08-27 02:28:49,2026-08-27 02:34:49,CN,Other ERP,C,SAN-002,SanaPlus ColdFlu,OTC,SanaPlus,Pharmacy/B2B,5,80.77,CNY,0.1,403.85,363.47
TXN-CN-3-000910,2026-08-27 13:08:50,2026-08-27 13:11:50,CN,Other ERP,C,PUR-001,PureLife GlucoMonitor,MD,PureLife,Wholesale,5,653.85,CNY,0.2,3269.25,2615.4
TXN-CN-3-000911,2026-08-27 07:35:12,2026-08-27 07:40:12,CN,Other ERP,C,MED-001,Medora Cardio 10mg,RX,Medora,Pharmacy/B2B,12,330.77,CNY,0.0,3969.24,3969.24
TXN-CN-3-000912,2026-08-27 02:08:49,2026-08-27 02:13:49,CN,Other ERP,C,PUR-002,PureLife BP Monitor,MD,PureLife,Pharmacy/B2B,5,692.31,CNY,0.0,3461.55,3461.55
TXN-CN-3-000913,2026-08-27 21:33:26,2026-08-27 21:37:26,CN,Other ERP,C,SAN-001,SanaPlus PainRelief,OTC,SanaPlus,Wholesale,7,73.08,CNY,0.0,511.56,511.56
TXN-CN-3-000914,2026-08-27 06:35:43,2026-08-27 06:38:43,CN,Other ERP,C,PUR-002,PureLife BP Monitor,MD,PureLife,D2C,2,692.31,CNY,0.1,1384.62,1246.16
TXN-CN-3-000915,2026-08-27 06:10:56,2026-08-27 06:14:56,CN,Other ERP,C,SAN-002,SanaPlus ColdFlu,OTC,SanaPlus,D2C,12,80.77,CNY,0.0,969.24,969.24
TXN-CN-3-000916,2026-08-27 01:32:20,2026-08-27 01:36:20,CN,Other ERP,C,MED-002,Medora Derm Cream,RX,Medora,D2C,11,200.0,CNY,0.0,2200.0,2200.0
TXN-CN-3-000917,2026-08-27 16:17:58,2026-08-27 16:20:58,CN,Other ERP,C,DER-002,Dermacare LiftCream,AES,Dermacare,Pharmacy/B2B,6,284.62,CNY,0.05,1707.72,1622.33
TXN-CN-3-000918,2026-08-27 10:00:21,2026-08-27 10:05:21,CN,Other ERP,C,PUR-002,PureLife BP Monitor,MD,PureLife,Wholesale,12,692.31,CNY,0.0,8307.72,8307.72
TXN-CN-3-000919,2026-08-27 16:44:34,2026-08-27 16:46:34,CN,Other ERP,C,VIT-002,Vitalis Multivit,SUP,Vitalis,Wholesale,7,130.77,CNY,0.0,915.39,915.39
TXN-CN-3-000920,2026-08-27 02:45:03,2026-08-27 02:49:03,CN,Other ERP,C,DER-001,Dermacare GlowSerum,AES,Dermacare,Pharmacy/B2B,5,246.15,CNY,0.05,1230.75,1169.21
TXN-CN-3-000921,2026-08-27 00:32:40,2026-08-27 00:34:40,CN,Other ERP,C,DER-002,Dermacare LiftCream,AES,Dermacare,D2C,11,284.62,CNY,0.2,3130.82,2504.66
TXN-CN-3-000922,2026-08-27 02:15:52,2026-08-27 02:18:52,CN,Other ERP,C,PUR-002,PureLife BP Monitor,MD,PureLife,Wholesale,2,692.31,CNY,0.0,1384.62,1384.62
TXN-CN-3-000923,2026-08-27 03:47:05,2026-08-27 03:51:05,CN,Other ERP,C,VIT-001,Vitalis C1000,SUP,Vitalis,D2C,8,161.54,CNY,0.15,1292.32,1098.47
TXN-CN-3-000924,2026-08-27 20:04:13,2026-08-27 20:09:13,CN,Other ERP,C,MED-002,Medora Derm Cream,RX,Medora,D2C,11,200.0,CNY,0.05,2200.0,2090.0
TXN-CN-3-000925,2026-08-27 12:45:35,2026-08-27 12:47:35,CN,Other ERP,C,SAN-001,SanaPlus PainRelief,OTC,SanaPlus,Wholesale,2,73.08,CNY,0.2,146.16,116.93
TXN-CN-3-000926,2026-08-27 22:44:09,2026-08-27 22:50:09,CN,Other ERP,C,VIT-001,Vitalis C1000,SUP,Vitalis,D2C,1,161.54,CNY,0.0,161.54,161.54
TXN-CN-3-000927,2026-08-27 03:19:33,2026-08-27 03:25:33,CN,Other ERP,C,VIT-001,Vitalis C1000,SUP,Vitalis,Pharmacy/B2B,3,161.54,CNY,0.1,484.62,436.16
TXN-CN-3-000928,2026-08-27 18:18:15,2026-08-27 18:23:15,CN,Other ERP,C,SAN-002,SanaPlus ColdFlu,OTC,SanaPlus,D2C,12,80.77,CNY,0.0,969.24,969.24
TXN-CN-3-000929,2026-08-27 19:07:19,2026-08-27 19:08:19,CN,Other ERP,C,DER-002,Dermacare LiftCream,AES,Dermacare,E-commerce,7,284.62,CNY,0.05,1992.34,1892.72
TXN-CN-3-000930,2026-08-27 08:15:22,2026-08-27 08:16:22,CN,Other ERP,C,VIT-001,Vitalis C1000,SUP,Vitalis,E-commerce,5,161.54,CNY,0.0,807.7,807.7
TXN-CN-3-000931,2026-08-27 09:13:14,2026-08-27 09:17:14,CN,Other ERP,C,VIT-001,Vitalis C1000,SUP,Vitalis,Pharmacy/B2B,2,161.54,CNY,0.05,323.08,306.93
TXN-CN-3-000932,2026-08-27 09:11:36,2026-08-27 09:14:36,CN,Other ERP,C,DER-001,Dermacare GlowSerum,AES,Dermacare,Pharmacy/B2B,3,246.15,CNY,0.15,738.45,627.68
TXN-CN-3-000933,2026-08-27 15:04:45,2026-08-27 15:08:45,CN,Other ERP,C,MED-002,Medora Derm Cream,RX,Medora,D2C,1,200.0,CNY,0.05,200.0,190.0
TXN-CN-3-000934,2026-08-27 05:26:44,2026-08-27 05:27:44,CN,Other ERP,C,PUR-002,PureLife BP Monitor,MD,PureLife,Wholesale,11,692.31,CNY,0.0,7615.41,7615.41
TXN-CN-3-000935,2026-08-27 02:18:06,2026-08-27 02:22:06,CN,Other ERP,C,PUR-001,PureLife GlucoMonitor,MD,PureLife,Wholesale,5,653.85,CNY,0.1,3269.25,2942.33
TXN-CN-3-000936,2026-08-27 21:53:20,2026-08-27 21:57:20,CN,Other ERP,C,MED-002,Medora Derm Cream,RX,Medora,D2C,4,200.0,CNY,0.1,800.0,720.0
TXN-CN-3-000937,2026-08-27 15:51:10,2026-08-27 15:55:10,CN,Other ERP,C,MED-001,Medora Cardio 10mg,RX,Medora,Pharmacy/B2B,10,330.77,CNY,0.2,3307.7,2646.16
TXN-CN-3-000938,2026-08-27 18:42:40,2026-08-27 18:46:40,CN,Other ERP,C,DER-002,Dermacare LiftCream,AES,Dermacare,Pharmacy/B2B,11,284.62,CNY,0.0,3130.82,3130.82
TXN-CN-3-000939,2026-08-27 01:04:06,2026-08-27 01:05:06,CN,Other ERP,C,VIT-002,Vitalis Multivit,SUP,Vitalis,E-commerce,1,130.77,CNY,0.0,130.77,130.77
TXN-CN-3-000940,2026-08-27 10:33:36,2026-08-27 10:38:36,CN,Other ERP,C,MED-001,Medora Cardio 10mg,RX,Medora,E-commerce,6,330.77,CNY,0.05,1984.62,1885.39
TXN-CN-3-000941,2026-08-27 12:14:28,2026-08-27 12:15:28,CN,Other ERP,C,MED-001,Medora Cardio 10mg,RX,Medora,Pharmacy/B2B,10,330.77,CNY,0.2,3307.7,2646.16
TXN-CN-3-000942,2026-08-27 23:50:06,2026-08-27 23:52:06,CN,Other ERP,C,PUR-002,PureLife BP Monitor,MD,PureLife,Pharmacy/B2B,2,692.31,CNY,0.15,1384.62,1176.93
TXN-CN-3-000943,2026-08-27 12:34:35,2026-08-27 12:37:35,CN,Other ERP,C,MED-001,Medora Cardio 10mg,RX,Medora,D2C,7,330.77,CNY,0.0,2315.39,2315.39
TXN-CN-3-000944,2026-08-27 14:53:48,2026-08-27 14:58:48,CN,Other ERP,C,SAN-002,SanaPlus ColdFlu,OTC,SanaPlus,D2C,2,80.77,CNY,0.1,161.54,145.39
TXN-CN-3-000945,2026-08-27 17:47:57,2026-08-27 17:50:57,CN,Other ERP,C,VIT-002,Vitalis Multivit,SUP,Vitalis,D2C,5,130.77,CNY,0.05,653.85,621.16
TXN-CN-3-000946,2026-08-27 15:13:43,2026-08-27 15:18:43,CN,Other ERP,C,MED-001,Medora Cardio 10mg,RX,Medora,D2C,2,330.77,CNY,0.0,661.54,661.54
TXN-CN-3-000947,2026-08-27 18:54:12,2026-08-27 18:58:12,CN,Other ERP,C,VIT-002,Vitalis Multivit,SUP,Vitalis,Pharmacy/B2B,10,130.77,CNY,0.0,1307.7,1307.7
TXN-CN-3-000948,2026-08-27 20:48:30,2026-08-27 20:49:30,CN,Other ERP,C,VIT-002,Vitalis Multivit,SUP,Vitalis,D2C,8,130.77,CNY,0.2,1046.16,836.93
TXN-CN-3-000949,2026-08-27 21:12:25,2026-08-27 21:13:25,CN,Other ERP,C,DER-001,Dermacare GlowSerum,AES,Dermacare,E-commerce,11,246.15,CNY,0.0,2707.65,2707.65
TXN-CN-3-000950,2026-08-27 09:43:39,2026-08-27 09:48:39,CN,Other ERP,C,MED-002,Medora Derm Cream,RX,Medora,E-commerce,10,200.0,CNY,0.15,2000.0,1700.0
TXN-CN-3-000951,2026-08-27 04:50:56,2026-08-27 04:55:56,CN,Other ERP,C,SAN-001,SanaPlus PainRelief,OTC,SanaPlus,E-commerce,12,73.08,CNY,0.1,876.96,789.26
TXN-CN-3-000952,2026-08-27 17:30:20,2026-08-27 17:32:20,CN,Other ERP,C,DER-002,Dermacare LiftCream,AES,Dermacare,Wholesale,6,284.62,CNY,0.0,1707.72,1707.72
TXN-CN-3-000953,2026-08-27 04:19:00,2026-08-27 04:25:00,CN,Other ERP,C,SAN-001,SanaPlus PainRelief,OTC,SanaPlus,Pharmacy/B2B,3,73.08,CNY,0.2,219.24,175.39
TXN-CN-3-000954,2026-08-27 01:31:57,2026-08-27 01:32:57,CN,Other ERP,C,DER-002,Dermacare LiftCream,AES,Dermacare,E-commerce,2,284.62,CNY,0.15,569.24,483.85
TXN-CN-3-000955,2026-08-27 00:52:15,2026-08-27 00:56:15,CN,Other ERP,C,SAN-002,SanaPlus ColdFlu,OTC,SanaPlus,E-commerce,7,80.77,CNY,0.05,565.39,537.12
TXN-CN-3-000956,2026-08-27 17:48:01,2026-08-27 17:52:01,CN,Other ERP,C,DER-002,Dermacare LiftCream,AES,Dermacare,Wholesale,4,284.62,CNY,0.1,1138.48,1024.63
TXN-CN-3-000957,2026-08-27 04:12:23,2026-08-27 04:16:23,CN,Other ERP,C,MED-002,Medora Derm Cream,RX,Medora,Pharmacy/B2B,5,200.0,CNY,0.15,1000.0,850.0
TXN-CN-3-000958,2026-08-27 08:58:33,2026-08-27 09:01:33,CN,Other ERP,C,MED-002,Medora Derm Cream,RX,Medora,Pharmacy/B2B,12,200.0,CNY,0.05,2400.0,2280.0
TXN-CN-3-000959,2026-08-27 04:46:44,2026-08-27 04:51:44,CN,Other ERP,C,DER-001,Dermacare GlowSerum,AES,Dermacare,D2C,8,246.15,CNY,0.15,1969.2,1673.82
TXN-CN-3-000960,2026-08-27 22:00:07,2026-08-27 22:02:07,CN,Other ERP,C,VIT-002,Vitalis Multivit,SUP,Vitalis,Pharmacy/B2B,8,130.77,CNY,0.15,1046.16,889.24
TXN-CN-3-000961,2026-08-27 14:00:19,2026-08-27 14:01:19,CN,Other ERP,C,MED-002,Medora Derm Cream,RX,Medora,D2C,8,200.0,CNY,0.15,1600.0,1360.0
TXN-CN-3-000962,2026-08-27 23:05:11,2026-08-27 23:10:11,CN,Other ERP,C,PUR-001,PureLife GlucoMonitor,MD,PureLife,E-commerce,5,653.85,CNY,0.2,3269.25,2615.4
TXN-CN-3-000963,2026-08-27 09:22:06,2026-08-27 09:27:06,CN,Other ERP,C,MED-002,Medora Derm Cream,RX,Medora,D2C,7,200.0,CNY,0.0,1400.0,1400.0
TXN-CN-3-000964,2026-08-27 04:48:58,2026-08-27 04:52:58,CN,Other ERP,C,SAN-001,SanaPlus PainRelief,OTC,SanaPlus,E-commerce,10,73.08,CNY,0.15,730.8,621.18
TXN-CN-3-000965,2026-08-27 15:31:56,2026-08-27 15:36:56,CN,Other ERP,C,SAN-001,SanaPlus PainRelief,OTC,SanaPlus,D2C,10,73.08,CNY,0.0,730.8,730.8
TXN-CN-3-000966,2026-08-27 12:39:47,2026-08-27 12:40:47,CN,Other ERP,C,MED-002,Medora Derm Cream,RX,Medora,Wholesale,2,200.0,CNY,0.0,400.0,400.0
TXN-CN-3-000967,2026-08-27 03:42:09,2026-08-27 03:45:09,CN,Other ERP,C,PUR-001,PureLife GlucoMonitor,MD,PureLife,Wholesale,12,653.85,CNY,0.0,7846.2,7846.2
TXN-CN-3-000968,2026-08-27 20:48:50,2026-08-27 20:51:50,CN,Other ERP,C,SAN-002,SanaPlus ColdFlu,OTC,SanaPlus,Pharmacy/B2B,5,80.77,CNY,0.05,403.85,383.66
TXN-CN-3-000969,2026-08-27 06:32:53,2026-08-27 06:34:53,CN,Other ERP,C,MED-001,Medora Cardio 10mg,RX,Medora,Pharmacy/B2B,12,330.77,CNY,0.2,3969.24,3175.39
TXN-CN-3-000970,2026-08-27 22:55:04,2026-08-27 22:57:04,CN,Other ERP,C,DER-002,Dermacare LiftCream,AES,Dermacare,Pharmacy/B2B,9,284.62,CNY,0.2,2561.58,2049.26
TXN-CN-3-000971,2026-08-27 21:39:38,2026-08-27 21:41:38,CN,Other ERP,C,VIT-001,Vitalis C1000,SUP,Vitalis,Wholesale,7,161.54,CNY,0.05,1130.78,1074.24
TXN-CN-3-000972,2026-08-27 13:27:34,2026-08-27 13:29:34,CN,Other ERP,C,DER-001,Dermacare GlowSerum,AES,Dermacare,D2C,4,246.15,CNY,0.0,984.6,984.6
TXN-CN-3-000973,2026-08-27 16:12:05,2026-08-27 16:15:05,CN,Other ERP,C,SAN-001,SanaPlus PainRelief,OTC,SanaPlus,Pharmacy/B2B,2,73.08,CNY,0.15,146.16,124.24
TXN-CN-3-000974,2026-08-27 09:57:41,2026-08-27 10:03:41,CN,Other ERP,C,VIT-002,Vitalis Multivit,SUP,Vitalis,Wholesale,7,130.77,CNY,0.15,915.39,778.08
TXN-CN-3-000975,2026-08-27 09:14:26,2026-08-27 09:17:26,CN,Other ERP,C,DER-001,Dermacare GlowSerum,AES,Dermacare,Pharmacy/B2B,3,246.15,CNY,0.0,738.45,738.45
TXN-CN-3-000976,2026-08-27 22:57:00,2026-08-27 23:01:00,CN,Other ERP,C,DER-001,Dermacare GlowSerum,AES,Dermacare,Wholesale,12,246.15,CNY,0.0,2953.8,2953.8
TXN-CN-3-000977,2026-08-27 22:50:24,2026-08-27 22:53:24,CN,Other ERP,C,MED-001,Medora Cardio 10mg,RX,Medora,E-commerce,10,330.77,CNY,0.1,3307.7,2976.93
TXN-CN-3-000978,2026-08-27 16:40:38,2026-08-27 16:41:38,CN,Other ERP,C,PUR-001,PureLife GlucoMonitor,MD,PureLife,E-commerce,4,653.85,CNY,0.0,2615.4,2615.4
TXN-CN-3-000979,2026-08-27 21:53:08,2026-08-27 21:56:08,CN,Other ERP,C,DER-002,Dermacare LiftCream,AES,Dermacare,E-commerce,4,284.62,CNY,0.2,1138.48,910.78
TXN-CN-3-000980,2026-08-27 12:06:18,2026-08-27 12:08:18,CN,Other ERP,C,SAN-001,SanaPlus PainRelief,OTC,SanaPlus,Pharmacy/B2B,8,73.08,CNY,0.15,584.64,496.94
TXN-CN-3-000981,2026-08-27 03:28:48,2026-08-27 03:33:48,CN,Other ERP,C,DER-001,Dermacare GlowSerum,AES,Dermacare,E-commerce,2,246.15,CNY,0.0,492.3,492.3
TXN-CN-3-000982,2026-08-27 05:13:01,2026-08-27 05:18:01,CN,Other ERP,C,MED-002,Medora Derm Cream,RX,Medora,D2C,2,200.0,CNY,0.05,400.0,380.0
TXN-CN-3-000983,2026-08-27 18:38:12,2026-08-27 18:42:12,CN,Other ERP,C,VIT-001,Vitalis C1000,SUP,Vitalis,Pharmacy/B2B,3,161.54,CNY,0.0,484.62,484.62
TXN-CN-3-000984,2026-08-27 08:19:28,2026-08-27 08:24:28,CN,Other ERP,C,MED-001,Medora Cardio 10mg,RX,Medora,Pharmacy/B2B,6,330.77,CNY,0.1,1984.62,1786.16
TXN-CN-3-000985,2026-08-27 17:01:25,2026-08-27 17:07:25,CN,Other ERP,C,VIT-002,Vitalis Multivit,SUP,Vitalis,E-commerce,5,130.77,CNY,0.1,653.85,588.47
TXN-CN-3-000986,2026-08-27 23:19:59,2026-08-27 23:21:59,CN,Other ERP,C,MED-002,Medora Derm Cream,RX,Medora,Pharmacy/B2B,6,200.0,CNY,0.1,1200.0,1080.0
TXN-CN-3-000987,2026-08-27 09:25:34,2026-08-27 09:27:34,CN,Other ERP,C,PUR-002,PureLife BP Monitor,MD,PureLife,Wholesale,9,692.31,CNY,0.1,6230.79,5607.71
TXN-CN-3-000988,2026-08-27 10:19:48,2026-08-27 10:22:48,CN,Other ERP,C,DER-002,Dermacare LiftCream,AES,Dermacare,E-commerce,10,284.62,CNY,0.1,2846.2,2561.58
TXN-CN-3-000989,2026-08-27 18:39:19,2026-08-27 18:43:19,CN,Other ERP,C,VIT-001,Vitalis C1000,SUP,Vitalis,Wholesale,1,161.54,CNY,0.05,161.54,153.46
TXN-CN-3-000990,2026-08-27 03:56:23,2026-08-27 04:01:23,CN,Other ERP,C,DER-002,Dermacare LiftCream,AES,Dermacare,Pharmacy/B2B,10,284.62,CNY,0.2,2846.2,2276.96
TXN-CN-3-000991,2026-08-27 16:06:49,2026-08-27 16:09:49,CN,Other ERP,C,VIT-001,Vitalis C1000,SUP,Vitalis,D2C,2,161.54,CNY,0.15,323.08,274.62
TXN-CN-3-000992,2026-08-27 07:09:39,2026-08-27 07:11:39,CN,Other ERP,C,PUR-002,PureLife BP Monitor,MD,PureLife,Pharmacy/B2B,10,692.31,CNY,0.15,6923.1,5884.64
TXN-CN-3-000993,2026-08-27 16:53:55,2026-08-27 16:54:55,CN,Other ERP,C,VIT-002,Vitalis Multivit,SUP,Vitalis,Wholesale,12,130.77,CNY,0.15,1569.24,1333.85
TXN-CN-3-000994,2026-08-27 07:42:43,2026-08-27 07:47:43,CN,Other ERP,C,PUR-001,PureLife GlucoMonitor,MD,PureLife,D2C,10,653.85,CNY,0.0,6538.5,6538.5
TXN-CN-3-000995,2026-08-27 18:47:56,2026-08-27 18:49:56,CN,Other ERP,C,SAN-001,SanaPlus PainRelief,OTC,SanaPlus,E-commerce,6,73.08,CNY,0.1,438.48,394.63
TXN-CN-3-000996,2026-08-27 10:48:02,2026-08-27 10:53:02,CN,Other ERP,C,DER-002,Dermacare LiftCream,AES,Dermacare,E-commerce,12,284.62,CNY,0.15,3415.44,2903.12
TXN-CN-3-000997,2026-08-27 17:37:52,2026-08-27 17:41:52,CN,Other ERP,C,PUR-002,PureLife BP Monitor,MD,PureLife,Pharmacy/B2B,4,692.31,CNY,0.0,2769.24,2769.24
TXN-CN-3-000998,2026-08-27 12:58:29,2026-08-27 12:59:29,CN,Other ERP,C,PUR-002,PureLife BP Monitor,MD,PureLife,D2C,9,692.31,CNY,0.0,6230.79,6230.79
TXN-CN-3-000999,2026-08-27 05:14:12,2026-08-27 05:18:12,CN,Other ERP,C,MED-002,Medora Derm Cream,RX,Medora,Wholesale,8,200.0,CNY,0.05,1600.0,1520.0
TXN-CN-3-001000,2026-08-27 09:38:56,2026-08-27 09:41:56,CN,Other ERP,C,DER-001,Dermacare GlowSerum,AES,Dermacare,Wholesale,10,246.15,CNY,0.2,2461.5,1969.2
TXN-CN-3-001001,2026-08-27 11:07:40,2026-08-27 11:11:40,CN,Other ERP,C,PUR-001,PureLife GlucoMonitor,MD,PureLife,D2C,8,653.85,CNY,0.05,5230.8,4969.26
TXN-CN-3-001002,2026-08-27 16:55:35,2026-08-27 17:01:35,CN,Other ERP,C,PUR-001,PureLife GlucoMonitor,MD,PureLife,Wholesale,12,653.85,CNY,0.15,7846.2,6669.27
TXN-CN-3-001003,2026-08-27 08:55:40,2026-08-27 08:58:40,CN,Other ERP,C,MED-001,Medora Cardio 10mg,RX,Medora,D2C,9,330.77,CNY,0.0,2976.93,2976.93
TXN-CN-3-001004,2026-08-27 22:17:26,2026-08-27 22:18:26,CN,Other ERP,C,PUR-002,PureLife BP Monitor,MD,PureLife,Wholesale,1,692.31,CNY,0.15,692.31,588.46
TXN-CN-3-001005,2026-08-27 10:59:02,2026-08-27 11:05:02,CN,Other ERP,C,DER-001,Dermacare GlowSerum,AES,Dermacare,E-commerce,3,246.15,CNY,0.0,738.45,738.45
TXN-CN-3-001006,2026-08-27 16:50:58,2026-08-27 16:52:58,CN,Other ERP,C,SAN-002,SanaPlus ColdFlu,OTC,SanaPlus,D2C,8,80.77,CNY,0.0,646.16,646.16
TXN-CN-3-001007,2026-08-27 11:10:44,2026-08-27 11:16:44,CN,Other ERP,C,SAN-002,SanaPlus ColdFlu,OTC,SanaPlus,D2C,4,80.77,CNY,0.15,323.08,274.62
TXN-CN-3-001008,2026-08-27 11:08:48,2026-08-27 11:14:48,CN,Other ERP,C,MED-001,Medora Cardio 10mg,RX,Medora,Pharmacy/B2B,1,330.77,CNY,0.1,330.77,297.69
TXN-CN-3-001009,2026-08-27 20:57:40,2026-08-27 21:02:40,CN,Other ERP,C,DER-001,Dermacare GlowSerum,AES,Dermacare,Wholesale,11,246.15,CNY,0.15,2707.65,2301.5
TXN-CN-3-001010,2026-08-27 09:25:58,2026-08-27 09:29:58,CN,Other ERP,C,PUR-002,PureLife BP Monitor,MD,PureLife,Pharmacy/B2B,8,692.31,CNY,0.15,5538.48,4707.71
TXN-CN-3-001011,2026-08-27 06:58:37,2026-08-27 07:02:37,CN,Other ERP,C,MED-001,Medora Cardio 10mg,RX,Medora,Wholesale,12,330.77,CNY,0.15,3969.24,3373.85
TXN-CN-3-001012,2026-08-27 09:53:35,2026-08-27 09:55:35,CN,Other ERP,C,SAN-001,SanaPlus PainRelief,OTC,SanaPlus,Wholesale,6,73.08,CNY,0.15,438.48,372.71
TXN-CN-3-001013,2026-08-27 01:26:15,2026-08-27 01:27:15,CN,Other ERP,C,VIT-001,Vitalis C1000,SUP,Vitalis,Pharmacy/B2B,10,161.54,CNY,0.05,1615.4,1534.63
TXN-CN-3-001014,2026-08-27 11:56:37,2026-08-27 11:59:37,CN,Other ERP,C,PUR-002,PureLife BP Monitor,MD,PureLife,Pharmacy/B2B,5,692.31,CNY,0.0,3461.55,3461.55
TXN-CN-3-001015,2026-08-27 02:21:34,2026-08-27 02:27:34,CN,Other ERP,C,DER-001,Dermacare GlowSerum,AES,Dermacare,D2C,2,246.15,CNY,0.2,492.3,393.84
TXN-CN-3-001016,2026-08-27 15:47:10,2026-08-27 15:49:10,CN,Other ERP,C,SAN-002,SanaPlus ColdFlu,OTC,SanaPlus,Wholesale,8,80.77,CNY,0.0,646.16,646.16
TXN-CN-3-001017,2026-08-27 00:14:52,2026-08-27 00:19:52,CN,Other ERP,C,PUR-002,PureLife BP Monitor,MD,PureLife,Wholesale,10,692.31,CNY,0.0,6923.1,6923.1
TXN-CN-3-001018,2026-08-27 23:35:16,2026-08-27 23:40:16,CN,Other ERP,C,PUR-001,PureLife GlucoMonitor,MD,PureLife,E-commerce,7,653.85,CNY,0.0,4576.95,4576.95
