transaction_id,order_datetime_utc,ingested_at_utc,country,source_system,source_scenario,product_code,product_name,product_category,brand,sales_channel,quantity,unit_price,currency,discount_pct,gross_amount,net_amount
TXN-DE-3-000001,2026-08-27 11:02:07,2026-08-27 11:05:07,DE,SaaS Platform,D,DER-001,Dermacare GlowSerum,Aesthetic,Dermacare,E-commerce,10,32.0,EUR,0.1,320.0,288.0
TXN-DE-3-000002,2026-08-27 04:48:32,2026-08-27 04:49:32,DE,SaaS Platform,D,DER-001,Dermacare GlowSerum,Aesthetic,Dermacare,Pharmacy/B2B,2,32.0,EUR,0.2,64.0,51.2
TXN-DE-3-000003,2026-08-27 21:47:14,2026-08-27 21:52:14,DE,SaaS Platform,D,SAN-002,SanaPlus ColdFlu,OTC,SanaPlus,E-commerce,5,10.5,EUR,0.0,52.5,52.5
TXN-DE-3-000004,2026-08-27 16:02:40,2026-08-27 16:08:40,DE,SaaS Platform,D,PUR-001,PureLife GlucoMonitor,Medical Device,PureLife,Pharmacy/B2B,12,85.0,EUR,0.0,1020.0,1020.0
TXN-DE-3-000005,2026-08-27 19:32:26,2026-08-27 19:34:26,DE,SaaS Platform,D,MED-001,Medora Cardio 10mg,Prescription,Medora,Pharmacy/B2B,1,43.0,EUR,0.05,43.0,40.85
TXN-DE-3-000006,2026-08-27 13:05:04,2026-08-27 13:07:04,DE,SaaS Platform,D,DER-002,Dermacare LiftCream,Aesthetic,Dermacare,Pharmacy/B2B,5,37.0,EUR,0.0,185.0,185.0
TXN-DE-3-000007,2026-08-27 05:55:54,2026-08-27 05:59:54,DE,SaaS Platform,D,DER-001,Dermacare GlowSerum,Aesthetic,Dermacare,Pharmacy/B2B,12,32.0,EUR,0.0,384.0,384.0
TXN-DE-3-000008,2026-08-27 15:54:27,2026-08-27 15:56:27,DE,SaaS Platform,D,DER-001,Dermacare GlowSerum,Aesthetic,Dermacare,D2C,5,32.0,EUR,0.0,160.0,160.0
TXN-DE-3-000009,2026-08-27 08:21:33,2026-08-27 08:23:33,DE,SaaS Platform,D,DER-002,Dermacare LiftCream,Aesthetic,Dermacare,D2C,6,37.0,EUR,0.05,222.0,210.9
TXN-DE-3-000010,2026-08-27 09:17:34,2026-08-27 09:23:34,DE,SaaS Platform,D,PUR-002,PureLife BP Monitor,Medical Device,PureLife,E-commerce,7,90.0,EUR,0.2,630.0,504.0
TXN-DE-3-000011,2026-08-27 05:15:25,2026-08-27 05:19:25,DE,SaaS Platform,D,DER-002,Dermacare LiftCream,Aesthetic,Dermacare,Wholesale,4,37.0,EUR,0.0,148.0,148.0
TXN-DE-3-000012,2026-08-27 04:52:54,2026-08-27 04:54:54,DE,SaaS Platform,D,DER-001,Dermacare GlowSerum,Aesthetic,Dermacare,Pharmacy/B2B,4,32.0,EUR,0.0,128.0,128.0
TXN-DE-3-000013,2026-08-27 15:24:44,2026-08-27 15:27:44,DE,SaaS Platform,D,MED-001,Medora Cardio 10mg,Prescription,Medora,Wholesale,6,43.0,EUR,0.0,258.0,258.0
TXN-DE-3-000014,2026-08-27 02:48:04,2026-08-27 02:52:04,DE,SaaS Platform,D,VIT-002,Vitalis Multivit,Supplement,Vitalis,E-commerce,11,17.0,EUR,0.0,187.0,187.0
TXN-DE-3-000015,2026-08-27 11:25:20,2026-08-27 11:26:20,DE,SaaS Platform,D,DER-002,Dermacare LiftCream,Aesthetic,Dermacare,Wholesale,2,37.0,EUR,0.1,74.0,66.6
TXN-DE-3-000016,2026-08-27 20:03:48,2026-08-27 20:08:48,DE,SaaS Platform,D,DER-002,Dermacare LiftCream,Aesthetic,Dermacare,D2C,10,37.0,EUR,0.0,370.0,370.0
TXN-DE-3-000017,2026-08-27 09:26:57,2026-08-27 09:32:57,DE,SaaS Platform,D,VIT-001,Vitalis C1000,Supplement,Vitalis,E-commerce,2,21.0,EUR,0.1,42.0,37.8
TXN-DE-3-000018,2026-08-27 04:25:05,2026-08-27 04:26:05,DE,SaaS Platform,D,SAN-001,SanaPlus PainRelief,OTC,SanaPlus,Pharmacy/B2B,11,9.5,EUR,0.15,104.5,88.83
TXN-DE-3-000019,2026-08-27 17:37:56,2026-08-27 17:39:56,DE,SaaS Platform,D,MED-002,Medora Derm Cream,Prescription,Medora,Pharmacy/B2B,12,26.0,EUR,0.15,312.0,265.2
TXN-DE-3-000020,2026-08-27 21:28:27,2026-08-27 21:34:27,DE,SaaS Platform,D,DER-002,Dermacare LiftCream,Aesthetic,Dermacare,D2C,7,37.0,EUR,0.15,259.0,220.15
TXN-DE-3-000021,2026-08-27 19:09:14,2026-08-27 19:11:14,DE,SaaS Platform,D,VIT-001,Vitalis C1000,Supplement,Vitalis,Wholesale,8,21.0,EUR,0.0,168.0,168.0
TXN-DE-3-000022,2026-08-27 09:44:43,2026-08-27 09:47:43,DE,SaaS Platform,D,DER-001,Dermacare GlowSerum,Aesthetic,Dermacare,Wholesale,7,32.0,EUR,0.0,224.0,224.0
TXN-DE-3-000023,2026-08-27 10:45:54,2026-08-27 10:50:54,DE,SaaS Platform,D,DER-001,Dermacare GlowSerum,Aesthetic,Dermacare,D2C,5,32.0,EUR,0.05,160.0,152.0
TXN-DE-3-000024,2026-08-27 04:47:57,2026-08-27 04:49:57,DE,SaaS Platform,D,VIT-002,Vitalis Multivit,Supplement,Vitalis,Pharmacy/B2B,4,17.0,EUR,0.0,68.0,68.0
TXN-DE-3-000025,2026-08-27 18:58:30,2026-08-27 19:01:30,DE,SaaS Platform,D,PUR-002,PureLife BP Monitor,Medical Device,PureLife,E-commerce,9,90.0,EUR,0.1,810.0,729.0
TXN-DE-3-000026,2026-08-27 18:08:22,2026-08-27 18:09:22,DE,SaaS Platform,D,SAN-002,SanaPlus ColdFlu,OTC,SanaPlus,Wholesale,8,10.5,EUR,0.05,84.0,79.8
TXN-DE-3-000027,2026-08-27 18:43:36,2026-08-27 18:44:36,DE,SaaS Platform,D,VIT-001,Vitalis C1000,Supplement,Vitalis,Pharmacy/B2B,4,21.0,EUR,0.0,84.0,84.0
TXN-DE-3-000028,2026-08-27 16:08:51,2026-08-27 16:14:51,DE,SaaS Platform,D,VIT-001,Vitalis C1000,Supplement,Vitalis,E-commerce,4,21.0,EUR,0.0,84.0,84.0
TXN-DE-3-000029,2026-08-27 04:56:18,2026-08-27 04:58:18,DE,SaaS Platform,D,DER-002,Dermacare LiftCream,Aesthetic,Dermacare,Pharmacy/B2B,9,37.0,EUR,0.0,333.0,333.0
TXN-DE-3-000030,2026-08-27 00:22:40,2026-08-27 00:27:40,DE,SaaS Platform,D,PUR-001,PureLife GlucoMonitor,Medical Device,PureLife,Wholesale,12,85.0,EUR,0.0,1020.0,1020.0
TXN-DE-3-000031,2026-08-27 07:16:44,2026-08-27 07:19:44,DE,SaaS Platform,D,SAN-001,SanaPlus PainRelief,OTC,SanaPlus,D2C,9,9.5,EUR,0.15,85.5,72.67
TXN-DE-3-000032,2026-08-27 01:26:11,2026-08-27 01:32:11,DE,SaaS Platform,D,DER-002,Dermacare LiftCream,Aesthetic,Dermacare,Wholesale,4,37.0,EUR,0.2,148.0,118.4
TXN-DE-3-000033,2026-08-27 18:14:31,2026-08-27 18:20:31,DE,SaaS Platform,D,VIT-002,Vitalis Multivit,Supplement,Vitalis,D2C,6,17.0,EUR,0.0,102.0,102.0
TXN-DE-3-000034,2026-08-27 14:15:41,2026-08-27 14:18:41,DE,SaaS Platform,D,VIT-002,Vitalis Multivit,Supplement,Vitalis,D2C,10,17.0,EUR,0.05,170.0,161.5
TXN-DE-3-000035,2026-08-27 20:04:59,2026-08-27 20:10:59,DE,SaaS Platform,D,SAN-002,SanaPlus ColdFlu,OTC,SanaPlus,Wholesale,11,10.5,EUR,0.1,115.5,103.95
TXN-DE-3-000036,2026-08-27 07:01:19,2026-08-27 07:06:19,DE,SaaS Platform,D,PUR-002,PureLife BP Monitor,Medical Device,PureLife,Pharmacy/B2B,6,90.0,EUR,0.0,540.0,540.0
TXN-DE-3-000037,2026-08-27 11:37:52,2026-08-27 11:39:52,DE,SaaS Platform,D,DER-001,Dermacare GlowSerum,Aesthetic,Dermacare,Wholesale,7,32.0,EUR,0.2,224.0,179.2
TXN-DE-3-000038,2026-08-27 17:43:26,2026-08-27 17:47:26,DE,SaaS Platform,D,SAN-002,SanaPlus ColdFlu,OTC,SanaPlus,Wholesale,5,10.5,EUR,0.0,52.5,52.5
TXN-DE-3-000039,2026-08-27 14:32:09,2026-08-27 14:33:09,DE,SaaS Platform,D,MED-001,Medora Cardio 10mg,Prescription,Medora,E-commerce,1,43.0,EUR,0.0,43.0,43.0
TXN-DE-3-000040,2026-08-27 17:02:06,2026-08-27 17:05:06,DE,SaaS Platform,D,MED-001,Medora Cardio 10mg,Prescription,Medora,Pharmacy/B2B,11,43.0,EUR,0.15,473.0,402.05
TXN-DE-3-000041,2026-08-27 15:48:08,2026-08-27 15:54:08,DE,SaaS Platform,D,VIT-002,Vitalis Multivit,Supplement,Vitalis,E-commerce,5,17.0,EUR,0.1,85.0,76.5
TXN-DE-3-000042,2026-08-27 09:58:40,2026-08-27 10:03:40,DE,SaaS Platform,D,SAN-001,SanaPlus PainRelief,OTC,SanaPlus,Pharmacy/B2B,4,9.5,EUR,0.0,38.0,38.0
TXN-DE-3-000043,2026-08-27 08:21:10,2026-08-27 08:27:10,DE,SaaS Platform,D,VIT-002,Vitalis Multivit,Supplement,Vitalis,E-commerce,8,17.0,EUR,0.15,136.0,115.6
TXN-DE-3-000044,2026-08-27 17:01:25,2026-08-27 17:04:25,DE,SaaS Platform,D,VIT-001,Vitalis C1000,Supplement,Vitalis,D2C,3,21.0,EUR,0.2,63.0,50.4
TXN-DE-3-000045,2026-08-27 19:13:59,2026-08-27 19:16:59,DE,SaaS Platform,D,MED-002,Medora Derm Cream,Prescription,Medora,Wholesale,11,26.0,EUR,0.05,286.0,271.7
TXN-DE-3-000046,2026-08-27 13:13:09,2026-08-27 13:17:09,DE,SaaS Platform,D,SAN-002,SanaPlus ColdFlu,OTC,SanaPlus,Wholesale,6,10.5,EUR,0.1,63.0,56.7
TXN-DE-3-000047,2026-08-27 18:49:41,2026-08-27 18:55:41,DE,SaaS Platform,D,SAN-001,SanaPlus PainRelief,OTC,SanaPlus,Wholesale,10,9.5,EUR,0.15,95.0,80.75
TXN-DE-3-000048,2026-08-27 04:33:02,2026-08-27 04:38:02,DE,SaaS Platform,D,MED-002,Medora Derm Cream,Prescription,Medora,Wholesale,6,26.0,EUR,0.0,156.0,156.0
TXN-DE-3-000049,2026-08-27 15:48:11,2026-08-27 15:50:11,DE,SaaS Platform,D,DER-001,Dermacare GlowSerum,Aesthetic,Dermacare,Pharmacy/B2B,6,32.0,EUR,0.0,192.0,192.0
TXN-DE-3-000050,2026-08-27 09:19:47,2026-08-27 09:22:47,DE,SaaS Platform,D,DER-002,Dermacare LiftCream,Aesthetic,Dermacare,D2C,2,37.0,EUR,0.05,74.0,70.3
TXN-DE-3-000051,2026-08-27 01:39:35,2026-08-27 01:43:35,DE,SaaS Platform,D,SAN-001,SanaPlus PainRelief,OTC,SanaPlus,D2C,3,9.5,EUR,0.2,28.5,22.8
TXN-DE-3-000052,2026-08-27 23:41:32,2026-08-27 23:45:32,DE,SaaS Platform,D,DER-001,Dermacare GlowSerum,Aesthetic,Dermacare,Pharmacy/B2B,7,32.0,EUR,0.0,224.0,224.0
TXN-DE-3-000053,2026-08-27 12:45:01,2026-08-27 12:47:01,DE,SaaS Platform,D,VIT-001,Vitalis C1000,Supplement,Vitalis,E-commerce,11,21.0,EUR,0.15,231.0,196.35
TXN-DE-3-000054,2026-08-27 14:42:39,2026-08-27 14:46:39,DE,SaaS Platform,D,SAN-001,SanaPlus PainRelief,OTC,SanaPlus,E-commerce,7,9.5,EUR,0.15,66.5,56.52
TXN-DE-3-000055,2026-08-27 12:03:52,2026-08-27 12:04:52,DE,SaaS Platform,D,PUR-002,PureLife BP Monitor,Medical Device,PureLife,Wholesale,7,90.0,EUR,0.0,630.0,630.0
TXN-DE-3-000056,2026-08-27 03:26:18,2026-08-27 03:32:18,DE,SaaS Platform,D,VIT-001,Vitalis C1000,Supplement,Vitalis,Wholesale,7,21.0,EUR,0.0,147.0,147.0
TXN-DE-3-000057,2026-08-27 11:25:08,2026-08-27 11:26:08,DE,SaaS Platform,D,SAN-002,SanaPlus ColdFlu,OTC,SanaPlus,Wholesale,1,10.5,EUR,0.0,10.5,10.5
TXN-DE-3-000058,2026-08-27 21:02:55,2026-08-27 21:03:55,DE,SaaS Platform,D,DER-002,Dermacare LiftCream,Aesthetic,Dermacare,Wholesale,7,37.0,EUR,0.05,259.0,246.05
TXN-DE-3-000059,2026-08-27 22:46:46,2026-08-27 22:48:46,DE,SaaS Platform,D,SAN-001,SanaPlus PainRelief,OTC,SanaPlus,E-commerce,9,9.5,EUR,0.2,85.5,68.4
TXN-DE-3-000060,2026-08-27 08:11:05,2026-08-27 08:13:05,DE,SaaS Platform,D,VIT-001,Vitalis C1000,Supplement,Vitalis,E-commerce,12,21.0,EUR,0.15,252.0,214.2
TXN-DE-3-000061,2026-08-27 18:35:15,2026-08-27 18:37:15,DE,SaaS Platform,D,SAN-002,SanaPlus ColdFlu,OTC,SanaPlus,Wholesale,3,10.5,EUR,0.05,31.5,29.92
TXN-DE-3-000062,2026-08-27 07:41:23,2026-08-27 07:45:23,DE,SaaS Platform,D,MED-002,Medora Derm Cream,Prescription,Medora,Pharmacy/B2B,10,26.0,EUR,0.0,260.0,260.0
TXN-DE-3-000063,2026-08-27 18:30:32,2026-08-27 18:36:32,DE,SaaS Platform,D,VIT-001,Vitalis C1000,Supplement,Vitalis,Pharmacy/B2B,12,21.0,EUR,0.05,252.0,239.4
TXN-DE-3-000064,2026-08-27 00:06:00,2026-08-27 00:09:00,DE,SaaS Platform,D,SAN-002,SanaPlus ColdFlu,OTC,SanaPlus,D2C,1,10.5,EUR,0.1,10.5,9.45
TXN-DE-3-000065,2026-08-27 15:46:48,2026-08-27 15:52:48,DE,SaaS Platform,D,PUR-001,PureLife GlucoMonitor,Medical Device,PureLife,E-commerce,4,85.0,EUR,0.15,340.0,289.0
TXN-DE-3-000066,2026-08-27 02:14:48,2026-08-27 02:15:48,DE,SaaS Platform,D,MED-002,Medora Derm Cream,Prescription,Medora,E-commerce,5,26.0,EUR,0.1,130.0,117.0
TXN-DE-3-000067,2026-08-27 06:14:14,2026-08-27 06:18:14,DE,SaaS Platform,D,SAN-002,SanaPlus ColdFlu,OTC,SanaPlus,D2C,2,10.5,EUR,0.0,21.0,21.0
TXN-DE-3-000068,2026-08-27 19:31:09,2026-08-27 19:37:09,DE,SaaS Platform,D,DER-002,Dermacare LiftCream,Aesthetic,Dermacare,E-commerce,5,37.0,EUR,0.1,185.0,166.5
TXN-DE-3-000069,2026-08-27 02:34:10,2026-08-27 02:40:10,DE,SaaS Platform,D,PUR-002,PureLife BP Monitor,Medical Device,PureLife,D2C,8,90.0,EUR,0.0,720.0,720.0
TXN-DE-3-000070,2026-08-27 11:21:03,2026-08-27 11:27:03,DE,SaaS Platform,D,DER-001,Dermacare GlowSerum,Aesthetic,Dermacare,E-commerce,10,32.0,EUR,0.05,320.0,304.0
TXN-DE-3-000071,2026-08-27 01:00:40,2026-08-27 01:05:40,DE,SaaS Platform,D,MED-001,Medora Cardio 10mg,Prescription,Medora,E-commerce,6,43.0,EUR,0.2,258.0,206.4
TXN-DE-3-000072,2026-08-27 12:41:11,2026-08-27 12:47:11,DE,SaaS Platform,D,VIT-001,Vitalis C1000,Supplement,Vitalis,Wholesale,1,21.0,EUR,0.1,21.0,18.9
TXN-DE-3-000073,2026-08-27 14:39:59,2026-08-27 14:42:59,DE,SaaS Platform,D,MED-001,Medora Cardio 10mg,Prescription,Medora,Pharmacy/B2B,8,43.0,EUR,0.05,344.0,326.8
TXN-DE-3-000074,2026-08-27 05:28:41,2026-08-27 05:32:41,DE,SaaS Platform,D,VIT-002,Vitalis Multivit,Supplement,Vitalis,E-commerce,9,17.0,EUR,0.15,153.0,130.05
TXN-DE-3-000075,2026-08-27 07:26:37,2026-08-27 07:28:37,DE,SaaS Platform,D,PUR-002,PureLife BP Monitor,Medical Device,PureLife,Wholesale,11,90.0,EUR,0.05,990.0,940.5
TXN-DE-3-000076,2026-08-27 22:38:52,2026-08-27 22:39:52,DE,SaaS Platform,D,MED-002,Medora Derm Cream,Prescription,Medora,E-commerce,2,26.0,EUR,0.1,52.0,46.8
TXN-DE-3-000077,2026-08-27 19:37:12,2026-08-27 19:39:12,DE,SaaS Platform,D,VIT-002,Vitalis Multivit,Supplement,Vitalis,Wholesale,6,17.0,EUR,0.15,102.0,86.7
TXN-DE-3-000078,2026-08-27 20:09:57,2026-08-27 20:14:57,DE,SaaS Platform,D,SAN-001,SanaPlus PainRelief,OTC,SanaPlus,E-commerce,8,9.5,EUR,0.1,76.0,68.4
TXN-DE-3-000079,2026-08-27 08:33:55,2026-08-27 08:38:55,DE,SaaS Platform,D,MED-002,Medora Derm Cream,Prescription,Medora,Wholesale,5,26.0,EUR,0.0,130.0,130.0
TXN-DE-3-000080,2026-08-27 08:15:49,2026-08-27 08:19:49,DE,SaaS Platform,D,DER-001,Dermacare GlowSerum,Aesthetic,Dermacare,Wholesale,2,32.0,EUR,0.0,64.0,64.0
TXN-DE-3-000081,2026-08-27 03:57:05,2026-08-27 04:02:05,DE,SaaS Platform,D,MED-001,Medora Cardio 10mg,Prescription,Medora,Pharmacy/B2B,4,43.0,EUR,0.05,172.0,163.4
TXN-DE-3-000082,2026-08-27 11:01:01,2026-08-27 11:03:01,DE,SaaS Platform,D,SAN-002,SanaPlus ColdFlu,OTC,SanaPlus,Wholesale,2,10.5,EUR,0.0,21.0,21.0
TXN-DE-3-000083,2026-08-27 15:00:59,2026-08-27 15:04:59,DE,SaaS Platform,D,MED-002,Medora Derm Cream,Prescription,Medora,D2C,12,26.0,EUR,0.0,312.0,312.0
TXN-DE-3-000084,2026-08-27 06:11:08,2026-08-27 06:17:08,DE,SaaS Platform,D,DER-002,Dermacare LiftCream,Aesthetic,Dermacare,D2C,5,37.0,EUR,0.0,185.0,185.0
TXN-DE-3-000085,2026-08-27 01:49:13,2026-08-27 01:54:13,DE,SaaS Platform,D,SAN-002,SanaPlus ColdFlu,OTC,SanaPlus,Wholesale,6,10.5,EUR,0.05,63.0,59.85
TXN-DE-3-000086,2026-08-27 18:20:50,2026-08-27 18:23:50,DE,SaaS Platform,D,SAN-001,SanaPlus PainRelief,OTC,SanaPlus,E-commerce,1,9.5,EUR,0.05,9.5,9.03
TXN-DE-3-000087,2026-08-27 13:41:27,2026-08-27 13:45:27,DE,SaaS Platform,D,MED-002,Medora Derm Cream,Prescription,Medora,E-commerce,5,26.0,EUR,0.1,130.0,117.0
TXN-DE-3-000088,2026-08-27 09:51:27,2026-08-27 09:54:27,DE,SaaS Platform,D,VIT-002,Vitalis Multivit,Supplement,Vitalis,D2C,9,17.0,EUR,0.2,153.0,122.4
TXN-DE-3-000089,2026-08-27 11:44:44,2026-08-27 11:47:44,DE,SaaS Platform,D,VIT-001,Vitalis C1000,Supplement,Vitalis,Pharmacy/B2B,12,21.0,EUR,0.2,252.0,201.6
TXN-DE-3-000090,2026-08-27 20:34:53,2026-08-27 20:39:53,DE,SaaS Platform,D,DER-001,Dermacare GlowSerum,Aesthetic,Dermacare,Pharmacy/B2B,10,32.0,EUR,0.05,320.0,304.0
TXN-DE-3-000091,2026-08-27 18:22:00,2026-08-27 18:25:00,DE,SaaS Platform,D,PUR-001,PureLife GlucoMonitor,Medical Device,PureLife,E-commerce,9,85.0,EUR,0.1,765.0,688.5
TXN-DE-3-000092,2026-08-27 07:06:42,2026-08-27 07:11:42,DE,SaaS Platform,D,VIT-001,Vitalis C1000,Supplement,Vitalis,D2C,3,21.0,EUR,0.15,63.0,53.55
TXN-DE-3-000093,2026-08-27 23:51:07,2026-08-27 23:56:07,DE,SaaS Platform,D,MED-002,Medora Derm Cream,Prescription,Medora,Pharmacy/B2B,3,26.0,EUR,0.15,78.0,66.3
TXN-DE-3-000094,2026-08-27 06:49:37,2026-08-27 06:55:37,DE,SaaS Platform,D,DER-001,Dermacare GlowSerum,Aesthetic,Dermacare,E-commerce,10,32.0,EUR,0.15,320.0,272.0
TXN-DE-3-000095,2026-08-27 07:53:30,2026-08-27 07:58:30,DE,SaaS Platform,D,VIT-001,Vitalis C1000,Supplement,Vitalis,Wholesale,8,21.0,EUR,0.05,168.0,159.6
TXN-DE-3-000096,2026-08-27 19:40:12,2026-08-27 19:46:12,DE,SaaS Platform,D,DER-002,Dermacare LiftCream,Aesthetic,Dermacare,E-commerce,2,37.0,EUR,0.0,74.0,74.0
TXN-DE-3-000097,2026-08-27 11:28:40,2026-08-27 11:29:40,DE,SaaS Platform,D,VIT-002,Vitalis Multivit,Supplement,Vitalis,D2C,8,17.0,EUR,0.0,136.0,136.0
TXN-DE-3-000098,2026-08-27 09:00:51,2026-08-27 09:02:51,DE,SaaS Platform,D,PUR-002,PureLife BP Monitor,Medical Device,PureLife,D2C,1,90.0,EUR,0.2,90.0,72.0
TXN-DE-3-000099,2026-08-27 23:39:28,2026-08-27 23:41:28,DE,SaaS Platform,D,PUR-002,PureLife BP Monitor,Medical Device,PureLife,Wholesale,9,90.0,EUR,0.2,810.0,648.0
TXN-DE-3-000100,2026-08-27 18:35:37,2026-08-27 18:39:37,DE,SaaS Platform,D,VIT-002,Vitalis Multivit,Supplement,Vitalis,Pharmacy/B2B,5,17.0,EUR,0.0,85.0,85.0
TXN-DE-3-000101,2026-08-27 16:50:19,2026-08-27 16:53:19,DE,SaaS Platform,D,MED-002,Medora Derm Cream,Prescription,Medora,Wholesale,7,26.0,EUR,0.0,182.0,182.0
TXN-DE-3-000102,2026-08-27 03:40:32,2026-08-27 03:46:32,DE,SaaS Platform,D,PUR-001,PureLife GlucoMonitor,Medical Device,PureLife,E-commerce,7,85.0,EUR,0.05,595.0,565.25
TXN-DE-3-000103,2026-08-27 10:38:19,2026-08-27 10:42:19,DE,SaaS Platform,D,VIT-002,Vitalis Multivit,Supplement,Vitalis,E-commerce,11,17.0,EUR,0.2,187.0,149.6
TXN-DE-3-000104,2026-08-27 01:53:11,2026-08-27 01:55:11,DE,SaaS Platform,D,SAN-001,SanaPlus PainRelief,OTC,SanaPlus,D2C,7,9.5,EUR,0.05,66.5,63.17
TXN-DE-3-000105,2026-08-27 01:30:16,2026-08-27 01:32:16,DE,SaaS Platform,D,DER-002,Dermacare LiftCream,Aesthetic,Dermacare,Wholesale,9,37.0,EUR,0.0,333.0,333.0
TXN-DE-3-000106,2026-08-27 23:16:41,2026-08-27 23:20:41,DE,SaaS Platform,D,DER-002,Dermacare LiftCream,Aesthetic,Dermacare,Pharmacy/B2B,5,37.0,EUR,0.1,185.0,166.5
TXN-DE-3-000107,2026-08-27 01:45:07,2026-08-27 01:47:07,DE,SaaS Platform,D,PUR-001,PureLife GlucoMonitor,Medical Device,PureLife,E-commerce,5,85.0,EUR,0.2,425.0,340.0
TXN-DE-3-000108,2026-08-27 06:53:04,2026-08-27 06:59:04,DE,SaaS Platform,D,MED-001,Medora Cardio 10mg,Prescription,Medora,Wholesale,10,43.0,EUR,0.0,430.0,430.0
TXN-DE-3-000109,2026-08-27 09:00:57,2026-08-27 09:03:57,DE,SaaS Platform,D,SAN-002,SanaPlus ColdFlu,OTC,SanaPlus,Wholesale,5,10.5,EUR,0.15,52.5,44.62
TXN-DE-3-000110,2026-08-27 02:48:05,2026-08-27 02:52:05,DE,SaaS Platform,D,DER-002,Dermacare LiftCream,Aesthetic,Dermacare,E-commerce,1,37.0,EUR,0.1,37.0,33.3
TXN-DE-3-000111,2026-08-27 00:17:06,2026-08-27 00:21:06,DE,SaaS Platform,D,PUR-002,PureLife BP Monitor,Medical Device,PureLife,Pharmacy/B2B,3,90.0,EUR,0.0,270.0,270.0
TXN-DE-3-000112,2026-08-27 03:44:50,2026-08-27 03:49:50,DE,SaaS Platform,D,PUR-002,PureLife BP Monitor,Medical Device,PureLife,Pharmacy/B2B,4,90.0,EUR,0.15,360.0,306.0
TXN-DE-3-000113,2026-08-27 05:14:40,2026-08-27 05:18:40,DE,SaaS Platform,D,VIT-002,Vitalis Multivit,Supplement,Vitalis,Pharmacy/B2B,1,17.0,EUR,0.0,17.0,17.0
TXN-DE-3-000114,2026-08-27 09:04:15,2026-08-27 09:09:15,DE,SaaS Platform,D,PUR-001,PureLife GlucoMonitor,Medical Device,PureLife,Pharmacy/B2B,9,85.0,EUR,0.15,765.0,650.25
TXN-DE-3-000115,2026-08-27 14:51:50,2026-08-27 14:53:50,DE,SaaS Platform,D,PUR-002,PureLife BP Monitor,Medical Device,PureLife,Wholesale,11,90.0,EUR,0.05,990.0,940.5
TXN-DE-3-000116,2026-08-27 06:14:39,2026-08-27 06:19:39,DE,SaaS Platform,D,VIT-001,Vitalis C1000,Supplement,Vitalis,E-commerce,2,21.0,EUR,0.1,42.0,37.8
TXN-DE-3-000117,2026-08-27 03:48:46,2026-08-27 03:54:46,DE,SaaS Platform,D,VIT-001,Vitalis C1000,Supplement,Vitalis,E-commerce,7,21.0,EUR,0.05,147.0,139.65
TXN-DE-3-000118,2026-08-27 16:05:23,2026-08-27 16:08:23,DE,SaaS Platform,D,SAN-002,SanaPlus ColdFlu,OTC,SanaPlus,D2C,4,10.5,EUR,0.1,42.0,37.8
TXN-DE-3-000119,2026-08-27 07:06:10,2026-08-27 07:10:10,DE,SaaS Platform,D,VIT-002,Vitalis Multivit,Supplement,Vitalis,D2C,8,17.0,EUR,0.1,136.0,122.4
TXN-DE-3-000120,2026-08-27 22:29:20,2026-08-27 22:34:20,DE,SaaS Platform,D,DER-002,Dermacare LiftCream,Aesthetic,Dermacare,E-commerce,5,37.0,EUR,0.2,185.0,148.0
TXN-DE-3-000121,2026-08-27 14:30:23,2026-08-27 14:35:23,DE,SaaS Platform,D,PUR-002,PureLife BP Monitor,Medical Device,PureLife,E-commerce,10,90.0,EUR,0.0,900.0,900.0
TXN-DE-3-000122,2026-08-27 20:05:48,2026-08-27 20:08:48,DE,SaaS Platform,D,VIT-001,Vitalis C1000,Supplement,Vitalis,Pharmacy/B2B,12,21.0,EUR,0.0,252.0,252.0
TXN-DE-3-000123,2026-08-27 16:33:46,2026-08-27 16:38:46,DE,SaaS Platform,D,SAN-002,SanaPlus ColdFlu,OTC,SanaPlus,E-commerce,9,10.5,EUR,0.05,94.5,89.77
TXN-DE-3-000124,2026-08-27 21:25:47,2026-08-27 21:27:47,DE,SaaS Platform,D,PUR-001,PureLife GlucoMonitor,Medical Device,PureLife,E-commerce,11,85.0,EUR,0.0,935.0,935.0
TXN-DE-3-000125,2026-08-27 08:54:24,2026-08-27 08:59:24,DE,SaaS Platform,D,SAN-002,SanaPlus ColdFlu,OTC,SanaPlus,D2C,8,10.5,EUR,0.15,84.0,71.4
TXN-DE-3-000126,2026-08-27 05:37:42,2026-08-27 05:42:42,DE,SaaS Platform,D,PUR-002,PureLife BP Monitor,Medical Device,PureLife,D2C,10,90.0,EUR,0.15,900.0,765.0
TXN-DE-3-000127,2026-08-27 09:10:08,2026-08-27 09:12:08,DE,SaaS Platform,D,MED-002,Medora Derm Cream,Prescription,Medora,Pharmacy/B2B,5,26.0,EUR,0.15,130.0,110.5
TXN-DE-3-000128,2026-08-27 12:30:44,2026-08-27 12:35:44,DE,SaaS Platform,D,SAN-002,SanaPlus ColdFlu,OTC,SanaPlus,Wholesale,2,10.5,EUR,0.1,21.0,18.9
TXN-DE-3-000129,2026-08-27 17:38:31,2026-08-27 17:43:31,DE,SaaS Platform,D,MED-001,Medora Cardio 10mg,Prescription,Medora,D2C,9,43.0,EUR,0.15,387.0,328.95
TXN-DE-3-000130,2026-08-27 03:35:31,2026-08-27 03:40:31,DE,SaaS Platform,D,PUR-002,PureLife BP Monitor,Medical Device,PureLife,Pharmacy/B2B,3,90.0,EUR,0.1,270.0,243.0
TXN-DE-3-000131,2026-08-27 01:25:24,2026-08-27 01:26:24,DE,SaaS Platform,D,PUR-001,PureLife GlucoMonitor,Medical Device,PureLife,Pharmacy/B2B,9,85.0,EUR,0.0,765.0,765.0
TXN-DE-3-000132,2026-08-27 09:15:38,2026-08-27 09:16:38,DE,SaaS Platform,D,DER-002,Dermacare LiftCream,Aesthetic,Dermacare,E-commerce,10,37.0,EUR,0.0,370.0,370.0
TXN-DE-3-000133,2026-08-27 20:08:14,2026-08-27 20:13:14,DE,SaaS Platform,D,VIT-002,Vitalis Multivit,Supplement,Vitalis,Pharmacy/B2B,9,17.0,EUR,0.0,153.0,153.0
TXN-DE-3-000134,2026-08-27 00:09:12,2026-08-27 00:10:12,DE,SaaS Platform,D,DER-002,Dermacare LiftCream,Aesthetic,Dermacare,Pharmacy/B2B,6,37.0,EUR,0.15,222.0,188.7
TXN-DE-3-000135,2026-08-27 17:48:56,2026-08-27 17:50:56,DE,SaaS Platform,D,DER-002,Dermacare LiftCream,Aesthetic,Dermacare,Wholesale,4,37.0,EUR,0.2,148.0,118.4
TXN-DE-3-000136,2026-08-27 07:19:48,2026-08-27 07:24:48,DE,SaaS Platform,D,PUR-001,PureLife GlucoMonitor,Medical Device,PureLife,Wholesale,2,85.0,EUR,0.0,170.0,170.0
TXN-DE-3-000137,2026-08-27 01:27:50,2026-08-27 01:32:50,DE,SaaS Platform,D,DER-001,Dermacare GlowSerum,Aesthetic,Dermacare,Pharmacy/B2B,10,32.0,EUR,0.1,320.0,288.0
TXN-DE-3-000138,2026-08-27 10:27:21,2026-08-27 10:29:21,DE,SaaS Platform,D,VIT-001,Vitalis C1000,Supplement,Vitalis,E-commerce,1,21.0,EUR,0.0,21.0,21.0
TXN-DE-3-000139,2026-08-27 05:50:33,2026-08-27 05:53:33,DE,SaaS Platform,D,SAN-001,SanaPlus PainRelief,OTC,SanaPlus,D2C,1,9.5,EUR,0.1,9.5,8.55
TXN-DE-3-000140,2026-08-27 04:24:18,2026-08-27 04:26:18,DE,SaaS Platform,D,DER-002,Dermacare LiftCream,Aesthetic,Dermacare,E-commerce,12,37.0,EUR,0.05,444.0,421.8
TXN-DE-3-000141,2026-08-27 17:11:25,2026-08-27 17:15:25,DE,SaaS Platform,D,VIT-002,Vitalis Multivit,Supplement,Vitalis,Pharmacy/B2B,2,17.0,EUR,0.15,34.0,28.9
TXN-DE-3-000142,2026-08-27 11:31:54,2026-08-27 11:32:54,DE,SaaS Platform,D,VIT-002,Vitalis Multivit,Supplement,Vitalis,Wholesale,7,17.0,EUR,0.0,119.0,119.0
TXN-DE-3-000143,2026-08-27 03:47:39,2026-08-27 03:53:39,DE,SaaS Platform,D,VIT-002,Vitalis Multivit,Supplement,Vitalis,Pharmacy/B2B,7,17.0,EUR,0.05,119.0,113.05
TXN-DE-3-000144,2026-08-27 21:48:08,2026-08-27 21:49:08,DE,SaaS Platform,D,VIT-002,Vitalis Multivit,Supplement,Vitalis,E-commerce,9,17.0,EUR,0.0,153.0,153.0
TXN-DE-3-000145,2026-08-27 08:17:11,2026-08-27 08:23:11,DE,SaaS Platform,D,SAN-001,SanaPlus PainRelief,OTC,SanaPlus,Wholesale,4,9.5,EUR,0.15,38.0,32.3
TXN-DE-3-000146,2026-08-27 02:34:45,2026-08-27 02:39:45,DE,SaaS Platform,D,SAN-001,SanaPlus PainRelief,OTC,SanaPlus,Wholesale,7,9.5,EUR,0.0,66.5,66.5
TXN-DE-3-000147,2026-08-27 06:01:13,2026-08-27 06:04:13,DE,SaaS Platform,D,MED-001,Medora Cardio 10mg,Prescription,Medora,Wholesale,11,43.0,EUR,0.0,473.0,473.0
TXN-DE-3-000148,2026-08-27 21:47:45,2026-08-27 21:53:45,DE,SaaS Platform,D,VIT-002,Vitalis Multivit,Supplement,Vitalis,Wholesale,9,17.0,EUR,0.1,153.0,137.7
TXN-DE-3-000149,2026-08-27 11:59:15,2026-08-27 12:05:15,DE,SaaS Platform,D,SAN-001,SanaPlus PainRelief,OTC,SanaPlus,Pharmacy/B2B,5,9.5,EUR,0.05,47.5,45.12
TXN-DE-3-000150,2026-08-27 23:58:08,2026-08-28 00:02:08,DE,SaaS Platform,D,DER-002,Dermacare LiftCream,Aesthetic,Dermacare,E-commerce,3,37.0,EUR,0.2,111.0,88.8
TXN-DE-3-000151,2026-08-27 02:02:33,2026-08-27 02:07:33,DE,SaaS Platform,D,VIT-001,Vitalis C1000,Supplement,Vitalis,D2C,2,21.0,EUR,0.1,42.0,37.8
TXN-DE-3-000152,2026-08-27 23:02:33,2026-08-27 23:07:33,DE,SaaS Platform,D,PUR-002,PureLife BP Monitor,Medical Device,PureLife,D2C,7,90.0,EUR,0.1,630.0,567.0
TXN-DE-3-000153,2026-08-27 11:47:24,2026-08-27 11:52:24,DE,SaaS Platform,D,SAN-001,SanaPlus PainRelief,OTC,SanaPlus,Wholesale,2,9.5,EUR,0.0,19.0,19.0
TXN-DE-3-000154,2026-08-27 14:41:48,2026-08-27 14:47:48,DE,SaaS Platform,D,PUR-001,PureLife GlucoMonitor,Medical Device,PureLife,Wholesale,5,85.0,EUR,0.2,425.0,340.0
TXN-DE-3-000155,2026-08-27 23:13:26,2026-08-27 23:15:26,DE,SaaS Platform,D,DER-001,Dermacare GlowSerum,Aesthetic,Dermacare,Pharmacy/B2B,3,32.0,EUR,0.1,96.0,86.4
TXN-DE-3-000156,2026-08-27 02:26:51,2026-08-27 02:32:51,DE,SaaS Platform,D,MED-002,Medora Derm Cream,Prescription,Medora,Wholesale,4,26.0,EUR,0.15,104.0,88.4
TXN-DE-3-000157,2026-08-27 02:46:14,2026-08-27 02:47:14,DE,SaaS Platform,D,SAN-002,SanaPlus ColdFlu,OTC,SanaPlus,E-commerce,11,10.5,EUR,0.15,115.5,98.17
TXN-DE-3-000158,2026-08-27 02:54:51,2026-08-27 02:57:51,DE,SaaS Platform,D,DER-001,Dermacare GlowSerum,Aesthetic,Dermacare,E-commerce,8,32.0,EUR,0.1,256.0,230.4
TXN-DE-3-000159,2026-08-27 07:33:42,2026-08-27 07:34:42,DE,SaaS Platform,D,VIT-001,Vitalis C1000,Supplement,Vitalis,E-commerce,5,21.0,EUR,0.0,105.0,105.0
TXN-DE-3-000160,2026-08-27 22:21:49,2026-08-27 22:27:49,DE,SaaS Platform,D,PUR-002,PureLife BP Monitor,Medical Device,PureLife,E-commerce,7,90.0,EUR,0.0,630.0,630.0
TXN-DE-3-000161,2026-08-27 17:25:52,2026-08-27 17:29:52,DE,SaaS Platform,D,PUR-002,PureLife BP Monitor,Medical Device,PureLife,Wholesale,6,90.0,EUR,0.2,540.0,432.0
TXN-DE-3-000162,2026-08-27 01:51:40,2026-08-27 01:53:40,DE,SaaS Platform,D,MED-001,Medora Cardio 10mg,Prescription,Medora,Pharmacy/B2B,9,43.0,EUR,0.0,387.0,387.0
TXN-DE-3-000163,2026-08-27 00:39:57,2026-08-27 00:43:57,DE,SaaS Platform,D,DER-002,Dermacare LiftCream,Aesthetic,Dermacare,E-commerce,1,37.0,EUR,0.1,37.0,33.3
TXN-DE-3-000164,2026-08-27 13:35:26,2026-08-27 13:38:26,DE,SaaS Platform,D,PUR-002,PureLife BP Monitor,Medical Device,PureLife,Wholesale,8,90.0,EUR,0.15,720.0,612.0
TXN-DE-3-000165,2026-08-27 04:10:18,2026-08-27 04:13:18,DE,SaaS Platform,D,VIT-002,Vitalis Multivit,Supplement,Vitalis,Wholesale,10,17.0,EUR,0.15,170.0,144.5
TXN-DE-3-000166,2026-08-27 03:29:16,2026-08-27 03:33:16,DE,SaaS Platform,D,MED-002,Medora Derm Cream,Prescription,Medora,D2C,10,26.0,EUR,0.15,260.0,221.0
TXN-DE-3-000167,2026-08-27 03:06:59,2026-08-27 03:08:59,DE,SaaS Platform,D,MED-001,Medora Cardio 10mg,Prescription,Medora,D2C,7,43.0,EUR,0.0,301.0,301.0
TXN-DE-3-000168,2026-08-27 10:44:11,2026-08-27 10:47:11,DE,SaaS Platform,D,DER-001,Dermacare GlowSerum,Aesthetic,Dermacare,E-commerce,8,32.0,EUR,0.0,256.0,256.0
TXN-DE-3-000169,2026-08-27 02:28:13,2026-08-27 02:30:13,DE,SaaS Platform,D,PUR-002,PureLife BP Monitor,Medical Device,PureLife,Wholesale,5,90.0,EUR,0.05,450.0,427.5
TXN-DE-3-000170,2026-08-27 14:46:24,2026-08-27 14:51:24,DE,SaaS Platform,D,PUR-002,PureLife BP Monitor,Medical Device,PureLife,E-commerce,5,90.0,EUR,0.15,450.0,382.5
TXN-DE-3-000171,2026-08-27 15:47:00,2026-08-27 15:50:00,DE,SaaS Platform,D,PUR-002,PureLife BP Monitor,Medical Device,PureLife,Pharmacy/B2B,6,90.0,EUR,0.15,540.0,459.0
TXN-DE-3-000172,2026-08-27 16:48:46,2026-08-27 16:51:46,DE,SaaS Platform,D,VIT-001,Vitalis C1000,Supplement,Vitalis,Pharmacy/B2B,8,21.0,EUR,0.0,168.0,168.0
TXN-DE-3-000173,2026-08-27 11:16:49,2026-08-27 11:21:49,DE,SaaS Platform,D,DER-001,Dermacare GlowSerum,Aesthetic,Dermacare,E-commerce,2,32.0,EUR,0.15,64.0,54.4
TXN-DE-3-000174,2026-08-27 02:28:22,2026-08-27 02:30:22,DE,SaaS Platform,D,SAN-001,SanaPlus PainRelief,OTC,SanaPlus,E-commerce,4,9.5,EUR,0.2,38.0,30.4
TXN-DE-3-000175,2026-08-27 23:15:04,2026-08-27 23:20:04,DE,SaaS Platform,D,MED-002,Medora Derm Cream,Prescription,Medora,E-commerce,3,26.0,EUR,0.0,78.0,78.0
TXN-DE-3-000176,2026-08-27 23:38:05,2026-08-27 23:39:05,DE,SaaS Platform,D,DER-001,Dermacare GlowSerum,Aesthetic,Dermacare,Pharmacy/B2B,8,32.0,EUR,0.05,256.0,243.2
TXN-DE-3-000177,2026-08-27 05:20:21,2026-08-27 05:24:21,DE,SaaS Platform,D,SAN-002,SanaPlus ColdFlu,OTC,SanaPlus,Pharmacy/B2B,7,10.5,EUR,0.0,73.5,73.5
TXN-DE-3-000178,2026-08-27 01:01:43,2026-08-27 01:03:43,DE,SaaS Platform,D,DER-001,Dermacare GlowSerum,Aesthetic,Dermacare,D2C,1,32.0,EUR,0.15,32.0,27.2
TXN-DE-3-000179,2026-08-27 14:44:11,2026-08-27 14:49:11,DE,SaaS Platform,D,DER-002,Dermacare LiftCream,Aesthetic,Dermacare,E-commerce,3,37.0,EUR,0.0,111.0,111.0
TXN-DE-3-000180,2026-08-27 16:50:21,2026-08-27 16:52:21,DE,SaaS Platform,D,VIT-002,Vitalis Multivit,Supplement,Vitalis,Pharmacy/B2B,3,17.0,EUR,0.0,51.0,51.0
TXN-DE-3-000181,2026-08-27 01:20:46,2026-08-27 01:24:46,DE,SaaS Platform,D,VIT-001,Vitalis C1000,Supplement,Vitalis,Wholesale,5,21.0,EUR,0.0,105.0,105.0
TXN-DE-3-000182,2026-08-27 17:49:56,2026-08-27 17:51:56,DE,SaaS Platform,D,SAN-002,SanaPlus ColdFlu,OTC,SanaPlus,Pharmacy/B2B,7,10.5,EUR,0.0,73.5,73.5
TXN-DE-3-000183,2026-08-27 21:39:41,2026-08-27 21:43:41,DE,SaaS Platform,D,SAN-001,SanaPlus PainRelief,OTC,SanaPlus,Wholesale,8,9.5,EUR,0.0,76.0,76.0
TXN-DE-3-000184,2026-08-27 14:42:06,2026-08-27 14:45:06,DE,SaaS Platform,D,VIT-002,Vitalis Multivit,Supplement,Vitalis,D2C,5,17.0,EUR,0.0,85.0,85.0
TXN-DE-3-000185,2026-08-27 09:08:55,2026-08-27 09:12:55,DE,SaaS Platform,D,PUR-002,PureLife BP Monitor,Medical Device,PureLife,D2C,12,90.0,EUR,0.1,1080.0,972.0
TXN-DE-3-000186,2026-08-27 00:33:45,2026-08-27 00:36:45,DE,SaaS Platform,D,DER-002,Dermacare LiftCream,Aesthetic,Dermacare,Pharmacy/B2B,9,37.0,EUR,0.0,333.0,333.0
TXN-DE-3-000187,2026-08-27 20:19:58,2026-08-27 20:23:58,DE,SaaS Platform,D,PUR-001,PureLife GlucoMonitor,Medical Device,PureLife,Pharmacy/B2B,8,85.0,EUR,0.05,680.0,646.0
TXN-DE-3-000188,2026-08-27 01:16:37,2026-08-27 01:21:37,DE,SaaS Platform,D,DER-002,Dermacare LiftCream,Aesthetic,Dermacare,Wholesale,4,37.0,EUR,0.0,148.0,148.0
TXN-DE-3-000189,2026-08-27 22:16:53,2026-08-27 22:22:53,DE,SaaS Platform,D,VIT-001,Vitalis C1000,Supplement,Vitalis,E-commerce,8,21.0,EUR,0.0,168.0,168.0
TXN-DE-3-000190,2026-08-27 04:51:06,2026-08-27 04:53:06,DE,SaaS Platform,D,SAN-002,SanaPlus ColdFlu,OTC,SanaPlus,Pharmacy/B2B,5,10.5,EUR,0.2,52.5,42.0
TXN-DE-3-000191,2026-08-27 05:40:19,2026-08-27 05:46:19,DE,SaaS Platform,D,VIT-002,Vitalis Multivit,Supplement,Vitalis,D2C,5,17.0,EUR,0.0,85.0,85.0
TXN-DE-3-000192,2026-08-27 08:53:33,2026-08-27 08:55:33,DE,SaaS Platform,D,SAN-001,SanaPlus PainRelief,OTC,SanaPlus,Pharmacy/B2B,9,9.5,EUR,0.15,85.5,72.67
TXN-DE-3-000193,2026-08-27 14:30:23,2026-08-27 14:32:23,DE,SaaS Platform,D,VIT-001,Vitalis C1000,Supplement,Vitalis,E-commerce,2,21.0,EUR,0.05,42.0,39.9
TXN-DE-3-000194,2026-08-27 19:54:56,2026-08-27 19:56:56,DE,SaaS Platform,D,DER-001,Dermacare GlowSerum,Aesthetic,Dermacare,E-commerce,8,32.0,EUR,0.2,256.0,204.8
TXN-DE-3-000195,2026-08-27 00:04:21,2026-08-27 00:09:21,DE,SaaS Platform,D,DER-001,Dermacare GlowSerum,Aesthetic,Dermacare,D2C,1,32.0,EUR,0.15,32.0,27.2
TXN-DE-3-000196,2026-08-27 05:55:18,2026-08-27 05:56:18,DE,SaaS Platform,D,VIT-002,Vitalis Multivit,Supplement,Vitalis,Wholesale,1,17.0,EUR,0.1,17.0,15.3
TXN-DE-3-000197,2026-08-27 01:29:52,2026-08-27 01:33:52,DE,SaaS Platform,D,MED-001,Medora Cardio 10mg,Prescription,Medora,E-commerce,11,43.0,EUR,0.0,473.0,473.0
TXN-DE-3-000198,2026-08-27 17:18:24,2026-08-27 17:21:24,DE,SaaS Platform,D,VIT-001,Vitalis C1000,Supplement,Vitalis,Wholesale,5,21.0,EUR,0.0,105.0,105.0
TXN-DE-3-000199,2026-08-27 19:18:10,2026-08-27 19:23:10,DE,SaaS Platform,D,PUR-002,PureLife BP Monitor,Medical Device,PureLife,Pharmacy/B2B,7,90.0,EUR,0.15,630.0,535.5
TXN-DE-3-000200,2026-08-27 20:21:38,2026-08-27 20:27:38,DE,SaaS Platform,D,PUR-001,PureLife GlucoMonitor,Medical Device,PureLife,E-commerce,11,85.0,EUR,0.0,935.0,935.0
TXN-DE-3-000201,2026-08-27 18:14:23,2026-08-27 18:20:23,DE,SaaS Platform,D,SAN-001,SanaPlus PainRelief,OTC,SanaPlus,E-commerce,7,9.5,EUR,0.0,66.5,66.5
TXN-DE-3-000202,2026-08-27 13:33:43,2026-08-27 13:39:43,DE,SaaS Platform,D,MED-001,Medora Cardio 10mg,Prescription,Medora,D2C,2,43.0,EUR,0.0,86.0,86.0
TXN-DE-3-000203,2026-08-27 20:24:15,2026-08-27 20:27:15,DE,SaaS Platform,D,SAN-002,SanaPlus ColdFlu,OTC,SanaPlus,Wholesale,6,10.5,EUR,0.05,63.0,59.85
TXN-DE-3-000204,2026-08-27 15:34:46,2026-08-27 15:35:46,DE,SaaS Platform,D,MED-001,Medora Cardio 10mg,Prescription,Medora,E-commerce,9,43.0,EUR,0.2,387.0,309.6
TXN-DE-3-000205,2026-08-27 18:49:53,2026-08-27 18:51:53,DE,SaaS Platform,D,SAN-001,SanaPlus PainRelief,OTC,SanaPlus,Wholesale,10,9.5,EUR,0.0,95.0,95.0
TXN-DE-3-000206,2026-08-27 22:01:16,2026-08-27 22:02:16,DE,SaaS Platform,D,DER-001,Dermacare GlowSerum,Aesthetic,Dermacare,D2C,6,32.0,EUR,0.0,192.0,192.0
TXN-DE-3-000207,2026-08-27 12:57:51,2026-08-27 13:03:51,DE,SaaS Platform,D,DER-001,Dermacare GlowSerum,Aesthetic,Dermacare,E-commerce,4,32.0,EUR,0.0,128.0,128.0
TXN-DE-3-000208,2026-08-27 05:34:03,2026-08-27 05:37:03,DE,SaaS Platform,D,VIT-001,Vitalis C1000,Supplement,Vitalis,Wholesale,2,21.0,EUR,0.0,42.0,42.0
TXN-DE-3-000209,2026-08-27 21:00:55,2026-08-27 21:05:55,DE,SaaS Platform,D,VIT-001,Vitalis C1000,Supplement,Vitalis,Wholesale,9,21.0,EUR,0.0,189.0,189.0
TXN-DE-3-000210,2026-08-27 01:54:36,2026-08-27 01:57:36,DE,SaaS Platform,D,DER-001,Dermacare GlowSerum,Aesthetic,Dermacare,E-commerce,6,32.0,EUR,0.0,192.0,192.0
TXN-DE-3-000211,2026-08-27 15:35:59,2026-08-27 15:39:59,DE,SaaS Platform,D,PUR-001,PureLife GlucoMonitor,Medical Device,PureLife,Pharmacy/B2B,4,85.0,EUR,0.15,340.0,289.0
TXN-DE-3-000212,2026-08-27 14:04:21,2026-08-27 14:05:21,DE,SaaS Platform,D,VIT-001,Vitalis C1000,Supplement,Vitalis,Wholesale,6,21.0,EUR,0.0,126.0,126.0
TXN-DE-3-000213,2026-08-27 13:54:54,2026-08-27 13:56:54,DE,SaaS Platform,D,SAN-002,SanaPlus ColdFlu,OTC,SanaPlus,E-commerce,8,10.5,EUR,0.0,84.0,84.0
TXN-DE-3-000214,2026-08-27 04:48:34,2026-08-27 04:50:34,DE,SaaS Platform,D,SAN-001,SanaPlus PainRelief,OTC,SanaPlus,E-commerce,10,9.5,EUR,0.0,95.0,95.0
TXN-DE-3-000215,2026-08-27 00:39:06,2026-08-27 00:40:06,DE,SaaS Platform,D,SAN-001,SanaPlus PainRelief,OTC,SanaPlus,Wholesale,7,9.5,EUR,0.2,66.5,53.2
TXN-DE-3-000216,2026-08-27 14:33:04,2026-08-27 14:38:04,DE,SaaS Platform,D,SAN-001,SanaPlus PainRelief,OTC,SanaPlus,D2C,10,9.5,EUR,0.2,95.0,76.0
TXN-DE-3-000217,2026-08-27 05:42:22,2026-08-27 05:46:22,DE,SaaS Platform,D,PUR-001,PureLife GlucoMonitor,Medical Device,PureLife,Pharmacy/B2B,9,85.0,EUR,0.2,765.0,612.0
TXN-DE-3-000218,2026-08-27 16:54:41,2026-08-27 16:56:41,DE,SaaS Platform,D,MED-001,Medora Cardio 10mg,Prescription,Medora,Pharmacy/B2B,10,43.0,EUR,0.15,430.0,365.5
TXN-DE-3-000219,2026-08-27 11:52:37,2026-08-27 11:54:37,DE,SaaS Platform,D,VIT-002,Vitalis Multivit,Supplement,Vitalis,E-commerce,7,17.0,EUR,0.0,119.0,119.0
TXN-DE-3-000220,2026-08-27 04:12:25,2026-08-27 04:15:25,DE,SaaS Platform,D,SAN-002,SanaPlus ColdFlu,OTC,SanaPlus,D2C,11,10.5,EUR,0.05,115.5,109.72
TXN-DE-3-000221,2026-08-27 03:06:35,2026-08-27 03:09:35,DE,SaaS Platform,D,VIT-001,Vitalis C1000,Supplement,Vitalis,E-commerce,12,21.0,EUR,0.0,252.0,252.0
TXN-DE-3-000222,2026-08-27 13:36:55,2026-08-27 13:39:55,DE,SaaS Platform,D,MED-002,Medora Derm Cream,Prescription,Medora,Wholesale,8,26.0,EUR,0.0,208.0,208.0
TXN-DE-3-000223,2026-08-27 17:50:15,2026-08-27 17:54:15,DE,SaaS Platform,D,DER-001,Dermacare GlowSerum,Aesthetic,Dermacare,Pharmacy/B2B,7,32.0,EUR,0.0,224.0,224.0
TXN-DE-3-000224,2026-08-27 18:12:52,2026-08-27 18:13:52,DE,SaaS Platform,D,SAN-001,SanaPlus PainRelief,OTC,SanaPlus,E-commerce,11,9.5,EUR,0.2,104.5,83.6
TXN-DE-3-000225,2026-08-27 04:13:36,2026-08-27 04:14:36,DE,SaaS Platform,D,MED-001,Medora Cardio 10mg,Prescription,Medora,Pharmacy/B2B,7,43.0,EUR,0.2,301.0,240.8
TXN-DE-3-000226,2026-08-27 04:33:40,2026-08-27 04:34:40,DE,SaaS Platform,D,PUR-001,PureLife GlucoMonitor,Medical Device,PureLife,E-commerce,4,85.0,EUR,0.2,340.0,272.0
TXN-DE-3-000227,2026-08-27 13:25:40,2026-08-27 13:30:40,DE,SaaS Platform,D,DER-001,Dermacare GlowSerum,Aesthetic,Dermacare,E-commerce,7,32.0,EUR,0.0,224.0,224.0
TXN-DE-3-000228,2026-08-27 19:50:00,2026-08-27 19:54:00,DE,SaaS Platform,D,PUR-001,PureLife GlucoMonitor,Medical Device,PureLife,E-commerce,2,85.0,EUR,0.15,170.0,144.5
TXN-DE-3-000229,2026-08-27 09:45:16,2026-08-27 09:51:16,DE,SaaS Platform,D,PUR-001,PureLife GlucoMonitor,Medical Device,PureLife,Pharmacy/B2B,5,85.0,EUR,0.0,425.0,425.0
TXN-DE-3-000230,2026-08-27 20:37:27,2026-08-27 20:40:27,DE,SaaS Platform,D,VIT-001,Vitalis C1000,Supplement,Vitalis,Wholesale,7,21.0,EUR,0.05,147.0,139.65
TXN-DE-3-000231,2026-08-27 10:04:01,2026-08-27 10:07:01,DE,SaaS Platform,D,DER-002,Dermacare LiftCream,Aesthetic,Dermacare,Pharmacy/B2B,11,37.0,EUR,0.2,407.0,325.6
TXN-DE-3-000232,2026-08-27 05:30:51,2026-08-27 05:36:51,DE,SaaS Platform,D,DER-001,Dermacare GlowSerum,Aesthetic,Dermacare,Pharmacy/B2B,5,32.0,EUR,0.1,160.0,144.0
TXN-DE-3-000233,2026-08-27 00:23:11,2026-08-27 00:26:11,DE,SaaS Platform,D,MED-001,Medora Cardio 10mg,Prescription,Medora,D2C,5,43.0,EUR,0.0,215.0,215.0
TXN-DE-3-000234,2026-08-27 05:32:08,2026-08-27 05:36:08,DE,SaaS Platform,D,VIT-002,Vitalis Multivit,Supplement,Vitalis,E-commerce,5,17.0,EUR,0.0,85.0,85.0
TXN-DE-3-000235,2026-08-27 01:43:01,2026-08-27 01:49:01,DE,SaaS Platform,D,SAN-002,SanaPlus ColdFlu,OTC,SanaPlus,Wholesale,12,10.5,EUR,0.0,126.0,126.0
TXN-DE-3-000236,2026-08-27 13:07:50,2026-08-27 13:09:50,DE,SaaS Platform,D,PUR-001,PureLife GlucoMonitor,Medical Device,PureLife,D2C,8,85.0,EUR,0.2,680.0,544.0
TXN-DE-3-000237,2026-08-27 15:07:27,2026-08-27 15:09:27,DE,SaaS Platform,D,VIT-002,Vitalis Multivit,Supplement,Vitalis,Wholesale,3,17.0,EUR,0.0,51.0,51.0
TXN-DE-3-000238,2026-08-27 18:58:13,2026-08-27 19:03:13,DE,SaaS Platform,D,VIT-001,Vitalis C1000,Supplement,Vitalis,Wholesale,11,21.0,EUR,0.0,231.0,231.0
TXN-DE-3-000239,2026-08-27 16:54:16,2026-08-27 16:55:16,DE,SaaS Platform,D,VIT-002,Vitalis Multivit,Supplement,Vitalis,D2C,8,17.0,EUR,0.1,136.0,122.4
TXN-DE-3-000240,2026-08-27 23:57:48,2026-08-28 00:01:48,DE,SaaS Platform,D,DER-001,Dermacare GlowSerum,Aesthetic,Dermacare,D2C,4,32.0,EUR,0.0,128.0,128.0
TXN-DE-3-000241,2026-08-27 14:17:14,2026-08-27 14:22:14,DE,SaaS Platform,D,SAN-002,SanaPlus ColdFlu,OTC,SanaPlus,Pharmacy/B2B,4,10.5,EUR,0.1,42.0,37.8
TXN-DE-3-000242,2026-08-27 10:50:58,2026-08-27 10:54:58,DE,SaaS Platform,D,SAN-002,SanaPlus ColdFlu,OTC,SanaPlus,D2C,4,10.5,EUR,0.0,42.0,42.0
TXN-DE-3-000243,2026-08-27 22:16:08,2026-08-27 22:20:08,DE,SaaS Platform,D,DER-002,Dermacare LiftCream,Aesthetic,Dermacare,Wholesale,9,37.0,EUR,0.05,333.0,316.35
TXN-DE-3-000244,2026-08-27 23:23:48,2026-08-27 23:25:48,DE,SaaS Platform,D,DER-002,Dermacare LiftCream,Aesthetic,Dermacare,Pharmacy/B2B,11,37.0,EUR,0.0,407.0,407.0
TXN-DE-3-000245,2026-08-27 06:40:37,2026-08-27 06:46:37,DE,SaaS Platform,D,DER-002,Dermacare LiftCream,Aesthetic,Dermacare,E-commerce,4,37.0,EUR,0.0,148.0,148.0
TXN-DE-3-000246,2026-08-27 23:43:42,2026-08-27 23:49:42,DE,SaaS Platform,D,MED-001,Medora Cardio 10mg,Prescription,Medora,Wholesale,3,43.0,EUR,0.2,129.0,103.2
TXN-DE-3-000247,2026-08-27 17:23:57,2026-08-27 17:27:57,DE,SaaS Platform,D,VIT-001,Vitalis C1000,Supplement,Vitalis,Wholesale,2,21.0,EUR,0.0,42.0,42.0
TXN-DE-3-000248,2026-08-27 22:57:33,2026-08-27 22:59:33,DE,SaaS Platform,D,SAN-002,SanaPlus ColdFlu,OTC,SanaPlus,Wholesale,10,10.5,EUR,0.2,105.0,84.0
TXN-DE-3-000249,2026-08-27 10:05:13,2026-08-27 10:09:13,DE,SaaS Platform,D,MED-002,Medora Derm Cream,Prescription,Medora,E-commerce,7,26.0,EUR,0.05,182.0,172.9
TXN-DE-3-000250,2026-08-27 08:08:55,2026-08-27 08:12:55,DE,SaaS Platform,D,SAN-002,SanaPlus ColdFlu,OTC,SanaPlus,Pharmacy/B2B,8,10.5,EUR,0.15,84.0,71.4
TXN-DE-3-000251,2026-08-27 07:34:01,2026-08-27 07:36:01,DE,SaaS Platform,D,MED-002,Medora Derm Cream,Prescription,Medora,D2C,1,26.0,EUR,0.05,26.0,24.7
TXN-DE-3-000252,2026-08-27 09:21:18,2026-08-27 09:26:18,DE,SaaS Platform,D,MED-001,Medora Cardio 10mg,Prescription,Medora,Pharmacy/B2B,7,43.0,EUR,0.1,301.0,270.9
TXN-DE-3-000253,2026-08-27 09:05:20,2026-08-27 09:11:20,DE,SaaS Platform,D,VIT-001,Vitalis C1000,Supplement,Vitalis,Wholesale,3,21.0,EUR,0.0,63.0,63.0
TXN-DE-3-000254,2026-08-27 06:26:09,2026-08-27 06:32:09,DE,SaaS Platform,D,MED-002,Medora Derm Cream,Prescription,Medora,E-commerce,4,26.0,EUR,0.0,104.0,104.0
TXN-DE-3-000255,2026-08-27 21:12:17,2026-08-27 21:13:17,DE,SaaS Platform,D,PUR-001,PureLife GlucoMonitor,Medical Device,PureLife,Wholesale,2,85.0,EUR,0.0,170.0,170.0
TXN-DE-3-000256,2026-08-27 00:36:14,2026-08-27 00:41:14,DE,SaaS Platform,D,PUR-001,PureLife GlucoMonitor,Medical Device,PureLife,D2C,9,85.0,EUR,0.0,765.0,765.0
TXN-DE-3-000257,2026-08-27 02:14:30,2026-08-27 02:18:30,DE,SaaS Platform,D,SAN-002,SanaPlus ColdFlu,OTC,SanaPlus,Wholesale,11,10.5,EUR,0.2,115.5,92.4
TXN-DE-3-000258,2026-08-27 08:37:25,2026-08-27 08:39:25,DE,SaaS Platform,D,SAN-002,SanaPlus ColdFlu,OTC,SanaPlus,E-commerce,7,10.5,EUR,0.1,73.5,66.15
TXN-DE-3-000259,2026-08-27 13:18:55,2026-08-27 13:24:55,DE,SaaS Platform,D,VIT-002,Vitalis Multivit,Supplement,Vitalis,Pharmacy/B2B,11,17.0,EUR,0.0,187.0,187.0
TXN-DE-3-000260,2026-08-27 09:26:57,2026-08-27 09:27:57,DE,SaaS Platform,D,PUR-001,PureLife GlucoMonitor,Medical Device,PureLife,Wholesale,6,85.0,EUR,0.05,510.0,484.5
TXN-DE-3-000261,2026-08-27 05:03:14,2026-08-27 05:05:14,DE,SaaS Platform,D,DER-001,Dermacare GlowSerum,Aesthetic,Dermacare,D2C,1,32.0,EUR,0.0,32.0,32.0
TXN-DE-3-000262,2026-08-27 00:51:45,2026-08-27 00:57:45,DE,SaaS Platform,D,DER-001,Dermacare GlowSerum,Aesthetic,Dermacare,Wholesale,6,32.0,EUR,0.0,192.0,192.0
TXN-DE-3-000263,2026-08-27 22:32:26,2026-08-27 22:38:26,DE,SaaS Platform,D,PUR-002,PureLife BP Monitor,Medical Device,PureLife,Pharmacy/B2B,10,90.0,EUR,0.15,900.0,765.0
TXN-DE-3-000264,2026-08-27 16:27:55,2026-08-27 16:30:55,DE,SaaS Platform,D,SAN-002,SanaPlus ColdFlu,OTC,SanaPlus,D2C,11,10.5,EUR,0.0,115.5,115.5
TXN-DE-3-000265,2026-08-27 22:43:48,2026-08-27 22:44:48,DE,SaaS Platform,D,SAN-001,SanaPlus PainRelief,OTC,SanaPlus,Wholesale,7,9.5,EUR,0.2,66.5,53.2
TXN-DE-3-000266,2026-08-27 23:07:11,2026-08-27 23:11:11,DE,SaaS Platform,D,VIT-002,Vitalis Multivit,Supplement,Vitalis,Pharmacy/B2B,6,17.0,EUR,0.15,102.0,86.7
TXN-DE-3-000267,2026-08-27 15:50:09,2026-08-27 15:53:09,DE,SaaS Platform,D,VIT-001,Vitalis C1000,Supplement,Vitalis,D2C,3,21.0,EUR,0.05,63.0,59.85
TXN-DE-3-000268,2026-08-27 07:06:38,2026-08-27 07:09:38,DE,SaaS Platform,D,PUR-002,PureLife BP Monitor,Medical Device,PureLife,Pharmacy/B2B,5,90.0,EUR,0.0,450.0,450.0
TXN-DE-3-000269,2026-08-27 09:58:15,2026-08-27 10:00:15,DE,SaaS Platform,D,MED-001,Medora Cardio 10mg,Prescription,Medora,Wholesale,6,43.0,EUR,0.05,258.0,245.1
TXN-DE-3-000270,2026-08-27 17:09:57,2026-08-27 17:13:57,DE,SaaS Platform,D,DER-001,Dermacare GlowSerum,Aesthetic,Dermacare,Pharmacy/B2B,4,32.0,EUR,0.0,128.0,128.0
TXN-DE-3-000271,2026-08-27 08:11:51,2026-08-27 08:12:51,DE,SaaS Platform,D,DER-001,Dermacare GlowSerum,Aesthetic,Dermacare,Pharmacy/B2B,2,32.0,EUR,0.1,64.0,57.6
TXN-DE-3-000272,2026-08-27 11:35:16,2026-08-27 11:39:16,DE,SaaS Platform,D,DER-002,Dermacare LiftCream,Aesthetic,Dermacare,Wholesale,4,37.0,EUR,0.0,148.0,148.0
TXN-DE-3-000273,2026-08-27 19:24:08,2026-08-27 19:29:08,DE,SaaS Platform,D,SAN-001,SanaPlus PainRelief,OTC,SanaPlus,E-commerce,3,9.5,EUR,0.0,28.5,28.5
TXN-DE-3-000274,2026-08-27 17:58:34,2026-08-27 18:03:34,DE,SaaS Platform,D,PUR-002,PureLife BP Monitor,Medical Device,PureLife,E-commerce,1,90.0,EUR,0.05,90.0,85.5
TXN-DE-3-000275,2026-08-27 20:29:06,2026-08-27 20:35:06,DE,SaaS Platform,D,VIT-001,Vitalis C1000,Supplement,Vitalis,Pharmacy/B2B,12,21.0,EUR,0.0,252.0,252.0
TXN-DE-3-000276,2026-08-27 13:38:25,2026-08-27 13:41:25,DE,SaaS Platform,D,VIT-002,Vitalis Multivit,Supplement,Vitalis,Pharmacy/B2B,3,17.0,EUR,0.1,51.0,45.9
TXN-DE-3-000277,2026-08-27 13:00:36,2026-08-27 13:06:36,DE,SaaS Platform,D,PUR-001,PureLife GlucoMonitor,Medical Device,PureLife,E-commerce,10,85.0,EUR,0.0,850.0,850.0
TXN-DE-3-000278,2026-08-27 07:41:42,2026-08-27 07:46:42,DE,SaaS Platform,D,MED-001,Medora Cardio 10mg,Prescription,Medora,Pharmacy/B2B,3,43.0,EUR,0.2,129.0,103.2
TXN-DE-3-000279,2026-08-27 11:16:49,2026-08-27 11:17:49,DE,SaaS Platform,D,VIT-001,Vitalis C1000,Supplement,Vitalis,Wholesale,12,21.0,EUR,0.2,252.0,201.6
TXN-DE-3-000280,2026-08-27 01:12:30,2026-08-27 01:14:30,DE,SaaS Platform,D,SAN-002,SanaPlus ColdFlu,OTC,SanaPlus,D2C,3,10.5,EUR,0.0,31.5,31.5
TXN-DE-3-000281,2026-08-27 23:15:57,2026-08-27 23:21:57,DE,SaaS Platform,D,PUR-001,PureLife GlucoMonitor,Medical Device,PureLife,D2C,11,85.0,EUR,0.2,935.0,748.0
TXN-DE-3-000282,2026-08-27 22:44:42,2026-08-27 22:47:42,DE,SaaS Platform,D,PUR-001,PureLife GlucoMonitor,Medical Device,PureLife,Pharmacy/B2B,2,85.0,EUR,0.0,170.0,170.0
TXN-DE-3-000283,2026-08-27 04:34:30,2026-08-27 04:38:30,DE,SaaS Platform,D,SAN-001,SanaPlus PainRelief,OTC,SanaPlus,D2C,8,9.5,EUR,0.0,76.0,76.0
TXN-DE-3-000284,2026-08-27 21:18:47,2026-08-27 21:23:47,DE,SaaS Platform,D,SAN-001,SanaPlus PainRelief,OTC,SanaPlus,Wholesale,1,9.5,EUR,0.1,9.5,8.55
TXN-DE-3-000285,2026-08-27 17:07:02,2026-08-27 17:13:02,DE,SaaS Platform,D,SAN-001,SanaPlus PainRelief,OTC,SanaPlus,Wholesale,11,9.5,EUR,0.15,104.5,88.83
TXN-DE-3-000286,2026-08-27 13:05:16,2026-08-27 13:07:16,DE,SaaS Platform,D,MED-002,Medora Derm Cream,Prescription,Medora,E-commerce,12,26.0,EUR,0.15,312.0,265.2
TXN-DE-3-000287,2026-08-27 20:05:50,2026-08-27 20:11:50,DE,SaaS Platform,D,SAN-002,SanaPlus ColdFlu,OTC,SanaPlus,D2C,3,10.5,EUR,0.05,31.5,29.92
TXN-DE-3-000288,2026-08-27 21:50:20,2026-08-27 21:55:20,DE,SaaS Platform,D,VIT-002,Vitalis Multivit,Supplement,Vitalis,Wholesale,7,17.0,EUR,0.0,119.0,119.0
TXN-DE-3-000289,2026-08-27 12:33:12,2026-08-27 12:36:12,DE,SaaS Platform,D,PUR-001,PureLife GlucoMonitor,Medical Device,PureLife,Pharmacy/B2B,2,85.0,EUR,0.15,170.0,144.5
TXN-DE-3-000290,2026-08-27 01:59:47,2026-08-27 02:01:47,DE,SaaS Platform,D,MED-002,Medora Derm Cream,Prescription,Medora,Wholesale,11,26.0,EUR,0.0,286.0,286.0
TXN-DE-3-000291,2026-08-27 23:50:43,2026-08-27 23:55:43,DE,SaaS Platform,D,DER-002,Dermacare LiftCream,Aesthetic,Dermacare,Pharmacy/B2B,5,37.0,EUR,0.0,185.0,185.0
TXN-DE-3-000292,2026-08-27 19:11:16,2026-08-27 19:17:16,DE,SaaS Platform,D,DER-002,Dermacare LiftCream,Aesthetic,Dermacare,Wholesale,9,37.0,EUR,0.2,333.0,266.4
TXN-DE-3-000293,2026-08-27 13:52:44,2026-08-27 13:54:44,DE,SaaS Platform,D,MED-001,Medora Cardio 10mg,Prescription,Medora,Wholesale,9,43.0,EUR,0.0,387.0,387.0
TXN-DE-3-000294,2026-08-27 19:04:18,2026-08-27 19:05:18,DE,SaaS Platform,D,DER-001,Dermacare GlowSerum,Aesthetic,Dermacare,D2C,10,32.0,EUR,0.05,320.0,304.0
TXN-DE-3-000295,2026-08-27 08:22:35,2026-08-27 08:24:35,DE,SaaS Platform,D,PUR-001,PureLife GlucoMonitor,Medical Device,PureLife,Pharmacy/B2B,5,85.0,EUR,0.15,425.0,361.25
TXN-DE-3-000296,2026-08-27 08:41:54,2026-08-27 08:44:54,DE,SaaS Platform,D,PUR-002,PureLife BP Monitor,Medical Device,PureLife,Wholesale,4,90.0,EUR,0.15,360.0,306.0
TXN-DE-3-000297,2026-08-27 07:26:23,2026-08-27 07:29:23,DE,SaaS Platform,D,MED-002,Medora Derm Cream,Prescription,Medora,Pharmacy/B2B,6,26.0,EUR,0.0,156.0,156.0
TXN-DE-3-000298,2026-08-27 05:23:13,2026-08-27 05:26:13,DE,SaaS Platform,D,MED-002,Medora Derm Cream,Prescription,Medora,D2C,12,26.0,EUR,0.05,312.0,296.4
TXN-DE-3-000299,2026-08-27 16:12:54,2026-08-27 16:17:54,DE,SaaS Platform,D,VIT-001,Vitalis C1000,Supplement,Vitalis,D2C,9,21.0,EUR,0.15,189.0,160.65
TXN-DE-3-000300,2026-08-27 11:31:23,2026-08-27 11:33:23,DE,SaaS Platform,D,MED-001,Medora Cardio 10mg,Prescription,Medora,E-commerce,3,43.0,EUR,0.05,129.0,122.55
TXN-DE-3-000301,2026-08-27 13:48:41,2026-08-27 13:51:41,DE,SaaS Platform,D,PUR-001,PureLife GlucoMonitor,Medical Device,PureLife,E-commerce,12,85.0,EUR,0.15,1020.0,867.0
TXN-DE-3-000302,2026-08-27 23:39:43,2026-08-27 23:41:43,DE,SaaS Platform,D,PUR-001,PureLife GlucoMonitor,Medical Device,PureLife,Pharmacy/B2B,5,85.0,EUR,0.0,425.0,425.0
TXN-DE-3-000303,2026-08-27 21:41:30,2026-08-27 21:43:30,DE,SaaS Platform,D,VIT-001,Vitalis C1000,Supplement,Vitalis,D2C,6,21.0,EUR,0.05,126.0,119.7
TXN-DE-3-000304,2026-08-27 21:55:44,2026-08-27 21:56:44,DE,SaaS Platform,D,PUR-001,PureLife GlucoMonitor,Medical Device,PureLife,Pharmacy/B2B,6,85.0,EUR,0.0,510.0,510.0
TXN-DE-3-000305,2026-08-27 07:27:21,2026-08-27 07:31:21,DE,SaaS Platform,D,PUR-001,PureLife GlucoMonitor,Medical Device,PureLife,D2C,11,85.0,EUR,0.0,935.0,935.0
TXN-DE-3-000306,2026-08-27 06:06:29,2026-08-27 06:08:29,DE,SaaS Platform,D,VIT-001,Vitalis C1000,Supplement,Vitalis,D2C,11,21.0,EUR,0.1,231.0,207.9
TXN-DE-3-000307,2026-08-27 07:53:53,2026-08-27 07:56:53,DE,SaaS Platform,D,DER-001,Dermacare GlowSerum,Aesthetic,Dermacare,D2C,7,32.0,EUR,0.0,224.0,224.0
TXN-DE-3-000308,2026-08-27 00:28:55,2026-08-27 00:31:55,DE,SaaS Platform,D,DER-001,Dermacare GlowSerum,Aesthetic,Dermacare,Pharmacy/B2B,5,32.0,EUR,0.0,160.0,160.0
TXN-DE-3-000309,2026-08-27 01:42:06,2026-08-27 01:45:06,DE,SaaS Platform,D,PUR-001,PureLife GlucoMonitor,Medical Device,PureLife,Wholesale,9,85.0,EUR,0.1,765.0,688.5
TXN-DE-3-000310,2026-08-27 14:32:49,2026-08-27 14:35:49,DE,SaaS Platform,D,DER-002,Dermacare LiftCream,Aesthetic,Dermacare,Pharmacy/B2B,11,37.0,EUR,0.0,407.0,407.0
TXN-DE-3-000311,2026-08-27 15:16:03,2026-08-27 15:21:03,DE,SaaS Platform,D,SAN-001,SanaPlus PainRelief,OTC,SanaPlus,Wholesale,3,9.5,EUR,0.1,28.5,25.65
TXN-DE-3-000312,2026-08-27 21:33:09,2026-08-27 21:37:09,DE,SaaS Platform,D,VIT-002,Vitalis Multivit,Supplement,Vitalis,Pharmacy/B2B,9,17.0,EUR,0.0,153.0,153.0
TXN-DE-3-000313,2026-08-27 04:40:49,2026-08-27 04:46:49,DE,SaaS Platform,D,MED-002,Medora Derm Cream,Prescription,Medora,Wholesale,8,26.0,EUR,0.15,208.0,176.8
TXN-DE-3-000314,2026-08-27 08:50:14,2026-08-27 08:56:14,DE,SaaS Platform,D,PUR-002,PureLife BP Monitor,Medical Device,PureLife,Wholesale,2,90.0,EUR,0.2,180.0,144.0
TXN-DE-3-000315,2026-08-27 05:17:04,2026-08-27 05:23:04,DE,SaaS Platform,D,DER-001,Dermacare GlowSerum,Aesthetic,Dermacare,E-commerce,8,32.0,EUR,0.15,256.0,217.6
TXN-DE-3-000316,2026-08-27 15:58:06,2026-08-27 16:00:06,DE,SaaS Platform,D,DER-002,Dermacare LiftCream,Aesthetic,Dermacare,E-commerce,1,37.0,EUR,0.2,37.0,29.6
TXN-DE-3-000317,2026-08-27 23:30:36,2026-08-27 23:31:36,DE,SaaS Platform,D,SAN-001,SanaPlus PainRelief,OTC,SanaPlus,Pharmacy/B2B,9,9.5,EUR,0.0,85.5,85.5
TXN-DE-3-000318,2026-08-27 01:02:16,2026-08-27 01:08:16,DE,SaaS Platform,D,DER-002,Dermacare LiftCream,Aesthetic,Dermacare,Pharmacy/B2B,9,37.0,EUR,0.0,333.0,333.0
TXN-DE-3-000319,2026-08-27 03:00:42,2026-08-27 03:04:42,DE,SaaS Platform,D,DER-001,Dermacare GlowSerum,Aesthetic,Dermacare,Wholesale,6,32.0,EUR,0.15,192.0,163.2
TXN-DE-3-000320,2026-08-27 02:53:33,2026-08-27 02:59:33,DE,SaaS Platform,D,DER-001,Dermacare GlowSerum,Aesthetic,Dermacare,Pharmacy/B2B,1,32.0,EUR,0.0,32.0,32.0
TXN-DE-3-000321,2026-08-27 17:38:22,2026-08-27 17:44:22,DE,SaaS Platform,D,DER-002,Dermacare LiftCream,Aesthetic,Dermacare,D2C,4,37.0,EUR,0.0,148.0,148.0
TXN-DE-3-000322,2026-08-27 22:45:20,2026-08-27 22:50:20,DE,SaaS Platform,D,DER-001,Dermacare GlowSerum,Aesthetic,Dermacare,Pharmacy/B2B,10,32.0,EUR,0.0,320.0,320.0
TXN-DE-3-000323,2026-08-27 18:42:57,2026-08-27 18:43:57,DE,SaaS Platform,D,MED-001,Medora Cardio 10mg,Prescription,Medora,Wholesale,9,43.0,EUR,0.15,387.0,328.95
TXN-DE-3-000324,2026-08-27 05:12:15,2026-08-27 05:17:15,DE,SaaS Platform,D,VIT-002,Vitalis Multivit,Supplement,Vitalis,Wholesale,8,17.0,EUR,0.1,136.0,122.4
TXN-DE-3-000325,2026-08-27 15:12:06,2026-08-27 15:18:06,DE,SaaS Platform,D,MED-002,Medora Derm Cream,Prescription,Medora,E-commerce,12,26.0,EUR,0.0,312.0,312.0
TXN-DE-3-000326,2026-08-27 17:53:32,2026-08-27 17:58:32,DE,SaaS Platform,D,SAN-002,SanaPlus ColdFlu,OTC,SanaPlus,Wholesale,1,10.5,EUR,0.1,10.5,9.45
TXN-DE-3-000327,2026-08-27 07:02:24,2026-08-27 07:04:24,DE,SaaS Platform,D,MED-002,Medora Derm Cream,Prescription,Medora,D2C,2,26.0,EUR,0.1,52.0,46.8
TXN-DE-3-000328,2026-08-27 03:03:40,2026-08-27 03:09:40,DE,SaaS Platform,D,PUR-001,PureLife GlucoMonitor,Medical Device,PureLife,D2C,4,85.0,EUR,0.2,340.0,272.0
TXN-DE-3-000329,2026-08-27 21:59:16,2026-08-27 22:03:16,DE,SaaS Platform,D,PUR-002,PureLife BP Monitor,Medical Device,PureLife,Pharmacy/B2B,2,90.0,EUR,0.05,180.0,171.0
TXN-DE-3-000330,2026-08-27 10:20:04,2026-08-27 10:21:04,DE,SaaS Platform,D,VIT-002,Vitalis Multivit,Supplement,Vitalis,Wholesale,3,17.0,EUR,0.15,51.0,43.35
TXN-DE-3-000331,2026-08-27 06:46:21,2026-08-27 06:48:21,DE,SaaS Platform,D,SAN-001,SanaPlus PainRelief,OTC,SanaPlus,E-commerce,11,9.5,EUR,0.15,104.5,88.83
TXN-DE-3-000332,2026-08-27 03:19:40,2026-08-27 03:22:40,DE,SaaS Platform,D,SAN-001,SanaPlus PainRelief,OTC,SanaPlus,E-commerce,9,9.5,EUR,0.0,85.5,85.5
TXN-DE-3-000333,2026-08-27 00:39:59,2026-08-27 00:43:59,DE,SaaS Platform,D,VIT-001,Vitalis C1000,Supplement,Vitalis,E-commerce,4,21.0,EUR,0.05,84.0,79.8
TXN-DE-3-000334,2026-08-27 12:43:53,2026-08-27 12:49:53,DE,SaaS Platform,D,DER-002,Dermacare LiftCream,Aesthetic,Dermacare,Pharmacy/B2B,5,37.0,EUR,0.05,185.0,175.75
TXN-DE-3-000335,2026-08-27 20:23:07,2026-08-27 20:26:07,DE,SaaS Platform,D,DER-001,Dermacare GlowSerum,Aesthetic,Dermacare,D2C,10,32.0,EUR,0.0,320.0,320.0
TXN-DE-3-000336,2026-08-27 05:37:02,2026-08-27 05:41:02,DE,SaaS Platform,D,MED-001,Medora Cardio 10mg,Prescription,Medora,D2C,3,43.0,EUR,0.0,129.0,129.0
TXN-DE-3-000337,2026-08-27 17:33:15,2026-08-27 17:35:15,DE,SaaS Platform,D,SAN-002,SanaPlus ColdFlu,OTC,SanaPlus,D2C,12,10.5,EUR,0.2,126.0,100.8
TXN-DE-3-000338,2026-08-27 01:19:18,2026-08-27 01:20:18,DE,SaaS Platform,D,SAN-001,SanaPlus PainRelief,OTC,SanaPlus,Wholesale,2,9.5,EUR,0.0,19.0,19.0
TXN-DE-3-000339,2026-08-27 16:00:14,2026-08-27 16:01:14,DE,SaaS Platform,D,VIT-002,Vitalis Multivit,Supplement,Vitalis,Pharmacy/B2B,6,17.0,EUR,0.0,102.0,102.0
TXN-DE-3-000340,2026-08-27 15:02:13,2026-08-27 15:04:13,DE,SaaS Platform,D,DER-001,Dermacare GlowSerum,Aesthetic,Dermacare,Pharmacy/B2B,8,32.0,EUR,0.05,256.0,243.2
TXN-DE-3-000341,2026-08-27 02:59:57,2026-08-27 03:05:57,DE,SaaS Platform,D,VIT-002,Vitalis Multivit,Supplement,Vitalis,D2C,4,17.0,EUR,0.1,68.0,61.2
TXN-DE-3-000342,2026-08-27 23:53:32,2026-08-27 23:58:32,DE,SaaS Platform,D,PUR-002,PureLife BP Monitor,Medical Device,PureLife,Pharmacy/B2B,10,90.0,EUR,0.05,900.0,855.0
TXN-DE-3-000343,2026-08-27 22:59:59,2026-08-27 23:04:59,DE,SaaS Platform,D,SAN-002,SanaPlus ColdFlu,OTC,SanaPlus,D2C,11,10.5,EUR,0.2,115.5,92.4
TXN-DE-3-000344,2026-08-27 14:13:35,2026-08-27 14:18:35,DE,SaaS Platform,D,DER-001,Dermacare GlowSerum,Aesthetic,Dermacare,E-commerce,10,32.0,EUR,0.0,320.0,320.0
TXN-DE-3-000345,2026-08-27 10:57:47,2026-08-27 10:58:47,DE,SaaS Platform,D,SAN-002,SanaPlus ColdFlu,OTC,SanaPlus,Pharmacy/B2B,12,10.5,EUR,0.05,126.0,119.7
TXN-DE-3-000346,2026-08-27 08:46:21,2026-08-27 08:50:21,DE,SaaS Platform,D,SAN-002,SanaPlus ColdFlu,OTC,SanaPlus,Wholesale,2,10.5,EUR,0.0,21.0,21.0
TXN-DE-3-000347,2026-08-27 18:42:26,2026-08-27 18:48:26,DE,SaaS Platform,D,DER-002,Dermacare LiftCream,Aesthetic,Dermacare,D2C,1,37.0,EUR,0.15,37.0,31.45
TXN-DE-3-000348,2026-08-27 17:26:06,2026-08-27 17:32:06,DE,SaaS Platform,D,SAN-001,SanaPlus PainRelief,OTC,SanaPlus,Pharmacy/B2B,2,9.5,EUR,0.2,19.0,15.2
TXN-DE-3-000349,2026-08-27 13:09:47,2026-08-27 13:12:47,DE,SaaS Platform,D,VIT-002,Vitalis Multivit,Supplement,Vitalis,Pharmacy/B2B,2,17.0,EUR,0.0,34.0,34.0
TXN-DE-3-000350,2026-08-27 21:00:39,2026-08-27 21:05:39,DE,SaaS Platform,D,DER-002,Dermacare LiftCream,Aesthetic,Dermacare,E-commerce,7,37.0,EUR,0.2,259.0,207.2
TXN-DE-3-000351,2026-08-27 10:34:40,2026-08-27 10:36:40,DE,SaaS Platform,D,SAN-002,SanaPlus ColdFlu,OTC,SanaPlus,Pharmacy/B2B,11,10.5,EUR,0.05,115.5,109.72
TXN-DE-3-000352,2026-08-27 01:42:04,2026-08-27 01:48:04,DE,SaaS Platform,D,MED-002,Medora Derm Cream,Prescription,Medora,E-commerce,10,26.0,EUR,0.0,260.0,260.0
TXN-DE-3-000353,2026-08-27 00:06:08,2026-08-27 00:12:08,DE,SaaS Platform,D,SAN-002,SanaPlus ColdFlu,OTC,SanaPlus,Pharmacy/B2B,9,10.5,EUR,0.05,94.5,89.77
TXN-DE-3-000354,2026-08-27 14:12:05,2026-08-27 14:13:05,DE,SaaS Platform,D,MED-001,Medora Cardio 10mg,Prescription,Medora,Pharmacy/B2B,12,43.0,EUR,0.15,516.0,438.6
TXN-DE-3-000355,2026-08-27 15:44:17,2026-08-27 15:47:17,DE,SaaS Platform,D,MED-001,Medora Cardio 10mg,Prescription,Medora,D2C,11,43.0,EUR,0.15,473.0,402.05
TXN-DE-3-000356,2026-08-27 22:35:37,2026-08-27 22:37:37,DE,SaaS Platform,D,PUR-002,PureLife BP Monitor,Medical Device,PureLife,Pharmacy/B2B,6,90.0,EUR,0.0,540.0,540.0
TXN-DE-3-000357,2026-08-27 11:00:33,2026-08-27 11:03:33,DE,SaaS Platform,D,VIT-001,Vitalis C1000,Supplement,Vitalis,Pharmacy/B2B,9,21.0,EUR,0.0,189.0,189.0
TXN-DE-3-000358,2026-08-27 04:14:55,2026-08-27 04:16:55,DE,SaaS Platform,D,MED-001,Medora Cardio 10mg,Prescription,Medora,E-commerce,11,43.0,EUR,0.05,473.0,449.35
TXN-DE-3-000359,2026-08-27 05:18:36,2026-08-27 05:22:36,DE,SaaS Platform,D,SAN-002,SanaPlus ColdFlu,OTC,SanaPlus,E-commerce,4,10.5,EUR,0.05,42.0,39.9
TXN-DE-3-000360,2026-08-27 12:06:06,2026-08-27 12:10:06,DE,SaaS Platform,D,SAN-001,SanaPlus PainRelief,OTC,SanaPlus,E-commerce,7,9.5,EUR,0.1,66.5,59.85
TXN-DE-3-000361,2026-08-27 09:08:06,2026-08-27 09:14:06,DE,SaaS Platform,D,VIT-001,Vitalis C1000,Supplement,Vitalis,Pharmacy/B2B,8,21.0,EUR,0.0,168.0,168.0
TXN-DE-3-000362,2026-08-27 10:15:04,2026-08-27 10:17:04,DE,SaaS Platform,D,SAN-002,SanaPlus ColdFlu,OTC,SanaPlus,D2C,3,10.5,EUR,0.0,31.5,31.5
TXN-DE-3-000363,2026-08-27 10:49:50,2026-08-27 10:55:50,DE,SaaS Platform,D,PUR-002,PureLife BP Monitor,Medical Device,PureLife,E-commerce,12,90.0,EUR,0.15,1080.0,918.0
TXN-DE-3-000364,2026-08-27 04:49:56,2026-08-27 04:52:56,DE,SaaS Platform,D,MED-002,Medora Derm Cream,Prescription,Medora,D2C,11,26.0,EUR,0.05,286.0,271.7
TXN-DE-3-000365,2026-08-27 18:20:43,2026-08-27 18:25:43,DE,SaaS Platform,D,MED-001,Medora Cardio 10mg,Prescription,Medora,Wholesale,3,43.0,EUR,0.1,129.0,116.1
TXN-DE-3-000366,2026-08-27 12:08:32,2026-08-27 12:12:32,DE,SaaS Platform,D,MED-001,Medora Cardio 10mg,Prescription,Medora,Pharmacy/B2B,8,43.0,EUR,0.0,344.0,344.0
TXN-DE-3-000367,2026-08-27 19:51:09,2026-08-27 19:56:09,DE,SaaS Platform,D,PUR-002,PureLife BP Monitor,Medical Device,PureLife,D2C,1,90.0,EUR,0.15,90.0,76.5
TXN-DE-3-000368,2026-08-27 23:34:58,2026-08-27 23:35:58,DE,SaaS Platform,D,PUR-001,PureLife GlucoMonitor,Medical Device,PureLife,Pharmacy/B2B,11,85.0,EUR,0.2,935.0,748.0
TXN-DE-3-000369,2026-08-27 12:05:08,2026-08-27 12:06:08,DE,SaaS Platform,D,MED-001,Medora Cardio 10mg,Prescription,Medora,D2C,2,43.0,EUR,0.15,86.0,73.1
TXN-DE-3-000370,2026-08-27 02:54:34,2026-08-27 02:59:34,DE,SaaS Platform,D,VIT-002,Vitalis Multivit,Supplement,Vitalis,Pharmacy/B2B,12,17.0,EUR,0.0,204.0,204.0
TXN-DE-3-000371,2026-08-27 11:31:38,2026-08-27 11:32:38,DE,SaaS Platform,D,SAN-001,SanaPlus PainRelief,OTC,SanaPlus,Pharmacy/B2B,2,9.5,EUR,0.15,19.0,16.15
TXN-DE-3-000372,2026-08-27 13:19:12,2026-08-27 13:24:12,DE,SaaS Platform,D,VIT-001,Vitalis C1000,Supplement,Vitalis,E-commerce,9,21.0,EUR,0.0,189.0,189.0
TXN-DE-3-000373,2026-08-27 11:24:01,2026-08-27 11:29:01,DE,SaaS Platform,D,SAN-002,SanaPlus ColdFlu,OTC,SanaPlus,Wholesale,12,10.5,EUR,0.05,126.0,119.7
TXN-DE-3-000374,2026-08-27 00:19:00,2026-08-27 00:21:00,DE,SaaS Platform,D,PUR-002,PureLife BP Monitor,Medical Device,PureLife,Pharmacy/B2B,8,90.0,EUR,0.15,720.0,612.0
TXN-DE-3-000375,2026-08-27 04:15:15,2026-08-27 04:20:15,DE,SaaS Platform,D,SAN-002,SanaPlus ColdFlu,OTC,SanaPlus,Wholesale,1,10.5,EUR,0.0,10.5,10.5
TXN-DE-3-000376,2026-08-27 04:48:49,2026-08-27 04:53:49,DE,SaaS Platform,D,SAN-002,SanaPlus ColdFlu,OTC,SanaPlus,Wholesale,3,10.5,EUR,0.0,31.5,31.5
TXN-DE-3-000377,2026-08-27 11:51:53,2026-08-27 11:57:53,DE,SaaS Platform,D,PUR-001,PureLife GlucoMonitor,Medical Device,PureLife,Pharmacy/B2B,12,85.0,EUR,0.2,1020.0,816.0
TXN-DE-3-000378,2026-08-27 08:49:22,2026-08-27 08:55:22,DE,SaaS Platform,D,DER-001,Dermacare GlowSerum,Aesthetic,Dermacare,Wholesale,7,32.0,EUR,0.0,224.0,224.0
TXN-DE-3-000379,2026-08-27 19:24:10,2026-08-27 19:29:10,DE,SaaS Platform,D,MED-001,Medora Cardio 10mg,Prescription,Medora,Pharmacy/B2B,10,43.0,EUR,0.15,430.0,365.5
TXN-DE-3-000380,2026-08-27 16:39:58,2026-08-27 16:41:58,DE,SaaS Platform,D,SAN-001,SanaPlus PainRelief,OTC,SanaPlus,D2C,10,9.5,EUR,0.0,95.0,95.0
TXN-DE-3-000381,2026-08-27 11:49:36,2026-08-27 11:51:36,DE,SaaS Platform,D,MED-002,Medora Derm Cream,Prescription,Medora,E-commerce,3,26.0,EUR,0.0,78.0,78.0
TXN-DE-3-000382,2026-08-27 11:58:25,2026-08-27 12:01:25,DE,SaaS Platform,D,DER-001,Dermacare GlowSerum,Aesthetic,Dermacare,E-commerce,2,32.0,EUR,0.15,64.0,54.4
TXN-DE-3-000383,2026-08-27 10:06:04,2026-08-27 10:12:04,DE,SaaS Platform,D,SAN-001,SanaPlus PainRelief,OTC,SanaPlus,Pharmacy/B2B,5,9.5,EUR,0.0,47.5,47.5
TXN-DE-3-000384,2026-08-27 15:53:13,2026-08-27 15:58:13,DE,SaaS Platform,D,SAN-001,SanaPlus PainRelief,OTC,SanaPlus,Wholesale,8,9.5,EUR,0.0,76.0,76.0
TXN-DE-3-000385,2026-08-27 15:54:46,2026-08-27 15:56:46,DE,SaaS Platform,D,DER-001,Dermacare GlowSerum,Aesthetic,Dermacare,Pharmacy/B2B,5,32.0,EUR,0.0,160.0,160.0
TXN-DE-3-000386,2026-08-27 05:53:48,2026-08-27 05:59:48,DE,SaaS Platform,D,PUR-002,PureLife BP Monitor,Medical Device,PureLife,E-commerce,8,90.0,EUR,0.0,720.0,720.0
TXN-DE-3-000387,2026-08-27 00:09:14,2026-08-27 00:13:14,DE,SaaS Platform,D,PUR-002,PureLife BP Monitor,Medical Device,PureLife,Wholesale,7,90.0,EUR,0.2,630.0,504.0
TXN-DE-3-000388,2026-08-27 16:15:43,2026-08-27 16:18:43,DE,SaaS Platform,D,SAN-002,SanaPlus ColdFlu,OTC,SanaPlus,E-commerce,2,10.5,EUR,0.0,21.0,21.0
TXN-DE-3-000389,2026-08-27 02:02:53,2026-08-27 02:07:53,DE,SaaS Platform,D,MED-002,Medora Derm Cream,Prescription,Medora,E-commerce,4,26.0,EUR,0.0,104.0,104.0
TXN-DE-3-000390,2026-08-27 19:32:03,2026-08-27 19:37:03,DE,SaaS Platform,D,VIT-002,Vitalis Multivit,Supplement,Vitalis,E-commerce,4,17.0,EUR,0.05,68.0,64.6
TXN-DE-3-000391,2026-08-27 10:36:27,2026-08-27 10:42:27,DE,SaaS Platform,D,SAN-002,SanaPlus ColdFlu,OTC,SanaPlus,Pharmacy/B2B,11,10.5,EUR,0.0,115.5,115.5
TXN-DE-3-000392,2026-08-27 19:51:14,2026-08-27 19:55:14,DE,SaaS Platform,D,SAN-002,SanaPlus ColdFlu,OTC,SanaPlus,Pharmacy/B2B,8,10.5,EUR,0.15,84.0,71.4
TXN-DE-3-000393,2026-08-27 15:41:30,2026-08-27 15:42:30,DE,SaaS Platform,D,PUR-001,PureLife GlucoMonitor,Medical Device,PureLife,Pharmacy/B2B,8,85.0,EUR,0.1,680.0,612.0
TXN-DE-3-000394,2026-08-27 10:19:16,2026-08-27 10:23:16,DE,SaaS Platform,D,DER-001,Dermacare GlowSerum,Aesthetic,Dermacare,Pharmacy/B2B,4,32.0,EUR,0.0,128.0,128.0
TXN-DE-3-000395,2026-08-27 07:20:01,2026-08-27 07:21:01,DE,SaaS Platform,D,VIT-002,Vitalis Multivit,Supplement,Vitalis,D2C,7,17.0,EUR,0.0,119.0,119.0
TXN-DE-3-000396,2026-08-27 22:55:38,2026-08-27 22:57:38,DE,SaaS Platform,D,MED-002,Medora Derm Cream,Prescription,Medora,E-commerce,6,26.0,EUR,0.0,156.0,156.0
TXN-DE-3-000397,2026-08-27 14:33:08,2026-08-27 14:36:08,DE,SaaS Platform,D,DER-002,Dermacare LiftCream,Aesthetic,Dermacare,E-commerce,11,37.0,EUR,0.0,407.0,407.0
TXN-DE-3-000398,2026-08-27 22:59:18,2026-08-27 23:04:18,DE,SaaS Platform,D,SAN-002,SanaPlus ColdFlu,OTC,SanaPlus,Wholesale,7,10.5,EUR,0.0,73.5,73.5
TXN-DE-3-000399,2026-08-27 02:30:51,2026-08-27 02:36:51,DE,SaaS Platform,D,VIT-001,Vitalis C1000,Supplement,Vitalis,Pharmacy/B2B,4,21.0,EUR,0.15,84.0,71.4
TXN-DE-3-000400,2026-08-27 08:06:21,2026-08-27 08:07:21,DE,SaaS Platform,D,SAN-002,SanaPlus ColdFlu,OTC,SanaPlus,Wholesale,11,10.5,EUR,0.0,115.5,115.5
TXN-DE-3-000401,2026-08-27 13:06:52,2026-08-27 13:07:52,DE,SaaS Platform,D,PUR-002,PureLife BP Monitor,Medical Device,PureLife,D2C,10,90.0,EUR,0.0,900.0,900.0
TXN-DE-3-000402,2026-08-27 07:17:49,2026-08-27 07:21:49,DE,SaaS Platform,D,VIT-001,Vitalis C1000,Supplement,Vitalis,D2C,2,21.0,EUR,0.0,42.0,42.0
TXN-DE-3-000403,2026-08-27 08:14:03,2026-08-27 08:19:03,DE,SaaS Platform,D,DER-001,Dermacare GlowSerum,Aesthetic,Dermacare,E-commerce,10,32.0,EUR,0.1,320.0,288.0
TXN-DE-3-000404,2026-08-27 16:24:57,2026-08-27 16:27:57,DE,SaaS Platform,D,SAN-001,SanaPlus PainRelief,OTC,SanaPlus,Wholesale,9,9.5,EUR,0.0,85.5,85.5
TXN-DE-3-000405,2026-08-27 06:59:44,2026-08-27 07:04:44,DE,SaaS Platform,D,SAN-002,SanaPlus ColdFlu,OTC,SanaPlus,Wholesale,4,10.5,EUR,0.0,42.0,42.0
TXN-DE-3-000406,2026-08-27 04:42:02,2026-08-27 04:45:02,DE,SaaS Platform,D,DER-002,Dermacare LiftCream,Aesthetic,Dermacare,E-commerce,4,37.0,EUR,0.0,148.0,148.0
TXN-DE-3-000407,2026-08-27 01:21:49,2026-08-27 01:24:49,DE,SaaS Platform,D,VIT-002,Vitalis Multivit,Supplement,Vitalis,E-commerce,10,17.0,EUR,0.2,170.0,136.0
TXN-DE-3-000408,2026-08-27 21:04:54,2026-08-27 21:10:54,DE,SaaS Platform,D,MED-001,Medora Cardio 10mg,Prescription,Medora,E-commerce,7,43.0,EUR,0.0,301.0,301.0
TXN-DE-3-000409,2026-08-27 22:05:15,2026-08-27 22:07:15,DE,SaaS Platform,D,DER-001,Dermacare GlowSerum,Aesthetic,Dermacare,Wholesale,6,32.0,EUR,0.0,192.0,192.0
TXN-DE-3-000410,2026-08-27 20:36:31,2026-08-27 20:38:31,DE,SaaS Platform,D,DER-002,Dermacare LiftCream,Aesthetic,Dermacare,E-commerce,1,37.0,EUR,0.0,37.0,37.0
TXN-DE-3-000411,2026-08-27 03:36:06,2026-08-27 03:40:06,DE,SaaS Platform,D,VIT-002,Vitalis Multivit,Supplement,Vitalis,Pharmacy/B2B,8,17.0,EUR,0.05,136.0,129.2
TXN-DE-3-000412,2026-08-27 04:45:52,2026-08-27 04:51:52,DE,SaaS Platform,D,VIT-001,Vitalis C1000,Supplement,Vitalis,Pharmacy/B2B,2,21.0,EUR,0.0,42.0,42.0
TXN-DE-3-000413,2026-08-27 22:56:07,2026-08-27 23:02:07,DE,SaaS Platform,D,VIT-002,Vitalis Multivit,Supplement,Vitalis,E-commerce,9,17.0,EUR,0.0,153.0,153.0
TXN-DE-3-000414,2026-08-27 03:07:17,2026-08-27 03:08:17,DE,SaaS Platform,D,MED-002,Medora Derm Cream,Prescription,Medora,Pharmacy/B2B,4,26.0,EUR,0.1,104.0,93.6
TXN-DE-3-000415,2026-08-27 16:49:19,2026-08-27 16:52:19,DE,SaaS Platform,D,DER-002,Dermacare LiftCream,Aesthetic,Dermacare,E-commerce,12,37.0,EUR,0.2,444.0,355.2
TXN-DE-3-000416,2026-08-27 21:46:03,2026-08-27 21:49:03,DE,SaaS Platform,D,DER-001,Dermacare GlowSerum,Aesthetic,Dermacare,D2C,7,32.0,EUR,0.15,224.0,190.4
TXN-DE-3-000417,2026-08-27 20:53:35,2026-08-27 20:59:35,DE,SaaS Platform,D,SAN-001,SanaPlus PainRelief,OTC,SanaPlus,Wholesale,12,9.5,EUR,0.0,114.0,114.0
TXN-DE-3-000418,2026-08-27 08:59:00,2026-08-27 09:05:00,DE,SaaS Platform,D,MED-001,Medora Cardio 10mg,Prescription,Medora,Wholesale,3,43.0,EUR,0.0,129.0,129.0
TXN-DE-3-000419,2026-08-27 15:19:31,2026-08-27 15:20:31,DE,SaaS Platform,D,MED-001,Medora Cardio 10mg,Prescription,Medora,E-commerce,9,43.0,EUR,0.2,387.0,309.6
TXN-DE-3-000420,2026-08-27 08:47:47,2026-08-27 08:50:47,DE,SaaS Platform,D,PUR-002,PureLife BP Monitor,Medical Device,PureLife,Wholesale,11,90.0,EUR,0.0,990.0,990.0
TXN-DE-3-000421,2026-08-27 14:42:48,2026-08-27 14:48:48,DE,SaaS Platform,D,MED-002,Medora Derm Cream,Prescription,Medora,Wholesale,12,26.0,EUR,0.0,312.0,312.0
TXN-DE-3-000422,2026-08-27 20:09:35,2026-08-27 20:11:35,DE,SaaS Platform,D,MED-002,Medora Derm Cream,Prescription,Medora,E-commerce,4,26.0,EUR,0.0,104.0,104.0
TXN-DE-3-000423,2026-08-27 14:27:44,2026-08-27 14:32:44,DE,SaaS Platform,D,MED-002,Medora Derm Cream,Prescription,Medora,E-commerce,6,26.0,EUR,0.15,156.0,132.6
TXN-DE-3-000424,2026-08-27 18:28:14,2026-08-27 18:32:14,DE,SaaS Platform,D,PUR-001,PureLife GlucoMonitor,Medical Device,PureLife,Pharmacy/B2B,11,85.0,EUR,0.15,935.0,794.75
TXN-DE-3-000425,2026-08-27 03:04:49,2026-08-27 03:10:49,DE,SaaS Platform,D,MED-001,Medora Cardio 10mg,Prescription,Medora,E-commerce,6,43.0,EUR,0.0,258.0,258.0
TXN-DE-3-000426,2026-08-27 17:48:01,2026-08-27 17:49:01,DE,SaaS Platform,D,DER-001,Dermacare GlowSerum,Aesthetic,Dermacare,Pharmacy/B2B,3,32.0,EUR,0.0,96.0,96.0
TXN-DE-3-000427,2026-08-27 14:13:09,2026-08-27 14:14:09,DE,SaaS Platform,D,DER-001,Dermacare GlowSerum,Aesthetic,Dermacare,Pharmacy/B2B,5,32.0,EUR,0.15,160.0,136.0
TXN-DE-3-000428,2026-08-27 06:18:29,2026-08-27 06:21:29,DE,SaaS Platform,D,SAN-002,SanaPlus ColdFlu,OTC,SanaPlus,Wholesale,5,10.5,EUR,0.0,52.5,52.5
TXN-DE-3-000429,2026-08-27 10:47:29,2026-08-27 10:50:29,DE,SaaS Platform,D,PUR-001,PureLife GlucoMonitor,Medical Device,PureLife,E-commerce,4,85.0,EUR,0.0,340.0,340.0
TXN-DE-3-000430,2026-08-27 07:17:57,2026-08-27 07:23:57,DE,SaaS Platform,D,PUR-001,PureLife GlucoMonitor,Medical Device,PureLife,D2C,3,85.0,EUR,0.1,255.0,229.5
TXN-DE-3-000431,2026-08-27 16:58:22,2026-08-27 17:00:22,DE,SaaS Platform,D,VIT-002,Vitalis Multivit,Supplement,Vitalis,E-commerce,1,17.0,EUR,0.05,17.0,16.15
TXN-DE-3-000432,2026-08-27 16:13:21,2026-08-27 16:15:21,DE,SaaS Platform,D,DER-002,Dermacare LiftCream,Aesthetic,Dermacare,D2C,4,37.0,EUR,0.0,148.0,148.0
TXN-DE-3-000433,2026-08-27 18:11:04,2026-08-27 18:14:04,DE,SaaS Platform,D,DER-002,Dermacare LiftCream,Aesthetic,Dermacare,D2C,7,37.0,EUR,0.0,259.0,259.0
TXN-DE-3-000434,2026-08-27 00:25:10,2026-08-27 00:27:10,DE,SaaS Platform,D,VIT-002,Vitalis Multivit,Supplement,Vitalis,Pharmacy/B2B,6,17.0,EUR,0.2,102.0,81.6
TXN-DE-3-000435,2026-08-27 12:54:57,2026-08-27 13:00:57,DE,SaaS Platform,D,SAN-001,SanaPlus PainRelief,OTC,SanaPlus,Pharmacy/B2B,3,9.5,EUR,0.0,28.5,28.5
TXN-DE-3-000436,2026-08-27 05:42:30,2026-08-27 05:45:30,DE,SaaS Platform,D,VIT-001,Vitalis C1000,Supplement,Vitalis,E-commerce,6,21.0,EUR,0.2,126.0,100.8
TXN-DE-3-000437,2026-08-27 23:14:43,2026-08-27 23:19:43,DE,SaaS Platform,D,SAN-001,SanaPlus PainRelief,OTC,SanaPlus,Wholesale,2,9.5,EUR,0.0,19.0,19.0
TXN-DE-3-000438,2026-08-27 23:57:56,2026-08-28 00:01:56,DE,SaaS Platform,D,MED-001,Medora Cardio 10mg,Prescription,Medora,Pharmacy/B2B,5,43.0,EUR,0.0,215.0,215.0
TXN-DE-3-000439,2026-08-27 08:48:27,2026-08-27 08:50:27,DE,SaaS Platform,D,DER-001,Dermacare GlowSerum,Aesthetic,Dermacare,Wholesale,7,32.0,EUR,0.1,224.0,201.6
TXN-DE-3-000440,2026-08-27 04:04:26,2026-08-27 04:06:26,DE,SaaS Platform,D,VIT-002,Vitalis Multivit,Supplement,Vitalis,D2C,11,17.0,EUR,0.2,187.0,149.6
TXN-DE-3-000441,2026-08-27 16:16:56,2026-08-27 16:21:56,DE,SaaS Platform,D,MED-002,Medora Derm Cream,Prescription,Medora,Pharmacy/B2B,1,26.0,EUR,0.15,26.0,22.1
TXN-DE-3-000442,2026-08-27 06:50:06,2026-08-27 06:52:06,DE,SaaS Platform,D,MED-002,Medora Derm Cream,Prescription,Medora,Wholesale,8,26.0,EUR,0.15,208.0,176.8
TXN-DE-3-000443,2026-08-27 13:30:52,2026-08-27 13:36:52,DE,SaaS Platform,D,PUR-002,PureLife BP Monitor,Medical Device,PureLife,Pharmacy/B2B,7,90.0,EUR,0.0,630.0,630.0
TXN-DE-3-000444,2026-08-27 01:13:52,2026-08-27 01:17:52,DE,SaaS Platform,D,MED-001,Medora Cardio 10mg,Prescription,Medora,Wholesale,8,43.0,EUR,0.2,344.0,275.2
TXN-DE-3-000445,2026-08-27 20:56:01,2026-08-27 20:59:01,DE,SaaS Platform,D,MED-002,Medora Derm Cream,Prescription,Medora,D2C,4,26.0,EUR,0.15,104.0,88.4
TXN-DE-3-000446,2026-08-27 02:16:56,2026-08-27 02:20:56,DE,SaaS Platform,D,SAN-002,SanaPlus ColdFlu,OTC,SanaPlus,D2C,6,10.5,EUR,0.15,63.0,53.55
TXN-DE-3-000447,2026-08-27 17:57:47,2026-08-27 18:03:47,DE,SaaS Platform,D,DER-002,Dermacare LiftCream,Aesthetic,Dermacare,D2C,5,37.0,EUR,0.2,185.0,148.0
TXN-DE-3-000448,2026-08-27 10:01:18,2026-08-27 10:06:18,DE,SaaS Platform,D,MED-002,Medora Derm Cream,Prescription,Medora,Wholesale,1,26.0,EUR,0.15,26.0,22.1
TXN-DE-3-000449,2026-08-27 15:56:12,2026-08-27 15:57:12,DE,SaaS Platform,D,DER-002,Dermacare LiftCream,Aesthetic,Dermacare,E-commerce,12,37.0,EUR,0.0,444.0,444.0
TXN-DE-3-000450,2026-08-27 12:54:50,2026-08-27 12:58:50,DE,SaaS Platform,D,DER-001,Dermacare GlowSerum,Aesthetic,Dermacare,E-commerce,10,32.0,EUR,0.05,320.0,304.0
TXN-DE-3-000451,2026-08-27 06:31:27,2026-08-27 06:35:27,DE,SaaS Platform,D,PUR-002,PureLife BP Monitor,Medical Device,PureLife,D2C,5,90.0,EUR,0.15,450.0,382.5
TXN-DE-3-000452,2026-08-27 22:43:43,2026-08-27 22:45:43,DE,SaaS Platform,D,MED-001,Medora Cardio 10mg,Prescription,Medora,D2C,1,43.0,EUR,0.15,43.0,36.55
TXN-DE-3-000453,2026-08-27 15:37:33,2026-08-27 15:43:33,DE,SaaS Platform,D,SAN-001,SanaPlus PainRelief,OTC,SanaPlus,Wholesale,2,9.5,EUR,0.0,19.0,19.0
TXN-DE-3-000454,2026-08-27 05:12:19,2026-08-27 05:16:19,DE,SaaS Platform,D,MED-001,Medora Cardio 10mg,Prescription,Medora,D2C,10,43.0,EUR,0.0,430.0,430.0
TXN-DE-3-000455,2026-08-27 20:48:41,2026-08-27 20:52:41,DE,SaaS Platform,D,SAN-001,SanaPlus PainRelief,OTC,SanaPlus,Pharmacy/B2B,2,9.5,EUR,0.05,19.0,18.05
TXN-DE-3-000456,2026-08-27 17:20:14,2026-08-27 17:26:14,DE,SaaS Platform,D,SAN-001,SanaPlus PainRelief,OTC,SanaPlus,D2C,10,9.5,EUR,0.0,95.0,95.0
TXN-DE-3-000457,2026-08-27 01:17:32,2026-08-27 01:18:32,DE,SaaS Platform,D,VIT-002,Vitalis Multivit,Supplement,Vitalis,Wholesale,2,17.0,EUR,0.05,34.0,32.3
TXN-DE-3-000458,2026-08-27 01:29:18,2026-08-27 01:33:18,DE,SaaS Platform,D,SAN-002,SanaPlus ColdFlu,OTC,SanaPlus,Pharmacy/B2B,2,10.5,EUR,0.2,21.0,16.8
TXN-DE-3-000459,2026-08-27 01:02:09,2026-08-27 01:03:09,DE,SaaS Platform,D,MED-001,Medora Cardio 10mg,Prescription,Medora,Pharmacy/B2B,3,43.0,EUR,0.15,129.0,109.65
TXN-DE-3-000460,2026-08-27 19:36:50,2026-08-27 19:38:50,DE,SaaS Platform,D,DER-002,Dermacare LiftCream,Aesthetic,Dermacare,Pharmacy/B2B,3,37.0,EUR,0.0,111.0,111.0
TXN-DE-3-000461,2026-08-27 14:51:13,2026-08-27 14:53:13,DE,SaaS Platform,D,MED-001,Medora Cardio 10mg,Prescription,Medora,E-commerce,12,43.0,EUR,0.1,516.0,464.4
TXN-DE-3-000462,2026-08-27 08:26:19,2026-08-27 08:29:19,DE,SaaS Platform,D,DER-001,Dermacare GlowSerum,Aesthetic,Dermacare,E-commerce,11,32.0,EUR,0.0,352.0,352.0
TXN-DE-3-000463,2026-08-27 10:51:26,2026-08-27 10:53:26,DE,SaaS Platform,D,PUR-001,PureLife GlucoMonitor,Medical Device,PureLife,D2C,1,85.0,EUR,0.0,85.0,85.0
TXN-DE-3-000464,2026-08-27 12:09:37,2026-08-27 12:12:37,DE,SaaS Platform,D,MED-002,Medora Derm Cream,Prescription,Medora,E-commerce,2,26.0,EUR,0.05,52.0,49.4
TXN-DE-3-000465,2026-08-27 11:33:43,2026-08-27 11:38:43,DE,SaaS Platform,D,DER-002,Dermacare LiftCream,Aesthetic,Dermacare,Pharmacy/B2B,3,37.0,EUR,0.0,111.0,111.0
TXN-DE-3-000466,2026-08-27 12:52:49,2026-08-27 12:53:49,DE,SaaS Platform,D,MED-002,Medora Derm Cream,Prescription,Medora,E-commerce,3,26.0,EUR,0.15,78.0,66.3
TXN-DE-3-000467,2026-08-27 07:26:00,2026-08-27 07:28:00,DE,SaaS Platform,D,DER-002,Dermacare LiftCream,Aesthetic,Dermacare,Pharmacy/B2B,12,37.0,EUR,0.0,444.0,444.0
TXN-DE-3-000468,2026-08-27 05:31:07,2026-08-27 05:32:07,DE,SaaS Platform,D,PUR-002,PureLife BP Monitor,Medical Device,PureLife,Pharmacy/B2B,5,90.0,EUR,0.2,450.0,360.0
TXN-DE-3-000469,2026-08-27 13:58:12,2026-08-27 14:02:12,DE,SaaS Platform,D,MED-002,Medora Derm Cream,Prescription,Medora,E-commerce,10,26.0,EUR,0.05,260.0,247.0
TXN-DE-3-000470,2026-08-27 08:50:22,2026-08-27 08:51:22,DE,SaaS Platform,D,MED-002,Medora Derm Cream,Prescription,Medora,D2C,7,26.0,EUR,0.1,182.0,163.8
TXN-DE-3-000471,2026-08-27 17:17:15,2026-08-27 17:18:15,DE,SaaS Platform,D,DER-002,Dermacare LiftCream,Aesthetic,Dermacare,Pharmacy/B2B,7,37.0,EUR,0.0,259.0,259.0
TXN-DE-3-000472,2026-08-27 15:12:29,2026-08-27 15:16:29,DE,SaaS Platform,D,PUR-001,PureLife GlucoMonitor,Medical Device,PureLife,E-commerce,2,85.0,EUR,0.0,170.0,170.0
TXN-DE-3-000473,2026-08-27 12:54:28,2026-08-27 13:00:28,DE,SaaS Platform,D,DER-001,Dermacare GlowSerum,Aesthetic,Dermacare,Wholesale,12,32.0,EUR,0.0,384.0,384.0
TXN-DE-3-000474,2026-08-27 16:26:04,2026-08-27 16:29:04,DE,SaaS Platform,D,MED-001,Medora Cardio 10mg,Prescription,Medora,E-commerce,7,43.0,EUR,0.0,301.0,301.0
TXN-DE-3-000475,2026-08-27 13:02:38,2026-08-27 13:07:38,DE,SaaS Platform,D,DER-001,Dermacare GlowSerum,Aesthetic,Dermacare,Pharmacy/B2B,9,32.0,EUR,0.15,288.0,244.8
TXN-DE-3-000476,2026-08-27 13:44:35,2026-08-27 13:45:35,DE,SaaS Platform,D,VIT-002,Vitalis Multivit,Supplement,Vitalis,D2C,8,17.0,EUR,0.0,136.0,136.0
TXN-DE-3-000477,2026-08-27 18:06:49,2026-08-27 18:10:49,DE,SaaS Platform,D,MED-002,Medora Derm Cream,Prescription,Medora,E-commerce,8,26.0,EUR,0.1,208.0,187.2
TXN-DE-3-000478,2026-08-27 19:56:03,2026-08-27 20:01:03,DE,SaaS Platform,D,DER-001,Dermacare GlowSerum,Aesthetic,Dermacare,Wholesale,5,32.0,EUR,0.0,160.0,160.0
TXN-DE-3-000479,2026-08-27 21:18:06,2026-08-27 21:21:06,DE,SaaS Platform,D,PUR-002,PureLife BP Monitor,Medical Device,PureLife,Wholesale,4,90.0,EUR,0.05,360.0,342.0
TXN-DE-3-000480,2026-08-27 20:14:05,2026-08-27 20:18:05,DE,SaaS Platform,D,VIT-001,Vitalis C1000,Supplement,Vitalis,Wholesale,6,21.0,EUR,0.15,126.0,107.1
TXN-DE-3-000481,2026-08-27 21:33:23,2026-08-27 21:34:23,DE,SaaS Platform,D,MED-002,Medora Derm Cream,Prescription,Medora,Wholesale,10,26.0,EUR,0.1,260.0,234.0
TXN-DE-3-000482,2026-08-27 14:12:29,2026-08-27 14:14:29,DE,SaaS Platform,D,PUR-002,PureLife BP Monitor,Medical Device,PureLife,Pharmacy/B2B,2,90.0,EUR,0.05,180.0,171.0
TXN-DE-3-000483,2026-08-27 21:44:18,2026-08-27 21:46:18,DE,SaaS Platform,D,VIT-002,Vitalis Multivit,Supplement,Vitalis,E-commerce,5,17.0,EUR,0.0,85.0,85.0
TXN-DE-3-000484,2026-08-27 06:38:40,2026-08-27 06:44:40,DE,SaaS Platform,D,SAN-002,SanaPlus ColdFlu,OTC,SanaPlus,Wholesale,3,10.5,EUR,0.05,31.5,29.92
TXN-DE-3-000485,2026-08-27 07:41:34,2026-08-27 07:46:34,DE,SaaS Platform,D,MED-001,Medora Cardio 10mg,Prescription,Medora,Wholesale,10,43.0,EUR,0.0,430.0,430.0
TXN-DE-3-000486,2026-08-27 16:37:15,2026-08-27 16:39:15,DE,SaaS Platform,D,VIT-001,Vitalis C1000,Supplement,Vitalis,Pharmacy/B2B,1,21.0,EUR,0.15,21.0,17.85
TXN-DE-3-000487,2026-08-27 19:08:31,2026-08-27 19:12:31,DE,SaaS Platform,D,VIT-002,Vitalis Multivit,Supplement,Vitalis,Wholesale,8,17.0,EUR,0.2,136.0,108.8
TXN-DE-3-000488,2026-08-27 10:51:09,2026-08-27 10:53:09,DE,SaaS Platform,D,SAN-001,SanaPlus PainRelief,OTC,SanaPlus,D2C,4,9.5,EUR,0.2,38.0,30.4
TXN-DE-3-000489,2026-08-27 11:36:00,2026-08-27 11:40:00,DE,SaaS Platform,D,SAN-001,SanaPlus PainRelief,OTC,SanaPlus,Pharmacy/B2B,8,9.5,EUR,0.1,76.0,68.4
TXN-DE-3-000490,2026-08-27 20:48:25,2026-08-27 20:51:25,DE,SaaS Platform,D,MED-001,Medora Cardio 10mg,Prescription,Medora,Wholesale,3,43.0,EUR,0.05,129.0,122.55
TXN-DE-3-000491,2026-08-27 20:54:46,2026-08-27 20:56:46,DE,SaaS Platform,D,MED-001,Medora Cardio 10mg,Prescription,Medora,D2C,8,43.0,EUR,0.1,344.0,309.6
TXN-DE-3-000492,2026-08-27 14:11:41,2026-08-27 14:14:41,DE,SaaS Platform,D,VIT-002,Vitalis Multivit,Supplement,Vitalis,Wholesale,4,17.0,EUR,0.0,68.0,68.0
TXN-DE-3-000493,2026-08-27 10:22:14,2026-08-27 10:28:14,DE,SaaS Platform,D,DER-001,Dermacare GlowSerum,Aesthetic,Dermacare,E-commerce,3,32.0,EUR,0.0,96.0,96.0
TXN-DE-3-000494,2026-08-27 14:38:32,2026-08-27 14:41:32,DE,SaaS Platform,D,SAN-001,SanaPlus PainRelief,OTC,SanaPlus,E-commerce,9,9.5,EUR,0.05,85.5,81.22
TXN-DE-3-000495,2026-08-27 05:58:41,2026-08-27 06:00:41,DE,SaaS Platform,D,VIT-002,Vitalis Multivit,Supplement,Vitalis,Pharmacy/B2B,12,17.0,EUR,0.2,204.0,163.2
TXN-DE-3-000496,2026-08-27 22:51:58,2026-08-27 22:53:58,DE,SaaS Platform,D,MED-001,Medora Cardio 10mg,Prescription,Medora,D2C,1,43.0,EUR,0.0,43.0,43.0
TXN-DE-3-000497,2026-08-27 23:14:35,2026-08-27 23:17:35,DE,SaaS Platform,D,MED-002,Medora Derm Cream,Prescription,Medora,E-commerce,12,26.0,EUR,0.1,312.0,280.8
TXN-DE-3-000498,2026-08-27 09:23:21,2026-08-27 09:28:21,DE,SaaS Platform,D,DER-001,Dermacare GlowSerum,Aesthetic,Dermacare,E-commerce,6,32.0,EUR,0.2,192.0,153.6
TXN-DE-3-000499,2026-08-27 00:44:05,2026-08-27 00:47:05,DE,SaaS Platform,D,PUR-002,PureLife BP Monitor,Medical Device,PureLife,D2C,4,90.0,EUR,0.05,360.0,342.0
TXN-DE-3-000500,2026-08-27 23:37:34,2026-08-27 23:40:34,DE,SaaS Platform,D,MED-001,Medora Cardio 10mg,Prescription,Medora,E-commerce,6,43.0,EUR,0.0,258.0,258.0
TXN-DE-3-000501,2026-08-27 15:59:10,2026-08-27 16:00:10,DE,SaaS Platform,D,VIT-002,Vitalis Multivit,Supplement,Vitalis,E-commerce,1,17.0,EUR,0.0,17.0,17.0
TXN-DE-3-000502,2026-08-27 15:17:10,2026-08-27 15:23:10,DE,SaaS Platform,D,MED-002,Medora Derm Cream,Prescription,Medora,E-commerce,7,26.0,EUR,0.2,182.0,145.6
TXN-DE-3-000503,2026-08-27 05:06:15,2026-08-27 05:10:15,DE,SaaS Platform,D,VIT-002,Vitalis Multivit,Supplement,Vitalis,E-commerce,9,17.0,EUR,0.0,153.0,153.0
TXN-DE-3-000504,2026-08-27 06:46:25,2026-08-27 06:49:25,DE,SaaS Platform,D,PUR-001,PureLife GlucoMonitor,Medical Device,PureLife,Pharmacy/B2B,3,85.0,EUR,0.0,255.0,255.0
TXN-DE-3-000505,2026-08-27 00:04:04,2026-08-27 00:09:04,DE,SaaS Platform,D,PUR-002,PureLife BP Monitor,Medical Device,PureLife,D2C,5,90.0,EUR,0.0,450.0,450.0
TXN-DE-3-000506,2026-08-27 08:10:10,2026-08-27 08:13:10,DE,SaaS Platform,D,VIT-001,Vitalis C1000,Supplement,Vitalis,Wholesale,3,21.0,EUR,0.2,63.0,50.4
TXN-DE-3-000507,2026-08-27 05:53:18,2026-08-27 05:58:18,DE,SaaS Platform,D,PUR-002,PureLife BP Monitor,Medical Device,PureLife,Pharmacy/B2B,1,90.0,EUR,0.1,90.0,81.0
TXN-DE-3-000508,2026-08-27 12:51:47,2026-08-27 12:52:47,DE,SaaS Platform,D,MED-001,Medora Cardio 10mg,Prescription,Medora,Pharmacy/B2B,12,43.0,EUR,0.2,516.0,412.8
TXN-DE-3-000509,2026-08-27 21:49:52,2026-08-27 21:50:52,DE,SaaS Platform,D,PUR-002,PureLife BP Monitor,Medical Device,PureLife,Wholesale,7,90.0,EUR,0.0,630.0,630.0
TXN-DE-3-000510,2026-08-27 17:03:05,2026-08-27 17:08:05,DE,SaaS Platform,D,SAN-001,SanaPlus PainRelief,OTC,SanaPlus,Pharmacy/B2B,1,9.5,EUR,0.2,9.5,7.6
TXN-DE-3-000511,2026-08-27 13:15:19,2026-08-27 13:16:19,DE,SaaS Platform,D,VIT-002,Vitalis Multivit,Supplement,Vitalis,Pharmacy/B2B,10,17.0,EUR,0.05,170.0,161.5
TXN-DE-3-000512,2026-08-27 03:00:52,2026-08-27 03:01:52,DE,SaaS Platform,D,MED-002,Medora Derm Cream,Prescription,Medora,Wholesale,11,26.0,EUR,0.0,286.0,286.0
TXN-DE-3-000513,2026-08-27 19:30:12,2026-08-27 19:34:12,DE,SaaS Platform,D,PUR-001,PureLife GlucoMonitor,Medical Device,PureLife,E-commerce,3,85.0,EUR,0.2,255.0,204.0
TXN-DE-3-000514,2026-08-27 08:31:24,2026-08-27 08:36:24,DE,SaaS Platform,D,SAN-002,SanaPlus ColdFlu,OTC,SanaPlus,D2C,5,10.5,EUR,0.2,52.5,42.0
TXN-DE-3-000515,2026-08-27 18:02:37,2026-08-27 18:06:37,DE,SaaS Platform,D,PUR-001,PureLife GlucoMonitor,Medical Device,PureLife,D2C,8,85.0,EUR,0.05,680.0,646.0
TXN-DE-3-000516,2026-08-27 17:30:28,2026-08-27 17:33:28,DE,SaaS Platform,D,MED-001,Medora Cardio 10mg,Prescription,Medora,Wholesale,4,43.0,EUR,0.0,172.0,172.0
TXN-DE-3-000517,2026-08-27 09:12:14,2026-08-27 09:16:14,DE,SaaS Platform,D,MED-001,Medora Cardio 10mg,Prescription,Medora,D2C,5,43.0,EUR,0.0,215.0,215.0
TXN-DE-3-000518,2026-08-27 06:29:48,2026-08-27 06:33:48,DE,SaaS Platform,D,SAN-001,SanaPlus PainRelief,OTC,SanaPlus,Pharmacy/B2B,8,9.5,EUR,0.05,76.0,72.2
TXN-DE-3-000519,2026-08-27 15:21:05,2026-08-27 15:24:05,DE,SaaS Platform,D,SAN-001,SanaPlus PainRelief,OTC,SanaPlus,D2C,2,9.5,EUR,0.0,19.0,19.0
TXN-DE-3-000520,2026-08-27 13:44:30,2026-08-27 13:45:30,DE,SaaS Platform,D,PUR-002,PureLife BP Monitor,Medical Device,PureLife,E-commerce,1,90.0,EUR,0.1,90.0,81.0
TXN-DE-3-000521,2026-08-27 23:06:39,2026-08-27 23:09:39,DE,SaaS Platform,D,MED-002,Medora Derm Cream,Prescription,Medora,E-commerce,3,26.0,EUR,0.0,78.0,78.0
TXN-DE-3-000522,2026-08-27 01:19:30,2026-08-27 01:25:30,DE,SaaS Platform,D,VIT-002,Vitalis Multivit,Supplement,Vitalis,Wholesale,11,17.0,EUR,0.05,187.0,177.65
TXN-DE-3-000523,2026-08-27 16:26:16,2026-08-27 16:28:16,DE,SaaS Platform,D,PUR-001,PureLife GlucoMonitor,Medical Device,PureLife,D2C,3,85.0,EUR,0.1,255.0,229.5
TXN-DE-3-000524,2026-08-27 02:23:56,2026-08-27 02:28:56,DE,SaaS Platform,D,SAN-001,SanaPlus PainRelief,OTC,SanaPlus,Wholesale,2,9.5,EUR,0.0,19.0,19.0
TXN-DE-3-000525,2026-08-27 05:02:12,2026-08-27 05:04:12,DE,SaaS Platform,D,PUR-002,PureLife BP Monitor,Medical Device,PureLife,Pharmacy/B2B,9,90.0,EUR,0.0,810.0,810.0
TXN-DE-3-000526,2026-08-27 10:53:41,2026-08-27 10:59:41,DE,SaaS Platform,D,SAN-002,SanaPlus ColdFlu,OTC,SanaPlus,Pharmacy/B2B,12,10.5,EUR,0.0,126.0,126.0
TXN-DE-3-000527,2026-08-27 01:13:53,2026-08-27 01:19:53,DE,SaaS Platform,D,DER-001,Dermacare GlowSerum,Aesthetic,Dermacare,D2C,4,32.0,EUR,0.0,128.0,128.0
TXN-DE-3-000528,2026-08-27 01:31:13,2026-08-27 01:33:13,DE,SaaS Platform,D,PUR-002,PureLife BP Monitor,Medical Device,PureLife,E-commerce,7,90.0,EUR,0.05,630.0,598.5
TXN-DE-3-000529,2026-08-27 18:03:54,2026-08-27 18:09:54,DE,SaaS Platform,D,VIT-002,Vitalis Multivit,Supplement,Vitalis,Pharmacy/B2B,7,17.0,EUR,0.05,119.0,113.05
TXN-DE-3-000530,2026-08-27 19:23:34,2026-08-27 19:29:34,DE,SaaS Platform,D,SAN-002,SanaPlus ColdFlu,OTC,SanaPlus,Pharmacy/B2B,5,10.5,EUR,0.0,52.5,52.5
TXN-DE-3-000531,2026-08-27 18:01:01,2026-08-27 18:04:01,DE,SaaS Platform,D,SAN-001,SanaPlus PainRelief,OTC,SanaPlus,E-commerce,2,9.5,EUR,0.15,19.0,16.15
TXN-DE-3-000532,2026-08-27 21:46:35,2026-08-27 21:50:35,DE,SaaS Platform,D,SAN-002,SanaPlus ColdFlu,OTC,SanaPlus,D2C,3,10.5,EUR,0.0,31.5,31.5
TXN-DE-3-000533,2026-08-27 21:08:21,2026-08-27 21:12:21,DE,SaaS Platform,D,VIT-001,Vitalis C1000,Supplement,Vitalis,Pharmacy/B2B,2,21.0,EUR,0.15,42.0,35.7
TXN-DE-3-000534,2026-08-27 20:22:17,2026-08-27 20:26:17,DE,SaaS Platform,D,MED-001,Medora Cardio 10mg,Prescription,Medora,D2C,12,43.0,EUR,0.0,516.0,516.0
TXN-DE-3-000535,2026-08-27 18:37:24,2026-08-27 18:40:24,DE,SaaS Platform,D,SAN-002,SanaPlus ColdFlu,OTC,SanaPlus,E-commerce,11,10.5,EUR,0.0,115.5,115.5
TXN-DE-3-000536,2026-08-27 04:14:53,2026-08-27 04:17:53,DE,SaaS Platform,D,PUR-001,PureLife GlucoMonitor,Medical Device,PureLife,Wholesale,1,85.0,EUR,0.05,85.0,80.75
TXN-DE-3-000537,2026-08-27 21:50:10,2026-08-27 21:51:10,DE,SaaS Platform,D,SAN-001,SanaPlus PainRelief,OTC,SanaPlus,Pharmacy/B2B,12,9.5,EUR,0.15,114.0,96.9
TXN-DE-3-000538,2026-08-27 06:51:44,2026-08-27 06:56:44,DE,SaaS Platform,D,PUR-001,PureLife GlucoMonitor,Medical Device,PureLife,E-commerce,10,85.0,EUR,0.1,850.0,765.0
TXN-DE-3-000539,2026-08-27 02:43:02,2026-08-27 02:49:02,DE,SaaS Platform,D,MED-001,Medora Cardio 10mg,Prescription,Medora,Wholesale,1,43.0,EUR,0.0,43.0,43.0
TXN-DE-3-000540,2026-08-27 09:46:47,2026-08-27 09:52:47,DE,SaaS Platform,D,MED-002,Medora Derm Cream,Prescription,Medora,D2C,10,26.0,EUR,0.0,260.0,260.0
TXN-DE-3-000541,2026-08-27 19:12:40,2026-08-27 19:15:40,DE,SaaS Platform,D,MED-001,Medora Cardio 10mg,Prescription,Medora,Pharmacy/B2B,9,43.0,EUR,0.0,387.0,387.0
TXN-DE-3-000542,2026-08-27 10:12:46,2026-08-27 10:17:46,DE,SaaS Platform,D,DER-001,Dermacare GlowSerum,Aesthetic,Dermacare,Wholesale,5,32.0,EUR,0.15,160.0,136.0
TXN-DE-3-000543,2026-08-27 13:13:43,2026-08-27 13:15:43,DE,SaaS Platform,D,VIT-002,Vitalis Multivit,Supplement,Vitalis,Wholesale,2,17.0,EUR,0.15,34.0,28.9
TXN-DE-3-000544,2026-08-27 11:33:49,2026-08-27 11:38:49,DE,SaaS Platform,D,DER-002,Dermacare LiftCream,Aesthetic,Dermacare,D2C,4,37.0,EUR,0.0,148.0,148.0
TXN-DE-3-000545,2026-08-27 06:55:51,2026-08-27 06:58:51,DE,SaaS Platform,D,VIT-002,Vitalis Multivit,Supplement,Vitalis,D2C,2,17.0,EUR,0.0,34.0,34.0
TXN-DE-3-000546,2026-08-27 22:48:23,2026-08-27 22:53:23,DE,SaaS Platform,D,VIT-001,Vitalis C1000,Supplement,Vitalis,D2C,11,21.0,EUR,0.0,231.0,231.0
TXN-DE-3-000547,2026-08-27 10:11:09,2026-08-27 10:16:09,DE,SaaS Platform,D,DER-001,Dermacare GlowSerum,Aesthetic,Dermacare,D2C,1,32.0,EUR,0.2,32.0,25.6
TXN-DE-3-000548,2026-08-27 05:11:40,2026-08-27 05:13:40,DE,SaaS Platform,D,PUR-002,PureLife BP Monitor,Medical Device,PureLife,D2C,11,90.0,EUR,0.1,990.0,891.0
TXN-DE-3-000549,2026-08-27 08:42:41,2026-08-27 08:43:41,DE,SaaS Platform,D,VIT-001,Vitalis C1000,Supplement,Vitalis,E-commerce,1,21.0,EUR,0.15,21.0,17.85
TXN-DE-3-000550,2026-08-27 11:00:58,2026-08-27 11:05:58,DE,SaaS Platform,D,DER-002,Dermacare LiftCream,Aesthetic,Dermacare,E-commerce,9,37.0,EUR,0.05,333.0,316.35
TXN-DE-3-000551,2026-08-27 11:13:13,2026-08-27 11:19:13,DE,SaaS Platform,D,VIT-002,Vitalis Multivit,Supplement,Vitalis,D2C,4,17.0,EUR,0.15,68.0,57.8
TXN-DE-3-000552,2026-08-27 12:44:59,2026-08-27 12:49:59,DE,SaaS Platform,D,DER-001,Dermacare GlowSerum,Aesthetic,Dermacare,E-commerce,2,32.0,EUR,0.0,64.0,64.0
TXN-DE-3-000553,2026-08-27 22:56:27,2026-08-27 22:57:27,DE,SaaS Platform,D,PUR-001,PureLife GlucoMonitor,Medical Device,PureLife,D2C,2,85.0,EUR,0.15,170.0,144.5
TXN-DE-3-000554,2026-08-27 20:24:15,2026-08-27 20:25:15,DE,SaaS Platform,D,DER-002,Dermacare LiftCream,Aesthetic,Dermacare,Pharmacy/B2B,11,37.0,EUR,0.05,407.0,386.65
TXN-DE-3-000555,2026-08-27 20:27:23,2026-08-27 20:28:23,DE,SaaS Platform,D,PUR-002,PureLife BP Monitor,Medical Device,PureLife,Wholesale,6,90.0,EUR,0.1,540.0,486.0
TXN-DE-3-000556,2026-08-27 18:54:30,2026-08-27 18:57:30,DE,SaaS Platform,D,SAN-001,SanaPlus PainRelief,OTC,SanaPlus,Pharmacy/B2B,8,9.5,EUR,0.2,76.0,60.8
TXN-DE-3-000557,2026-08-27 07:31:03,2026-08-27 07:33:03,DE,SaaS Platform,D,VIT-002,Vitalis Multivit,Supplement,Vitalis,D2C,11,17.0,EUR,0.0,187.0,187.0
TXN-DE-3-000558,2026-08-27 12:08:29,2026-08-27 12:09:29,DE,SaaS Platform,D,VIT-002,Vitalis Multivit,Supplement,Vitalis,Wholesale,2,17.0,EUR,0.05,34.0,32.3
TXN-DE-3-000559,2026-08-27 11:37:17,2026-08-27 11:43:17,DE,SaaS Platform,D,SAN-002,SanaPlus ColdFlu,OTC,SanaPlus,Wholesale,6,10.5,EUR,0.0,63.0,63.0
TXN-DE-3-000560,2026-08-27 16:45:47,2026-08-27 16:47:47,DE,SaaS Platform,D,PUR-002,PureLife BP Monitor,Medical Device,PureLife,D2C,3,90.0,EUR,0.05,270.0,256.5
TXN-DE-3-000561,2026-08-27 05:31:14,2026-08-27 05:37:14,DE,SaaS Platform,D,MED-001,Medora Cardio 10mg,Prescription,Medora,Wholesale,2,43.0,EUR,0.1,86.0,77.4
TXN-DE-3-000562,2026-08-27 10:40:56,2026-08-27 10:46:56,DE,SaaS Platform,D,VIT-002,Vitalis Multivit,Supplement,Vitalis,D2C,9,17.0,EUR,0.0,153.0,153.0
TXN-DE-3-000563,2026-08-27 05:59:00,2026-08-27 06:00:00,DE,SaaS Platform,D,SAN-002,SanaPlus ColdFlu,OTC,SanaPlus,D2C,8,10.5,EUR,0.15,84.0,71.4
TXN-DE-3-000564,2026-08-27 23:15:19,2026-08-27 23:16:19,DE,SaaS Platform,D,PUR-001,PureLife GlucoMonitor,Medical Device,PureLife,D2C,5,85.0,EUR,0.2,425.0,340.0
TXN-DE-3-000565,2026-08-27 02:38:59,2026-08-27 02:44:59,DE,SaaS Platform,D,VIT-001,Vitalis C1000,Supplement,Vitalis,D2C,12,21.0,EUR,0.0,252.0,252.0
TXN-DE-3-000566,2026-08-27 17:45:52,2026-08-27 17:50:52,DE,SaaS Platform,D,PUR-001,PureLife GlucoMonitor,Medical Device,PureLife,D2C,4,85.0,EUR,0.0,340.0,340.0
TXN-DE-3-000567,2026-08-27 00:39:28,2026-08-27 00:45:28,DE,SaaS Platform,D,SAN-002,SanaPlus ColdFlu,OTC,SanaPlus,Pharmacy/B2B,8,10.5,EUR,0.15,84.0,71.4
TXN-DE-3-000568,2026-08-27 06:59:27,2026-08-27 07:02:27,DE,SaaS Platform,D,VIT-002,Vitalis Multivit,Supplement,Vitalis,D2C,4,17.0,EUR,0.0,68.0,68.0
TXN-DE-3-000569,2026-08-27 09:18:53,2026-08-27 09:21:53,DE,SaaS Platform,D,SAN-001,SanaPlus PainRelief,OTC,SanaPlus,E-commerce,10,9.5,EUR,0.15,95.0,80.75
TXN-DE-3-000570,2026-08-27 12:22:47,2026-08-27 12:28:47,DE,SaaS Platform,D,DER-002,Dermacare LiftCream,Aesthetic,Dermacare,Wholesale,9,37.0,EUR,0.05,333.0,316.35
TXN-DE-3-000571,2026-08-27 23:11:47,2026-08-27 23:12:47,DE,SaaS Platform,D,VIT-001,Vitalis C1000,Supplement,Vitalis,Wholesale,1,21.0,EUR,0.0,21.0,21.0
TXN-DE-3-000572,2026-08-27 07:48:50,2026-08-27 07:51:50,DE,SaaS Platform,D,VIT-001,Vitalis C1000,Supplement,Vitalis,E-commerce,11,21.0,EUR,0.0,231.0,231.0
TXN-DE-3-000573,2026-08-27 13:25:46,2026-08-27 13:29:46,DE,SaaS Platform,D,VIT-001,Vitalis C1000,Supplement,Vitalis,D2C,7,21.0,EUR,0.15,147.0,124.95
TXN-DE-3-000574,2026-08-27 18:01:24,2026-08-27 18:05:24,DE,SaaS Platform,D,SAN-002,SanaPlus ColdFlu,OTC,SanaPlus,Pharmacy/B2B,7,10.5,EUR,0.05,73.5,69.83
TXN-DE-3-000575,2026-08-27 14:50:35,2026-08-27 14:52:35,DE,SaaS Platform,D,MED-001,Medora Cardio 10mg,Prescription,Medora,E-commerce,2,43.0,EUR,0.05,86.0,81.7
TXN-DE-3-000576,2026-08-27 05:26:49,2026-08-27 05:27:49,DE,SaaS Platform,D,MED-002,Medora Derm Cream,Prescription,Medora,Wholesale,3,26.0,EUR,0.15,78.0,66.3
TXN-DE-3-000577,2026-08-27 11:02:49,2026-08-27 11:08:49,DE,SaaS Platform,D,SAN-001,SanaPlus PainRelief,OTC,SanaPlus,E-commerce,2,9.5,EUR,0.05,19.0,18.05
TXN-DE-3-000578,2026-08-27 20:50:30,2026-08-27 20:54:30,DE,SaaS Platform,D,MED-002,Medora Derm Cream,Prescription,Medora,Wholesale,7,26.0,EUR,0.0,182.0,182.0
TXN-DE-3-000579,2026-08-27 00:05:33,2026-08-27 00:06:33,DE,SaaS Platform,D,SAN-001,SanaPlus PainRelief,OTC,SanaPlus,Pharmacy/B2B,12,9.5,EUR,0.1,114.0,102.6
TXN-DE-3-000580,2026-08-27 06:50:07,2026-08-27 06:55:07,DE,SaaS Platform,D,VIT-002,Vitalis Multivit,Supplement,Vitalis,Wholesale,11,17.0,EUR,0.05,187.0,177.65
TXN-DE-3-000581,2026-08-27 14:48:34,2026-08-27 14:52:34,DE,SaaS Platform,D,DER-001,Dermacare GlowSerum,Aesthetic,Dermacare,E-commerce,7,32.0,EUR,0.0,224.0,224.0
TXN-DE-3-000582,2026-08-27 18:28:54,2026-08-27 18:33:54,DE,SaaS Platform,D,SAN-002,SanaPlus ColdFlu,OTC,SanaPlus,D2C,9,10.5,EUR,0.1,94.5,85.05
TXN-DE-3-000583,2026-08-27 07:14:47,2026-08-27 07:20:47,DE,SaaS Platform,D,DER-002,Dermacare LiftCream,Aesthetic,Dermacare,Pharmacy/B2B,1,37.0,EUR,0.0,37.0,37.0
TXN-DE-3-000584,2026-08-27 12:01:59,2026-08-27 12:07:59,DE,SaaS Platform,D,SAN-002,SanaPlus ColdFlu,OTC,SanaPlus,D2C,6,10.5,EUR,0.0,63.0,63.0
TXN-DE-3-000585,2026-08-27 18:11:24,2026-08-27 18:15:24,DE,SaaS Platform,D,PUR-002,PureLife BP Monitor,Medical Device,PureLife,Wholesale,4,90.0,EUR,0.0,360.0,360.0
TXN-DE-3-000586,2026-08-27 04:19:14,2026-08-27 04:23:14,DE,SaaS Platform,D,SAN-001,SanaPlus PainRelief,OTC,SanaPlus,Pharmacy/B2B,5,9.5,EUR,0.05,47.5,45.12
TXN-DE-3-000587,2026-08-27 03:02:02,2026-08-27 03:05:02,DE,SaaS Platform,D,PUR-002,PureLife BP Monitor,Medical Device,PureLife,E-commerce,10,90.0,EUR,0.0,900.0,900.0
TXN-DE-3-000588,2026-08-27 05:04:50,2026-08-27 05:10:50,DE,SaaS Platform,D,MED-002,Medora Derm Cream,Prescription,Medora,E-commerce,12,26.0,EUR,0.0,312.0,312.0
TXN-DE-3-000589,2026-08-27 18:19:48,2026-08-27 18:24:48,DE,SaaS Platform,D,DER-002,Dermacare LiftCream,Aesthetic,Dermacare,Pharmacy/B2B,5,37.0,EUR,0.0,185.0,185.0
TXN-DE-3-000590,2026-08-27 05:09:21,2026-08-27 05:10:21,DE,SaaS Platform,D,PUR-001,PureLife GlucoMonitor,Medical Device,PureLife,Pharmacy/B2B,12,85.0,EUR,0.0,1020.0,1020.0
TXN-DE-3-000591,2026-08-27 15:19:10,2026-08-27 15:24:10,DE,SaaS Platform,D,PUR-002,PureLife BP Monitor,Medical Device,PureLife,Pharmacy/B2B,1,90.0,EUR,0.2,90.0,72.0
TXN-DE-3-000592,2026-08-27 21:06:06,2026-08-27 21:11:06,DE,SaaS Platform,D,PUR-001,PureLife GlucoMonitor,Medical Device,PureLife,Wholesale,6,85.0,EUR,0.05,510.0,484.5
TXN-DE-3-000593,2026-08-27 17:26:20,2026-08-27 17:28:20,DE,SaaS Platform,D,VIT-002,Vitalis Multivit,Supplement,Vitalis,D2C,11,17.0,EUR,0.0,187.0,187.0
TXN-DE-3-000594,2026-08-27 21:21:15,2026-08-27 21:26:15,DE,SaaS Platform,D,SAN-001,SanaPlus PainRelief,OTC,SanaPlus,Pharmacy/B2B,12,9.5,EUR,0.15,114.0,96.9
TXN-DE-3-000595,2026-08-27 17:34:13,2026-08-27 17:35:13,DE,SaaS Platform,D,DER-002,Dermacare LiftCream,Aesthetic,Dermacare,D2C,12,37.0,EUR,0.0,444.0,444.0
TXN-DE-3-000596,2026-08-27 10:45:34,2026-08-27 10:49:34,DE,SaaS Platform,D,DER-001,Dermacare GlowSerum,Aesthetic,Dermacare,E-commerce,9,32.0,EUR,0.1,288.0,259.2
TXN-DE-3-000597,2026-08-27 12:00:21,2026-08-27 12:01:21,DE,SaaS Platform,D,VIT-001,Vitalis C1000,Supplement,Vitalis,Pharmacy/B2B,1,21.0,EUR,0.2,21.0,16.8
TXN-DE-3-000598,2026-08-27 11:46:12,2026-08-27 11:48:12,DE,SaaS Platform,D,PUR-002,PureLife BP Monitor,Medical Device,PureLife,D2C,7,90.0,EUR,0.2,630.0,504.0
TXN-DE-3-000599,2026-08-27 10:05:47,2026-08-27 10:07:47,DE,SaaS Platform,D,DER-001,Dermacare GlowSerum,Aesthetic,Dermacare,E-commerce,5,32.0,EUR,0.2,160.0,128.0
TXN-DE-3-000600,2026-08-27 12:20:04,2026-08-27 12:25:04,DE,SaaS Platform,D,DER-001,Dermacare GlowSerum,Aesthetic,Dermacare,Pharmacy/B2B,4,32.0,EUR,0.0,128.0,128.0
TXN-DE-3-000601,2026-08-27 16:42:27,2026-08-27 16:46:27,DE,SaaS Platform,D,MED-002,Medora Derm Cream,Prescription,Medora,D2C,5,26.0,EUR,0.0,130.0,130.0
TXN-DE-3-000602,2026-08-27 00:02:32,2026-08-27 00:03:32,DE,SaaS Platform,D,VIT-001,Vitalis C1000,Supplement,Vitalis,Pharmacy/B2B,2,21.0,EUR,0.0,42.0,42.0
TXN-DE-3-000603,2026-08-27 08:43:24,2026-08-27 08:46:24,DE,SaaS Platform,D,MED-002,Medora Derm Cream,Prescription,Medora,E-commerce,5,26.0,EUR,0.0,130.0,130.0
TXN-DE-3-000604,2026-08-27 06:50:11,2026-08-27 06:55:11,DE,SaaS Platform,D,PUR-001,PureLife GlucoMonitor,Medical Device,PureLife,Pharmacy/B2B,7,85.0,EUR,0.05,595.0,565.25
TXN-DE-3-000605,2026-08-27 17:27:41,2026-08-27 17:29:41,DE,SaaS Platform,D,VIT-001,Vitalis C1000,Supplement,Vitalis,D2C,4,21.0,EUR,0.0,84.0,84.0
TXN-DE-3-000606,2026-08-27 20:55:30,2026-08-27 20:56:30,DE,SaaS Platform,D,DER-001,Dermacare GlowSerum,Aesthetic,Dermacare,D2C,12,32.0,EUR,0.2,384.0,307.2
TXN-DE-3-000607,2026-08-27 11:05:55,2026-08-27 11:11:55,DE,SaaS Platform,D,VIT-001,Vitalis C1000,Supplement,Vitalis,E-commerce,4,21.0,EUR,0.0,84.0,84.0
TXN-DE-3-000608,2026-08-27 00:42:58,2026-08-27 00:43:58,DE,SaaS Platform,D,VIT-001,Vitalis C1000,Supplement,Vitalis,D2C,2,21.0,EUR,0.0,42.0,42.0
TXN-DE-3-000609,2026-08-27 20:02:55,2026-08-27 20:04:55,DE,SaaS Platform,D,VIT-002,Vitalis Multivit,Supplement,Vitalis,Wholesale,1,17.0,EUR,0.15,17.0,14.45
TXN-DE-3-000610,2026-08-27 16:01:38,2026-08-27 16:06:38,DE,SaaS Platform,D,MED-001,Medora Cardio 10mg,Prescription,Medora,Pharmacy/B2B,4,43.0,EUR,0.0,172.0,172.0
TXN-DE-3-000611,2026-08-27 05:43:41,2026-08-27 05:45:41,DE,SaaS Platform,D,SAN-001,SanaPlus PainRelief,OTC,SanaPlus,E-commerce,8,9.5,EUR,0.1,76.0,68.4
TXN-DE-3-000612,2026-08-27 07:45:57,2026-08-27 07:46:57,DE,SaaS Platform,D,DER-001,Dermacare GlowSerum,Aesthetic,Dermacare,Wholesale,4,32.0,EUR,0.15,128.0,108.8
TXN-DE-3-000613,2026-08-27 05:09:26,2026-08-27 05:12:26,DE,SaaS Platform,D,MED-002,Medora Derm Cream,Prescription,Medora,Pharmacy/B2B,9,26.0,EUR,0.0,234.0,234.0
TXN-DE-3-000614,2026-08-27 10:00:35,2026-08-27 10:04:35,DE,SaaS Platform,D,PUR-001,PureLife GlucoMonitor,Medical Device,PureLife,D2C,12,85.0,EUR,0.0,1020.0,1020.0
TXN-DE-3-000615,2026-08-27 12:58:11,2026-08-27 13:00:11,DE,SaaS Platform,D,VIT-002,Vitalis Multivit,Supplement,Vitalis,D2C,9,17.0,EUR,0.1,153.0,137.7
TXN-DE-3-000616,2026-08-27 05:37:38,2026-08-27 05:43:38,DE,SaaS Platform,D,PUR-001,PureLife GlucoMonitor,Medical Device,PureLife,Pharmacy/B2B,12,85.0,EUR,0.15,1020.0,867.0
TXN-DE-3-000617,2026-08-27 07:12:25,2026-08-27 07:13:25,DE,SaaS Platform,D,VIT-001,Vitalis C1000,Supplement,Vitalis,D2C,4,21.0,EUR,0.1,84.0,75.6
TXN-DE-3-000618,2026-08-27 17:09:56,2026-08-27 17:10:56,DE,SaaS Platform,D,MED-002,Medora Derm Cream,Prescription,Medora,Wholesale,7,26.0,EUR,0.1,182.0,163.8
TXN-DE-3-000619,2026-08-27 07:28:59,2026-08-27 07:29:59,DE,SaaS Platform,D,SAN-001,SanaPlus PainRelief,OTC,SanaPlus,Pharmacy/B2B,3,9.5,EUR,0.05,28.5,27.07
TXN-DE-3-000620,2026-08-27 19:31:36,2026-08-27 19:34:36,DE,SaaS Platform,D,PUR-002,PureLife BP Monitor,Medical Device,PureLife,Pharmacy/B2B,10,90.0,EUR,0.0,900.0,900.0
TXN-DE-3-000621,2026-08-27 21:34:08,2026-08-27 21:36:08,DE,SaaS Platform,D,VIT-002,Vitalis Multivit,Supplement,Vitalis,Wholesale,3,17.0,EUR,0.2,51.0,40.8
TXN-DE-3-000622,2026-08-27 21:12:14,2026-08-27 21:16:14,DE,SaaS Platform,D,SAN-001,SanaPlus PainRelief,OTC,SanaPlus,D2C,11,9.5,EUR,0.1,104.5,94.05
TXN-DE-3-000623,2026-08-27 08:20:41,2026-08-27 08:23:41,DE,SaaS Platform,D,SAN-002,SanaPlus ColdFlu,OTC,SanaPlus,Pharmacy/B2B,12,10.5,EUR,0.2,126.0,100.8
TXN-DE-3-000624,2026-08-27 23:41:59,2026-08-27 23:45:59,DE,SaaS Platform,D,VIT-001,Vitalis C1000,Supplement,Vitalis,D2C,3,21.0,EUR,0.2,63.0,50.4
TXN-DE-3-000625,2026-08-27 01:17:22,2026-08-27 01:20:22,DE,SaaS Platform,D,DER-002,Dermacare LiftCream,Aesthetic,Dermacare,Wholesale,4,37.0,EUR,0.0,148.0,148.0
TXN-DE-3-000626,2026-08-27 00:17:24,2026-08-27 00:18:24,DE,SaaS Platform,D,MED-002,Medora Derm Cream,Prescription,Medora,E-commerce,1,26.0,EUR,0.0,26.0,26.0
TXN-DE-3-000627,2026-08-27 04:29:10,2026-08-27 04:32:10,DE,SaaS Platform,D,SAN-001,SanaPlus PainRelief,OTC,SanaPlus,D2C,3,9.5,EUR,0.05,28.5,27.07
TXN-DE-3-000628,2026-08-27 18:00:41,2026-08-27 18:05:41,DE,SaaS Platform,D,PUR-001,PureLife GlucoMonitor,Medical Device,PureLife,D2C,8,85.0,EUR,0.0,680.0,680.0
TXN-DE-3-000629,2026-08-27 01:04:59,2026-08-27 01:05:59,DE,SaaS Platform,D,VIT-001,Vitalis C1000,Supplement,Vitalis,Wholesale,4,21.0,EUR,0.1,84.0,75.6
TXN-DE-3-000630,2026-08-27 17:29:19,2026-08-27 17:34:19,DE,SaaS Platform,D,DER-001,Dermacare GlowSerum,Aesthetic,Dermacare,D2C,6,32.0,EUR,0.2,192.0,153.6
TXN-DE-3-000631,2026-08-27 04:24:18,2026-08-27 04:28:18,DE,SaaS Platform,D,DER-002,Dermacare LiftCream,Aesthetic,Dermacare,D2C,12,37.0,EUR,0.0,444.0,444.0
TXN-DE-3-000632,2026-08-27 13:27:25,2026-08-27 13:33:25,DE,SaaS Platform,D,MED-002,Medora Derm Cream,Prescription,Medora,Pharmacy/B2B,10,26.0,EUR,0.05,260.0,247.0
TXN-DE-3-000633,2026-08-27 01:45:29,2026-08-27 01:46:29,DE,SaaS Platform,D,VIT-002,Vitalis Multivit,Supplement,Vitalis,Pharmacy/B2B,6,17.0,EUR,0.0,102.0,102.0
TXN-DE-3-000634,2026-08-27 19:42:13,2026-08-27 19:48:13,DE,SaaS Platform,D,MED-001,Medora Cardio 10mg,Prescription,Medora,Wholesale,3,43.0,EUR,0.15,129.0,109.65
TXN-DE-3-000635,2026-08-27 16:22:04,2026-08-27 16:24:04,DE,SaaS Platform,D,PUR-002,PureLife BP Monitor,Medical Device,PureLife,Wholesale,5,90.0,EUR,0.0,450.0,450.0
TXN-DE-3-000636,2026-08-27 05:50:25,2026-08-27 05:54:25,DE,SaaS Platform,D,PUR-001,PureLife GlucoMonitor,Medical Device,PureLife,E-commerce,3,85.0,EUR,0.0,255.0,255.0
TXN-DE-3-000637,2026-08-27 07:01:30,2026-08-27 07:04:30,DE,SaaS Platform,D,VIT-001,Vitalis C1000,Supplement,Vitalis,E-commerce,3,21.0,EUR,0.0,63.0,63.0
TXN-DE-3-000638,2026-08-27 07:28:38,2026-08-27 07:29:38,DE,SaaS Platform,D,PUR-002,PureLife BP Monitor,Medical Device,PureLife,Wholesale,11,90.0,EUR,0.0,990.0,990.0
TXN-DE-3-000639,2026-08-27 03:19:13,2026-08-27 03:25:13,DE,SaaS Platform,D,VIT-001,Vitalis C1000,Supplement,Vitalis,Wholesale,9,21.0,EUR,0.2,189.0,151.2
TXN-DE-3-000640,2026-08-27 04:52:47,2026-08-27 04:53:47,DE,SaaS Platform,D,VIT-002,Vitalis Multivit,Supplement,Vitalis,E-commerce,5,17.0,EUR,0.0,85.0,85.0
TXN-DE-3-000641,2026-08-27 07:02:08,2026-08-27 07:06:08,DE,SaaS Platform,D,SAN-001,SanaPlus PainRelief,OTC,SanaPlus,E-commerce,7,9.5,EUR,0.15,66.5,56.52
TXN-DE-3-000642,2026-08-27 05:23:57,2026-08-27 05:25:57,DE,SaaS Platform,D,VIT-002,Vitalis Multivit,Supplement,Vitalis,E-commerce,8,17.0,EUR,0.0,136.0,136.0
TXN-DE-3-000643,2026-08-27 00:39:17,2026-08-27 00:43:17,DE,SaaS Platform,D,DER-001,Dermacare GlowSerum,Aesthetic,Dermacare,E-commerce,10,32.0,EUR,0.0,320.0,320.0
TXN-DE-3-000644,2026-08-27 06:50:47,2026-08-27 06:55:47,DE,SaaS Platform,D,DER-002,Dermacare LiftCream,Aesthetic,Dermacare,E-commerce,5,37.0,EUR,0.0,185.0,185.0
TXN-DE-3-000645,2026-08-27 06:39:28,2026-08-27 06:43:28,DE,SaaS Platform,D,PUR-002,PureLife BP Monitor,Medical Device,PureLife,E-commerce,5,90.0,EUR,0.15,450.0,382.5
TXN-DE-3-000646,2026-08-27 15:30:02,2026-08-27 15:32:02,DE,SaaS Platform,D,PUR-002,PureLife BP Monitor,Medical Device,PureLife,Pharmacy/B2B,8,90.0,EUR,0.0,720.0,720.0
TXN-DE-3-000647,2026-08-27 05:34:35,2026-08-27 05:36:35,DE,SaaS Platform,D,DER-002,Dermacare LiftCream,Aesthetic,Dermacare,Wholesale,6,37.0,EUR,0.1,222.0,199.8
TXN-DE-3-000648,2026-08-27 18:30:59,2026-08-27 18:35:59,DE,SaaS Platform,D,DER-002,Dermacare LiftCream,Aesthetic,Dermacare,Pharmacy/B2B,5,37.0,EUR,0.0,185.0,185.0
TXN-DE-3-000649,2026-08-27 14:29:01,2026-08-27 14:32:01,DE,SaaS Platform,D,VIT-002,Vitalis Multivit,Supplement,Vitalis,E-commerce,5,17.0,EUR,0.05,85.0,80.75
TXN-DE-3-000650,2026-08-27 21:54:51,2026-08-27 21:58:51,DE,SaaS Platform,D,MED-001,Medora Cardio 10mg,Prescription,Medora,E-commerce,3,43.0,EUR,0.1,129.0,116.1
TXN-DE-3-000651,2026-08-27 19:38:16,2026-08-27 19:41:16,DE,SaaS Platform,D,MED-001,Medora Cardio 10mg,Prescription,Medora,D2C,5,43.0,EUR,0.05,215.0,204.25
TXN-DE-3-000652,2026-08-27 13:06:10,2026-08-27 13:10:10,DE,SaaS Platform,D,SAN-002,SanaPlus ColdFlu,OTC,SanaPlus,D2C,9,10.5,EUR,0.15,94.5,80.33
TXN-DE-3-000653,2026-08-27 08:48:10,2026-08-27 08:52:10,DE,SaaS Platform,D,DER-002,Dermacare LiftCream,Aesthetic,Dermacare,E-commerce,1,37.0,EUR,0.1,37.0,33.3
TXN-DE-3-000654,2026-08-27 22:41:00,2026-08-27 22:47:00,DE,SaaS Platform,D,SAN-001,SanaPlus PainRelief,OTC,SanaPlus,D2C,7,9.5,EUR,0.0,66.5,66.5
TXN-DE-3-000655,2026-08-27 05:32:12,2026-08-27 05:38:12,DE,SaaS Platform,D,MED-002,Medora Derm Cream,Prescription,Medora,Pharmacy/B2B,8,26.0,EUR,0.0,208.0,208.0
TXN-DE-3-000656,2026-08-27 17:26:51,2026-08-27 17:31:51,DE,SaaS Platform,D,MED-002,Medora Derm Cream,Prescription,Medora,E-commerce,7,26.0,EUR,0.05,182.0,172.9
TXN-DE-3-000657,2026-08-27 04:23:24,2026-08-27 04:27:24,DE,SaaS Platform,D,MED-001,Medora Cardio 10mg,Prescription,Medora,Pharmacy/B2B,11,43.0,EUR,0.0,473.0,473.0
TXN-DE-3-000658,2026-08-27 15:17:50,2026-08-27 15:19:50,DE,SaaS Platform,D,SAN-002,SanaPlus ColdFlu,OTC,SanaPlus,E-commerce,1,10.5,EUR,0.0,10.5,10.5
TXN-DE-3-000659,2026-08-27 09:23:25,2026-08-27 09:29:25,DE,SaaS Platform,D,DER-001,Dermacare GlowSerum,Aesthetic,Dermacare,D2C,11,32.0,EUR,0.0,352.0,352.0
TXN-DE-3-000660,2026-08-27 05:45:34,2026-08-27 05:50:34,DE,SaaS Platform,D,DER-002,Dermacare LiftCream,Aesthetic,Dermacare,E-commerce,9,37.0,EUR,0.0,333.0,333.0
TXN-DE-3-000661,2026-08-27 16:48:05,2026-08-27 16:51:05,DE,SaaS Platform,D,VIT-002,Vitalis Multivit,Supplement,Vitalis,D2C,11,17.0,EUR,0.1,187.0,168.3
TXN-DE-3-000662,2026-08-27 09:52:28,2026-08-27 09:57:28,DE,SaaS Platform,D,VIT-001,Vitalis C1000,Supplement,Vitalis,Wholesale,2,21.0,EUR,0.2,42.0,33.6
TXN-DE-3-000663,2026-08-27 23:26:32,2026-08-27 23:30:32,DE,SaaS Platform,D,PUR-001,PureLife GlucoMonitor,Medical Device,PureLife,E-commerce,2,85.0,EUR,0.0,170.0,170.0
TXN-DE-3-000664,2026-08-27 08:19:28,2026-08-27 08:24:28,DE,SaaS Platform,D,SAN-002,SanaPlus ColdFlu,OTC,SanaPlus,Pharmacy/B2B,7,10.5,EUR,0.05,73.5,69.83
TXN-DE-3-000665,2026-08-27 07:12:25,2026-08-27 07:13:25,DE,SaaS Platform,D,PUR-001,PureLife GlucoMonitor,Medical Device,PureLife,D2C,10,85.0,EUR,0.1,850.0,765.0
TXN-DE-3-000666,2026-08-27 08:21:54,2026-08-27 08:24:54,DE,SaaS Platform,D,MED-002,Medora Derm Cream,Prescription,Medora,E-commerce,5,26.0,EUR,0.0,130.0,130.0
TXN-DE-3-000667,2026-08-27 17:31:20,2026-08-27 17:32:20,DE,SaaS Platform,D,PUR-001,PureLife GlucoMonitor,Medical Device,PureLife,Pharmacy/B2B,8,85.0,EUR,0.05,680.0,646.0
TXN-DE-3-000668,2026-08-27 11:30:28,2026-08-27 11:36:28,DE,SaaS Platform,D,VIT-002,Vitalis Multivit,Supplement,Vitalis,D2C,4,17.0,EUR,0.0,68.0,68.0
TXN-DE-3-000669,2026-08-27 17:14:06,2026-08-27 17:17:06,DE,SaaS Platform,D,DER-002,Dermacare LiftCream,Aesthetic,Dermacare,D2C,6,37.0,EUR,0.0,222.0,222.0
TXN-DE-3-000670,2026-08-27 08:08:23,2026-08-27 08:09:23,DE,SaaS Platform,D,PUR-002,PureLife BP Monitor,Medical Device,PureLife,D2C,3,90.0,EUR,0.15,270.0,229.5
TXN-DE-3-000671,2026-08-27 17:17:09,2026-08-27 17:21:09,DE,SaaS Platform,D,MED-002,Medora Derm Cream,Prescription,Medora,E-commerce,9,26.0,EUR,0.0,234.0,234.0
TXN-DE-3-000672,2026-08-27 02:15:23,2026-08-27 02:21:23,DE,SaaS Platform,D,SAN-002,SanaPlus ColdFlu,OTC,SanaPlus,Wholesale,4,10.5,EUR,0.0,42.0,42.0
TXN-DE-3-000673,2026-08-27 16:28:30,2026-08-27 16:31:30,DE,SaaS Platform,D,VIT-002,Vitalis Multivit,Supplement,Vitalis,E-commerce,9,17.0,EUR,0.15,153.0,130.05
TXN-DE-3-000674,2026-08-27 18:13:23,2026-08-27 18:15:23,DE,SaaS Platform,D,SAN-002,SanaPlus ColdFlu,OTC,SanaPlus,Wholesale,9,10.5,EUR,0.0,94.5,94.5
TXN-DE-3-000675,2026-08-27 11:03:37,2026-08-27 11:06:37,DE,SaaS Platform,D,SAN-002,SanaPlus ColdFlu,OTC,SanaPlus,D2C,1,10.5,EUR,0.0,10.5,10.5
TXN-DE-3-000676,2026-08-27 03:58:15,2026-08-27 04:01:15,DE,SaaS Platform,D,PUR-001,PureLife GlucoMonitor,Medical Device,PureLife,Wholesale,11,85.0,EUR,0.1,935.0,841.5
TXN-DE-3-000677,2026-08-27 01:01:50,2026-08-27 01:04:50,DE,SaaS Platform,D,PUR-001,PureLife GlucoMonitor,Medical Device,PureLife,Pharmacy/B2B,7,85.0,EUR,0.0,595.0,595.0
TXN-DE-3-000678,2026-08-27 14:33:58,2026-08-27 14:37:58,DE,SaaS Platform,D,PUR-002,PureLife BP Monitor,Medical Device,PureLife,E-commerce,5,90.0,EUR,0.15,450.0,382.5
TXN-DE-3-000679,2026-08-27 09:30:14,2026-08-27 09:35:14,DE,SaaS Platform,D,VIT-002,Vitalis Multivit,Supplement,Vitalis,E-commerce,4,17.0,EUR,0.0,68.0,68.0
TXN-DE-3-000680,2026-08-27 20:12:34,2026-08-27 20:14:34,DE,SaaS Platform,D,MED-001,Medora Cardio 10mg,Prescription,Medora,D2C,10,43.0,EUR,0.0,430.0,430.0
TXN-DE-3-000681,2026-08-27 10:54:45,2026-08-27 10:58:45,DE,SaaS Platform,D,PUR-001,PureLife GlucoMonitor,Medical Device,PureLife,D2C,1,85.0,EUR,0.2,85.0,68.0
TXN-DE-3-000682,2026-08-27 18:25:32,2026-08-27 18:31:32,DE,SaaS Platform,D,PUR-002,PureLife BP Monitor,Medical Device,PureLife,D2C,1,90.0,EUR,0.1,90.0,81.0
TXN-DE-3-000683,2026-08-27 09:23:29,2026-08-27 09:25:29,DE,SaaS Platform,D,SAN-001,SanaPlus PainRelief,OTC,SanaPlus,Wholesale,5,9.5,EUR,0.2,47.5,38.0
TXN-DE-3-000684,2026-08-27 17:47:16,2026-08-27 17:52:16,DE,SaaS Platform,D,DER-002,Dermacare LiftCream,Aesthetic,Dermacare,Wholesale,9,37.0,EUR,0.0,333.0,333.0
TXN-DE-3-000685,2026-08-27 15:18:25,2026-08-27 15:23:25,DE,SaaS Platform,D,DER-001,Dermacare GlowSerum,Aesthetic,Dermacare,E-commerce,5,32.0,EUR,0.0,160.0,160.0
TXN-DE-3-000686,2026-08-27 18:53:50,2026-08-27 18:55:50,DE,SaaS Platform,D,MED-002,Medora Derm Cream,Prescription,Medora,D2C,1,26.0,EUR,0.1,26.0,23.4
TXN-DE-3-000687,2026-08-27 04:15:30,2026-08-27 04:21:30,DE,SaaS Platform,D,DER-002,Dermacare LiftCream,Aesthetic,Dermacare,Pharmacy/B2B,5,37.0,EUR,0.05,185.0,175.75
TXN-DE-3-000688,2026-08-27 06:21:57,2026-08-27 06:25:57,DE,SaaS Platform,D,MED-001,Medora Cardio 10mg,Prescription,Medora,E-commerce,10,43.0,EUR,0.0,430.0,430.0
TXN-DE-3-000689,2026-08-27 21:27:21,2026-08-27 21:30:21,DE,SaaS Platform,D,SAN-001,SanaPlus PainRelief,OTC,SanaPlus,E-commerce,6,9.5,EUR,0.0,57.0,57.0
TXN-DE-3-000690,2026-08-27 08:21:28,2026-08-27 08:25:28,DE,SaaS Platform,D,VIT-001,Vitalis C1000,Supplement,Vitalis,E-commerce,10,21.0,EUR,0.05,210.0,199.5
TXN-DE-3-000691,2026-08-27 17:50:07,2026-08-27 17:54:07,DE,SaaS Platform,D,SAN-002,SanaPlus ColdFlu,OTC,SanaPlus,Pharmacy/B2B,7,10.5,EUR,0.0,73.5,73.5
TXN-DE-3-000692,2026-08-27 17:26:58,2026-08-27 17:32:58,DE,SaaS Platform,D,PUR-002,PureLife BP Monitor,Medical Device,PureLife,E-commerce,3,90.0,EUR,0.15,270.0,229.5
TXN-DE-3-000693,2026-08-27 23:33:36,2026-08-27 23:36:36,DE,SaaS Platform,D,SAN-002,SanaPlus ColdFlu,OTC,SanaPlus,D2C,10,10.5,EUR,0.0,105.0,105.0
TXN-DE-3-000694,2026-08-27 09:20:57,2026-08-27 09:21:57,DE,SaaS Platform,D,PUR-001,PureLife GlucoMonitor,Medical Device,PureLife,D2C,6,85.0,EUR,0.1,510.0,459.0
TXN-DE-3-000695,2026-08-27 14:31:44,2026-08-27 14:33:44,DE,SaaS Platform,D,VIT-002,Vitalis Multivit,Supplement,Vitalis,Pharmacy/B2B,4,17.0,EUR,0.1,68.0,61.2
TXN-DE-3-000696,2026-08-27 14:09:32,2026-08-27 14:13:32,DE,SaaS Platform,D,DER-002,Dermacare LiftCream,Aesthetic,Dermacare,D2C,4,37.0,EUR,0.0,148.0,148.0
TXN-DE-3-000697,2026-08-27 22:46:38,2026-08-27 22:47:38,DE,SaaS Platform,D,SAN-001,SanaPlus PainRelief,OTC,SanaPlus,Wholesale,8,9.5,EUR,0.0,76.0,76.0
TXN-DE-3-000698,2026-08-27 18:07:33,2026-08-27 18:13:33,DE,SaaS Platform,D,MED-001,Medora Cardio 10mg,Prescription,Medora,Pharmacy/B2B,7,43.0,EUR,0.0,301.0,301.0
TXN-DE-3-000699,2026-08-27 11:46:01,2026-08-27 11:48:01,DE,SaaS Platform,D,DER-002,Dermacare LiftCream,Aesthetic,Dermacare,E-commerce,6,37.0,EUR,0.0,222.0,222.0
TXN-DE-3-000700,2026-08-27 23:01:11,2026-08-27 23:06:11,DE,SaaS Platform,D,MED-001,Medora Cardio 10mg,Prescription,Medora,Pharmacy/B2B,4,43.0,EUR,0.0,172.0,172.0
TXN-DE-3-000701,2026-08-27 10:40:00,2026-08-27 10:46:00,DE,SaaS Platform,D,VIT-002,Vitalis Multivit,Supplement,Vitalis,Wholesale,10,17.0,EUR,0.0,170.0,170.0
TXN-DE-3-000702,2026-08-27 14:00:27,2026-08-27 14:03:27,DE,SaaS Platform,D,SAN-002,SanaPlus ColdFlu,OTC,SanaPlus,D2C,5,10.5,EUR,0.0,52.5,52.5
TXN-DE-3-000703,2026-08-27 01:52:52,2026-08-27 01:53:52,DE,SaaS Platform,D,SAN-001,SanaPlus PainRelief,OTC,SanaPlus,Pharmacy/B2B,2,9.5,EUR,0.05,19.0,18.05
TXN-DE-3-000704,2026-08-27 16:27:36,2026-08-27 16:33:36,DE,SaaS Platform,D,DER-001,Dermacare GlowSerum,Aesthetic,Dermacare,Wholesale,6,32.0,EUR,0.0,192.0,192.0
TXN-DE-3-000705,2026-08-27 01:10:12,2026-08-27 01:11:12,DE,SaaS Platform,D,VIT-002,Vitalis Multivit,Supplement,Vitalis,D2C,10,17.0,EUR,0.1,170.0,153.0
TXN-DE-3-000706,2026-08-27 09:38:19,2026-08-27 09:44:19,DE,SaaS Platform,D,MED-002,Medora Derm Cream,Prescription,Medora,Pharmacy/B2B,6,26.0,EUR,0.0,156.0,156.0
TXN-DE-3-000707,2026-08-27 22:07:37,2026-08-27 22:12:37,DE,SaaS Platform,D,VIT-001,Vitalis C1000,Supplement,Vitalis,Wholesale,5,21.0,EUR,0.0,105.0,105.0
TXN-DE-3-000708,2026-08-27 01:49:55,2026-08-27 01:54:55,DE,SaaS Platform,D,SAN-001,SanaPlus PainRelief,OTC,SanaPlus,Pharmacy/B2B,1,9.5,EUR,0.15,9.5,8.07
TXN-DE-3-000709,2026-08-27 19:38:37,2026-08-27 19:42:37,DE,SaaS Platform,D,DER-002,Dermacare LiftCream,Aesthetic,Dermacare,E-commerce,5,37.0,EUR,0.0,185.0,185.0
TXN-DE-3-000710,2026-08-27 07:57:33,2026-08-27 07:58:33,DE,SaaS Platform,D,SAN-002,SanaPlus ColdFlu,OTC,SanaPlus,D2C,7,10.5,EUR,0.0,73.5,73.5
TXN-DE-3-000711,2026-08-27 19:57:57,2026-08-27 20:03:57,DE,SaaS Platform,D,DER-002,Dermacare LiftCream,Aesthetic,Dermacare,Wholesale,5,37.0,EUR,0.15,185.0,157.25
TXN-DE-3-000712,2026-08-27 16:04:58,2026-08-27 16:08:58,DE,SaaS Platform,D,PUR-001,PureLife GlucoMonitor,Medical Device,PureLife,D2C,2,85.0,EUR,0.1,170.0,153.0
TXN-DE-3-000713,2026-08-27 08:46:49,2026-08-27 08:52:49,DE,SaaS Platform,D,VIT-001,Vitalis C1000,Supplement,Vitalis,Wholesale,4,21.0,EUR,0.0,84.0,84.0
TXN-DE-3-000714,2026-08-27 16:41:25,2026-08-27 16:43:25,DE,SaaS Platform,D,MED-002,Medora Derm Cream,Prescription,Medora,Pharmacy/B2B,11,26.0,EUR,0.0,286.0,286.0
TXN-DE-3-000715,2026-08-27 21:56:25,2026-08-27 22:01:25,DE,SaaS Platform,D,VIT-001,Vitalis C1000,Supplement,Vitalis,E-commerce,9,21.0,EUR,0.0,189.0,189.0
TXN-DE-3-000716,2026-08-27 10:00:37,2026-08-27 10:01:37,DE,SaaS Platform,D,DER-001,Dermacare GlowSerum,Aesthetic,Dermacare,E-commerce,8,32.0,EUR,0.05,256.0,243.2
TXN-DE-3-000717,2026-08-27 22:22:42,2026-08-27 22:26:42,DE,SaaS Platform,D,MED-001,Medora Cardio 10mg,Prescription,Medora,Wholesale,4,43.0,EUR,0.0,172.0,172.0
TXN-DE-3-000718,2026-08-27 20:59:45,2026-08-27 21:02:45,DE,SaaS Platform,D,DER-001,Dermacare GlowSerum,Aesthetic,Dermacare,Wholesale,6,32.0,EUR,0.1,192.0,172.8
TXN-DE-3-000719,2026-08-27 09:40:51,2026-08-27 09:45:51,DE,SaaS Platform,D,VIT-002,Vitalis Multivit,Supplement,Vitalis,Pharmacy/B2B,10,17.0,EUR,0.05,170.0,161.5
TXN-DE-3-000720,2026-08-27 10:17:13,2026-08-27 10:19:13,DE,SaaS Platform,D,DER-001,Dermacare GlowSerum,Aesthetic,Dermacare,E-commerce,8,32.0,EUR,0.2,256.0,204.8
TXN-DE-3-000721,2026-08-27 03:33:52,2026-08-27 03:36:52,DE,SaaS Platform,D,MED-002,Medora Derm Cream,Prescription,Medora,Wholesale,3,26.0,EUR,0.0,78.0,78.0
TXN-DE-3-000722,2026-08-27 05:26:47,2026-08-27 05:31:47,DE,SaaS Platform,D,VIT-002,Vitalis Multivit,Supplement,Vitalis,Pharmacy/B2B,5,17.0,EUR,0.1,85.0,76.5
TXN-DE-3-000723,2026-08-27 15:17:11,2026-08-27 15:21:11,DE,SaaS Platform,D,PUR-001,PureLife GlucoMonitor,Medical Device,PureLife,E-commerce,9,85.0,EUR,0.1,765.0,688.5
TXN-DE-3-000724,2026-08-27 12:11:44,2026-08-27 12:13:44,DE,SaaS Platform,D,DER-002,Dermacare LiftCream,Aesthetic,Dermacare,E-commerce,9,37.0,EUR,0.15,333.0,283.05
TXN-DE-3-000725,2026-08-27 03:52:15,2026-08-27 03:55:15,DE,SaaS Platform,D,PUR-002,PureLife BP Monitor,Medical Device,PureLife,Wholesale,3,90.0,EUR,0.0,270.0,270.0
TXN-DE-3-000726,2026-08-27 22:46:56,2026-08-27 22:49:56,DE,SaaS Platform,D,MED-001,Medora Cardio 10mg,Prescription,Medora,E-commerce,2,43.0,EUR,0.05,86.0,81.7
TXN-DE-3-000727,2026-08-27 09:20:44,2026-08-27 09:26:44,DE,SaaS Platform,D,DER-001,Dermacare GlowSerum,Aesthetic,Dermacare,Wholesale,11,32.0,EUR,0.05,352.0,334.4
TXN-DE-3-000728,2026-08-27 03:41:45,2026-08-27 03:46:45,DE,SaaS Platform,D,VIT-002,Vitalis Multivit,Supplement,Vitalis,D2C,11,17.0,EUR,0.0,187.0,187.0
TXN-DE-3-000729,2026-08-27 22:00:01,2026-08-27 22:05:01,DE,SaaS Platform,D,DER-001,Dermacare GlowSerum,Aesthetic,Dermacare,E-commerce,5,32.0,EUR,0.1,160.0,144.0
TXN-DE-3-000730,2026-08-27 04:48:47,2026-08-27 04:53:47,DE,SaaS Platform,D,VIT-001,Vitalis C1000,Supplement,Vitalis,E-commerce,10,21.0,EUR,0.2,210.0,168.0
TXN-DE-3-000731,2026-08-27 09:20:49,2026-08-27 09:22:49,DE,SaaS Platform,D,VIT-001,Vitalis C1000,Supplement,Vitalis,E-commerce,12,21.0,EUR,0.2,252.0,201.6
TXN-DE-3-000732,2026-08-27 16:48:00,2026-08-27 16:49:00,DE,SaaS Platform,D,MED-002,Medora Derm Cream,Prescription,Medora,D2C,3,26.0,EUR,0.0,78.0,78.0
TXN-DE-3-000733,2026-08-27 12:37:56,2026-08-27 12:43:56,DE,SaaS Platform,D,DER-002,Dermacare LiftCream,Aesthetic,Dermacare,Pharmacy/B2B,5,37.0,EUR,0.1,185.0,166.5
TXN-DE-3-000734,2026-08-27 04:07:26,2026-08-27 04:12:26,DE,SaaS Platform,D,MED-001,Medora Cardio 10mg,Prescription,Medora,E-commerce,1,43.0,EUR,0.0,43.0,43.0
TXN-DE-3-000735,2026-08-27 10:14:50,2026-08-27 10:15:50,DE,SaaS Platform,D,SAN-002,SanaPlus ColdFlu,OTC,SanaPlus,E-commerce,8,10.5,EUR,0.15,84.0,71.4
TXN-DE-3-000736,2026-08-27 22:25:02,2026-08-27 22:30:02,DE,SaaS Platform,D,MED-002,Medora Derm Cream,Prescription,Medora,D2C,1,26.0,EUR,0.0,26.0,26.0
TXN-DE-3-000737,2026-08-27 04:08:17,2026-08-27 04:14:17,DE,SaaS Platform,D,PUR-001,PureLife GlucoMonitor,Medical Device,PureLife,Wholesale,12,85.0,EUR,0.1,1020.0,918.0
TXN-DE-3-000738,2026-08-27 02:06:08,2026-08-27 02:09:08,DE,SaaS Platform,D,DER-001,Dermacare GlowSerum,Aesthetic,Dermacare,E-commerce,9,32.0,EUR,0.0,288.0,288.0
TXN-DE-3-000739,2026-08-27 10:47:30,2026-08-27 10:48:30,DE,SaaS Platform,D,MED-001,Medora Cardio 10mg,Prescription,Medora,D2C,6,43.0,EUR,0.0,258.0,258.0
TXN-DE-3-000740,2026-08-27 06:35:56,2026-08-27 06:38:56,DE,SaaS Platform,D,VIT-001,Vitalis C1000,Supplement,Vitalis,Wholesale,6,21.0,EUR,0.0,126.0,126.0
TXN-DE-3-000741,2026-08-27 14:12:45,2026-08-27 14:13:45,DE,SaaS Platform,D,DER-001,Dermacare GlowSerum,Aesthetic,Dermacare,Wholesale,10,32.0,EUR,0.0,320.0,320.0
TXN-DE-3-000742,2026-08-27 14:51:44,2026-08-27 14:56:44,DE,SaaS Platform,D,PUR-001,PureLife GlucoMonitor,Medical Device,PureLife,E-commerce,4,85.0,EUR,0.0,340.0,340.0
TXN-DE-3-000743,2026-08-27 13:36:48,2026-08-27 13:41:48,DE,SaaS Platform,D,MED-001,Medora Cardio 10mg,Prescription,Medora,Wholesale,12,43.0,EUR,0.1,516.0,464.4
TXN-DE-3-000744,2026-08-27 14:57:22,2026-08-27 14:59:22,DE,SaaS Platform,D,MED-001,Medora Cardio 10mg,Prescription,Medora,D2C,12,43.0,EUR,0.05,516.0,490.2
TXN-DE-3-000745,2026-08-27 17:14:10,2026-08-27 17:17:10,DE,SaaS Platform,D,SAN-002,SanaPlus ColdFlu,OTC,SanaPlus,Pharmacy/B2B,11,10.5,EUR,0.0,115.5,115.5
TXN-DE-3-000746,2026-08-27 16:07:01,2026-08-27 16:11:01,DE,SaaS Platform,D,SAN-001,SanaPlus PainRelief,OTC,SanaPlus,Wholesale,9,9.5,EUR,0.1,85.5,76.95
TXN-DE-3-000747,2026-08-27 04:08:35,2026-08-27 04:10:35,DE,SaaS Platform,D,VIT-002,Vitalis Multivit,Supplement,Vitalis,Pharmacy/B2B,1,17.0,EUR,0.05,17.0,16.15
TXN-DE-3-000748,2026-08-27 10:56:14,2026-08-27 11:00:14,DE,SaaS Platform,D,VIT-001,Vitalis C1000,Supplement,Vitalis,Wholesale,10,21.0,EUR,0.0,210.0,210.0
TXN-DE-3-000749,2026-08-27 04:27:04,2026-08-27 04:28:04,DE,SaaS Platform,D,SAN-002,SanaPlus ColdFlu,OTC,SanaPlus,Pharmacy/B2B,7,10.5,EUR,0.15,73.5,62.48
TXN-DE-3-000750,2026-08-27 19:31:58,2026-08-27 19:33:58,DE,SaaS Platform,D,SAN-002,SanaPlus ColdFlu,OTC,SanaPlus,Wholesale,8,10.5,EUR,0.05,84.0,79.8
TXN-DE-3-000751,2026-08-27 14:24:36,2026-08-27 14:26:36,DE,SaaS Platform,D,MED-002,Medora Derm Cream,Prescription,Medora,Wholesale,2,26.0,EUR,0.15,52.0,44.2
TXN-DE-3-000752,2026-08-27 22:09:44,2026-08-27 22:14:44,DE,SaaS Platform,D,DER-001,Dermacare GlowSerum,Aesthetic,Dermacare,D2C,11,32.0,EUR,0.0,352.0,352.0
TXN-DE-3-000753,2026-08-27 13:33:32,2026-08-27 13:35:32,DE,SaaS Platform,D,DER-002,Dermacare LiftCream,Aesthetic,Dermacare,Wholesale,8,37.0,EUR,0.0,296.0,296.0
TXN-DE-3-000754,2026-08-27 09:16:20,2026-08-27 09:17:20,DE,SaaS Platform,D,SAN-002,SanaPlus ColdFlu,OTC,SanaPlus,Pharmacy/B2B,1,10.5,EUR,0.05,10.5,9.97
TXN-DE-3-000755,2026-08-27 03:15:10,2026-08-27 03:17:10,DE,SaaS Platform,D,SAN-002,SanaPlus ColdFlu,OTC,SanaPlus,E-commerce,1,10.5,EUR,0.05,10.5,9.97
TXN-DE-3-000756,2026-08-27 02:14:37,2026-08-27 02:17:37,DE,SaaS Platform,D,DER-002,Dermacare LiftCream,Aesthetic,Dermacare,E-commerce,5,37.0,EUR,0.2,185.0,148.0
TXN-DE-3-000757,2026-08-27 04:32:10,2026-08-27 04:38:10,DE,SaaS Platform,D,VIT-001,Vitalis C1000,Supplement,Vitalis,Pharmacy/B2B,12,21.0,EUR,0.2,252.0,201.6
TXN-DE-3-000758,2026-08-27 10:40:22,2026-08-27 10:45:22,DE,SaaS Platform,D,PUR-001,PureLife GlucoMonitor,Medical Device,PureLife,D2C,2,85.0,EUR,0.0,170.0,170.0
TXN-DE-3-000759,2026-08-27 12:21:31,2026-08-27 12:25:31,DE,SaaS Platform,D,PUR-002,PureLife BP Monitor,Medical Device,PureLife,D2C,7,90.0,EUR,0.0,630.0,630.0
TXN-DE-3-000760,2026-08-27 12:33:27,2026-08-27 12:37:27,DE,SaaS Platform,D,MED-001,Medora Cardio 10mg,Prescription,Medora,Wholesale,4,43.0,EUR,0.05,172.0,163.4
TXN-DE-3-000761,2026-08-27 15:59:46,2026-08-27 16:00:46,DE,SaaS Platform,D,MED-002,Medora Derm Cream,Prescription,Medora,E-commerce,11,26.0,EUR,0.0,286.0,286.0
TXN-DE-3-000762,2026-08-27 05:54:41,2026-08-27 05:55:41,DE,SaaS Platform,D,SAN-002,SanaPlus ColdFlu,OTC,SanaPlus,Pharmacy/B2B,3,10.5,EUR,0.0,31.5,31.5
TXN-DE-3-000763,2026-08-27 08:34:31,2026-08-27 08:36:31,DE,SaaS Platform,D,VIT-001,Vitalis C1000,Supplement,Vitalis,Pharmacy/B2B,7,21.0,EUR,0.15,147.0,124.95
TXN-DE-3-000764,2026-08-27 04:07:21,2026-08-27 04:12:21,DE,SaaS Platform,D,SAN-001,SanaPlus PainRelief,OTC,SanaPlus,Pharmacy/B2B,8,9.5,EUR,0.2,76.0,60.8
TXN-DE-3-000765,2026-08-27 08:26:43,2026-08-27 08:30:43,DE,SaaS Platform,D,MED-002,Medora Derm Cream,Prescription,Medora,D2C,11,26.0,EUR,0.0,286.0,286.0
TXN-DE-3-000766,2026-08-27 06:44:04,2026-08-27 06:45:04,DE,SaaS Platform,D,SAN-001,SanaPlus PainRelief,OTC,SanaPlus,Pharmacy/B2B,3,9.5,EUR,0.0,28.5,28.5
TXN-DE-3-000767,2026-08-27 21:38:10,2026-08-27 21:40:10,DE,SaaS Platform,D,MED-002,Medora Derm Cream,Prescription,Medora,Pharmacy/B2B,12,26.0,EUR,0.0,312.0,312.0
TXN-DE-3-000768,2026-08-27 23:32:27,2026-08-27 23:38:27,DE,SaaS Platform,D,PUR-001,PureLife GlucoMonitor,Medical Device,PureLife,E-commerce,12,85.0,EUR,0.0,1020.0,1020.0
TXN-DE-3-000769,2026-08-27 18:40:44,2026-08-27 18:44:44,DE,SaaS Platform,D,VIT-002,Vitalis Multivit,Supplement,Vitalis,D2C,6,17.0,EUR,0.05,102.0,96.9
TXN-DE-3-000770,2026-08-27 23:36:31,2026-08-27 23:40:31,DE,SaaS Platform,D,SAN-002,SanaPlus ColdFlu,OTC,SanaPlus,D2C,4,10.5,EUR,0.15,42.0,35.7
TXN-DE-3-000771,2026-08-27 16:31:01,2026-08-27 16:33:01,DE,SaaS Platform,D,PUR-002,PureLife BP Monitor,Medical Device,PureLife,D2C,5,90.0,EUR,0.0,450.0,450.0
TXN-DE-3-000772,2026-08-27 06:01:24,2026-08-27 06:04:24,DE,SaaS Platform,D,VIT-001,Vitalis C1000,Supplement,Vitalis,Pharmacy/B2B,12,21.0,EUR,0.0,252.0,252.0
TXN-DE-3-000773,2026-08-27 04:20:13,2026-08-27 04:26:13,DE,SaaS Platform,D,DER-001,Dermacare GlowSerum,Aesthetic,Dermacare,Wholesale,12,32.0,EUR,0.0,384.0,384.0
TXN-DE-3-000774,2026-08-27 14:24:07,2026-08-27 14:28:07,DE,SaaS Platform,D,SAN-002,SanaPlus ColdFlu,OTC,SanaPlus,D2C,1,10.5,EUR,0.15,10.5,8.92
TXN-DE-3-000775,2026-08-27 23:21:56,2026-08-27 23:26:56,DE,SaaS Platform,D,MED-001,Medora Cardio 10mg,Prescription,Medora,Pharmacy/B2B,5,43.0,EUR,0.0,215.0,215.0
TXN-DE-3-000776,2026-08-27 18:38:11,2026-08-27 18:42:11,DE,SaaS Platform,D,SAN-002,SanaPlus ColdFlu,OTC,SanaPlus,E-commerce,7,10.5,EUR,0.2,73.5,58.8
TXN-DE-3-000777,2026-08-27 19:01:29,2026-08-27 19:04:29,DE,SaaS Platform,D,MED-002,Medora Derm Cream,Prescription,Medora,Wholesale,12,26.0,EUR,0.0,312.0,312.0
TXN-DE-3-000778,2026-08-27 11:31:57,2026-08-27 11:33:57,DE,SaaS Platform,D,PUR-002,PureLife BP Monitor,Medical Device,PureLife,Pharmacy/B2B,1,90.0,EUR,0.1,90.0,81.0
TXN-DE-3-000779,2026-08-27 00:03:56,2026-08-27 00:06:56,DE,SaaS Platform,D,PUR-001,PureLife GlucoMonitor,Medical Device,PureLife,D2C,9,85.0,EUR,0.2,765.0,612.0
TXN-DE-3-000780,2026-08-27 03:21:56,2026-08-27 03:23:56,DE,SaaS Platform,D,DER-001,Dermacare GlowSerum,Aesthetic,Dermacare,D2C,7,32.0,EUR,0.2,224.0,179.2
TXN-DE-3-000781,2026-08-27 11:32:30,2026-08-27 11:36:30,DE,SaaS Platform,D,SAN-002,SanaPlus ColdFlu,OTC,SanaPlus,Wholesale,7,10.5,EUR,0.05,73.5,69.83
TXN-DE-3-000782,2026-08-27 08:42:52,2026-08-27 08:44:52,DE,SaaS Platform,D,MED-001,Medora Cardio 10mg,Prescription,Medora,Pharmacy/B2B,3,43.0,EUR,0.0,129.0,129.0
TXN-DE-3-000783,2026-08-27 09:17:44,2026-08-27 09:19:44,DE,SaaS Platform,D,DER-002,Dermacare LiftCream,Aesthetic,Dermacare,E-commerce,2,37.0,EUR,0.2,74.0,59.2
TXN-DE-3-000784,2026-08-27 14:14:58,2026-08-27 14:18:58,DE,SaaS Platform,D,DER-001,Dermacare GlowSerum,Aesthetic,Dermacare,Wholesale,6,32.0,EUR,0.0,192.0,192.0
TXN-DE-3-000785,2026-08-27 11:17:03,2026-08-27 11:23:03,DE,SaaS Platform,D,DER-001,Dermacare GlowSerum,Aesthetic,Dermacare,D2C,7,32.0,EUR,0.0,224.0,224.0
TXN-DE-3-000786,2026-08-27 14:22:34,2026-08-27 14:24:34,DE,SaaS Platform,D,SAN-002,SanaPlus ColdFlu,OTC,SanaPlus,Pharmacy/B2B,1,10.5,EUR,0.0,10.5,10.5
TXN-DE-3-000787,2026-08-27 19:54:22,2026-08-27 19:56:22,DE,SaaS Platform,D,PUR-001,PureLife GlucoMonitor,Medical Device,PureLife,Pharmacy/B2B,2,85.0,EUR,0.15,170.0,144.5
TXN-DE-3-000788,2026-08-27 16:36:35,2026-08-27 16:42:35,DE,SaaS Platform,D,SAN-001,SanaPlus PainRelief,OTC,SanaPlus,D2C,5,9.5,EUR,0.05,47.5,45.12
TXN-DE-3-000789,2026-08-27 21:55:21,2026-08-27 21:59:21,DE,SaaS Platform,D,DER-001,Dermacare GlowSerum,Aesthetic,Dermacare,E-commerce,7,32.0,EUR,0.0,224.0,224.0
TXN-DE-3-000790,2026-08-27 19:31:30,2026-08-27 19:36:30,DE,SaaS Platform,D,DER-002,Dermacare LiftCream,Aesthetic,Dermacare,E-commerce,11,37.0,EUR,0.0,407.0,407.0
TXN-DE-3-000791,2026-08-27 03:48:48,2026-08-27 03:50:48,DE,SaaS Platform,D,VIT-002,Vitalis Multivit,Supplement,Vitalis,Pharmacy/B2B,12,17.0,EUR,0.1,204.0,183.6
TXN-DE-3-000792,2026-08-27 20:39:05,2026-08-27 20:42:05,DE,SaaS Platform,D,DER-001,Dermacare GlowSerum,Aesthetic,Dermacare,Wholesale,3,32.0,EUR,0.05,96.0,91.2
TXN-DE-3-000793,2026-08-27 20:49:04,2026-08-27 20:53:04,DE,SaaS Platform,D,PUR-002,PureLife BP Monitor,Medical Device,PureLife,D2C,6,90.0,EUR,0.0,540.0,540.0
TXN-DE-3-000794,2026-08-27 14:12:15,2026-08-27 14:13:15,DE,SaaS Platform,D,DER-001,Dermacare GlowSerum,Aesthetic,Dermacare,D2C,10,32.0,EUR,0.05,320.0,304.0
TXN-DE-3-000795,2026-08-27 23:36:19,2026-08-27 23:38:19,DE,SaaS Platform,D,MED-002,Medora Derm Cream,Prescription,Medora,Wholesale,7,26.0,EUR,0.0,182.0,182.0
TXN-DE-3-000796,2026-08-27 18:21:28,2026-08-27 18:26:28,DE,SaaS Platform,D,DER-001,Dermacare GlowSerum,Aesthetic,Dermacare,Pharmacy/B2B,12,32.0,EUR,0.1,384.0,345.6
TXN-DE-3-000797,2026-08-27 04:07:04,2026-08-27 04:13:04,DE,SaaS Platform,D,VIT-001,Vitalis C1000,Supplement,Vitalis,D2C,2,21.0,EUR,0.15,42.0,35.7
TXN-DE-3-000798,2026-08-27 03:00:34,2026-08-27 03:02:34,DE,SaaS Platform,D,VIT-002,Vitalis Multivit,Supplement,Vitalis,Wholesale,8,17.0,EUR,0.0,136.0,136.0
TXN-DE-3-000799,2026-08-27 18:02:01,2026-08-27 18:03:01,DE,SaaS Platform,D,PUR-002,PureLife BP Monitor,Medical Device,PureLife,D2C,2,90.0,EUR,0.05,180.0,171.0
TXN-DE-3-000800,2026-08-27 20:11:17,2026-08-27 20:14:17,DE,SaaS Platform,D,MED-001,Medora Cardio 10mg,Prescription,Medora,Wholesale,11,43.0,EUR,0.0,473.0,473.0
TXN-DE-3-000801,2026-08-27 13:15:51,2026-08-27 13:19:51,DE,SaaS Platform,D,VIT-002,Vitalis Multivit,Supplement,Vitalis,Wholesale,4,17.0,EUR,0.0,68.0,68.0
TXN-DE-3-000802,2026-08-27 15:02:00,2026-08-27 15:03:00,DE,SaaS Platform,D,PUR-002,PureLife BP Monitor,Medical Device,PureLife,Pharmacy/B2B,7,90.0,EUR,0.0,630.0,630.0
TXN-DE-3-000803,2026-08-27 23:21:06,2026-08-27 23:26:06,DE,SaaS Platform,D,VIT-002,Vitalis Multivit,Supplement,Vitalis,Wholesale,1,17.0,EUR,0.0,17.0,17.0
TXN-DE-3-000804,2026-08-27 14:20:52,2026-08-27 14:23:52,DE,SaaS Platform,D,MED-002,Medora Derm Cream,Prescription,Medora,Pharmacy/B2B,7,26.0,EUR,0.1,182.0,163.8
TXN-DE-3-000805,2026-08-27 00:23:34,2026-08-27 00:29:34,DE,SaaS Platform,D,VIT-002,Vitalis Multivit,Supplement,Vitalis,Pharmacy/B2B,5,17.0,EUR,0.0,85.0,85.0
TXN-DE-3-000806,2026-08-27 08:35:21,2026-08-27 08:41:21,DE,SaaS Platform,D,DER-002,Dermacare LiftCream,Aesthetic,Dermacare,D2C,11,37.0,EUR,0.1,407.0,366.3
TXN-DE-3-000807,2026-08-27 05:21:41,2026-08-27 05:25:41,DE,SaaS Platform,D,MED-002,Medora Derm Cream,Prescription,Medora,E-commerce,7,26.0,EUR,0.0,182.0,182.0
TXN-DE-3-000808,2026-08-27 02:11:15,2026-08-27 02:14:15,DE,SaaS Platform,D,MED-001,Medora Cardio 10mg,Prescription,Medora,Wholesale,10,43.0,EUR,0.1,430.0,387.0
TXN-DE-3-000809,2026-08-27 06:06:28,2026-08-27 06:12:28,DE,SaaS Platform,D,MED-001,Medora Cardio 10mg,Prescription,Medora,Wholesale,4,43.0,EUR,0.0,172.0,172.0
TXN-DE-3-000810,2026-08-27 03:28:08,2026-08-27 03:31:08,DE,SaaS Platform,D,MED-001,Medora Cardio 10mg,Prescription,Medora,Wholesale,11,43.0,EUR,0.2,473.0,378.4
TXN-DE-3-000811,2026-08-27 17:34:27,2026-08-27 17:39:27,DE,SaaS Platform,D,VIT-001,Vitalis C1000,Supplement,Vitalis,Wholesale,5,21.0,EUR,0.0,105.0,105.0
TXN-DE-3-000812,2026-08-27 00:25:30,2026-08-27 00:31:30,DE,SaaS Platform,D,DER-002,Dermacare LiftCream,Aesthetic,Dermacare,Pharmacy/B2B,3,37.0,EUR,0.0,111.0,111.0
TXN-DE-3-000813,2026-08-27 03:35:47,2026-08-27 03:37:47,DE,SaaS Platform,D,PUR-001,PureLife GlucoMonitor,Medical Device,PureLife,Wholesale,2,85.0,EUR,0.2,170.0,136.0
TXN-DE-3-000814,2026-08-27 05:49:17,2026-08-27 05:53:17,DE,SaaS Platform,D,MED-001,Medora Cardio 10mg,Prescription,Medora,E-commerce,10,43.0,EUR,0.05,430.0,408.5
TXN-DE-3-000815,2026-08-27 04:01:55,2026-08-27 04:07:55,DE,SaaS Platform,D,SAN-002,SanaPlus ColdFlu,OTC,SanaPlus,E-commerce,12,10.5,EUR,0.2,126.0,100.8
TXN-DE-3-000816,2026-08-27 10:57:22,2026-08-27 11:02:22,DE,SaaS Platform,D,DER-002,Dermacare LiftCream,Aesthetic,Dermacare,Pharmacy/B2B,4,37.0,EUR,0.0,148.0,148.0
TXN-DE-3-000817,2026-08-27 22:59:52,2026-08-27 23:00:52,DE,SaaS Platform,D,PUR-001,PureLife GlucoMonitor,Medical Device,PureLife,E-commerce,10,85.0,EUR,0.05,850.0,807.5
TXN-DE-3-000818,2026-08-27 12:56:00,2026-08-27 13:02:00,DE,SaaS Platform,D,DER-002,Dermacare LiftCream,Aesthetic,Dermacare,Pharmacy/B2B,4,37.0,EUR,0.15,148.0,125.8
TXN-DE-3-000819,2026-08-27 10:28:27,2026-08-27 10:33:27,DE,SaaS Platform,D,SAN-002,SanaPlus ColdFlu,OTC,SanaPlus,D2C,3,10.5,EUR,0.0,31.5,31.5
TXN-DE-3-000820,2026-08-27 13:32:44,2026-08-27 13:36:44,DE,SaaS Platform,D,DER-001,Dermacare GlowSerum,Aesthetic,Dermacare,D2C,1,32.0,EUR,0.2,32.0,25.6
TXN-DE-3-000821,2026-08-27 01:29:32,2026-08-27 01:35:32,DE,SaaS Platform,D,DER-002,Dermacare LiftCream,Aesthetic,Dermacare,D2C,5,37.0,EUR,0.1,185.0,166.5
TXN-DE-3-000822,2026-08-27 03:33:20,2026-08-27 03:36:20,DE,SaaS Platform,D,VIT-001,Vitalis C1000,Supplement,Vitalis,E-commerce,4,21.0,EUR,0.15,84.0,71.4
TXN-DE-3-000823,2026-08-27 10:10:28,2026-08-27 10:14:28,DE,SaaS Platform,D,MED-002,Medora Derm Cream,Prescription,Medora,Pharmacy/B2B,6,26.0,EUR,0.05,156.0,148.2
TXN-DE-3-000824,2026-08-27 09:12:55,2026-08-27 09:13:55,DE,SaaS Platform,D,DER-002,Dermacare LiftCream,Aesthetic,Dermacare,E-commerce,11,37.0,EUR,0.0,407.0,407.0
TXN-DE-3-000825,2026-08-27 03:05:36,2026-08-27 03:11:36,DE,SaaS Platform,D,SAN-002,SanaPlus ColdFlu,OTC,SanaPlus,D2C,5,10.5,EUR,0.0,52.5,52.5
TXN-DE-3-000826,2026-08-27 21:32:10,2026-08-27 21:37:10,DE,SaaS Platform,D,DER-002,Dermacare LiftCream,Aesthetic,Dermacare,D2C,2,37.0,EUR,0.1,74.0,66.6
TXN-DE-3-000827,2026-08-27 05:02:21,2026-08-27 05:06:21,DE,SaaS Platform,D,MED-002,Medora Derm Cream,Prescription,Medora,Pharmacy/B2B,6,26.0,EUR,0.0,156.0,156.0
TXN-DE-3-000828,2026-08-27 14:50:34,2026-08-27 14:55:34,DE,SaaS Platform,D,PUR-001,PureLife GlucoMonitor,Medical Device,PureLife,Pharmacy/B2B,5,85.0,EUR,0.1,425.0,382.5
TXN-DE-3-000829,2026-08-27 18:46:45,2026-08-27 18:50:45,DE,SaaS Platform,D,MED-002,Medora Derm Cream,Prescription,Medora,Pharmacy/B2B,7,26.0,EUR,0.1,182.0,163.8
TXN-DE-3-000830,2026-08-27 12:23:01,2026-08-27 12:29:01,DE,SaaS Platform,D,DER-001,Dermacare GlowSerum,Aesthetic,Dermacare,E-commerce,6,32.0,EUR,0.2,192.0,153.6
TXN-DE-3-000831,2026-08-27 02:47:32,2026-08-27 02:50:32,DE,SaaS Platform,D,DER-001,Dermacare GlowSerum,Aesthetic,Dermacare,D2C,9,32.0,EUR,0.1,288.0,259.2
TXN-DE-3-000832,2026-08-27 06:44:51,2026-08-27 06:50:51,DE,SaaS Platform,D,DER-001,Dermacare GlowSerum,Aesthetic,Dermacare,Wholesale,4,32.0,EUR,0.0,128.0,128.0
TXN-DE-3-000833,2026-08-27 15:56:45,2026-08-27 16:00:45,DE,SaaS Platform,D,DER-002,Dermacare LiftCream,Aesthetic,Dermacare,Pharmacy/B2B,9,37.0,EUR,0.0,333.0,333.0
TXN-DE-3-000834,2026-08-27 08:28:18,2026-08-27 08:29:18,DE,SaaS Platform,D,DER-001,Dermacare GlowSerum,Aesthetic,Dermacare,Pharmacy/B2B,3,32.0,EUR,0.0,96.0,96.0
TXN-DE-3-000835,2026-08-27 06:25:35,2026-08-27 06:29:35,DE,SaaS Platform,D,PUR-001,PureLife GlucoMonitor,Medical Device,PureLife,E-commerce,5,85.0,EUR,0.0,425.0,425.0
TXN-DE-3-000836,2026-08-27 07:50:09,2026-08-27 07:56:09,DE,SaaS Platform,D,MED-002,Medora Derm Cream,Prescription,Medora,Wholesale,7,26.0,EUR,0.2,182.0,145.6
TXN-DE-3-000837,2026-08-27 01:33:41,2026-08-27 01:34:41,DE,SaaS Platform,D,SAN-002,SanaPlus ColdFlu,OTC,SanaPlus,Wholesale,11,10.5,EUR,0.0,115.5,115.5
TXN-DE-3-000838,2026-08-27 21:18:29,2026-08-27 21:24:29,DE,SaaS Platform,D,PUR-002,PureLife BP Monitor,Medical Device,PureLife,D2C,6,90.0,EUR,0.0,540.0,540.0
TXN-DE-3-000839,2026-08-27 03:34:28,2026-08-27 03:35:28,DE,SaaS Platform,D,MED-001,Medora Cardio 10mg,Prescription,Medora,E-commerce,10,43.0,EUR,0.0,430.0,430.0
TXN-DE-3-000840,2026-08-27 07:31:00,2026-08-27 07:35:00,DE,SaaS Platform,D,DER-001,Dermacare GlowSerum,Aesthetic,Dermacare,D2C,1,32.0,EUR,0.2,32.0,25.6
TXN-DE-3-000841,2026-08-27 17:29:56,2026-08-27 17:32:56,DE,SaaS Platform,D,MED-002,Medora Derm Cream,Prescription,Medora,E-commerce,9,26.0,EUR,0.2,234.0,187.2
TXN-DE-3-000842,2026-08-27 16:02:36,2026-08-27 16:06:36,DE,SaaS Platform,D,VIT-002,Vitalis Multivit,Supplement,Vitalis,Pharmacy/B2B,9,17.0,EUR,0.05,153.0,145.35
TXN-DE-3-000843,2026-08-27 20:29:37,2026-08-27 20:34:37,DE,SaaS Platform,D,DER-002,Dermacare LiftCream,Aesthetic,Dermacare,Pharmacy/B2B,2,37.0,EUR,0.0,74.0,74.0
TXN-DE-3-000844,2026-08-27 07:52:15,2026-08-27 07:54:15,DE,SaaS Platform,D,DER-002,Dermacare LiftCream,Aesthetic,Dermacare,D2C,11,37.0,EUR,0.1,407.0,366.3
TXN-DE-3-000845,2026-08-27 06:45:39,2026-08-27 06:46:39,DE,SaaS Platform,D,MED-001,Medora Cardio 10mg,Prescription,Medora,Wholesale,3,43.0,EUR,0.05,129.0,122.55
TXN-DE-3-000846,2026-08-27 02:58:31,2026-08-27 03:00:31,DE,SaaS Platform,D,DER-001,Dermacare GlowSerum,Aesthetic,Dermacare,E-commerce,5,32.0,EUR,0.0,160.0,160.0
TXN-DE-3-000847,2026-08-27 18:13:28,2026-08-27 18:19:28,DE,SaaS Platform,D,PUR-002,PureLife BP Monitor,Medical Device,PureLife,E-commerce,11,90.0,EUR,0.05,990.0,940.5
TXN-DE-3-000848,2026-08-27 01:04:01,2026-08-27 01:06:01,DE,SaaS Platform,D,DER-001,Dermacare GlowSerum,Aesthetic,Dermacare,E-commerce,5,32.0,EUR,0.1,160.0,144.0
TXN-DE-3-000849,2026-08-27 23:25:28,2026-08-27 23:30:28,DE,SaaS Platform,D,DER-002,Dermacare LiftCream,Aesthetic,Dermacare,E-commerce,5,37.0,EUR,0.1,185.0,166.5
TXN-DE-3-000850,2026-08-27 11:32:52,2026-08-27 11:37:52,DE,SaaS Platform,D,MED-001,Medora Cardio 10mg,Prescription,Medora,Wholesale,10,43.0,EUR,0.2,430.0,344.0
TXN-DE-3-000851,2026-08-27 13:09:21,2026-08-27 13:11:21,DE,SaaS Platform,D,MED-001,Medora Cardio 10mg,Prescription,Medora,E-commerce,1,43.0,EUR,0.15,43.0,36.55
TXN-DE-3-000852,2026-08-27 07:51:43,2026-08-27 07:53:43,DE,SaaS Platform,D,MED-002,Medora Derm Cream,Prescription,Medora,D2C,5,26.0,EUR,0.0,130.0,130.0
TXN-DE-3-000853,2026-08-27 08:26:18,2026-08-27 08:31:18,DE,SaaS Platform,D,VIT-002,Vitalis Multivit,Supplement,Vitalis,D2C,1,17.0,EUR,0.2,17.0,13.6
TXN-DE-3-000854,2026-08-27 07:47:53,2026-08-27 07:51:53,DE,SaaS Platform,D,PUR-002,PureLife BP Monitor,Medical Device,PureLife,Wholesale,1,90.0,EUR,0.0,90.0,90.0
TXN-DE-3-000855,2026-08-27 11:43:01,2026-08-27 11:46:01,DE,SaaS Platform,D,PUR-002,PureLife BP Monitor,Medical Device,PureLife,Pharmacy/B2B,6,90.0,EUR,0.15,540.0,459.0
TXN-DE-3-000856,2026-08-27 18:04:21,2026-08-27 18:07:21,DE,SaaS Platform,D,MED-002,Medora Derm Cream,Prescription,Medora,D2C,12,26.0,EUR,0.0,312.0,312.0
TXN-DE-3-000857,2026-08-27 09:57:02,2026-08-27 10:00:02,DE,SaaS Platform,D,SAN-001,SanaPlus PainRelief,OTC,SanaPlus,D2C,11,9.5,EUR,0.0,104.5,104.5
TXN-DE-3-000858,2026-08-27 17:54:05,2026-08-27 17:58:05,DE,SaaS Platform,D,MED-001,Medora Cardio 10mg,Prescription,Medora,Pharmacy/B2B,7,43.0,EUR,0.05,301.0,285.95
TXN-DE-3-000859,2026-08-27 16:39:14,2026-08-27 16:41:14,DE,SaaS Platform,D,VIT-002,Vitalis Multivit,Supplement,Vitalis,Pharmacy/B2B,7,17.0,EUR,0.05,119.0,113.05
TXN-DE-3-000860,2026-08-27 13:18:09,2026-08-27 13:21:09,DE,SaaS Platform,D,DER-001,Dermacare GlowSerum,Aesthetic,Dermacare,E-commerce,2,32.0,EUR,0.0,64.0,64.0
TXN-DE-3-000861,2026-08-27 13:51:07,2026-08-27 13:52:07,DE,SaaS Platform,D,VIT-002,Vitalis Multivit,Supplement,Vitalis,Wholesale,2,17.0,EUR,0.05,34.0,32.3
TXN-DE-3-000862,2026-08-27 11:00:43,2026-08-27 11:01:43,DE,SaaS Platform,D,VIT-002,Vitalis Multivit,Supplement,Vitalis,E-commerce,5,17.0,EUR,0.1,85.0,76.5
TXN-DE-3-000863,2026-08-27 16:32:04,2026-08-27 16:38:04,DE,SaaS Platform,D,VIT-002,Vitalis Multivit,Supplement,Vitalis,D2C,8,17.0,EUR,0.0,136.0,136.0
TXN-DE-3-000864,2026-08-27 01:29:43,2026-08-27 01:30:43,DE,SaaS Platform,D,DER-002,Dermacare LiftCream,Aesthetic,Dermacare,Pharmacy/B2B,2,37.0,EUR,0.2,74.0,59.2
TXN-DE-3-000865,2026-08-27 15:39:31,2026-08-27 15:45:31,DE,SaaS Platform,D,PUR-002,PureLife BP Monitor,Medical Device,PureLife,Pharmacy/B2B,8,90.0,EUR,0.0,720.0,720.0
TXN-DE-3-000866,2026-08-27 03:38:39,2026-08-27 03:43:39,DE,SaaS Platform,D,DER-002,Dermacare LiftCream,Aesthetic,Dermacare,Wholesale,2,37.0,EUR,0.15,74.0,62.9
TXN-DE-3-000867,2026-08-27 10:11:46,2026-08-27 10:16:46,DE,SaaS Platform,D,DER-002,Dermacare LiftCream,Aesthetic,Dermacare,E-commerce,2,37.0,EUR,0.0,74.0,74.0
TXN-DE-3-000868,2026-08-27 23:58:08,2026-08-28 00:02:08,DE,SaaS Platform,D,MED-001,Medora Cardio 10mg,Prescription,Medora,Pharmacy/B2B,1,43.0,EUR,0.0,43.0,43.0
TXN-DE-3-000869,2026-08-27 16:10:12,2026-08-27 16:13:12,DE,SaaS Platform,D,DER-002,Dermacare LiftCream,Aesthetic,Dermacare,D2C,4,37.0,EUR,0.0,148.0,148.0
TXN-DE-3-000870,2026-08-27 11:22:39,2026-08-27 11:28:39,DE,SaaS Platform,D,VIT-002,Vitalis Multivit,Supplement,Vitalis,Pharmacy/B2B,11,17.0,EUR,0.2,187.0,149.6
TXN-DE-3-000871,2026-08-27 02:52:44,2026-08-27 02:56:44,DE,SaaS Platform,D,MED-002,Medora Derm Cream,Prescription,Medora,Pharmacy/B2B,1,26.0,EUR,0.05,26.0,24.7
TXN-DE-3-000872,2026-08-27 12:06:04,2026-08-27 12:11:04,DE,SaaS Platform,D,VIT-002,Vitalis Multivit,Supplement,Vitalis,D2C,3,17.0,EUR,0.05,51.0,48.45
TXN-DE-3-000873,2026-08-27 16:39:53,2026-08-27 16:45:53,DE,SaaS Platform,D,VIT-001,Vitalis C1000,Supplement,Vitalis,E-commerce,9,21.0,EUR,0.1,189.0,170.1
TXN-DE-3-000874,2026-08-27 17:46:47,2026-08-27 17:49:47,DE,SaaS Platform,D,PUR-001,PureLife GlucoMonitor,Medical Device,PureLife,D2C,6,85.0,EUR,0.0,510.0,510.0
TXN-DE-3-000875,2026-08-27 04:52:33,2026-08-27 04:58:33,DE,SaaS Platform,D,VIT-001,Vitalis C1000,Supplement,Vitalis,D2C,5,21.0,EUR,0.1,105.0,94.5
TXN-DE-3-000876,2026-08-27 10:07:36,2026-08-27 10:12:36,DE,SaaS Platform,D,PUR-001,PureLife GlucoMonitor,Medical Device,PureLife,Wholesale,1,85.0,EUR,0.15,85.0,72.25
TXN-DE-3-000877,2026-08-27 21:29:59,2026-08-27 21:31:59,DE,SaaS Platform,D,SAN-001,SanaPlus PainRelief,OTC,SanaPlus,Wholesale,8,9.5,EUR,0.0,76.0,76.0
TXN-DE-3-000878,2026-08-27 23:18:04,2026-08-27 23:24:04,DE,SaaS Platform,D,SAN-001,SanaPlus PainRelief,OTC,SanaPlus,D2C,12,9.5,EUR,0.15,114.0,96.9
TXN-DE-3-000879,2026-08-27 15:52:00,2026-08-27 15:57:00,DE,SaaS Platform,D,MED-001,Medora Cardio 10mg,Prescription,Medora,E-commerce,11,43.0,EUR,0.2,473.0,378.4
TXN-DE-3-000880,2026-08-27 13:45:52,2026-08-27 13:51:52,DE,SaaS Platform,D,VIT-002,Vitalis Multivit,Supplement,Vitalis,Wholesale,7,17.0,EUR,0.0,119.0,119.0
TXN-DE-3-000881,2026-08-27 02:15:29,2026-08-27 02:18:29,DE,SaaS Platform,D,DER-002,Dermacare LiftCream,Aesthetic,Dermacare,Pharmacy/B2B,5,37.0,EUR,0.0,185.0,185.0
TXN-DE-3-000882,2026-08-27 16:26:51,2026-08-27 16:31:51,DE,SaaS Platform,D,DER-002,Dermacare LiftCream,Aesthetic,Dermacare,Wholesale,2,37.0,EUR,0.15,74.0,62.9
TXN-DE-3-000883,2026-08-27 02:19:59,2026-08-27 02:21:59,DE,SaaS Platform,D,DER-002,Dermacare LiftCream,Aesthetic,Dermacare,Pharmacy/B2B,7,37.0,EUR,0.0,259.0,259.0
TXN-DE-3-000884,2026-08-27 07:12:58,2026-08-27 07:13:58,DE,SaaS Platform,D,DER-001,Dermacare GlowSerum,Aesthetic,Dermacare,Pharmacy/B2B,4,32.0,EUR,0.1,128.0,115.2
TXN-DE-3-000885,2026-08-27 20:31:52,2026-08-27 20:32:52,DE,SaaS Platform,D,MED-002,Medora Derm Cream,Prescription,Medora,Wholesale,9,26.0,EUR,0.0,234.0,234.0
TXN-DE-3-000886,2026-08-27 11:49:26,2026-08-27 11:53:26,DE,SaaS Platform,D,DER-001,Dermacare GlowSerum,Aesthetic,Dermacare,D2C,8,32.0,EUR,0.0,256.0,256.0
TXN-DE-3-000887,2026-08-27 01:19:46,2026-08-27 01:20:46,DE,SaaS Platform,D,DER-002,Dermacare LiftCream,Aesthetic,Dermacare,Pharmacy/B2B,11,37.0,EUR,0.2,407.0,325.6
TXN-DE-3-000888,2026-08-27 05:45:41,2026-08-27 05:46:41,DE,SaaS Platform,D,PUR-001,PureLife GlucoMonitor,Medical Device,PureLife,Pharmacy/B2B,4,85.0,EUR,0.0,340.0,340.0
TXN-DE-3-000889,2026-08-27 06:21:04,2026-08-27 06:24:04,DE,SaaS Platform,D,MED-002,Medora Derm Cream,Prescription,Medora,E-commerce,6,26.0,EUR,0.0,156.0,156.0
TXN-DE-3-000890,2026-08-27 20:36:25,2026-08-27 20:40:25,DE,SaaS Platform,D,MED-001,Medora Cardio 10mg,Prescription,Medora,Pharmacy/B2B,12,43.0,EUR,0.0,516.0,516.0
TXN-DE-3-000891,2026-08-27 08:44:17,2026-08-27 08:47:17,DE,SaaS Platform,D,PUR-001,PureLife GlucoMonitor,Medical Device,PureLife,D2C,11,85.0,EUR,0.0,935.0,935.0
TXN-DE-3-000892,2026-08-27 14:13:26,2026-08-27 14:18:26,DE,SaaS Platform,D,MED-002,Medora Derm Cream,Prescription,Medora,Pharmacy/B2B,10,26.0,EUR,0.1,260.0,234.0
TXN-DE-3-000893,2026-08-27 17:51:39,2026-08-27 17:55:39,DE,SaaS Platform,D,DER-001,Dermacare GlowSerum,Aesthetic,Dermacare,Wholesale,5,32.0,EUR,0.1,160.0,144.0
TXN-DE-3-000894,2026-08-27 15:02:16,2026-08-27 15:06:16,DE,SaaS Platform,D,MED-002,Medora Derm Cream,Prescription,Medora,D2C,8,26.0,EUR,0.2,208.0,166.4
TXN-DE-3-000895,2026-08-27 03:18:51,2026-08-27 03:20:51,DE,SaaS Platform,D,SAN-002,SanaPlus ColdFlu,OTC,SanaPlus,Pharmacy/B2B,12,10.5,EUR,0.1,126.0,113.4
TXN-DE-3-000896,2026-08-27 08:51:03,2026-08-27 08:55:03,DE,SaaS Platform,D,MED-001,Medora Cardio 10mg,Prescription,Medora,Pharmacy/B2B,10,43.0,EUR,0.0,430.0,430.0
TXN-DE-3-000897,2026-08-27 02:59:05,2026-08-27 03:00:05,DE,SaaS Platform,D,DER-001,Dermacare GlowSerum,Aesthetic,Dermacare,D2C,4,32.0,EUR,0.2,128.0,102.4
TXN-DE-3-000898,2026-08-27 17:19:36,2026-08-27 17:23:36,DE,SaaS Platform,D,SAN-002,SanaPlus ColdFlu,OTC,SanaPlus,D2C,7,10.5,EUR,0.0,73.5,73.5
TXN-DE-3-000899,2026-08-27 20:19:27,2026-08-27 20:22:27,DE,SaaS Platform,D,MED-001,Medora Cardio 10mg,Prescription,Medora,Wholesale,2,43.0,EUR,0.05,86.0,81.7
TXN-DE-3-000900,2026-08-27 07:28:53,2026-08-27 07:34:53,DE,SaaS Platform,D,VIT-001,Vitalis C1000,Supplement,Vitalis,E-commerce,10,21.0,EUR,0.2,210.0,168.0
TXN-DE-3-000901,2026-08-27 15:03:37,2026-08-27 15:07:37,DE,SaaS Platform,D,DER-002,Dermacare LiftCream,Aesthetic,Dermacare,D2C,11,37.0,EUR,0.2,407.0,325.6
TXN-DE-3-000902,2026-08-27 18:05:04,2026-08-27 18:07:04,DE,SaaS Platform,D,PUR-002,PureLife BP Monitor,Medical Device,PureLife,D2C,5,90.0,EUR,0.0,450.0,450.0
TXN-DE-3-000903,2026-08-27 16:54:52,2026-08-27 17:00:52,DE,SaaS Platform,D,MED-002,Medora Derm Cream,Prescription,Medora,D2C,10,26.0,EUR,0.15,260.0,221.0
TXN-DE-3-000904,2026-08-27 21:23:17,2026-08-27 21:29:17,DE,SaaS Platform,D,MED-002,Medora Derm Cream,Prescription,Medora,Pharmacy/B2B,7,26.0,EUR,0.0,182.0,182.0
TXN-DE-3-000905,2026-08-27 03:23:59,2026-08-27 03:26:59,DE,SaaS Platform,D,VIT-001,Vitalis C1000,Supplement,Vitalis,E-commerce,9,21.0,EUR,0.15,189.0,160.65
TXN-DE-3-000906,2026-08-27 05:24:38,2026-08-27 05:26:38,DE,SaaS Platform,D,MED-002,Medora Derm Cream,Prescription,Medora,D2C,2,26.0,EUR,0.15,52.0,44.2
TXN-DE-3-000907,2026-08-27 00:08:59,2026-08-27 00:11:59,DE,SaaS Platform,D,DER-001,Dermacare GlowSerum,Aesthetic,Dermacare,Wholesale,2,32.0,EUR,0.0,64.0,64.0
TXN-DE-3-000908,2026-08-27 15:07:29,2026-08-27 15:08:29,DE,SaaS Platform,D,VIT-001,Vitalis C1000,Supplement,Vitalis,E-commerce,1,21.0,EUR,0.2,21.0,16.8
TXN-DE-3-000909,2026-08-27 15:28:55,2026-08-27 15:32:55,DE,SaaS Platform,D,DER-002,Dermacare LiftCream,Aesthetic,Dermacare,Pharmacy/B2B,6,37.0,EUR,0.0,222.0,222.0
TXN-DE-3-000910,2026-08-27 13:31:46,2026-08-27 13:35:46,DE,SaaS Platform,D,SAN-002,SanaPlus ColdFlu,OTC,SanaPlus,Pharmacy/B2B,5,10.5,EUR,0.15,52.5,44.62
TXN-DE-3-000911,2026-08-27 13:56:44,2026-08-27 14:00:44,DE,SaaS Platform,D,DER-001,Dermacare GlowSerum,Aesthetic,Dermacare,D2C,6,32.0,EUR,0.0,192.0,192.0
TXN-DE-3-000912,2026-08-27 12:33:20,2026-08-27 12:37:20,DE,SaaS Platform,D,MED-001,Medora Cardio 10mg,Prescription,Medora,D2C,12,43.0,EUR,0.05,516.0,490.2
TXN-DE-3-000913,2026-08-27 04:51:52,2026-08-27 04:53:52,DE,SaaS Platform,D,DER-001,Dermacare GlowSerum,Aesthetic,Dermacare,D2C,8,32.0,EUR,0.0,256.0,256.0
TXN-DE-3-000914,2026-08-27 20:12:31,2026-08-27 20:14:31,DE,SaaS Platform,D,MED-001,Medora Cardio 10mg,Prescription,Medora,E-commerce,10,43.0,EUR,0.0,430.0,430.0
TXN-DE-3-000915,2026-08-27 17:29:44,2026-08-27 17:33:44,DE,SaaS Platform,D,DER-002,Dermacare LiftCream,Aesthetic,Dermacare,Pharmacy/B2B,12,37.0,EUR,0.0,444.0,444.0
TXN-DE-3-000916,2026-08-27 15:55:38,2026-08-27 15:57:38,DE,SaaS Platform,D,VIT-002,Vitalis Multivit,Supplement,Vitalis,D2C,2,17.0,EUR,0.0,34.0,34.0
TXN-DE-3-000917,2026-08-27 23:21:24,2026-08-27 23:27:24,DE,SaaS Platform,D,PUR-001,PureLife GlucoMonitor,Medical Device,PureLife,E-commerce,11,85.0,EUR,0.15,935.0,794.75
TXN-DE-3-000918,2026-08-27 06:06:50,2026-08-27 06:08:50,DE,SaaS Platform,D,SAN-001,SanaPlus PainRelief,OTC,SanaPlus,D2C,6,9.5,EUR,0.1,57.0,51.3
TXN-DE-3-000919,2026-08-27 04:18:28,2026-08-27 04:23:28,DE,SaaS Platform,D,SAN-002,SanaPlus ColdFlu,OTC,SanaPlus,E-commerce,8,10.5,EUR,0.05,84.0,79.8
TXN-DE-3-000920,2026-08-27 04:05:13,2026-08-27 04:06:13,DE,SaaS Platform,D,VIT-002,Vitalis Multivit,Supplement,Vitalis,Pharmacy/B2B,6,17.0,EUR,0.0,102.0,102.0
TXN-DE-3-000921,2026-08-27 16:20:59,2026-08-27 16:24:59,DE,SaaS Platform,D,DER-002,Dermacare LiftCream,Aesthetic,Dermacare,E-commerce,4,37.0,EUR,0.2,148.0,118.4
TXN-DE-3-000922,2026-08-27 13:00:21,2026-08-27 13:03:21,DE,SaaS Platform,D,MED-002,Medora Derm Cream,Prescription,Medora,E-commerce,6,26.0,EUR,0.0,156.0,156.0
TXN-DE-3-000923,2026-08-27 06:27:18,2026-08-27 06:31:18,DE,SaaS Platform,D,SAN-002,SanaPlus ColdFlu,OTC,SanaPlus,E-commerce,4,10.5,EUR,0.0,42.0,42.0
TXN-DE-3-000924,2026-08-27 02:53:25,2026-08-27 02:59:25,DE,SaaS Platform,D,PUR-002,PureLife BP Monitor,Medical Device,PureLife,D2C,1,90.0,EUR,0.0,90.0,90.0
TXN-DE-3-000925,2026-08-27 18:20:39,2026-08-27 18:21:39,DE,SaaS Platform,D,PUR-002,PureLife BP Monitor,Medical Device,PureLife,Wholesale,9,90.0,EUR,0.05,810.0,769.5
TXN-DE-3-000926,2026-08-27 18:35:04,2026-08-27 18:38:04,DE,SaaS Platform,D,MED-002,Medora Derm Cream,Prescription,Medora,D2C,11,26.0,EUR,0.0,286.0,286.0
TXN-DE-3-000927,2026-08-27 08:59:31,2026-08-27 09:05:31,DE,SaaS Platform,D,PUR-001,PureLife GlucoMonitor,Medical Device,PureLife,D2C,3,85.0,EUR,0.1,255.0,229.5
TXN-DE-3-000928,2026-08-27 07:51:17,2026-08-27 07:56:17,DE,SaaS Platform,D,DER-001,Dermacare GlowSerum,Aesthetic,Dermacare,Wholesale,5,32.0,EUR,0.15,160.0,136.0
TXN-DE-3-000929,2026-08-27 16:50:01,2026-08-27 16:51:01,DE,SaaS Platform,D,PUR-002,PureLife BP Monitor,Medical Device,PureLife,Wholesale,4,90.0,EUR,0.05,360.0,342.0
TXN-DE-3-000930,2026-08-27 16:47:53,2026-08-27 16:52:53,DE,SaaS Platform,D,SAN-001,SanaPlus PainRelief,OTC,SanaPlus,E-commerce,4,9.5,EUR,0.1,38.0,34.2
TXN-DE-3-000931,2026-08-27 11:41:15,2026-08-27 11:47:15,DE,SaaS Platform,D,PUR-002,PureLife BP Monitor,Medical Device,PureLife,D2C,12,90.0,EUR,0.05,1080.0,1026.0
TXN-DE-3-000932,2026-08-27 10:01:02,2026-08-27 10:03:02,DE,SaaS Platform,D,VIT-001,Vitalis C1000,Supplement,Vitalis,E-commerce,2,21.0,EUR,0.0,42.0,42.0
TXN-DE-3-000933,2026-08-27 10:38:30,2026-08-27 10:43:30,DE,SaaS Platform,D,MED-001,Medora Cardio 10mg,Prescription,Medora,Pharmacy/B2B,8,43.0,EUR,0.0,344.0,344.0
TXN-DE-3-000934,2026-08-27 04:59:53,2026-08-27 05:02:53,DE,SaaS Platform,D,PUR-001,PureLife GlucoMonitor,Medical Device,PureLife,Pharmacy/B2B,4,85.0,EUR,0.15,340.0,289.0
TXN-DE-3-000935,2026-08-27 21:06:55,2026-08-27 21:12:55,DE,SaaS Platform,D,DER-002,Dermacare LiftCream,Aesthetic,Dermacare,E-commerce,8,37.0,EUR,0.1,296.0,266.4
TXN-DE-3-000936,2026-08-27 04:00:54,2026-08-27 04:05:54,DE,SaaS Platform,D,DER-001,Dermacare GlowSerum,Aesthetic,Dermacare,E-commerce,4,32.0,EUR,0.15,128.0,108.8
TXN-DE-3-000937,2026-08-27 14:52:25,2026-08-27 14:55:25,DE,SaaS Platform,D,PUR-002,PureLife BP Monitor,Medical Device,PureLife,D2C,7,90.0,EUR,0.1,630.0,567.0
TXN-DE-3-000938,2026-08-27 03:17:16,2026-08-27 03:21:16,DE,SaaS Platform,D,SAN-002,SanaPlus ColdFlu,OTC,SanaPlus,Wholesale,9,10.5,EUR,0.0,94.5,94.5
TXN-DE-3-000939,2026-08-27 01:17:08,2026-08-27 01:18:08,DE,SaaS Platform,D,VIT-002,Vitalis Multivit,Supplement,Vitalis,Wholesale,7,17.0,EUR,0.0,119.0,119.0
TXN-DE-3-000940,2026-08-27 05:27:02,2026-08-27 05:28:02,DE,SaaS Platform,D,DER-001,Dermacare GlowSerum,Aesthetic,Dermacare,E-commerce,4,32.0,EUR,0.05,128.0,121.6
TXN-DE-3-000941,2026-08-27 01:02:51,2026-08-27 01:06:51,DE,SaaS Platform,D,DER-001,Dermacare GlowSerum,Aesthetic,Dermacare,Pharmacy/B2B,3,32.0,EUR,0.05,96.0,91.2
TXN-DE-3-000942,2026-08-27 12:24:11,2026-08-27 12:29:11,DE,SaaS Platform,D,SAN-001,SanaPlus PainRelief,OTC,SanaPlus,D2C,5,9.5,EUR,0.2,47.5,38.0
TXN-DE-3-000943,2026-08-27 05:07:21,2026-08-27 05:10:21,DE,SaaS Platform,D,VIT-002,Vitalis Multivit,Supplement,Vitalis,E-commerce,11,17.0,EUR,0.2,187.0,149.6
TXN-DE-3-000944,2026-08-27 18:10:15,2026-08-27 18:15:15,DE,SaaS Platform,D,PUR-001,PureLife GlucoMonitor,Medical Device,PureLife,Pharmacy/B2B,6,85.0,EUR,0.2,510.0,408.0
TXN-DE-3-000945,2026-08-27 08:58:16,2026-08-27 08:59:16,DE,SaaS Platform,D,PUR-001,PureLife GlucoMonitor,Medical Device,PureLife,Pharmacy/B2B,7,85.0,EUR,0.1,595.0,535.5
TXN-DE-3-000946,2026-08-27 11:23:58,2026-08-27 11:27:58,DE,SaaS Platform,D,PUR-001,PureLife GlucoMonitor,Medical Device,PureLife,Wholesale,3,85.0,EUR,0.0,255.0,255.0
TXN-DE-3-000947,2026-08-27 00:50:47,2026-08-27 00:54:47,DE,SaaS Platform,D,SAN-001,SanaPlus PainRelief,OTC,SanaPlus,D2C,6,9.5,EUR,0.15,57.0,48.45
TXN-DE-3-000948,2026-08-27 22:06:19,2026-08-27 22:11:19,DE,SaaS Platform,D,VIT-002,Vitalis Multivit,Supplement,Vitalis,Pharmacy/B2B,12,17.0,EUR,0.0,204.0,204.0
TXN-DE-3-000949,2026-08-27 03:31:36,2026-08-27 03:37:36,DE,SaaS Platform,D,VIT-001,Vitalis C1000,Supplement,Vitalis,E-commerce,1,21.0,EUR,0.05,21.0,19.95
TXN-DE-3-000950,2026-08-27 06:53:51,2026-08-27 06:58:51,DE,SaaS Platform,D,DER-002,Dermacare LiftCream,Aesthetic,Dermacare,Pharmacy/B2B,8,37.0,EUR,0.15,296.0,251.6
TXN-DE-3-000951,2026-08-27 19:32:55,2026-08-27 19:33:55,DE,SaaS Platform,D,SAN-002,SanaPlus ColdFlu,OTC,SanaPlus,E-commerce,2,10.5,EUR,0.1,21.0,18.9
TXN-DE-3-000952,2026-08-27 04:18:27,2026-08-27 04:22:27,DE,SaaS Platform,D,PUR-002,PureLife BP Monitor,Medical Device,PureLife,Wholesale,8,90.0,EUR,0.0,720.0,720.0
TXN-DE-3-000953,2026-08-27 04:53:44,2026-08-27 04:59:44,DE,SaaS Platform,D,SAN-002,SanaPlus ColdFlu,OTC,SanaPlus,Wholesale,5,10.5,EUR,0.05,52.5,49.88
TXN-DE-3-000954,2026-08-27 09:40:05,2026-08-27 09:41:05,DE,SaaS Platform,D,SAN-002,SanaPlus ColdFlu,OTC,SanaPlus,Wholesale,5,10.5,EUR,0.1,52.5,47.25
TXN-DE-3-000955,2026-08-27 00:28:30,2026-08-27 00:33:30,DE,SaaS Platform,D,DER-001,Dermacare GlowSerum,Aesthetic,Dermacare,Wholesale,4,32.0,EUR,0.0,128.0,128.0
TXN-DE-3-000956,2026-08-27 15:42:25,2026-08-27 15:48:25,DE,SaaS Platform,D,SAN-001,SanaPlus PainRelief,OTC,SanaPlus,D2C,10,9.5,EUR,0.2,95.0,76.0
TXN-DE-3-000957,2026-08-27 08:17:00,2026-08-27 08:20:00,DE,SaaS Platform,D,VIT-002,Vitalis Multivit,Supplement,Vitalis,Wholesale,2,17.0,EUR,0.2,34.0,27.2
TXN-DE-3-000958,2026-08-27 02:07:40,2026-08-27 02:09:40,DE,SaaS Platform,D,PUR-001,PureLife GlucoMonitor,Medical Device,PureLife,Wholesale,5,85.0,EUR,0.1,425.0,382.5
TXN-DE-3-000959,2026-08-27 16:24:11,2026-08-27 16:25:11,DE,SaaS Platform,D,DER-001,Dermacare GlowSerum,Aesthetic,Dermacare,D2C,5,32.0,EUR,0.0,160.0,160.0
TXN-DE-3-000960,2026-08-27 14:32:51,2026-08-27 14:38:51,DE,SaaS Platform,D,PUR-002,PureLife BP Monitor,Medical Device,PureLife,Pharmacy/B2B,3,90.0,EUR,0.2,270.0,216.0
TXN-DE-3-000961,2026-08-27 02:03:09,2026-08-27 02:04:09,DE,SaaS Platform,D,SAN-002,SanaPlus ColdFlu,OTC,SanaPlus,E-commerce,4,10.5,EUR,0.0,42.0,42.0
TXN-DE-3-000962,2026-08-27 15:22:12,2026-08-27 15:25:12,DE,SaaS Platform,D,MED-001,Medora Cardio 10mg,Prescription,Medora,Pharmacy/B2B,8,43.0,EUR,0.2,344.0,275.2
TXN-DE-3-000963,2026-08-27 20:47:56,2026-08-27 20:53:56,DE,SaaS Platform,D,DER-001,Dermacare GlowSerum,Aesthetic,Dermacare,D2C,9,32.0,EUR,0.1,288.0,259.2
TXN-DE-3-000964,2026-08-27 02:23:15,2026-08-27 02:26:15,DE,SaaS Platform,D,PUR-002,PureLife BP Monitor,Medical Device,PureLife,Wholesale,7,90.0,EUR,0.0,630.0,630.0
TXN-DE-3-000965,2026-08-27 02:54:24,2026-08-27 02:59:24,DE,SaaS Platform,D,MED-001,Medora Cardio 10mg,Prescription,Medora,Pharmacy/B2B,8,43.0,EUR,0.0,344.0,344.0
TXN-DE-3-000966,2026-08-27 20:55:12,2026-08-27 21:00:12,DE,SaaS Platform,D,VIT-002,Vitalis Multivit,Supplement,Vitalis,E-commerce,8,17.0,EUR,0.1,136.0,122.4
TXN-DE-3-000967,2026-08-27 16:18:05,2026-08-27 16:23:05,DE,SaaS Platform,D,SAN-002,SanaPlus ColdFlu,OTC,SanaPlus,Wholesale,11,10.5,EUR,0.0,115.5,115.5
TXN-DE-3-000968,2026-08-27 18:12:27,2026-08-27 18:15:27,DE,SaaS Platform,D,DER-002,Dermacare LiftCream,Aesthetic,Dermacare,Pharmacy/B2B,8,37.0,EUR,0.1,296.0,266.4
TXN-DE-3-000969,2026-08-27 16:13:04,2026-08-27 16:17:04,DE,SaaS Platform,D,MED-001,Medora Cardio 10mg,Prescription,Medora,Pharmacy/B2B,5,43.0,EUR,0.2,215.0,172.0
TXN-DE-3-000970,2026-08-27 05:16:37,2026-08-27 05:19:37,DE,SaaS Platform,D,VIT-001,Vitalis C1000,Supplement,Vitalis,Wholesale,12,21.0,EUR,0.05,252.0,239.4
TXN-DE-3-000971,2026-08-27 22:30:43,2026-08-27 22:33:43,DE,SaaS Platform,D,PUR-002,PureLife BP Monitor,Medical Device,PureLife,D2C,4,90.0,EUR,0.15,360.0,306.0
TXN-DE-3-000972,2026-08-27 10:35:54,2026-08-27 10:41:54,DE,SaaS Platform,D,MED-002,Medora Derm Cream,Prescription,Medora,Pharmacy/B2B,8,26.0,EUR,0.2,208.0,166.4
TXN-DE-3-000973,2026-08-27 10:15:44,2026-08-27 10:18:44,DE,SaaS Platform,D,VIT-002,Vitalis Multivit,Supplement,Vitalis,Pharmacy/B2B,4,17.0,EUR,0.2,68.0,54.4
TXN-DE-3-000974,2026-08-27 23:16:33,2026-08-27 23:18:33,DE,SaaS Platform,D,MED-001,Medora Cardio 10mg,Prescription,Medora,Pharmacy/B2B,12,43.0,EUR,0.0,516.0,516.0
TXN-DE-3-000975,2026-08-27 01:08:10,2026-08-27 01:09:10,DE,SaaS Platform,D,PUR-001,PureLife GlucoMonitor,Medical Device,PureLife,D2C,2,85.0,EUR,0.1,170.0,153.0
TXN-DE-3-000976,2026-08-27 14:37:32,2026-08-27 14:43:32,DE,SaaS Platform,D,SAN-001,SanaPlus PainRelief,OTC,SanaPlus,E-commerce,3,9.5,EUR,0.0,28.5,28.5
TXN-DE-3-000977,2026-08-27 13:25:10,2026-08-27 13:30:10,DE,SaaS Platform,D,DER-001,Dermacare GlowSerum,Aesthetic,Dermacare,Pharmacy/B2B,6,32.0,EUR,0.0,192.0,192.0
TXN-DE-3-000978,2026-08-27 20:30:47,2026-08-27 20:34:47,DE,SaaS Platform,D,VIT-001,Vitalis C1000,Supplement,Vitalis,D2C,9,21.0,EUR,0.1,189.0,170.1
TXN-DE-3-000979,2026-08-27 17:53:25,2026-08-27 17:56:25,DE,SaaS Platform,D,SAN-001,SanaPlus PainRelief,OTC,SanaPlus,E-commerce,10,9.5,EUR,0.0,95.0,95.0
TXN-DE-3-000980,2026-08-27 18:51:38,2026-08-27 18:55:38,DE,SaaS Platform,D,MED-002,Medora Derm Cream,Prescription,Medora,E-commerce,7,26.0,EUR,0.2,182.0,145.6
TXN-DE-3-000981,2026-08-27 08:46:37,2026-08-27 08:49:37,DE,SaaS Platform,D,VIT-001,Vitalis C1000,Supplement,Vitalis,Wholesale,8,21.0,EUR,0.0,168.0,168.0
TXN-DE-3-000982,2026-08-27 09:44:16,2026-08-27 09:46:16,DE,SaaS Platform,D,DER-002,Dermacare LiftCream,Aesthetic,Dermacare,Pharmacy/B2B,11,37.0,EUR,0.0,407.0,407.0
TXN-DE-3-000983,2026-08-27 01:07:30,2026-08-27 01:12:30,DE,SaaS Platform,D,VIT-001,Vitalis C1000,Supplement,Vitalis,Wholesale,7,21.0,EUR,0.0,147.0,147.0
TXN-DE-3-000984,2026-08-27 03:22:10,2026-08-27 03:27:10,DE,SaaS Platform,D,PUR-002,PureLife BP Monitor,Medical Device,PureLife,E-commerce,10,90.0,EUR,0.0,900.0,900.0
TXN-DE-3-000985,2026-08-27 03:50:21,2026-08-27 03:53:21,DE,SaaS Platform,D,SAN-001,SanaPlus PainRelief,OTC,SanaPlus,D2C,1,9.5,EUR,0.0,9.5,9.5
TXN-DE-3-000986,2026-08-27 10:53:18,2026-08-27 10:54:18,DE,SaaS Platform,D,MED-002,Medora Derm Cream,Prescription,Medora,D2C,3,26.0,EUR,0.15,78.0,66.3
TXN-DE-3-000987,2026-08-27 11:56:05,2026-08-27 12:02:05,DE,SaaS Platform,D,MED-001,Medora Cardio 10mg,Prescription,Medora,E-commerce,1,43.0,EUR,0.2,43.0,34.4
TXN-DE-3-000988,2026-08-27 01:48:53,2026-08-27 01:54:53,DE,SaaS Platform,D,DER-001,Dermacare GlowSerum,Aesthetic,Dermacare,D2C,7,32.0,EUR,0.2,224.0,179.2
TXN-DE-3-000989,2026-08-27 09:10:55,2026-08-27 09:16:55,DE,SaaS Platform,D,MED-002,Medora Derm Cream,Prescription,Medora,Wholesale,4,26.0,EUR,0.2,104.0,83.2
TXN-DE-3-000990,2026-08-27 03:27:39,2026-08-27 03:33:39,DE,SaaS Platform,D,VIT-002,Vitalis Multivit,Supplement,Vitalis,D2C,9,17.0,EUR,0.0,153.0,153.0
TXN-DE-3-000991,2026-08-27 21:46:27,2026-08-27 21:51:27,DE,SaaS Platform,D,SAN-001,SanaPlus PainRelief,OTC,SanaPlus,D2C,12,9.5,EUR,0.05,114.0,108.3
TXN-DE-3-000992,2026-08-27 17:10:26,2026-08-27 17:16:26,DE,SaaS Platform,D,VIT-001,Vitalis C1000,Supplement,Vitalis,Wholesale,9,21.0,EUR,0.0,189.0,189.0
TXN-DE-3-000993,2026-08-27 02:24:53,2026-08-27 02:30:53,DE,SaaS Platform,D,MED-002,Medora Derm Cream,Prescription,Medora,Pharmacy/B2B,5,26.0,EUR,0.0,130.0,130.0
TXN-DE-3-000994,2026-08-27 09:12:49,2026-08-27 09:15:49,DE,SaaS Platform,D,MED-002,Medora Derm Cream,Prescription,Medora,Wholesale,5,26.0,EUR,0.1,130.0,117.0
TXN-DE-3-000995,2026-08-27 02:09:43,2026-08-27 02:13:43,DE,SaaS Platform,D,SAN-001,SanaPlus PainRelief,OTC,SanaPlus,Wholesale,4,9.5,EUR,0.0,38.0,38.0
TXN-DE-3-000996,2026-08-27 03:05:09,2026-08-27 03:06:09,DE,SaaS Platform,D,SAN-001,SanaPlus PainRelief,OTC,SanaPlus,Pharmacy/B2B,2,9.5,EUR,0.1,19.0,17.1
TXN-DE-3-000997,2026-08-27 01:51:58,2026-08-27 01:56:58,DE,SaaS Platform,D,SAN-001,SanaPlus PainRelief,OTC,SanaPlus,D2C,4,9.5,EUR,0.1,38.0,34.2
TXN-DE-3-000998,2026-08-27 08:51:23,2026-08-27 08:52:23,DE,SaaS Platform,D,VIT-002,Vitalis Multivit,Supplement,Vitalis,D2C,6,17.0,EUR,0.05,102.0,96.9
TXN-DE-3-000999,2026-08-27 02:54:55,2026-08-27 03:00:55,DE,SaaS Platform,D,DER-002,Dermacare LiftCream,Aesthetic,Dermacare,D2C,4,37.0,EUR,0.05,148.0,140.6
TXN-DE-3-001000,2026-08-27 12:18:57,2026-08-27 12:21:57,DE,SaaS Platform,D,VIT-002,Vitalis Multivit,Supplement,Vitalis,E-commerce,4,17.0,EUR,0.0,68.0,68.0
TXN-DE-3-001001,2026-08-27 16:09:33,2026-08-27 16:11:33,DE,SaaS Platform,D,VIT-002,Vitalis Multivit,Supplement,Vitalis,Wholesale,10,17.0,EUR,0.0,170.0,170.0
TXN-DE-3-001002,2026-08-27 19:19:26,2026-08-27 19:20:26,DE,SaaS Platform,D,VIT-001,Vitalis C1000,Supplement,Vitalis,D2C,1,21.0,EUR,0.15,21.0,17.85
TXN-DE-3-001003,2026-08-27 04:46:23,2026-08-27 04:52:23,DE,SaaS Platform,D,VIT-001,Vitalis C1000,Supplement,Vitalis,Wholesale,7,21.0,EUR,0.0,147.0,147.0
TXN-DE-3-001004,2026-08-27 05:08:31,2026-08-27 05:13:31,DE,SaaS Platform,D,VIT-001,Vitalis C1000,Supplement,Vitalis,Wholesale,5,21.0,EUR,0.2,105.0,84.0
TXN-DE-3-001005,2026-08-27 19:54:12,2026-08-27 19:55:12,DE,SaaS Platform,D,VIT-002,Vitalis Multivit,Supplement,Vitalis,Pharmacy/B2B,3,17.0,EUR,0.2,51.0,40.8
TXN-DE-3-001006,2026-08-27 05:22:51,2026-08-27 05:25:51,DE,SaaS Platform,D,VIT-002,Vitalis Multivit,Supplement,Vitalis,Pharmacy/B2B,11,17.0,EUR,0.0,187.0,187.0
TXN-DE-3-001007,2026-08-27 21:02:24,2026-08-27 21:08:24,DE,SaaS Platform,D,DER-001,Dermacare GlowSerum,Aesthetic,Dermacare,D2C,7,32.0,EUR,0.15,224.0,190.4
TXN-DE-3-001008,2026-08-27 10:49:29,2026-08-27 10:55:29,DE,SaaS Platform,D,SAN-001,SanaPlus PainRelief,OTC,SanaPlus,Pharmacy/B2B,12,9.5,EUR,0.0,114.0,114.0
TXN-DE-3-001009,2026-08-27 04:45:49,2026-08-27 04:47:49,DE,SaaS Platform,D,MED-001,Medora Cardio 10mg,Prescription,Medora,Wholesale,2,43.0,EUR,0.0,86.0,86.0
TXN-DE-3-001010,2026-08-27 19:44:24,2026-08-27 19:47:24,DE,SaaS Platform,D,VIT-001,Vitalis C1000,Supplement,Vitalis,D2C,7,21.0,EUR,0.0,147.0,147.0
TXN-DE-3-001011,2026-08-27 20:23:21,2026-08-27 20:28:21,DE,SaaS Platform,D,VIT-001,Vitalis C1000,Supplement,Vitalis,D2C,9,21.0,EUR,0.2,189.0,151.2
TXN-DE-3-001012,2026-08-27 18:54:25,2026-08-27 19:00:25,DE,SaaS Platform,D,MED-002,Medora Derm Cream,Prescription,Medora,D2C,10,26.0,EUR,0.0,260.0,260.0
TXN-DE-3-001013,2026-08-27 15:51:57,2026-08-27 15:57:57,DE,SaaS Platform,D,MED-002,Medora Derm Cream,Prescription,Medora,E-commerce,10,26.0,EUR,0.15,260.0,221.0
TXN-DE-3-001014,2026-08-27 05:38:41,2026-08-27 05:40:41,DE,SaaS Platform,D,MED-002,Medora Derm Cream,Prescription,Medora,D2C,3,26.0,EUR,0.05,78.0,74.1
TXN-DE-3-001015,2026-08-27 11:11:05,2026-08-27 11:16:05,DE,SaaS Platform,D,SAN-001,SanaPlus PainRelief,OTC,SanaPlus,Wholesale,12,9.5,EUR,0.2,114.0,91.2
TXN-DE-3-001016,2026-08-27 15:14:09,2026-08-27 15:17:09,DE,SaaS Platform,D,MED-002,Medora Derm Cream,Prescription,Medora,Wholesale,4,26.0,EUR,0.0,104.0,104.0
TXN-DE-3-001017,2026-08-27 09:52:28,2026-08-27 09:53:28,DE,SaaS Platform,D,MED-001,Medora Cardio 10mg,Prescription,Medora,Wholesale,9,43.0,EUR,0.0,387.0,387.0
TXN-DE-3-001018,2026-08-27 11:09:50,2026-08-27 11:13:50,DE,SaaS Platform,D,MED-002,Medora Derm Cream,Prescription,Medora,D2C,6,26.0,EUR,0.0,156.0,156.0
TXN-DE-3-001019,2026-08-27 09:09:08,2026-08-27 09:11:08,DE,SaaS Platform,D,SAN-001,SanaPlus PainRelief,OTC,SanaPlus,D2C,3,9.5,EUR,0.0,28.5,28.5
TXN-DE-3-001020,2026-08-27 08:18:39,2026-08-27 08:22:39,DE,SaaS Platform,D,PUR-001,PureLife GlucoMonitor,Medical Device,PureLife,Pharmacy/B2B,2,85.0,EUR,0.05,170.0,161.5
TXN-DE-3-001021,2026-08-27 02:00:15,2026-08-27 02:05:15,DE,SaaS Platform,D,VIT-002,Vitalis Multivit,Supplement,Vitalis,Wholesale,10,17.0,EUR,0.05,170.0,161.5
TXN-DE-3-001022,2026-08-27 00:19:00,2026-08-27 00:20:00,DE,SaaS Platform,D,SAN-001,SanaPlus PainRelief,OTC,SanaPlus,Pharmacy/B2B,9,9.5,EUR,0.0,85.5,85.5
TXN-DE-3-001023,2026-08-27 07:06:15,2026-08-27 07:08:15,DE,SaaS Platform,D,MED-002,Medora Derm Cream,Prescription,Medora,Wholesale,6,26.0,EUR,0.05,156.0,148.2
TXN-DE-3-001024,2026-08-27 13:01:03,2026-08-27 13:02:03,DE,SaaS Platform,D,SAN-001,SanaPlus PainRelief,OTC,SanaPlus,Wholesale,10,9.5,EUR,0.0,95.0,95.0
TXN-DE-3-001025,2026-08-27 10:04:40,2026-08-27 10:08:40,DE,SaaS Platform,D,MED-001,Medora Cardio 10mg,Prescription,Medora,Wholesale,7,43.0,EUR,0.15,301.0,255.85
TXN-DE-3-001026,2026-08-27 19:22:41,2026-08-27 19:24:41,DE,SaaS Platform,D,VIT-002,Vitalis Multivit,Supplement,Vitalis,Pharmacy/B2B,11,17.0,EUR,0.0,187.0,187.0
TXN-DE-3-001027,2026-08-27 13:20:53,2026-08-27 13:24:53,DE,SaaS Platform,D,DER-001,Dermacare GlowSerum,Aesthetic,Dermacare,Pharmacy/B2B,2,32.0,EUR,0.0,64.0,64.0
TXN-DE-3-001028,2026-08-27 05:31:01,2026-08-27 05:33:01,DE,SaaS Platform,D,SAN-002,SanaPlus ColdFlu,OTC,SanaPlus,Pharmacy/B2B,5,10.5,EUR,0.0,52.5,52.5
TXN-DE-3-001029,2026-08-27 14:43:28,2026-08-27 14:46:28,DE,SaaS Platform,D,PUR-001,PureLife GlucoMonitor,Medical Device,PureLife,D2C,2,85.0,EUR,0.0,170.0,170.0
TXN-DE-3-001030,2026-08-27 06:06:03,2026-08-27 06:10:03,DE,SaaS Platform,D,PUR-002,PureLife BP Monitor,Medical Device,PureLife,Wholesale,11,90.0,EUR,0.0,990.0,990.0
TXN-DE-3-001031,2026-08-27 17:36:45,2026-08-27 17:42:45,DE,SaaS Platform,D,PUR-002,PureLife BP Monitor,Medical Device,PureLife,E-commerce,3,90.0,EUR,0.1,270.0,243.0
TXN-DE-3-001032,2026-08-27 13:25:10,2026-08-27 13:30:10,DE,SaaS Platform,D,DER-001,Dermacare GlowSerum,Aesthetic,Dermacare,D2C,3,32.0,EUR,0.05,96.0,91.2
TXN-DE-3-001033,2026-08-27 02:26:17,2026-08-27 02:32:17,DE,SaaS Platform,D,SAN-002,SanaPlus ColdFlu,OTC,SanaPlus,Wholesale,1,10.5,EUR,0.0,10.5,10.5
TXN-DE-3-001034,2026-08-27 13:48:55,2026-08-27 13:54:55,DE,SaaS Platform,D,VIT-002,Vitalis Multivit,Supplement,Vitalis,D2C,4,17.0,EUR,0.2,68.0,54.4
TXN-DE-3-001035,2026-08-27 14:17:54,2026-08-27 14:21:54,DE,SaaS Platform,D,SAN-002,SanaPlus ColdFlu,OTC,SanaPlus,Pharmacy/B2B,2,10.5,EUR,0.0,21.0,21.0
TXN-DE-3-001036,2026-08-27 04:33:59,2026-08-27 04:37:59,DE,SaaS Platform,D,SAN-001,SanaPlus PainRelief,OTC,SanaPlus,Wholesale,4,9.5,EUR,0.0,38.0,38.0
TXN-DE-3-001037,2026-08-27 21:58:50,2026-08-27 22:03:50,DE,SaaS Platform,D,DER-002,Dermacare LiftCream,Aesthetic,Dermacare,D2C,1,37.0,EUR,0.05,37.0,35.15
TXN-DE-3-001038,2026-08-27 05:02:15,2026-08-27 05:03:15,DE,SaaS Platform,D,SAN-002,SanaPlus ColdFlu,OTC,SanaPlus,E-commerce,11,10.5,EUR,0.05,115.5,109.72
TXN-DE-3-001039,2026-08-27 08:53:59,2026-08-27 08:59:59,DE,SaaS Platform,D,PUR-001,PureLife GlucoMonitor,Medical Device,PureLife,Pharmacy/B2B,9,85.0,EUR,0.2,765.0,612.0
TXN-DE-3-001040,2026-08-27 13:10:49,2026-08-27 13:13:49,DE,SaaS Platform,D,DER-001,Dermacare GlowSerum,Aesthetic,Dermacare,D2C,5,32.0,EUR,0.0,160.0,160.0
TXN-DE-3-001041,2026-08-27 16:21:35,2026-08-27 16:27:35,DE,SaaS Platform,D,MED-002,Medora Derm Cream,Prescription,Medora,Wholesale,6,26.0,EUR,0.0,156.0,156.0
TXN-DE-3-001042,2026-08-27 14:31:02,2026-08-27 14:32:02,DE,SaaS Platform,D,SAN-001,SanaPlus PainRelief,OTC,SanaPlus,E-commerce,3,9.5,EUR,0.0,28.5,28.5
TXN-DE-3-001043,2026-08-27 16:00:39,2026-08-27 16:05:39,DE,SaaS Platform,D,PUR-001,PureLife GlucoMonitor,Medical Device,PureLife,E-commerce,8,85.0,EUR,0.2,680.0,544.0
TXN-DE-3-001044,2026-08-27 08:04:58,2026-08-27 08:05:58,DE,SaaS Platform,D,DER-002,Dermacare LiftCream,Aesthetic,Dermacare,E-commerce,3,37.0,EUR,0.15,111.0,94.35
TXN-DE-3-001045,2026-08-27 01:21:10,2026-08-27 01:25:10,DE,SaaS Platform,D,MED-001,Medora Cardio 10mg,Prescription,Medora,D2C,4,43.0,EUR,0.0,172.0,172.0
TXN-DE-3-001046,2026-08-27 06:20:00,2026-08-27 06:21:00,DE,SaaS Platform,D,VIT-001,Vitalis C1000,Supplement,Vitalis,Wholesale,4,21.0,EUR,0.0,84.0,84.0
TXN-DE-3-001047,2026-08-27 23:00:32,2026-08-27 23:05:32,DE,SaaS Platform,D,DER-001,Dermacare GlowSerum,Aesthetic,Dermacare,Pharmacy/B2B,8,32.0,EUR,0.0,256.0,256.0
TXN-DE-3-001048,2026-08-27 18:52:45,2026-08-27 18:58:45,DE,SaaS Platform,D,SAN-002,SanaPlus ColdFlu,OTC,SanaPlus,Pharmacy/B2B,10,10.5,EUR,0.0,105.0,105.0
TXN-DE-3-001049,2026-08-27 23:15:32,2026-08-27 23:16:32,DE,SaaS Platform,D,VIT-001,Vitalis C1000,Supplement,Vitalis,Pharmacy/B2B,1,21.0,EUR,0.2,21.0,16.8
TXN-DE-3-001050,2026-08-27 08:10:50,2026-08-27 08:11:50,DE,SaaS Platform,D,SAN-002,SanaPlus ColdFlu,OTC,SanaPlus,D2C,4,10.5,EUR,0.1,42.0,37.8
TXN-DE-3-001051,2026-08-27 06:54:23,2026-08-27 06:55:23,DE,SaaS Platform,D,DER-001,Dermacare GlowSerum,Aesthetic,Dermacare,Pharmacy/B2B,6,32.0,EUR,0.0,192.0,192.0
TXN-DE-3-001052,2026-08-27 20:40:59,2026-08-27 20:41:59,DE,SaaS Platform,D,PUR-001,PureLife GlucoMonitor,Medical Device,PureLife,E-commerce,1,85.0,EUR,0.0,85.0,85.0
TXN-DE-3-001053,2026-08-27 05:51:28,2026-08-27 05:53:28,DE,SaaS Platform,D,DER-002,Dermacare LiftCream,Aesthetic,Dermacare,Wholesale,10,37.0,EUR,0.05,370.0,351.5
TXN-DE-3-001054,2026-08-27 11:05:59,2026-08-27 11:08:59,DE,SaaS Platform,D,VIT-002,Vitalis Multivit,Supplement,Vitalis,Pharmacy/B2B,3,17.0,EUR,0.0,51.0,51.0
TXN-DE-3-001055,2026-08-27 21:21:43,2026-08-27 21:27:43,DE,SaaS Platform,D,VIT-001,Vitalis C1000,Supplement,Vitalis,E-commerce,11,21.0,EUR,0.05,231.0,219.45
TXN-DE-3-001056,2026-08-27 04:05:10,2026-08-27 04:09:10,DE,SaaS Platform,D,MED-001,Medora Cardio 10mg,Prescription,Medora,E-commerce,6,43.0,EUR,0.0,258.0,258.0
TXN-DE-3-001057,2026-08-27 18:44:44,2026-08-27 18:45:44,DE,SaaS Platform,D,DER-002,Dermacare LiftCream,Aesthetic,Dermacare,Pharmacy/B2B,10,37.0,EUR,0.1,370.0,333.0
TXN-DE-3-001058,2026-08-27 21:35:31,2026-08-27 21:37:31,DE,SaaS Platform,D,MED-002,Medora Derm Cream,Prescription,Medora,Wholesale,5,26.0,EUR,0.0,130.0,130.0
TXN-DE-3-001059,2026-08-27 17:26:27,2026-08-27 17:30:27,DE,SaaS Platform,D,MED-001,Medora Cardio 10mg,Prescription,Medora,Pharmacy/B2B,6,43.0,EUR,0.15,258.0,219.3
TXN-DE-3-001060,2026-08-27 01:27:21,2026-08-27 01:28:21,DE,SaaS Platform,D,SAN-001,SanaPlus PainRelief,OTC,SanaPlus,E-commerce,9,9.5,EUR,0.0,85.5,85.5
TXN-DE-3-001061,2026-08-27 06:36:05,2026-08-27 06:41:05,DE,SaaS Platform,D,DER-001,Dermacare GlowSerum,Aesthetic,Dermacare,Pharmacy/B2B,5,32.0,EUR,0.0,160.0,160.0
TXN-DE-3-001062,2026-08-27 07:34:38,2026-08-27 07:36:38,DE,SaaS Platform,D,DER-002,Dermacare LiftCream,Aesthetic,Dermacare,Pharmacy/B2B,5,37.0,EUR,0.0,185.0,185.0
TXN-DE-3-001063,2026-08-27 21:47:27,2026-08-27 21:48:27,DE,SaaS Platform,D,DER-002,Dermacare LiftCream,Aesthetic,Dermacare,E-commerce,1,37.0,EUR,0.0,37.0,37.0
TXN-DE-3-001064,2026-08-27 04:43:25,2026-08-27 04:45:25,DE,SaaS Platform,D,MED-002,Medora Derm Cream,Prescription,Medora,Pharmacy/B2B,1,26.0,EUR,0.1,26.0,23.4
TXN-DE-3-001065,2026-08-27 07:28:55,2026-08-27 07:33:55,DE,SaaS Platform,D,DER-002,Dermacare LiftCream,Aesthetic,Dermacare,Pharmacy/B2B,3,37.0,EUR,0.15,111.0,94.35
TXN-DE-3-001066,2026-08-27 20:49:52,2026-08-27 20:52:52,DE,SaaS Platform,D,DER-001,Dermacare GlowSerum,Aesthetic,Dermacare,D2C,12,32.0,EUR,0.05,384.0,364.8
TXN-DE-3-001067,2026-08-27 07:23:12,2026-08-27 07:26:12,DE,SaaS Platform,D,PUR-002,PureLife BP Monitor,Medical Device,PureLife,Wholesale,3,90.0,EUR,0.1,270.0,243.0
TXN-DE-3-001068,2026-08-27 07:44:35,2026-08-27 07:50:35,DE,SaaS Platform,D,MED-002,Medora Derm Cream,Prescription,Medora,E-commerce,11,26.0,EUR,0.0,286.0,286.0
TXN-DE-3-001069,2026-08-27 15:23:31,2026-08-27 15:28:31,DE,SaaS Platform,D,PUR-002,PureLife BP Monitor,Medical Device,PureLife,E-commerce,10,90.0,EUR,0.05,900.0,855.0
TXN-DE-3-001070,2026-08-27 23:38:35,2026-08-27 23:41:35,DE,SaaS Platform,D,DER-001,Dermacare GlowSerum,Aesthetic,Dermacare,Wholesale,5,32.0,EUR,0.05,160.0,152.0
TXN-DE-3-001071,2026-08-27 02:38:02,2026-08-27 02:44:02,DE,SaaS Platform,D,SAN-001,SanaPlus PainRelief,OTC,SanaPlus,D2C,10,9.5,EUR,0.05,95.0,90.25
TXN-DE-3-001072,2026-08-27 10:12:01,2026-08-27 10:16:01,DE,SaaS Platform,D,PUR-002,PureLife BP Monitor,Medical Device,PureLife,E-commerce,4,90.0,EUR,0.2,360.0,288.0
TXN-DE-3-001073,2026-08-27 16:40:21,2026-08-27 16:44:21,DE,SaaS Platform,D,MED-001,Medora Cardio 10mg,Prescription,Medora,Pharmacy/B2B,8,43.0,EUR,0.1,344.0,309.6
TXN-DE-3-001074,2026-08-27 11:08:01,2026-08-27 11:10:01,DE,SaaS Platform,D,SAN-001,SanaPlus PainRelief,OTC,SanaPlus,E-commerce,4,9.5,EUR,0.05,38.0,36.1
TXN-DE-3-001075,2026-08-27 19:33:33,2026-08-27 19:39:33,DE,SaaS Platform,D,MED-001,Medora Cardio 10mg,Prescription,Medora,D2C,9,43.0,EUR,0.1,387.0,348.3
TXN-DE-3-001076,2026-08-27 00:03:25,2026-08-27 00:07:25,DE,SaaS Platform,D,VIT-001,Vitalis C1000,Supplement,Vitalis,E-commerce,2,21.0,EUR,0.15,42.0,35.7
TXN-DE-3-001077,2026-08-27 05:21:29,2026-08-27 05:23:29,DE,SaaS Platform,D,PUR-001,PureLife GlucoMonitor,Medical Device,PureLife,Wholesale,9,85.0,EUR,0.0,765.0,765.0
TXN-DE-3-001078,2026-08-27 11:27:19,2026-08-27 11:28:19,DE,SaaS Platform,D,VIT-001,Vitalis C1000,Supplement,Vitalis,Pharmacy/B2B,11,21.0,EUR,0.0,231.0,231.0
TXN-DE-3-001079,2026-08-27 05:47:28,2026-08-27 05:50:28,DE,SaaS Platform,D,DER-001,Dermacare GlowSerum,Aesthetic,Dermacare,E-commerce,5,32.0,EUR,0.0,160.0,160.0
TXN-DE-3-001080,2026-08-27 06:58:21,2026-08-27 06:59:21,DE,SaaS Platform,D,VIT-001,Vitalis C1000,Supplement,Vitalis,Pharmacy/B2B,12,21.0,EUR,0.2,252.0,201.6
TXN-DE-3-001081,2026-08-27 15:24:23,2026-08-27 15:30:23,DE,SaaS Platform,D,PUR-002,PureLife BP Monitor,Medical Device,PureLife,Pharmacy/B2B,10,90.0,EUR,0.0,900.0,900.0
TXN-DE-3-001082,2026-08-27 16:47:13,2026-08-27 16:52:13,DE,SaaS Platform,D,VIT-002,Vitalis Multivit,Supplement,Vitalis,Wholesale,10,17.0,EUR,0.15,170.0,144.5
TXN-DE-3-001083,2026-08-27 01:04:30,2026-08-27 01:08:30,DE,SaaS Platform,D,PUR-001,PureLife GlucoMonitor,Medical Device,PureLife,E-commerce,9,85.0,EUR,0.05,765.0,726.75
TXN-DE-3-001084,2026-08-27 00:44:46,2026-08-27 00:45:46,DE,SaaS Platform,D,DER-002,Dermacare LiftCream,Aesthetic,Dermacare,Wholesale,3,37.0,EUR,0.0,111.0,111.0
TXN-DE-3-001085,2026-08-27 21:00:40,2026-08-27 21:05:40,DE,SaaS Platform,D,DER-001,Dermacare GlowSerum,Aesthetic,Dermacare,E-commerce,2,32.0,EUR,0.0,64.0,64.0
TXN-DE-3-001086,2026-08-27 21:51:09,2026-08-27 21:53:09,DE,SaaS Platform,D,DER-001,Dermacare GlowSerum,Aesthetic,Dermacare,Pharmacy/B2B,12,32.0,EUR,0.0,384.0,384.0
TXN-DE-3-001087,2026-08-27 05:58:16,2026-08-27 06:01:16,DE,SaaS Platform,D,MED-002,Medora Derm Cream,Prescription,Medora,D2C,11,26.0,EUR,0.1,286.0,257.4
TXN-DE-3-001088,2026-08-27 14:59:57,2026-08-27 15:05:57,DE,SaaS Platform,D,DER-002,Dermacare LiftCream,Aesthetic,Dermacare,D2C,7,37.0,EUR,0.15,259.0,220.15
TXN-DE-3-001089,2026-08-27 19:39:07,2026-08-27 19:41:07,DE,SaaS Platform,D,DER-001,Dermacare GlowSerum,Aesthetic,Dermacare,E-commerce,4,32.0,EUR,0.0,128.0,128.0
TXN-DE-3-001090,2026-08-27 03:05:56,2026-08-27 03:10:56,DE,SaaS Platform,D,VIT-002,Vitalis Multivit,Supplement,Vitalis,E-commerce,4,17.0,EUR,0.2,68.0,54.4
TXN-DE-3-001091,2026-08-27 19:41:55,2026-08-27 19:43:55,DE,SaaS Platform,D,SAN-001,SanaPlus PainRelief,OTC,SanaPlus,Wholesale,7,9.5,EUR,0.0,66.5,66.5
TXN-DE-3-001092,2026-08-27 22:09:14,2026-08-27 22:15:14,DE,SaaS Platform,D,VIT-002,Vitalis Multivit,Supplement,Vitalis,Wholesale,4,17.0,EUR,0.2,68.0,54.4
TXN-DE-3-001093,2026-08-27 04:53:29,2026-08-27 04:58:29,DE,SaaS Platform,D,VIT-001,Vitalis C1000,Supplement,Vitalis,Pharmacy/B2B,11,21.0,EUR,0.0,231.0,231.0
TXN-DE-3-001094,2026-08-27 11:34:14,2026-08-27 11:37:14,DE,SaaS Platform,D,MED-001,Medora Cardio 10mg,Prescription,Medora,Wholesale,8,43.0,EUR,0.0,344.0,344.0
TXN-DE-3-001095,2026-08-27 23:40:00,2026-08-27 23:42:00,DE,SaaS Platform,D,MED-001,Medora Cardio 10mg,Prescription,Medora,Pharmacy/B2B,12,43.0,EUR,0.2,516.0,412.8
TXN-DE-3-001096,2026-08-27 19:11:45,2026-08-27 19:15:45,DE,SaaS Platform,D,MED-001,Medora Cardio 10mg,Prescription,Medora,E-commerce,11,43.0,EUR,0.0,473.0,473.0
TXN-DE-3-001097,2026-08-27 04:08:22,2026-08-27 04:11:22,DE,SaaS Platform,D,SAN-001,SanaPlus PainRelief,OTC,SanaPlus,Wholesale,6,9.5,EUR,0.0,57.0,57.0
TXN-DE-3-001098,2026-08-27 10:17:00,2026-08-27 10:22:00,DE,SaaS Platform,D,PUR-002,PureLife BP Monitor,Medical Device,PureLife,Wholesale,10,90.0,EUR,0.0,900.0,900.0
TXN-DE-3-001099,2026-08-27 14:14:54,2026-08-27 14:17:54,DE,SaaS Platform,D,VIT-001,Vitalis C1000,Supplement,Vitalis,E-commerce,8,21.0,EUR,0.0,168.0,168.0
TXN-DE-3-001100,2026-08-27 02:04:26,2026-08-27 02:07:26,DE,SaaS Platform,D,VIT-002,Vitalis Multivit,Supplement,Vitalis,Pharmacy/B2B,5,17.0,EUR,0.0,85.0,85.0
TXN-DE-3-001101,2026-08-27 05:30:09,2026-08-27 05:31:09,DE,SaaS Platform,D,SAN-001,SanaPlus PainRelief,OTC,SanaPlus,D2C,6,9.5,EUR,0.05,57.0,54.15
TXN-DE-3-001102,2026-08-27 15:10:35,2026-08-27 15:13:35,DE,SaaS Platform,D,SAN-001,SanaPlus PainRelief,OTC,SanaPlus,D2C,8,9.5,EUR,0.15,76.0,64.6
TXN-DE-3-001103,2026-08-27 16:41:31,2026-08-27 16:43:31,DE,SaaS Platform,D,MED-001,Medora Cardio 10mg,Prescription,Medora,Pharmacy/B2B,9,43.0,EUR,0.0,387.0,387.0
TXN-DE-3-001104,2026-08-27 13:36:04,2026-08-27 13:37:04,DE,SaaS Platform,D,PUR-001,PureLife GlucoMonitor,Medical Device,PureLife,Pharmacy/B2B,5,85.0,EUR,0.0,425.0,425.0
TXN-DE-3-001105,2026-08-27 19:30:38,2026-08-27 19:35:38,DE,SaaS Platform,D,SAN-002,SanaPlus ColdFlu,OTC,SanaPlus,D2C,3,10.5,EUR,0.1,31.5,28.35
TXN-DE-3-001106,2026-08-27 12:13:12,2026-08-27 12:15:12,DE,SaaS Platform,D,VIT-002,Vitalis Multivit,Supplement,Vitalis,Pharmacy/B2B,6,17.0,EUR,0.1,102.0,91.8
TXN-DE-3-001107,2026-08-27 21:30:45,2026-08-27 21:35:45,DE,SaaS Platform,D,PUR-001,PureLife GlucoMonitor,Medical Device,PureLife,E-commerce,11,85.0,EUR,0.0,935.0,935.0
TXN-DE-3-001108,2026-08-27 05:14:10,2026-08-27 05:17:10,DE,SaaS Platform,D,VIT-001,Vitalis C1000,Supplement,Vitalis,D2C,10,21.0,EUR,0.05,210.0,199.5
TXN-DE-3-001109,2026-08-27 07:39:28,2026-08-27 07:44:28,DE,SaaS Platform,D,DER-001,Dermacare GlowSerum,Aesthetic,Dermacare,Wholesale,7,32.0,EUR,0.0,224.0,224.0
TXN-DE-3-001110,2026-08-27 15:06:04,2026-08-27 15:07:04,DE,SaaS Platform,D,MED-002,Medora Derm Cream,Prescription,Medora,Pharmacy/B2B,8,26.0,EUR,0.1,208.0,187.2
TXN-DE-3-001111,2026-08-27 11:18:31,2026-08-27 11:24:31,DE,SaaS Platform,D,SAN-002,SanaPlus ColdFlu,OTC,SanaPlus,Pharmacy/B2B,10,10.5,EUR,0.15,105.0,89.25
TXN-DE-3-001112,2026-08-27 19:50:37,2026-08-27 19:53:37,DE,SaaS Platform,D,SAN-001,SanaPlus PainRelief,OTC,SanaPlus,Pharmacy/B2B,6,9.5,EUR,0.05,57.0,54.15
TXN-DE-3-001113,2026-08-27 22:23:34,2026-08-27 22:29:34,DE,SaaS Platform,D,SAN-002,SanaPlus ColdFlu,OTC,SanaPlus,Wholesale,2,10.5,EUR,0.1,21.0,18.9
TXN-DE-3-001114,2026-08-27 11:46:29,2026-08-27 11:50:29,DE,SaaS Platform,D,VIT-001,Vitalis C1000,Supplement,Vitalis,Pharmacy/B2B,12,21.0,EUR,0.2,252.0,201.6
TXN-DE-3-001115,2026-08-27 17:33:36,2026-08-27 17:38:36,DE,SaaS Platform,D,PUR-002,PureLife BP Monitor,Medical Device,PureLife,D2C,1,90.0,EUR,0.2,90.0,72.0
TXN-DE-3-001116,2026-08-27 05:40:06,2026-08-27 05:46:06,DE,SaaS Platform,D,DER-001,Dermacare GlowSerum,Aesthetic,Dermacare,Wholesale,11,32.0,EUR,0.2,352.0,281.6
TXN-DE-3-001117,2026-08-27 17:49:24,2026-08-27 17:55:24,DE,SaaS Platform,D,DER-001,Dermacare GlowSerum,Aesthetic,Dermacare,D2C,5,32.0,EUR,0.0,160.0,160.0
TXN-DE-3-001118,2026-08-27 19:04:36,2026-08-27 19:09:36,DE,SaaS Platform,D,SAN-002,SanaPlus ColdFlu,OTC,SanaPlus,E-commerce,9,10.5,EUR,0.0,94.5,94.5
TXN-DE-3-001119,2026-08-27 11:44:29,2026-08-27 11:46:29,DE,SaaS Platform,D,VIT-002,Vitalis Multivit,Supplement,Vitalis,D2C,4,17.0,EUR,0.0,68.0,68.0
TXN-DE-3-001120,2026-08-27 13:41:14,2026-08-27 13:44:14,DE,SaaS Platform,D,PUR-001,PureLife GlucoMonitor,Medical Device,PureLife,E-commerce,8,85.0,EUR,0.05,680.0,646.0
TXN-DE-3-001121,2026-08-27 18:25:41,2026-08-27 18:30:41,DE,SaaS Platform,D,MED-002,Medora Derm Cream,Prescription,Medora,D2C,1,26.0,EUR,0.2,26.0,20.8
TXN-DE-3-001122,2026-08-27 23:02:07,2026-08-27 23:07:07,DE,SaaS Platform,D,PUR-001,PureLife GlucoMonitor,Medical Device,PureLife,D2C,1,85.0,EUR,0.2,85.0,68.0
TXN-DE-3-001123,2026-08-27 01:42:43,2026-08-27 01:44:43,DE,SaaS Platform,D,PUR-002,PureLife BP Monitor,Medical Device,PureLife,Pharmacy/B2B,8,90.0,EUR,0.05,720.0,684.0
TXN-DE-3-001124,2026-08-27 15:09:09,2026-08-27 15:12:09,DE,SaaS Platform,D,PUR-001,PureLife GlucoMonitor,Medical Device,PureLife,E-commerce,9,85.0,EUR,0.0,765.0,765.0
TXN-DE-3-001125,2026-08-27 23:19:30,2026-08-27 23:23:30,DE,SaaS Platform,D,VIT-001,Vitalis C1000,Supplement,Vitalis,Wholesale,4,21.0,EUR,0.0,84.0,84.0
TXN-DE-3-001126,2026-08-27 19:48:25,2026-08-27 19:52:25,DE,SaaS Platform,D,DER-002,Dermacare LiftCream,Aesthetic,Dermacare,D2C,3,37.0,EUR,0.1,111.0,99.9
TXN-DE-3-001127,2026-08-27 01:17:03,2026-08-27 01:23:03,DE,SaaS Platform,D,SAN-002,SanaPlus ColdFlu,OTC,SanaPlus,Wholesale,10,10.5,EUR,0.0,105.0,105.0
TXN-DE-3-001128,2026-08-27 12:05:59,2026-08-27 12:06:59,DE,SaaS Platform,D,VIT-002,Vitalis Multivit,Supplement,Vitalis,Pharmacy/B2B,10,17.0,EUR,0.2,170.0,136.0
TXN-DE-3-001129,2026-08-27 03:11:12,2026-08-27 03:17:12,DE,SaaS Platform,D,VIT-002,Vitalis Multivit,Supplement,Vitalis,Wholesale,2,17.0,EUR,0.15,34.0,28.9
TXN-DE-3-001130,2026-08-27 06:06:38,2026-08-27 06:11:38,DE,SaaS Platform,D,VIT-002,Vitalis Multivit,Supplement,Vitalis,Wholesale,10,17.0,EUR,0.0,170.0,170.0
TXN-DE-3-001131,2026-08-27 01:37:56,2026-08-27 01:38:56,DE,SaaS Platform,D,VIT-001,Vitalis C1000,Supplement,Vitalis,Wholesale,4,21.0,EUR,0.15,84.0,71.4
TXN-DE-3-001132,2026-08-27 15:36:42,2026-08-27 15:38:42,DE,SaaS Platform,D,DER-002,Dermacare LiftCream,Aesthetic,Dermacare,E-commerce,6,37.0,EUR,0.15,222.0,188.7
TXN-DE-3-001133,2026-08-27 19:53:44,2026-08-27 19:58:44,DE,SaaS Platform,D,SAN-001,SanaPlus PainRelief,OTC,SanaPlus,D2C,11,9.5,EUR,0.0,104.5,104.5
TXN-DE-3-001134,2026-08-27 09:27:07,2026-08-27 09:29:07,DE,SaaS Platform,D,DER-002,Dermacare LiftCream,Aesthetic,Dermacare,E-commerce,6,37.0,EUR,0.1,222.0,199.8
TXN-DE-3-001135,2026-08-27 18:25:06,2026-08-27 18:28:06,DE,SaaS Platform,D,PUR-002,PureLife BP Monitor,Medical Device,PureLife,D2C,12,90.0,EUR,0.0,1080.0,1080.0
TXN-DE-3-001136,2026-08-27 21:35:14,2026-08-27 21:37:14,DE,SaaS Platform,D,VIT-001,Vitalis C1000,Supplement,Vitalis,E-commerce,9,21.0,EUR,0.15,189.0,160.65
TXN-DE-3-001137,2026-08-27 12:09:14,2026-08-27 12:15:14,DE,SaaS Platform,D,MED-001,Medora Cardio 10mg,Prescription,Medora,E-commerce,8,43.0,EUR,0.0,344.0,344.0
TXN-DE-3-001138,2026-08-27 21:41:11,2026-08-27 21:44:11,DE,SaaS Platform,D,MED-001,Medora Cardio 10mg,Prescription,Medora,Wholesale,12,43.0,EUR,0.15,516.0,438.6
TXN-DE-3-001139,2026-08-27 01:09:50,2026-08-27 01:13:50,DE,SaaS Platform,D,DER-002,Dermacare LiftCream,Aesthetic,Dermacare,E-commerce,8,37.0,EUR,0.2,296.0,236.8
TXN-DE-3-001140,2026-08-27 01:36:22,2026-08-27 01:38:22,DE,SaaS Platform,D,PUR-002,PureLife BP Monitor,Medical Device,PureLife,E-commerce,10,90.0,EUR,0.05,900.0,855.0
TXN-DE-3-001141,2026-08-27 20:14:22,2026-08-27 20:18:22,DE,SaaS Platform,D,DER-001,Dermacare GlowSerum,Aesthetic,Dermacare,Wholesale,2,32.0,EUR,0.0,64.0,64.0
TXN-DE-3-001142,2026-08-27 05:19:48,2026-08-27 05:21:48,DE,SaaS Platform,D,DER-002,Dermacare LiftCream,Aesthetic,Dermacare,E-commerce,10,37.0,EUR,0.0,370.0,370.0
TXN-DE-3-001143,2026-08-27 05:45:26,2026-08-27 05:46:26,DE,SaaS Platform,D,VIT-002,Vitalis Multivit,Supplement,Vitalis,Pharmacy/B2B,8,17.0,EUR,0.0,136.0,136.0
TXN-DE-3-001144,2026-08-27 00:50:54,2026-08-27 00:56:54,DE,SaaS Platform,D,SAN-002,SanaPlus ColdFlu,OTC,SanaPlus,Wholesale,1,10.5,EUR,0.0,10.5,10.5
TXN-DE-3-001145,2026-08-27 15:24:02,2026-08-27 15:28:02,DE,SaaS Platform,D,MED-001,Medora Cardio 10mg,Prescription,Medora,Wholesale,10,43.0,EUR,0.0,430.0,430.0
TXN-DE-3-001146,2026-08-27 06:16:04,2026-08-27 06:21:04,DE,SaaS Platform,D,PUR-001,PureLife GlucoMonitor,Medical Device,PureLife,Pharmacy/B2B,8,85.0,EUR,0.1,680.0,612.0
TXN-DE-3-001147,2026-08-27 03:07:20,2026-08-27 03:09:20,DE,SaaS Platform,D,MED-002,Medora Derm Cream,Prescription,Medora,Wholesale,1,26.0,EUR,0.2,26.0,20.8
TXN-DE-3-001148,2026-08-27 11:11:32,2026-08-27 11:17:32,DE,SaaS Platform,D,PUR-002,PureLife BP Monitor,Medical Device,PureLife,Pharmacy/B2B,2,90.0,EUR,0.2,180.0,144.0
TXN-DE-3-001149,2026-08-27 20:27:21,2026-08-27 20:33:21,DE,SaaS Platform,D,PUR-002,PureLife BP Monitor,Medical Device,PureLife,E-commerce,7,90.0,EUR,0.2,630.0,504.0
TXN-DE-3-001150,2026-08-27 12:14:55,2026-08-27 12:15:55,DE,SaaS Platform,D,MED-001,Medora Cardio 10mg,Prescription,Medora,E-commerce,10,43.0,EUR,0.1,430.0,387.0
TXN-DE-3-001151,2026-08-27 02:23:53,2026-08-27 02:26:53,DE,SaaS Platform,D,DER-001,Dermacare GlowSerum,Aesthetic,Dermacare,E-commerce,5,32.0,EUR,0.0,160.0,160.0
TXN-DE-3-001152,2026-08-27 10:09:06,2026-08-27 10:13:06,DE,SaaS Platform,D,MED-002,Medora Derm Cream,Prescription,Medora,Pharmacy/B2B,4,26.0,EUR,0.0,104.0,104.0
TXN-DE-3-001153,2026-08-27 23:46:24,2026-08-27 23:47:24,DE,SaaS Platform,D,VIT-002,Vitalis Multivit,Supplement,Vitalis,D2C,12,17.0,EUR,0.1,204.0,183.6
TXN-DE-3-001154,2026-08-27 05:21:34,2026-08-27 05:25:34,DE,SaaS Platform,D,SAN-001,SanaPlus PainRelief,OTC,SanaPlus,Wholesale,9,9.5,EUR,0.0,85.5,85.5
TXN-DE-3-001155,2026-08-27 15:23:12,2026-08-27 15:25:12,DE,SaaS Platform,D,MED-001,Medora Cardio 10mg,Prescription,Medora,E-commerce,7,43.0,EUR,0.1,301.0,270.9
TXN-DE-3-001156,2026-08-27 18:20:01,2026-08-27 18:26:01,DE,SaaS Platform,D,VIT-002,Vitalis Multivit,Supplement,Vitalis,Wholesale,2,17.0,EUR,0.0,34.0,34.0
TXN-DE-3-001157,2026-08-27 17:32:08,2026-08-27 17:33:08,DE,SaaS Platform,D,SAN-001,SanaPlus PainRelief,OTC,SanaPlus,Pharmacy/B2B,7,9.5,EUR,0.1,66.5,59.85
TXN-DE-3-001158,2026-08-27 06:09:56,2026-08-27 06:12:56,DE,SaaS Platform,D,DER-002,Dermacare LiftCream,Aesthetic,Dermacare,Pharmacy/B2B,2,37.0,EUR,0.0,74.0,74.0
TXN-DE-3-001159,2026-08-27 09:00:38,2026-08-27 09:03:38,DE,SaaS Platform,D,MED-002,Medora Derm Cream,Prescription,Medora,Wholesale,4,26.0,EUR,0.0,104.0,104.0
TXN-DE-3-001160,2026-08-27 20:52:45,2026-08-27 20:55:45,DE,SaaS Platform,D,DER-002,Dermacare LiftCream,Aesthetic,Dermacare,E-commerce,5,37.0,EUR,0.2,185.0,148.0
TXN-DE-3-001161,2026-08-27 10:29:16,2026-08-27 10:34:16,DE,SaaS Platform,D,VIT-002,Vitalis Multivit,Supplement,Vitalis,Wholesale,7,17.0,EUR,0.15,119.0,101.15
TXN-DE-3-001162,2026-08-27 06:55:37,2026-08-27 06:56:37,DE,SaaS Platform,D,VIT-002,Vitalis Multivit,Supplement,Vitalis,Pharmacy/B2B,1,17.0,EUR,0.1,17.0,15.3
TXN-DE-3-001163,2026-08-27 13:27:22,2026-08-27 13:33:22,DE,SaaS Platform,D,SAN-002,SanaPlus ColdFlu,OTC,SanaPlus,Wholesale,1,10.5,EUR,0.0,10.5,10.5
TXN-DE-3-001164,2026-08-27 21:11:58,2026-08-27 21:16:58,DE,SaaS Platform,D,MED-002,Medora Derm Cream,Prescription,Medora,Wholesale,7,26.0,EUR,0.0,182.0,182.0
TXN-DE-3-001165,2026-08-27 10:47:42,2026-08-27 10:53:42,DE,SaaS Platform,D,PUR-002,PureLife BP Monitor,Medical Device,PureLife,D2C,2,90.0,EUR,0.05,180.0,171.0
TXN-DE-3-001166,2026-08-27 17:09:05,2026-08-27 17:13:05,DE,SaaS Platform,D,SAN-002,SanaPlus ColdFlu,OTC,SanaPlus,E-commerce,4,10.5,EUR,0.0,42.0,42.0
TXN-DE-3-001167,2026-08-27 15:32:56,2026-08-27 15:35:56,DE,SaaS Platform,D,PUR-001,PureLife GlucoMonitor,Medical Device,PureLife,Wholesale,5,85.0,EUR,0.05,425.0,403.75
TXN-DE-3-001168,2026-08-27 01:39:23,2026-08-27 01:41:23,DE,SaaS Platform,D,DER-001,Dermacare GlowSerum,Aesthetic,Dermacare,Pharmacy/B2B,2,32.0,EUR,0.2,64.0,51.2
TXN-DE-3-001169,2026-08-27 15:41:49,2026-08-27 15:46:49,DE,SaaS Platform,D,MED-001,Medora Cardio 10mg,Prescription,Medora,D2C,8,43.0,EUR,0.2,344.0,275.2
TXN-DE-3-001170,2026-08-27 09:40:57,2026-08-27 09:42:57,DE,SaaS Platform,D,DER-001,Dermacare GlowSerum,Aesthetic,Dermacare,D2C,12,32.0,EUR,0.05,384.0,364.8
TXN-DE-3-001171,2026-08-27 20:24:05,2026-08-27 20:25:05,DE,SaaS Platform,D,SAN-002,SanaPlus ColdFlu,OTC,SanaPlus,D2C,11,10.5,EUR,0.15,115.5,98.17
TXN-DE-3-001172,2026-08-27 14:32:09,2026-08-27 14:34:09,DE,SaaS Platform,D,SAN-002,SanaPlus ColdFlu,OTC,SanaPlus,D2C,2,10.5,EUR,0.0,21.0,21.0
TXN-DE-3-001173,2026-08-27 08:54:55,2026-08-27 08:55:55,DE,SaaS Platform,D,SAN-002,SanaPlus ColdFlu,OTC,SanaPlus,E-commerce,11,10.5,EUR,0.1,115.5,103.95
TXN-DE-3-001174,2026-08-27 15:40:07,2026-08-27 15:42:07,DE,SaaS Platform,D,DER-002,Dermacare LiftCream,Aesthetic,Dermacare,Wholesale,3,37.0,EUR,0.0,111.0,111.0
TXN-DE-3-001175,2026-08-27 07:53:48,2026-08-27 07:59:48,DE,SaaS Platform,D,PUR-002,PureLife BP Monitor,Medical Device,PureLife,E-commerce,12,90.0,EUR,0.2,1080.0,864.0
TXN-DE-3-001176,2026-08-27 20:33:36,2026-08-27 20:34:36,DE,SaaS Platform,D,SAN-001,SanaPlus PainRelief,OTC,SanaPlus,Wholesale,10,9.5,EUR,0.05,95.0,90.25
TXN-DE-3-001177,2026-08-27 19:07:48,2026-08-27 19:10:48,DE,SaaS Platform,D,MED-002,Medora Derm Cream,Prescription,Medora,E-commerce,7,26.0,EUR,0.2,182.0,145.6
TXN-DE-3-001178,2026-08-27 17:41:39,2026-08-27 17:43:39,DE,SaaS Platform,D,PUR-002,PureLife BP Monitor,Medical Device,PureLife,Pharmacy/B2B,12,90.0,EUR,0.1,1080.0,972.0
TXN-DE-3-001179,2026-08-27 22:55:37,2026-08-27 22:59:37,DE,SaaS Platform,D,PUR-002,PureLife BP Monitor,Medical Device,PureLife,D2C,11,90.0,EUR,0.0,990.0,990.0
TXN-DE-3-001180,2026-08-27 23:40:15,2026-08-27 23:45:15,DE,SaaS Platform,D,VIT-002,Vitalis Multivit,Supplement,Vitalis,Wholesale,5,17.0,EUR,0.0,85.0,85.0
TXN-DE-3-001181,2026-08-27 05:42:03,2026-08-27 05:45:03,DE,SaaS Platform,D,SAN-002,SanaPlus ColdFlu,OTC,SanaPlus,E-commerce,9,10.5,EUR,0.2,94.5,75.6
TXN-DE-3-001182,2026-08-27 09:52:38,2026-08-27 09:58:38,DE,SaaS Platform,D,MED-001,Medora Cardio 10mg,Prescription,Medora,Pharmacy/B2B,4,43.0,EUR,0.15,172.0,146.2
TXN-DE-3-001183,2026-08-27 13:05:53,2026-08-27 13:07:53,DE,SaaS Platform,D,VIT-001,Vitalis C1000,Supplement,Vitalis,D2C,5,21.0,EUR,0.0,105.0,105.0
TXN-DE-3-001184,2026-08-27 15:58:22,2026-08-27 16:02:22,DE,SaaS Platform,D,PUR-001,PureLife GlucoMonitor,Medical Device,PureLife,E-commerce,4,85.0,EUR,0.0,340.0,340.0
TXN-DE-3-001185,2026-08-27 03:24:06,2026-08-27 03:28:06,DE,SaaS Platform,D,DER-001,Dermacare GlowSerum,Aesthetic,Dermacare,Pharmacy/B2B,8,32.0,EUR,0.05,256.0,243.2
TXN-DE-3-001186,2026-08-27 06:50:31,2026-08-27 06:55:31,DE,SaaS Platform,D,DER-001,Dermacare GlowSerum,Aesthetic,Dermacare,Wholesale,8,32.0,EUR,0.0,256.0,256.0
TXN-DE-3-001187,2026-08-27 16:53:57,2026-08-27 16:58:57,DE,SaaS Platform,D,PUR-001,PureLife GlucoMonitor,Medical Device,PureLife,Wholesale,12,85.0,EUR,0.15,1020.0,867.0
TXN-DE-3-001188,2026-08-27 19:49:24,2026-08-27 19:55:24,DE,SaaS Platform,D,DER-001,Dermacare GlowSerum,Aesthetic,Dermacare,Wholesale,2,32.0,EUR,0.1,64.0,57.6
TXN-DE-3-001189,2026-08-27 16:36:46,2026-08-27 16:37:46,DE,SaaS Platform,D,VIT-002,Vitalis Multivit,Supplement,Vitalis,E-commerce,1,17.0,EUR,0.1,17.0,15.3
TXN-DE-3-001190,2026-08-27 23:46:12,2026-08-27 23:48:12,DE,SaaS Platform,D,VIT-002,Vitalis Multivit,Supplement,Vitalis,E-commerce,12,17.0,EUR,0.05,204.0,193.8
TXN-DE-3-001191,2026-08-27 17:47:14,2026-08-27 17:51:14,DE,SaaS Platform,D,VIT-001,Vitalis C1000,Supplement,Vitalis,E-commerce,8,21.0,EUR,0.15,168.0,142.8
TXN-DE-3-001192,2026-08-27 14:38:02,2026-08-27 14:42:02,DE,SaaS Platform,D,VIT-001,Vitalis C1000,Supplement,Vitalis,E-commerce,3,21.0,EUR,0.0,63.0,63.0
TXN-DE-3-001193,2026-08-27 06:05:49,2026-08-27 06:10:49,DE,SaaS Platform,D,MED-001,Medora Cardio 10mg,Prescription,Medora,Wholesale,6,43.0,EUR,0.15,258.0,219.3
TXN-DE-3-001194,2026-08-27 15:44:28,2026-08-27 15:49:28,DE,SaaS Platform,D,MED-002,Medora Derm Cream,Prescription,Medora,Pharmacy/B2B,10,26.0,EUR,0.0,260.0,260.0
TXN-DE-3-001195,2026-08-27 11:44:01,2026-08-27 11:48:01,DE,SaaS Platform,D,DER-002,Dermacare LiftCream,Aesthetic,Dermacare,D2C,5,37.0,EUR,0.05,185.0,175.75
TXN-DE-3-001196,2026-08-27 14:01:20,2026-08-27 14:07:20,DE,SaaS Platform,D,PUR-002,PureLife BP Monitor,Medical Device,PureLife,Wholesale,2,90.0,EUR,0.15,180.0,153.0
TXN-DE-3-001197,2026-08-27 22:41:58,2026-08-27 22:42:58,DE,SaaS Platform,D,MED-002,Medora Derm Cream,Prescription,Medora,Wholesale,10,26.0,EUR,0.0,260.0,260.0
TXN-DE-3-001198,2026-08-27 02:46:21,2026-08-27 02:47:21,DE,SaaS Platform,D,PUR-002,PureLife BP Monitor,Medical Device,PureLife,E-commerce,12,90.0,EUR,0.0,1080.0,1080.0
TXN-DE-3-001199,2026-08-27 21:44:02,2026-08-27 21:46:02,DE,SaaS Platform,D,SAN-001,SanaPlus PainRelief,OTC,SanaPlus,D2C,1,9.5,EUR,0.0,9.5,9.5
TXN-DE-3-001200,2026-08-27 11:12:18,2026-08-27 11:17:18,DE,SaaS Platform,D,DER-001,Dermacare GlowSerum,Aesthetic,Dermacare,Wholesale,11,32.0,EUR,0.15,352.0,299.2
TXN-DE-3-001201,2026-08-27 01:52:29,2026-08-27 01:57:29,DE,SaaS Platform,D,PUR-002,PureLife BP Monitor,Medical Device,PureLife,E-commerce,7,90.0,EUR,0.15,630.0,535.5
TXN-DE-3-001202,2026-08-27 03:36:49,2026-08-27 03:40:49,DE,SaaS Platform,D,VIT-001,Vitalis C1000,Supplement,Vitalis,E-commerce,3,21.0,EUR,0.05,63.0,59.85
TXN-DE-3-001203,2026-08-27 23:17:28,2026-08-27 23:18:28,DE,SaaS Platform,D,MED-001,Medora Cardio 10mg,Prescription,Medora,E-commerce,7,43.0,EUR,0.0,301.0,301.0
TXN-DE-3-001204,2026-08-27 15:45:22,2026-08-27 15:49:22,DE,SaaS Platform,D,PUR-002,PureLife BP Monitor,Medical Device,PureLife,D2C,4,90.0,EUR,0.2,360.0,288.0
TXN-DE-3-001205,2026-08-27 10:48:51,2026-08-27 10:50:51,DE,SaaS Platform,D,VIT-001,Vitalis C1000,Supplement,Vitalis,D2C,1,21.0,EUR,0.15,21.0,17.85
TXN-DE-3-001206,2026-08-27 14:10:36,2026-08-27 14:16:36,DE,SaaS Platform,D,SAN-001,SanaPlus PainRelief,OTC,SanaPlus,Wholesale,1,9.5,EUR,0.0,9.5,9.5
TXN-DE-3-001207,2026-08-27 03:18:40,2026-08-27 03:21:40,DE,SaaS Platform,D,SAN-002,SanaPlus ColdFlu,OTC,SanaPlus,Pharmacy/B2B,7,10.5,EUR,0.05,73.5,69.83
TXN-DE-3-001208,2026-08-27 00:15:21,2026-08-27 00:19:21,DE,SaaS Platform,D,VIT-001,Vitalis C1000,Supplement,Vitalis,Wholesale,6,21.0,EUR,0.1,126.0,113.4
TXN-DE-3-001209,2026-08-27 08:19:07,2026-08-27 08:20:07,DE,SaaS Platform,D,PUR-002,PureLife BP Monitor,Medical Device,PureLife,E-commerce,7,90.0,EUR,0.05,630.0,598.5
TXN-DE-3-001210,2026-08-27 23:49:22,2026-08-27 23:52:22,DE,SaaS Platform,D,MED-002,Medora Derm Cream,Prescription,Medora,Wholesale,6,26.0,EUR,0.0,156.0,156.0
TXN-DE-3-001211,2026-08-27 17:13:23,2026-08-27 17:19:23,DE,SaaS Platform,D,DER-001,Dermacare GlowSerum,Aesthetic,Dermacare,D2C,7,32.0,EUR,0.05,224.0,212.8
TXN-DE-3-001212,2026-08-27 08:41:45,2026-08-27 08:46:45,DE,SaaS Platform,D,SAN-002,SanaPlus ColdFlu,OTC,SanaPlus,Wholesale,6,10.5,EUR,0.0,63.0,63.0
TXN-DE-3-001213,2026-08-27 16:15:32,2026-08-27 16:16:32,DE,SaaS Platform,D,SAN-001,SanaPlus PainRelief,OTC,SanaPlus,D2C,3,9.5,EUR,0.0,28.5,28.5
TXN-DE-3-001214,2026-08-27 11:17:02,2026-08-27 11:18:02,DE,SaaS Platform,D,SAN-001,SanaPlus PainRelief,OTC,SanaPlus,Pharmacy/B2B,11,9.5,EUR,0.15,104.5,88.83
TXN-DE-3-001215,2026-08-27 02:01:47,2026-08-27 02:06:47,DE,SaaS Platform,D,MED-001,Medora Cardio 10mg,Prescription,Medora,D2C,4,43.0,EUR,0.1,172.0,154.8
TXN-DE-3-001216,2026-08-27 00:49:03,2026-08-27 00:52:03,DE,SaaS Platform,D,MED-001,Medora Cardio 10mg,Prescription,Medora,Pharmacy/B2B,5,43.0,EUR,0.15,215.0,182.75
TXN-DE-3-001217,2026-08-27 10:33:57,2026-08-27 10:36:57,DE,SaaS Platform,D,MED-002,Medora Derm Cream,Prescription,Medora,Pharmacy/B2B,8,26.0,EUR,0.05,208.0,197.6
TXN-DE-3-001218,2026-08-27 20:32:55,2026-08-27 20:34:55,DE,SaaS Platform,D,SAN-002,SanaPlus ColdFlu,OTC,SanaPlus,Pharmacy/B2B,9,10.5,EUR,0.2,94.5,75.6
TXN-DE-3-001219,2026-08-27 07:57:03,2026-08-27 08:03:03,DE,SaaS Platform,D,DER-002,Dermacare LiftCream,Aesthetic,Dermacare,Pharmacy/B2B,1,37.0,EUR,0.2,37.0,29.6
TXN-DE-3-001220,2026-08-27 14:13:39,2026-08-27 14:16:39,DE,SaaS Platform,D,PUR-001,PureLife GlucoMonitor,Medical Device,PureLife,Wholesale,12,85.0,EUR,0.1,1020.0,918.0
TXN-DE-3-001221,2026-08-27 23:28:00,2026-08-27 23:33:00,DE,SaaS Platform,D,VIT-001,Vitalis C1000,Supplement,Vitalis,E-commerce,12,21.0,EUR,0.2,252.0,201.6
TXN-DE-3-001222,2026-08-27 08:11:53,2026-08-27 08:15:53,DE,SaaS Platform,D,PUR-002,PureLife BP Monitor,Medical Device,PureLife,E-commerce,1,90.0,EUR,0.05,90.0,85.5
TXN-DE-3-001223,2026-08-27 07:17:46,2026-08-27 07:22:46,DE,SaaS Platform,D,MED-001,Medora Cardio 10mg,Prescription,Medora,Wholesale,7,43.0,EUR,0.1,301.0,270.9
TXN-DE-3-001224,2026-08-27 14:53:56,2026-08-27 14:58:56,DE,SaaS Platform,D,DER-002,Dermacare LiftCream,Aesthetic,Dermacare,E-commerce,10,37.0,EUR,0.0,370.0,370.0
TXN-DE-3-001225,2026-08-27 02:03:49,2026-08-27 02:07:49,DE,SaaS Platform,D,SAN-001,SanaPlus PainRelief,OTC,SanaPlus,E-commerce,11,9.5,EUR,0.15,104.5,88.83
TXN-DE-3-001226,2026-08-27 20:22:56,2026-08-27 20:28:56,DE,SaaS Platform,D,SAN-001,SanaPlus PainRelief,OTC,SanaPlus,E-commerce,9,9.5,EUR,0.0,85.5,85.5
TXN-DE-3-001227,2026-08-27 09:03:40,2026-08-27 09:08:40,DE,SaaS Platform,D,DER-001,Dermacare GlowSerum,Aesthetic,Dermacare,E-commerce,10,32.0,EUR,0.0,320.0,320.0
TXN-DE-3-001228,2026-08-27 14:42:15,2026-08-27 14:48:15,DE,SaaS Platform,D,VIT-002,Vitalis Multivit,Supplement,Vitalis,Wholesale,1,17.0,EUR,0.0,17.0,17.0
TXN-DE-3-001229,2026-08-27 04:49:11,2026-08-27 04:53:11,DE,SaaS Platform,D,DER-001,Dermacare GlowSerum,Aesthetic,Dermacare,E-commerce,8,32.0,EUR,0.15,256.0,217.6
TXN-DE-3-001230,2026-08-27 08:56:02,2026-08-27 08:59:02,DE,SaaS Platform,D,SAN-001,SanaPlus PainRelief,OTC,SanaPlus,Wholesale,7,9.5,EUR,0.2,66.5,53.2
TXN-DE-3-001231,2026-08-27 20:48:00,2026-08-27 20:49:00,DE,SaaS Platform,D,SAN-001,SanaPlus PainRelief,OTC,SanaPlus,E-commerce,6,9.5,EUR,0.2,57.0,45.6
TXN-DE-3-001232,2026-08-27 11:58:52,2026-08-27 12:01:52,DE,SaaS Platform,D,VIT-001,Vitalis C1000,Supplement,Vitalis,D2C,11,21.0,EUR,0.2,231.0,184.8
TXN-DE-3-001233,2026-08-27 11:40:57,2026-08-27 11:43:57,DE,SaaS Platform,D,PUR-002,PureLife BP Monitor,Medical Device,PureLife,E-commerce,12,90.0,EUR,0.2,1080.0,864.0
TXN-DE-3-001234,2026-08-27 18:57:08,2026-08-27 19:00:08,DE,SaaS Platform,D,VIT-002,Vitalis Multivit,Supplement,Vitalis,E-commerce,11,17.0,EUR,0.1,187.0,168.3
TXN-DE-3-001235,2026-08-27 18:03:55,2026-08-27 18:07:55,DE,SaaS Platform,D,SAN-002,SanaPlus ColdFlu,OTC,SanaPlus,Wholesale,6,10.5,EUR,0.1,63.0,56.7
TXN-DE-3-001236,2026-08-27 05:11:09,2026-08-27 05:14:09,DE,SaaS Platform,D,MED-001,Medora Cardio 10mg,Prescription,Medora,E-commerce,5,43.0,EUR,0.0,215.0,215.0
TXN-DE-3-001237,2026-08-27 12:56:18,2026-08-27 13:01:18,DE,SaaS Platform,D,SAN-002,SanaPlus ColdFlu,OTC,SanaPlus,E-commerce,10,10.5,EUR,0.0,105.0,105.0
TXN-DE-3-001238,2026-08-27 14:13:14,2026-08-27 14:17:14,DE,SaaS Platform,D,MED-001,Medora Cardio 10mg,Prescription,Medora,D2C,6,43.0,EUR,0.15,258.0,219.3
TXN-DE-3-001239,2026-08-27 23:03:30,2026-08-27 23:05:30,DE,SaaS Platform,D,DER-002,Dermacare LiftCream,Aesthetic,Dermacare,E-commerce,10,37.0,EUR,0.0,370.0,370.0
TXN-DE-3-001240,2026-08-27 11:54:06,2026-08-27 11:59:06,DE,SaaS Platform,D,SAN-002,SanaPlus ColdFlu,OTC,SanaPlus,Pharmacy/B2B,8,10.5,EUR,0.15,84.0,71.4
TXN-DE-3-001241,2026-08-27 03:39:58,2026-08-27 03:43:58,DE,SaaS Platform,D,VIT-001,Vitalis C1000,Supplement,Vitalis,Wholesale,9,21.0,EUR,0.2,189.0,151.2
TXN-DE-3-001242,2026-08-27 13:32:59,2026-08-27 13:35:59,DE,SaaS Platform,D,DER-002,Dermacare LiftCream,Aesthetic,Dermacare,D2C,3,37.0,EUR,0.1,111.0,99.9
TXN-DE-3-001243,2026-08-27 01:32:58,2026-08-27 01:35:58,DE,SaaS Platform,D,DER-002,Dermacare LiftCream,Aesthetic,Dermacare,D2C,11,37.0,EUR,0.1,407.0,366.3
TXN-DE-3-001244,2026-08-27 23:38:59,2026-08-27 23:44:59,DE,SaaS Platform,D,SAN-001,SanaPlus PainRelief,OTC,SanaPlus,E-commerce,10,9.5,EUR,0.2,95.0,76.0
TXN-DE-3-001245,2026-08-27 12:00:15,2026-08-27 12:02:15,DE,SaaS Platform,D,SAN-001,SanaPlus PainRelief,OTC,SanaPlus,Wholesale,8,9.5,EUR,0.0,76.0,76.0
TXN-DE-3-001246,2026-08-27 13:41:09,2026-08-27 13:46:09,DE,SaaS Platform,D,DER-001,Dermacare GlowSerum,Aesthetic,Dermacare,Pharmacy/B2B,10,32.0,EUR,0.15,320.0,272.0
TXN-DE-3-001247,2026-08-27 03:39:55,2026-08-27 03:41:55,DE,SaaS Platform,D,VIT-002,Vitalis Multivit,Supplement,Vitalis,Pharmacy/B2B,6,17.0,EUR,0.0,102.0,102.0
TXN-DE-3-001248,2026-08-27 18:50:31,2026-08-27 18:56:31,DE,SaaS Platform,D,VIT-002,Vitalis Multivit,Supplement,Vitalis,E-commerce,6,17.0,EUR,0.0,102.0,102.0
TXN-DE-3-001249,2026-08-27 11:22:07,2026-08-27 11:24:07,DE,SaaS Platform,D,SAN-002,SanaPlus ColdFlu,OTC,SanaPlus,D2C,12,10.5,EUR,0.2,126.0,100.8
TXN-DE-3-001250,2026-08-27 07:33:48,2026-08-27 07:39:48,DE,SaaS Platform,D,PUR-001,PureLife GlucoMonitor,Medical Device,PureLife,Wholesale,9,85.0,EUR,0.0,765.0,765.0
TXN-DE-3-001251,2026-08-27 12:22:25,2026-08-27 12:23:25,DE,SaaS Platform,D,MED-002,Medora Derm Cream,Prescription,Medora,Pharmacy/B2B,12,26.0,EUR,0.0,312.0,312.0
TXN-DE-3-001252,2026-08-27 23:52:37,2026-08-27 23:55:37,DE,SaaS Platform,D,PUR-002,PureLife BP Monitor,Medical Device,PureLife,E-commerce,8,90.0,EUR,0.2,720.0,576.0
TXN-DE-3-001253,2026-08-27 13:11:24,2026-08-27 13:15:24,DE,SaaS Platform,D,VIT-002,Vitalis Multivit,Supplement,Vitalis,D2C,7,17.0,EUR,0.1,119.0,107.1
TXN-DE-3-001254,2026-08-27 12:45:30,2026-08-27 12:47:30,DE,SaaS Platform,D,MED-002,Medora Derm Cream,Prescription,Medora,E-commerce,6,26.0,EUR,0.0,156.0,156.0
TXN-DE-3-001255,2026-08-27 23:42:55,2026-08-27 23:46:55,DE,SaaS Platform,D,SAN-001,SanaPlus PainRelief,OTC,SanaPlus,E-commerce,10,9.5,EUR,0.0,95.0,95.0
TXN-DE-3-001256,2026-08-27 17:12:48,2026-08-27 17:18:48,DE,SaaS Platform,D,DER-002,Dermacare LiftCream,Aesthetic,Dermacare,E-commerce,4,37.0,EUR,0.05,148.0,140.6
TXN-DE-3-001257,2026-08-27 20:11:40,2026-08-27 20:12:40,DE,SaaS Platform,D,VIT-002,Vitalis Multivit,Supplement,Vitalis,Pharmacy/B2B,5,17.0,EUR,0.0,85.0,85.0
TXN-DE-3-001258,2026-08-27 11:21:01,2026-08-27 11:23:01,DE,SaaS Platform,D,MED-001,Medora Cardio 10mg,Prescription,Medora,D2C,3,43.0,EUR,0.2,129.0,103.2
TXN-DE-3-001259,2026-08-27 11:20:53,2026-08-27 11:25:53,DE,SaaS Platform,D,VIT-002,Vitalis Multivit,Supplement,Vitalis,Wholesale,7,17.0,EUR,0.1,119.0,107.1
TXN-DE-3-001260,2026-08-27 09:29:04,2026-08-27 09:35:04,DE,SaaS Platform,D,PUR-001,PureLife GlucoMonitor,Medical Device,PureLife,D2C,10,85.0,EUR,0.0,850.0,850.0
TXN-DE-3-001261,2026-08-27 01:32:29,2026-08-27 01:33:29,DE,SaaS Platform,D,DER-001,Dermacare GlowSerum,Aesthetic,Dermacare,Pharmacy/B2B,11,32.0,EUR,0.2,352.0,281.6
TXN-DE-3-001262,2026-08-27 07:04:12,2026-08-27 07:06:12,DE,SaaS Platform,D,VIT-001,Vitalis C1000,Supplement,Vitalis,Wholesale,10,21.0,EUR,0.1,210.0,189.0
TXN-DE-3-001263,2026-08-27 22:22:58,2026-08-27 22:24:58,DE,SaaS Platform,D,MED-002,Medora Derm Cream,Prescription,Medora,D2C,6,26.0,EUR,0.05,156.0,148.2
TXN-DE-3-001264,2026-08-27 15:36:29,2026-08-27 15:38:29,DE,SaaS Platform,D,SAN-002,SanaPlus ColdFlu,OTC,SanaPlus,E-commerce,9,10.5,EUR,0.0,94.5,94.5
TXN-DE-3-001265,2026-08-27 23:03:19,2026-08-27 23:06:19,DE,SaaS Platform,D,MED-002,Medora Derm Cream,Prescription,Medora,Wholesale,5,26.0,EUR,0.15,130.0,110.5
TXN-DE-3-001266,2026-08-27 13:53:34,2026-08-27 13:59:34,DE,SaaS Platform,D,SAN-002,SanaPlus ColdFlu,OTC,SanaPlus,E-commerce,11,10.5,EUR,0.0,115.5,115.5
TXN-DE-3-001267,2026-08-27 03:08:04,2026-08-27 03:13:04,DE,SaaS Platform,D,VIT-002,Vitalis Multivit,Supplement,Vitalis,D2C,11,17.0,EUR,0.0,187.0,187.0
TXN-DE-3-001268,2026-08-27 00:58:36,2026-08-27 01:01:36,DE,SaaS Platform,D,DER-002,Dermacare LiftCream,Aesthetic,Dermacare,Wholesale,12,37.0,EUR,0.0,444.0,444.0
TXN-DE-3-001269,2026-08-27 03:15:02,2026-08-27 03:18:02,DE,SaaS Platform,D,VIT-001,Vitalis C1000,Supplement,Vitalis,D2C,7,21.0,EUR,0.05,147.0,139.65
TXN-DE-3-001270,2026-08-27 06:34:35,2026-08-27 06:39:35,DE,SaaS Platform,D,PUR-001,PureLife GlucoMonitor,Medical Device,PureLife,D2C,3,85.0,EUR,0.0,255.0,255.0
TXN-DE-3-001271,2026-08-27 07:59:38,2026-08-27 08:00:38,DE,SaaS Platform,D,VIT-001,Vitalis C1000,Supplement,Vitalis,Pharmacy/B2B,7,21.0,EUR,0.05,147.0,139.65
TXN-DE-3-001272,2026-08-27 07:05:24,2026-08-27 07:10:24,DE,SaaS Platform,D,MED-001,Medora Cardio 10mg,Prescription,Medora,D2C,8,43.0,EUR,0.05,344.0,326.8
TXN-DE-3-001273,2026-08-27 16:29:08,2026-08-27 16:35:08,DE,SaaS Platform,D,DER-002,Dermacare LiftCream,Aesthetic,Dermacare,E-commerce,10,37.0,EUR,0.0,370.0,370.0
TXN-DE-3-001274,2026-08-27 03:05:38,2026-08-27 03:10:38,DE,SaaS Platform,D,VIT-002,Vitalis Multivit,Supplement,Vitalis,D2C,12,17.0,EUR,0.0,204.0,204.0
TXN-DE-3-001275,2026-08-27 02:05:58,2026-08-27 02:07:58,DE,SaaS Platform,D,PUR-002,PureLife BP Monitor,Medical Device,PureLife,Pharmacy/B2B,2,90.0,EUR,0.0,180.0,180.0
TXN-DE-3-001276,2026-08-27 07:15:51,2026-08-27 07:21:51,DE,SaaS Platform,D,SAN-001,SanaPlus PainRelief,OTC,SanaPlus,Pharmacy/B2B,3,9.5,EUR,0.0,28.5,28.5
TXN-DE-3-001277,2026-08-27 11:58:36,2026-08-27 12:01:36,DE,SaaS Platform,D,PUR-002,PureLife BP Monitor,Medical Device,PureLife,Pharmacy/B2B,12,90.0,EUR,0.05,1080.0,1026.0
TXN-DE-3-001278,2026-08-27 02:26:56,2026-08-27 02:31:56,DE,SaaS Platform,D,PUR-001,PureLife GlucoMonitor,Medical Device,PureLife,Wholesale,3,85.0,EUR,0.0,255.0,255.0
TXN-DE-3-001279,2026-08-27 07:48:05,2026-08-27 07:54:05,DE,SaaS Platform,D,SAN-002,SanaPlus ColdFlu,OTC,SanaPlus,E-commerce,12,10.5,EUR,0.0,126.0,126.0
TXN-DE-3-001280,2026-08-27 08:09:23,2026-08-27 08:11:23,DE,SaaS Platform,D,DER-001,Dermacare GlowSerum,Aesthetic,Dermacare,Wholesale,10,32.0,EUR,0.1,320.0,288.0
TXN-DE-3-001281,2026-08-27 08:53:30,2026-08-27 08:55:30,DE,SaaS Platform,D,PUR-001,PureLife GlucoMonitor,Medical Device,PureLife,Pharmacy/B2B,7,85.0,EUR,0.05,595.0,565.25
TXN-DE-3-001282,2026-08-27 02:58:16,2026-08-27 03:00:16,DE,SaaS Platform,D,DER-001,Dermacare GlowSerum,Aesthetic,Dermacare,Pharmacy/B2B,2,32.0,EUR,0.15,64.0,54.4
TXN-DE-3-001283,2026-08-27 19:22:40,2026-08-27 19:24:40,DE,SaaS Platform,D,SAN-001,SanaPlus PainRelief,OTC,SanaPlus,E-commerce,12,9.5,EUR,0.0,114.0,114.0
TXN-DE-3-001284,2026-08-27 20:01:12,2026-08-27 20:07:12,DE,SaaS Platform,D,VIT-002,Vitalis Multivit,Supplement,Vitalis,E-commerce,6,17.0,EUR,0.0,102.0,102.0
TXN-DE-3-001285,2026-08-27 16:34:57,2026-08-27 16:40:57,DE,SaaS Platform,D,SAN-001,SanaPlus PainRelief,OTC,SanaPlus,D2C,5,9.5,EUR,0.0,47.5,47.5
TXN-DE-3-001286,2026-08-27 22:54:00,2026-08-27 22:58:00,DE,SaaS Platform,D,PUR-002,PureLife BP Monitor,Medical Device,PureLife,E-commerce,6,90.0,EUR,0.1,540.0,486.0
TXN-DE-3-001287,2026-08-27 08:14:37,2026-08-27 08:17:37,DE,SaaS Platform,D,SAN-001,SanaPlus PainRelief,OTC,SanaPlus,Pharmacy/B2B,1,9.5,EUR,0.15,9.5,8.07
TXN-DE-3-001288,2026-08-27 07:11:56,2026-08-27 07:13:56,DE,SaaS Platform,D,DER-001,Dermacare GlowSerum,Aesthetic,Dermacare,Wholesale,9,32.0,EUR,0.1,288.0,259.2
TXN-DE-3-001289,2026-08-27 16:32:06,2026-08-27 16:37:06,DE,SaaS Platform,D,DER-001,Dermacare GlowSerum,Aesthetic,Dermacare,Wholesale,2,32.0,EUR,0.0,64.0,64.0
TXN-DE-3-001290,2026-08-27 08:37:39,2026-08-27 08:38:39,DE,SaaS Platform,D,MED-002,Medora Derm Cream,Prescription,Medora,D2C,5,26.0,EUR,0.0,130.0,130.0
TXN-DE-3-001291,2026-08-27 10:32:02,2026-08-27 10:33:02,DE,SaaS Platform,D,MED-001,Medora Cardio 10mg,Prescription,Medora,D2C,9,43.0,EUR,0.15,387.0,328.95
TXN-DE-3-001292,2026-08-27 15:10:47,2026-08-27 15:15:47,DE,SaaS Platform,D,PUR-002,PureLife BP Monitor,Medical Device,PureLife,Pharmacy/B2B,7,90.0,EUR,0.0,630.0,630.0
TXN-DE-3-001293,2026-08-27 16:38:33,2026-08-27 16:42:33,DE,SaaS Platform,D,DER-001,Dermacare GlowSerum,Aesthetic,Dermacare,Pharmacy/B2B,12,32.0,EUR,0.0,384.0,384.0
TXN-DE-3-001294,2026-08-27 09:16:19,2026-08-27 09:22:19,DE,SaaS Platform,D,PUR-001,PureLife GlucoMonitor,Medical Device,PureLife,Pharmacy/B2B,7,85.0,EUR,0.0,595.0,595.0
TXN-DE-3-001295,2026-08-27 21:07:37,2026-08-27 21:09:37,DE,SaaS Platform,D,DER-002,Dermacare LiftCream,Aesthetic,Dermacare,E-commerce,1,37.0,EUR,0.0,37.0,37.0
TXN-DE-3-001296,2026-08-27 07:44:36,2026-08-27 07:50:36,DE,SaaS Platform,D,MED-002,Medora Derm Cream,Prescription,Medora,Pharmacy/B2B,6,26.0,EUR,0.15,156.0,132.6
TXN-DE-3-001297,2026-08-27 16:43:58,2026-08-27 16:44:58,DE,SaaS Platform,D,DER-001,Dermacare GlowSerum,Aesthetic,Dermacare,D2C,4,32.0,EUR,0.1,128.0,115.2
TXN-DE-3-001298,2026-08-27 03:09:45,2026-08-27 03:15:45,DE,SaaS Platform,D,PUR-001,PureLife GlucoMonitor,Medical Device,PureLife,D2C,7,85.0,EUR,0.1,595.0,535.5
TXN-DE-3-001299,2026-08-27 15:50:40,2026-08-27 15:54:40,DE,SaaS Platform,D,SAN-001,SanaPlus PainRelief,OTC,SanaPlus,D2C,8,9.5,EUR,0.0,76.0,76.0
TXN-DE-3-001300,2026-08-27 18:54:20,2026-08-27 18:58:20,DE,SaaS Platform,D,VIT-001,Vitalis C1000,Supplement,Vitalis,Pharmacy/B2B,9,21.0,EUR,0.05,189.0,179.55
TXN-DE-3-001301,2026-08-27 12:02:06,2026-08-27 12:05:06,DE,SaaS Platform,D,MED-001,Medora Cardio 10mg,Prescription,Medora,Wholesale,6,43.0,EUR,0.05,258.0,245.1
TXN-DE-3-001302,2026-08-27 00:14:52,2026-08-27 00:20:52,DE,SaaS Platform,D,VIT-001,Vitalis C1000,Supplement,Vitalis,E-commerce,5,21.0,EUR,0.0,105.0,105.0
TXN-DE-3-001303,2026-08-27 20:13:07,2026-08-27 20:16:07,DE,SaaS Platform,D,VIT-001,Vitalis C1000,Supplement,Vitalis,Wholesale,8,21.0,EUR,0.2,168.0,134.4
TXN-DE-3-001304,2026-08-27 04:28:50,2026-08-27 04:30:50,DE,SaaS Platform,D,MED-001,Medora Cardio 10mg,Prescription,Medora,D2C,10,43.0,EUR,0.2,430.0,344.0
TXN-DE-3-001305,2026-08-27 17:07:02,2026-08-27 17:11:02,DE,SaaS Platform,D,MED-002,Medora Derm Cream,Prescription,Medora,Pharmacy/B2B,2,26.0,EUR,0.0,52.0,52.0
TXN-DE-3-001306,2026-08-27 13:35:10,2026-08-27 13:36:10,DE,SaaS Platform,D,VIT-002,Vitalis Multivit,Supplement,Vitalis,E-commerce,5,17.0,EUR,0.0,85.0,85.0
TXN-DE-3-001307,2026-08-27 06:10:36,2026-08-27 06:12:36,DE,SaaS Platform,D,MED-002,Medora Derm Cream,Prescription,Medora,D2C,1,26.0,EUR,0.15,26.0,22.1
TXN-DE-3-001308,2026-08-27 07:33:39,2026-08-27 07:35:39,DE,SaaS Platform,D,DER-002,Dermacare LiftCream,Aesthetic,Dermacare,Wholesale,8,37.0,EUR,0.15,296.0,251.6
TXN-DE-3-001309,2026-08-27 09:18:28,2026-08-27 09:24:28,DE,SaaS Platform,D,DER-002,Dermacare LiftCream,Aesthetic,Dermacare,D2C,7,37.0,EUR,0.05,259.0,246.05
TXN-DE-3-001310,2026-08-27 08:38:06,2026-08-27 08:44:06,DE,SaaS Platform,D,PUR-001,PureLife GlucoMonitor,Medical Device,PureLife,Wholesale,12,85.0,EUR,0.0,1020.0,1020.0
TXN-DE-3-001311,2026-08-27 00:18:02,2026-08-27 00:19:02,DE,SaaS Platform,D,VIT-002,Vitalis Multivit,Supplement,Vitalis,E-commerce,1,17.0,EUR,0.05,17.0,16.15
TXN-DE-3-001312,2026-08-27 14:25:02,2026-08-27 14:27:02,DE,SaaS Platform,D,MED-002,Medora Derm Cream,Prescription,Medora,Wholesale,11,26.0,EUR,0.05,286.0,271.7
TXN-DE-3-001313,2026-08-27 04:07:40,2026-08-27 04:13:40,DE,SaaS Platform,D,VIT-001,Vitalis C1000,Supplement,Vitalis,E-commerce,9,21.0,EUR,0.0,189.0,189.0
TXN-DE-3-001314,2026-08-27 10:48:52,2026-08-27 10:54:52,DE,SaaS Platform,D,SAN-001,SanaPlus PainRelief,OTC,SanaPlus,E-commerce,5,9.5,EUR,0.2,47.5,38.0
TXN-DE-3-001315,2026-08-27 04:18:19,2026-08-27 04:22:19,DE,SaaS Platform,D,DER-001,Dermacare GlowSerum,Aesthetic,Dermacare,Pharmacy/B2B,8,32.0,EUR,0.0,256.0,256.0
TXN-DE-3-001316,2026-08-27 21:43:20,2026-08-27 21:49:20,DE,SaaS Platform,D,PUR-002,PureLife BP Monitor,Medical Device,PureLife,D2C,6,90.0,EUR,0.0,540.0,540.0
TXN-DE-3-001317,2026-08-27 10:24:28,2026-08-27 10:27:28,DE,SaaS Platform,D,DER-002,Dermacare LiftCream,Aesthetic,Dermacare,D2C,7,37.0,EUR,0.1,259.0,233.1
TXN-DE-3-001318,2026-08-27 08:13:29,2026-08-27 08:16:29,DE,SaaS Platform,D,PUR-001,PureLife GlucoMonitor,Medical Device,PureLife,E-commerce,11,85.0,EUR,0.0,935.0,935.0
TXN-DE-3-001319,2026-08-27 16:16:16,2026-08-27 16:20:16,DE,SaaS Platform,D,PUR-001,PureLife GlucoMonitor,Medical Device,PureLife,E-commerce,5,85.0,EUR,0.1,425.0,382.5
TXN-DE-3-001320,2026-08-27 09:09:07,2026-08-27 09:15:07,DE,SaaS Platform,D,VIT-002,Vitalis Multivit,Supplement,Vitalis,E-commerce,4,17.0,EUR,0.0,68.0,68.0
TXN-DE-3-001321,2026-08-27 14:39:15,2026-08-27 14:41:15,DE,SaaS Platform,D,SAN-001,SanaPlus PainRelief,OTC,SanaPlus,Pharmacy/B2B,1,9.5,EUR,0.0,9.5,9.5
TXN-DE-3-001322,2026-08-27 03:35:29,2026-08-27 03:40:29,DE,SaaS Platform,D,MED-001,Medora Cardio 10mg,Prescription,Medora,E-commerce,9,43.0,EUR,0.05,387.0,367.65
TXN-DE-3-001323,2026-08-27 23:39:23,2026-08-27 23:43:23,DE,SaaS Platform,D,MED-002,Medora Derm Cream,Prescription,Medora,D2C,8,26.0,EUR,0.0,208.0,208.0
TXN-DE-3-001324,2026-08-27 07:35:45,2026-08-27 07:37:45,DE,SaaS Platform,D,VIT-001,Vitalis C1000,Supplement,Vitalis,Pharmacy/B2B,11,21.0,EUR,0.05,231.0,219.45
TXN-DE-3-001325,2026-08-27 07:16:50,2026-08-27 07:22:50,DE,SaaS Platform,D,VIT-002,Vitalis Multivit,Supplement,Vitalis,D2C,11,17.0,EUR,0.0,187.0,187.0
TXN-DE-3-001326,2026-08-27 10:13:29,2026-08-27 10:14:29,DE,SaaS Platform,D,MED-001,Medora Cardio 10mg,Prescription,Medora,E-commerce,12,43.0,EUR,0.15,516.0,438.6
TXN-DE-3-001327,2026-08-27 09:25:20,2026-08-27 09:31:20,DE,SaaS Platform,D,SAN-002,SanaPlus ColdFlu,OTC,SanaPlus,D2C,12,10.5,EUR,0.15,126.0,107.1
TXN-DE-3-001328,2026-08-27 12:34:03,2026-08-27 12:35:03,DE,SaaS Platform,D,MED-002,Medora Derm Cream,Prescription,Medora,D2C,6,26.0,EUR,0.0,156.0,156.0
TXN-DE-3-001329,2026-08-27 02:03:23,2026-08-27 02:09:23,DE,SaaS Platform,D,DER-002,Dermacare LiftCream,Aesthetic,Dermacare,E-commerce,1,37.0,EUR,0.0,37.0,37.0
TXN-DE-3-001330,2026-08-27 06:20:55,2026-08-27 06:22:55,DE,SaaS Platform,D,PUR-002,PureLife BP Monitor,Medical Device,PureLife,Pharmacy/B2B,1,90.0,EUR,0.15,90.0,76.5
TXN-DE-3-001331,2026-08-27 16:02:43,2026-08-27 16:06:43,DE,SaaS Platform,D,VIT-002,Vitalis Multivit,Supplement,Vitalis,Wholesale,11,17.0,EUR,0.15,187.0,158.95
TXN-DE-3-001332,2026-08-27 15:47:09,2026-08-27 15:50:09,DE,SaaS Platform,D,SAN-002,SanaPlus ColdFlu,OTC,SanaPlus,D2C,1,10.5,EUR,0.2,10.5,8.4
TXN-DE-3-001333,2026-08-27 10:29:27,2026-08-27 10:32:27,DE,SaaS Platform,D,DER-001,Dermacare GlowSerum,Aesthetic,Dermacare,E-commerce,3,32.0,EUR,0.2,96.0,76.8
TXN-DE-3-001334,2026-08-27 00:26:54,2026-08-27 00:32:54,DE,SaaS Platform,D,VIT-002,Vitalis Multivit,Supplement,Vitalis,Wholesale,10,17.0,EUR,0.1,170.0,153.0
TXN-DE-3-001335,2026-08-27 21:32:39,2026-08-27 21:35:39,DE,SaaS Platform,D,DER-002,Dermacare LiftCream,Aesthetic,Dermacare,D2C,4,37.0,EUR,0.2,148.0,118.4
TXN-DE-3-001336,2026-08-27 18:47:51,2026-08-27 18:48:51,DE,SaaS Platform,D,VIT-001,Vitalis C1000,Supplement,Vitalis,Pharmacy/B2B,12,21.0,EUR,0.2,252.0,201.6
TXN-DE-3-001337,2026-08-27 06:45:58,2026-08-27 06:51:58,DE,SaaS Platform,D,MED-001,Medora Cardio 10mg,Prescription,Medora,E-commerce,9,43.0,EUR,0.2,387.0,309.6
TXN-DE-3-001338,2026-08-27 01:52:51,2026-08-27 01:54:51,DE,SaaS Platform,D,MED-002,Medora Derm Cream,Prescription,Medora,E-commerce,3,26.0,EUR,0.15,78.0,66.3
TXN-DE-3-001339,2026-08-27 14:42:51,2026-08-27 14:45:51,DE,SaaS Platform,D,MED-001,Medora Cardio 10mg,Prescription,Medora,Pharmacy/B2B,12,43.0,EUR,0.0,516.0,516.0
TXN-DE-3-001340,2026-08-27 14:19:41,2026-08-27 14:23:41,DE,SaaS Platform,D,VIT-001,Vitalis C1000,Supplement,Vitalis,E-commerce,8,21.0,EUR,0.1,168.0,151.2
TXN-DE-3-001341,2026-08-27 23:32:21,2026-08-27 23:38:21,DE,SaaS Platform,D,VIT-002,Vitalis Multivit,Supplement,Vitalis,Pharmacy/B2B,9,17.0,EUR,0.0,153.0,153.0
TXN-DE-3-001342,2026-08-27 13:00:52,2026-08-27 13:03:52,DE,SaaS Platform,D,SAN-002,SanaPlus ColdFlu,OTC,SanaPlus,Pharmacy/B2B,8,10.5,EUR,0.1,84.0,75.6
TXN-DE-3-001343,2026-08-27 15:28:18,2026-08-27 15:29:18,DE,SaaS Platform,D,VIT-002,Vitalis Multivit,Supplement,Vitalis,Pharmacy/B2B,9,17.0,EUR,0.0,153.0,153.0
TXN-DE-3-001344,2026-08-27 18:41:59,2026-08-27 18:47:59,DE,SaaS Platform,D,SAN-002,SanaPlus ColdFlu,OTC,SanaPlus,Pharmacy/B2B,11,10.5,EUR,0.0,115.5,115.5
TXN-DE-3-001345,2026-08-27 04:11:55,2026-08-27 04:17:55,DE,SaaS Platform,D,DER-002,Dermacare LiftCream,Aesthetic,Dermacare,Wholesale,12,37.0,EUR,0.1,444.0,399.6
TXN-DE-3-001346,2026-08-27 06:11:50,2026-08-27 06:12:50,DE,SaaS Platform,D,PUR-002,PureLife BP Monitor,Medical Device,PureLife,Pharmacy/B2B,8,90.0,EUR,0.0,720.0,720.0
TXN-DE-3-001347,2026-08-27 16:42:55,2026-08-27 16:47:55,DE,SaaS Platform,D,MED-001,Medora Cardio 10mg,Prescription,Medora,Pharmacy/B2B,11,43.0,EUR,0.1,473.0,425.7
TXN-DE-3-001348,2026-08-27 13:11:49,2026-08-27 13:13:49,DE,SaaS Platform,D,SAN-002,SanaPlus ColdFlu,OTC,SanaPlus,D2C,7,10.5,EUR,0.0,73.5,73.5
TXN-DE-3-001349,2026-08-27 01:19:15,2026-08-27 01:25:15,DE,SaaS Platform,D,PUR-001,PureLife GlucoMonitor,Medical Device,PureLife,Wholesale,5,85.0,EUR,0.05,425.0,403.75
TXN-DE-3-001350,2026-08-27 20:51:44,2026-08-27 20:55:44,DE,SaaS Platform,D,VIT-001,Vitalis C1000,Supplement,Vitalis,D2C,4,21.0,EUR,0.2,84.0,67.2
TXN-DE-3-001351,2026-08-27 10:05:27,2026-08-27 10:06:27,DE,SaaS Platform,D,VIT-002,Vitalis Multivit,Supplement,Vitalis,D2C,10,17.0,EUR,0.1,170.0,153.0
TXN-DE-3-001352,2026-08-27 22:03:33,2026-08-27 22:09:33,DE,SaaS Platform,D,VIT-001,Vitalis C1000,Supplement,Vitalis,D2C,6,21.0,EUR,0.0,126.0,126.0
TXN-DE-3-001353,2026-08-27 21:20:00,2026-08-27 21:23:00,DE,SaaS Platform,D,PUR-002,PureLife BP Monitor,Medical Device,PureLife,D2C,3,90.0,EUR,0.1,270.0,243.0
TXN-DE-3-001354,2026-08-27 22:27:22,2026-08-27 22:29:22,DE,SaaS Platform,D,MED-002,Medora Derm Cream,Prescription,Medora,Wholesale,12,26.0,EUR,0.05,312.0,296.4
TXN-DE-3-001355,2026-08-27 04:54:38,2026-08-27 04:56:38,DE,SaaS Platform,D,VIT-002,Vitalis Multivit,Supplement,Vitalis,D2C,1,17.0,EUR,0.0,17.0,17.0
TXN-DE-3-001356,2026-08-27 19:56:19,2026-08-27 20:00:19,DE,SaaS Platform,D,PUR-002,PureLife BP Monitor,Medical Device,PureLife,D2C,8,90.0,EUR,0.0,720.0,720.0
TXN-DE-3-001357,2026-08-27 15:28:12,2026-08-27 15:30:12,DE,SaaS Platform,D,DER-002,Dermacare LiftCream,Aesthetic,Dermacare,D2C,10,37.0,EUR,0.1,370.0,333.0
TXN-DE-3-001358,2026-08-27 11:49:13,2026-08-27 11:51:13,DE,SaaS Platform,D,VIT-001,Vitalis C1000,Supplement,Vitalis,D2C,12,21.0,EUR,0.05,252.0,239.4
TXN-DE-3-001359,2026-08-27 13:59:44,2026-08-27 14:04:44,DE,SaaS Platform,D,PUR-002,PureLife BP Monitor,Medical Device,PureLife,Wholesale,8,90.0,EUR,0.05,720.0,684.0
TXN-DE-3-001360,2026-08-27 02:38:50,2026-08-27 02:40:50,DE,SaaS Platform,D,DER-001,Dermacare GlowSerum,Aesthetic,Dermacare,Pharmacy/B2B,8,32.0,EUR,0.0,256.0,256.0
TXN-DE-3-001361,2026-08-27 14:48:22,2026-08-27 14:53:22,DE,SaaS Platform,D,DER-001,Dermacare GlowSerum,Aesthetic,Dermacare,D2C,5,32.0,EUR,0.0,160.0,160.0
TXN-DE-3-001362,2026-08-27 22:56:12,2026-08-27 22:58:12,DE,SaaS Platform,D,SAN-002,SanaPlus ColdFlu,OTC,SanaPlus,Wholesale,9,10.5,EUR,0.05,94.5,89.77
TXN-DE-3-001363,2026-08-27 10:53:16,2026-08-27 10:59:16,DE,SaaS Platform,D,VIT-001,Vitalis C1000,Supplement,Vitalis,Pharmacy/B2B,3,21.0,EUR,0.1,63.0,56.7
TXN-DE-3-001364,2026-08-27 07:18:23,2026-08-27 07:19:23,DE,SaaS Platform,D,SAN-001,SanaPlus PainRelief,OTC,SanaPlus,E-commerce,2,9.5,EUR,0.0,19.0,19.0
TXN-DE-3-001365,2026-08-27 08:25:35,2026-08-27 08:26:35,DE,SaaS Platform,D,MED-002,Medora Derm Cream,Prescription,Medora,E-commerce,2,26.0,EUR,0.2,52.0,41.6
TXN-DE-3-001366,2026-08-27 12:56:50,2026-08-27 12:59:50,DE,SaaS Platform,D,MED-001,Medora Cardio 10mg,Prescription,Medora,Pharmacy/B2B,2,43.0,EUR,0.05,86.0,81.7
TXN-DE-3-001367,2026-08-27 23:00:47,2026-08-27 23:05:47,DE,SaaS Platform,D,VIT-001,Vitalis C1000,Supplement,Vitalis,E-commerce,6,21.0,EUR,0.2,126.0,100.8
TXN-DE-3-001368,2026-08-27 15:37:57,2026-08-27 15:41:57,DE,SaaS Platform,D,SAN-001,SanaPlus PainRelief,OTC,SanaPlus,Pharmacy/B2B,9,9.5,EUR,0.05,85.5,81.22
TXN-DE-3-001369,2026-08-27 09:40:01,2026-08-27 09:42:01,DE,SaaS Platform,D,PUR-002,PureLife BP Monitor,Medical Device,PureLife,D2C,12,90.0,EUR,0.2,1080.0,864.0
TXN-DE-3-001370,2026-08-27 20:02:33,2026-08-27 20:07:33,DE,SaaS Platform,D,MED-001,Medora Cardio 10mg,Prescription,Medora,Wholesale,5,43.0,EUR,0.15,215.0,182.75
TXN-DE-3-001371,2026-08-27 01:41:20,2026-08-27 01:45:20,DE,SaaS Platform,D,PUR-001,PureLife GlucoMonitor,Medical Device,PureLife,D2C,9,85.0,EUR,0.0,765.0,765.0
TXN-DE-3-001372,2026-08-27 22:57:42,2026-08-27 23:01:42,DE,SaaS Platform,D,PUR-002,PureLife BP Monitor,Medical Device,PureLife,D2C,4,90.0,EUR,0.0,360.0,360.0
TXN-DE-3-001373,2026-08-27 23:15:02,2026-08-27 23:20:02,DE,SaaS Platform,D,SAN-002,SanaPlus ColdFlu,OTC,SanaPlus,Wholesale,10,10.5,EUR,0.0,105.0,105.0
TXN-DE-3-001374,2026-08-27 18:48:11,2026-08-27 18:50:11,DE,SaaS Platform,D,VIT-002,Vitalis Multivit,Supplement,Vitalis,E-commerce,5,17.0,EUR,0.05,85.0,80.75
TXN-DE-3-001375,2026-08-27 02:30:28,2026-08-27 02:31:28,DE,SaaS Platform,D,SAN-001,SanaPlus PainRelief,OTC,SanaPlus,Wholesale,3,9.5,EUR,0.15,28.5,24.22
TXN-DE-3-001376,2026-08-27 16:16:25,2026-08-27 16:20:25,DE,SaaS Platform,D,VIT-001,Vitalis C1000,Supplement,Vitalis,Pharmacy/B2B,9,21.0,EUR,0.15,189.0,160.65
TXN-DE-3-001377,2026-08-27 01:50:47,2026-08-27 01:54:47,DE,SaaS Platform,D,PUR-002,PureLife BP Monitor,Medical Device,PureLife,D2C,9,90.0,EUR,0.2,810.0,648.0
TXN-DE-3-001378,2026-08-27 07:10:23,2026-08-27 07:13:23,DE,SaaS Platform,D,SAN-002,SanaPlus ColdFlu,OTC,SanaPlus,E-commerce,9,10.5,EUR,0.0,94.5,94.5
TXN-DE-3-001379,2026-08-27 00:32:03,2026-08-27 00:36:03,DE,SaaS Platform,D,DER-001,Dermacare GlowSerum,Aesthetic,Dermacare,Wholesale,2,32.0,EUR,0.0,64.0,64.0
TXN-DE-3-001380,2026-08-27 20:10:13,2026-08-27 20:11:13,DE,SaaS Platform,D,DER-001,Dermacare GlowSerum,Aesthetic,Dermacare,D2C,2,32.0,EUR,0.0,64.0,64.0
TXN-DE-3-001381,2026-08-27 06:41:48,2026-08-27 06:47:48,DE,SaaS Platform,D,MED-001,Medora Cardio 10mg,Prescription,Medora,Wholesale,4,43.0,EUR,0.2,172.0,137.6
TXN-DE-3-001382,2026-08-27 23:02:45,2026-08-27 23:05:45,DE,SaaS Platform,D,PUR-001,PureLife GlucoMonitor,Medical Device,PureLife,Wholesale,10,85.0,EUR,0.0,850.0,850.0
TXN-DE-3-001383,2026-08-27 02:40:30,2026-08-27 02:42:30,DE,SaaS Platform,D,PUR-002,PureLife BP Monitor,Medical Device,PureLife,D2C,10,90.0,EUR,0.0,900.0,900.0
TXN-DE-3-001384,2026-08-27 15:28:59,2026-08-27 15:29:59,DE,SaaS Platform,D,VIT-002,Vitalis Multivit,Supplement,Vitalis,Pharmacy/B2B,6,17.0,EUR,0.15,102.0,86.7
TXN-DE-3-001385,2026-08-27 06:01:52,2026-08-27 06:02:52,DE,SaaS Platform,D,SAN-002,SanaPlus ColdFlu,OTC,SanaPlus,E-commerce,6,10.5,EUR,0.15,63.0,53.55
TXN-DE-3-001386,2026-08-27 17:17:03,2026-08-27 17:20:03,DE,SaaS Platform,D,MED-002,Medora Derm Cream,Prescription,Medora,E-commerce,3,26.0,EUR,0.2,78.0,62.4
TXN-DE-3-001387,2026-08-27 21:05:31,2026-08-27 21:06:31,DE,SaaS Platform,D,SAN-002,SanaPlus ColdFlu,OTC,SanaPlus,E-commerce,5,10.5,EUR,0.15,52.5,44.62
TXN-DE-3-001388,2026-08-27 15:47:39,2026-08-27 15:48:39,DE,SaaS Platform,D,PUR-002,PureLife BP Monitor,Medical Device,PureLife,Pharmacy/B2B,10,90.0,EUR,0.2,900.0,720.0
TXN-DE-3-001389,2026-08-27 19:32:26,2026-08-27 19:36:26,DE,SaaS Platform,D,PUR-001,PureLife GlucoMonitor,Medical Device,PureLife,Wholesale,6,85.0,EUR,0.1,510.0,459.0
TXN-DE-3-001390,2026-08-27 04:49:11,2026-08-27 04:53:11,DE,SaaS Platform,D,VIT-002,Vitalis Multivit,Supplement,Vitalis,D2C,11,17.0,EUR,0.05,187.0,177.65
TXN-DE-3-001391,2026-08-27 06:31:18,2026-08-27 06:33:18,DE,SaaS Platform,D,VIT-001,Vitalis C1000,Supplement,Vitalis,Wholesale,2,21.0,EUR,0.0,42.0,42.0
TXN-DE-3-001392,2026-08-27 00:21:23,2026-08-27 00:23:23,DE,SaaS Platform,D,DER-002,Dermacare LiftCream,Aesthetic,Dermacare,Pharmacy/B2B,4,37.0,EUR,0.0,148.0,148.0
TXN-DE-3-001393,2026-08-27 11:06:39,2026-08-27 11:09:39,DE,SaaS Platform,D,VIT-001,Vitalis C1000,Supplement,Vitalis,D2C,12,21.0,EUR,0.0,252.0,252.0
TXN-DE-3-001394,2026-08-27 02:03:45,2026-08-27 02:09:45,DE,SaaS Platform,D,MED-002,Medora Derm Cream,Prescription,Medora,Pharmacy/B2B,1,26.0,EUR,0.2,26.0,20.8
TXN-DE-3-001395,2026-08-27 21:53:40,2026-08-27 21:54:40,DE,SaaS Platform,D,MED-001,Medora Cardio 10mg,Prescription,Medora,D2C,4,43.0,EUR,0.15,172.0,146.2
TXN-DE-3-001396,2026-08-27 16:00:24,2026-08-27 16:01:24,DE,SaaS Platform,D,PUR-002,PureLife BP Monitor,Medical Device,PureLife,Wholesale,11,90.0,EUR,0.15,990.0,841.5
TXN-DE-3-001397,2026-08-27 04:21:57,2026-08-27 04:25:57,DE,SaaS Platform,D,VIT-001,Vitalis C1000,Supplement,Vitalis,E-commerce,9,21.0,EUR,0.1,189.0,170.1
TXN-DE-3-001398,2026-08-27 07:47:12,2026-08-27 07:49:12,DE,SaaS Platform,D,VIT-001,Vitalis C1000,Supplement,Vitalis,E-commerce,8,21.0,EUR,0.0,168.0,168.0
TXN-DE-3-001399,2026-08-27 15:18:04,2026-08-27 15:19:04,DE,SaaS Platform,D,VIT-001,Vitalis C1000,Supplement,Vitalis,E-commerce,1,21.0,EUR,0.05,21.0,19.95
TXN-DE-3-001400,2026-08-27 01:56:42,2026-08-27 02:00:42,DE,SaaS Platform,D,VIT-002,Vitalis Multivit,Supplement,Vitalis,Pharmacy/B2B,10,17.0,EUR,0.05,170.0,161.5
TXN-DE-3-001401,2026-08-27 02:21:05,2026-08-27 02:25:05,DE,SaaS Platform,D,SAN-002,SanaPlus ColdFlu,OTC,SanaPlus,Wholesale,7,10.5,EUR,0.0,73.5,73.5
TXN-DE-3-001402,2026-08-27 18:44:28,2026-08-27 18:46:28,DE,SaaS Platform,D,DER-002,Dermacare LiftCream,Aesthetic,Dermacare,Wholesale,8,37.0,EUR,0.0,296.0,296.0
TXN-DE-3-001403,2026-08-27 13:53:02,2026-08-27 13:57:02,DE,SaaS Platform,D,VIT-002,Vitalis Multivit,Supplement,Vitalis,Wholesale,7,17.0,EUR,0.0,119.0,119.0
TXN-DE-3-001404,2026-08-27 16:25:15,2026-08-27 16:27:15,DE,SaaS Platform,D,VIT-002,Vitalis Multivit,Supplement,Vitalis,D2C,5,17.0,EUR,0.05,85.0,80.75
TXN-DE-3-001405,2026-08-27 05:09:03,2026-08-27 05:15:03,DE,SaaS Platform,D,SAN-001,SanaPlus PainRelief,OTC,SanaPlus,Pharmacy/B2B,2,9.5,EUR,0.1,19.0,17.1
TXN-DE-3-001406,2026-08-27 21:48:45,2026-08-27 21:49:45,DE,SaaS Platform,D,SAN-002,SanaPlus ColdFlu,OTC,SanaPlus,Pharmacy/B2B,1,10.5,EUR,0.1,10.5,9.45
TXN-DE-3-001407,2026-08-27 12:16:11,2026-08-27 12:20:11,DE,SaaS Platform,D,PUR-001,PureLife GlucoMonitor,Medical Device,PureLife,Wholesale,2,85.0,EUR,0.0,170.0,170.0
TXN-DE-3-001408,2026-08-27 13:29:18,2026-08-27 13:32:18,DE,SaaS Platform,D,VIT-002,Vitalis Multivit,Supplement,Vitalis,D2C,2,17.0,EUR,0.15,34.0,28.9
TXN-DE-3-001409,2026-08-27 08:38:12,2026-08-27 08:41:12,DE,SaaS Platform,D,PUR-002,PureLife BP Monitor,Medical Device,PureLife,E-commerce,1,90.0,EUR,0.05,90.0,85.5
TXN-DE-3-001410,2026-08-27 14:25:47,2026-08-27 14:29:47,DE,SaaS Platform,D,DER-002,Dermacare LiftCream,Aesthetic,Dermacare,Wholesale,9,37.0,EUR,0.0,333.0,333.0
TXN-DE-3-001411,2026-08-27 04:50:18,2026-08-27 04:54:18,DE,SaaS Platform,D,SAN-002,SanaPlus ColdFlu,OTC,SanaPlus,D2C,11,10.5,EUR,0.15,115.5,98.17
TXN-DE-3-001412,2026-08-27 14:07:54,2026-08-27 14:11:54,DE,SaaS Platform,D,VIT-001,Vitalis C1000,Supplement,Vitalis,E-commerce,5,21.0,EUR,0.0,105.0,105.0
TXN-DE-3-001413,2026-08-27 21:47:43,2026-08-27 21:51:43,DE,SaaS Platform,D,VIT-001,Vitalis C1000,Supplement,Vitalis,E-commerce,8,21.0,EUR,0.1,168.0,151.2
TXN-DE-3-001414,2026-08-27 17:09:02,2026-08-27 17:13:02,DE,SaaS Platform,D,MED-002,Medora Derm Cream,Prescription,Medora,Wholesale,1,26.0,EUR,0.0,26.0,26.0
TXN-DE-3-001415,2026-08-27 17:22:21,2026-08-27 17:23:21,DE,SaaS Platform,D,PUR-001,PureLife GlucoMonitor,Medical Device,PureLife,Pharmacy/B2B,1,85.0,EUR,0.1,85.0,76.5
TXN-DE-3-001416,2026-08-27 02:44:11,2026-08-27 02:46:11,DE,SaaS Platform,D,SAN-001,SanaPlus PainRelief,OTC,SanaPlus,E-commerce,5,9.5,EUR,0.0,47.5,47.5
TXN-DE-3-001417,2026-08-27 21:17:50,2026-08-27 21:21:50,DE,SaaS Platform,D,DER-001,Dermacare GlowSerum,Aesthetic,Dermacare,D2C,4,32.0,EUR,0.0,128.0,128.0
TXN-DE-3-001418,2026-08-27 05:35:05,2026-08-27 05:36:05,DE,SaaS Platform,D,PUR-001,PureLife GlucoMonitor,Medical Device,PureLife,D2C,2,85.0,EUR,0.1,170.0,153.0
TXN-DE-3-001419,2026-08-27 05:32:24,2026-08-27 05:33:24,DE,SaaS Platform,D,DER-001,Dermacare GlowSerum,Aesthetic,Dermacare,D2C,3,32.0,EUR,0.0,96.0,96.0
TXN-DE-3-001420,2026-08-27 00:24:39,2026-08-27 00:25:39,DE,SaaS Platform,D,PUR-002,PureLife BP Monitor,Medical Device,PureLife,Pharmacy/B2B,10,90.0,EUR,0.1,900.0,810.0
TXN-DE-3-001421,2026-08-27 16:14:14,2026-08-27 16:20:14,DE,SaaS Platform,D,PUR-001,PureLife GlucoMonitor,Medical Device,PureLife,Wholesale,10,85.0,EUR,0.05,850.0,807.5
TXN-DE-3-001422,2026-08-27 05:45:48,2026-08-27 05:50:48,DE,SaaS Platform,D,MED-001,Medora Cardio 10mg,Prescription,Medora,D2C,8,43.0,EUR,0.1,344.0,309.6
TXN-DE-3-001423,2026-08-27 04:07:55,2026-08-27 04:13:55,DE,SaaS Platform,D,MED-001,Medora Cardio 10mg,Prescription,Medora,Pharmacy/B2B,1,43.0,EUR,0.0,43.0,43.0
TXN-DE-3-001424,2026-08-27 13:27:01,2026-08-27 13:29:01,DE,SaaS Platform,D,MED-001,Medora Cardio 10mg,Prescription,Medora,D2C,9,43.0,EUR,0.0,387.0,387.0
TXN-DE-3-001425,2026-08-27 17:28:43,2026-08-27 17:32:43,DE,SaaS Platform,D,PUR-002,PureLife BP Monitor,Medical Device,PureLife,Wholesale,12,90.0,EUR,0.0,1080.0,1080.0
TXN-DE-3-001426,2026-08-27 21:51:44,2026-08-27 21:55:44,DE,SaaS Platform,D,MED-002,Medora Derm Cream,Prescription,Medora,Wholesale,5,26.0,EUR,0.05,130.0,123.5
TXN-DE-3-001427,2026-08-27 22:35:17,2026-08-27 22:41:17,DE,SaaS Platform,D,PUR-002,PureLife BP Monitor,Medical Device,PureLife,Pharmacy/B2B,10,90.0,EUR,0.05,900.0,855.0
TXN-DE-3-001428,2026-08-27 10:22:43,2026-08-27 10:24:43,DE,SaaS Platform,D,VIT-001,Vitalis C1000,Supplement,Vitalis,E-commerce,6,21.0,EUR,0.0,126.0,126.0
TXN-DE-3-001429,2026-08-27 06:01:46,2026-08-27 06:06:46,DE,SaaS Platform,D,MED-002,Medora Derm Cream,Prescription,Medora,E-commerce,11,26.0,EUR,0.1,286.0,257.4
TXN-DE-3-001430,2026-08-27 08:11:17,2026-08-27 08:17:17,DE,SaaS Platform,D,MED-001,Medora Cardio 10mg,Prescription,Medora,E-commerce,4,43.0,EUR,0.1,172.0,154.8
TXN-DE-3-001431,2026-08-27 05:50:41,2026-08-27 05:56:41,DE,SaaS Platform,D,PUR-002,PureLife BP Monitor,Medical Device,PureLife,Pharmacy/B2B,5,90.0,EUR,0.1,450.0,405.0
TXN-DE-3-001432,2026-08-27 15:35:59,2026-08-27 15:39:59,DE,SaaS Platform,D,VIT-002,Vitalis Multivit,Supplement,Vitalis,E-commerce,2,17.0,EUR,0.0,34.0,34.0
TXN-DE-3-001433,2026-08-27 14:39:35,2026-08-27 14:40:35,DE,SaaS Platform,D,MED-001,Medora Cardio 10mg,Prescription,Medora,Wholesale,3,43.0,EUR,0.0,129.0,129.0
TXN-DE-3-001434,2026-08-27 13:11:02,2026-08-27 13:16:02,DE,SaaS Platform,D,SAN-001,SanaPlus PainRelief,OTC,SanaPlus,Pharmacy/B2B,6,9.5,EUR,0.1,57.0,51.3
TXN-DE-3-001435,2026-08-27 15:50:21,2026-08-27 15:56:21,DE,SaaS Platform,D,PUR-002,PureLife BP Monitor,Medical Device,PureLife,Pharmacy/B2B,11,90.0,EUR,0.1,990.0,891.0
TXN-DE-3-001436,2026-08-27 11:42:59,2026-08-27 11:46:59,DE,SaaS Platform,D,VIT-002,Vitalis Multivit,Supplement,Vitalis,E-commerce,11,17.0,EUR,0.2,187.0,149.6
TXN-DE-3-001437,2026-08-27 18:17:10,2026-08-27 18:23:10,DE,SaaS Platform,D,DER-001,Dermacare GlowSerum,Aesthetic,Dermacare,D2C,2,32.0,EUR,0.05,64.0,60.8
TXN-DE-3-001438,2026-08-27 01:15:51,2026-08-27 01:18:51,DE,SaaS Platform,D,PUR-001,PureLife GlucoMonitor,Medical Device,PureLife,Wholesale,10,85.0,EUR,0.2,850.0,680.0
TXN-DE-3-001439,2026-08-27 04:07:35,2026-08-27 04:09:35,DE,SaaS Platform,D,PUR-002,PureLife BP Monitor,Medical Device,PureLife,Pharmacy/B2B,7,90.0,EUR,0.0,630.0,630.0
TXN-DE-3-001440,2026-08-27 19:36:47,2026-08-27 19:38:47,DE,SaaS Platform,D,PUR-001,PureLife GlucoMonitor,Medical Device,PureLife,E-commerce,2,85.0,EUR,0.0,170.0,170.0
TXN-DE-3-001441,2026-08-27 08:04:36,2026-08-27 08:07:36,DE,SaaS Platform,D,PUR-002,PureLife BP Monitor,Medical Device,PureLife,Pharmacy/B2B,11,90.0,EUR,0.05,990.0,940.5
TXN-DE-3-001442,2026-08-27 03:50:22,2026-08-27 03:52:22,DE,SaaS Platform,D,DER-001,Dermacare GlowSerum,Aesthetic,Dermacare,D2C,8,32.0,EUR,0.0,256.0,256.0
