transaction_id,order_datetime_utc,ingested_at_utc,country,source_system,source_scenario,product_code,product_name,product_category,brand,sales_channel,quantity,unit_price,currency,discount_pct,gross_amount,net_amount
TXN-GB-3-000001,2026-08-27 11:45:21,2026-08-27 11:50:21,GB,Legacy Oracle EBS,E,SAN-001,SanaPlus PainRelief,OTC,SanaPlus,E-commerce,12,8.12,GBP,0.2,97.44,77.95
TXN-GB-3-000002,2026-08-27 21:49:05,2026-08-27 21:51:05,GB,Legacy Oracle EBS,E,PUR-002,PureLife BP Monitor,Medical Device,PureLife,D2C,8,76.92,GBP,0.1,615.36,553.82
TXN-GB-3-000003,2026-08-27 07:04:16,2026-08-27 07:07:16,GB,Legacy Oracle EBS,E,MED-001,Medora Cardio 10mg,Prescription,Medora,Pharmacy/B2B,7,36.75,GBP,0.1,257.25,231.53
TXN-GB-3-000004,2026-08-27 08:14:45,2026-08-27 08:19:45,GB,Legacy Oracle EBS,E,VIT-002,Vitalis Multivit,Supplement,Vitalis,E-commerce,11,14.53,GBP,0.05,159.83,151.84
TXN-GB-3-000005,2026-08-27 03:41:41,2026-08-27 03:44:41,GB,Legacy Oracle EBS,E,PUR-002,PureLife BP Monitor,Medical Device,PureLife,Pharmacy/B2B,8,76.92,GBP,0.0,615.36,615.36
TXN-GB-3-000006,2026-08-27 15:55:16,2026-08-27 15:59:16,GB,Legacy Oracle EBS,E,DER-002,Dermacare LiftCream,Aesthetic,Dermacare,Pharmacy/B2B,7,31.62,GBP,0.0,221.34,221.34
TXN-GB-3-000007,2026-08-27 11:27:45,2026-08-27 11:31:45,GB,Legacy Oracle EBS,E,VIT-001,Vitalis C1000,Supplement,Vitalis,Wholesale,7,17.95,GBP,0.15,125.65,106.8
TXN-GB-3-000008,2026-08-27 12:58:27,2026-08-27 13:02:27,GB,Legacy Oracle EBS,E,PUR-001,PureLife GlucoMonitor,Medical Device,PureLife,Pharmacy/B2B,7,72.65,GBP,0.0,508.55,508.55
TXN-GB-3-000009,2026-08-27 16:45:37,2026-08-27 16:48:37,GB,Legacy Oracle EBS,E,SAN-002,SanaPlus ColdFlu,OTC,SanaPlus,Pharmacy/B2B,3,8.97,GBP,0.1,26.91,24.22
TXN-GB-3-000010,2026-08-27 23:19:38,2026-08-27 23:21:38,GB,Legacy Oracle EBS,E,SAN-001,SanaPlus PainRelief,OTC,SanaPlus,Pharmacy/B2B,12,8.12,GBP,0.2,97.44,77.95
TXN-GB-3-000011,2026-08-27 23:05:41,2026-08-27 23:07:41,GB,Legacy Oracle EBS,E,MED-002,Medora Derm Cream,Prescription,Medora,Pharmacy/B2B,2,22.22,GBP,0.1,44.44,40.0
TXN-GB-3-000012,2026-08-27 06:23:18,2026-08-27 06:25:18,GB,Legacy Oracle EBS,E,DER-002,Dermacare LiftCream,Aesthetic,Dermacare,Pharmacy/B2B,3,31.62,GBP,0.05,94.86,90.12
TXN-GB-3-000013,2026-08-27 14:14:41,2026-08-27 14:19:41,GB,Legacy Oracle EBS,E,MED-002,Medora Derm Cream,Prescription,Medora,Pharmacy/B2B,6,22.22,GBP,0.05,133.32,126.65
TXN-GB-3-000014,2026-08-27 06:10:02,2026-08-27 06:14:02,GB,Legacy Oracle EBS,E,SAN-002,SanaPlus ColdFlu,OTC,SanaPlus,E-commerce,11,8.97,GBP,0.15,98.67,83.87
TXN-GB-3-000015,2026-08-27 03:30:09,2026-08-27 03:36:09,GB,Legacy Oracle EBS,E,VIT-002,Vitalis Multivit,Supplement,Vitalis,Wholesale,6,14.53,GBP,0.15,87.18,74.1
TXN-GB-3-000016,2026-08-27 05:49:38,2026-08-27 05:55:38,GB,Legacy Oracle EBS,E,SAN-001,SanaPlus PainRelief,OTC,SanaPlus,E-commerce,10,8.12,GBP,0.0,81.2,81.2
TXN-GB-3-000017,2026-08-27 07:27:33,2026-08-27 07:30:33,GB,Legacy Oracle EBS,E,DER-001,Dermacare GlowSerum,Aesthetic,Dermacare,D2C,12,27.35,GBP,0.0,328.2,328.2
TXN-GB-3-000018,2026-08-27 01:23:55,2026-08-27 01:27:55,GB,Legacy Oracle EBS,E,SAN-002,SanaPlus ColdFlu,OTC,SanaPlus,Wholesale,2,8.97,GBP,0.0,17.94,17.94
TXN-GB-3-000019,2026-08-27 18:26:55,2026-08-27 18:29:55,GB,Legacy Oracle EBS,E,VIT-002,Vitalis Multivit,Supplement,Vitalis,D2C,9,14.53,GBP,0.2,130.77,104.62
TXN-GB-3-000020,2026-08-27 23:45:25,2026-08-27 23:51:25,GB,Legacy Oracle EBS,E,MED-002,Medora Derm Cream,Prescription,Medora,D2C,10,22.22,GBP,0.2,222.2,177.76
TXN-GB-3-000021,2026-08-27 02:16:50,2026-08-27 02:22:50,GB,Legacy Oracle EBS,E,PUR-001,PureLife GlucoMonitor,Medical Device,PureLife,E-commerce,5,72.65,GBP,0.0,363.25,363.25
TXN-GB-3-000022,2026-08-27 15:52:53,2026-08-27 15:58:53,GB,Legacy Oracle EBS,E,DER-002,Dermacare LiftCream,Aesthetic,Dermacare,D2C,12,31.62,GBP,0.15,379.44,322.52
TXN-GB-3-000023,2026-08-27 20:12:34,2026-08-27 20:13:34,GB,Legacy Oracle EBS,E,MED-001,Medora Cardio 10mg,Prescription,Medora,Wholesale,7,36.75,GBP,0.0,257.25,257.25
TXN-GB-3-000024,2026-08-27 06:03:45,2026-08-27 06:07:45,GB,Legacy Oracle EBS,E,DER-002,Dermacare LiftCream,Aesthetic,Dermacare,Pharmacy/B2B,12,31.62,GBP,0.0,379.44,379.44
TXN-GB-3-000025,2026-08-27 03:53:04,2026-08-27 03:54:04,GB,Legacy Oracle EBS,E,VIT-001,Vitalis C1000,Supplement,Vitalis,Pharmacy/B2B,11,17.95,GBP,0.05,197.45,187.58
TXN-GB-3-000026,2026-08-27 11:04:37,2026-08-27 11:06:37,GB,Legacy Oracle EBS,E,VIT-001,Vitalis C1000,Supplement,Vitalis,Pharmacy/B2B,1,17.95,GBP,0.0,17.95,17.95
TXN-GB-3-000027,2026-08-27 15:46:19,2026-08-27 15:51:19,GB,Legacy Oracle EBS,E,MED-001,Medora Cardio 10mg,Prescription,Medora,Pharmacy/B2B,8,36.75,GBP,0.0,294.0,294.0
TXN-GB-3-000028,2026-08-27 14:31:35,2026-08-27 14:34:35,GB,Legacy Oracle EBS,E,SAN-002,SanaPlus ColdFlu,OTC,SanaPlus,D2C,5,8.97,GBP,0.0,44.85,44.85
TXN-GB-3-000029,2026-08-27 03:25:41,2026-08-27 03:31:41,GB,Legacy Oracle EBS,E,VIT-001,Vitalis C1000,Supplement,Vitalis,D2C,2,17.95,GBP,0.05,35.9,34.1
TXN-GB-3-000030,2026-08-27 07:49:08,2026-08-27 07:55:08,GB,Legacy Oracle EBS,E,PUR-001,PureLife GlucoMonitor,Medical Device,PureLife,D2C,2,72.65,GBP,0.15,145.3,123.51
TXN-GB-3-000031,2026-08-27 17:51:57,2026-08-27 17:54:57,GB,Legacy Oracle EBS,E,MED-001,Medora Cardio 10mg,Prescription,Medora,E-commerce,3,36.75,GBP,0.05,110.25,104.74
TXN-GB-3-000032,2026-08-27 19:49:49,2026-08-27 19:51:49,GB,Legacy Oracle EBS,E,MED-002,Medora Derm Cream,Prescription,Medora,Pharmacy/B2B,7,22.22,GBP,0.1,155.54,139.99
TXN-GB-3-000033,2026-08-27 12:25:44,2026-08-27 12:27:44,GB,Legacy Oracle EBS,E,VIT-002,Vitalis Multivit,Supplement,Vitalis,D2C,12,14.53,GBP,0.15,174.36,148.21
TXN-GB-3-000034,2026-08-27 21:57:41,2026-08-27 22:03:41,GB,Legacy Oracle EBS,E,VIT-002,Vitalis Multivit,Supplement,Vitalis,E-commerce,11,14.53,GBP,0.0,159.83,159.83
TXN-GB-3-000035,2026-08-27 02:00:13,2026-08-27 02:05:13,GB,Legacy Oracle EBS,E,MED-001,Medora Cardio 10mg,Prescription,Medora,E-commerce,3,36.75,GBP,0.2,110.25,88.2
TXN-GB-3-000036,2026-08-27 10:04:18,2026-08-27 10:05:18,GB,Legacy Oracle EBS,E,MED-001,Medora Cardio 10mg,Prescription,Medora,Wholesale,3,36.75,GBP,0.15,110.25,93.71
TXN-GB-3-000037,2026-08-27 03:54:59,2026-08-27 03:56:59,GB,Legacy Oracle EBS,E,MED-002,Medora Derm Cream,Prescription,Medora,Wholesale,9,22.22,GBP,0.15,199.98,169.98
TXN-GB-3-000038,2026-08-27 11:42:44,2026-08-27 11:45:44,GB,Legacy Oracle EBS,E,VIT-001,Vitalis C1000,Supplement,Vitalis,Wholesale,1,17.95,GBP,0.0,17.95,17.95
TXN-GB-3-000039,2026-08-27 00:47:32,2026-08-27 00:52:32,GB,Legacy Oracle EBS,E,SAN-001,SanaPlus PainRelief,OTC,SanaPlus,D2C,6,8.12,GBP,0.05,48.72,46.28
TXN-GB-3-000040,2026-08-27 09:12:34,2026-08-27 09:18:34,GB,Legacy Oracle EBS,E,DER-001,Dermacare GlowSerum,Aesthetic,Dermacare,E-commerce,10,27.35,GBP,0.1,273.5,246.15
TXN-GB-3-000041,2026-08-27 00:45:51,2026-08-27 00:48:51,GB,Legacy Oracle EBS,E,VIT-002,Vitalis Multivit,Supplement,Vitalis,E-commerce,2,14.53,GBP,0.15,29.06,24.7
TXN-GB-3-000042,2026-08-27 15:29:47,2026-08-27 15:34:47,GB,Legacy Oracle EBS,E,VIT-001,Vitalis C1000,Supplement,Vitalis,Pharmacy/B2B,8,17.95,GBP,0.05,143.6,136.42
TXN-GB-3-000043,2026-08-27 19:00:48,2026-08-27 19:03:48,GB,Legacy Oracle EBS,E,VIT-001,Vitalis C1000,Supplement,Vitalis,Wholesale,6,17.95,GBP,0.0,107.7,107.7
TXN-GB-3-000044,2026-08-27 04:52:40,2026-08-27 04:58:40,GB,Legacy Oracle EBS,E,MED-001,Medora Cardio 10mg,Prescription,Medora,Wholesale,11,36.75,GBP,0.0,404.25,404.25
TXN-GB-3-000045,2026-08-27 07:05:38,2026-08-27 07:08:38,GB,Legacy Oracle EBS,E,MED-002,Medora Derm Cream,Prescription,Medora,E-commerce,12,22.22,GBP,0.05,266.64,253.31
TXN-GB-3-000046,2026-08-27 03:56:05,2026-08-27 03:58:05,GB,Legacy Oracle EBS,E,VIT-002,Vitalis Multivit,Supplement,Vitalis,Wholesale,11,14.53,GBP,0.0,159.83,159.83
TXN-GB-3-000047,2026-08-27 12:20:05,2026-08-27 12:21:05,GB,Legacy Oracle EBS,E,VIT-001,Vitalis C1000,Supplement,Vitalis,Pharmacy/B2B,5,17.95,GBP,0.0,89.75,89.75
TXN-GB-3-000048,2026-08-27 08:36:49,2026-08-27 08:37:49,GB,Legacy Oracle EBS,E,MED-002,Medora Derm Cream,Prescription,Medora,D2C,10,22.22,GBP,0.05,222.2,211.09
TXN-GB-3-000049,2026-08-27 10:49:27,2026-08-27 10:54:27,GB,Legacy Oracle EBS,E,DER-002,Dermacare LiftCream,Aesthetic,Dermacare,Wholesale,12,31.62,GBP,0.15,379.44,322.52
TXN-GB-3-000050,2026-08-27 15:06:56,2026-08-27 15:09:56,GB,Legacy Oracle EBS,E,VIT-002,Vitalis Multivit,Supplement,Vitalis,Pharmacy/B2B,4,14.53,GBP,0.0,58.12,58.12
TXN-GB-3-000051,2026-08-27 14:35:12,2026-08-27 14:36:12,GB,Legacy Oracle EBS,E,SAN-001,SanaPlus PainRelief,OTC,SanaPlus,D2C,6,8.12,GBP,0.0,48.72,48.72
TXN-GB-3-000052,2026-08-27 21:50:04,2026-08-27 21:52:04,GB,Legacy Oracle EBS,E,SAN-002,SanaPlus ColdFlu,OTC,SanaPlus,D2C,1,8.97,GBP,0.1,8.97,8.07
TXN-GB-3-000053,2026-08-27 08:25:40,2026-08-27 08:28:40,GB,Legacy Oracle EBS,E,SAN-002,SanaPlus ColdFlu,OTC,SanaPlus,Pharmacy/B2B,3,8.97,GBP,0.1,26.91,24.22
TXN-GB-3-000054,2026-08-27 03:26:15,2026-08-27 03:32:15,GB,Legacy Oracle EBS,E,PUR-002,PureLife BP Monitor,Medical Device,PureLife,D2C,9,76.92,GBP,0.15,692.28,588.44
TXN-GB-3-000055,2026-08-27 17:11:42,2026-08-27 17:12:42,GB,Legacy Oracle EBS,E,PUR-002,PureLife BP Monitor,Medical Device,PureLife,D2C,3,76.92,GBP,0.05,230.76,219.22
TXN-GB-3-000056,2026-08-27 07:36:45,2026-08-27 07:40:45,GB,Legacy Oracle EBS,E,VIT-001,Vitalis C1000,Supplement,Vitalis,Wholesale,5,17.95,GBP,0.0,89.75,89.75
TXN-GB-3-000057,2026-08-27 05:02:46,2026-08-27 05:05:46,GB,Legacy Oracle EBS,E,PUR-001,PureLife GlucoMonitor,Medical Device,PureLife,D2C,4,72.65,GBP,0.1,290.6,261.54
TXN-GB-3-000058,2026-08-27 15:09:39,2026-08-27 15:11:39,GB,Legacy Oracle EBS,E,SAN-002,SanaPlus ColdFlu,OTC,SanaPlus,Pharmacy/B2B,3,8.97,GBP,0.1,26.91,24.22
TXN-GB-3-000059,2026-08-27 21:00:34,2026-08-27 21:05:34,GB,Legacy Oracle EBS,E,VIT-002,Vitalis Multivit,Supplement,Vitalis,D2C,6,14.53,GBP,0.05,87.18,82.82
TXN-GB-3-000060,2026-08-27 00:04:19,2026-08-27 00:10:19,GB,Legacy Oracle EBS,E,PUR-001,PureLife GlucoMonitor,Medical Device,PureLife,Wholesale,5,72.65,GBP,0.05,363.25,345.09
TXN-GB-3-000061,2026-08-27 15:00:07,2026-08-27 15:03:07,GB,Legacy Oracle EBS,E,VIT-001,Vitalis C1000,Supplement,Vitalis,Wholesale,9,17.95,GBP,0.0,161.55,161.55
TXN-GB-3-000062,2026-08-27 19:51:49,2026-08-27 19:54:49,GB,Legacy Oracle EBS,E,VIT-002,Vitalis Multivit,Supplement,Vitalis,E-commerce,5,14.53,GBP,0.05,72.65,69.02
TXN-GB-3-000063,2026-08-27 23:19:38,2026-08-27 23:23:38,GB,Legacy Oracle EBS,E,MED-002,Medora Derm Cream,Prescription,Medora,Pharmacy/B2B,5,22.22,GBP,0.0,111.1,111.1
TXN-GB-3-000064,2026-08-27 09:35:10,2026-08-27 09:37:10,GB,Legacy Oracle EBS,E,PUR-001,PureLife GlucoMonitor,Medical Device,PureLife,E-commerce,4,72.65,GBP,0.0,290.6,290.6
TXN-GB-3-000065,2026-08-27 00:57:24,2026-08-27 01:01:24,GB,Legacy Oracle EBS,E,PUR-001,PureLife GlucoMonitor,Medical Device,PureLife,Wholesale,11,72.65,GBP,0.15,799.15,679.28
TXN-GB-3-000066,2026-08-27 10:13:54,2026-08-27 10:16:54,GB,Legacy Oracle EBS,E,SAN-001,SanaPlus PainRelief,OTC,SanaPlus,Wholesale,9,8.12,GBP,0.15,73.08,62.12
TXN-GB-3-000067,2026-08-27 16:39:37,2026-08-27 16:40:37,GB,Legacy Oracle EBS,E,DER-002,Dermacare LiftCream,Aesthetic,Dermacare,D2C,10,31.62,GBP,0.0,316.2,316.2
TXN-GB-3-000068,2026-08-27 22:22:25,2026-08-27 22:28:25,GB,Legacy Oracle EBS,E,SAN-002,SanaPlus ColdFlu,OTC,SanaPlus,D2C,3,8.97,GBP,0.1,26.91,24.22
TXN-GB-3-000069,2026-08-27 19:46:45,2026-08-27 19:47:45,GB,Legacy Oracle EBS,E,DER-002,Dermacare LiftCream,Aesthetic,Dermacare,Pharmacy/B2B,8,31.62,GBP,0.1,252.96,227.66
TXN-GB-3-000070,2026-08-27 15:22:07,2026-08-27 15:28:07,GB,Legacy Oracle EBS,E,SAN-002,SanaPlus ColdFlu,OTC,SanaPlus,E-commerce,3,8.97,GBP,0.0,26.91,26.91
TXN-GB-3-000071,2026-08-27 15:57:23,2026-08-27 16:03:23,GB,Legacy Oracle EBS,E,MED-001,Medora Cardio 10mg,Prescription,Medora,Pharmacy/B2B,2,36.75,GBP,0.05,73.5,69.83
TXN-GB-3-000072,2026-08-27 17:12:54,2026-08-27 17:18:54,GB,Legacy Oracle EBS,E,PUR-001,PureLife GlucoMonitor,Medical Device,PureLife,Wholesale,12,72.65,GBP,0.2,871.8,697.44
TXN-GB-3-000073,2026-08-27 10:30:49,2026-08-27 10:35:49,GB,Legacy Oracle EBS,E,DER-001,Dermacare GlowSerum,Aesthetic,Dermacare,D2C,12,27.35,GBP,0.05,328.2,311.79
TXN-GB-3-000074,2026-08-27 11:51:11,2026-08-27 11:56:11,GB,Legacy Oracle EBS,E,PUR-001,PureLife GlucoMonitor,Medical Device,PureLife,D2C,10,72.65,GBP,0.0,726.5,726.5
TXN-GB-3-000075,2026-08-27 02:43:14,2026-08-27 02:49:14,GB,Legacy Oracle EBS,E,SAN-001,SanaPlus PainRelief,OTC,SanaPlus,Wholesale,6,8.12,GBP,0.1,48.72,43.85
TXN-GB-3-000076,2026-08-27 11:40:36,2026-08-27 11:44:36,GB,Legacy Oracle EBS,E,MED-001,Medora Cardio 10mg,Prescription,Medora,D2C,1,36.75,GBP,0.1,36.75,33.08
TXN-GB-3-000077,2026-08-27 21:39:42,2026-08-27 21:45:42,GB,Legacy Oracle EBS,E,VIT-001,Vitalis C1000,Supplement,Vitalis,Wholesale,5,17.95,GBP,0.15,89.75,76.29
TXN-GB-3-000078,2026-08-27 07:37:57,2026-08-27 07:41:57,GB,Legacy Oracle EBS,E,PUR-002,PureLife BP Monitor,Medical Device,PureLife,Pharmacy/B2B,3,76.92,GBP,0.15,230.76,196.15
TXN-GB-3-000079,2026-08-27 13:30:45,2026-08-27 13:35:45,GB,Legacy Oracle EBS,E,SAN-002,SanaPlus ColdFlu,OTC,SanaPlus,D2C,3,8.97,GBP,0.0,26.91,26.91
TXN-GB-3-000080,2026-08-27 02:16:42,2026-08-27 02:20:42,GB,Legacy Oracle EBS,E,MED-002,Medora Derm Cream,Prescription,Medora,E-commerce,10,22.22,GBP,0.2,222.2,177.76
TXN-GB-3-000081,2026-08-27 11:39:53,2026-08-27 11:42:53,GB,Legacy Oracle EBS,E,MED-001,Medora Cardio 10mg,Prescription,Medora,Pharmacy/B2B,8,36.75,GBP,0.1,294.0,264.6
TXN-GB-3-000082,2026-08-27 13:27:00,2026-08-27 13:30:00,GB,Legacy Oracle EBS,E,PUR-002,PureLife BP Monitor,Medical Device,PureLife,E-commerce,5,76.92,GBP,0.0,384.6,384.6
TXN-GB-3-000083,2026-08-27 17:28:10,2026-08-27 17:29:10,GB,Legacy Oracle EBS,E,VIT-001,Vitalis C1000,Supplement,Vitalis,D2C,2,17.95,GBP,0.0,35.9,35.9
TXN-GB-3-000084,2026-08-27 12:46:04,2026-08-27 12:48:04,GB,Legacy Oracle EBS,E,PUR-001,PureLife GlucoMonitor,Medical Device,PureLife,E-commerce,6,72.65,GBP,0.1,435.9,392.31
TXN-GB-3-000085,2026-08-27 15:03:40,2026-08-27 15:09:40,GB,Legacy Oracle EBS,E,VIT-002,Vitalis Multivit,Supplement,Vitalis,E-commerce,1,14.53,GBP,0.0,14.53,14.53
TXN-GB-3-000086,2026-08-27 08:22:34,2026-08-27 08:26:34,GB,Legacy Oracle EBS,E,SAN-001,SanaPlus PainRelief,OTC,SanaPlus,Pharmacy/B2B,8,8.12,GBP,0.0,64.96,64.96
TXN-GB-3-000087,2026-08-27 17:26:04,2026-08-27 17:27:04,GB,Legacy Oracle EBS,E,SAN-001,SanaPlus PainRelief,OTC,SanaPlus,Wholesale,8,8.12,GBP,0.1,64.96,58.46
TXN-GB-3-000088,2026-08-27 01:03:05,2026-08-27 01:08:05,GB,Legacy Oracle EBS,E,DER-001,Dermacare GlowSerum,Aesthetic,Dermacare,Pharmacy/B2B,3,27.35,GBP,0.15,82.05,69.74
TXN-GB-3-000089,2026-08-27 01:48:06,2026-08-27 01:49:06,GB,Legacy Oracle EBS,E,SAN-002,SanaPlus ColdFlu,OTC,SanaPlus,Pharmacy/B2B,3,8.97,GBP,0.15,26.91,22.87
TXN-GB-3-000090,2026-08-27 18:46:43,2026-08-27 18:50:43,GB,Legacy Oracle EBS,E,MED-001,Medora Cardio 10mg,Prescription,Medora,D2C,8,36.75,GBP,0.1,294.0,264.6
TXN-GB-3-000091,2026-08-27 06:57:24,2026-08-27 06:59:24,GB,Legacy Oracle EBS,E,MED-001,Medora Cardio 10mg,Prescription,Medora,Pharmacy/B2B,3,36.75,GBP,0.15,110.25,93.71
TXN-GB-3-000092,2026-08-27 10:13:31,2026-08-27 10:15:31,GB,Legacy Oracle EBS,E,DER-001,Dermacare GlowSerum,Aesthetic,Dermacare,E-commerce,7,27.35,GBP,0.0,191.45,191.45
TXN-GB-3-000093,2026-08-27 06:34:13,2026-08-27 06:38:13,GB,Legacy Oracle EBS,E,MED-002,Medora Derm Cream,Prescription,Medora,D2C,8,22.22,GBP,0.05,177.76,168.87
TXN-GB-3-000094,2026-08-27 00:22:54,2026-08-27 00:26:54,GB,Legacy Oracle EBS,E,PUR-002,PureLife BP Monitor,Medical Device,PureLife,E-commerce,8,76.92,GBP,0.0,615.36,615.36
TXN-GB-3-000095,2026-08-27 06:09:10,2026-08-27 06:10:10,GB,Legacy Oracle EBS,E,PUR-001,PureLife GlucoMonitor,Medical Device,PureLife,E-commerce,6,72.65,GBP,0.2,435.9,348.72
TXN-GB-3-000096,2026-08-27 07:24:05,2026-08-27 07:29:05,GB,Legacy Oracle EBS,E,SAN-001,SanaPlus PainRelief,OTC,SanaPlus,Pharmacy/B2B,3,8.12,GBP,0.05,24.36,23.14
TXN-GB-3-000097,2026-08-27 08:01:23,2026-08-27 08:02:23,GB,Legacy Oracle EBS,E,MED-001,Medora Cardio 10mg,Prescription,Medora,Wholesale,12,36.75,GBP,0.0,441.0,441.0
TXN-GB-3-000098,2026-08-27 20:26:35,2026-08-27 20:27:35,GB,Legacy Oracle EBS,E,SAN-002,SanaPlus ColdFlu,OTC,SanaPlus,Pharmacy/B2B,9,8.97,GBP,0.2,80.73,64.58
TXN-GB-3-000099,2026-08-27 00:14:59,2026-08-27 00:20:59,GB,Legacy Oracle EBS,E,SAN-001,SanaPlus PainRelief,OTC,SanaPlus,Wholesale,4,8.12,GBP,0.05,32.48,30.86
TXN-GB-3-000100,2026-08-27 17:29:50,2026-08-27 17:30:50,GB,Legacy Oracle EBS,E,VIT-001,Vitalis C1000,Supplement,Vitalis,Wholesale,1,17.95,GBP,0.0,17.95,17.95
TXN-GB-3-000101,2026-08-27 23:01:06,2026-08-27 23:03:06,GB,Legacy Oracle EBS,E,MED-002,Medora Derm Cream,Prescription,Medora,Pharmacy/B2B,1,22.22,GBP,0.15,22.22,18.89
TXN-GB-3-000102,2026-08-27 12:24:22,2026-08-27 12:29:22,GB,Legacy Oracle EBS,E,MED-001,Medora Cardio 10mg,Prescription,Medora,E-commerce,7,36.75,GBP,0.15,257.25,218.66
TXN-GB-3-000103,2026-08-27 05:56:58,2026-08-27 06:00:58,GB,Legacy Oracle EBS,E,DER-001,Dermacare GlowSerum,Aesthetic,Dermacare,D2C,7,27.35,GBP,0.2,191.45,153.16
TXN-GB-3-000104,2026-08-27 20:12:52,2026-08-27 20:13:52,GB,Legacy Oracle EBS,E,SAN-001,SanaPlus PainRelief,OTC,SanaPlus,E-commerce,9,8.12,GBP,0.0,73.08,73.08
TXN-GB-3-000105,2026-08-27 00:27:13,2026-08-27 00:29:13,GB,Legacy Oracle EBS,E,PUR-001,PureLife GlucoMonitor,Medical Device,PureLife,D2C,4,72.65,GBP,0.05,290.6,276.07
TXN-GB-3-000106,2026-08-27 17:10:33,2026-08-27 17:11:33,GB,Legacy Oracle EBS,E,DER-002,Dermacare LiftCream,Aesthetic,Dermacare,Wholesale,6,31.62,GBP,0.0,189.72,189.72
TXN-GB-3-000107,2026-08-27 09:53:35,2026-08-27 09:57:35,GB,Legacy Oracle EBS,E,VIT-002,Vitalis Multivit,Supplement,Vitalis,E-commerce,6,14.53,GBP,0.0,87.18,87.18
TXN-GB-3-000108,2026-08-27 23:51:48,2026-08-27 23:52:48,GB,Legacy Oracle EBS,E,SAN-001,SanaPlus PainRelief,OTC,SanaPlus,Pharmacy/B2B,9,8.12,GBP,0.15,73.08,62.12
TXN-GB-3-000109,2026-08-27 01:08:20,2026-08-27 01:14:20,GB,Legacy Oracle EBS,E,SAN-001,SanaPlus PainRelief,OTC,SanaPlus,Wholesale,2,8.12,GBP,0.1,16.24,14.62
TXN-GB-3-000110,2026-08-27 19:41:31,2026-08-27 19:43:31,GB,Legacy Oracle EBS,E,MED-001,Medora Cardio 10mg,Prescription,Medora,E-commerce,12,36.75,GBP,0.15,441.0,374.85
TXN-GB-3-000111,2026-08-27 03:45:50,2026-08-27 03:46:50,GB,Legacy Oracle EBS,E,MED-002,Medora Derm Cream,Prescription,Medora,Pharmacy/B2B,3,22.22,GBP,0.05,66.66,63.33
TXN-GB-3-000112,2026-08-27 09:29:37,2026-08-27 09:33:37,GB,Legacy Oracle EBS,E,MED-001,Medora Cardio 10mg,Prescription,Medora,D2C,5,36.75,GBP,0.0,183.75,183.75
TXN-GB-3-000113,2026-08-27 21:56:02,2026-08-27 22:01:02,GB,Legacy Oracle EBS,E,SAN-002,SanaPlus ColdFlu,OTC,SanaPlus,Wholesale,8,8.97,GBP,0.0,71.76,71.76
TXN-GB-3-000114,2026-08-27 13:50:04,2026-08-27 13:56:04,GB,Legacy Oracle EBS,E,VIT-001,Vitalis C1000,Supplement,Vitalis,Pharmacy/B2B,6,17.95,GBP,0.0,107.7,107.7
TXN-GB-3-000115,2026-08-27 09:09:25,2026-08-27 09:13:25,GB,Legacy Oracle EBS,E,SAN-001,SanaPlus PainRelief,OTC,SanaPlus,Wholesale,10,8.12,GBP,0.2,81.2,64.96
TXN-GB-3-000116,2026-08-27 16:58:56,2026-08-27 17:02:56,GB,Legacy Oracle EBS,E,MED-002,Medora Derm Cream,Prescription,Medora,D2C,8,22.22,GBP,0.15,177.76,151.1
TXN-GB-3-000117,2026-08-27 10:37:52,2026-08-27 10:39:52,GB,Legacy Oracle EBS,E,PUR-001,PureLife GlucoMonitor,Medical Device,PureLife,Wholesale,7,72.65,GBP,0.0,508.55,508.55
TXN-GB-3-000118,2026-08-27 13:02:18,2026-08-27 13:03:18,GB,Legacy Oracle EBS,E,VIT-001,Vitalis C1000,Supplement,Vitalis,D2C,6,17.95,GBP,0.0,107.7,107.7
TXN-GB-3-000119,2026-08-27 19:52:44,2026-08-27 19:58:44,GB,Legacy Oracle EBS,E,MED-002,Medora Derm Cream,Prescription,Medora,D2C,4,22.22,GBP,0.1,88.88,79.99
TXN-GB-3-000120,2026-08-27 02:26:55,2026-08-27 02:32:55,GB,Legacy Oracle EBS,E,VIT-001,Vitalis C1000,Supplement,Vitalis,D2C,4,17.95,GBP,0.1,71.8,64.62
TXN-GB-3-000121,2026-08-27 07:18:27,2026-08-27 07:19:27,GB,Legacy Oracle EBS,E,MED-002,Medora Derm Cream,Prescription,Medora,D2C,2,22.22,GBP,0.0,44.44,44.44
TXN-GB-3-000122,2026-08-27 01:32:29,2026-08-27 01:37:29,GB,Legacy Oracle EBS,E,SAN-002,SanaPlus ColdFlu,OTC,SanaPlus,Wholesale,9,8.97,GBP,0.0,80.73,80.73
TXN-GB-3-000123,2026-08-27 21:08:11,2026-08-27 21:11:11,GB,Legacy Oracle EBS,E,MED-002,Medora Derm Cream,Prescription,Medora,Wholesale,7,22.22,GBP,0.0,155.54,155.54
TXN-GB-3-000124,2026-08-27 08:33:50,2026-08-27 08:34:50,GB,Legacy Oracle EBS,E,SAN-001,SanaPlus PainRelief,OTC,SanaPlus,E-commerce,8,8.12,GBP,0.15,64.96,55.22
TXN-GB-3-000125,2026-08-27 04:59:04,2026-08-27 05:00:04,GB,Legacy Oracle EBS,E,SAN-002,SanaPlus ColdFlu,OTC,SanaPlus,D2C,1,8.97,GBP,0.2,8.97,7.18
TXN-GB-3-000126,2026-08-27 06:54:55,2026-08-27 06:59:55,GB,Legacy Oracle EBS,E,DER-001,Dermacare GlowSerum,Aesthetic,Dermacare,Pharmacy/B2B,2,27.35,GBP,0.0,54.7,54.7
TXN-GB-3-000127,2026-08-27 14:53:58,2026-08-27 14:58:58,GB,Legacy Oracle EBS,E,VIT-001,Vitalis C1000,Supplement,Vitalis,Pharmacy/B2B,9,17.95,GBP,0.05,161.55,153.47
TXN-GB-3-000128,2026-08-27 09:15:10,2026-08-27 09:16:10,GB,Legacy Oracle EBS,E,DER-001,Dermacare GlowSerum,Aesthetic,Dermacare,D2C,10,27.35,GBP,0.0,273.5,273.5
TXN-GB-3-000129,2026-08-27 06:08:44,2026-08-27 06:09:44,GB,Legacy Oracle EBS,E,DER-002,Dermacare LiftCream,Aesthetic,Dermacare,E-commerce,6,31.62,GBP,0.15,189.72,161.26
TXN-GB-3-000130,2026-08-27 23:00:19,2026-08-27 23:03:19,GB,Legacy Oracle EBS,E,DER-001,Dermacare GlowSerum,Aesthetic,Dermacare,E-commerce,1,27.35,GBP,0.0,27.35,27.35
TXN-GB-3-000131,2026-08-27 23:43:53,2026-08-27 23:45:53,GB,Legacy Oracle EBS,E,PUR-002,PureLife BP Monitor,Medical Device,PureLife,D2C,10,76.92,GBP,0.0,769.2,769.2
TXN-GB-3-000132,2026-08-27 13:28:35,2026-08-27 13:29:35,GB,Legacy Oracle EBS,E,VIT-002,Vitalis Multivit,Supplement,Vitalis,Pharmacy/B2B,10,14.53,GBP,0.1,145.3,130.77
TXN-GB-3-000133,2026-08-27 21:06:36,2026-08-27 21:09:36,GB,Legacy Oracle EBS,E,PUR-001,PureLife GlucoMonitor,Medical Device,PureLife,D2C,8,72.65,GBP,0.15,581.2,494.02
TXN-GB-3-000134,2026-08-27 01:31:51,2026-08-27 01:37:51,GB,Legacy Oracle EBS,E,DER-002,Dermacare LiftCream,Aesthetic,Dermacare,Pharmacy/B2B,12,31.62,GBP,0.05,379.44,360.47
TXN-GB-3-000135,2026-08-27 08:45:31,2026-08-27 08:46:31,GB,Legacy Oracle EBS,E,VIT-001,Vitalis C1000,Supplement,Vitalis,Pharmacy/B2B,6,17.95,GBP,0.05,107.7,102.31
TXN-GB-3-000136,2026-08-27 01:05:29,2026-08-27 01:06:29,GB,Legacy Oracle EBS,E,VIT-002,Vitalis Multivit,Supplement,Vitalis,D2C,12,14.53,GBP,0.05,174.36,165.64
TXN-GB-3-000137,2026-08-27 14:43:17,2026-08-27 14:46:17,GB,Legacy Oracle EBS,E,PUR-002,PureLife BP Monitor,Medical Device,PureLife,D2C,6,76.92,GBP,0.05,461.52,438.44
TXN-GB-3-000138,2026-08-27 14:35:32,2026-08-27 14:37:32,GB,Legacy Oracle EBS,E,MED-002,Medora Derm Cream,Prescription,Medora,Pharmacy/B2B,11,22.22,GBP,0.0,244.42,244.42
TXN-GB-3-000139,2026-08-27 05:46:37,2026-08-27 05:47:37,GB,Legacy Oracle EBS,E,DER-001,Dermacare GlowSerum,Aesthetic,Dermacare,Pharmacy/B2B,1,27.35,GBP,0.2,27.35,21.88
TXN-GB-3-000140,2026-08-27 15:14:36,2026-08-27 15:19:36,GB,Legacy Oracle EBS,E,DER-001,Dermacare GlowSerum,Aesthetic,Dermacare,Pharmacy/B2B,4,27.35,GBP,0.1,109.4,98.46
TXN-GB-3-000141,2026-08-27 16:05:37,2026-08-27 16:07:37,GB,Legacy Oracle EBS,E,SAN-001,SanaPlus PainRelief,OTC,SanaPlus,E-commerce,6,8.12,GBP,0.2,48.72,38.98
TXN-GB-3-000142,2026-08-27 17:26:38,2026-08-27 17:27:38,GB,Legacy Oracle EBS,E,MED-002,Medora Derm Cream,Prescription,Medora,Pharmacy/B2B,12,22.22,GBP,0.0,266.64,266.64
TXN-GB-3-000143,2026-08-27 08:19:23,2026-08-27 08:22:23,GB,Legacy Oracle EBS,E,DER-002,Dermacare LiftCream,Aesthetic,Dermacare,Wholesale,12,31.62,GBP,0.0,379.44,379.44
TXN-GB-3-000144,2026-08-27 10:12:52,2026-08-27 10:16:52,GB,Legacy Oracle EBS,E,VIT-001,Vitalis C1000,Supplement,Vitalis,Pharmacy/B2B,3,17.95,GBP,0.0,53.85,53.85
TXN-GB-3-000145,2026-08-27 18:52:04,2026-08-27 18:57:04,GB,Legacy Oracle EBS,E,MED-002,Medora Derm Cream,Prescription,Medora,E-commerce,10,22.22,GBP,0.15,222.2,188.87
TXN-GB-3-000146,2026-08-27 07:51:57,2026-08-27 07:55:57,GB,Legacy Oracle EBS,E,VIT-001,Vitalis C1000,Supplement,Vitalis,Pharmacy/B2B,9,17.95,GBP,0.05,161.55,153.47
TXN-GB-3-000147,2026-08-27 14:19:05,2026-08-27 14:21:05,GB,Legacy Oracle EBS,E,VIT-001,Vitalis C1000,Supplement,Vitalis,E-commerce,11,17.95,GBP,0.0,197.45,197.45
TXN-GB-3-000148,2026-08-27 01:49:16,2026-08-27 01:54:16,GB,Legacy Oracle EBS,E,MED-002,Medora Derm Cream,Prescription,Medora,D2C,5,22.22,GBP,0.0,111.1,111.1
TXN-GB-3-000149,2026-08-27 21:39:48,2026-08-27 21:41:48,GB,Legacy Oracle EBS,E,MED-001,Medora Cardio 10mg,Prescription,Medora,Wholesale,10,36.75,GBP,0.15,367.5,312.38
TXN-GB-3-000150,2026-08-27 09:54:13,2026-08-27 09:59:13,GB,Legacy Oracle EBS,E,VIT-001,Vitalis C1000,Supplement,Vitalis,Wholesale,3,17.95,GBP,0.15,53.85,45.77
TXN-GB-3-000151,2026-08-27 02:58:13,2026-08-27 03:01:13,GB,Legacy Oracle EBS,E,PUR-001,PureLife GlucoMonitor,Medical Device,PureLife,D2C,7,72.65,GBP,0.0,508.55,508.55
TXN-GB-3-000152,2026-08-27 10:38:26,2026-08-27 10:42:26,GB,Legacy Oracle EBS,E,VIT-001,Vitalis C1000,Supplement,Vitalis,Wholesale,8,17.95,GBP,0.0,143.6,143.6
TXN-GB-3-000153,2026-08-27 09:16:33,2026-08-27 09:18:33,GB,Legacy Oracle EBS,E,SAN-002,SanaPlus ColdFlu,OTC,SanaPlus,D2C,7,8.97,GBP,0.15,62.79,53.37
TXN-GB-3-000154,2026-08-27 08:51:57,2026-08-27 08:53:57,GB,Legacy Oracle EBS,E,MED-001,Medora Cardio 10mg,Prescription,Medora,Wholesale,3,36.75,GBP,0.05,110.25,104.74
TXN-GB-3-000155,2026-08-27 23:49:21,2026-08-27 23:51:21,GB,Legacy Oracle EBS,E,MED-002,Medora Derm Cream,Prescription,Medora,E-commerce,12,22.22,GBP,0.2,266.64,213.31
TXN-GB-3-000156,2026-08-27 12:27:20,2026-08-27 12:31:20,GB,Legacy Oracle EBS,E,PUR-002,PureLife BP Monitor,Medical Device,PureLife,Wholesale,7,76.92,GBP,0.0,538.44,538.44
TXN-GB-3-000157,2026-08-27 10:24:09,2026-08-27 10:28:09,GB,Legacy Oracle EBS,E,PUR-002,PureLife BP Monitor,Medical Device,PureLife,D2C,7,76.92,GBP,0.0,538.44,538.44
TXN-GB-3-000158,2026-08-27 09:23:09,2026-08-27 09:25:09,GB,Legacy Oracle EBS,E,DER-001,Dermacare GlowSerum,Aesthetic,Dermacare,Wholesale,11,27.35,GBP,0.15,300.85,255.72
TXN-GB-3-000159,2026-08-27 23:03:01,2026-08-27 23:09:01,GB,Legacy Oracle EBS,E,MED-001,Medora Cardio 10mg,Prescription,Medora,D2C,4,36.75,GBP,0.0,147.0,147.0
TXN-GB-3-000160,2026-08-27 20:41:16,2026-08-27 20:43:16,GB,Legacy Oracle EBS,E,MED-001,Medora Cardio 10mg,Prescription,Medora,E-commerce,4,36.75,GBP,0.15,147.0,124.95
TXN-GB-3-000161,2026-08-27 00:10:06,2026-08-27 00:11:06,GB,Legacy Oracle EBS,E,PUR-002,PureLife BP Monitor,Medical Device,PureLife,E-commerce,10,76.92,GBP,0.05,769.2,730.74
TXN-GB-3-000162,2026-08-27 04:07:53,2026-08-27 04:10:53,GB,Legacy Oracle EBS,E,DER-002,Dermacare LiftCream,Aesthetic,Dermacare,D2C,5,31.62,GBP,0.0,158.1,158.1
TXN-GB-3-000163,2026-08-27 09:35:47,2026-08-27 09:37:47,GB,Legacy Oracle EBS,E,PUR-001,PureLife GlucoMonitor,Medical Device,PureLife,Pharmacy/B2B,11,72.65,GBP,0.2,799.15,639.32
TXN-GB-3-000164,2026-08-27 04:28:49,2026-08-27 04:33:49,GB,Legacy Oracle EBS,E,SAN-001,SanaPlus PainRelief,OTC,SanaPlus,Wholesale,12,8.12,GBP,0.15,97.44,82.82
TXN-GB-3-000165,2026-08-27 06:33:32,2026-08-27 06:38:32,GB,Legacy Oracle EBS,E,PUR-001,PureLife GlucoMonitor,Medical Device,PureLife,E-commerce,1,72.65,GBP,0.0,72.65,72.65
TXN-GB-3-000166,2026-08-27 01:50:53,2026-08-27 01:54:53,GB,Legacy Oracle EBS,E,VIT-001,Vitalis C1000,Supplement,Vitalis,E-commerce,11,17.95,GBP,0.1,197.45,177.7
TXN-GB-3-000167,2026-08-27 16:56:37,2026-08-27 16:57:37,GB,Legacy Oracle EBS,E,MED-002,Medora Derm Cream,Prescription,Medora,Wholesale,5,22.22,GBP,0.1,111.1,99.99
TXN-GB-3-000168,2026-08-27 18:46:59,2026-08-27 18:52:59,GB,Legacy Oracle EBS,E,DER-002,Dermacare LiftCream,Aesthetic,Dermacare,E-commerce,4,31.62,GBP,0.15,126.48,107.51
TXN-GB-3-000169,2026-08-27 17:44:03,2026-08-27 17:46:03,GB,Legacy Oracle EBS,E,VIT-001,Vitalis C1000,Supplement,Vitalis,Pharmacy/B2B,3,17.95,GBP,0.0,53.85,53.85
TXN-GB-3-000170,2026-08-27 07:39:01,2026-08-27 07:42:01,GB,Legacy Oracle EBS,E,VIT-002,Vitalis Multivit,Supplement,Vitalis,Wholesale,6,14.53,GBP,0.2,87.18,69.74
TXN-GB-3-000171,2026-08-27 10:14:31,2026-08-27 10:15:31,GB,Legacy Oracle EBS,E,VIT-001,Vitalis C1000,Supplement,Vitalis,Wholesale,9,17.95,GBP,0.05,161.55,153.47
TXN-GB-3-000172,2026-08-27 11:59:14,2026-08-27 12:05:14,GB,Legacy Oracle EBS,E,DER-001,Dermacare GlowSerum,Aesthetic,Dermacare,Pharmacy/B2B,8,27.35,GBP,0.0,218.8,218.8
TXN-GB-3-000173,2026-08-27 02:41:30,2026-08-27 02:45:30,GB,Legacy Oracle EBS,E,PUR-001,PureLife GlucoMonitor,Medical Device,PureLife,Pharmacy/B2B,11,72.65,GBP,0.0,799.15,799.15
TXN-GB-3-000174,2026-08-27 08:22:05,2026-08-27 08:25:05,GB,Legacy Oracle EBS,E,DER-001,Dermacare GlowSerum,Aesthetic,Dermacare,D2C,2,27.35,GBP,0.1,54.7,49.23
TXN-GB-3-000175,2026-08-27 20:11:20,2026-08-27 20:14:20,GB,Legacy Oracle EBS,E,SAN-002,SanaPlus ColdFlu,OTC,SanaPlus,E-commerce,9,8.97,GBP,0.1,80.73,72.66
TXN-GB-3-000176,2026-08-27 08:20:01,2026-08-27 08:21:01,GB,Legacy Oracle EBS,E,DER-002,Dermacare LiftCream,Aesthetic,Dermacare,D2C,11,31.62,GBP,0.0,347.82,347.82
TXN-GB-3-000177,2026-08-27 22:57:07,2026-08-27 22:58:07,GB,Legacy Oracle EBS,E,PUR-002,PureLife BP Monitor,Medical Device,PureLife,D2C,7,76.92,GBP,0.15,538.44,457.67
TXN-GB-3-000178,2026-08-27 02:50:47,2026-08-27 02:53:47,GB,Legacy Oracle EBS,E,PUR-001,PureLife GlucoMonitor,Medical Device,PureLife,Pharmacy/B2B,11,72.65,GBP,0.0,799.15,799.15
TXN-GB-3-000179,2026-08-27 21:25:32,2026-08-27 21:27:32,GB,Legacy Oracle EBS,E,PUR-002,PureLife BP Monitor,Medical Device,PureLife,D2C,4,76.92,GBP,0.0,307.68,307.68
TXN-GB-3-000180,2026-08-27 21:37:14,2026-08-27 21:39:14,GB,Legacy Oracle EBS,E,PUR-001,PureLife GlucoMonitor,Medical Device,PureLife,Wholesale,2,72.65,GBP,0.0,145.3,145.3
TXN-GB-3-000181,2026-08-27 09:10:54,2026-08-27 09:13:54,GB,Legacy Oracle EBS,E,VIT-002,Vitalis Multivit,Supplement,Vitalis,Pharmacy/B2B,6,14.53,GBP,0.15,87.18,74.1
TXN-GB-3-000182,2026-08-27 21:40:01,2026-08-27 21:42:01,GB,Legacy Oracle EBS,E,DER-001,Dermacare GlowSerum,Aesthetic,Dermacare,Wholesale,6,27.35,GBP,0.0,164.1,164.1
TXN-GB-3-000183,2026-08-27 12:52:25,2026-08-27 12:57:25,GB,Legacy Oracle EBS,E,SAN-001,SanaPlus PainRelief,OTC,SanaPlus,Wholesale,5,8.12,GBP,0.0,40.6,40.6
TXN-GB-3-000184,2026-08-27 17:24:20,2026-08-27 17:27:20,GB,Legacy Oracle EBS,E,VIT-001,Vitalis C1000,Supplement,Vitalis,Wholesale,12,17.95,GBP,0.0,215.4,215.4
TXN-GB-3-000185,2026-08-27 04:22:30,2026-08-27 04:28:30,GB,Legacy Oracle EBS,E,VIT-002,Vitalis Multivit,Supplement,Vitalis,E-commerce,9,14.53,GBP,0.15,130.77,111.15
TXN-GB-3-000186,2026-08-27 17:33:06,2026-08-27 17:38:06,GB,Legacy Oracle EBS,E,DER-001,Dermacare GlowSerum,Aesthetic,Dermacare,Pharmacy/B2B,3,27.35,GBP,0.0,82.05,82.05
TXN-GB-3-000187,2026-08-27 11:13:35,2026-08-27 11:14:35,GB,Legacy Oracle EBS,E,SAN-002,SanaPlus ColdFlu,OTC,SanaPlus,D2C,11,8.97,GBP,0.1,98.67,88.8
TXN-GB-3-000188,2026-08-27 09:03:14,2026-08-27 09:04:14,GB,Legacy Oracle EBS,E,MED-002,Medora Derm Cream,Prescription,Medora,Pharmacy/B2B,12,22.22,GBP,0.2,266.64,213.31
TXN-GB-3-000189,2026-08-27 15:02:23,2026-08-27 15:05:23,GB,Legacy Oracle EBS,E,DER-001,Dermacare GlowSerum,Aesthetic,Dermacare,E-commerce,2,27.35,GBP,0.0,54.7,54.7
TXN-GB-3-000190,2026-08-27 02:19:56,2026-08-27 02:25:56,GB,Legacy Oracle EBS,E,VIT-001,Vitalis C1000,Supplement,Vitalis,E-commerce,11,17.95,GBP,0.2,197.45,157.96
TXN-GB-3-000191,2026-08-27 08:06:47,2026-08-27 08:12:47,GB,Legacy Oracle EBS,E,MED-002,Medora Derm Cream,Prescription,Medora,Pharmacy/B2B,12,22.22,GBP,0.1,266.64,239.98
TXN-GB-3-000192,2026-08-27 01:47:58,2026-08-27 01:53:58,GB,Legacy Oracle EBS,E,DER-001,Dermacare GlowSerum,Aesthetic,Dermacare,E-commerce,10,27.35,GBP,0.0,273.5,273.5
TXN-GB-3-000193,2026-08-27 04:13:58,2026-08-27 04:15:58,GB,Legacy Oracle EBS,E,SAN-001,SanaPlus PainRelief,OTC,SanaPlus,Pharmacy/B2B,10,8.12,GBP,0.0,81.2,81.2
TXN-GB-3-000194,2026-08-27 23:03:11,2026-08-27 23:09:11,GB,Legacy Oracle EBS,E,MED-002,Medora Derm Cream,Prescription,Medora,Pharmacy/B2B,1,22.22,GBP,0.15,22.22,18.89
TXN-GB-3-000195,2026-08-27 01:02:39,2026-08-27 01:07:39,GB,Legacy Oracle EBS,E,MED-002,Medora Derm Cream,Prescription,Medora,E-commerce,3,22.22,GBP,0.0,66.66,66.66
TXN-GB-3-000196,2026-08-27 06:57:20,2026-08-27 06:58:20,GB,Legacy Oracle EBS,E,MED-002,Medora Derm Cream,Prescription,Medora,E-commerce,10,22.22,GBP,0.15,222.2,188.87
TXN-GB-3-000197,2026-08-27 01:46:46,2026-08-27 01:52:46,GB,Legacy Oracle EBS,E,SAN-001,SanaPlus PainRelief,OTC,SanaPlus,Wholesale,12,8.12,GBP,0.0,97.44,97.44
TXN-GB-3-000198,2026-08-27 16:55:02,2026-08-27 17:01:02,GB,Legacy Oracle EBS,E,MED-001,Medora Cardio 10mg,Prescription,Medora,Pharmacy/B2B,4,36.75,GBP,0.15,147.0,124.95
TXN-GB-3-000199,2026-08-27 23:49:12,2026-08-27 23:50:12,GB,Legacy Oracle EBS,E,PUR-001,PureLife GlucoMonitor,Medical Device,PureLife,D2C,2,72.65,GBP,0.0,145.3,145.3
TXN-GB-3-000200,2026-08-27 06:14:21,2026-08-27 06:17:21,GB,Legacy Oracle EBS,E,MED-001,Medora Cardio 10mg,Prescription,Medora,D2C,4,36.75,GBP,0.2,147.0,117.6
TXN-GB-3-000201,2026-08-27 01:07:52,2026-08-27 01:09:52,GB,Legacy Oracle EBS,E,SAN-001,SanaPlus PainRelief,OTC,SanaPlus,Wholesale,6,8.12,GBP,0.1,48.72,43.85
TXN-GB-3-000202,2026-08-27 11:39:55,2026-08-27 11:42:55,GB,Legacy Oracle EBS,E,SAN-002,SanaPlus ColdFlu,OTC,SanaPlus,Pharmacy/B2B,3,8.97,GBP,0.2,26.91,21.53
TXN-GB-3-000203,2026-08-27 10:16:41,2026-08-27 10:18:41,GB,Legacy Oracle EBS,E,DER-001,Dermacare GlowSerum,Aesthetic,Dermacare,Pharmacy/B2B,5,27.35,GBP,0.0,136.75,136.75
TXN-GB-3-000204,2026-08-27 03:41:56,2026-08-27 03:42:56,GB,Legacy Oracle EBS,E,VIT-002,Vitalis Multivit,Supplement,Vitalis,Wholesale,11,14.53,GBP,0.0,159.83,159.83
TXN-GB-3-000205,2026-08-27 01:30:10,2026-08-27 01:35:10,GB,Legacy Oracle EBS,E,DER-001,Dermacare GlowSerum,Aesthetic,Dermacare,Pharmacy/B2B,1,27.35,GBP,0.0,27.35,27.35
TXN-GB-3-000206,2026-08-27 23:08:58,2026-08-27 23:11:58,GB,Legacy Oracle EBS,E,MED-002,Medora Derm Cream,Prescription,Medora,E-commerce,7,22.22,GBP,0.15,155.54,132.21
TXN-GB-3-000207,2026-08-27 15:22:26,2026-08-27 15:25:26,GB,Legacy Oracle EBS,E,PUR-002,PureLife BP Monitor,Medical Device,PureLife,Wholesale,9,76.92,GBP,0.15,692.28,588.44
TXN-GB-3-000208,2026-08-27 09:54:45,2026-08-27 09:57:45,GB,Legacy Oracle EBS,E,VIT-002,Vitalis Multivit,Supplement,Vitalis,Wholesale,12,14.53,GBP,0.05,174.36,165.64
TXN-GB-3-000209,2026-08-27 04:13:43,2026-08-27 04:14:43,GB,Legacy Oracle EBS,E,PUR-002,PureLife BP Monitor,Medical Device,PureLife,E-commerce,6,76.92,GBP,0.2,461.52,369.22
TXN-GB-3-000210,2026-08-27 20:39:34,2026-08-27 20:42:34,GB,Legacy Oracle EBS,E,SAN-001,SanaPlus PainRelief,OTC,SanaPlus,D2C,3,8.12,GBP,0.1,24.36,21.92
TXN-GB-3-000211,2026-08-27 16:08:31,2026-08-27 16:13:31,GB,Legacy Oracle EBS,E,MED-002,Medora Derm Cream,Prescription,Medora,D2C,9,22.22,GBP,0.1,199.98,179.98
TXN-GB-3-000212,2026-08-27 02:37:53,2026-08-27 02:43:53,GB,Legacy Oracle EBS,E,VIT-002,Vitalis Multivit,Supplement,Vitalis,D2C,2,14.53,GBP,0.0,29.06,29.06
TXN-GB-3-000213,2026-08-27 17:43:37,2026-08-27 17:49:37,GB,Legacy Oracle EBS,E,PUR-002,PureLife BP Monitor,Medical Device,PureLife,Pharmacy/B2B,10,76.92,GBP,0.2,769.2,615.36
TXN-GB-3-000214,2026-08-27 05:05:28,2026-08-27 05:10:28,GB,Legacy Oracle EBS,E,MED-002,Medora Derm Cream,Prescription,Medora,E-commerce,7,22.22,GBP,0.1,155.54,139.99
TXN-GB-3-000215,2026-08-27 09:45:53,2026-08-27 09:49:53,GB,Legacy Oracle EBS,E,MED-002,Medora Derm Cream,Prescription,Medora,Wholesale,11,22.22,GBP,0.05,244.42,232.2
TXN-GB-3-000216,2026-08-27 03:46:33,2026-08-27 03:47:33,GB,Legacy Oracle EBS,E,MED-001,Medora Cardio 10mg,Prescription,Medora,Pharmacy/B2B,8,36.75,GBP,0.1,294.0,264.6
TXN-GB-3-000217,2026-08-27 20:25:58,2026-08-27 20:28:58,GB,Legacy Oracle EBS,E,MED-002,Medora Derm Cream,Prescription,Medora,E-commerce,11,22.22,GBP,0.0,244.42,244.42
TXN-GB-3-000218,2026-08-27 19:33:37,2026-08-27 19:34:37,GB,Legacy Oracle EBS,E,SAN-001,SanaPlus PainRelief,OTC,SanaPlus,E-commerce,10,8.12,GBP,0.2,81.2,64.96
TXN-GB-3-000219,2026-08-27 21:31:46,2026-08-27 21:35:46,GB,Legacy Oracle EBS,E,PUR-002,PureLife BP Monitor,Medical Device,PureLife,E-commerce,11,76.92,GBP,0.05,846.12,803.81
TXN-GB-3-000220,2026-08-27 04:19:56,2026-08-27 04:23:56,GB,Legacy Oracle EBS,E,DER-001,Dermacare GlowSerum,Aesthetic,Dermacare,E-commerce,5,27.35,GBP,0.0,136.75,136.75
TXN-GB-3-000221,2026-08-27 04:05:19,2026-08-27 04:09:19,GB,Legacy Oracle EBS,E,SAN-002,SanaPlus ColdFlu,OTC,SanaPlus,E-commerce,4,8.97,GBP,0.0,35.88,35.88
TXN-GB-3-000222,2026-08-27 07:19:07,2026-08-27 07:25:07,GB,Legacy Oracle EBS,E,SAN-002,SanaPlus ColdFlu,OTC,SanaPlus,E-commerce,7,8.97,GBP,0.15,62.79,53.37
TXN-GB-3-000223,2026-08-27 00:17:35,2026-08-27 00:19:35,GB,Legacy Oracle EBS,E,SAN-001,SanaPlus PainRelief,OTC,SanaPlus,Wholesale,10,8.12,GBP,0.05,81.2,77.14
TXN-GB-3-000224,2026-08-27 14:47:54,2026-08-27 14:49:54,GB,Legacy Oracle EBS,E,SAN-002,SanaPlus ColdFlu,OTC,SanaPlus,Wholesale,4,8.97,GBP,0.2,35.88,28.7
TXN-GB-3-000225,2026-08-27 11:20:29,2026-08-27 11:26:29,GB,Legacy Oracle EBS,E,DER-001,Dermacare GlowSerum,Aesthetic,Dermacare,E-commerce,4,27.35,GBP,0.0,109.4,109.4
TXN-GB-3-000226,2026-08-27 03:08:46,2026-08-27 03:12:46,GB,Legacy Oracle EBS,E,PUR-001,PureLife GlucoMonitor,Medical Device,PureLife,E-commerce,5,72.65,GBP,0.2,363.25,290.6
TXN-GB-3-000227,2026-08-27 03:33:27,2026-08-27 03:38:27,GB,Legacy Oracle EBS,E,DER-002,Dermacare LiftCream,Aesthetic,Dermacare,D2C,4,31.62,GBP,0.0,126.48,126.48
TXN-GB-3-000228,2026-08-27 04:59:03,2026-08-27 05:04:03,GB,Legacy Oracle EBS,E,SAN-001,SanaPlus PainRelief,OTC,SanaPlus,Pharmacy/B2B,10,8.12,GBP,0.0,81.2,81.2
TXN-GB-3-000229,2026-08-27 21:55:18,2026-08-27 22:01:18,GB,Legacy Oracle EBS,E,SAN-001,SanaPlus PainRelief,OTC,SanaPlus,E-commerce,4,8.12,GBP,0.0,32.48,32.48
TXN-GB-3-000230,2026-08-27 01:04:12,2026-08-27 01:06:12,GB,Legacy Oracle EBS,E,VIT-002,Vitalis Multivit,Supplement,Vitalis,E-commerce,7,14.53,GBP,0.0,101.71,101.71
TXN-GB-3-000231,2026-08-27 14:50:19,2026-08-27 14:53:19,GB,Legacy Oracle EBS,E,MED-002,Medora Derm Cream,Prescription,Medora,Pharmacy/B2B,7,22.22,GBP,0.0,155.54,155.54
TXN-GB-3-000232,2026-08-27 07:32:20,2026-08-27 07:33:20,GB,Legacy Oracle EBS,E,PUR-002,PureLife BP Monitor,Medical Device,PureLife,E-commerce,8,76.92,GBP,0.0,615.36,615.36
TXN-GB-3-000233,2026-08-27 18:08:11,2026-08-27 18:13:11,GB,Legacy Oracle EBS,E,DER-001,Dermacare GlowSerum,Aesthetic,Dermacare,Pharmacy/B2B,1,27.35,GBP,0.2,27.35,21.88
TXN-GB-3-000234,2026-08-27 00:22:36,2026-08-27 00:27:36,GB,Legacy Oracle EBS,E,DER-002,Dermacare LiftCream,Aesthetic,Dermacare,E-commerce,10,31.62,GBP,0.2,316.2,252.96
TXN-GB-3-000235,2026-08-27 06:32:46,2026-08-27 06:35:46,GB,Legacy Oracle EBS,E,VIT-001,Vitalis C1000,Supplement,Vitalis,Pharmacy/B2B,7,17.95,GBP,0.0,125.65,125.65
TXN-GB-3-000236,2026-08-27 20:48:30,2026-08-27 20:52:30,GB,Legacy Oracle EBS,E,DER-002,Dermacare LiftCream,Aesthetic,Dermacare,Wholesale,4,31.62,GBP,0.1,126.48,113.83
TXN-GB-3-000237,2026-08-27 06:27:37,2026-08-27 06:33:37,GB,Legacy Oracle EBS,E,VIT-002,Vitalis Multivit,Supplement,Vitalis,E-commerce,11,14.53,GBP,0.0,159.83,159.83
TXN-GB-3-000238,2026-08-27 04:16:24,2026-08-27 04:17:24,GB,Legacy Oracle EBS,E,VIT-001,Vitalis C1000,Supplement,Vitalis,Wholesale,9,17.95,GBP,0.15,161.55,137.32
TXN-GB-3-000239,2026-08-27 07:45:05,2026-08-27 07:47:05,GB,Legacy Oracle EBS,E,MED-002,Medora Derm Cream,Prescription,Medora,Wholesale,12,22.22,GBP,0.0,266.64,266.64
TXN-GB-3-000240,2026-08-27 08:20:00,2026-08-27 08:21:00,GB,Legacy Oracle EBS,E,MED-002,Medora Derm Cream,Prescription,Medora,Wholesale,2,22.22,GBP,0.2,44.44,35.55
TXN-GB-3-000241,2026-08-27 20:42:47,2026-08-27 20:47:47,GB,Legacy Oracle EBS,E,MED-002,Medora Derm Cream,Prescription,Medora,Pharmacy/B2B,7,22.22,GBP,0.0,155.54,155.54
TXN-GB-3-000242,2026-08-27 02:20:30,2026-08-27 02:26:30,GB,Legacy Oracle EBS,E,DER-002,Dermacare LiftCream,Aesthetic,Dermacare,D2C,6,31.62,GBP,0.2,189.72,151.78
TXN-GB-3-000243,2026-08-27 20:08:58,2026-08-27 20:09:58,GB,Legacy Oracle EBS,E,PUR-002,PureLife BP Monitor,Medical Device,PureLife,Wholesale,5,76.92,GBP,0.2,384.6,307.68
TXN-GB-3-000244,2026-08-27 03:04:08,2026-08-27 03:08:08,GB,Legacy Oracle EBS,E,SAN-001,SanaPlus PainRelief,OTC,SanaPlus,E-commerce,8,8.12,GBP,0.0,64.96,64.96
TXN-GB-3-000245,2026-08-27 00:52:27,2026-08-27 00:55:27,GB,Legacy Oracle EBS,E,SAN-002,SanaPlus ColdFlu,OTC,SanaPlus,E-commerce,2,8.97,GBP,0.1,17.94,16.15
TXN-GB-3-000246,2026-08-27 10:26:47,2026-08-27 10:28:47,GB,Legacy Oracle EBS,E,DER-001,Dermacare GlowSerum,Aesthetic,Dermacare,Pharmacy/B2B,11,27.35,GBP,0.0,300.85,300.85
TXN-GB-3-000247,2026-08-27 03:46:11,2026-08-27 03:51:11,GB,Legacy Oracle EBS,E,MED-002,Medora Derm Cream,Prescription,Medora,E-commerce,10,22.22,GBP,0.1,222.2,199.98
TXN-GB-3-000248,2026-08-27 13:15:14,2026-08-27 13:21:14,GB,Legacy Oracle EBS,E,DER-002,Dermacare LiftCream,Aesthetic,Dermacare,D2C,9,31.62,GBP,0.1,284.58,256.12
TXN-GB-3-000249,2026-08-27 00:12:18,2026-08-27 00:13:18,GB,Legacy Oracle EBS,E,MED-002,Medora Derm Cream,Prescription,Medora,Wholesale,8,22.22,GBP,0.1,177.76,159.98
TXN-GB-3-000250,2026-08-27 00:34:49,2026-08-27 00:38:49,GB,Legacy Oracle EBS,E,VIT-002,Vitalis Multivit,Supplement,Vitalis,D2C,7,14.53,GBP,0.15,101.71,86.45
TXN-GB-3-000251,2026-08-27 05:19:49,2026-08-27 05:21:49,GB,Legacy Oracle EBS,E,PUR-001,PureLife GlucoMonitor,Medical Device,PureLife,Pharmacy/B2B,3,72.65,GBP,0.05,217.95,207.05
TXN-GB-3-000252,2026-08-27 18:03:23,2026-08-27 18:08:23,GB,Legacy Oracle EBS,E,SAN-001,SanaPlus PainRelief,OTC,SanaPlus,Pharmacy/B2B,2,8.12,GBP,0.05,16.24,15.43
TXN-GB-3-000253,2026-08-27 20:22:11,2026-08-27 20:27:11,GB,Legacy Oracle EBS,E,PUR-002,PureLife BP Monitor,Medical Device,PureLife,Wholesale,3,76.92,GBP,0.15,230.76,196.15
TXN-GB-3-000254,2026-08-27 16:16:02,2026-08-27 16:19:02,GB,Legacy Oracle EBS,E,PUR-001,PureLife GlucoMonitor,Medical Device,PureLife,D2C,7,72.65,GBP,0.0,508.55,508.55
TXN-GB-3-000255,2026-08-27 08:01:55,2026-08-27 08:05:55,GB,Legacy Oracle EBS,E,DER-001,Dermacare GlowSerum,Aesthetic,Dermacare,E-commerce,7,27.35,GBP,0.0,191.45,191.45
TXN-GB-3-000256,2026-08-27 20:27:05,2026-08-27 20:31:05,GB,Legacy Oracle EBS,E,VIT-002,Vitalis Multivit,Supplement,Vitalis,D2C,5,14.53,GBP,0.1,72.65,65.39
TXN-GB-3-000257,2026-08-27 16:59:41,2026-08-27 17:03:41,GB,Legacy Oracle EBS,E,VIT-001,Vitalis C1000,Supplement,Vitalis,Pharmacy/B2B,10,17.95,GBP,0.15,179.5,152.57
TXN-GB-3-000258,2026-08-27 19:03:27,2026-08-27 19:05:27,GB,Legacy Oracle EBS,E,MED-002,Medora Derm Cream,Prescription,Medora,Pharmacy/B2B,11,22.22,GBP,0.0,244.42,244.42
TXN-GB-3-000259,2026-08-27 03:38:12,2026-08-27 03:42:12,GB,Legacy Oracle EBS,E,PUR-001,PureLife GlucoMonitor,Medical Device,PureLife,D2C,10,72.65,GBP,0.15,726.5,617.52
TXN-GB-3-000260,2026-08-27 00:22:35,2026-08-27 00:28:35,GB,Legacy Oracle EBS,E,MED-002,Medora Derm Cream,Prescription,Medora,E-commerce,7,22.22,GBP,0.15,155.54,132.21
TXN-GB-3-000261,2026-08-27 00:23:58,2026-08-27 00:25:58,GB,Legacy Oracle EBS,E,SAN-002,SanaPlus ColdFlu,OTC,SanaPlus,E-commerce,3,8.97,GBP,0.2,26.91,21.53
TXN-GB-3-000262,2026-08-27 09:47:35,2026-08-27 09:52:35,GB,Legacy Oracle EBS,E,SAN-001,SanaPlus PainRelief,OTC,SanaPlus,Pharmacy/B2B,6,8.12,GBP,0.1,48.72,43.85
TXN-GB-3-000263,2026-08-27 21:28:06,2026-08-27 21:29:06,GB,Legacy Oracle EBS,E,SAN-001,SanaPlus PainRelief,OTC,SanaPlus,Wholesale,1,8.12,GBP,0.1,8.12,7.31
TXN-GB-3-000264,2026-08-27 05:26:17,2026-08-27 05:32:17,GB,Legacy Oracle EBS,E,DER-001,Dermacare GlowSerum,Aesthetic,Dermacare,D2C,1,27.35,GBP,0.05,27.35,25.98
TXN-GB-3-000265,2026-08-27 10:04:39,2026-08-27 10:09:39,GB,Legacy Oracle EBS,E,VIT-001,Vitalis C1000,Supplement,Vitalis,E-commerce,11,17.95,GBP,0.05,197.45,187.58
TXN-GB-3-000266,2026-08-27 22:02:41,2026-08-27 22:06:41,GB,Legacy Oracle EBS,E,MED-002,Medora Derm Cream,Prescription,Medora,E-commerce,6,22.22,GBP,0.05,133.32,126.65
TXN-GB-3-000267,2026-08-27 18:49:36,2026-08-27 18:51:36,GB,Legacy Oracle EBS,E,DER-001,Dermacare GlowSerum,Aesthetic,Dermacare,Pharmacy/B2B,12,27.35,GBP,0.2,328.2,262.56
TXN-GB-3-000268,2026-08-27 20:21:46,2026-08-27 20:23:46,GB,Legacy Oracle EBS,E,VIT-001,Vitalis C1000,Supplement,Vitalis,D2C,2,17.95,GBP,0.0,35.9,35.9
TXN-GB-3-000269,2026-08-27 03:19:27,2026-08-27 03:25:27,GB,Legacy Oracle EBS,E,DER-001,Dermacare GlowSerum,Aesthetic,Dermacare,Wholesale,7,27.35,GBP,0.15,191.45,162.73
TXN-GB-3-000270,2026-08-27 22:16:34,2026-08-27 22:21:34,GB,Legacy Oracle EBS,E,PUR-002,PureLife BP Monitor,Medical Device,PureLife,Pharmacy/B2B,10,76.92,GBP,0.0,769.2,769.2
TXN-GB-3-000271,2026-08-27 21:49:23,2026-08-27 21:52:23,GB,Legacy Oracle EBS,E,MED-002,Medora Derm Cream,Prescription,Medora,Wholesale,9,22.22,GBP,0.15,199.98,169.98
TXN-GB-3-000272,2026-08-27 01:51:36,2026-08-27 01:54:36,GB,Legacy Oracle EBS,E,MED-001,Medora Cardio 10mg,Prescription,Medora,D2C,1,36.75,GBP,0.15,36.75,31.24
TXN-GB-3-000273,2026-08-27 22:19:34,2026-08-27 22:21:34,GB,Legacy Oracle EBS,E,VIT-001,Vitalis C1000,Supplement,Vitalis,Wholesale,8,17.95,GBP,0.0,143.6,143.6
TXN-GB-3-000274,2026-08-27 19:27:28,2026-08-27 19:31:28,GB,Legacy Oracle EBS,E,DER-001,Dermacare GlowSerum,Aesthetic,Dermacare,E-commerce,5,27.35,GBP,0.0,136.75,136.75
TXN-GB-3-000275,2026-08-27 23:16:00,2026-08-27 23:18:00,GB,Legacy Oracle EBS,E,MED-001,Medora Cardio 10mg,Prescription,Medora,Pharmacy/B2B,5,36.75,GBP,0.05,183.75,174.56
TXN-GB-3-000276,2026-08-27 01:39:59,2026-08-27 01:41:59,GB,Legacy Oracle EBS,E,MED-002,Medora Derm Cream,Prescription,Medora,D2C,12,22.22,GBP,0.0,266.64,266.64
TXN-GB-3-000277,2026-08-27 13:51:06,2026-08-27 13:54:06,GB,Legacy Oracle EBS,E,SAN-001,SanaPlus PainRelief,OTC,SanaPlus,D2C,4,8.12,GBP,0.0,32.48,32.48
TXN-GB-3-000278,2026-08-27 11:54:06,2026-08-27 11:59:06,GB,Legacy Oracle EBS,E,SAN-001,SanaPlus PainRelief,OTC,SanaPlus,E-commerce,5,8.12,GBP,0.05,40.6,38.57
TXN-GB-3-000279,2026-08-27 16:01:23,2026-08-27 16:07:23,GB,Legacy Oracle EBS,E,MED-001,Medora Cardio 10mg,Prescription,Medora,D2C,12,36.75,GBP,0.0,441.0,441.0
TXN-GB-3-000280,2026-08-27 00:25:50,2026-08-27 00:28:50,GB,Legacy Oracle EBS,E,VIT-002,Vitalis Multivit,Supplement,Vitalis,Wholesale,4,14.53,GBP,0.05,58.12,55.21
TXN-GB-3-000281,2026-08-27 02:31:05,2026-08-27 02:37:05,GB,Legacy Oracle EBS,E,VIT-001,Vitalis C1000,Supplement,Vitalis,D2C,7,17.95,GBP,0.2,125.65,100.52
TXN-GB-3-000282,2026-08-27 20:57:37,2026-08-27 21:03:37,GB,Legacy Oracle EBS,E,PUR-001,PureLife GlucoMonitor,Medical Device,PureLife,Pharmacy/B2B,2,72.65,GBP,0.0,145.3,145.3
TXN-GB-3-000283,2026-08-27 09:09:57,2026-08-27 09:13:57,GB,Legacy Oracle EBS,E,SAN-001,SanaPlus PainRelief,OTC,SanaPlus,D2C,4,8.12,GBP,0.2,32.48,25.98
TXN-GB-3-000284,2026-08-27 03:52:37,2026-08-27 03:57:37,GB,Legacy Oracle EBS,E,VIT-001,Vitalis C1000,Supplement,Vitalis,D2C,12,17.95,GBP,0.05,215.4,204.63
TXN-GB-3-000285,2026-08-27 17:11:27,2026-08-27 17:12:27,GB,Legacy Oracle EBS,E,MED-002,Medora Derm Cream,Prescription,Medora,Wholesale,9,22.22,GBP,0.1,199.98,179.98
TXN-GB-3-000286,2026-08-27 03:36:46,2026-08-27 03:38:46,GB,Legacy Oracle EBS,E,SAN-002,SanaPlus ColdFlu,OTC,SanaPlus,D2C,4,8.97,GBP,0.0,35.88,35.88
TXN-GB-3-000287,2026-08-27 02:53:41,2026-08-27 02:58:41,GB,Legacy Oracle EBS,E,MED-002,Medora Derm Cream,Prescription,Medora,E-commerce,7,22.22,GBP,0.0,155.54,155.54
TXN-GB-3-000288,2026-08-27 04:05:04,2026-08-27 04:08:04,GB,Legacy Oracle EBS,E,MED-001,Medora Cardio 10mg,Prescription,Medora,Wholesale,10,36.75,GBP,0.0,367.5,367.5
TXN-GB-3-000289,2026-08-27 14:52:26,2026-08-27 14:56:26,GB,Legacy Oracle EBS,E,SAN-002,SanaPlus ColdFlu,OTC,SanaPlus,Wholesale,7,8.97,GBP,0.1,62.79,56.51
TXN-GB-3-000290,2026-08-27 02:32:00,2026-08-27 02:38:00,GB,Legacy Oracle EBS,E,VIT-001,Vitalis C1000,Supplement,Vitalis,Pharmacy/B2B,2,17.95,GBP,0.0,35.9,35.9
TXN-GB-3-000291,2026-08-27 11:59:39,2026-08-27 12:04:39,GB,Legacy Oracle EBS,E,VIT-002,Vitalis Multivit,Supplement,Vitalis,D2C,3,14.53,GBP,0.0,43.59,43.59
TXN-GB-3-000292,2026-08-27 20:49:06,2026-08-27 20:54:06,GB,Legacy Oracle EBS,E,VIT-001,Vitalis C1000,Supplement,Vitalis,Wholesale,11,17.95,GBP,0.1,197.45,177.7
TXN-GB-3-000293,2026-08-27 14:51:55,2026-08-27 14:52:55,GB,Legacy Oracle EBS,E,PUR-002,PureLife BP Monitor,Medical Device,PureLife,D2C,11,76.92,GBP,0.0,846.12,846.12
TXN-GB-3-000294,2026-08-27 12:06:15,2026-08-27 12:09:15,GB,Legacy Oracle EBS,E,SAN-002,SanaPlus ColdFlu,OTC,SanaPlus,Wholesale,3,8.97,GBP,0.1,26.91,24.22
TXN-GB-3-000295,2026-08-27 03:37:51,2026-08-27 03:39:51,GB,Legacy Oracle EBS,E,DER-001,Dermacare GlowSerum,Aesthetic,Dermacare,E-commerce,3,27.35,GBP,0.05,82.05,77.95
TXN-GB-3-000296,2026-08-27 15:26:11,2026-08-27 15:30:11,GB,Legacy Oracle EBS,E,PUR-002,PureLife BP Monitor,Medical Device,PureLife,E-commerce,8,76.92,GBP,0.15,615.36,523.06
TXN-GB-3-000297,2026-08-27 20:55:54,2026-08-27 20:56:54,GB,Legacy Oracle EBS,E,SAN-002,SanaPlus ColdFlu,OTC,SanaPlus,D2C,2,8.97,GBP,0.0,17.94,17.94
TXN-GB-3-000298,2026-08-27 06:49:39,2026-08-27 06:50:39,GB,Legacy Oracle EBS,E,DER-002,Dermacare LiftCream,Aesthetic,Dermacare,D2C,12,31.62,GBP,0.05,379.44,360.47
TXN-GB-3-000299,2026-08-27 05:35:09,2026-08-27 05:37:09,GB,Legacy Oracle EBS,E,PUR-001,PureLife GlucoMonitor,Medical Device,PureLife,E-commerce,11,72.65,GBP,0.05,799.15,759.19
TXN-GB-3-000300,2026-08-27 23:02:16,2026-08-27 23:04:16,GB,Legacy Oracle EBS,E,DER-001,Dermacare GlowSerum,Aesthetic,Dermacare,Pharmacy/B2B,6,27.35,GBP,0.0,164.1,164.1
TXN-GB-3-000301,2026-08-27 17:40:56,2026-08-27 17:42:56,GB,Legacy Oracle EBS,E,MED-002,Medora Derm Cream,Prescription,Medora,D2C,5,22.22,GBP,0.15,111.1,94.43
TXN-GB-3-000302,2026-08-27 03:24:49,2026-08-27 03:26:49,GB,Legacy Oracle EBS,E,MED-001,Medora Cardio 10mg,Prescription,Medora,D2C,8,36.75,GBP,0.0,294.0,294.0
TXN-GB-3-000303,2026-08-27 14:41:03,2026-08-27 14:43:03,GB,Legacy Oracle EBS,E,PUR-002,PureLife BP Monitor,Medical Device,PureLife,D2C,3,76.92,GBP,0.0,230.76,230.76
TXN-GB-3-000304,2026-08-27 14:41:33,2026-08-27 14:47:33,GB,Legacy Oracle EBS,E,DER-001,Dermacare GlowSerum,Aesthetic,Dermacare,E-commerce,12,27.35,GBP,0.0,328.2,328.2
TXN-GB-3-000305,2026-08-27 03:05:05,2026-08-27 03:09:05,GB,Legacy Oracle EBS,E,MED-001,Medora Cardio 10mg,Prescription,Medora,E-commerce,9,36.75,GBP,0.0,330.75,330.75
TXN-GB-3-000306,2026-08-27 18:50:53,2026-08-27 18:51:53,GB,Legacy Oracle EBS,E,DER-002,Dermacare LiftCream,Aesthetic,Dermacare,E-commerce,7,31.62,GBP,0.15,221.34,188.14
TXN-GB-3-000307,2026-08-27 11:42:19,2026-08-27 11:43:19,GB,Legacy Oracle EBS,E,MED-002,Medora Derm Cream,Prescription,Medora,E-commerce,4,22.22,GBP,0.0,88.88,88.88
TXN-GB-3-000308,2026-08-27 16:44:11,2026-08-27 16:47:11,GB,Legacy Oracle EBS,E,SAN-001,SanaPlus PainRelief,OTC,SanaPlus,Wholesale,11,8.12,GBP,0.0,89.32,89.32
TXN-GB-3-000309,2026-08-27 01:25:52,2026-08-27 01:26:52,GB,Legacy Oracle EBS,E,SAN-001,SanaPlus PainRelief,OTC,SanaPlus,E-commerce,2,8.12,GBP,0.15,16.24,13.8
TXN-GB-3-000310,2026-08-27 18:13:32,2026-08-27 18:18:32,GB,Legacy Oracle EBS,E,MED-001,Medora Cardio 10mg,Prescription,Medora,Wholesale,10,36.75,GBP,0.0,367.5,367.5
TXN-GB-3-000311,2026-08-27 23:07:03,2026-08-27 23:08:03,GB,Legacy Oracle EBS,E,SAN-001,SanaPlus PainRelief,OTC,SanaPlus,E-commerce,8,8.12,GBP,0.0,64.96,64.96
TXN-GB-3-000312,2026-08-27 13:13:06,2026-08-27 13:17:06,GB,Legacy Oracle EBS,E,SAN-001,SanaPlus PainRelief,OTC,SanaPlus,Pharmacy/B2B,1,8.12,GBP,0.15,8.12,6.9
TXN-GB-3-000313,2026-08-27 03:40:16,2026-08-27 03:42:16,GB,Legacy Oracle EBS,E,VIT-001,Vitalis C1000,Supplement,Vitalis,Wholesale,4,17.95,GBP,0.0,71.8,71.8
TXN-GB-3-000314,2026-08-27 01:45:47,2026-08-27 01:46:47,GB,Legacy Oracle EBS,E,MED-002,Medora Derm Cream,Prescription,Medora,E-commerce,10,22.22,GBP,0.15,222.2,188.87
TXN-GB-3-000315,2026-08-27 20:20:41,2026-08-27 20:25:41,GB,Legacy Oracle EBS,E,MED-001,Medora Cardio 10mg,Prescription,Medora,E-commerce,9,36.75,GBP,0.1,330.75,297.68
TXN-GB-3-000316,2026-08-27 04:43:29,2026-08-27 04:44:29,GB,Legacy Oracle EBS,E,MED-001,Medora Cardio 10mg,Prescription,Medora,D2C,6,36.75,GBP,0.0,220.5,220.5
TXN-GB-3-000317,2026-08-27 19:47:04,2026-08-27 19:50:04,GB,Legacy Oracle EBS,E,DER-001,Dermacare GlowSerum,Aesthetic,Dermacare,Pharmacy/B2B,9,27.35,GBP,0.05,246.15,233.84
TXN-GB-3-000318,2026-08-27 13:23:22,2026-08-27 13:28:22,GB,Legacy Oracle EBS,E,SAN-001,SanaPlus PainRelief,OTC,SanaPlus,Wholesale,3,8.12,GBP,0.05,24.36,23.14
TXN-GB-3-000319,2026-08-27 02:38:11,2026-08-27 02:40:11,GB,Legacy Oracle EBS,E,VIT-001,Vitalis C1000,Supplement,Vitalis,E-commerce,2,17.95,GBP,0.05,35.9,34.1
TXN-GB-3-000320,2026-08-27 19:12:00,2026-08-27 19:14:00,GB,Legacy Oracle EBS,E,PUR-001,PureLife GlucoMonitor,Medical Device,PureLife,Pharmacy/B2B,11,72.65,GBP,0.1,799.15,719.24
TXN-GB-3-000321,2026-08-27 02:58:56,2026-08-27 03:02:56,GB,Legacy Oracle EBS,E,VIT-001,Vitalis C1000,Supplement,Vitalis,Pharmacy/B2B,8,17.95,GBP,0.0,143.6,143.6
TXN-GB-3-000322,2026-08-27 00:37:11,2026-08-27 00:38:11,GB,Legacy Oracle EBS,E,VIT-001,Vitalis C1000,Supplement,Vitalis,Wholesale,2,17.95,GBP,0.2,35.9,28.72
TXN-GB-3-000323,2026-08-27 08:34:19,2026-08-27 08:37:19,GB,Legacy Oracle EBS,E,DER-001,Dermacare GlowSerum,Aesthetic,Dermacare,E-commerce,12,27.35,GBP,0.0,328.2,328.2
TXN-GB-3-000324,2026-08-27 08:53:44,2026-08-27 08:58:44,GB,Legacy Oracle EBS,E,SAN-001,SanaPlus PainRelief,OTC,SanaPlus,D2C,4,8.12,GBP,0.05,32.48,30.86
TXN-GB-3-000325,2026-08-27 15:43:59,2026-08-27 15:46:59,GB,Legacy Oracle EBS,E,VIT-001,Vitalis C1000,Supplement,Vitalis,Pharmacy/B2B,5,17.95,GBP,0.0,89.75,89.75
TXN-GB-3-000326,2026-08-27 00:11:27,2026-08-27 00:13:27,GB,Legacy Oracle EBS,E,DER-001,Dermacare GlowSerum,Aesthetic,Dermacare,Pharmacy/B2B,4,27.35,GBP,0.0,109.4,109.4
TXN-GB-3-000327,2026-08-27 01:11:25,2026-08-27 01:17:25,GB,Legacy Oracle EBS,E,DER-002,Dermacare LiftCream,Aesthetic,Dermacare,Wholesale,12,31.62,GBP,0.1,379.44,341.5
TXN-GB-3-000328,2026-08-27 12:52:58,2026-08-27 12:53:58,GB,Legacy Oracle EBS,E,MED-001,Medora Cardio 10mg,Prescription,Medora,Wholesale,3,36.75,GBP,0.15,110.25,93.71
TXN-GB-3-000329,2026-08-27 08:42:53,2026-08-27 08:44:53,GB,Legacy Oracle EBS,E,PUR-002,PureLife BP Monitor,Medical Device,PureLife,D2C,2,76.92,GBP,0.05,153.84,146.15
TXN-GB-3-000330,2026-08-27 19:30:02,2026-08-27 19:36:02,GB,Legacy Oracle EBS,E,PUR-001,PureLife GlucoMonitor,Medical Device,PureLife,Pharmacy/B2B,12,72.65,GBP,0.0,871.8,871.8
TXN-GB-3-000331,2026-08-27 09:30:05,2026-08-27 09:32:05,GB,Legacy Oracle EBS,E,MED-002,Medora Derm Cream,Prescription,Medora,E-commerce,12,22.22,GBP,0.0,266.64,266.64
TXN-GB-3-000332,2026-08-27 04:57:33,2026-08-27 05:02:33,GB,Legacy Oracle EBS,E,PUR-001,PureLife GlucoMonitor,Medical Device,PureLife,Pharmacy/B2B,10,72.65,GBP,0.1,726.5,653.85
TXN-GB-3-000333,2026-08-27 04:42:59,2026-08-27 04:46:59,GB,Legacy Oracle EBS,E,SAN-001,SanaPlus PainRelief,OTC,SanaPlus,E-commerce,6,8.12,GBP,0.1,48.72,43.85
TXN-GB-3-000334,2026-08-27 05:25:43,2026-08-27 05:29:43,GB,Legacy Oracle EBS,E,VIT-001,Vitalis C1000,Supplement,Vitalis,D2C,5,17.95,GBP,0.15,89.75,76.29
TXN-GB-3-000335,2026-08-27 19:08:52,2026-08-27 19:12:52,GB,Legacy Oracle EBS,E,VIT-002,Vitalis Multivit,Supplement,Vitalis,Wholesale,8,14.53,GBP,0.15,116.24,98.8
TXN-GB-3-000336,2026-08-27 03:31:57,2026-08-27 03:34:57,GB,Legacy Oracle EBS,E,DER-001,Dermacare GlowSerum,Aesthetic,Dermacare,D2C,2,27.35,GBP,0.0,54.7,54.7
TXN-GB-3-000337,2026-08-27 01:39:13,2026-08-27 01:40:13,GB,Legacy Oracle EBS,E,PUR-001,PureLife GlucoMonitor,Medical Device,PureLife,Pharmacy/B2B,12,72.65,GBP,0.0,871.8,871.8
TXN-GB-3-000338,2026-08-27 11:23:01,2026-08-27 11:27:01,GB,Legacy Oracle EBS,E,DER-002,Dermacare LiftCream,Aesthetic,Dermacare,E-commerce,2,31.62,GBP,0.0,63.24,63.24
TXN-GB-3-000339,2026-08-27 06:40:52,2026-08-27 06:43:52,GB,Legacy Oracle EBS,E,MED-001,Medora Cardio 10mg,Prescription,Medora,E-commerce,12,36.75,GBP,0.1,441.0,396.9
TXN-GB-3-000340,2026-08-27 08:33:42,2026-08-27 08:36:42,GB,Legacy Oracle EBS,E,VIT-001,Vitalis C1000,Supplement,Vitalis,Wholesale,6,17.95,GBP,0.05,107.7,102.31
TXN-GB-3-000341,2026-08-27 02:57:16,2026-08-27 03:01:16,GB,Legacy Oracle EBS,E,MED-002,Medora Derm Cream,Prescription,Medora,E-commerce,10,22.22,GBP,0.2,222.2,177.76
TXN-GB-3-000342,2026-08-27 16:44:12,2026-08-27 16:50:12,GB,Legacy Oracle EBS,E,PUR-002,PureLife BP Monitor,Medical Device,PureLife,Wholesale,8,76.92,GBP,0.0,615.36,615.36
TXN-GB-3-000343,2026-08-27 16:53:23,2026-08-27 16:57:23,GB,Legacy Oracle EBS,E,MED-001,Medora Cardio 10mg,Prescription,Medora,D2C,2,36.75,GBP,0.0,73.5,73.5
TXN-GB-3-000344,2026-08-27 11:43:26,2026-08-27 11:47:26,GB,Legacy Oracle EBS,E,VIT-001,Vitalis C1000,Supplement,Vitalis,D2C,9,17.95,GBP,0.2,161.55,129.24
TXN-GB-3-000345,2026-08-27 16:25:14,2026-08-27 16:30:14,GB,Legacy Oracle EBS,E,MED-002,Medora Derm Cream,Prescription,Medora,E-commerce,6,22.22,GBP,0.2,133.32,106.66
TXN-GB-3-000346,2026-08-27 17:16:45,2026-08-27 17:18:45,GB,Legacy Oracle EBS,E,SAN-002,SanaPlus ColdFlu,OTC,SanaPlus,Wholesale,11,8.97,GBP,0.0,98.67,98.67
TXN-GB-3-000347,2026-08-27 17:51:54,2026-08-27 17:52:54,GB,Legacy Oracle EBS,E,MED-001,Medora Cardio 10mg,Prescription,Medora,E-commerce,6,36.75,GBP,0.0,220.5,220.5
TXN-GB-3-000348,2026-08-27 05:45:39,2026-08-27 05:47:39,GB,Legacy Oracle EBS,E,PUR-001,PureLife GlucoMonitor,Medical Device,PureLife,Pharmacy/B2B,12,72.65,GBP,0.1,871.8,784.62
TXN-GB-3-000349,2026-08-27 14:15:30,2026-08-27 14:17:30,GB,Legacy Oracle EBS,E,DER-001,Dermacare GlowSerum,Aesthetic,Dermacare,E-commerce,11,27.35,GBP,0.0,300.85,300.85
TXN-GB-3-000350,2026-08-27 15:34:07,2026-08-27 15:37:07,GB,Legacy Oracle EBS,E,VIT-002,Vitalis Multivit,Supplement,Vitalis,D2C,8,14.53,GBP,0.05,116.24,110.43
TXN-GB-3-000351,2026-08-27 16:14:25,2026-08-27 16:16:25,GB,Legacy Oracle EBS,E,VIT-002,Vitalis Multivit,Supplement,Vitalis,Wholesale,3,14.53,GBP,0.0,43.59,43.59
TXN-GB-3-000352,2026-08-27 10:19:13,2026-08-27 10:21:13,GB,Legacy Oracle EBS,E,SAN-002,SanaPlus ColdFlu,OTC,SanaPlus,E-commerce,9,8.97,GBP,0.1,80.73,72.66
TXN-GB-3-000353,2026-08-27 15:34:38,2026-08-27 15:38:38,GB,Legacy Oracle EBS,E,MED-001,Medora Cardio 10mg,Prescription,Medora,Wholesale,5,36.75,GBP,0.05,183.75,174.56
TXN-GB-3-000354,2026-08-27 12:17:58,2026-08-27 12:19:58,GB,Legacy Oracle EBS,E,VIT-001,Vitalis C1000,Supplement,Vitalis,D2C,11,17.95,GBP,0.0,197.45,197.45
TXN-GB-3-000355,2026-08-27 16:46:01,2026-08-27 16:48:01,GB,Legacy Oracle EBS,E,PUR-001,PureLife GlucoMonitor,Medical Device,PureLife,E-commerce,5,72.65,GBP,0.0,363.25,363.25
TXN-GB-3-000356,2026-08-27 16:24:39,2026-08-27 16:29:39,GB,Legacy Oracle EBS,E,VIT-002,Vitalis Multivit,Supplement,Vitalis,Wholesale,6,14.53,GBP,0.0,87.18,87.18
TXN-GB-3-000357,2026-08-27 18:26:39,2026-08-27 18:31:39,GB,Legacy Oracle EBS,E,PUR-002,PureLife BP Monitor,Medical Device,PureLife,D2C,11,76.92,GBP,0.0,846.12,846.12
TXN-GB-3-000358,2026-08-27 01:27:49,2026-08-27 01:30:49,GB,Legacy Oracle EBS,E,PUR-002,PureLife BP Monitor,Medical Device,PureLife,E-commerce,11,76.92,GBP,0.0,846.12,846.12
TXN-GB-3-000359,2026-08-27 14:24:42,2026-08-27 14:30:42,GB,Legacy Oracle EBS,E,VIT-002,Vitalis Multivit,Supplement,Vitalis,E-commerce,8,14.53,GBP,0.0,116.24,116.24
TXN-GB-3-000360,2026-08-27 14:05:24,2026-08-27 14:11:24,GB,Legacy Oracle EBS,E,DER-002,Dermacare LiftCream,Aesthetic,Dermacare,Pharmacy/B2B,1,31.62,GBP,0.0,31.62,31.62
TXN-GB-3-000361,2026-08-27 04:55:38,2026-08-27 05:00:38,GB,Legacy Oracle EBS,E,SAN-002,SanaPlus ColdFlu,OTC,SanaPlus,D2C,8,8.97,GBP,0.1,71.76,64.58
TXN-GB-3-000362,2026-08-27 20:12:30,2026-08-27 20:16:30,GB,Legacy Oracle EBS,E,VIT-002,Vitalis Multivit,Supplement,Vitalis,E-commerce,2,14.53,GBP,0.15,29.06,24.7
TXN-GB-3-000363,2026-08-27 14:36:06,2026-08-27 14:38:06,GB,Legacy Oracle EBS,E,PUR-001,PureLife GlucoMonitor,Medical Device,PureLife,E-commerce,4,72.65,GBP,0.0,290.6,290.6
TXN-GB-3-000364,2026-08-27 19:29:07,2026-08-27 19:34:07,GB,Legacy Oracle EBS,E,MED-001,Medora Cardio 10mg,Prescription,Medora,E-commerce,6,36.75,GBP,0.0,220.5,220.5
TXN-GB-3-000365,2026-08-27 22:27:10,2026-08-27 22:32:10,GB,Legacy Oracle EBS,E,PUR-001,PureLife GlucoMonitor,Medical Device,PureLife,Wholesale,2,72.65,GBP,0.0,145.3,145.3
TXN-GB-3-000366,2026-08-27 06:15:18,2026-08-27 06:16:18,GB,Legacy Oracle EBS,E,PUR-002,PureLife BP Monitor,Medical Device,PureLife,E-commerce,4,76.92,GBP,0.15,307.68,261.53
TXN-GB-3-000367,2026-08-27 15:31:10,2026-08-27 15:34:10,GB,Legacy Oracle EBS,E,DER-001,Dermacare GlowSerum,Aesthetic,Dermacare,Wholesale,7,27.35,GBP,0.0,191.45,191.45
TXN-GB-3-000368,2026-08-27 10:18:29,2026-08-27 10:24:29,GB,Legacy Oracle EBS,E,SAN-002,SanaPlus ColdFlu,OTC,SanaPlus,D2C,6,8.97,GBP,0.0,53.82,53.82
TXN-GB-3-000369,2026-08-27 05:31:36,2026-08-27 05:36:36,GB,Legacy Oracle EBS,E,SAN-001,SanaPlus PainRelief,OTC,SanaPlus,E-commerce,6,8.12,GBP,0.05,48.72,46.28
TXN-GB-3-000370,2026-08-27 18:34:12,2026-08-27 18:40:12,GB,Legacy Oracle EBS,E,PUR-001,PureLife GlucoMonitor,Medical Device,PureLife,D2C,8,72.65,GBP,0.2,581.2,464.96
TXN-GB-3-000371,2026-08-27 04:05:55,2026-08-27 04:08:55,GB,Legacy Oracle EBS,E,SAN-001,SanaPlus PainRelief,OTC,SanaPlus,Pharmacy/B2B,6,8.12,GBP,0.1,48.72,43.85
TXN-GB-3-000372,2026-08-27 18:04:22,2026-08-27 18:05:22,GB,Legacy Oracle EBS,E,SAN-002,SanaPlus ColdFlu,OTC,SanaPlus,D2C,2,8.97,GBP,0.2,17.94,14.35
TXN-GB-3-000373,2026-08-27 08:00:25,2026-08-27 08:03:25,GB,Legacy Oracle EBS,E,SAN-002,SanaPlus ColdFlu,OTC,SanaPlus,E-commerce,1,8.97,GBP,0.0,8.97,8.97
TXN-GB-3-000374,2026-08-27 13:00:47,2026-08-27 13:06:47,GB,Legacy Oracle EBS,E,VIT-002,Vitalis Multivit,Supplement,Vitalis,E-commerce,12,14.53,GBP,0.2,174.36,139.49
TXN-GB-3-000375,2026-08-27 11:27:20,2026-08-27 11:31:20,GB,Legacy Oracle EBS,E,DER-001,Dermacare GlowSerum,Aesthetic,Dermacare,D2C,8,27.35,GBP,0.2,218.8,175.04
TXN-GB-3-000376,2026-08-27 05:21:07,2026-08-27 05:25:07,GB,Legacy Oracle EBS,E,VIT-001,Vitalis C1000,Supplement,Vitalis,D2C,7,17.95,GBP,0.0,125.65,125.65
TXN-GB-3-000377,2026-08-27 14:27:46,2026-08-27 14:30:46,GB,Legacy Oracle EBS,E,PUR-001,PureLife GlucoMonitor,Medical Device,PureLife,D2C,10,72.65,GBP,0.2,726.5,581.2
TXN-GB-3-000378,2026-08-27 14:08:28,2026-08-27 14:10:28,GB,Legacy Oracle EBS,E,SAN-002,SanaPlus ColdFlu,OTC,SanaPlus,Wholesale,11,8.97,GBP,0.0,98.67,98.67
TXN-GB-3-000379,2026-08-27 18:32:12,2026-08-27 18:33:12,GB,Legacy Oracle EBS,E,MED-001,Medora Cardio 10mg,Prescription,Medora,D2C,8,36.75,GBP,0.2,294.0,235.2
TXN-GB-3-000380,2026-08-27 20:10:23,2026-08-27 20:15:23,GB,Legacy Oracle EBS,E,MED-001,Medora Cardio 10mg,Prescription,Medora,Pharmacy/B2B,5,36.75,GBP,0.0,183.75,183.75
TXN-GB-3-000381,2026-08-27 21:24:54,2026-08-27 21:29:54,GB,Legacy Oracle EBS,E,PUR-001,PureLife GlucoMonitor,Medical Device,PureLife,E-commerce,5,72.65,GBP,0.0,363.25,363.25
TXN-GB-3-000382,2026-08-27 21:45:43,2026-08-27 21:50:43,GB,Legacy Oracle EBS,E,DER-001,Dermacare GlowSerum,Aesthetic,Dermacare,Pharmacy/B2B,8,27.35,GBP,0.15,218.8,185.98
TXN-GB-3-000383,2026-08-27 14:57:43,2026-08-27 15:00:43,GB,Legacy Oracle EBS,E,SAN-001,SanaPlus PainRelief,OTC,SanaPlus,E-commerce,3,8.12,GBP,0.1,24.36,21.92
TXN-GB-3-000384,2026-08-27 00:12:22,2026-08-27 00:16:22,GB,Legacy Oracle EBS,E,DER-001,Dermacare GlowSerum,Aesthetic,Dermacare,D2C,9,27.35,GBP,0.0,246.15,246.15
TXN-GB-3-000385,2026-08-27 09:06:17,2026-08-27 09:12:17,GB,Legacy Oracle EBS,E,SAN-001,SanaPlus PainRelief,OTC,SanaPlus,Wholesale,8,8.12,GBP,0.2,64.96,51.97
TXN-GB-3-000386,2026-08-27 09:47:47,2026-08-27 09:52:47,GB,Legacy Oracle EBS,E,PUR-001,PureLife GlucoMonitor,Medical Device,PureLife,D2C,5,72.65,GBP,0.15,363.25,308.76
TXN-GB-3-000387,2026-08-27 19:33:53,2026-08-27 19:36:53,GB,Legacy Oracle EBS,E,MED-001,Medora Cardio 10mg,Prescription,Medora,Wholesale,8,36.75,GBP,0.15,294.0,249.9
TXN-GB-3-000388,2026-08-27 18:41:33,2026-08-27 18:42:33,GB,Legacy Oracle EBS,E,SAN-001,SanaPlus PainRelief,OTC,SanaPlus,D2C,7,8.12,GBP,0.2,56.84,45.47
TXN-GB-3-000389,2026-08-27 09:42:36,2026-08-27 09:48:36,GB,Legacy Oracle EBS,E,PUR-002,PureLife BP Monitor,Medical Device,PureLife,D2C,11,76.92,GBP,0.0,846.12,846.12
TXN-GB-3-000390,2026-08-27 21:29:08,2026-08-27 21:34:08,GB,Legacy Oracle EBS,E,VIT-001,Vitalis C1000,Supplement,Vitalis,D2C,9,17.95,GBP,0.15,161.55,137.32
TXN-GB-3-000391,2026-08-27 12:34:13,2026-08-27 12:39:13,GB,Legacy Oracle EBS,E,MED-002,Medora Derm Cream,Prescription,Medora,Pharmacy/B2B,7,22.22,GBP,0.0,155.54,155.54
TXN-GB-3-000392,2026-08-27 12:31:10,2026-08-27 12:37:10,GB,Legacy Oracle EBS,E,VIT-002,Vitalis Multivit,Supplement,Vitalis,D2C,4,14.53,GBP,0.0,58.12,58.12
TXN-GB-3-000393,2026-08-27 14:41:23,2026-08-27 14:45:23,GB,Legacy Oracle EBS,E,DER-002,Dermacare LiftCream,Aesthetic,Dermacare,Pharmacy/B2B,11,31.62,GBP,0.0,347.82,347.82
TXN-GB-3-000394,2026-08-27 20:03:47,2026-08-27 20:09:47,GB,Legacy Oracle EBS,E,PUR-001,PureLife GlucoMonitor,Medical Device,PureLife,Pharmacy/B2B,1,72.65,GBP,0.15,72.65,61.75
TXN-GB-3-000395,2026-08-27 15:58:56,2026-08-27 16:03:56,GB,Legacy Oracle EBS,E,MED-002,Medora Derm Cream,Prescription,Medora,Pharmacy/B2B,9,22.22,GBP,0.0,199.98,199.98
TXN-GB-3-000396,2026-08-27 18:37:05,2026-08-27 18:39:05,GB,Legacy Oracle EBS,E,SAN-001,SanaPlus PainRelief,OTC,SanaPlus,Pharmacy/B2B,8,8.12,GBP,0.1,64.96,58.46
TXN-GB-3-000397,2026-08-27 10:16:09,2026-08-27 10:20:09,GB,Legacy Oracle EBS,E,SAN-002,SanaPlus ColdFlu,OTC,SanaPlus,E-commerce,3,8.97,GBP,0.0,26.91,26.91
TXN-GB-3-000398,2026-08-27 13:57:50,2026-08-27 14:01:50,GB,Legacy Oracle EBS,E,VIT-001,Vitalis C1000,Supplement,Vitalis,D2C,3,17.95,GBP,0.15,53.85,45.77
TXN-GB-3-000399,2026-08-27 07:33:16,2026-08-27 07:34:16,GB,Legacy Oracle EBS,E,SAN-002,SanaPlus ColdFlu,OTC,SanaPlus,E-commerce,1,8.97,GBP,0.0,8.97,8.97
TXN-GB-3-000400,2026-08-27 03:07:10,2026-08-27 03:09:10,GB,Legacy Oracle EBS,E,VIT-001,Vitalis C1000,Supplement,Vitalis,Wholesale,1,17.95,GBP,0.1,17.95,16.16
TXN-GB-3-000401,2026-08-27 17:50:55,2026-08-27 17:52:55,GB,Legacy Oracle EBS,E,SAN-002,SanaPlus ColdFlu,OTC,SanaPlus,D2C,7,8.97,GBP,0.05,62.79,59.65
TXN-GB-3-000402,2026-08-27 05:39:23,2026-08-27 05:41:23,GB,Legacy Oracle EBS,E,VIT-002,Vitalis Multivit,Supplement,Vitalis,Pharmacy/B2B,9,14.53,GBP,0.1,130.77,117.69
TXN-GB-3-000403,2026-08-27 14:08:51,2026-08-27 14:09:51,GB,Legacy Oracle EBS,E,SAN-002,SanaPlus ColdFlu,OTC,SanaPlus,E-commerce,6,8.97,GBP,0.0,53.82,53.82
TXN-GB-3-000404,2026-08-27 17:19:33,2026-08-27 17:20:33,GB,Legacy Oracle EBS,E,VIT-002,Vitalis Multivit,Supplement,Vitalis,E-commerce,4,14.53,GBP,0.1,58.12,52.31
TXN-GB-3-000405,2026-08-27 12:21:49,2026-08-27 12:26:49,GB,Legacy Oracle EBS,E,DER-002,Dermacare LiftCream,Aesthetic,Dermacare,D2C,3,31.62,GBP,0.2,94.86,75.89
TXN-GB-3-000406,2026-08-27 07:52:39,2026-08-27 07:55:39,GB,Legacy Oracle EBS,E,DER-002,Dermacare LiftCream,Aesthetic,Dermacare,Wholesale,6,31.62,GBP,0.1,189.72,170.75
TXN-GB-3-000407,2026-08-27 07:36:23,2026-08-27 07:37:23,GB,Legacy Oracle EBS,E,SAN-001,SanaPlus PainRelief,OTC,SanaPlus,Pharmacy/B2B,12,8.12,GBP,0.05,97.44,92.57
TXN-GB-3-000408,2026-08-27 01:57:15,2026-08-27 02:01:15,GB,Legacy Oracle EBS,E,DER-002,Dermacare LiftCream,Aesthetic,Dermacare,D2C,11,31.62,GBP,0.05,347.82,330.43
TXN-GB-3-000409,2026-08-27 10:13:13,2026-08-27 10:14:13,GB,Legacy Oracle EBS,E,PUR-002,PureLife BP Monitor,Medical Device,PureLife,E-commerce,7,76.92,GBP,0.15,538.44,457.67
TXN-GB-3-000410,2026-08-27 00:07:43,2026-08-27 00:09:43,GB,Legacy Oracle EBS,E,SAN-001,SanaPlus PainRelief,OTC,SanaPlus,E-commerce,1,8.12,GBP,0.0,8.12,8.12
TXN-GB-3-000411,2026-08-27 03:10:19,2026-08-27 03:15:19,GB,Legacy Oracle EBS,E,DER-002,Dermacare LiftCream,Aesthetic,Dermacare,Pharmacy/B2B,3,31.62,GBP,0.0,94.86,94.86
TXN-GB-3-000412,2026-08-27 14:12:03,2026-08-27 14:14:03,GB,Legacy Oracle EBS,E,VIT-002,Vitalis Multivit,Supplement,Vitalis,Wholesale,5,14.53,GBP,0.0,72.65,72.65
TXN-GB-3-000413,2026-08-27 14:54:05,2026-08-27 15:00:05,GB,Legacy Oracle EBS,E,VIT-002,Vitalis Multivit,Supplement,Vitalis,Wholesale,4,14.53,GBP,0.05,58.12,55.21
TXN-GB-3-000414,2026-08-27 00:21:52,2026-08-27 00:24:52,GB,Legacy Oracle EBS,E,DER-002,Dermacare LiftCream,Aesthetic,Dermacare,D2C,8,31.62,GBP,0.2,252.96,202.37
TXN-GB-3-000415,2026-08-27 01:29:12,2026-08-27 01:33:12,GB,Legacy Oracle EBS,E,DER-001,Dermacare GlowSerum,Aesthetic,Dermacare,Wholesale,1,27.35,GBP,0.0,27.35,27.35
TXN-GB-3-000416,2026-08-27 03:07:33,2026-08-27 03:08:33,GB,Legacy Oracle EBS,E,MED-001,Medora Cardio 10mg,Prescription,Medora,D2C,2,36.75,GBP,0.0,73.5,73.5
TXN-GB-3-000417,2026-08-27 03:03:21,2026-08-27 03:09:21,GB,Legacy Oracle EBS,E,VIT-001,Vitalis C1000,Supplement,Vitalis,Wholesale,12,17.95,GBP,0.05,215.4,204.63
TXN-GB-3-000418,2026-08-27 15:51:25,2026-08-27 15:52:25,GB,Legacy Oracle EBS,E,VIT-002,Vitalis Multivit,Supplement,Vitalis,Wholesale,8,14.53,GBP,0.0,116.24,116.24
TXN-GB-3-000419,2026-08-27 21:11:30,2026-08-27 21:13:30,GB,Legacy Oracle EBS,E,PUR-001,PureLife GlucoMonitor,Medical Device,PureLife,E-commerce,11,72.65,GBP,0.15,799.15,679.28
TXN-GB-3-000420,2026-08-27 13:01:58,2026-08-27 13:06:58,GB,Legacy Oracle EBS,E,DER-001,Dermacare GlowSerum,Aesthetic,Dermacare,D2C,6,27.35,GBP,0.1,164.1,147.69
TXN-GB-3-000421,2026-08-27 02:24:46,2026-08-27 02:26:46,GB,Legacy Oracle EBS,E,PUR-001,PureLife GlucoMonitor,Medical Device,PureLife,D2C,9,72.65,GBP,0.15,653.85,555.77
TXN-GB-3-000422,2026-08-27 11:55:25,2026-08-27 12:01:25,GB,Legacy Oracle EBS,E,SAN-002,SanaPlus ColdFlu,OTC,SanaPlus,Pharmacy/B2B,6,8.97,GBP,0.05,53.82,51.13
TXN-GB-3-000423,2026-08-27 09:03:38,2026-08-27 09:06:38,GB,Legacy Oracle EBS,E,VIT-002,Vitalis Multivit,Supplement,Vitalis,Pharmacy/B2B,12,14.53,GBP,0.05,174.36,165.64
TXN-GB-3-000424,2026-08-27 16:04:58,2026-08-27 16:09:58,GB,Legacy Oracle EBS,E,DER-002,Dermacare LiftCream,Aesthetic,Dermacare,E-commerce,9,31.62,GBP,0.0,284.58,284.58
TXN-GB-3-000425,2026-08-27 02:38:57,2026-08-27 02:39:57,GB,Legacy Oracle EBS,E,MED-001,Medora Cardio 10mg,Prescription,Medora,Wholesale,4,36.75,GBP,0.15,147.0,124.95
TXN-GB-3-000426,2026-08-27 11:08:32,2026-08-27 11:10:32,GB,Legacy Oracle EBS,E,PUR-002,PureLife BP Monitor,Medical Device,PureLife,D2C,7,76.92,GBP,0.2,538.44,430.75
TXN-GB-3-000427,2026-08-27 10:29:25,2026-08-27 10:30:25,GB,Legacy Oracle EBS,E,MED-002,Medora Derm Cream,Prescription,Medora,Wholesale,2,22.22,GBP,0.2,44.44,35.55
TXN-GB-3-000428,2026-08-27 08:23:28,2026-08-27 08:28:28,GB,Legacy Oracle EBS,E,VIT-002,Vitalis Multivit,Supplement,Vitalis,Wholesale,4,14.53,GBP,0.0,58.12,58.12
TXN-GB-3-000429,2026-08-27 18:19:17,2026-08-27 18:25:17,GB,Legacy Oracle EBS,E,SAN-002,SanaPlus ColdFlu,OTC,SanaPlus,E-commerce,12,8.97,GBP,0.2,107.64,86.11
TXN-GB-3-000430,2026-08-27 12:45:16,2026-08-27 12:50:16,GB,Legacy Oracle EBS,E,VIT-001,Vitalis C1000,Supplement,Vitalis,E-commerce,9,17.95,GBP,0.0,161.55,161.55
TXN-GB-3-000431,2026-08-27 05:57:27,2026-08-27 05:59:27,GB,Legacy Oracle EBS,E,PUR-001,PureLife GlucoMonitor,Medical Device,PureLife,Pharmacy/B2B,7,72.65,GBP,0.15,508.55,432.27
TXN-GB-3-000432,2026-08-27 04:14:33,2026-08-27 04:20:33,GB,Legacy Oracle EBS,E,PUR-001,PureLife GlucoMonitor,Medical Device,PureLife,E-commerce,11,72.65,GBP,0.0,799.15,799.15
TXN-GB-3-000433,2026-08-27 07:28:48,2026-08-27 07:30:48,GB,Legacy Oracle EBS,E,PUR-002,PureLife BP Monitor,Medical Device,PureLife,D2C,11,76.92,GBP,0.0,846.12,846.12
TXN-GB-3-000434,2026-08-27 20:57:54,2026-08-27 21:00:54,GB,Legacy Oracle EBS,E,DER-001,Dermacare GlowSerum,Aesthetic,Dermacare,Pharmacy/B2B,12,27.35,GBP,0.0,328.2,328.2
TXN-GB-3-000435,2026-08-27 17:25:01,2026-08-27 17:30:01,GB,Legacy Oracle EBS,E,SAN-002,SanaPlus ColdFlu,OTC,SanaPlus,Pharmacy/B2B,9,8.97,GBP,0.2,80.73,64.58
TXN-GB-3-000436,2026-08-27 03:51:06,2026-08-27 03:54:06,GB,Legacy Oracle EBS,E,DER-002,Dermacare LiftCream,Aesthetic,Dermacare,Wholesale,6,31.62,GBP,0.0,189.72,189.72
TXN-GB-3-000437,2026-08-27 09:52:06,2026-08-27 09:53:06,GB,Legacy Oracle EBS,E,MED-002,Medora Derm Cream,Prescription,Medora,Pharmacy/B2B,6,22.22,GBP,0.0,133.32,133.32
TXN-GB-3-000438,2026-08-27 18:06:25,2026-08-27 18:11:25,GB,Legacy Oracle EBS,E,VIT-002,Vitalis Multivit,Supplement,Vitalis,Pharmacy/B2B,3,14.53,GBP,0.05,43.59,41.41
TXN-GB-3-000439,2026-08-27 21:54:25,2026-08-27 21:56:25,GB,Legacy Oracle EBS,E,VIT-001,Vitalis C1000,Supplement,Vitalis,E-commerce,10,17.95,GBP,0.05,179.5,170.53
TXN-GB-3-000440,2026-08-27 14:54:45,2026-08-27 14:59:45,GB,Legacy Oracle EBS,E,DER-002,Dermacare LiftCream,Aesthetic,Dermacare,E-commerce,10,31.62,GBP,0.0,316.2,316.2
TXN-GB-3-000441,2026-08-27 14:54:57,2026-08-27 14:56:57,GB,Legacy Oracle EBS,E,MED-002,Medora Derm Cream,Prescription,Medora,Wholesale,9,22.22,GBP,0.05,199.98,189.98
TXN-GB-3-000442,2026-08-27 19:52:51,2026-08-27 19:53:51,GB,Legacy Oracle EBS,E,PUR-001,PureLife GlucoMonitor,Medical Device,PureLife,E-commerce,11,72.65,GBP,0.0,799.15,799.15
TXN-GB-3-000443,2026-08-27 22:17:59,2026-08-27 22:18:59,GB,Legacy Oracle EBS,E,MED-001,Medora Cardio 10mg,Prescription,Medora,D2C,3,36.75,GBP,0.0,110.25,110.25
TXN-GB-3-000444,2026-08-27 08:33:11,2026-08-27 08:38:11,GB,Legacy Oracle EBS,E,PUR-002,PureLife BP Monitor,Medical Device,PureLife,E-commerce,5,76.92,GBP,0.0,384.6,384.6
TXN-GB-3-000445,2026-08-27 05:50:52,2026-08-27 05:56:52,GB,Legacy Oracle EBS,E,SAN-002,SanaPlus ColdFlu,OTC,SanaPlus,Wholesale,4,8.97,GBP,0.05,35.88,34.09
TXN-GB-3-000446,2026-08-27 09:13:16,2026-08-27 09:17:16,GB,Legacy Oracle EBS,E,DER-001,Dermacare GlowSerum,Aesthetic,Dermacare,E-commerce,7,27.35,GBP,0.05,191.45,181.88
TXN-GB-3-000447,2026-08-27 02:26:43,2026-08-27 02:31:43,GB,Legacy Oracle EBS,E,SAN-001,SanaPlus PainRelief,OTC,SanaPlus,Pharmacy/B2B,12,8.12,GBP,0.15,97.44,82.82
TXN-GB-3-000448,2026-08-27 18:09:13,2026-08-27 18:15:13,GB,Legacy Oracle EBS,E,MED-001,Medora Cardio 10mg,Prescription,Medora,Wholesale,11,36.75,GBP,0.0,404.25,404.25
TXN-GB-3-000449,2026-08-27 16:45:34,2026-08-27 16:46:34,GB,Legacy Oracle EBS,E,MED-002,Medora Derm Cream,Prescription,Medora,Wholesale,2,22.22,GBP,0.05,44.44,42.22
TXN-GB-3-000450,2026-08-27 09:19:27,2026-08-27 09:20:27,GB,Legacy Oracle EBS,E,VIT-002,Vitalis Multivit,Supplement,Vitalis,D2C,12,14.53,GBP,0.15,174.36,148.21
TXN-GB-3-000451,2026-08-27 05:38:34,2026-08-27 05:42:34,GB,Legacy Oracle EBS,E,MED-001,Medora Cardio 10mg,Prescription,Medora,Pharmacy/B2B,9,36.75,GBP,0.2,330.75,264.6
TXN-GB-3-000452,2026-08-27 17:19:11,2026-08-27 17:24:11,GB,Legacy Oracle EBS,E,MED-001,Medora Cardio 10mg,Prescription,Medora,E-commerce,3,36.75,GBP,0.0,110.25,110.25
TXN-GB-3-000453,2026-08-27 00:15:08,2026-08-27 00:21:08,GB,Legacy Oracle EBS,E,PUR-002,PureLife BP Monitor,Medical Device,PureLife,Wholesale,2,76.92,GBP,0.05,153.84,146.15
TXN-GB-3-000454,2026-08-27 06:45:30,2026-08-27 06:50:30,GB,Legacy Oracle EBS,E,VIT-002,Vitalis Multivit,Supplement,Vitalis,D2C,8,14.53,GBP,0.0,116.24,116.24
TXN-GB-3-000455,2026-08-27 11:20:26,2026-08-27 11:25:26,GB,Legacy Oracle EBS,E,MED-001,Medora Cardio 10mg,Prescription,Medora,Pharmacy/B2B,3,36.75,GBP,0.1,110.25,99.23
TXN-GB-3-000456,2026-08-27 03:21:26,2026-08-27 03:24:26,GB,Legacy Oracle EBS,E,DER-001,Dermacare GlowSerum,Aesthetic,Dermacare,Wholesale,3,27.35,GBP,0.05,82.05,77.95
TXN-GB-3-000457,2026-08-27 00:32:58,2026-08-27 00:37:58,GB,Legacy Oracle EBS,E,PUR-001,PureLife GlucoMonitor,Medical Device,PureLife,Wholesale,1,72.65,GBP,0.0,72.65,72.65
TXN-GB-3-000458,2026-08-27 14:11:37,2026-08-27 14:12:37,GB,Legacy Oracle EBS,E,DER-002,Dermacare LiftCream,Aesthetic,Dermacare,E-commerce,3,31.62,GBP,0.0,94.86,94.86
TXN-GB-3-000459,2026-08-27 18:41:21,2026-08-27 18:46:21,GB,Legacy Oracle EBS,E,DER-002,Dermacare LiftCream,Aesthetic,Dermacare,Pharmacy/B2B,9,31.62,GBP,0.2,284.58,227.66
TXN-GB-3-000460,2026-08-27 22:28:56,2026-08-27 22:34:56,GB,Legacy Oracle EBS,E,SAN-002,SanaPlus ColdFlu,OTC,SanaPlus,E-commerce,12,8.97,GBP,0.2,107.64,86.11
TXN-GB-3-000461,2026-08-27 01:28:46,2026-08-27 01:34:46,GB,Legacy Oracle EBS,E,PUR-002,PureLife BP Monitor,Medical Device,PureLife,Pharmacy/B2B,12,76.92,GBP,0.0,923.04,923.04
TXN-GB-3-000462,2026-08-27 23:05:20,2026-08-27 23:08:20,GB,Legacy Oracle EBS,E,PUR-002,PureLife BP Monitor,Medical Device,PureLife,Pharmacy/B2B,11,76.92,GBP,0.0,846.12,846.12
TXN-GB-3-000463,2026-08-27 03:20:49,2026-08-27 03:26:49,GB,Legacy Oracle EBS,E,PUR-001,PureLife GlucoMonitor,Medical Device,PureLife,Wholesale,2,72.65,GBP,0.0,145.3,145.3
TXN-GB-3-000464,2026-08-27 21:59:59,2026-08-27 22:00:59,GB,Legacy Oracle EBS,E,VIT-001,Vitalis C1000,Supplement,Vitalis,Wholesale,12,17.95,GBP,0.15,215.4,183.09
TXN-GB-3-000465,2026-08-27 15:58:49,2026-08-27 16:02:49,GB,Legacy Oracle EBS,E,MED-002,Medora Derm Cream,Prescription,Medora,Pharmacy/B2B,9,22.22,GBP,0.0,199.98,199.98
TXN-GB-3-000466,2026-08-27 19:03:32,2026-08-27 19:09:32,GB,Legacy Oracle EBS,E,VIT-002,Vitalis Multivit,Supplement,Vitalis,Pharmacy/B2B,1,14.53,GBP,0.15,14.53,12.35
TXN-GB-3-000467,2026-08-27 07:29:54,2026-08-27 07:30:54,GB,Legacy Oracle EBS,E,PUR-002,PureLife BP Monitor,Medical Device,PureLife,E-commerce,10,76.92,GBP,0.15,769.2,653.82
TXN-GB-3-000468,2026-08-27 20:18:41,2026-08-27 20:24:41,GB,Legacy Oracle EBS,E,MED-002,Medora Derm Cream,Prescription,Medora,Pharmacy/B2B,11,22.22,GBP,0.0,244.42,244.42
TXN-GB-3-000469,2026-08-27 11:40:25,2026-08-27 11:44:25,GB,Legacy Oracle EBS,E,SAN-001,SanaPlus PainRelief,OTC,SanaPlus,Pharmacy/B2B,3,8.12,GBP,0.0,24.36,24.36
TXN-GB-3-000470,2026-08-27 02:16:53,2026-08-27 02:19:53,GB,Legacy Oracle EBS,E,DER-002,Dermacare LiftCream,Aesthetic,Dermacare,Wholesale,1,31.62,GBP,0.05,31.62,30.04
TXN-GB-3-000471,2026-08-27 08:14:17,2026-08-27 08:16:17,GB,Legacy Oracle EBS,E,MED-001,Medora Cardio 10mg,Prescription,Medora,Pharmacy/B2B,11,36.75,GBP,0.1,404.25,363.82
TXN-GB-3-000472,2026-08-27 06:39:46,2026-08-27 06:44:46,GB,Legacy Oracle EBS,E,DER-002,Dermacare LiftCream,Aesthetic,Dermacare,E-commerce,10,31.62,GBP,0.0,316.2,316.2
TXN-GB-3-000473,2026-08-27 09:00:37,2026-08-27 09:01:37,GB,Legacy Oracle EBS,E,MED-001,Medora Cardio 10mg,Prescription,Medora,E-commerce,2,36.75,GBP,0.05,73.5,69.83
TXN-GB-3-000474,2026-08-27 07:03:54,2026-08-27 07:04:54,GB,Legacy Oracle EBS,E,PUR-002,PureLife BP Monitor,Medical Device,PureLife,D2C,12,76.92,GBP,0.0,923.04,923.04
TXN-GB-3-000475,2026-08-27 18:15:21,2026-08-27 18:19:21,GB,Legacy Oracle EBS,E,VIT-002,Vitalis Multivit,Supplement,Vitalis,Pharmacy/B2B,12,14.53,GBP,0.15,174.36,148.21
TXN-GB-3-000476,2026-08-27 21:40:53,2026-08-27 21:46:53,GB,Legacy Oracle EBS,E,VIT-002,Vitalis Multivit,Supplement,Vitalis,Wholesale,5,14.53,GBP,0.15,72.65,61.75
TXN-GB-3-000477,2026-08-27 11:28:38,2026-08-27 11:33:38,GB,Legacy Oracle EBS,E,PUR-001,PureLife GlucoMonitor,Medical Device,PureLife,D2C,7,72.65,GBP,0.1,508.55,457.69
TXN-GB-3-000478,2026-08-27 07:04:04,2026-08-27 07:07:04,GB,Legacy Oracle EBS,E,SAN-001,SanaPlus PainRelief,OTC,SanaPlus,Pharmacy/B2B,8,8.12,GBP,0.1,64.96,58.46
TXN-GB-3-000479,2026-08-27 19:35:32,2026-08-27 19:38:32,GB,Legacy Oracle EBS,E,PUR-001,PureLife GlucoMonitor,Medical Device,PureLife,Wholesale,11,72.65,GBP,0.0,799.15,799.15
TXN-GB-3-000480,2026-08-27 19:26:03,2026-08-27 19:31:03,GB,Legacy Oracle EBS,E,VIT-002,Vitalis Multivit,Supplement,Vitalis,Pharmacy/B2B,10,14.53,GBP,0.0,145.3,145.3
TXN-GB-3-000481,2026-08-27 21:18:01,2026-08-27 21:20:01,GB,Legacy Oracle EBS,E,MED-002,Medora Derm Cream,Prescription,Medora,E-commerce,7,22.22,GBP,0.15,155.54,132.21
TXN-GB-3-000482,2026-08-27 07:40:25,2026-08-27 07:41:25,GB,Legacy Oracle EBS,E,VIT-002,Vitalis Multivit,Supplement,Vitalis,D2C,10,14.53,GBP,0.1,145.3,130.77
TXN-GB-3-000483,2026-08-27 09:27:12,2026-08-27 09:33:12,GB,Legacy Oracle EBS,E,MED-001,Medora Cardio 10mg,Prescription,Medora,Pharmacy/B2B,3,36.75,GBP,0.0,110.25,110.25
TXN-GB-3-000484,2026-08-27 15:49:06,2026-08-27 15:50:06,GB,Legacy Oracle EBS,E,DER-001,Dermacare GlowSerum,Aesthetic,Dermacare,Wholesale,1,27.35,GBP,0.0,27.35,27.35
TXN-GB-3-000485,2026-08-27 08:01:05,2026-08-27 08:03:05,GB,Legacy Oracle EBS,E,PUR-002,PureLife BP Monitor,Medical Device,PureLife,Wholesale,11,76.92,GBP,0.1,846.12,761.51
TXN-GB-3-000486,2026-08-27 00:31:08,2026-08-27 00:37:08,GB,Legacy Oracle EBS,E,SAN-002,SanaPlus ColdFlu,OTC,SanaPlus,Wholesale,2,8.97,GBP,0.2,17.94,14.35
TXN-GB-3-000487,2026-08-27 12:18:40,2026-08-27 12:22:40,GB,Legacy Oracle EBS,E,SAN-002,SanaPlus ColdFlu,OTC,SanaPlus,E-commerce,11,8.97,GBP,0.0,98.67,98.67
TXN-GB-3-000488,2026-08-27 04:59:54,2026-08-27 05:01:54,GB,Legacy Oracle EBS,E,SAN-001,SanaPlus PainRelief,OTC,SanaPlus,Pharmacy/B2B,6,8.12,GBP,0.05,48.72,46.28
TXN-GB-3-000489,2026-08-27 17:22:51,2026-08-27 17:25:51,GB,Legacy Oracle EBS,E,MED-001,Medora Cardio 10mg,Prescription,Medora,Pharmacy/B2B,5,36.75,GBP,0.15,183.75,156.19
TXN-GB-3-000490,2026-08-27 23:23:09,2026-08-27 23:29:09,GB,Legacy Oracle EBS,E,SAN-001,SanaPlus PainRelief,OTC,SanaPlus,Pharmacy/B2B,7,8.12,GBP,0.1,56.84,51.16
TXN-GB-3-000491,2026-08-27 20:44:11,2026-08-27 20:46:11,GB,Legacy Oracle EBS,E,MED-001,Medora Cardio 10mg,Prescription,Medora,Wholesale,8,36.75,GBP,0.15,294.0,249.9
TXN-GB-3-000492,2026-08-27 02:51:00,2026-08-27 02:53:00,GB,Legacy Oracle EBS,E,VIT-002,Vitalis Multivit,Supplement,Vitalis,E-commerce,2,14.53,GBP,0.0,29.06,29.06
TXN-GB-3-000493,2026-08-27 15:59:47,2026-08-27 16:02:47,GB,Legacy Oracle EBS,E,MED-001,Medora Cardio 10mg,Prescription,Medora,E-commerce,5,36.75,GBP,0.2,183.75,147.0
TXN-GB-3-000494,2026-08-27 10:40:44,2026-08-27 10:45:44,GB,Legacy Oracle EBS,E,DER-002,Dermacare LiftCream,Aesthetic,Dermacare,E-commerce,8,31.62,GBP,0.0,252.96,252.96
TXN-GB-3-000495,2026-08-27 05:23:07,2026-08-27 05:27:07,GB,Legacy Oracle EBS,E,DER-002,Dermacare LiftCream,Aesthetic,Dermacare,Pharmacy/B2B,11,31.62,GBP,0.0,347.82,347.82
TXN-GB-3-000496,2026-08-27 11:49:47,2026-08-27 11:52:47,GB,Legacy Oracle EBS,E,PUR-002,PureLife BP Monitor,Medical Device,PureLife,Pharmacy/B2B,1,76.92,GBP,0.15,76.92,65.38
TXN-GB-3-000497,2026-08-27 11:43:53,2026-08-27 11:45:53,GB,Legacy Oracle EBS,E,DER-002,Dermacare LiftCream,Aesthetic,Dermacare,Wholesale,11,31.62,GBP,0.0,347.82,347.82
TXN-GB-3-000498,2026-08-27 08:17:33,2026-08-27 08:18:33,GB,Legacy Oracle EBS,E,PUR-001,PureLife GlucoMonitor,Medical Device,PureLife,Pharmacy/B2B,7,72.65,GBP,0.05,508.55,483.12
TXN-GB-3-000499,2026-08-27 17:48:47,2026-08-27 17:54:47,GB,Legacy Oracle EBS,E,VIT-001,Vitalis C1000,Supplement,Vitalis,Pharmacy/B2B,12,17.95,GBP,0.1,215.4,193.86
TXN-GB-3-000500,2026-08-27 00:09:15,2026-08-27 00:14:15,GB,Legacy Oracle EBS,E,DER-001,Dermacare GlowSerum,Aesthetic,Dermacare,D2C,10,27.35,GBP,0.0,273.5,273.5
TXN-GB-3-000501,2026-08-27 17:32:57,2026-08-27 17:33:57,GB,Legacy Oracle EBS,E,DER-001,Dermacare GlowSerum,Aesthetic,Dermacare,Wholesale,3,27.35,GBP,0.15,82.05,69.74
TXN-GB-3-000502,2026-08-27 22:03:48,2026-08-27 22:07:48,GB,Legacy Oracle EBS,E,PUR-002,PureLife BP Monitor,Medical Device,PureLife,Pharmacy/B2B,4,76.92,GBP,0.2,307.68,246.14
TXN-GB-3-000503,2026-08-27 14:03:58,2026-08-27 14:04:58,GB,Legacy Oracle EBS,E,PUR-002,PureLife BP Monitor,Medical Device,PureLife,D2C,11,76.92,GBP,0.0,846.12,846.12
TXN-GB-3-000504,2026-08-27 22:17:21,2026-08-27 22:19:21,GB,Legacy Oracle EBS,E,SAN-001,SanaPlus PainRelief,OTC,SanaPlus,E-commerce,4,8.12,GBP,0.0,32.48,32.48
TXN-GB-3-000505,2026-08-27 14:21:23,2026-08-27 14:25:23,GB,Legacy Oracle EBS,E,PUR-002,PureLife BP Monitor,Medical Device,PureLife,D2C,7,76.92,GBP,0.05,538.44,511.52
TXN-GB-3-000506,2026-08-27 07:45:19,2026-08-27 07:47:19,GB,Legacy Oracle EBS,E,MED-002,Medora Derm Cream,Prescription,Medora,Wholesale,8,22.22,GBP,0.2,177.76,142.21
TXN-GB-3-000507,2026-08-27 02:43:48,2026-08-27 02:49:48,GB,Legacy Oracle EBS,E,PUR-002,PureLife BP Monitor,Medical Device,PureLife,D2C,7,76.92,GBP,0.05,538.44,511.52
TXN-GB-3-000508,2026-08-27 04:10:45,2026-08-27 04:12:45,GB,Legacy Oracle EBS,E,VIT-002,Vitalis Multivit,Supplement,Vitalis,E-commerce,7,14.53,GBP,0.0,101.71,101.71
TXN-GB-3-000509,2026-08-27 19:01:57,2026-08-27 19:06:57,GB,Legacy Oracle EBS,E,MED-002,Medora Derm Cream,Prescription,Medora,E-commerce,12,22.22,GBP,0.05,266.64,253.31
TXN-GB-3-000510,2026-08-27 19:37:57,2026-08-27 19:43:57,GB,Legacy Oracle EBS,E,PUR-002,PureLife BP Monitor,Medical Device,PureLife,D2C,3,76.92,GBP,0.05,230.76,219.22
TXN-GB-3-000511,2026-08-27 10:12:08,2026-08-27 10:17:08,GB,Legacy Oracle EBS,E,VIT-001,Vitalis C1000,Supplement,Vitalis,D2C,11,17.95,GBP,0.0,197.45,197.45
TXN-GB-3-000512,2026-08-27 13:26:12,2026-08-27 13:32:12,GB,Legacy Oracle EBS,E,VIT-001,Vitalis C1000,Supplement,Vitalis,D2C,3,17.95,GBP,0.0,53.85,53.85
TXN-GB-3-000513,2026-08-27 02:38:59,2026-08-27 02:42:59,GB,Legacy Oracle EBS,E,MED-002,Medora Derm Cream,Prescription,Medora,Wholesale,7,22.22,GBP,0.2,155.54,124.43
TXN-GB-3-000514,2026-08-27 08:50:51,2026-08-27 08:55:51,GB,Legacy Oracle EBS,E,DER-002,Dermacare LiftCream,Aesthetic,Dermacare,E-commerce,4,31.62,GBP,0.1,126.48,113.83
TXN-GB-3-000515,2026-08-27 13:04:20,2026-08-27 13:05:20,GB,Legacy Oracle EBS,E,DER-002,Dermacare LiftCream,Aesthetic,Dermacare,D2C,6,31.62,GBP,0.15,189.72,161.26
TXN-GB-3-000516,2026-08-27 02:29:29,2026-08-27 02:34:29,GB,Legacy Oracle EBS,E,SAN-001,SanaPlus PainRelief,OTC,SanaPlus,Pharmacy/B2B,4,8.12,GBP,0.0,32.48,32.48
TXN-GB-3-000517,2026-08-27 15:45:32,2026-08-27 15:49:32,GB,Legacy Oracle EBS,E,VIT-002,Vitalis Multivit,Supplement,Vitalis,E-commerce,5,14.53,GBP,0.0,72.65,72.65
TXN-GB-3-000518,2026-08-27 04:32:43,2026-08-27 04:36:43,GB,Legacy Oracle EBS,E,PUR-001,PureLife GlucoMonitor,Medical Device,PureLife,E-commerce,8,72.65,GBP,0.1,581.2,523.08
TXN-GB-3-000519,2026-08-27 23:18:58,2026-08-27 23:23:58,GB,Legacy Oracle EBS,E,VIT-001,Vitalis C1000,Supplement,Vitalis,Wholesale,6,17.95,GBP,0.0,107.7,107.7
TXN-GB-3-000520,2026-08-27 21:55:11,2026-08-27 21:58:11,GB,Legacy Oracle EBS,E,VIT-001,Vitalis C1000,Supplement,Vitalis,Wholesale,10,17.95,GBP,0.05,179.5,170.53
TXN-GB-3-000521,2026-08-27 04:06:20,2026-08-27 04:12:20,GB,Legacy Oracle EBS,E,VIT-002,Vitalis Multivit,Supplement,Vitalis,E-commerce,1,14.53,GBP,0.15,14.53,12.35
TXN-GB-3-000522,2026-08-27 07:21:43,2026-08-27 07:22:43,GB,Legacy Oracle EBS,E,VIT-002,Vitalis Multivit,Supplement,Vitalis,E-commerce,2,14.53,GBP,0.0,29.06,29.06
TXN-GB-3-000523,2026-08-27 08:56:27,2026-08-27 08:58:27,GB,Legacy Oracle EBS,E,DER-002,Dermacare LiftCream,Aesthetic,Dermacare,E-commerce,12,31.62,GBP,0.15,379.44,322.52
TXN-GB-3-000524,2026-08-27 08:27:27,2026-08-27 08:31:27,GB,Legacy Oracle EBS,E,MED-002,Medora Derm Cream,Prescription,Medora,Pharmacy/B2B,4,22.22,GBP,0.2,88.88,71.1
TXN-GB-3-000525,2026-08-27 11:15:17,2026-08-27 11:21:17,GB,Legacy Oracle EBS,E,VIT-002,Vitalis Multivit,Supplement,Vitalis,Pharmacy/B2B,7,14.53,GBP,0.1,101.71,91.54
TXN-GB-3-000526,2026-08-27 04:15:51,2026-08-27 04:21:51,GB,Legacy Oracle EBS,E,DER-002,Dermacare LiftCream,Aesthetic,Dermacare,E-commerce,4,31.62,GBP,0.1,126.48,113.83
TXN-GB-3-000527,2026-08-27 19:28:54,2026-08-27 19:33:54,GB,Legacy Oracle EBS,E,VIT-002,Vitalis Multivit,Supplement,Vitalis,E-commerce,6,14.53,GBP,0.0,87.18,87.18
TXN-GB-3-000528,2026-08-27 01:56:53,2026-08-27 01:57:53,GB,Legacy Oracle EBS,E,MED-002,Medora Derm Cream,Prescription,Medora,D2C,3,22.22,GBP,0.1,66.66,59.99
TXN-GB-3-000529,2026-08-27 16:30:31,2026-08-27 16:34:31,GB,Legacy Oracle EBS,E,DER-001,Dermacare GlowSerum,Aesthetic,Dermacare,E-commerce,9,27.35,GBP,0.0,246.15,246.15
TXN-GB-3-000530,2026-08-27 12:01:27,2026-08-27 12:03:27,GB,Legacy Oracle EBS,E,MED-001,Medora Cardio 10mg,Prescription,Medora,Wholesale,8,36.75,GBP,0.15,294.0,249.9
TXN-GB-3-000531,2026-08-27 15:29:26,2026-08-27 15:30:26,GB,Legacy Oracle EBS,E,MED-002,Medora Derm Cream,Prescription,Medora,E-commerce,3,22.22,GBP,0.05,66.66,63.33
TXN-GB-3-000532,2026-08-27 19:31:20,2026-08-27 19:34:20,GB,Legacy Oracle EBS,E,VIT-002,Vitalis Multivit,Supplement,Vitalis,Pharmacy/B2B,2,14.53,GBP,0.15,29.06,24.7
TXN-GB-3-000533,2026-08-27 10:00:28,2026-08-27 10:05:28,GB,Legacy Oracle EBS,E,MED-001,Medora Cardio 10mg,Prescription,Medora,Wholesale,1,36.75,GBP,0.0,36.75,36.75
TXN-GB-3-000534,2026-08-27 13:47:53,2026-08-27 13:51:53,GB,Legacy Oracle EBS,E,PUR-002,PureLife BP Monitor,Medical Device,PureLife,E-commerce,3,76.92,GBP,0.0,230.76,230.76
TXN-GB-3-000535,2026-08-27 14:56:46,2026-08-27 15:00:46,GB,Legacy Oracle EBS,E,MED-001,Medora Cardio 10mg,Prescription,Medora,D2C,4,36.75,GBP,0.05,147.0,139.65
TXN-GB-3-000536,2026-08-27 23:14:56,2026-08-27 23:15:56,GB,Legacy Oracle EBS,E,MED-001,Medora Cardio 10mg,Prescription,Medora,D2C,2,36.75,GBP,0.15,73.5,62.48
TXN-GB-3-000537,2026-08-27 23:01:53,2026-08-27 23:04:53,GB,Legacy Oracle EBS,E,MED-002,Medora Derm Cream,Prescription,Medora,E-commerce,5,22.22,GBP,0.1,111.1,99.99
TXN-GB-3-000538,2026-08-27 02:15:21,2026-08-27 02:19:21,GB,Legacy Oracle EBS,E,VIT-001,Vitalis C1000,Supplement,Vitalis,E-commerce,6,17.95,GBP,0.0,107.7,107.7
TXN-GB-3-000539,2026-08-27 02:56:47,2026-08-27 02:59:47,GB,Legacy Oracle EBS,E,DER-001,Dermacare GlowSerum,Aesthetic,Dermacare,Pharmacy/B2B,12,27.35,GBP,0.2,328.2,262.56
TXN-GB-3-000540,2026-08-27 14:48:38,2026-08-27 14:49:38,GB,Legacy Oracle EBS,E,SAN-002,SanaPlus ColdFlu,OTC,SanaPlus,E-commerce,4,8.97,GBP,0.15,35.88,30.5
TXN-GB-3-000541,2026-08-27 22:43:24,2026-08-27 22:48:24,GB,Legacy Oracle EBS,E,DER-001,Dermacare GlowSerum,Aesthetic,Dermacare,Pharmacy/B2B,4,27.35,GBP,0.0,109.4,109.4
TXN-GB-3-000542,2026-08-27 03:34:44,2026-08-27 03:38:44,GB,Legacy Oracle EBS,E,VIT-001,Vitalis C1000,Supplement,Vitalis,D2C,4,17.95,GBP,0.0,71.8,71.8
TXN-GB-3-000543,2026-08-27 22:17:15,2026-08-27 22:21:15,GB,Legacy Oracle EBS,E,MED-002,Medora Derm Cream,Prescription,Medora,Pharmacy/B2B,3,22.22,GBP,0.15,66.66,56.66
TXN-GB-3-000544,2026-08-27 05:03:13,2026-08-27 05:09:13,GB,Legacy Oracle EBS,E,VIT-002,Vitalis Multivit,Supplement,Vitalis,E-commerce,4,14.53,GBP,0.2,58.12,46.5
TXN-GB-3-000545,2026-08-27 10:06:59,2026-08-27 10:11:59,GB,Legacy Oracle EBS,E,SAN-001,SanaPlus PainRelief,OTC,SanaPlus,Wholesale,1,8.12,GBP,0.0,8.12,8.12
TXN-GB-3-000546,2026-08-27 15:24:43,2026-08-27 15:25:43,GB,Legacy Oracle EBS,E,VIT-002,Vitalis Multivit,Supplement,Vitalis,Pharmacy/B2B,1,14.53,GBP,0.1,14.53,13.08
TXN-GB-3-000547,2026-08-27 14:05:46,2026-08-27 14:07:46,GB,Legacy Oracle EBS,E,PUR-001,PureLife GlucoMonitor,Medical Device,PureLife,Wholesale,5,72.65,GBP,0.1,363.25,326.93
TXN-GB-3-000548,2026-08-27 23:02:34,2026-08-27 23:07:34,GB,Legacy Oracle EBS,E,PUR-002,PureLife BP Monitor,Medical Device,PureLife,E-commerce,8,76.92,GBP,0.1,615.36,553.82
TXN-GB-3-000549,2026-08-27 05:13:37,2026-08-27 05:16:37,GB,Legacy Oracle EBS,E,VIT-001,Vitalis C1000,Supplement,Vitalis,Pharmacy/B2B,9,17.95,GBP,0.0,161.55,161.55
TXN-GB-3-000550,2026-08-27 14:12:13,2026-08-27 14:13:13,GB,Legacy Oracle EBS,E,PUR-002,PureLife BP Monitor,Medical Device,PureLife,Pharmacy/B2B,11,76.92,GBP,0.1,846.12,761.51
TXN-GB-3-000551,2026-08-27 21:54:45,2026-08-27 21:57:45,GB,Legacy Oracle EBS,E,SAN-001,SanaPlus PainRelief,OTC,SanaPlus,E-commerce,1,8.12,GBP,0.05,8.12,7.71
TXN-GB-3-000552,2026-08-27 20:43:08,2026-08-27 20:45:08,GB,Legacy Oracle EBS,E,SAN-002,SanaPlus ColdFlu,OTC,SanaPlus,Wholesale,6,8.97,GBP,0.0,53.82,53.82
TXN-GB-3-000553,2026-08-27 21:54:55,2026-08-27 21:55:55,GB,Legacy Oracle EBS,E,PUR-002,PureLife BP Monitor,Medical Device,PureLife,E-commerce,1,76.92,GBP,0.0,76.92,76.92
TXN-GB-3-000554,2026-08-27 13:44:51,2026-08-27 13:48:51,GB,Legacy Oracle EBS,E,SAN-002,SanaPlus ColdFlu,OTC,SanaPlus,Pharmacy/B2B,5,8.97,GBP,0.15,44.85,38.12
TXN-GB-3-000555,2026-08-27 16:41:21,2026-08-27 16:43:21,GB,Legacy Oracle EBS,E,DER-001,Dermacare GlowSerum,Aesthetic,Dermacare,Wholesale,9,27.35,GBP,0.15,246.15,209.23
TXN-GB-3-000556,2026-08-27 20:43:01,2026-08-27 20:44:01,GB,Legacy Oracle EBS,E,SAN-001,SanaPlus PainRelief,OTC,SanaPlus,D2C,3,8.12,GBP,0.0,24.36,24.36
TXN-GB-3-000557,2026-08-27 00:33:38,2026-08-27 00:38:38,GB,Legacy Oracle EBS,E,DER-002,Dermacare LiftCream,Aesthetic,Dermacare,Wholesale,9,31.62,GBP,0.1,284.58,256.12
TXN-GB-3-000558,2026-08-27 09:09:49,2026-08-27 09:14:49,GB,Legacy Oracle EBS,E,MED-002,Medora Derm Cream,Prescription,Medora,Pharmacy/B2B,4,22.22,GBP,0.0,88.88,88.88
TXN-GB-3-000559,2026-08-27 02:23:09,2026-08-27 02:27:09,GB,Legacy Oracle EBS,E,MED-002,Medora Derm Cream,Prescription,Medora,Pharmacy/B2B,4,22.22,GBP,0.2,88.88,71.1
TXN-GB-3-000560,2026-08-27 13:13:22,2026-08-27 13:19:22,GB,Legacy Oracle EBS,E,MED-002,Medora Derm Cream,Prescription,Medora,Wholesale,5,22.22,GBP,0.2,111.1,88.88
TXN-GB-3-000561,2026-08-27 13:13:05,2026-08-27 13:16:05,GB,Legacy Oracle EBS,E,DER-001,Dermacare GlowSerum,Aesthetic,Dermacare,D2C,4,27.35,GBP,0.0,109.4,109.4
TXN-GB-3-000562,2026-08-27 22:20:01,2026-08-27 22:26:01,GB,Legacy Oracle EBS,E,PUR-002,PureLife BP Monitor,Medical Device,PureLife,Pharmacy/B2B,7,76.92,GBP,0.0,538.44,538.44
TXN-GB-3-000563,2026-08-27 07:42:16,2026-08-27 07:46:16,GB,Legacy Oracle EBS,E,VIT-002,Vitalis Multivit,Supplement,Vitalis,Pharmacy/B2B,1,14.53,GBP,0.0,14.53,14.53
TXN-GB-3-000564,2026-08-27 13:31:43,2026-08-27 13:37:43,GB,Legacy Oracle EBS,E,MED-002,Medora Derm Cream,Prescription,Medora,Pharmacy/B2B,12,22.22,GBP,0.05,266.64,253.31
TXN-GB-3-000565,2026-08-27 07:29:29,2026-08-27 07:32:29,GB,Legacy Oracle EBS,E,VIT-002,Vitalis Multivit,Supplement,Vitalis,Wholesale,8,14.53,GBP,0.05,116.24,110.43
TXN-GB-3-000566,2026-08-27 02:57:24,2026-08-27 02:59:24,GB,Legacy Oracle EBS,E,SAN-001,SanaPlus PainRelief,OTC,SanaPlus,E-commerce,1,8.12,GBP,0.15,8.12,6.9
TXN-GB-3-000567,2026-08-27 18:44:54,2026-08-27 18:47:54,GB,Legacy Oracle EBS,E,SAN-002,SanaPlus ColdFlu,OTC,SanaPlus,D2C,5,8.97,GBP,0.0,44.85,44.85
TXN-GB-3-000568,2026-08-27 22:27:23,2026-08-27 22:30:23,GB,Legacy Oracle EBS,E,MED-001,Medora Cardio 10mg,Prescription,Medora,D2C,2,36.75,GBP,0.1,73.5,66.15
TXN-GB-3-000569,2026-08-27 03:13:14,2026-08-27 03:14:14,GB,Legacy Oracle EBS,E,DER-002,Dermacare LiftCream,Aesthetic,Dermacare,D2C,5,31.62,GBP,0.2,158.1,126.48
TXN-GB-3-000570,2026-08-27 09:02:07,2026-08-27 09:07:07,GB,Legacy Oracle EBS,E,DER-002,Dermacare LiftCream,Aesthetic,Dermacare,Pharmacy/B2B,10,31.62,GBP,0.2,316.2,252.96
TXN-GB-3-000571,2026-08-27 18:23:17,2026-08-27 18:29:17,GB,Legacy Oracle EBS,E,VIT-002,Vitalis Multivit,Supplement,Vitalis,Wholesale,9,14.53,GBP,0.0,130.77,130.77
TXN-GB-3-000572,2026-08-27 05:39:33,2026-08-27 05:40:33,GB,Legacy Oracle EBS,E,PUR-002,PureLife BP Monitor,Medical Device,PureLife,Pharmacy/B2B,1,76.92,GBP,0.1,76.92,69.23
TXN-GB-3-000573,2026-08-27 08:14:19,2026-08-27 08:18:19,GB,Legacy Oracle EBS,E,VIT-002,Vitalis Multivit,Supplement,Vitalis,Pharmacy/B2B,4,14.53,GBP,0.0,58.12,58.12
TXN-GB-3-000574,2026-08-27 20:19:43,2026-08-27 20:25:43,GB,Legacy Oracle EBS,E,VIT-002,Vitalis Multivit,Supplement,Vitalis,Wholesale,2,14.53,GBP,0.2,29.06,23.25
TXN-GB-3-000575,2026-08-27 07:15:29,2026-08-27 07:17:29,GB,Legacy Oracle EBS,E,DER-002,Dermacare LiftCream,Aesthetic,Dermacare,Pharmacy/B2B,4,31.62,GBP,0.15,126.48,107.51
TXN-GB-3-000576,2026-08-27 08:26:18,2026-08-27 08:28:18,GB,Legacy Oracle EBS,E,VIT-001,Vitalis C1000,Supplement,Vitalis,D2C,11,17.95,GBP,0.0,197.45,197.45
TXN-GB-3-000577,2026-08-27 22:58:05,2026-08-27 22:59:05,GB,Legacy Oracle EBS,E,SAN-001,SanaPlus PainRelief,OTC,SanaPlus,Pharmacy/B2B,1,8.12,GBP,0.0,8.12,8.12
TXN-GB-3-000578,2026-08-27 19:21:59,2026-08-27 19:26:59,GB,Legacy Oracle EBS,E,MED-002,Medora Derm Cream,Prescription,Medora,D2C,11,22.22,GBP,0.2,244.42,195.54
TXN-GB-3-000579,2026-08-27 13:15:26,2026-08-27 13:20:26,GB,Legacy Oracle EBS,E,VIT-001,Vitalis C1000,Supplement,Vitalis,E-commerce,1,17.95,GBP,0.15,17.95,15.26
TXN-GB-3-000580,2026-08-27 19:59:03,2026-08-27 20:03:03,GB,Legacy Oracle EBS,E,MED-001,Medora Cardio 10mg,Prescription,Medora,Wholesale,5,36.75,GBP,0.15,183.75,156.19
TXN-GB-3-000581,2026-08-27 05:27:54,2026-08-27 05:31:54,GB,Legacy Oracle EBS,E,DER-002,Dermacare LiftCream,Aesthetic,Dermacare,E-commerce,6,31.62,GBP,0.1,189.72,170.75
TXN-GB-3-000582,2026-08-27 10:07:34,2026-08-27 10:11:34,GB,Legacy Oracle EBS,E,VIT-001,Vitalis C1000,Supplement,Vitalis,Pharmacy/B2B,5,17.95,GBP,0.0,89.75,89.75
TXN-GB-3-000583,2026-08-27 06:34:33,2026-08-27 06:38:33,GB,Legacy Oracle EBS,E,MED-001,Medora Cardio 10mg,Prescription,Medora,E-commerce,11,36.75,GBP,0.0,404.25,404.25
TXN-GB-3-000584,2026-08-27 20:35:43,2026-08-27 20:41:43,GB,Legacy Oracle EBS,E,SAN-002,SanaPlus ColdFlu,OTC,SanaPlus,Wholesale,11,8.97,GBP,0.2,98.67,78.94
TXN-GB-3-000585,2026-08-27 04:53:40,2026-08-27 04:58:40,GB,Legacy Oracle EBS,E,DER-001,Dermacare GlowSerum,Aesthetic,Dermacare,D2C,6,27.35,GBP,0.1,164.1,147.69
TXN-GB-3-000586,2026-08-27 00:58:21,2026-08-27 01:00:21,GB,Legacy Oracle EBS,E,DER-002,Dermacare LiftCream,Aesthetic,Dermacare,Wholesale,8,31.62,GBP,0.2,252.96,202.37
TXN-GB-3-000587,2026-08-27 04:11:02,2026-08-27 04:17:02,GB,Legacy Oracle EBS,E,DER-001,Dermacare GlowSerum,Aesthetic,Dermacare,D2C,9,27.35,GBP,0.0,246.15,246.15
TXN-GB-3-000588,2026-08-27 20:24:05,2026-08-27 20:27:05,GB,Legacy Oracle EBS,E,PUR-001,PureLife GlucoMonitor,Medical Device,PureLife,Pharmacy/B2B,8,72.65,GBP,0.0,581.2,581.2
TXN-GB-3-000589,2026-08-27 18:34:19,2026-08-27 18:38:19,GB,Legacy Oracle EBS,E,SAN-001,SanaPlus PainRelief,OTC,SanaPlus,D2C,6,8.12,GBP,0.0,48.72,48.72
TXN-GB-3-000590,2026-08-27 18:30:07,2026-08-27 18:35:07,GB,Legacy Oracle EBS,E,MED-002,Medora Derm Cream,Prescription,Medora,D2C,11,22.22,GBP,0.0,244.42,244.42
TXN-GB-3-000591,2026-08-27 02:19:49,2026-08-27 02:21:49,GB,Legacy Oracle EBS,E,VIT-002,Vitalis Multivit,Supplement,Vitalis,E-commerce,9,14.53,GBP,0.0,130.77,130.77
TXN-GB-3-000592,2026-08-27 22:33:16,2026-08-27 22:34:16,GB,Legacy Oracle EBS,E,MED-002,Medora Derm Cream,Prescription,Medora,Wholesale,2,22.22,GBP,0.0,44.44,44.44
TXN-GB-3-000593,2026-08-27 16:19:51,2026-08-27 16:21:51,GB,Legacy Oracle EBS,E,MED-001,Medora Cardio 10mg,Prescription,Medora,D2C,6,36.75,GBP,0.15,220.5,187.42
TXN-GB-3-000594,2026-08-27 13:37:57,2026-08-27 13:40:57,GB,Legacy Oracle EBS,E,MED-002,Medora Derm Cream,Prescription,Medora,E-commerce,10,22.22,GBP,0.1,222.2,199.98
TXN-GB-3-000595,2026-08-27 03:07:38,2026-08-27 03:11:38,GB,Legacy Oracle EBS,E,MED-002,Medora Derm Cream,Prescription,Medora,D2C,7,22.22,GBP,0.0,155.54,155.54
TXN-GB-3-000596,2026-08-27 06:05:18,2026-08-27 06:06:18,GB,Legacy Oracle EBS,E,VIT-002,Vitalis Multivit,Supplement,Vitalis,Wholesale,5,14.53,GBP,0.0,72.65,72.65
TXN-GB-3-000597,2026-08-27 09:09:27,2026-08-27 09:12:27,GB,Legacy Oracle EBS,E,PUR-001,PureLife GlucoMonitor,Medical Device,PureLife,E-commerce,3,72.65,GBP,0.2,217.95,174.36
TXN-GB-3-000598,2026-08-27 16:03:52,2026-08-27 16:09:52,GB,Legacy Oracle EBS,E,MED-001,Medora Cardio 10mg,Prescription,Medora,Wholesale,4,36.75,GBP,0.0,147.0,147.0
TXN-GB-3-000599,2026-08-27 07:12:03,2026-08-27 07:14:03,GB,Legacy Oracle EBS,E,VIT-001,Vitalis C1000,Supplement,Vitalis,Wholesale,11,17.95,GBP,0.2,197.45,157.96
TXN-GB-3-000600,2026-08-27 05:40:23,2026-08-27 05:42:23,GB,Legacy Oracle EBS,E,VIT-001,Vitalis C1000,Supplement,Vitalis,Pharmacy/B2B,4,17.95,GBP,0.1,71.8,64.62
TXN-GB-3-000601,2026-08-27 01:51:03,2026-08-27 01:57:03,GB,Legacy Oracle EBS,E,PUR-001,PureLife GlucoMonitor,Medical Device,PureLife,Wholesale,7,72.65,GBP,0.15,508.55,432.27
TXN-GB-3-000602,2026-08-27 16:18:56,2026-08-27 16:20:56,GB,Legacy Oracle EBS,E,SAN-002,SanaPlus ColdFlu,OTC,SanaPlus,D2C,11,8.97,GBP,0.15,98.67,83.87
TXN-GB-3-000603,2026-08-27 11:14:45,2026-08-27 11:19:45,GB,Legacy Oracle EBS,E,MED-002,Medora Derm Cream,Prescription,Medora,Wholesale,10,22.22,GBP,0.0,222.2,222.2
TXN-GB-3-000604,2026-08-27 04:58:22,2026-08-27 05:03:22,GB,Legacy Oracle EBS,E,MED-001,Medora Cardio 10mg,Prescription,Medora,E-commerce,6,36.75,GBP,0.15,220.5,187.42
TXN-GB-3-000605,2026-08-27 03:53:24,2026-08-27 03:56:24,GB,Legacy Oracle EBS,E,SAN-002,SanaPlus ColdFlu,OTC,SanaPlus,Wholesale,3,8.97,GBP,0.0,26.91,26.91
TXN-GB-3-000606,2026-08-27 16:41:34,2026-08-27 16:44:34,GB,Legacy Oracle EBS,E,DER-002,Dermacare LiftCream,Aesthetic,Dermacare,D2C,1,31.62,GBP,0.1,31.62,28.46
TXN-GB-3-000607,2026-08-27 15:50:24,2026-08-27 15:51:24,GB,Legacy Oracle EBS,E,DER-001,Dermacare GlowSerum,Aesthetic,Dermacare,Wholesale,3,27.35,GBP,0.15,82.05,69.74
TXN-GB-3-000608,2026-08-27 15:56:00,2026-08-27 16:02:00,GB,Legacy Oracle EBS,E,DER-002,Dermacare LiftCream,Aesthetic,Dermacare,D2C,11,31.62,GBP,0.05,347.82,330.43
TXN-GB-3-000609,2026-08-27 10:15:18,2026-08-27 10:17:18,GB,Legacy Oracle EBS,E,SAN-001,SanaPlus PainRelief,OTC,SanaPlus,Wholesale,9,8.12,GBP,0.0,73.08,73.08
TXN-GB-3-000610,2026-08-27 01:07:09,2026-08-27 01:11:09,GB,Legacy Oracle EBS,E,VIT-001,Vitalis C1000,Supplement,Vitalis,D2C,2,17.95,GBP,0.0,35.9,35.9
TXN-GB-3-000611,2026-08-27 09:38:54,2026-08-27 09:40:54,GB,Legacy Oracle EBS,E,SAN-001,SanaPlus PainRelief,OTC,SanaPlus,Wholesale,9,8.12,GBP,0.0,73.08,73.08
TXN-GB-3-000612,2026-08-27 13:02:27,2026-08-27 13:06:27,GB,Legacy Oracle EBS,E,PUR-001,PureLife GlucoMonitor,Medical Device,PureLife,Wholesale,1,72.65,GBP,0.2,72.65,58.12
TXN-GB-3-000613,2026-08-27 23:54:45,2026-08-28 00:00:45,GB,Legacy Oracle EBS,E,MED-001,Medora Cardio 10mg,Prescription,Medora,D2C,3,36.75,GBP,0.05,110.25,104.74
TXN-GB-3-000614,2026-08-27 09:24:14,2026-08-27 09:29:14,GB,Legacy Oracle EBS,E,PUR-002,PureLife BP Monitor,Medical Device,PureLife,Wholesale,2,76.92,GBP,0.0,153.84,153.84
TXN-GB-3-000615,2026-08-27 23:12:16,2026-08-27 23:14:16,GB,Legacy Oracle EBS,E,DER-002,Dermacare LiftCream,Aesthetic,Dermacare,Pharmacy/B2B,9,31.62,GBP,0.1,284.58,256.12
TXN-GB-3-000616,2026-08-27 01:07:28,2026-08-27 01:10:28,GB,Legacy Oracle EBS,E,MED-001,Medora Cardio 10mg,Prescription,Medora,D2C,6,36.75,GBP,0.0,220.5,220.5
TXN-GB-3-000617,2026-08-27 14:45:41,2026-08-27 14:51:41,GB,Legacy Oracle EBS,E,DER-002,Dermacare LiftCream,Aesthetic,Dermacare,E-commerce,7,31.62,GBP,0.0,221.34,221.34
TXN-GB-3-000618,2026-08-27 06:12:51,2026-08-27 06:18:51,GB,Legacy Oracle EBS,E,SAN-001,SanaPlus PainRelief,OTC,SanaPlus,E-commerce,1,8.12,GBP,0.0,8.12,8.12
TXN-GB-3-000619,2026-08-27 15:51:35,2026-08-27 15:55:35,GB,Legacy Oracle EBS,E,DER-002,Dermacare LiftCream,Aesthetic,Dermacare,Pharmacy/B2B,5,31.62,GBP,0.1,158.1,142.29
TXN-GB-3-000620,2026-08-27 05:22:51,2026-08-27 05:23:51,GB,Legacy Oracle EBS,E,MED-002,Medora Derm Cream,Prescription,Medora,Wholesale,11,22.22,GBP,0.0,244.42,244.42
TXN-GB-3-000621,2026-08-27 17:26:55,2026-08-27 17:30:55,GB,Legacy Oracle EBS,E,VIT-001,Vitalis C1000,Supplement,Vitalis,D2C,8,17.95,GBP,0.15,143.6,122.06
TXN-GB-3-000622,2026-08-27 18:02:21,2026-08-27 18:06:21,GB,Legacy Oracle EBS,E,VIT-002,Vitalis Multivit,Supplement,Vitalis,Pharmacy/B2B,11,14.53,GBP,0.0,159.83,159.83
TXN-GB-3-000623,2026-08-27 10:19:18,2026-08-27 10:20:18,GB,Legacy Oracle EBS,E,DER-001,Dermacare GlowSerum,Aesthetic,Dermacare,D2C,3,27.35,GBP,0.05,82.05,77.95
TXN-GB-3-000624,2026-08-27 04:25:39,2026-08-27 04:29:39,GB,Legacy Oracle EBS,E,SAN-002,SanaPlus ColdFlu,OTC,SanaPlus,Wholesale,2,8.97,GBP,0.1,17.94,16.15
TXN-GB-3-000625,2026-08-27 07:04:34,2026-08-27 07:10:34,GB,Legacy Oracle EBS,E,VIT-001,Vitalis C1000,Supplement,Vitalis,D2C,5,17.95,GBP,0.0,89.75,89.75
TXN-GB-3-000626,2026-08-27 19:53:58,2026-08-27 19:55:58,GB,Legacy Oracle EBS,E,DER-002,Dermacare LiftCream,Aesthetic,Dermacare,D2C,11,31.62,GBP,0.2,347.82,278.26
TXN-GB-3-000627,2026-08-27 22:14:27,2026-08-27 22:18:27,GB,Legacy Oracle EBS,E,PUR-001,PureLife GlucoMonitor,Medical Device,PureLife,E-commerce,2,72.65,GBP,0.05,145.3,138.03
TXN-GB-3-000628,2026-08-27 10:03:54,2026-08-27 10:08:54,GB,Legacy Oracle EBS,E,VIT-001,Vitalis C1000,Supplement,Vitalis,Wholesale,7,17.95,GBP,0.15,125.65,106.8
TXN-GB-3-000629,2026-08-27 20:09:43,2026-08-27 20:10:43,GB,Legacy Oracle EBS,E,MED-001,Medora Cardio 10mg,Prescription,Medora,Pharmacy/B2B,5,36.75,GBP,0.1,183.75,165.38
TXN-GB-3-000630,2026-08-27 19:47:54,2026-08-27 19:49:54,GB,Legacy Oracle EBS,E,MED-001,Medora Cardio 10mg,Prescription,Medora,E-commerce,3,36.75,GBP,0.0,110.25,110.25
TXN-GB-3-000631,2026-08-27 22:51:20,2026-08-27 22:52:20,GB,Legacy Oracle EBS,E,DER-002,Dermacare LiftCream,Aesthetic,Dermacare,D2C,7,31.62,GBP,0.0,221.34,221.34
TXN-GB-3-000632,2026-08-27 03:47:56,2026-08-27 03:52:56,GB,Legacy Oracle EBS,E,SAN-002,SanaPlus ColdFlu,OTC,SanaPlus,Pharmacy/B2B,7,8.97,GBP,0.05,62.79,59.65
TXN-GB-3-000633,2026-08-27 07:07:11,2026-08-27 07:10:11,GB,Legacy Oracle EBS,E,VIT-001,Vitalis C1000,Supplement,Vitalis,D2C,6,17.95,GBP,0.0,107.7,107.7
TXN-GB-3-000634,2026-08-27 07:06:34,2026-08-27 07:11:34,GB,Legacy Oracle EBS,E,SAN-001,SanaPlus PainRelief,OTC,SanaPlus,Pharmacy/B2B,8,8.12,GBP,0.2,64.96,51.97
TXN-GB-3-000635,2026-08-27 00:14:44,2026-08-27 00:17:44,GB,Legacy Oracle EBS,E,VIT-001,Vitalis C1000,Supplement,Vitalis,Wholesale,4,17.95,GBP,0.2,71.8,57.44
TXN-GB-3-000636,2026-08-27 00:38:06,2026-08-27 00:39:06,GB,Legacy Oracle EBS,E,SAN-001,SanaPlus PainRelief,OTC,SanaPlus,Wholesale,9,8.12,GBP,0.0,73.08,73.08
TXN-GB-3-000637,2026-08-27 02:26:14,2026-08-27 02:28:14,GB,Legacy Oracle EBS,E,SAN-001,SanaPlus PainRelief,OTC,SanaPlus,E-commerce,11,8.12,GBP,0.15,89.32,75.92
TXN-GB-3-000638,2026-08-27 05:26:12,2026-08-27 05:27:12,GB,Legacy Oracle EBS,E,PUR-002,PureLife BP Monitor,Medical Device,PureLife,E-commerce,2,76.92,GBP,0.15,153.84,130.76
TXN-GB-3-000639,2026-08-27 23:54:59,2026-08-27 23:58:59,GB,Legacy Oracle EBS,E,VIT-002,Vitalis Multivit,Supplement,Vitalis,Pharmacy/B2B,3,14.53,GBP,0.15,43.59,37.05
TXN-GB-3-000640,2026-08-27 04:39:00,2026-08-27 04:41:00,GB,Legacy Oracle EBS,E,DER-002,Dermacare LiftCream,Aesthetic,Dermacare,Wholesale,10,31.62,GBP,0.0,316.2,316.2
TXN-GB-3-000641,2026-08-27 05:24:40,2026-08-27 05:29:40,GB,Legacy Oracle EBS,E,VIT-001,Vitalis C1000,Supplement,Vitalis,E-commerce,11,17.95,GBP,0.0,197.45,197.45
TXN-GB-3-000642,2026-08-27 01:30:14,2026-08-27 01:32:14,GB,Legacy Oracle EBS,E,MED-002,Medora Derm Cream,Prescription,Medora,Pharmacy/B2B,1,22.22,GBP,0.2,22.22,17.78
TXN-GB-3-000643,2026-08-27 05:43:34,2026-08-27 05:47:34,GB,Legacy Oracle EBS,E,SAN-002,SanaPlus ColdFlu,OTC,SanaPlus,D2C,3,8.97,GBP,0.0,26.91,26.91
TXN-GB-3-000644,2026-08-27 11:04:30,2026-08-27 11:08:30,GB,Legacy Oracle EBS,E,DER-002,Dermacare LiftCream,Aesthetic,Dermacare,Wholesale,2,31.62,GBP,0.05,63.24,60.08
TXN-GB-3-000645,2026-08-27 23:53:16,2026-08-27 23:56:16,GB,Legacy Oracle EBS,E,DER-002,Dermacare LiftCream,Aesthetic,Dermacare,E-commerce,10,31.62,GBP,0.0,316.2,316.2
TXN-GB-3-000646,2026-08-27 09:00:29,2026-08-27 09:05:29,GB,Legacy Oracle EBS,E,VIT-002,Vitalis Multivit,Supplement,Vitalis,D2C,3,14.53,GBP,0.05,43.59,41.41
TXN-GB-3-000647,2026-08-27 10:23:34,2026-08-27 10:24:34,GB,Legacy Oracle EBS,E,MED-001,Medora Cardio 10mg,Prescription,Medora,Wholesale,11,36.75,GBP,0.2,404.25,323.4
TXN-GB-3-000648,2026-08-27 22:13:28,2026-08-27 22:14:28,GB,Legacy Oracle EBS,E,DER-002,Dermacare LiftCream,Aesthetic,Dermacare,D2C,3,31.62,GBP,0.0,94.86,94.86
TXN-GB-3-000649,2026-08-27 17:04:59,2026-08-27 17:07:59,GB,Legacy Oracle EBS,E,VIT-001,Vitalis C1000,Supplement,Vitalis,D2C,7,17.95,GBP,0.15,125.65,106.8
TXN-GB-3-000650,2026-08-27 09:03:32,2026-08-27 09:07:32,GB,Legacy Oracle EBS,E,VIT-002,Vitalis Multivit,Supplement,Vitalis,Pharmacy/B2B,4,14.53,GBP,0.0,58.12,58.12
TXN-GB-3-000651,2026-08-27 00:41:17,2026-08-27 00:45:17,GB,Legacy Oracle EBS,E,VIT-001,Vitalis C1000,Supplement,Vitalis,Pharmacy/B2B,4,17.95,GBP,0.15,71.8,61.03
TXN-GB-3-000652,2026-08-27 22:46:00,2026-08-27 22:47:00,GB,Legacy Oracle EBS,E,PUR-002,PureLife BP Monitor,Medical Device,PureLife,Wholesale,7,76.92,GBP,0.0,538.44,538.44
TXN-GB-3-000653,2026-08-27 05:59:05,2026-08-27 06:04:05,GB,Legacy Oracle EBS,E,MED-001,Medora Cardio 10mg,Prescription,Medora,Wholesale,4,36.75,GBP,0.15,147.0,124.95
TXN-GB-3-000654,2026-08-27 10:55:27,2026-08-27 10:59:27,GB,Legacy Oracle EBS,E,MED-001,Medora Cardio 10mg,Prescription,Medora,Pharmacy/B2B,11,36.75,GBP,0.15,404.25,343.61
TXN-GB-3-000655,2026-08-27 08:41:04,2026-08-27 08:45:04,GB,Legacy Oracle EBS,E,VIT-002,Vitalis Multivit,Supplement,Vitalis,D2C,3,14.53,GBP,0.05,43.59,41.41
TXN-GB-3-000656,2026-08-27 17:20:40,2026-08-27 17:24:40,GB,Legacy Oracle EBS,E,SAN-001,SanaPlus PainRelief,OTC,SanaPlus,E-commerce,7,8.12,GBP,0.0,56.84,56.84
TXN-GB-3-000657,2026-08-27 21:40:16,2026-08-27 21:42:16,GB,Legacy Oracle EBS,E,PUR-002,PureLife BP Monitor,Medical Device,PureLife,Pharmacy/B2B,11,76.92,GBP,0.05,846.12,803.81
TXN-GB-3-000658,2026-08-27 02:24:11,2026-08-27 02:26:11,GB,Legacy Oracle EBS,E,VIT-001,Vitalis C1000,Supplement,Vitalis,Wholesale,6,17.95,GBP,0.15,107.7,91.55
TXN-GB-3-000659,2026-08-27 08:43:53,2026-08-27 08:49:53,GB,Legacy Oracle EBS,E,VIT-002,Vitalis Multivit,Supplement,Vitalis,D2C,8,14.53,GBP,0.0,116.24,116.24
TXN-GB-3-000660,2026-08-27 13:50:45,2026-08-27 13:51:45,GB,Legacy Oracle EBS,E,MED-001,Medora Cardio 10mg,Prescription,Medora,D2C,1,36.75,GBP,0.1,36.75,33.08
TXN-GB-3-000661,2026-08-27 10:53:44,2026-08-27 10:59:44,GB,Legacy Oracle EBS,E,SAN-001,SanaPlus PainRelief,OTC,SanaPlus,Pharmacy/B2B,7,8.12,GBP,0.1,56.84,51.16
TXN-GB-3-000662,2026-08-27 11:12:01,2026-08-27 11:15:01,GB,Legacy Oracle EBS,E,VIT-002,Vitalis Multivit,Supplement,Vitalis,D2C,2,14.53,GBP,0.0,29.06,29.06
TXN-GB-3-000663,2026-08-27 20:16:22,2026-08-27 20:20:22,GB,Legacy Oracle EBS,E,PUR-001,PureLife GlucoMonitor,Medical Device,PureLife,E-commerce,11,72.65,GBP,0.1,799.15,719.24
TXN-GB-3-000664,2026-08-27 12:44:57,2026-08-27 12:49:57,GB,Legacy Oracle EBS,E,SAN-002,SanaPlus ColdFlu,OTC,SanaPlus,Pharmacy/B2B,3,8.97,GBP,0.15,26.91,22.87
TXN-GB-3-000665,2026-08-27 22:00:13,2026-08-27 22:05:13,GB,Legacy Oracle EBS,E,MED-001,Medora Cardio 10mg,Prescription,Medora,Wholesale,6,36.75,GBP,0.0,220.5,220.5
TXN-GB-3-000666,2026-08-27 01:35:51,2026-08-27 01:36:51,GB,Legacy Oracle EBS,E,SAN-002,SanaPlus ColdFlu,OTC,SanaPlus,D2C,9,8.97,GBP,0.1,80.73,72.66
TXN-GB-3-000667,2026-08-27 06:01:51,2026-08-27 06:07:51,GB,Legacy Oracle EBS,E,PUR-001,PureLife GlucoMonitor,Medical Device,PureLife,Wholesale,7,72.65,GBP,0.15,508.55,432.27
TXN-GB-3-000668,2026-08-27 02:08:02,2026-08-27 02:13:02,GB,Legacy Oracle EBS,E,SAN-002,SanaPlus ColdFlu,OTC,SanaPlus,Wholesale,3,8.97,GBP,0.0,26.91,26.91
TXN-GB-3-000669,2026-08-27 20:43:10,2026-08-27 20:48:10,GB,Legacy Oracle EBS,E,VIT-002,Vitalis Multivit,Supplement,Vitalis,D2C,12,14.53,GBP,0.1,174.36,156.92
TXN-GB-3-000670,2026-08-27 22:29:02,2026-08-27 22:35:02,GB,Legacy Oracle EBS,E,SAN-002,SanaPlus ColdFlu,OTC,SanaPlus,Wholesale,7,8.97,GBP,0.05,62.79,59.65
TXN-GB-3-000671,2026-08-27 07:50:46,2026-08-27 07:54:46,GB,Legacy Oracle EBS,E,VIT-001,Vitalis C1000,Supplement,Vitalis,D2C,4,17.95,GBP,0.1,71.8,64.62
TXN-GB-3-000672,2026-08-27 01:44:27,2026-08-27 01:50:27,GB,Legacy Oracle EBS,E,SAN-002,SanaPlus ColdFlu,OTC,SanaPlus,Pharmacy/B2B,11,8.97,GBP,0.0,98.67,98.67
TXN-GB-3-000673,2026-08-27 16:16:14,2026-08-27 16:20:14,GB,Legacy Oracle EBS,E,DER-001,Dermacare GlowSerum,Aesthetic,Dermacare,D2C,11,27.35,GBP,0.0,300.85,300.85
TXN-GB-3-000674,2026-08-27 17:35:20,2026-08-27 17:40:20,GB,Legacy Oracle EBS,E,VIT-002,Vitalis Multivit,Supplement,Vitalis,D2C,4,14.53,GBP,0.0,58.12,58.12
TXN-GB-3-000675,2026-08-27 20:16:06,2026-08-27 20:18:06,GB,Legacy Oracle EBS,E,PUR-001,PureLife GlucoMonitor,Medical Device,PureLife,E-commerce,5,72.65,GBP,0.15,363.25,308.76
TXN-GB-3-000676,2026-08-27 19:08:00,2026-08-27 19:10:00,GB,Legacy Oracle EBS,E,MED-001,Medora Cardio 10mg,Prescription,Medora,E-commerce,8,36.75,GBP,0.0,294.0,294.0
TXN-GB-3-000677,2026-08-27 06:10:57,2026-08-27 06:13:57,GB,Legacy Oracle EBS,E,PUR-001,PureLife GlucoMonitor,Medical Device,PureLife,D2C,12,72.65,GBP,0.0,871.8,871.8
TXN-GB-3-000678,2026-08-27 10:42:14,2026-08-27 10:48:14,GB,Legacy Oracle EBS,E,VIT-002,Vitalis Multivit,Supplement,Vitalis,Pharmacy/B2B,12,14.53,GBP,0.0,174.36,174.36
TXN-GB-3-000679,2026-08-27 17:46:37,2026-08-27 17:49:37,GB,Legacy Oracle EBS,E,VIT-001,Vitalis C1000,Supplement,Vitalis,Pharmacy/B2B,3,17.95,GBP,0.15,53.85,45.77
TXN-GB-3-000680,2026-08-27 23:35:47,2026-08-27 23:40:47,GB,Legacy Oracle EBS,E,VIT-001,Vitalis C1000,Supplement,Vitalis,Pharmacy/B2B,11,17.95,GBP,0.15,197.45,167.83
TXN-GB-3-000681,2026-08-27 01:24:11,2026-08-27 01:29:11,GB,Legacy Oracle EBS,E,PUR-001,PureLife GlucoMonitor,Medical Device,PureLife,D2C,4,72.65,GBP,0.2,290.6,232.48
TXN-GB-3-000682,2026-08-27 19:36:07,2026-08-27 19:38:07,GB,Legacy Oracle EBS,E,VIT-001,Vitalis C1000,Supplement,Vitalis,Pharmacy/B2B,12,17.95,GBP,0.0,215.4,215.4
TXN-GB-3-000683,2026-08-27 05:07:49,2026-08-27 05:08:49,GB,Legacy Oracle EBS,E,VIT-002,Vitalis Multivit,Supplement,Vitalis,Pharmacy/B2B,10,14.53,GBP,0.0,145.3,145.3
TXN-GB-3-000684,2026-08-27 00:49:59,2026-08-27 00:55:59,GB,Legacy Oracle EBS,E,DER-002,Dermacare LiftCream,Aesthetic,Dermacare,D2C,3,31.62,GBP,0.15,94.86,80.63
TXN-GB-3-000685,2026-08-27 17:32:26,2026-08-27 17:37:26,GB,Legacy Oracle EBS,E,PUR-002,PureLife BP Monitor,Medical Device,PureLife,Wholesale,3,76.92,GBP,0.1,230.76,207.68
TXN-GB-3-000686,2026-08-27 19:40:41,2026-08-27 19:43:41,GB,Legacy Oracle EBS,E,DER-002,Dermacare LiftCream,Aesthetic,Dermacare,Pharmacy/B2B,12,31.62,GBP,0.2,379.44,303.55
TXN-GB-3-000687,2026-08-27 12:19:21,2026-08-27 12:24:21,GB,Legacy Oracle EBS,E,PUR-002,PureLife BP Monitor,Medical Device,PureLife,Wholesale,9,76.92,GBP,0.0,692.28,692.28
TXN-GB-3-000688,2026-08-27 22:04:46,2026-08-27 22:07:46,GB,Legacy Oracle EBS,E,VIT-001,Vitalis C1000,Supplement,Vitalis,Pharmacy/B2B,8,17.95,GBP,0.15,143.6,122.06
TXN-GB-3-000689,2026-08-27 22:45:23,2026-08-27 22:47:23,GB,Legacy Oracle EBS,E,DER-001,Dermacare GlowSerum,Aesthetic,Dermacare,Pharmacy/B2B,9,27.35,GBP,0.0,246.15,246.15
TXN-GB-3-000690,2026-08-27 03:35:29,2026-08-27 03:37:29,GB,Legacy Oracle EBS,E,SAN-002,SanaPlus ColdFlu,OTC,SanaPlus,Pharmacy/B2B,3,8.97,GBP,0.2,26.91,21.53
TXN-GB-3-000691,2026-08-27 20:36:30,2026-08-27 20:42:30,GB,Legacy Oracle EBS,E,VIT-001,Vitalis C1000,Supplement,Vitalis,E-commerce,2,17.95,GBP,0.2,35.9,28.72
TXN-GB-3-000692,2026-08-27 00:18:35,2026-08-27 00:22:35,GB,Legacy Oracle EBS,E,PUR-001,PureLife GlucoMonitor,Medical Device,PureLife,D2C,7,72.65,GBP,0.05,508.55,483.12
TXN-GB-3-000693,2026-08-27 21:59:24,2026-08-27 22:05:24,GB,Legacy Oracle EBS,E,SAN-002,SanaPlus ColdFlu,OTC,SanaPlus,Wholesale,12,8.97,GBP,0.0,107.64,107.64
TXN-GB-3-000694,2026-08-27 16:05:57,2026-08-27 16:11:57,GB,Legacy Oracle EBS,E,MED-002,Medora Derm Cream,Prescription,Medora,E-commerce,4,22.22,GBP,0.0,88.88,88.88
TXN-GB-3-000695,2026-08-27 18:02:26,2026-08-27 18:04:26,GB,Legacy Oracle EBS,E,PUR-001,PureLife GlucoMonitor,Medical Device,PureLife,E-commerce,11,72.65,GBP,0.05,799.15,759.19
TXN-GB-3-000696,2026-08-27 20:29:34,2026-08-27 20:33:34,GB,Legacy Oracle EBS,E,SAN-001,SanaPlus PainRelief,OTC,SanaPlus,Pharmacy/B2B,4,8.12,GBP,0.1,32.48,29.23
TXN-GB-3-000697,2026-08-27 23:44:27,2026-08-27 23:50:27,GB,Legacy Oracle EBS,E,DER-002,Dermacare LiftCream,Aesthetic,Dermacare,E-commerce,2,31.62,GBP,0.15,63.24,53.75
TXN-GB-3-000698,2026-08-27 18:10:04,2026-08-27 18:14:04,GB,Legacy Oracle EBS,E,MED-001,Medora Cardio 10mg,Prescription,Medora,Wholesale,8,36.75,GBP,0.0,294.0,294.0
TXN-GB-3-000699,2026-08-27 15:37:48,2026-08-27 15:38:48,GB,Legacy Oracle EBS,E,SAN-001,SanaPlus PainRelief,OTC,SanaPlus,Pharmacy/B2B,5,8.12,GBP,0.15,40.6,34.51
TXN-GB-3-000700,2026-08-27 18:33:59,2026-08-27 18:36:59,GB,Legacy Oracle EBS,E,PUR-001,PureLife GlucoMonitor,Medical Device,PureLife,D2C,6,72.65,GBP,0.15,435.9,370.51
TXN-GB-3-000701,2026-08-27 04:51:51,2026-08-27 04:52:51,GB,Legacy Oracle EBS,E,MED-002,Medora Derm Cream,Prescription,Medora,E-commerce,10,22.22,GBP,0.2,222.2,177.76
TXN-GB-3-000702,2026-08-27 11:21:38,2026-08-27 11:24:38,GB,Legacy Oracle EBS,E,VIT-002,Vitalis Multivit,Supplement,Vitalis,D2C,5,14.53,GBP,0.0,72.65,72.65
TXN-GB-3-000703,2026-08-27 02:09:34,2026-08-27 02:13:34,GB,Legacy Oracle EBS,E,VIT-001,Vitalis C1000,Supplement,Vitalis,Pharmacy/B2B,11,17.95,GBP,0.15,197.45,167.83
TXN-GB-3-000704,2026-08-27 18:07:32,2026-08-27 18:10:32,GB,Legacy Oracle EBS,E,PUR-001,PureLife GlucoMonitor,Medical Device,PureLife,Pharmacy/B2B,10,72.65,GBP,0.0,726.5,726.5
TXN-GB-3-000705,2026-08-27 22:14:56,2026-08-27 22:18:56,GB,Legacy Oracle EBS,E,MED-001,Medora Cardio 10mg,Prescription,Medora,Wholesale,7,36.75,GBP,0.2,257.25,205.8
TXN-GB-3-000706,2026-08-27 02:03:49,2026-08-27 02:09:49,GB,Legacy Oracle EBS,E,SAN-001,SanaPlus PainRelief,OTC,SanaPlus,D2C,7,8.12,GBP,0.0,56.84,56.84
TXN-GB-3-000707,2026-08-27 02:16:18,2026-08-27 02:17:18,GB,Legacy Oracle EBS,E,DER-001,Dermacare GlowSerum,Aesthetic,Dermacare,E-commerce,9,27.35,GBP,0.15,246.15,209.23
TXN-GB-3-000708,2026-08-27 12:37:37,2026-08-27 12:43:37,GB,Legacy Oracle EBS,E,DER-002,Dermacare LiftCream,Aesthetic,Dermacare,E-commerce,2,31.62,GBP,0.1,63.24,56.92
TXN-GB-3-000709,2026-08-27 22:52:06,2026-08-27 22:56:06,GB,Legacy Oracle EBS,E,PUR-001,PureLife GlucoMonitor,Medical Device,PureLife,D2C,8,72.65,GBP,0.15,581.2,494.02
TXN-GB-3-000710,2026-08-27 00:35:22,2026-08-27 00:40:22,GB,Legacy Oracle EBS,E,MED-002,Medora Derm Cream,Prescription,Medora,D2C,11,22.22,GBP,0.0,244.42,244.42
TXN-GB-3-000711,2026-08-27 01:21:59,2026-08-27 01:26:59,GB,Legacy Oracle EBS,E,VIT-001,Vitalis C1000,Supplement,Vitalis,E-commerce,8,17.95,GBP,0.15,143.6,122.06
TXN-GB-3-000712,2026-08-27 19:43:35,2026-08-27 19:45:35,GB,Legacy Oracle EBS,E,PUR-001,PureLife GlucoMonitor,Medical Device,PureLife,D2C,3,72.65,GBP,0.2,217.95,174.36
TXN-GB-3-000713,2026-08-27 13:44:47,2026-08-27 13:46:47,GB,Legacy Oracle EBS,E,SAN-002,SanaPlus ColdFlu,OTC,SanaPlus,E-commerce,3,8.97,GBP,0.0,26.91,26.91
TXN-GB-3-000714,2026-08-27 15:48:51,2026-08-27 15:51:51,GB,Legacy Oracle EBS,E,PUR-001,PureLife GlucoMonitor,Medical Device,PureLife,E-commerce,11,72.65,GBP,0.0,799.15,799.15
TXN-GB-3-000715,2026-08-27 15:59:53,2026-08-27 16:01:53,GB,Legacy Oracle EBS,E,MED-001,Medora Cardio 10mg,Prescription,Medora,Pharmacy/B2B,2,36.75,GBP,0.15,73.5,62.48
TXN-GB-3-000716,2026-08-27 22:43:33,2026-08-27 22:49:33,GB,Legacy Oracle EBS,E,MED-002,Medora Derm Cream,Prescription,Medora,E-commerce,5,22.22,GBP,0.2,111.1,88.88
TXN-GB-3-000717,2026-08-27 15:50:36,2026-08-27 15:55:36,GB,Legacy Oracle EBS,E,MED-001,Medora Cardio 10mg,Prescription,Medora,Pharmacy/B2B,11,36.75,GBP,0.0,404.25,404.25
TXN-GB-3-000718,2026-08-27 15:04:00,2026-08-27 15:09:00,GB,Legacy Oracle EBS,E,MED-002,Medora Derm Cream,Prescription,Medora,D2C,6,22.22,GBP,0.0,133.32,133.32
TXN-GB-3-000719,2026-08-27 05:22:07,2026-08-27 05:26:07,GB,Legacy Oracle EBS,E,MED-001,Medora Cardio 10mg,Prescription,Medora,E-commerce,7,36.75,GBP,0.05,257.25,244.39
TXN-GB-3-000720,2026-08-27 14:24:19,2026-08-27 14:30:19,GB,Legacy Oracle EBS,E,MED-002,Medora Derm Cream,Prescription,Medora,D2C,2,22.22,GBP,0.1,44.44,40.0
TXN-GB-3-000721,2026-08-27 02:20:37,2026-08-27 02:25:37,GB,Legacy Oracle EBS,E,VIT-002,Vitalis Multivit,Supplement,Vitalis,E-commerce,2,14.53,GBP,0.15,29.06,24.7
TXN-GB-3-000722,2026-08-27 01:43:03,2026-08-27 01:46:03,GB,Legacy Oracle EBS,E,VIT-002,Vitalis Multivit,Supplement,Vitalis,D2C,8,14.53,GBP,0.0,116.24,116.24
TXN-GB-3-000723,2026-08-27 14:11:25,2026-08-27 14:14:25,GB,Legacy Oracle EBS,E,PUR-002,PureLife BP Monitor,Medical Device,PureLife,Pharmacy/B2B,4,76.92,GBP,0.0,307.68,307.68
TXN-GB-3-000724,2026-08-27 15:13:07,2026-08-27 15:15:07,GB,Legacy Oracle EBS,E,PUR-001,PureLife GlucoMonitor,Medical Device,PureLife,Pharmacy/B2B,3,72.65,GBP,0.2,217.95,174.36
TXN-GB-3-000725,2026-08-27 19:58:21,2026-08-27 20:04:21,GB,Legacy Oracle EBS,E,PUR-001,PureLife GlucoMonitor,Medical Device,PureLife,Wholesale,2,72.65,GBP,0.2,145.3,116.24
TXN-GB-3-000726,2026-08-27 10:13:31,2026-08-27 10:18:31,GB,Legacy Oracle EBS,E,PUR-001,PureLife GlucoMonitor,Medical Device,PureLife,Pharmacy/B2B,10,72.65,GBP,0.0,726.5,726.5
TXN-GB-3-000727,2026-08-27 11:03:50,2026-08-27 11:08:50,GB,Legacy Oracle EBS,E,PUR-002,PureLife BP Monitor,Medical Device,PureLife,D2C,5,76.92,GBP,0.0,384.6,384.6
TXN-GB-3-000728,2026-08-27 17:56:50,2026-08-27 17:59:50,GB,Legacy Oracle EBS,E,PUR-002,PureLife BP Monitor,Medical Device,PureLife,D2C,8,76.92,GBP,0.15,615.36,523.06
TXN-GB-3-000729,2026-08-27 08:45:45,2026-08-27 08:50:45,GB,Legacy Oracle EBS,E,PUR-001,PureLife GlucoMonitor,Medical Device,PureLife,Pharmacy/B2B,11,72.65,GBP,0.2,799.15,639.32
TXN-GB-3-000730,2026-08-27 06:39:53,2026-08-27 06:42:53,GB,Legacy Oracle EBS,E,SAN-001,SanaPlus PainRelief,OTC,SanaPlus,D2C,5,8.12,GBP,0.0,40.6,40.6
TXN-GB-3-000731,2026-08-27 19:41:51,2026-08-27 19:45:51,GB,Legacy Oracle EBS,E,PUR-002,PureLife BP Monitor,Medical Device,PureLife,Pharmacy/B2B,10,76.92,GBP,0.05,769.2,730.74
TXN-GB-3-000732,2026-08-27 15:58:48,2026-08-27 16:04:48,GB,Legacy Oracle EBS,E,SAN-002,SanaPlus ColdFlu,OTC,SanaPlus,D2C,11,8.97,GBP,0.0,98.67,98.67
TXN-GB-3-000733,2026-08-27 13:46:54,2026-08-27 13:50:54,GB,Legacy Oracle EBS,E,DER-002,Dermacare LiftCream,Aesthetic,Dermacare,D2C,3,31.62,GBP,0.0,94.86,94.86
TXN-GB-3-000734,2026-08-27 09:44:40,2026-08-27 09:49:40,GB,Legacy Oracle EBS,E,MED-001,Medora Cardio 10mg,Prescription,Medora,Pharmacy/B2B,10,36.75,GBP,0.0,367.5,367.5
TXN-GB-3-000735,2026-08-27 20:55:26,2026-08-27 20:58:26,GB,Legacy Oracle EBS,E,SAN-001,SanaPlus PainRelief,OTC,SanaPlus,D2C,5,8.12,GBP,0.2,40.6,32.48
TXN-GB-3-000736,2026-08-27 02:15:57,2026-08-27 02:18:57,GB,Legacy Oracle EBS,E,DER-001,Dermacare GlowSerum,Aesthetic,Dermacare,D2C,6,27.35,GBP,0.15,164.1,139.48
TXN-GB-3-000737,2026-08-27 12:39:37,2026-08-27 12:40:37,GB,Legacy Oracle EBS,E,PUR-002,PureLife BP Monitor,Medical Device,PureLife,Wholesale,2,76.92,GBP,0.2,153.84,123.07
TXN-GB-3-000738,2026-08-27 17:53:54,2026-08-27 17:54:54,GB,Legacy Oracle EBS,E,PUR-001,PureLife GlucoMonitor,Medical Device,PureLife,E-commerce,4,72.65,GBP,0.15,290.6,247.01
TXN-GB-3-000739,2026-08-27 04:29:52,2026-08-27 04:31:52,GB,Legacy Oracle EBS,E,MED-001,Medora Cardio 10mg,Prescription,Medora,Pharmacy/B2B,8,36.75,GBP,0.1,294.0,264.6
TXN-GB-3-000740,2026-08-27 04:32:13,2026-08-27 04:38:13,GB,Legacy Oracle EBS,E,SAN-002,SanaPlus ColdFlu,OTC,SanaPlus,E-commerce,8,8.97,GBP,0.05,71.76,68.17
TXN-GB-3-000741,2026-08-27 23:58:45,2026-08-28 00:03:45,GB,Legacy Oracle EBS,E,DER-002,Dermacare LiftCream,Aesthetic,Dermacare,Pharmacy/B2B,3,31.62,GBP,0.0,94.86,94.86
TXN-GB-3-000742,2026-08-27 13:48:05,2026-08-27 13:54:05,GB,Legacy Oracle EBS,E,PUR-001,PureLife GlucoMonitor,Medical Device,PureLife,D2C,5,72.65,GBP,0.0,363.25,363.25
TXN-GB-3-000743,2026-08-27 04:41:37,2026-08-27 04:45:37,GB,Legacy Oracle EBS,E,DER-002,Dermacare LiftCream,Aesthetic,Dermacare,E-commerce,4,31.62,GBP,0.2,126.48,101.18
TXN-GB-3-000744,2026-08-27 09:45:11,2026-08-27 09:50:11,GB,Legacy Oracle EBS,E,PUR-002,PureLife BP Monitor,Medical Device,PureLife,Pharmacy/B2B,12,76.92,GBP,0.0,923.04,923.04
TXN-GB-3-000745,2026-08-27 13:55:06,2026-08-27 14:01:06,GB,Legacy Oracle EBS,E,VIT-001,Vitalis C1000,Supplement,Vitalis,Pharmacy/B2B,9,17.95,GBP,0.0,161.55,161.55
TXN-GB-3-000746,2026-08-27 21:51:57,2026-08-27 21:56:57,GB,Legacy Oracle EBS,E,PUR-002,PureLife BP Monitor,Medical Device,PureLife,E-commerce,5,76.92,GBP,0.0,384.6,384.6
TXN-GB-3-000747,2026-08-27 23:44:20,2026-08-27 23:48:20,GB,Legacy Oracle EBS,E,DER-002,Dermacare LiftCream,Aesthetic,Dermacare,Wholesale,6,31.62,GBP,0.15,189.72,161.26
TXN-GB-3-000748,2026-08-27 07:42:55,2026-08-27 07:47:55,GB,Legacy Oracle EBS,E,DER-001,Dermacare GlowSerum,Aesthetic,Dermacare,E-commerce,7,27.35,GBP,0.0,191.45,191.45
TXN-GB-3-000749,2026-08-27 11:23:58,2026-08-27 11:28:58,GB,Legacy Oracle EBS,E,PUR-002,PureLife BP Monitor,Medical Device,PureLife,D2C,5,76.92,GBP,0.1,384.6,346.14
TXN-GB-3-000750,2026-08-27 15:33:30,2026-08-27 15:37:30,GB,Legacy Oracle EBS,E,MED-002,Medora Derm Cream,Prescription,Medora,Wholesale,1,22.22,GBP,0.1,22.22,20.0
TXN-GB-3-000751,2026-08-27 22:42:50,2026-08-27 22:43:50,GB,Legacy Oracle EBS,E,DER-001,Dermacare GlowSerum,Aesthetic,Dermacare,D2C,8,27.35,GBP,0.2,218.8,175.04
TXN-GB-3-000752,2026-08-27 05:24:47,2026-08-27 05:27:47,GB,Legacy Oracle EBS,E,VIT-001,Vitalis C1000,Supplement,Vitalis,E-commerce,12,17.95,GBP,0.15,215.4,183.09
TXN-GB-3-000753,2026-08-27 02:56:36,2026-08-27 02:58:36,GB,Legacy Oracle EBS,E,MED-002,Medora Derm Cream,Prescription,Medora,D2C,6,22.22,GBP,0.0,133.32,133.32
TXN-GB-3-000754,2026-08-27 20:37:01,2026-08-27 20:38:01,GB,Legacy Oracle EBS,E,VIT-001,Vitalis C1000,Supplement,Vitalis,E-commerce,1,17.95,GBP,0.05,17.95,17.05
TXN-GB-3-000755,2026-08-27 12:53:16,2026-08-27 12:54:16,GB,Legacy Oracle EBS,E,SAN-001,SanaPlus PainRelief,OTC,SanaPlus,Pharmacy/B2B,7,8.12,GBP,0.1,56.84,51.16
TXN-GB-3-000756,2026-08-27 10:33:20,2026-08-27 10:35:20,GB,Legacy Oracle EBS,E,DER-001,Dermacare GlowSerum,Aesthetic,Dermacare,Pharmacy/B2B,5,27.35,GBP,0.0,136.75,136.75
TXN-GB-3-000757,2026-08-27 19:20:46,2026-08-27 19:26:46,GB,Legacy Oracle EBS,E,PUR-002,PureLife BP Monitor,Medical Device,PureLife,Wholesale,6,76.92,GBP,0.0,461.52,461.52
TXN-GB-3-000758,2026-08-27 08:39:38,2026-08-27 08:43:38,GB,Legacy Oracle EBS,E,SAN-002,SanaPlus ColdFlu,OTC,SanaPlus,Wholesale,5,8.97,GBP,0.15,44.85,38.12
TXN-GB-3-000759,2026-08-27 08:50:26,2026-08-27 08:52:26,GB,Legacy Oracle EBS,E,VIT-001,Vitalis C1000,Supplement,Vitalis,D2C,10,17.95,GBP,0.0,179.5,179.5
TXN-GB-3-000760,2026-08-27 02:29:35,2026-08-27 02:33:35,GB,Legacy Oracle EBS,E,PUR-002,PureLife BP Monitor,Medical Device,PureLife,E-commerce,7,76.92,GBP,0.0,538.44,538.44
TXN-GB-3-000761,2026-08-27 12:15:28,2026-08-27 12:18:28,GB,Legacy Oracle EBS,E,DER-002,Dermacare LiftCream,Aesthetic,Dermacare,Pharmacy/B2B,5,31.62,GBP,0.0,158.1,158.1
TXN-GB-3-000762,2026-08-27 19:02:11,2026-08-27 19:03:11,GB,Legacy Oracle EBS,E,DER-001,Dermacare GlowSerum,Aesthetic,Dermacare,E-commerce,10,27.35,GBP,0.2,273.5,218.8
TXN-GB-3-000763,2026-08-27 05:01:01,2026-08-27 05:07:01,GB,Legacy Oracle EBS,E,PUR-001,PureLife GlucoMonitor,Medical Device,PureLife,E-commerce,4,72.65,GBP,0.1,290.6,261.54
TXN-GB-3-000764,2026-08-27 06:46:22,2026-08-27 06:50:22,GB,Legacy Oracle EBS,E,DER-001,Dermacare GlowSerum,Aesthetic,Dermacare,D2C,7,27.35,GBP,0.0,191.45,191.45
TXN-GB-3-000765,2026-08-27 02:52:12,2026-08-27 02:54:12,GB,Legacy Oracle EBS,E,PUR-002,PureLife BP Monitor,Medical Device,PureLife,D2C,5,76.92,GBP,0.0,384.6,384.6
TXN-GB-3-000766,2026-08-27 01:58:53,2026-08-27 02:02:53,GB,Legacy Oracle EBS,E,PUR-001,PureLife GlucoMonitor,Medical Device,PureLife,D2C,11,72.65,GBP,0.2,799.15,639.32
TXN-GB-3-000767,2026-08-27 21:38:55,2026-08-27 21:39:55,GB,Legacy Oracle EBS,E,VIT-001,Vitalis C1000,Supplement,Vitalis,Wholesale,6,17.95,GBP,0.1,107.7,96.93
TXN-GB-3-000768,2026-08-27 02:58:25,2026-08-27 03:02:25,GB,Legacy Oracle EBS,E,DER-001,Dermacare GlowSerum,Aesthetic,Dermacare,Pharmacy/B2B,3,27.35,GBP,0.0,82.05,82.05
TXN-GB-3-000769,2026-08-27 10:53:25,2026-08-27 10:55:25,GB,Legacy Oracle EBS,E,MED-001,Medora Cardio 10mg,Prescription,Medora,Pharmacy/B2B,3,36.75,GBP,0.1,110.25,99.23
TXN-GB-3-000770,2026-08-27 07:43:52,2026-08-27 07:49:52,GB,Legacy Oracle EBS,E,MED-001,Medora Cardio 10mg,Prescription,Medora,Wholesale,11,36.75,GBP,0.05,404.25,384.04
TXN-GB-3-000771,2026-08-27 23:06:10,2026-08-27 23:11:10,GB,Legacy Oracle EBS,E,DER-001,Dermacare GlowSerum,Aesthetic,Dermacare,E-commerce,12,27.35,GBP,0.0,328.2,328.2
TXN-GB-3-000772,2026-08-27 18:28:40,2026-08-27 18:29:40,GB,Legacy Oracle EBS,E,VIT-001,Vitalis C1000,Supplement,Vitalis,Wholesale,8,17.95,GBP,0.0,143.6,143.6
TXN-GB-3-000773,2026-08-27 19:32:38,2026-08-27 19:35:38,GB,Legacy Oracle EBS,E,VIT-002,Vitalis Multivit,Supplement,Vitalis,Pharmacy/B2B,11,14.53,GBP,0.1,159.83,143.85
TXN-GB-3-000774,2026-08-27 19:00:45,2026-08-27 19:02:45,GB,Legacy Oracle EBS,E,SAN-001,SanaPlus PainRelief,OTC,SanaPlus,Pharmacy/B2B,5,8.12,GBP,0.2,40.6,32.48
TXN-GB-3-000775,2026-08-27 03:46:28,2026-08-27 03:48:28,GB,Legacy Oracle EBS,E,DER-001,Dermacare GlowSerum,Aesthetic,Dermacare,Wholesale,10,27.35,GBP,0.0,273.5,273.5
TXN-GB-3-000776,2026-08-27 23:58:12,2026-08-28 00:01:12,GB,Legacy Oracle EBS,E,SAN-002,SanaPlus ColdFlu,OTC,SanaPlus,D2C,7,8.97,GBP,0.0,62.79,62.79
TXN-GB-3-000777,2026-08-27 06:55:21,2026-08-27 06:59:21,GB,Legacy Oracle EBS,E,VIT-002,Vitalis Multivit,Supplement,Vitalis,Pharmacy/B2B,7,14.53,GBP,0.05,101.71,96.62
TXN-GB-3-000778,2026-08-27 10:18:28,2026-08-27 10:22:28,GB,Legacy Oracle EBS,E,SAN-001,SanaPlus PainRelief,OTC,SanaPlus,E-commerce,8,8.12,GBP,0.05,64.96,61.71
TXN-GB-3-000779,2026-08-27 19:41:59,2026-08-27 19:44:59,GB,Legacy Oracle EBS,E,SAN-002,SanaPlus ColdFlu,OTC,SanaPlus,Pharmacy/B2B,5,8.97,GBP,0.2,44.85,35.88
TXN-GB-3-000780,2026-08-27 13:51:17,2026-08-27 13:57:17,GB,Legacy Oracle EBS,E,MED-002,Medora Derm Cream,Prescription,Medora,E-commerce,11,22.22,GBP,0.15,244.42,207.76
TXN-GB-3-000781,2026-08-27 10:35:59,2026-08-27 10:38:59,GB,Legacy Oracle EBS,E,DER-001,Dermacare GlowSerum,Aesthetic,Dermacare,D2C,9,27.35,GBP,0.0,246.15,246.15
TXN-GB-3-000782,2026-08-27 18:26:31,2026-08-27 18:30:31,GB,Legacy Oracle EBS,E,PUR-001,PureLife GlucoMonitor,Medical Device,PureLife,E-commerce,2,72.65,GBP,0.05,145.3,138.03
TXN-GB-3-000783,2026-08-27 22:46:53,2026-08-27 22:52:53,GB,Legacy Oracle EBS,E,MED-002,Medora Derm Cream,Prescription,Medora,E-commerce,6,22.22,GBP,0.0,133.32,133.32
TXN-GB-3-000784,2026-08-27 14:01:31,2026-08-27 14:04:31,GB,Legacy Oracle EBS,E,VIT-001,Vitalis C1000,Supplement,Vitalis,D2C,10,17.95,GBP,0.0,179.5,179.5
TXN-GB-3-000785,2026-08-27 12:07:36,2026-08-27 12:13:36,GB,Legacy Oracle EBS,E,SAN-001,SanaPlus PainRelief,OTC,SanaPlus,E-commerce,4,8.12,GBP,0.1,32.48,29.23
TXN-GB-3-000786,2026-08-27 17:17:54,2026-08-27 17:20:54,GB,Legacy Oracle EBS,E,PUR-001,PureLife GlucoMonitor,Medical Device,PureLife,Pharmacy/B2B,9,72.65,GBP,0.15,653.85,555.77
TXN-GB-3-000787,2026-08-27 18:11:55,2026-08-27 18:15:55,GB,Legacy Oracle EBS,E,MED-001,Medora Cardio 10mg,Prescription,Medora,Pharmacy/B2B,7,36.75,GBP,0.1,257.25,231.53
TXN-GB-3-000788,2026-08-27 02:39:19,2026-08-27 02:45:19,GB,Legacy Oracle EBS,E,PUR-001,PureLife GlucoMonitor,Medical Device,PureLife,D2C,4,72.65,GBP,0.0,290.6,290.6
TXN-GB-3-000789,2026-08-27 12:20:50,2026-08-27 12:21:50,GB,Legacy Oracle EBS,E,DER-002,Dermacare LiftCream,Aesthetic,Dermacare,E-commerce,10,31.62,GBP,0.05,316.2,300.39
TXN-GB-3-000790,2026-08-27 19:27:50,2026-08-27 19:31:50,GB,Legacy Oracle EBS,E,DER-002,Dermacare LiftCream,Aesthetic,Dermacare,E-commerce,10,31.62,GBP,0.0,316.2,316.2
TXN-GB-3-000791,2026-08-27 19:58:05,2026-08-27 20:04:05,GB,Legacy Oracle EBS,E,PUR-001,PureLife GlucoMonitor,Medical Device,PureLife,D2C,5,72.65,GBP,0.0,363.25,363.25
TXN-GB-3-000792,2026-08-27 16:05:20,2026-08-27 16:09:20,GB,Legacy Oracle EBS,E,DER-001,Dermacare GlowSerum,Aesthetic,Dermacare,E-commerce,8,27.35,GBP,0.05,218.8,207.86
TXN-GB-3-000793,2026-08-27 05:16:57,2026-08-27 05:21:57,GB,Legacy Oracle EBS,E,DER-001,Dermacare GlowSerum,Aesthetic,Dermacare,D2C,12,27.35,GBP,0.0,328.2,328.2
TXN-GB-3-000794,2026-08-27 23:03:22,2026-08-27 23:08:22,GB,Legacy Oracle EBS,E,VIT-002,Vitalis Multivit,Supplement,Vitalis,E-commerce,3,14.53,GBP,0.0,43.59,43.59
TXN-GB-3-000795,2026-08-27 11:13:48,2026-08-27 11:18:48,GB,Legacy Oracle EBS,E,VIT-001,Vitalis C1000,Supplement,Vitalis,Wholesale,9,17.95,GBP,0.0,161.55,161.55
TXN-GB-3-000796,2026-08-27 07:56:47,2026-08-27 07:58:47,GB,Legacy Oracle EBS,E,VIT-001,Vitalis C1000,Supplement,Vitalis,D2C,2,17.95,GBP,0.0,35.9,35.9
TXN-GB-3-000797,2026-08-27 20:23:02,2026-08-27 20:29:02,GB,Legacy Oracle EBS,E,PUR-001,PureLife GlucoMonitor,Medical Device,PureLife,E-commerce,3,72.65,GBP,0.0,217.95,217.95
TXN-GB-3-000798,2026-08-27 12:23:18,2026-08-27 12:25:18,GB,Legacy Oracle EBS,E,DER-001,Dermacare GlowSerum,Aesthetic,Dermacare,D2C,7,27.35,GBP,0.2,191.45,153.16
TXN-GB-3-000799,2026-08-27 05:57:50,2026-08-27 06:02:50,GB,Legacy Oracle EBS,E,SAN-001,SanaPlus PainRelief,OTC,SanaPlus,Pharmacy/B2B,9,8.12,GBP,0.1,73.08,65.77
TXN-GB-3-000800,2026-08-27 16:34:34,2026-08-27 16:38:34,GB,Legacy Oracle EBS,E,SAN-001,SanaPlus PainRelief,OTC,SanaPlus,Wholesale,5,8.12,GBP,0.1,40.6,36.54
TXN-GB-3-000801,2026-08-27 10:44:36,2026-08-27 10:48:36,GB,Legacy Oracle EBS,E,SAN-002,SanaPlus ColdFlu,OTC,SanaPlus,D2C,10,8.97,GBP,0.15,89.7,76.25
TXN-GB-3-000802,2026-08-27 07:38:46,2026-08-27 07:39:46,GB,Legacy Oracle EBS,E,MED-001,Medora Cardio 10mg,Prescription,Medora,Wholesale,10,36.75,GBP,0.1,367.5,330.75
TXN-GB-3-000803,2026-08-27 12:15:44,2026-08-27 12:20:44,GB,Legacy Oracle EBS,E,PUR-001,PureLife GlucoMonitor,Medical Device,PureLife,Wholesale,2,72.65,GBP,0.2,145.3,116.24
TXN-GB-3-000804,2026-08-27 07:46:02,2026-08-27 07:51:02,GB,Legacy Oracle EBS,E,MED-002,Medora Derm Cream,Prescription,Medora,Pharmacy/B2B,2,22.22,GBP,0.1,44.44,40.0
TXN-GB-3-000805,2026-08-27 10:38:24,2026-08-27 10:41:24,GB,Legacy Oracle EBS,E,PUR-002,PureLife BP Monitor,Medical Device,PureLife,E-commerce,4,76.92,GBP,0.0,307.68,307.68
TXN-GB-3-000806,2026-08-27 15:36:23,2026-08-27 15:39:23,GB,Legacy Oracle EBS,E,SAN-002,SanaPlus ColdFlu,OTC,SanaPlus,Pharmacy/B2B,9,8.97,GBP,0.0,80.73,80.73
TXN-GB-3-000807,2026-08-27 13:28:57,2026-08-27 13:30:57,GB,Legacy Oracle EBS,E,SAN-001,SanaPlus PainRelief,OTC,SanaPlus,Pharmacy/B2B,4,8.12,GBP,0.0,32.48,32.48
TXN-GB-3-000808,2026-08-27 03:47:21,2026-08-27 03:51:21,GB,Legacy Oracle EBS,E,DER-002,Dermacare LiftCream,Aesthetic,Dermacare,E-commerce,6,31.62,GBP,0.0,189.72,189.72
TXN-GB-3-000809,2026-08-27 17:00:16,2026-08-27 17:02:16,GB,Legacy Oracle EBS,E,PUR-002,PureLife BP Monitor,Medical Device,PureLife,E-commerce,2,76.92,GBP,0.15,153.84,130.76
TXN-GB-3-000810,2026-08-27 19:03:08,2026-08-27 19:05:08,GB,Legacy Oracle EBS,E,DER-001,Dermacare GlowSerum,Aesthetic,Dermacare,D2C,2,27.35,GBP,0.15,54.7,46.5
TXN-GB-3-000811,2026-08-27 12:31:32,2026-08-27 12:37:32,GB,Legacy Oracle EBS,E,DER-001,Dermacare GlowSerum,Aesthetic,Dermacare,E-commerce,4,27.35,GBP,0.2,109.4,87.52
TXN-GB-3-000812,2026-08-27 19:14:08,2026-08-27 19:18:08,GB,Legacy Oracle EBS,E,MED-001,Medora Cardio 10mg,Prescription,Medora,Wholesale,11,36.75,GBP,0.2,404.25,323.4
TXN-GB-3-000813,2026-08-27 00:14:31,2026-08-27 00:16:31,GB,Legacy Oracle EBS,E,VIT-002,Vitalis Multivit,Supplement,Vitalis,Wholesale,10,14.53,GBP,0.0,145.3,145.3
TXN-GB-3-000814,2026-08-27 05:55:20,2026-08-27 06:01:20,GB,Legacy Oracle EBS,E,SAN-001,SanaPlus PainRelief,OTC,SanaPlus,D2C,8,8.12,GBP,0.15,64.96,55.22
TXN-GB-3-000815,2026-08-27 05:29:47,2026-08-27 05:34:47,GB,Legacy Oracle EBS,E,DER-001,Dermacare GlowSerum,Aesthetic,Dermacare,D2C,1,27.35,GBP,0.0,27.35,27.35
TXN-GB-3-000816,2026-08-27 23:40:46,2026-08-27 23:45:46,GB,Legacy Oracle EBS,E,PUR-001,PureLife GlucoMonitor,Medical Device,PureLife,D2C,1,72.65,GBP,0.0,72.65,72.65
TXN-GB-3-000817,2026-08-27 09:01:26,2026-08-27 09:04:26,GB,Legacy Oracle EBS,E,SAN-001,SanaPlus PainRelief,OTC,SanaPlus,D2C,3,8.12,GBP,0.0,24.36,24.36
TXN-GB-3-000818,2026-08-27 13:15:08,2026-08-27 13:17:08,GB,Legacy Oracle EBS,E,DER-001,Dermacare GlowSerum,Aesthetic,Dermacare,E-commerce,12,27.35,GBP,0.15,328.2,278.97
TXN-GB-3-000819,2026-08-27 06:04:50,2026-08-27 06:09:50,GB,Legacy Oracle EBS,E,MED-001,Medora Cardio 10mg,Prescription,Medora,E-commerce,8,36.75,GBP,0.0,294.0,294.0
TXN-GB-3-000820,2026-08-27 03:01:07,2026-08-27 03:04:07,GB,Legacy Oracle EBS,E,MED-002,Medora Derm Cream,Prescription,Medora,Pharmacy/B2B,6,22.22,GBP,0.15,133.32,113.32
TXN-GB-3-000821,2026-08-27 19:18:06,2026-08-27 19:24:06,GB,Legacy Oracle EBS,E,DER-002,Dermacare LiftCream,Aesthetic,Dermacare,E-commerce,6,31.62,GBP,0.0,189.72,189.72
TXN-GB-3-000822,2026-08-27 06:18:06,2026-08-27 06:23:06,GB,Legacy Oracle EBS,E,MED-001,Medora Cardio 10mg,Prescription,Medora,Wholesale,5,36.75,GBP,0.0,183.75,183.75
TXN-GB-3-000823,2026-08-27 08:07:02,2026-08-27 08:13:02,GB,Legacy Oracle EBS,E,PUR-001,PureLife GlucoMonitor,Medical Device,PureLife,E-commerce,7,72.65,GBP,0.0,508.55,508.55
TXN-GB-3-000824,2026-08-27 23:32:03,2026-08-27 23:36:03,GB,Legacy Oracle EBS,E,VIT-001,Vitalis C1000,Supplement,Vitalis,E-commerce,2,17.95,GBP,0.1,35.9,32.31
TXN-GB-3-000825,2026-08-27 07:20:00,2026-08-27 07:25:00,GB,Legacy Oracle EBS,E,PUR-002,PureLife BP Monitor,Medical Device,PureLife,E-commerce,12,76.92,GBP,0.0,923.04,923.04
TXN-GB-3-000826,2026-08-27 02:25:09,2026-08-27 02:28:09,GB,Legacy Oracle EBS,E,MED-001,Medora Cardio 10mg,Prescription,Medora,D2C,2,36.75,GBP,0.0,73.5,73.5
TXN-GB-3-000827,2026-08-27 03:18:40,2026-08-27 03:21:40,GB,Legacy Oracle EBS,E,MED-001,Medora Cardio 10mg,Prescription,Medora,Wholesale,9,36.75,GBP,0.0,330.75,330.75
TXN-GB-3-000828,2026-08-27 20:56:47,2026-08-27 21:01:47,GB,Legacy Oracle EBS,E,VIT-001,Vitalis C1000,Supplement,Vitalis,Pharmacy/B2B,5,17.95,GBP,0.1,89.75,80.78
TXN-GB-3-000829,2026-08-27 13:33:50,2026-08-27 13:34:50,GB,Legacy Oracle EBS,E,VIT-001,Vitalis C1000,Supplement,Vitalis,D2C,12,17.95,GBP,0.15,215.4,183.09
TXN-GB-3-000830,2026-08-27 23:18:52,2026-08-27 23:20:52,GB,Legacy Oracle EBS,E,VIT-001,Vitalis C1000,Supplement,Vitalis,Wholesale,7,17.95,GBP,0.2,125.65,100.52
TXN-GB-3-000831,2026-08-27 20:54:42,2026-08-27 21:00:42,GB,Legacy Oracle EBS,E,MED-002,Medora Derm Cream,Prescription,Medora,Wholesale,3,22.22,GBP,0.2,66.66,53.33
TXN-GB-3-000832,2026-08-27 15:03:56,2026-08-27 15:06:56,GB,Legacy Oracle EBS,E,MED-001,Medora Cardio 10mg,Prescription,Medora,D2C,11,36.75,GBP,0.15,404.25,343.61
TXN-GB-3-000833,2026-08-27 22:09:05,2026-08-27 22:11:05,GB,Legacy Oracle EBS,E,PUR-001,PureLife GlucoMonitor,Medical Device,PureLife,E-commerce,7,72.65,GBP,0.0,508.55,508.55
TXN-GB-3-000834,2026-08-27 11:23:45,2026-08-27 11:29:45,GB,Legacy Oracle EBS,E,MED-001,Medora Cardio 10mg,Prescription,Medora,E-commerce,5,36.75,GBP,0.1,183.75,165.38
TXN-GB-3-000835,2026-08-27 19:05:57,2026-08-27 19:07:57,GB,Legacy Oracle EBS,E,DER-002,Dermacare LiftCream,Aesthetic,Dermacare,Pharmacy/B2B,9,31.62,GBP,0.0,284.58,284.58
TXN-GB-3-000836,2026-08-27 14:46:10,2026-08-27 14:52:10,GB,Legacy Oracle EBS,E,DER-002,Dermacare LiftCream,Aesthetic,Dermacare,Pharmacy/B2B,8,31.62,GBP,0.2,252.96,202.37
TXN-GB-3-000837,2026-08-27 05:16:45,2026-08-27 05:20:45,GB,Legacy Oracle EBS,E,VIT-001,Vitalis C1000,Supplement,Vitalis,Wholesale,5,17.95,GBP,0.15,89.75,76.29
TXN-GB-3-000838,2026-08-27 10:33:39,2026-08-27 10:34:39,GB,Legacy Oracle EBS,E,MED-002,Medora Derm Cream,Prescription,Medora,E-commerce,11,22.22,GBP,0.0,244.42,244.42
TXN-GB-3-000839,2026-08-27 15:48:41,2026-08-27 15:49:41,GB,Legacy Oracle EBS,E,MED-001,Medora Cardio 10mg,Prescription,Medora,Wholesale,1,36.75,GBP,0.15,36.75,31.24
TXN-GB-3-000840,2026-08-27 15:46:27,2026-08-27 15:49:27,GB,Legacy Oracle EBS,E,SAN-002,SanaPlus ColdFlu,OTC,SanaPlus,D2C,1,8.97,GBP,0.15,8.97,7.62
TXN-GB-3-000841,2026-08-27 13:57:54,2026-08-27 14:02:54,GB,Legacy Oracle EBS,E,SAN-001,SanaPlus PainRelief,OTC,SanaPlus,E-commerce,12,8.12,GBP,0.0,97.44,97.44
TXN-GB-3-000842,2026-08-27 02:42:17,2026-08-27 02:47:17,GB,Legacy Oracle EBS,E,MED-002,Medora Derm Cream,Prescription,Medora,E-commerce,5,22.22,GBP,0.0,111.1,111.1
TXN-GB-3-000843,2026-08-27 00:25:08,2026-08-27 00:28:08,GB,Legacy Oracle EBS,E,PUR-002,PureLife BP Monitor,Medical Device,PureLife,Wholesale,1,76.92,GBP,0.1,76.92,69.23
TXN-GB-3-000844,2026-08-27 19:14:03,2026-08-27 19:15:03,GB,Legacy Oracle EBS,E,VIT-001,Vitalis C1000,Supplement,Vitalis,E-commerce,11,17.95,GBP,0.2,197.45,157.96
TXN-GB-3-000845,2026-08-27 14:57:13,2026-08-27 14:59:13,GB,Legacy Oracle EBS,E,SAN-001,SanaPlus PainRelief,OTC,SanaPlus,D2C,3,8.12,GBP,0.05,24.36,23.14
TXN-GB-3-000846,2026-08-27 15:48:10,2026-08-27 15:49:10,GB,Legacy Oracle EBS,E,MED-001,Medora Cardio 10mg,Prescription,Medora,Wholesale,11,36.75,GBP,0.0,404.25,404.25
TXN-GB-3-000847,2026-08-27 01:04:15,2026-08-27 01:10:15,GB,Legacy Oracle EBS,E,PUR-001,PureLife GlucoMonitor,Medical Device,PureLife,Wholesale,3,72.65,GBP,0.1,217.95,196.16
TXN-GB-3-000848,2026-08-27 02:04:36,2026-08-27 02:05:36,GB,Legacy Oracle EBS,E,PUR-001,PureLife GlucoMonitor,Medical Device,PureLife,E-commerce,10,72.65,GBP,0.2,726.5,581.2
TXN-GB-3-000849,2026-08-27 22:43:47,2026-08-27 22:45:47,GB,Legacy Oracle EBS,E,SAN-001,SanaPlus PainRelief,OTC,SanaPlus,D2C,12,8.12,GBP,0.05,97.44,92.57
TXN-GB-3-000850,2026-08-27 06:47:24,2026-08-27 06:52:24,GB,Legacy Oracle EBS,E,PUR-002,PureLife BP Monitor,Medical Device,PureLife,E-commerce,4,76.92,GBP,0.0,307.68,307.68
TXN-GB-3-000851,2026-08-27 12:04:32,2026-08-27 12:06:32,GB,Legacy Oracle EBS,E,DER-001,Dermacare GlowSerum,Aesthetic,Dermacare,D2C,4,27.35,GBP,0.1,109.4,98.46
TXN-GB-3-000852,2026-08-27 15:03:27,2026-08-27 15:04:27,GB,Legacy Oracle EBS,E,MED-001,Medora Cardio 10mg,Prescription,Medora,E-commerce,3,36.75,GBP,0.2,110.25,88.2
TXN-GB-3-000853,2026-08-27 06:34:16,2026-08-27 06:37:16,GB,Legacy Oracle EBS,E,DER-001,Dermacare GlowSerum,Aesthetic,Dermacare,D2C,9,27.35,GBP,0.15,246.15,209.23
TXN-GB-3-000854,2026-08-27 07:27:04,2026-08-27 07:31:04,GB,Legacy Oracle EBS,E,PUR-001,PureLife GlucoMonitor,Medical Device,PureLife,D2C,4,72.65,GBP,0.05,290.6,276.07
TXN-GB-3-000855,2026-08-27 02:39:30,2026-08-27 02:45:30,GB,Legacy Oracle EBS,E,DER-001,Dermacare GlowSerum,Aesthetic,Dermacare,D2C,1,27.35,GBP,0.05,27.35,25.98
TXN-GB-3-000856,2026-08-27 23:51:06,2026-08-27 23:52:06,GB,Legacy Oracle EBS,E,VIT-001,Vitalis C1000,Supplement,Vitalis,D2C,6,17.95,GBP,0.0,107.7,107.7
TXN-GB-3-000857,2026-08-27 00:00:29,2026-08-27 00:03:29,GB,Legacy Oracle EBS,E,SAN-002,SanaPlus ColdFlu,OTC,SanaPlus,Pharmacy/B2B,8,8.97,GBP,0.15,71.76,61.0
TXN-GB-3-000858,2026-08-27 17:35:31,2026-08-27 17:41:31,GB,Legacy Oracle EBS,E,SAN-002,SanaPlus ColdFlu,OTC,SanaPlus,Wholesale,6,8.97,GBP,0.0,53.82,53.82
TXN-GB-3-000859,2026-08-27 12:48:40,2026-08-27 12:49:40,GB,Legacy Oracle EBS,E,SAN-002,SanaPlus ColdFlu,OTC,SanaPlus,Wholesale,6,8.97,GBP,0.15,53.82,45.75
TXN-GB-3-000860,2026-08-27 15:31:21,2026-08-27 15:32:21,GB,Legacy Oracle EBS,E,PUR-001,PureLife GlucoMonitor,Medical Device,PureLife,E-commerce,3,72.65,GBP,0.0,217.95,217.95
TXN-GB-3-000861,2026-08-27 19:41:02,2026-08-27 19:42:02,GB,Legacy Oracle EBS,E,MED-001,Medora Cardio 10mg,Prescription,Medora,Wholesale,4,36.75,GBP,0.0,147.0,147.0
TXN-GB-3-000862,2026-08-27 15:35:27,2026-08-27 15:39:27,GB,Legacy Oracle EBS,E,VIT-002,Vitalis Multivit,Supplement,Vitalis,E-commerce,4,14.53,GBP,0.1,58.12,52.31
TXN-GB-3-000863,2026-08-27 02:46:08,2026-08-27 02:48:08,GB,Legacy Oracle EBS,E,VIT-001,Vitalis C1000,Supplement,Vitalis,E-commerce,5,17.95,GBP,0.05,89.75,85.26
TXN-GB-3-000864,2026-08-27 05:42:34,2026-08-27 05:46:34,GB,Legacy Oracle EBS,E,MED-002,Medora Derm Cream,Prescription,Medora,Pharmacy/B2B,2,22.22,GBP,0.0,44.44,44.44
TXN-GB-3-000865,2026-08-27 02:03:48,2026-08-27 02:09:48,GB,Legacy Oracle EBS,E,DER-002,Dermacare LiftCream,Aesthetic,Dermacare,Pharmacy/B2B,12,31.62,GBP,0.05,379.44,360.47
TXN-GB-3-000866,2026-08-27 21:25:56,2026-08-27 21:26:56,GB,Legacy Oracle EBS,E,DER-002,Dermacare LiftCream,Aesthetic,Dermacare,Pharmacy/B2B,8,31.62,GBP,0.1,252.96,227.66
TXN-GB-3-000867,2026-08-27 13:31:24,2026-08-27 13:37:24,GB,Legacy Oracle EBS,E,VIT-002,Vitalis Multivit,Supplement,Vitalis,Wholesale,9,14.53,GBP,0.05,130.77,124.23
TXN-GB-3-000868,2026-08-27 00:47:14,2026-08-27 00:49:14,GB,Legacy Oracle EBS,E,PUR-001,PureLife GlucoMonitor,Medical Device,PureLife,Wholesale,8,72.65,GBP,0.05,581.2,552.14
TXN-GB-3-000869,2026-08-27 21:59:53,2026-08-27 22:03:53,GB,Legacy Oracle EBS,E,DER-001,Dermacare GlowSerum,Aesthetic,Dermacare,Wholesale,6,27.35,GBP,0.2,164.1,131.28
TXN-GB-3-000870,2026-08-27 01:48:07,2026-08-27 01:54:07,GB,Legacy Oracle EBS,E,SAN-002,SanaPlus ColdFlu,OTC,SanaPlus,Wholesale,8,8.97,GBP,0.0,71.76,71.76
TXN-GB-3-000871,2026-08-27 08:28:43,2026-08-27 08:34:43,GB,Legacy Oracle EBS,E,PUR-002,PureLife BP Monitor,Medical Device,PureLife,D2C,3,76.92,GBP,0.05,230.76,219.22
TXN-GB-3-000872,2026-08-27 10:32:01,2026-08-27 10:35:01,GB,Legacy Oracle EBS,E,MED-001,Medora Cardio 10mg,Prescription,Medora,E-commerce,7,36.75,GBP,0.0,257.25,257.25
TXN-GB-3-000873,2026-08-27 12:25:48,2026-08-27 12:27:48,GB,Legacy Oracle EBS,E,VIT-001,Vitalis C1000,Supplement,Vitalis,D2C,4,17.95,GBP,0.1,71.8,64.62
TXN-GB-3-000874,2026-08-27 09:30:58,2026-08-27 09:33:58,GB,Legacy Oracle EBS,E,DER-002,Dermacare LiftCream,Aesthetic,Dermacare,Pharmacy/B2B,2,31.62,GBP,0.2,63.24,50.59
TXN-GB-3-000875,2026-08-27 14:00:10,2026-08-27 14:02:10,GB,Legacy Oracle EBS,E,DER-002,Dermacare LiftCream,Aesthetic,Dermacare,Pharmacy/B2B,11,31.62,GBP,0.2,347.82,278.26
TXN-GB-3-000876,2026-08-27 08:50:36,2026-08-27 08:55:36,GB,Legacy Oracle EBS,E,SAN-002,SanaPlus ColdFlu,OTC,SanaPlus,D2C,9,8.97,GBP,0.0,80.73,80.73
TXN-GB-3-000877,2026-08-27 06:26:58,2026-08-27 06:32:58,GB,Legacy Oracle EBS,E,SAN-001,SanaPlus PainRelief,OTC,SanaPlus,E-commerce,4,8.12,GBP,0.2,32.48,25.98
TXN-GB-3-000878,2026-08-27 15:29:22,2026-08-27 15:33:22,GB,Legacy Oracle EBS,E,PUR-002,PureLife BP Monitor,Medical Device,PureLife,Pharmacy/B2B,9,76.92,GBP,0.0,692.28,692.28
TXN-GB-3-000879,2026-08-27 03:39:32,2026-08-27 03:40:32,GB,Legacy Oracle EBS,E,VIT-001,Vitalis C1000,Supplement,Vitalis,Wholesale,3,17.95,GBP,0.1,53.85,48.47
TXN-GB-3-000880,2026-08-27 07:26:31,2026-08-27 07:31:31,GB,Legacy Oracle EBS,E,SAN-001,SanaPlus PainRelief,OTC,SanaPlus,Pharmacy/B2B,5,8.12,GBP,0.05,40.6,38.57
TXN-GB-3-000881,2026-08-27 05:23:12,2026-08-27 05:27:12,GB,Legacy Oracle EBS,E,DER-001,Dermacare GlowSerum,Aesthetic,Dermacare,Pharmacy/B2B,3,27.35,GBP,0.1,82.05,73.84
TXN-GB-3-000882,2026-08-27 00:00:59,2026-08-27 00:06:59,GB,Legacy Oracle EBS,E,SAN-001,SanaPlus PainRelief,OTC,SanaPlus,E-commerce,12,8.12,GBP,0.0,97.44,97.44
TXN-GB-3-000883,2026-08-27 14:21:17,2026-08-27 14:27:17,GB,Legacy Oracle EBS,E,DER-001,Dermacare GlowSerum,Aesthetic,Dermacare,E-commerce,9,27.35,GBP,0.0,246.15,246.15
TXN-GB-3-000884,2026-08-27 17:58:37,2026-08-27 18:02:37,GB,Legacy Oracle EBS,E,PUR-001,PureLife GlucoMonitor,Medical Device,PureLife,Pharmacy/B2B,8,72.65,GBP,0.0,581.2,581.2
TXN-GB-3-000885,2026-08-27 07:30:21,2026-08-27 07:36:21,GB,Legacy Oracle EBS,E,MED-002,Medora Derm Cream,Prescription,Medora,D2C,6,22.22,GBP,0.2,133.32,106.66
TXN-GB-3-000886,2026-08-27 02:49:43,2026-08-27 02:54:43,GB,Legacy Oracle EBS,E,PUR-002,PureLife BP Monitor,Medical Device,PureLife,Pharmacy/B2B,7,76.92,GBP,0.1,538.44,484.6
TXN-GB-3-000887,2026-08-27 15:20:18,2026-08-27 15:24:18,GB,Legacy Oracle EBS,E,PUR-002,PureLife BP Monitor,Medical Device,PureLife,Wholesale,8,76.92,GBP,0.0,615.36,615.36
TXN-GB-3-000888,2026-08-27 08:19:39,2026-08-27 08:21:39,GB,Legacy Oracle EBS,E,SAN-002,SanaPlus ColdFlu,OTC,SanaPlus,Wholesale,3,8.97,GBP,0.2,26.91,21.53
TXN-GB-3-000889,2026-08-27 22:42:38,2026-08-27 22:44:38,GB,Legacy Oracle EBS,E,PUR-001,PureLife GlucoMonitor,Medical Device,PureLife,E-commerce,4,72.65,GBP,0.15,290.6,247.01
TXN-GB-3-000890,2026-08-27 17:39:08,2026-08-27 17:40:08,GB,Legacy Oracle EBS,E,MED-001,Medora Cardio 10mg,Prescription,Medora,Wholesale,1,36.75,GBP,0.0,36.75,36.75
TXN-GB-3-000891,2026-08-27 21:57:28,2026-08-27 22:03:28,GB,Legacy Oracle EBS,E,SAN-001,SanaPlus PainRelief,OTC,SanaPlus,E-commerce,6,8.12,GBP,0.1,48.72,43.85
TXN-GB-3-000892,2026-08-27 07:52:12,2026-08-27 07:57:12,GB,Legacy Oracle EBS,E,MED-002,Medora Derm Cream,Prescription,Medora,Pharmacy/B2B,8,22.22,GBP,0.0,177.76,177.76
TXN-GB-3-000893,2026-08-27 04:51:57,2026-08-27 04:52:57,GB,Legacy Oracle EBS,E,PUR-002,PureLife BP Monitor,Medical Device,PureLife,Pharmacy/B2B,11,76.92,GBP,0.15,846.12,719.2
TXN-GB-3-000894,2026-08-27 16:51:16,2026-08-27 16:52:16,GB,Legacy Oracle EBS,E,SAN-001,SanaPlus PainRelief,OTC,SanaPlus,D2C,12,8.12,GBP,0.15,97.44,82.82
TXN-GB-3-000895,2026-08-27 15:04:23,2026-08-27 15:08:23,GB,Legacy Oracle EBS,E,MED-001,Medora Cardio 10mg,Prescription,Medora,Wholesale,2,36.75,GBP,0.2,73.5,58.8
TXN-GB-3-000896,2026-08-27 05:53:33,2026-08-27 05:56:33,GB,Legacy Oracle EBS,E,MED-001,Medora Cardio 10mg,Prescription,Medora,D2C,7,36.75,GBP,0.1,257.25,231.53
TXN-GB-3-000897,2026-08-27 16:59:58,2026-08-27 17:03:58,GB,Legacy Oracle EBS,E,MED-001,Medora Cardio 10mg,Prescription,Medora,D2C,8,36.75,GBP,0.0,294.0,294.0
TXN-GB-3-000898,2026-08-27 05:49:01,2026-08-27 05:51:01,GB,Legacy Oracle EBS,E,MED-001,Medora Cardio 10mg,Prescription,Medora,Wholesale,6,36.75,GBP,0.0,220.5,220.5
TXN-GB-3-000899,2026-08-27 15:03:51,2026-08-27 15:05:51,GB,Legacy Oracle EBS,E,PUR-002,PureLife BP Monitor,Medical Device,PureLife,Wholesale,1,76.92,GBP,0.15,76.92,65.38
TXN-GB-3-000900,2026-08-27 22:32:52,2026-08-27 22:36:52,GB,Legacy Oracle EBS,E,PUR-002,PureLife BP Monitor,Medical Device,PureLife,D2C,3,76.92,GBP,0.2,230.76,184.61
TXN-GB-3-000901,2026-08-27 23:34:54,2026-08-27 23:37:54,GB,Legacy Oracle EBS,E,SAN-002,SanaPlus ColdFlu,OTC,SanaPlus,E-commerce,2,8.97,GBP,0.0,17.94,17.94
TXN-GB-3-000902,2026-08-27 05:58:55,2026-08-27 06:04:55,GB,Legacy Oracle EBS,E,DER-002,Dermacare LiftCream,Aesthetic,Dermacare,D2C,2,31.62,GBP,0.0,63.24,63.24
TXN-GB-3-000903,2026-08-27 11:28:13,2026-08-27 11:33:13,GB,Legacy Oracle EBS,E,MED-001,Medora Cardio 10mg,Prescription,Medora,Pharmacy/B2B,12,36.75,GBP,0.05,441.0,418.95
TXN-GB-3-000904,2026-08-27 04:13:55,2026-08-27 04:14:55,GB,Legacy Oracle EBS,E,PUR-002,PureLife BP Monitor,Medical Device,PureLife,Wholesale,3,76.92,GBP,0.1,230.76,207.68
TXN-GB-3-000905,2026-08-27 09:20:33,2026-08-27 09:21:33,GB,Legacy Oracle EBS,E,DER-002,Dermacare LiftCream,Aesthetic,Dermacare,E-commerce,7,31.62,GBP,0.0,221.34,221.34
TXN-GB-3-000906,2026-08-27 18:19:02,2026-08-27 18:20:02,GB,Legacy Oracle EBS,E,SAN-002,SanaPlus ColdFlu,OTC,SanaPlus,E-commerce,11,8.97,GBP,0.15,98.67,83.87
TXN-GB-3-000907,2026-08-27 05:10:14,2026-08-27 05:13:14,GB,Legacy Oracle EBS,E,VIT-002,Vitalis Multivit,Supplement,Vitalis,Pharmacy/B2B,1,14.53,GBP,0.0,14.53,14.53
TXN-GB-3-000908,2026-08-27 14:43:22,2026-08-27 14:49:22,GB,Legacy Oracle EBS,E,MED-001,Medora Cardio 10mg,Prescription,Medora,Wholesale,6,36.75,GBP,0.15,220.5,187.42
TXN-GB-3-000909,2026-08-27 18:08:11,2026-08-27 18:09:11,GB,Legacy Oracle EBS,E,PUR-002,PureLife BP Monitor,Medical Device,PureLife,Wholesale,12,76.92,GBP,0.1,923.04,830.74
TXN-GB-3-000910,2026-08-27 15:12:30,2026-08-27 15:13:30,GB,Legacy Oracle EBS,E,DER-002,Dermacare LiftCream,Aesthetic,Dermacare,Wholesale,12,31.62,GBP,0.05,379.44,360.47
TXN-GB-3-000911,2026-08-27 01:17:18,2026-08-27 01:20:18,GB,Legacy Oracle EBS,E,VIT-002,Vitalis Multivit,Supplement,Vitalis,Pharmacy/B2B,4,14.53,GBP,0.0,58.12,58.12
TXN-GB-3-000912,2026-08-27 10:37:51,2026-08-27 10:43:51,GB,Legacy Oracle EBS,E,DER-001,Dermacare GlowSerum,Aesthetic,Dermacare,Wholesale,7,27.35,GBP,0.2,191.45,153.16
TXN-GB-3-000913,2026-08-27 11:51:24,2026-08-27 11:56:24,GB,Legacy Oracle EBS,E,MED-002,Medora Derm Cream,Prescription,Medora,Wholesale,10,22.22,GBP,0.1,222.2,199.98
TXN-GB-3-000914,2026-08-27 10:26:24,2026-08-27 10:31:24,GB,Legacy Oracle EBS,E,PUR-002,PureLife BP Monitor,Medical Device,PureLife,D2C,5,76.92,GBP,0.0,384.6,384.6
TXN-GB-3-000915,2026-08-27 22:53:58,2026-08-27 22:56:58,GB,Legacy Oracle EBS,E,PUR-001,PureLife GlucoMonitor,Medical Device,PureLife,Wholesale,12,72.65,GBP,0.1,871.8,784.62
TXN-GB-3-000916,2026-08-27 05:31:09,2026-08-27 05:37:09,GB,Legacy Oracle EBS,E,SAN-002,SanaPlus ColdFlu,OTC,SanaPlus,E-commerce,2,8.97,GBP,0.0,17.94,17.94
TXN-GB-3-000917,2026-08-27 02:45:32,2026-08-27 02:51:32,GB,Legacy Oracle EBS,E,MED-002,Medora Derm Cream,Prescription,Medora,E-commerce,5,22.22,GBP,0.05,111.1,105.54
TXN-GB-3-000918,2026-08-27 20:25:53,2026-08-27 20:30:53,GB,Legacy Oracle EBS,E,DER-002,Dermacare LiftCream,Aesthetic,Dermacare,D2C,10,31.62,GBP,0.0,316.2,316.2
TXN-GB-3-000919,2026-08-27 19:07:39,2026-08-27 19:11:39,GB,Legacy Oracle EBS,E,DER-002,Dermacare LiftCream,Aesthetic,Dermacare,E-commerce,11,31.62,GBP,0.0,347.82,347.82
TXN-GB-3-000920,2026-08-27 17:23:27,2026-08-27 17:28:27,GB,Legacy Oracle EBS,E,MED-002,Medora Derm Cream,Prescription,Medora,Pharmacy/B2B,5,22.22,GBP,0.0,111.1,111.1
TXN-GB-3-000921,2026-08-27 03:40:16,2026-08-27 03:41:16,GB,Legacy Oracle EBS,E,SAN-002,SanaPlus ColdFlu,OTC,SanaPlus,Pharmacy/B2B,9,8.97,GBP,0.2,80.73,64.58
TXN-GB-3-000922,2026-08-27 09:57:32,2026-08-27 09:58:32,GB,Legacy Oracle EBS,E,DER-001,Dermacare GlowSerum,Aesthetic,Dermacare,E-commerce,6,27.35,GBP,0.2,164.1,131.28
TXN-GB-3-000923,2026-08-27 01:09:52,2026-08-27 01:15:52,GB,Legacy Oracle EBS,E,PUR-001,PureLife GlucoMonitor,Medical Device,PureLife,Wholesale,9,72.65,GBP,0.15,653.85,555.77
TXN-GB-3-000924,2026-08-27 15:20:36,2026-08-27 15:26:36,GB,Legacy Oracle EBS,E,PUR-001,PureLife GlucoMonitor,Medical Device,PureLife,Wholesale,9,72.65,GBP,0.15,653.85,555.77
TXN-GB-3-000925,2026-08-27 15:48:45,2026-08-27 15:53:45,GB,Legacy Oracle EBS,E,PUR-002,PureLife BP Monitor,Medical Device,PureLife,D2C,4,76.92,GBP,0.15,307.68,261.53
TXN-GB-3-000926,2026-08-27 12:40:34,2026-08-27 12:43:34,GB,Legacy Oracle EBS,E,SAN-002,SanaPlus ColdFlu,OTC,SanaPlus,Wholesale,1,8.97,GBP,0.15,8.97,7.62
TXN-GB-3-000927,2026-08-27 11:26:15,2026-08-27 11:31:15,GB,Legacy Oracle EBS,E,VIT-002,Vitalis Multivit,Supplement,Vitalis,E-commerce,10,14.53,GBP,0.0,145.3,145.3
TXN-GB-3-000928,2026-08-27 00:20:35,2026-08-27 00:25:35,GB,Legacy Oracle EBS,E,VIT-002,Vitalis Multivit,Supplement,Vitalis,Wholesale,8,14.53,GBP,0.05,116.24,110.43
TXN-GB-3-000929,2026-08-27 00:53:24,2026-08-27 00:57:24,GB,Legacy Oracle EBS,E,PUR-001,PureLife GlucoMonitor,Medical Device,PureLife,E-commerce,7,72.65,GBP,0.1,508.55,457.69
TXN-GB-3-000930,2026-08-27 06:26:29,2026-08-27 06:31:29,GB,Legacy Oracle EBS,E,SAN-001,SanaPlus PainRelief,OTC,SanaPlus,Pharmacy/B2B,4,8.12,GBP,0.05,32.48,30.86
TXN-GB-3-000931,2026-08-27 20:04:26,2026-08-27 20:10:26,GB,Legacy Oracle EBS,E,VIT-002,Vitalis Multivit,Supplement,Vitalis,D2C,7,14.53,GBP,0.15,101.71,86.45
TXN-GB-3-000932,2026-08-27 22:32:10,2026-08-27 22:33:10,GB,Legacy Oracle EBS,E,DER-001,Dermacare GlowSerum,Aesthetic,Dermacare,E-commerce,8,27.35,GBP,0.0,218.8,218.8
TXN-GB-3-000933,2026-08-27 01:13:03,2026-08-27 01:18:03,GB,Legacy Oracle EBS,E,VIT-002,Vitalis Multivit,Supplement,Vitalis,Pharmacy/B2B,3,14.53,GBP,0.15,43.59,37.05
TXN-GB-3-000934,2026-08-27 00:35:52,2026-08-27 00:40:52,GB,Legacy Oracle EBS,E,DER-001,Dermacare GlowSerum,Aesthetic,Dermacare,Wholesale,2,27.35,GBP,0.0,54.7,54.7
TXN-GB-3-000935,2026-08-27 12:51:15,2026-08-27 12:53:15,GB,Legacy Oracle EBS,E,DER-002,Dermacare LiftCream,Aesthetic,Dermacare,E-commerce,3,31.62,GBP,0.15,94.86,80.63
TXN-GB-3-000936,2026-08-27 15:11:09,2026-08-27 15:12:09,GB,Legacy Oracle EBS,E,PUR-002,PureLife BP Monitor,Medical Device,PureLife,D2C,2,76.92,GBP,0.0,153.84,153.84
TXN-GB-3-000937,2026-08-27 05:12:08,2026-08-27 05:14:08,GB,Legacy Oracle EBS,E,DER-001,Dermacare GlowSerum,Aesthetic,Dermacare,E-commerce,5,27.35,GBP,0.1,136.75,123.08
TXN-GB-3-000938,2026-08-27 07:38:50,2026-08-27 07:41:50,GB,Legacy Oracle EBS,E,SAN-002,SanaPlus ColdFlu,OTC,SanaPlus,E-commerce,8,8.97,GBP,0.0,71.76,71.76
TXN-GB-3-000939,2026-08-27 15:20:01,2026-08-27 15:22:01,GB,Legacy Oracle EBS,E,SAN-001,SanaPlus PainRelief,OTC,SanaPlus,E-commerce,11,8.12,GBP,0.0,89.32,89.32
TXN-GB-3-000940,2026-08-27 14:36:16,2026-08-27 14:42:16,GB,Legacy Oracle EBS,E,SAN-002,SanaPlus ColdFlu,OTC,SanaPlus,E-commerce,4,8.97,GBP,0.0,35.88,35.88
TXN-GB-3-000941,2026-08-27 21:48:51,2026-08-27 21:49:51,GB,Legacy Oracle EBS,E,VIT-001,Vitalis C1000,Supplement,Vitalis,Wholesale,6,17.95,GBP,0.15,107.7,91.55
TXN-GB-3-000942,2026-08-27 03:19:41,2026-08-27 03:22:41,GB,Legacy Oracle EBS,E,DER-001,Dermacare GlowSerum,Aesthetic,Dermacare,E-commerce,2,27.35,GBP,0.0,54.7,54.7
TXN-GB-3-000943,2026-08-27 21:52:11,2026-08-27 21:54:11,GB,Legacy Oracle EBS,E,DER-001,Dermacare GlowSerum,Aesthetic,Dermacare,E-commerce,2,27.35,GBP,0.2,54.7,43.76
TXN-GB-3-000944,2026-08-27 15:06:36,2026-08-27 15:11:36,GB,Legacy Oracle EBS,E,SAN-002,SanaPlus ColdFlu,OTC,SanaPlus,D2C,6,8.97,GBP,0.15,53.82,45.75
TXN-GB-3-000945,2026-08-27 14:22:20,2026-08-27 14:24:20,GB,Legacy Oracle EBS,E,PUR-002,PureLife BP Monitor,Medical Device,PureLife,Pharmacy/B2B,12,76.92,GBP,0.0,923.04,923.04
TXN-GB-3-000946,2026-08-27 23:15:30,2026-08-27 23:17:30,GB,Legacy Oracle EBS,E,SAN-001,SanaPlus PainRelief,OTC,SanaPlus,E-commerce,7,8.12,GBP,0.0,56.84,56.84
TXN-GB-3-000947,2026-08-27 12:08:43,2026-08-27 12:10:43,GB,Legacy Oracle EBS,E,SAN-001,SanaPlus PainRelief,OTC,SanaPlus,Pharmacy/B2B,1,8.12,GBP,0.0,8.12,8.12
TXN-GB-3-000948,2026-08-27 17:31:09,2026-08-27 17:33:09,GB,Legacy Oracle EBS,E,SAN-002,SanaPlus ColdFlu,OTC,SanaPlus,Wholesale,4,8.97,GBP,0.15,35.88,30.5
TXN-GB-3-000949,2026-08-27 17:29:04,2026-08-27 17:34:04,GB,Legacy Oracle EBS,E,SAN-002,SanaPlus ColdFlu,OTC,SanaPlus,E-commerce,8,8.97,GBP,0.0,71.76,71.76
TXN-GB-3-000950,2026-08-27 16:54:53,2026-08-27 16:59:53,GB,Legacy Oracle EBS,E,SAN-002,SanaPlus ColdFlu,OTC,SanaPlus,Pharmacy/B2B,6,8.97,GBP,0.0,53.82,53.82
TXN-GB-3-000951,2026-08-27 16:55:55,2026-08-27 16:56:55,GB,Legacy Oracle EBS,E,PUR-002,PureLife BP Monitor,Medical Device,PureLife,E-commerce,11,76.92,GBP,0.2,846.12,676.9
TXN-GB-3-000952,2026-08-27 08:44:54,2026-08-27 08:49:54,GB,Legacy Oracle EBS,E,MED-001,Medora Cardio 10mg,Prescription,Medora,Wholesale,8,36.75,GBP,0.0,294.0,294.0
TXN-GB-3-000953,2026-08-27 13:21:04,2026-08-27 13:26:04,GB,Legacy Oracle EBS,E,SAN-001,SanaPlus PainRelief,OTC,SanaPlus,Wholesale,11,8.12,GBP,0.05,89.32,84.85
TXN-GB-3-000954,2026-08-27 17:26:18,2026-08-27 17:32:18,GB,Legacy Oracle EBS,E,SAN-002,SanaPlus ColdFlu,OTC,SanaPlus,Wholesale,7,8.97,GBP,0.2,62.79,50.23
TXN-GB-3-000955,2026-08-27 01:17:20,2026-08-27 01:18:20,GB,Legacy Oracle EBS,E,PUR-001,PureLife GlucoMonitor,Medical Device,PureLife,Wholesale,11,72.65,GBP,0.2,799.15,639.32
TXN-GB-3-000956,2026-08-27 17:55:21,2026-08-27 18:00:21,GB,Legacy Oracle EBS,E,VIT-001,Vitalis C1000,Supplement,Vitalis,Wholesale,6,17.95,GBP,0.0,107.7,107.7
TXN-GB-3-000957,2026-08-27 13:35:18,2026-08-27 13:36:18,GB,Legacy Oracle EBS,E,SAN-002,SanaPlus ColdFlu,OTC,SanaPlus,E-commerce,6,8.97,GBP,0.0,53.82,53.82
TXN-GB-3-000958,2026-08-27 21:04:37,2026-08-27 21:10:37,GB,Legacy Oracle EBS,E,VIT-002,Vitalis Multivit,Supplement,Vitalis,Wholesale,2,14.53,GBP,0.0,29.06,29.06
TXN-GB-3-000959,2026-08-27 10:12:35,2026-08-27 10:16:35,GB,Legacy Oracle EBS,E,DER-002,Dermacare LiftCream,Aesthetic,Dermacare,Wholesale,11,31.62,GBP,0.05,347.82,330.43
TXN-GB-3-000960,2026-08-27 18:47:46,2026-08-27 18:50:46,GB,Legacy Oracle EBS,E,SAN-002,SanaPlus ColdFlu,OTC,SanaPlus,D2C,11,8.97,GBP,0.15,98.67,83.87
TXN-GB-3-000961,2026-08-27 06:23:42,2026-08-27 06:27:42,GB,Legacy Oracle EBS,E,DER-002,Dermacare LiftCream,Aesthetic,Dermacare,E-commerce,12,31.62,GBP,0.0,379.44,379.44
TXN-GB-3-000962,2026-08-27 02:59:50,2026-08-27 03:02:50,GB,Legacy Oracle EBS,E,SAN-001,SanaPlus PainRelief,OTC,SanaPlus,D2C,11,8.12,GBP,0.0,89.32,89.32
TXN-GB-3-000963,2026-08-27 19:37:41,2026-08-27 19:41:41,GB,Legacy Oracle EBS,E,SAN-001,SanaPlus PainRelief,OTC,SanaPlus,Wholesale,6,8.12,GBP,0.15,48.72,41.41
TXN-GB-3-000964,2026-08-27 23:05:30,2026-08-27 23:06:30,GB,Legacy Oracle EBS,E,DER-001,Dermacare GlowSerum,Aesthetic,Dermacare,E-commerce,6,27.35,GBP,0.0,164.1,164.1
TXN-GB-3-000965,2026-08-27 16:50:20,2026-08-27 16:56:20,GB,Legacy Oracle EBS,E,MED-002,Medora Derm Cream,Prescription,Medora,E-commerce,10,22.22,GBP,0.2,222.2,177.76
TXN-GB-3-000966,2026-08-27 22:40:23,2026-08-27 22:42:23,GB,Legacy Oracle EBS,E,VIT-001,Vitalis C1000,Supplement,Vitalis,Pharmacy/B2B,5,17.95,GBP,0.1,89.75,80.78
TXN-GB-3-000967,2026-08-27 12:32:35,2026-08-27 12:38:35,GB,Legacy Oracle EBS,E,VIT-001,Vitalis C1000,Supplement,Vitalis,E-commerce,5,17.95,GBP,0.05,89.75,85.26
TXN-GB-3-000968,2026-08-27 03:41:34,2026-08-27 03:46:34,GB,Legacy Oracle EBS,E,DER-001,Dermacare GlowSerum,Aesthetic,Dermacare,Pharmacy/B2B,12,27.35,GBP,0.0,328.2,328.2
TXN-GB-3-000969,2026-08-27 04:32:06,2026-08-27 04:36:06,GB,Legacy Oracle EBS,E,DER-001,Dermacare GlowSerum,Aesthetic,Dermacare,D2C,2,27.35,GBP,0.0,54.7,54.7
TXN-GB-3-000970,2026-08-27 02:23:38,2026-08-27 02:27:38,GB,Legacy Oracle EBS,E,MED-001,Medora Cardio 10mg,Prescription,Medora,Pharmacy/B2B,1,36.75,GBP,0.05,36.75,34.91
TXN-GB-3-000971,2026-08-27 22:28:11,2026-08-27 22:32:11,GB,Legacy Oracle EBS,E,VIT-001,Vitalis C1000,Supplement,Vitalis,Wholesale,9,17.95,GBP,0.0,161.55,161.55
TXN-GB-3-000972,2026-08-27 12:36:18,2026-08-27 12:37:18,GB,Legacy Oracle EBS,E,PUR-001,PureLife GlucoMonitor,Medical Device,PureLife,D2C,5,72.65,GBP,0.0,363.25,363.25
TXN-GB-3-000973,2026-08-27 00:19:17,2026-08-27 00:20:17,GB,Legacy Oracle EBS,E,DER-001,Dermacare GlowSerum,Aesthetic,Dermacare,Wholesale,3,27.35,GBP,0.2,82.05,65.64
TXN-GB-3-000974,2026-08-27 05:45:32,2026-08-27 05:47:32,GB,Legacy Oracle EBS,E,MED-002,Medora Derm Cream,Prescription,Medora,Wholesale,7,22.22,GBP,0.0,155.54,155.54
TXN-GB-3-000975,2026-08-27 10:32:37,2026-08-27 10:37:37,GB,Legacy Oracle EBS,E,DER-002,Dermacare LiftCream,Aesthetic,Dermacare,Wholesale,11,31.62,GBP,0.0,347.82,347.82
TXN-GB-3-000976,2026-08-27 22:46:43,2026-08-27 22:50:43,GB,Legacy Oracle EBS,E,SAN-002,SanaPlus ColdFlu,OTC,SanaPlus,Pharmacy/B2B,11,8.97,GBP,0.2,98.67,78.94
TXN-GB-3-000977,2026-08-27 12:52:04,2026-08-27 12:57:04,GB,Legacy Oracle EBS,E,DER-001,Dermacare GlowSerum,Aesthetic,Dermacare,Wholesale,9,27.35,GBP,0.0,246.15,246.15
TXN-GB-3-000978,2026-08-27 22:23:35,2026-08-27 22:25:35,GB,Legacy Oracle EBS,E,DER-002,Dermacare LiftCream,Aesthetic,Dermacare,Pharmacy/B2B,12,31.62,GBP,0.0,379.44,379.44
TXN-GB-3-000979,2026-08-27 13:59:51,2026-08-27 14:01:51,GB,Legacy Oracle EBS,E,VIT-001,Vitalis C1000,Supplement,Vitalis,D2C,5,17.95,GBP,0.05,89.75,85.26
TXN-GB-3-000980,2026-08-27 01:20:36,2026-08-27 01:24:36,GB,Legacy Oracle EBS,E,SAN-002,SanaPlus ColdFlu,OTC,SanaPlus,E-commerce,6,8.97,GBP,0.0,53.82,53.82
TXN-GB-3-000981,2026-08-27 11:39:15,2026-08-27 11:43:15,GB,Legacy Oracle EBS,E,PUR-001,PureLife GlucoMonitor,Medical Device,PureLife,Pharmacy/B2B,7,72.65,GBP,0.05,508.55,483.12
TXN-GB-3-000982,2026-08-27 06:11:24,2026-08-27 06:14:24,GB,Legacy Oracle EBS,E,PUR-002,PureLife BP Monitor,Medical Device,PureLife,D2C,9,76.92,GBP,0.0,692.28,692.28
TXN-GB-3-000983,2026-08-27 23:44:01,2026-08-27 23:45:01,GB,Legacy Oracle EBS,E,SAN-001,SanaPlus PainRelief,OTC,SanaPlus,E-commerce,1,8.12,GBP,0.1,8.12,7.31
TXN-GB-3-000984,2026-08-27 15:54:50,2026-08-27 15:58:50,GB,Legacy Oracle EBS,E,PUR-002,PureLife BP Monitor,Medical Device,PureLife,E-commerce,5,76.92,GBP,0.0,384.6,384.6
TXN-GB-3-000985,2026-08-27 17:42:55,2026-08-27 17:45:55,GB,Legacy Oracle EBS,E,VIT-001,Vitalis C1000,Supplement,Vitalis,Wholesale,10,17.95,GBP,0.05,179.5,170.53
TXN-GB-3-000986,2026-08-27 21:05:06,2026-08-27 21:11:06,GB,Legacy Oracle EBS,E,VIT-001,Vitalis C1000,Supplement,Vitalis,D2C,2,17.95,GBP,0.1,35.9,32.31
TXN-GB-3-000987,2026-08-27 20:06:45,2026-08-27 20:12:45,GB,Legacy Oracle EBS,E,DER-001,Dermacare GlowSerum,Aesthetic,Dermacare,E-commerce,8,27.35,GBP,0.1,218.8,196.92
TXN-GB-3-000988,2026-08-27 15:14:37,2026-08-27 15:16:37,GB,Legacy Oracle EBS,E,PUR-002,PureLife BP Monitor,Medical Device,PureLife,Pharmacy/B2B,6,76.92,GBP,0.2,461.52,369.22
TXN-GB-3-000989,2026-08-27 19:37:42,2026-08-27 19:38:42,GB,Legacy Oracle EBS,E,SAN-001,SanaPlus PainRelief,OTC,SanaPlus,Wholesale,5,8.12,GBP,0.0,40.6,40.6
TXN-GB-3-000990,2026-08-27 16:45:43,2026-08-27 16:47:43,GB,Legacy Oracle EBS,E,DER-002,Dermacare LiftCream,Aesthetic,Dermacare,D2C,5,31.62,GBP,0.0,158.1,158.1
TXN-GB-3-000991,2026-08-27 16:21:35,2026-08-27 16:24:35,GB,Legacy Oracle EBS,E,MED-002,Medora Derm Cream,Prescription,Medora,E-commerce,2,22.22,GBP,0.2,44.44,35.55
TXN-GB-3-000992,2026-08-27 01:10:31,2026-08-27 01:11:31,GB,Legacy Oracle EBS,E,MED-001,Medora Cardio 10mg,Prescription,Medora,Pharmacy/B2B,1,36.75,GBP,0.0,36.75,36.75
TXN-GB-3-000993,2026-08-27 17:12:35,2026-08-27 17:13:35,GB,Legacy Oracle EBS,E,DER-001,Dermacare GlowSerum,Aesthetic,Dermacare,E-commerce,2,27.35,GBP,0.0,54.7,54.7
TXN-GB-3-000994,2026-08-27 02:37:54,2026-08-27 02:38:54,GB,Legacy Oracle EBS,E,VIT-002,Vitalis Multivit,Supplement,Vitalis,D2C,7,14.53,GBP,0.05,101.71,96.62
TXN-GB-3-000995,2026-08-27 16:42:04,2026-08-27 16:46:04,GB,Legacy Oracle EBS,E,MED-002,Medora Derm Cream,Prescription,Medora,Pharmacy/B2B,12,22.22,GBP,0.0,266.64,266.64
TXN-GB-3-000996,2026-08-27 08:11:25,2026-08-27 08:17:25,GB,Legacy Oracle EBS,E,VIT-001,Vitalis C1000,Supplement,Vitalis,Pharmacy/B2B,5,17.95,GBP,0.0,89.75,89.75
TXN-GB-3-000997,2026-08-27 20:24:39,2026-08-27 20:28:39,GB,Legacy Oracle EBS,E,MED-001,Medora Cardio 10mg,Prescription,Medora,E-commerce,10,36.75,GBP,0.05,367.5,349.12
TXN-GB-3-000998,2026-08-27 23:52:03,2026-08-27 23:56:03,GB,Legacy Oracle EBS,E,VIT-002,Vitalis Multivit,Supplement,Vitalis,E-commerce,3,14.53,GBP,0.05,43.59,41.41
TXN-GB-3-000999,2026-08-27 14:56:34,2026-08-27 14:58:34,GB,Legacy Oracle EBS,E,MED-001,Medora Cardio 10mg,Prescription,Medora,D2C,3,36.75,GBP,0.0,110.25,110.25
TXN-GB-3-001000,2026-08-27 13:49:22,2026-08-27 13:51:22,GB,Legacy Oracle EBS,E,VIT-001,Vitalis C1000,Supplement,Vitalis,Wholesale,6,17.95,GBP,0.0,107.7,107.7
TXN-GB-3-001001,2026-08-27 12:18:43,2026-08-27 12:20:43,GB,Legacy Oracle EBS,E,PUR-002,PureLife BP Monitor,Medical Device,PureLife,Wholesale,3,76.92,GBP,0.1,230.76,207.68
TXN-GB-3-001002,2026-08-27 02:10:41,2026-08-27 02:14:41,GB,Legacy Oracle EBS,E,MED-002,Medora Derm Cream,Prescription,Medora,D2C,10,22.22,GBP,0.15,222.2,188.87
TXN-GB-3-001003,2026-08-27 03:51:47,2026-08-27 03:55:47,GB,Legacy Oracle EBS,E,PUR-001,PureLife GlucoMonitor,Medical Device,PureLife,Wholesale,7,72.65,GBP,0.0,508.55,508.55
TXN-GB-3-001004,2026-08-27 04:37:34,2026-08-27 04:42:34,GB,Legacy Oracle EBS,E,SAN-002,SanaPlus ColdFlu,OTC,SanaPlus,D2C,11,8.97,GBP,0.15,98.67,83.87
TXN-GB-3-001005,2026-08-27 02:07:10,2026-08-27 02:09:10,GB,Legacy Oracle EBS,E,PUR-002,PureLife BP Monitor,Medical Device,PureLife,D2C,1,76.92,GBP,0.05,76.92,73.07
TXN-GB-3-001006,2026-08-27 05:31:17,2026-08-27 05:37:17,GB,Legacy Oracle EBS,E,PUR-001,PureLife GlucoMonitor,Medical Device,PureLife,E-commerce,5,72.65,GBP,0.2,363.25,290.6
TXN-GB-3-001007,2026-08-27 01:12:51,2026-08-27 01:15:51,GB,Legacy Oracle EBS,E,VIT-001,Vitalis C1000,Supplement,Vitalis,D2C,12,17.95,GBP,0.0,215.4,215.4
TXN-GB-3-001008,2026-08-27 11:09:15,2026-08-27 11:14:15,GB,Legacy Oracle EBS,E,DER-002,Dermacare LiftCream,Aesthetic,Dermacare,D2C,7,31.62,GBP,0.0,221.34,221.34
TXN-GB-3-001009,2026-08-27 09:41:08,2026-08-27 09:46:08,GB,Legacy Oracle EBS,E,DER-002,Dermacare LiftCream,Aesthetic,Dermacare,D2C,4,31.62,GBP,0.0,126.48,126.48
TXN-GB-3-001010,2026-08-27 08:50:28,2026-08-27 08:54:28,GB,Legacy Oracle EBS,E,SAN-001,SanaPlus PainRelief,OTC,SanaPlus,D2C,3,8.12,GBP,0.0,24.36,24.36
TXN-GB-3-001011,2026-08-27 06:47:26,2026-08-27 06:53:26,GB,Legacy Oracle EBS,E,SAN-002,SanaPlus ColdFlu,OTC,SanaPlus,Wholesale,1,8.97,GBP,0.1,8.97,8.07
TXN-GB-3-001012,2026-08-27 18:39:01,2026-08-27 18:42:01,GB,Legacy Oracle EBS,E,DER-002,Dermacare LiftCream,Aesthetic,Dermacare,Pharmacy/B2B,8,31.62,GBP,0.15,252.96,215.02
TXN-GB-3-001013,2026-08-27 03:09:08,2026-08-27 03:10:08,GB,Legacy Oracle EBS,E,DER-002,Dermacare LiftCream,Aesthetic,Dermacare,Wholesale,4,31.62,GBP,0.2,126.48,101.18
TXN-GB-3-001014,2026-08-27 07:27:58,2026-08-27 07:31:58,GB,Legacy Oracle EBS,E,DER-001,Dermacare GlowSerum,Aesthetic,Dermacare,Pharmacy/B2B,9,27.35,GBP,0.15,246.15,209.23
TXN-GB-3-001015,2026-08-27 23:44:23,2026-08-27 23:45:23,GB,Legacy Oracle EBS,E,SAN-002,SanaPlus ColdFlu,OTC,SanaPlus,Pharmacy/B2B,6,8.97,GBP,0.1,53.82,48.44
TXN-GB-3-001016,2026-08-27 10:43:32,2026-08-27 10:47:32,GB,Legacy Oracle EBS,E,VIT-001,Vitalis C1000,Supplement,Vitalis,D2C,2,17.95,GBP,0.0,35.9,35.9
TXN-GB-3-001017,2026-08-27 20:45:30,2026-08-27 20:48:30,GB,Legacy Oracle EBS,E,PUR-001,PureLife GlucoMonitor,Medical Device,PureLife,D2C,6,72.65,GBP,0.2,435.9,348.72
TXN-GB-3-001018,2026-08-27 07:37:04,2026-08-27 07:38:04,GB,Legacy Oracle EBS,E,MED-001,Medora Cardio 10mg,Prescription,Medora,Pharmacy/B2B,10,36.75,GBP,0.1,367.5,330.75
TXN-GB-3-001019,2026-08-27 07:38:20,2026-08-27 07:42:20,GB,Legacy Oracle EBS,E,VIT-002,Vitalis Multivit,Supplement,Vitalis,Wholesale,7,14.53,GBP,0.2,101.71,81.37
TXN-GB-3-001020,2026-08-27 01:01:05,2026-08-27 01:02:05,GB,Legacy Oracle EBS,E,SAN-002,SanaPlus ColdFlu,OTC,SanaPlus,D2C,6,8.97,GBP,0.0,53.82,53.82
TXN-GB-3-001021,2026-08-27 02:48:28,2026-08-27 02:52:28,GB,Legacy Oracle EBS,E,MED-001,Medora Cardio 10mg,Prescription,Medora,Pharmacy/B2B,2,36.75,GBP,0.05,73.5,69.83
TXN-GB-3-001022,2026-08-27 22:25:41,2026-08-27 22:28:41,GB,Legacy Oracle EBS,E,PUR-002,PureLife BP Monitor,Medical Device,PureLife,E-commerce,9,76.92,GBP,0.0,692.28,692.28
TXN-GB-3-001023,2026-08-27 07:00:41,2026-08-27 07:02:41,GB,Legacy Oracle EBS,E,PUR-001,PureLife GlucoMonitor,Medical Device,PureLife,Wholesale,2,72.65,GBP,0.0,145.3,145.3
TXN-GB-3-001024,2026-08-27 22:05:25,2026-08-27 22:11:25,GB,Legacy Oracle EBS,E,SAN-002,SanaPlus ColdFlu,OTC,SanaPlus,D2C,5,8.97,GBP,0.05,44.85,42.61
TXN-GB-3-001025,2026-08-27 04:06:10,2026-08-27 04:10:10,GB,Legacy Oracle EBS,E,SAN-002,SanaPlus ColdFlu,OTC,SanaPlus,D2C,11,8.97,GBP,0.05,98.67,93.74
TXN-GB-3-001026,2026-08-27 01:46:54,2026-08-27 01:47:54,GB,Legacy Oracle EBS,E,PUR-002,PureLife BP Monitor,Medical Device,PureLife,Wholesale,9,76.92,GBP,0.2,692.28,553.82
TXN-GB-3-001027,2026-08-27 19:59:35,2026-08-27 20:00:35,GB,Legacy Oracle EBS,E,MED-002,Medora Derm Cream,Prescription,Medora,Pharmacy/B2B,10,22.22,GBP,0.0,222.2,222.2
TXN-GB-3-001028,2026-08-27 21:52:14,2026-08-27 21:53:14,GB,Legacy Oracle EBS,E,SAN-001,SanaPlus PainRelief,OTC,SanaPlus,E-commerce,4,8.12,GBP,0.05,32.48,30.86
TXN-GB-3-001029,2026-08-27 02:11:52,2026-08-27 02:15:52,GB,Legacy Oracle EBS,E,MED-002,Medora Derm Cream,Prescription,Medora,Wholesale,9,22.22,GBP,0.05,199.98,189.98
TXN-GB-3-001030,2026-08-27 06:43:02,2026-08-27 06:48:02,GB,Legacy Oracle EBS,E,VIT-001,Vitalis C1000,Supplement,Vitalis,Pharmacy/B2B,8,17.95,GBP,0.0,143.6,143.6
TXN-GB-3-001031,2026-08-27 17:39:22,2026-08-27 17:43:22,GB,Legacy Oracle EBS,E,PUR-002,PureLife BP Monitor,Medical Device,PureLife,E-commerce,12,76.92,GBP,0.0,923.04,923.04
TXN-GB-3-001032,2026-08-27 14:21:39,2026-08-27 14:25:39,GB,Legacy Oracle EBS,E,DER-001,Dermacare GlowSerum,Aesthetic,Dermacare,Pharmacy/B2B,2,27.35,GBP,0.15,54.7,46.5
TXN-GB-3-001033,2026-08-27 18:11:56,2026-08-27 18:16:56,GB,Legacy Oracle EBS,E,DER-001,Dermacare GlowSerum,Aesthetic,Dermacare,Pharmacy/B2B,7,27.35,GBP,0.15,191.45,162.73
TXN-GB-3-001034,2026-08-27 16:05:44,2026-08-27 16:09:44,GB,Legacy Oracle EBS,E,DER-001,Dermacare GlowSerum,Aesthetic,Dermacare,Wholesale,12,27.35,GBP,0.0,328.2,328.2
TXN-GB-3-001035,2026-08-27 13:00:23,2026-08-27 13:04:23,GB,Legacy Oracle EBS,E,MED-002,Medora Derm Cream,Prescription,Medora,Wholesale,2,22.22,GBP,0.1,44.44,40.0
TXN-GB-3-001036,2026-08-27 05:10:02,2026-08-27 05:11:02,GB,Legacy Oracle EBS,E,MED-002,Medora Derm Cream,Prescription,Medora,Wholesale,9,22.22,GBP,0.2,199.98,159.98
TXN-GB-3-001037,2026-08-27 18:41:42,2026-08-27 18:43:42,GB,Legacy Oracle EBS,E,DER-002,Dermacare LiftCream,Aesthetic,Dermacare,D2C,9,31.62,GBP,0.05,284.58,270.35
TXN-GB-3-001038,2026-08-27 11:54:12,2026-08-27 11:57:12,GB,Legacy Oracle EBS,E,SAN-002,SanaPlus ColdFlu,OTC,SanaPlus,Wholesale,2,8.97,GBP,0.15,17.94,15.25
TXN-GB-3-001039,2026-08-27 20:32:19,2026-08-27 20:33:19,GB,Legacy Oracle EBS,E,VIT-001,Vitalis C1000,Supplement,Vitalis,E-commerce,8,17.95,GBP,0.1,143.6,129.24
TXN-GB-3-001040,2026-08-27 08:57:19,2026-08-27 09:00:19,GB,Legacy Oracle EBS,E,DER-001,Dermacare GlowSerum,Aesthetic,Dermacare,Wholesale,5,27.35,GBP,0.1,136.75,123.08
TXN-GB-3-001041,2026-08-27 19:19:27,2026-08-27 19:22:27,GB,Legacy Oracle EBS,E,MED-002,Medora Derm Cream,Prescription,Medora,D2C,2,22.22,GBP,0.0,44.44,44.44
TXN-GB-3-001042,2026-08-27 13:57:29,2026-08-27 13:59:29,GB,Legacy Oracle EBS,E,DER-001,Dermacare GlowSerum,Aesthetic,Dermacare,E-commerce,2,27.35,GBP,0.0,54.7,54.7
TXN-GB-3-001043,2026-08-27 17:53:39,2026-08-27 17:58:39,GB,Legacy Oracle EBS,E,DER-001,Dermacare GlowSerum,Aesthetic,Dermacare,E-commerce,2,27.35,GBP,0.0,54.7,54.7
TXN-GB-3-001044,2026-08-27 17:52:11,2026-08-27 17:56:11,GB,Legacy Oracle EBS,E,VIT-002,Vitalis Multivit,Supplement,Vitalis,D2C,6,14.53,GBP,0.0,87.18,87.18
TXN-GB-3-001045,2026-08-27 15:20:59,2026-08-27 15:22:59,GB,Legacy Oracle EBS,E,DER-001,Dermacare GlowSerum,Aesthetic,Dermacare,E-commerce,5,27.35,GBP,0.05,136.75,129.91
TXN-GB-3-001046,2026-08-27 20:48:36,2026-08-27 20:54:36,GB,Legacy Oracle EBS,E,SAN-001,SanaPlus PainRelief,OTC,SanaPlus,D2C,1,8.12,GBP,0.15,8.12,6.9
TXN-GB-3-001047,2026-08-27 07:04:24,2026-08-27 07:06:24,GB,Legacy Oracle EBS,E,VIT-002,Vitalis Multivit,Supplement,Vitalis,Wholesale,8,14.53,GBP,0.0,116.24,116.24
TXN-GB-3-001048,2026-08-27 06:09:28,2026-08-27 06:13:28,GB,Legacy Oracle EBS,E,MED-002,Medora Derm Cream,Prescription,Medora,E-commerce,8,22.22,GBP,0.05,177.76,168.87
TXN-GB-3-001049,2026-08-27 02:28:58,2026-08-27 02:29:58,GB,Legacy Oracle EBS,E,VIT-002,Vitalis Multivit,Supplement,Vitalis,D2C,3,14.53,GBP,0.0,43.59,43.59
TXN-GB-3-001050,2026-08-27 22:48:26,2026-08-27 22:50:26,GB,Legacy Oracle EBS,E,MED-002,Medora Derm Cream,Prescription,Medora,Pharmacy/B2B,8,22.22,GBP,0.15,177.76,151.1
TXN-GB-3-001051,2026-08-27 06:16:49,2026-08-27 06:21:49,GB,Legacy Oracle EBS,E,DER-002,Dermacare LiftCream,Aesthetic,Dermacare,Pharmacy/B2B,2,31.62,GBP,0.0,63.24,63.24
TXN-GB-3-001052,2026-08-27 09:04:52,2026-08-27 09:10:52,GB,Legacy Oracle EBS,E,VIT-002,Vitalis Multivit,Supplement,Vitalis,D2C,9,14.53,GBP,0.0,130.77,130.77
TXN-GB-3-001053,2026-08-27 08:40:26,2026-08-27 08:44:26,GB,Legacy Oracle EBS,E,VIT-002,Vitalis Multivit,Supplement,Vitalis,Wholesale,2,14.53,GBP,0.0,29.06,29.06
TXN-GB-3-001054,2026-08-27 02:53:10,2026-08-27 02:58:10,GB,Legacy Oracle EBS,E,MED-001,Medora Cardio 10mg,Prescription,Medora,Pharmacy/B2B,10,36.75,GBP,0.15,367.5,312.38
TXN-GB-3-001055,2026-08-27 15:27:32,2026-08-27 15:29:32,GB,Legacy Oracle EBS,E,VIT-001,Vitalis C1000,Supplement,Vitalis,Wholesale,1,17.95,GBP,0.15,17.95,15.26
TXN-GB-3-001056,2026-08-27 20:09:29,2026-08-27 20:10:29,GB,Legacy Oracle EBS,E,PUR-002,PureLife BP Monitor,Medical Device,PureLife,D2C,12,76.92,GBP,0.15,923.04,784.58
TXN-GB-3-001057,2026-08-27 21:27:53,2026-08-27 21:33:53,GB,Legacy Oracle EBS,E,PUR-001,PureLife GlucoMonitor,Medical Device,PureLife,D2C,2,72.65,GBP,0.1,145.3,130.77
TXN-GB-3-001058,2026-08-27 15:55:25,2026-08-27 15:59:25,GB,Legacy Oracle EBS,E,DER-001,Dermacare GlowSerum,Aesthetic,Dermacare,Wholesale,8,27.35,GBP,0.0,218.8,218.8
TXN-GB-3-001059,2026-08-27 20:47:29,2026-08-27 20:53:29,GB,Legacy Oracle EBS,E,SAN-002,SanaPlus ColdFlu,OTC,SanaPlus,Pharmacy/B2B,4,8.97,GBP,0.0,35.88,35.88
TXN-GB-3-001060,2026-08-27 22:06:46,2026-08-27 22:11:46,GB,Legacy Oracle EBS,E,SAN-002,SanaPlus ColdFlu,OTC,SanaPlus,E-commerce,8,8.97,GBP,0.2,71.76,57.41
TXN-GB-3-001061,2026-08-27 23:03:07,2026-08-27 23:05:07,GB,Legacy Oracle EBS,E,VIT-001,Vitalis C1000,Supplement,Vitalis,E-commerce,8,17.95,GBP,0.05,143.6,136.42
TXN-GB-3-001062,2026-08-27 15:19:41,2026-08-27 15:25:41,GB,Legacy Oracle EBS,E,PUR-001,PureLife GlucoMonitor,Medical Device,PureLife,E-commerce,3,72.65,GBP,0.15,217.95,185.26
TXN-GB-3-001063,2026-08-27 14:46:43,2026-08-27 14:51:43,GB,Legacy Oracle EBS,E,PUR-001,PureLife GlucoMonitor,Medical Device,PureLife,Wholesale,3,72.65,GBP,0.0,217.95,217.95
TXN-GB-3-001064,2026-08-27 20:57:13,2026-08-27 21:03:13,GB,Legacy Oracle EBS,E,SAN-001,SanaPlus PainRelief,OTC,SanaPlus,Wholesale,2,8.12,GBP,0.15,16.24,13.8
TXN-GB-3-001065,2026-08-27 02:19:41,2026-08-27 02:20:41,GB,Legacy Oracle EBS,E,DER-001,Dermacare GlowSerum,Aesthetic,Dermacare,D2C,1,27.35,GBP,0.15,27.35,23.25
TXN-GB-3-001066,2026-08-27 19:34:14,2026-08-27 19:36:14,GB,Legacy Oracle EBS,E,SAN-002,SanaPlus ColdFlu,OTC,SanaPlus,Wholesale,3,8.97,GBP,0.15,26.91,22.87
TXN-GB-3-001067,2026-08-27 14:25:52,2026-08-27 14:30:52,GB,Legacy Oracle EBS,E,DER-001,Dermacare GlowSerum,Aesthetic,Dermacare,Wholesale,8,27.35,GBP,0.0,218.8,218.8
TXN-GB-3-001068,2026-08-27 12:04:05,2026-08-27 12:08:05,GB,Legacy Oracle EBS,E,SAN-002,SanaPlus ColdFlu,OTC,SanaPlus,Wholesale,1,8.97,GBP,0.0,8.97,8.97
TXN-GB-3-001069,2026-08-27 23:45:31,2026-08-27 23:47:31,GB,Legacy Oracle EBS,E,SAN-002,SanaPlus ColdFlu,OTC,SanaPlus,Wholesale,4,8.97,GBP,0.2,35.88,28.7
TXN-GB-3-001070,2026-08-27 09:10:26,2026-08-27 09:15:26,GB,Legacy Oracle EBS,E,VIT-002,Vitalis Multivit,Supplement,Vitalis,Wholesale,10,14.53,GBP,0.15,145.3,123.51
TXN-GB-3-001071,2026-08-27 13:35:06,2026-08-27 13:37:06,GB,Legacy Oracle EBS,E,VIT-002,Vitalis Multivit,Supplement,Vitalis,E-commerce,7,14.53,GBP,0.1,101.71,91.54
TXN-GB-3-001072,2026-08-27 22:04:48,2026-08-27 22:08:48,GB,Legacy Oracle EBS,E,MED-002,Medora Derm Cream,Prescription,Medora,Wholesale,5,22.22,GBP,0.0,111.1,111.1
TXN-GB-3-001073,2026-08-27 00:08:54,2026-08-27 00:10:54,GB,Legacy Oracle EBS,E,VIT-002,Vitalis Multivit,Supplement,Vitalis,D2C,8,14.53,GBP,0.15,116.24,98.8
TXN-GB-3-001074,2026-08-27 02:59:59,2026-08-27 03:03:59,GB,Legacy Oracle EBS,E,DER-002,Dermacare LiftCream,Aesthetic,Dermacare,E-commerce,7,31.62,GBP,0.05,221.34,210.27
TXN-GB-3-001075,2026-08-27 22:22:27,2026-08-27 22:23:27,GB,Legacy Oracle EBS,E,DER-001,Dermacare GlowSerum,Aesthetic,Dermacare,D2C,7,27.35,GBP,0.0,191.45,191.45
TXN-GB-3-001076,2026-08-27 06:32:44,2026-08-27 06:33:44,GB,Legacy Oracle EBS,E,SAN-002,SanaPlus ColdFlu,OTC,SanaPlus,Wholesale,2,8.97,GBP,0.0,17.94,17.94
TXN-GB-3-001077,2026-08-27 22:06:11,2026-08-27 22:11:11,GB,Legacy Oracle EBS,E,PUR-001,PureLife GlucoMonitor,Medical Device,PureLife,Pharmacy/B2B,11,72.65,GBP,0.2,799.15,639.32
TXN-GB-3-001078,2026-08-27 08:03:00,2026-08-27 08:07:00,GB,Legacy Oracle EBS,E,SAN-002,SanaPlus ColdFlu,OTC,SanaPlus,E-commerce,4,8.97,GBP,0.15,35.88,30.5
TXN-GB-3-001079,2026-08-27 02:05:41,2026-08-27 02:11:41,GB,Legacy Oracle EBS,E,VIT-002,Vitalis Multivit,Supplement,Vitalis,E-commerce,2,14.53,GBP,0.0,29.06,29.06
TXN-GB-3-001080,2026-08-27 00:55:10,2026-08-27 00:57:10,GB,Legacy Oracle EBS,E,DER-001,Dermacare GlowSerum,Aesthetic,Dermacare,D2C,4,27.35,GBP,0.0,109.4,109.4
TXN-GB-3-001081,2026-08-27 17:37:00,2026-08-27 17:42:00,GB,Legacy Oracle EBS,E,SAN-002,SanaPlus ColdFlu,OTC,SanaPlus,E-commerce,12,8.97,GBP,0.2,107.64,86.11
TXN-GB-3-001082,2026-08-27 12:40:26,2026-08-27 12:42:26,GB,Legacy Oracle EBS,E,VIT-001,Vitalis C1000,Supplement,Vitalis,E-commerce,10,17.95,GBP,0.1,179.5,161.55
TXN-GB-3-001083,2026-08-27 02:25:59,2026-08-27 02:31:59,GB,Legacy Oracle EBS,E,MED-002,Medora Derm Cream,Prescription,Medora,D2C,1,22.22,GBP,0.0,22.22,22.22
TXN-GB-3-001084,2026-08-27 04:53:08,2026-08-27 04:56:08,GB,Legacy Oracle EBS,E,VIT-001,Vitalis C1000,Supplement,Vitalis,Pharmacy/B2B,8,17.95,GBP,0.0,143.6,143.6
TXN-GB-3-001085,2026-08-27 06:59:44,2026-08-27 07:05:44,GB,Legacy Oracle EBS,E,SAN-001,SanaPlus PainRelief,OTC,SanaPlus,Wholesale,5,8.12,GBP,0.2,40.6,32.48
TXN-GB-3-001086,2026-08-27 19:30:06,2026-08-27 19:36:06,GB,Legacy Oracle EBS,E,MED-002,Medora Derm Cream,Prescription,Medora,Wholesale,12,22.22,GBP,0.1,266.64,239.98
TXN-GB-3-001087,2026-08-27 09:20:54,2026-08-27 09:22:54,GB,Legacy Oracle EBS,E,SAN-002,SanaPlus ColdFlu,OTC,SanaPlus,Wholesale,4,8.97,GBP,0.05,35.88,34.09
TXN-GB-3-001088,2026-08-27 21:10:54,2026-08-27 21:15:54,GB,Legacy Oracle EBS,E,DER-002,Dermacare LiftCream,Aesthetic,Dermacare,E-commerce,9,31.62,GBP,0.1,284.58,256.12
TXN-GB-3-001089,2026-08-27 00:45:41,2026-08-27 00:48:41,GB,Legacy Oracle EBS,E,VIT-001,Vitalis C1000,Supplement,Vitalis,D2C,1,17.95,GBP,0.1,17.95,16.16
TXN-GB-3-001090,2026-08-27 14:51:01,2026-08-27 14:54:01,GB,Legacy Oracle EBS,E,DER-001,Dermacare GlowSerum,Aesthetic,Dermacare,Wholesale,6,27.35,GBP,0.0,164.1,164.1
TXN-GB-3-001091,2026-08-27 19:47:03,2026-08-27 19:52:03,GB,Legacy Oracle EBS,E,MED-001,Medora Cardio 10mg,Prescription,Medora,E-commerce,11,36.75,GBP,0.15,404.25,343.61
TXN-GB-3-001092,2026-08-27 10:32:28,2026-08-27 10:36:28,GB,Legacy Oracle EBS,E,VIT-001,Vitalis C1000,Supplement,Vitalis,E-commerce,3,17.95,GBP,0.0,53.85,53.85
TXN-GB-3-001093,2026-08-27 18:51:19,2026-08-27 18:56:19,GB,Legacy Oracle EBS,E,DER-002,Dermacare LiftCream,Aesthetic,Dermacare,Wholesale,7,31.62,GBP,0.1,221.34,199.21
TXN-GB-3-001094,2026-08-27 08:31:17,2026-08-27 08:36:17,GB,Legacy Oracle EBS,E,PUR-002,PureLife BP Monitor,Medical Device,PureLife,Pharmacy/B2B,7,76.92,GBP,0.1,538.44,484.6
TXN-GB-3-001095,2026-08-27 04:52:30,2026-08-27 04:53:30,GB,Legacy Oracle EBS,E,VIT-002,Vitalis Multivit,Supplement,Vitalis,E-commerce,6,14.53,GBP,0.0,87.18,87.18
TXN-GB-3-001096,2026-08-27 02:44:11,2026-08-27 02:48:11,GB,Legacy Oracle EBS,E,MED-001,Medora Cardio 10mg,Prescription,Medora,Pharmacy/B2B,6,36.75,GBP,0.1,220.5,198.45
TXN-GB-3-001097,2026-08-27 07:55:38,2026-08-27 07:56:38,GB,Legacy Oracle EBS,E,DER-001,Dermacare GlowSerum,Aesthetic,Dermacare,D2C,10,27.35,GBP,0.15,273.5,232.47
TXN-GB-3-001098,2026-08-27 07:03:04,2026-08-27 07:09:04,GB,Legacy Oracle EBS,E,DER-002,Dermacare LiftCream,Aesthetic,Dermacare,Pharmacy/B2B,9,31.62,GBP,0.0,284.58,284.58
TXN-GB-3-001099,2026-08-27 00:53:02,2026-08-27 00:57:02,GB,Legacy Oracle EBS,E,PUR-002,PureLife BP Monitor,Medical Device,PureLife,Pharmacy/B2B,11,76.92,GBP,0.0,846.12,846.12
TXN-GB-3-001100,2026-08-27 19:18:09,2026-08-27 19:24:09,GB,Legacy Oracle EBS,E,PUR-002,PureLife BP Monitor,Medical Device,PureLife,D2C,12,76.92,GBP,0.0,923.04,923.04
TXN-GB-3-001101,2026-08-27 11:52:34,2026-08-27 11:56:34,GB,Legacy Oracle EBS,E,VIT-001,Vitalis C1000,Supplement,Vitalis,E-commerce,2,17.95,GBP,0.1,35.9,32.31
TXN-GB-3-001102,2026-08-27 15:19:56,2026-08-27 15:24:56,GB,Legacy Oracle EBS,E,VIT-002,Vitalis Multivit,Supplement,Vitalis,Pharmacy/B2B,11,14.53,GBP,0.0,159.83,159.83
TXN-GB-3-001103,2026-08-27 06:07:33,2026-08-27 06:08:33,GB,Legacy Oracle EBS,E,MED-001,Medora Cardio 10mg,Prescription,Medora,E-commerce,6,36.75,GBP,0.0,220.5,220.5
TXN-GB-3-001104,2026-08-27 18:59:59,2026-08-27 19:02:59,GB,Legacy Oracle EBS,E,PUR-001,PureLife GlucoMonitor,Medical Device,PureLife,E-commerce,12,72.65,GBP,0.0,871.8,871.8
TXN-GB-3-001105,2026-08-27 17:20:51,2026-08-27 17:25:51,GB,Legacy Oracle EBS,E,MED-002,Medora Derm Cream,Prescription,Medora,D2C,9,22.22,GBP,0.0,199.98,199.98
TXN-GB-3-001106,2026-08-27 15:39:46,2026-08-27 15:43:46,GB,Legacy Oracle EBS,E,PUR-001,PureLife GlucoMonitor,Medical Device,PureLife,D2C,3,72.65,GBP,0.2,217.95,174.36
TXN-GB-3-001107,2026-08-27 17:33:22,2026-08-27 17:35:22,GB,Legacy Oracle EBS,E,MED-002,Medora Derm Cream,Prescription,Medora,Wholesale,11,22.22,GBP,0.1,244.42,219.98
TXN-GB-3-001108,2026-08-27 18:27:49,2026-08-27 18:29:49,GB,Legacy Oracle EBS,E,SAN-002,SanaPlus ColdFlu,OTC,SanaPlus,Pharmacy/B2B,8,8.97,GBP,0.0,71.76,71.76
TXN-GB-3-001109,2026-08-27 08:03:35,2026-08-27 08:05:35,GB,Legacy Oracle EBS,E,MED-001,Medora Cardio 10mg,Prescription,Medora,Pharmacy/B2B,6,36.75,GBP,0.2,220.5,176.4
TXN-GB-3-001110,2026-08-27 21:55:48,2026-08-27 21:57:48,GB,Legacy Oracle EBS,E,DER-002,Dermacare LiftCream,Aesthetic,Dermacare,E-commerce,5,31.62,GBP,0.0,158.1,158.1
TXN-GB-3-001111,2026-08-27 04:19:48,2026-08-27 04:25:48,GB,Legacy Oracle EBS,E,VIT-002,Vitalis Multivit,Supplement,Vitalis,E-commerce,6,14.53,GBP,0.05,87.18,82.82
TXN-GB-3-001112,2026-08-27 10:16:43,2026-08-27 10:22:43,GB,Legacy Oracle EBS,E,DER-001,Dermacare GlowSerum,Aesthetic,Dermacare,D2C,4,27.35,GBP,0.2,109.4,87.52
TXN-GB-3-001113,2026-08-27 15:14:11,2026-08-27 15:17:11,GB,Legacy Oracle EBS,E,VIT-001,Vitalis C1000,Supplement,Vitalis,Pharmacy/B2B,12,17.95,GBP,0.0,215.4,215.4
TXN-GB-3-001114,2026-08-27 08:56:42,2026-08-27 09:01:42,GB,Legacy Oracle EBS,E,MED-001,Medora Cardio 10mg,Prescription,Medora,D2C,1,36.75,GBP,0.0,36.75,36.75
TXN-GB-3-001115,2026-08-27 12:10:47,2026-08-27 12:15:47,GB,Legacy Oracle EBS,E,MED-001,Medora Cardio 10mg,Prescription,Medora,D2C,8,36.75,GBP,0.0,294.0,294.0
TXN-GB-3-001116,2026-08-27 20:55:17,2026-08-27 20:57:17,GB,Legacy Oracle EBS,E,PUR-001,PureLife GlucoMonitor,Medical Device,PureLife,E-commerce,1,72.65,GBP,0.0,72.65,72.65
TXN-GB-3-001117,2026-08-27 21:15:55,2026-08-27 21:20:55,GB,Legacy Oracle EBS,E,DER-002,Dermacare LiftCream,Aesthetic,Dermacare,D2C,6,31.62,GBP,0.1,189.72,170.75
TXN-GB-3-001118,2026-08-27 12:58:50,2026-08-27 13:04:50,GB,Legacy Oracle EBS,E,MED-002,Medora Derm Cream,Prescription,Medora,E-commerce,2,22.22,GBP,0.2,44.44,35.55
TXN-GB-3-001119,2026-08-27 06:11:24,2026-08-27 06:16:24,GB,Legacy Oracle EBS,E,DER-001,Dermacare GlowSerum,Aesthetic,Dermacare,E-commerce,12,27.35,GBP,0.0,328.2,328.2
TXN-GB-3-001120,2026-08-27 06:10:26,2026-08-27 06:13:26,GB,Legacy Oracle EBS,E,SAN-001,SanaPlus PainRelief,OTC,SanaPlus,E-commerce,1,8.12,GBP,0.0,8.12,8.12
TXN-GB-3-001121,2026-08-27 08:09:03,2026-08-27 08:10:03,GB,Legacy Oracle EBS,E,SAN-002,SanaPlus ColdFlu,OTC,SanaPlus,Pharmacy/B2B,8,8.97,GBP,0.1,71.76,64.58
TXN-GB-3-001122,2026-08-27 01:15:49,2026-08-27 01:16:49,GB,Legacy Oracle EBS,E,SAN-002,SanaPlus ColdFlu,OTC,SanaPlus,Wholesale,2,8.97,GBP,0.05,17.94,17.04
TXN-GB-3-001123,2026-08-27 09:11:49,2026-08-27 09:17:49,GB,Legacy Oracle EBS,E,MED-002,Medora Derm Cream,Prescription,Medora,E-commerce,2,22.22,GBP,0.15,44.44,37.77
TXN-GB-3-001124,2026-08-27 19:48:47,2026-08-27 19:51:47,GB,Legacy Oracle EBS,E,PUR-001,PureLife GlucoMonitor,Medical Device,PureLife,Pharmacy/B2B,4,72.65,GBP,0.0,290.6,290.6
TXN-GB-3-001125,2026-08-27 18:28:17,2026-08-27 18:30:17,GB,Legacy Oracle EBS,E,MED-002,Medora Derm Cream,Prescription,Medora,D2C,3,22.22,GBP,0.05,66.66,63.33
TXN-GB-3-001126,2026-08-27 17:38:16,2026-08-27 17:43:16,GB,Legacy Oracle EBS,E,MED-002,Medora Derm Cream,Prescription,Medora,Pharmacy/B2B,9,22.22,GBP,0.0,199.98,199.98
TXN-GB-3-001127,2026-08-27 15:29:33,2026-08-27 15:34:33,GB,Legacy Oracle EBS,E,SAN-001,SanaPlus PainRelief,OTC,SanaPlus,E-commerce,6,8.12,GBP,0.0,48.72,48.72
TXN-GB-3-001128,2026-08-27 13:57:11,2026-08-27 14:02:11,GB,Legacy Oracle EBS,E,VIT-002,Vitalis Multivit,Supplement,Vitalis,Pharmacy/B2B,1,14.53,GBP,0.2,14.53,11.62
TXN-GB-3-001129,2026-08-27 19:56:45,2026-08-27 19:59:45,GB,Legacy Oracle EBS,E,DER-001,Dermacare GlowSerum,Aesthetic,Dermacare,D2C,7,27.35,GBP,0.15,191.45,162.73
TXN-GB-3-001130,2026-08-27 09:39:58,2026-08-27 09:45:58,GB,Legacy Oracle EBS,E,VIT-001,Vitalis C1000,Supplement,Vitalis,E-commerce,3,17.95,GBP,0.0,53.85,53.85
TXN-GB-3-001131,2026-08-27 13:27:14,2026-08-27 13:30:14,GB,Legacy Oracle EBS,E,SAN-002,SanaPlus ColdFlu,OTC,SanaPlus,D2C,2,8.97,GBP,0.15,17.94,15.25
TXN-GB-3-001132,2026-08-27 22:06:03,2026-08-27 22:07:03,GB,Legacy Oracle EBS,E,VIT-002,Vitalis Multivit,Supplement,Vitalis,D2C,5,14.53,GBP,0.0,72.65,72.65
TXN-GB-3-001133,2026-08-27 11:09:25,2026-08-27 11:11:25,GB,Legacy Oracle EBS,E,VIT-001,Vitalis C1000,Supplement,Vitalis,Wholesale,3,17.95,GBP,0.05,53.85,51.16
TXN-GB-3-001134,2026-08-27 04:06:57,2026-08-27 04:11:57,GB,Legacy Oracle EBS,E,VIT-002,Vitalis Multivit,Supplement,Vitalis,E-commerce,9,14.53,GBP,0.0,130.77,130.77
TXN-GB-3-001135,2026-08-27 20:05:27,2026-08-27 20:10:27,GB,Legacy Oracle EBS,E,VIT-002,Vitalis Multivit,Supplement,Vitalis,D2C,10,14.53,GBP,0.1,145.3,130.77
TXN-GB-3-001136,2026-08-27 23:41:17,2026-08-27 23:46:17,GB,Legacy Oracle EBS,E,SAN-002,SanaPlus ColdFlu,OTC,SanaPlus,Pharmacy/B2B,1,8.97,GBP,0.2,8.97,7.18
TXN-GB-3-001137,2026-08-27 03:17:53,2026-08-27 03:21:53,GB,Legacy Oracle EBS,E,DER-002,Dermacare LiftCream,Aesthetic,Dermacare,Pharmacy/B2B,2,31.62,GBP,0.0,63.24,63.24
TXN-GB-3-001138,2026-08-27 15:45:36,2026-08-27 15:49:36,GB,Legacy Oracle EBS,E,VIT-001,Vitalis C1000,Supplement,Vitalis,Wholesale,6,17.95,GBP,0.15,107.7,91.55
TXN-GB-3-001139,2026-08-27 17:07:56,2026-08-27 17:12:56,GB,Legacy Oracle EBS,E,VIT-002,Vitalis Multivit,Supplement,Vitalis,Wholesale,3,14.53,GBP,0.15,43.59,37.05
TXN-GB-3-001140,2026-08-27 03:47:44,2026-08-27 03:52:44,GB,Legacy Oracle EBS,E,DER-002,Dermacare LiftCream,Aesthetic,Dermacare,Wholesale,11,31.62,GBP,0.0,347.82,347.82
TXN-GB-3-001141,2026-08-27 12:46:09,2026-08-27 12:51:09,GB,Legacy Oracle EBS,E,SAN-002,SanaPlus ColdFlu,OTC,SanaPlus,Pharmacy/B2B,9,8.97,GBP,0.0,80.73,80.73
TXN-GB-3-001142,2026-08-27 21:43:06,2026-08-27 21:45:06,GB,Legacy Oracle EBS,E,DER-001,Dermacare GlowSerum,Aesthetic,Dermacare,D2C,7,27.35,GBP,0.05,191.45,181.88
TXN-GB-3-001143,2026-08-27 22:14:42,2026-08-27 22:18:42,GB,Legacy Oracle EBS,E,MED-001,Medora Cardio 10mg,Prescription,Medora,Pharmacy/B2B,8,36.75,GBP,0.0,294.0,294.0
TXN-GB-3-001144,2026-08-27 00:11:09,2026-08-27 00:16:09,GB,Legacy Oracle EBS,E,DER-001,Dermacare GlowSerum,Aesthetic,Dermacare,Wholesale,7,27.35,GBP,0.0,191.45,191.45
TXN-GB-3-001145,2026-08-27 05:34:57,2026-08-27 05:36:57,GB,Legacy Oracle EBS,E,SAN-001,SanaPlus PainRelief,OTC,SanaPlus,Wholesale,3,8.12,GBP,0.1,24.36,21.92
TXN-GB-3-001146,2026-08-27 16:25:15,2026-08-27 16:30:15,GB,Legacy Oracle EBS,E,MED-002,Medora Derm Cream,Prescription,Medora,D2C,2,22.22,GBP,0.15,44.44,37.77
TXN-GB-3-001147,2026-08-27 09:33:27,2026-08-27 09:35:27,GB,Legacy Oracle EBS,E,MED-001,Medora Cardio 10mg,Prescription,Medora,Pharmacy/B2B,8,36.75,GBP,0.15,294.0,249.9
TXN-GB-3-001148,2026-08-27 16:17:11,2026-08-27 16:23:11,GB,Legacy Oracle EBS,E,PUR-001,PureLife GlucoMonitor,Medical Device,PureLife,Wholesale,12,72.65,GBP,0.0,871.8,871.8
TXN-GB-3-001149,2026-08-27 00:14:29,2026-08-27 00:19:29,GB,Legacy Oracle EBS,E,VIT-002,Vitalis Multivit,Supplement,Vitalis,Pharmacy/B2B,11,14.53,GBP,0.05,159.83,151.84
TXN-GB-3-001150,2026-08-27 04:28:07,2026-08-27 04:32:07,GB,Legacy Oracle EBS,E,PUR-001,PureLife GlucoMonitor,Medical Device,PureLife,Wholesale,2,72.65,GBP,0.0,145.3,145.3
TXN-GB-3-001151,2026-08-27 15:11:31,2026-08-27 15:17:31,GB,Legacy Oracle EBS,E,SAN-001,SanaPlus PainRelief,OTC,SanaPlus,D2C,5,8.12,GBP,0.0,40.6,40.6
TXN-GB-3-001152,2026-08-27 03:00:36,2026-08-27 03:04:36,GB,Legacy Oracle EBS,E,PUR-002,PureLife BP Monitor,Medical Device,PureLife,E-commerce,4,76.92,GBP,0.15,307.68,261.53
TXN-GB-3-001153,2026-08-27 19:02:53,2026-08-27 19:03:53,GB,Legacy Oracle EBS,E,VIT-001,Vitalis C1000,Supplement,Vitalis,Pharmacy/B2B,5,17.95,GBP,0.0,89.75,89.75
TXN-GB-3-001154,2026-08-27 03:34:31,2026-08-27 03:37:31,GB,Legacy Oracle EBS,E,MED-001,Medora Cardio 10mg,Prescription,Medora,Pharmacy/B2B,2,36.75,GBP,0.05,73.5,69.83
TXN-GB-3-001155,2026-08-27 11:19:57,2026-08-27 11:24:57,GB,Legacy Oracle EBS,E,VIT-002,Vitalis Multivit,Supplement,Vitalis,E-commerce,7,14.53,GBP,0.0,101.71,101.71
TXN-GB-3-001156,2026-08-27 05:38:11,2026-08-27 05:44:11,GB,Legacy Oracle EBS,E,PUR-001,PureLife GlucoMonitor,Medical Device,PureLife,Pharmacy/B2B,4,72.65,GBP,0.0,290.6,290.6
TXN-GB-3-001157,2026-08-27 16:45:17,2026-08-27 16:51:17,GB,Legacy Oracle EBS,E,SAN-001,SanaPlus PainRelief,OTC,SanaPlus,Pharmacy/B2B,8,8.12,GBP,0.0,64.96,64.96
TXN-GB-3-001158,2026-08-27 00:05:39,2026-08-27 00:08:39,GB,Legacy Oracle EBS,E,DER-001,Dermacare GlowSerum,Aesthetic,Dermacare,E-commerce,8,27.35,GBP,0.0,218.8,218.8
TXN-GB-3-001159,2026-08-27 16:41:37,2026-08-27 16:44:37,GB,Legacy Oracle EBS,E,VIT-002,Vitalis Multivit,Supplement,Vitalis,D2C,11,14.53,GBP,0.0,159.83,159.83
TXN-GB-3-001160,2026-08-27 11:42:19,2026-08-27 11:46:19,GB,Legacy Oracle EBS,E,DER-001,Dermacare GlowSerum,Aesthetic,Dermacare,Pharmacy/B2B,6,27.35,GBP,0.0,164.1,164.1
TXN-GB-3-001161,2026-08-27 01:59:33,2026-08-27 02:00:33,GB,Legacy Oracle EBS,E,SAN-002,SanaPlus ColdFlu,OTC,SanaPlus,Pharmacy/B2B,4,8.97,GBP,0.0,35.88,35.88
TXN-GB-3-001162,2026-08-27 08:58:05,2026-08-27 09:03:05,GB,Legacy Oracle EBS,E,SAN-001,SanaPlus PainRelief,OTC,SanaPlus,E-commerce,4,8.12,GBP,0.1,32.48,29.23
TXN-GB-3-001163,2026-08-27 10:09:12,2026-08-27 10:10:12,GB,Legacy Oracle EBS,E,PUR-002,PureLife BP Monitor,Medical Device,PureLife,D2C,10,76.92,GBP,0.0,769.2,769.2
TXN-GB-3-001164,2026-08-27 15:01:00,2026-08-27 15:03:00,GB,Legacy Oracle EBS,E,DER-002,Dermacare LiftCream,Aesthetic,Dermacare,Pharmacy/B2B,8,31.62,GBP,0.0,252.96,252.96
TXN-GB-3-001165,2026-08-27 13:16:42,2026-08-27 13:17:42,GB,Legacy Oracle EBS,E,SAN-002,SanaPlus ColdFlu,OTC,SanaPlus,Wholesale,11,8.97,GBP,0.0,98.67,98.67
TXN-GB-3-001166,2026-08-27 23:58:24,2026-08-28 00:02:24,GB,Legacy Oracle EBS,E,VIT-002,Vitalis Multivit,Supplement,Vitalis,Pharmacy/B2B,8,14.53,GBP,0.2,116.24,92.99
TXN-GB-3-001167,2026-08-27 21:23:42,2026-08-27 21:28:42,GB,Legacy Oracle EBS,E,PUR-001,PureLife GlucoMonitor,Medical Device,PureLife,D2C,2,72.65,GBP,0.0,145.3,145.3
TXN-GB-3-001168,2026-08-27 15:57:39,2026-08-27 16:01:39,GB,Legacy Oracle EBS,E,VIT-001,Vitalis C1000,Supplement,Vitalis,Pharmacy/B2B,3,17.95,GBP,0.0,53.85,53.85
TXN-GB-3-001169,2026-08-27 20:17:48,2026-08-27 20:21:48,GB,Legacy Oracle EBS,E,DER-001,Dermacare GlowSerum,Aesthetic,Dermacare,D2C,2,27.35,GBP,0.05,54.7,51.97
TXN-GB-3-001170,2026-08-27 03:28:11,2026-08-27 03:32:11,GB,Legacy Oracle EBS,E,DER-001,Dermacare GlowSerum,Aesthetic,Dermacare,Pharmacy/B2B,2,27.35,GBP,0.2,54.7,43.76
TXN-GB-3-001171,2026-08-27 23:19:27,2026-08-27 23:24:27,GB,Legacy Oracle EBS,E,VIT-002,Vitalis Multivit,Supplement,Vitalis,Pharmacy/B2B,12,14.53,GBP,0.05,174.36,165.64
TXN-GB-3-001172,2026-08-27 08:34:15,2026-08-27 08:38:15,GB,Legacy Oracle EBS,E,MED-001,Medora Cardio 10mg,Prescription,Medora,E-commerce,1,36.75,GBP,0.0,36.75,36.75
TXN-GB-3-001173,2026-08-27 19:05:09,2026-08-27 19:07:09,GB,Legacy Oracle EBS,E,MED-002,Medora Derm Cream,Prescription,Medora,Pharmacy/B2B,3,22.22,GBP,0.0,66.66,66.66
TXN-GB-3-001174,2026-08-27 13:54:31,2026-08-27 13:59:31,GB,Legacy Oracle EBS,E,PUR-002,PureLife BP Monitor,Medical Device,PureLife,Pharmacy/B2B,9,76.92,GBP,0.1,692.28,623.05
TXN-GB-3-001175,2026-08-27 06:05:09,2026-08-27 06:11:09,GB,Legacy Oracle EBS,E,DER-002,Dermacare LiftCream,Aesthetic,Dermacare,Wholesale,6,31.62,GBP,0.2,189.72,151.78
TXN-GB-3-001176,2026-08-27 15:56:01,2026-08-27 16:01:01,GB,Legacy Oracle EBS,E,MED-001,Medora Cardio 10mg,Prescription,Medora,Wholesale,1,36.75,GBP,0.2,36.75,29.4
TXN-GB-3-001177,2026-08-27 07:02:10,2026-08-27 07:08:10,GB,Legacy Oracle EBS,E,VIT-001,Vitalis C1000,Supplement,Vitalis,Pharmacy/B2B,10,17.95,GBP,0.1,179.5,161.55
TXN-GB-3-001178,2026-08-27 03:15:32,2026-08-27 03:18:32,GB,Legacy Oracle EBS,E,VIT-001,Vitalis C1000,Supplement,Vitalis,Pharmacy/B2B,6,17.95,GBP,0.1,107.7,96.93
TXN-GB-3-001179,2026-08-27 12:23:16,2026-08-27 12:27:16,GB,Legacy Oracle EBS,E,SAN-001,SanaPlus PainRelief,OTC,SanaPlus,Wholesale,1,8.12,GBP,0.2,8.12,6.5
TXN-GB-3-001180,2026-08-27 21:19:47,2026-08-27 21:21:47,GB,Legacy Oracle EBS,E,VIT-002,Vitalis Multivit,Supplement,Vitalis,D2C,6,14.53,GBP,0.0,87.18,87.18
TXN-GB-3-001181,2026-08-27 06:33:47,2026-08-27 06:38:47,GB,Legacy Oracle EBS,E,VIT-001,Vitalis C1000,Supplement,Vitalis,E-commerce,9,17.95,GBP,0.05,161.55,153.47
TXN-GB-3-001182,2026-08-27 09:17:33,2026-08-27 09:20:33,GB,Legacy Oracle EBS,E,MED-002,Medora Derm Cream,Prescription,Medora,D2C,2,22.22,GBP,0.1,44.44,40.0
TXN-GB-3-001183,2026-08-27 07:23:24,2026-08-27 07:28:24,GB,Legacy Oracle EBS,E,SAN-001,SanaPlus PainRelief,OTC,SanaPlus,Wholesale,7,8.12,GBP,0.1,56.84,51.16
TXN-GB-3-001184,2026-08-27 12:12:57,2026-08-27 12:18:57,GB,Legacy Oracle EBS,E,MED-001,Medora Cardio 10mg,Prescription,Medora,D2C,2,36.75,GBP,0.1,73.5,66.15
TXN-GB-3-001185,2026-08-27 11:09:25,2026-08-27 11:15:25,GB,Legacy Oracle EBS,E,VIT-002,Vitalis Multivit,Supplement,Vitalis,Wholesale,12,14.53,GBP,0.0,174.36,174.36
TXN-GB-3-001186,2026-08-27 13:48:04,2026-08-27 13:51:04,GB,Legacy Oracle EBS,E,VIT-002,Vitalis Multivit,Supplement,Vitalis,Pharmacy/B2B,10,14.53,GBP,0.0,145.3,145.3
TXN-GB-3-001187,2026-08-27 04:44:59,2026-08-27 04:48:59,GB,Legacy Oracle EBS,E,SAN-001,SanaPlus PainRelief,OTC,SanaPlus,E-commerce,6,8.12,GBP,0.0,48.72,48.72
TXN-GB-3-001188,2026-08-27 19:50:19,2026-08-27 19:52:19,GB,Legacy Oracle EBS,E,SAN-001,SanaPlus PainRelief,OTC,SanaPlus,Pharmacy/B2B,1,8.12,GBP,0.2,8.12,6.5
TXN-GB-3-001189,2026-08-27 08:16:02,2026-08-27 08:17:02,GB,Legacy Oracle EBS,E,PUR-001,PureLife GlucoMonitor,Medical Device,PureLife,E-commerce,1,72.65,GBP,0.0,72.65,72.65
TXN-GB-3-001190,2026-08-27 10:34:39,2026-08-27 10:40:39,GB,Legacy Oracle EBS,E,MED-001,Medora Cardio 10mg,Prescription,Medora,D2C,7,36.75,GBP,0.0,257.25,257.25
TXN-GB-3-001191,2026-08-27 12:08:38,2026-08-27 12:13:38,GB,Legacy Oracle EBS,E,PUR-002,PureLife BP Monitor,Medical Device,PureLife,D2C,5,76.92,GBP,0.2,384.6,307.68
TXN-GB-3-001192,2026-08-27 10:55:01,2026-08-27 11:01:01,GB,Legacy Oracle EBS,E,SAN-002,SanaPlus ColdFlu,OTC,SanaPlus,D2C,4,8.97,GBP,0.0,35.88,35.88
TXN-GB-3-001193,2026-08-27 22:36:02,2026-08-27 22:37:02,GB,Legacy Oracle EBS,E,SAN-002,SanaPlus ColdFlu,OTC,SanaPlus,D2C,10,8.97,GBP,0.15,89.7,76.25
TXN-GB-3-001194,2026-08-27 22:32:53,2026-08-27 22:37:53,GB,Legacy Oracle EBS,E,MED-002,Medora Derm Cream,Prescription,Medora,D2C,4,22.22,GBP,0.2,88.88,71.1
TXN-GB-3-001195,2026-08-27 11:14:57,2026-08-27 11:17:57,GB,Legacy Oracle EBS,E,SAN-001,SanaPlus PainRelief,OTC,SanaPlus,D2C,10,8.12,GBP,0.0,81.2,81.2
TXN-GB-3-001196,2026-08-27 00:57:23,2026-08-27 01:01:23,GB,Legacy Oracle EBS,E,VIT-001,Vitalis C1000,Supplement,Vitalis,Wholesale,11,17.95,GBP,0.0,197.45,197.45
TXN-GB-3-001197,2026-08-27 20:46:59,2026-08-27 20:49:59,GB,Legacy Oracle EBS,E,PUR-002,PureLife BP Monitor,Medical Device,PureLife,Pharmacy/B2B,7,76.92,GBP,0.1,538.44,484.6
TXN-GB-3-001198,2026-08-27 15:55:40,2026-08-27 15:56:40,GB,Legacy Oracle EBS,E,PUR-001,PureLife GlucoMonitor,Medical Device,PureLife,D2C,2,72.65,GBP,0.0,145.3,145.3
TXN-GB-3-001199,2026-08-27 03:42:26,2026-08-27 03:45:26,GB,Legacy Oracle EBS,E,SAN-001,SanaPlus PainRelief,OTC,SanaPlus,Pharmacy/B2B,11,8.12,GBP,0.05,89.32,84.85
TXN-GB-3-001200,2026-08-27 11:18:52,2026-08-27 11:19:52,GB,Legacy Oracle EBS,E,SAN-002,SanaPlus ColdFlu,OTC,SanaPlus,E-commerce,3,8.97,GBP,0.0,26.91,26.91
TXN-GB-3-001201,2026-08-27 16:03:38,2026-08-27 16:05:38,GB,Legacy Oracle EBS,E,SAN-002,SanaPlus ColdFlu,OTC,SanaPlus,Pharmacy/B2B,12,8.97,GBP,0.0,107.64,107.64
TXN-GB-3-001202,2026-08-27 00:40:35,2026-08-27 00:41:35,GB,Legacy Oracle EBS,E,MED-001,Medora Cardio 10mg,Prescription,Medora,E-commerce,11,36.75,GBP,0.15,404.25,343.61
TXN-GB-3-001203,2026-08-27 16:57:39,2026-08-27 17:00:39,GB,Legacy Oracle EBS,E,VIT-001,Vitalis C1000,Supplement,Vitalis,D2C,6,17.95,GBP,0.0,107.7,107.7
TXN-GB-3-001204,2026-08-27 19:04:35,2026-08-27 19:06:35,GB,Legacy Oracle EBS,E,DER-002,Dermacare LiftCream,Aesthetic,Dermacare,D2C,4,31.62,GBP,0.0,126.48,126.48
TXN-GB-3-001205,2026-08-27 15:32:53,2026-08-27 15:34:53,GB,Legacy Oracle EBS,E,VIT-002,Vitalis Multivit,Supplement,Vitalis,Wholesale,12,14.53,GBP,0.2,174.36,139.49
TXN-GB-3-001206,2026-08-27 02:21:08,2026-08-27 02:23:08,GB,Legacy Oracle EBS,E,DER-002,Dermacare LiftCream,Aesthetic,Dermacare,D2C,2,31.62,GBP,0.1,63.24,56.92
TXN-GB-3-001207,2026-08-27 21:12:31,2026-08-27 21:17:31,GB,Legacy Oracle EBS,E,VIT-002,Vitalis Multivit,Supplement,Vitalis,Wholesale,10,14.53,GBP,0.0,145.3,145.3
TXN-GB-3-001208,2026-08-27 18:23:17,2026-08-27 18:29:17,GB,Legacy Oracle EBS,E,SAN-001,SanaPlus PainRelief,OTC,SanaPlus,Pharmacy/B2B,7,8.12,GBP,0.2,56.84,45.47
TXN-GB-3-001209,2026-08-27 07:33:03,2026-08-27 07:36:03,GB,Legacy Oracle EBS,E,PUR-002,PureLife BP Monitor,Medical Device,PureLife,Wholesale,8,76.92,GBP,0.2,615.36,492.29
TXN-GB-3-001210,2026-08-27 21:18:13,2026-08-27 21:21:13,GB,Legacy Oracle EBS,E,DER-001,Dermacare GlowSerum,Aesthetic,Dermacare,Pharmacy/B2B,6,27.35,GBP,0.0,164.1,164.1
TXN-GB-3-001211,2026-08-27 01:34:59,2026-08-27 01:39:59,GB,Legacy Oracle EBS,E,MED-001,Medora Cardio 10mg,Prescription,Medora,Pharmacy/B2B,1,36.75,GBP,0.0,36.75,36.75
TXN-GB-3-001212,2026-08-27 05:05:20,2026-08-27 05:10:20,GB,Legacy Oracle EBS,E,SAN-001,SanaPlus PainRelief,OTC,SanaPlus,Wholesale,10,8.12,GBP,0.0,81.2,81.2
TXN-GB-3-001213,2026-08-27 00:52:42,2026-08-27 00:56:42,GB,Legacy Oracle EBS,E,SAN-001,SanaPlus PainRelief,OTC,SanaPlus,E-commerce,8,8.12,GBP,0.15,64.96,55.22
TXN-GB-3-001214,2026-08-27 16:31:31,2026-08-27 16:35:31,GB,Legacy Oracle EBS,E,PUR-001,PureLife GlucoMonitor,Medical Device,PureLife,Pharmacy/B2B,1,72.65,GBP,0.0,72.65,72.65
TXN-GB-3-001215,2026-08-27 06:48:37,2026-08-27 06:51:37,GB,Legacy Oracle EBS,E,DER-002,Dermacare LiftCream,Aesthetic,Dermacare,Pharmacy/B2B,8,31.62,GBP,0.0,252.96,252.96
TXN-GB-3-001216,2026-08-27 11:36:19,2026-08-27 11:40:19,GB,Legacy Oracle EBS,E,SAN-002,SanaPlus ColdFlu,OTC,SanaPlus,Wholesale,1,8.97,GBP,0.1,8.97,8.07
TXN-GB-3-001217,2026-08-27 20:07:02,2026-08-27 20:09:02,GB,Legacy Oracle EBS,E,VIT-001,Vitalis C1000,Supplement,Vitalis,E-commerce,6,17.95,GBP,0.0,107.7,107.7
TXN-GB-3-001218,2026-08-27 14:47:38,2026-08-27 14:51:38,GB,Legacy Oracle EBS,E,MED-001,Medora Cardio 10mg,Prescription,Medora,E-commerce,6,36.75,GBP,0.15,220.5,187.42
TXN-GB-3-001219,2026-08-27 15:57:22,2026-08-27 16:01:22,GB,Legacy Oracle EBS,E,VIT-002,Vitalis Multivit,Supplement,Vitalis,D2C,8,14.53,GBP,0.0,116.24,116.24
TXN-GB-3-001220,2026-08-27 19:15:00,2026-08-27 19:20:00,GB,Legacy Oracle EBS,E,MED-002,Medora Derm Cream,Prescription,Medora,Wholesale,2,22.22,GBP,0.15,44.44,37.77
TXN-GB-3-001221,2026-08-27 21:55:17,2026-08-27 21:59:17,GB,Legacy Oracle EBS,E,VIT-001,Vitalis C1000,Supplement,Vitalis,E-commerce,11,17.95,GBP,0.05,197.45,187.58
TXN-GB-3-001222,2026-08-27 02:52:50,2026-08-27 02:57:50,GB,Legacy Oracle EBS,E,VIT-002,Vitalis Multivit,Supplement,Vitalis,E-commerce,6,14.53,GBP,0.0,87.18,87.18
TXN-GB-3-001223,2026-08-27 19:08:49,2026-08-27 19:09:49,GB,Legacy Oracle EBS,E,PUR-002,PureLife BP Monitor,Medical Device,PureLife,Wholesale,7,76.92,GBP,0.1,538.44,484.6
TXN-GB-3-001224,2026-08-27 04:32:32,2026-08-27 04:36:32,GB,Legacy Oracle EBS,E,SAN-001,SanaPlus PainRelief,OTC,SanaPlus,Wholesale,1,8.12,GBP,0.05,8.12,7.71
TXN-GB-3-001225,2026-08-27 13:25:13,2026-08-27 13:27:13,GB,Legacy Oracle EBS,E,DER-002,Dermacare LiftCream,Aesthetic,Dermacare,Wholesale,2,31.62,GBP,0.0,63.24,63.24
TXN-GB-3-001226,2026-08-27 09:09:56,2026-08-27 09:15:56,GB,Legacy Oracle EBS,E,VIT-001,Vitalis C1000,Supplement,Vitalis,E-commerce,12,17.95,GBP,0.0,215.4,215.4
TXN-GB-3-001227,2026-08-27 07:11:58,2026-08-27 07:17:58,GB,Legacy Oracle EBS,E,PUR-002,PureLife BP Monitor,Medical Device,PureLife,E-commerce,2,76.92,GBP,0.0,153.84,153.84
TXN-GB-3-001228,2026-08-27 03:37:36,2026-08-27 03:43:36,GB,Legacy Oracle EBS,E,DER-001,Dermacare GlowSerum,Aesthetic,Dermacare,Pharmacy/B2B,5,27.35,GBP,0.1,136.75,123.08
TXN-GB-3-001229,2026-08-27 03:07:41,2026-08-27 03:08:41,GB,Legacy Oracle EBS,E,DER-002,Dermacare LiftCream,Aesthetic,Dermacare,Wholesale,10,31.62,GBP,0.0,316.2,316.2
TXN-GB-3-001230,2026-08-27 11:28:22,2026-08-27 11:34:22,GB,Legacy Oracle EBS,E,VIT-001,Vitalis C1000,Supplement,Vitalis,Wholesale,7,17.95,GBP,0.15,125.65,106.8
TXN-GB-3-001231,2026-08-27 07:21:10,2026-08-27 07:22:10,GB,Legacy Oracle EBS,E,PUR-002,PureLife BP Monitor,Medical Device,PureLife,Wholesale,6,76.92,GBP,0.0,461.52,461.52
TXN-GB-3-001232,2026-08-27 01:16:57,2026-08-27 01:19:57,GB,Legacy Oracle EBS,E,MED-001,Medora Cardio 10mg,Prescription,Medora,Pharmacy/B2B,2,36.75,GBP,0.05,73.5,69.83
TXN-GB-3-001233,2026-08-27 10:47:28,2026-08-27 10:50:28,GB,Legacy Oracle EBS,E,PUR-001,PureLife GlucoMonitor,Medical Device,PureLife,Pharmacy/B2B,8,72.65,GBP,0.15,581.2,494.02
TXN-GB-3-001234,2026-08-27 22:32:59,2026-08-27 22:36:59,GB,Legacy Oracle EBS,E,PUR-001,PureLife GlucoMonitor,Medical Device,PureLife,E-commerce,3,72.65,GBP,0.1,217.95,196.16
TXN-GB-3-001235,2026-08-27 09:56:56,2026-08-27 10:02:56,GB,Legacy Oracle EBS,E,MED-002,Medora Derm Cream,Prescription,Medora,D2C,1,22.22,GBP,0.05,22.22,21.11
TXN-GB-3-001236,2026-08-27 03:06:59,2026-08-27 03:08:59,GB,Legacy Oracle EBS,E,VIT-002,Vitalis Multivit,Supplement,Vitalis,Pharmacy/B2B,5,14.53,GBP,0.15,72.65,61.75
TXN-GB-3-001237,2026-08-27 05:31:35,2026-08-27 05:34:35,GB,Legacy Oracle EBS,E,MED-002,Medora Derm Cream,Prescription,Medora,E-commerce,1,22.22,GBP,0.0,22.22,22.22
TXN-GB-3-001238,2026-08-27 18:47:11,2026-08-27 18:52:11,GB,Legacy Oracle EBS,E,DER-002,Dermacare LiftCream,Aesthetic,Dermacare,Wholesale,4,31.62,GBP,0.2,126.48,101.18
TXN-GB-3-001239,2026-08-27 03:55:13,2026-08-27 03:57:13,GB,Legacy Oracle EBS,E,DER-001,Dermacare GlowSerum,Aesthetic,Dermacare,D2C,1,27.35,GBP,0.0,27.35,27.35
TXN-GB-3-001240,2026-08-27 16:28:13,2026-08-27 16:34:13,GB,Legacy Oracle EBS,E,SAN-002,SanaPlus ColdFlu,OTC,SanaPlus,D2C,1,8.97,GBP,0.05,8.97,8.52
TXN-GB-3-001241,2026-08-27 08:20:56,2026-08-27 08:21:56,GB,Legacy Oracle EBS,E,VIT-001,Vitalis C1000,Supplement,Vitalis,E-commerce,6,17.95,GBP,0.0,107.7,107.7
TXN-GB-3-001242,2026-08-27 22:50:55,2026-08-27 22:53:55,GB,Legacy Oracle EBS,E,MED-002,Medora Derm Cream,Prescription,Medora,Pharmacy/B2B,10,22.22,GBP,0.05,222.2,211.09
TXN-GB-3-001243,2026-08-27 06:13:03,2026-08-27 06:17:03,GB,Legacy Oracle EBS,E,VIT-002,Vitalis Multivit,Supplement,Vitalis,Pharmacy/B2B,8,14.53,GBP,0.15,116.24,98.8
TXN-GB-3-001244,2026-08-27 06:16:12,2026-08-27 06:22:12,GB,Legacy Oracle EBS,E,DER-002,Dermacare LiftCream,Aesthetic,Dermacare,E-commerce,1,31.62,GBP,0.05,31.62,30.04
TXN-GB-3-001245,2026-08-27 13:21:01,2026-08-27 13:27:01,GB,Legacy Oracle EBS,E,SAN-002,SanaPlus ColdFlu,OTC,SanaPlus,Pharmacy/B2B,12,8.97,GBP,0.1,107.64,96.88
TXN-GB-3-001246,2026-08-27 10:47:20,2026-08-27 10:52:20,GB,Legacy Oracle EBS,E,DER-002,Dermacare LiftCream,Aesthetic,Dermacare,E-commerce,9,31.62,GBP,0.05,284.58,270.35
TXN-GB-3-001247,2026-08-27 07:06:04,2026-08-27 07:10:04,GB,Legacy Oracle EBS,E,VIT-001,Vitalis C1000,Supplement,Vitalis,Pharmacy/B2B,3,17.95,GBP,0.05,53.85,51.16
TXN-GB-3-001248,2026-08-27 03:25:49,2026-08-27 03:27:49,GB,Legacy Oracle EBS,E,PUR-001,PureLife GlucoMonitor,Medical Device,PureLife,Wholesale,8,72.65,GBP,0.15,581.2,494.02
TXN-GB-3-001249,2026-08-27 05:18:45,2026-08-27 05:21:45,GB,Legacy Oracle EBS,E,VIT-001,Vitalis C1000,Supplement,Vitalis,E-commerce,2,17.95,GBP,0.15,35.9,30.51
TXN-GB-3-001250,2026-08-27 20:09:53,2026-08-27 20:13:53,GB,Legacy Oracle EBS,E,MED-001,Medora Cardio 10mg,Prescription,Medora,D2C,6,36.75,GBP,0.0,220.5,220.5
TXN-GB-3-001251,2026-08-27 07:07:04,2026-08-27 07:11:04,GB,Legacy Oracle EBS,E,SAN-001,SanaPlus PainRelief,OTC,SanaPlus,Pharmacy/B2B,4,8.12,GBP,0.2,32.48,25.98
TXN-GB-3-001252,2026-08-27 09:13:51,2026-08-27 09:17:51,GB,Legacy Oracle EBS,E,DER-001,Dermacare GlowSerum,Aesthetic,Dermacare,E-commerce,4,27.35,GBP,0.15,109.4,92.99
TXN-GB-3-001253,2026-08-27 10:58:18,2026-08-27 11:02:18,GB,Legacy Oracle EBS,E,SAN-002,SanaPlus ColdFlu,OTC,SanaPlus,D2C,12,8.97,GBP,0.1,107.64,96.88
TXN-GB-3-001254,2026-08-27 07:33:53,2026-08-27 07:35:53,GB,Legacy Oracle EBS,E,VIT-002,Vitalis Multivit,Supplement,Vitalis,Pharmacy/B2B,7,14.53,GBP,0.1,101.71,91.54
TXN-GB-3-001255,2026-08-27 14:54:38,2026-08-27 14:57:38,GB,Legacy Oracle EBS,E,MED-001,Medora Cardio 10mg,Prescription,Medora,E-commerce,9,36.75,GBP,0.2,330.75,264.6
TXN-GB-3-001256,2026-08-27 06:20:30,2026-08-27 06:26:30,GB,Legacy Oracle EBS,E,MED-001,Medora Cardio 10mg,Prescription,Medora,D2C,3,36.75,GBP,0.05,110.25,104.74
TXN-GB-3-001257,2026-08-27 02:06:38,2026-08-27 02:07:38,GB,Legacy Oracle EBS,E,MED-001,Medora Cardio 10mg,Prescription,Medora,Wholesale,8,36.75,GBP,0.05,294.0,279.3
TXN-GB-3-001258,2026-08-27 11:14:21,2026-08-27 11:16:21,GB,Legacy Oracle EBS,E,DER-001,Dermacare GlowSerum,Aesthetic,Dermacare,D2C,12,27.35,GBP,0.15,328.2,278.97
TXN-GB-3-001259,2026-08-27 18:50:30,2026-08-27 18:55:30,GB,Legacy Oracle EBS,E,VIT-001,Vitalis C1000,Supplement,Vitalis,D2C,10,17.95,GBP,0.0,179.5,179.5
TXN-GB-3-001260,2026-08-27 04:23:07,2026-08-27 04:28:07,GB,Legacy Oracle EBS,E,MED-002,Medora Derm Cream,Prescription,Medora,Pharmacy/B2B,1,22.22,GBP,0.05,22.22,21.11
TXN-GB-3-001261,2026-08-27 19:32:03,2026-08-27 19:38:03,GB,Legacy Oracle EBS,E,PUR-002,PureLife BP Monitor,Medical Device,PureLife,Pharmacy/B2B,2,76.92,GBP,0.0,153.84,153.84
TXN-GB-3-001262,2026-08-27 12:00:04,2026-08-27 12:05:04,GB,Legacy Oracle EBS,E,VIT-002,Vitalis Multivit,Supplement,Vitalis,Pharmacy/B2B,8,14.53,GBP,0.1,116.24,104.62
TXN-GB-3-001263,2026-08-27 08:25:11,2026-08-27 08:31:11,GB,Legacy Oracle EBS,E,MED-001,Medora Cardio 10mg,Prescription,Medora,Pharmacy/B2B,7,36.75,GBP,0.0,257.25,257.25
TXN-GB-3-001264,2026-08-27 21:39:47,2026-08-27 21:44:47,GB,Legacy Oracle EBS,E,PUR-001,PureLife GlucoMonitor,Medical Device,PureLife,D2C,12,72.65,GBP,0.05,871.8,828.21
TXN-GB-3-001265,2026-08-27 17:28:25,2026-08-27 17:31:25,GB,Legacy Oracle EBS,E,SAN-001,SanaPlus PainRelief,OTC,SanaPlus,E-commerce,1,8.12,GBP,0.2,8.12,6.5
TXN-GB-3-001266,2026-08-27 16:50:30,2026-08-27 16:53:30,GB,Legacy Oracle EBS,E,SAN-002,SanaPlus ColdFlu,OTC,SanaPlus,D2C,11,8.97,GBP,0.1,98.67,88.8
TXN-GB-3-001267,2026-08-27 12:26:29,2026-08-27 12:31:29,GB,Legacy Oracle EBS,E,VIT-001,Vitalis C1000,Supplement,Vitalis,E-commerce,2,17.95,GBP,0.0,35.9,35.9
TXN-GB-3-001268,2026-08-27 20:06:10,2026-08-27 20:10:10,GB,Legacy Oracle EBS,E,MED-001,Medora Cardio 10mg,Prescription,Medora,D2C,11,36.75,GBP,0.2,404.25,323.4
TXN-GB-3-001269,2026-08-27 06:38:00,2026-08-27 06:41:00,GB,Legacy Oracle EBS,E,MED-002,Medora Derm Cream,Prescription,Medora,D2C,9,22.22,GBP,0.05,199.98,189.98
TXN-GB-3-001270,2026-08-27 01:18:50,2026-08-27 01:24:50,GB,Legacy Oracle EBS,E,PUR-002,PureLife BP Monitor,Medical Device,PureLife,Wholesale,9,76.92,GBP,0.05,692.28,657.67
TXN-GB-3-001271,2026-08-27 04:46:10,2026-08-27 04:52:10,GB,Legacy Oracle EBS,E,VIT-001,Vitalis C1000,Supplement,Vitalis,E-commerce,6,17.95,GBP,0.1,107.7,96.93
TXN-GB-3-001272,2026-08-27 20:39:08,2026-08-27 20:40:08,GB,Legacy Oracle EBS,E,SAN-001,SanaPlus PainRelief,OTC,SanaPlus,Pharmacy/B2B,10,8.12,GBP,0.0,81.2,81.2
TXN-GB-3-001273,2026-08-27 22:52:28,2026-08-27 22:56:28,GB,Legacy Oracle EBS,E,SAN-002,SanaPlus ColdFlu,OTC,SanaPlus,Pharmacy/B2B,2,8.97,GBP,0.15,17.94,15.25
TXN-GB-3-001274,2026-08-27 22:20:53,2026-08-27 22:22:53,GB,Legacy Oracle EBS,E,MED-001,Medora Cardio 10mg,Prescription,Medora,D2C,6,36.75,GBP,0.0,220.5,220.5
TXN-GB-3-001275,2026-08-27 03:20:40,2026-08-27 03:23:40,GB,Legacy Oracle EBS,E,DER-002,Dermacare LiftCream,Aesthetic,Dermacare,Pharmacy/B2B,4,31.62,GBP,0.2,126.48,101.18
TXN-GB-3-001276,2026-08-27 08:29:27,2026-08-27 08:34:27,GB,Legacy Oracle EBS,E,MED-001,Medora Cardio 10mg,Prescription,Medora,Pharmacy/B2B,5,36.75,GBP,0.05,183.75,174.56
TXN-GB-3-001277,2026-08-27 09:19:55,2026-08-27 09:22:55,GB,Legacy Oracle EBS,E,DER-001,Dermacare GlowSerum,Aesthetic,Dermacare,Wholesale,9,27.35,GBP,0.2,246.15,196.92
TXN-GB-3-001278,2026-08-27 22:45:07,2026-08-27 22:49:07,GB,Legacy Oracle EBS,E,SAN-002,SanaPlus ColdFlu,OTC,SanaPlus,D2C,7,8.97,GBP,0.0,62.79,62.79
TXN-GB-3-001279,2026-08-27 00:25:02,2026-08-27 00:27:02,GB,Legacy Oracle EBS,E,MED-001,Medora Cardio 10mg,Prescription,Medora,E-commerce,8,36.75,GBP,0.2,294.0,235.2
TXN-GB-3-001280,2026-08-27 06:23:01,2026-08-27 06:27:01,GB,Legacy Oracle EBS,E,DER-001,Dermacare GlowSerum,Aesthetic,Dermacare,Wholesale,4,27.35,GBP,0.1,109.4,98.46
TXN-GB-3-001281,2026-08-27 16:22:46,2026-08-27 16:25:46,GB,Legacy Oracle EBS,E,PUR-002,PureLife BP Monitor,Medical Device,PureLife,D2C,4,76.92,GBP,0.0,307.68,307.68
TXN-GB-3-001282,2026-08-27 23:24:37,2026-08-27 23:25:37,GB,Legacy Oracle EBS,E,DER-001,Dermacare GlowSerum,Aesthetic,Dermacare,D2C,8,27.35,GBP,0.1,218.8,196.92
TXN-GB-3-001283,2026-08-27 01:28:47,2026-08-27 01:33:47,GB,Legacy Oracle EBS,E,SAN-001,SanaPlus PainRelief,OTC,SanaPlus,Pharmacy/B2B,6,8.12,GBP,0.1,48.72,43.85
TXN-GB-3-001284,2026-08-27 23:38:56,2026-08-27 23:42:56,GB,Legacy Oracle EBS,E,DER-002,Dermacare LiftCream,Aesthetic,Dermacare,E-commerce,8,31.62,GBP,0.0,252.96,252.96
TXN-GB-3-001285,2026-08-27 23:03:18,2026-08-27 23:06:18,GB,Legacy Oracle EBS,E,PUR-002,PureLife BP Monitor,Medical Device,PureLife,Pharmacy/B2B,3,76.92,GBP,0.0,230.76,230.76
TXN-GB-3-001286,2026-08-27 23:58:17,2026-08-28 00:00:17,GB,Legacy Oracle EBS,E,MED-002,Medora Derm Cream,Prescription,Medora,Pharmacy/B2B,10,22.22,GBP,0.0,222.2,222.2
TXN-GB-3-001287,2026-08-27 10:07:18,2026-08-27 10:12:18,GB,Legacy Oracle EBS,E,MED-002,Medora Derm Cream,Prescription,Medora,Wholesale,12,22.22,GBP,0.15,266.64,226.64
TXN-GB-3-001288,2026-08-27 19:38:37,2026-08-27 19:42:37,GB,Legacy Oracle EBS,E,SAN-002,SanaPlus ColdFlu,OTC,SanaPlus,Wholesale,5,8.97,GBP,0.15,44.85,38.12
TXN-GB-3-001289,2026-08-27 21:18:43,2026-08-27 21:20:43,GB,Legacy Oracle EBS,E,VIT-001,Vitalis C1000,Supplement,Vitalis,E-commerce,1,17.95,GBP,0.0,17.95,17.95
TXN-GB-3-001290,2026-08-27 23:20:59,2026-08-27 23:25:59,GB,Legacy Oracle EBS,E,SAN-001,SanaPlus PainRelief,OTC,SanaPlus,D2C,2,8.12,GBP,0.05,16.24,15.43
TXN-GB-3-001291,2026-08-27 20:25:11,2026-08-27 20:31:11,GB,Legacy Oracle EBS,E,DER-001,Dermacare GlowSerum,Aesthetic,Dermacare,D2C,6,27.35,GBP,0.2,164.1,131.28
TXN-GB-3-001292,2026-08-27 16:51:26,2026-08-27 16:54:26,GB,Legacy Oracle EBS,E,DER-001,Dermacare GlowSerum,Aesthetic,Dermacare,Wholesale,8,27.35,GBP,0.0,218.8,218.8
TXN-GB-3-001293,2026-08-27 20:42:04,2026-08-27 20:43:04,GB,Legacy Oracle EBS,E,SAN-002,SanaPlus ColdFlu,OTC,SanaPlus,D2C,5,8.97,GBP,0.1,44.85,40.37
TXN-GB-3-001294,2026-08-27 17:22:08,2026-08-27 17:24:08,GB,Legacy Oracle EBS,E,PUR-001,PureLife GlucoMonitor,Medical Device,PureLife,E-commerce,5,72.65,GBP,0.15,363.25,308.76
TXN-GB-3-001295,2026-08-27 15:37:01,2026-08-27 15:41:01,GB,Legacy Oracle EBS,E,VIT-002,Vitalis Multivit,Supplement,Vitalis,Wholesale,6,14.53,GBP,0.15,87.18,74.1
TXN-GB-3-001296,2026-08-27 14:50:07,2026-08-27 14:54:07,GB,Legacy Oracle EBS,E,PUR-002,PureLife BP Monitor,Medical Device,PureLife,D2C,8,76.92,GBP,0.15,615.36,523.06
TXN-GB-3-001297,2026-08-27 12:05:15,2026-08-27 12:06:15,GB,Legacy Oracle EBS,E,PUR-001,PureLife GlucoMonitor,Medical Device,PureLife,E-commerce,5,72.65,GBP,0.05,363.25,345.09
TXN-GB-3-001298,2026-08-27 06:48:45,2026-08-27 06:49:45,GB,Legacy Oracle EBS,E,DER-001,Dermacare GlowSerum,Aesthetic,Dermacare,D2C,11,27.35,GBP,0.05,300.85,285.81
TXN-GB-3-001299,2026-08-27 01:11:17,2026-08-27 01:12:17,GB,Legacy Oracle EBS,E,PUR-001,PureLife GlucoMonitor,Medical Device,PureLife,E-commerce,2,72.65,GBP,0.0,145.3,145.3
TXN-GB-3-001300,2026-08-27 19:57:50,2026-08-27 20:03:50,GB,Legacy Oracle EBS,E,VIT-002,Vitalis Multivit,Supplement,Vitalis,E-commerce,8,14.53,GBP,0.0,116.24,116.24
TXN-GB-3-001301,2026-08-27 06:47:25,2026-08-27 06:49:25,GB,Legacy Oracle EBS,E,MED-002,Medora Derm Cream,Prescription,Medora,Wholesale,6,22.22,GBP,0.0,133.32,133.32
TXN-GB-3-001302,2026-08-27 23:24:25,2026-08-27 23:30:25,GB,Legacy Oracle EBS,E,MED-002,Medora Derm Cream,Prescription,Medora,E-commerce,5,22.22,GBP,0.1,111.1,99.99
TXN-GB-3-001303,2026-08-27 06:13:54,2026-08-27 06:17:54,GB,Legacy Oracle EBS,E,DER-001,Dermacare GlowSerum,Aesthetic,Dermacare,Wholesale,11,27.35,GBP,0.05,300.85,285.81
TXN-GB-3-001304,2026-08-27 20:58:22,2026-08-27 21:04:22,GB,Legacy Oracle EBS,E,PUR-002,PureLife BP Monitor,Medical Device,PureLife,D2C,2,76.92,GBP,0.2,153.84,123.07
TXN-GB-3-001305,2026-08-27 17:23:05,2026-08-27 17:24:05,GB,Legacy Oracle EBS,E,DER-002,Dermacare LiftCream,Aesthetic,Dermacare,Pharmacy/B2B,10,31.62,GBP,0.05,316.2,300.39
TXN-GB-3-001306,2026-08-27 07:51:32,2026-08-27 07:56:32,GB,Legacy Oracle EBS,E,DER-002,Dermacare LiftCream,Aesthetic,Dermacare,Wholesale,5,31.62,GBP,0.0,158.1,158.1
TXN-GB-3-001307,2026-08-27 17:48:16,2026-08-27 17:53:16,GB,Legacy Oracle EBS,E,VIT-001,Vitalis C1000,Supplement,Vitalis,E-commerce,7,17.95,GBP,0.05,125.65,119.37
TXN-GB-3-001308,2026-08-27 16:51:34,2026-08-27 16:52:34,GB,Legacy Oracle EBS,E,VIT-002,Vitalis Multivit,Supplement,Vitalis,D2C,1,14.53,GBP,0.1,14.53,13.08
TXN-GB-3-001309,2026-08-27 13:25:00,2026-08-27 13:26:00,GB,Legacy Oracle EBS,E,VIT-001,Vitalis C1000,Supplement,Vitalis,Wholesale,5,17.95,GBP,0.15,89.75,76.29
TXN-GB-3-001310,2026-08-27 02:47:04,2026-08-27 02:52:04,GB,Legacy Oracle EBS,E,DER-002,Dermacare LiftCream,Aesthetic,Dermacare,E-commerce,4,31.62,GBP,0.1,126.48,113.83
TXN-GB-3-001311,2026-08-27 21:42:25,2026-08-27 21:46:25,GB,Legacy Oracle EBS,E,PUR-002,PureLife BP Monitor,Medical Device,PureLife,Wholesale,11,76.92,GBP,0.1,846.12,761.51
TXN-GB-3-001312,2026-08-27 14:52:29,2026-08-27 14:53:29,GB,Legacy Oracle EBS,E,SAN-002,SanaPlus ColdFlu,OTC,SanaPlus,E-commerce,1,8.97,GBP,0.05,8.97,8.52
TXN-GB-3-001313,2026-08-27 11:14:50,2026-08-27 11:16:50,GB,Legacy Oracle EBS,E,VIT-002,Vitalis Multivit,Supplement,Vitalis,E-commerce,2,14.53,GBP,0.1,29.06,26.15
TXN-GB-3-001314,2026-08-27 01:52:47,2026-08-27 01:57:47,GB,Legacy Oracle EBS,E,MED-002,Medora Derm Cream,Prescription,Medora,Pharmacy/B2B,7,22.22,GBP,0.05,155.54,147.76
TXN-GB-3-001315,2026-08-27 19:34:56,2026-08-27 19:35:56,GB,Legacy Oracle EBS,E,PUR-002,PureLife BP Monitor,Medical Device,PureLife,Wholesale,11,76.92,GBP,0.2,846.12,676.9
TXN-GB-3-001316,2026-08-27 11:17:50,2026-08-27 11:23:50,GB,Legacy Oracle EBS,E,PUR-001,PureLife GlucoMonitor,Medical Device,PureLife,Wholesale,1,72.65,GBP,0.15,72.65,61.75
TXN-GB-3-001317,2026-08-27 08:48:47,2026-08-27 08:53:47,GB,Legacy Oracle EBS,E,VIT-002,Vitalis Multivit,Supplement,Vitalis,E-commerce,3,14.53,GBP,0.0,43.59,43.59
TXN-GB-3-001318,2026-08-27 11:00:11,2026-08-27 11:05:11,GB,Legacy Oracle EBS,E,DER-002,Dermacare LiftCream,Aesthetic,Dermacare,E-commerce,8,31.62,GBP,0.1,252.96,227.66
TXN-GB-3-001319,2026-08-27 00:27:58,2026-08-27 00:32:58,GB,Legacy Oracle EBS,E,VIT-002,Vitalis Multivit,Supplement,Vitalis,D2C,11,14.53,GBP,0.2,159.83,127.86
TXN-GB-3-001320,2026-08-27 17:43:16,2026-08-27 17:44:16,GB,Legacy Oracle EBS,E,PUR-001,PureLife GlucoMonitor,Medical Device,PureLife,Pharmacy/B2B,5,72.65,GBP,0.2,363.25,290.6
TXN-GB-3-001321,2026-08-27 06:39:26,2026-08-27 06:44:26,GB,Legacy Oracle EBS,E,PUR-001,PureLife GlucoMonitor,Medical Device,PureLife,Wholesale,1,72.65,GBP,0.0,72.65,72.65
TXN-GB-3-001322,2026-08-27 01:15:07,2026-08-27 01:17:07,GB,Legacy Oracle EBS,E,SAN-001,SanaPlus PainRelief,OTC,SanaPlus,E-commerce,5,8.12,GBP,0.0,40.6,40.6
TXN-GB-3-001323,2026-08-27 08:58:03,2026-08-27 09:04:03,GB,Legacy Oracle EBS,E,VIT-002,Vitalis Multivit,Supplement,Vitalis,Pharmacy/B2B,6,14.53,GBP,0.15,87.18,74.1
TXN-GB-3-001324,2026-08-27 13:58:32,2026-08-27 14:03:32,GB,Legacy Oracle EBS,E,VIT-001,Vitalis C1000,Supplement,Vitalis,Pharmacy/B2B,11,17.95,GBP,0.15,197.45,167.83
TXN-GB-3-001325,2026-08-27 04:30:36,2026-08-27 04:31:36,GB,Legacy Oracle EBS,E,VIT-001,Vitalis C1000,Supplement,Vitalis,E-commerce,2,17.95,GBP,0.0,35.9,35.9
TXN-GB-3-001326,2026-08-27 08:33:13,2026-08-27 08:39:13,GB,Legacy Oracle EBS,E,PUR-001,PureLife GlucoMonitor,Medical Device,PureLife,Pharmacy/B2B,9,72.65,GBP,0.15,653.85,555.77
TXN-GB-3-001327,2026-08-27 14:06:06,2026-08-27 14:11:06,GB,Legacy Oracle EBS,E,MED-002,Medora Derm Cream,Prescription,Medora,E-commerce,7,22.22,GBP,0.0,155.54,155.54
TXN-GB-3-001328,2026-08-27 21:17:40,2026-08-27 21:18:40,GB,Legacy Oracle EBS,E,VIT-002,Vitalis Multivit,Supplement,Vitalis,E-commerce,12,14.53,GBP,0.05,174.36,165.64
TXN-GB-3-001329,2026-08-27 11:05:03,2026-08-27 11:06:03,GB,Legacy Oracle EBS,E,VIT-001,Vitalis C1000,Supplement,Vitalis,E-commerce,1,17.95,GBP,0.1,17.95,16.16
TXN-GB-3-001330,2026-08-27 05:42:21,2026-08-27 05:45:21,GB,Legacy Oracle EBS,E,DER-002,Dermacare LiftCream,Aesthetic,Dermacare,Pharmacy/B2B,1,31.62,GBP,0.0,31.62,31.62
TXN-GB-3-001331,2026-08-27 23:27:53,2026-08-27 23:29:53,GB,Legacy Oracle EBS,E,DER-001,Dermacare GlowSerum,Aesthetic,Dermacare,E-commerce,12,27.35,GBP,0.0,328.2,328.2
TXN-GB-3-001332,2026-08-27 03:12:52,2026-08-27 03:14:52,GB,Legacy Oracle EBS,E,DER-001,Dermacare GlowSerum,Aesthetic,Dermacare,Wholesale,12,27.35,GBP,0.2,328.2,262.56
TXN-GB-3-001333,2026-08-27 11:52:06,2026-08-27 11:58:06,GB,Legacy Oracle EBS,E,VIT-002,Vitalis Multivit,Supplement,Vitalis,Wholesale,3,14.53,GBP,0.0,43.59,43.59
TXN-GB-3-001334,2026-08-27 19:17:44,2026-08-27 19:23:44,GB,Legacy Oracle EBS,E,DER-002,Dermacare LiftCream,Aesthetic,Dermacare,D2C,9,31.62,GBP,0.0,284.58,284.58
TXN-GB-3-001335,2026-08-27 14:25:20,2026-08-27 14:26:20,GB,Legacy Oracle EBS,E,VIT-001,Vitalis C1000,Supplement,Vitalis,Wholesale,5,17.95,GBP,0.1,89.75,80.78
TXN-GB-3-001336,2026-08-27 22:05:55,2026-08-27 22:06:55,GB,Legacy Oracle EBS,E,DER-002,Dermacare LiftCream,Aesthetic,Dermacare,Wholesale,1,31.62,GBP,0.05,31.62,30.04
TXN-GB-3-001337,2026-08-27 15:42:44,2026-08-27 15:44:44,GB,Legacy Oracle EBS,E,SAN-002,SanaPlus ColdFlu,OTC,SanaPlus,D2C,5,8.97,GBP,0.0,44.85,44.85
TXN-GB-3-001338,2026-08-27 00:55:05,2026-08-27 00:56:05,GB,Legacy Oracle EBS,E,MED-002,Medora Derm Cream,Prescription,Medora,Wholesale,11,22.22,GBP,0.0,244.42,244.42
TXN-GB-3-001339,2026-08-27 19:51:50,2026-08-27 19:56:50,GB,Legacy Oracle EBS,E,PUR-002,PureLife BP Monitor,Medical Device,PureLife,E-commerce,2,76.92,GBP,0.0,153.84,153.84
TXN-GB-3-001340,2026-08-27 15:05:35,2026-08-27 15:06:35,GB,Legacy Oracle EBS,E,MED-002,Medora Derm Cream,Prescription,Medora,Pharmacy/B2B,10,22.22,GBP,0.2,222.2,177.76
TXN-GB-3-001341,2026-08-27 18:37:06,2026-08-27 18:39:06,GB,Legacy Oracle EBS,E,PUR-002,PureLife BP Monitor,Medical Device,PureLife,Pharmacy/B2B,4,76.92,GBP,0.0,307.68,307.68
TXN-GB-3-001342,2026-08-27 06:06:29,2026-08-27 06:12:29,GB,Legacy Oracle EBS,E,VIT-002,Vitalis Multivit,Supplement,Vitalis,Pharmacy/B2B,6,14.53,GBP,0.0,87.18,87.18
TXN-GB-3-001343,2026-08-27 01:17:58,2026-08-27 01:21:58,GB,Legacy Oracle EBS,E,MED-002,Medora Derm Cream,Prescription,Medora,Pharmacy/B2B,9,22.22,GBP,0.0,199.98,199.98
TXN-GB-3-001344,2026-08-27 22:51:24,2026-08-27 22:57:24,GB,Legacy Oracle EBS,E,VIT-002,Vitalis Multivit,Supplement,Vitalis,E-commerce,4,14.53,GBP,0.15,58.12,49.4
TXN-GB-3-001345,2026-08-27 04:02:52,2026-08-27 04:08:52,GB,Legacy Oracle EBS,E,VIT-001,Vitalis C1000,Supplement,Vitalis,Pharmacy/B2B,2,17.95,GBP,0.0,35.9,35.9
TXN-GB-3-001346,2026-08-27 19:14:00,2026-08-27 19:18:00,GB,Legacy Oracle EBS,E,VIT-002,Vitalis Multivit,Supplement,Vitalis,D2C,5,14.53,GBP,0.0,72.65,72.65
TXN-GB-3-001347,2026-08-27 13:57:39,2026-08-27 13:59:39,GB,Legacy Oracle EBS,E,SAN-002,SanaPlus ColdFlu,OTC,SanaPlus,Wholesale,11,8.97,GBP,0.0,98.67,98.67
TXN-GB-3-001348,2026-08-27 00:36:31,2026-08-27 00:37:31,GB,Legacy Oracle EBS,E,SAN-002,SanaPlus ColdFlu,OTC,SanaPlus,Pharmacy/B2B,8,8.97,GBP,0.15,71.76,61.0
TXN-GB-3-001349,2026-08-27 04:32:04,2026-08-27 04:35:04,GB,Legacy Oracle EBS,E,VIT-002,Vitalis Multivit,Supplement,Vitalis,D2C,7,14.53,GBP,0.0,101.71,101.71
TXN-GB-3-001350,2026-08-27 18:14:48,2026-08-27 18:16:48,GB,Legacy Oracle EBS,E,SAN-002,SanaPlus ColdFlu,OTC,SanaPlus,Pharmacy/B2B,6,8.97,GBP,0.2,53.82,43.06
TXN-GB-3-001351,2026-08-27 09:58:09,2026-08-27 09:59:09,GB,Legacy Oracle EBS,E,PUR-001,PureLife GlucoMonitor,Medical Device,PureLife,E-commerce,6,72.65,GBP,0.05,435.9,414.1
TXN-GB-3-001352,2026-08-27 07:51:57,2026-08-27 07:52:57,GB,Legacy Oracle EBS,E,MED-002,Medora Derm Cream,Prescription,Medora,D2C,11,22.22,GBP,0.15,244.42,207.76
TXN-GB-3-001353,2026-08-27 12:42:02,2026-08-27 12:43:02,GB,Legacy Oracle EBS,E,DER-001,Dermacare GlowSerum,Aesthetic,Dermacare,D2C,10,27.35,GBP,0.1,273.5,246.15
TXN-GB-3-001354,2026-08-27 17:42:25,2026-08-27 17:46:25,GB,Legacy Oracle EBS,E,DER-002,Dermacare LiftCream,Aesthetic,Dermacare,D2C,7,31.62,GBP,0.1,221.34,199.21
TXN-GB-3-001355,2026-08-27 10:03:21,2026-08-27 10:07:21,GB,Legacy Oracle EBS,E,PUR-002,PureLife BP Monitor,Medical Device,PureLife,Pharmacy/B2B,7,76.92,GBP,0.2,538.44,430.75
TXN-GB-3-001356,2026-08-27 04:46:03,2026-08-27 04:49:03,GB,Legacy Oracle EBS,E,MED-002,Medora Derm Cream,Prescription,Medora,D2C,6,22.22,GBP,0.1,133.32,119.99
TXN-GB-3-001357,2026-08-27 07:54:06,2026-08-27 08:00:06,GB,Legacy Oracle EBS,E,MED-001,Medora Cardio 10mg,Prescription,Medora,Pharmacy/B2B,9,36.75,GBP,0.0,330.75,330.75
TXN-GB-3-001358,2026-08-27 19:27:35,2026-08-27 19:32:35,GB,Legacy Oracle EBS,E,VIT-001,Vitalis C1000,Supplement,Vitalis,D2C,3,17.95,GBP,0.0,53.85,53.85
TXN-GB-3-001359,2026-08-27 02:39:40,2026-08-27 02:45:40,GB,Legacy Oracle EBS,E,MED-001,Medora Cardio 10mg,Prescription,Medora,Wholesale,1,36.75,GBP,0.0,36.75,36.75
TXN-GB-3-001360,2026-08-27 19:43:52,2026-08-27 19:48:52,GB,Legacy Oracle EBS,E,VIT-002,Vitalis Multivit,Supplement,Vitalis,Wholesale,2,14.53,GBP,0.15,29.06,24.7
TXN-GB-3-001361,2026-08-27 21:10:28,2026-08-27 21:13:28,GB,Legacy Oracle EBS,E,DER-001,Dermacare GlowSerum,Aesthetic,Dermacare,E-commerce,4,27.35,GBP,0.15,109.4,92.99
TXN-GB-3-001362,2026-08-27 13:40:44,2026-08-27 13:43:44,GB,Legacy Oracle EBS,E,SAN-002,SanaPlus ColdFlu,OTC,SanaPlus,D2C,10,8.97,GBP,0.2,89.7,71.76
TXN-GB-3-001363,2026-08-27 11:29:17,2026-08-27 11:30:17,GB,Legacy Oracle EBS,E,PUR-002,PureLife BP Monitor,Medical Device,PureLife,E-commerce,5,76.92,GBP,0.0,384.6,384.6
TXN-GB-3-001364,2026-08-27 03:41:22,2026-08-27 03:44:22,GB,Legacy Oracle EBS,E,PUR-001,PureLife GlucoMonitor,Medical Device,PureLife,Pharmacy/B2B,9,72.65,GBP,0.05,653.85,621.16
TXN-GB-3-001365,2026-08-27 09:25:35,2026-08-27 09:28:35,GB,Legacy Oracle EBS,E,MED-002,Medora Derm Cream,Prescription,Medora,Wholesale,3,22.22,GBP,0.0,66.66,66.66
TXN-GB-3-001366,2026-08-27 02:24:14,2026-08-27 02:25:14,GB,Legacy Oracle EBS,E,SAN-001,SanaPlus PainRelief,OTC,SanaPlus,Pharmacy/B2B,3,8.12,GBP,0.0,24.36,24.36
TXN-GB-3-001367,2026-08-27 17:01:34,2026-08-27 17:05:34,GB,Legacy Oracle EBS,E,SAN-001,SanaPlus PainRelief,OTC,SanaPlus,Pharmacy/B2B,5,8.12,GBP,0.2,40.6,32.48
TXN-GB-3-001368,2026-08-27 10:17:17,2026-08-27 10:18:17,GB,Legacy Oracle EBS,E,VIT-001,Vitalis C1000,Supplement,Vitalis,E-commerce,2,17.95,GBP,0.2,35.9,28.72
TXN-GB-3-001369,2026-08-27 03:43:58,2026-08-27 03:49:58,GB,Legacy Oracle EBS,E,MED-001,Medora Cardio 10mg,Prescription,Medora,Pharmacy/B2B,2,36.75,GBP,0.0,73.5,73.5
TXN-GB-3-001370,2026-08-27 21:16:34,2026-08-27 21:18:34,GB,Legacy Oracle EBS,E,MED-002,Medora Derm Cream,Prescription,Medora,D2C,3,22.22,GBP,0.0,66.66,66.66
TXN-GB-3-001371,2026-08-27 00:06:52,2026-08-27 00:07:52,GB,Legacy Oracle EBS,E,PUR-002,PureLife BP Monitor,Medical Device,PureLife,Pharmacy/B2B,12,76.92,GBP,0.1,923.04,830.74
TXN-GB-3-001372,2026-08-27 15:45:50,2026-08-27 15:48:50,GB,Legacy Oracle EBS,E,DER-001,Dermacare GlowSerum,Aesthetic,Dermacare,D2C,5,27.35,GBP,0.2,136.75,109.4
TXN-GB-3-001373,2026-08-27 13:48:11,2026-08-27 13:54:11,GB,Legacy Oracle EBS,E,PUR-001,PureLife GlucoMonitor,Medical Device,PureLife,E-commerce,5,72.65,GBP,0.0,363.25,363.25
TXN-GB-3-001374,2026-08-27 17:11:49,2026-08-27 17:16:49,GB,Legacy Oracle EBS,E,PUR-002,PureLife BP Monitor,Medical Device,PureLife,Wholesale,2,76.92,GBP,0.0,153.84,153.84
TXN-GB-3-001375,2026-08-27 17:27:57,2026-08-27 17:31:57,GB,Legacy Oracle EBS,E,DER-001,Dermacare GlowSerum,Aesthetic,Dermacare,Wholesale,3,27.35,GBP,0.05,82.05,77.95
TXN-GB-3-001376,2026-08-27 02:22:08,2026-08-27 02:28:08,GB,Legacy Oracle EBS,E,MED-001,Medora Cardio 10mg,Prescription,Medora,Wholesale,8,36.75,GBP,0.1,294.0,264.6
TXN-GB-3-001377,2026-08-27 18:20:01,2026-08-27 18:23:01,GB,Legacy Oracle EBS,E,VIT-002,Vitalis Multivit,Supplement,Vitalis,Wholesale,7,14.53,GBP,0.1,101.71,91.54
TXN-GB-3-001378,2026-08-27 06:51:40,2026-08-27 06:55:40,GB,Legacy Oracle EBS,E,MED-002,Medora Derm Cream,Prescription,Medora,Wholesale,9,22.22,GBP,0.1,199.98,179.98
TXN-GB-3-001379,2026-08-27 11:19:30,2026-08-27 11:23:30,GB,Legacy Oracle EBS,E,VIT-001,Vitalis C1000,Supplement,Vitalis,E-commerce,1,17.95,GBP,0.05,17.95,17.05
TXN-GB-3-001380,2026-08-27 23:20:03,2026-08-27 23:24:03,GB,Legacy Oracle EBS,E,PUR-002,PureLife BP Monitor,Medical Device,PureLife,E-commerce,12,76.92,GBP,0.05,923.04,876.89
TXN-GB-3-001381,2026-08-27 16:52:10,2026-08-27 16:55:10,GB,Legacy Oracle EBS,E,SAN-002,SanaPlus ColdFlu,OTC,SanaPlus,D2C,12,8.97,GBP,0.0,107.64,107.64
TXN-GB-3-001382,2026-08-27 00:59:24,2026-08-27 01:04:24,GB,Legacy Oracle EBS,E,PUR-002,PureLife BP Monitor,Medical Device,PureLife,Wholesale,3,76.92,GBP,0.0,230.76,230.76
TXN-GB-3-001383,2026-08-27 15:07:57,2026-08-27 15:13:57,GB,Legacy Oracle EBS,E,SAN-002,SanaPlus ColdFlu,OTC,SanaPlus,Wholesale,9,8.97,GBP,0.0,80.73,80.73
TXN-GB-3-001384,2026-08-27 14:33:21,2026-08-27 14:37:21,GB,Legacy Oracle EBS,E,PUR-001,PureLife GlucoMonitor,Medical Device,PureLife,Wholesale,12,72.65,GBP,0.1,871.8,784.62
TXN-GB-3-001385,2026-08-27 03:43:53,2026-08-27 03:45:53,GB,Legacy Oracle EBS,E,SAN-001,SanaPlus PainRelief,OTC,SanaPlus,Pharmacy/B2B,9,8.12,GBP,0.15,73.08,62.12
TXN-GB-3-001386,2026-08-27 05:44:42,2026-08-27 05:46:42,GB,Legacy Oracle EBS,E,SAN-001,SanaPlus PainRelief,OTC,SanaPlus,Pharmacy/B2B,1,8.12,GBP,0.1,8.12,7.31
TXN-GB-3-001387,2026-08-27 00:38:42,2026-08-27 00:40:42,GB,Legacy Oracle EBS,E,MED-002,Medora Derm Cream,Prescription,Medora,Pharmacy/B2B,4,22.22,GBP,0.05,88.88,84.44
TXN-GB-3-001388,2026-08-27 01:21:23,2026-08-27 01:22:23,GB,Legacy Oracle EBS,E,SAN-002,SanaPlus ColdFlu,OTC,SanaPlus,Wholesale,9,8.97,GBP,0.1,80.73,72.66
TXN-GB-3-001389,2026-08-27 08:32:11,2026-08-27 08:38:11,GB,Legacy Oracle EBS,E,PUR-001,PureLife GlucoMonitor,Medical Device,PureLife,D2C,1,72.65,GBP,0.0,72.65,72.65
TXN-GB-3-001390,2026-08-27 16:03:52,2026-08-27 16:06:52,GB,Legacy Oracle EBS,E,MED-001,Medora Cardio 10mg,Prescription,Medora,D2C,1,36.75,GBP,0.1,36.75,33.08
TXN-GB-3-001391,2026-08-27 17:46:01,2026-08-27 17:48:01,GB,Legacy Oracle EBS,E,MED-001,Medora Cardio 10mg,Prescription,Medora,D2C,8,36.75,GBP,0.2,294.0,235.2
TXN-GB-3-001392,2026-08-27 14:07:18,2026-08-27 14:13:18,GB,Legacy Oracle EBS,E,SAN-002,SanaPlus ColdFlu,OTC,SanaPlus,Pharmacy/B2B,9,8.97,GBP,0.1,80.73,72.66
TXN-GB-3-001393,2026-08-27 20:10:20,2026-08-27 20:12:20,GB,Legacy Oracle EBS,E,SAN-002,SanaPlus ColdFlu,OTC,SanaPlus,Pharmacy/B2B,7,8.97,GBP,0.05,62.79,59.65
TXN-GB-3-001394,2026-08-27 01:40:09,2026-08-27 01:45:09,GB,Legacy Oracle EBS,E,DER-001,Dermacare GlowSerum,Aesthetic,Dermacare,D2C,7,27.35,GBP,0.2,191.45,153.16
TXN-GB-3-001395,2026-08-27 18:10:25,2026-08-27 18:15:25,GB,Legacy Oracle EBS,E,VIT-001,Vitalis C1000,Supplement,Vitalis,Wholesale,9,17.95,GBP,0.0,161.55,161.55
TXN-GB-3-001396,2026-08-27 07:25:38,2026-08-27 07:31:38,GB,Legacy Oracle EBS,E,DER-002,Dermacare LiftCream,Aesthetic,Dermacare,D2C,2,31.62,GBP,0.2,63.24,50.59
TXN-GB-3-001397,2026-08-27 16:10:34,2026-08-27 16:13:34,GB,Legacy Oracle EBS,E,SAN-002,SanaPlus ColdFlu,OTC,SanaPlus,D2C,4,8.97,GBP,0.1,35.88,32.29
TXN-GB-3-001398,2026-08-27 07:25:29,2026-08-27 07:31:29,GB,Legacy Oracle EBS,E,SAN-001,SanaPlus PainRelief,OTC,SanaPlus,D2C,9,8.12,GBP,0.1,73.08,65.77
TXN-GB-3-001399,2026-08-27 03:23:17,2026-08-27 03:26:17,GB,Legacy Oracle EBS,E,VIT-002,Vitalis Multivit,Supplement,Vitalis,E-commerce,8,14.53,GBP,0.0,116.24,116.24
TXN-GB-3-001400,2026-08-27 02:27:29,2026-08-27 02:30:29,GB,Legacy Oracle EBS,E,DER-002,Dermacare LiftCream,Aesthetic,Dermacare,E-commerce,9,31.62,GBP,0.0,284.58,284.58
TXN-GB-3-001401,2026-08-27 06:23:21,2026-08-27 06:25:21,GB,Legacy Oracle EBS,E,DER-001,Dermacare GlowSerum,Aesthetic,Dermacare,D2C,8,27.35,GBP,0.1,218.8,196.92
TXN-GB-3-001402,2026-08-27 16:08:23,2026-08-27 16:11:23,GB,Legacy Oracle EBS,E,PUR-001,PureLife GlucoMonitor,Medical Device,PureLife,Wholesale,7,72.65,GBP,0.0,508.55,508.55
TXN-GB-3-001403,2026-08-27 05:21:03,2026-08-27 05:27:03,GB,Legacy Oracle EBS,E,PUR-002,PureLife BP Monitor,Medical Device,PureLife,D2C,3,76.92,GBP,0.2,230.76,184.61
TXN-GB-3-001404,2026-08-27 10:04:27,2026-08-27 10:08:27,GB,Legacy Oracle EBS,E,SAN-001,SanaPlus PainRelief,OTC,SanaPlus,E-commerce,12,8.12,GBP,0.1,97.44,87.7
TXN-GB-3-001405,2026-08-27 20:28:08,2026-08-27 20:30:08,GB,Legacy Oracle EBS,E,DER-002,Dermacare LiftCream,Aesthetic,Dermacare,Wholesale,4,31.62,GBP,0.0,126.48,126.48
TXN-GB-3-001406,2026-08-27 00:03:59,2026-08-27 00:04:59,GB,Legacy Oracle EBS,E,VIT-001,Vitalis C1000,Supplement,Vitalis,E-commerce,5,17.95,GBP,0.0,89.75,89.75
TXN-GB-3-001407,2026-08-27 13:21:55,2026-08-27 13:24:55,GB,Legacy Oracle EBS,E,VIT-001,Vitalis C1000,Supplement,Vitalis,D2C,10,17.95,GBP,0.0,179.5,179.5
TXN-GB-3-001408,2026-08-27 12:35:07,2026-08-27 12:40:07,GB,Legacy Oracle EBS,E,VIT-001,Vitalis C1000,Supplement,Vitalis,Wholesale,12,17.95,GBP,0.15,215.4,183.09
TXN-GB-3-001409,2026-08-27 21:24:01,2026-08-27 21:27:01,GB,Legacy Oracle EBS,E,DER-001,Dermacare GlowSerum,Aesthetic,Dermacare,D2C,7,27.35,GBP,0.1,191.45,172.31
TXN-GB-3-001410,2026-08-27 09:01:54,2026-08-27 09:03:54,GB,Legacy Oracle EBS,E,PUR-002,PureLife BP Monitor,Medical Device,PureLife,Wholesale,12,76.92,GBP,0.0,923.04,923.04
TXN-GB-3-001411,2026-08-27 07:13:00,2026-08-27 07:14:00,GB,Legacy Oracle EBS,E,MED-002,Medora Derm Cream,Prescription,Medora,Wholesale,10,22.22,GBP,0.0,222.2,222.2
TXN-GB-3-001412,2026-08-27 09:04:46,2026-08-27 09:07:46,GB,Legacy Oracle EBS,E,PUR-001,PureLife GlucoMonitor,Medical Device,PureLife,Pharmacy/B2B,7,72.65,GBP,0.05,508.55,483.12
TXN-GB-3-001413,2026-08-27 12:37:52,2026-08-27 12:42:52,GB,Legacy Oracle EBS,E,PUR-001,PureLife GlucoMonitor,Medical Device,PureLife,Pharmacy/B2B,9,72.65,GBP,0.0,653.85,653.85
TXN-GB-3-001414,2026-08-27 16:37:18,2026-08-27 16:38:18,GB,Legacy Oracle EBS,E,DER-002,Dermacare LiftCream,Aesthetic,Dermacare,Pharmacy/B2B,1,31.62,GBP,0.2,31.62,25.3
TXN-GB-3-001415,2026-08-27 18:48:23,2026-08-27 18:51:23,GB,Legacy Oracle EBS,E,SAN-002,SanaPlus ColdFlu,OTC,SanaPlus,D2C,5,8.97,GBP,0.0,44.85,44.85
TXN-GB-3-001416,2026-08-27 16:53:16,2026-08-27 16:56:16,GB,Legacy Oracle EBS,E,VIT-002,Vitalis Multivit,Supplement,Vitalis,D2C,9,14.53,GBP,0.05,130.77,124.23
TXN-GB-3-001417,2026-08-27 16:44:56,2026-08-27 16:49:56,GB,Legacy Oracle EBS,E,MED-002,Medora Derm Cream,Prescription,Medora,E-commerce,10,22.22,GBP,0.05,222.2,211.09
TXN-GB-3-001418,2026-08-27 09:04:29,2026-08-27 09:10:29,GB,Legacy Oracle EBS,E,SAN-001,SanaPlus PainRelief,OTC,SanaPlus,Pharmacy/B2B,7,8.12,GBP,0.0,56.84,56.84
TXN-GB-3-001419,2026-08-27 16:14:38,2026-08-27 16:20:38,GB,Legacy Oracle EBS,E,DER-001,Dermacare GlowSerum,Aesthetic,Dermacare,E-commerce,3,27.35,GBP,0.05,82.05,77.95
TXN-GB-3-001420,2026-08-27 18:07:57,2026-08-27 18:13:57,GB,Legacy Oracle EBS,E,PUR-002,PureLife BP Monitor,Medical Device,PureLife,Pharmacy/B2B,2,76.92,GBP,0.15,153.84,130.76
TXN-GB-3-001421,2026-08-27 14:26:09,2026-08-27 14:30:09,GB,Legacy Oracle EBS,E,MED-002,Medora Derm Cream,Prescription,Medora,E-commerce,11,22.22,GBP,0.0,244.42,244.42
TXN-GB-3-001422,2026-08-27 03:21:05,2026-08-27 03:25:05,GB,Legacy Oracle EBS,E,SAN-001,SanaPlus PainRelief,OTC,SanaPlus,Pharmacy/B2B,1,8.12,GBP,0.15,8.12,6.9
TXN-GB-3-001423,2026-08-27 23:17:00,2026-08-27 23:20:00,GB,Legacy Oracle EBS,E,VIT-002,Vitalis Multivit,Supplement,Vitalis,E-commerce,10,14.53,GBP,0.0,145.3,145.3
TXN-GB-3-001424,2026-08-27 14:51:49,2026-08-27 14:52:49,GB,Legacy Oracle EBS,E,PUR-001,PureLife GlucoMonitor,Medical Device,PureLife,Wholesale,3,72.65,GBP,0.0,217.95,217.95
TXN-GB-3-001425,2026-08-27 15:10:55,2026-08-27 15:16:55,GB,Legacy Oracle EBS,E,DER-002,Dermacare LiftCream,Aesthetic,Dermacare,Wholesale,1,31.62,GBP,0.1,31.62,28.46
TXN-GB-3-001426,2026-08-27 00:52:56,2026-08-27 00:53:56,GB,Legacy Oracle EBS,E,MED-001,Medora Cardio 10mg,Prescription,Medora,Pharmacy/B2B,7,36.75,GBP,0.2,257.25,205.8
TXN-GB-3-001427,2026-08-27 23:40:04,2026-08-27 23:42:04,GB,Legacy Oracle EBS,E,DER-001,Dermacare GlowSerum,Aesthetic,Dermacare,Pharmacy/B2B,1,27.35,GBP,0.0,27.35,27.35
TXN-GB-3-001428,2026-08-27 06:21:53,2026-08-27 06:24:53,GB,Legacy Oracle EBS,E,PUR-002,PureLife BP Monitor,Medical Device,PureLife,E-commerce,9,76.92,GBP,0.0,692.28,692.28
TXN-GB-3-001429,2026-08-27 13:05:47,2026-08-27 13:06:47,GB,Legacy Oracle EBS,E,PUR-002,PureLife BP Monitor,Medical Device,PureLife,Pharmacy/B2B,4,76.92,GBP,0.1,307.68,276.91
TXN-GB-3-001430,2026-08-27 06:12:11,2026-08-27 06:13:11,GB,Legacy Oracle EBS,E,SAN-002,SanaPlus ColdFlu,OTC,SanaPlus,Wholesale,3,8.97,GBP,0.15,26.91,22.87
TXN-GB-3-001431,2026-08-27 12:12:14,2026-08-27 12:13:14,GB,Legacy Oracle EBS,E,MED-001,Medora Cardio 10mg,Prescription,Medora,Pharmacy/B2B,4,36.75,GBP,0.0,147.0,147.0
TXN-GB-3-001432,2026-08-27 03:27:51,2026-08-27 03:33:51,GB,Legacy Oracle EBS,E,SAN-002,SanaPlus ColdFlu,OTC,SanaPlus,D2C,8,8.97,GBP,0.2,71.76,57.41
TXN-GB-3-001433,2026-08-27 22:50:46,2026-08-27 22:52:46,GB,Legacy Oracle EBS,E,VIT-001,Vitalis C1000,Supplement,Vitalis,Wholesale,10,17.95,GBP,0.2,179.5,143.6
TXN-GB-3-001434,2026-08-27 01:34:51,2026-08-27 01:40:51,GB,Legacy Oracle EBS,E,DER-002,Dermacare LiftCream,Aesthetic,Dermacare,Pharmacy/B2B,8,31.62,GBP,0.0,252.96,252.96
TXN-GB-3-001435,2026-08-27 10:12:52,2026-08-27 10:15:52,GB,Legacy Oracle EBS,E,PUR-001,PureLife GlucoMonitor,Medical Device,PureLife,E-commerce,3,72.65,GBP,0.0,217.95,217.95
TXN-GB-3-001436,2026-08-27 07:47:42,2026-08-27 07:51:42,GB,Legacy Oracle EBS,E,MED-001,Medora Cardio 10mg,Prescription,Medora,E-commerce,10,36.75,GBP,0.0,367.5,367.5
TXN-GB-3-001437,2026-08-27 21:51:09,2026-08-27 21:54:09,GB,Legacy Oracle EBS,E,MED-001,Medora Cardio 10mg,Prescription,Medora,Pharmacy/B2B,11,36.75,GBP,0.05,404.25,384.04
TXN-GB-3-001438,2026-08-27 03:46:09,2026-08-27 03:52:09,GB,Legacy Oracle EBS,E,MED-001,Medora Cardio 10mg,Prescription,Medora,Pharmacy/B2B,6,36.75,GBP,0.1,220.5,198.45
TXN-GB-3-001439,2026-08-27 12:03:26,2026-08-27 12:06:26,GB,Legacy Oracle EBS,E,PUR-002,PureLife BP Monitor,Medical Device,PureLife,Pharmacy/B2B,10,76.92,GBP,0.1,769.2,692.28
TXN-GB-3-001440,2026-08-27 11:52:54,2026-08-27 11:57:54,GB,Legacy Oracle EBS,E,DER-002,Dermacare LiftCream,Aesthetic,Dermacare,Pharmacy/B2B,12,31.62,GBP,0.2,379.44,303.55
TXN-GB-3-001441,2026-08-27 07:48:44,2026-08-27 07:52:44,GB,Legacy Oracle EBS,E,VIT-001,Vitalis C1000,Supplement,Vitalis,Pharmacy/B2B,11,17.95,GBP,0.15,197.45,167.83
TXN-GB-3-001442,2026-08-27 09:56:08,2026-08-27 09:57:08,GB,Legacy Oracle EBS,E,PUR-001,PureLife GlucoMonitor,Medical Device,PureLife,E-commerce,10,72.65,GBP,0.0,726.5,726.5
TXN-GB-3-001443,2026-08-27 21:53:53,2026-08-27 21:56:53,GB,Legacy Oracle EBS,E,DER-001,Dermacare GlowSerum,Aesthetic,Dermacare,Pharmacy/B2B,7,27.35,GBP,0.2,191.45,153.16
TXN-GB-3-001444,2026-08-27 10:15:08,2026-08-27 10:16:08,GB,Legacy Oracle EBS,E,PUR-002,PureLife BP Monitor,Medical Device,PureLife,E-commerce,4,76.92,GBP,0.2,307.68,246.14
TXN-GB-3-001445,2026-08-27 16:17:23,2026-08-27 16:23:23,GB,Legacy Oracle EBS,E,SAN-002,SanaPlus ColdFlu,OTC,SanaPlus,D2C,3,8.97,GBP,0.0,26.91,26.91
TXN-GB-3-001446,2026-08-27 13:08:34,2026-08-27 13:11:34,GB,Legacy Oracle EBS,E,MED-001,Medora Cardio 10mg,Prescription,Medora,E-commerce,8,36.75,GBP,0.05,294.0,279.3
TXN-GB-3-001447,2026-08-27 04:04:08,2026-08-27 04:06:08,GB,Legacy Oracle EBS,E,DER-001,Dermacare GlowSerum,Aesthetic,Dermacare,Wholesale,2,27.35,GBP,0.1,54.7,49.23
TXN-GB-3-001448,2026-08-27 18:24:44,2026-08-27 18:27:44,GB,Legacy Oracle EBS,E,PUR-002,PureLife BP Monitor,Medical Device,PureLife,D2C,2,76.92,GBP,0.0,153.84,153.84
TXN-GB-3-001449,2026-08-27 09:53:40,2026-08-27 09:54:40,GB,Legacy Oracle EBS,E,VIT-002,Vitalis Multivit,Supplement,Vitalis,Pharmacy/B2B,7,14.53,GBP,0.0,101.71,101.71
TXN-GB-3-001450,2026-08-27 07:52:00,2026-08-27 07:56:00,GB,Legacy Oracle EBS,E,PUR-001,PureLife GlucoMonitor,Medical Device,PureLife,E-commerce,11,72.65,GBP,0.1,799.15,719.24
TXN-GB-3-001451,2026-08-27 07:08:54,2026-08-27 07:13:54,GB,Legacy Oracle EBS,E,DER-001,Dermacare GlowSerum,Aesthetic,Dermacare,E-commerce,1,27.35,GBP,0.2,27.35,21.88
TXN-GB-3-001452,2026-08-27 09:17:49,2026-08-27 09:20:49,GB,Legacy Oracle EBS,E,DER-001,Dermacare GlowSerum,Aesthetic,Dermacare,Pharmacy/B2B,6,27.35,GBP,0.0,164.1,164.1
TXN-GB-3-001453,2026-08-27 22:48:58,2026-08-27 22:52:58,GB,Legacy Oracle EBS,E,VIT-002,Vitalis Multivit,Supplement,Vitalis,Wholesale,12,14.53,GBP,0.0,174.36,174.36
TXN-GB-3-001454,2026-08-27 06:05:14,2026-08-27 06:09:14,GB,Legacy Oracle EBS,E,DER-002,Dermacare LiftCream,Aesthetic,Dermacare,Pharmacy/B2B,3,31.62,GBP,0.0,94.86,94.86
TXN-GB-3-001455,2026-08-27 09:05:14,2026-08-27 09:10:14,GB,Legacy Oracle EBS,E,MED-002,Medora Derm Cream,Prescription,Medora,D2C,3,22.22,GBP,0.1,66.66,59.99
TXN-GB-3-001456,2026-08-27 20:41:56,2026-08-27 20:45:56,GB,Legacy Oracle EBS,E,DER-001,Dermacare GlowSerum,Aesthetic,Dermacare,Pharmacy/B2B,9,27.35,GBP,0.0,246.15,246.15
TXN-GB-3-001457,2026-08-27 17:19:54,2026-08-27 17:22:54,GB,Legacy Oracle EBS,E,DER-001,Dermacare GlowSerum,Aesthetic,Dermacare,Pharmacy/B2B,12,27.35,GBP,0.2,328.2,262.56
TXN-GB-3-001458,2026-08-27 06:22:30,2026-08-27 06:26:30,GB,Legacy Oracle EBS,E,SAN-002,SanaPlus ColdFlu,OTC,SanaPlus,Pharmacy/B2B,6,8.97,GBP,0.0,53.82,53.82
TXN-GB-3-001459,2026-08-27 22:58:26,2026-08-27 23:00:26,GB,Legacy Oracle EBS,E,DER-001,Dermacare GlowSerum,Aesthetic,Dermacare,Pharmacy/B2B,10,27.35,GBP,0.0,273.5,273.5
TXN-GB-3-001460,2026-08-27 14:06:37,2026-08-27 14:07:37,GB,Legacy Oracle EBS,E,VIT-001,Vitalis C1000,Supplement,Vitalis,E-commerce,1,17.95,GBP,0.2,17.95,14.36
TXN-GB-3-001461,2026-08-27 02:48:10,2026-08-27 02:52:10,GB,Legacy Oracle EBS,E,DER-001,Dermacare GlowSerum,Aesthetic,Dermacare,D2C,1,27.35,GBP,0.0,27.35,27.35
TXN-GB-3-001462,2026-08-27 06:26:06,2026-08-27 06:31:06,GB,Legacy Oracle EBS,E,MED-001,Medora Cardio 10mg,Prescription,Medora,Wholesale,11,36.75,GBP,0.15,404.25,343.61
TXN-GB-3-001463,2026-08-27 16:38:17,2026-08-27 16:40:17,GB,Legacy Oracle EBS,E,MED-002,Medora Derm Cream,Prescription,Medora,E-commerce,2,22.22,GBP,0.0,44.44,44.44
TXN-GB-3-001464,2026-08-27 04:38:26,2026-08-27 04:42:26,GB,Legacy Oracle EBS,E,DER-001,Dermacare GlowSerum,Aesthetic,Dermacare,D2C,3,27.35,GBP,0.0,82.05,82.05
TXN-GB-3-001465,2026-08-27 02:50:59,2026-08-27 02:52:59,GB,Legacy Oracle EBS,E,SAN-001,SanaPlus PainRelief,OTC,SanaPlus,E-commerce,7,8.12,GBP,0.05,56.84,54.0
TXN-GB-3-001466,2026-08-27 08:56:15,2026-08-27 09:01:15,GB,Legacy Oracle EBS,E,MED-001,Medora Cardio 10mg,Prescription,Medora,D2C,2,36.75,GBP,0.0,73.5,73.5
TXN-GB-3-001467,2026-08-27 23:30:57,2026-08-27 23:31:57,GB,Legacy Oracle EBS,E,VIT-001,Vitalis C1000,Supplement,Vitalis,E-commerce,12,17.95,GBP,0.0,215.4,215.4
TXN-GB-3-001468,2026-08-27 14:23:02,2026-08-27 14:24:02,GB,Legacy Oracle EBS,E,DER-002,Dermacare LiftCream,Aesthetic,Dermacare,D2C,12,31.62,GBP,0.05,379.44,360.47
TXN-GB-3-001469,2026-08-27 22:17:18,2026-08-27 22:23:18,GB,Legacy Oracle EBS,E,DER-001,Dermacare GlowSerum,Aesthetic,Dermacare,Wholesale,2,27.35,GBP,0.2,54.7,43.76
TXN-GB-3-001470,2026-08-27 15:16:29,2026-08-27 15:17:29,GB,Legacy Oracle EBS,E,VIT-002,Vitalis Multivit,Supplement,Vitalis,D2C,7,14.53,GBP,0.1,101.71,91.54
TXN-GB-3-001471,2026-08-27 15:06:28,2026-08-27 15:10:28,GB,Legacy Oracle EBS,E,MED-002,Medora Derm Cream,Prescription,Medora,D2C,5,22.22,GBP,0.05,111.1,105.54
TXN-GB-3-001472,2026-08-27 04:42:36,2026-08-27 04:44:36,GB,Legacy Oracle EBS,E,PUR-001,PureLife GlucoMonitor,Medical Device,PureLife,D2C,12,72.65,GBP,0.2,871.8,697.44
TXN-GB-3-001473,2026-08-27 04:24:55,2026-08-27 04:27:55,GB,Legacy Oracle EBS,E,MED-002,Medora Derm Cream,Prescription,Medora,E-commerce,10,22.22,GBP,0.15,222.2,188.87
TXN-GB-3-001474,2026-08-27 05:40:59,2026-08-27 05:44:59,GB,Legacy Oracle EBS,E,SAN-002,SanaPlus ColdFlu,OTC,SanaPlus,Wholesale,6,8.97,GBP,0.05,53.82,51.13
TXN-GB-3-001475,2026-08-27 03:39:59,2026-08-27 03:40:59,GB,Legacy Oracle EBS,E,PUR-002,PureLife BP Monitor,Medical Device,PureLife,D2C,9,76.92,GBP,0.05,692.28,657.67
TXN-GB-3-001476,2026-08-27 21:35:00,2026-08-27 21:36:00,GB,Legacy Oracle EBS,E,MED-002,Medora Derm Cream,Prescription,Medora,E-commerce,4,22.22,GBP,0.15,88.88,75.55
TXN-GB-3-001477,2026-08-27 12:43:12,2026-08-27 12:49:12,GB,Legacy Oracle EBS,E,MED-001,Medora Cardio 10mg,Prescription,Medora,Wholesale,8,36.75,GBP,0.1,294.0,264.6
TXN-GB-3-001478,2026-08-27 14:27:48,2026-08-27 14:30:48,GB,Legacy Oracle EBS,E,VIT-001,Vitalis C1000,Supplement,Vitalis,E-commerce,6,17.95,GBP,0.1,107.7,96.93
TXN-GB-3-001479,2026-08-27 02:34:11,2026-08-27 02:36:11,GB,Legacy Oracle EBS,E,SAN-002,SanaPlus ColdFlu,OTC,SanaPlus,Wholesale,8,8.97,GBP,0.1,71.76,64.58
TXN-GB-3-001480,2026-08-27 17:12:56,2026-08-27 17:16:56,GB,Legacy Oracle EBS,E,MED-002,Medora Derm Cream,Prescription,Medora,D2C,3,22.22,GBP,0.05,66.66,63.33
TXN-GB-3-001481,2026-08-27 21:51:26,2026-08-27 21:55:26,GB,Legacy Oracle EBS,E,VIT-002,Vitalis Multivit,Supplement,Vitalis,Pharmacy/B2B,8,14.53,GBP,0.0,116.24,116.24
TXN-GB-3-001482,2026-08-27 11:37:08,2026-08-27 11:41:08,GB,Legacy Oracle EBS,E,SAN-001,SanaPlus PainRelief,OTC,SanaPlus,E-commerce,7,8.12,GBP,0.1,56.84,51.16
TXN-GB-3-001483,2026-08-27 14:09:50,2026-08-27 14:14:50,GB,Legacy Oracle EBS,E,VIT-002,Vitalis Multivit,Supplement,Vitalis,D2C,5,14.53,GBP,0.0,72.65,72.65
TXN-GB-3-001484,2026-08-27 23:55:35,2026-08-27 23:57:35,GB,Legacy Oracle EBS,E,DER-001,Dermacare GlowSerum,Aesthetic,Dermacare,Pharmacy/B2B,1,27.35,GBP,0.0,27.35,27.35
TXN-GB-3-001485,2026-08-27 02:58:09,2026-08-27 03:00:09,GB,Legacy Oracle EBS,E,PUR-001,PureLife GlucoMonitor,Medical Device,PureLife,Pharmacy/B2B,1,72.65,GBP,0.0,72.65,72.65
TXN-GB-3-001486,2026-08-27 12:11:41,2026-08-27 12:17:41,GB,Legacy Oracle EBS,E,SAN-002,SanaPlus ColdFlu,OTC,SanaPlus,Pharmacy/B2B,7,8.97,GBP,0.2,62.79,50.23
TXN-GB-3-001487,2026-08-27 08:36:03,2026-08-27 08:39:03,GB,Legacy Oracle EBS,E,MED-002,Medora Derm Cream,Prescription,Medora,D2C,6,22.22,GBP,0.0,133.32,133.32
TXN-GB-3-001488,2026-08-27 04:21:12,2026-08-27 04:23:12,GB,Legacy Oracle EBS,E,VIT-002,Vitalis Multivit,Supplement,Vitalis,D2C,3,14.53,GBP,0.2,43.59,34.87
TXN-GB-3-001489,2026-08-27 06:38:23,2026-08-27 06:43:23,GB,Legacy Oracle EBS,E,DER-001,Dermacare GlowSerum,Aesthetic,Dermacare,D2C,3,27.35,GBP,0.1,82.05,73.84
TXN-GB-3-001490,2026-08-27 21:46:04,2026-08-27 21:48:04,GB,Legacy Oracle EBS,E,MED-002,Medora Derm Cream,Prescription,Medora,Wholesale,6,22.22,GBP,0.0,133.32,133.32
TXN-GB-3-001491,2026-08-27 15:35:35,2026-08-27 15:36:35,GB,Legacy Oracle EBS,E,SAN-002,SanaPlus ColdFlu,OTC,SanaPlus,Pharmacy/B2B,8,8.97,GBP,0.2,71.76,57.41
TXN-GB-3-001492,2026-08-27 09:29:01,2026-08-27 09:30:01,GB,Legacy Oracle EBS,E,SAN-002,SanaPlus ColdFlu,OTC,SanaPlus,Pharmacy/B2B,8,8.97,GBP,0.0,71.76,71.76
TXN-GB-3-001493,2026-08-27 08:10:41,2026-08-27 08:15:41,GB,Legacy Oracle EBS,E,PUR-002,PureLife BP Monitor,Medical Device,PureLife,D2C,5,76.92,GBP,0.0,384.6,384.6
TXN-GB-3-001494,2026-08-27 19:49:50,2026-08-27 19:53:50,GB,Legacy Oracle EBS,E,SAN-002,SanaPlus ColdFlu,OTC,SanaPlus,E-commerce,10,8.97,GBP,0.15,89.7,76.25
TXN-GB-3-001495,2026-08-27 08:58:11,2026-08-27 09:04:11,GB,Legacy Oracle EBS,E,MED-001,Medora Cardio 10mg,Prescription,Medora,D2C,12,36.75,GBP,0.0,441.0,441.0
TXN-GB-3-001496,2026-08-27 23:27:16,2026-08-27 23:28:16,GB,Legacy Oracle EBS,E,DER-002,Dermacare LiftCream,Aesthetic,Dermacare,Pharmacy/B2B,1,31.62,GBP,0.0,31.62,31.62
TXN-GB-3-001497,2026-08-27 04:25:04,2026-08-27 04:28:04,GB,Legacy Oracle EBS,E,VIT-001,Vitalis C1000,Supplement,Vitalis,Pharmacy/B2B,1,17.95,GBP,0.05,17.95,17.05
TXN-GB-3-001498,2026-08-27 12:37:41,2026-08-27 12:39:41,GB,Legacy Oracle EBS,E,PUR-002,PureLife BP Monitor,Medical Device,PureLife,Pharmacy/B2B,4,76.92,GBP,0.1,307.68,276.91
TXN-GB-3-001499,2026-08-27 02:49:41,2026-08-27 02:52:41,GB,Legacy Oracle EBS,E,PUR-002,PureLife BP Monitor,Medical Device,PureLife,D2C,10,76.92,GBP,0.05,769.2,730.74
TXN-GB-3-001500,2026-08-27 01:56:31,2026-08-27 02:02:31,GB,Legacy Oracle EBS,E,VIT-002,Vitalis Multivit,Supplement,Vitalis,D2C,5,14.53,GBP,0.0,72.65,72.65
TXN-GB-3-001501,2026-08-27 17:50:33,2026-08-27 17:56:33,GB,Legacy Oracle EBS,E,MED-001,Medora Cardio 10mg,Prescription,Medora,D2C,6,36.75,GBP,0.1,220.5,198.45
TXN-GB-3-001502,2026-08-27 22:28:48,2026-08-27 22:34:48,GB,Legacy Oracle EBS,E,VIT-002,Vitalis Multivit,Supplement,Vitalis,D2C,2,14.53,GBP,0.05,29.06,27.61
TXN-GB-3-001503,2026-08-27 16:49:16,2026-08-27 16:52:16,GB,Legacy Oracle EBS,E,MED-001,Medora Cardio 10mg,Prescription,Medora,Pharmacy/B2B,5,36.75,GBP,0.0,183.75,183.75
TXN-GB-3-001504,2026-08-27 14:52:18,2026-08-27 14:53:18,GB,Legacy Oracle EBS,E,DER-001,Dermacare GlowSerum,Aesthetic,Dermacare,Wholesale,5,27.35,GBP,0.1,136.75,123.08
TXN-GB-3-001505,2026-08-27 16:45:38,2026-08-27 16:47:38,GB,Legacy Oracle EBS,E,SAN-001,SanaPlus PainRelief,OTC,SanaPlus,E-commerce,3,8.12,GBP,0.15,24.36,20.71
TXN-GB-3-001506,2026-08-27 10:48:02,2026-08-27 10:53:02,GB,Legacy Oracle EBS,E,VIT-001,Vitalis C1000,Supplement,Vitalis,E-commerce,9,17.95,GBP,0.1,161.55,145.4
TXN-GB-3-001507,2026-08-27 23:53:56,2026-08-27 23:59:56,GB,Legacy Oracle EBS,E,PUR-002,PureLife BP Monitor,Medical Device,PureLife,E-commerce,6,76.92,GBP,0.0,461.52,461.52
TXN-GB-3-001508,2026-08-27 00:42:01,2026-08-27 00:48:01,GB,Legacy Oracle EBS,E,MED-001,Medora Cardio 10mg,Prescription,Medora,Pharmacy/B2B,5,36.75,GBP,0.05,183.75,174.56
TXN-GB-3-001509,2026-08-27 07:46:40,2026-08-27 07:50:40,GB,Legacy Oracle EBS,E,DER-002,Dermacare LiftCream,Aesthetic,Dermacare,Pharmacy/B2B,11,31.62,GBP,0.0,347.82,347.82
TXN-GB-3-001510,2026-08-27 12:18:52,2026-08-27 12:24:52,GB,Legacy Oracle EBS,E,DER-002,Dermacare LiftCream,Aesthetic,Dermacare,Wholesale,4,31.62,GBP,0.0,126.48,126.48
TXN-GB-3-001511,2026-08-27 01:49:39,2026-08-27 01:53:39,GB,Legacy Oracle EBS,E,DER-002,Dermacare LiftCream,Aesthetic,Dermacare,Wholesale,2,31.62,GBP,0.0,63.24,63.24
TXN-GB-3-001512,2026-08-27 00:44:19,2026-08-27 00:47:19,GB,Legacy Oracle EBS,E,MED-002,Medora Derm Cream,Prescription,Medora,Wholesale,12,22.22,GBP,0.0,266.64,266.64
TXN-GB-3-001513,2026-08-27 14:25:22,2026-08-27 14:30:22,GB,Legacy Oracle EBS,E,VIT-001,Vitalis C1000,Supplement,Vitalis,E-commerce,3,17.95,GBP,0.15,53.85,45.77
TXN-GB-3-001514,2026-08-27 11:36:34,2026-08-27 11:39:34,GB,Legacy Oracle EBS,E,VIT-002,Vitalis Multivit,Supplement,Vitalis,E-commerce,2,14.53,GBP,0.15,29.06,24.7
TXN-GB-3-001515,2026-08-27 12:47:27,2026-08-27 12:48:27,GB,Legacy Oracle EBS,E,MED-001,Medora Cardio 10mg,Prescription,Medora,Wholesale,11,36.75,GBP,0.05,404.25,384.04
TXN-GB-3-001516,2026-08-27 13:56:30,2026-08-27 13:58:30,GB,Legacy Oracle EBS,E,MED-002,Medora Derm Cream,Prescription,Medora,E-commerce,1,22.22,GBP,0.0,22.22,22.22
TXN-GB-3-001517,2026-08-27 06:38:57,2026-08-27 06:42:57,GB,Legacy Oracle EBS,E,VIT-001,Vitalis C1000,Supplement,Vitalis,D2C,8,17.95,GBP,0.0,143.6,143.6
TXN-GB-3-001518,2026-08-27 16:17:52,2026-08-27 16:20:52,GB,Legacy Oracle EBS,E,DER-001,Dermacare GlowSerum,Aesthetic,Dermacare,D2C,7,27.35,GBP,0.1,191.45,172.31
TXN-GB-3-001519,2026-08-27 14:40:40,2026-08-27 14:42:40,GB,Legacy Oracle EBS,E,SAN-002,SanaPlus ColdFlu,OTC,SanaPlus,Pharmacy/B2B,12,8.97,GBP,0.0,107.64,107.64
TXN-GB-3-001520,2026-08-27 02:17:52,2026-08-27 02:22:52,GB,Legacy Oracle EBS,E,MED-001,Medora Cardio 10mg,Prescription,Medora,E-commerce,5,36.75,GBP,0.0,183.75,183.75
TXN-GB-3-001521,2026-08-27 11:26:40,2026-08-27 11:32:40,GB,Legacy Oracle EBS,E,MED-002,Medora Derm Cream,Prescription,Medora,Wholesale,3,22.22,GBP,0.15,66.66,56.66
TXN-GB-3-001522,2026-08-27 10:22:29,2026-08-27 10:24:29,GB,Legacy Oracle EBS,E,VIT-001,Vitalis C1000,Supplement,Vitalis,Wholesale,2,17.95,GBP,0.1,35.9,32.31
TXN-GB-3-001523,2026-08-27 13:29:58,2026-08-27 13:34:58,GB,Legacy Oracle EBS,E,VIT-002,Vitalis Multivit,Supplement,Vitalis,E-commerce,9,14.53,GBP,0.0,130.77,130.77
TXN-GB-3-001524,2026-08-27 20:50:55,2026-08-27 20:51:55,GB,Legacy Oracle EBS,E,SAN-001,SanaPlus PainRelief,OTC,SanaPlus,Wholesale,7,8.12,GBP,0.15,56.84,48.31
TXN-GB-3-001525,2026-08-27 01:54:18,2026-08-27 01:56:18,GB,Legacy Oracle EBS,E,PUR-001,PureLife GlucoMonitor,Medical Device,PureLife,Wholesale,10,72.65,GBP,0.0,726.5,726.5
TXN-GB-3-001526,2026-08-27 05:18:47,2026-08-27 05:20:47,GB,Legacy Oracle EBS,E,MED-002,Medora Derm Cream,Prescription,Medora,D2C,10,22.22,GBP,0.1,222.2,199.98
TXN-GB-3-001527,2026-08-27 13:24:37,2026-08-27 13:25:37,GB,Legacy Oracle EBS,E,DER-002,Dermacare LiftCream,Aesthetic,Dermacare,Wholesale,6,31.62,GBP,0.15,189.72,161.26
TXN-GB-3-001528,2026-08-27 14:06:16,2026-08-27 14:09:16,GB,Legacy Oracle EBS,E,DER-002,Dermacare LiftCream,Aesthetic,Dermacare,Pharmacy/B2B,3,31.62,GBP,0.0,94.86,94.86
TXN-GB-3-001529,2026-08-27 03:02:17,2026-08-27 03:06:17,GB,Legacy Oracle EBS,E,VIT-001,Vitalis C1000,Supplement,Vitalis,E-commerce,11,17.95,GBP,0.0,197.45,197.45
TXN-GB-3-001530,2026-08-27 22:39:19,2026-08-27 22:44:19,GB,Legacy Oracle EBS,E,VIT-002,Vitalis Multivit,Supplement,Vitalis,Pharmacy/B2B,12,14.53,GBP,0.0,174.36,174.36
TXN-GB-3-001531,2026-08-27 08:56:13,2026-08-27 08:59:13,GB,Legacy Oracle EBS,E,PUR-001,PureLife GlucoMonitor,Medical Device,PureLife,D2C,3,72.65,GBP,0.2,217.95,174.36
TXN-GB-3-001532,2026-08-27 01:46:03,2026-08-27 01:51:03,GB,Legacy Oracle EBS,E,MED-002,Medora Derm Cream,Prescription,Medora,Pharmacy/B2B,10,22.22,GBP,0.05,222.2,211.09
TXN-GB-3-001533,2026-08-27 22:21:32,2026-08-27 22:25:32,GB,Legacy Oracle EBS,E,SAN-002,SanaPlus ColdFlu,OTC,SanaPlus,Pharmacy/B2B,8,8.97,GBP,0.2,71.76,57.41
TXN-GB-3-001534,2026-08-27 11:36:49,2026-08-27 11:41:49,GB,Legacy Oracle EBS,E,MED-001,Medora Cardio 10mg,Prescription,Medora,D2C,10,36.75,GBP,0.15,367.5,312.38
TXN-GB-3-001535,2026-08-27 21:38:13,2026-08-27 21:42:13,GB,Legacy Oracle EBS,E,VIT-002,Vitalis Multivit,Supplement,Vitalis,D2C,9,14.53,GBP,0.1,130.77,117.69
TXN-GB-3-001536,2026-08-27 05:03:56,2026-08-27 05:09:56,GB,Legacy Oracle EBS,E,SAN-001,SanaPlus PainRelief,OTC,SanaPlus,D2C,11,8.12,GBP,0.0,89.32,89.32
TXN-GB-3-001537,2026-08-27 15:49:46,2026-08-27 15:53:46,GB,Legacy Oracle EBS,E,VIT-001,Vitalis C1000,Supplement,Vitalis,Pharmacy/B2B,4,17.95,GBP,0.15,71.8,61.03
TXN-GB-3-001538,2026-08-27 22:32:12,2026-08-27 22:35:12,GB,Legacy Oracle EBS,E,MED-001,Medora Cardio 10mg,Prescription,Medora,D2C,4,36.75,GBP,0.0,147.0,147.0
TXN-GB-3-001539,2026-08-27 16:50:36,2026-08-27 16:52:36,GB,Legacy Oracle EBS,E,VIT-001,Vitalis C1000,Supplement,Vitalis,D2C,8,17.95,GBP,0.2,143.6,114.88
TXN-GB-3-001540,2026-08-27 10:27:41,2026-08-27 10:29:41,GB,Legacy Oracle EBS,E,VIT-002,Vitalis Multivit,Supplement,Vitalis,Wholesale,8,14.53,GBP,0.0,116.24,116.24
TXN-GB-3-001541,2026-08-27 18:26:37,2026-08-27 18:32:37,GB,Legacy Oracle EBS,E,MED-001,Medora Cardio 10mg,Prescription,Medora,D2C,6,36.75,GBP,0.0,220.5,220.5
TXN-GB-3-001542,2026-08-27 01:17:17,2026-08-27 01:23:17,GB,Legacy Oracle EBS,E,SAN-001,SanaPlus PainRelief,OTC,SanaPlus,Pharmacy/B2B,10,8.12,GBP,0.2,81.2,64.96
TXN-GB-3-001543,2026-08-27 16:33:41,2026-08-27 16:38:41,GB,Legacy Oracle EBS,E,DER-002,Dermacare LiftCream,Aesthetic,Dermacare,D2C,8,31.62,GBP,0.05,252.96,240.31
TXN-GB-3-001544,2026-08-27 00:28:57,2026-08-27 00:29:57,GB,Legacy Oracle EBS,E,MED-002,Medora Derm Cream,Prescription,Medora,Pharmacy/B2B,9,22.22,GBP,0.0,199.98,199.98
TXN-GB-3-001545,2026-08-27 05:27:59,2026-08-27 05:32:59,GB,Legacy Oracle EBS,E,MED-002,Medora Derm Cream,Prescription,Medora,D2C,7,22.22,GBP,0.15,155.54,132.21
TXN-GB-3-001546,2026-08-27 11:30:13,2026-08-27 11:35:13,GB,Legacy Oracle EBS,E,SAN-001,SanaPlus PainRelief,OTC,SanaPlus,Pharmacy/B2B,3,8.12,GBP,0.15,24.36,20.71
TXN-GB-3-001547,2026-08-27 02:23:58,2026-08-27 02:29:58,GB,Legacy Oracle EBS,E,DER-001,Dermacare GlowSerum,Aesthetic,Dermacare,Pharmacy/B2B,5,27.35,GBP,0.15,136.75,116.24
TXN-GB-3-001548,2026-08-27 08:35:43,2026-08-27 08:41:43,GB,Legacy Oracle EBS,E,DER-002,Dermacare LiftCream,Aesthetic,Dermacare,Pharmacy/B2B,10,31.62,GBP,0.0,316.2,316.2
TXN-GB-3-001549,2026-08-27 06:37:07,2026-08-27 06:40:07,GB,Legacy Oracle EBS,E,DER-001,Dermacare GlowSerum,Aesthetic,Dermacare,D2C,3,27.35,GBP,0.2,82.05,65.64
TXN-GB-3-001550,2026-08-27 11:26:24,2026-08-27 11:31:24,GB,Legacy Oracle EBS,E,DER-001,Dermacare GlowSerum,Aesthetic,Dermacare,E-commerce,11,27.35,GBP,0.0,300.85,300.85
TXN-GB-3-001551,2026-08-27 17:59:19,2026-08-27 18:03:19,GB,Legacy Oracle EBS,E,MED-002,Medora Derm Cream,Prescription,Medora,Wholesale,8,22.22,GBP,0.0,177.76,177.76
TXN-GB-3-001552,2026-08-27 03:15:00,2026-08-27 03:21:00,GB,Legacy Oracle EBS,E,SAN-001,SanaPlus PainRelief,OTC,SanaPlus,E-commerce,2,8.12,GBP,0.0,16.24,16.24
TXN-GB-3-001553,2026-08-27 16:45:21,2026-08-27 16:50:21,GB,Legacy Oracle EBS,E,MED-002,Medora Derm Cream,Prescription,Medora,D2C,12,22.22,GBP,0.0,266.64,266.64
TXN-GB-3-001554,2026-08-27 15:10:01,2026-08-27 15:11:01,GB,Legacy Oracle EBS,E,DER-001,Dermacare GlowSerum,Aesthetic,Dermacare,D2C,5,27.35,GBP,0.1,136.75,123.08
TXN-GB-3-001555,2026-08-27 01:14:53,2026-08-27 01:15:53,GB,Legacy Oracle EBS,E,VIT-002,Vitalis Multivit,Supplement,Vitalis,Pharmacy/B2B,1,14.53,GBP,0.05,14.53,13.8
TXN-GB-3-001556,2026-08-27 22:43:12,2026-08-27 22:46:12,GB,Legacy Oracle EBS,E,SAN-001,SanaPlus PainRelief,OTC,SanaPlus,Wholesale,8,8.12,GBP,0.1,64.96,58.46
TXN-GB-3-001557,2026-08-27 13:15:03,2026-08-27 13:21:03,GB,Legacy Oracle EBS,E,PUR-002,PureLife BP Monitor,Medical Device,PureLife,Wholesale,2,76.92,GBP,0.0,153.84,153.84
TXN-GB-3-001558,2026-08-27 17:54:44,2026-08-27 18:00:44,GB,Legacy Oracle EBS,E,DER-002,Dermacare LiftCream,Aesthetic,Dermacare,Pharmacy/B2B,11,31.62,GBP,0.0,347.82,347.82
TXN-GB-3-001559,2026-08-27 15:45:25,2026-08-27 15:51:25,GB,Legacy Oracle EBS,E,PUR-002,PureLife BP Monitor,Medical Device,PureLife,Pharmacy/B2B,3,76.92,GBP,0.0,230.76,230.76
TXN-GB-3-001560,2026-08-27 09:01:40,2026-08-27 09:02:40,GB,Legacy Oracle EBS,E,SAN-002,SanaPlus ColdFlu,OTC,SanaPlus,E-commerce,2,8.97,GBP,0.05,17.94,17.04
TXN-GB-3-001561,2026-08-27 20:29:08,2026-08-27 20:32:08,GB,Legacy Oracle EBS,E,PUR-001,PureLife GlucoMonitor,Medical Device,PureLife,E-commerce,12,72.65,GBP,0.0,871.8,871.8
TXN-GB-3-001562,2026-08-27 05:04:32,2026-08-27 05:05:32,GB,Legacy Oracle EBS,E,DER-002,Dermacare LiftCream,Aesthetic,Dermacare,Wholesale,8,31.62,GBP,0.15,252.96,215.02
TXN-GB-3-001563,2026-08-27 10:26:08,2026-08-27 10:31:08,GB,Legacy Oracle EBS,E,VIT-001,Vitalis C1000,Supplement,Vitalis,Pharmacy/B2B,11,17.95,GBP,0.0,197.45,197.45
TXN-GB-3-001564,2026-08-27 13:38:00,2026-08-27 13:42:00,GB,Legacy Oracle EBS,E,MED-001,Medora Cardio 10mg,Prescription,Medora,E-commerce,7,36.75,GBP,0.2,257.25,205.8
TXN-GB-3-001565,2026-08-27 12:53:58,2026-08-27 12:58:58,GB,Legacy Oracle EBS,E,MED-001,Medora Cardio 10mg,Prescription,Medora,Pharmacy/B2B,8,36.75,GBP,0.0,294.0,294.0
TXN-GB-3-001566,2026-08-27 20:09:42,2026-08-27 20:13:42,GB,Legacy Oracle EBS,E,VIT-002,Vitalis Multivit,Supplement,Vitalis,Wholesale,9,14.53,GBP,0.0,130.77,130.77
TXN-GB-3-001567,2026-08-27 06:51:27,2026-08-27 06:56:27,GB,Legacy Oracle EBS,E,PUR-001,PureLife GlucoMonitor,Medical Device,PureLife,Pharmacy/B2B,7,72.65,GBP,0.05,508.55,483.12
TXN-GB-3-001568,2026-08-27 20:51:02,2026-08-27 20:53:02,GB,Legacy Oracle EBS,E,SAN-001,SanaPlus PainRelief,OTC,SanaPlus,Pharmacy/B2B,10,8.12,GBP,0.05,81.2,77.14
TXN-GB-3-001569,2026-08-27 14:56:52,2026-08-27 15:01:52,GB,Legacy Oracle EBS,E,SAN-001,SanaPlus PainRelief,OTC,SanaPlus,E-commerce,10,8.12,GBP,0.0,81.2,81.2
TXN-GB-3-001570,2026-08-27 08:42:49,2026-08-27 08:47:49,GB,Legacy Oracle EBS,E,MED-002,Medora Derm Cream,Prescription,Medora,E-commerce,3,22.22,GBP,0.0,66.66,66.66
TXN-GB-3-001571,2026-08-27 11:58:12,2026-08-27 12:02:12,GB,Legacy Oracle EBS,E,VIT-002,Vitalis Multivit,Supplement,Vitalis,Pharmacy/B2B,10,14.53,GBP,0.05,145.3,138.03
TXN-GB-3-001572,2026-08-27 13:00:56,2026-08-27 13:06:56,GB,Legacy Oracle EBS,E,SAN-002,SanaPlus ColdFlu,OTC,SanaPlus,Wholesale,10,8.97,GBP,0.0,89.7,89.7
TXN-GB-3-001573,2026-08-27 14:18:03,2026-08-27 14:20:03,GB,Legacy Oracle EBS,E,PUR-001,PureLife GlucoMonitor,Medical Device,PureLife,Pharmacy/B2B,12,72.65,GBP,0.05,871.8,828.21
TXN-GB-3-001574,2026-08-27 02:43:36,2026-08-27 02:47:36,GB,Legacy Oracle EBS,E,VIT-002,Vitalis Multivit,Supplement,Vitalis,E-commerce,10,14.53,GBP,0.0,145.3,145.3
TXN-GB-3-001575,2026-08-27 04:15:35,2026-08-27 04:20:35,GB,Legacy Oracle EBS,E,PUR-001,PureLife GlucoMonitor,Medical Device,PureLife,E-commerce,4,72.65,GBP,0.0,290.6,290.6
TXN-GB-3-001576,2026-08-27 11:02:36,2026-08-27 11:08:36,GB,Legacy Oracle EBS,E,PUR-001,PureLife GlucoMonitor,Medical Device,PureLife,E-commerce,4,72.65,GBP,0.05,290.6,276.07
TXN-GB-3-001577,2026-08-27 20:07:21,2026-08-27 20:12:21,GB,Legacy Oracle EBS,E,VIT-002,Vitalis Multivit,Supplement,Vitalis,Pharmacy/B2B,3,14.53,GBP,0.1,43.59,39.23
TXN-GB-3-001578,2026-08-27 18:23:31,2026-08-27 18:25:31,GB,Legacy Oracle EBS,E,PUR-002,PureLife BP Monitor,Medical Device,PureLife,E-commerce,11,76.92,GBP,0.0,846.12,846.12
TXN-GB-3-001579,2026-08-27 00:26:55,2026-08-27 00:29:55,GB,Legacy Oracle EBS,E,SAN-001,SanaPlus PainRelief,OTC,SanaPlus,Pharmacy/B2B,9,8.12,GBP,0.2,73.08,58.46
TXN-GB-3-001580,2026-08-27 07:30:31,2026-08-27 07:33:31,GB,Legacy Oracle EBS,E,SAN-001,SanaPlus PainRelief,OTC,SanaPlus,Wholesale,5,8.12,GBP,0.0,40.6,40.6
TXN-GB-3-001581,2026-08-27 19:21:17,2026-08-27 19:25:17,GB,Legacy Oracle EBS,E,PUR-001,PureLife GlucoMonitor,Medical Device,PureLife,Wholesale,9,72.65,GBP,0.0,653.85,653.85
TXN-GB-3-001582,2026-08-27 22:01:31,2026-08-27 22:03:31,GB,Legacy Oracle EBS,E,PUR-002,PureLife BP Monitor,Medical Device,PureLife,E-commerce,7,76.92,GBP,0.15,538.44,457.67
TXN-GB-3-001583,2026-08-27 17:55:09,2026-08-27 17:56:09,GB,Legacy Oracle EBS,E,VIT-002,Vitalis Multivit,Supplement,Vitalis,D2C,9,14.53,GBP,0.1,130.77,117.69
TXN-GB-3-001584,2026-08-27 03:43:36,2026-08-27 03:49:36,GB,Legacy Oracle EBS,E,SAN-001,SanaPlus PainRelief,OTC,SanaPlus,D2C,5,8.12,GBP,0.0,40.6,40.6
TXN-GB-3-001585,2026-08-27 07:45:42,2026-08-27 07:48:42,GB,Legacy Oracle EBS,E,VIT-001,Vitalis C1000,Supplement,Vitalis,E-commerce,12,17.95,GBP,0.0,215.4,215.4
TXN-GB-3-001586,2026-08-27 19:23:43,2026-08-27 19:28:43,GB,Legacy Oracle EBS,E,VIT-002,Vitalis Multivit,Supplement,Vitalis,Wholesale,8,14.53,GBP,0.0,116.24,116.24
TXN-GB-3-001587,2026-08-27 00:08:21,2026-08-27 00:10:21,GB,Legacy Oracle EBS,E,DER-001,Dermacare GlowSerum,Aesthetic,Dermacare,Pharmacy/B2B,5,27.35,GBP,0.15,136.75,116.24
TXN-GB-3-001588,2026-08-27 06:09:10,2026-08-27 06:13:10,GB,Legacy Oracle EBS,E,MED-001,Medora Cardio 10mg,Prescription,Medora,D2C,1,36.75,GBP,0.0,36.75,36.75
TXN-GB-3-001589,2026-08-27 17:06:06,2026-08-27 17:08:06,GB,Legacy Oracle EBS,E,SAN-002,SanaPlus ColdFlu,OTC,SanaPlus,Pharmacy/B2B,7,8.97,GBP,0.1,62.79,56.51
TXN-GB-3-001590,2026-08-27 09:57:25,2026-08-27 10:00:25,GB,Legacy Oracle EBS,E,DER-002,Dermacare LiftCream,Aesthetic,Dermacare,E-commerce,2,31.62,GBP,0.0,63.24,63.24
TXN-GB-3-001591,2026-08-27 15:19:55,2026-08-27 15:24:55,GB,Legacy Oracle EBS,E,VIT-001,Vitalis C1000,Supplement,Vitalis,D2C,8,17.95,GBP,0.2,143.6,114.88
TXN-GB-3-001592,2026-08-27 01:57:39,2026-08-27 02:01:39,GB,Legacy Oracle EBS,E,SAN-002,SanaPlus ColdFlu,OTC,SanaPlus,Wholesale,4,8.97,GBP,0.0,35.88,35.88
TXN-GB-3-001593,2026-08-27 01:07:53,2026-08-27 01:08:53,GB,Legacy Oracle EBS,E,VIT-002,Vitalis Multivit,Supplement,Vitalis,Wholesale,5,14.53,GBP,0.0,72.65,72.65
TXN-GB-3-001594,2026-08-27 05:13:22,2026-08-27 05:14:22,GB,Legacy Oracle EBS,E,PUR-002,PureLife BP Monitor,Medical Device,PureLife,Pharmacy/B2B,5,76.92,GBP,0.05,384.6,365.37
TXN-GB-3-001595,2026-08-27 21:30:56,2026-08-27 21:31:56,GB,Legacy Oracle EBS,E,PUR-001,PureLife GlucoMonitor,Medical Device,PureLife,Pharmacy/B2B,6,72.65,GBP,0.1,435.9,392.31
TXN-GB-3-001596,2026-08-27 22:59:41,2026-08-27 23:04:41,GB,Legacy Oracle EBS,E,VIT-002,Vitalis Multivit,Supplement,Vitalis,E-commerce,11,14.53,GBP,0.0,159.83,159.83
TXN-GB-3-001597,2026-08-27 21:53:02,2026-08-27 21:55:02,GB,Legacy Oracle EBS,E,VIT-001,Vitalis C1000,Supplement,Vitalis,Wholesale,2,17.95,GBP,0.05,35.9,34.1
TXN-GB-3-001598,2026-08-27 06:08:43,2026-08-27 06:11:43,GB,Legacy Oracle EBS,E,SAN-001,SanaPlus PainRelief,OTC,SanaPlus,E-commerce,3,8.12,GBP,0.0,24.36,24.36
TXN-GB-3-001599,2026-08-27 04:40:26,2026-08-27 04:46:26,GB,Legacy Oracle EBS,E,VIT-002,Vitalis Multivit,Supplement,Vitalis,D2C,11,14.53,GBP,0.1,159.83,143.85
TXN-GB-3-001600,2026-08-27 06:10:32,2026-08-27 06:14:32,GB,Legacy Oracle EBS,E,PUR-002,PureLife BP Monitor,Medical Device,PureLife,Pharmacy/B2B,7,76.92,GBP,0.0,538.44,538.44
TXN-GB-3-001601,2026-08-27 01:51:28,2026-08-27 01:54:28,GB,Legacy Oracle EBS,E,VIT-002,Vitalis Multivit,Supplement,Vitalis,E-commerce,1,14.53,GBP,0.15,14.53,12.35
TXN-GB-3-001602,2026-08-27 00:38:26,2026-08-27 00:41:26,GB,Legacy Oracle EBS,E,SAN-002,SanaPlus ColdFlu,OTC,SanaPlus,Wholesale,4,8.97,GBP,0.15,35.88,30.5
TXN-GB-3-001603,2026-08-27 02:02:47,2026-08-27 02:04:47,GB,Legacy Oracle EBS,E,VIT-002,Vitalis Multivit,Supplement,Vitalis,D2C,11,14.53,GBP,0.0,159.83,159.83
TXN-GB-3-001604,2026-08-27 21:22:07,2026-08-27 21:27:07,GB,Legacy Oracle EBS,E,VIT-001,Vitalis C1000,Supplement,Vitalis,Pharmacy/B2B,2,17.95,GBP,0.0,35.9,35.9
TXN-GB-3-001605,2026-08-27 12:07:08,2026-08-27 12:12:08,GB,Legacy Oracle EBS,E,DER-001,Dermacare GlowSerum,Aesthetic,Dermacare,Wholesale,9,27.35,GBP,0.1,246.15,221.53
TXN-GB-3-001606,2026-08-27 01:47:09,2026-08-27 01:51:09,GB,Legacy Oracle EBS,E,VIT-001,Vitalis C1000,Supplement,Vitalis,D2C,3,17.95,GBP,0.1,53.85,48.47
TXN-GB-3-001607,2026-08-27 03:15:46,2026-08-27 03:20:46,GB,Legacy Oracle EBS,E,DER-002,Dermacare LiftCream,Aesthetic,Dermacare,Wholesale,4,31.62,GBP,0.0,126.48,126.48
TXN-GB-3-001608,2026-08-27 05:46:41,2026-08-27 05:48:41,GB,Legacy Oracle EBS,E,MED-001,Medora Cardio 10mg,Prescription,Medora,E-commerce,8,36.75,GBP,0.05,294.0,279.3
TXN-GB-3-001609,2026-08-27 01:20:11,2026-08-27 01:22:11,GB,Legacy Oracle EBS,E,VIT-001,Vitalis C1000,Supplement,Vitalis,D2C,2,17.95,GBP,0.05,35.9,34.1
TXN-GB-3-001610,2026-08-27 00:23:04,2026-08-27 00:29:04,GB,Legacy Oracle EBS,E,DER-002,Dermacare LiftCream,Aesthetic,Dermacare,Wholesale,8,31.62,GBP,0.15,252.96,215.02
TXN-GB-3-001611,2026-08-27 16:43:01,2026-08-27 16:46:01,GB,Legacy Oracle EBS,E,PUR-002,PureLife BP Monitor,Medical Device,PureLife,D2C,8,76.92,GBP,0.05,615.36,584.59
TXN-GB-3-001612,2026-08-27 00:02:44,2026-08-27 00:05:44,GB,Legacy Oracle EBS,E,PUR-001,PureLife GlucoMonitor,Medical Device,PureLife,E-commerce,3,72.65,GBP,0.0,217.95,217.95
TXN-GB-3-001613,2026-08-27 13:14:04,2026-08-27 13:20:04,GB,Legacy Oracle EBS,E,DER-001,Dermacare GlowSerum,Aesthetic,Dermacare,E-commerce,3,27.35,GBP,0.15,82.05,69.74
TXN-GB-3-001614,2026-08-27 09:05:35,2026-08-27 09:09:35,GB,Legacy Oracle EBS,E,VIT-002,Vitalis Multivit,Supplement,Vitalis,Pharmacy/B2B,3,14.53,GBP,0.15,43.59,37.05
TXN-GB-3-001615,2026-08-27 14:46:34,2026-08-27 14:50:34,GB,Legacy Oracle EBS,E,VIT-001,Vitalis C1000,Supplement,Vitalis,Wholesale,11,17.95,GBP,0.2,197.45,157.96
TXN-GB-3-001616,2026-08-27 21:39:17,2026-08-27 21:40:17,GB,Legacy Oracle EBS,E,DER-002,Dermacare LiftCream,Aesthetic,Dermacare,E-commerce,7,31.62,GBP,0.2,221.34,177.07
TXN-GB-3-001617,2026-08-27 06:54:00,2026-08-27 06:55:00,GB,Legacy Oracle EBS,E,MED-001,Medora Cardio 10mg,Prescription,Medora,Wholesale,9,36.75,GBP,0.0,330.75,330.75
TXN-GB-3-001618,2026-08-27 23:53:36,2026-08-27 23:56:36,GB,Legacy Oracle EBS,E,SAN-001,SanaPlus PainRelief,OTC,SanaPlus,D2C,11,8.12,GBP,0.0,89.32,89.32
TXN-GB-3-001619,2026-08-27 23:57:38,2026-08-28 00:00:38,GB,Legacy Oracle EBS,E,SAN-001,SanaPlus PainRelief,OTC,SanaPlus,D2C,11,8.12,GBP,0.0,89.32,89.32
TXN-GB-3-001620,2026-08-27 23:45:58,2026-08-27 23:51:58,GB,Legacy Oracle EBS,E,VIT-002,Vitalis Multivit,Supplement,Vitalis,Wholesale,11,14.53,GBP,0.05,159.83,151.84
TXN-GB-3-001621,2026-08-27 11:08:05,2026-08-27 11:12:05,GB,Legacy Oracle EBS,E,PUR-001,PureLife GlucoMonitor,Medical Device,PureLife,E-commerce,2,72.65,GBP,0.1,145.3,130.77
TXN-GB-3-001622,2026-08-27 21:30:59,2026-08-27 21:34:59,GB,Legacy Oracle EBS,E,MED-002,Medora Derm Cream,Prescription,Medora,E-commerce,6,22.22,GBP,0.2,133.32,106.66
TXN-GB-3-001623,2026-08-27 03:56:25,2026-08-27 04:00:25,GB,Legacy Oracle EBS,E,SAN-002,SanaPlus ColdFlu,OTC,SanaPlus,Wholesale,6,8.97,GBP,0.0,53.82,53.82
TXN-GB-3-001624,2026-08-27 11:01:10,2026-08-27 11:07:10,GB,Legacy Oracle EBS,E,SAN-001,SanaPlus PainRelief,OTC,SanaPlus,D2C,1,8.12,GBP,0.1,8.12,7.31
TXN-GB-3-001625,2026-08-27 05:31:26,2026-08-27 05:33:26,GB,Legacy Oracle EBS,E,MED-001,Medora Cardio 10mg,Prescription,Medora,Pharmacy/B2B,4,36.75,GBP,0.0,147.0,147.0
TXN-GB-3-001626,2026-08-27 17:49:14,2026-08-27 17:50:14,GB,Legacy Oracle EBS,E,PUR-001,PureLife GlucoMonitor,Medical Device,PureLife,E-commerce,1,72.65,GBP,0.2,72.65,58.12
TXN-GB-3-001627,2026-08-27 01:39:54,2026-08-27 01:43:54,GB,Legacy Oracle EBS,E,MED-002,Medora Derm Cream,Prescription,Medora,D2C,3,22.22,GBP,0.0,66.66,66.66
TXN-GB-3-001628,2026-08-27 11:08:23,2026-08-27 11:14:23,GB,Legacy Oracle EBS,E,DER-002,Dermacare LiftCream,Aesthetic,Dermacare,Wholesale,2,31.62,GBP,0.05,63.24,60.08
TXN-GB-3-001629,2026-08-27 16:57:02,2026-08-27 16:58:02,GB,Legacy Oracle EBS,E,SAN-001,SanaPlus PainRelief,OTC,SanaPlus,D2C,9,8.12,GBP,0.05,73.08,69.43
TXN-GB-3-001630,2026-08-27 13:28:30,2026-08-27 13:33:30,GB,Legacy Oracle EBS,E,VIT-001,Vitalis C1000,Supplement,Vitalis,D2C,11,17.95,GBP,0.0,197.45,197.45
TXN-GB-3-001631,2026-08-27 14:03:45,2026-08-27 14:04:45,GB,Legacy Oracle EBS,E,VIT-001,Vitalis C1000,Supplement,Vitalis,Wholesale,1,17.95,GBP,0.1,17.95,16.16
TXN-GB-3-001632,2026-08-27 07:30:57,2026-08-27 07:31:57,GB,Legacy Oracle EBS,E,SAN-001,SanaPlus PainRelief,OTC,SanaPlus,E-commerce,2,8.12,GBP,0.0,16.24,16.24
TXN-GB-3-001633,2026-08-27 07:25:44,2026-08-27 07:28:44,GB,Legacy Oracle EBS,E,DER-002,Dermacare LiftCream,Aesthetic,Dermacare,Pharmacy/B2B,9,31.62,GBP,0.0,284.58,284.58
TXN-GB-3-001634,2026-08-27 17:24:54,2026-08-27 17:27:54,GB,Legacy Oracle EBS,E,PUR-001,PureLife GlucoMonitor,Medical Device,PureLife,E-commerce,5,72.65,GBP,0.1,363.25,326.93
TXN-GB-3-001635,2026-08-27 04:07:33,2026-08-27 04:12:33,GB,Legacy Oracle EBS,E,PUR-001,PureLife GlucoMonitor,Medical Device,PureLife,Wholesale,5,72.65,GBP,0.15,363.25,308.76
TXN-GB-3-001636,2026-08-27 16:20:29,2026-08-27 16:23:29,GB,Legacy Oracle EBS,E,DER-002,Dermacare LiftCream,Aesthetic,Dermacare,D2C,10,31.62,GBP,0.0,316.2,316.2
TXN-GB-3-001637,2026-08-27 15:50:58,2026-08-27 15:56:58,GB,Legacy Oracle EBS,E,DER-002,Dermacare LiftCream,Aesthetic,Dermacare,Pharmacy/B2B,11,31.62,GBP,0.0,347.82,347.82
TXN-GB-3-001638,2026-08-27 06:31:29,2026-08-27 06:36:29,GB,Legacy Oracle EBS,E,MED-001,Medora Cardio 10mg,Prescription,Medora,D2C,2,36.75,GBP,0.2,73.5,58.8
TXN-GB-3-001639,2026-08-27 13:06:37,2026-08-27 13:10:37,GB,Legacy Oracle EBS,E,MED-002,Medora Derm Cream,Prescription,Medora,E-commerce,5,22.22,GBP,0.0,111.1,111.1
TXN-GB-3-001640,2026-08-27 11:06:11,2026-08-27 11:07:11,GB,Legacy Oracle EBS,E,MED-002,Medora Derm Cream,Prescription,Medora,Pharmacy/B2B,6,22.22,GBP,0.1,133.32,119.99
TXN-GB-3-001641,2026-08-27 19:20:20,2026-08-27 19:25:20,GB,Legacy Oracle EBS,E,PUR-001,PureLife GlucoMonitor,Medical Device,PureLife,E-commerce,9,72.65,GBP,0.2,653.85,523.08
TXN-GB-3-001642,2026-08-27 20:04:04,2026-08-27 20:08:04,GB,Legacy Oracle EBS,E,VIT-001,Vitalis C1000,Supplement,Vitalis,D2C,9,17.95,GBP,0.0,161.55,161.55
TXN-GB-3-001643,2026-08-27 14:47:46,2026-08-27 14:53:46,GB,Legacy Oracle EBS,E,SAN-002,SanaPlus ColdFlu,OTC,SanaPlus,Wholesale,11,8.97,GBP,0.05,98.67,93.74
TXN-GB-3-001644,2026-08-27 17:45:20,2026-08-27 17:49:20,GB,Legacy Oracle EBS,E,PUR-001,PureLife GlucoMonitor,Medical Device,PureLife,D2C,11,72.65,GBP,0.0,799.15,799.15
TXN-GB-3-001645,2026-08-27 20:43:11,2026-08-27 20:45:11,GB,Legacy Oracle EBS,E,PUR-001,PureLife GlucoMonitor,Medical Device,PureLife,Pharmacy/B2B,2,72.65,GBP,0.15,145.3,123.51
TXN-GB-3-001646,2026-08-27 06:36:13,2026-08-27 06:40:13,GB,Legacy Oracle EBS,E,DER-001,Dermacare GlowSerum,Aesthetic,Dermacare,Pharmacy/B2B,12,27.35,GBP,0.0,328.2,328.2
TXN-GB-3-001647,2026-08-27 18:23:48,2026-08-27 18:25:48,GB,Legacy Oracle EBS,E,SAN-001,SanaPlus PainRelief,OTC,SanaPlus,D2C,1,8.12,GBP,0.1,8.12,7.31
TXN-GB-3-001648,2026-08-27 07:20:16,2026-08-27 07:22:16,GB,Legacy Oracle EBS,E,SAN-002,SanaPlus ColdFlu,OTC,SanaPlus,Pharmacy/B2B,5,8.97,GBP,0.0,44.85,44.85
TXN-GB-3-001649,2026-08-27 23:42:03,2026-08-27 23:48:03,GB,Legacy Oracle EBS,E,MED-001,Medora Cardio 10mg,Prescription,Medora,E-commerce,1,36.75,GBP,0.1,36.75,33.08
TXN-GB-3-001650,2026-08-27 01:06:26,2026-08-27 01:12:26,GB,Legacy Oracle EBS,E,SAN-002,SanaPlus ColdFlu,OTC,SanaPlus,D2C,3,8.97,GBP,0.0,26.91,26.91
TXN-GB-3-001651,2026-08-27 08:39:19,2026-08-27 08:40:19,GB,Legacy Oracle EBS,E,MED-001,Medora Cardio 10mg,Prescription,Medora,Wholesale,1,36.75,GBP,0.0,36.75,36.75
TXN-GB-3-001652,2026-08-27 09:34:37,2026-08-27 09:40:37,GB,Legacy Oracle EBS,E,MED-002,Medora Derm Cream,Prescription,Medora,E-commerce,11,22.22,GBP,0.05,244.42,232.2
TXN-GB-3-001653,2026-08-27 18:25:20,2026-08-27 18:26:20,GB,Legacy Oracle EBS,E,PUR-002,PureLife BP Monitor,Medical Device,PureLife,Wholesale,3,76.92,GBP,0.1,230.76,207.68
TXN-GB-3-001654,2026-08-27 03:39:13,2026-08-27 03:40:13,GB,Legacy Oracle EBS,E,PUR-002,PureLife BP Monitor,Medical Device,PureLife,Pharmacy/B2B,7,76.92,GBP,0.0,538.44,538.44
TXN-GB-3-001655,2026-08-27 00:04:30,2026-08-27 00:06:30,GB,Legacy Oracle EBS,E,VIT-001,Vitalis C1000,Supplement,Vitalis,Wholesale,4,17.95,GBP,0.0,71.8,71.8
TXN-GB-3-001656,2026-08-27 15:52:29,2026-08-27 15:54:29,GB,Legacy Oracle EBS,E,SAN-001,SanaPlus PainRelief,OTC,SanaPlus,D2C,4,8.12,GBP,0.05,32.48,30.86
TXN-GB-3-001657,2026-08-27 05:26:57,2026-08-27 05:31:57,GB,Legacy Oracle EBS,E,PUR-002,PureLife BP Monitor,Medical Device,PureLife,Pharmacy/B2B,4,76.92,GBP,0.15,307.68,261.53
TXN-GB-3-001658,2026-08-27 21:17:14,2026-08-27 21:20:14,GB,Legacy Oracle EBS,E,PUR-001,PureLife GlucoMonitor,Medical Device,PureLife,Pharmacy/B2B,2,72.65,GBP,0.15,145.3,123.51
TXN-GB-3-001659,2026-08-27 03:05:37,2026-08-27 03:07:37,GB,Legacy Oracle EBS,E,PUR-002,PureLife BP Monitor,Medical Device,PureLife,Wholesale,7,76.92,GBP,0.0,538.44,538.44
TXN-GB-3-001660,2026-08-27 00:16:35,2026-08-27 00:20:35,GB,Legacy Oracle EBS,E,VIT-001,Vitalis C1000,Supplement,Vitalis,Pharmacy/B2B,11,17.95,GBP,0.0,197.45,197.45
TXN-GB-3-001661,2026-08-27 03:57:49,2026-08-27 04:00:49,GB,Legacy Oracle EBS,E,PUR-001,PureLife GlucoMonitor,Medical Device,PureLife,D2C,4,72.65,GBP,0.0,290.6,290.6
TXN-GB-3-001662,2026-08-27 02:19:43,2026-08-27 02:25:43,GB,Legacy Oracle EBS,E,SAN-002,SanaPlus ColdFlu,OTC,SanaPlus,D2C,2,8.97,GBP,0.1,17.94,16.15
TXN-GB-3-001663,2026-08-27 09:13:18,2026-08-27 09:16:18,GB,Legacy Oracle EBS,E,DER-001,Dermacare GlowSerum,Aesthetic,Dermacare,Pharmacy/B2B,4,27.35,GBP,0.2,109.4,87.52
TXN-GB-3-001664,2026-08-27 01:18:31,2026-08-27 01:19:31,GB,Legacy Oracle EBS,E,MED-001,Medora Cardio 10mg,Prescription,Medora,Pharmacy/B2B,9,36.75,GBP,0.0,330.75,330.75
TXN-GB-3-001665,2026-08-27 01:56:10,2026-08-27 02:01:10,GB,Legacy Oracle EBS,E,DER-001,Dermacare GlowSerum,Aesthetic,Dermacare,Pharmacy/B2B,4,27.35,GBP,0.05,109.4,103.93
TXN-GB-3-001666,2026-08-27 07:24:48,2026-08-27 07:30:48,GB,Legacy Oracle EBS,E,DER-002,Dermacare LiftCream,Aesthetic,Dermacare,Pharmacy/B2B,4,31.62,GBP,0.2,126.48,101.18
TXN-GB-3-001667,2026-08-27 15:00:04,2026-08-27 15:01:04,GB,Legacy Oracle EBS,E,DER-001,Dermacare GlowSerum,Aesthetic,Dermacare,E-commerce,3,27.35,GBP,0.0,82.05,82.05
TXN-GB-3-001668,2026-08-27 12:18:38,2026-08-27 12:23:38,GB,Legacy Oracle EBS,E,VIT-002,Vitalis Multivit,Supplement,Vitalis,Wholesale,7,14.53,GBP,0.0,101.71,101.71
TXN-GB-3-001669,2026-08-27 20:52:07,2026-08-27 20:54:07,GB,Legacy Oracle EBS,E,PUR-002,PureLife BP Monitor,Medical Device,PureLife,Wholesale,5,76.92,GBP,0.0,384.6,384.6
TXN-GB-3-001670,2026-08-27 23:10:30,2026-08-27 23:15:30,GB,Legacy Oracle EBS,E,MED-001,Medora Cardio 10mg,Prescription,Medora,E-commerce,12,36.75,GBP,0.2,441.0,352.8
TXN-GB-3-001671,2026-08-27 01:38:33,2026-08-27 01:43:33,GB,Legacy Oracle EBS,E,SAN-002,SanaPlus ColdFlu,OTC,SanaPlus,E-commerce,6,8.97,GBP,0.0,53.82,53.82
TXN-GB-3-001672,2026-08-27 11:28:30,2026-08-27 11:32:30,GB,Legacy Oracle EBS,E,PUR-001,PureLife GlucoMonitor,Medical Device,PureLife,D2C,8,72.65,GBP,0.1,581.2,523.08
TXN-GB-3-001673,2026-08-27 21:51:28,2026-08-27 21:52:28,GB,Legacy Oracle EBS,E,DER-002,Dermacare LiftCream,Aesthetic,Dermacare,E-commerce,8,31.62,GBP,0.15,252.96,215.02
TXN-GB-3-001674,2026-08-27 18:48:19,2026-08-27 18:54:19,GB,Legacy Oracle EBS,E,MED-001,Medora Cardio 10mg,Prescription,Medora,E-commerce,11,36.75,GBP,0.2,404.25,323.4
TXN-GB-3-001675,2026-08-27 16:32:06,2026-08-27 16:34:06,GB,Legacy Oracle EBS,E,SAN-001,SanaPlus PainRelief,OTC,SanaPlus,Pharmacy/B2B,10,8.12,GBP,0.1,81.2,73.08
TXN-GB-3-001676,2026-08-27 16:35:43,2026-08-27 16:38:43,GB,Legacy Oracle EBS,E,DER-001,Dermacare GlowSerum,Aesthetic,Dermacare,E-commerce,3,27.35,GBP,0.0,82.05,82.05
TXN-GB-3-001677,2026-08-27 15:52:28,2026-08-27 15:56:28,GB,Legacy Oracle EBS,E,VIT-002,Vitalis Multivit,Supplement,Vitalis,D2C,3,14.53,GBP,0.0,43.59,43.59
TXN-GB-3-001678,2026-08-27 09:52:21,2026-08-27 09:54:21,GB,Legacy Oracle EBS,E,DER-001,Dermacare GlowSerum,Aesthetic,Dermacare,Wholesale,8,27.35,GBP,0.0,218.8,218.8
TXN-GB-3-001679,2026-08-27 19:09:12,2026-08-27 19:15:12,GB,Legacy Oracle EBS,E,DER-002,Dermacare LiftCream,Aesthetic,Dermacare,Pharmacy/B2B,2,31.62,GBP,0.15,63.24,53.75
TXN-GB-3-001680,2026-08-27 00:57:20,2026-08-27 01:00:20,GB,Legacy Oracle EBS,E,DER-002,Dermacare LiftCream,Aesthetic,Dermacare,Wholesale,4,31.62,GBP,0.0,126.48,126.48
TXN-GB-3-001681,2026-08-27 18:16:41,2026-08-27 18:22:41,GB,Legacy Oracle EBS,E,SAN-002,SanaPlus ColdFlu,OTC,SanaPlus,E-commerce,5,8.97,GBP,0.2,44.85,35.88
TXN-GB-3-001682,2026-08-27 08:06:33,2026-08-27 08:07:33,GB,Legacy Oracle EBS,E,SAN-002,SanaPlus ColdFlu,OTC,SanaPlus,D2C,11,8.97,GBP,0.2,98.67,78.94
TXN-GB-3-001683,2026-08-27 18:19:13,2026-08-27 18:20:13,GB,Legacy Oracle EBS,E,PUR-001,PureLife GlucoMonitor,Medical Device,PureLife,Wholesale,4,72.65,GBP,0.1,290.6,261.54
TXN-GB-3-001684,2026-08-27 04:43:22,2026-08-27 04:46:22,GB,Legacy Oracle EBS,E,SAN-001,SanaPlus PainRelief,OTC,SanaPlus,E-commerce,7,8.12,GBP,0.2,56.84,45.47
TXN-GB-3-001685,2026-08-27 12:48:41,2026-08-27 12:53:41,GB,Legacy Oracle EBS,E,DER-002,Dermacare LiftCream,Aesthetic,Dermacare,D2C,2,31.62,GBP,0.0,63.24,63.24
TXN-GB-3-001686,2026-08-27 17:22:24,2026-08-27 17:25:24,GB,Legacy Oracle EBS,E,DER-001,Dermacare GlowSerum,Aesthetic,Dermacare,E-commerce,7,27.35,GBP,0.1,191.45,172.31
TXN-GB-3-001687,2026-08-27 06:10:07,2026-08-27 06:12:07,GB,Legacy Oracle EBS,E,DER-001,Dermacare GlowSerum,Aesthetic,Dermacare,D2C,3,27.35,GBP,0.0,82.05,82.05
TXN-GB-3-001688,2026-08-27 21:38:15,2026-08-27 21:40:15,GB,Legacy Oracle EBS,E,VIT-001,Vitalis C1000,Supplement,Vitalis,Pharmacy/B2B,4,17.95,GBP,0.05,71.8,68.21
TXN-GB-3-001689,2026-08-27 02:01:32,2026-08-27 02:04:32,GB,Legacy Oracle EBS,E,DER-002,Dermacare LiftCream,Aesthetic,Dermacare,Wholesale,10,31.62,GBP,0.15,316.2,268.77
TXN-GB-3-001690,2026-08-27 05:53:32,2026-08-27 05:57:32,GB,Legacy Oracle EBS,E,MED-001,Medora Cardio 10mg,Prescription,Medora,E-commerce,4,36.75,GBP,0.05,147.0,139.65
TXN-GB-3-001691,2026-08-27 23:00:33,2026-08-27 23:02:33,GB,Legacy Oracle EBS,E,PUR-002,PureLife BP Monitor,Medical Device,PureLife,D2C,4,76.92,GBP,0.0,307.68,307.68
TXN-GB-3-001692,2026-08-27 07:52:06,2026-08-27 07:58:06,GB,Legacy Oracle EBS,E,VIT-001,Vitalis C1000,Supplement,Vitalis,E-commerce,12,17.95,GBP,0.0,215.4,215.4
TXN-GB-3-001693,2026-08-27 09:26:14,2026-08-27 09:30:14,GB,Legacy Oracle EBS,E,DER-001,Dermacare GlowSerum,Aesthetic,Dermacare,E-commerce,10,27.35,GBP,0.0,273.5,273.5
TXN-GB-3-001694,2026-08-27 10:07:46,2026-08-27 10:10:46,GB,Legacy Oracle EBS,E,DER-002,Dermacare LiftCream,Aesthetic,Dermacare,E-commerce,9,31.62,GBP,0.0,284.58,284.58
TXN-GB-3-001695,2026-08-27 14:07:42,2026-08-27 14:08:42,GB,Legacy Oracle EBS,E,PUR-001,PureLife GlucoMonitor,Medical Device,PureLife,Wholesale,8,72.65,GBP,0.1,581.2,523.08
TXN-GB-3-001696,2026-08-27 14:43:07,2026-08-27 14:47:07,GB,Legacy Oracle EBS,E,PUR-002,PureLife BP Monitor,Medical Device,PureLife,E-commerce,8,76.92,GBP,0.0,615.36,615.36
TXN-GB-3-001697,2026-08-27 12:31:47,2026-08-27 12:36:47,GB,Legacy Oracle EBS,E,PUR-002,PureLife BP Monitor,Medical Device,PureLife,D2C,10,76.92,GBP,0.1,769.2,692.28
TXN-GB-3-001698,2026-08-27 13:50:36,2026-08-27 13:51:36,GB,Legacy Oracle EBS,E,MED-002,Medora Derm Cream,Prescription,Medora,Wholesale,8,22.22,GBP,0.0,177.76,177.76
TXN-GB-3-001699,2026-08-27 23:51:52,2026-08-27 23:57:52,GB,Legacy Oracle EBS,E,SAN-002,SanaPlus ColdFlu,OTC,SanaPlus,Wholesale,3,8.97,GBP,0.0,26.91,26.91
TXN-GB-3-001700,2026-08-27 04:30:40,2026-08-27 04:36:40,GB,Legacy Oracle EBS,E,DER-002,Dermacare LiftCream,Aesthetic,Dermacare,Pharmacy/B2B,5,31.62,GBP,0.05,158.1,150.19
TXN-GB-3-001701,2026-08-27 18:05:32,2026-08-27 18:08:32,GB,Legacy Oracle EBS,E,MED-002,Medora Derm Cream,Prescription,Medora,Pharmacy/B2B,6,22.22,GBP,0.0,133.32,133.32
TXN-GB-3-001702,2026-08-27 12:22:30,2026-08-27 12:27:30,GB,Legacy Oracle EBS,E,VIT-002,Vitalis Multivit,Supplement,Vitalis,Pharmacy/B2B,5,14.53,GBP,0.05,72.65,69.02
TXN-GB-3-001703,2026-08-27 05:45:59,2026-08-27 05:46:59,GB,Legacy Oracle EBS,E,PUR-001,PureLife GlucoMonitor,Medical Device,PureLife,D2C,2,72.65,GBP,0.05,145.3,138.03
TXN-GB-3-001704,2026-08-27 20:39:58,2026-08-27 20:42:58,GB,Legacy Oracle EBS,E,DER-002,Dermacare LiftCream,Aesthetic,Dermacare,D2C,9,31.62,GBP,0.0,284.58,284.58
TXN-GB-3-001705,2026-08-27 23:17:29,2026-08-27 23:18:29,GB,Legacy Oracle EBS,E,PUR-001,PureLife GlucoMonitor,Medical Device,PureLife,Wholesale,4,72.65,GBP,0.05,290.6,276.07
TXN-GB-3-001706,2026-08-27 21:57:44,2026-08-27 22:03:44,GB,Legacy Oracle EBS,E,MED-001,Medora Cardio 10mg,Prescription,Medora,Wholesale,7,36.75,GBP,0.05,257.25,244.39
TXN-GB-3-001707,2026-08-27 23:22:47,2026-08-27 23:27:47,GB,Legacy Oracle EBS,E,PUR-002,PureLife BP Monitor,Medical Device,PureLife,E-commerce,11,76.92,GBP,0.05,846.12,803.81
TXN-GB-3-001708,2026-08-27 04:01:21,2026-08-27 04:05:21,GB,Legacy Oracle EBS,E,VIT-002,Vitalis Multivit,Supplement,Vitalis,E-commerce,12,14.53,GBP,0.15,174.36,148.21
TXN-GB-3-001709,2026-08-27 17:07:39,2026-08-27 17:08:39,GB,Legacy Oracle EBS,E,SAN-001,SanaPlus PainRelief,OTC,SanaPlus,D2C,9,8.12,GBP,0.2,73.08,58.46
TXN-GB-3-001710,2026-08-27 07:40:59,2026-08-27 07:45:59,GB,Legacy Oracle EBS,E,MED-002,Medora Derm Cream,Prescription,Medora,Wholesale,4,22.22,GBP,0.0,88.88,88.88
TXN-GB-3-001711,2026-08-27 11:49:19,2026-08-27 11:50:19,GB,Legacy Oracle EBS,E,SAN-001,SanaPlus PainRelief,OTC,SanaPlus,D2C,5,8.12,GBP,0.05,40.6,38.57
TXN-GB-3-001712,2026-08-27 00:39:19,2026-08-27 00:43:19,GB,Legacy Oracle EBS,E,MED-001,Medora Cardio 10mg,Prescription,Medora,Wholesale,7,36.75,GBP,0.0,257.25,257.25
TXN-GB-3-001713,2026-08-27 23:23:05,2026-08-27 23:28:05,GB,Legacy Oracle EBS,E,MED-001,Medora Cardio 10mg,Prescription,Medora,E-commerce,12,36.75,GBP,0.05,441.0,418.95
TXN-GB-3-001714,2026-08-27 20:37:29,2026-08-27 20:38:29,GB,Legacy Oracle EBS,E,PUR-001,PureLife GlucoMonitor,Medical Device,PureLife,D2C,5,72.65,GBP,0.1,363.25,326.93
TXN-GB-3-001715,2026-08-27 22:26:54,2026-08-27 22:30:54,GB,Legacy Oracle EBS,E,MED-001,Medora Cardio 10mg,Prescription,Medora,Wholesale,1,36.75,GBP,0.0,36.75,36.75
TXN-GB-3-001716,2026-08-27 12:17:16,2026-08-27 12:23:16,GB,Legacy Oracle EBS,E,SAN-001,SanaPlus PainRelief,OTC,SanaPlus,E-commerce,2,8.12,GBP,0.0,16.24,16.24
TXN-GB-3-001717,2026-08-27 11:52:38,2026-08-27 11:58:38,GB,Legacy Oracle EBS,E,SAN-001,SanaPlus PainRelief,OTC,SanaPlus,Wholesale,12,8.12,GBP,0.0,97.44,97.44
TXN-GB-3-001718,2026-08-27 20:32:10,2026-08-27 20:38:10,GB,Legacy Oracle EBS,E,PUR-002,PureLife BP Monitor,Medical Device,PureLife,E-commerce,6,76.92,GBP,0.0,461.52,461.52
TXN-GB-3-001719,2026-08-27 18:13:03,2026-08-27 18:16:03,GB,Legacy Oracle EBS,E,PUR-002,PureLife BP Monitor,Medical Device,PureLife,Wholesale,2,76.92,GBP,0.0,153.84,153.84
TXN-GB-3-001720,2026-08-27 23:14:38,2026-08-27 23:20:38,GB,Legacy Oracle EBS,E,SAN-002,SanaPlus ColdFlu,OTC,SanaPlus,D2C,6,8.97,GBP,0.15,53.82,45.75
TXN-GB-3-001721,2026-08-27 22:03:55,2026-08-27 22:05:55,GB,Legacy Oracle EBS,E,VIT-001,Vitalis C1000,Supplement,Vitalis,Pharmacy/B2B,12,17.95,GBP,0.0,215.4,215.4
TXN-GB-3-001722,2026-08-27 14:31:04,2026-08-27 14:33:04,GB,Legacy Oracle EBS,E,VIT-001,Vitalis C1000,Supplement,Vitalis,Wholesale,9,17.95,GBP,0.15,161.55,137.32
TXN-GB-3-001723,2026-08-27 04:29:27,2026-08-27 04:30:27,GB,Legacy Oracle EBS,E,DER-001,Dermacare GlowSerum,Aesthetic,Dermacare,E-commerce,6,27.35,GBP,0.15,164.1,139.48
TXN-GB-3-001724,2026-08-27 21:54:36,2026-08-27 21:59:36,GB,Legacy Oracle EBS,E,VIT-002,Vitalis Multivit,Supplement,Vitalis,Pharmacy/B2B,4,14.53,GBP,0.0,58.12,58.12
TXN-GB-3-001725,2026-08-27 02:05:20,2026-08-27 02:10:20,GB,Legacy Oracle EBS,E,VIT-002,Vitalis Multivit,Supplement,Vitalis,E-commerce,11,14.53,GBP,0.0,159.83,159.83
TXN-GB-3-001726,2026-08-27 05:19:15,2026-08-27 05:21:15,GB,Legacy Oracle EBS,E,SAN-002,SanaPlus ColdFlu,OTC,SanaPlus,Pharmacy/B2B,12,8.97,GBP,0.05,107.64,102.26
TXN-GB-3-001727,2026-08-27 23:09:14,2026-08-27 23:13:14,GB,Legacy Oracle EBS,E,MED-002,Medora Derm Cream,Prescription,Medora,Pharmacy/B2B,8,22.22,GBP,0.0,177.76,177.76
TXN-GB-3-001728,2026-08-27 13:56:35,2026-08-27 13:59:35,GB,Legacy Oracle EBS,E,SAN-001,SanaPlus PainRelief,OTC,SanaPlus,E-commerce,10,8.12,GBP,0.2,81.2,64.96
TXN-GB-3-001729,2026-08-27 22:40:15,2026-08-27 22:42:15,GB,Legacy Oracle EBS,E,MED-001,Medora Cardio 10mg,Prescription,Medora,Wholesale,2,36.75,GBP,0.2,73.5,58.8
TXN-GB-3-001730,2026-08-27 02:26:47,2026-08-27 02:27:47,GB,Legacy Oracle EBS,E,SAN-001,SanaPlus PainRelief,OTC,SanaPlus,Wholesale,6,8.12,GBP,0.05,48.72,46.28
TXN-GB-3-001731,2026-08-27 19:30:03,2026-08-27 19:32:03,GB,Legacy Oracle EBS,E,PUR-002,PureLife BP Monitor,Medical Device,PureLife,D2C,8,76.92,GBP,0.1,615.36,553.82
TXN-GB-3-001732,2026-08-27 17:42:32,2026-08-27 17:46:32,GB,Legacy Oracle EBS,E,SAN-002,SanaPlus ColdFlu,OTC,SanaPlus,D2C,1,8.97,GBP,0.05,8.97,8.52
TXN-GB-3-001733,2026-08-27 03:49:32,2026-08-27 03:54:32,GB,Legacy Oracle EBS,E,MED-002,Medora Derm Cream,Prescription,Medora,Pharmacy/B2B,3,22.22,GBP,0.0,66.66,66.66
TXN-GB-3-001734,2026-08-27 12:26:09,2026-08-27 12:32:09,GB,Legacy Oracle EBS,E,MED-001,Medora Cardio 10mg,Prescription,Medora,D2C,4,36.75,GBP,0.0,147.0,147.0
TXN-GB-3-001735,2026-08-27 07:12:31,2026-08-27 07:15:31,GB,Legacy Oracle EBS,E,SAN-001,SanaPlus PainRelief,OTC,SanaPlus,Wholesale,3,8.12,GBP,0.05,24.36,23.14
TXN-GB-3-001736,2026-08-27 12:47:36,2026-08-27 12:53:36,GB,Legacy Oracle EBS,E,SAN-002,SanaPlus ColdFlu,OTC,SanaPlus,D2C,7,8.97,GBP,0.05,62.79,59.65
TXN-GB-3-001737,2026-08-27 02:14:16,2026-08-27 02:18:16,GB,Legacy Oracle EBS,E,MED-001,Medora Cardio 10mg,Prescription,Medora,Pharmacy/B2B,12,36.75,GBP,0.15,441.0,374.85
TXN-GB-3-001738,2026-08-27 15:09:56,2026-08-27 15:10:56,GB,Legacy Oracle EBS,E,DER-002,Dermacare LiftCream,Aesthetic,Dermacare,Pharmacy/B2B,9,31.62,GBP,0.2,284.58,227.66
TXN-GB-3-001739,2026-08-27 10:03:57,2026-08-27 10:07:57,GB,Legacy Oracle EBS,E,MED-001,Medora Cardio 10mg,Prescription,Medora,D2C,6,36.75,GBP,0.05,220.5,209.47
TXN-GB-3-001740,2026-08-27 17:40:36,2026-08-27 17:43:36,GB,Legacy Oracle EBS,E,PUR-001,PureLife GlucoMonitor,Medical Device,PureLife,Pharmacy/B2B,11,72.65,GBP,0.1,799.15,719.24
TXN-GB-3-001741,2026-08-27 11:21:00,2026-08-27 11:26:00,GB,Legacy Oracle EBS,E,VIT-002,Vitalis Multivit,Supplement,Vitalis,Pharmacy/B2B,2,14.53,GBP,0.0,29.06,29.06
TXN-GB-3-001742,2026-08-27 07:18:14,2026-08-27 07:23:14,GB,Legacy Oracle EBS,E,SAN-002,SanaPlus ColdFlu,OTC,SanaPlus,Pharmacy/B2B,8,8.97,GBP,0.15,71.76,61.0
TXN-GB-3-001743,2026-08-27 12:14:57,2026-08-27 12:17:57,GB,Legacy Oracle EBS,E,MED-002,Medora Derm Cream,Prescription,Medora,Pharmacy/B2B,9,22.22,GBP,0.2,199.98,159.98
TXN-GB-3-001744,2026-08-27 06:56:01,2026-08-27 06:58:01,GB,Legacy Oracle EBS,E,SAN-001,SanaPlus PainRelief,OTC,SanaPlus,Pharmacy/B2B,1,8.12,GBP,0.15,8.12,6.9
TXN-GB-3-001745,2026-08-27 04:46:25,2026-08-27 04:49:25,GB,Legacy Oracle EBS,E,DER-001,Dermacare GlowSerum,Aesthetic,Dermacare,D2C,1,27.35,GBP,0.05,27.35,25.98
TXN-GB-3-001746,2026-08-27 08:09:46,2026-08-27 08:12:46,GB,Legacy Oracle EBS,E,PUR-002,PureLife BP Monitor,Medical Device,PureLife,Pharmacy/B2B,11,76.92,GBP,0.0,846.12,846.12
TXN-GB-3-001747,2026-08-27 02:19:25,2026-08-27 02:24:25,GB,Legacy Oracle EBS,E,MED-001,Medora Cardio 10mg,Prescription,Medora,E-commerce,6,36.75,GBP,0.0,220.5,220.5
TXN-GB-3-001748,2026-08-27 03:38:09,2026-08-27 03:43:09,GB,Legacy Oracle EBS,E,MED-001,Medora Cardio 10mg,Prescription,Medora,E-commerce,5,36.75,GBP,0.0,183.75,183.75
TXN-GB-3-001749,2026-08-27 02:54:07,2026-08-27 02:56:07,GB,Legacy Oracle EBS,E,DER-001,Dermacare GlowSerum,Aesthetic,Dermacare,Pharmacy/B2B,7,27.35,GBP,0.05,191.45,181.88
TXN-GB-3-001750,2026-08-27 05:00:03,2026-08-27 05:04:03,GB,Legacy Oracle EBS,E,PUR-001,PureLife GlucoMonitor,Medical Device,PureLife,Wholesale,8,72.65,GBP,0.2,581.2,464.96
TXN-GB-3-001751,2026-08-27 06:37:40,2026-08-27 06:38:40,GB,Legacy Oracle EBS,E,DER-002,Dermacare LiftCream,Aesthetic,Dermacare,E-commerce,11,31.62,GBP,0.0,347.82,347.82
TXN-GB-3-001752,2026-08-27 10:34:59,2026-08-27 10:39:59,GB,Legacy Oracle EBS,E,VIT-002,Vitalis Multivit,Supplement,Vitalis,D2C,7,14.53,GBP,0.2,101.71,81.37
TXN-GB-3-001753,2026-08-27 04:07:43,2026-08-27 04:08:43,GB,Legacy Oracle EBS,E,DER-001,Dermacare GlowSerum,Aesthetic,Dermacare,Pharmacy/B2B,8,27.35,GBP,0.0,218.8,218.8
TXN-GB-3-001754,2026-08-27 08:28:27,2026-08-27 08:34:27,GB,Legacy Oracle EBS,E,PUR-001,PureLife GlucoMonitor,Medical Device,PureLife,Wholesale,12,72.65,GBP,0.0,871.8,871.8
TXN-GB-3-001755,2026-08-27 20:33:22,2026-08-27 20:34:22,GB,Legacy Oracle EBS,E,PUR-001,PureLife GlucoMonitor,Medical Device,PureLife,E-commerce,9,72.65,GBP,0.05,653.85,621.16
TXN-GB-3-001756,2026-08-27 20:02:49,2026-08-27 20:04:49,GB,Legacy Oracle EBS,E,VIT-002,Vitalis Multivit,Supplement,Vitalis,E-commerce,7,14.53,GBP,0.1,101.71,91.54
TXN-GB-3-001757,2026-08-27 17:18:16,2026-08-27 17:24:16,GB,Legacy Oracle EBS,E,DER-001,Dermacare GlowSerum,Aesthetic,Dermacare,E-commerce,8,27.35,GBP,0.05,218.8,207.86
TXN-GB-3-001758,2026-08-27 08:43:34,2026-08-27 08:44:34,GB,Legacy Oracle EBS,E,DER-001,Dermacare GlowSerum,Aesthetic,Dermacare,Pharmacy/B2B,12,27.35,GBP,0.0,328.2,328.2
TXN-GB-3-001759,2026-08-27 14:25:51,2026-08-27 14:31:51,GB,Legacy Oracle EBS,E,MED-002,Medora Derm Cream,Prescription,Medora,Wholesale,10,22.22,GBP,0.0,222.2,222.2
TXN-GB-3-001760,2026-08-27 18:53:01,2026-08-27 18:57:01,GB,Legacy Oracle EBS,E,MED-001,Medora Cardio 10mg,Prescription,Medora,D2C,8,36.75,GBP,0.05,294.0,279.3
TXN-GB-3-001761,2026-08-27 08:39:28,2026-08-27 08:41:28,GB,Legacy Oracle EBS,E,DER-002,Dermacare LiftCream,Aesthetic,Dermacare,D2C,3,31.62,GBP,0.1,94.86,85.37
TXN-GB-3-001762,2026-08-27 23:01:02,2026-08-27 23:07:02,GB,Legacy Oracle EBS,E,PUR-001,PureLife GlucoMonitor,Medical Device,PureLife,E-commerce,1,72.65,GBP,0.1,72.65,65.39
TXN-GB-3-001763,2026-08-27 12:34:52,2026-08-27 12:35:52,GB,Legacy Oracle EBS,E,PUR-002,PureLife BP Monitor,Medical Device,PureLife,Wholesale,5,76.92,GBP,0.2,384.6,307.68
TXN-GB-3-001764,2026-08-27 21:35:06,2026-08-27 21:40:06,GB,Legacy Oracle EBS,E,MED-001,Medora Cardio 10mg,Prescription,Medora,D2C,9,36.75,GBP,0.0,330.75,330.75
TXN-GB-3-001765,2026-08-27 20:39:25,2026-08-27 20:44:25,GB,Legacy Oracle EBS,E,DER-002,Dermacare LiftCream,Aesthetic,Dermacare,Pharmacy/B2B,11,31.62,GBP,0.05,347.82,330.43
TXN-GB-3-001766,2026-08-27 21:40:19,2026-08-27 21:41:19,GB,Legacy Oracle EBS,E,PUR-002,PureLife BP Monitor,Medical Device,PureLife,Pharmacy/B2B,11,76.92,GBP,0.0,846.12,846.12
TXN-GB-3-001767,2026-08-27 19:10:27,2026-08-27 19:15:27,GB,Legacy Oracle EBS,E,VIT-002,Vitalis Multivit,Supplement,Vitalis,D2C,6,14.53,GBP,0.0,87.18,87.18
TXN-GB-3-001768,2026-08-27 09:28:52,2026-08-27 09:31:52,GB,Legacy Oracle EBS,E,SAN-001,SanaPlus PainRelief,OTC,SanaPlus,Wholesale,8,8.12,GBP,0.15,64.96,55.22
TXN-GB-3-001769,2026-08-27 17:43:35,2026-08-27 17:46:35,GB,Legacy Oracle EBS,E,VIT-001,Vitalis C1000,Supplement,Vitalis,Pharmacy/B2B,1,17.95,GBP,0.1,17.95,16.16
TXN-GB-3-001770,2026-08-27 06:36:32,2026-08-27 06:37:32,GB,Legacy Oracle EBS,E,PUR-002,PureLife BP Monitor,Medical Device,PureLife,Pharmacy/B2B,5,76.92,GBP,0.0,384.6,384.6
TXN-GB-3-001771,2026-08-27 19:54:16,2026-08-27 20:00:16,GB,Legacy Oracle EBS,E,MED-001,Medora Cardio 10mg,Prescription,Medora,E-commerce,1,36.75,GBP,0.1,36.75,33.08
TXN-GB-3-001772,2026-08-27 22:24:19,2026-08-27 22:28:19,GB,Legacy Oracle EBS,E,DER-002,Dermacare LiftCream,Aesthetic,Dermacare,Pharmacy/B2B,10,31.62,GBP,0.0,316.2,316.2
TXN-GB-3-001773,2026-08-27 21:31:38,2026-08-27 21:32:38,GB,Legacy Oracle EBS,E,DER-001,Dermacare GlowSerum,Aesthetic,Dermacare,Pharmacy/B2B,10,27.35,GBP,0.0,273.5,273.5
TXN-GB-3-001774,2026-08-27 04:55:21,2026-08-27 04:59:21,GB,Legacy Oracle EBS,E,PUR-001,PureLife GlucoMonitor,Medical Device,PureLife,Wholesale,6,72.65,GBP,0.0,435.9,435.9
TXN-GB-3-001775,2026-08-27 21:11:10,2026-08-27 21:17:10,GB,Legacy Oracle EBS,E,SAN-002,SanaPlus ColdFlu,OTC,SanaPlus,E-commerce,3,8.97,GBP,0.2,26.91,21.53
TXN-GB-3-001776,2026-08-27 06:10:29,2026-08-27 06:14:29,GB,Legacy Oracle EBS,E,MED-001,Medora Cardio 10mg,Prescription,Medora,Wholesale,6,36.75,GBP,0.1,220.5,198.45
TXN-GB-3-001777,2026-08-27 06:13:02,2026-08-27 06:17:02,GB,Legacy Oracle EBS,E,MED-002,Medora Derm Cream,Prescription,Medora,E-commerce,12,22.22,GBP,0.0,266.64,266.64
TXN-GB-3-001778,2026-08-27 15:04:01,2026-08-27 15:08:01,GB,Legacy Oracle EBS,E,DER-001,Dermacare GlowSerum,Aesthetic,Dermacare,D2C,2,27.35,GBP,0.1,54.7,49.23
TXN-GB-3-001779,2026-08-27 10:57:05,2026-08-27 11:02:05,GB,Legacy Oracle EBS,E,MED-002,Medora Derm Cream,Prescription,Medora,Wholesale,12,22.22,GBP,0.0,266.64,266.64
TXN-GB-3-001780,2026-08-27 23:13:56,2026-08-27 23:18:56,GB,Legacy Oracle EBS,E,MED-002,Medora Derm Cream,Prescription,Medora,Pharmacy/B2B,11,22.22,GBP,0.2,244.42,195.54
TXN-GB-3-001781,2026-08-27 11:32:40,2026-08-27 11:37:40,GB,Legacy Oracle EBS,E,DER-002,Dermacare LiftCream,Aesthetic,Dermacare,Wholesale,9,31.62,GBP,0.0,284.58,284.58
TXN-GB-3-001782,2026-08-27 09:11:44,2026-08-27 09:15:44,GB,Legacy Oracle EBS,E,SAN-002,SanaPlus ColdFlu,OTC,SanaPlus,Wholesale,4,8.97,GBP,0.05,35.88,34.09
TXN-GB-3-001783,2026-08-27 13:04:40,2026-08-27 13:05:40,GB,Legacy Oracle EBS,E,DER-002,Dermacare LiftCream,Aesthetic,Dermacare,Pharmacy/B2B,1,31.62,GBP,0.05,31.62,30.04
TXN-GB-3-001784,2026-08-27 18:59:36,2026-08-27 19:01:36,GB,Legacy Oracle EBS,E,PUR-001,PureLife GlucoMonitor,Medical Device,PureLife,Pharmacy/B2B,10,72.65,GBP,0.15,726.5,617.52
TXN-GB-3-001785,2026-08-27 18:07:18,2026-08-27 18:10:18,GB,Legacy Oracle EBS,E,PUR-002,PureLife BP Monitor,Medical Device,PureLife,E-commerce,11,76.92,GBP,0.0,846.12,846.12
TXN-GB-3-001786,2026-08-27 00:29:01,2026-08-27 00:32:01,GB,Legacy Oracle EBS,E,DER-001,Dermacare GlowSerum,Aesthetic,Dermacare,D2C,12,27.35,GBP,0.1,328.2,295.38
TXN-GB-3-001787,2026-08-27 18:23:23,2026-08-27 18:27:23,GB,Legacy Oracle EBS,E,VIT-002,Vitalis Multivit,Supplement,Vitalis,E-commerce,2,14.53,GBP,0.0,29.06,29.06
TXN-GB-3-001788,2026-08-27 11:07:35,2026-08-27 11:12:35,GB,Legacy Oracle EBS,E,DER-002,Dermacare LiftCream,Aesthetic,Dermacare,Pharmacy/B2B,12,31.62,GBP,0.1,379.44,341.5
TXN-GB-3-001789,2026-08-27 17:09:37,2026-08-27 17:15:37,GB,Legacy Oracle EBS,E,VIT-001,Vitalis C1000,Supplement,Vitalis,Pharmacy/B2B,7,17.95,GBP,0.2,125.65,100.52
TXN-GB-3-001790,2026-08-27 19:08:12,2026-08-27 19:13:12,GB,Legacy Oracle EBS,E,MED-002,Medora Derm Cream,Prescription,Medora,D2C,8,22.22,GBP,0.1,177.76,159.98
TXN-GB-3-001791,2026-08-27 18:26:09,2026-08-27 18:29:09,GB,Legacy Oracle EBS,E,VIT-002,Vitalis Multivit,Supplement,Vitalis,Pharmacy/B2B,11,14.53,GBP,0.0,159.83,159.83
TXN-GB-3-001792,2026-08-27 14:27:03,2026-08-27 14:30:03,GB,Legacy Oracle EBS,E,DER-002,Dermacare LiftCream,Aesthetic,Dermacare,E-commerce,9,31.62,GBP,0.15,284.58,241.89
TXN-GB-3-001793,2026-08-27 15:52:54,2026-08-27 15:57:54,GB,Legacy Oracle EBS,E,PUR-001,PureLife GlucoMonitor,Medical Device,PureLife,Pharmacy/B2B,9,72.65,GBP,0.0,653.85,653.85
TXN-GB-3-001794,2026-08-27 04:34:39,2026-08-27 04:38:39,GB,Legacy Oracle EBS,E,MED-002,Medora Derm Cream,Prescription,Medora,Pharmacy/B2B,8,22.22,GBP,0.1,177.76,159.98
TXN-GB-3-001795,2026-08-27 01:21:05,2026-08-27 01:22:05,GB,Legacy Oracle EBS,E,DER-002,Dermacare LiftCream,Aesthetic,Dermacare,Wholesale,5,31.62,GBP,0.1,158.1,142.29
TXN-GB-3-001796,2026-08-27 12:41:52,2026-08-27 12:42:52,GB,Legacy Oracle EBS,E,MED-001,Medora Cardio 10mg,Prescription,Medora,Pharmacy/B2B,8,36.75,GBP,0.15,294.0,249.9
TXN-GB-3-001797,2026-08-27 11:40:38,2026-08-27 11:41:38,GB,Legacy Oracle EBS,E,DER-001,Dermacare GlowSerum,Aesthetic,Dermacare,Wholesale,7,27.35,GBP,0.2,191.45,153.16
TXN-GB-3-001798,2026-08-27 23:56:34,2026-08-28 00:01:34,GB,Legacy Oracle EBS,E,VIT-002,Vitalis Multivit,Supplement,Vitalis,D2C,3,14.53,GBP,0.2,43.59,34.87
TXN-GB-3-001799,2026-08-27 13:49:38,2026-08-27 13:54:38,GB,Legacy Oracle EBS,E,MED-001,Medora Cardio 10mg,Prescription,Medora,E-commerce,6,36.75,GBP,0.1,220.5,198.45
TXN-GB-3-001800,2026-08-27 03:04:34,2026-08-27 03:05:34,GB,Legacy Oracle EBS,E,MED-001,Medora Cardio 10mg,Prescription,Medora,Pharmacy/B2B,5,36.75,GBP,0.0,183.75,183.75
TXN-GB-3-001801,2026-08-27 11:42:54,2026-08-27 11:44:54,GB,Legacy Oracle EBS,E,MED-001,Medora Cardio 10mg,Prescription,Medora,E-commerce,9,36.75,GBP,0.1,330.75,297.68
TXN-GB-3-001802,2026-08-27 05:26:15,2026-08-27 05:31:15,GB,Legacy Oracle EBS,E,VIT-001,Vitalis C1000,Supplement,Vitalis,Wholesale,6,17.95,GBP,0.05,107.7,102.31
TXN-GB-3-001803,2026-08-27 04:24:04,2026-08-27 04:28:04,GB,Legacy Oracle EBS,E,VIT-001,Vitalis C1000,Supplement,Vitalis,Pharmacy/B2B,4,17.95,GBP,0.0,71.8,71.8
TXN-GB-3-001804,2026-08-27 09:31:11,2026-08-27 09:34:11,GB,Legacy Oracle EBS,E,MED-001,Medora Cardio 10mg,Prescription,Medora,D2C,9,36.75,GBP,0.1,330.75,297.68
TXN-GB-3-001805,2026-08-27 23:17:45,2026-08-27 23:21:45,GB,Legacy Oracle EBS,E,SAN-001,SanaPlus PainRelief,OTC,SanaPlus,Wholesale,10,8.12,GBP,0.05,81.2,77.14
TXN-GB-3-001806,2026-08-27 03:33:23,2026-08-27 03:34:23,GB,Legacy Oracle EBS,E,SAN-002,SanaPlus ColdFlu,OTC,SanaPlus,Pharmacy/B2B,3,8.97,GBP,0.0,26.91,26.91
TXN-GB-3-001807,2026-08-27 17:52:59,2026-08-27 17:56:59,GB,Legacy Oracle EBS,E,DER-002,Dermacare LiftCream,Aesthetic,Dermacare,Wholesale,3,31.62,GBP,0.05,94.86,90.12
TXN-GB-3-001808,2026-08-27 01:11:24,2026-08-27 01:14:24,GB,Legacy Oracle EBS,E,DER-002,Dermacare LiftCream,Aesthetic,Dermacare,Wholesale,6,31.62,GBP,0.0,189.72,189.72
TXN-GB-3-001809,2026-08-27 05:36:31,2026-08-27 05:37:31,GB,Legacy Oracle EBS,E,SAN-002,SanaPlus ColdFlu,OTC,SanaPlus,D2C,9,8.97,GBP,0.0,80.73,80.73
TXN-GB-3-001810,2026-08-27 16:43:25,2026-08-27 16:46:25,GB,Legacy Oracle EBS,E,DER-001,Dermacare GlowSerum,Aesthetic,Dermacare,Pharmacy/B2B,7,27.35,GBP,0.2,191.45,153.16
TXN-GB-3-001811,2026-08-27 10:57:50,2026-08-27 11:01:50,GB,Legacy Oracle EBS,E,DER-001,Dermacare GlowSerum,Aesthetic,Dermacare,D2C,1,27.35,GBP,0.0,27.35,27.35
TXN-GB-3-001812,2026-08-27 22:27:34,2026-08-27 22:28:34,GB,Legacy Oracle EBS,E,SAN-001,SanaPlus PainRelief,OTC,SanaPlus,D2C,1,8.12,GBP,0.15,8.12,6.9
TXN-GB-3-001813,2026-08-27 20:04:34,2026-08-27 20:06:34,GB,Legacy Oracle EBS,E,VIT-002,Vitalis Multivit,Supplement,Vitalis,Wholesale,10,14.53,GBP,0.0,145.3,145.3
TXN-GB-3-001814,2026-08-27 02:43:03,2026-08-27 02:46:03,GB,Legacy Oracle EBS,E,VIT-001,Vitalis C1000,Supplement,Vitalis,Wholesale,1,17.95,GBP,0.2,17.95,14.36
TXN-GB-3-001815,2026-08-27 23:40:51,2026-08-27 23:44:51,GB,Legacy Oracle EBS,E,SAN-001,SanaPlus PainRelief,OTC,SanaPlus,D2C,11,8.12,GBP,0.0,89.32,89.32
TXN-GB-3-001816,2026-08-27 15:25:14,2026-08-27 15:27:14,GB,Legacy Oracle EBS,E,VIT-001,Vitalis C1000,Supplement,Vitalis,Pharmacy/B2B,4,17.95,GBP,0.0,71.8,71.8
TXN-GB-3-001817,2026-08-27 13:39:47,2026-08-27 13:44:47,GB,Legacy Oracle EBS,E,SAN-001,SanaPlus PainRelief,OTC,SanaPlus,E-commerce,9,8.12,GBP,0.15,73.08,62.12
TXN-GB-3-001818,2026-08-27 21:32:17,2026-08-27 21:35:17,GB,Legacy Oracle EBS,E,SAN-001,SanaPlus PainRelief,OTC,SanaPlus,Wholesale,8,8.12,GBP,0.15,64.96,55.22
TXN-GB-3-001819,2026-08-27 02:50:16,2026-08-27 02:56:16,GB,Legacy Oracle EBS,E,DER-001,Dermacare GlowSerum,Aesthetic,Dermacare,Pharmacy/B2B,5,27.35,GBP,0.1,136.75,123.08
TXN-GB-3-001820,2026-08-27 01:07:24,2026-08-27 01:10:24,GB,Legacy Oracle EBS,E,DER-002,Dermacare LiftCream,Aesthetic,Dermacare,E-commerce,6,31.62,GBP,0.1,189.72,170.75
TXN-GB-3-001821,2026-08-27 18:13:05,2026-08-27 18:16:05,GB,Legacy Oracle EBS,E,SAN-001,SanaPlus PainRelief,OTC,SanaPlus,D2C,5,8.12,GBP,0.1,40.6,36.54
TXN-GB-3-001822,2026-08-27 04:30:21,2026-08-27 04:32:21,GB,Legacy Oracle EBS,E,SAN-001,SanaPlus PainRelief,OTC,SanaPlus,Wholesale,2,8.12,GBP,0.15,16.24,13.8
TXN-GB-3-001823,2026-08-27 11:50:06,2026-08-27 11:54:06,GB,Legacy Oracle EBS,E,MED-001,Medora Cardio 10mg,Prescription,Medora,E-commerce,8,36.75,GBP,0.0,294.0,294.0
TXN-GB-3-001824,2026-08-27 20:40:01,2026-08-27 20:41:01,GB,Legacy Oracle EBS,E,PUR-001,PureLife GlucoMonitor,Medical Device,PureLife,E-commerce,10,72.65,GBP,0.0,726.5,726.5
TXN-GB-3-001825,2026-08-27 07:40:56,2026-08-27 07:41:56,GB,Legacy Oracle EBS,E,PUR-001,PureLife GlucoMonitor,Medical Device,PureLife,Pharmacy/B2B,4,72.65,GBP,0.0,290.6,290.6
TXN-GB-3-001826,2026-08-27 13:16:27,2026-08-27 13:21:27,GB,Legacy Oracle EBS,E,MED-002,Medora Derm Cream,Prescription,Medora,Pharmacy/B2B,11,22.22,GBP,0.15,244.42,207.76
TXN-GB-3-001827,2026-08-27 08:08:55,2026-08-27 08:13:55,GB,Legacy Oracle EBS,E,MED-001,Medora Cardio 10mg,Prescription,Medora,Pharmacy/B2B,12,36.75,GBP,0.0,441.0,441.0
TXN-GB-3-001828,2026-08-27 06:13:02,2026-08-27 06:19:02,GB,Legacy Oracle EBS,E,SAN-002,SanaPlus ColdFlu,OTC,SanaPlus,D2C,3,8.97,GBP,0.1,26.91,24.22
TXN-GB-3-001829,2026-08-27 15:35:19,2026-08-27 15:41:19,GB,Legacy Oracle EBS,E,SAN-001,SanaPlus PainRelief,OTC,SanaPlus,D2C,5,8.12,GBP,0.2,40.6,32.48
TXN-GB-3-001830,2026-08-27 22:11:28,2026-08-27 22:14:28,GB,Legacy Oracle EBS,E,DER-002,Dermacare LiftCream,Aesthetic,Dermacare,Wholesale,11,31.62,GBP,0.15,347.82,295.65
TXN-GB-3-001831,2026-08-27 23:24:29,2026-08-27 23:28:29,GB,Legacy Oracle EBS,E,MED-002,Medora Derm Cream,Prescription,Medora,D2C,3,22.22,GBP,0.0,66.66,66.66
TXN-GB-3-001832,2026-08-27 19:18:55,2026-08-27 19:21:55,GB,Legacy Oracle EBS,E,DER-002,Dermacare LiftCream,Aesthetic,Dermacare,E-commerce,5,31.62,GBP,0.05,158.1,150.19
TXN-GB-3-001833,2026-08-27 01:55:23,2026-08-27 02:00:23,GB,Legacy Oracle EBS,E,DER-002,Dermacare LiftCream,Aesthetic,Dermacare,D2C,2,31.62,GBP,0.0,63.24,63.24
TXN-GB-3-001834,2026-08-27 09:18:01,2026-08-27 09:19:01,GB,Legacy Oracle EBS,E,DER-002,Dermacare LiftCream,Aesthetic,Dermacare,D2C,3,31.62,GBP,0.2,94.86,75.89
TXN-GB-3-001835,2026-08-27 10:27:50,2026-08-27 10:30:50,GB,Legacy Oracle EBS,E,MED-001,Medora Cardio 10mg,Prescription,Medora,E-commerce,1,36.75,GBP,0.0,36.75,36.75
TXN-GB-3-001836,2026-08-27 02:13:57,2026-08-27 02:14:57,GB,Legacy Oracle EBS,E,PUR-002,PureLife BP Monitor,Medical Device,PureLife,D2C,3,76.92,GBP,0.2,230.76,184.61
TXN-GB-3-001837,2026-08-27 05:02:02,2026-08-27 05:07:02,GB,Legacy Oracle EBS,E,SAN-002,SanaPlus ColdFlu,OTC,SanaPlus,Pharmacy/B2B,12,8.97,GBP,0.15,107.64,91.49
TXN-GB-3-001838,2026-08-27 05:20:00,2026-08-27 05:23:00,GB,Legacy Oracle EBS,E,DER-002,Dermacare LiftCream,Aesthetic,Dermacare,Pharmacy/B2B,6,31.62,GBP,0.0,189.72,189.72
TXN-GB-3-001839,2026-08-27 18:01:33,2026-08-27 18:05:33,GB,Legacy Oracle EBS,E,VIT-002,Vitalis Multivit,Supplement,Vitalis,Wholesale,7,14.53,GBP,0.2,101.71,81.37
TXN-GB-3-001840,2026-08-27 19:06:38,2026-08-27 19:10:38,GB,Legacy Oracle EBS,E,MED-001,Medora Cardio 10mg,Prescription,Medora,Pharmacy/B2B,5,36.75,GBP,0.0,183.75,183.75
TXN-GB-3-001841,2026-08-27 01:31:27,2026-08-27 01:36:27,GB,Legacy Oracle EBS,E,VIT-002,Vitalis Multivit,Supplement,Vitalis,D2C,8,14.53,GBP,0.0,116.24,116.24
TXN-GB-3-001842,2026-08-27 01:57:55,2026-08-27 02:01:55,GB,Legacy Oracle EBS,E,DER-001,Dermacare GlowSerum,Aesthetic,Dermacare,D2C,4,27.35,GBP,0.2,109.4,87.52
TXN-GB-3-001843,2026-08-27 14:30:36,2026-08-27 14:35:36,GB,Legacy Oracle EBS,E,PUR-002,PureLife BP Monitor,Medical Device,PureLife,E-commerce,3,76.92,GBP,0.0,230.76,230.76
TXN-GB-3-001844,2026-08-27 19:13:03,2026-08-27 19:18:03,GB,Legacy Oracle EBS,E,PUR-001,PureLife GlucoMonitor,Medical Device,PureLife,Wholesale,9,72.65,GBP,0.0,653.85,653.85
TXN-GB-3-001845,2026-08-27 06:36:04,2026-08-27 06:40:04,GB,Legacy Oracle EBS,E,PUR-002,PureLife BP Monitor,Medical Device,PureLife,Wholesale,1,76.92,GBP,0.0,76.92,76.92
TXN-GB-3-001846,2026-08-27 14:46:56,2026-08-27 14:50:56,GB,Legacy Oracle EBS,E,SAN-002,SanaPlus ColdFlu,OTC,SanaPlus,Pharmacy/B2B,4,8.97,GBP,0.0,35.88,35.88
TXN-GB-3-001847,2026-08-27 06:16:52,2026-08-27 06:21:52,GB,Legacy Oracle EBS,E,SAN-002,SanaPlus ColdFlu,OTC,SanaPlus,Pharmacy/B2B,8,8.97,GBP,0.05,71.76,68.17
TXN-GB-3-001848,2026-08-27 12:57:22,2026-08-27 13:02:22,GB,Legacy Oracle EBS,E,SAN-002,SanaPlus ColdFlu,OTC,SanaPlus,D2C,10,8.97,GBP,0.0,89.7,89.7
TXN-GB-3-001849,2026-08-27 02:03:56,2026-08-27 02:08:56,GB,Legacy Oracle EBS,E,SAN-002,SanaPlus ColdFlu,OTC,SanaPlus,E-commerce,10,8.97,GBP,0.15,89.7,76.25
TXN-GB-3-001850,2026-08-27 18:32:23,2026-08-27 18:35:23,GB,Legacy Oracle EBS,E,PUR-002,PureLife BP Monitor,Medical Device,PureLife,Wholesale,1,76.92,GBP,0.0,76.92,76.92
TXN-GB-3-001851,2026-08-27 17:12:43,2026-08-27 17:13:43,GB,Legacy Oracle EBS,E,VIT-002,Vitalis Multivit,Supplement,Vitalis,D2C,1,14.53,GBP,0.0,14.53,14.53
TXN-GB-3-001852,2026-08-27 04:53:45,2026-08-27 04:59:45,GB,Legacy Oracle EBS,E,PUR-002,PureLife BP Monitor,Medical Device,PureLife,D2C,2,76.92,GBP,0.1,153.84,138.46
TXN-GB-3-001853,2026-08-27 04:02:43,2026-08-27 04:05:43,GB,Legacy Oracle EBS,E,SAN-002,SanaPlus ColdFlu,OTC,SanaPlus,E-commerce,10,8.97,GBP,0.05,89.7,85.22
TXN-GB-3-001854,2026-08-27 01:05:16,2026-08-27 01:11:16,GB,Legacy Oracle EBS,E,PUR-001,PureLife GlucoMonitor,Medical Device,PureLife,E-commerce,11,72.65,GBP,0.15,799.15,679.28
TXN-GB-3-001855,2026-08-27 01:11:25,2026-08-27 01:15:25,GB,Legacy Oracle EBS,E,PUR-001,PureLife GlucoMonitor,Medical Device,PureLife,Pharmacy/B2B,9,72.65,GBP,0.2,653.85,523.08
TXN-GB-3-001856,2026-08-27 14:45:46,2026-08-27 14:47:46,GB,Legacy Oracle EBS,E,DER-001,Dermacare GlowSerum,Aesthetic,Dermacare,Wholesale,3,27.35,GBP,0.15,82.05,69.74
TXN-GB-3-001857,2026-08-27 23:31:52,2026-08-27 23:32:52,GB,Legacy Oracle EBS,E,VIT-002,Vitalis Multivit,Supplement,Vitalis,Pharmacy/B2B,4,14.53,GBP,0.0,58.12,58.12
TXN-GB-3-001858,2026-08-27 16:36:54,2026-08-27 16:37:54,GB,Legacy Oracle EBS,E,DER-001,Dermacare GlowSerum,Aesthetic,Dermacare,D2C,3,27.35,GBP,0.0,82.05,82.05
TXN-GB-3-001859,2026-08-27 12:51:58,2026-08-27 12:55:58,GB,Legacy Oracle EBS,E,MED-001,Medora Cardio 10mg,Prescription,Medora,D2C,7,36.75,GBP,0.1,257.25,231.53
TXN-GB-3-001860,2026-08-27 19:27:26,2026-08-27 19:31:26,GB,Legacy Oracle EBS,E,VIT-002,Vitalis Multivit,Supplement,Vitalis,D2C,11,14.53,GBP,0.0,159.83,159.83
TXN-GB-3-001861,2026-08-27 14:54:11,2026-08-27 14:59:11,GB,Legacy Oracle EBS,E,MED-001,Medora Cardio 10mg,Prescription,Medora,Pharmacy/B2B,2,36.75,GBP,0.0,73.5,73.5
TXN-GB-3-001862,2026-08-27 18:22:14,2026-08-27 18:27:14,GB,Legacy Oracle EBS,E,DER-002,Dermacare LiftCream,Aesthetic,Dermacare,D2C,5,31.62,GBP,0.1,158.1,142.29
TXN-GB-3-001863,2026-08-27 10:06:01,2026-08-27 10:07:01,GB,Legacy Oracle EBS,E,MED-002,Medora Derm Cream,Prescription,Medora,D2C,8,22.22,GBP,0.0,177.76,177.76
TXN-GB-3-001864,2026-08-27 15:53:56,2026-08-27 15:55:56,GB,Legacy Oracle EBS,E,VIT-002,Vitalis Multivit,Supplement,Vitalis,Wholesale,10,14.53,GBP,0.0,145.3,145.3
TXN-GB-3-001865,2026-08-27 07:51:49,2026-08-27 07:53:49,GB,Legacy Oracle EBS,E,VIT-002,Vitalis Multivit,Supplement,Vitalis,D2C,7,14.53,GBP,0.1,101.71,91.54
TXN-GB-3-001866,2026-08-27 21:09:52,2026-08-27 21:10:52,GB,Legacy Oracle EBS,E,MED-001,Medora Cardio 10mg,Prescription,Medora,Wholesale,2,36.75,GBP,0.0,73.5,73.5
TXN-GB-3-001867,2026-08-27 18:05:01,2026-08-27 18:07:01,GB,Legacy Oracle EBS,E,DER-001,Dermacare GlowSerum,Aesthetic,Dermacare,D2C,6,27.35,GBP,0.05,164.1,155.89
TXN-GB-3-001868,2026-08-27 06:45:09,2026-08-27 06:50:09,GB,Legacy Oracle EBS,E,VIT-001,Vitalis C1000,Supplement,Vitalis,Pharmacy/B2B,3,17.95,GBP,0.0,53.85,53.85
TXN-GB-3-001869,2026-08-27 02:59:08,2026-08-27 03:00:08,GB,Legacy Oracle EBS,E,DER-001,Dermacare GlowSerum,Aesthetic,Dermacare,D2C,4,27.35,GBP,0.05,109.4,103.93
TXN-GB-3-001870,2026-08-27 22:18:55,2026-08-27 22:22:55,GB,Legacy Oracle EBS,E,VIT-001,Vitalis C1000,Supplement,Vitalis,Wholesale,1,17.95,GBP,0.0,17.95,17.95
TXN-GB-3-001871,2026-08-27 14:55:51,2026-08-27 14:58:51,GB,Legacy Oracle EBS,E,PUR-001,PureLife GlucoMonitor,Medical Device,PureLife,Wholesale,9,72.65,GBP,0.2,653.85,523.08
TXN-GB-3-001872,2026-08-27 05:05:40,2026-08-27 05:09:40,GB,Legacy Oracle EBS,E,PUR-001,PureLife GlucoMonitor,Medical Device,PureLife,Wholesale,4,72.65,GBP,0.0,290.6,290.6
TXN-GB-3-001873,2026-08-27 19:44:52,2026-08-27 19:50:52,GB,Legacy Oracle EBS,E,DER-001,Dermacare GlowSerum,Aesthetic,Dermacare,D2C,12,27.35,GBP,0.1,328.2,295.38
TXN-GB-3-001874,2026-08-27 06:34:03,2026-08-27 06:36:03,GB,Legacy Oracle EBS,E,DER-001,Dermacare GlowSerum,Aesthetic,Dermacare,E-commerce,1,27.35,GBP,0.2,27.35,21.88
TXN-GB-3-001875,2026-08-27 15:08:47,2026-08-27 15:10:47,GB,Legacy Oracle EBS,E,DER-002,Dermacare LiftCream,Aesthetic,Dermacare,Wholesale,8,31.62,GBP,0.2,252.96,202.37
TXN-GB-3-001876,2026-08-27 22:58:44,2026-08-27 23:03:44,GB,Legacy Oracle EBS,E,PUR-002,PureLife BP Monitor,Medical Device,PureLife,E-commerce,9,76.92,GBP,0.0,692.28,692.28
TXN-GB-3-001877,2026-08-27 20:27:58,2026-08-27 20:32:58,GB,Legacy Oracle EBS,E,MED-002,Medora Derm Cream,Prescription,Medora,E-commerce,10,22.22,GBP,0.1,222.2,199.98
TXN-GB-3-001878,2026-08-27 11:29:01,2026-08-27 11:33:01,GB,Legacy Oracle EBS,E,VIT-001,Vitalis C1000,Supplement,Vitalis,E-commerce,2,17.95,GBP,0.15,35.9,30.51
TXN-GB-3-001879,2026-08-27 02:59:07,2026-08-27 03:03:07,GB,Legacy Oracle EBS,E,SAN-002,SanaPlus ColdFlu,OTC,SanaPlus,Wholesale,10,8.97,GBP,0.0,89.7,89.7
TXN-GB-3-001880,2026-08-27 02:01:10,2026-08-27 02:03:10,GB,Legacy Oracle EBS,E,VIT-001,Vitalis C1000,Supplement,Vitalis,Wholesale,8,17.95,GBP,0.1,143.6,129.24
TXN-GB-3-001881,2026-08-27 14:39:20,2026-08-27 14:45:20,GB,Legacy Oracle EBS,E,PUR-002,PureLife BP Monitor,Medical Device,PureLife,Pharmacy/B2B,8,76.92,GBP,0.1,615.36,553.82
TXN-GB-3-001882,2026-08-27 02:37:33,2026-08-27 02:41:33,GB,Legacy Oracle EBS,E,SAN-001,SanaPlus PainRelief,OTC,SanaPlus,Wholesale,10,8.12,GBP,0.0,81.2,81.2
TXN-GB-3-001883,2026-08-27 19:34:34,2026-08-27 19:38:34,GB,Legacy Oracle EBS,E,MED-002,Medora Derm Cream,Prescription,Medora,Pharmacy/B2B,3,22.22,GBP,0.0,66.66,66.66
TXN-GB-3-001884,2026-08-27 14:35:00,2026-08-27 14:39:00,GB,Legacy Oracle EBS,E,VIT-002,Vitalis Multivit,Supplement,Vitalis,Wholesale,3,14.53,GBP,0.05,43.59,41.41
TXN-GB-3-001885,2026-08-27 17:38:16,2026-08-27 17:41:16,GB,Legacy Oracle EBS,E,VIT-002,Vitalis Multivit,Supplement,Vitalis,D2C,8,14.53,GBP,0.05,116.24,110.43
TXN-GB-3-001886,2026-08-27 12:28:29,2026-08-27 12:33:29,GB,Legacy Oracle EBS,E,VIT-002,Vitalis Multivit,Supplement,Vitalis,Wholesale,3,14.53,GBP,0.0,43.59,43.59
TXN-GB-3-001887,2026-08-27 18:39:01,2026-08-27 18:41:01,GB,Legacy Oracle EBS,E,SAN-002,SanaPlus ColdFlu,OTC,SanaPlus,E-commerce,12,8.97,GBP,0.0,107.64,107.64
TXN-GB-3-001888,2026-08-27 21:04:06,2026-08-27 21:05:06,GB,Legacy Oracle EBS,E,DER-001,Dermacare GlowSerum,Aesthetic,Dermacare,Pharmacy/B2B,7,27.35,GBP,0.0,191.45,191.45
TXN-GB-3-001889,2026-08-27 06:46:43,2026-08-27 06:50:43,GB,Legacy Oracle EBS,E,DER-001,Dermacare GlowSerum,Aesthetic,Dermacare,Pharmacy/B2B,9,27.35,GBP,0.0,246.15,246.15
TXN-GB-3-001890,2026-08-27 08:07:33,2026-08-27 08:12:33,GB,Legacy Oracle EBS,E,VIT-001,Vitalis C1000,Supplement,Vitalis,D2C,6,17.95,GBP,0.05,107.7,102.31
TXN-GB-3-001891,2026-08-27 14:47:12,2026-08-27 14:50:12,GB,Legacy Oracle EBS,E,PUR-002,PureLife BP Monitor,Medical Device,PureLife,E-commerce,11,76.92,GBP,0.15,846.12,719.2
TXN-GB-3-001892,2026-08-27 22:54:06,2026-08-27 22:56:06,GB,Legacy Oracle EBS,E,PUR-002,PureLife BP Monitor,Medical Device,PureLife,E-commerce,1,76.92,GBP,0.2,76.92,61.54
TXN-GB-3-001893,2026-08-27 14:01:13,2026-08-27 14:05:13,GB,Legacy Oracle EBS,E,PUR-002,PureLife BP Monitor,Medical Device,PureLife,E-commerce,9,76.92,GBP,0.0,692.28,692.28
TXN-GB-3-001894,2026-08-27 18:08:15,2026-08-27 18:10:15,GB,Legacy Oracle EBS,E,SAN-002,SanaPlus ColdFlu,OTC,SanaPlus,D2C,1,8.97,GBP,0.0,8.97,8.97
TXN-GB-3-001895,2026-08-27 08:04:46,2026-08-27 08:09:46,GB,Legacy Oracle EBS,E,PUR-001,PureLife GlucoMonitor,Medical Device,PureLife,Wholesale,6,72.65,GBP,0.0,435.9,435.9
TXN-GB-3-001896,2026-08-27 12:16:23,2026-08-27 12:17:23,GB,Legacy Oracle EBS,E,MED-001,Medora Cardio 10mg,Prescription,Medora,Wholesale,2,36.75,GBP,0.0,73.5,73.5
TXN-GB-3-001897,2026-08-27 15:46:35,2026-08-27 15:48:35,GB,Legacy Oracle EBS,E,PUR-001,PureLife GlucoMonitor,Medical Device,PureLife,D2C,11,72.65,GBP,0.0,799.15,799.15
TXN-GB-3-001898,2026-08-27 21:03:08,2026-08-27 21:06:08,GB,Legacy Oracle EBS,E,MED-002,Medora Derm Cream,Prescription,Medora,E-commerce,11,22.22,GBP,0.0,244.42,244.42
TXN-GB-3-001899,2026-08-27 06:26:31,2026-08-27 06:29:31,GB,Legacy Oracle EBS,E,PUR-002,PureLife BP Monitor,Medical Device,PureLife,E-commerce,8,76.92,GBP,0.15,615.36,523.06
TXN-GB-3-001900,2026-08-27 04:56:48,2026-08-27 05:00:48,GB,Legacy Oracle EBS,E,MED-002,Medora Derm Cream,Prescription,Medora,E-commerce,11,22.22,GBP,0.1,244.42,219.98
TXN-GB-3-001901,2026-08-27 19:11:18,2026-08-27 19:13:18,GB,Legacy Oracle EBS,E,VIT-001,Vitalis C1000,Supplement,Vitalis,Wholesale,6,17.95,GBP,0.0,107.7,107.7
TXN-GB-3-001902,2026-08-27 05:59:33,2026-08-27 06:05:33,GB,Legacy Oracle EBS,E,DER-001,Dermacare GlowSerum,Aesthetic,Dermacare,E-commerce,7,27.35,GBP,0.2,191.45,153.16
TXN-GB-3-001903,2026-08-27 02:18:59,2026-08-27 02:20:59,GB,Legacy Oracle EBS,E,MED-001,Medora Cardio 10mg,Prescription,Medora,D2C,7,36.75,GBP,0.1,257.25,231.53
TXN-GB-3-001904,2026-08-27 01:43:08,2026-08-27 01:49:08,GB,Legacy Oracle EBS,E,DER-002,Dermacare LiftCream,Aesthetic,Dermacare,Wholesale,5,31.62,GBP,0.05,158.1,150.19
TXN-GB-3-001905,2026-08-27 14:08:25,2026-08-27 14:14:25,GB,Legacy Oracle EBS,E,DER-002,Dermacare LiftCream,Aesthetic,Dermacare,E-commerce,11,31.62,GBP,0.0,347.82,347.82
TXN-GB-3-001906,2026-08-27 11:07:31,2026-08-27 11:10:31,GB,Legacy Oracle EBS,E,SAN-001,SanaPlus PainRelief,OTC,SanaPlus,D2C,7,8.12,GBP,0.05,56.84,54.0
TXN-GB-3-001907,2026-08-27 06:59:10,2026-08-27 07:00:10,GB,Legacy Oracle EBS,E,PUR-001,PureLife GlucoMonitor,Medical Device,PureLife,D2C,9,72.65,GBP,0.0,653.85,653.85
TXN-GB-3-001908,2026-08-27 01:25:19,2026-08-27 01:31:19,GB,Legacy Oracle EBS,E,MED-002,Medora Derm Cream,Prescription,Medora,E-commerce,3,22.22,GBP,0.0,66.66,66.66
TXN-GB-3-001909,2026-08-27 09:46:56,2026-08-27 09:48:56,GB,Legacy Oracle EBS,E,VIT-002,Vitalis Multivit,Supplement,Vitalis,E-commerce,5,14.53,GBP,0.2,72.65,58.12
TXN-GB-3-001910,2026-08-27 12:15:27,2026-08-27 12:21:27,GB,Legacy Oracle EBS,E,VIT-002,Vitalis Multivit,Supplement,Vitalis,Wholesale,6,14.53,GBP,0.0,87.18,87.18
TXN-GB-3-001911,2026-08-27 05:26:41,2026-08-27 05:32:41,GB,Legacy Oracle EBS,E,MED-002,Medora Derm Cream,Prescription,Medora,Pharmacy/B2B,4,22.22,GBP,0.0,88.88,88.88
TXN-GB-3-001912,2026-08-27 09:39:18,2026-08-27 09:42:18,GB,Legacy Oracle EBS,E,MED-002,Medora Derm Cream,Prescription,Medora,E-commerce,4,22.22,GBP,0.0,88.88,88.88
TXN-GB-3-001913,2026-08-27 23:01:53,2026-08-27 23:03:53,GB,Legacy Oracle EBS,E,SAN-001,SanaPlus PainRelief,OTC,SanaPlus,D2C,8,8.12,GBP,0.05,64.96,61.71
TXN-GB-3-001914,2026-08-27 20:14:19,2026-08-27 20:16:19,GB,Legacy Oracle EBS,E,VIT-002,Vitalis Multivit,Supplement,Vitalis,Wholesale,10,14.53,GBP,0.0,145.3,145.3
TXN-GB-3-001915,2026-08-27 17:24:22,2026-08-27 17:25:22,GB,Legacy Oracle EBS,E,PUR-001,PureLife GlucoMonitor,Medical Device,PureLife,Wholesale,4,72.65,GBP,0.1,290.6,261.54
TXN-GB-3-001916,2026-08-27 05:07:57,2026-08-27 05:12:57,GB,Legacy Oracle EBS,E,PUR-001,PureLife GlucoMonitor,Medical Device,PureLife,D2C,3,72.65,GBP,0.0,217.95,217.95
TXN-GB-3-001917,2026-08-27 23:33:59,2026-08-27 23:38:59,GB,Legacy Oracle EBS,E,DER-001,Dermacare GlowSerum,Aesthetic,Dermacare,Wholesale,12,27.35,GBP,0.0,328.2,328.2
TXN-GB-3-001918,2026-08-27 03:12:49,2026-08-27 03:13:49,GB,Legacy Oracle EBS,E,MED-002,Medora Derm Cream,Prescription,Medora,E-commerce,3,22.22,GBP,0.0,66.66,66.66
TXN-GB-3-001919,2026-08-27 20:02:21,2026-08-27 20:03:21,GB,Legacy Oracle EBS,E,SAN-002,SanaPlus ColdFlu,OTC,SanaPlus,D2C,3,8.97,GBP,0.05,26.91,25.56
TXN-GB-3-001920,2026-08-27 21:04:40,2026-08-27 21:07:40,GB,Legacy Oracle EBS,E,MED-001,Medora Cardio 10mg,Prescription,Medora,Pharmacy/B2B,2,36.75,GBP,0.2,73.5,58.8
TXN-GB-3-001921,2026-08-27 22:42:03,2026-08-27 22:48:03,GB,Legacy Oracle EBS,E,DER-001,Dermacare GlowSerum,Aesthetic,Dermacare,D2C,7,27.35,GBP,0.1,191.45,172.31
TXN-GB-3-001922,2026-08-27 17:23:16,2026-08-27 17:25:16,GB,Legacy Oracle EBS,E,DER-002,Dermacare LiftCream,Aesthetic,Dermacare,D2C,7,31.62,GBP,0.2,221.34,177.07
TXN-GB-3-001923,2026-08-27 03:13:33,2026-08-27 03:17:33,GB,Legacy Oracle EBS,E,PUR-001,PureLife GlucoMonitor,Medical Device,PureLife,Pharmacy/B2B,5,72.65,GBP,0.15,363.25,308.76
TXN-GB-3-001924,2026-08-27 07:06:18,2026-08-27 07:12:18,GB,Legacy Oracle EBS,E,DER-002,Dermacare LiftCream,Aesthetic,Dermacare,D2C,5,31.62,GBP,0.2,158.1,126.48
TXN-GB-3-001925,2026-08-27 16:53:00,2026-08-27 16:56:00,GB,Legacy Oracle EBS,E,MED-001,Medora Cardio 10mg,Prescription,Medora,Pharmacy/B2B,12,36.75,GBP,0.0,441.0,441.0
TXN-GB-3-001926,2026-08-27 01:46:24,2026-08-27 01:49:24,GB,Legacy Oracle EBS,E,VIT-001,Vitalis C1000,Supplement,Vitalis,D2C,5,17.95,GBP,0.0,89.75,89.75
TXN-GB-3-001927,2026-08-27 05:37:57,2026-08-27 05:41:57,GB,Legacy Oracle EBS,E,VIT-002,Vitalis Multivit,Supplement,Vitalis,D2C,1,14.53,GBP,0.2,14.53,11.62
TXN-GB-3-001928,2026-08-27 22:15:30,2026-08-27 22:17:30,GB,Legacy Oracle EBS,E,DER-001,Dermacare GlowSerum,Aesthetic,Dermacare,E-commerce,7,27.35,GBP,0.1,191.45,172.31
TXN-GB-3-001929,2026-08-27 02:09:48,2026-08-27 02:11:48,GB,Legacy Oracle EBS,E,DER-001,Dermacare GlowSerum,Aesthetic,Dermacare,Pharmacy/B2B,8,27.35,GBP,0.05,218.8,207.86
TXN-GB-3-001930,2026-08-27 13:58:56,2026-08-27 14:00:56,GB,Legacy Oracle EBS,E,MED-001,Medora Cardio 10mg,Prescription,Medora,E-commerce,3,36.75,GBP,0.05,110.25,104.74
TXN-GB-3-001931,2026-08-27 04:16:35,2026-08-27 04:21:35,GB,Legacy Oracle EBS,E,SAN-001,SanaPlus PainRelief,OTC,SanaPlus,E-commerce,9,8.12,GBP,0.15,73.08,62.12
TXN-GB-3-001932,2026-08-27 08:50:29,2026-08-27 08:52:29,GB,Legacy Oracle EBS,E,DER-002,Dermacare LiftCream,Aesthetic,Dermacare,D2C,12,31.62,GBP,0.0,379.44,379.44
TXN-GB-3-001933,2026-08-27 16:06:43,2026-08-27 16:12:43,GB,Legacy Oracle EBS,E,MED-001,Medora Cardio 10mg,Prescription,Medora,Wholesale,1,36.75,GBP,0.0,36.75,36.75
TXN-GB-3-001934,2026-08-27 10:24:13,2026-08-27 10:26:13,GB,Legacy Oracle EBS,E,PUR-002,PureLife BP Monitor,Medical Device,PureLife,Wholesale,7,76.92,GBP,0.0,538.44,538.44
TXN-GB-3-001935,2026-08-27 07:46:49,2026-08-27 07:49:49,GB,Legacy Oracle EBS,E,DER-001,Dermacare GlowSerum,Aesthetic,Dermacare,Pharmacy/B2B,11,27.35,GBP,0.0,300.85,300.85
TXN-GB-3-001936,2026-08-27 18:11:56,2026-08-27 18:13:56,GB,Legacy Oracle EBS,E,PUR-001,PureLife GlucoMonitor,Medical Device,PureLife,Wholesale,4,72.65,GBP,0.15,290.6,247.01
TXN-GB-3-001937,2026-08-27 12:45:37,2026-08-27 12:48:37,GB,Legacy Oracle EBS,E,DER-001,Dermacare GlowSerum,Aesthetic,Dermacare,E-commerce,2,27.35,GBP,0.0,54.7,54.7
TXN-GB-3-001938,2026-08-27 11:31:30,2026-08-27 11:37:30,GB,Legacy Oracle EBS,E,PUR-002,PureLife BP Monitor,Medical Device,PureLife,E-commerce,1,76.92,GBP,0.0,76.92,76.92
TXN-GB-3-001939,2026-08-27 02:49:33,2026-08-27 02:54:33,GB,Legacy Oracle EBS,E,DER-001,Dermacare GlowSerum,Aesthetic,Dermacare,Pharmacy/B2B,1,27.35,GBP,0.2,27.35,21.88
TXN-GB-3-001940,2026-08-27 17:32:41,2026-08-27 17:38:41,GB,Legacy Oracle EBS,E,DER-001,Dermacare GlowSerum,Aesthetic,Dermacare,Wholesale,3,27.35,GBP,0.1,82.05,73.84
TXN-GB-3-001941,2026-08-27 02:14:16,2026-08-27 02:19:16,GB,Legacy Oracle EBS,E,SAN-002,SanaPlus ColdFlu,OTC,SanaPlus,Pharmacy/B2B,5,8.97,GBP,0.2,44.85,35.88
TXN-GB-3-001942,2026-08-27 20:13:22,2026-08-27 20:15:22,GB,Legacy Oracle EBS,E,DER-002,Dermacare LiftCream,Aesthetic,Dermacare,Pharmacy/B2B,2,31.62,GBP,0.15,63.24,53.75
TXN-GB-3-001943,2026-08-27 05:19:16,2026-08-27 05:24:16,GB,Legacy Oracle EBS,E,MED-001,Medora Cardio 10mg,Prescription,Medora,Wholesale,4,36.75,GBP,0.0,147.0,147.0
TXN-GB-3-001944,2026-08-27 09:40:19,2026-08-27 09:46:19,GB,Legacy Oracle EBS,E,DER-002,Dermacare LiftCream,Aesthetic,Dermacare,Pharmacy/B2B,5,31.62,GBP,0.0,158.1,158.1
TXN-GB-3-001945,2026-08-27 21:04:43,2026-08-27 21:07:43,GB,Legacy Oracle EBS,E,VIT-001,Vitalis C1000,Supplement,Vitalis,D2C,12,17.95,GBP,0.05,215.4,204.63
TXN-GB-3-001946,2026-08-27 18:04:22,2026-08-27 18:10:22,GB,Legacy Oracle EBS,E,SAN-002,SanaPlus ColdFlu,OTC,SanaPlus,Pharmacy/B2B,4,8.97,GBP,0.1,35.88,32.29
TXN-GB-3-001947,2026-08-27 23:18:38,2026-08-27 23:24:38,GB,Legacy Oracle EBS,E,VIT-001,Vitalis C1000,Supplement,Vitalis,D2C,5,17.95,GBP,0.0,89.75,89.75
TXN-GB-3-001948,2026-08-27 05:52:22,2026-08-27 05:57:22,GB,Legacy Oracle EBS,E,VIT-002,Vitalis Multivit,Supplement,Vitalis,D2C,6,14.53,GBP,0.0,87.18,87.18
