transaction_id,order_datetime_utc,ingested_at_utc,country,source_system,source_scenario,product_code,product_name,product_category,brand,sales_channel,quantity,unit_price,currency,discount_pct,gross_amount,net_amount
TXN-CH-3-000001,2026-08-27 10:24:09,2026-08-27 10:25:09,CH,SAP S/4HANA,A,VIT-002,Vitalis Multivit,Supplement,Vitalis,E-commerce,9,16.19,CHF,0.1,145.71,131.14
TXN-CH-3-000002,2026-08-27 05:25:21,2026-08-27 05:29:21,CH,SAP S/4HANA,A,VIT-001,Vitalis C1000,Supplement,Vitalis,D2C,8,20.0,CHF,0.0,160.0,160.0
TXN-CH-3-000003,2026-08-27 08:46:19,2026-08-27 08:50:19,CH,SAP S/4HANA,A,DER-001,Dermacare GlowSerum,Aesthetic,Dermacare,Wholesale,9,30.48,CHF,0.15,274.32,233.17
TXN-CH-3-000004,2026-08-27 00:17:15,2026-08-27 00:19:15,CH,SAP S/4HANA,A,PUR-001,PureLife GlucoMonitor,Medical Device,PureLife,D2C,7,80.95,CHF,0.0,566.65,566.65
TXN-CH-3-000005,2026-08-27 10:28:56,2026-08-27 10:31:56,CH,SAP S/4HANA,A,SAN-002,SanaPlus ColdFlu,OTC,SanaPlus,D2C,6,10.0,CHF,0.2,60.0,48.0
TXN-CH-3-000006,2026-08-27 02:40:50,2026-08-27 02:41:50,CH,SAP S/4HANA,A,DER-002,Dermacare LiftCream,Aesthetic,Dermacare,D2C,6,35.24,CHF,0.2,211.44,169.15
TXN-CH-3-000007,2026-08-27 21:11:25,2026-08-27 21:14:25,CH,SAP S/4HANA,A,PUR-001,PureLife GlucoMonitor,Medical Device,PureLife,E-commerce,10,80.95,CHF,0.15,809.5,688.07
TXN-CH-3-000008,2026-08-27 19:12:28,2026-08-27 19:14:28,CH,SAP S/4HANA,A,MED-002,Medora Derm Cream,Prescription,Medora,D2C,8,24.76,CHF,0.0,198.08,198.08
TXN-CH-3-000009,2026-08-27 21:34:00,2026-08-27 21:37:00,CH,SAP S/4HANA,A,DER-001,Dermacare GlowSerum,Aesthetic,Dermacare,D2C,7,30.48,CHF,0.0,213.36,213.36
TXN-CH-3-000010,2026-08-27 22:05:06,2026-08-27 22:08:06,CH,SAP S/4HANA,A,DER-001,Dermacare GlowSerum,Aesthetic,Dermacare,Wholesale,3,30.48,CHF,0.0,91.44,91.44
TXN-CH-3-000011,2026-08-27 00:07:25,2026-08-27 00:12:25,CH,SAP S/4HANA,A,SAN-002,SanaPlus ColdFlu,OTC,SanaPlus,D2C,5,10.0,CHF,0.15,50.0,42.5
TXN-CH-3-000012,2026-08-27 10:43:33,2026-08-27 10:45:33,CH,SAP S/4HANA,A,DER-001,Dermacare GlowSerum,Aesthetic,Dermacare,D2C,5,30.48,CHF,0.1,152.4,137.16
TXN-CH-3-000013,2026-08-27 08:13:45,2026-08-27 08:17:45,CH,SAP S/4HANA,A,SAN-001,SanaPlus PainRelief,OTC,SanaPlus,Wholesale,10,9.05,CHF,0.0,90.5,90.5
TXN-CH-3-000014,2026-08-27 20:16:23,2026-08-27 20:21:23,CH,SAP S/4HANA,A,DER-002,Dermacare LiftCream,Aesthetic,Dermacare,Wholesale,9,35.24,CHF,0.1,317.16,285.44
TXN-CH-3-000015,2026-08-27 07:23:47,2026-08-27 07:28:47,CH,SAP S/4HANA,A,SAN-001,SanaPlus PainRelief,OTC,SanaPlus,Pharmacy/B2B,7,9.05,CHF,0.1,63.35,57.02
TXN-CH-3-000016,2026-08-27 17:40:25,2026-08-27 17:41:25,CH,SAP S/4HANA,A,SAN-002,SanaPlus ColdFlu,OTC,SanaPlus,Wholesale,12,10.0,CHF,0.2,120.0,96.0
TXN-CH-3-000017,2026-08-27 14:26:45,2026-08-27 14:32:45,CH,SAP S/4HANA,A,VIT-001,Vitalis C1000,Supplement,Vitalis,D2C,9,20.0,CHF,0.0,180.0,180.0
TXN-CH-3-000018,2026-08-27 14:29:33,2026-08-27 14:31:33,CH,SAP S/4HANA,A,VIT-002,Vitalis Multivit,Supplement,Vitalis,D2C,12,16.19,CHF,0.15,194.28,165.14
TXN-CH-3-000019,2026-08-27 03:13:24,2026-08-27 03:18:24,CH,SAP S/4HANA,A,DER-001,Dermacare GlowSerum,Aesthetic,Dermacare,E-commerce,12,30.48,CHF,0.05,365.76,347.47
TXN-CH-3-000020,2026-08-27 09:25:10,2026-08-27 09:29:10,CH,SAP S/4HANA,A,DER-002,Dermacare LiftCream,Aesthetic,Dermacare,Pharmacy/B2B,10,35.24,CHF,0.0,352.4,352.4
TXN-CH-3-000021,2026-08-27 15:51:25,2026-08-27 15:55:25,CH,SAP S/4HANA,A,DER-001,Dermacare GlowSerum,Aesthetic,Dermacare,Wholesale,2,30.48,CHF,0.05,60.96,57.91
TXN-CH-3-000022,2026-08-27 16:37:58,2026-08-27 16:39:58,CH,SAP S/4HANA,A,MED-001,Medora Cardio 10mg,Prescription,Medora,Pharmacy/B2B,3,40.95,CHF,0.0,122.85,122.85
TXN-CH-3-000023,2026-08-27 04:04:31,2026-08-27 04:09:31,CH,SAP S/4HANA,A,VIT-002,Vitalis Multivit,Supplement,Vitalis,Pharmacy/B2B,3,16.19,CHF,0.0,48.57,48.57
TXN-CH-3-000024,2026-08-27 00:47:52,2026-08-27 00:48:52,CH,SAP S/4HANA,A,SAN-001,SanaPlus PainRelief,OTC,SanaPlus,D2C,1,9.05,CHF,0.0,9.05,9.05
TXN-CH-3-000025,2026-08-27 15:45:13,2026-08-27 15:47:13,CH,SAP S/4HANA,A,SAN-001,SanaPlus PainRelief,OTC,SanaPlus,D2C,5,9.05,CHF,0.0,45.25,45.25
TXN-CH-3-000026,2026-08-27 00:58:37,2026-08-27 01:03:37,CH,SAP S/4HANA,A,MED-001,Medora Cardio 10mg,Prescription,Medora,E-commerce,8,40.95,CHF,0.0,327.6,327.6
TXN-CH-3-000027,2026-08-27 04:43:59,2026-08-27 04:46:59,CH,SAP S/4HANA,A,DER-002,Dermacare LiftCream,Aesthetic,Dermacare,E-commerce,5,35.24,CHF,0.0,176.2,176.2
TXN-CH-3-000028,2026-08-27 11:02:58,2026-08-27 11:04:58,CH,SAP S/4HANA,A,MED-001,Medora Cardio 10mg,Prescription,Medora,D2C,7,40.95,CHF,0.1,286.65,257.99
TXN-CH-3-000029,2026-08-27 15:11:25,2026-08-27 15:17:25,CH,SAP S/4HANA,A,MED-001,Medora Cardio 10mg,Prescription,Medora,D2C,11,40.95,CHF,0.1,450.45,405.4
TXN-CH-3-000030,2026-08-27 02:14:59,2026-08-27 02:19:59,CH,SAP S/4HANA,A,VIT-001,Vitalis C1000,Supplement,Vitalis,E-commerce,1,20.0,CHF,0.0,20.0,20.0
TXN-CH-3-000031,2026-08-27 14:30:27,2026-08-27 14:34:27,CH,SAP S/4HANA,A,PUR-002,PureLife BP Monitor,Medical Device,PureLife,E-commerce,11,85.71,CHF,0.1,942.81,848.53
TXN-CH-3-000032,2026-08-27 10:23:04,2026-08-27 10:27:04,CH,SAP S/4HANA,A,VIT-002,Vitalis Multivit,Supplement,Vitalis,D2C,6,16.19,CHF,0.0,97.14,97.14
TXN-CH-3-000033,2026-08-27 13:55:44,2026-08-27 13:58:44,CH,SAP S/4HANA,A,VIT-001,Vitalis C1000,Supplement,Vitalis,E-commerce,7,20.0,CHF,0.0,140.0,140.0
TXN-CH-3-000034,2026-08-27 19:23:01,2026-08-27 19:24:01,CH,SAP S/4HANA,A,DER-002,Dermacare LiftCream,Aesthetic,Dermacare,D2C,10,35.24,CHF,0.05,352.4,334.78
TXN-CH-3-000035,2026-08-27 00:08:06,2026-08-27 00:09:06,CH,SAP S/4HANA,A,MED-002,Medora Derm Cream,Prescription,Medora,Pharmacy/B2B,9,24.76,CHF,0.0,222.84,222.84
TXN-CH-3-000036,2026-08-27 10:12:07,2026-08-27 10:16:07,CH,SAP S/4HANA,A,PUR-002,PureLife BP Monitor,Medical Device,PureLife,D2C,10,85.71,CHF,0.2,857.1,685.68
TXN-CH-3-000037,2026-08-27 23:22:21,2026-08-27 23:23:21,CH,SAP S/4HANA,A,SAN-002,SanaPlus ColdFlu,OTC,SanaPlus,Pharmacy/B2B,6,10.0,CHF,0.1,60.0,54.0
TXN-CH-3-000038,2026-08-27 10:16:34,2026-08-27 10:21:34,CH,SAP S/4HANA,A,PUR-001,PureLife GlucoMonitor,Medical Device,PureLife,E-commerce,6,80.95,CHF,0.1,485.7,437.13
TXN-CH-3-000039,2026-08-27 02:30:30,2026-08-27 02:32:30,CH,SAP S/4HANA,A,MED-001,Medora Cardio 10mg,Prescription,Medora,E-commerce,8,40.95,CHF,0.0,327.6,327.6
TXN-CH-3-000040,2026-08-27 11:54:29,2026-08-27 11:59:29,CH,SAP S/4HANA,A,MED-002,Medora Derm Cream,Prescription,Medora,Pharmacy/B2B,5,24.76,CHF,0.0,123.8,123.8
TXN-CH-3-000041,2026-08-27 15:38:54,2026-08-27 15:43:54,CH,SAP S/4HANA,A,PUR-002,PureLife BP Monitor,Medical Device,PureLife,D2C,1,85.71,CHF,0.2,85.71,68.57
TXN-CH-3-000042,2026-08-27 14:40:59,2026-08-27 14:43:59,CH,SAP S/4HANA,A,DER-002,Dermacare LiftCream,Aesthetic,Dermacare,E-commerce,2,35.24,CHF,0.0,70.48,70.48
TXN-CH-3-000043,2026-08-27 06:19:13,2026-08-27 06:24:13,CH,SAP S/4HANA,A,SAN-002,SanaPlus ColdFlu,OTC,SanaPlus,Pharmacy/B2B,6,10.0,CHF,0.0,60.0,60.0
TXN-CH-3-000044,2026-08-27 05:02:17,2026-08-27 05:07:17,CH,SAP S/4HANA,A,DER-002,Dermacare LiftCream,Aesthetic,Dermacare,D2C,11,35.24,CHF,0.0,387.64,387.64
TXN-CH-3-000045,2026-08-27 18:56:45,2026-08-27 19:00:45,CH,SAP S/4HANA,A,DER-001,Dermacare GlowSerum,Aesthetic,Dermacare,Wholesale,8,30.48,CHF,0.0,243.84,243.84
TXN-CH-3-000046,2026-08-27 23:27:37,2026-08-27 23:32:37,CH,SAP S/4HANA,A,MED-001,Medora Cardio 10mg,Prescription,Medora,E-commerce,4,40.95,CHF,0.0,163.8,163.8
TXN-CH-3-000047,2026-08-27 13:47:23,2026-08-27 13:52:23,CH,SAP S/4HANA,A,VIT-001,Vitalis C1000,Supplement,Vitalis,Wholesale,9,20.0,CHF,0.15,180.0,153.0
TXN-CH-3-000048,2026-08-27 02:15:18,2026-08-27 02:20:18,CH,SAP S/4HANA,A,PUR-002,PureLife BP Monitor,Medical Device,PureLife,Wholesale,1,85.71,CHF,0.05,85.71,81.42
TXN-CH-3-000049,2026-08-27 23:11:05,2026-08-27 23:16:05,CH,SAP S/4HANA,A,SAN-001,SanaPlus PainRelief,OTC,SanaPlus,Wholesale,3,9.05,CHF,0.0,27.15,27.15
TXN-CH-3-000050,2026-08-27 12:29:20,2026-08-27 12:31:20,CH,SAP S/4HANA,A,PUR-002,PureLife BP Monitor,Medical Device,PureLife,Pharmacy/B2B,12,85.71,CHF,0.05,1028.52,977.09
TXN-CH-3-000051,2026-08-27 16:52:58,2026-08-27 16:55:58,CH,SAP S/4HANA,A,MED-001,Medora Cardio 10mg,Prescription,Medora,Wholesale,4,40.95,CHF,0.2,163.8,131.04
TXN-CH-3-000052,2026-08-27 22:33:45,2026-08-27 22:35:45,CH,SAP S/4HANA,A,DER-002,Dermacare LiftCream,Aesthetic,Dermacare,Wholesale,12,35.24,CHF,0.05,422.88,401.74
TXN-CH-3-000053,2026-08-27 21:29:21,2026-08-27 21:35:21,CH,SAP S/4HANA,A,PUR-001,PureLife GlucoMonitor,Medical Device,PureLife,D2C,12,80.95,CHF,0.0,971.4,971.4
TXN-CH-3-000054,2026-08-27 04:31:05,2026-08-27 04:32:05,CH,SAP S/4HANA,A,VIT-001,Vitalis C1000,Supplement,Vitalis,D2C,11,20.0,CHF,0.0,220.0,220.0
TXN-CH-3-000055,2026-08-27 22:15:53,2026-08-27 22:21:53,CH,SAP S/4HANA,A,PUR-001,PureLife GlucoMonitor,Medical Device,PureLife,Wholesale,11,80.95,CHF,0.0,890.45,890.45
TXN-CH-3-000056,2026-08-27 23:45:11,2026-08-27 23:48:11,CH,SAP S/4HANA,A,VIT-002,Vitalis Multivit,Supplement,Vitalis,Wholesale,7,16.19,CHF,0.1,113.33,102.0
TXN-CH-3-000057,2026-08-27 21:43:34,2026-08-27 21:48:34,CH,SAP S/4HANA,A,SAN-002,SanaPlus ColdFlu,OTC,SanaPlus,Wholesale,1,10.0,CHF,0.0,10.0,10.0
TXN-CH-3-000058,2026-08-27 04:14:30,2026-08-27 04:15:30,CH,SAP S/4HANA,A,PUR-001,PureLife GlucoMonitor,Medical Device,PureLife,D2C,4,80.95,CHF,0.0,323.8,323.8
TXN-CH-3-000059,2026-08-27 15:25:47,2026-08-27 15:28:47,CH,SAP S/4HANA,A,VIT-001,Vitalis C1000,Supplement,Vitalis,E-commerce,2,20.0,CHF,0.2,40.0,32.0
TXN-CH-3-000060,2026-08-27 14:20:42,2026-08-27 14:23:42,CH,SAP S/4HANA,A,VIT-001,Vitalis C1000,Supplement,Vitalis,Pharmacy/B2B,10,20.0,CHF,0.2,200.0,160.0
TXN-CH-3-000061,2026-08-27 15:52:23,2026-08-27 15:54:23,CH,SAP S/4HANA,A,SAN-001,SanaPlus PainRelief,OTC,SanaPlus,Wholesale,11,9.05,CHF,0.15,99.55,84.62
TXN-CH-3-000062,2026-08-27 02:52:31,2026-08-27 02:53:31,CH,SAP S/4HANA,A,PUR-001,PureLife GlucoMonitor,Medical Device,PureLife,Wholesale,6,80.95,CHF,0.15,485.7,412.84
TXN-CH-3-000063,2026-08-27 20:37:12,2026-08-27 20:42:12,CH,SAP S/4HANA,A,DER-001,Dermacare GlowSerum,Aesthetic,Dermacare,Pharmacy/B2B,8,30.48,CHF,0.1,243.84,219.46
TXN-CH-3-000064,2026-08-27 15:10:01,2026-08-27 15:12:01,CH,SAP S/4HANA,A,PUR-001,PureLife GlucoMonitor,Medical Device,PureLife,Pharmacy/B2B,3,80.95,CHF,0.0,242.85,242.85
TXN-CH-3-000065,2026-08-27 01:17:17,2026-08-27 01:20:17,CH,SAP S/4HANA,A,DER-002,Dermacare LiftCream,Aesthetic,Dermacare,E-commerce,7,35.24,CHF,0.1,246.68,222.01
TXN-CH-3-000066,2026-08-27 05:04:51,2026-08-27 05:10:51,CH,SAP S/4HANA,A,SAN-001,SanaPlus PainRelief,OTC,SanaPlus,E-commerce,8,9.05,CHF,0.2,72.4,57.92
TXN-CH-3-000067,2026-08-27 12:09:48,2026-08-27 12:10:48,CH,SAP S/4HANA,A,DER-001,Dermacare GlowSerum,Aesthetic,Dermacare,Pharmacy/B2B,7,30.48,CHF,0.15,213.36,181.36
TXN-CH-3-000068,2026-08-27 02:23:42,2026-08-27 02:29:42,CH,SAP S/4HANA,A,SAN-001,SanaPlus PainRelief,OTC,SanaPlus,Pharmacy/B2B,11,9.05,CHF,0.0,99.55,99.55
TXN-CH-3-000069,2026-08-27 11:55:55,2026-08-27 11:56:55,CH,SAP S/4HANA,A,PUR-002,PureLife BP Monitor,Medical Device,PureLife,D2C,8,85.71,CHF,0.0,685.68,685.68
TXN-CH-3-000070,2026-08-27 01:22:18,2026-08-27 01:23:18,CH,SAP S/4HANA,A,PUR-002,PureLife BP Monitor,Medical Device,PureLife,Wholesale,5,85.71,CHF,0.05,428.55,407.12
TXN-CH-3-000071,2026-08-27 13:14:06,2026-08-27 13:16:06,CH,SAP S/4HANA,A,SAN-001,SanaPlus PainRelief,OTC,SanaPlus,E-commerce,5,9.05,CHF,0.1,45.25,40.73
TXN-CH-3-000072,2026-08-27 06:59:37,2026-08-27 07:05:37,CH,SAP S/4HANA,A,MED-002,Medora Derm Cream,Prescription,Medora,Pharmacy/B2B,5,24.76,CHF,0.0,123.8,123.8
TXN-CH-3-000073,2026-08-27 00:36:17,2026-08-27 00:40:17,CH,SAP S/4HANA,A,SAN-001,SanaPlus PainRelief,OTC,SanaPlus,D2C,4,9.05,CHF,0.0,36.2,36.2
TXN-CH-3-000074,2026-08-27 10:54:19,2026-08-27 11:00:19,CH,SAP S/4HANA,A,PUR-002,PureLife BP Monitor,Medical Device,PureLife,D2C,7,85.71,CHF,0.1,599.97,539.97
TXN-CH-3-000075,2026-08-27 05:32:34,2026-08-27 05:35:34,CH,SAP S/4HANA,A,MED-001,Medora Cardio 10mg,Prescription,Medora,Pharmacy/B2B,4,40.95,CHF,0.1,163.8,147.42
TXN-CH-3-000076,2026-08-27 12:21:53,2026-08-27 12:26:53,CH,SAP S/4HANA,A,PUR-001,PureLife GlucoMonitor,Medical Device,PureLife,Wholesale,5,80.95,CHF,0.05,404.75,384.51
TXN-CH-3-000077,2026-08-27 19:12:55,2026-08-27 19:15:55,CH,SAP S/4HANA,A,PUR-001,PureLife GlucoMonitor,Medical Device,PureLife,Pharmacy/B2B,12,80.95,CHF,0.1,971.4,874.26
TXN-CH-3-000078,2026-08-27 13:03:42,2026-08-27 13:09:42,CH,SAP S/4HANA,A,VIT-001,Vitalis C1000,Supplement,Vitalis,E-commerce,9,20.0,CHF,0.0,180.0,180.0
TXN-CH-3-000079,2026-08-27 10:58:10,2026-08-27 11:03:10,CH,SAP S/4HANA,A,DER-002,Dermacare LiftCream,Aesthetic,Dermacare,D2C,11,35.24,CHF,0.2,387.64,310.11
TXN-CH-3-000080,2026-08-27 06:54:04,2026-08-27 06:56:04,CH,SAP S/4HANA,A,VIT-002,Vitalis Multivit,Supplement,Vitalis,Wholesale,3,16.19,CHF,0.15,48.57,41.28
TXN-CH-3-000081,2026-08-27 22:42:45,2026-08-27 22:47:45,CH,SAP S/4HANA,A,VIT-001,Vitalis C1000,Supplement,Vitalis,D2C,10,20.0,CHF,0.1,200.0,180.0
TXN-CH-3-000082,2026-08-27 12:03:03,2026-08-27 12:09:03,CH,SAP S/4HANA,A,SAN-002,SanaPlus ColdFlu,OTC,SanaPlus,Pharmacy/B2B,2,10.0,CHF,0.2,20.0,16.0
TXN-CH-3-000083,2026-08-27 10:02:52,2026-08-27 10:08:52,CH,SAP S/4HANA,A,MED-001,Medora Cardio 10mg,Prescription,Medora,Wholesale,9,40.95,CHF,0.15,368.55,313.27
TXN-CH-3-000084,2026-08-27 09:55:48,2026-08-27 09:56:48,CH,SAP S/4HANA,A,MED-001,Medora Cardio 10mg,Prescription,Medora,Pharmacy/B2B,7,40.95,CHF,0.05,286.65,272.32
TXN-CH-3-000085,2026-08-27 21:45:07,2026-08-27 21:48:07,CH,SAP S/4HANA,A,DER-002,Dermacare LiftCream,Aesthetic,Dermacare,Pharmacy/B2B,10,35.24,CHF,0.1,352.4,317.16
TXN-CH-3-000086,2026-08-27 02:33:52,2026-08-27 02:35:52,CH,SAP S/4HANA,A,MED-001,Medora Cardio 10mg,Prescription,Medora,Pharmacy/B2B,2,40.95,CHF,0.2,81.9,65.52
TXN-CH-3-000087,2026-08-27 03:55:41,2026-08-27 03:59:41,CH,SAP S/4HANA,A,VIT-001,Vitalis C1000,Supplement,Vitalis,E-commerce,12,20.0,CHF,0.0,240.0,240.0
TXN-CH-3-000088,2026-08-27 12:40:39,2026-08-27 12:43:39,CH,SAP S/4HANA,A,DER-001,Dermacare GlowSerum,Aesthetic,Dermacare,D2C,2,30.48,CHF,0.2,60.96,48.77
TXN-CH-3-000089,2026-08-27 21:37:17,2026-08-27 21:43:17,CH,SAP S/4HANA,A,PUR-002,PureLife BP Monitor,Medical Device,PureLife,Pharmacy/B2B,11,85.71,CHF,0.15,942.81,801.39
TXN-CH-3-000090,2026-08-27 08:25:47,2026-08-27 08:30:47,CH,SAP S/4HANA,A,DER-002,Dermacare LiftCream,Aesthetic,Dermacare,Pharmacy/B2B,12,35.24,CHF,0.15,422.88,359.45
TXN-CH-3-000091,2026-08-27 22:21:33,2026-08-27 22:25:33,CH,SAP S/4HANA,A,MED-001,Medora Cardio 10mg,Prescription,Medora,D2C,10,40.95,CHF,0.0,409.5,409.5
TXN-CH-3-000092,2026-08-27 06:19:14,2026-08-27 06:20:14,CH,SAP S/4HANA,A,MED-001,Medora Cardio 10mg,Prescription,Medora,D2C,7,40.95,CHF,0.0,286.65,286.65
TXN-CH-3-000093,2026-08-27 23:53:38,2026-08-27 23:55:38,CH,SAP S/4HANA,A,MED-002,Medora Derm Cream,Prescription,Medora,Wholesale,12,24.76,CHF,0.0,297.12,297.12
TXN-CH-3-000094,2026-08-27 06:02:58,2026-08-27 06:05:58,CH,SAP S/4HANA,A,SAN-001,SanaPlus PainRelief,OTC,SanaPlus,Wholesale,11,9.05,CHF,0.0,99.55,99.55
TXN-CH-3-000095,2026-08-27 16:02:17,2026-08-27 16:07:17,CH,SAP S/4HANA,A,PUR-001,PureLife GlucoMonitor,Medical Device,PureLife,E-commerce,6,80.95,CHF,0.1,485.7,437.13
TXN-CH-3-000096,2026-08-27 21:33:40,2026-08-27 21:36:40,CH,SAP S/4HANA,A,SAN-001,SanaPlus PainRelief,OTC,SanaPlus,Wholesale,3,9.05,CHF,0.15,27.15,23.08
TXN-CH-3-000097,2026-08-27 13:33:46,2026-08-27 13:34:46,CH,SAP S/4HANA,A,VIT-001,Vitalis C1000,Supplement,Vitalis,Pharmacy/B2B,3,20.0,CHF,0.0,60.0,60.0
TXN-CH-3-000098,2026-08-27 20:02:09,2026-08-27 20:06:09,CH,SAP S/4HANA,A,SAN-002,SanaPlus ColdFlu,OTC,SanaPlus,D2C,1,10.0,CHF,0.1,10.0,9.0
TXN-CH-3-000099,2026-08-27 20:43:46,2026-08-27 20:44:46,CH,SAP S/4HANA,A,DER-002,Dermacare LiftCream,Aesthetic,Dermacare,Pharmacy/B2B,2,35.24,CHF,0.1,70.48,63.43
TXN-CH-3-000100,2026-08-27 11:00:15,2026-08-27 11:02:15,CH,SAP S/4HANA,A,MED-001,Medora Cardio 10mg,Prescription,Medora,D2C,11,40.95,CHF,0.1,450.45,405.4
TXN-CH-3-000101,2026-08-27 11:02:04,2026-08-27 11:06:04,CH,SAP S/4HANA,A,MED-002,Medora Derm Cream,Prescription,Medora,Wholesale,4,24.76,CHF,0.0,99.04,99.04
TXN-CH-3-000102,2026-08-27 09:24:26,2026-08-27 09:25:26,CH,SAP S/4HANA,A,SAN-002,SanaPlus ColdFlu,OTC,SanaPlus,Pharmacy/B2B,4,10.0,CHF,0.05,40.0,38.0
TXN-CH-3-000103,2026-08-27 03:31:38,2026-08-27 03:37:38,CH,SAP S/4HANA,A,VIT-001,Vitalis C1000,Supplement,Vitalis,D2C,1,20.0,CHF,0.0,20.0,20.0
TXN-CH-3-000104,2026-08-27 15:29:10,2026-08-27 15:30:10,CH,SAP S/4HANA,A,MED-002,Medora Derm Cream,Prescription,Medora,E-commerce,8,24.76,CHF,0.15,198.08,168.37
TXN-CH-3-000105,2026-08-27 19:11:33,2026-08-27 19:13:33,CH,SAP S/4HANA,A,DER-002,Dermacare LiftCream,Aesthetic,Dermacare,Pharmacy/B2B,10,35.24,CHF,0.0,352.4,352.4
TXN-CH-3-000106,2026-08-27 17:52:22,2026-08-27 17:56:22,CH,SAP S/4HANA,A,MED-001,Medora Cardio 10mg,Prescription,Medora,E-commerce,11,40.95,CHF,0.2,450.45,360.36
TXN-CH-3-000107,2026-08-27 09:07:36,2026-08-27 09:08:36,CH,SAP S/4HANA,A,VIT-001,Vitalis C1000,Supplement,Vitalis,Wholesale,4,20.0,CHF,0.2,80.0,64.0
TXN-CH-3-000108,2026-08-27 11:46:02,2026-08-27 11:50:02,CH,SAP S/4HANA,A,PUR-001,PureLife GlucoMonitor,Medical Device,PureLife,Wholesale,10,80.95,CHF,0.2,809.5,647.6
TXN-CH-3-000109,2026-08-27 13:37:10,2026-08-27 13:40:10,CH,SAP S/4HANA,A,VIT-001,Vitalis C1000,Supplement,Vitalis,Pharmacy/B2B,1,20.0,CHF,0.0,20.0,20.0
TXN-CH-3-000110,2026-08-27 14:36:49,2026-08-27 14:38:49,CH,SAP S/4HANA,A,PUR-002,PureLife BP Monitor,Medical Device,PureLife,Pharmacy/B2B,7,85.71,CHF,0.1,599.97,539.97
TXN-CH-3-000111,2026-08-27 15:39:35,2026-08-27 15:43:35,CH,SAP S/4HANA,A,MED-001,Medora Cardio 10mg,Prescription,Medora,E-commerce,3,40.95,CHF,0.0,122.85,122.85
TXN-CH-3-000112,2026-08-27 19:46:04,2026-08-27 19:50:04,CH,SAP S/4HANA,A,PUR-001,PureLife GlucoMonitor,Medical Device,PureLife,E-commerce,6,80.95,CHF,0.0,485.7,485.7
TXN-CH-3-000113,2026-08-27 19:56:23,2026-08-27 19:58:23,CH,SAP S/4HANA,A,SAN-001,SanaPlus PainRelief,OTC,SanaPlus,Pharmacy/B2B,1,9.05,CHF,0.0,9.05,9.05
TXN-CH-3-000114,2026-08-27 17:04:27,2026-08-27 17:05:27,CH,SAP S/4HANA,A,SAN-001,SanaPlus PainRelief,OTC,SanaPlus,Wholesale,7,9.05,CHF,0.0,63.35,63.35
TXN-CH-3-000115,2026-08-27 01:31:48,2026-08-27 01:32:48,CH,SAP S/4HANA,A,VIT-002,Vitalis Multivit,Supplement,Vitalis,Pharmacy/B2B,7,16.19,CHF,0.0,113.33,113.33
TXN-CH-3-000116,2026-08-27 13:41:01,2026-08-27 13:42:01,CH,SAP S/4HANA,A,VIT-002,Vitalis Multivit,Supplement,Vitalis,E-commerce,7,16.19,CHF,0.0,113.33,113.33
TXN-CH-3-000117,2026-08-27 06:49:03,2026-08-27 06:52:03,CH,SAP S/4HANA,A,SAN-001,SanaPlus PainRelief,OTC,SanaPlus,E-commerce,4,9.05,CHF,0.05,36.2,34.39
TXN-CH-3-000118,2026-08-27 11:13:26,2026-08-27 11:18:26,CH,SAP S/4HANA,A,SAN-002,SanaPlus ColdFlu,OTC,SanaPlus,Wholesale,9,10.0,CHF,0.1,90.0,81.0
TXN-CH-3-000119,2026-08-27 20:44:44,2026-08-27 20:48:44,CH,SAP S/4HANA,A,PUR-001,PureLife GlucoMonitor,Medical Device,PureLife,E-commerce,8,80.95,CHF,0.2,647.6,518.08
TXN-CH-3-000120,2026-08-27 08:13:58,2026-08-27 08:16:58,CH,SAP S/4HANA,A,DER-002,Dermacare LiftCream,Aesthetic,Dermacare,Pharmacy/B2B,8,35.24,CHF,0.0,281.92,281.92
TXN-CH-3-000121,2026-08-27 10:15:11,2026-08-27 10:19:11,CH,SAP S/4HANA,A,VIT-001,Vitalis C1000,Supplement,Vitalis,D2C,10,20.0,CHF,0.1,200.0,180.0
TXN-CH-3-000122,2026-08-27 21:12:16,2026-08-27 21:16:16,CH,SAP S/4HANA,A,PUR-002,PureLife BP Monitor,Medical Device,PureLife,Wholesale,9,85.71,CHF,0.2,771.39,617.11
TXN-CH-3-000123,2026-08-27 15:17:39,2026-08-27 15:19:39,CH,SAP S/4HANA,A,MED-001,Medora Cardio 10mg,Prescription,Medora,D2C,11,40.95,CHF,0.0,450.45,450.45
TXN-CH-3-000124,2026-08-27 01:08:12,2026-08-27 01:12:12,CH,SAP S/4HANA,A,DER-002,Dermacare LiftCream,Aesthetic,Dermacare,E-commerce,9,35.24,CHF,0.0,317.16,317.16
TXN-CH-3-000125,2026-08-27 08:24:13,2026-08-27 08:28:13,CH,SAP S/4HANA,A,MED-001,Medora Cardio 10mg,Prescription,Medora,E-commerce,6,40.95,CHF,0.0,245.7,245.7
TXN-CH-3-000126,2026-08-27 06:55:26,2026-08-27 06:57:26,CH,SAP S/4HANA,A,PUR-002,PureLife BP Monitor,Medical Device,PureLife,Pharmacy/B2B,10,85.71,CHF,0.1,857.1,771.39
TXN-CH-3-000127,2026-08-27 18:48:30,2026-08-27 18:52:30,CH,SAP S/4HANA,A,VIT-001,Vitalis C1000,Supplement,Vitalis,Wholesale,12,20.0,CHF,0.05,240.0,228.0
TXN-CH-3-000128,2026-08-27 01:07:16,2026-08-27 01:09:16,CH,SAP S/4HANA,A,PUR-001,PureLife GlucoMonitor,Medical Device,PureLife,Wholesale,5,80.95,CHF,0.1,404.75,364.28
TXN-CH-3-000129,2026-08-27 21:18:43,2026-08-27 21:24:43,CH,SAP S/4HANA,A,VIT-001,Vitalis C1000,Supplement,Vitalis,E-commerce,4,20.0,CHF,0.2,80.0,64.0
TXN-CH-3-000130,2026-08-27 03:48:03,2026-08-27 03:50:03,CH,SAP S/4HANA,A,MED-002,Medora Derm Cream,Prescription,Medora,Wholesale,10,24.76,CHF,0.1,247.6,222.84
TXN-CH-3-000131,2026-08-27 03:27:09,2026-08-27 03:29:09,CH,SAP S/4HANA,A,VIT-002,Vitalis Multivit,Supplement,Vitalis,Pharmacy/B2B,7,16.19,CHF,0.15,113.33,96.33
TXN-CH-3-000132,2026-08-27 12:45:00,2026-08-27 12:51:00,CH,SAP S/4HANA,A,SAN-002,SanaPlus ColdFlu,OTC,SanaPlus,E-commerce,4,10.0,CHF,0.0,40.0,40.0
TXN-CH-3-000133,2026-08-27 03:49:51,2026-08-27 03:53:51,CH,SAP S/4HANA,A,SAN-001,SanaPlus PainRelief,OTC,SanaPlus,Wholesale,12,9.05,CHF,0.0,108.6,108.6
TXN-CH-3-000134,2026-08-27 14:11:09,2026-08-27 14:16:09,CH,SAP S/4HANA,A,SAN-001,SanaPlus PainRelief,OTC,SanaPlus,Wholesale,8,9.05,CHF,0.0,72.4,72.4
TXN-CH-3-000135,2026-08-27 21:57:24,2026-08-27 22:00:24,CH,SAP S/4HANA,A,DER-002,Dermacare LiftCream,Aesthetic,Dermacare,Pharmacy/B2B,5,35.24,CHF,0.0,176.2,176.2
TXN-CH-3-000136,2026-08-27 23:59:53,2026-08-28 00:05:53,CH,SAP S/4HANA,A,PUR-002,PureLife BP Monitor,Medical Device,PureLife,D2C,2,85.71,CHF,0.15,171.42,145.71
TXN-CH-3-000137,2026-08-27 15:11:33,2026-08-27 15:12:33,CH,SAP S/4HANA,A,DER-002,Dermacare LiftCream,Aesthetic,Dermacare,E-commerce,5,35.24,CHF,0.2,176.2,140.96
TXN-CH-3-000138,2026-08-27 00:09:41,2026-08-27 00:12:41,CH,SAP S/4HANA,A,VIT-002,Vitalis Multivit,Supplement,Vitalis,D2C,8,16.19,CHF,0.05,129.52,123.04
TXN-CH-3-000139,2026-08-27 05:18:02,2026-08-27 05:24:02,CH,SAP S/4HANA,A,VIT-002,Vitalis Multivit,Supplement,Vitalis,Pharmacy/B2B,4,16.19,CHF,0.0,64.76,64.76
TXN-CH-3-000140,2026-08-27 07:20:29,2026-08-27 07:24:29,CH,SAP S/4HANA,A,MED-002,Medora Derm Cream,Prescription,Medora,D2C,4,24.76,CHF,0.0,99.04,99.04
TXN-CH-3-000141,2026-08-27 23:23:59,2026-08-27 23:26:59,CH,SAP S/4HANA,A,DER-001,Dermacare GlowSerum,Aesthetic,Dermacare,D2C,9,30.48,CHF,0.15,274.32,233.17
TXN-CH-3-000142,2026-08-27 13:56:24,2026-08-27 14:00:24,CH,SAP S/4HANA,A,MED-002,Medora Derm Cream,Prescription,Medora,Pharmacy/B2B,6,24.76,CHF,0.0,148.56,148.56
TXN-CH-3-000143,2026-08-27 21:31:19,2026-08-27 21:34:19,CH,SAP S/4HANA,A,DER-002,Dermacare LiftCream,Aesthetic,Dermacare,E-commerce,12,35.24,CHF,0.0,422.88,422.88
TXN-CH-3-000144,2026-08-27 07:26:19,2026-08-27 07:28:19,CH,SAP S/4HANA,A,SAN-001,SanaPlus PainRelief,OTC,SanaPlus,Pharmacy/B2B,7,9.05,CHF,0.0,63.35,63.35
TXN-CH-3-000145,2026-08-27 11:02:40,2026-08-27 11:06:40,CH,SAP S/4HANA,A,VIT-001,Vitalis C1000,Supplement,Vitalis,Pharmacy/B2B,11,20.0,CHF,0.05,220.0,209.0
TXN-CH-3-000146,2026-08-27 01:13:29,2026-08-27 01:18:29,CH,SAP S/4HANA,A,SAN-002,SanaPlus ColdFlu,OTC,SanaPlus,Pharmacy/B2B,2,10.0,CHF,0.2,20.0,16.0
TXN-CH-3-000147,2026-08-27 10:07:01,2026-08-27 10:09:01,CH,SAP S/4HANA,A,DER-002,Dermacare LiftCream,Aesthetic,Dermacare,D2C,6,35.24,CHF,0.15,211.44,179.72
TXN-CH-3-000148,2026-08-27 06:11:40,2026-08-27 06:15:40,CH,SAP S/4HANA,A,VIT-002,Vitalis Multivit,Supplement,Vitalis,D2C,5,16.19,CHF,0.0,80.95,80.95
TXN-CH-3-000149,2026-08-27 12:05:56,2026-08-27 12:09:56,CH,SAP S/4HANA,A,MED-001,Medora Cardio 10mg,Prescription,Medora,Pharmacy/B2B,12,40.95,CHF,0.15,491.4,417.69
TXN-CH-3-000150,2026-08-27 09:02:24,2026-08-27 09:06:24,CH,SAP S/4HANA,A,VIT-002,Vitalis Multivit,Supplement,Vitalis,E-commerce,5,16.19,CHF,0.1,80.95,72.86
TXN-CH-3-000151,2026-08-27 08:14:37,2026-08-27 08:19:37,CH,SAP S/4HANA,A,SAN-001,SanaPlus PainRelief,OTC,SanaPlus,D2C,8,9.05,CHF,0.0,72.4,72.4
TXN-CH-3-000152,2026-08-27 13:32:10,2026-08-27 13:37:10,CH,SAP S/4HANA,A,DER-001,Dermacare GlowSerum,Aesthetic,Dermacare,Wholesale,12,30.48,CHF,0.1,365.76,329.18
TXN-CH-3-000153,2026-08-27 21:54:20,2026-08-27 21:55:20,CH,SAP S/4HANA,A,SAN-001,SanaPlus PainRelief,OTC,SanaPlus,E-commerce,6,9.05,CHF,0.0,54.3,54.3
TXN-CH-3-000154,2026-08-27 09:30:56,2026-08-27 09:34:56,CH,SAP S/4HANA,A,MED-002,Medora Derm Cream,Prescription,Medora,Wholesale,2,24.76,CHF,0.05,49.52,47.04
TXN-CH-3-000155,2026-08-27 02:48:08,2026-08-27 02:50:08,CH,SAP S/4HANA,A,VIT-001,Vitalis C1000,Supplement,Vitalis,Wholesale,2,20.0,CHF,0.0,40.0,40.0
TXN-CH-3-000156,2026-08-27 17:53:52,2026-08-27 17:54:52,CH,SAP S/4HANA,A,MED-002,Medora Derm Cream,Prescription,Medora,D2C,7,24.76,CHF,0.0,173.32,173.32
TXN-CH-3-000157,2026-08-27 00:32:40,2026-08-27 00:36:40,CH,SAP S/4HANA,A,PUR-002,PureLife BP Monitor,Medical Device,PureLife,Pharmacy/B2B,7,85.71,CHF,0.15,599.97,509.97
TXN-CH-3-000158,2026-08-27 15:49:58,2026-08-27 15:55:58,CH,SAP S/4HANA,A,MED-002,Medora Derm Cream,Prescription,Medora,E-commerce,2,24.76,CHF,0.0,49.52,49.52
TXN-CH-3-000159,2026-08-27 04:09:55,2026-08-27 04:11:55,CH,SAP S/4HANA,A,PUR-002,PureLife BP Monitor,Medical Device,PureLife,Wholesale,5,85.71,CHF,0.05,428.55,407.12
TXN-CH-3-000160,2026-08-27 23:12:02,2026-08-27 23:16:02,CH,SAP S/4HANA,A,PUR-001,PureLife GlucoMonitor,Medical Device,PureLife,E-commerce,6,80.95,CHF,0.0,485.7,485.7
TXN-CH-3-000161,2026-08-27 13:49:39,2026-08-27 13:50:39,CH,SAP S/4HANA,A,VIT-001,Vitalis C1000,Supplement,Vitalis,E-commerce,5,20.0,CHF,0.2,100.0,80.0
TXN-CH-3-000162,2026-08-27 15:33:20,2026-08-27 15:39:20,CH,SAP S/4HANA,A,MED-002,Medora Derm Cream,Prescription,Medora,Pharmacy/B2B,10,24.76,CHF,0.0,247.6,247.6
TXN-CH-3-000163,2026-08-27 14:18:01,2026-08-27 14:20:01,CH,SAP S/4HANA,A,VIT-002,Vitalis Multivit,Supplement,Vitalis,E-commerce,1,16.19,CHF,0.1,16.19,14.57
TXN-CH-3-000164,2026-08-27 01:24:36,2026-08-27 01:28:36,CH,SAP S/4HANA,A,SAN-002,SanaPlus ColdFlu,OTC,SanaPlus,E-commerce,3,10.0,CHF,0.1,30.0,27.0
TXN-CH-3-000165,2026-08-27 08:21:07,2026-08-27 08:22:07,CH,SAP S/4HANA,A,MED-001,Medora Cardio 10mg,Prescription,Medora,D2C,7,40.95,CHF,0.0,286.65,286.65
TXN-CH-3-000166,2026-08-27 11:01:19,2026-08-27 11:06:19,CH,SAP S/4HANA,A,MED-002,Medora Derm Cream,Prescription,Medora,Wholesale,10,24.76,CHF,0.0,247.6,247.6
TXN-CH-3-000167,2026-08-27 11:33:38,2026-08-27 11:38:38,CH,SAP S/4HANA,A,DER-001,Dermacare GlowSerum,Aesthetic,Dermacare,Pharmacy/B2B,7,30.48,CHF,0.15,213.36,181.36
TXN-CH-3-000168,2026-08-27 20:05:32,2026-08-27 20:11:32,CH,SAP S/4HANA,A,PUR-002,PureLife BP Monitor,Medical Device,PureLife,Pharmacy/B2B,5,85.71,CHF,0.15,428.55,364.27
TXN-CH-3-000169,2026-08-27 20:45:36,2026-08-27 20:46:36,CH,SAP S/4HANA,A,PUR-001,PureLife GlucoMonitor,Medical Device,PureLife,E-commerce,2,80.95,CHF,0.0,161.9,161.9
TXN-CH-3-000170,2026-08-27 00:59:18,2026-08-27 01:01:18,CH,SAP S/4HANA,A,MED-001,Medora Cardio 10mg,Prescription,Medora,E-commerce,11,40.95,CHF,0.05,450.45,427.93
TXN-CH-3-000171,2026-08-27 07:55:43,2026-08-27 08:01:43,CH,SAP S/4HANA,A,DER-001,Dermacare GlowSerum,Aesthetic,Dermacare,E-commerce,11,30.48,CHF,0.05,335.28,318.52
TXN-CH-3-000172,2026-08-27 12:18:53,2026-08-27 12:22:53,CH,SAP S/4HANA,A,DER-002,Dermacare LiftCream,Aesthetic,Dermacare,D2C,7,35.24,CHF,0.1,246.68,222.01
TXN-CH-3-000173,2026-08-27 13:56:41,2026-08-27 13:59:41,CH,SAP S/4HANA,A,SAN-001,SanaPlus PainRelief,OTC,SanaPlus,E-commerce,1,9.05,CHF,0.1,9.05,8.15
TXN-CH-3-000174,2026-08-27 11:54:33,2026-08-27 11:59:33,CH,SAP S/4HANA,A,VIT-001,Vitalis C1000,Supplement,Vitalis,E-commerce,8,20.0,CHF,0.15,160.0,136.0
TXN-CH-3-000175,2026-08-27 11:34:02,2026-08-27 11:35:02,CH,SAP S/4HANA,A,SAN-001,SanaPlus PainRelief,OTC,SanaPlus,D2C,7,9.05,CHF,0.0,63.35,63.35
TXN-CH-3-000176,2026-08-27 13:52:06,2026-08-27 13:56:06,CH,SAP S/4HANA,A,MED-001,Medora Cardio 10mg,Prescription,Medora,Pharmacy/B2B,12,40.95,CHF,0.05,491.4,466.83
TXN-CH-3-000177,2026-08-27 05:15:18,2026-08-27 05:21:18,CH,SAP S/4HANA,A,PUR-002,PureLife BP Monitor,Medical Device,PureLife,D2C,9,85.71,CHF,0.0,771.39,771.39
TXN-CH-3-000178,2026-08-27 22:25:25,2026-08-27 22:31:25,CH,SAP S/4HANA,A,MED-002,Medora Derm Cream,Prescription,Medora,Wholesale,6,24.76,CHF,0.1,148.56,133.7
TXN-CH-3-000179,2026-08-27 10:50:23,2026-08-27 10:55:23,CH,SAP S/4HANA,A,MED-002,Medora Derm Cream,Prescription,Medora,D2C,5,24.76,CHF,0.0,123.8,123.8
TXN-CH-3-000180,2026-08-27 13:52:26,2026-08-27 13:57:26,CH,SAP S/4HANA,A,DER-001,Dermacare GlowSerum,Aesthetic,Dermacare,Pharmacy/B2B,6,30.48,CHF,0.0,182.88,182.88
TXN-CH-3-000181,2026-08-27 12:54:55,2026-08-27 12:58:55,CH,SAP S/4HANA,A,VIT-002,Vitalis Multivit,Supplement,Vitalis,D2C,10,16.19,CHF,0.1,161.9,145.71
TXN-CH-3-000182,2026-08-27 18:34:32,2026-08-27 18:37:32,CH,SAP S/4HANA,A,MED-001,Medora Cardio 10mg,Prescription,Medora,E-commerce,1,40.95,CHF,0.1,40.95,36.86
TXN-CH-3-000183,2026-08-27 07:32:06,2026-08-27 07:37:06,CH,SAP S/4HANA,A,PUR-002,PureLife BP Monitor,Medical Device,PureLife,E-commerce,5,85.71,CHF,0.0,428.55,428.55
TXN-CH-3-000184,2026-08-27 21:08:38,2026-08-27 21:14:38,CH,SAP S/4HANA,A,MED-001,Medora Cardio 10mg,Prescription,Medora,Pharmacy/B2B,10,40.95,CHF,0.2,409.5,327.6
TXN-CH-3-000185,2026-08-27 02:23:01,2026-08-27 02:26:01,CH,SAP S/4HANA,A,SAN-001,SanaPlus PainRelief,OTC,SanaPlus,E-commerce,3,9.05,CHF,0.0,27.15,27.15
TXN-CH-3-000186,2026-08-27 20:21:12,2026-08-27 20:24:12,CH,SAP S/4HANA,A,VIT-002,Vitalis Multivit,Supplement,Vitalis,E-commerce,4,16.19,CHF,0.15,64.76,55.05
TXN-CH-3-000187,2026-08-27 00:09:21,2026-08-27 00:13:21,CH,SAP S/4HANA,A,SAN-001,SanaPlus PainRelief,OTC,SanaPlus,Wholesale,5,9.05,CHF,0.2,45.25,36.2
TXN-CH-3-000188,2026-08-27 12:47:32,2026-08-27 12:49:32,CH,SAP S/4HANA,A,SAN-001,SanaPlus PainRelief,OTC,SanaPlus,Pharmacy/B2B,2,9.05,CHF,0.0,18.1,18.1
TXN-CH-3-000189,2026-08-27 16:55:31,2026-08-27 17:01:31,CH,SAP S/4HANA,A,SAN-001,SanaPlus PainRelief,OTC,SanaPlus,Pharmacy/B2B,3,9.05,CHF,0.15,27.15,23.08
TXN-CH-3-000190,2026-08-27 23:25:07,2026-08-27 23:28:07,CH,SAP S/4HANA,A,DER-002,Dermacare LiftCream,Aesthetic,Dermacare,E-commerce,12,35.24,CHF,0.15,422.88,359.45
TXN-CH-3-000191,2026-08-27 13:39:09,2026-08-27 13:44:09,CH,SAP S/4HANA,A,DER-002,Dermacare LiftCream,Aesthetic,Dermacare,E-commerce,9,35.24,CHF,0.2,317.16,253.73
TXN-CH-3-000192,2026-08-27 02:09:27,2026-08-27 02:12:27,CH,SAP S/4HANA,A,DER-001,Dermacare GlowSerum,Aesthetic,Dermacare,Wholesale,8,30.48,CHF,0.0,243.84,243.84
TXN-CH-3-000193,2026-08-27 15:09:08,2026-08-27 15:12:08,CH,SAP S/4HANA,A,PUR-002,PureLife BP Monitor,Medical Device,PureLife,E-commerce,3,85.71,CHF,0.0,257.13,257.13
TXN-CH-3-000194,2026-08-27 03:57:48,2026-08-27 04:01:48,CH,SAP S/4HANA,A,SAN-001,SanaPlus PainRelief,OTC,SanaPlus,Wholesale,5,9.05,CHF,0.0,45.25,45.25
TXN-CH-3-000195,2026-08-27 17:58:44,2026-08-27 18:04:44,CH,SAP S/4HANA,A,MED-001,Medora Cardio 10mg,Prescription,Medora,Pharmacy/B2B,12,40.95,CHF,0.1,491.4,442.26
TXN-CH-3-000196,2026-08-27 22:26:38,2026-08-27 22:30:38,CH,SAP S/4HANA,A,VIT-001,Vitalis C1000,Supplement,Vitalis,E-commerce,10,20.0,CHF,0.2,200.0,160.0
TXN-CH-3-000197,2026-08-27 18:12:47,2026-08-27 18:18:47,CH,SAP S/4HANA,A,SAN-002,SanaPlus ColdFlu,OTC,SanaPlus,Wholesale,10,10.0,CHF,0.1,100.0,90.0
TXN-CH-3-000198,2026-08-27 01:47:41,2026-08-27 01:51:41,CH,SAP S/4HANA,A,DER-001,Dermacare GlowSerum,Aesthetic,Dermacare,Wholesale,6,30.48,CHF,0.0,182.88,182.88
TXN-CH-3-000199,2026-08-27 05:21:21,2026-08-27 05:24:21,CH,SAP S/4HANA,A,PUR-001,PureLife GlucoMonitor,Medical Device,PureLife,D2C,4,80.95,CHF,0.0,323.8,323.8
TXN-CH-3-000200,2026-08-27 08:57:36,2026-08-27 09:00:36,CH,SAP S/4HANA,A,DER-001,Dermacare GlowSerum,Aesthetic,Dermacare,Wholesale,12,30.48,CHF,0.05,365.76,347.47
TXN-CH-3-000201,2026-08-27 07:31:24,2026-08-27 07:32:24,CH,SAP S/4HANA,A,SAN-001,SanaPlus PainRelief,OTC,SanaPlus,Pharmacy/B2B,11,9.05,CHF,0.0,99.55,99.55
TXN-CH-3-000202,2026-08-27 01:53:33,2026-08-27 01:58:33,CH,SAP S/4HANA,A,SAN-002,SanaPlus ColdFlu,OTC,SanaPlus,E-commerce,7,10.0,CHF,0.0,70.0,70.0
TXN-CH-3-000203,2026-08-27 23:31:45,2026-08-27 23:35:45,CH,SAP S/4HANA,A,DER-002,Dermacare LiftCream,Aesthetic,Dermacare,E-commerce,8,35.24,CHF,0.0,281.92,281.92
TXN-CH-3-000204,2026-08-27 21:59:52,2026-08-27 22:01:52,CH,SAP S/4HANA,A,DER-001,Dermacare GlowSerum,Aesthetic,Dermacare,Wholesale,7,30.48,CHF,0.0,213.36,213.36
TXN-CH-3-000205,2026-08-27 04:59:05,2026-08-27 05:04:05,CH,SAP S/4HANA,A,PUR-001,PureLife GlucoMonitor,Medical Device,PureLife,D2C,5,80.95,CHF,0.0,404.75,404.75
TXN-CH-3-000206,2026-08-27 11:20:29,2026-08-27 11:22:29,CH,SAP S/4HANA,A,SAN-002,SanaPlus ColdFlu,OTC,SanaPlus,E-commerce,11,10.0,CHF,0.0,110.0,110.0
TXN-CH-3-000207,2026-08-27 15:17:23,2026-08-27 15:18:23,CH,SAP S/4HANA,A,VIT-001,Vitalis C1000,Supplement,Vitalis,Wholesale,10,20.0,CHF,0.0,200.0,200.0
TXN-CH-3-000208,2026-08-27 20:14:37,2026-08-27 20:19:37,CH,SAP S/4HANA,A,DER-002,Dermacare LiftCream,Aesthetic,Dermacare,Wholesale,6,35.24,CHF,0.2,211.44,169.15
TXN-CH-3-000209,2026-08-27 18:01:09,2026-08-27 18:06:09,CH,SAP S/4HANA,A,DER-002,Dermacare LiftCream,Aesthetic,Dermacare,E-commerce,6,35.24,CHF,0.1,211.44,190.3
TXN-CH-3-000210,2026-08-27 09:50:51,2026-08-27 09:53:51,CH,SAP S/4HANA,A,DER-001,Dermacare GlowSerum,Aesthetic,Dermacare,E-commerce,5,30.48,CHF,0.0,152.4,152.4
TXN-CH-3-000211,2026-08-27 18:15:31,2026-08-27 18:21:31,CH,SAP S/4HANA,A,SAN-002,SanaPlus ColdFlu,OTC,SanaPlus,E-commerce,6,10.0,CHF,0.05,60.0,57.0
TXN-CH-3-000212,2026-08-27 11:14:28,2026-08-27 11:18:28,CH,SAP S/4HANA,A,VIT-001,Vitalis C1000,Supplement,Vitalis,Pharmacy/B2B,7,20.0,CHF,0.05,140.0,133.0
TXN-CH-3-000213,2026-08-27 12:25:16,2026-08-27 12:27:16,CH,SAP S/4HANA,A,DER-002,Dermacare LiftCream,Aesthetic,Dermacare,E-commerce,6,35.24,CHF,0.15,211.44,179.72
TXN-CH-3-000214,2026-08-27 21:44:52,2026-08-27 21:50:52,CH,SAP S/4HANA,A,DER-001,Dermacare GlowSerum,Aesthetic,Dermacare,D2C,6,30.48,CHF,0.0,182.88,182.88
TXN-CH-3-000215,2026-08-27 19:17:50,2026-08-27 19:22:50,CH,SAP S/4HANA,A,PUR-001,PureLife GlucoMonitor,Medical Device,PureLife,Pharmacy/B2B,1,80.95,CHF,0.0,80.95,80.95
TXN-CH-3-000216,2026-08-27 18:09:38,2026-08-27 18:15:38,CH,SAP S/4HANA,A,DER-001,Dermacare GlowSerum,Aesthetic,Dermacare,Wholesale,7,30.48,CHF,0.2,213.36,170.69
TXN-CH-3-000217,2026-08-27 15:36:18,2026-08-27 15:42:18,CH,SAP S/4HANA,A,DER-002,Dermacare LiftCream,Aesthetic,Dermacare,Pharmacy/B2B,6,35.24,CHF,0.05,211.44,200.87
TXN-CH-3-000218,2026-08-27 22:56:45,2026-08-27 22:58:45,CH,SAP S/4HANA,A,MED-001,Medora Cardio 10mg,Prescription,Medora,Wholesale,12,40.95,CHF,0.0,491.4,491.4
TXN-CH-3-000219,2026-08-27 20:52:29,2026-08-27 20:54:29,CH,SAP S/4HANA,A,SAN-002,SanaPlus ColdFlu,OTC,SanaPlus,Wholesale,10,10.0,CHF,0.05,100.0,95.0
TXN-CH-3-000220,2026-08-27 17:02:42,2026-08-27 17:08:42,CH,SAP S/4HANA,A,DER-001,Dermacare GlowSerum,Aesthetic,Dermacare,Wholesale,9,30.48,CHF,0.0,274.32,274.32
TXN-CH-3-000221,2026-08-27 01:13:54,2026-08-27 01:14:54,CH,SAP S/4HANA,A,VIT-001,Vitalis C1000,Supplement,Vitalis,Wholesale,4,20.0,CHF,0.2,80.0,64.0
TXN-CH-3-000222,2026-08-27 03:27:24,2026-08-27 03:29:24,CH,SAP S/4HANA,A,DER-002,Dermacare LiftCream,Aesthetic,Dermacare,E-commerce,7,35.24,CHF,0.2,246.68,197.34
TXN-CH-3-000223,2026-08-27 12:04:51,2026-08-27 12:05:51,CH,SAP S/4HANA,A,VIT-001,Vitalis C1000,Supplement,Vitalis,D2C,6,20.0,CHF,0.1,120.0,108.0
TXN-CH-3-000224,2026-08-27 12:23:59,2026-08-27 12:27:59,CH,SAP S/4HANA,A,PUR-002,PureLife BP Monitor,Medical Device,PureLife,E-commerce,6,85.71,CHF,0.0,514.26,514.26
TXN-CH-3-000225,2026-08-27 08:58:03,2026-08-27 09:01:03,CH,SAP S/4HANA,A,MED-001,Medora Cardio 10mg,Prescription,Medora,E-commerce,12,40.95,CHF,0.0,491.4,491.4
TXN-CH-3-000226,2026-08-27 04:23:25,2026-08-27 04:28:25,CH,SAP S/4HANA,A,PUR-002,PureLife BP Monitor,Medical Device,PureLife,Pharmacy/B2B,7,85.71,CHF,0.0,599.97,599.97
TXN-CH-3-000227,2026-08-27 07:39:38,2026-08-27 07:43:38,CH,SAP S/4HANA,A,PUR-002,PureLife BP Monitor,Medical Device,PureLife,Wholesale,8,85.71,CHF,0.15,685.68,582.83
TXN-CH-3-000228,2026-08-27 21:02:41,2026-08-27 21:05:41,CH,SAP S/4HANA,A,SAN-001,SanaPlus PainRelief,OTC,SanaPlus,Wholesale,11,9.05,CHF,0.05,99.55,94.57
TXN-CH-3-000229,2026-08-27 10:26:16,2026-08-27 10:31:16,CH,SAP S/4HANA,A,VIT-001,Vitalis C1000,Supplement,Vitalis,Pharmacy/B2B,6,20.0,CHF,0.0,120.0,120.0
TXN-CH-3-000230,2026-08-27 07:47:33,2026-08-27 07:48:33,CH,SAP S/4HANA,A,PUR-001,PureLife GlucoMonitor,Medical Device,PureLife,E-commerce,8,80.95,CHF,0.2,647.6,518.08
TXN-CH-3-000231,2026-08-27 08:35:32,2026-08-27 08:39:32,CH,SAP S/4HANA,A,PUR-002,PureLife BP Monitor,Medical Device,PureLife,E-commerce,2,85.71,CHF,0.1,171.42,154.28
TXN-CH-3-000232,2026-08-27 03:41:33,2026-08-27 03:47:33,CH,SAP S/4HANA,A,DER-001,Dermacare GlowSerum,Aesthetic,Dermacare,Wholesale,12,30.48,CHF,0.15,365.76,310.9
TXN-CH-3-000233,2026-08-27 16:51:23,2026-08-27 16:52:23,CH,SAP S/4HANA,A,MED-001,Medora Cardio 10mg,Prescription,Medora,Wholesale,7,40.95,CHF,0.2,286.65,229.32
TXN-CH-3-000234,2026-08-27 20:58:30,2026-08-27 21:01:30,CH,SAP S/4HANA,A,DER-002,Dermacare LiftCream,Aesthetic,Dermacare,E-commerce,9,35.24,CHF,0.15,317.16,269.59
TXN-CH-3-000235,2026-08-27 02:00:20,2026-08-27 02:02:20,CH,SAP S/4HANA,A,PUR-001,PureLife GlucoMonitor,Medical Device,PureLife,E-commerce,10,80.95,CHF,0.0,809.5,809.5
TXN-CH-3-000236,2026-08-27 16:52:51,2026-08-27 16:57:51,CH,SAP S/4HANA,A,MED-002,Medora Derm Cream,Prescription,Medora,Wholesale,9,24.76,CHF,0.1,222.84,200.56
TXN-CH-3-000237,2026-08-27 12:56:17,2026-08-27 13:02:17,CH,SAP S/4HANA,A,VIT-001,Vitalis C1000,Supplement,Vitalis,Wholesale,9,20.0,CHF,0.05,180.0,171.0
TXN-CH-3-000238,2026-08-27 20:57:13,2026-08-27 20:58:13,CH,SAP S/4HANA,A,VIT-002,Vitalis Multivit,Supplement,Vitalis,Pharmacy/B2B,11,16.19,CHF,0.0,178.09,178.09
TXN-CH-3-000239,2026-08-27 11:19:00,2026-08-27 11:22:00,CH,SAP S/4HANA,A,MED-002,Medora Derm Cream,Prescription,Medora,E-commerce,10,24.76,CHF,0.2,247.6,198.08
TXN-CH-3-000240,2026-08-27 16:05:10,2026-08-27 16:10:10,CH,SAP S/4HANA,A,PUR-002,PureLife BP Monitor,Medical Device,PureLife,Pharmacy/B2B,12,85.71,CHF,0.05,1028.52,977.09
TXN-CH-3-000241,2026-08-27 16:41:50,2026-08-27 16:42:50,CH,SAP S/4HANA,A,DER-001,Dermacare GlowSerum,Aesthetic,Dermacare,Pharmacy/B2B,4,30.48,CHF,0.05,121.92,115.82
TXN-CH-3-000242,2026-08-27 01:24:04,2026-08-27 01:25:04,CH,SAP S/4HANA,A,PUR-001,PureLife GlucoMonitor,Medical Device,PureLife,Pharmacy/B2B,2,80.95,CHF,0.0,161.9,161.9
TXN-CH-3-000243,2026-08-27 16:10:17,2026-08-27 16:12:17,CH,SAP S/4HANA,A,SAN-002,SanaPlus ColdFlu,OTC,SanaPlus,D2C,3,10.0,CHF,0.2,30.0,24.0
TXN-CH-3-000244,2026-08-27 17:57:30,2026-08-27 18:02:30,CH,SAP S/4HANA,A,SAN-001,SanaPlus PainRelief,OTC,SanaPlus,D2C,12,9.05,CHF,0.0,108.6,108.6
TXN-CH-3-000245,2026-08-27 05:13:08,2026-08-27 05:17:08,CH,SAP S/4HANA,A,MED-002,Medora Derm Cream,Prescription,Medora,Pharmacy/B2B,6,24.76,CHF,0.15,148.56,126.28
TXN-CH-3-000246,2026-08-27 07:57:48,2026-08-27 08:03:48,CH,SAP S/4HANA,A,PUR-001,PureLife GlucoMonitor,Medical Device,PureLife,E-commerce,5,80.95,CHF,0.2,404.75,323.8
TXN-CH-3-000247,2026-08-27 22:22:26,2026-08-27 22:28:26,CH,SAP S/4HANA,A,PUR-001,PureLife GlucoMonitor,Medical Device,PureLife,Wholesale,11,80.95,CHF,0.05,890.45,845.93
TXN-CH-3-000248,2026-08-27 19:51:52,2026-08-27 19:57:52,CH,SAP S/4HANA,A,PUR-002,PureLife BP Monitor,Medical Device,PureLife,D2C,2,85.71,CHF,0.0,171.42,171.42
TXN-CH-3-000249,2026-08-27 14:04:58,2026-08-27 14:08:58,CH,SAP S/4HANA,A,PUR-002,PureLife BP Monitor,Medical Device,PureLife,Wholesale,11,85.71,CHF,0.15,942.81,801.39
TXN-CH-3-000250,2026-08-27 18:50:45,2026-08-27 18:51:45,CH,SAP S/4HANA,A,PUR-001,PureLife GlucoMonitor,Medical Device,PureLife,Wholesale,9,80.95,CHF,0.0,728.55,728.55
TXN-CH-3-000251,2026-08-27 16:57:06,2026-08-27 17:01:06,CH,SAP S/4HANA,A,VIT-001,Vitalis C1000,Supplement,Vitalis,D2C,12,20.0,CHF,0.15,240.0,204.0
TXN-CH-3-000252,2026-08-27 20:58:59,2026-08-27 21:03:59,CH,SAP S/4HANA,A,DER-001,Dermacare GlowSerum,Aesthetic,Dermacare,Wholesale,3,30.48,CHF,0.2,91.44,73.15
TXN-CH-3-000253,2026-08-27 09:03:01,2026-08-27 09:05:01,CH,SAP S/4HANA,A,SAN-001,SanaPlus PainRelief,OTC,SanaPlus,Wholesale,11,9.05,CHF,0.0,99.55,99.55
TXN-CH-3-000254,2026-08-27 17:02:15,2026-08-27 17:07:15,CH,SAP S/4HANA,A,PUR-002,PureLife BP Monitor,Medical Device,PureLife,Pharmacy/B2B,8,85.71,CHF,0.05,685.68,651.4
TXN-CH-3-000255,2026-08-27 03:04:45,2026-08-27 03:05:45,CH,SAP S/4HANA,A,VIT-001,Vitalis C1000,Supplement,Vitalis,Pharmacy/B2B,4,20.0,CHF,0.05,80.0,76.0
TXN-CH-3-000256,2026-08-27 19:27:21,2026-08-27 19:31:21,CH,SAP S/4HANA,A,SAN-001,SanaPlus PainRelief,OTC,SanaPlus,Pharmacy/B2B,2,9.05,CHF,0.1,18.1,16.29
TXN-CH-3-000257,2026-08-27 22:24:21,2026-08-27 22:30:21,CH,SAP S/4HANA,A,SAN-001,SanaPlus PainRelief,OTC,SanaPlus,Wholesale,5,9.05,CHF,0.05,45.25,42.99
TXN-CH-3-000258,2026-08-27 02:50:15,2026-08-27 02:54:15,CH,SAP S/4HANA,A,PUR-002,PureLife BP Monitor,Medical Device,PureLife,E-commerce,9,85.71,CHF,0.1,771.39,694.25
TXN-CH-3-000259,2026-08-27 14:40:02,2026-08-27 14:45:02,CH,SAP S/4HANA,A,SAN-001,SanaPlus PainRelief,OTC,SanaPlus,Wholesale,9,9.05,CHF,0.05,81.45,77.38
TXN-CH-3-000260,2026-08-27 09:01:09,2026-08-27 09:06:09,CH,SAP S/4HANA,A,VIT-001,Vitalis C1000,Supplement,Vitalis,D2C,7,20.0,CHF,0.1,140.0,126.0
TXN-CH-3-000261,2026-08-27 19:54:08,2026-08-27 19:58:08,CH,SAP S/4HANA,A,MED-002,Medora Derm Cream,Prescription,Medora,Wholesale,9,24.76,CHF,0.0,222.84,222.84
TXN-CH-3-000262,2026-08-27 12:45:38,2026-08-27 12:46:38,CH,SAP S/4HANA,A,VIT-002,Vitalis Multivit,Supplement,Vitalis,Pharmacy/B2B,3,16.19,CHF,0.05,48.57,46.14
TXN-CH-3-000263,2026-08-27 23:03:12,2026-08-27 23:09:12,CH,SAP S/4HANA,A,DER-002,Dermacare LiftCream,Aesthetic,Dermacare,E-commerce,2,35.24,CHF,0.0,70.48,70.48
TXN-CH-3-000264,2026-08-27 04:39:16,2026-08-27 04:44:16,CH,SAP S/4HANA,A,MED-002,Medora Derm Cream,Prescription,Medora,D2C,10,24.76,CHF,0.0,247.6,247.6
TXN-CH-3-000265,2026-08-27 10:08:50,2026-08-27 10:10:50,CH,SAP S/4HANA,A,DER-001,Dermacare GlowSerum,Aesthetic,Dermacare,Pharmacy/B2B,12,30.48,CHF,0.0,365.76,365.76
TXN-CH-3-000266,2026-08-27 21:36:47,2026-08-27 21:37:47,CH,SAP S/4HANA,A,SAN-002,SanaPlus ColdFlu,OTC,SanaPlus,Pharmacy/B2B,11,10.0,CHF,0.05,110.0,104.5
TXN-CH-3-000267,2026-08-27 07:42:42,2026-08-27 07:47:42,CH,SAP S/4HANA,A,SAN-001,SanaPlus PainRelief,OTC,SanaPlus,D2C,2,9.05,CHF,0.15,18.1,15.39
TXN-CH-3-000268,2026-08-27 05:52:24,2026-08-27 05:57:24,CH,SAP S/4HANA,A,SAN-002,SanaPlus ColdFlu,OTC,SanaPlus,Pharmacy/B2B,4,10.0,CHF,0.2,40.0,32.0
TXN-CH-3-000269,2026-08-27 00:09:39,2026-08-27 00:14:39,CH,SAP S/4HANA,A,PUR-002,PureLife BP Monitor,Medical Device,PureLife,Pharmacy/B2B,12,85.71,CHF,0.05,1028.52,977.09
TXN-CH-3-000270,2026-08-27 22:37:09,2026-08-27 22:38:09,CH,SAP S/4HANA,A,MED-002,Medora Derm Cream,Prescription,Medora,D2C,10,24.76,CHF,0.15,247.6,210.46
TXN-CH-3-000271,2026-08-27 18:35:40,2026-08-27 18:39:40,CH,SAP S/4HANA,A,VIT-001,Vitalis C1000,Supplement,Vitalis,D2C,9,20.0,CHF,0.15,180.0,153.0
TXN-CH-3-000272,2026-08-27 07:40:07,2026-08-27 07:43:07,CH,SAP S/4HANA,A,VIT-002,Vitalis Multivit,Supplement,Vitalis,Pharmacy/B2B,12,16.19,CHF,0.15,194.28,165.14
TXN-CH-3-000273,2026-08-27 14:54:25,2026-08-27 14:58:25,CH,SAP S/4HANA,A,SAN-001,SanaPlus PainRelief,OTC,SanaPlus,Pharmacy/B2B,7,9.05,CHF,0.05,63.35,60.18
TXN-CH-3-000274,2026-08-27 04:11:54,2026-08-27 04:13:54,CH,SAP S/4HANA,A,VIT-002,Vitalis Multivit,Supplement,Vitalis,Pharmacy/B2B,4,16.19,CHF,0.15,64.76,55.05
TXN-CH-3-000275,2026-08-27 21:57:34,2026-08-27 22:03:34,CH,SAP S/4HANA,A,PUR-002,PureLife BP Monitor,Medical Device,PureLife,Wholesale,10,85.71,CHF,0.05,857.1,814.25
TXN-CH-3-000276,2026-08-27 19:20:22,2026-08-27 19:25:22,CH,SAP S/4HANA,A,DER-002,Dermacare LiftCream,Aesthetic,Dermacare,Wholesale,3,35.24,CHF,0.2,105.72,84.58
TXN-CH-3-000277,2026-08-27 09:59:29,2026-08-27 10:01:29,CH,SAP S/4HANA,A,DER-002,Dermacare LiftCream,Aesthetic,Dermacare,E-commerce,5,35.24,CHF,0.15,176.2,149.77
TXN-CH-3-000278,2026-08-27 23:15:26,2026-08-27 23:21:26,CH,SAP S/4HANA,A,VIT-002,Vitalis Multivit,Supplement,Vitalis,Wholesale,12,16.19,CHF,0.05,194.28,184.57
TXN-CH-3-000279,2026-08-27 12:15:01,2026-08-27 12:17:01,CH,SAP S/4HANA,A,VIT-002,Vitalis Multivit,Supplement,Vitalis,D2C,7,16.19,CHF,0.0,113.33,113.33
TXN-CH-3-000280,2026-08-27 16:59:47,2026-08-27 17:00:47,CH,SAP S/4HANA,A,MED-001,Medora Cardio 10mg,Prescription,Medora,Wholesale,4,40.95,CHF,0.0,163.8,163.8
TXN-CH-3-000281,2026-08-27 12:27:10,2026-08-27 12:33:10,CH,SAP S/4HANA,A,DER-001,Dermacare GlowSerum,Aesthetic,Dermacare,Pharmacy/B2B,4,30.48,CHF,0.15,121.92,103.63
TXN-CH-3-000282,2026-08-27 00:19:56,2026-08-27 00:24:56,CH,SAP S/4HANA,A,SAN-002,SanaPlus ColdFlu,OTC,SanaPlus,E-commerce,5,10.0,CHF,0.05,50.0,47.5
TXN-CH-3-000283,2026-08-27 02:48:25,2026-08-27 02:53:25,CH,SAP S/4HANA,A,SAN-002,SanaPlus ColdFlu,OTC,SanaPlus,E-commerce,6,10.0,CHF,0.0,60.0,60.0
TXN-CH-3-000284,2026-08-27 01:37:44,2026-08-27 01:43:44,CH,SAP S/4HANA,A,DER-002,Dermacare LiftCream,Aesthetic,Dermacare,Wholesale,3,35.24,CHF,0.2,105.72,84.58
TXN-CH-3-000285,2026-08-27 04:20:32,2026-08-27 04:25:32,CH,SAP S/4HANA,A,DER-002,Dermacare LiftCream,Aesthetic,Dermacare,Pharmacy/B2B,7,35.24,CHF,0.15,246.68,209.68
TXN-CH-3-000286,2026-08-27 07:08:30,2026-08-27 07:11:30,CH,SAP S/4HANA,A,SAN-002,SanaPlus ColdFlu,OTC,SanaPlus,Wholesale,9,10.0,CHF,0.0,90.0,90.0
TXN-CH-3-000287,2026-08-27 18:41:29,2026-08-27 18:43:29,CH,SAP S/4HANA,A,PUR-002,PureLife BP Monitor,Medical Device,PureLife,Wholesale,5,85.71,CHF,0.0,428.55,428.55
TXN-CH-3-000288,2026-08-27 07:50:41,2026-08-27 07:53:41,CH,SAP S/4HANA,A,VIT-002,Vitalis Multivit,Supplement,Vitalis,Pharmacy/B2B,12,16.19,CHF,0.0,194.28,194.28
TXN-CH-3-000289,2026-08-27 06:52:50,2026-08-27 06:58:50,CH,SAP S/4HANA,A,SAN-001,SanaPlus PainRelief,OTC,SanaPlus,Wholesale,11,9.05,CHF,0.1,99.55,89.59
TXN-CH-3-000290,2026-08-27 06:06:39,2026-08-27 06:12:39,CH,SAP S/4HANA,A,PUR-002,PureLife BP Monitor,Medical Device,PureLife,Wholesale,9,85.71,CHF,0.2,771.39,617.11
TXN-CH-3-000291,2026-08-27 08:13:47,2026-08-27 08:17:47,CH,SAP S/4HANA,A,MED-001,Medora Cardio 10mg,Prescription,Medora,Pharmacy/B2B,3,40.95,CHF,0.0,122.85,122.85
TXN-CH-3-000292,2026-08-27 17:50:35,2026-08-27 17:51:35,CH,SAP S/4HANA,A,MED-001,Medora Cardio 10mg,Prescription,Medora,Pharmacy/B2B,1,40.95,CHF,0.0,40.95,40.95
TXN-CH-3-000293,2026-08-27 18:33:31,2026-08-27 18:35:31,CH,SAP S/4HANA,A,VIT-002,Vitalis Multivit,Supplement,Vitalis,E-commerce,2,16.19,CHF,0.0,32.38,32.38
TXN-CH-3-000294,2026-08-27 05:42:45,2026-08-27 05:47:45,CH,SAP S/4HANA,A,DER-002,Dermacare LiftCream,Aesthetic,Dermacare,Wholesale,11,35.24,CHF,0.0,387.64,387.64
TXN-CH-3-000295,2026-08-27 09:17:06,2026-08-27 09:20:06,CH,SAP S/4HANA,A,VIT-001,Vitalis C1000,Supplement,Vitalis,Wholesale,11,20.0,CHF,0.05,220.0,209.0
TXN-CH-3-000296,2026-08-27 21:58:14,2026-08-27 22:02:14,CH,SAP S/4HANA,A,DER-001,Dermacare GlowSerum,Aesthetic,Dermacare,E-commerce,11,30.48,CHF,0.0,335.28,335.28
TXN-CH-3-000297,2026-08-27 05:27:45,2026-08-27 05:32:45,CH,SAP S/4HANA,A,VIT-001,Vitalis C1000,Supplement,Vitalis,E-commerce,8,20.0,CHF,0.05,160.0,152.0
TXN-CH-3-000298,2026-08-27 14:38:51,2026-08-27 14:40:51,CH,SAP S/4HANA,A,DER-002,Dermacare LiftCream,Aesthetic,Dermacare,E-commerce,2,35.24,CHF,0.0,70.48,70.48
TXN-CH-3-000299,2026-08-27 01:21:00,2026-08-27 01:25:00,CH,SAP S/4HANA,A,DER-001,Dermacare GlowSerum,Aesthetic,Dermacare,Wholesale,2,30.48,CHF,0.0,60.96,60.96
TXN-CH-3-000300,2026-08-27 23:02:49,2026-08-27 23:04:49,CH,SAP S/4HANA,A,DER-002,Dermacare LiftCream,Aesthetic,Dermacare,Wholesale,9,35.24,CHF,0.1,317.16,285.44
TXN-CH-3-000301,2026-08-27 09:07:14,2026-08-27 09:09:14,CH,SAP S/4HANA,A,VIT-002,Vitalis Multivit,Supplement,Vitalis,E-commerce,12,16.19,CHF,0.05,194.28,184.57
TXN-CH-3-000302,2026-08-27 09:32:26,2026-08-27 09:38:26,CH,SAP S/4HANA,A,SAN-002,SanaPlus ColdFlu,OTC,SanaPlus,D2C,12,10.0,CHF,0.2,120.0,96.0
TXN-CH-3-000303,2026-08-27 19:47:19,2026-08-27 19:49:19,CH,SAP S/4HANA,A,DER-002,Dermacare LiftCream,Aesthetic,Dermacare,E-commerce,11,35.24,CHF,0.1,387.64,348.88
TXN-CH-3-000304,2026-08-27 13:09:57,2026-08-27 13:12:57,CH,SAP S/4HANA,A,PUR-001,PureLife GlucoMonitor,Medical Device,PureLife,Pharmacy/B2B,7,80.95,CHF,0.05,566.65,538.32
TXN-CH-3-000305,2026-08-27 03:25:25,2026-08-27 03:28:25,CH,SAP S/4HANA,A,PUR-002,PureLife BP Monitor,Medical Device,PureLife,Wholesale,12,85.71,CHF,0.0,1028.52,1028.52
TXN-CH-3-000306,2026-08-27 00:59:29,2026-08-27 01:04:29,CH,SAP S/4HANA,A,VIT-001,Vitalis C1000,Supplement,Vitalis,Wholesale,9,20.0,CHF,0.15,180.0,153.0
TXN-CH-3-000307,2026-08-27 05:23:48,2026-08-27 05:28:48,CH,SAP S/4HANA,A,VIT-001,Vitalis C1000,Supplement,Vitalis,D2C,11,20.0,CHF,0.0,220.0,220.0
TXN-CH-3-000308,2026-08-27 21:44:37,2026-08-27 21:45:37,CH,SAP S/4HANA,A,PUR-002,PureLife BP Monitor,Medical Device,PureLife,D2C,8,85.71,CHF,0.0,685.68,685.68
TXN-CH-3-000309,2026-08-27 03:55:12,2026-08-27 03:58:12,CH,SAP S/4HANA,A,SAN-002,SanaPlus ColdFlu,OTC,SanaPlus,Wholesale,4,10.0,CHF,0.0,40.0,40.0
TXN-CH-3-000310,2026-08-27 12:17:22,2026-08-27 12:19:22,CH,SAP S/4HANA,A,SAN-002,SanaPlus ColdFlu,OTC,SanaPlus,D2C,11,10.0,CHF,0.1,110.0,99.0
TXN-CH-3-000311,2026-08-27 04:44:12,2026-08-27 04:45:12,CH,SAP S/4HANA,A,VIT-001,Vitalis C1000,Supplement,Vitalis,D2C,1,20.0,CHF,0.0,20.0,20.0
TXN-CH-3-000312,2026-08-27 07:44:44,2026-08-27 07:49:44,CH,SAP S/4HANA,A,MED-002,Medora Derm Cream,Prescription,Medora,D2C,1,24.76,CHF,0.2,24.76,19.81
TXN-CH-3-000313,2026-08-27 09:06:21,2026-08-27 09:11:21,CH,SAP S/4HANA,A,MED-001,Medora Cardio 10mg,Prescription,Medora,Wholesale,4,40.95,CHF,0.0,163.8,163.8
TXN-CH-3-000314,2026-08-27 08:16:38,2026-08-27 08:18:38,CH,SAP S/4HANA,A,MED-002,Medora Derm Cream,Prescription,Medora,E-commerce,11,24.76,CHF,0.0,272.36,272.36
TXN-CH-3-000315,2026-08-27 15:04:42,2026-08-27 15:10:42,CH,SAP S/4HANA,A,PUR-001,PureLife GlucoMonitor,Medical Device,PureLife,Pharmacy/B2B,10,80.95,CHF,0.05,809.5,769.02
TXN-CH-3-000316,2026-08-27 08:45:10,2026-08-27 08:51:10,CH,SAP S/4HANA,A,SAN-001,SanaPlus PainRelief,OTC,SanaPlus,E-commerce,7,9.05,CHF,0.0,63.35,63.35
TXN-CH-3-000317,2026-08-27 20:58:21,2026-08-27 21:01:21,CH,SAP S/4HANA,A,SAN-002,SanaPlus ColdFlu,OTC,SanaPlus,D2C,8,10.0,CHF,0.0,80.0,80.0
TXN-CH-3-000318,2026-08-27 02:54:59,2026-08-27 03:00:59,CH,SAP S/4HANA,A,DER-002,Dermacare LiftCream,Aesthetic,Dermacare,E-commerce,8,35.24,CHF,0.1,281.92,253.73
TXN-CH-3-000319,2026-08-27 12:51:30,2026-08-27 12:53:30,CH,SAP S/4HANA,A,PUR-002,PureLife BP Monitor,Medical Device,PureLife,Wholesale,5,85.71,CHF,0.15,428.55,364.27
TXN-CH-3-000320,2026-08-27 12:17:46,2026-08-27 12:23:46,CH,SAP S/4HANA,A,DER-002,Dermacare LiftCream,Aesthetic,Dermacare,E-commerce,7,35.24,CHF,0.0,246.68,246.68
TXN-CH-3-000321,2026-08-27 04:23:35,2026-08-27 04:26:35,CH,SAP S/4HANA,A,PUR-002,PureLife BP Monitor,Medical Device,PureLife,E-commerce,9,85.71,CHF,0.05,771.39,732.82
TXN-CH-3-000322,2026-08-27 10:14:59,2026-08-27 10:20:59,CH,SAP S/4HANA,A,MED-001,Medora Cardio 10mg,Prescription,Medora,Pharmacy/B2B,9,40.95,CHF,0.2,368.55,294.84
TXN-CH-3-000323,2026-08-27 02:56:15,2026-08-27 02:57:15,CH,SAP S/4HANA,A,MED-002,Medora Derm Cream,Prescription,Medora,E-commerce,10,24.76,CHF,0.0,247.6,247.6
TXN-CH-3-000324,2026-08-27 01:45:22,2026-08-27 01:47:22,CH,SAP S/4HANA,A,MED-002,Medora Derm Cream,Prescription,Medora,Pharmacy/B2B,8,24.76,CHF,0.1,198.08,178.27
TXN-CH-3-000325,2026-08-27 15:10:53,2026-08-27 15:16:53,CH,SAP S/4HANA,A,VIT-002,Vitalis Multivit,Supplement,Vitalis,Wholesale,7,16.19,CHF,0.1,113.33,102.0
TXN-CH-3-000326,2026-08-27 00:02:33,2026-08-27 00:04:33,CH,SAP S/4HANA,A,MED-001,Medora Cardio 10mg,Prescription,Medora,D2C,2,40.95,CHF,0.0,81.9,81.9
TXN-CH-3-000327,2026-08-27 21:53:48,2026-08-27 21:59:48,CH,SAP S/4HANA,A,VIT-002,Vitalis Multivit,Supplement,Vitalis,E-commerce,12,16.19,CHF,0.1,194.28,174.85
TXN-CH-3-000328,2026-08-27 05:56:45,2026-08-27 05:57:45,CH,SAP S/4HANA,A,VIT-001,Vitalis C1000,Supplement,Vitalis,D2C,3,20.0,CHF,0.1,60.0,54.0
TXN-CH-3-000329,2026-08-27 12:39:59,2026-08-27 12:42:59,CH,SAP S/4HANA,A,VIT-001,Vitalis C1000,Supplement,Vitalis,Pharmacy/B2B,3,20.0,CHF,0.2,60.0,48.0
TXN-CH-3-000330,2026-08-27 21:21:41,2026-08-27 21:26:41,CH,SAP S/4HANA,A,MED-002,Medora Derm Cream,Prescription,Medora,E-commerce,6,24.76,CHF,0.0,148.56,148.56
TXN-CH-3-000331,2026-08-27 20:07:39,2026-08-27 20:13:39,CH,SAP S/4HANA,A,VIT-002,Vitalis Multivit,Supplement,Vitalis,E-commerce,9,16.19,CHF,0.1,145.71,131.14
TXN-CH-3-000332,2026-08-27 04:57:45,2026-08-27 05:02:45,CH,SAP S/4HANA,A,SAN-002,SanaPlus ColdFlu,OTC,SanaPlus,D2C,11,10.0,CHF,0.15,110.0,93.5
TXN-CH-3-000333,2026-08-27 23:37:53,2026-08-27 23:41:53,CH,SAP S/4HANA,A,PUR-001,PureLife GlucoMonitor,Medical Device,PureLife,Wholesale,8,80.95,CHF,0.1,647.6,582.84
TXN-CH-3-000334,2026-08-27 14:06:11,2026-08-27 14:12:11,CH,SAP S/4HANA,A,VIT-002,Vitalis Multivit,Supplement,Vitalis,Pharmacy/B2B,3,16.19,CHF,0.0,48.57,48.57
TXN-CH-3-000335,2026-08-27 12:53:29,2026-08-27 12:58:29,CH,SAP S/4HANA,A,PUR-001,PureLife GlucoMonitor,Medical Device,PureLife,Wholesale,1,80.95,CHF,0.0,80.95,80.95
TXN-CH-3-000336,2026-08-27 01:59:42,2026-08-27 02:00:42,CH,SAP S/4HANA,A,MED-001,Medora Cardio 10mg,Prescription,Medora,D2C,11,40.95,CHF,0.05,450.45,427.93
TXN-CH-3-000337,2026-08-27 18:47:21,2026-08-27 18:49:21,CH,SAP S/4HANA,A,SAN-002,SanaPlus ColdFlu,OTC,SanaPlus,E-commerce,12,10.0,CHF,0.0,120.0,120.0
TXN-CH-3-000338,2026-08-27 03:27:04,2026-08-27 03:33:04,CH,SAP S/4HANA,A,SAN-002,SanaPlus ColdFlu,OTC,SanaPlus,Pharmacy/B2B,8,10.0,CHF,0.05,80.0,76.0
TXN-CH-3-000339,2026-08-27 13:04:28,2026-08-27 13:06:28,CH,SAP S/4HANA,A,VIT-002,Vitalis Multivit,Supplement,Vitalis,E-commerce,6,16.19,CHF,0.05,97.14,92.28
TXN-CH-3-000340,2026-08-27 01:41:03,2026-08-27 01:47:03,CH,SAP S/4HANA,A,MED-002,Medora Derm Cream,Prescription,Medora,Pharmacy/B2B,7,24.76,CHF,0.0,173.32,173.32
TXN-CH-3-000341,2026-08-27 01:42:31,2026-08-27 01:47:31,CH,SAP S/4HANA,A,VIT-001,Vitalis C1000,Supplement,Vitalis,Pharmacy/B2B,7,20.0,CHF,0.2,140.0,112.0
TXN-CH-3-000342,2026-08-27 12:40:27,2026-08-27 12:41:27,CH,SAP S/4HANA,A,SAN-002,SanaPlus ColdFlu,OTC,SanaPlus,E-commerce,8,10.0,CHF,0.0,80.0,80.0
TXN-CH-3-000343,2026-08-27 03:25:45,2026-08-27 03:31:45,CH,SAP S/4HANA,A,VIT-001,Vitalis C1000,Supplement,Vitalis,Wholesale,5,20.0,CHF,0.0,100.0,100.0
TXN-CH-3-000344,2026-08-27 04:09:48,2026-08-27 04:11:48,CH,SAP S/4HANA,A,PUR-002,PureLife BP Monitor,Medical Device,PureLife,Wholesale,11,85.71,CHF,0.2,942.81,754.25
TXN-CH-3-000345,2026-08-27 17:01:01,2026-08-27 17:05:01,CH,SAP S/4HANA,A,SAN-001,SanaPlus PainRelief,OTC,SanaPlus,E-commerce,5,9.05,CHF,0.1,45.25,40.73
TXN-CH-3-000346,2026-08-27 11:32:11,2026-08-27 11:35:11,CH,SAP S/4HANA,A,DER-002,Dermacare LiftCream,Aesthetic,Dermacare,Wholesale,8,35.24,CHF,0.0,281.92,281.92
TXN-CH-3-000347,2026-08-27 21:16:54,2026-08-27 21:18:54,CH,SAP S/4HANA,A,VIT-001,Vitalis C1000,Supplement,Vitalis,D2C,8,20.0,CHF,0.1,160.0,144.0
TXN-CH-3-000348,2026-08-27 05:29:52,2026-08-27 05:31:52,CH,SAP S/4HANA,A,MED-002,Medora Derm Cream,Prescription,Medora,E-commerce,11,24.76,CHF,0.0,272.36,272.36
TXN-CH-3-000349,2026-08-27 12:36:29,2026-08-27 12:41:29,CH,SAP S/4HANA,A,PUR-001,PureLife GlucoMonitor,Medical Device,PureLife,Pharmacy/B2B,8,80.95,CHF,0.05,647.6,615.22
TXN-CH-3-000350,2026-08-27 03:30:06,2026-08-27 03:36:06,CH,SAP S/4HANA,A,VIT-001,Vitalis C1000,Supplement,Vitalis,E-commerce,8,20.0,CHF,0.0,160.0,160.0
TXN-CH-3-000351,2026-08-27 15:38:27,2026-08-27 15:44:27,CH,SAP S/4HANA,A,SAN-002,SanaPlus ColdFlu,OTC,SanaPlus,E-commerce,11,10.0,CHF,0.05,110.0,104.5
TXN-CH-3-000352,2026-08-27 14:25:15,2026-08-27 14:26:15,CH,SAP S/4HANA,A,VIT-001,Vitalis C1000,Supplement,Vitalis,Pharmacy/B2B,2,20.0,CHF,0.2,40.0,32.0
TXN-CH-3-000353,2026-08-27 04:59:02,2026-08-27 05:01:02,CH,SAP S/4HANA,A,DER-002,Dermacare LiftCream,Aesthetic,Dermacare,E-commerce,9,35.24,CHF,0.2,317.16,253.73
TXN-CH-3-000354,2026-08-27 03:16:39,2026-08-27 03:19:39,CH,SAP S/4HANA,A,PUR-001,PureLife GlucoMonitor,Medical Device,PureLife,Pharmacy/B2B,3,80.95,CHF,0.0,242.85,242.85
TXN-CH-3-000355,2026-08-27 22:42:34,2026-08-27 22:47:34,CH,SAP S/4HANA,A,VIT-002,Vitalis Multivit,Supplement,Vitalis,D2C,12,16.19,CHF,0.1,194.28,174.85
TXN-CH-3-000356,2026-08-27 16:54:36,2026-08-27 16:57:36,CH,SAP S/4HANA,A,DER-002,Dermacare LiftCream,Aesthetic,Dermacare,D2C,5,35.24,CHF,0.0,176.2,176.2
TXN-CH-3-000357,2026-08-27 23:52:02,2026-08-27 23:54:02,CH,SAP S/4HANA,A,SAN-001,SanaPlus PainRelief,OTC,SanaPlus,Pharmacy/B2B,5,9.05,CHF,0.0,45.25,45.25
TXN-CH-3-000358,2026-08-27 19:21:32,2026-08-27 19:24:32,CH,SAP S/4HANA,A,VIT-001,Vitalis C1000,Supplement,Vitalis,E-commerce,4,20.0,CHF,0.2,80.0,64.0
TXN-CH-3-000359,2026-08-27 12:42:35,2026-08-27 12:48:35,CH,SAP S/4HANA,A,MED-002,Medora Derm Cream,Prescription,Medora,Pharmacy/B2B,6,24.76,CHF,0.1,148.56,133.7
TXN-CH-3-000360,2026-08-27 23:51:12,2026-08-27 23:53:12,CH,SAP S/4HANA,A,DER-002,Dermacare LiftCream,Aesthetic,Dermacare,Pharmacy/B2B,3,35.24,CHF,0.0,105.72,105.72
TXN-CH-3-000361,2026-08-27 22:55:34,2026-08-27 23:01:34,CH,SAP S/4HANA,A,SAN-002,SanaPlus ColdFlu,OTC,SanaPlus,E-commerce,9,10.0,CHF,0.0,90.0,90.0
TXN-CH-3-000362,2026-08-27 20:31:00,2026-08-27 20:33:00,CH,SAP S/4HANA,A,VIT-002,Vitalis Multivit,Supplement,Vitalis,D2C,5,16.19,CHF,0.05,80.95,76.9
TXN-CH-3-000363,2026-08-27 08:19:12,2026-08-27 08:25:12,CH,SAP S/4HANA,A,VIT-002,Vitalis Multivit,Supplement,Vitalis,E-commerce,2,16.19,CHF,0.0,32.38,32.38
TXN-CH-3-000364,2026-08-27 02:43:38,2026-08-27 02:48:38,CH,SAP S/4HANA,A,SAN-001,SanaPlus PainRelief,OTC,SanaPlus,Wholesale,1,9.05,CHF,0.0,9.05,9.05
TXN-CH-3-000365,2026-08-27 02:34:30,2026-08-27 02:38:30,CH,SAP S/4HANA,A,VIT-001,Vitalis C1000,Supplement,Vitalis,E-commerce,10,20.0,CHF,0.05,200.0,190.0
TXN-CH-3-000366,2026-08-27 08:06:28,2026-08-27 08:12:28,CH,SAP S/4HANA,A,MED-002,Medora Derm Cream,Prescription,Medora,Pharmacy/B2B,11,24.76,CHF,0.15,272.36,231.51
TXN-CH-3-000367,2026-08-27 03:50:39,2026-08-27 03:56:39,CH,SAP S/4HANA,A,MED-001,Medora Cardio 10mg,Prescription,Medora,Wholesale,11,40.95,CHF,0.05,450.45,427.93
TXN-CH-3-000368,2026-08-27 05:33:38,2026-08-27 05:35:38,CH,SAP S/4HANA,A,DER-002,Dermacare LiftCream,Aesthetic,Dermacare,D2C,6,35.24,CHF,0.05,211.44,200.87
TXN-CH-3-000369,2026-08-27 16:47:45,2026-08-27 16:48:45,CH,SAP S/4HANA,A,VIT-001,Vitalis C1000,Supplement,Vitalis,E-commerce,11,20.0,CHF,0.2,220.0,176.0
TXN-CH-3-000370,2026-08-27 23:05:41,2026-08-27 23:06:41,CH,SAP S/4HANA,A,MED-002,Medora Derm Cream,Prescription,Medora,Wholesale,8,24.76,CHF,0.0,198.08,198.08
TXN-CH-3-000371,2026-08-27 08:12:24,2026-08-27 08:13:24,CH,SAP S/4HANA,A,VIT-001,Vitalis C1000,Supplement,Vitalis,Pharmacy/B2B,3,20.0,CHF,0.0,60.0,60.0
TXN-CH-3-000372,2026-08-27 15:52:15,2026-08-27 15:56:15,CH,SAP S/4HANA,A,VIT-002,Vitalis Multivit,Supplement,Vitalis,E-commerce,12,16.19,CHF,0.05,194.28,184.57
TXN-CH-3-000373,2026-08-27 16:27:13,2026-08-27 16:29:13,CH,SAP S/4HANA,A,PUR-002,PureLife BP Monitor,Medical Device,PureLife,D2C,9,85.71,CHF,0.1,771.39,694.25
TXN-CH-3-000374,2026-08-27 10:28:21,2026-08-27 10:33:21,CH,SAP S/4HANA,A,VIT-002,Vitalis Multivit,Supplement,Vitalis,E-commerce,9,16.19,CHF,0.15,145.71,123.85
TXN-CH-3-000375,2026-08-27 13:40:29,2026-08-27 13:43:29,CH,SAP S/4HANA,A,DER-001,Dermacare GlowSerum,Aesthetic,Dermacare,D2C,2,30.48,CHF,0.0,60.96,60.96
TXN-CH-3-000376,2026-08-27 14:09:11,2026-08-27 14:13:11,CH,SAP S/4HANA,A,VIT-002,Vitalis Multivit,Supplement,Vitalis,Pharmacy/B2B,6,16.19,CHF,0.1,97.14,87.43
TXN-CH-3-000377,2026-08-27 14:59:46,2026-08-27 15:04:46,CH,SAP S/4HANA,A,VIT-002,Vitalis Multivit,Supplement,Vitalis,E-commerce,9,16.19,CHF,0.0,145.71,145.71
TXN-CH-3-000378,2026-08-27 08:31:26,2026-08-27 08:33:26,CH,SAP S/4HANA,A,MED-002,Medora Derm Cream,Prescription,Medora,Wholesale,8,24.76,CHF,0.05,198.08,188.18
TXN-CH-3-000379,2026-08-27 08:24:44,2026-08-27 08:28:44,CH,SAP S/4HANA,A,SAN-001,SanaPlus PainRelief,OTC,SanaPlus,E-commerce,4,9.05,CHF,0.0,36.2,36.2
TXN-CH-3-000380,2026-08-27 09:27:44,2026-08-27 09:31:44,CH,SAP S/4HANA,A,PUR-001,PureLife GlucoMonitor,Medical Device,PureLife,Pharmacy/B2B,8,80.95,CHF,0.15,647.6,550.46
TXN-CH-3-000381,2026-08-27 12:29:50,2026-08-27 12:35:50,CH,SAP S/4HANA,A,SAN-002,SanaPlus ColdFlu,OTC,SanaPlus,Wholesale,10,10.0,CHF,0.0,100.0,100.0
TXN-CH-3-000382,2026-08-27 20:12:39,2026-08-27 20:16:39,CH,SAP S/4HANA,A,PUR-001,PureLife GlucoMonitor,Medical Device,PureLife,Pharmacy/B2B,7,80.95,CHF,0.05,566.65,538.32
TXN-CH-3-000383,2026-08-27 18:26:16,2026-08-27 18:32:16,CH,SAP S/4HANA,A,DER-001,Dermacare GlowSerum,Aesthetic,Dermacare,Wholesale,1,30.48,CHF,0.1,30.48,27.43
TXN-CH-3-000384,2026-08-27 14:10:48,2026-08-27 14:16:48,CH,SAP S/4HANA,A,PUR-001,PureLife GlucoMonitor,Medical Device,PureLife,D2C,1,80.95,CHF,0.05,80.95,76.9
TXN-CH-3-000385,2026-08-27 13:29:58,2026-08-27 13:33:58,CH,SAP S/4HANA,A,DER-001,Dermacare GlowSerum,Aesthetic,Dermacare,E-commerce,9,30.48,CHF,0.05,274.32,260.6
TXN-CH-3-000386,2026-08-27 06:21:00,2026-08-27 06:23:00,CH,SAP S/4HANA,A,VIT-002,Vitalis Multivit,Supplement,Vitalis,D2C,2,16.19,CHF,0.2,32.38,25.9
TXN-CH-3-000387,2026-08-27 01:39:02,2026-08-27 01:45:02,CH,SAP S/4HANA,A,MED-002,Medora Derm Cream,Prescription,Medora,Wholesale,10,24.76,CHF,0.0,247.6,247.6
TXN-CH-3-000388,2026-08-27 19:30:38,2026-08-27 19:31:38,CH,SAP S/4HANA,A,SAN-001,SanaPlus PainRelief,OTC,SanaPlus,D2C,7,9.05,CHF,0.15,63.35,53.85
TXN-CH-3-000389,2026-08-27 15:14:05,2026-08-27 15:15:05,CH,SAP S/4HANA,A,VIT-002,Vitalis Multivit,Supplement,Vitalis,D2C,7,16.19,CHF,0.15,113.33,96.33
TXN-CH-3-000390,2026-08-27 06:34:51,2026-08-27 06:36:51,CH,SAP S/4HANA,A,PUR-001,PureLife GlucoMonitor,Medical Device,PureLife,Pharmacy/B2B,3,80.95,CHF,0.0,242.85,242.85
TXN-CH-3-000391,2026-08-27 11:45:53,2026-08-27 11:48:53,CH,SAP S/4HANA,A,DER-002,Dermacare LiftCream,Aesthetic,Dermacare,Pharmacy/B2B,8,35.24,CHF,0.1,281.92,253.73
TXN-CH-3-000392,2026-08-27 10:24:56,2026-08-27 10:28:56,CH,SAP S/4HANA,A,VIT-002,Vitalis Multivit,Supplement,Vitalis,E-commerce,11,16.19,CHF,0.1,178.09,160.28
TXN-CH-3-000393,2026-08-27 12:34:22,2026-08-27 12:35:22,CH,SAP S/4HANA,A,SAN-001,SanaPlus PainRelief,OTC,SanaPlus,Wholesale,8,9.05,CHF,0.0,72.4,72.4
TXN-CH-3-000394,2026-08-27 16:33:47,2026-08-27 16:34:47,CH,SAP S/4HANA,A,VIT-001,Vitalis C1000,Supplement,Vitalis,E-commerce,8,20.0,CHF,0.0,160.0,160.0
TXN-CH-3-000395,2026-08-27 14:37:58,2026-08-27 14:43:58,CH,SAP S/4HANA,A,MED-002,Medora Derm Cream,Prescription,Medora,Pharmacy/B2B,5,24.76,CHF,0.0,123.8,123.8
TXN-CH-3-000396,2026-08-27 10:07:22,2026-08-27 10:10:22,CH,SAP S/4HANA,A,DER-001,Dermacare GlowSerum,Aesthetic,Dermacare,E-commerce,12,30.48,CHF,0.2,365.76,292.61
TXN-CH-3-000397,2026-08-27 11:04:05,2026-08-27 11:10:05,CH,SAP S/4HANA,A,MED-002,Medora Derm Cream,Prescription,Medora,Wholesale,12,24.76,CHF,0.15,297.12,252.55
TXN-CH-3-000398,2026-08-27 18:08:40,2026-08-27 18:11:40,CH,SAP S/4HANA,A,PUR-002,PureLife BP Monitor,Medical Device,PureLife,Wholesale,5,85.71,CHF,0.1,428.55,385.69
TXN-CH-3-000399,2026-08-27 22:02:16,2026-08-27 22:07:16,CH,SAP S/4HANA,A,SAN-002,SanaPlus ColdFlu,OTC,SanaPlus,E-commerce,10,10.0,CHF,0.05,100.0,95.0
TXN-CH-3-000400,2026-08-27 01:35:26,2026-08-27 01:38:26,CH,SAP S/4HANA,A,PUR-001,PureLife GlucoMonitor,Medical Device,PureLife,E-commerce,12,80.95,CHF,0.0,971.4,971.4
TXN-CH-3-000401,2026-08-27 18:41:03,2026-08-27 18:43:03,CH,SAP S/4HANA,A,MED-002,Medora Derm Cream,Prescription,Medora,Pharmacy/B2B,9,24.76,CHF,0.2,222.84,178.27
TXN-CH-3-000402,2026-08-27 04:26:24,2026-08-27 04:29:24,CH,SAP S/4HANA,A,PUR-001,PureLife GlucoMonitor,Medical Device,PureLife,D2C,1,80.95,CHF,0.05,80.95,76.9
TXN-CH-3-000403,2026-08-27 03:48:44,2026-08-27 03:53:44,CH,SAP S/4HANA,A,DER-002,Dermacare LiftCream,Aesthetic,Dermacare,Wholesale,4,35.24,CHF,0.0,140.96,140.96
TXN-CH-3-000404,2026-08-27 23:59:35,2026-08-28 00:02:35,CH,SAP S/4HANA,A,MED-001,Medora Cardio 10mg,Prescription,Medora,Wholesale,12,40.95,CHF,0.0,491.4,491.4
TXN-CH-3-000405,2026-08-27 19:06:57,2026-08-27 19:11:57,CH,SAP S/4HANA,A,VIT-001,Vitalis C1000,Supplement,Vitalis,D2C,8,20.0,CHF,0.15,160.0,136.0
TXN-CH-3-000406,2026-08-27 21:30:10,2026-08-27 21:32:10,CH,SAP S/4HANA,A,VIT-001,Vitalis C1000,Supplement,Vitalis,E-commerce,10,20.0,CHF,0.05,200.0,190.0
TXN-CH-3-000407,2026-08-27 19:22:46,2026-08-27 19:24:46,CH,SAP S/4HANA,A,MED-001,Medora Cardio 10mg,Prescription,Medora,Pharmacy/B2B,8,40.95,CHF,0.1,327.6,294.84
TXN-CH-3-000408,2026-08-27 06:22:35,2026-08-27 06:28:35,CH,SAP S/4HANA,A,VIT-001,Vitalis C1000,Supplement,Vitalis,E-commerce,12,20.0,CHF,0.2,240.0,192.0
TXN-CH-3-000409,2026-08-27 21:18:06,2026-08-27 21:23:06,CH,SAP S/4HANA,A,PUR-002,PureLife BP Monitor,Medical Device,PureLife,Pharmacy/B2B,12,85.71,CHF,0.1,1028.52,925.67
TXN-CH-3-000410,2026-08-27 12:48:44,2026-08-27 12:51:44,CH,SAP S/4HANA,A,VIT-002,Vitalis Multivit,Supplement,Vitalis,E-commerce,8,16.19,CHF,0.05,129.52,123.04
TXN-CH-3-000411,2026-08-27 16:58:58,2026-08-27 17:02:58,CH,SAP S/4HANA,A,MED-001,Medora Cardio 10mg,Prescription,Medora,D2C,6,40.95,CHF,0.15,245.7,208.84
TXN-CH-3-000412,2026-08-27 01:49:49,2026-08-27 01:51:49,CH,SAP S/4HANA,A,DER-002,Dermacare LiftCream,Aesthetic,Dermacare,Pharmacy/B2B,9,35.24,CHF,0.0,317.16,317.16
TXN-CH-3-000413,2026-08-27 22:55:43,2026-08-27 23:00:43,CH,SAP S/4HANA,A,DER-001,Dermacare GlowSerum,Aesthetic,Dermacare,E-commerce,5,30.48,CHF,0.15,152.4,129.54
TXN-CH-3-000414,2026-08-27 17:13:00,2026-08-27 17:17:00,CH,SAP S/4HANA,A,DER-001,Dermacare GlowSerum,Aesthetic,Dermacare,D2C,12,30.48,CHF,0.1,365.76,329.18
TXN-CH-3-000415,2026-08-27 00:17:00,2026-08-27 00:20:00,CH,SAP S/4HANA,A,VIT-002,Vitalis Multivit,Supplement,Vitalis,D2C,10,16.19,CHF,0.15,161.9,137.62
TXN-CH-3-000416,2026-08-27 17:30:06,2026-08-27 17:33:06,CH,SAP S/4HANA,A,DER-002,Dermacare LiftCream,Aesthetic,Dermacare,D2C,5,35.24,CHF,0.0,176.2,176.2
TXN-CH-3-000417,2026-08-27 02:47:34,2026-08-27 02:48:34,CH,SAP S/4HANA,A,MED-002,Medora Derm Cream,Prescription,Medora,D2C,10,24.76,CHF,0.1,247.6,222.84
TXN-CH-3-000418,2026-08-27 09:09:17,2026-08-27 09:12:17,CH,SAP S/4HANA,A,SAN-002,SanaPlus ColdFlu,OTC,SanaPlus,D2C,5,10.0,CHF,0.0,50.0,50.0
TXN-CH-3-000419,2026-08-27 15:06:08,2026-08-27 15:08:08,CH,SAP S/4HANA,A,VIT-002,Vitalis Multivit,Supplement,Vitalis,E-commerce,2,16.19,CHF,0.05,32.38,30.76
TXN-CH-3-000420,2026-08-27 20:45:33,2026-08-27 20:46:33,CH,SAP S/4HANA,A,SAN-001,SanaPlus PainRelief,OTC,SanaPlus,Pharmacy/B2B,2,9.05,CHF,0.2,18.1,14.48
TXN-CH-3-000421,2026-08-27 18:54:47,2026-08-27 19:00:47,CH,SAP S/4HANA,A,DER-001,Dermacare GlowSerum,Aesthetic,Dermacare,D2C,4,30.48,CHF,0.15,121.92,103.63
TXN-CH-3-000422,2026-08-27 12:33:19,2026-08-27 12:39:19,CH,SAP S/4HANA,A,DER-002,Dermacare LiftCream,Aesthetic,Dermacare,Pharmacy/B2B,7,35.24,CHF,0.0,246.68,246.68
TXN-CH-3-000423,2026-08-27 18:08:27,2026-08-27 18:09:27,CH,SAP S/4HANA,A,VIT-001,Vitalis C1000,Supplement,Vitalis,Wholesale,3,20.0,CHF,0.05,60.0,57.0
TXN-CH-3-000424,2026-08-27 05:04:41,2026-08-27 05:05:41,CH,SAP S/4HANA,A,VIT-001,Vitalis C1000,Supplement,Vitalis,D2C,6,20.0,CHF,0.0,120.0,120.0
TXN-CH-3-000425,2026-08-27 10:29:54,2026-08-27 10:33:54,CH,SAP S/4HANA,A,PUR-002,PureLife BP Monitor,Medical Device,PureLife,Wholesale,3,85.71,CHF,0.05,257.13,244.27
TXN-CH-3-000426,2026-08-27 03:11:54,2026-08-27 03:14:54,CH,SAP S/4HANA,A,VIT-001,Vitalis C1000,Supplement,Vitalis,D2C,5,20.0,CHF,0.1,100.0,90.0
TXN-CH-3-000427,2026-08-27 07:41:13,2026-08-27 07:46:13,CH,SAP S/4HANA,A,SAN-001,SanaPlus PainRelief,OTC,SanaPlus,Pharmacy/B2B,12,9.05,CHF,0.05,108.6,103.17
TXN-CH-3-000428,2026-08-27 13:13:45,2026-08-27 13:17:45,CH,SAP S/4HANA,A,VIT-001,Vitalis C1000,Supplement,Vitalis,E-commerce,1,20.0,CHF,0.1,20.0,18.0
TXN-CH-3-000429,2026-08-27 22:20:46,2026-08-27 22:24:46,CH,SAP S/4HANA,A,MED-002,Medora Derm Cream,Prescription,Medora,E-commerce,11,24.76,CHF,0.05,272.36,258.74
TXN-CH-3-000430,2026-08-27 21:22:32,2026-08-27 21:25:32,CH,SAP S/4HANA,A,SAN-001,SanaPlus PainRelief,OTC,SanaPlus,Wholesale,6,9.05,CHF,0.2,54.3,43.44
TXN-CH-3-000431,2026-08-27 13:10:55,2026-08-27 13:11:55,CH,SAP S/4HANA,A,DER-002,Dermacare LiftCream,Aesthetic,Dermacare,E-commerce,8,35.24,CHF,0.0,281.92,281.92
TXN-CH-3-000432,2026-08-27 09:04:23,2026-08-27 09:07:23,CH,SAP S/4HANA,A,VIT-001,Vitalis C1000,Supplement,Vitalis,E-commerce,9,20.0,CHF,0.0,180.0,180.0
TXN-CH-3-000433,2026-08-27 07:21:49,2026-08-27 07:26:49,CH,SAP S/4HANA,A,PUR-002,PureLife BP Monitor,Medical Device,PureLife,E-commerce,6,85.71,CHF,0.05,514.26,488.55
TXN-CH-3-000434,2026-08-27 12:25:31,2026-08-27 12:30:31,CH,SAP S/4HANA,A,SAN-001,SanaPlus PainRelief,OTC,SanaPlus,Wholesale,7,9.05,CHF,0.2,63.35,50.68
TXN-CH-3-000435,2026-08-27 07:12:49,2026-08-27 07:16:49,CH,SAP S/4HANA,A,DER-001,Dermacare GlowSerum,Aesthetic,Dermacare,E-commerce,9,30.48,CHF,0.05,274.32,260.6
TXN-CH-3-000436,2026-08-27 09:57:22,2026-08-27 10:03:22,CH,SAP S/4HANA,A,VIT-001,Vitalis C1000,Supplement,Vitalis,D2C,10,20.0,CHF,0.0,200.0,200.0
TXN-CH-3-000437,2026-08-27 07:13:38,2026-08-27 07:17:38,CH,SAP S/4HANA,A,VIT-002,Vitalis Multivit,Supplement,Vitalis,D2C,10,16.19,CHF,0.15,161.9,137.62
TXN-CH-3-000438,2026-08-27 04:15:55,2026-08-27 04:20:55,CH,SAP S/4HANA,A,MED-002,Medora Derm Cream,Prescription,Medora,D2C,9,24.76,CHF,0.0,222.84,222.84
TXN-CH-3-000439,2026-08-27 18:16:03,2026-08-27 18:19:03,CH,SAP S/4HANA,A,PUR-002,PureLife BP Monitor,Medical Device,PureLife,D2C,8,85.71,CHF,0.05,685.68,651.4
TXN-CH-3-000440,2026-08-27 22:53:25,2026-08-27 22:57:25,CH,SAP S/4HANA,A,VIT-001,Vitalis C1000,Supplement,Vitalis,Wholesale,4,20.0,CHF,0.1,80.0,72.0
TXN-CH-3-000441,2026-08-27 16:57:05,2026-08-27 16:59:05,CH,SAP S/4HANA,A,SAN-001,SanaPlus PainRelief,OTC,SanaPlus,Wholesale,4,9.05,CHF,0.0,36.2,36.2
TXN-CH-3-000442,2026-08-27 21:26:39,2026-08-27 21:28:39,CH,SAP S/4HANA,A,VIT-001,Vitalis C1000,Supplement,Vitalis,Pharmacy/B2B,7,20.0,CHF,0.2,140.0,112.0
TXN-CH-3-000443,2026-08-27 21:00:37,2026-08-27 21:02:37,CH,SAP S/4HANA,A,VIT-002,Vitalis Multivit,Supplement,Vitalis,Wholesale,6,16.19,CHF,0.15,97.14,82.57
TXN-CH-3-000444,2026-08-27 23:15:01,2026-08-27 23:17:01,CH,SAP S/4HANA,A,DER-001,Dermacare GlowSerum,Aesthetic,Dermacare,Pharmacy/B2B,5,30.48,CHF,0.0,152.4,152.4
TXN-CH-3-000445,2026-08-27 06:15:05,2026-08-27 06:19:05,CH,SAP S/4HANA,A,PUR-002,PureLife BP Monitor,Medical Device,PureLife,D2C,4,85.71,CHF,0.05,342.84,325.7
TXN-CH-3-000446,2026-08-27 15:22:11,2026-08-27 15:27:11,CH,SAP S/4HANA,A,PUR-001,PureLife GlucoMonitor,Medical Device,PureLife,E-commerce,5,80.95,CHF,0.0,404.75,404.75
TXN-CH-3-000447,2026-08-27 22:13:45,2026-08-27 22:19:45,CH,SAP S/4HANA,A,MED-002,Medora Derm Cream,Prescription,Medora,D2C,11,24.76,CHF,0.2,272.36,217.89
TXN-CH-3-000448,2026-08-27 04:15:22,2026-08-27 04:17:22,CH,SAP S/4HANA,A,VIT-001,Vitalis C1000,Supplement,Vitalis,D2C,12,20.0,CHF,0.0,240.0,240.0
TXN-CH-3-000449,2026-08-27 16:30:48,2026-08-27 16:31:48,CH,SAP S/4HANA,A,VIT-002,Vitalis Multivit,Supplement,Vitalis,D2C,11,16.19,CHF,0.1,178.09,160.28
TXN-CH-3-000450,2026-08-27 22:02:01,2026-08-27 22:07:01,CH,SAP S/4HANA,A,VIT-002,Vitalis Multivit,Supplement,Vitalis,Pharmacy/B2B,10,16.19,CHF,0.2,161.9,129.52
TXN-CH-3-000451,2026-08-27 06:44:37,2026-08-27 06:48:37,CH,SAP S/4HANA,A,SAN-001,SanaPlus PainRelief,OTC,SanaPlus,E-commerce,9,9.05,CHF,0.2,81.45,65.16
TXN-CH-3-000452,2026-08-27 20:51:33,2026-08-27 20:56:33,CH,SAP S/4HANA,A,VIT-001,Vitalis C1000,Supplement,Vitalis,Pharmacy/B2B,8,20.0,CHF,0.0,160.0,160.0
TXN-CH-3-000453,2026-08-27 10:23:53,2026-08-27 10:28:53,CH,SAP S/4HANA,A,SAN-001,SanaPlus PainRelief,OTC,SanaPlus,D2C,10,9.05,CHF,0.15,90.5,76.92
TXN-CH-3-000454,2026-08-27 18:30:22,2026-08-27 18:34:22,CH,SAP S/4HANA,A,DER-002,Dermacare LiftCream,Aesthetic,Dermacare,E-commerce,10,35.24,CHF,0.0,352.4,352.4
TXN-CH-3-000455,2026-08-27 03:32:04,2026-08-27 03:33:04,CH,SAP S/4HANA,A,VIT-001,Vitalis C1000,Supplement,Vitalis,Pharmacy/B2B,10,20.0,CHF,0.05,200.0,190.0
TXN-CH-3-000456,2026-08-27 02:26:30,2026-08-27 02:31:30,CH,SAP S/4HANA,A,DER-002,Dermacare LiftCream,Aesthetic,Dermacare,E-commerce,12,35.24,CHF,0.2,422.88,338.3
TXN-CH-3-000457,2026-08-27 01:07:18,2026-08-27 01:08:18,CH,SAP S/4HANA,A,MED-002,Medora Derm Cream,Prescription,Medora,Pharmacy/B2B,3,24.76,CHF,0.1,74.28,66.85
TXN-CH-3-000458,2026-08-27 06:43:47,2026-08-27 06:47:47,CH,SAP S/4HANA,A,MED-002,Medora Derm Cream,Prescription,Medora,E-commerce,3,24.76,CHF,0.15,74.28,63.14
TXN-CH-3-000459,2026-08-27 22:31:12,2026-08-27 22:32:12,CH,SAP S/4HANA,A,PUR-002,PureLife BP Monitor,Medical Device,PureLife,D2C,5,85.71,CHF,0.05,428.55,407.12
TXN-CH-3-000460,2026-08-27 17:53:22,2026-08-27 17:56:22,CH,SAP S/4HANA,A,MED-001,Medora Cardio 10mg,Prescription,Medora,Wholesale,6,40.95,CHF,0.0,245.7,245.7
TXN-CH-3-000461,2026-08-27 09:46:42,2026-08-27 09:50:42,CH,SAP S/4HANA,A,MED-002,Medora Derm Cream,Prescription,Medora,E-commerce,11,24.76,CHF,0.0,272.36,272.36
TXN-CH-3-000462,2026-08-27 09:11:23,2026-08-27 09:15:23,CH,SAP S/4HANA,A,MED-002,Medora Derm Cream,Prescription,Medora,D2C,2,24.76,CHF,0.0,49.52,49.52
TXN-CH-3-000463,2026-08-27 14:34:40,2026-08-27 14:38:40,CH,SAP S/4HANA,A,VIT-002,Vitalis Multivit,Supplement,Vitalis,Wholesale,12,16.19,CHF,0.0,194.28,194.28
TXN-CH-3-000464,2026-08-27 12:24:25,2026-08-27 12:25:25,CH,SAP S/4HANA,A,DER-001,Dermacare GlowSerum,Aesthetic,Dermacare,Wholesale,7,30.48,CHF,0.0,213.36,213.36
TXN-CH-3-000465,2026-08-27 11:10:59,2026-08-27 11:14:59,CH,SAP S/4HANA,A,MED-002,Medora Derm Cream,Prescription,Medora,Pharmacy/B2B,8,24.76,CHF,0.2,198.08,158.46
TXN-CH-3-000466,2026-08-27 16:49:27,2026-08-27 16:53:27,CH,SAP S/4HANA,A,PUR-002,PureLife BP Monitor,Medical Device,PureLife,Wholesale,10,85.71,CHF,0.0,857.1,857.1
TXN-CH-3-000467,2026-08-27 22:40:37,2026-08-27 22:41:37,CH,SAP S/4HANA,A,MED-002,Medora Derm Cream,Prescription,Medora,Pharmacy/B2B,10,24.76,CHF,0.1,247.6,222.84
TXN-CH-3-000468,2026-08-27 23:11:50,2026-08-27 23:17:50,CH,SAP S/4HANA,A,PUR-002,PureLife BP Monitor,Medical Device,PureLife,E-commerce,12,85.71,CHF,0.15,1028.52,874.24
TXN-CH-3-000469,2026-08-27 22:09:59,2026-08-27 22:13:59,CH,SAP S/4HANA,A,VIT-002,Vitalis Multivit,Supplement,Vitalis,D2C,3,16.19,CHF,0.05,48.57,46.14
TXN-CH-3-000470,2026-08-27 07:55:22,2026-08-27 08:01:22,CH,SAP S/4HANA,A,DER-001,Dermacare GlowSerum,Aesthetic,Dermacare,Wholesale,5,30.48,CHF,0.0,152.4,152.4
TXN-CH-3-000471,2026-08-27 06:55:53,2026-08-27 06:56:53,CH,SAP S/4HANA,A,SAN-001,SanaPlus PainRelief,OTC,SanaPlus,D2C,1,9.05,CHF,0.0,9.05,9.05
TXN-CH-3-000472,2026-08-27 16:33:56,2026-08-27 16:36:56,CH,SAP S/4HANA,A,SAN-001,SanaPlus PainRelief,OTC,SanaPlus,E-commerce,5,9.05,CHF,0.0,45.25,45.25
TXN-CH-3-000473,2026-08-27 19:05:42,2026-08-27 19:07:42,CH,SAP S/4HANA,A,DER-002,Dermacare LiftCream,Aesthetic,Dermacare,E-commerce,10,35.24,CHF,0.0,352.4,352.4
TXN-CH-3-000474,2026-08-27 00:30:34,2026-08-27 00:34:34,CH,SAP S/4HANA,A,MED-002,Medora Derm Cream,Prescription,Medora,E-commerce,7,24.76,CHF,0.15,173.32,147.32
TXN-CH-3-000475,2026-08-27 11:33:12,2026-08-27 11:39:12,CH,SAP S/4HANA,A,PUR-002,PureLife BP Monitor,Medical Device,PureLife,Pharmacy/B2B,11,85.71,CHF,0.0,942.81,942.81
TXN-CH-3-000476,2026-08-27 15:44:04,2026-08-27 15:45:04,CH,SAP S/4HANA,A,PUR-001,PureLife GlucoMonitor,Medical Device,PureLife,E-commerce,6,80.95,CHF,0.2,485.7,388.56
TXN-CH-3-000477,2026-08-27 12:36:26,2026-08-27 12:39:26,CH,SAP S/4HANA,A,PUR-002,PureLife BP Monitor,Medical Device,PureLife,Wholesale,10,85.71,CHF,0.15,857.1,728.53
TXN-CH-3-000478,2026-08-27 09:28:07,2026-08-27 09:31:07,CH,SAP S/4HANA,A,DER-002,Dermacare LiftCream,Aesthetic,Dermacare,Pharmacy/B2B,1,35.24,CHF,0.05,35.24,33.48
TXN-CH-3-000479,2026-08-27 23:37:13,2026-08-27 23:42:13,CH,SAP S/4HANA,A,VIT-001,Vitalis C1000,Supplement,Vitalis,E-commerce,6,20.0,CHF,0.1,120.0,108.0
TXN-CH-3-000480,2026-08-27 12:11:57,2026-08-27 12:14:57,CH,SAP S/4HANA,A,MED-002,Medora Derm Cream,Prescription,Medora,Pharmacy/B2B,8,24.76,CHF,0.0,198.08,198.08
TXN-CH-3-000481,2026-08-27 11:58:12,2026-08-27 12:04:12,CH,SAP S/4HANA,A,SAN-001,SanaPlus PainRelief,OTC,SanaPlus,D2C,8,9.05,CHF,0.2,72.4,57.92
TXN-CH-3-000482,2026-08-27 00:16:38,2026-08-27 00:18:38,CH,SAP S/4HANA,A,DER-002,Dermacare LiftCream,Aesthetic,Dermacare,E-commerce,12,35.24,CHF,0.15,422.88,359.45
TXN-CH-3-000483,2026-08-27 21:31:09,2026-08-27 21:33:09,CH,SAP S/4HANA,A,MED-002,Medora Derm Cream,Prescription,Medora,D2C,8,24.76,CHF,0.05,198.08,188.18
TXN-CH-3-000484,2026-08-27 04:43:29,2026-08-27 04:45:29,CH,SAP S/4HANA,A,PUR-001,PureLife GlucoMonitor,Medical Device,PureLife,E-commerce,12,80.95,CHF,0.0,971.4,971.4
TXN-CH-3-000485,2026-08-27 06:20:07,2026-08-27 06:25:07,CH,SAP S/4HANA,A,MED-001,Medora Cardio 10mg,Prescription,Medora,E-commerce,2,40.95,CHF,0.15,81.9,69.62
TXN-CH-3-000486,2026-08-27 01:35:29,2026-08-27 01:41:29,CH,SAP S/4HANA,A,PUR-001,PureLife GlucoMonitor,Medical Device,PureLife,D2C,7,80.95,CHF,0.0,566.65,566.65
TXN-CH-3-000487,2026-08-27 16:09:05,2026-08-27 16:12:05,CH,SAP S/4HANA,A,PUR-002,PureLife BP Monitor,Medical Device,PureLife,E-commerce,7,85.71,CHF,0.0,599.97,599.97
TXN-CH-3-000488,2026-08-27 20:43:40,2026-08-27 20:48:40,CH,SAP S/4HANA,A,VIT-002,Vitalis Multivit,Supplement,Vitalis,Wholesale,11,16.19,CHF,0.1,178.09,160.28
TXN-CH-3-000489,2026-08-27 19:28:14,2026-08-27 19:33:14,CH,SAP S/4HANA,A,SAN-002,SanaPlus ColdFlu,OTC,SanaPlus,E-commerce,9,10.0,CHF,0.0,90.0,90.0
TXN-CH-3-000490,2026-08-27 18:51:36,2026-08-27 18:56:36,CH,SAP S/4HANA,A,PUR-002,PureLife BP Monitor,Medical Device,PureLife,Wholesale,7,85.71,CHF,0.05,599.97,569.97
TXN-CH-3-000491,2026-08-27 05:27:42,2026-08-27 05:31:42,CH,SAP S/4HANA,A,MED-002,Medora Derm Cream,Prescription,Medora,D2C,1,24.76,CHF,0.15,24.76,21.05
TXN-CH-3-000492,2026-08-27 18:19:24,2026-08-27 18:25:24,CH,SAP S/4HANA,A,MED-002,Medora Derm Cream,Prescription,Medora,D2C,7,24.76,CHF,0.0,173.32,173.32
TXN-CH-3-000493,2026-08-27 12:39:26,2026-08-27 12:44:26,CH,SAP S/4HANA,A,MED-001,Medora Cardio 10mg,Prescription,Medora,Pharmacy/B2B,6,40.95,CHF,0.15,245.7,208.84
TXN-CH-3-000494,2026-08-27 17:23:23,2026-08-27 17:28:23,CH,SAP S/4HANA,A,MED-002,Medora Derm Cream,Prescription,Medora,Wholesale,4,24.76,CHF,0.0,99.04,99.04
TXN-CH-3-000495,2026-08-27 23:31:45,2026-08-27 23:36:45,CH,SAP S/4HANA,A,VIT-001,Vitalis C1000,Supplement,Vitalis,E-commerce,10,20.0,CHF,0.1,200.0,180.0
TXN-CH-3-000496,2026-08-27 03:20:54,2026-08-27 03:21:54,CH,SAP S/4HANA,A,PUR-001,PureLife GlucoMonitor,Medical Device,PureLife,Wholesale,3,80.95,CHF,0.0,242.85,242.85
TXN-CH-3-000497,2026-08-27 07:36:27,2026-08-27 07:41:27,CH,SAP S/4HANA,A,MED-001,Medora Cardio 10mg,Prescription,Medora,Pharmacy/B2B,2,40.95,CHF,0.15,81.9,69.62
TXN-CH-3-000498,2026-08-27 18:24:35,2026-08-27 18:25:35,CH,SAP S/4HANA,A,VIT-002,Vitalis Multivit,Supplement,Vitalis,Wholesale,6,16.19,CHF,0.0,97.14,97.14
TXN-CH-3-000499,2026-08-27 07:25:00,2026-08-27 07:26:00,CH,SAP S/4HANA,A,DER-001,Dermacare GlowSerum,Aesthetic,Dermacare,Wholesale,7,30.48,CHF,0.15,213.36,181.36
TXN-CH-3-000500,2026-08-27 12:14:36,2026-08-27 12:20:36,CH,SAP S/4HANA,A,SAN-002,SanaPlus ColdFlu,OTC,SanaPlus,Wholesale,6,10.0,CHF,0.0,60.0,60.0
TXN-CH-3-000501,2026-08-27 20:10:42,2026-08-27 20:13:42,CH,SAP S/4HANA,A,VIT-001,Vitalis C1000,Supplement,Vitalis,E-commerce,9,20.0,CHF,0.2,180.0,144.0
TXN-CH-3-000502,2026-08-27 23:13:00,2026-08-27 23:14:00,CH,SAP S/4HANA,A,SAN-001,SanaPlus PainRelief,OTC,SanaPlus,Pharmacy/B2B,1,9.05,CHF,0.05,9.05,8.6
TXN-CH-3-000503,2026-08-27 14:43:32,2026-08-27 14:47:32,CH,SAP S/4HANA,A,VIT-002,Vitalis Multivit,Supplement,Vitalis,E-commerce,3,16.19,CHF,0.0,48.57,48.57
TXN-CH-3-000504,2026-08-27 19:46:38,2026-08-27 19:47:38,CH,SAP S/4HANA,A,DER-001,Dermacare GlowSerum,Aesthetic,Dermacare,Pharmacy/B2B,3,30.48,CHF,0.0,91.44,91.44
TXN-CH-3-000505,2026-08-27 07:32:38,2026-08-27 07:36:38,CH,SAP S/4HANA,A,DER-002,Dermacare LiftCream,Aesthetic,Dermacare,D2C,6,35.24,CHF,0.0,211.44,211.44
TXN-CH-3-000506,2026-08-27 13:12:56,2026-08-27 13:15:56,CH,SAP S/4HANA,A,PUR-002,PureLife BP Monitor,Medical Device,PureLife,D2C,3,85.71,CHF,0.15,257.13,218.56
TXN-CH-3-000507,2026-08-27 05:33:05,2026-08-27 05:35:05,CH,SAP S/4HANA,A,SAN-001,SanaPlus PainRelief,OTC,SanaPlus,Wholesale,8,9.05,CHF,0.1,72.4,65.16
TXN-CH-3-000508,2026-08-27 23:40:22,2026-08-27 23:43:22,CH,SAP S/4HANA,A,VIT-001,Vitalis C1000,Supplement,Vitalis,E-commerce,1,20.0,CHF,0.0,20.0,20.0
TXN-CH-3-000509,2026-08-27 18:23:41,2026-08-27 18:26:41,CH,SAP S/4HANA,A,PUR-002,PureLife BP Monitor,Medical Device,PureLife,E-commerce,8,85.71,CHF,0.05,685.68,651.4
TXN-CH-3-000510,2026-08-27 12:41:58,2026-08-27 12:42:58,CH,SAP S/4HANA,A,VIT-002,Vitalis Multivit,Supplement,Vitalis,Pharmacy/B2B,11,16.19,CHF,0.1,178.09,160.28
TXN-CH-3-000511,2026-08-27 08:46:49,2026-08-27 08:52:49,CH,SAP S/4HANA,A,DER-002,Dermacare LiftCream,Aesthetic,Dermacare,E-commerce,3,35.24,CHF,0.2,105.72,84.58
TXN-CH-3-000512,2026-08-27 20:34:45,2026-08-27 20:38:45,CH,SAP S/4HANA,A,VIT-001,Vitalis C1000,Supplement,Vitalis,Pharmacy/B2B,12,20.0,CHF,0.0,240.0,240.0
TXN-CH-3-000513,2026-08-27 02:16:03,2026-08-27 02:18:03,CH,SAP S/4HANA,A,VIT-001,Vitalis C1000,Supplement,Vitalis,Wholesale,9,20.0,CHF,0.0,180.0,180.0
TXN-CH-3-000514,2026-08-27 19:38:39,2026-08-27 19:39:39,CH,SAP S/4HANA,A,SAN-001,SanaPlus PainRelief,OTC,SanaPlus,Wholesale,12,9.05,CHF,0.15,108.6,92.31
TXN-CH-3-000515,2026-08-27 08:59:39,2026-08-27 09:02:39,CH,SAP S/4HANA,A,SAN-002,SanaPlus ColdFlu,OTC,SanaPlus,Pharmacy/B2B,7,10.0,CHF,0.15,70.0,59.5
TXN-CH-3-000516,2026-08-27 15:37:21,2026-08-27 15:41:21,CH,SAP S/4HANA,A,SAN-002,SanaPlus ColdFlu,OTC,SanaPlus,D2C,1,10.0,CHF,0.2,10.0,8.0
TXN-CH-3-000517,2026-08-27 17:34:55,2026-08-27 17:39:55,CH,SAP S/4HANA,A,MED-002,Medora Derm Cream,Prescription,Medora,E-commerce,11,24.76,CHF,0.2,272.36,217.89
TXN-CH-3-000518,2026-08-27 16:48:13,2026-08-27 16:49:13,CH,SAP S/4HANA,A,SAN-002,SanaPlus ColdFlu,OTC,SanaPlus,Wholesale,11,10.0,CHF,0.0,110.0,110.0
TXN-CH-3-000519,2026-08-27 04:23:14,2026-08-27 04:25:14,CH,SAP S/4HANA,A,VIT-001,Vitalis C1000,Supplement,Vitalis,Wholesale,11,20.0,CHF,0.15,220.0,187.0
TXN-CH-3-000520,2026-08-27 06:04:27,2026-08-27 06:06:27,CH,SAP S/4HANA,A,SAN-002,SanaPlus ColdFlu,OTC,SanaPlus,Wholesale,7,10.0,CHF,0.0,70.0,70.0
TXN-CH-3-000521,2026-08-27 22:58:33,2026-08-27 23:01:33,CH,SAP S/4HANA,A,DER-002,Dermacare LiftCream,Aesthetic,Dermacare,E-commerce,3,35.24,CHF,0.15,105.72,89.86
TXN-CH-3-000522,2026-08-27 02:28:21,2026-08-27 02:34:21,CH,SAP S/4HANA,A,DER-001,Dermacare GlowSerum,Aesthetic,Dermacare,D2C,5,30.48,CHF,0.0,152.4,152.4
TXN-CH-3-000523,2026-08-27 14:17:09,2026-08-27 14:20:09,CH,SAP S/4HANA,A,SAN-002,SanaPlus ColdFlu,OTC,SanaPlus,E-commerce,1,10.0,CHF,0.2,10.0,8.0
TXN-CH-3-000524,2026-08-27 03:33:50,2026-08-27 03:35:50,CH,SAP S/4HANA,A,VIT-002,Vitalis Multivit,Supplement,Vitalis,E-commerce,1,16.19,CHF,0.0,16.19,16.19
TXN-CH-3-000525,2026-08-27 17:49:34,2026-08-27 17:55:34,CH,SAP S/4HANA,A,VIT-002,Vitalis Multivit,Supplement,Vitalis,Wholesale,2,16.19,CHF,0.15,32.38,27.52
TXN-CH-3-000526,2026-08-27 21:00:02,2026-08-27 21:03:02,CH,SAP S/4HANA,A,MED-001,Medora Cardio 10mg,Prescription,Medora,E-commerce,12,40.95,CHF,0.0,491.4,491.4
TXN-CH-3-000527,2026-08-27 17:53:53,2026-08-27 17:54:53,CH,SAP S/4HANA,A,VIT-001,Vitalis C1000,Supplement,Vitalis,Wholesale,8,20.0,CHF,0.05,160.0,152.0
TXN-CH-3-000528,2026-08-27 04:11:45,2026-08-27 04:16:45,CH,SAP S/4HANA,A,MED-002,Medora Derm Cream,Prescription,Medora,Pharmacy/B2B,2,24.76,CHF,0.05,49.52,47.04
TXN-CH-3-000529,2026-08-27 09:13:37,2026-08-27 09:19:37,CH,SAP S/4HANA,A,DER-001,Dermacare GlowSerum,Aesthetic,Dermacare,Pharmacy/B2B,9,30.48,CHF,0.0,274.32,274.32
TXN-CH-3-000530,2026-08-27 23:57:30,2026-08-28 00:02:30,CH,SAP S/4HANA,A,VIT-001,Vitalis C1000,Supplement,Vitalis,Pharmacy/B2B,11,20.0,CHF,0.2,220.0,176.0
TXN-CH-3-000531,2026-08-27 22:16:10,2026-08-27 22:18:10,CH,SAP S/4HANA,A,DER-002,Dermacare LiftCream,Aesthetic,Dermacare,E-commerce,7,35.24,CHF,0.0,246.68,246.68
TXN-CH-3-000532,2026-08-27 16:46:38,2026-08-27 16:49:38,CH,SAP S/4HANA,A,SAN-002,SanaPlus ColdFlu,OTC,SanaPlus,E-commerce,10,10.0,CHF,0.0,100.0,100.0
TXN-CH-3-000533,2026-08-27 23:17:33,2026-08-27 23:23:33,CH,SAP S/4HANA,A,VIT-001,Vitalis C1000,Supplement,Vitalis,Wholesale,7,20.0,CHF,0.05,140.0,133.0
TXN-CH-3-000534,2026-08-27 08:39:45,2026-08-27 08:41:45,CH,SAP S/4HANA,A,MED-001,Medora Cardio 10mg,Prescription,Medora,E-commerce,3,40.95,CHF,0.1,122.85,110.56
TXN-CH-3-000535,2026-08-27 06:54:33,2026-08-27 06:55:33,CH,SAP S/4HANA,A,PUR-001,PureLife GlucoMonitor,Medical Device,PureLife,D2C,9,80.95,CHF,0.2,728.55,582.84
TXN-CH-3-000536,2026-08-27 12:22:07,2026-08-27 12:23:07,CH,SAP S/4HANA,A,MED-002,Medora Derm Cream,Prescription,Medora,Pharmacy/B2B,7,24.76,CHF,0.0,173.32,173.32
TXN-CH-3-000537,2026-08-27 18:47:06,2026-08-27 18:53:06,CH,SAP S/4HANA,A,PUR-001,PureLife GlucoMonitor,Medical Device,PureLife,Wholesale,11,80.95,CHF,0.2,890.45,712.36
TXN-CH-3-000538,2026-08-27 04:41:46,2026-08-27 04:42:46,CH,SAP S/4HANA,A,DER-001,Dermacare GlowSerum,Aesthetic,Dermacare,D2C,10,30.48,CHF,0.0,304.8,304.8
TXN-CH-3-000539,2026-08-27 06:24:58,2026-08-27 06:25:58,CH,SAP S/4HANA,A,VIT-001,Vitalis C1000,Supplement,Vitalis,Wholesale,9,20.0,CHF,0.0,180.0,180.0
TXN-CH-3-000540,2026-08-27 18:34:42,2026-08-27 18:40:42,CH,SAP S/4HANA,A,VIT-002,Vitalis Multivit,Supplement,Vitalis,E-commerce,6,16.19,CHF,0.0,97.14,97.14
TXN-CH-3-000541,2026-08-27 11:22:05,2026-08-27 11:25:05,CH,SAP S/4HANA,A,PUR-001,PureLife GlucoMonitor,Medical Device,PureLife,D2C,4,80.95,CHF,0.0,323.8,323.8
TXN-CH-3-000542,2026-08-27 18:11:12,2026-08-27 18:13:12,CH,SAP S/4HANA,A,DER-001,Dermacare GlowSerum,Aesthetic,Dermacare,E-commerce,2,30.48,CHF,0.0,60.96,60.96
TXN-CH-3-000543,2026-08-27 23:29:18,2026-08-27 23:35:18,CH,SAP S/4HANA,A,SAN-002,SanaPlus ColdFlu,OTC,SanaPlus,Wholesale,8,10.0,CHF,0.15,80.0,68.0
TXN-CH-3-000544,2026-08-27 03:11:52,2026-08-27 03:16:52,CH,SAP S/4HANA,A,VIT-001,Vitalis C1000,Supplement,Vitalis,Pharmacy/B2B,2,20.0,CHF,0.0,40.0,40.0
TXN-CH-3-000545,2026-08-27 09:28:41,2026-08-27 09:33:41,CH,SAP S/4HANA,A,SAN-001,SanaPlus PainRelief,OTC,SanaPlus,D2C,2,9.05,CHF,0.05,18.1,17.2
TXN-CH-3-000546,2026-08-27 02:19:41,2026-08-27 02:25:41,CH,SAP S/4HANA,A,SAN-002,SanaPlus ColdFlu,OTC,SanaPlus,D2C,5,10.0,CHF,0.2,50.0,40.0
TXN-CH-3-000547,2026-08-27 06:51:36,2026-08-27 06:56:36,CH,SAP S/4HANA,A,DER-001,Dermacare GlowSerum,Aesthetic,Dermacare,Pharmacy/B2B,9,30.48,CHF,0.1,274.32,246.89
TXN-CH-3-000548,2026-08-27 00:59:17,2026-08-27 01:03:17,CH,SAP S/4HANA,A,PUR-001,PureLife GlucoMonitor,Medical Device,PureLife,E-commerce,2,80.95,CHF,0.0,161.9,161.9
TXN-CH-3-000549,2026-08-27 05:38:39,2026-08-27 05:40:39,CH,SAP S/4HANA,A,SAN-001,SanaPlus PainRelief,OTC,SanaPlus,E-commerce,11,9.05,CHF,0.15,99.55,84.62
TXN-CH-3-000550,2026-08-27 23:39:10,2026-08-27 23:43:10,CH,SAP S/4HANA,A,VIT-001,Vitalis C1000,Supplement,Vitalis,Wholesale,10,20.0,CHF,0.1,200.0,180.0
TXN-CH-3-000551,2026-08-27 13:25:43,2026-08-27 13:26:43,CH,SAP S/4HANA,A,PUR-002,PureLife BP Monitor,Medical Device,PureLife,Pharmacy/B2B,4,85.71,CHF,0.0,342.84,342.84
TXN-CH-3-000552,2026-08-27 00:31:28,2026-08-27 00:34:28,CH,SAP S/4HANA,A,PUR-001,PureLife GlucoMonitor,Medical Device,PureLife,D2C,4,80.95,CHF,0.2,323.8,259.04
TXN-CH-3-000553,2026-08-27 17:53:14,2026-08-27 17:56:14,CH,SAP S/4HANA,A,PUR-001,PureLife GlucoMonitor,Medical Device,PureLife,D2C,9,80.95,CHF,0.0,728.55,728.55
TXN-CH-3-000554,2026-08-27 09:33:09,2026-08-27 09:38:09,CH,SAP S/4HANA,A,VIT-001,Vitalis C1000,Supplement,Vitalis,Wholesale,7,20.0,CHF,0.15,140.0,119.0
TXN-CH-3-000555,2026-08-27 10:26:24,2026-08-27 10:28:24,CH,SAP S/4HANA,A,VIT-002,Vitalis Multivit,Supplement,Vitalis,E-commerce,7,16.19,CHF,0.1,113.33,102.0
TXN-CH-3-000556,2026-08-27 07:28:36,2026-08-27 07:33:36,CH,SAP S/4HANA,A,MED-001,Medora Cardio 10mg,Prescription,Medora,Pharmacy/B2B,5,40.95,CHF,0.15,204.75,174.04
TXN-CH-3-000557,2026-08-27 16:55:56,2026-08-27 16:57:56,CH,SAP S/4HANA,A,MED-001,Medora Cardio 10mg,Prescription,Medora,Pharmacy/B2B,9,40.95,CHF,0.2,368.55,294.84
TXN-CH-3-000558,2026-08-27 01:34:01,2026-08-27 01:39:01,CH,SAP S/4HANA,A,MED-002,Medora Derm Cream,Prescription,Medora,E-commerce,6,24.76,CHF,0.05,148.56,141.13
TXN-CH-3-000559,2026-08-27 08:17:49,2026-08-27 08:21:49,CH,SAP S/4HANA,A,PUR-001,PureLife GlucoMonitor,Medical Device,PureLife,E-commerce,2,80.95,CHF,0.0,161.9,161.9
TXN-CH-3-000560,2026-08-27 12:00:18,2026-08-27 12:04:18,CH,SAP S/4HANA,A,DER-002,Dermacare LiftCream,Aesthetic,Dermacare,E-commerce,4,35.24,CHF,0.1,140.96,126.86
TXN-CH-3-000561,2026-08-27 01:10:48,2026-08-27 01:14:48,CH,SAP S/4HANA,A,DER-001,Dermacare GlowSerum,Aesthetic,Dermacare,D2C,3,30.48,CHF,0.0,91.44,91.44
TXN-CH-3-000562,2026-08-27 14:59:36,2026-08-27 15:05:36,CH,SAP S/4HANA,A,DER-002,Dermacare LiftCream,Aesthetic,Dermacare,Pharmacy/B2B,6,35.24,CHF,0.15,211.44,179.72
TXN-CH-3-000563,2026-08-27 13:33:33,2026-08-27 13:35:33,CH,SAP S/4HANA,A,SAN-001,SanaPlus PainRelief,OTC,SanaPlus,E-commerce,6,9.05,CHF,0.0,54.3,54.3
TXN-CH-3-000564,2026-08-27 13:11:56,2026-08-27 13:15:56,CH,SAP S/4HANA,A,SAN-002,SanaPlus ColdFlu,OTC,SanaPlus,Pharmacy/B2B,3,10.0,CHF,0.2,30.0,24.0
TXN-CH-3-000565,2026-08-27 15:26:18,2026-08-27 15:30:18,CH,SAP S/4HANA,A,MED-002,Medora Derm Cream,Prescription,Medora,D2C,4,24.76,CHF,0.15,99.04,84.18
TXN-CH-3-000566,2026-08-27 10:01:08,2026-08-27 10:07:08,CH,SAP S/4HANA,A,SAN-002,SanaPlus ColdFlu,OTC,SanaPlus,D2C,8,10.0,CHF,0.2,80.0,64.0
TXN-CH-3-000567,2026-08-27 09:52:54,2026-08-27 09:53:54,CH,SAP S/4HANA,A,SAN-001,SanaPlus PainRelief,OTC,SanaPlus,D2C,10,9.05,CHF,0.1,90.5,81.45
TXN-CH-3-000568,2026-08-27 05:47:52,2026-08-27 05:51:52,CH,SAP S/4HANA,A,MED-002,Medora Derm Cream,Prescription,Medora,Pharmacy/B2B,1,24.76,CHF,0.15,24.76,21.05
TXN-CH-3-000569,2026-08-27 18:39:41,2026-08-27 18:41:41,CH,SAP S/4HANA,A,DER-002,Dermacare LiftCream,Aesthetic,Dermacare,Pharmacy/B2B,9,35.24,CHF,0.05,317.16,301.3
TXN-CH-3-000570,2026-08-27 20:56:23,2026-08-27 21:02:23,CH,SAP S/4HANA,A,PUR-001,PureLife GlucoMonitor,Medical Device,PureLife,Pharmacy/B2B,5,80.95,CHF,0.0,404.75,404.75
TXN-CH-3-000571,2026-08-27 18:54:22,2026-08-27 18:58:22,CH,SAP S/4HANA,A,SAN-002,SanaPlus ColdFlu,OTC,SanaPlus,Wholesale,8,10.0,CHF,0.0,80.0,80.0
TXN-CH-3-000572,2026-08-27 19:57:10,2026-08-27 20:00:10,CH,SAP S/4HANA,A,DER-001,Dermacare GlowSerum,Aesthetic,Dermacare,D2C,11,30.48,CHF,0.1,335.28,301.75
TXN-CH-3-000573,2026-08-27 19:55:04,2026-08-27 19:56:04,CH,SAP S/4HANA,A,MED-001,Medora Cardio 10mg,Prescription,Medora,Pharmacy/B2B,11,40.95,CHF,0.0,450.45,450.45
TXN-CH-3-000574,2026-08-27 11:49:54,2026-08-27 11:55:54,CH,SAP S/4HANA,A,VIT-002,Vitalis Multivit,Supplement,Vitalis,Pharmacy/B2B,6,16.19,CHF,0.0,97.14,97.14
TXN-CH-3-000575,2026-08-27 06:48:12,2026-08-27 06:49:12,CH,SAP S/4HANA,A,SAN-002,SanaPlus ColdFlu,OTC,SanaPlus,Wholesale,4,10.0,CHF,0.2,40.0,32.0
TXN-CH-3-000576,2026-08-27 15:08:30,2026-08-27 15:09:30,CH,SAP S/4HANA,A,SAN-001,SanaPlus PainRelief,OTC,SanaPlus,Pharmacy/B2B,12,9.05,CHF,0.15,108.6,92.31
TXN-CH-3-000577,2026-08-27 04:43:09,2026-08-27 04:46:09,CH,SAP S/4HANA,A,SAN-002,SanaPlus ColdFlu,OTC,SanaPlus,Pharmacy/B2B,8,10.0,CHF,0.0,80.0,80.0
TXN-CH-3-000578,2026-08-27 21:34:14,2026-08-27 21:37:14,CH,SAP S/4HANA,A,PUR-002,PureLife BP Monitor,Medical Device,PureLife,D2C,6,85.71,CHF,0.0,514.26,514.26
TXN-CH-3-000579,2026-08-27 18:16:42,2026-08-27 18:18:42,CH,SAP S/4HANA,A,MED-002,Medora Derm Cream,Prescription,Medora,D2C,4,24.76,CHF,0.0,99.04,99.04
TXN-CH-3-000580,2026-08-27 18:17:09,2026-08-27 18:22:09,CH,SAP S/4HANA,A,DER-001,Dermacare GlowSerum,Aesthetic,Dermacare,Pharmacy/B2B,2,30.48,CHF,0.15,60.96,51.82
TXN-CH-3-000581,2026-08-27 01:10:39,2026-08-27 01:13:39,CH,SAP S/4HANA,A,VIT-001,Vitalis C1000,Supplement,Vitalis,E-commerce,3,20.0,CHF,0.05,60.0,57.0
TXN-CH-3-000582,2026-08-27 11:45:31,2026-08-27 11:47:31,CH,SAP S/4HANA,A,SAN-001,SanaPlus PainRelief,OTC,SanaPlus,D2C,9,9.05,CHF,0.15,81.45,69.23
TXN-CH-3-000583,2026-08-27 17:35:08,2026-08-27 17:38:08,CH,SAP S/4HANA,A,DER-001,Dermacare GlowSerum,Aesthetic,Dermacare,Wholesale,5,30.48,CHF,0.15,152.4,129.54
TXN-CH-3-000584,2026-08-27 11:13:52,2026-08-27 11:19:52,CH,SAP S/4HANA,A,VIT-002,Vitalis Multivit,Supplement,Vitalis,Wholesale,4,16.19,CHF,0.0,64.76,64.76
TXN-CH-3-000585,2026-08-27 06:33:27,2026-08-27 06:36:27,CH,SAP S/4HANA,A,MED-001,Medora Cardio 10mg,Prescription,Medora,E-commerce,3,40.95,CHF,0.15,122.85,104.42
TXN-CH-3-000586,2026-08-27 10:31:53,2026-08-27 10:35:53,CH,SAP S/4HANA,A,DER-002,Dermacare LiftCream,Aesthetic,Dermacare,Wholesale,9,35.24,CHF,0.15,317.16,269.59
TXN-CH-3-000587,2026-08-27 04:31:22,2026-08-27 04:35:22,CH,SAP S/4HANA,A,VIT-002,Vitalis Multivit,Supplement,Vitalis,E-commerce,3,16.19,CHF,0.2,48.57,38.86
TXN-CH-3-000588,2026-08-27 14:28:32,2026-08-27 14:31:32,CH,SAP S/4HANA,A,DER-002,Dermacare LiftCream,Aesthetic,Dermacare,Pharmacy/B2B,2,35.24,CHF,0.0,70.48,70.48
TXN-CH-3-000589,2026-08-27 02:50:48,2026-08-27 02:55:48,CH,SAP S/4HANA,A,DER-002,Dermacare LiftCream,Aesthetic,Dermacare,E-commerce,5,35.24,CHF,0.15,176.2,149.77
TXN-CH-3-000590,2026-08-27 18:00:43,2026-08-27 18:04:43,CH,SAP S/4HANA,A,DER-002,Dermacare LiftCream,Aesthetic,Dermacare,D2C,3,35.24,CHF,0.05,105.72,100.43
TXN-CH-3-000591,2026-08-27 11:27:10,2026-08-27 11:32:10,CH,SAP S/4HANA,A,DER-002,Dermacare LiftCream,Aesthetic,Dermacare,D2C,4,35.24,CHF,0.05,140.96,133.91
TXN-CH-3-000592,2026-08-27 06:24:53,2026-08-27 06:25:53,CH,SAP S/4HANA,A,MED-002,Medora Derm Cream,Prescription,Medora,Wholesale,2,24.76,CHF,0.15,49.52,42.09
TXN-CH-3-000593,2026-08-27 04:06:12,2026-08-27 04:07:12,CH,SAP S/4HANA,A,SAN-001,SanaPlus PainRelief,OTC,SanaPlus,E-commerce,4,9.05,CHF,0.0,36.2,36.2
TXN-CH-3-000594,2026-08-27 20:21:11,2026-08-27 20:22:11,CH,SAP S/4HANA,A,PUR-001,PureLife GlucoMonitor,Medical Device,PureLife,E-commerce,12,80.95,CHF,0.2,971.4,777.12
TXN-CH-3-000595,2026-08-27 23:35:02,2026-08-27 23:39:02,CH,SAP S/4HANA,A,VIT-001,Vitalis C1000,Supplement,Vitalis,Wholesale,1,20.0,CHF,0.15,20.0,17.0
TXN-CH-3-000596,2026-08-27 23:52:30,2026-08-27 23:54:30,CH,SAP S/4HANA,A,SAN-001,SanaPlus PainRelief,OTC,SanaPlus,Wholesale,4,9.05,CHF,0.2,36.2,28.96
TXN-CH-3-000597,2026-08-27 04:30:38,2026-08-27 04:34:38,CH,SAP S/4HANA,A,PUR-001,PureLife GlucoMonitor,Medical Device,PureLife,Pharmacy/B2B,3,80.95,CHF,0.0,242.85,242.85
TXN-CH-3-000598,2026-08-27 14:42:37,2026-08-27 14:46:37,CH,SAP S/4HANA,A,VIT-002,Vitalis Multivit,Supplement,Vitalis,Wholesale,4,16.19,CHF,0.05,64.76,61.52
TXN-CH-3-000599,2026-08-27 21:05:21,2026-08-27 21:10:21,CH,SAP S/4HANA,A,DER-001,Dermacare GlowSerum,Aesthetic,Dermacare,Pharmacy/B2B,12,30.48,CHF,0.05,365.76,347.47
TXN-CH-3-000600,2026-08-27 20:04:08,2026-08-27 20:08:08,CH,SAP S/4HANA,A,MED-001,Medora Cardio 10mg,Prescription,Medora,Pharmacy/B2B,2,40.95,CHF,0.05,81.9,77.81
TXN-CH-3-000601,2026-08-27 09:42:16,2026-08-27 09:45:16,CH,SAP S/4HANA,A,VIT-002,Vitalis Multivit,Supplement,Vitalis,E-commerce,3,16.19,CHF,0.0,48.57,48.57
TXN-CH-3-000602,2026-08-27 03:22:42,2026-08-27 03:27:42,CH,SAP S/4HANA,A,DER-002,Dermacare LiftCream,Aesthetic,Dermacare,D2C,1,35.24,CHF,0.0,35.24,35.24
TXN-CH-3-000603,2026-08-27 18:32:00,2026-08-27 18:34:00,CH,SAP S/4HANA,A,VIT-002,Vitalis Multivit,Supplement,Vitalis,Pharmacy/B2B,7,16.19,CHF,0.0,113.33,113.33
TXN-CH-3-000604,2026-08-27 09:01:50,2026-08-27 09:02:50,CH,SAP S/4HANA,A,VIT-002,Vitalis Multivit,Supplement,Vitalis,D2C,12,16.19,CHF,0.1,194.28,174.85
TXN-CH-3-000605,2026-08-27 02:09:07,2026-08-27 02:10:07,CH,SAP S/4HANA,A,PUR-001,PureLife GlucoMonitor,Medical Device,PureLife,Pharmacy/B2B,9,80.95,CHF,0.0,728.55,728.55
TXN-CH-3-000606,2026-08-27 00:34:21,2026-08-27 00:36:21,CH,SAP S/4HANA,A,MED-002,Medora Derm Cream,Prescription,Medora,Pharmacy/B2B,6,24.76,CHF,0.0,148.56,148.56
TXN-CH-3-000607,2026-08-27 06:37:53,2026-08-27 06:40:53,CH,SAP S/4HANA,A,VIT-002,Vitalis Multivit,Supplement,Vitalis,Pharmacy/B2B,3,16.19,CHF,0.15,48.57,41.28
TXN-CH-3-000608,2026-08-27 00:19:30,2026-08-27 00:22:30,CH,SAP S/4HANA,A,SAN-001,SanaPlus PainRelief,OTC,SanaPlus,Wholesale,11,9.05,CHF,0.1,99.55,89.59
TXN-CH-3-000609,2026-08-27 15:55:50,2026-08-27 16:00:50,CH,SAP S/4HANA,A,SAN-002,SanaPlus ColdFlu,OTC,SanaPlus,D2C,10,10.0,CHF,0.0,100.0,100.0
TXN-CH-3-000610,2026-08-27 14:28:05,2026-08-27 14:34:05,CH,SAP S/4HANA,A,DER-001,Dermacare GlowSerum,Aesthetic,Dermacare,D2C,5,30.48,CHF,0.0,152.4,152.4
TXN-CH-3-000611,2026-08-27 11:45:10,2026-08-27 11:47:10,CH,SAP S/4HANA,A,MED-002,Medora Derm Cream,Prescription,Medora,Pharmacy/B2B,9,24.76,CHF,0.15,222.84,189.41
TXN-CH-3-000612,2026-08-27 11:26:49,2026-08-27 11:31:49,CH,SAP S/4HANA,A,SAN-002,SanaPlus ColdFlu,OTC,SanaPlus,D2C,5,10.0,CHF,0.1,50.0,45.0
TXN-CH-3-000613,2026-08-27 15:48:05,2026-08-27 15:50:05,CH,SAP S/4HANA,A,SAN-001,SanaPlus PainRelief,OTC,SanaPlus,Wholesale,2,9.05,CHF,0.1,18.1,16.29
TXN-CH-3-000614,2026-08-27 08:05:28,2026-08-27 08:07:28,CH,SAP S/4HANA,A,PUR-002,PureLife BP Monitor,Medical Device,PureLife,D2C,1,85.71,CHF,0.05,85.71,81.42
TXN-CH-3-000615,2026-08-27 00:56:05,2026-08-27 01:01:05,CH,SAP S/4HANA,A,MED-002,Medora Derm Cream,Prescription,Medora,Pharmacy/B2B,10,24.76,CHF,0.1,247.6,222.84
TXN-CH-3-000616,2026-08-27 18:14:38,2026-08-27 18:17:38,CH,SAP S/4HANA,A,SAN-002,SanaPlus ColdFlu,OTC,SanaPlus,E-commerce,12,10.0,CHF,0.05,120.0,114.0
TXN-CH-3-000617,2026-08-27 15:05:34,2026-08-27 15:06:34,CH,SAP S/4HANA,A,PUR-002,PureLife BP Monitor,Medical Device,PureLife,Pharmacy/B2B,3,85.71,CHF,0.0,257.13,257.13
TXN-CH-3-000618,2026-08-27 05:38:32,2026-08-27 05:42:32,CH,SAP S/4HANA,A,SAN-001,SanaPlus PainRelief,OTC,SanaPlus,E-commerce,5,9.05,CHF,0.0,45.25,45.25
TXN-CH-3-000619,2026-08-27 19:08:23,2026-08-27 19:11:23,CH,SAP S/4HANA,A,VIT-001,Vitalis C1000,Supplement,Vitalis,D2C,4,20.0,CHF,0.0,80.0,80.0
TXN-CH-3-000620,2026-08-27 00:41:56,2026-08-27 00:44:56,CH,SAP S/4HANA,A,PUR-001,PureLife GlucoMonitor,Medical Device,PureLife,Pharmacy/B2B,5,80.95,CHF,0.1,404.75,364.28
TXN-CH-3-000621,2026-08-27 12:45:07,2026-08-27 12:47:07,CH,SAP S/4HANA,A,PUR-002,PureLife BP Monitor,Medical Device,PureLife,Wholesale,9,85.71,CHF,0.0,771.39,771.39
TXN-CH-3-000622,2026-08-27 02:59:14,2026-08-27 03:04:14,CH,SAP S/4HANA,A,SAN-002,SanaPlus ColdFlu,OTC,SanaPlus,E-commerce,5,10.0,CHF,0.1,50.0,45.0
TXN-CH-3-000623,2026-08-27 23:10:25,2026-08-27 23:12:25,CH,SAP S/4HANA,A,SAN-001,SanaPlus PainRelief,OTC,SanaPlus,Wholesale,4,9.05,CHF,0.05,36.2,34.39
TXN-CH-3-000624,2026-08-27 04:46:40,2026-08-27 04:49:40,CH,SAP S/4HANA,A,DER-002,Dermacare LiftCream,Aesthetic,Dermacare,Wholesale,4,35.24,CHF,0.0,140.96,140.96
TXN-CH-3-000625,2026-08-27 15:55:38,2026-08-27 15:57:38,CH,SAP S/4HANA,A,PUR-001,PureLife GlucoMonitor,Medical Device,PureLife,D2C,6,80.95,CHF,0.15,485.7,412.84
TXN-CH-3-000626,2026-08-27 13:53:20,2026-08-27 13:54:20,CH,SAP S/4HANA,A,PUR-002,PureLife BP Monitor,Medical Device,PureLife,Pharmacy/B2B,9,85.71,CHF,0.0,771.39,771.39
TXN-CH-3-000627,2026-08-27 14:04:49,2026-08-27 14:06:49,CH,SAP S/4HANA,A,SAN-001,SanaPlus PainRelief,OTC,SanaPlus,E-commerce,12,9.05,CHF,0.0,108.6,108.6
TXN-CH-3-000628,2026-08-27 19:57:27,2026-08-27 20:01:27,CH,SAP S/4HANA,A,PUR-002,PureLife BP Monitor,Medical Device,PureLife,Wholesale,8,85.71,CHF,0.0,685.68,685.68
TXN-CH-3-000629,2026-08-27 13:42:51,2026-08-27 13:44:51,CH,SAP S/4HANA,A,SAN-002,SanaPlus ColdFlu,OTC,SanaPlus,Wholesale,7,10.0,CHF,0.0,70.0,70.0
TXN-CH-3-000630,2026-08-27 04:48:42,2026-08-27 04:53:42,CH,SAP S/4HANA,A,DER-002,Dermacare LiftCream,Aesthetic,Dermacare,E-commerce,5,35.24,CHF,0.1,176.2,158.58
TXN-CH-3-000631,2026-08-27 22:03:57,2026-08-27 22:04:57,CH,SAP S/4HANA,A,PUR-001,PureLife GlucoMonitor,Medical Device,PureLife,E-commerce,5,80.95,CHF,0.0,404.75,404.75
TXN-CH-3-000632,2026-08-27 13:11:44,2026-08-27 13:13:44,CH,SAP S/4HANA,A,DER-002,Dermacare LiftCream,Aesthetic,Dermacare,E-commerce,5,35.24,CHF,0.2,176.2,140.96
TXN-CH-3-000633,2026-08-27 05:36:20,2026-08-27 05:37:20,CH,SAP S/4HANA,A,MED-001,Medora Cardio 10mg,Prescription,Medora,E-commerce,11,40.95,CHF,0.15,450.45,382.88
TXN-CH-3-000634,2026-08-27 21:47:19,2026-08-27 21:52:19,CH,SAP S/4HANA,A,DER-001,Dermacare GlowSerum,Aesthetic,Dermacare,D2C,3,30.48,CHF,0.1,91.44,82.3
TXN-CH-3-000635,2026-08-27 00:12:53,2026-08-27 00:16:53,CH,SAP S/4HANA,A,MED-001,Medora Cardio 10mg,Prescription,Medora,Wholesale,12,40.95,CHF,0.15,491.4,417.69
TXN-CH-3-000636,2026-08-27 16:40:51,2026-08-27 16:41:51,CH,SAP S/4HANA,A,PUR-001,PureLife GlucoMonitor,Medical Device,PureLife,Pharmacy/B2B,6,80.95,CHF,0.1,485.7,437.13
TXN-CH-3-000637,2026-08-27 11:28:30,2026-08-27 11:33:30,CH,SAP S/4HANA,A,VIT-001,Vitalis C1000,Supplement,Vitalis,E-commerce,8,20.0,CHF,0.1,160.0,144.0
TXN-CH-3-000638,2026-08-27 07:30:02,2026-08-27 07:33:02,CH,SAP S/4HANA,A,DER-001,Dermacare GlowSerum,Aesthetic,Dermacare,E-commerce,6,30.48,CHF,0.0,182.88,182.88
TXN-CH-3-000639,2026-08-27 21:29:46,2026-08-27 21:30:46,CH,SAP S/4HANA,A,DER-001,Dermacare GlowSerum,Aesthetic,Dermacare,D2C,5,30.48,CHF,0.0,152.4,152.4
TXN-CH-3-000640,2026-08-27 09:33:06,2026-08-27 09:38:06,CH,SAP S/4HANA,A,DER-001,Dermacare GlowSerum,Aesthetic,Dermacare,Wholesale,1,30.48,CHF,0.1,30.48,27.43
TXN-CH-3-000641,2026-08-27 17:52:02,2026-08-27 17:54:02,CH,SAP S/4HANA,A,PUR-001,PureLife GlucoMonitor,Medical Device,PureLife,E-commerce,11,80.95,CHF,0.1,890.45,801.41
TXN-CH-3-000642,2026-08-27 03:28:00,2026-08-27 03:34:00,CH,SAP S/4HANA,A,MED-002,Medora Derm Cream,Prescription,Medora,E-commerce,9,24.76,CHF,0.0,222.84,222.84
TXN-CH-3-000643,2026-08-27 03:46:48,2026-08-27 03:47:48,CH,SAP S/4HANA,A,MED-002,Medora Derm Cream,Prescription,Medora,Pharmacy/B2B,2,24.76,CHF,0.0,49.52,49.52
TXN-CH-3-000644,2026-08-27 18:38:46,2026-08-27 18:44:46,CH,SAP S/4HANA,A,MED-001,Medora Cardio 10mg,Prescription,Medora,D2C,11,40.95,CHF,0.0,450.45,450.45
TXN-CH-3-000645,2026-08-27 00:34:06,2026-08-27 00:38:06,CH,SAP S/4HANA,A,VIT-002,Vitalis Multivit,Supplement,Vitalis,D2C,8,16.19,CHF,0.0,129.52,129.52
TXN-CH-3-000646,2026-08-27 09:54:54,2026-08-27 09:56:54,CH,SAP S/4HANA,A,SAN-001,SanaPlus PainRelief,OTC,SanaPlus,D2C,1,9.05,CHF,0.0,9.05,9.05
TXN-CH-3-000647,2026-08-27 19:33:01,2026-08-27 19:38:01,CH,SAP S/4HANA,A,MED-001,Medora Cardio 10mg,Prescription,Medora,E-commerce,2,40.95,CHF,0.05,81.9,77.81
TXN-CH-3-000648,2026-08-27 16:12:41,2026-08-27 16:14:41,CH,SAP S/4HANA,A,MED-001,Medora Cardio 10mg,Prescription,Medora,Wholesale,5,40.95,CHF,0.2,204.75,163.8
TXN-CH-3-000649,2026-08-27 10:54:26,2026-08-27 10:58:26,CH,SAP S/4HANA,A,VIT-001,Vitalis C1000,Supplement,Vitalis,E-commerce,8,20.0,CHF,0.05,160.0,152.0
TXN-CH-3-000650,2026-08-27 23:51:36,2026-08-27 23:54:36,CH,SAP S/4HANA,A,VIT-002,Vitalis Multivit,Supplement,Vitalis,Pharmacy/B2B,2,16.19,CHF,0.05,32.38,30.76
TXN-CH-3-000651,2026-08-27 06:34:13,2026-08-27 06:36:13,CH,SAP S/4HANA,A,PUR-001,PureLife GlucoMonitor,Medical Device,PureLife,E-commerce,12,80.95,CHF,0.2,971.4,777.12
TXN-CH-3-000652,2026-08-27 16:14:04,2026-08-27 16:17:04,CH,SAP S/4HANA,A,MED-002,Medora Derm Cream,Prescription,Medora,E-commerce,11,24.76,CHF,0.2,272.36,217.89
TXN-CH-3-000653,2026-08-27 23:53:20,2026-08-27 23:59:20,CH,SAP S/4HANA,A,PUR-001,PureLife GlucoMonitor,Medical Device,PureLife,Wholesale,1,80.95,CHF,0.2,80.95,64.76
TXN-CH-3-000654,2026-08-27 09:16:37,2026-08-27 09:21:37,CH,SAP S/4HANA,A,SAN-002,SanaPlus ColdFlu,OTC,SanaPlus,D2C,10,10.0,CHF,0.0,100.0,100.0
TXN-CH-3-000655,2026-08-27 19:11:05,2026-08-27 19:16:05,CH,SAP S/4HANA,A,DER-002,Dermacare LiftCream,Aesthetic,Dermacare,Wholesale,3,35.24,CHF,0.2,105.72,84.58
TXN-CH-3-000656,2026-08-27 13:39:14,2026-08-27 13:40:14,CH,SAP S/4HANA,A,PUR-002,PureLife BP Monitor,Medical Device,PureLife,Wholesale,10,85.71,CHF,0.05,857.1,814.25
TXN-CH-3-000657,2026-08-27 02:40:32,2026-08-27 02:46:32,CH,SAP S/4HANA,A,DER-001,Dermacare GlowSerum,Aesthetic,Dermacare,Wholesale,12,30.48,CHF,0.05,365.76,347.47
TXN-CH-3-000658,2026-08-27 12:31:17,2026-08-27 12:34:17,CH,SAP S/4HANA,A,MED-002,Medora Derm Cream,Prescription,Medora,Pharmacy/B2B,9,24.76,CHF,0.0,222.84,222.84
TXN-CH-3-000659,2026-08-27 18:09:42,2026-08-27 18:13:42,CH,SAP S/4HANA,A,VIT-001,Vitalis C1000,Supplement,Vitalis,Wholesale,11,20.0,CHF,0.0,220.0,220.0
TXN-CH-3-000660,2026-08-27 20:51:47,2026-08-27 20:54:47,CH,SAP S/4HANA,A,PUR-002,PureLife BP Monitor,Medical Device,PureLife,Wholesale,12,85.71,CHF,0.1,1028.52,925.67
TXN-CH-3-000661,2026-08-27 03:22:56,2026-08-27 03:26:56,CH,SAP S/4HANA,A,MED-002,Medora Derm Cream,Prescription,Medora,Wholesale,2,24.76,CHF,0.2,49.52,39.62
TXN-CH-3-000662,2026-08-27 00:00:16,2026-08-27 00:02:16,CH,SAP S/4HANA,A,DER-002,Dermacare LiftCream,Aesthetic,Dermacare,Wholesale,11,35.24,CHF,0.0,387.64,387.64
TXN-CH-3-000663,2026-08-27 00:32:36,2026-08-27 00:37:36,CH,SAP S/4HANA,A,MED-001,Medora Cardio 10mg,Prescription,Medora,Pharmacy/B2B,11,40.95,CHF,0.2,450.45,360.36
TXN-CH-3-000664,2026-08-27 13:03:45,2026-08-27 13:07:45,CH,SAP S/4HANA,A,VIT-002,Vitalis Multivit,Supplement,Vitalis,Pharmacy/B2B,5,16.19,CHF,0.0,80.95,80.95
TXN-CH-3-000665,2026-08-27 05:23:27,2026-08-27 05:25:27,CH,SAP S/4HANA,A,MED-002,Medora Derm Cream,Prescription,Medora,Pharmacy/B2B,4,24.76,CHF,0.0,99.04,99.04
TXN-CH-3-000666,2026-08-27 07:38:42,2026-08-27 07:44:42,CH,SAP S/4HANA,A,DER-002,Dermacare LiftCream,Aesthetic,Dermacare,D2C,8,35.24,CHF,0.0,281.92,281.92
TXN-CH-3-000667,2026-08-27 14:54:55,2026-08-27 14:58:55,CH,SAP S/4HANA,A,DER-001,Dermacare GlowSerum,Aesthetic,Dermacare,Wholesale,6,30.48,CHF,0.2,182.88,146.3
TXN-CH-3-000668,2026-08-27 10:55:40,2026-08-27 10:57:40,CH,SAP S/4HANA,A,MED-001,Medora Cardio 10mg,Prescription,Medora,Wholesale,7,40.95,CHF,0.05,286.65,272.32
TXN-CH-3-000669,2026-08-27 10:22:43,2026-08-27 10:25:43,CH,SAP S/4HANA,A,MED-001,Medora Cardio 10mg,Prescription,Medora,Wholesale,1,40.95,CHF,0.05,40.95,38.9
TXN-CH-3-000670,2026-08-27 07:09:20,2026-08-27 07:10:20,CH,SAP S/4HANA,A,PUR-001,PureLife GlucoMonitor,Medical Device,PureLife,Pharmacy/B2B,5,80.95,CHF,0.0,404.75,404.75
TXN-CH-3-000671,2026-08-27 05:55:48,2026-08-27 05:56:48,CH,SAP S/4HANA,A,MED-001,Medora Cardio 10mg,Prescription,Medora,E-commerce,11,40.95,CHF,0.0,450.45,450.45
TXN-CH-3-000672,2026-08-27 21:26:01,2026-08-27 21:32:01,CH,SAP S/4HANA,A,MED-001,Medora Cardio 10mg,Prescription,Medora,Pharmacy/B2B,7,40.95,CHF,0.05,286.65,272.32
TXN-CH-3-000673,2026-08-27 10:28:19,2026-08-27 10:31:19,CH,SAP S/4HANA,A,VIT-002,Vitalis Multivit,Supplement,Vitalis,Wholesale,12,16.19,CHF,0.0,194.28,194.28
TXN-CH-3-000674,2026-08-27 22:30:40,2026-08-27 22:32:40,CH,SAP S/4HANA,A,SAN-002,SanaPlus ColdFlu,OTC,SanaPlus,E-commerce,9,10.0,CHF,0.0,90.0,90.0
TXN-CH-3-000675,2026-08-27 18:39:48,2026-08-27 18:41:48,CH,SAP S/4HANA,A,SAN-001,SanaPlus PainRelief,OTC,SanaPlus,Pharmacy/B2B,7,9.05,CHF,0.1,63.35,57.02
TXN-CH-3-000676,2026-08-27 12:25:18,2026-08-27 12:30:18,CH,SAP S/4HANA,A,PUR-001,PureLife GlucoMonitor,Medical Device,PureLife,E-commerce,12,80.95,CHF,0.2,971.4,777.12
TXN-CH-3-000677,2026-08-27 18:56:14,2026-08-27 19:02:14,CH,SAP S/4HANA,A,MED-002,Medora Derm Cream,Prescription,Medora,E-commerce,6,24.76,CHF,0.2,148.56,118.85
TXN-CH-3-000678,2026-08-27 05:05:26,2026-08-27 05:08:26,CH,SAP S/4HANA,A,DER-001,Dermacare GlowSerum,Aesthetic,Dermacare,E-commerce,12,30.48,CHF,0.0,365.76,365.76
TXN-CH-3-000679,2026-08-27 16:00:02,2026-08-27 16:01:02,CH,SAP S/4HANA,A,VIT-001,Vitalis C1000,Supplement,Vitalis,Pharmacy/B2B,11,20.0,CHF,0.05,220.0,209.0
TXN-CH-3-000680,2026-08-27 16:19:59,2026-08-27 16:20:59,CH,SAP S/4HANA,A,VIT-001,Vitalis C1000,Supplement,Vitalis,D2C,4,20.0,CHF,0.1,80.0,72.0
TXN-CH-3-000681,2026-08-27 08:42:42,2026-08-27 08:48:42,CH,SAP S/4HANA,A,DER-001,Dermacare GlowSerum,Aesthetic,Dermacare,Wholesale,8,30.48,CHF,0.1,243.84,219.46
TXN-CH-3-000682,2026-08-27 03:38:08,2026-08-27 03:39:08,CH,SAP S/4HANA,A,PUR-002,PureLife BP Monitor,Medical Device,PureLife,E-commerce,11,85.71,CHF,0.0,942.81,942.81
TXN-CH-3-000683,2026-08-27 00:19:26,2026-08-27 00:24:26,CH,SAP S/4HANA,A,PUR-002,PureLife BP Monitor,Medical Device,PureLife,Wholesale,10,85.71,CHF,0.0,857.1,857.1
TXN-CH-3-000684,2026-08-27 18:29:09,2026-08-27 18:35:09,CH,SAP S/4HANA,A,VIT-001,Vitalis C1000,Supplement,Vitalis,D2C,2,20.0,CHF,0.05,40.0,38.0
TXN-CH-3-000685,2026-08-27 10:15:26,2026-08-27 10:20:26,CH,SAP S/4HANA,A,MED-002,Medora Derm Cream,Prescription,Medora,D2C,6,24.76,CHF,0.0,148.56,148.56
TXN-CH-3-000686,2026-08-27 20:46:37,2026-08-27 20:48:37,CH,SAP S/4HANA,A,SAN-002,SanaPlus ColdFlu,OTC,SanaPlus,E-commerce,12,10.0,CHF,0.0,120.0,120.0
TXN-CH-3-000687,2026-08-27 15:10:14,2026-08-27 15:11:14,CH,SAP S/4HANA,A,SAN-002,SanaPlus ColdFlu,OTC,SanaPlus,Pharmacy/B2B,2,10.0,CHF,0.1,20.0,18.0
TXN-CH-3-000688,2026-08-27 11:26:32,2026-08-27 11:28:32,CH,SAP S/4HANA,A,VIT-002,Vitalis Multivit,Supplement,Vitalis,Wholesale,2,16.19,CHF,0.0,32.38,32.38
TXN-CH-3-000689,2026-08-27 17:53:02,2026-08-27 17:57:02,CH,SAP S/4HANA,A,SAN-002,SanaPlus ColdFlu,OTC,SanaPlus,E-commerce,5,10.0,CHF,0.0,50.0,50.0
TXN-CH-3-000690,2026-08-27 09:22:21,2026-08-27 09:25:21,CH,SAP S/4HANA,A,PUR-002,PureLife BP Monitor,Medical Device,PureLife,Pharmacy/B2B,3,85.71,CHF,0.0,257.13,257.13
TXN-CH-3-000691,2026-08-27 09:05:23,2026-08-27 09:11:23,CH,SAP S/4HANA,A,DER-001,Dermacare GlowSerum,Aesthetic,Dermacare,D2C,9,30.48,CHF,0.05,274.32,260.6
TXN-CH-3-000692,2026-08-27 09:44:56,2026-08-27 09:46:56,CH,SAP S/4HANA,A,VIT-002,Vitalis Multivit,Supplement,Vitalis,Pharmacy/B2B,2,16.19,CHF,0.0,32.38,32.38
TXN-CH-3-000693,2026-08-27 13:35:38,2026-08-27 13:40:38,CH,SAP S/4HANA,A,VIT-002,Vitalis Multivit,Supplement,Vitalis,E-commerce,12,16.19,CHF,0.15,194.28,165.14
TXN-CH-3-000694,2026-08-27 02:07:00,2026-08-27 02:13:00,CH,SAP S/4HANA,A,DER-002,Dermacare LiftCream,Aesthetic,Dermacare,Wholesale,1,35.24,CHF,0.1,35.24,31.72
TXN-CH-3-000695,2026-08-27 07:10:10,2026-08-27 07:15:10,CH,SAP S/4HANA,A,SAN-002,SanaPlus ColdFlu,OTC,SanaPlus,D2C,1,10.0,CHF,0.05,10.0,9.5
TXN-CH-3-000696,2026-08-27 08:59:34,2026-08-27 09:02:34,CH,SAP S/4HANA,A,MED-002,Medora Derm Cream,Prescription,Medora,Wholesale,1,24.76,CHF,0.1,24.76,22.28
TXN-CH-3-000697,2026-08-27 18:29:24,2026-08-27 18:32:24,CH,SAP S/4HANA,A,MED-002,Medora Derm Cream,Prescription,Medora,D2C,6,24.76,CHF,0.15,148.56,126.28
TXN-CH-3-000698,2026-08-27 09:13:46,2026-08-27 09:18:46,CH,SAP S/4HANA,A,VIT-002,Vitalis Multivit,Supplement,Vitalis,Pharmacy/B2B,12,16.19,CHF,0.0,194.28,194.28
TXN-CH-3-000699,2026-08-27 19:39:34,2026-08-27 19:43:34,CH,SAP S/4HANA,A,MED-001,Medora Cardio 10mg,Prescription,Medora,Wholesale,6,40.95,CHF,0.15,245.7,208.84
TXN-CH-3-000700,2026-08-27 13:37:17,2026-08-27 13:38:17,CH,SAP S/4HANA,A,VIT-001,Vitalis C1000,Supplement,Vitalis,Pharmacy/B2B,3,20.0,CHF,0.0,60.0,60.0
TXN-CH-3-000701,2026-08-27 19:12:55,2026-08-27 19:15:55,CH,SAP S/4HANA,A,MED-001,Medora Cardio 10mg,Prescription,Medora,Wholesale,7,40.95,CHF,0.05,286.65,272.32
TXN-CH-3-000702,2026-08-27 18:00:52,2026-08-27 18:02:52,CH,SAP S/4HANA,A,PUR-002,PureLife BP Monitor,Medical Device,PureLife,Pharmacy/B2B,5,85.71,CHF,0.1,428.55,385.69
TXN-CH-3-000703,2026-08-27 00:29:51,2026-08-27 00:33:51,CH,SAP S/4HANA,A,PUR-001,PureLife GlucoMonitor,Medical Device,PureLife,E-commerce,5,80.95,CHF,0.0,404.75,404.75
TXN-CH-3-000704,2026-08-27 07:03:52,2026-08-27 07:07:52,CH,SAP S/4HANA,A,MED-002,Medora Derm Cream,Prescription,Medora,Wholesale,1,24.76,CHF,0.15,24.76,21.05
TXN-CH-3-000705,2026-08-27 15:28:58,2026-08-27 15:34:58,CH,SAP S/4HANA,A,VIT-002,Vitalis Multivit,Supplement,Vitalis,Pharmacy/B2B,3,16.19,CHF,0.0,48.57,48.57
TXN-CH-3-000706,2026-08-27 20:06:09,2026-08-27 20:08:09,CH,SAP S/4HANA,A,DER-001,Dermacare GlowSerum,Aesthetic,Dermacare,Wholesale,9,30.48,CHF,0.0,274.32,274.32
TXN-CH-3-000707,2026-08-27 10:21:26,2026-08-27 10:22:26,CH,SAP S/4HANA,A,DER-001,Dermacare GlowSerum,Aesthetic,Dermacare,E-commerce,12,30.48,CHF,0.1,365.76,329.18
TXN-CH-3-000708,2026-08-27 22:57:15,2026-08-27 22:59:15,CH,SAP S/4HANA,A,SAN-001,SanaPlus PainRelief,OTC,SanaPlus,Wholesale,7,9.05,CHF,0.0,63.35,63.35
TXN-CH-3-000709,2026-08-27 03:54:59,2026-08-27 03:58:59,CH,SAP S/4HANA,A,SAN-001,SanaPlus PainRelief,OTC,SanaPlus,D2C,4,9.05,CHF,0.1,36.2,32.58
TXN-CH-3-000710,2026-08-27 16:05:05,2026-08-27 16:09:05,CH,SAP S/4HANA,A,DER-002,Dermacare LiftCream,Aesthetic,Dermacare,Wholesale,11,35.24,CHF,0.05,387.64,368.26
TXN-CH-3-000711,2026-08-27 11:01:35,2026-08-27 11:04:35,CH,SAP S/4HANA,A,VIT-002,Vitalis Multivit,Supplement,Vitalis,E-commerce,2,16.19,CHF,0.15,32.38,27.52
TXN-CH-3-000712,2026-08-27 06:02:49,2026-08-27 06:05:49,CH,SAP S/4HANA,A,SAN-001,SanaPlus PainRelief,OTC,SanaPlus,Wholesale,11,9.05,CHF,0.0,99.55,99.55
TXN-CH-3-000713,2026-08-27 13:51:23,2026-08-27 13:52:23,CH,SAP S/4HANA,A,PUR-001,PureLife GlucoMonitor,Medical Device,PureLife,Pharmacy/B2B,1,80.95,CHF,0.05,80.95,76.9
TXN-CH-3-000714,2026-08-27 22:28:55,2026-08-27 22:30:55,CH,SAP S/4HANA,A,DER-002,Dermacare LiftCream,Aesthetic,Dermacare,Wholesale,3,35.24,CHF,0.0,105.72,105.72
TXN-CH-3-000715,2026-08-27 10:19:51,2026-08-27 10:20:51,CH,SAP S/4HANA,A,SAN-001,SanaPlus PainRelief,OTC,SanaPlus,Pharmacy/B2B,10,9.05,CHF,0.1,90.5,81.45
TXN-CH-3-000716,2026-08-27 03:49:43,2026-08-27 03:55:43,CH,SAP S/4HANA,A,MED-001,Medora Cardio 10mg,Prescription,Medora,E-commerce,6,40.95,CHF,0.0,245.7,245.7
TXN-CH-3-000717,2026-08-27 17:57:43,2026-08-27 18:02:43,CH,SAP S/4HANA,A,SAN-002,SanaPlus ColdFlu,OTC,SanaPlus,E-commerce,8,10.0,CHF,0.0,80.0,80.0
TXN-CH-3-000718,2026-08-27 23:03:06,2026-08-27 23:05:06,CH,SAP S/4HANA,A,SAN-002,SanaPlus ColdFlu,OTC,SanaPlus,Pharmacy/B2B,3,10.0,CHF,0.2,30.0,24.0
TXN-CH-3-000719,2026-08-27 00:27:43,2026-08-27 00:31:43,CH,SAP S/4HANA,A,DER-002,Dermacare LiftCream,Aesthetic,Dermacare,E-commerce,4,35.24,CHF,0.15,140.96,119.82
TXN-CH-3-000720,2026-08-27 19:56:45,2026-08-27 19:58:45,CH,SAP S/4HANA,A,DER-002,Dermacare LiftCream,Aesthetic,Dermacare,Pharmacy/B2B,5,35.24,CHF,0.05,176.2,167.39
TXN-CH-3-000721,2026-08-27 21:44:18,2026-08-27 21:48:18,CH,SAP S/4HANA,A,DER-002,Dermacare LiftCream,Aesthetic,Dermacare,Wholesale,8,35.24,CHF,0.0,281.92,281.92
TXN-CH-3-000722,2026-08-27 10:52:13,2026-08-27 10:57:13,CH,SAP S/4HANA,A,PUR-001,PureLife GlucoMonitor,Medical Device,PureLife,E-commerce,9,80.95,CHF,0.05,728.55,692.12
TXN-CH-3-000723,2026-08-27 11:11:17,2026-08-27 11:16:17,CH,SAP S/4HANA,A,PUR-001,PureLife GlucoMonitor,Medical Device,PureLife,Wholesale,9,80.95,CHF,0.15,728.55,619.27
TXN-CH-3-000724,2026-08-27 23:26:35,2026-08-27 23:31:35,CH,SAP S/4HANA,A,DER-002,Dermacare LiftCream,Aesthetic,Dermacare,E-commerce,9,35.24,CHF,0.0,317.16,317.16
TXN-CH-3-000725,2026-08-27 05:40:44,2026-08-27 05:45:44,CH,SAP S/4HANA,A,SAN-001,SanaPlus PainRelief,OTC,SanaPlus,Wholesale,6,9.05,CHF,0.05,54.3,51.58
TXN-CH-3-000726,2026-08-27 15:10:21,2026-08-27 15:16:21,CH,SAP S/4HANA,A,MED-001,Medora Cardio 10mg,Prescription,Medora,E-commerce,5,40.95,CHF,0.1,204.75,184.28
TXN-CH-3-000727,2026-08-27 03:27:40,2026-08-27 03:29:40,CH,SAP S/4HANA,A,SAN-001,SanaPlus PainRelief,OTC,SanaPlus,Wholesale,10,9.05,CHF,0.0,90.5,90.5
TXN-CH-3-000728,2026-08-27 05:57:21,2026-08-27 06:00:21,CH,SAP S/4HANA,A,PUR-002,PureLife BP Monitor,Medical Device,PureLife,Wholesale,9,85.71,CHF,0.0,771.39,771.39
TXN-CH-3-000729,2026-08-27 15:48:22,2026-08-27 15:52:22,CH,SAP S/4HANA,A,SAN-001,SanaPlus PainRelief,OTC,SanaPlus,Pharmacy/B2B,2,9.05,CHF,0.05,18.1,17.2
TXN-CH-3-000730,2026-08-27 09:43:24,2026-08-27 09:48:24,CH,SAP S/4HANA,A,PUR-002,PureLife BP Monitor,Medical Device,PureLife,Pharmacy/B2B,10,85.71,CHF,0.15,857.1,728.53
TXN-CH-3-000731,2026-08-27 01:29:45,2026-08-27 01:30:45,CH,SAP S/4HANA,A,VIT-002,Vitalis Multivit,Supplement,Vitalis,Pharmacy/B2B,11,16.19,CHF,0.0,178.09,178.09
TXN-CH-3-000732,2026-08-27 20:21:59,2026-08-27 20:25:59,CH,SAP S/4HANA,A,PUR-001,PureLife GlucoMonitor,Medical Device,PureLife,E-commerce,4,80.95,CHF,0.0,323.8,323.8
TXN-CH-3-000733,2026-08-27 23:31:31,2026-08-27 23:32:31,CH,SAP S/4HANA,A,DER-001,Dermacare GlowSerum,Aesthetic,Dermacare,Wholesale,12,30.48,CHF,0.0,365.76,365.76
TXN-CH-3-000734,2026-08-27 11:11:44,2026-08-27 11:15:44,CH,SAP S/4HANA,A,DER-002,Dermacare LiftCream,Aesthetic,Dermacare,Pharmacy/B2B,4,35.24,CHF,0.2,140.96,112.77
TXN-CH-3-000735,2026-08-27 03:23:57,2026-08-27 03:25:57,CH,SAP S/4HANA,A,PUR-001,PureLife GlucoMonitor,Medical Device,PureLife,Wholesale,10,80.95,CHF,0.2,809.5,647.6
TXN-CH-3-000736,2026-08-27 03:04:58,2026-08-27 03:10:58,CH,SAP S/4HANA,A,VIT-002,Vitalis Multivit,Supplement,Vitalis,E-commerce,2,16.19,CHF,0.0,32.38,32.38
TXN-CH-3-000737,2026-08-27 18:01:25,2026-08-27 18:07:25,CH,SAP S/4HANA,A,SAN-002,SanaPlus ColdFlu,OTC,SanaPlus,E-commerce,6,10.0,CHF,0.0,60.0,60.0
TXN-CH-3-000738,2026-08-27 18:38:56,2026-08-27 18:41:56,CH,SAP S/4HANA,A,VIT-002,Vitalis Multivit,Supplement,Vitalis,Wholesale,4,16.19,CHF,0.2,64.76,51.81
TXN-CH-3-000739,2026-08-27 06:44:55,2026-08-27 06:46:55,CH,SAP S/4HANA,A,VIT-001,Vitalis C1000,Supplement,Vitalis,Pharmacy/B2B,8,20.0,CHF,0.0,160.0,160.0
TXN-CH-3-000740,2026-08-27 12:42:57,2026-08-27 12:43:57,CH,SAP S/4HANA,A,DER-002,Dermacare LiftCream,Aesthetic,Dermacare,D2C,8,35.24,CHF,0.15,281.92,239.63
TXN-CH-3-000741,2026-08-27 20:07:33,2026-08-27 20:08:33,CH,SAP S/4HANA,A,SAN-001,SanaPlus PainRelief,OTC,SanaPlus,Wholesale,10,9.05,CHF,0.15,90.5,76.92
TXN-CH-3-000742,2026-08-27 21:32:23,2026-08-27 21:35:23,CH,SAP S/4HANA,A,MED-002,Medora Derm Cream,Prescription,Medora,E-commerce,7,24.76,CHF,0.0,173.32,173.32
TXN-CH-3-000743,2026-08-27 04:39:06,2026-08-27 04:44:06,CH,SAP S/4HANA,A,PUR-001,PureLife GlucoMonitor,Medical Device,PureLife,Wholesale,10,80.95,CHF,0.05,809.5,769.02
TXN-CH-3-000744,2026-08-27 01:52:44,2026-08-27 01:55:44,CH,SAP S/4HANA,A,VIT-002,Vitalis Multivit,Supplement,Vitalis,E-commerce,7,16.19,CHF,0.2,113.33,90.66
TXN-CH-3-000745,2026-08-27 18:42:40,2026-08-27 18:46:40,CH,SAP S/4HANA,A,DER-001,Dermacare GlowSerum,Aesthetic,Dermacare,Wholesale,10,30.48,CHF,0.0,304.8,304.8
TXN-CH-3-000746,2026-08-27 04:00:04,2026-08-27 04:04:04,CH,SAP S/4HANA,A,PUR-001,PureLife GlucoMonitor,Medical Device,PureLife,Wholesale,12,80.95,CHF,0.0,971.4,971.4
TXN-CH-3-000747,2026-08-27 19:47:45,2026-08-27 19:48:45,CH,SAP S/4HANA,A,SAN-001,SanaPlus PainRelief,OTC,SanaPlus,Wholesale,7,9.05,CHF,0.2,63.35,50.68
TXN-CH-3-000748,2026-08-27 05:00:57,2026-08-27 05:02:57,CH,SAP S/4HANA,A,VIT-001,Vitalis C1000,Supplement,Vitalis,Pharmacy/B2B,5,20.0,CHF,0.2,100.0,80.0
TXN-CH-3-000749,2026-08-27 16:30:56,2026-08-27 16:36:56,CH,SAP S/4HANA,A,MED-002,Medora Derm Cream,Prescription,Medora,Pharmacy/B2B,12,24.76,CHF,0.1,297.12,267.41
TXN-CH-3-000750,2026-08-27 13:01:58,2026-08-27 13:03:58,CH,SAP S/4HANA,A,DER-001,Dermacare GlowSerum,Aesthetic,Dermacare,Wholesale,6,30.48,CHF,0.0,182.88,182.88
TXN-CH-3-000751,2026-08-27 07:19:03,2026-08-27 07:20:03,CH,SAP S/4HANA,A,DER-001,Dermacare GlowSerum,Aesthetic,Dermacare,Wholesale,8,30.48,CHF,0.2,243.84,195.07
TXN-CH-3-000752,2026-08-27 07:58:15,2026-08-27 08:03:15,CH,SAP S/4HANA,A,SAN-002,SanaPlus ColdFlu,OTC,SanaPlus,D2C,5,10.0,CHF,0.05,50.0,47.5
TXN-CH-3-000753,2026-08-27 12:05:34,2026-08-27 12:08:34,CH,SAP S/4HANA,A,DER-001,Dermacare GlowSerum,Aesthetic,Dermacare,E-commerce,6,30.48,CHF,0.2,182.88,146.3
TXN-CH-3-000754,2026-08-27 09:27:03,2026-08-27 09:29:03,CH,SAP S/4HANA,A,DER-002,Dermacare LiftCream,Aesthetic,Dermacare,Wholesale,2,35.24,CHF,0.1,70.48,63.43
TXN-CH-3-000755,2026-08-27 12:09:49,2026-08-27 12:15:49,CH,SAP S/4HANA,A,SAN-002,SanaPlus ColdFlu,OTC,SanaPlus,Pharmacy/B2B,7,10.0,CHF,0.1,70.0,63.0
TXN-CH-3-000756,2026-08-27 16:59:45,2026-08-27 17:03:45,CH,SAP S/4HANA,A,MED-001,Medora Cardio 10mg,Prescription,Medora,Pharmacy/B2B,2,40.95,CHF,0.2,81.9,65.52
TXN-CH-3-000757,2026-08-27 20:15:35,2026-08-27 20:18:35,CH,SAP S/4HANA,A,PUR-001,PureLife GlucoMonitor,Medical Device,PureLife,D2C,6,80.95,CHF,0.05,485.7,461.41
TXN-CH-3-000758,2026-08-27 10:41:09,2026-08-27 10:47:09,CH,SAP S/4HANA,A,PUR-001,PureLife GlucoMonitor,Medical Device,PureLife,Pharmacy/B2B,4,80.95,CHF,0.0,323.8,323.8
TXN-CH-3-000759,2026-08-27 14:41:54,2026-08-27 14:45:54,CH,SAP S/4HANA,A,DER-001,Dermacare GlowSerum,Aesthetic,Dermacare,Pharmacy/B2B,2,30.48,CHF,0.0,60.96,60.96
TXN-CH-3-000760,2026-08-27 15:09:55,2026-08-27 15:12:55,CH,SAP S/4HANA,A,MED-001,Medora Cardio 10mg,Prescription,Medora,D2C,9,40.95,CHF,0.05,368.55,350.12
TXN-CH-3-000761,2026-08-27 07:42:32,2026-08-27 07:45:32,CH,SAP S/4HANA,A,VIT-001,Vitalis C1000,Supplement,Vitalis,E-commerce,12,20.0,CHF,0.0,240.0,240.0
TXN-CH-3-000762,2026-08-27 13:04:58,2026-08-27 13:06:58,CH,SAP S/4HANA,A,PUR-001,PureLife GlucoMonitor,Medical Device,PureLife,Wholesale,2,80.95,CHF,0.15,161.9,137.62
TXN-CH-3-000763,2026-08-27 19:17:57,2026-08-27 19:18:57,CH,SAP S/4HANA,A,DER-002,Dermacare LiftCream,Aesthetic,Dermacare,E-commerce,2,35.24,CHF,0.0,70.48,70.48
TXN-CH-3-000764,2026-08-27 08:16:07,2026-08-27 08:17:07,CH,SAP S/4HANA,A,PUR-002,PureLife BP Monitor,Medical Device,PureLife,Pharmacy/B2B,12,85.71,CHF,0.0,1028.52,1028.52
TXN-CH-3-000765,2026-08-27 01:49:36,2026-08-27 01:53:36,CH,SAP S/4HANA,A,PUR-001,PureLife GlucoMonitor,Medical Device,PureLife,Pharmacy/B2B,9,80.95,CHF,0.0,728.55,728.55
TXN-CH-3-000766,2026-08-27 15:34:40,2026-08-27 15:39:40,CH,SAP S/4HANA,A,MED-002,Medora Derm Cream,Prescription,Medora,E-commerce,5,24.76,CHF,0.1,123.8,111.42
TXN-CH-3-000767,2026-08-27 22:42:56,2026-08-27 22:48:56,CH,SAP S/4HANA,A,DER-002,Dermacare LiftCream,Aesthetic,Dermacare,Pharmacy/B2B,11,35.24,CHF,0.0,387.64,387.64
TXN-CH-3-000768,2026-08-27 17:56:49,2026-08-27 17:58:49,CH,SAP S/4HANA,A,PUR-001,PureLife GlucoMonitor,Medical Device,PureLife,Wholesale,12,80.95,CHF,0.0,971.4,971.4
TXN-CH-3-000769,2026-08-27 09:06:45,2026-08-27 09:12:45,CH,SAP S/4HANA,A,MED-001,Medora Cardio 10mg,Prescription,Medora,Pharmacy/B2B,3,40.95,CHF,0.0,122.85,122.85
TXN-CH-3-000770,2026-08-27 08:48:10,2026-08-27 08:50:10,CH,SAP S/4HANA,A,SAN-001,SanaPlus PainRelief,OTC,SanaPlus,Pharmacy/B2B,6,9.05,CHF,0.0,54.3,54.3
TXN-CH-3-000771,2026-08-27 09:41:01,2026-08-27 09:46:01,CH,SAP S/4HANA,A,MED-002,Medora Derm Cream,Prescription,Medora,Pharmacy/B2B,4,24.76,CHF,0.2,99.04,79.23
TXN-CH-3-000772,2026-08-27 19:23:05,2026-08-27 19:24:05,CH,SAP S/4HANA,A,PUR-001,PureLife GlucoMonitor,Medical Device,PureLife,Pharmacy/B2B,11,80.95,CHF,0.1,890.45,801.41
TXN-CH-3-000773,2026-08-27 02:53:13,2026-08-27 02:55:13,CH,SAP S/4HANA,A,DER-002,Dermacare LiftCream,Aesthetic,Dermacare,Wholesale,11,35.24,CHF,0.15,387.64,329.49
TXN-CH-3-000774,2026-08-27 05:26:56,2026-08-27 05:29:56,CH,SAP S/4HANA,A,MED-002,Medora Derm Cream,Prescription,Medora,Wholesale,5,24.76,CHF,0.0,123.8,123.8
TXN-CH-3-000775,2026-08-27 04:43:05,2026-08-27 04:49:05,CH,SAP S/4HANA,A,DER-001,Dermacare GlowSerum,Aesthetic,Dermacare,D2C,5,30.48,CHF,0.1,152.4,137.16
TXN-CH-3-000776,2026-08-27 19:28:20,2026-08-27 19:31:20,CH,SAP S/4HANA,A,MED-002,Medora Derm Cream,Prescription,Medora,Pharmacy/B2B,2,24.76,CHF,0.0,49.52,49.52
TXN-CH-3-000777,2026-08-27 04:35:50,2026-08-27 04:36:50,CH,SAP S/4HANA,A,MED-002,Medora Derm Cream,Prescription,Medora,E-commerce,11,24.76,CHF,0.0,272.36,272.36
TXN-CH-3-000778,2026-08-27 09:47:30,2026-08-27 09:48:30,CH,SAP S/4HANA,A,DER-002,Dermacare LiftCream,Aesthetic,Dermacare,Pharmacy/B2B,5,35.24,CHF,0.0,176.2,176.2
TXN-CH-3-000779,2026-08-27 15:38:35,2026-08-27 15:44:35,CH,SAP S/4HANA,A,DER-001,Dermacare GlowSerum,Aesthetic,Dermacare,E-commerce,3,30.48,CHF,0.05,91.44,86.87
TXN-CH-3-000780,2026-08-27 11:25:55,2026-08-27 11:30:55,CH,SAP S/4HANA,A,VIT-002,Vitalis Multivit,Supplement,Vitalis,D2C,9,16.19,CHF,0.05,145.71,138.42
TXN-CH-3-000781,2026-08-27 11:39:49,2026-08-27 11:42:49,CH,SAP S/4HANA,A,VIT-002,Vitalis Multivit,Supplement,Vitalis,D2C,11,16.19,CHF,0.0,178.09,178.09
TXN-CH-3-000782,2026-08-27 22:30:19,2026-08-27 22:34:19,CH,SAP S/4HANA,A,PUR-001,PureLife GlucoMonitor,Medical Device,PureLife,Wholesale,11,80.95,CHF,0.15,890.45,756.88
TXN-CH-3-000783,2026-08-27 21:10:57,2026-08-27 21:15:57,CH,SAP S/4HANA,A,DER-001,Dermacare GlowSerum,Aesthetic,Dermacare,E-commerce,3,30.48,CHF,0.0,91.44,91.44
TXN-CH-3-000784,2026-08-27 18:59:35,2026-08-27 19:03:35,CH,SAP S/4HANA,A,DER-001,Dermacare GlowSerum,Aesthetic,Dermacare,D2C,3,30.48,CHF,0.1,91.44,82.3
TXN-CH-3-000785,2026-08-27 16:37:27,2026-08-27 16:43:27,CH,SAP S/4HANA,A,SAN-001,SanaPlus PainRelief,OTC,SanaPlus,E-commerce,3,9.05,CHF,0.0,27.15,27.15
TXN-CH-3-000786,2026-08-27 11:18:58,2026-08-27 11:19:58,CH,SAP S/4HANA,A,DER-002,Dermacare LiftCream,Aesthetic,Dermacare,D2C,4,35.24,CHF,0.15,140.96,119.82
TXN-CH-3-000787,2026-08-27 21:45:34,2026-08-27 21:51:34,CH,SAP S/4HANA,A,DER-001,Dermacare GlowSerum,Aesthetic,Dermacare,Wholesale,8,30.48,CHF,0.0,243.84,243.84
TXN-CH-3-000788,2026-08-27 07:59:36,2026-08-27 08:03:36,CH,SAP S/4HANA,A,VIT-001,Vitalis C1000,Supplement,Vitalis,Pharmacy/B2B,1,20.0,CHF,0.0,20.0,20.0
TXN-CH-3-000789,2026-08-27 17:39:42,2026-08-27 17:41:42,CH,SAP S/4HANA,A,SAN-002,SanaPlus ColdFlu,OTC,SanaPlus,Pharmacy/B2B,1,10.0,CHF,0.05,10.0,9.5
TXN-CH-3-000790,2026-08-27 21:33:42,2026-08-27 21:34:42,CH,SAP S/4HANA,A,VIT-001,Vitalis C1000,Supplement,Vitalis,D2C,8,20.0,CHF,0.2,160.0,128.0
TXN-CH-3-000791,2026-08-27 13:26:24,2026-08-27 13:30:24,CH,SAP S/4HANA,A,DER-002,Dermacare LiftCream,Aesthetic,Dermacare,Pharmacy/B2B,12,35.24,CHF,0.05,422.88,401.74
TXN-CH-3-000792,2026-08-27 17:36:37,2026-08-27 17:37:37,CH,SAP S/4HANA,A,VIT-001,Vitalis C1000,Supplement,Vitalis,Pharmacy/B2B,5,20.0,CHF,0.05,100.0,95.0
TXN-CH-3-000793,2026-08-27 09:26:32,2026-08-27 09:29:32,CH,SAP S/4HANA,A,SAN-002,SanaPlus ColdFlu,OTC,SanaPlus,Pharmacy/B2B,2,10.0,CHF,0.15,20.0,17.0
TXN-CH-3-000794,2026-08-27 09:55:35,2026-08-27 10:01:35,CH,SAP S/4HANA,A,PUR-001,PureLife GlucoMonitor,Medical Device,PureLife,E-commerce,4,80.95,CHF,0.2,323.8,259.04
TXN-CH-3-000795,2026-08-27 10:00:58,2026-08-27 10:06:58,CH,SAP S/4HANA,A,DER-002,Dermacare LiftCream,Aesthetic,Dermacare,E-commerce,2,35.24,CHF,0.1,70.48,63.43
TXN-CH-3-000796,2026-08-27 09:48:34,2026-08-27 09:51:34,CH,SAP S/4HANA,A,DER-002,Dermacare LiftCream,Aesthetic,Dermacare,D2C,5,35.24,CHF,0.0,176.2,176.2
TXN-CH-3-000797,2026-08-27 03:10:22,2026-08-27 03:14:22,CH,SAP S/4HANA,A,MED-001,Medora Cardio 10mg,Prescription,Medora,Wholesale,8,40.95,CHF,0.2,327.6,262.08
TXN-CH-3-000798,2026-08-27 20:14:04,2026-08-27 20:16:04,CH,SAP S/4HANA,A,DER-001,Dermacare GlowSerum,Aesthetic,Dermacare,Wholesale,7,30.48,CHF,0.0,213.36,213.36
TXN-CH-3-000799,2026-08-27 14:15:49,2026-08-27 14:20:49,CH,SAP S/4HANA,A,DER-001,Dermacare GlowSerum,Aesthetic,Dermacare,Wholesale,10,30.48,CHF,0.1,304.8,274.32
TXN-CH-3-000800,2026-08-27 04:35:10,2026-08-27 04:40:10,CH,SAP S/4HANA,A,DER-001,Dermacare GlowSerum,Aesthetic,Dermacare,E-commerce,12,30.48,CHF,0.0,365.76,365.76
TXN-CH-3-000801,2026-08-27 19:27:08,2026-08-27 19:29:08,CH,SAP S/4HANA,A,SAN-002,SanaPlus ColdFlu,OTC,SanaPlus,E-commerce,11,10.0,CHF,0.1,110.0,99.0
TXN-CH-3-000802,2026-08-27 01:16:52,2026-08-27 01:17:52,CH,SAP S/4HANA,A,SAN-002,SanaPlus ColdFlu,OTC,SanaPlus,D2C,4,10.0,CHF,0.0,40.0,40.0
TXN-CH-3-000803,2026-08-27 13:45:28,2026-08-27 13:51:28,CH,SAP S/4HANA,A,DER-002,Dermacare LiftCream,Aesthetic,Dermacare,Pharmacy/B2B,5,35.24,CHF,0.0,176.2,176.2
TXN-CH-3-000804,2026-08-27 09:37:53,2026-08-27 09:42:53,CH,SAP S/4HANA,A,VIT-001,Vitalis C1000,Supplement,Vitalis,E-commerce,3,20.0,CHF,0.0,60.0,60.0
TXN-CH-3-000805,2026-08-27 01:44:25,2026-08-27 01:50:25,CH,SAP S/4HANA,A,DER-001,Dermacare GlowSerum,Aesthetic,Dermacare,Wholesale,12,30.48,CHF,0.05,365.76,347.47
TXN-CH-3-000806,2026-08-27 00:44:42,2026-08-27 00:48:42,CH,SAP S/4HANA,A,SAN-001,SanaPlus PainRelief,OTC,SanaPlus,Pharmacy/B2B,7,9.05,CHF,0.0,63.35,63.35
TXN-CH-3-000807,2026-08-27 13:56:54,2026-08-27 13:58:54,CH,SAP S/4HANA,A,DER-002,Dermacare LiftCream,Aesthetic,Dermacare,Wholesale,7,35.24,CHF,0.0,246.68,246.68
TXN-CH-3-000808,2026-08-27 18:47:07,2026-08-27 18:48:07,CH,SAP S/4HANA,A,MED-001,Medora Cardio 10mg,Prescription,Medora,E-commerce,4,40.95,CHF,0.0,163.8,163.8
TXN-CH-3-000809,2026-08-27 07:01:34,2026-08-27 07:05:34,CH,SAP S/4HANA,A,SAN-002,SanaPlus ColdFlu,OTC,SanaPlus,Wholesale,9,10.0,CHF,0.0,90.0,90.0
TXN-CH-3-000810,2026-08-27 16:47:19,2026-08-27 16:51:19,CH,SAP S/4HANA,A,DER-001,Dermacare GlowSerum,Aesthetic,Dermacare,Wholesale,8,30.48,CHF,0.15,243.84,207.26
TXN-CH-3-000811,2026-08-27 12:48:53,2026-08-27 12:53:53,CH,SAP S/4HANA,A,VIT-002,Vitalis Multivit,Supplement,Vitalis,Pharmacy/B2B,4,16.19,CHF,0.15,64.76,55.05
TXN-CH-3-000812,2026-08-27 23:08:40,2026-08-27 23:09:40,CH,SAP S/4HANA,A,VIT-001,Vitalis C1000,Supplement,Vitalis,Wholesale,9,20.0,CHF,0.0,180.0,180.0
TXN-CH-3-000813,2026-08-27 12:13:37,2026-08-27 12:15:37,CH,SAP S/4HANA,A,PUR-002,PureLife BP Monitor,Medical Device,PureLife,Wholesale,5,85.71,CHF,0.1,428.55,385.69
TXN-CH-3-000814,2026-08-27 22:26:24,2026-08-27 22:32:24,CH,SAP S/4HANA,A,VIT-002,Vitalis Multivit,Supplement,Vitalis,Wholesale,2,16.19,CHF,0.2,32.38,25.9
TXN-CH-3-000815,2026-08-27 04:08:50,2026-08-27 04:10:50,CH,SAP S/4HANA,A,PUR-002,PureLife BP Monitor,Medical Device,PureLife,D2C,6,85.71,CHF,0.0,514.26,514.26
TXN-CH-3-000816,2026-08-27 08:22:38,2026-08-27 08:25:38,CH,SAP S/4HANA,A,MED-001,Medora Cardio 10mg,Prescription,Medora,D2C,5,40.95,CHF,0.15,204.75,174.04
TXN-CH-3-000817,2026-08-27 02:51:49,2026-08-27 02:55:49,CH,SAP S/4HANA,A,VIT-001,Vitalis C1000,Supplement,Vitalis,D2C,6,20.0,CHF,0.15,120.0,102.0
TXN-CH-3-000818,2026-08-27 20:08:40,2026-08-27 20:09:40,CH,SAP S/4HANA,A,PUR-001,PureLife GlucoMonitor,Medical Device,PureLife,Pharmacy/B2B,8,80.95,CHF,0.2,647.6,518.08
TXN-CH-3-000819,2026-08-27 18:23:13,2026-08-27 18:27:13,CH,SAP S/4HANA,A,PUR-002,PureLife BP Monitor,Medical Device,PureLife,Wholesale,8,85.71,CHF,0.15,685.68,582.83
TXN-CH-3-000820,2026-08-27 05:26:02,2026-08-27 05:31:02,CH,SAP S/4HANA,A,PUR-001,PureLife GlucoMonitor,Medical Device,PureLife,Wholesale,4,80.95,CHF,0.05,323.8,307.61
TXN-CH-3-000821,2026-08-27 01:00:26,2026-08-27 01:03:26,CH,SAP S/4HANA,A,MED-002,Medora Derm Cream,Prescription,Medora,Pharmacy/B2B,1,24.76,CHF,0.15,24.76,21.05
TXN-CH-3-000822,2026-08-27 07:18:05,2026-08-27 07:21:05,CH,SAP S/4HANA,A,VIT-002,Vitalis Multivit,Supplement,Vitalis,D2C,9,16.19,CHF,0.0,145.71,145.71
TXN-CH-3-000823,2026-08-27 22:20:34,2026-08-27 22:25:34,CH,SAP S/4HANA,A,SAN-002,SanaPlus ColdFlu,OTC,SanaPlus,E-commerce,6,10.0,CHF,0.1,60.0,54.0
TXN-CH-3-000824,2026-08-27 02:13:31,2026-08-27 02:14:31,CH,SAP S/4HANA,A,MED-001,Medora Cardio 10mg,Prescription,Medora,Wholesale,4,40.95,CHF,0.0,163.8,163.8
TXN-CH-3-000825,2026-08-27 19:09:34,2026-08-27 19:10:34,CH,SAP S/4HANA,A,MED-001,Medora Cardio 10mg,Prescription,Medora,Wholesale,4,40.95,CHF,0.0,163.8,163.8
TXN-CH-3-000826,2026-08-27 02:48:59,2026-08-27 02:52:59,CH,SAP S/4HANA,A,DER-001,Dermacare GlowSerum,Aesthetic,Dermacare,D2C,10,30.48,CHF,0.0,304.8,304.8
TXN-CH-3-000827,2026-08-27 16:28:44,2026-08-27 16:30:44,CH,SAP S/4HANA,A,SAN-002,SanaPlus ColdFlu,OTC,SanaPlus,Pharmacy/B2B,2,10.0,CHF,0.0,20.0,20.0
TXN-CH-3-000828,2026-08-27 07:37:41,2026-08-27 07:42:41,CH,SAP S/4HANA,A,MED-001,Medora Cardio 10mg,Prescription,Medora,Pharmacy/B2B,7,40.95,CHF,0.0,286.65,286.65
TXN-CH-3-000829,2026-08-27 21:44:34,2026-08-27 21:47:34,CH,SAP S/4HANA,A,PUR-001,PureLife GlucoMonitor,Medical Device,PureLife,Wholesale,4,80.95,CHF,0.0,323.8,323.8
TXN-CH-3-000830,2026-08-27 04:32:28,2026-08-27 04:37:28,CH,SAP S/4HANA,A,VIT-001,Vitalis C1000,Supplement,Vitalis,D2C,11,20.0,CHF,0.0,220.0,220.0
TXN-CH-3-000831,2026-08-27 04:28:01,2026-08-27 04:33:01,CH,SAP S/4HANA,A,PUR-002,PureLife BP Monitor,Medical Device,PureLife,E-commerce,4,85.71,CHF,0.0,342.84,342.84
TXN-CH-3-000832,2026-08-27 19:23:53,2026-08-27 19:25:53,CH,SAP S/4HANA,A,VIT-001,Vitalis C1000,Supplement,Vitalis,E-commerce,5,20.0,CHF,0.05,100.0,95.0
TXN-CH-3-000833,2026-08-27 03:03:09,2026-08-27 03:06:09,CH,SAP S/4HANA,A,SAN-002,SanaPlus ColdFlu,OTC,SanaPlus,Pharmacy/B2B,6,10.0,CHF,0.0,60.0,60.0
TXN-CH-3-000834,2026-08-27 12:17:04,2026-08-27 12:23:04,CH,SAP S/4HANA,A,VIT-001,Vitalis C1000,Supplement,Vitalis,D2C,5,20.0,CHF,0.1,100.0,90.0
TXN-CH-3-000835,2026-08-27 21:06:41,2026-08-27 21:09:41,CH,SAP S/4HANA,A,PUR-002,PureLife BP Monitor,Medical Device,PureLife,Wholesale,12,85.71,CHF,0.0,1028.52,1028.52
TXN-CH-3-000836,2026-08-27 03:14:08,2026-08-27 03:19:08,CH,SAP S/4HANA,A,DER-001,Dermacare GlowSerum,Aesthetic,Dermacare,Pharmacy/B2B,3,30.48,CHF,0.0,91.44,91.44
TXN-CH-3-000837,2026-08-27 07:57:55,2026-08-27 08:02:55,CH,SAP S/4HANA,A,DER-001,Dermacare GlowSerum,Aesthetic,Dermacare,Wholesale,2,30.48,CHF,0.15,60.96,51.82
TXN-CH-3-000838,2026-08-27 23:30:21,2026-08-27 23:31:21,CH,SAP S/4HANA,A,PUR-001,PureLife GlucoMonitor,Medical Device,PureLife,E-commerce,10,80.95,CHF,0.0,809.5,809.5
TXN-CH-3-000839,2026-08-27 22:43:00,2026-08-27 22:47:00,CH,SAP S/4HANA,A,SAN-002,SanaPlus ColdFlu,OTC,SanaPlus,E-commerce,12,10.0,CHF,0.05,120.0,114.0
TXN-CH-3-000840,2026-08-27 03:38:36,2026-08-27 03:40:36,CH,SAP S/4HANA,A,PUR-002,PureLife BP Monitor,Medical Device,PureLife,Pharmacy/B2B,5,85.71,CHF,0.0,428.55,428.55
TXN-CH-3-000841,2026-08-27 10:26:54,2026-08-27 10:27:54,CH,SAP S/4HANA,A,PUR-001,PureLife GlucoMonitor,Medical Device,PureLife,E-commerce,8,80.95,CHF,0.0,647.6,647.6
TXN-CH-3-000842,2026-08-27 13:54:54,2026-08-27 13:55:54,CH,SAP S/4HANA,A,PUR-002,PureLife BP Monitor,Medical Device,PureLife,Pharmacy/B2B,7,85.71,CHF,0.2,599.97,479.98
TXN-CH-3-000843,2026-08-27 11:19:34,2026-08-27 11:22:34,CH,SAP S/4HANA,A,VIT-002,Vitalis Multivit,Supplement,Vitalis,E-commerce,11,16.19,CHF,0.05,178.09,169.19
TXN-CH-3-000844,2026-08-27 07:20:55,2026-08-27 07:21:55,CH,SAP S/4HANA,A,PUR-002,PureLife BP Monitor,Medical Device,PureLife,Pharmacy/B2B,1,85.71,CHF,0.1,85.71,77.14
TXN-CH-3-000845,2026-08-27 01:10:07,2026-08-27 01:14:07,CH,SAP S/4HANA,A,VIT-001,Vitalis C1000,Supplement,Vitalis,Pharmacy/B2B,12,20.0,CHF,0.0,240.0,240.0
TXN-CH-3-000846,2026-08-27 22:09:48,2026-08-27 22:10:48,CH,SAP S/4HANA,A,SAN-001,SanaPlus PainRelief,OTC,SanaPlus,Pharmacy/B2B,1,9.05,CHF,0.15,9.05,7.69
TXN-CH-3-000847,2026-08-27 10:14:08,2026-08-27 10:15:08,CH,SAP S/4HANA,A,DER-001,Dermacare GlowSerum,Aesthetic,Dermacare,E-commerce,4,30.48,CHF,0.0,121.92,121.92
TXN-CH-3-000848,2026-08-27 10:13:15,2026-08-27 10:17:15,CH,SAP S/4HANA,A,DER-001,Dermacare GlowSerum,Aesthetic,Dermacare,Wholesale,4,30.48,CHF,0.0,121.92,121.92
TXN-CH-3-000849,2026-08-27 01:47:50,2026-08-27 01:53:50,CH,SAP S/4HANA,A,PUR-002,PureLife BP Monitor,Medical Device,PureLife,Pharmacy/B2B,7,85.71,CHF,0.0,599.97,599.97
TXN-CH-3-000850,2026-08-27 13:56:00,2026-08-27 13:57:00,CH,SAP S/4HANA,A,PUR-002,PureLife BP Monitor,Medical Device,PureLife,Pharmacy/B2B,6,85.71,CHF,0.1,514.26,462.83
TXN-CH-3-000851,2026-08-27 12:56:46,2026-08-27 12:58:46,CH,SAP S/4HANA,A,MED-001,Medora Cardio 10mg,Prescription,Medora,Wholesale,8,40.95,CHF,0.0,327.6,327.6
TXN-CH-3-000852,2026-08-27 14:14:34,2026-08-27 14:16:34,CH,SAP S/4HANA,A,MED-002,Medora Derm Cream,Prescription,Medora,D2C,6,24.76,CHF,0.2,148.56,118.85
TXN-CH-3-000853,2026-08-27 05:39:41,2026-08-27 05:45:41,CH,SAP S/4HANA,A,VIT-002,Vitalis Multivit,Supplement,Vitalis,Wholesale,3,16.19,CHF,0.0,48.57,48.57
TXN-CH-3-000854,2026-08-27 22:07:19,2026-08-27 22:08:19,CH,SAP S/4HANA,A,VIT-002,Vitalis Multivit,Supplement,Vitalis,Wholesale,2,16.19,CHF,0.15,32.38,27.52
TXN-CH-3-000855,2026-08-27 14:08:43,2026-08-27 14:11:43,CH,SAP S/4HANA,A,SAN-001,SanaPlus PainRelief,OTC,SanaPlus,E-commerce,9,9.05,CHF,0.0,81.45,81.45
TXN-CH-3-000856,2026-08-27 09:13:43,2026-08-27 09:14:43,CH,SAP S/4HANA,A,VIT-001,Vitalis C1000,Supplement,Vitalis,Wholesale,4,20.0,CHF,0.0,80.0,80.0
TXN-CH-3-000857,2026-08-27 23:28:02,2026-08-27 23:34:02,CH,SAP S/4HANA,A,DER-001,Dermacare GlowSerum,Aesthetic,Dermacare,E-commerce,4,30.48,CHF,0.05,121.92,115.82
TXN-CH-3-000858,2026-08-27 22:47:28,2026-08-27 22:53:28,CH,SAP S/4HANA,A,DER-001,Dermacare GlowSerum,Aesthetic,Dermacare,E-commerce,5,30.48,CHF,0.0,152.4,152.4
TXN-CH-3-000859,2026-08-27 20:30:52,2026-08-27 20:34:52,CH,SAP S/4HANA,A,VIT-001,Vitalis C1000,Supplement,Vitalis,Wholesale,4,20.0,CHF,0.0,80.0,80.0
TXN-CH-3-000860,2026-08-27 22:50:20,2026-08-27 22:56:20,CH,SAP S/4HANA,A,VIT-002,Vitalis Multivit,Supplement,Vitalis,D2C,3,16.19,CHF,0.15,48.57,41.28
TXN-CH-3-000861,2026-08-27 06:06:16,2026-08-27 06:10:16,CH,SAP S/4HANA,A,DER-002,Dermacare LiftCream,Aesthetic,Dermacare,D2C,9,35.24,CHF,0.2,317.16,253.73
TXN-CH-3-000862,2026-08-27 01:21:38,2026-08-27 01:25:38,CH,SAP S/4HANA,A,DER-001,Dermacare GlowSerum,Aesthetic,Dermacare,Wholesale,7,30.48,CHF,0.2,213.36,170.69
TXN-CH-3-000863,2026-08-27 01:41:47,2026-08-27 01:46:47,CH,SAP S/4HANA,A,DER-001,Dermacare GlowSerum,Aesthetic,Dermacare,D2C,5,30.48,CHF,0.0,152.4,152.4
TXN-CH-3-000864,2026-08-27 22:52:54,2026-08-27 22:57:54,CH,SAP S/4HANA,A,VIT-001,Vitalis C1000,Supplement,Vitalis,D2C,5,20.0,CHF,0.0,100.0,100.0
TXN-CH-3-000865,2026-08-27 20:58:39,2026-08-27 21:01:39,CH,SAP S/4HANA,A,MED-002,Medora Derm Cream,Prescription,Medora,Wholesale,7,24.76,CHF,0.0,173.32,173.32
TXN-CH-3-000866,2026-08-27 06:03:28,2026-08-27 06:06:28,CH,SAP S/4HANA,A,PUR-002,PureLife BP Monitor,Medical Device,PureLife,E-commerce,3,85.71,CHF,0.05,257.13,244.27
TXN-CH-3-000867,2026-08-27 08:43:49,2026-08-27 08:48:49,CH,SAP S/4HANA,A,SAN-001,SanaPlus PainRelief,OTC,SanaPlus,Wholesale,7,9.05,CHF,0.0,63.35,63.35
TXN-CH-3-000868,2026-08-27 00:14:04,2026-08-27 00:15:04,CH,SAP S/4HANA,A,SAN-002,SanaPlus ColdFlu,OTC,SanaPlus,D2C,9,10.0,CHF,0.2,90.0,72.0
TXN-CH-3-000869,2026-08-27 05:10:06,2026-08-27 05:14:06,CH,SAP S/4HANA,A,MED-001,Medora Cardio 10mg,Prescription,Medora,Wholesale,10,40.95,CHF,0.0,409.5,409.5
TXN-CH-3-000870,2026-08-27 20:08:43,2026-08-27 20:12:43,CH,SAP S/4HANA,A,MED-002,Medora Derm Cream,Prescription,Medora,E-commerce,2,24.76,CHF,0.15,49.52,42.09
TXN-CH-3-000871,2026-08-27 22:22:11,2026-08-27 22:26:11,CH,SAP S/4HANA,A,VIT-001,Vitalis C1000,Supplement,Vitalis,D2C,9,20.0,CHF,0.0,180.0,180.0
TXN-CH-3-000872,2026-08-27 05:32:18,2026-08-27 05:33:18,CH,SAP S/4HANA,A,PUR-001,PureLife GlucoMonitor,Medical Device,PureLife,E-commerce,1,80.95,CHF,0.2,80.95,64.76
TXN-CH-3-000873,2026-08-27 14:39:26,2026-08-27 14:42:26,CH,SAP S/4HANA,A,DER-001,Dermacare GlowSerum,Aesthetic,Dermacare,Pharmacy/B2B,3,30.48,CHF,0.1,91.44,82.3
TXN-CH-3-000874,2026-08-27 18:52:48,2026-08-27 18:58:48,CH,SAP S/4HANA,A,VIT-002,Vitalis Multivit,Supplement,Vitalis,Wholesale,9,16.19,CHF,0.0,145.71,145.71
TXN-CH-3-000875,2026-08-27 17:38:36,2026-08-27 17:43:36,CH,SAP S/4HANA,A,DER-001,Dermacare GlowSerum,Aesthetic,Dermacare,Pharmacy/B2B,12,30.48,CHF,0.0,365.76,365.76
TXN-CH-3-000876,2026-08-27 12:36:52,2026-08-27 12:41:52,CH,SAP S/4HANA,A,MED-001,Medora Cardio 10mg,Prescription,Medora,D2C,4,40.95,CHF,0.1,163.8,147.42
TXN-CH-3-000877,2026-08-27 07:50:05,2026-08-27 07:55:05,CH,SAP S/4HANA,A,PUR-001,PureLife GlucoMonitor,Medical Device,PureLife,Pharmacy/B2B,11,80.95,CHF,0.1,890.45,801.41
TXN-CH-3-000878,2026-08-27 15:39:42,2026-08-27 15:44:42,CH,SAP S/4HANA,A,DER-001,Dermacare GlowSerum,Aesthetic,Dermacare,Wholesale,6,30.48,CHF,0.2,182.88,146.3
TXN-CH-3-000879,2026-08-27 00:11:41,2026-08-27 00:14:41,CH,SAP S/4HANA,A,SAN-001,SanaPlus PainRelief,OTC,SanaPlus,Wholesale,5,9.05,CHF,0.15,45.25,38.46
TXN-CH-3-000880,2026-08-27 07:37:23,2026-08-27 07:43:23,CH,SAP S/4HANA,A,MED-001,Medora Cardio 10mg,Prescription,Medora,Wholesale,8,40.95,CHF,0.0,327.6,327.6
TXN-CH-3-000881,2026-08-27 01:42:26,2026-08-27 01:46:26,CH,SAP S/4HANA,A,PUR-001,PureLife GlucoMonitor,Medical Device,PureLife,Pharmacy/B2B,3,80.95,CHF,0.1,242.85,218.56
TXN-CH-3-000882,2026-08-27 05:43:10,2026-08-27 05:49:10,CH,SAP S/4HANA,A,DER-002,Dermacare LiftCream,Aesthetic,Dermacare,E-commerce,10,35.24,CHF,0.1,352.4,317.16
TXN-CH-3-000883,2026-08-27 01:40:12,2026-08-27 01:45:12,CH,SAP S/4HANA,A,PUR-002,PureLife BP Monitor,Medical Device,PureLife,D2C,4,85.71,CHF,0.05,342.84,325.7
TXN-CH-3-000884,2026-08-27 16:40:30,2026-08-27 16:43:30,CH,SAP S/4HANA,A,DER-002,Dermacare LiftCream,Aesthetic,Dermacare,Wholesale,10,35.24,CHF,0.0,352.4,352.4
TXN-CH-3-000885,2026-08-27 00:55:40,2026-08-27 00:58:40,CH,SAP S/4HANA,A,SAN-002,SanaPlus ColdFlu,OTC,SanaPlus,Pharmacy/B2B,1,10.0,CHF,0.15,10.0,8.5
TXN-CH-3-000886,2026-08-27 13:11:49,2026-08-27 13:16:49,CH,SAP S/4HANA,A,VIT-002,Vitalis Multivit,Supplement,Vitalis,Wholesale,9,16.19,CHF,0.2,145.71,116.57
TXN-CH-3-000887,2026-08-27 11:18:08,2026-08-27 11:23:08,CH,SAP S/4HANA,A,PUR-001,PureLife GlucoMonitor,Medical Device,PureLife,Wholesale,1,80.95,CHF,0.0,80.95,80.95
TXN-CH-3-000888,2026-08-27 13:39:10,2026-08-27 13:42:10,CH,SAP S/4HANA,A,VIT-001,Vitalis C1000,Supplement,Vitalis,D2C,2,20.0,CHF,0.1,40.0,36.0
TXN-CH-3-000889,2026-08-27 18:40:32,2026-08-27 18:44:32,CH,SAP S/4HANA,A,PUR-001,PureLife GlucoMonitor,Medical Device,PureLife,Pharmacy/B2B,11,80.95,CHF,0.0,890.45,890.45
TXN-CH-3-000890,2026-08-27 12:45:54,2026-08-27 12:46:54,CH,SAP S/4HANA,A,DER-002,Dermacare LiftCream,Aesthetic,Dermacare,Wholesale,9,35.24,CHF,0.1,317.16,285.44
TXN-CH-3-000891,2026-08-27 09:33:09,2026-08-27 09:35:09,CH,SAP S/4HANA,A,PUR-002,PureLife BP Monitor,Medical Device,PureLife,D2C,11,85.71,CHF,0.2,942.81,754.25
TXN-CH-3-000892,2026-08-27 00:47:34,2026-08-27 00:53:34,CH,SAP S/4HANA,A,PUR-002,PureLife BP Monitor,Medical Device,PureLife,Pharmacy/B2B,9,85.71,CHF,0.0,771.39,771.39
TXN-CH-3-000893,2026-08-27 10:32:08,2026-08-27 10:37:08,CH,SAP S/4HANA,A,PUR-001,PureLife GlucoMonitor,Medical Device,PureLife,E-commerce,6,80.95,CHF,0.0,485.7,485.7
TXN-CH-3-000894,2026-08-27 06:09:43,2026-08-27 06:13:43,CH,SAP S/4HANA,A,SAN-002,SanaPlus ColdFlu,OTC,SanaPlus,E-commerce,9,10.0,CHF,0.2,90.0,72.0
TXN-CH-3-000895,2026-08-27 17:25:47,2026-08-27 17:30:47,CH,SAP S/4HANA,A,MED-001,Medora Cardio 10mg,Prescription,Medora,D2C,10,40.95,CHF,0.05,409.5,389.02
TXN-CH-3-000896,2026-08-27 08:05:08,2026-08-27 08:06:08,CH,SAP S/4HANA,A,DER-002,Dermacare LiftCream,Aesthetic,Dermacare,Wholesale,8,35.24,CHF,0.1,281.92,253.73
TXN-CH-3-000897,2026-08-27 04:00:09,2026-08-27 04:01:09,CH,SAP S/4HANA,A,PUR-001,PureLife GlucoMonitor,Medical Device,PureLife,Pharmacy/B2B,4,80.95,CHF,0.0,323.8,323.8
TXN-CH-3-000898,2026-08-27 13:31:25,2026-08-27 13:35:25,CH,SAP S/4HANA,A,SAN-002,SanaPlus ColdFlu,OTC,SanaPlus,D2C,2,10.0,CHF,0.0,20.0,20.0
TXN-CH-3-000899,2026-08-27 00:20:19,2026-08-27 00:22:19,CH,SAP S/4HANA,A,MED-002,Medora Derm Cream,Prescription,Medora,Wholesale,10,24.76,CHF,0.1,247.6,222.84
TXN-CH-3-000900,2026-08-27 14:11:40,2026-08-27 14:13:40,CH,SAP S/4HANA,A,MED-002,Medora Derm Cream,Prescription,Medora,E-commerce,10,24.76,CHF,0.0,247.6,247.6
TXN-CH-3-000901,2026-08-27 07:09:55,2026-08-27 07:14:55,CH,SAP S/4HANA,A,MED-002,Medora Derm Cream,Prescription,Medora,Wholesale,6,24.76,CHF,0.0,148.56,148.56
TXN-CH-3-000902,2026-08-27 09:26:07,2026-08-27 09:28:07,CH,SAP S/4HANA,A,SAN-001,SanaPlus PainRelief,OTC,SanaPlus,E-commerce,3,9.05,CHF,0.1,27.15,24.43
TXN-CH-3-000903,2026-08-27 10:00:54,2026-08-27 10:02:54,CH,SAP S/4HANA,A,PUR-002,PureLife BP Monitor,Medical Device,PureLife,E-commerce,9,85.71,CHF,0.15,771.39,655.68
TXN-CH-3-000904,2026-08-27 11:10:04,2026-08-27 11:11:04,CH,SAP S/4HANA,A,DER-001,Dermacare GlowSerum,Aesthetic,Dermacare,D2C,6,30.48,CHF,0.0,182.88,182.88
TXN-CH-3-000905,2026-08-27 08:30:42,2026-08-27 08:35:42,CH,SAP S/4HANA,A,SAN-001,SanaPlus PainRelief,OTC,SanaPlus,D2C,3,9.05,CHF,0.0,27.15,27.15
TXN-CH-3-000906,2026-08-27 16:21:24,2026-08-27 16:27:24,CH,SAP S/4HANA,A,PUR-002,PureLife BP Monitor,Medical Device,PureLife,D2C,2,85.71,CHF,0.1,171.42,154.28
TXN-CH-3-000907,2026-08-27 16:54:06,2026-08-27 16:56:06,CH,SAP S/4HANA,A,SAN-002,SanaPlus ColdFlu,OTC,SanaPlus,Wholesale,2,10.0,CHF,0.1,20.0,18.0
TXN-CH-3-000908,2026-08-27 19:47:37,2026-08-27 19:49:37,CH,SAP S/4HANA,A,PUR-001,PureLife GlucoMonitor,Medical Device,PureLife,D2C,4,80.95,CHF,0.0,323.8,323.8
TXN-CH-3-000909,2026-08-27 05:03:21,2026-08-27 05:05:21,CH,SAP S/4HANA,A,MED-002,Medora Derm Cream,Prescription,Medora,D2C,2,24.76,CHF,0.0,49.52,49.52
TXN-CH-3-000910,2026-08-27 03:34:49,2026-08-27 03:40:49,CH,SAP S/4HANA,A,SAN-002,SanaPlus ColdFlu,OTC,SanaPlus,D2C,11,10.0,CHF,0.1,110.0,99.0
TXN-CH-3-000911,2026-08-27 16:02:12,2026-08-27 16:07:12,CH,SAP S/4HANA,A,PUR-002,PureLife BP Monitor,Medical Device,PureLife,Wholesale,1,85.71,CHF,0.1,85.71,77.14
TXN-CH-3-000912,2026-08-27 16:11:22,2026-08-27 16:14:22,CH,SAP S/4HANA,A,DER-001,Dermacare GlowSerum,Aesthetic,Dermacare,Wholesale,5,30.48,CHF,0.0,152.4,152.4
TXN-CH-3-000913,2026-08-27 22:34:12,2026-08-27 22:35:12,CH,SAP S/4HANA,A,DER-001,Dermacare GlowSerum,Aesthetic,Dermacare,Pharmacy/B2B,5,30.48,CHF,0.0,152.4,152.4
TXN-CH-3-000914,2026-08-27 11:32:03,2026-08-27 11:36:03,CH,SAP S/4HANA,A,VIT-002,Vitalis Multivit,Supplement,Vitalis,Pharmacy/B2B,1,16.19,CHF,0.1,16.19,14.57
TXN-CH-3-000915,2026-08-27 05:34:37,2026-08-27 05:36:37,CH,SAP S/4HANA,A,VIT-001,Vitalis C1000,Supplement,Vitalis,Pharmacy/B2B,2,20.0,CHF,0.0,40.0,40.0
TXN-CH-3-000916,2026-08-27 12:09:35,2026-08-27 12:10:35,CH,SAP S/4HANA,A,PUR-001,PureLife GlucoMonitor,Medical Device,PureLife,E-commerce,5,80.95,CHF,0.15,404.75,344.04
TXN-CH-3-000917,2026-08-27 23:34:23,2026-08-27 23:39:23,CH,SAP S/4HANA,A,DER-001,Dermacare GlowSerum,Aesthetic,Dermacare,Pharmacy/B2B,11,30.48,CHF,0.0,335.28,335.28
TXN-CH-3-000918,2026-08-27 10:48:43,2026-08-27 10:49:43,CH,SAP S/4HANA,A,DER-001,Dermacare GlowSerum,Aesthetic,Dermacare,E-commerce,6,30.48,CHF,0.0,182.88,182.88
TXN-CH-3-000919,2026-08-27 12:32:24,2026-08-27 12:36:24,CH,SAP S/4HANA,A,PUR-001,PureLife GlucoMonitor,Medical Device,PureLife,D2C,2,80.95,CHF,0.0,161.9,161.9
TXN-CH-3-000920,2026-08-27 12:38:23,2026-08-27 12:44:23,CH,SAP S/4HANA,A,DER-002,Dermacare LiftCream,Aesthetic,Dermacare,D2C,8,35.24,CHF,0.0,281.92,281.92
TXN-CH-3-000921,2026-08-27 12:31:24,2026-08-27 12:34:24,CH,SAP S/4HANA,A,PUR-001,PureLife GlucoMonitor,Medical Device,PureLife,Wholesale,9,80.95,CHF,0.15,728.55,619.27
TXN-CH-3-000922,2026-08-27 23:21:39,2026-08-27 23:24:39,CH,SAP S/4HANA,A,DER-002,Dermacare LiftCream,Aesthetic,Dermacare,Wholesale,8,35.24,CHF,0.2,281.92,225.54
TXN-CH-3-000923,2026-08-27 02:50:25,2026-08-27 02:54:25,CH,SAP S/4HANA,A,VIT-002,Vitalis Multivit,Supplement,Vitalis,D2C,5,16.19,CHF,0.05,80.95,76.9
TXN-CH-3-000924,2026-08-27 16:43:19,2026-08-27 16:48:19,CH,SAP S/4HANA,A,PUR-001,PureLife GlucoMonitor,Medical Device,PureLife,Wholesale,4,80.95,CHF,0.0,323.8,323.8
TXN-CH-3-000925,2026-08-27 03:00:09,2026-08-27 03:01:09,CH,SAP S/4HANA,A,PUR-002,PureLife BP Monitor,Medical Device,PureLife,Wholesale,6,85.71,CHF,0.05,514.26,488.55
TXN-CH-3-000926,2026-08-27 13:25:34,2026-08-27 13:27:34,CH,SAP S/4HANA,A,MED-001,Medora Cardio 10mg,Prescription,Medora,D2C,6,40.95,CHF,0.0,245.7,245.7
TXN-CH-3-000927,2026-08-27 16:59:26,2026-08-27 17:00:26,CH,SAP S/4HANA,A,DER-002,Dermacare LiftCream,Aesthetic,Dermacare,D2C,11,35.24,CHF,0.05,387.64,368.26
TXN-CH-3-000928,2026-08-27 03:34:25,2026-08-27 03:36:25,CH,SAP S/4HANA,A,MED-002,Medora Derm Cream,Prescription,Medora,D2C,4,24.76,CHF,0.1,99.04,89.14
TXN-CH-3-000929,2026-08-27 14:59:18,2026-08-27 15:04:18,CH,SAP S/4HANA,A,VIT-001,Vitalis C1000,Supplement,Vitalis,Wholesale,2,20.0,CHF,0.1,40.0,36.0
TXN-CH-3-000930,2026-08-27 04:39:04,2026-08-27 04:44:04,CH,SAP S/4HANA,A,VIT-001,Vitalis C1000,Supplement,Vitalis,Wholesale,11,20.0,CHF,0.1,220.0,198.0
TXN-CH-3-000931,2026-08-27 08:26:47,2026-08-27 08:27:47,CH,SAP S/4HANA,A,DER-002,Dermacare LiftCream,Aesthetic,Dermacare,D2C,1,35.24,CHF,0.0,35.24,35.24
TXN-CH-3-000932,2026-08-27 16:04:03,2026-08-27 16:07:03,CH,SAP S/4HANA,A,DER-002,Dermacare LiftCream,Aesthetic,Dermacare,Pharmacy/B2B,10,35.24,CHF,0.15,352.4,299.54
TXN-CH-3-000933,2026-08-27 15:58:01,2026-08-27 16:01:01,CH,SAP S/4HANA,A,MED-002,Medora Derm Cream,Prescription,Medora,D2C,2,24.76,CHF,0.05,49.52,47.04
TXN-CH-3-000934,2026-08-27 11:12:44,2026-08-27 11:15:44,CH,SAP S/4HANA,A,MED-001,Medora Cardio 10mg,Prescription,Medora,Pharmacy/B2B,11,40.95,CHF,0.2,450.45,360.36
TXN-CH-3-000935,2026-08-27 23:32:08,2026-08-27 23:38:08,CH,SAP S/4HANA,A,MED-002,Medora Derm Cream,Prescription,Medora,D2C,10,24.76,CHF,0.0,247.6,247.6
TXN-CH-3-000936,2026-08-27 22:18:20,2026-08-27 22:20:20,CH,SAP S/4HANA,A,MED-002,Medora Derm Cream,Prescription,Medora,D2C,8,24.76,CHF,0.2,198.08,158.46
TXN-CH-3-000937,2026-08-27 02:39:20,2026-08-27 02:44:20,CH,SAP S/4HANA,A,DER-002,Dermacare LiftCream,Aesthetic,Dermacare,D2C,2,35.24,CHF,0.05,70.48,66.96
TXN-CH-3-000938,2026-08-27 09:42:41,2026-08-27 09:45:41,CH,SAP S/4HANA,A,DER-002,Dermacare LiftCream,Aesthetic,Dermacare,D2C,9,35.24,CHF,0.1,317.16,285.44
TXN-CH-3-000939,2026-08-27 11:02:33,2026-08-27 11:08:33,CH,SAP S/4HANA,A,SAN-001,SanaPlus PainRelief,OTC,SanaPlus,E-commerce,10,9.05,CHF,0.05,90.5,85.97
TXN-CH-3-000940,2026-08-27 13:47:33,2026-08-27 13:49:33,CH,SAP S/4HANA,A,MED-002,Medora Derm Cream,Prescription,Medora,Pharmacy/B2B,9,24.76,CHF,0.1,222.84,200.56
TXN-CH-3-000941,2026-08-27 17:46:22,2026-08-27 17:49:22,CH,SAP S/4HANA,A,PUR-001,PureLife GlucoMonitor,Medical Device,PureLife,D2C,12,80.95,CHF,0.15,971.4,825.69
TXN-CH-3-000942,2026-08-27 11:17:21,2026-08-27 11:19:21,CH,SAP S/4HANA,A,MED-001,Medora Cardio 10mg,Prescription,Medora,D2C,12,40.95,CHF,0.2,491.4,393.12
TXN-CH-3-000943,2026-08-27 20:24:53,2026-08-27 20:30:53,CH,SAP S/4HANA,A,MED-002,Medora Derm Cream,Prescription,Medora,E-commerce,10,24.76,CHF,0.15,247.6,210.46
TXN-CH-3-000944,2026-08-27 23:48:53,2026-08-27 23:54:53,CH,SAP S/4HANA,A,SAN-002,SanaPlus ColdFlu,OTC,SanaPlus,Pharmacy/B2B,10,10.0,CHF,0.0,100.0,100.0
TXN-CH-3-000945,2026-08-27 10:14:23,2026-08-27 10:18:23,CH,SAP S/4HANA,A,DER-002,Dermacare LiftCream,Aesthetic,Dermacare,Pharmacy/B2B,9,35.24,CHF,0.05,317.16,301.3
TXN-CH-3-000946,2026-08-27 17:17:16,2026-08-27 17:19:16,CH,SAP S/4HANA,A,MED-001,Medora Cardio 10mg,Prescription,Medora,D2C,12,40.95,CHF,0.15,491.4,417.69
TXN-CH-3-000947,2026-08-27 14:04:01,2026-08-27 14:06:01,CH,SAP S/4HANA,A,DER-001,Dermacare GlowSerum,Aesthetic,Dermacare,E-commerce,4,30.48,CHF,0.1,121.92,109.73
TXN-CH-3-000948,2026-08-27 23:15:24,2026-08-27 23:17:24,CH,SAP S/4HANA,A,SAN-001,SanaPlus PainRelief,OTC,SanaPlus,Pharmacy/B2B,6,9.05,CHF,0.0,54.3,54.3
TXN-CH-3-000949,2026-08-27 08:47:08,2026-08-27 08:50:08,CH,SAP S/4HANA,A,MED-001,Medora Cardio 10mg,Prescription,Medora,Pharmacy/B2B,8,40.95,CHF,0.0,327.6,327.6
TXN-CH-3-000950,2026-08-27 22:04:47,2026-08-27 22:10:47,CH,SAP S/4HANA,A,DER-002,Dermacare LiftCream,Aesthetic,Dermacare,Pharmacy/B2B,4,35.24,CHF,0.15,140.96,119.82
TXN-CH-3-000951,2026-08-27 15:46:07,2026-08-27 15:49:07,CH,SAP S/4HANA,A,MED-002,Medora Derm Cream,Prescription,Medora,E-commerce,6,24.76,CHF,0.15,148.56,126.28
TXN-CH-3-000952,2026-08-27 09:47:00,2026-08-27 09:48:00,CH,SAP S/4HANA,A,PUR-001,PureLife GlucoMonitor,Medical Device,PureLife,D2C,1,80.95,CHF,0.1,80.95,72.86
TXN-CH-3-000953,2026-08-27 04:07:15,2026-08-27 04:13:15,CH,SAP S/4HANA,A,DER-001,Dermacare GlowSerum,Aesthetic,Dermacare,D2C,9,30.48,CHF,0.05,274.32,260.6
TXN-CH-3-000954,2026-08-27 17:14:16,2026-08-27 17:16:16,CH,SAP S/4HANA,A,PUR-002,PureLife BP Monitor,Medical Device,PureLife,Wholesale,11,85.71,CHF,0.1,942.81,848.53
TXN-CH-3-000955,2026-08-27 13:51:52,2026-08-27 13:54:52,CH,SAP S/4HANA,A,MED-002,Medora Derm Cream,Prescription,Medora,Wholesale,10,24.76,CHF,0.0,247.6,247.6
TXN-CH-3-000956,2026-08-27 20:22:23,2026-08-27 20:28:23,CH,SAP S/4HANA,A,SAN-002,SanaPlus ColdFlu,OTC,SanaPlus,E-commerce,6,10.0,CHF,0.0,60.0,60.0
TXN-CH-3-000957,2026-08-27 16:44:54,2026-08-27 16:47:54,CH,SAP S/4HANA,A,DER-002,Dermacare LiftCream,Aesthetic,Dermacare,Pharmacy/B2B,5,35.24,CHF,0.2,176.2,140.96
TXN-CH-3-000958,2026-08-27 13:49:29,2026-08-27 13:52:29,CH,SAP S/4HANA,A,DER-002,Dermacare LiftCream,Aesthetic,Dermacare,Pharmacy/B2B,11,35.24,CHF,0.05,387.64,368.26
TXN-CH-3-000959,2026-08-27 08:11:18,2026-08-27 08:17:18,CH,SAP S/4HANA,A,DER-002,Dermacare LiftCream,Aesthetic,Dermacare,Wholesale,11,35.24,CHF,0.15,387.64,329.49
TXN-CH-3-000960,2026-08-27 02:26:10,2026-08-27 02:29:10,CH,SAP S/4HANA,A,DER-002,Dermacare LiftCream,Aesthetic,Dermacare,Wholesale,3,35.24,CHF,0.1,105.72,95.15
TXN-CH-3-000961,2026-08-27 08:26:45,2026-08-27 08:27:45,CH,SAP S/4HANA,A,DER-001,Dermacare GlowSerum,Aesthetic,Dermacare,Pharmacy/B2B,9,30.48,CHF,0.2,274.32,219.46
TXN-CH-3-000962,2026-08-27 20:47:17,2026-08-27 20:53:17,CH,SAP S/4HANA,A,PUR-001,PureLife GlucoMonitor,Medical Device,PureLife,Pharmacy/B2B,10,80.95,CHF,0.0,809.5,809.5
TXN-CH-3-000963,2026-08-27 00:38:10,2026-08-27 00:43:10,CH,SAP S/4HANA,A,VIT-002,Vitalis Multivit,Supplement,Vitalis,E-commerce,10,16.19,CHF,0.05,161.9,153.81
TXN-CH-3-000964,2026-08-27 07:34:15,2026-08-27 07:37:15,CH,SAP S/4HANA,A,SAN-002,SanaPlus ColdFlu,OTC,SanaPlus,E-commerce,3,10.0,CHF,0.2,30.0,24.0
TXN-CH-3-000965,2026-08-27 12:07:30,2026-08-27 12:12:30,CH,SAP S/4HANA,A,DER-002,Dermacare LiftCream,Aesthetic,Dermacare,Wholesale,1,35.24,CHF,0.15,35.24,29.95
TXN-CH-3-000966,2026-08-27 05:00:30,2026-08-27 05:02:30,CH,SAP S/4HANA,A,MED-002,Medora Derm Cream,Prescription,Medora,E-commerce,11,24.76,CHF,0.0,272.36,272.36
TXN-CH-3-000967,2026-08-27 09:18:55,2026-08-27 09:22:55,CH,SAP S/4HANA,A,SAN-001,SanaPlus PainRelief,OTC,SanaPlus,Pharmacy/B2B,12,9.05,CHF,0.05,108.6,103.17
TXN-CH-3-000968,2026-08-27 04:02:21,2026-08-27 04:08:21,CH,SAP S/4HANA,A,DER-001,Dermacare GlowSerum,Aesthetic,Dermacare,Wholesale,10,30.48,CHF,0.15,304.8,259.08
TXN-CH-3-000969,2026-08-27 09:44:59,2026-08-27 09:47:59,CH,SAP S/4HANA,A,PUR-002,PureLife BP Monitor,Medical Device,PureLife,D2C,9,85.71,CHF,0.0,771.39,771.39
TXN-CH-3-000970,2026-08-27 01:04:09,2026-08-27 01:08:09,CH,SAP S/4HANA,A,SAN-001,SanaPlus PainRelief,OTC,SanaPlus,Pharmacy/B2B,4,9.05,CHF,0.1,36.2,32.58
TXN-CH-3-000971,2026-08-27 21:23:02,2026-08-27 21:24:02,CH,SAP S/4HANA,A,SAN-001,SanaPlus PainRelief,OTC,SanaPlus,D2C,5,9.05,CHF,0.15,45.25,38.46
TXN-CH-3-000972,2026-08-27 04:42:56,2026-08-27 04:44:56,CH,SAP S/4HANA,A,PUR-001,PureLife GlucoMonitor,Medical Device,PureLife,Wholesale,5,80.95,CHF,0.0,404.75,404.75
TXN-CH-3-000973,2026-08-27 09:21:39,2026-08-27 09:25:39,CH,SAP S/4HANA,A,DER-001,Dermacare GlowSerum,Aesthetic,Dermacare,E-commerce,10,30.48,CHF,0.05,304.8,289.56
TXN-CH-3-000974,2026-08-27 03:32:20,2026-08-27 03:33:20,CH,SAP S/4HANA,A,DER-002,Dermacare LiftCream,Aesthetic,Dermacare,Pharmacy/B2B,12,35.24,CHF,0.0,422.88,422.88
TXN-CH-3-000975,2026-08-27 22:20:27,2026-08-27 22:24:27,CH,SAP S/4HANA,A,MED-001,Medora Cardio 10mg,Prescription,Medora,E-commerce,9,40.95,CHF,0.1,368.55,331.69
TXN-CH-3-000976,2026-08-27 04:37:37,2026-08-27 04:38:37,CH,SAP S/4HANA,A,DER-001,Dermacare GlowSerum,Aesthetic,Dermacare,Wholesale,12,30.48,CHF,0.0,365.76,365.76
TXN-CH-3-000977,2026-08-27 04:42:39,2026-08-27 04:48:39,CH,SAP S/4HANA,A,SAN-001,SanaPlus PainRelief,OTC,SanaPlus,Pharmacy/B2B,7,9.05,CHF,0.0,63.35,63.35
TXN-CH-3-000978,2026-08-27 14:45:53,2026-08-27 14:49:53,CH,SAP S/4HANA,A,VIT-002,Vitalis Multivit,Supplement,Vitalis,Wholesale,9,16.19,CHF,0.15,145.71,123.85
TXN-CH-3-000979,2026-08-27 00:26:07,2026-08-27 00:29:07,CH,SAP S/4HANA,A,DER-001,Dermacare GlowSerum,Aesthetic,Dermacare,Pharmacy/B2B,1,30.48,CHF,0.05,30.48,28.96
TXN-CH-3-000980,2026-08-27 06:00:15,2026-08-27 06:01:15,CH,SAP S/4HANA,A,DER-002,Dermacare LiftCream,Aesthetic,Dermacare,D2C,7,35.24,CHF,0.0,246.68,246.68
TXN-CH-3-000981,2026-08-27 15:32:24,2026-08-27 15:37:24,CH,SAP S/4HANA,A,VIT-001,Vitalis C1000,Supplement,Vitalis,E-commerce,4,20.0,CHF,0.2,80.0,64.0
TXN-CH-3-000982,2026-08-27 20:20:25,2026-08-27 20:22:25,CH,SAP S/4HANA,A,VIT-002,Vitalis Multivit,Supplement,Vitalis,Pharmacy/B2B,3,16.19,CHF,0.0,48.57,48.57
TXN-CH-3-000983,2026-08-27 15:13:59,2026-08-27 15:19:59,CH,SAP S/4HANA,A,DER-002,Dermacare LiftCream,Aesthetic,Dermacare,Wholesale,8,35.24,CHF,0.05,281.92,267.82
TXN-CH-3-000984,2026-08-27 07:03:28,2026-08-27 07:07:28,CH,SAP S/4HANA,A,PUR-002,PureLife BP Monitor,Medical Device,PureLife,Pharmacy/B2B,1,85.71,CHF,0.15,85.71,72.85
TXN-CH-3-000985,2026-08-27 18:19:45,2026-08-27 18:22:45,CH,SAP S/4HANA,A,VIT-002,Vitalis Multivit,Supplement,Vitalis,D2C,9,16.19,CHF,0.0,145.71,145.71
TXN-CH-3-000986,2026-08-27 04:16:59,2026-08-27 04:19:59,CH,SAP S/4HANA,A,PUR-002,PureLife BP Monitor,Medical Device,PureLife,Wholesale,10,85.71,CHF,0.2,857.1,685.68
TXN-CH-3-000987,2026-08-27 20:04:16,2026-08-27 20:05:16,CH,SAP S/4HANA,A,VIT-002,Vitalis Multivit,Supplement,Vitalis,E-commerce,3,16.19,CHF,0.15,48.57,41.28
TXN-CH-3-000988,2026-08-27 02:20:26,2026-08-27 02:22:26,CH,SAP S/4HANA,A,SAN-001,SanaPlus PainRelief,OTC,SanaPlus,D2C,5,9.05,CHF,0.0,45.25,45.25
TXN-CH-3-000989,2026-08-27 06:02:00,2026-08-27 06:07:00,CH,SAP S/4HANA,A,PUR-002,PureLife BP Monitor,Medical Device,PureLife,Pharmacy/B2B,4,85.71,CHF,0.0,342.84,342.84
TXN-CH-3-000990,2026-08-27 12:09:38,2026-08-27 12:11:38,CH,SAP S/4HANA,A,DER-001,Dermacare GlowSerum,Aesthetic,Dermacare,Pharmacy/B2B,5,30.48,CHF,0.0,152.4,152.4
TXN-CH-3-000991,2026-08-27 08:05:57,2026-08-27 08:10:57,CH,SAP S/4HANA,A,MED-001,Medora Cardio 10mg,Prescription,Medora,D2C,2,40.95,CHF,0.0,81.9,81.9
TXN-CH-3-000992,2026-08-27 18:22:22,2026-08-27 18:27:22,CH,SAP S/4HANA,A,SAN-002,SanaPlus ColdFlu,OTC,SanaPlus,E-commerce,8,10.0,CHF,0.05,80.0,76.0
TXN-CH-3-000993,2026-08-27 18:48:17,2026-08-27 18:50:17,CH,SAP S/4HANA,A,SAN-001,SanaPlus PainRelief,OTC,SanaPlus,Pharmacy/B2B,5,9.05,CHF,0.2,45.25,36.2
TXN-CH-3-000994,2026-08-27 14:53:54,2026-08-27 14:57:54,CH,SAP S/4HANA,A,SAN-002,SanaPlus ColdFlu,OTC,SanaPlus,Pharmacy/B2B,5,10.0,CHF,0.2,50.0,40.0
TXN-CH-3-000995,2026-08-27 15:48:55,2026-08-27 15:54:55,CH,SAP S/4HANA,A,VIT-002,Vitalis Multivit,Supplement,Vitalis,E-commerce,12,16.19,CHF,0.1,194.28,174.85
TXN-CH-3-000996,2026-08-27 06:28:21,2026-08-27 06:30:21,CH,SAP S/4HANA,A,VIT-001,Vitalis C1000,Supplement,Vitalis,Wholesale,7,20.0,CHF,0.1,140.0,126.0
TXN-CH-3-000997,2026-08-27 01:24:44,2026-08-27 01:29:44,CH,SAP S/4HANA,A,DER-001,Dermacare GlowSerum,Aesthetic,Dermacare,Wholesale,4,30.48,CHF,0.15,121.92,103.63
TXN-CH-3-000998,2026-08-27 02:59:18,2026-08-27 03:02:18,CH,SAP S/4HANA,A,VIT-001,Vitalis C1000,Supplement,Vitalis,Wholesale,2,20.0,CHF,0.2,40.0,32.0
TXN-CH-3-000999,2026-08-27 16:08:54,2026-08-27 16:12:54,CH,SAP S/4HANA,A,DER-001,Dermacare GlowSerum,Aesthetic,Dermacare,Wholesale,5,30.48,CHF,0.05,152.4,144.78
TXN-CH-3-001000,2026-08-27 14:11:52,2026-08-27 14:13:52,CH,SAP S/4HANA,A,MED-001,Medora Cardio 10mg,Prescription,Medora,E-commerce,6,40.95,CHF,0.05,245.7,233.41
TXN-CH-3-001001,2026-08-27 13:48:27,2026-08-27 13:49:27,CH,SAP S/4HANA,A,PUR-002,PureLife BP Monitor,Medical Device,PureLife,D2C,5,85.71,CHF,0.05,428.55,407.12
TXN-CH-3-001002,2026-08-27 22:17:23,2026-08-27 22:21:23,CH,SAP S/4HANA,A,PUR-001,PureLife GlucoMonitor,Medical Device,PureLife,D2C,6,80.95,CHF,0.0,485.7,485.7
TXN-CH-3-001003,2026-08-27 01:49:15,2026-08-27 01:52:15,CH,SAP S/4HANA,A,DER-002,Dermacare LiftCream,Aesthetic,Dermacare,Wholesale,3,35.24,CHF,0.05,105.72,100.43
TXN-CH-3-001004,2026-08-27 04:51:29,2026-08-27 04:54:29,CH,SAP S/4HANA,A,DER-002,Dermacare LiftCream,Aesthetic,Dermacare,Wholesale,7,35.24,CHF,0.0,246.68,246.68
TXN-CH-3-001005,2026-08-27 23:17:46,2026-08-27 23:21:46,CH,SAP S/4HANA,A,PUR-001,PureLife GlucoMonitor,Medical Device,PureLife,E-commerce,10,80.95,CHF,0.05,809.5,769.02
TXN-CH-3-001006,2026-08-27 20:25:07,2026-08-27 20:30:07,CH,SAP S/4HANA,A,PUR-001,PureLife GlucoMonitor,Medical Device,PureLife,Pharmacy/B2B,10,80.95,CHF,0.0,809.5,809.5
TXN-CH-3-001007,2026-08-27 19:48:48,2026-08-27 19:49:48,CH,SAP S/4HANA,A,MED-001,Medora Cardio 10mg,Prescription,Medora,Wholesale,2,40.95,CHF,0.05,81.9,77.81
TXN-CH-3-001008,2026-08-27 23:01:31,2026-08-27 23:05:31,CH,SAP S/4HANA,A,PUR-001,PureLife GlucoMonitor,Medical Device,PureLife,E-commerce,2,80.95,CHF,0.0,161.9,161.9
TXN-CH-3-001009,2026-08-27 14:24:28,2026-08-27 14:27:28,CH,SAP S/4HANA,A,PUR-001,PureLife GlucoMonitor,Medical Device,PureLife,Wholesale,9,80.95,CHF,0.0,728.55,728.55
TXN-CH-3-001010,2026-08-27 05:42:33,2026-08-27 05:44:33,CH,SAP S/4HANA,A,DER-001,Dermacare GlowSerum,Aesthetic,Dermacare,E-commerce,5,30.48,CHF,0.05,152.4,144.78
TXN-CH-3-001011,2026-08-27 03:51:23,2026-08-27 03:54:23,CH,SAP S/4HANA,A,MED-002,Medora Derm Cream,Prescription,Medora,Pharmacy/B2B,11,24.76,CHF,0.0,272.36,272.36
TXN-CH-3-001012,2026-08-27 14:22:56,2026-08-27 14:24:56,CH,SAP S/4HANA,A,MED-002,Medora Derm Cream,Prescription,Medora,Wholesale,8,24.76,CHF,0.05,198.08,188.18
TXN-CH-3-001013,2026-08-27 06:34:28,2026-08-27 06:38:28,CH,SAP S/4HANA,A,MED-001,Medora Cardio 10mg,Prescription,Medora,Pharmacy/B2B,9,40.95,CHF,0.0,368.55,368.55
TXN-CH-3-001014,2026-08-27 13:05:26,2026-08-27 13:09:26,CH,SAP S/4HANA,A,PUR-001,PureLife GlucoMonitor,Medical Device,PureLife,D2C,2,80.95,CHF,0.2,161.9,129.52
TXN-CH-3-001015,2026-08-27 16:42:33,2026-08-27 16:43:33,CH,SAP S/4HANA,A,PUR-001,PureLife GlucoMonitor,Medical Device,PureLife,Wholesale,1,80.95,CHF,0.0,80.95,80.95
TXN-CH-3-001016,2026-08-27 09:27:19,2026-08-27 09:30:19,CH,SAP S/4HANA,A,MED-001,Medora Cardio 10mg,Prescription,Medora,Wholesale,6,40.95,CHF,0.1,245.7,221.13
TXN-CH-3-001017,2026-08-27 00:11:21,2026-08-27 00:14:21,CH,SAP S/4HANA,A,DER-001,Dermacare GlowSerum,Aesthetic,Dermacare,D2C,8,30.48,CHF,0.0,243.84,243.84
TXN-CH-3-001018,2026-08-27 13:22:49,2026-08-27 13:25:49,CH,SAP S/4HANA,A,VIT-001,Vitalis C1000,Supplement,Vitalis,Wholesale,12,20.0,CHF,0.05,240.0,228.0
TXN-CH-3-001019,2026-08-27 15:52:49,2026-08-27 15:56:49,CH,SAP S/4HANA,A,SAN-001,SanaPlus PainRelief,OTC,SanaPlus,Pharmacy/B2B,6,9.05,CHF,0.2,54.3,43.44
TXN-CH-3-001020,2026-08-27 13:04:59,2026-08-27 13:08:59,CH,SAP S/4HANA,A,MED-001,Medora Cardio 10mg,Prescription,Medora,Pharmacy/B2B,10,40.95,CHF,0.0,409.5,409.5
TXN-CH-3-001021,2026-08-27 16:41:29,2026-08-27 16:46:29,CH,SAP S/4HANA,A,PUR-001,PureLife GlucoMonitor,Medical Device,PureLife,D2C,6,80.95,CHF,0.15,485.7,412.84
TXN-CH-3-001022,2026-08-27 02:49:03,2026-08-27 02:53:03,CH,SAP S/4HANA,A,SAN-001,SanaPlus PainRelief,OTC,SanaPlus,E-commerce,9,9.05,CHF,0.1,81.45,73.31
TXN-CH-3-001023,2026-08-27 02:46:22,2026-08-27 02:51:22,CH,SAP S/4HANA,A,MED-001,Medora Cardio 10mg,Prescription,Medora,D2C,12,40.95,CHF,0.0,491.4,491.4
TXN-CH-3-001024,2026-08-27 00:27:18,2026-08-27 00:32:18,CH,SAP S/4HANA,A,SAN-002,SanaPlus ColdFlu,OTC,SanaPlus,Wholesale,4,10.0,CHF,0.15,40.0,34.0
TXN-CH-3-001025,2026-08-27 22:49:37,2026-08-27 22:54:37,CH,SAP S/4HANA,A,SAN-001,SanaPlus PainRelief,OTC,SanaPlus,D2C,12,9.05,CHF,0.0,108.6,108.6
TXN-CH-3-001026,2026-08-27 08:04:24,2026-08-27 08:06:24,CH,SAP S/4HANA,A,VIT-001,Vitalis C1000,Supplement,Vitalis,Pharmacy/B2B,8,20.0,CHF,0.2,160.0,128.0
TXN-CH-3-001027,2026-08-27 19:03:07,2026-08-27 19:06:07,CH,SAP S/4HANA,A,MED-002,Medora Derm Cream,Prescription,Medora,D2C,2,24.76,CHF,0.15,49.52,42.09
TXN-CH-3-001028,2026-08-27 14:39:51,2026-08-27 14:43:51,CH,SAP S/4HANA,A,MED-002,Medora Derm Cream,Prescription,Medora,Wholesale,6,24.76,CHF,0.1,148.56,133.7
TXN-CH-3-001029,2026-08-27 15:39:06,2026-08-27 15:41:06,CH,SAP S/4HANA,A,MED-002,Medora Derm Cream,Prescription,Medora,E-commerce,7,24.76,CHF,0.15,173.32,147.32
TXN-CH-3-001030,2026-08-27 10:00:04,2026-08-27 10:02:04,CH,SAP S/4HANA,A,PUR-002,PureLife BP Monitor,Medical Device,PureLife,Wholesale,12,85.71,CHF,0.0,1028.52,1028.52
TXN-CH-3-001031,2026-08-27 03:52:23,2026-08-27 03:58:23,CH,SAP S/4HANA,A,PUR-002,PureLife BP Monitor,Medical Device,PureLife,Wholesale,7,85.71,CHF,0.0,599.97,599.97
TXN-CH-3-001032,2026-08-27 01:55:06,2026-08-27 01:57:06,CH,SAP S/4HANA,A,PUR-002,PureLife BP Monitor,Medical Device,PureLife,E-commerce,3,85.71,CHF,0.05,257.13,244.27
TXN-CH-3-001033,2026-08-27 04:34:17,2026-08-27 04:38:17,CH,SAP S/4HANA,A,SAN-002,SanaPlus ColdFlu,OTC,SanaPlus,Pharmacy/B2B,5,10.0,CHF,0.15,50.0,42.5
TXN-CH-3-001034,2026-08-27 05:20:18,2026-08-27 05:21:18,CH,SAP S/4HANA,A,SAN-001,SanaPlus PainRelief,OTC,SanaPlus,D2C,5,9.05,CHF,0.05,45.25,42.99
TXN-CH-3-001035,2026-08-27 18:58:51,2026-08-27 18:59:51,CH,SAP S/4HANA,A,DER-001,Dermacare GlowSerum,Aesthetic,Dermacare,Wholesale,11,30.48,CHF,0.0,335.28,335.28
TXN-CH-3-001036,2026-08-27 12:43:56,2026-08-27 12:45:56,CH,SAP S/4HANA,A,MED-001,Medora Cardio 10mg,Prescription,Medora,Wholesale,3,40.95,CHF,0.0,122.85,122.85
TXN-CH-3-001037,2026-08-27 16:20:20,2026-08-27 16:24:20,CH,SAP S/4HANA,A,DER-001,Dermacare GlowSerum,Aesthetic,Dermacare,D2C,3,30.48,CHF,0.0,91.44,91.44
TXN-CH-3-001038,2026-08-27 16:13:56,2026-08-27 16:14:56,CH,SAP S/4HANA,A,MED-001,Medora Cardio 10mg,Prescription,Medora,Pharmacy/B2B,2,40.95,CHF,0.2,81.9,65.52
TXN-CH-3-001039,2026-08-27 19:48:36,2026-08-27 19:53:36,CH,SAP S/4HANA,A,PUR-002,PureLife BP Monitor,Medical Device,PureLife,D2C,8,85.71,CHF,0.15,685.68,582.83
TXN-CH-3-001040,2026-08-27 12:35:02,2026-08-27 12:39:02,CH,SAP S/4HANA,A,PUR-001,PureLife GlucoMonitor,Medical Device,PureLife,Wholesale,3,80.95,CHF,0.0,242.85,242.85
TXN-CH-3-001041,2026-08-27 18:25:34,2026-08-27 18:31:34,CH,SAP S/4HANA,A,MED-001,Medora Cardio 10mg,Prescription,Medora,Pharmacy/B2B,11,40.95,CHF,0.05,450.45,427.93
TXN-CH-3-001042,2026-08-27 08:41:11,2026-08-27 08:45:11,CH,SAP S/4HANA,A,MED-001,Medora Cardio 10mg,Prescription,Medora,E-commerce,1,40.95,CHF,0.1,40.95,36.86
TXN-CH-3-001043,2026-08-27 14:54:00,2026-08-27 14:56:00,CH,SAP S/4HANA,A,PUR-001,PureLife GlucoMonitor,Medical Device,PureLife,Wholesale,9,80.95,CHF,0.15,728.55,619.27
TXN-CH-3-001044,2026-08-27 15:35:19,2026-08-27 15:36:19,CH,SAP S/4HANA,A,SAN-001,SanaPlus PainRelief,OTC,SanaPlus,D2C,1,9.05,CHF,0.15,9.05,7.69
TXN-CH-3-001045,2026-08-27 21:54:57,2026-08-27 22:00:57,CH,SAP S/4HANA,A,PUR-002,PureLife BP Monitor,Medical Device,PureLife,Wholesale,6,85.71,CHF,0.2,514.26,411.41
TXN-CH-3-001046,2026-08-27 16:24:57,2026-08-27 16:25:57,CH,SAP S/4HANA,A,DER-001,Dermacare GlowSerum,Aesthetic,Dermacare,Pharmacy/B2B,9,30.48,CHF,0.0,274.32,274.32
TXN-CH-3-001047,2026-08-27 03:31:01,2026-08-27 03:35:01,CH,SAP S/4HANA,A,PUR-001,PureLife GlucoMonitor,Medical Device,PureLife,Wholesale,3,80.95,CHF,0.0,242.85,242.85
TXN-CH-3-001048,2026-08-27 11:12:48,2026-08-27 11:14:48,CH,SAP S/4HANA,A,DER-002,Dermacare LiftCream,Aesthetic,Dermacare,Pharmacy/B2B,11,35.24,CHF,0.2,387.64,310.11
TXN-CH-3-001049,2026-08-27 11:31:36,2026-08-27 11:36:36,CH,SAP S/4HANA,A,MED-002,Medora Derm Cream,Prescription,Medora,D2C,2,24.76,CHF,0.0,49.52,49.52
TXN-CH-3-001050,2026-08-27 19:37:12,2026-08-27 19:43:12,CH,SAP S/4HANA,A,PUR-001,PureLife GlucoMonitor,Medical Device,PureLife,E-commerce,7,80.95,CHF,0.2,566.65,453.32
TXN-CH-3-001051,2026-08-27 11:41:24,2026-08-27 11:43:24,CH,SAP S/4HANA,A,SAN-002,SanaPlus ColdFlu,OTC,SanaPlus,Wholesale,6,10.0,CHF,0.15,60.0,51.0
TXN-CH-3-001052,2026-08-27 15:24:38,2026-08-27 15:29:38,CH,SAP S/4HANA,A,MED-001,Medora Cardio 10mg,Prescription,Medora,Wholesale,9,40.95,CHF,0.15,368.55,313.27
TXN-CH-3-001053,2026-08-27 06:12:59,2026-08-27 06:14:59,CH,SAP S/4HANA,A,PUR-002,PureLife BP Monitor,Medical Device,PureLife,D2C,5,85.71,CHF,0.15,428.55,364.27
TXN-CH-3-001054,2026-08-27 19:18:15,2026-08-27 19:24:15,CH,SAP S/4HANA,A,MED-001,Medora Cardio 10mg,Prescription,Medora,D2C,9,40.95,CHF,0.05,368.55,350.12
TXN-CH-3-001055,2026-08-27 07:42:36,2026-08-27 07:45:36,CH,SAP S/4HANA,A,MED-001,Medora Cardio 10mg,Prescription,Medora,D2C,8,40.95,CHF,0.0,327.6,327.6
TXN-CH-3-001056,2026-08-27 16:56:19,2026-08-27 17:01:19,CH,SAP S/4HANA,A,PUR-001,PureLife GlucoMonitor,Medical Device,PureLife,D2C,8,80.95,CHF,0.0,647.6,647.6
TXN-CH-3-001057,2026-08-27 07:25:45,2026-08-27 07:30:45,CH,SAP S/4HANA,A,SAN-001,SanaPlus PainRelief,OTC,SanaPlus,Wholesale,4,9.05,CHF,0.0,36.2,36.2
TXN-CH-3-001058,2026-08-27 07:07:31,2026-08-27 07:08:31,CH,SAP S/4HANA,A,SAN-002,SanaPlus ColdFlu,OTC,SanaPlus,E-commerce,1,10.0,CHF,0.2,10.0,8.0
TXN-CH-3-001059,2026-08-27 19:58:34,2026-08-27 20:04:34,CH,SAP S/4HANA,A,VIT-001,Vitalis C1000,Supplement,Vitalis,D2C,9,20.0,CHF,0.0,180.0,180.0
TXN-CH-3-001060,2026-08-27 23:22:29,2026-08-27 23:24:29,CH,SAP S/4HANA,A,PUR-002,PureLife BP Monitor,Medical Device,PureLife,E-commerce,6,85.71,CHF,0.0,514.26,514.26
TXN-CH-3-001061,2026-08-27 15:15:44,2026-08-27 15:21:44,CH,SAP S/4HANA,A,VIT-001,Vitalis C1000,Supplement,Vitalis,Pharmacy/B2B,7,20.0,CHF,0.05,140.0,133.0
TXN-CH-3-001062,2026-08-27 23:42:17,2026-08-27 23:44:17,CH,SAP S/4HANA,A,DER-002,Dermacare LiftCream,Aesthetic,Dermacare,Wholesale,7,35.24,CHF,0.2,246.68,197.34
TXN-CH-3-001063,2026-08-27 10:01:31,2026-08-27 10:02:31,CH,SAP S/4HANA,A,MED-001,Medora Cardio 10mg,Prescription,Medora,Pharmacy/B2B,2,40.95,CHF,0.0,81.9,81.9
TXN-CH-3-001064,2026-08-27 18:27:00,2026-08-27 18:29:00,CH,SAP S/4HANA,A,SAN-001,SanaPlus PainRelief,OTC,SanaPlus,D2C,10,9.05,CHF,0.0,90.5,90.5
TXN-CH-3-001065,2026-08-27 02:15:22,2026-08-27 02:21:22,CH,SAP S/4HANA,A,DER-002,Dermacare LiftCream,Aesthetic,Dermacare,E-commerce,2,35.24,CHF,0.0,70.48,70.48
TXN-CH-3-001066,2026-08-27 18:32:02,2026-08-27 18:34:02,CH,SAP S/4HANA,A,DER-002,Dermacare LiftCream,Aesthetic,Dermacare,Pharmacy/B2B,12,35.24,CHF,0.1,422.88,380.59
TXN-CH-3-001067,2026-08-27 22:19:21,2026-08-27 22:20:21,CH,SAP S/4HANA,A,SAN-002,SanaPlus ColdFlu,OTC,SanaPlus,E-commerce,8,10.0,CHF,0.05,80.0,76.0
TXN-CH-3-001068,2026-08-27 22:41:55,2026-08-27 22:46:55,CH,SAP S/4HANA,A,PUR-001,PureLife GlucoMonitor,Medical Device,PureLife,D2C,2,80.95,CHF,0.1,161.9,145.71
TXN-CH-3-001069,2026-08-27 14:23:08,2026-08-27 14:26:08,CH,SAP S/4HANA,A,VIT-001,Vitalis C1000,Supplement,Vitalis,D2C,5,20.0,CHF,0.0,100.0,100.0
TXN-CH-3-001070,2026-08-27 10:29:55,2026-08-27 10:30:55,CH,SAP S/4HANA,A,DER-001,Dermacare GlowSerum,Aesthetic,Dermacare,D2C,12,30.48,CHF,0.2,365.76,292.61
TXN-CH-3-001071,2026-08-27 22:16:50,2026-08-27 22:20:50,CH,SAP S/4HANA,A,DER-002,Dermacare LiftCream,Aesthetic,Dermacare,Wholesale,9,35.24,CHF,0.1,317.16,285.44
TXN-CH-3-001072,2026-08-27 17:06:40,2026-08-27 17:11:40,CH,SAP S/4HANA,A,PUR-002,PureLife BP Monitor,Medical Device,PureLife,Pharmacy/B2B,4,85.71,CHF,0.0,342.84,342.84
TXN-CH-3-001073,2026-08-27 08:00:08,2026-08-27 08:06:08,CH,SAP S/4HANA,A,PUR-001,PureLife GlucoMonitor,Medical Device,PureLife,D2C,9,80.95,CHF,0.0,728.55,728.55
TXN-CH-3-001074,2026-08-27 21:03:13,2026-08-27 21:06:13,CH,SAP S/4HANA,A,MED-001,Medora Cardio 10mg,Prescription,Medora,Pharmacy/B2B,1,40.95,CHF,0.0,40.95,40.95
TXN-CH-3-001075,2026-08-27 13:21:16,2026-08-27 13:27:16,CH,SAP S/4HANA,A,PUR-002,PureLife BP Monitor,Medical Device,PureLife,Wholesale,10,85.71,CHF,0.2,857.1,685.68
TXN-CH-3-001076,2026-08-27 07:32:30,2026-08-27 07:38:30,CH,SAP S/4HANA,A,SAN-002,SanaPlus ColdFlu,OTC,SanaPlus,D2C,2,10.0,CHF,0.1,20.0,18.0
TXN-CH-3-001077,2026-08-27 18:26:36,2026-08-27 18:31:36,CH,SAP S/4HANA,A,VIT-002,Vitalis Multivit,Supplement,Vitalis,E-commerce,1,16.19,CHF,0.1,16.19,14.57
TXN-CH-3-001078,2026-08-27 20:18:06,2026-08-27 20:23:06,CH,SAP S/4HANA,A,PUR-002,PureLife BP Monitor,Medical Device,PureLife,E-commerce,7,85.71,CHF,0.2,599.97,479.98
TXN-CH-3-001079,2026-08-27 11:46:39,2026-08-27 11:51:39,CH,SAP S/4HANA,A,SAN-002,SanaPlus ColdFlu,OTC,SanaPlus,D2C,3,10.0,CHF,0.0,30.0,30.0
TXN-CH-3-001080,2026-08-27 13:41:01,2026-08-27 13:45:01,CH,SAP S/4HANA,A,VIT-001,Vitalis C1000,Supplement,Vitalis,Wholesale,12,20.0,CHF,0.0,240.0,240.0
TXN-CH-3-001081,2026-08-27 07:15:23,2026-08-27 07:19:23,CH,SAP S/4HANA,A,DER-002,Dermacare LiftCream,Aesthetic,Dermacare,Pharmacy/B2B,6,35.24,CHF,0.05,211.44,200.87
TXN-CH-3-001082,2026-08-27 19:30:07,2026-08-27 19:35:07,CH,SAP S/4HANA,A,PUR-002,PureLife BP Monitor,Medical Device,PureLife,E-commerce,8,85.71,CHF,0.15,685.68,582.83
TXN-CH-3-001083,2026-08-27 01:40:18,2026-08-27 01:42:18,CH,SAP S/4HANA,A,PUR-001,PureLife GlucoMonitor,Medical Device,PureLife,Wholesale,3,80.95,CHF,0.2,242.85,194.28
TXN-CH-3-001084,2026-08-27 14:13:52,2026-08-27 14:15:52,CH,SAP S/4HANA,A,MED-002,Medora Derm Cream,Prescription,Medora,Wholesale,9,24.76,CHF,0.1,222.84,200.56
TXN-CH-3-001085,2026-08-27 06:05:38,2026-08-27 06:10:38,CH,SAP S/4HANA,A,VIT-002,Vitalis Multivit,Supplement,Vitalis,Pharmacy/B2B,5,16.19,CHF,0.0,80.95,80.95
TXN-CH-3-001086,2026-08-27 20:22:22,2026-08-27 20:26:22,CH,SAP S/4HANA,A,PUR-002,PureLife BP Monitor,Medical Device,PureLife,D2C,8,85.71,CHF,0.05,685.68,651.4
TXN-CH-3-001087,2026-08-27 21:50:51,2026-08-27 21:56:51,CH,SAP S/4HANA,A,VIT-002,Vitalis Multivit,Supplement,Vitalis,E-commerce,6,16.19,CHF,0.15,97.14,82.57
TXN-CH-3-001088,2026-08-27 17:06:19,2026-08-27 17:08:19,CH,SAP S/4HANA,A,DER-001,Dermacare GlowSerum,Aesthetic,Dermacare,Pharmacy/B2B,5,30.48,CHF,0.0,152.4,152.4
TXN-CH-3-001089,2026-08-27 22:12:59,2026-08-27 22:13:59,CH,SAP S/4HANA,A,PUR-002,PureLife BP Monitor,Medical Device,PureLife,E-commerce,6,85.71,CHF,0.15,514.26,437.12
TXN-CH-3-001090,2026-08-27 05:26:49,2026-08-27 05:32:49,CH,SAP S/4HANA,A,VIT-001,Vitalis C1000,Supplement,Vitalis,Pharmacy/B2B,4,20.0,CHF,0.1,80.0,72.0
TXN-CH-3-001091,2026-08-27 01:16:13,2026-08-27 01:21:13,CH,SAP S/4HANA,A,PUR-001,PureLife GlucoMonitor,Medical Device,PureLife,Pharmacy/B2B,3,80.95,CHF,0.0,242.85,242.85
TXN-CH-3-001092,2026-08-27 23:30:00,2026-08-27 23:32:00,CH,SAP S/4HANA,A,SAN-002,SanaPlus ColdFlu,OTC,SanaPlus,E-commerce,4,10.0,CHF,0.0,40.0,40.0
TXN-CH-3-001093,2026-08-27 20:07:52,2026-08-27 20:10:52,CH,SAP S/4HANA,A,DER-002,Dermacare LiftCream,Aesthetic,Dermacare,Pharmacy/B2B,3,35.24,CHF,0.0,105.72,105.72
TXN-CH-3-001094,2026-08-27 10:59:15,2026-08-27 11:04:15,CH,SAP S/4HANA,A,DER-002,Dermacare LiftCream,Aesthetic,Dermacare,Wholesale,9,35.24,CHF,0.05,317.16,301.3
TXN-CH-3-001095,2026-08-27 22:51:45,2026-08-27 22:53:45,CH,SAP S/4HANA,A,DER-001,Dermacare GlowSerum,Aesthetic,Dermacare,D2C,7,30.48,CHF,0.0,213.36,213.36
TXN-CH-3-001096,2026-08-27 13:17:16,2026-08-27 13:23:16,CH,SAP S/4HANA,A,MED-001,Medora Cardio 10mg,Prescription,Medora,D2C,12,40.95,CHF,0.0,491.4,491.4
TXN-CH-3-001097,2026-08-27 18:53:00,2026-08-27 18:56:00,CH,SAP S/4HANA,A,VIT-002,Vitalis Multivit,Supplement,Vitalis,Pharmacy/B2B,5,16.19,CHF,0.0,80.95,80.95
TXN-CH-3-001098,2026-08-27 08:53:02,2026-08-27 08:59:02,CH,SAP S/4HANA,A,SAN-001,SanaPlus PainRelief,OTC,SanaPlus,E-commerce,5,9.05,CHF,0.05,45.25,42.99
TXN-CH-3-001099,2026-08-27 09:39:23,2026-08-27 09:42:23,CH,SAP S/4HANA,A,VIT-001,Vitalis C1000,Supplement,Vitalis,E-commerce,1,20.0,CHF,0.0,20.0,20.0
TXN-CH-3-001100,2026-08-27 22:17:47,2026-08-27 22:20:47,CH,SAP S/4HANA,A,PUR-001,PureLife GlucoMonitor,Medical Device,PureLife,Pharmacy/B2B,6,80.95,CHF,0.0,485.7,485.7
TXN-CH-3-001101,2026-08-27 08:59:03,2026-08-27 09:00:03,CH,SAP S/4HANA,A,PUR-001,PureLife GlucoMonitor,Medical Device,PureLife,D2C,5,80.95,CHF,0.0,404.75,404.75
TXN-CH-3-001102,2026-08-27 17:51:37,2026-08-27 17:56:37,CH,SAP S/4HANA,A,VIT-001,Vitalis C1000,Supplement,Vitalis,Wholesale,11,20.0,CHF,0.0,220.0,220.0
TXN-CH-3-001103,2026-08-27 11:39:45,2026-08-27 11:45:45,CH,SAP S/4HANA,A,PUR-002,PureLife BP Monitor,Medical Device,PureLife,D2C,6,85.71,CHF,0.1,514.26,462.83
TXN-CH-3-001104,2026-08-27 06:53:53,2026-08-27 06:58:53,CH,SAP S/4HANA,A,SAN-002,SanaPlus ColdFlu,OTC,SanaPlus,E-commerce,2,10.0,CHF,0.0,20.0,20.0
TXN-CH-3-001105,2026-08-27 21:59:03,2026-08-27 22:02:03,CH,SAP S/4HANA,A,DER-002,Dermacare LiftCream,Aesthetic,Dermacare,D2C,8,35.24,CHF,0.2,281.92,225.54
TXN-CH-3-001106,2026-08-27 14:18:43,2026-08-27 14:22:43,CH,SAP S/4HANA,A,DER-001,Dermacare GlowSerum,Aesthetic,Dermacare,Pharmacy/B2B,3,30.48,CHF,0.2,91.44,73.15
TXN-CH-3-001107,2026-08-27 10:18:58,2026-08-27 10:21:58,CH,SAP S/4HANA,A,MED-001,Medora Cardio 10mg,Prescription,Medora,Pharmacy/B2B,2,40.95,CHF,0.2,81.9,65.52
TXN-CH-3-001108,2026-08-27 10:30:35,2026-08-27 10:32:35,CH,SAP S/4HANA,A,VIT-001,Vitalis C1000,Supplement,Vitalis,Pharmacy/B2B,6,20.0,CHF,0.15,120.0,102.0
TXN-CH-3-001109,2026-08-27 09:52:17,2026-08-27 09:57:17,CH,SAP S/4HANA,A,PUR-001,PureLife GlucoMonitor,Medical Device,PureLife,Pharmacy/B2B,4,80.95,CHF,0.05,323.8,307.61
TXN-CH-3-001110,2026-08-27 05:58:33,2026-08-27 05:59:33,CH,SAP S/4HANA,A,DER-002,Dermacare LiftCream,Aesthetic,Dermacare,Wholesale,9,35.24,CHF,0.0,317.16,317.16
TXN-CH-3-001111,2026-08-27 10:49:06,2026-08-27 10:50:06,CH,SAP S/4HANA,A,SAN-002,SanaPlus ColdFlu,OTC,SanaPlus,Pharmacy/B2B,6,10.0,CHF,0.05,60.0,57.0
TXN-CH-3-001112,2026-08-27 20:18:25,2026-08-27 20:24:25,CH,SAP S/4HANA,A,VIT-001,Vitalis C1000,Supplement,Vitalis,Wholesale,12,20.0,CHF,0.0,240.0,240.0
TXN-CH-3-001113,2026-08-27 17:18:41,2026-08-27 17:21:41,CH,SAP S/4HANA,A,PUR-001,PureLife GlucoMonitor,Medical Device,PureLife,D2C,3,80.95,CHF,0.1,242.85,218.56
TXN-CH-3-001114,2026-08-27 18:33:50,2026-08-27 18:37:50,CH,SAP S/4HANA,A,DER-002,Dermacare LiftCream,Aesthetic,Dermacare,D2C,6,35.24,CHF,0.0,211.44,211.44
TXN-CH-3-001115,2026-08-27 05:08:03,2026-08-27 05:10:03,CH,SAP S/4HANA,A,PUR-001,PureLife GlucoMonitor,Medical Device,PureLife,E-commerce,10,80.95,CHF,0.0,809.5,809.5
TXN-CH-3-001116,2026-08-27 11:15:52,2026-08-27 11:19:52,CH,SAP S/4HANA,A,VIT-001,Vitalis C1000,Supplement,Vitalis,Pharmacy/B2B,12,20.0,CHF,0.1,240.0,216.0
TXN-CH-3-001117,2026-08-27 03:19:26,2026-08-27 03:23:26,CH,SAP S/4HANA,A,VIT-001,Vitalis C1000,Supplement,Vitalis,Wholesale,6,20.0,CHF,0.15,120.0,102.0
TXN-CH-3-001118,2026-08-27 12:43:19,2026-08-27 12:45:19,CH,SAP S/4HANA,A,SAN-002,SanaPlus ColdFlu,OTC,SanaPlus,E-commerce,10,10.0,CHF,0.0,100.0,100.0
TXN-CH-3-001119,2026-08-27 06:16:53,2026-08-27 06:19:53,CH,SAP S/4HANA,A,PUR-002,PureLife BP Monitor,Medical Device,PureLife,Wholesale,3,85.71,CHF,0.2,257.13,205.7
TXN-CH-3-001120,2026-08-27 08:20:54,2026-08-27 08:24:54,CH,SAP S/4HANA,A,SAN-001,SanaPlus PainRelief,OTC,SanaPlus,Pharmacy/B2B,12,9.05,CHF,0.0,108.6,108.6
TXN-CH-3-001121,2026-08-27 03:48:36,2026-08-27 03:50:36,CH,SAP S/4HANA,A,MED-002,Medora Derm Cream,Prescription,Medora,E-commerce,10,24.76,CHF,0.0,247.6,247.6
TXN-CH-3-001122,2026-08-27 04:15:38,2026-08-27 04:16:38,CH,SAP S/4HANA,A,DER-001,Dermacare GlowSerum,Aesthetic,Dermacare,Wholesale,4,30.48,CHF,0.05,121.92,115.82
TXN-CH-3-001123,2026-08-27 09:31:14,2026-08-27 09:37:14,CH,SAP S/4HANA,A,PUR-002,PureLife BP Monitor,Medical Device,PureLife,Wholesale,7,85.71,CHF,0.2,599.97,479.98
TXN-CH-3-001124,2026-08-27 06:25:17,2026-08-27 06:31:17,CH,SAP S/4HANA,A,VIT-001,Vitalis C1000,Supplement,Vitalis,Pharmacy/B2B,3,20.0,CHF,0.0,60.0,60.0
TXN-CH-3-001125,2026-08-27 12:05:23,2026-08-27 12:08:23,CH,SAP S/4HANA,A,SAN-001,SanaPlus PainRelief,OTC,SanaPlus,E-commerce,4,9.05,CHF,0.1,36.2,32.58
TXN-CH-3-001126,2026-08-27 22:15:36,2026-08-27 22:20:36,CH,SAP S/4HANA,A,VIT-002,Vitalis Multivit,Supplement,Vitalis,D2C,11,16.19,CHF,0.05,178.09,169.19
TXN-CH-3-001127,2026-08-27 12:04:31,2026-08-27 12:09:31,CH,SAP S/4HANA,A,SAN-001,SanaPlus PainRelief,OTC,SanaPlus,E-commerce,8,9.05,CHF,0.0,72.4,72.4
TXN-CH-3-001128,2026-08-27 00:07:17,2026-08-27 00:09:17,CH,SAP S/4HANA,A,DER-002,Dermacare LiftCream,Aesthetic,Dermacare,Pharmacy/B2B,7,35.24,CHF,0.15,246.68,209.68
TXN-CH-3-001129,2026-08-27 04:36:39,2026-08-27 04:42:39,CH,SAP S/4HANA,A,MED-001,Medora Cardio 10mg,Prescription,Medora,E-commerce,3,40.95,CHF,0.05,122.85,116.71
TXN-CH-3-001130,2026-08-27 12:15:36,2026-08-27 12:16:36,CH,SAP S/4HANA,A,SAN-002,SanaPlus ColdFlu,OTC,SanaPlus,D2C,12,10.0,CHF,0.15,120.0,102.0
TXN-CH-3-001131,2026-08-27 13:04:17,2026-08-27 13:06:17,CH,SAP S/4HANA,A,VIT-002,Vitalis Multivit,Supplement,Vitalis,Pharmacy/B2B,5,16.19,CHF,0.0,80.95,80.95
TXN-CH-3-001132,2026-08-27 23:51:38,2026-08-27 23:52:38,CH,SAP S/4HANA,A,SAN-001,SanaPlus PainRelief,OTC,SanaPlus,E-commerce,5,9.05,CHF,0.05,45.25,42.99
TXN-CH-3-001133,2026-08-27 20:49:41,2026-08-27 20:53:41,CH,SAP S/4HANA,A,VIT-002,Vitalis Multivit,Supplement,Vitalis,Wholesale,2,16.19,CHF,0.0,32.38,32.38
TXN-CH-3-001134,2026-08-27 21:06:24,2026-08-27 21:11:24,CH,SAP S/4HANA,A,PUR-002,PureLife BP Monitor,Medical Device,PureLife,Wholesale,5,85.71,CHF,0.2,428.55,342.84
TXN-CH-3-001135,2026-08-27 03:16:18,2026-08-27 03:18:18,CH,SAP S/4HANA,A,SAN-001,SanaPlus PainRelief,OTC,SanaPlus,D2C,7,9.05,CHF,0.2,63.35,50.68
TXN-CH-3-001136,2026-08-27 19:37:05,2026-08-27 19:42:05,CH,SAP S/4HANA,A,MED-002,Medora Derm Cream,Prescription,Medora,Pharmacy/B2B,2,24.76,CHF,0.0,49.52,49.52
TXN-CH-3-001137,2026-08-27 05:06:53,2026-08-27 05:11:53,CH,SAP S/4HANA,A,MED-002,Medora Derm Cream,Prescription,Medora,Wholesale,5,24.76,CHF,0.2,123.8,99.04
TXN-CH-3-001138,2026-08-27 05:17:09,2026-08-27 05:21:09,CH,SAP S/4HANA,A,PUR-002,PureLife BP Monitor,Medical Device,PureLife,D2C,2,85.71,CHF,0.0,171.42,171.42
TXN-CH-3-001139,2026-08-27 03:13:40,2026-08-27 03:17:40,CH,SAP S/4HANA,A,VIT-001,Vitalis C1000,Supplement,Vitalis,E-commerce,5,20.0,CHF,0.15,100.0,85.0
TXN-CH-3-001140,2026-08-27 15:24:48,2026-08-27 15:28:48,CH,SAP S/4HANA,A,MED-001,Medora Cardio 10mg,Prescription,Medora,E-commerce,9,40.95,CHF,0.0,368.55,368.55
TXN-CH-3-001141,2026-08-27 20:40:56,2026-08-27 20:41:56,CH,SAP S/4HANA,A,MED-002,Medora Derm Cream,Prescription,Medora,E-commerce,2,24.76,CHF,0.05,49.52,47.04
TXN-CH-3-001142,2026-08-27 03:51:08,2026-08-27 03:56:08,CH,SAP S/4HANA,A,DER-002,Dermacare LiftCream,Aesthetic,Dermacare,Pharmacy/B2B,9,35.24,CHF,0.0,317.16,317.16
TXN-CH-3-001143,2026-08-27 08:24:40,2026-08-27 08:28:40,CH,SAP S/4HANA,A,VIT-002,Vitalis Multivit,Supplement,Vitalis,Pharmacy/B2B,4,16.19,CHF,0.15,64.76,55.05
TXN-CH-3-001144,2026-08-27 09:38:19,2026-08-27 09:42:19,CH,SAP S/4HANA,A,PUR-002,PureLife BP Monitor,Medical Device,PureLife,E-commerce,2,85.71,CHF,0.2,171.42,137.14
TXN-CH-3-001145,2026-08-27 20:50:01,2026-08-27 20:51:01,CH,SAP S/4HANA,A,VIT-002,Vitalis Multivit,Supplement,Vitalis,E-commerce,12,16.19,CHF,0.1,194.28,174.85
TXN-CH-3-001146,2026-08-27 17:56:40,2026-08-27 18:02:40,CH,SAP S/4HANA,A,MED-002,Medora Derm Cream,Prescription,Medora,Wholesale,2,24.76,CHF,0.1,49.52,44.57
TXN-CH-3-001147,2026-08-27 11:23:02,2026-08-27 11:27:02,CH,SAP S/4HANA,A,MED-001,Medora Cardio 10mg,Prescription,Medora,Wholesale,12,40.95,CHF,0.05,491.4,466.83
TXN-CH-3-001148,2026-08-27 04:11:20,2026-08-27 04:14:20,CH,SAP S/4HANA,A,PUR-001,PureLife GlucoMonitor,Medical Device,PureLife,Pharmacy/B2B,6,80.95,CHF,0.15,485.7,412.84
TXN-CH-3-001149,2026-08-27 08:28:26,2026-08-27 08:30:26,CH,SAP S/4HANA,A,MED-001,Medora Cardio 10mg,Prescription,Medora,Pharmacy/B2B,1,40.95,CHF,0.15,40.95,34.81
TXN-CH-3-001150,2026-08-27 17:04:01,2026-08-27 17:10:01,CH,SAP S/4HANA,A,VIT-002,Vitalis Multivit,Supplement,Vitalis,D2C,6,16.19,CHF,0.1,97.14,87.43
TXN-CH-3-001151,2026-08-27 07:06:41,2026-08-27 07:07:41,CH,SAP S/4HANA,A,MED-001,Medora Cardio 10mg,Prescription,Medora,Wholesale,3,40.95,CHF,0.0,122.85,122.85
TXN-CH-3-001152,2026-08-27 05:51:30,2026-08-27 05:56:30,CH,SAP S/4HANA,A,PUR-001,PureLife GlucoMonitor,Medical Device,PureLife,Pharmacy/B2B,7,80.95,CHF,0.2,566.65,453.32
TXN-CH-3-001153,2026-08-27 21:31:24,2026-08-27 21:34:24,CH,SAP S/4HANA,A,MED-001,Medora Cardio 10mg,Prescription,Medora,D2C,10,40.95,CHF,0.05,409.5,389.02
TXN-CH-3-001154,2026-08-27 08:44:54,2026-08-27 08:50:54,CH,SAP S/4HANA,A,DER-001,Dermacare GlowSerum,Aesthetic,Dermacare,D2C,12,30.48,CHF,0.0,365.76,365.76
TXN-CH-3-001155,2026-08-27 19:40:26,2026-08-27 19:46:26,CH,SAP S/4HANA,A,PUR-001,PureLife GlucoMonitor,Medical Device,PureLife,E-commerce,10,80.95,CHF,0.0,809.5,809.5
TXN-CH-3-001156,2026-08-27 07:31:55,2026-08-27 07:32:55,CH,SAP S/4HANA,A,MED-002,Medora Derm Cream,Prescription,Medora,Wholesale,1,24.76,CHF,0.2,24.76,19.81
TXN-CH-3-001157,2026-08-27 21:59:00,2026-08-27 22:00:00,CH,SAP S/4HANA,A,PUR-002,PureLife BP Monitor,Medical Device,PureLife,Pharmacy/B2B,7,85.71,CHF,0.05,599.97,569.97
TXN-CH-3-001158,2026-08-27 14:03:13,2026-08-27 14:07:13,CH,SAP S/4HANA,A,SAN-002,SanaPlus ColdFlu,OTC,SanaPlus,Pharmacy/B2B,9,10.0,CHF,0.0,90.0,90.0
TXN-CH-3-001159,2026-08-27 14:43:31,2026-08-27 14:45:31,CH,SAP S/4HANA,A,SAN-001,SanaPlus PainRelief,OTC,SanaPlus,D2C,6,9.05,CHF,0.0,54.3,54.3
TXN-CH-3-001160,2026-08-27 07:09:32,2026-08-27 07:14:32,CH,SAP S/4HANA,A,MED-002,Medora Derm Cream,Prescription,Medora,Pharmacy/B2B,10,24.76,CHF,0.0,247.6,247.6
TXN-CH-3-001161,2026-08-27 09:43:37,2026-08-27 09:45:37,CH,SAP S/4HANA,A,PUR-002,PureLife BP Monitor,Medical Device,PureLife,D2C,7,85.71,CHF,0.0,599.97,599.97
TXN-CH-3-001162,2026-08-27 19:59:20,2026-08-27 20:02:20,CH,SAP S/4HANA,A,MED-002,Medora Derm Cream,Prescription,Medora,E-commerce,8,24.76,CHF,0.2,198.08,158.46
TXN-CH-3-001163,2026-08-27 22:25:16,2026-08-27 22:29:16,CH,SAP S/4HANA,A,VIT-001,Vitalis C1000,Supplement,Vitalis,Wholesale,6,20.0,CHF,0.2,120.0,96.0
TXN-CH-3-001164,2026-08-27 09:12:50,2026-08-27 09:15:50,CH,SAP S/4HANA,A,PUR-001,PureLife GlucoMonitor,Medical Device,PureLife,Pharmacy/B2B,5,80.95,CHF,0.0,404.75,404.75
TXN-CH-3-001165,2026-08-27 00:13:45,2026-08-27 00:15:45,CH,SAP S/4HANA,A,VIT-002,Vitalis Multivit,Supplement,Vitalis,D2C,6,16.19,CHF,0.1,97.14,87.43
TXN-CH-3-001166,2026-08-27 21:34:53,2026-08-27 21:39:53,CH,SAP S/4HANA,A,VIT-001,Vitalis C1000,Supplement,Vitalis,Wholesale,5,20.0,CHF,0.2,100.0,80.0
TXN-CH-3-001167,2026-08-27 14:37:04,2026-08-27 14:43:04,CH,SAP S/4HANA,A,DER-001,Dermacare GlowSerum,Aesthetic,Dermacare,E-commerce,11,30.48,CHF,0.0,335.28,335.28
TXN-CH-3-001168,2026-08-27 14:54:09,2026-08-27 15:00:09,CH,SAP S/4HANA,A,DER-002,Dermacare LiftCream,Aesthetic,Dermacare,D2C,6,35.24,CHF,0.0,211.44,211.44
TXN-CH-3-001169,2026-08-27 16:15:04,2026-08-27 16:19:04,CH,SAP S/4HANA,A,MED-001,Medora Cardio 10mg,Prescription,Medora,D2C,9,40.95,CHF,0.05,368.55,350.12
TXN-CH-3-001170,2026-08-27 20:08:06,2026-08-27 20:13:06,CH,SAP S/4HANA,A,MED-002,Medora Derm Cream,Prescription,Medora,Wholesale,7,24.76,CHF,0.0,173.32,173.32
TXN-CH-3-001171,2026-08-27 22:03:52,2026-08-27 22:04:52,CH,SAP S/4HANA,A,VIT-001,Vitalis C1000,Supplement,Vitalis,Wholesale,5,20.0,CHF,0.0,100.0,100.0
TXN-CH-3-001172,2026-08-27 18:45:48,2026-08-27 18:47:48,CH,SAP S/4HANA,A,MED-002,Medora Derm Cream,Prescription,Medora,D2C,10,24.76,CHF,0.0,247.6,247.6
TXN-CH-3-001173,2026-08-27 23:47:06,2026-08-27 23:52:06,CH,SAP S/4HANA,A,MED-001,Medora Cardio 10mg,Prescription,Medora,Wholesale,5,40.95,CHF,0.2,204.75,163.8
TXN-CH-3-001174,2026-08-27 12:10:11,2026-08-27 12:15:11,CH,SAP S/4HANA,A,PUR-002,PureLife BP Monitor,Medical Device,PureLife,Wholesale,4,85.71,CHF,0.0,342.84,342.84
TXN-CH-3-001175,2026-08-27 19:25:58,2026-08-27 19:30:58,CH,SAP S/4HANA,A,DER-002,Dermacare LiftCream,Aesthetic,Dermacare,Pharmacy/B2B,11,35.24,CHF,0.1,387.64,348.88
TXN-CH-3-001176,2026-08-27 17:13:05,2026-08-27 17:18:05,CH,SAP S/4HANA,A,PUR-001,PureLife GlucoMonitor,Medical Device,PureLife,E-commerce,4,80.95,CHF,0.0,323.8,323.8
TXN-CH-3-001177,2026-08-27 04:06:40,2026-08-27 04:11:40,CH,SAP S/4HANA,A,DER-001,Dermacare GlowSerum,Aesthetic,Dermacare,Pharmacy/B2B,10,30.48,CHF,0.0,304.8,304.8
TXN-CH-3-001178,2026-08-27 18:25:22,2026-08-27 18:29:22,CH,SAP S/4HANA,A,MED-001,Medora Cardio 10mg,Prescription,Medora,D2C,11,40.95,CHF,0.0,450.45,450.45
TXN-CH-3-001179,2026-08-27 12:09:10,2026-08-27 12:12:10,CH,SAP S/4HANA,A,PUR-001,PureLife GlucoMonitor,Medical Device,PureLife,Pharmacy/B2B,5,80.95,CHF,0.15,404.75,344.04
TXN-CH-3-001180,2026-08-27 16:37:45,2026-08-27 16:42:45,CH,SAP S/4HANA,A,MED-002,Medora Derm Cream,Prescription,Medora,E-commerce,3,24.76,CHF,0.0,74.28,74.28
TXN-CH-3-001181,2026-08-27 04:10:42,2026-08-27 04:13:42,CH,SAP S/4HANA,A,DER-002,Dermacare LiftCream,Aesthetic,Dermacare,D2C,4,35.24,CHF,0.1,140.96,126.86
TXN-CH-3-001182,2026-08-27 01:30:33,2026-08-27 01:35:33,CH,SAP S/4HANA,A,MED-002,Medora Derm Cream,Prescription,Medora,D2C,9,24.76,CHF,0.15,222.84,189.41
TXN-CH-3-001183,2026-08-27 18:43:59,2026-08-27 18:46:59,CH,SAP S/4HANA,A,PUR-002,PureLife BP Monitor,Medical Device,PureLife,Pharmacy/B2B,3,85.71,CHF,0.1,257.13,231.42
TXN-CH-3-001184,2026-08-27 21:28:53,2026-08-27 21:29:53,CH,SAP S/4HANA,A,MED-001,Medora Cardio 10mg,Prescription,Medora,D2C,2,40.95,CHF,0.15,81.9,69.62
TXN-CH-3-001185,2026-08-27 03:58:34,2026-08-27 03:59:34,CH,SAP S/4HANA,A,PUR-002,PureLife BP Monitor,Medical Device,PureLife,Wholesale,10,85.71,CHF,0.15,857.1,728.53
TXN-CH-3-001186,2026-08-27 06:12:11,2026-08-27 06:17:11,CH,SAP S/4HANA,A,VIT-002,Vitalis Multivit,Supplement,Vitalis,Wholesale,3,16.19,CHF,0.0,48.57,48.57
TXN-CH-3-001187,2026-08-27 20:22:51,2026-08-27 20:25:51,CH,SAP S/4HANA,A,MED-001,Medora Cardio 10mg,Prescription,Medora,D2C,1,40.95,CHF,0.15,40.95,34.81
TXN-CH-3-001188,2026-08-27 21:07:29,2026-08-27 21:09:29,CH,SAP S/4HANA,A,VIT-002,Vitalis Multivit,Supplement,Vitalis,Wholesale,4,16.19,CHF,0.2,64.76,51.81
TXN-CH-3-001189,2026-08-27 06:21:15,2026-08-27 06:25:15,CH,SAP S/4HANA,A,MED-001,Medora Cardio 10mg,Prescription,Medora,Pharmacy/B2B,9,40.95,CHF,0.0,368.55,368.55
TXN-CH-3-001190,2026-08-27 19:30:07,2026-08-27 19:34:07,CH,SAP S/4HANA,A,VIT-001,Vitalis C1000,Supplement,Vitalis,E-commerce,9,20.0,CHF,0.1,180.0,162.0
TXN-CH-3-001191,2026-08-27 13:25:34,2026-08-27 13:29:34,CH,SAP S/4HANA,A,SAN-002,SanaPlus ColdFlu,OTC,SanaPlus,Wholesale,7,10.0,CHF,0.0,70.0,70.0
TXN-CH-3-001192,2026-08-27 10:47:49,2026-08-27 10:53:49,CH,SAP S/4HANA,A,PUR-001,PureLife GlucoMonitor,Medical Device,PureLife,Wholesale,12,80.95,CHF,0.0,971.4,971.4
TXN-CH-3-001193,2026-08-27 02:10:07,2026-08-27 02:12:07,CH,SAP S/4HANA,A,DER-001,Dermacare GlowSerum,Aesthetic,Dermacare,E-commerce,7,30.48,CHF,0.2,213.36,170.69
TXN-CH-3-001194,2026-08-27 22:04:23,2026-08-27 22:07:23,CH,SAP S/4HANA,A,PUR-001,PureLife GlucoMonitor,Medical Device,PureLife,Pharmacy/B2B,1,80.95,CHF,0.0,80.95,80.95
TXN-CH-3-001195,2026-08-27 23:22:12,2026-08-27 23:25:12,CH,SAP S/4HANA,A,PUR-001,PureLife GlucoMonitor,Medical Device,PureLife,Pharmacy/B2B,7,80.95,CHF,0.1,566.65,509.99
TXN-CH-3-001196,2026-08-27 12:57:59,2026-08-27 13:02:59,CH,SAP S/4HANA,A,SAN-001,SanaPlus PainRelief,OTC,SanaPlus,Pharmacy/B2B,7,9.05,CHF,0.0,63.35,63.35
TXN-CH-3-001197,2026-08-27 23:43:26,2026-08-27 23:44:26,CH,SAP S/4HANA,A,MED-002,Medora Derm Cream,Prescription,Medora,Wholesale,11,24.76,CHF,0.0,272.36,272.36
TXN-CH-3-001198,2026-08-27 22:36:48,2026-08-27 22:42:48,CH,SAP S/4HANA,A,PUR-002,PureLife BP Monitor,Medical Device,PureLife,E-commerce,2,85.71,CHF,0.1,171.42,154.28
TXN-CH-3-001199,2026-08-27 16:53:21,2026-08-27 16:55:21,CH,SAP S/4HANA,A,VIT-002,Vitalis Multivit,Supplement,Vitalis,Pharmacy/B2B,11,16.19,CHF,0.15,178.09,151.38
TXN-CH-3-001200,2026-08-27 18:26:59,2026-08-27 18:30:59,CH,SAP S/4HANA,A,PUR-001,PureLife GlucoMonitor,Medical Device,PureLife,E-commerce,10,80.95,CHF,0.05,809.5,769.02
TXN-CH-3-001201,2026-08-27 17:57:15,2026-08-27 18:01:15,CH,SAP S/4HANA,A,MED-001,Medora Cardio 10mg,Prescription,Medora,D2C,3,40.95,CHF,0.0,122.85,122.85
TXN-CH-3-001202,2026-08-27 23:48:24,2026-08-27 23:49:24,CH,SAP S/4HANA,A,PUR-002,PureLife BP Monitor,Medical Device,PureLife,D2C,3,85.71,CHF,0.1,257.13,231.42
TXN-CH-3-001203,2026-08-27 01:55:39,2026-08-27 01:57:39,CH,SAP S/4HANA,A,MED-001,Medora Cardio 10mg,Prescription,Medora,Wholesale,10,40.95,CHF,0.0,409.5,409.5
TXN-CH-3-001204,2026-08-27 15:19:51,2026-08-27 15:24:51,CH,SAP S/4HANA,A,SAN-001,SanaPlus PainRelief,OTC,SanaPlus,D2C,10,9.05,CHF,0.05,90.5,85.97
TXN-CH-3-001205,2026-08-27 11:06:31,2026-08-27 11:12:31,CH,SAP S/4HANA,A,MED-002,Medora Derm Cream,Prescription,Medora,D2C,6,24.76,CHF,0.0,148.56,148.56
TXN-CH-3-001206,2026-08-27 19:16:19,2026-08-27 19:20:19,CH,SAP S/4HANA,A,VIT-002,Vitalis Multivit,Supplement,Vitalis,Wholesale,6,16.19,CHF,0.0,97.14,97.14
TXN-CH-3-001207,2026-08-27 13:35:48,2026-08-27 13:40:48,CH,SAP S/4HANA,A,SAN-002,SanaPlus ColdFlu,OTC,SanaPlus,D2C,4,10.0,CHF,0.0,40.0,40.0
TXN-CH-3-001208,2026-08-27 12:15:28,2026-08-27 12:20:28,CH,SAP S/4HANA,A,VIT-001,Vitalis C1000,Supplement,Vitalis,Pharmacy/B2B,3,20.0,CHF,0.15,60.0,51.0
TXN-CH-3-001209,2026-08-27 03:51:38,2026-08-27 03:53:38,CH,SAP S/4HANA,A,SAN-001,SanaPlus PainRelief,OTC,SanaPlus,E-commerce,1,9.05,CHF,0.0,9.05,9.05
TXN-CH-3-001210,2026-08-27 10:12:18,2026-08-27 10:16:18,CH,SAP S/4HANA,A,VIT-002,Vitalis Multivit,Supplement,Vitalis,E-commerce,9,16.19,CHF,0.0,145.71,145.71
TXN-CH-3-001211,2026-08-27 06:34:53,2026-08-27 06:39:53,CH,SAP S/4HANA,A,MED-001,Medora Cardio 10mg,Prescription,Medora,E-commerce,9,40.95,CHF,0.15,368.55,313.27
TXN-CH-3-001212,2026-08-27 17:00:51,2026-08-27 17:06:51,CH,SAP S/4HANA,A,VIT-002,Vitalis Multivit,Supplement,Vitalis,D2C,4,16.19,CHF,0.15,64.76,55.05
TXN-CH-3-001213,2026-08-27 21:52:37,2026-08-27 21:55:37,CH,SAP S/4HANA,A,MED-002,Medora Derm Cream,Prescription,Medora,Pharmacy/B2B,8,24.76,CHF,0.0,198.08,198.08
TXN-CH-3-001214,2026-08-27 16:01:51,2026-08-27 16:02:51,CH,SAP S/4HANA,A,DER-002,Dermacare LiftCream,Aesthetic,Dermacare,D2C,6,35.24,CHF,0.1,211.44,190.3
TXN-CH-3-001215,2026-08-27 17:50:54,2026-08-27 17:53:54,CH,SAP S/4HANA,A,PUR-001,PureLife GlucoMonitor,Medical Device,PureLife,Wholesale,11,80.95,CHF,0.0,890.45,890.45
TXN-CH-3-001216,2026-08-27 20:14:52,2026-08-27 20:17:52,CH,SAP S/4HANA,A,DER-002,Dermacare LiftCream,Aesthetic,Dermacare,D2C,4,35.24,CHF,0.0,140.96,140.96
TXN-CH-3-001217,2026-08-27 03:28:09,2026-08-27 03:29:09,CH,SAP S/4HANA,A,DER-001,Dermacare GlowSerum,Aesthetic,Dermacare,D2C,8,30.48,CHF,0.1,243.84,219.46
TXN-CH-3-001218,2026-08-27 21:34:27,2026-08-27 21:38:27,CH,SAP S/4HANA,A,MED-002,Medora Derm Cream,Prescription,Medora,Pharmacy/B2B,6,24.76,CHF,0.0,148.56,148.56
TXN-CH-3-001219,2026-08-27 15:30:50,2026-08-27 15:31:50,CH,SAP S/4HANA,A,DER-002,Dermacare LiftCream,Aesthetic,Dermacare,D2C,12,35.24,CHF,0.0,422.88,422.88
TXN-CH-3-001220,2026-08-27 08:38:57,2026-08-27 08:43:57,CH,SAP S/4HANA,A,PUR-001,PureLife GlucoMonitor,Medical Device,PureLife,Pharmacy/B2B,10,80.95,CHF,0.0,809.5,809.5
TXN-CH-3-001221,2026-08-27 17:00:26,2026-08-27 17:03:26,CH,SAP S/4HANA,A,MED-001,Medora Cardio 10mg,Prescription,Medora,D2C,4,40.95,CHF,0.15,163.8,139.23
TXN-CH-3-001222,2026-08-27 08:06:51,2026-08-27 08:07:51,CH,SAP S/4HANA,A,SAN-002,SanaPlus ColdFlu,OTC,SanaPlus,Wholesale,1,10.0,CHF,0.0,10.0,10.0
TXN-CH-3-001223,2026-08-27 14:47:13,2026-08-27 14:49:13,CH,SAP S/4HANA,A,PUR-001,PureLife GlucoMonitor,Medical Device,PureLife,Pharmacy/B2B,6,80.95,CHF,0.1,485.7,437.13
TXN-CH-3-001224,2026-08-27 09:06:00,2026-08-27 09:08:00,CH,SAP S/4HANA,A,DER-001,Dermacare GlowSerum,Aesthetic,Dermacare,E-commerce,1,30.48,CHF,0.0,30.48,30.48
TXN-CH-3-001225,2026-08-27 03:56:36,2026-08-27 04:02:36,CH,SAP S/4HANA,A,DER-001,Dermacare GlowSerum,Aesthetic,Dermacare,Pharmacy/B2B,7,30.48,CHF,0.0,213.36,213.36
TXN-CH-3-001226,2026-08-27 03:02:13,2026-08-27 03:06:13,CH,SAP S/4HANA,A,DER-001,Dermacare GlowSerum,Aesthetic,Dermacare,Pharmacy/B2B,11,30.48,CHF,0.15,335.28,284.99
TXN-CH-3-001227,2026-08-27 08:57:44,2026-08-27 09:00:44,CH,SAP S/4HANA,A,DER-002,Dermacare LiftCream,Aesthetic,Dermacare,Wholesale,4,35.24,CHF,0.2,140.96,112.77
TXN-CH-3-001228,2026-08-27 02:36:22,2026-08-27 02:37:22,CH,SAP S/4HANA,A,PUR-002,PureLife BP Monitor,Medical Device,PureLife,Wholesale,10,85.71,CHF,0.0,857.1,857.1
TXN-CH-3-001229,2026-08-27 04:21:41,2026-08-27 04:26:41,CH,SAP S/4HANA,A,VIT-002,Vitalis Multivit,Supplement,Vitalis,Pharmacy/B2B,12,16.19,CHF,0.05,194.28,184.57
TXN-CH-3-001230,2026-08-27 01:22:00,2026-08-27 01:27:00,CH,SAP S/4HANA,A,PUR-001,PureLife GlucoMonitor,Medical Device,PureLife,Wholesale,5,80.95,CHF,0.0,404.75,404.75
TXN-CH-3-001231,2026-08-27 08:47:20,2026-08-27 08:50:20,CH,SAP S/4HANA,A,MED-002,Medora Derm Cream,Prescription,Medora,Wholesale,9,24.76,CHF,0.05,222.84,211.7
TXN-CH-3-001232,2026-08-27 07:48:01,2026-08-27 07:53:01,CH,SAP S/4HANA,A,SAN-002,SanaPlus ColdFlu,OTC,SanaPlus,D2C,8,10.0,CHF,0.05,80.0,76.0
TXN-CH-3-001233,2026-08-27 05:03:17,2026-08-27 05:09:17,CH,SAP S/4HANA,A,DER-001,Dermacare GlowSerum,Aesthetic,Dermacare,Wholesale,10,30.48,CHF,0.0,304.8,304.8
TXN-CH-3-001234,2026-08-27 01:36:07,2026-08-27 01:38:07,CH,SAP S/4HANA,A,SAN-002,SanaPlus ColdFlu,OTC,SanaPlus,D2C,9,10.0,CHF,0.1,90.0,81.0
TXN-CH-3-001235,2026-08-27 22:36:14,2026-08-27 22:37:14,CH,SAP S/4HANA,A,SAN-002,SanaPlus ColdFlu,OTC,SanaPlus,E-commerce,4,10.0,CHF,0.0,40.0,40.0
TXN-CH-3-001236,2026-08-27 11:36:23,2026-08-27 11:39:23,CH,SAP S/4HANA,A,DER-002,Dermacare LiftCream,Aesthetic,Dermacare,D2C,10,35.24,CHF,0.05,352.4,334.78
TXN-CH-3-001237,2026-08-27 11:20:55,2026-08-27 11:25:55,CH,SAP S/4HANA,A,PUR-001,PureLife GlucoMonitor,Medical Device,PureLife,Wholesale,7,80.95,CHF,0.1,566.65,509.99
TXN-CH-3-001238,2026-08-27 16:09:19,2026-08-27 16:10:19,CH,SAP S/4HANA,A,SAN-001,SanaPlus PainRelief,OTC,SanaPlus,E-commerce,3,9.05,CHF,0.2,27.15,21.72
TXN-CH-3-001239,2026-08-27 01:27:15,2026-08-27 01:29:15,CH,SAP S/4HANA,A,SAN-001,SanaPlus PainRelief,OTC,SanaPlus,D2C,6,9.05,CHF,0.15,54.3,46.15
TXN-CH-3-001240,2026-08-27 19:01:23,2026-08-27 19:06:23,CH,SAP S/4HANA,A,MED-001,Medora Cardio 10mg,Prescription,Medora,E-commerce,12,40.95,CHF,0.0,491.4,491.4
TXN-CH-3-001241,2026-08-27 17:52:56,2026-08-27 17:53:56,CH,SAP S/4HANA,A,VIT-001,Vitalis C1000,Supplement,Vitalis,D2C,1,20.0,CHF,0.0,20.0,20.0
TXN-CH-3-001242,2026-08-27 09:27:26,2026-08-27 09:33:26,CH,SAP S/4HANA,A,MED-002,Medora Derm Cream,Prescription,Medora,Wholesale,10,24.76,CHF,0.1,247.6,222.84
TXN-CH-3-001243,2026-08-27 17:37:02,2026-08-27 17:42:02,CH,SAP S/4HANA,A,SAN-002,SanaPlus ColdFlu,OTC,SanaPlus,E-commerce,9,10.0,CHF,0.15,90.0,76.5
TXN-CH-3-001244,2026-08-27 14:12:17,2026-08-27 14:17:17,CH,SAP S/4HANA,A,DER-001,Dermacare GlowSerum,Aesthetic,Dermacare,Wholesale,11,30.48,CHF,0.0,335.28,335.28
TXN-CH-3-001245,2026-08-27 09:15:35,2026-08-27 09:20:35,CH,SAP S/4HANA,A,MED-002,Medora Derm Cream,Prescription,Medora,Wholesale,10,24.76,CHF,0.05,247.6,235.22
TXN-CH-3-001246,2026-08-27 20:16:36,2026-08-27 20:22:36,CH,SAP S/4HANA,A,MED-001,Medora Cardio 10mg,Prescription,Medora,Pharmacy/B2B,6,40.95,CHF,0.15,245.7,208.84
TXN-CH-3-001247,2026-08-27 23:34:55,2026-08-27 23:39:55,CH,SAP S/4HANA,A,PUR-001,PureLife GlucoMonitor,Medical Device,PureLife,D2C,2,80.95,CHF,0.0,161.9,161.9
TXN-CH-3-001248,2026-08-27 02:33:55,2026-08-27 02:39:55,CH,SAP S/4HANA,A,MED-002,Medora Derm Cream,Prescription,Medora,D2C,11,24.76,CHF,0.0,272.36,272.36
TXN-CH-3-001249,2026-08-27 13:06:49,2026-08-27 13:12:49,CH,SAP S/4HANA,A,VIT-001,Vitalis C1000,Supplement,Vitalis,Wholesale,5,20.0,CHF,0.0,100.0,100.0
TXN-CH-3-001250,2026-08-27 11:27:42,2026-08-27 11:28:42,CH,SAP S/4HANA,A,DER-002,Dermacare LiftCream,Aesthetic,Dermacare,D2C,9,35.24,CHF,0.1,317.16,285.44
TXN-CH-3-001251,2026-08-27 04:55:42,2026-08-27 04:56:42,CH,SAP S/4HANA,A,PUR-002,PureLife BP Monitor,Medical Device,PureLife,Pharmacy/B2B,11,85.71,CHF,0.05,942.81,895.67
TXN-CH-3-001252,2026-08-27 13:20:31,2026-08-27 13:25:31,CH,SAP S/4HANA,A,SAN-002,SanaPlus ColdFlu,OTC,SanaPlus,E-commerce,2,10.0,CHF,0.0,20.0,20.0
TXN-CH-3-001253,2026-08-27 14:15:40,2026-08-27 14:17:40,CH,SAP S/4HANA,A,MED-001,Medora Cardio 10mg,Prescription,Medora,Wholesale,6,40.95,CHF,0.15,245.7,208.84
TXN-CH-3-001254,2026-08-27 21:59:57,2026-08-27 22:00:57,CH,SAP S/4HANA,A,DER-002,Dermacare LiftCream,Aesthetic,Dermacare,Wholesale,7,35.24,CHF,0.2,246.68,197.34
TXN-CH-3-001255,2026-08-27 15:17:40,2026-08-27 15:20:40,CH,SAP S/4HANA,A,MED-001,Medora Cardio 10mg,Prescription,Medora,Pharmacy/B2B,8,40.95,CHF,0.0,327.6,327.6
TXN-CH-3-001256,2026-08-27 01:07:21,2026-08-27 01:09:21,CH,SAP S/4HANA,A,VIT-001,Vitalis C1000,Supplement,Vitalis,E-commerce,6,20.0,CHF,0.2,120.0,96.0
TXN-CH-3-001257,2026-08-27 19:37:12,2026-08-27 19:43:12,CH,SAP S/4HANA,A,SAN-002,SanaPlus ColdFlu,OTC,SanaPlus,Wholesale,3,10.0,CHF,0.15,30.0,25.5
TXN-CH-3-001258,2026-08-27 19:22:01,2026-08-27 19:24:01,CH,SAP S/4HANA,A,PUR-001,PureLife GlucoMonitor,Medical Device,PureLife,D2C,11,80.95,CHF,0.1,890.45,801.41
TXN-CH-3-001259,2026-08-27 17:41:20,2026-08-27 17:42:20,CH,SAP S/4HANA,A,VIT-001,Vitalis C1000,Supplement,Vitalis,Pharmacy/B2B,6,20.0,CHF,0.05,120.0,114.0
TXN-CH-3-001260,2026-08-27 19:20:08,2026-08-27 19:23:08,CH,SAP S/4HANA,A,SAN-002,SanaPlus ColdFlu,OTC,SanaPlus,Pharmacy/B2B,11,10.0,CHF,0.0,110.0,110.0
TXN-CH-3-001261,2026-08-27 19:12:40,2026-08-27 19:16:40,CH,SAP S/4HANA,A,PUR-001,PureLife GlucoMonitor,Medical Device,PureLife,Pharmacy/B2B,5,80.95,CHF,0.2,404.75,323.8
TXN-CH-3-001262,2026-08-27 22:26:23,2026-08-27 22:31:23,CH,SAP S/4HANA,A,DER-002,Dermacare LiftCream,Aesthetic,Dermacare,D2C,1,35.24,CHF,0.1,35.24,31.72
TXN-CH-3-001263,2026-08-27 10:35:04,2026-08-27 10:37:04,CH,SAP S/4HANA,A,MED-002,Medora Derm Cream,Prescription,Medora,Wholesale,12,24.76,CHF,0.1,297.12,267.41
TXN-CH-3-001264,2026-08-27 06:18:33,2026-08-27 06:19:33,CH,SAP S/4HANA,A,DER-002,Dermacare LiftCream,Aesthetic,Dermacare,Wholesale,7,35.24,CHF,0.05,246.68,234.35
TXN-CH-3-001265,2026-08-27 21:56:29,2026-08-27 22:00:29,CH,SAP S/4HANA,A,DER-002,Dermacare LiftCream,Aesthetic,Dermacare,Pharmacy/B2B,8,35.24,CHF,0.0,281.92,281.92
TXN-CH-3-001266,2026-08-27 21:56:01,2026-08-27 21:58:01,CH,SAP S/4HANA,A,MED-001,Medora Cardio 10mg,Prescription,Medora,Pharmacy/B2B,7,40.95,CHF,0.0,286.65,286.65
TXN-CH-3-001267,2026-08-27 23:09:31,2026-08-27 23:13:31,CH,SAP S/4HANA,A,DER-002,Dermacare LiftCream,Aesthetic,Dermacare,D2C,5,35.24,CHF,0.0,176.2,176.2
TXN-CH-3-001268,2026-08-27 13:25:36,2026-08-27 13:26:36,CH,SAP S/4HANA,A,DER-002,Dermacare LiftCream,Aesthetic,Dermacare,Pharmacy/B2B,4,35.24,CHF,0.0,140.96,140.96
TXN-CH-3-001269,2026-08-27 07:22:24,2026-08-27 07:26:24,CH,SAP S/4HANA,A,PUR-001,PureLife GlucoMonitor,Medical Device,PureLife,Wholesale,4,80.95,CHF,0.2,323.8,259.04
TXN-CH-3-001270,2026-08-27 08:54:52,2026-08-27 08:59:52,CH,SAP S/4HANA,A,MED-002,Medora Derm Cream,Prescription,Medora,Pharmacy/B2B,6,24.76,CHF,0.1,148.56,133.7
TXN-CH-3-001271,2026-08-27 09:11:36,2026-08-27 09:13:36,CH,SAP S/4HANA,A,MED-001,Medora Cardio 10mg,Prescription,Medora,Pharmacy/B2B,4,40.95,CHF,0.0,163.8,163.8
TXN-CH-3-001272,2026-08-27 08:53:03,2026-08-27 08:56:03,CH,SAP S/4HANA,A,PUR-001,PureLife GlucoMonitor,Medical Device,PureLife,Wholesale,5,80.95,CHF,0.0,404.75,404.75
TXN-CH-3-001273,2026-08-27 04:45:20,2026-08-27 04:49:20,CH,SAP S/4HANA,A,SAN-001,SanaPlus PainRelief,OTC,SanaPlus,E-commerce,6,9.05,CHF,0.0,54.3,54.3
TXN-CH-3-001274,2026-08-27 10:57:09,2026-08-27 11:03:09,CH,SAP S/4HANA,A,MED-002,Medora Derm Cream,Prescription,Medora,D2C,4,24.76,CHF,0.1,99.04,89.14
TXN-CH-3-001275,2026-08-27 19:03:34,2026-08-27 19:06:34,CH,SAP S/4HANA,A,MED-001,Medora Cardio 10mg,Prescription,Medora,Pharmacy/B2B,1,40.95,CHF,0.0,40.95,40.95
TXN-CH-3-001276,2026-08-27 20:22:13,2026-08-27 20:27:13,CH,SAP S/4HANA,A,MED-001,Medora Cardio 10mg,Prescription,Medora,Wholesale,5,40.95,CHF,0.0,204.75,204.75
TXN-CH-3-001277,2026-08-27 19:18:03,2026-08-27 19:23:03,CH,SAP S/4HANA,A,MED-001,Medora Cardio 10mg,Prescription,Medora,Pharmacy/B2B,10,40.95,CHF,0.0,409.5,409.5
TXN-CH-3-001278,2026-08-27 16:45:22,2026-08-27 16:49:22,CH,SAP S/4HANA,A,VIT-002,Vitalis Multivit,Supplement,Vitalis,Wholesale,12,16.19,CHF,0.15,194.28,165.14
TXN-CH-3-001279,2026-08-27 18:18:25,2026-08-27 18:22:25,CH,SAP S/4HANA,A,VIT-001,Vitalis C1000,Supplement,Vitalis,E-commerce,6,20.0,CHF,0.0,120.0,120.0
TXN-CH-3-001280,2026-08-27 23:07:47,2026-08-27 23:12:47,CH,SAP S/4HANA,A,PUR-002,PureLife BP Monitor,Medical Device,PureLife,D2C,3,85.71,CHF,0.0,257.13,257.13
TXN-CH-3-001281,2026-08-27 02:31:36,2026-08-27 02:34:36,CH,SAP S/4HANA,A,SAN-002,SanaPlus ColdFlu,OTC,SanaPlus,E-commerce,10,10.0,CHF,0.2,100.0,80.0
TXN-CH-3-001282,2026-08-27 20:44:55,2026-08-27 20:49:55,CH,SAP S/4HANA,A,PUR-002,PureLife BP Monitor,Medical Device,PureLife,Pharmacy/B2B,5,85.71,CHF,0.0,428.55,428.55
TXN-CH-3-001283,2026-08-27 00:16:42,2026-08-27 00:17:42,CH,SAP S/4HANA,A,SAN-001,SanaPlus PainRelief,OTC,SanaPlus,Pharmacy/B2B,7,9.05,CHF,0.0,63.35,63.35
TXN-CH-3-001284,2026-08-27 19:00:29,2026-08-27 19:06:29,CH,SAP S/4HANA,A,PUR-001,PureLife GlucoMonitor,Medical Device,PureLife,Wholesale,12,80.95,CHF,0.15,971.4,825.69
TXN-CH-3-001285,2026-08-27 21:30:39,2026-08-27 21:36:39,CH,SAP S/4HANA,A,PUR-001,PureLife GlucoMonitor,Medical Device,PureLife,D2C,8,80.95,CHF,0.0,647.6,647.6
TXN-CH-3-001286,2026-08-27 20:56:45,2026-08-27 20:59:45,CH,SAP S/4HANA,A,MED-002,Medora Derm Cream,Prescription,Medora,Wholesale,6,24.76,CHF,0.2,148.56,118.85
TXN-CH-3-001287,2026-08-27 13:46:29,2026-08-27 13:47:29,CH,SAP S/4HANA,A,SAN-001,SanaPlus PainRelief,OTC,SanaPlus,Pharmacy/B2B,4,9.05,CHF,0.2,36.2,28.96
TXN-CH-3-001288,2026-08-27 11:52:45,2026-08-27 11:55:45,CH,SAP S/4HANA,A,SAN-001,SanaPlus PainRelief,OTC,SanaPlus,Pharmacy/B2B,7,9.05,CHF,0.2,63.35,50.68
TXN-CH-3-001289,2026-08-27 00:59:50,2026-08-27 01:00:50,CH,SAP S/4HANA,A,SAN-002,SanaPlus ColdFlu,OTC,SanaPlus,E-commerce,3,10.0,CHF,0.0,30.0,30.0
TXN-CH-3-001290,2026-08-27 20:17:54,2026-08-27 20:22:54,CH,SAP S/4HANA,A,DER-002,Dermacare LiftCream,Aesthetic,Dermacare,D2C,9,35.24,CHF,0.2,317.16,253.73
TXN-CH-3-001291,2026-08-27 14:33:10,2026-08-27 14:38:10,CH,SAP S/4HANA,A,DER-002,Dermacare LiftCream,Aesthetic,Dermacare,Pharmacy/B2B,3,35.24,CHF,0.0,105.72,105.72
TXN-CH-3-001292,2026-08-27 00:16:01,2026-08-27 00:20:01,CH,SAP S/4HANA,A,PUR-002,PureLife BP Monitor,Medical Device,PureLife,E-commerce,6,85.71,CHF,0.05,514.26,488.55
TXN-CH-3-001293,2026-08-27 16:29:07,2026-08-27 16:31:07,CH,SAP S/4HANA,A,PUR-002,PureLife BP Monitor,Medical Device,PureLife,Wholesale,9,85.71,CHF,0.0,771.39,771.39
TXN-CH-3-001294,2026-08-27 22:52:58,2026-08-27 22:55:58,CH,SAP S/4HANA,A,MED-002,Medora Derm Cream,Prescription,Medora,E-commerce,11,24.76,CHF,0.05,272.36,258.74
TXN-CH-3-001295,2026-08-27 01:53:53,2026-08-27 01:58:53,CH,SAP S/4HANA,A,VIT-002,Vitalis Multivit,Supplement,Vitalis,D2C,6,16.19,CHF,0.05,97.14,92.28
TXN-CH-3-001296,2026-08-27 07:43:07,2026-08-27 07:44:07,CH,SAP S/4HANA,A,DER-002,Dermacare LiftCream,Aesthetic,Dermacare,Pharmacy/B2B,2,35.24,CHF,0.0,70.48,70.48
TXN-CH-3-001297,2026-08-27 05:42:43,2026-08-27 05:45:43,CH,SAP S/4HANA,A,VIT-001,Vitalis C1000,Supplement,Vitalis,Wholesale,6,20.0,CHF,0.05,120.0,114.0
TXN-CH-3-001298,2026-08-27 07:58:07,2026-08-27 08:03:07,CH,SAP S/4HANA,A,DER-002,Dermacare LiftCream,Aesthetic,Dermacare,E-commerce,11,35.24,CHF,0.0,387.64,387.64
TXN-CH-3-001299,2026-08-27 10:49:12,2026-08-27 10:50:12,CH,SAP S/4HANA,A,DER-002,Dermacare LiftCream,Aesthetic,Dermacare,E-commerce,12,35.24,CHF,0.15,422.88,359.45
TXN-CH-3-001300,2026-08-27 00:19:49,2026-08-27 00:22:49,CH,SAP S/4HANA,A,MED-001,Medora Cardio 10mg,Prescription,Medora,D2C,12,40.95,CHF,0.05,491.4,466.83
TXN-CH-3-001301,2026-08-27 13:15:44,2026-08-27 13:19:44,CH,SAP S/4HANA,A,PUR-001,PureLife GlucoMonitor,Medical Device,PureLife,D2C,7,80.95,CHF,0.05,566.65,538.32
TXN-CH-3-001302,2026-08-27 13:46:49,2026-08-27 13:48:49,CH,SAP S/4HANA,A,DER-002,Dermacare LiftCream,Aesthetic,Dermacare,Pharmacy/B2B,4,35.24,CHF,0.0,140.96,140.96
TXN-CH-3-001303,2026-08-27 04:56:10,2026-08-27 05:02:10,CH,SAP S/4HANA,A,SAN-001,SanaPlus PainRelief,OTC,SanaPlus,Pharmacy/B2B,2,9.05,CHF,0.0,18.1,18.1
TXN-CH-3-001304,2026-08-27 06:39:20,2026-08-27 06:43:20,CH,SAP S/4HANA,A,SAN-002,SanaPlus ColdFlu,OTC,SanaPlus,E-commerce,8,10.0,CHF,0.0,80.0,80.0
TXN-CH-3-001305,2026-08-27 08:14:00,2026-08-27 08:19:00,CH,SAP S/4HANA,A,DER-002,Dermacare LiftCream,Aesthetic,Dermacare,D2C,1,35.24,CHF,0.0,35.24,35.24
TXN-CH-3-001306,2026-08-27 15:59:19,2026-08-27 16:02:19,CH,SAP S/4HANA,A,VIT-001,Vitalis C1000,Supplement,Vitalis,E-commerce,4,20.0,CHF,0.0,80.0,80.0
TXN-CH-3-001307,2026-08-27 13:31:38,2026-08-27 13:37:38,CH,SAP S/4HANA,A,SAN-001,SanaPlus PainRelief,OTC,SanaPlus,E-commerce,1,9.05,CHF,0.1,9.05,8.15
TXN-CH-3-001308,2026-08-27 13:50:10,2026-08-27 13:54:10,CH,SAP S/4HANA,A,SAN-002,SanaPlus ColdFlu,OTC,SanaPlus,Pharmacy/B2B,2,10.0,CHF,0.1,20.0,18.0
TXN-CH-3-001309,2026-08-27 08:41:19,2026-08-27 08:43:19,CH,SAP S/4HANA,A,SAN-001,SanaPlus PainRelief,OTC,SanaPlus,D2C,4,9.05,CHF,0.15,36.2,30.77
TXN-CH-3-001310,2026-08-27 15:39:51,2026-08-27 15:42:51,CH,SAP S/4HANA,A,PUR-002,PureLife BP Monitor,Medical Device,PureLife,Pharmacy/B2B,6,85.71,CHF,0.0,514.26,514.26
TXN-CH-3-001311,2026-08-27 05:42:05,2026-08-27 05:46:05,CH,SAP S/4HANA,A,DER-001,Dermacare GlowSerum,Aesthetic,Dermacare,E-commerce,11,30.48,CHF,0.1,335.28,301.75
TXN-CH-3-001312,2026-08-27 11:40:40,2026-08-27 11:44:40,CH,SAP S/4HANA,A,PUR-001,PureLife GlucoMonitor,Medical Device,PureLife,D2C,2,80.95,CHF,0.0,161.9,161.9
TXN-CH-3-001313,2026-08-27 23:41:19,2026-08-27 23:43:19,CH,SAP S/4HANA,A,VIT-002,Vitalis Multivit,Supplement,Vitalis,Wholesale,1,16.19,CHF,0.0,16.19,16.19
TXN-CH-3-001314,2026-08-27 18:18:48,2026-08-27 18:21:48,CH,SAP S/4HANA,A,SAN-002,SanaPlus ColdFlu,OTC,SanaPlus,Pharmacy/B2B,4,10.0,CHF,0.0,40.0,40.0
TXN-CH-3-001315,2026-08-27 08:04:18,2026-08-27 08:09:18,CH,SAP S/4HANA,A,SAN-001,SanaPlus PainRelief,OTC,SanaPlus,E-commerce,12,9.05,CHF,0.05,108.6,103.17
TXN-CH-3-001316,2026-08-27 13:51:28,2026-08-27 13:52:28,CH,SAP S/4HANA,A,MED-002,Medora Derm Cream,Prescription,Medora,E-commerce,6,24.76,CHF,0.15,148.56,126.28
TXN-CH-3-001317,2026-08-27 18:32:32,2026-08-27 18:38:32,CH,SAP S/4HANA,A,PUR-001,PureLife GlucoMonitor,Medical Device,PureLife,D2C,6,80.95,CHF,0.05,485.7,461.41
TXN-CH-3-001318,2026-08-27 16:58:02,2026-08-27 17:04:02,CH,SAP S/4HANA,A,SAN-002,SanaPlus ColdFlu,OTC,SanaPlus,Pharmacy/B2B,3,10.0,CHF,0.15,30.0,25.5
TXN-CH-3-001319,2026-08-27 21:37:46,2026-08-27 21:41:46,CH,SAP S/4HANA,A,SAN-002,SanaPlus ColdFlu,OTC,SanaPlus,Pharmacy/B2B,1,10.0,CHF,0.0,10.0,10.0
TXN-CH-3-001320,2026-08-27 04:08:23,2026-08-27 04:09:23,CH,SAP S/4HANA,A,PUR-001,PureLife GlucoMonitor,Medical Device,PureLife,Pharmacy/B2B,10,80.95,CHF,0.0,809.5,809.5
TXN-CH-3-001321,2026-08-27 01:03:21,2026-08-27 01:06:21,CH,SAP S/4HANA,A,VIT-001,Vitalis C1000,Supplement,Vitalis,D2C,9,20.0,CHF,0.1,180.0,162.0
TXN-CH-3-001322,2026-08-27 08:19:55,2026-08-27 08:25:55,CH,SAP S/4HANA,A,MED-001,Medora Cardio 10mg,Prescription,Medora,E-commerce,2,40.95,CHF,0.0,81.9,81.9
TXN-CH-3-001323,2026-08-27 15:56:10,2026-08-27 16:01:10,CH,SAP S/4HANA,A,MED-002,Medora Derm Cream,Prescription,Medora,Pharmacy/B2B,9,24.76,CHF,0.05,222.84,211.7
TXN-CH-3-001324,2026-08-27 17:58:53,2026-08-27 18:03:53,CH,SAP S/4HANA,A,PUR-001,PureLife GlucoMonitor,Medical Device,PureLife,Pharmacy/B2B,9,80.95,CHF,0.05,728.55,692.12
TXN-CH-3-001325,2026-08-27 10:49:15,2026-08-27 10:52:15,CH,SAP S/4HANA,A,DER-001,Dermacare GlowSerum,Aesthetic,Dermacare,E-commerce,5,30.48,CHF,0.05,152.4,144.78
TXN-CH-3-001326,2026-08-27 22:59:59,2026-08-27 23:05:59,CH,SAP S/4HANA,A,VIT-002,Vitalis Multivit,Supplement,Vitalis,Wholesale,3,16.19,CHF,0.15,48.57,41.28
TXN-CH-3-001327,2026-08-27 20:03:27,2026-08-27 20:05:27,CH,SAP S/4HANA,A,MED-001,Medora Cardio 10mg,Prescription,Medora,Pharmacy/B2B,10,40.95,CHF,0.0,409.5,409.5
TXN-CH-3-001328,2026-08-27 01:22:13,2026-08-27 01:26:13,CH,SAP S/4HANA,A,VIT-002,Vitalis Multivit,Supplement,Vitalis,E-commerce,9,16.19,CHF,0.05,145.71,138.42
TXN-CH-3-001329,2026-08-27 22:52:29,2026-08-27 22:53:29,CH,SAP S/4HANA,A,DER-001,Dermacare GlowSerum,Aesthetic,Dermacare,Pharmacy/B2B,3,30.48,CHF,0.0,91.44,91.44
TXN-CH-3-001330,2026-08-27 05:20:09,2026-08-27 05:24:09,CH,SAP S/4HANA,A,SAN-001,SanaPlus PainRelief,OTC,SanaPlus,E-commerce,12,9.05,CHF,0.2,108.6,86.88
TXN-CH-3-001331,2026-08-27 03:12:13,2026-08-27 03:16:13,CH,SAP S/4HANA,A,PUR-001,PureLife GlucoMonitor,Medical Device,PureLife,E-commerce,12,80.95,CHF,0.05,971.4,922.83
TXN-CH-3-001332,2026-08-27 16:04:37,2026-08-27 16:05:37,CH,SAP S/4HANA,A,MED-001,Medora Cardio 10mg,Prescription,Medora,D2C,12,40.95,CHF,0.0,491.4,491.4
TXN-CH-3-001333,2026-08-27 23:56:13,2026-08-27 23:57:13,CH,SAP S/4HANA,A,PUR-001,PureLife GlucoMonitor,Medical Device,PureLife,E-commerce,3,80.95,CHF,0.0,242.85,242.85
TXN-CH-3-001334,2026-08-27 11:30:37,2026-08-27 11:31:37,CH,SAP S/4HANA,A,VIT-001,Vitalis C1000,Supplement,Vitalis,Pharmacy/B2B,4,20.0,CHF,0.15,80.0,68.0
TXN-CH-3-001335,2026-08-27 19:52:19,2026-08-27 19:54:19,CH,SAP S/4HANA,A,MED-001,Medora Cardio 10mg,Prescription,Medora,E-commerce,4,40.95,CHF,0.1,163.8,147.42
TXN-CH-3-001336,2026-08-27 07:04:04,2026-08-27 07:06:04,CH,SAP S/4HANA,A,SAN-001,SanaPlus PainRelief,OTC,SanaPlus,Wholesale,3,9.05,CHF,0.0,27.15,27.15
TXN-CH-3-001337,2026-08-27 14:53:14,2026-08-27 14:56:14,CH,SAP S/4HANA,A,VIT-001,Vitalis C1000,Supplement,Vitalis,D2C,1,20.0,CHF,0.2,20.0,16.0
TXN-CH-3-001338,2026-08-27 01:14:02,2026-08-27 01:20:02,CH,SAP S/4HANA,A,MED-002,Medora Derm Cream,Prescription,Medora,Wholesale,5,24.76,CHF,0.2,123.8,99.04
TXN-CH-3-001339,2026-08-27 06:09:39,2026-08-27 06:12:39,CH,SAP S/4HANA,A,PUR-002,PureLife BP Monitor,Medical Device,PureLife,Pharmacy/B2B,5,85.71,CHF,0.15,428.55,364.27
TXN-CH-3-001340,2026-08-27 09:32:14,2026-08-27 09:36:14,CH,SAP S/4HANA,A,VIT-002,Vitalis Multivit,Supplement,Vitalis,E-commerce,4,16.19,CHF,0.2,64.76,51.81
TXN-CH-3-001341,2026-08-27 07:44:06,2026-08-27 07:48:06,CH,SAP S/4HANA,A,DER-002,Dermacare LiftCream,Aesthetic,Dermacare,Pharmacy/B2B,8,35.24,CHF,0.05,281.92,267.82
TXN-CH-3-001342,2026-08-27 05:54:12,2026-08-27 06:00:12,CH,SAP S/4HANA,A,PUR-001,PureLife GlucoMonitor,Medical Device,PureLife,Pharmacy/B2B,11,80.95,CHF,0.2,890.45,712.36
TXN-CH-3-001343,2026-08-27 21:38:31,2026-08-27 21:44:31,CH,SAP S/4HANA,A,PUR-002,PureLife BP Monitor,Medical Device,PureLife,D2C,7,85.71,CHF,0.0,599.97,599.97
TXN-CH-3-001344,2026-08-27 12:26:07,2026-08-27 12:28:07,CH,SAP S/4HANA,A,SAN-001,SanaPlus PainRelief,OTC,SanaPlus,D2C,1,9.05,CHF,0.1,9.05,8.15
TXN-CH-3-001345,2026-08-27 23:00:38,2026-08-27 23:03:38,CH,SAP S/4HANA,A,DER-002,Dermacare LiftCream,Aesthetic,Dermacare,Wholesale,12,35.24,CHF,0.0,422.88,422.88
