transaction_id,order_datetime_utc,ingested_at_utc,country,source_system,source_scenario,product_code,product_name,product_category,brand,sales_channel,quantity,unit_price,currency,discount_pct,gross_amount,net_amount
TXN-DE-2-000001,2026-08-26 18:18:49,2026-08-26 18:23:49,DE,SaaS Platform,D,VIT-001,Vitalis C1000,Supplement,Vitalis,D2C,6,21.0,EUR,0.15,126.0,107.1
TXN-DE-2-000002,2026-08-26 11:28:56,2026-08-26 11:32:56,DE,SaaS Platform,D,SAN-001,SanaPlus PainRelief,OTC,SanaPlus,Wholesale,11,9.5,EUR,0.0,104.5,104.5
TXN-DE-2-000003,2026-08-26 08:28:10,2026-08-26 08:30:10,DE,SaaS Platform,D,VIT-002,Vitalis Multivit,Supplement,Vitalis,Pharmacy/B2B,5,17.0,EUR,0.2,85.0,68.0
TXN-DE-2-000004,2026-08-26 00:35:06,2026-08-26 00:37:06,DE,SaaS Platform,D,MED-001,Medora Cardio 10mg,Prescription,Medora,D2C,9,43.0,EUR,0.2,387.0,309.6
TXN-DE-2-000005,2026-08-26 02:57:40,2026-08-26 03:02:40,DE,SaaS Platform,D,MED-002,Medora Derm Cream,Prescription,Medora,D2C,11,26.0,EUR,0.1,286.0,257.4
TXN-DE-2-000006,2026-08-26 12:44:10,2026-08-26 12:46:10,DE,SaaS Platform,D,SAN-002,SanaPlus ColdFlu,OTC,SanaPlus,Pharmacy/B2B,7,10.5,EUR,0.0,73.5,73.5
TXN-DE-2-000007,2026-08-26 21:55:47,2026-08-26 21:57:47,DE,SaaS Platform,D,SAN-002,SanaPlus ColdFlu,OTC,SanaPlus,Pharmacy/B2B,12,10.5,EUR,0.15,126.0,107.1
TXN-DE-2-000008,2026-08-26 21:43:09,2026-08-26 21:48:09,DE,SaaS Platform,D,SAN-001,SanaPlus PainRelief,OTC,SanaPlus,Pharmacy/B2B,10,9.5,EUR,0.15,95.0,80.75
TXN-DE-2-000009,2026-08-26 09:09:20,2026-08-26 09:11:20,DE,SaaS Platform,D,DER-002,Dermacare LiftCream,Aesthetic,Dermacare,E-commerce,4,37.0,EUR,0.0,148.0,148.0
TXN-DE-2-000010,2026-08-26 02:26:49,2026-08-26 02:28:49,DE,SaaS Platform,D,PUR-002,PureLife BP Monitor,Medical Device,PureLife,E-commerce,12,90.0,EUR,0.1,1080.0,972.0
TXN-DE-2-000011,2026-08-26 13:52:22,2026-08-26 13:58:22,DE,SaaS Platform,D,SAN-002,SanaPlus ColdFlu,OTC,SanaPlus,D2C,7,10.5,EUR,0.2,73.5,58.8
TXN-DE-2-000012,2026-08-26 20:04:34,2026-08-26 20:07:34,DE,SaaS Platform,D,MED-001,Medora Cardio 10mg,Prescription,Medora,E-commerce,3,43.0,EUR,0.0,129.0,129.0
TXN-DE-2-000013,2026-08-26 23:14:47,2026-08-26 23:19:47,DE,SaaS Platform,D,MED-001,Medora Cardio 10mg,Prescription,Medora,D2C,4,43.0,EUR,0.1,172.0,154.8
TXN-DE-2-000014,2026-08-26 10:49:02,2026-08-26 10:53:02,DE,SaaS Platform,D,PUR-002,PureLife BP Monitor,Medical Device,PureLife,E-commerce,8,90.0,EUR,0.1,720.0,648.0
TXN-DE-2-000015,2026-08-26 13:27:20,2026-08-26 13:28:20,DE,SaaS Platform,D,VIT-002,Vitalis Multivit,Supplement,Vitalis,E-commerce,12,17.0,EUR,0.0,204.0,204.0
TXN-DE-2-000016,2026-08-26 14:25:31,2026-08-26 14:28:31,DE,SaaS Platform,D,MED-002,Medora Derm Cream,Prescription,Medora,E-commerce,11,26.0,EUR,0.0,286.0,286.0
TXN-DE-2-000017,2026-08-26 21:37:59,2026-08-26 21:38:59,DE,SaaS Platform,D,SAN-001,SanaPlus PainRelief,OTC,SanaPlus,Wholesale,2,9.5,EUR,0.15,19.0,16.15
TXN-DE-2-000018,2026-08-26 06:05:20,2026-08-26 06:06:20,DE,SaaS Platform,D,MED-002,Medora Derm Cream,Prescription,Medora,D2C,1,26.0,EUR,0.15,26.0,22.1
TXN-DE-2-000019,2026-08-26 16:30:31,2026-08-26 16:35:31,DE,SaaS Platform,D,PUR-001,PureLife GlucoMonitor,Medical Device,PureLife,E-commerce,5,85.0,EUR,0.0,425.0,425.0
TXN-DE-2-000020,2026-08-26 00:12:06,2026-08-26 00:16:06,DE,SaaS Platform,D,DER-002,Dermacare LiftCream,Aesthetic,Dermacare,Pharmacy/B2B,11,37.0,EUR,0.15,407.0,345.95
TXN-DE-2-000021,2026-08-26 15:20:02,2026-08-26 15:26:02,DE,SaaS Platform,D,MED-001,Medora Cardio 10mg,Prescription,Medora,Pharmacy/B2B,12,43.0,EUR,0.0,516.0,516.0
TXN-DE-2-000022,2026-08-26 20:26:51,2026-08-26 20:32:51,DE,SaaS Platform,D,VIT-002,Vitalis Multivit,Supplement,Vitalis,Pharmacy/B2B,8,17.0,EUR,0.2,136.0,108.8
TXN-DE-2-000023,2026-08-26 08:47:46,2026-08-26 08:50:46,DE,SaaS Platform,D,PUR-002,PureLife BP Monitor,Medical Device,PureLife,Wholesale,4,90.0,EUR,0.0,360.0,360.0
TXN-DE-2-000024,2026-08-26 03:28:15,2026-08-26 03:31:15,DE,SaaS Platform,D,SAN-002,SanaPlus ColdFlu,OTC,SanaPlus,E-commerce,11,10.5,EUR,0.2,115.5,92.4
TXN-DE-2-000025,2026-08-26 08:46:36,2026-08-26 08:51:36,DE,SaaS Platform,D,DER-002,Dermacare LiftCream,Aesthetic,Dermacare,D2C,4,37.0,EUR,0.0,148.0,148.0
TXN-DE-2-000026,2026-08-26 17:59:50,2026-08-26 18:02:50,DE,SaaS Platform,D,VIT-001,Vitalis C1000,Supplement,Vitalis,Wholesale,2,21.0,EUR,0.2,42.0,33.6
TXN-DE-2-000027,2026-08-26 06:43:59,2026-08-26 06:49:59,DE,SaaS Platform,D,VIT-001,Vitalis C1000,Supplement,Vitalis,D2C,1,21.0,EUR,0.15,21.0,17.85
TXN-DE-2-000028,2026-08-26 01:42:47,2026-08-26 01:43:47,DE,SaaS Platform,D,VIT-001,Vitalis C1000,Supplement,Vitalis,D2C,10,21.0,EUR,0.0,210.0,210.0
TXN-DE-2-000029,2026-08-26 17:59:11,2026-08-26 18:05:11,DE,SaaS Platform,D,SAN-002,SanaPlus ColdFlu,OTC,SanaPlus,Pharmacy/B2B,9,10.5,EUR,0.0,94.5,94.5
TXN-DE-2-000030,2026-08-26 12:30:43,2026-08-26 12:31:43,DE,SaaS Platform,D,MED-001,Medora Cardio 10mg,Prescription,Medora,E-commerce,3,43.0,EUR,0.1,129.0,116.1
TXN-DE-2-000031,2026-08-26 17:13:10,2026-08-26 17:19:10,DE,SaaS Platform,D,SAN-001,SanaPlus PainRelief,OTC,SanaPlus,Pharmacy/B2B,11,9.5,EUR,0.1,104.5,94.05
TXN-DE-2-000032,2026-08-26 21:31:42,2026-08-26 21:35:42,DE,SaaS Platform,D,SAN-002,SanaPlus ColdFlu,OTC,SanaPlus,Wholesale,12,10.5,EUR,0.1,126.0,113.4
TXN-DE-2-000033,2026-08-26 09:30:34,2026-08-26 09:32:34,DE,SaaS Platform,D,VIT-002,Vitalis Multivit,Supplement,Vitalis,D2C,2,17.0,EUR,0.15,34.0,28.9
TXN-DE-2-000034,2026-08-26 20:26:00,2026-08-26 20:32:00,DE,SaaS Platform,D,MED-001,Medora Cardio 10mg,Prescription,Medora,E-commerce,7,43.0,EUR,0.0,301.0,301.0
TXN-DE-2-000035,2026-08-26 06:35:56,2026-08-26 06:36:56,DE,SaaS Platform,D,SAN-001,SanaPlus PainRelief,OTC,SanaPlus,E-commerce,9,9.5,EUR,0.15,85.5,72.67
TXN-DE-2-000036,2026-08-26 18:35:16,2026-08-26 18:38:16,DE,SaaS Platform,D,MED-002,Medora Derm Cream,Prescription,Medora,Wholesale,12,26.0,EUR,0.0,312.0,312.0
TXN-DE-2-000037,2026-08-26 10:08:15,2026-08-26 10:11:15,DE,SaaS Platform,D,DER-002,Dermacare LiftCream,Aesthetic,Dermacare,Wholesale,11,37.0,EUR,0.1,407.0,366.3
TXN-DE-2-000038,2026-08-26 06:48:18,2026-08-26 06:52:18,DE,SaaS Platform,D,PUR-002,PureLife BP Monitor,Medical Device,PureLife,Wholesale,10,90.0,EUR,0.2,900.0,720.0
TXN-DE-2-000039,2026-08-26 07:14:08,2026-08-26 07:19:08,DE,SaaS Platform,D,VIT-001,Vitalis C1000,Supplement,Vitalis,Pharmacy/B2B,6,21.0,EUR,0.0,126.0,126.0
TXN-DE-2-000040,2026-08-26 02:55:53,2026-08-26 02:58:53,DE,SaaS Platform,D,DER-002,Dermacare LiftCream,Aesthetic,Dermacare,Pharmacy/B2B,5,37.0,EUR,0.2,185.0,148.0
TXN-DE-2-000041,2026-08-26 12:55:30,2026-08-26 13:01:30,DE,SaaS Platform,D,VIT-002,Vitalis Multivit,Supplement,Vitalis,E-commerce,1,17.0,EUR,0.0,17.0,17.0
TXN-DE-2-000042,2026-08-26 07:58:40,2026-08-26 08:01:40,DE,SaaS Platform,D,PUR-002,PureLife BP Monitor,Medical Device,PureLife,D2C,9,90.0,EUR,0.0,810.0,810.0
TXN-DE-2-000043,2026-08-26 13:10:04,2026-08-26 13:15:04,DE,SaaS Platform,D,PUR-001,PureLife GlucoMonitor,Medical Device,PureLife,E-commerce,12,85.0,EUR,0.05,1020.0,969.0
TXN-DE-2-000044,2026-08-26 18:48:18,2026-08-26 18:52:18,DE,SaaS Platform,D,SAN-001,SanaPlus PainRelief,OTC,SanaPlus,D2C,4,9.5,EUR,0.0,38.0,38.0
TXN-DE-2-000045,2026-08-26 17:55:49,2026-08-26 17:57:49,DE,SaaS Platform,D,MED-002,Medora Derm Cream,Prescription,Medora,D2C,11,26.0,EUR,0.0,286.0,286.0
TXN-DE-2-000046,2026-08-26 05:11:54,2026-08-26 05:16:54,DE,SaaS Platform,D,MED-001,Medora Cardio 10mg,Prescription,Medora,E-commerce,1,43.0,EUR,0.0,43.0,43.0
TXN-DE-2-000047,2026-08-26 19:50:29,2026-08-26 19:51:29,DE,SaaS Platform,D,MED-001,Medora Cardio 10mg,Prescription,Medora,E-commerce,10,43.0,EUR,0.0,430.0,430.0
TXN-DE-2-000048,2026-08-26 02:33:25,2026-08-26 02:34:25,DE,SaaS Platform,D,SAN-001,SanaPlus PainRelief,OTC,SanaPlus,Pharmacy/B2B,8,9.5,EUR,0.0,76.0,76.0
TXN-DE-2-000049,2026-08-26 13:36:22,2026-08-26 13:41:22,DE,SaaS Platform,D,DER-002,Dermacare LiftCream,Aesthetic,Dermacare,Wholesale,3,37.0,EUR,0.0,111.0,111.0
TXN-DE-2-000050,2026-08-26 15:09:27,2026-08-26 15:11:27,DE,SaaS Platform,D,SAN-001,SanaPlus PainRelief,OTC,SanaPlus,D2C,12,9.5,EUR,0.15,114.0,96.9
TXN-DE-2-000051,2026-08-26 10:29:00,2026-08-26 10:31:00,DE,SaaS Platform,D,MED-001,Medora Cardio 10mg,Prescription,Medora,D2C,4,43.0,EUR,0.0,172.0,172.0
TXN-DE-2-000052,2026-08-26 09:29:38,2026-08-26 09:35:38,DE,SaaS Platform,D,DER-002,Dermacare LiftCream,Aesthetic,Dermacare,D2C,6,37.0,EUR,0.0,222.0,222.0
TXN-DE-2-000053,2026-08-26 18:44:33,2026-08-26 18:46:33,DE,SaaS Platform,D,VIT-002,Vitalis Multivit,Supplement,Vitalis,E-commerce,9,17.0,EUR,0.15,153.0,130.05
TXN-DE-2-000054,2026-08-26 19:24:59,2026-08-26 19:29:59,DE,SaaS Platform,D,MED-002,Medora Derm Cream,Prescription,Medora,Wholesale,2,26.0,EUR,0.0,52.0,52.0
TXN-DE-2-000055,2026-08-26 16:38:42,2026-08-26 16:44:42,DE,SaaS Platform,D,MED-002,Medora Derm Cream,Prescription,Medora,D2C,11,26.0,EUR,0.1,286.0,257.4
TXN-DE-2-000056,2026-08-26 19:29:33,2026-08-26 19:30:33,DE,SaaS Platform,D,DER-002,Dermacare LiftCream,Aesthetic,Dermacare,E-commerce,3,37.0,EUR,0.05,111.0,105.45
TXN-DE-2-000057,2026-08-26 04:26:36,2026-08-26 04:29:36,DE,SaaS Platform,D,DER-001,Dermacare GlowSerum,Aesthetic,Dermacare,E-commerce,6,32.0,EUR,0.0,192.0,192.0
TXN-DE-2-000058,2026-08-26 10:42:43,2026-08-26 10:44:43,DE,SaaS Platform,D,PUR-001,PureLife GlucoMonitor,Medical Device,PureLife,D2C,7,85.0,EUR,0.2,595.0,476.0
TXN-DE-2-000059,2026-08-26 18:55:26,2026-08-26 18:59:26,DE,SaaS Platform,D,VIT-002,Vitalis Multivit,Supplement,Vitalis,Wholesale,3,17.0,EUR,0.0,51.0,51.0
TXN-DE-2-000060,2026-08-26 07:37:10,2026-08-26 07:39:10,DE,SaaS Platform,D,VIT-002,Vitalis Multivit,Supplement,Vitalis,E-commerce,3,17.0,EUR,0.2,51.0,40.8
TXN-DE-2-000061,2026-08-26 04:37:01,2026-08-26 04:41:01,DE,SaaS Platform,D,MED-001,Medora Cardio 10mg,Prescription,Medora,D2C,10,43.0,EUR,0.0,430.0,430.0
TXN-DE-2-000062,2026-08-26 08:42:14,2026-08-26 08:44:14,DE,SaaS Platform,D,DER-002,Dermacare LiftCream,Aesthetic,Dermacare,D2C,1,37.0,EUR,0.0,37.0,37.0
TXN-DE-2-000063,2026-08-26 13:49:35,2026-08-26 13:52:35,DE,SaaS Platform,D,SAN-002,SanaPlus ColdFlu,OTC,SanaPlus,D2C,10,10.5,EUR,0.0,105.0,105.0
TXN-DE-2-000064,2026-08-26 09:33:01,2026-08-26 09:36:01,DE,SaaS Platform,D,PUR-001,PureLife GlucoMonitor,Medical Device,PureLife,Pharmacy/B2B,3,85.0,EUR,0.0,255.0,255.0
TXN-DE-2-000065,2026-08-26 09:01:26,2026-08-26 09:02:26,DE,SaaS Platform,D,MED-001,Medora Cardio 10mg,Prescription,Medora,Pharmacy/B2B,9,43.0,EUR,0.0,387.0,387.0
TXN-DE-2-000066,2026-08-26 23:34:56,2026-08-26 23:37:56,DE,SaaS Platform,D,PUR-001,PureLife GlucoMonitor,Medical Device,PureLife,Pharmacy/B2B,6,85.0,EUR,0.15,510.0,433.5
TXN-DE-2-000067,2026-08-26 03:22:58,2026-08-26 03:25:58,DE,SaaS Platform,D,VIT-002,Vitalis Multivit,Supplement,Vitalis,E-commerce,8,17.0,EUR,0.0,136.0,136.0
TXN-DE-2-000068,2026-08-26 17:46:12,2026-08-26 17:52:12,DE,SaaS Platform,D,SAN-001,SanaPlus PainRelief,OTC,SanaPlus,Pharmacy/B2B,10,9.5,EUR,0.1,95.0,85.5
TXN-DE-2-000069,2026-08-26 09:26:15,2026-08-26 09:32:15,DE,SaaS Platform,D,SAN-001,SanaPlus PainRelief,OTC,SanaPlus,Wholesale,2,9.5,EUR,0.1,19.0,17.1
TXN-DE-2-000070,2026-08-26 23:21:03,2026-08-26 23:22:03,DE,SaaS Platform,D,VIT-002,Vitalis Multivit,Supplement,Vitalis,E-commerce,5,17.0,EUR,0.2,85.0,68.0
TXN-DE-2-000071,2026-08-26 01:23:25,2026-08-26 01:27:25,DE,SaaS Platform,D,VIT-001,Vitalis C1000,Supplement,Vitalis,Pharmacy/B2B,12,21.0,EUR,0.0,252.0,252.0
TXN-DE-2-000072,2026-08-26 14:53:42,2026-08-26 14:54:42,DE,SaaS Platform,D,VIT-002,Vitalis Multivit,Supplement,Vitalis,E-commerce,6,17.0,EUR,0.0,102.0,102.0
TXN-DE-2-000073,2026-08-26 15:56:27,2026-08-26 15:58:27,DE,SaaS Platform,D,VIT-002,Vitalis Multivit,Supplement,Vitalis,Wholesale,1,17.0,EUR,0.0,17.0,17.0
TXN-DE-2-000074,2026-08-26 11:42:34,2026-08-26 11:45:34,DE,SaaS Platform,D,SAN-002,SanaPlus ColdFlu,OTC,SanaPlus,Wholesale,4,10.5,EUR,0.0,42.0,42.0
TXN-DE-2-000075,2026-08-26 22:57:02,2026-08-26 23:02:02,DE,SaaS Platform,D,MED-002,Medora Derm Cream,Prescription,Medora,D2C,2,26.0,EUR,0.2,52.0,41.6
TXN-DE-2-000076,2026-08-26 23:32:32,2026-08-26 23:35:32,DE,SaaS Platform,D,DER-002,Dermacare LiftCream,Aesthetic,Dermacare,Wholesale,11,37.0,EUR,0.0,407.0,407.0
TXN-DE-2-000077,2026-08-26 20:19:36,2026-08-26 20:20:36,DE,SaaS Platform,D,DER-002,Dermacare LiftCream,Aesthetic,Dermacare,D2C,10,37.0,EUR,0.0,370.0,370.0
TXN-DE-2-000078,2026-08-26 05:14:37,2026-08-26 05:20:37,DE,SaaS Platform,D,VIT-002,Vitalis Multivit,Supplement,Vitalis,Wholesale,7,17.0,EUR,0.0,119.0,119.0
TXN-DE-2-000079,2026-08-26 04:58:27,2026-08-26 05:03:27,DE,SaaS Platform,D,SAN-002,SanaPlus ColdFlu,OTC,SanaPlus,Pharmacy/B2B,11,10.5,EUR,0.0,115.5,115.5
TXN-DE-2-000080,2026-08-26 03:52:17,2026-08-26 03:57:17,DE,SaaS Platform,D,MED-001,Medora Cardio 10mg,Prescription,Medora,E-commerce,8,43.0,EUR,0.0,344.0,344.0
TXN-DE-2-000081,2026-08-26 11:32:43,2026-08-26 11:38:43,DE,SaaS Platform,D,DER-002,Dermacare LiftCream,Aesthetic,Dermacare,D2C,6,37.0,EUR,0.05,222.0,210.9
TXN-DE-2-000082,2026-08-26 12:42:20,2026-08-26 12:47:20,DE,SaaS Platform,D,PUR-002,PureLife BP Monitor,Medical Device,PureLife,E-commerce,6,90.0,EUR,0.0,540.0,540.0
TXN-DE-2-000083,2026-08-26 17:45:42,2026-08-26 17:49:42,DE,SaaS Platform,D,VIT-002,Vitalis Multivit,Supplement,Vitalis,E-commerce,8,17.0,EUR,0.2,136.0,108.8
TXN-DE-2-000084,2026-08-26 08:23:39,2026-08-26 08:27:39,DE,SaaS Platform,D,SAN-001,SanaPlus PainRelief,OTC,SanaPlus,E-commerce,6,9.5,EUR,0.2,57.0,45.6
TXN-DE-2-000085,2026-08-26 08:23:45,2026-08-26 08:27:45,DE,SaaS Platform,D,MED-002,Medora Derm Cream,Prescription,Medora,E-commerce,2,26.0,EUR,0.0,52.0,52.0
TXN-DE-2-000086,2026-08-26 14:21:00,2026-08-26 14:23:00,DE,SaaS Platform,D,MED-001,Medora Cardio 10mg,Prescription,Medora,Wholesale,1,43.0,EUR,0.15,43.0,36.55
TXN-DE-2-000087,2026-08-26 02:06:41,2026-08-26 02:11:41,DE,SaaS Platform,D,SAN-002,SanaPlus ColdFlu,OTC,SanaPlus,E-commerce,1,10.5,EUR,0.0,10.5,10.5
TXN-DE-2-000088,2026-08-26 06:15:06,2026-08-26 06:20:06,DE,SaaS Platform,D,DER-001,Dermacare GlowSerum,Aesthetic,Dermacare,E-commerce,3,32.0,EUR,0.0,96.0,96.0
TXN-DE-2-000089,2026-08-26 02:24:42,2026-08-26 02:25:42,DE,SaaS Platform,D,VIT-001,Vitalis C1000,Supplement,Vitalis,Wholesale,6,21.0,EUR,0.15,126.0,107.1
TXN-DE-2-000090,2026-08-26 11:38:36,2026-08-26 11:42:36,DE,SaaS Platform,D,SAN-001,SanaPlus PainRelief,OTC,SanaPlus,Wholesale,5,9.5,EUR,0.15,47.5,40.38
TXN-DE-2-000091,2026-08-26 10:36:15,2026-08-26 10:41:15,DE,SaaS Platform,D,VIT-002,Vitalis Multivit,Supplement,Vitalis,Wholesale,7,17.0,EUR,0.05,119.0,113.05
TXN-DE-2-000092,2026-08-26 08:17:44,2026-08-26 08:20:44,DE,SaaS Platform,D,VIT-001,Vitalis C1000,Supplement,Vitalis,Pharmacy/B2B,7,21.0,EUR,0.0,147.0,147.0
TXN-DE-2-000093,2026-08-26 18:56:36,2026-08-26 18:58:36,DE,SaaS Platform,D,SAN-001,SanaPlus PainRelief,OTC,SanaPlus,Pharmacy/B2B,3,9.5,EUR,0.2,28.5,22.8
TXN-DE-2-000094,2026-08-26 18:28:48,2026-08-26 18:33:48,DE,SaaS Platform,D,DER-002,Dermacare LiftCream,Aesthetic,Dermacare,D2C,1,37.0,EUR,0.1,37.0,33.3
TXN-DE-2-000095,2026-08-26 07:42:46,2026-08-26 07:48:46,DE,SaaS Platform,D,PUR-002,PureLife BP Monitor,Medical Device,PureLife,E-commerce,5,90.0,EUR,0.1,450.0,405.0
TXN-DE-2-000096,2026-08-26 14:14:28,2026-08-26 14:17:28,DE,SaaS Platform,D,DER-002,Dermacare LiftCream,Aesthetic,Dermacare,E-commerce,6,37.0,EUR,0.0,222.0,222.0
TXN-DE-2-000097,2026-08-26 22:36:21,2026-08-26 22:42:21,DE,SaaS Platform,D,SAN-002,SanaPlus ColdFlu,OTC,SanaPlus,Wholesale,3,10.5,EUR,0.2,31.5,25.2
TXN-DE-2-000098,2026-08-26 03:49:48,2026-08-26 03:55:48,DE,SaaS Platform,D,SAN-002,SanaPlus ColdFlu,OTC,SanaPlus,D2C,3,10.5,EUR,0.15,31.5,26.77
TXN-DE-2-000099,2026-08-26 15:10:24,2026-08-26 15:12:24,DE,SaaS Platform,D,DER-001,Dermacare GlowSerum,Aesthetic,Dermacare,Wholesale,2,32.0,EUR,0.1,64.0,57.6
TXN-DE-2-000100,2026-08-26 19:36:33,2026-08-26 19:41:33,DE,SaaS Platform,D,VIT-001,Vitalis C1000,Supplement,Vitalis,Wholesale,12,21.0,EUR,0.05,252.0,239.4
TXN-DE-2-000101,2026-08-26 02:14:22,2026-08-26 02:15:22,DE,SaaS Platform,D,VIT-002,Vitalis Multivit,Supplement,Vitalis,Wholesale,2,17.0,EUR,0.1,34.0,30.6
TXN-DE-2-000102,2026-08-26 03:21:31,2026-08-26 03:25:31,DE,SaaS Platform,D,DER-001,Dermacare GlowSerum,Aesthetic,Dermacare,Wholesale,4,32.0,EUR,0.0,128.0,128.0
TXN-DE-2-000103,2026-08-26 05:11:07,2026-08-26 05:12:07,DE,SaaS Platform,D,DER-002,Dermacare LiftCream,Aesthetic,Dermacare,Wholesale,6,37.0,EUR,0.1,222.0,199.8
TXN-DE-2-000104,2026-08-26 10:05:01,2026-08-26 10:06:01,DE,SaaS Platform,D,SAN-001,SanaPlus PainRelief,OTC,SanaPlus,D2C,8,9.5,EUR,0.05,76.0,72.2
TXN-DE-2-000105,2026-08-26 06:29:29,2026-08-26 06:30:29,DE,SaaS Platform,D,SAN-001,SanaPlus PainRelief,OTC,SanaPlus,D2C,4,9.5,EUR,0.0,38.0,38.0
TXN-DE-2-000106,2026-08-26 16:06:29,2026-08-26 16:12:29,DE,SaaS Platform,D,DER-001,Dermacare GlowSerum,Aesthetic,Dermacare,Wholesale,10,32.0,EUR,0.0,320.0,320.0
TXN-DE-2-000107,2026-08-26 15:50:41,2026-08-26 15:52:41,DE,SaaS Platform,D,DER-002,Dermacare LiftCream,Aesthetic,Dermacare,Wholesale,3,37.0,EUR,0.2,111.0,88.8
TXN-DE-2-000108,2026-08-26 09:56:52,2026-08-26 09:58:52,DE,SaaS Platform,D,PUR-002,PureLife BP Monitor,Medical Device,PureLife,Wholesale,11,90.0,EUR,0.0,990.0,990.0
TXN-DE-2-000109,2026-08-26 14:35:47,2026-08-26 14:37:47,DE,SaaS Platform,D,MED-001,Medora Cardio 10mg,Prescription,Medora,Pharmacy/B2B,8,43.0,EUR,0.1,344.0,309.6
TXN-DE-2-000110,2026-08-26 19:19:12,2026-08-26 19:21:12,DE,SaaS Platform,D,VIT-002,Vitalis Multivit,Supplement,Vitalis,E-commerce,11,17.0,EUR,0.2,187.0,149.6
TXN-DE-2-000111,2026-08-26 20:13:38,2026-08-26 20:18:38,DE,SaaS Platform,D,MED-002,Medora Derm Cream,Prescription,Medora,Wholesale,9,26.0,EUR,0.05,234.0,222.3
TXN-DE-2-000112,2026-08-26 07:26:51,2026-08-26 07:32:51,DE,SaaS Platform,D,SAN-002,SanaPlus ColdFlu,OTC,SanaPlus,Wholesale,4,10.5,EUR,0.1,42.0,37.8
TXN-DE-2-000113,2026-08-26 06:44:22,2026-08-26 06:45:22,DE,SaaS Platform,D,MED-002,Medora Derm Cream,Prescription,Medora,Wholesale,9,26.0,EUR,0.2,234.0,187.2
TXN-DE-2-000114,2026-08-26 03:46:05,2026-08-26 03:52:05,DE,SaaS Platform,D,DER-001,Dermacare GlowSerum,Aesthetic,Dermacare,E-commerce,7,32.0,EUR,0.15,224.0,190.4
TXN-DE-2-000115,2026-08-26 20:53:02,2026-08-26 20:58:02,DE,SaaS Platform,D,DER-002,Dermacare LiftCream,Aesthetic,Dermacare,Wholesale,4,37.0,EUR,0.0,148.0,148.0
TXN-DE-2-000116,2026-08-26 04:15:54,2026-08-26 04:16:54,DE,SaaS Platform,D,SAN-002,SanaPlus ColdFlu,OTC,SanaPlus,Wholesale,4,10.5,EUR,0.0,42.0,42.0
TXN-DE-2-000117,2026-08-26 10:55:34,2026-08-26 10:59:34,DE,SaaS Platform,D,PUR-001,PureLife GlucoMonitor,Medical Device,PureLife,D2C,1,85.0,EUR,0.0,85.0,85.0
TXN-DE-2-000118,2026-08-26 22:34:53,2026-08-26 22:37:53,DE,SaaS Platform,D,DER-002,Dermacare LiftCream,Aesthetic,Dermacare,D2C,8,37.0,EUR,0.2,296.0,236.8
TXN-DE-2-000119,2026-08-26 21:34:04,2026-08-26 21:36:04,DE,SaaS Platform,D,PUR-002,PureLife BP Monitor,Medical Device,PureLife,E-commerce,11,90.0,EUR,0.05,990.0,940.5
TXN-DE-2-000120,2026-08-26 23:42:02,2026-08-26 23:43:02,DE,SaaS Platform,D,DER-001,Dermacare GlowSerum,Aesthetic,Dermacare,Wholesale,3,32.0,EUR,0.15,96.0,81.6
TXN-DE-2-000121,2026-08-26 22:11:34,2026-08-26 22:12:34,DE,SaaS Platform,D,PUR-001,PureLife GlucoMonitor,Medical Device,PureLife,Wholesale,10,85.0,EUR,0.0,850.0,850.0
TXN-DE-2-000122,2026-08-26 20:44:06,2026-08-26 20:48:06,DE,SaaS Platform,D,PUR-001,PureLife GlucoMonitor,Medical Device,PureLife,Wholesale,4,85.0,EUR,0.15,340.0,289.0
TXN-DE-2-000123,2026-08-26 15:32:31,2026-08-26 15:38:31,DE,SaaS Platform,D,DER-002,Dermacare LiftCream,Aesthetic,Dermacare,Wholesale,7,37.0,EUR,0.0,259.0,259.0
TXN-DE-2-000124,2026-08-26 22:42:04,2026-08-26 22:46:04,DE,SaaS Platform,D,DER-001,Dermacare GlowSerum,Aesthetic,Dermacare,E-commerce,6,32.0,EUR,0.0,192.0,192.0
TXN-DE-2-000125,2026-08-26 17:17:53,2026-08-26 17:19:53,DE,SaaS Platform,D,DER-001,Dermacare GlowSerum,Aesthetic,Dermacare,Pharmacy/B2B,1,32.0,EUR,0.2,32.0,25.6
TXN-DE-2-000126,2026-08-26 16:29:12,2026-08-26 16:32:12,DE,SaaS Platform,D,SAN-002,SanaPlus ColdFlu,OTC,SanaPlus,Pharmacy/B2B,5,10.5,EUR,0.0,52.5,52.5
TXN-DE-2-000127,2026-08-26 23:42:25,2026-08-26 23:47:25,DE,SaaS Platform,D,SAN-001,SanaPlus PainRelief,OTC,SanaPlus,Pharmacy/B2B,12,9.5,EUR,0.0,114.0,114.0
TXN-DE-2-000128,2026-08-26 18:34:54,2026-08-26 18:36:54,DE,SaaS Platform,D,PUR-001,PureLife GlucoMonitor,Medical Device,PureLife,Pharmacy/B2B,2,85.0,EUR,0.0,170.0,170.0
TXN-DE-2-000129,2026-08-26 16:43:39,2026-08-26 16:46:39,DE,SaaS Platform,D,VIT-001,Vitalis C1000,Supplement,Vitalis,E-commerce,1,21.0,EUR,0.2,21.0,16.8
TXN-DE-2-000130,2026-08-26 23:22:49,2026-08-26 23:26:49,DE,SaaS Platform,D,PUR-002,PureLife BP Monitor,Medical Device,PureLife,Pharmacy/B2B,8,90.0,EUR,0.05,720.0,684.0
TXN-DE-2-000131,2026-08-26 23:21:03,2026-08-26 23:26:03,DE,SaaS Platform,D,PUR-001,PureLife GlucoMonitor,Medical Device,PureLife,Wholesale,2,85.0,EUR,0.1,170.0,153.0
TXN-DE-2-000132,2026-08-26 06:20:29,2026-08-26 06:23:29,DE,SaaS Platform,D,DER-001,Dermacare GlowSerum,Aesthetic,Dermacare,Pharmacy/B2B,7,32.0,EUR,0.05,224.0,212.8
TXN-DE-2-000133,2026-08-26 09:30:06,2026-08-26 09:31:06,DE,SaaS Platform,D,VIT-001,Vitalis C1000,Supplement,Vitalis,Pharmacy/B2B,3,21.0,EUR,0.1,63.0,56.7
TXN-DE-2-000134,2026-08-26 00:57:05,2026-08-26 00:59:05,DE,SaaS Platform,D,VIT-001,Vitalis C1000,Supplement,Vitalis,E-commerce,11,21.0,EUR,0.0,231.0,231.0
TXN-DE-2-000135,2026-08-26 10:42:39,2026-08-26 10:46:39,DE,SaaS Platform,D,DER-001,Dermacare GlowSerum,Aesthetic,Dermacare,Pharmacy/B2B,12,32.0,EUR,0.05,384.0,364.8
TXN-DE-2-000136,2026-08-26 11:51:36,2026-08-26 11:52:36,DE,SaaS Platform,D,DER-002,Dermacare LiftCream,Aesthetic,Dermacare,D2C,9,37.0,EUR,0.05,333.0,316.35
TXN-DE-2-000137,2026-08-26 14:29:25,2026-08-26 14:33:25,DE,SaaS Platform,D,VIT-001,Vitalis C1000,Supplement,Vitalis,Wholesale,6,21.0,EUR,0.05,126.0,119.7
TXN-DE-2-000138,2026-08-26 01:54:38,2026-08-26 01:57:38,DE,SaaS Platform,D,VIT-002,Vitalis Multivit,Supplement,Vitalis,E-commerce,4,17.0,EUR,0.2,68.0,54.4
TXN-DE-2-000139,2026-08-26 20:47:07,2026-08-26 20:49:07,DE,SaaS Platform,D,VIT-002,Vitalis Multivit,Supplement,Vitalis,D2C,1,17.0,EUR,0.1,17.0,15.3
TXN-DE-2-000140,2026-08-26 21:02:28,2026-08-26 21:08:28,DE,SaaS Platform,D,MED-002,Medora Derm Cream,Prescription,Medora,E-commerce,7,26.0,EUR,0.1,182.0,163.8
TXN-DE-2-000141,2026-08-26 02:49:42,2026-08-26 02:53:42,DE,SaaS Platform,D,DER-001,Dermacare GlowSerum,Aesthetic,Dermacare,D2C,10,32.0,EUR,0.1,320.0,288.0
TXN-DE-2-000142,2026-08-26 13:18:06,2026-08-26 13:22:06,DE,SaaS Platform,D,DER-002,Dermacare LiftCream,Aesthetic,Dermacare,D2C,3,37.0,EUR,0.05,111.0,105.45
TXN-DE-2-000143,2026-08-26 07:38:03,2026-08-26 07:41:03,DE,SaaS Platform,D,PUR-002,PureLife BP Monitor,Medical Device,PureLife,D2C,1,90.0,EUR,0.15,90.0,76.5
TXN-DE-2-000144,2026-08-26 16:38:21,2026-08-26 16:39:21,DE,SaaS Platform,D,SAN-002,SanaPlus ColdFlu,OTC,SanaPlus,D2C,8,10.5,EUR,0.0,84.0,84.0
TXN-DE-2-000145,2026-08-26 01:45:01,2026-08-26 01:50:01,DE,SaaS Platform,D,VIT-001,Vitalis C1000,Supplement,Vitalis,Wholesale,5,21.0,EUR,0.2,105.0,84.0
TXN-DE-2-000146,2026-08-26 14:08:29,2026-08-26 14:14:29,DE,SaaS Platform,D,SAN-002,SanaPlus ColdFlu,OTC,SanaPlus,E-commerce,10,10.5,EUR,0.05,105.0,99.75
TXN-DE-2-000147,2026-08-26 16:43:22,2026-08-26 16:49:22,DE,SaaS Platform,D,PUR-002,PureLife BP Monitor,Medical Device,PureLife,D2C,8,90.0,EUR,0.0,720.0,720.0
TXN-DE-2-000148,2026-08-26 18:14:29,2026-08-26 18:19:29,DE,SaaS Platform,D,MED-002,Medora Derm Cream,Prescription,Medora,Wholesale,7,26.0,EUR,0.1,182.0,163.8
TXN-DE-2-000149,2026-08-26 01:35:04,2026-08-26 01:39:04,DE,SaaS Platform,D,VIT-002,Vitalis Multivit,Supplement,Vitalis,Pharmacy/B2B,12,17.0,EUR,0.0,204.0,204.0
TXN-DE-2-000150,2026-08-26 01:02:46,2026-08-26 01:03:46,DE,SaaS Platform,D,DER-002,Dermacare LiftCream,Aesthetic,Dermacare,Wholesale,8,37.0,EUR,0.05,296.0,281.2
TXN-DE-2-000151,2026-08-26 13:56:53,2026-08-26 14:02:53,DE,SaaS Platform,D,MED-001,Medora Cardio 10mg,Prescription,Medora,Pharmacy/B2B,3,43.0,EUR,0.0,129.0,129.0
TXN-DE-2-000152,2026-08-26 00:29:59,2026-08-26 00:30:59,DE,SaaS Platform,D,VIT-002,Vitalis Multivit,Supplement,Vitalis,Wholesale,5,17.0,EUR,0.2,85.0,68.0
TXN-DE-2-000153,2026-08-26 04:45:36,2026-08-26 04:47:36,DE,SaaS Platform,D,PUR-001,PureLife GlucoMonitor,Medical Device,PureLife,E-commerce,3,85.0,EUR,0.0,255.0,255.0
TXN-DE-2-000154,2026-08-26 12:30:44,2026-08-26 12:33:44,DE,SaaS Platform,D,VIT-001,Vitalis C1000,Supplement,Vitalis,E-commerce,1,21.0,EUR,0.1,21.0,18.9
TXN-DE-2-000155,2026-08-26 11:18:56,2026-08-26 11:19:56,DE,SaaS Platform,D,VIT-001,Vitalis C1000,Supplement,Vitalis,D2C,6,21.0,EUR,0.15,126.0,107.1
TXN-DE-2-000156,2026-08-26 14:36:54,2026-08-26 14:38:54,DE,SaaS Platform,D,MED-002,Medora Derm Cream,Prescription,Medora,E-commerce,12,26.0,EUR,0.0,312.0,312.0
TXN-DE-2-000157,2026-08-26 06:09:57,2026-08-26 06:12:57,DE,SaaS Platform,D,SAN-001,SanaPlus PainRelief,OTC,SanaPlus,Pharmacy/B2B,10,9.5,EUR,0.0,95.0,95.0
TXN-DE-2-000158,2026-08-26 03:51:21,2026-08-26 03:52:21,DE,SaaS Platform,D,VIT-002,Vitalis Multivit,Supplement,Vitalis,Wholesale,6,17.0,EUR,0.0,102.0,102.0
TXN-DE-2-000159,2026-08-26 12:40:31,2026-08-26 12:42:31,DE,SaaS Platform,D,SAN-002,SanaPlus ColdFlu,OTC,SanaPlus,D2C,2,10.5,EUR,0.05,21.0,19.95
TXN-DE-2-000160,2026-08-26 14:10:50,2026-08-26 14:13:50,DE,SaaS Platform,D,DER-001,Dermacare GlowSerum,Aesthetic,Dermacare,E-commerce,7,32.0,EUR,0.0,224.0,224.0
TXN-DE-2-000161,2026-08-26 21:55:01,2026-08-26 21:58:01,DE,SaaS Platform,D,MED-001,Medora Cardio 10mg,Prescription,Medora,E-commerce,7,43.0,EUR,0.0,301.0,301.0
TXN-DE-2-000162,2026-08-26 18:36:48,2026-08-26 18:41:48,DE,SaaS Platform,D,DER-002,Dermacare LiftCream,Aesthetic,Dermacare,D2C,11,37.0,EUR,0.05,407.0,386.65
TXN-DE-2-000163,2026-08-26 05:33:22,2026-08-26 05:34:22,DE,SaaS Platform,D,VIT-002,Vitalis Multivit,Supplement,Vitalis,Pharmacy/B2B,5,17.0,EUR,0.15,85.0,72.25
TXN-DE-2-000164,2026-08-26 07:09:13,2026-08-26 07:10:13,DE,SaaS Platform,D,DER-001,Dermacare GlowSerum,Aesthetic,Dermacare,Pharmacy/B2B,5,32.0,EUR,0.0,160.0,160.0
TXN-DE-2-000165,2026-08-26 06:27:24,2026-08-26 06:32:24,DE,SaaS Platform,D,PUR-001,PureLife GlucoMonitor,Medical Device,PureLife,D2C,9,85.0,EUR,0.1,765.0,688.5
TXN-DE-2-000166,2026-08-26 22:38:34,2026-08-26 22:41:34,DE,SaaS Platform,D,DER-002,Dermacare LiftCream,Aesthetic,Dermacare,Pharmacy/B2B,10,37.0,EUR,0.15,370.0,314.5
TXN-DE-2-000167,2026-08-26 21:13:32,2026-08-26 21:14:32,DE,SaaS Platform,D,DER-001,Dermacare GlowSerum,Aesthetic,Dermacare,Pharmacy/B2B,9,32.0,EUR,0.1,288.0,259.2
TXN-DE-2-000168,2026-08-26 04:40:55,2026-08-26 04:42:55,DE,SaaS Platform,D,DER-002,Dermacare LiftCream,Aesthetic,Dermacare,Pharmacy/B2B,1,37.0,EUR,0.0,37.0,37.0
TXN-DE-2-000169,2026-08-26 11:02:34,2026-08-26 11:07:34,DE,SaaS Platform,D,MED-001,Medora Cardio 10mg,Prescription,Medora,Wholesale,2,43.0,EUR,0.15,86.0,73.1
TXN-DE-2-000170,2026-08-26 03:48:22,2026-08-26 03:50:22,DE,SaaS Platform,D,DER-001,Dermacare GlowSerum,Aesthetic,Dermacare,D2C,7,32.0,EUR,0.1,224.0,201.6
TXN-DE-2-000171,2026-08-26 22:22:09,2026-08-26 22:23:09,DE,SaaS Platform,D,DER-001,Dermacare GlowSerum,Aesthetic,Dermacare,Wholesale,9,32.0,EUR,0.0,288.0,288.0
TXN-DE-2-000172,2026-08-26 19:37:17,2026-08-26 19:38:17,DE,SaaS Platform,D,VIT-002,Vitalis Multivit,Supplement,Vitalis,Pharmacy/B2B,3,17.0,EUR,0.15,51.0,43.35
TXN-DE-2-000173,2026-08-26 16:46:12,2026-08-26 16:50:12,DE,SaaS Platform,D,PUR-002,PureLife BP Monitor,Medical Device,PureLife,Pharmacy/B2B,6,90.0,EUR,0.0,540.0,540.0
TXN-DE-2-000174,2026-08-26 19:42:39,2026-08-26 19:48:39,DE,SaaS Platform,D,DER-002,Dermacare LiftCream,Aesthetic,Dermacare,D2C,2,37.0,EUR,0.15,74.0,62.9
TXN-DE-2-000175,2026-08-26 18:27:41,2026-08-26 18:33:41,DE,SaaS Platform,D,PUR-002,PureLife BP Monitor,Medical Device,PureLife,D2C,4,90.0,EUR,0.15,360.0,306.0
TXN-DE-2-000176,2026-08-26 09:09:51,2026-08-26 09:11:51,DE,SaaS Platform,D,PUR-002,PureLife BP Monitor,Medical Device,PureLife,Wholesale,11,90.0,EUR,0.0,990.0,990.0
TXN-DE-2-000177,2026-08-26 08:22:11,2026-08-26 08:27:11,DE,SaaS Platform,D,DER-002,Dermacare LiftCream,Aesthetic,Dermacare,Wholesale,4,37.0,EUR,0.0,148.0,148.0
TXN-DE-2-000178,2026-08-26 18:42:24,2026-08-26 18:43:24,DE,SaaS Platform,D,MED-001,Medora Cardio 10mg,Prescription,Medora,D2C,2,43.0,EUR,0.0,86.0,86.0
TXN-DE-2-000179,2026-08-26 07:03:08,2026-08-26 07:05:08,DE,SaaS Platform,D,DER-001,Dermacare GlowSerum,Aesthetic,Dermacare,D2C,11,32.0,EUR,0.0,352.0,352.0
TXN-DE-2-000180,2026-08-26 04:29:04,2026-08-26 04:30:04,DE,SaaS Platform,D,SAN-001,SanaPlus PainRelief,OTC,SanaPlus,E-commerce,4,9.5,EUR,0.2,38.0,30.4
TXN-DE-2-000181,2026-08-26 05:08:08,2026-08-26 05:09:08,DE,SaaS Platform,D,MED-001,Medora Cardio 10mg,Prescription,Medora,Wholesale,6,43.0,EUR,0.1,258.0,232.2
TXN-DE-2-000182,2026-08-26 13:39:31,2026-08-26 13:41:31,DE,SaaS Platform,D,VIT-002,Vitalis Multivit,Supplement,Vitalis,E-commerce,5,17.0,EUR,0.1,85.0,76.5
TXN-DE-2-000183,2026-08-26 17:41:20,2026-08-26 17:46:20,DE,SaaS Platform,D,MED-002,Medora Derm Cream,Prescription,Medora,E-commerce,5,26.0,EUR,0.2,130.0,104.0
TXN-DE-2-000184,2026-08-26 06:05:17,2026-08-26 06:06:17,DE,SaaS Platform,D,MED-002,Medora Derm Cream,Prescription,Medora,D2C,8,26.0,EUR,0.15,208.0,176.8
TXN-DE-2-000185,2026-08-26 10:17:29,2026-08-26 10:21:29,DE,SaaS Platform,D,DER-002,Dermacare LiftCream,Aesthetic,Dermacare,D2C,8,37.0,EUR,0.0,296.0,296.0
TXN-DE-2-000186,2026-08-26 06:09:07,2026-08-26 06:15:07,DE,SaaS Platform,D,SAN-002,SanaPlus ColdFlu,OTC,SanaPlus,Pharmacy/B2B,12,10.5,EUR,0.15,126.0,107.1
TXN-DE-2-000187,2026-08-26 09:06:48,2026-08-26 09:07:48,DE,SaaS Platform,D,SAN-002,SanaPlus ColdFlu,OTC,SanaPlus,Wholesale,2,10.5,EUR,0.05,21.0,19.95
TXN-DE-2-000188,2026-08-26 06:54:48,2026-08-26 06:55:48,DE,SaaS Platform,D,VIT-001,Vitalis C1000,Supplement,Vitalis,D2C,4,21.0,EUR,0.0,84.0,84.0
TXN-DE-2-000189,2026-08-26 04:12:58,2026-08-26 04:18:58,DE,SaaS Platform,D,PUR-002,PureLife BP Monitor,Medical Device,PureLife,Wholesale,10,90.0,EUR,0.0,900.0,900.0
TXN-DE-2-000190,2026-08-26 09:12:00,2026-08-26 09:16:00,DE,SaaS Platform,D,DER-001,Dermacare GlowSerum,Aesthetic,Dermacare,Pharmacy/B2B,8,32.0,EUR,0.0,256.0,256.0
TXN-DE-2-000191,2026-08-26 01:45:58,2026-08-26 01:47:58,DE,SaaS Platform,D,SAN-002,SanaPlus ColdFlu,OTC,SanaPlus,E-commerce,12,10.5,EUR,0.0,126.0,126.0
TXN-DE-2-000192,2026-08-26 01:25:23,2026-08-26 01:28:23,DE,SaaS Platform,D,DER-001,Dermacare GlowSerum,Aesthetic,Dermacare,D2C,2,32.0,EUR,0.2,64.0,51.2
TXN-DE-2-000193,2026-08-26 16:20:44,2026-08-26 16:22:44,DE,SaaS Platform,D,DER-002,Dermacare LiftCream,Aesthetic,Dermacare,E-commerce,5,37.0,EUR,0.0,185.0,185.0
TXN-DE-2-000194,2026-08-26 14:14:10,2026-08-26 14:19:10,DE,SaaS Platform,D,DER-002,Dermacare LiftCream,Aesthetic,Dermacare,D2C,5,37.0,EUR,0.0,185.0,185.0
TXN-DE-2-000195,2026-08-26 08:16:16,2026-08-26 08:18:16,DE,SaaS Platform,D,DER-001,Dermacare GlowSerum,Aesthetic,Dermacare,E-commerce,12,32.0,EUR,0.15,384.0,326.4
TXN-DE-2-000196,2026-08-26 00:12:12,2026-08-26 00:18:12,DE,SaaS Platform,D,MED-002,Medora Derm Cream,Prescription,Medora,D2C,1,26.0,EUR,0.1,26.0,23.4
TXN-DE-2-000197,2026-08-26 23:19:52,2026-08-26 23:24:52,DE,SaaS Platform,D,VIT-001,Vitalis C1000,Supplement,Vitalis,E-commerce,10,21.0,EUR,0.1,210.0,189.0
TXN-DE-2-000198,2026-08-26 07:21:34,2026-08-26 07:22:34,DE,SaaS Platform,D,PUR-002,PureLife BP Monitor,Medical Device,PureLife,E-commerce,3,90.0,EUR,0.0,270.0,270.0
TXN-DE-2-000199,2026-08-26 08:10:25,2026-08-26 08:12:25,DE,SaaS Platform,D,DER-002,Dermacare LiftCream,Aesthetic,Dermacare,Pharmacy/B2B,5,37.0,EUR,0.15,185.0,157.25
TXN-DE-2-000200,2026-08-26 11:43:12,2026-08-26 11:49:12,DE,SaaS Platform,D,MED-001,Medora Cardio 10mg,Prescription,Medora,E-commerce,11,43.0,EUR,0.1,473.0,425.7
TXN-DE-2-000201,2026-08-26 14:54:54,2026-08-26 14:55:54,DE,SaaS Platform,D,DER-002,Dermacare LiftCream,Aesthetic,Dermacare,E-commerce,10,37.0,EUR,0.0,370.0,370.0
TXN-DE-2-000202,2026-08-26 07:03:29,2026-08-26 07:04:29,DE,SaaS Platform,D,DER-001,Dermacare GlowSerum,Aesthetic,Dermacare,E-commerce,9,32.0,EUR,0.05,288.0,273.6
TXN-DE-2-000203,2026-08-26 06:50:06,2026-08-26 06:53:06,DE,SaaS Platform,D,SAN-002,SanaPlus ColdFlu,OTC,SanaPlus,Pharmacy/B2B,3,10.5,EUR,0.1,31.5,28.35
TXN-DE-2-000204,2026-08-26 13:26:25,2026-08-26 13:27:25,DE,SaaS Platform,D,PUR-002,PureLife BP Monitor,Medical Device,PureLife,Wholesale,11,90.0,EUR,0.15,990.0,841.5
TXN-DE-2-000205,2026-08-26 05:18:42,2026-08-26 05:23:42,DE,SaaS Platform,D,SAN-002,SanaPlus ColdFlu,OTC,SanaPlus,D2C,9,10.5,EUR,0.05,94.5,89.77
TXN-DE-2-000206,2026-08-26 18:10:34,2026-08-26 18:15:34,DE,SaaS Platform,D,VIT-002,Vitalis Multivit,Supplement,Vitalis,Pharmacy/B2B,7,17.0,EUR,0.2,119.0,95.2
TXN-DE-2-000207,2026-08-26 01:26:31,2026-08-26 01:32:31,DE,SaaS Platform,D,VIT-001,Vitalis C1000,Supplement,Vitalis,Wholesale,9,21.0,EUR,0.05,189.0,179.55
TXN-DE-2-000208,2026-08-26 07:08:37,2026-08-26 07:14:37,DE,SaaS Platform,D,SAN-001,SanaPlus PainRelief,OTC,SanaPlus,Wholesale,7,9.5,EUR,0.2,66.5,53.2
TXN-DE-2-000209,2026-08-26 13:09:53,2026-08-26 13:15:53,DE,SaaS Platform,D,DER-001,Dermacare GlowSerum,Aesthetic,Dermacare,Pharmacy/B2B,3,32.0,EUR,0.1,96.0,86.4
TXN-DE-2-000210,2026-08-26 02:00:55,2026-08-26 02:04:55,DE,SaaS Platform,D,PUR-002,PureLife BP Monitor,Medical Device,PureLife,D2C,6,90.0,EUR,0.2,540.0,432.0
TXN-DE-2-000211,2026-08-26 05:45:00,2026-08-26 05:46:00,DE,SaaS Platform,D,MED-002,Medora Derm Cream,Prescription,Medora,Pharmacy/B2B,12,26.0,EUR,0.2,312.0,249.6
TXN-DE-2-000212,2026-08-26 21:43:29,2026-08-26 21:46:29,DE,SaaS Platform,D,VIT-002,Vitalis Multivit,Supplement,Vitalis,Pharmacy/B2B,7,17.0,EUR,0.2,119.0,95.2
TXN-DE-2-000213,2026-08-26 04:00:07,2026-08-26 04:03:07,DE,SaaS Platform,D,DER-001,Dermacare GlowSerum,Aesthetic,Dermacare,Wholesale,8,32.0,EUR,0.15,256.0,217.6
TXN-DE-2-000214,2026-08-26 20:09:17,2026-08-26 20:15:17,DE,SaaS Platform,D,SAN-002,SanaPlus ColdFlu,OTC,SanaPlus,Wholesale,2,10.5,EUR,0.0,21.0,21.0
TXN-DE-2-000215,2026-08-26 09:45:50,2026-08-26 09:46:50,DE,SaaS Platform,D,MED-002,Medora Derm Cream,Prescription,Medora,E-commerce,10,26.0,EUR,0.0,260.0,260.0
TXN-DE-2-000216,2026-08-26 23:00:23,2026-08-26 23:05:23,DE,SaaS Platform,D,PUR-001,PureLife GlucoMonitor,Medical Device,PureLife,Pharmacy/B2B,1,85.0,EUR,0.0,85.0,85.0
TXN-DE-2-000217,2026-08-26 06:08:12,2026-08-26 06:10:12,DE,SaaS Platform,D,PUR-001,PureLife GlucoMonitor,Medical Device,PureLife,D2C,11,85.0,EUR,0.0,935.0,935.0
TXN-DE-2-000218,2026-08-26 09:13:47,2026-08-26 09:17:47,DE,SaaS Platform,D,PUR-002,PureLife BP Monitor,Medical Device,PureLife,Wholesale,6,90.0,EUR,0.15,540.0,459.0
TXN-DE-2-000219,2026-08-26 13:01:23,2026-08-26 13:04:23,DE,SaaS Platform,D,SAN-002,SanaPlus ColdFlu,OTC,SanaPlus,Pharmacy/B2B,9,10.5,EUR,0.0,94.5,94.5
TXN-DE-2-000220,2026-08-26 11:45:49,2026-08-26 11:48:49,DE,SaaS Platform,D,PUR-001,PureLife GlucoMonitor,Medical Device,PureLife,D2C,10,85.0,EUR,0.1,850.0,765.0
TXN-DE-2-000221,2026-08-26 23:00:58,2026-08-26 23:06:58,DE,SaaS Platform,D,MED-001,Medora Cardio 10mg,Prescription,Medora,Wholesale,10,43.0,EUR,0.0,430.0,430.0
TXN-DE-2-000222,2026-08-26 11:08:18,2026-08-26 11:10:18,DE,SaaS Platform,D,PUR-002,PureLife BP Monitor,Medical Device,PureLife,Wholesale,9,90.0,EUR,0.1,810.0,729.0
TXN-DE-2-000223,2026-08-26 19:39:23,2026-08-26 19:44:23,DE,SaaS Platform,D,PUR-002,PureLife BP Monitor,Medical Device,PureLife,D2C,10,90.0,EUR,0.15,900.0,765.0
TXN-DE-2-000224,2026-08-26 19:49:57,2026-08-26 19:52:57,DE,SaaS Platform,D,SAN-001,SanaPlus PainRelief,OTC,SanaPlus,Pharmacy/B2B,7,9.5,EUR,0.0,66.5,66.5
TXN-DE-2-000225,2026-08-26 05:19:04,2026-08-26 05:23:04,DE,SaaS Platform,D,PUR-002,PureLife BP Monitor,Medical Device,PureLife,Pharmacy/B2B,10,90.0,EUR,0.15,900.0,765.0
TXN-DE-2-000226,2026-08-26 13:19:04,2026-08-26 13:24:04,DE,SaaS Platform,D,SAN-001,SanaPlus PainRelief,OTC,SanaPlus,Pharmacy/B2B,6,9.5,EUR,0.15,57.0,48.45
TXN-DE-2-000227,2026-08-26 23:26:19,2026-08-26 23:28:19,DE,SaaS Platform,D,MED-002,Medora Derm Cream,Prescription,Medora,Pharmacy/B2B,3,26.0,EUR,0.0,78.0,78.0
TXN-DE-2-000228,2026-08-26 18:05:48,2026-08-26 18:09:48,DE,SaaS Platform,D,DER-002,Dermacare LiftCream,Aesthetic,Dermacare,E-commerce,1,37.0,EUR,0.1,37.0,33.3
TXN-DE-2-000229,2026-08-26 18:18:44,2026-08-26 18:19:44,DE,SaaS Platform,D,SAN-002,SanaPlus ColdFlu,OTC,SanaPlus,E-commerce,1,10.5,EUR,0.0,10.5,10.5
TXN-DE-2-000230,2026-08-26 21:06:49,2026-08-26 21:08:49,DE,SaaS Platform,D,VIT-002,Vitalis Multivit,Supplement,Vitalis,E-commerce,7,17.0,EUR,0.2,119.0,95.2
TXN-DE-2-000231,2026-08-26 16:55:40,2026-08-26 16:59:40,DE,SaaS Platform,D,MED-001,Medora Cardio 10mg,Prescription,Medora,D2C,3,43.0,EUR,0.1,129.0,116.1
TXN-DE-2-000232,2026-08-26 17:57:22,2026-08-26 18:02:22,DE,SaaS Platform,D,VIT-001,Vitalis C1000,Supplement,Vitalis,D2C,4,21.0,EUR,0.1,84.0,75.6
TXN-DE-2-000233,2026-08-26 11:11:55,2026-08-26 11:12:55,DE,SaaS Platform,D,VIT-001,Vitalis C1000,Supplement,Vitalis,Wholesale,10,21.0,EUR,0.15,210.0,178.5
TXN-DE-2-000234,2026-08-26 03:47:05,2026-08-26 03:49:05,DE,SaaS Platform,D,VIT-001,Vitalis C1000,Supplement,Vitalis,D2C,4,21.0,EUR,0.0,84.0,84.0
TXN-DE-2-000235,2026-08-26 05:05:37,2026-08-26 05:11:37,DE,SaaS Platform,D,SAN-002,SanaPlus ColdFlu,OTC,SanaPlus,D2C,11,10.5,EUR,0.2,115.5,92.4
TXN-DE-2-000236,2026-08-26 00:37:57,2026-08-26 00:40:57,DE,SaaS Platform,D,MED-002,Medora Derm Cream,Prescription,Medora,Wholesale,3,26.0,EUR,0.05,78.0,74.1
TXN-DE-2-000237,2026-08-26 10:01:19,2026-08-26 10:03:19,DE,SaaS Platform,D,VIT-001,Vitalis C1000,Supplement,Vitalis,Pharmacy/B2B,3,21.0,EUR,0.15,63.0,53.55
TXN-DE-2-000238,2026-08-26 04:04:50,2026-08-26 04:05:50,DE,SaaS Platform,D,SAN-002,SanaPlus ColdFlu,OTC,SanaPlus,D2C,11,10.5,EUR,0.0,115.5,115.5
TXN-DE-2-000239,2026-08-26 11:17:17,2026-08-26 11:23:17,DE,SaaS Platform,D,PUR-001,PureLife GlucoMonitor,Medical Device,PureLife,D2C,1,85.0,EUR,0.0,85.0,85.0
TXN-DE-2-000240,2026-08-26 10:52:26,2026-08-26 10:56:26,DE,SaaS Platform,D,MED-002,Medora Derm Cream,Prescription,Medora,Pharmacy/B2B,11,26.0,EUR,0.15,286.0,243.1
TXN-DE-2-000241,2026-08-26 02:34:06,2026-08-26 02:38:06,DE,SaaS Platform,D,PUR-001,PureLife GlucoMonitor,Medical Device,PureLife,Pharmacy/B2B,1,85.0,EUR,0.05,85.0,80.75
TXN-DE-2-000242,2026-08-26 03:43:27,2026-08-26 03:45:27,DE,SaaS Platform,D,DER-002,Dermacare LiftCream,Aesthetic,Dermacare,Wholesale,11,37.0,EUR,0.1,407.0,366.3
TXN-DE-2-000243,2026-08-26 17:49:49,2026-08-26 17:51:49,DE,SaaS Platform,D,MED-001,Medora Cardio 10mg,Prescription,Medora,D2C,2,43.0,EUR,0.15,86.0,73.1
TXN-DE-2-000244,2026-08-26 11:03:04,2026-08-26 11:09:04,DE,SaaS Platform,D,DER-001,Dermacare GlowSerum,Aesthetic,Dermacare,Pharmacy/B2B,8,32.0,EUR,0.0,256.0,256.0
TXN-DE-2-000245,2026-08-26 17:57:53,2026-08-26 17:59:53,DE,SaaS Platform,D,MED-001,Medora Cardio 10mg,Prescription,Medora,D2C,1,43.0,EUR,0.0,43.0,43.0
TXN-DE-2-000246,2026-08-26 23:06:47,2026-08-26 23:08:47,DE,SaaS Platform,D,SAN-001,SanaPlus PainRelief,OTC,SanaPlus,Pharmacy/B2B,5,9.5,EUR,0.0,47.5,47.5
TXN-DE-2-000247,2026-08-26 00:44:47,2026-08-26 00:45:47,DE,SaaS Platform,D,VIT-001,Vitalis C1000,Supplement,Vitalis,Pharmacy/B2B,8,21.0,EUR,0.1,168.0,151.2
TXN-DE-2-000248,2026-08-26 12:28:03,2026-08-26 12:32:03,DE,SaaS Platform,D,VIT-002,Vitalis Multivit,Supplement,Vitalis,D2C,4,17.0,EUR,0.05,68.0,64.6
TXN-DE-2-000249,2026-08-26 02:31:29,2026-08-26 02:34:29,DE,SaaS Platform,D,SAN-002,SanaPlus ColdFlu,OTC,SanaPlus,D2C,1,10.5,EUR,0.0,10.5,10.5
TXN-DE-2-000250,2026-08-26 05:41:36,2026-08-26 05:46:36,DE,SaaS Platform,D,MED-001,Medora Cardio 10mg,Prescription,Medora,D2C,4,43.0,EUR,0.0,172.0,172.0
TXN-DE-2-000251,2026-08-26 05:48:21,2026-08-26 05:53:21,DE,SaaS Platform,D,DER-001,Dermacare GlowSerum,Aesthetic,Dermacare,Wholesale,7,32.0,EUR,0.05,224.0,212.8
TXN-DE-2-000252,2026-08-26 15:58:12,2026-08-26 16:01:12,DE,SaaS Platform,D,DER-001,Dermacare GlowSerum,Aesthetic,Dermacare,D2C,7,32.0,EUR,0.1,224.0,201.6
TXN-DE-2-000253,2026-08-26 18:15:44,2026-08-26 18:21:44,DE,SaaS Platform,D,VIT-002,Vitalis Multivit,Supplement,Vitalis,Wholesale,4,17.0,EUR,0.0,68.0,68.0
TXN-DE-2-000254,2026-08-26 05:29:12,2026-08-26 05:30:12,DE,SaaS Platform,D,PUR-002,PureLife BP Monitor,Medical Device,PureLife,D2C,9,90.0,EUR,0.15,810.0,688.5
TXN-DE-2-000255,2026-08-26 03:26:40,2026-08-26 03:30:40,DE,SaaS Platform,D,PUR-001,PureLife GlucoMonitor,Medical Device,PureLife,D2C,4,85.0,EUR,0.0,340.0,340.0
TXN-DE-2-000256,2026-08-26 21:12:07,2026-08-26 21:17:07,DE,SaaS Platform,D,PUR-002,PureLife BP Monitor,Medical Device,PureLife,Pharmacy/B2B,12,90.0,EUR,0.1,1080.0,972.0
TXN-DE-2-000257,2026-08-26 17:11:23,2026-08-26 17:12:23,DE,SaaS Platform,D,MED-002,Medora Derm Cream,Prescription,Medora,D2C,7,26.0,EUR,0.0,182.0,182.0
TXN-DE-2-000258,2026-08-26 18:45:23,2026-08-26 18:49:23,DE,SaaS Platform,D,MED-001,Medora Cardio 10mg,Prescription,Medora,E-commerce,8,43.0,EUR,0.15,344.0,292.4
TXN-DE-2-000259,2026-08-26 08:19:00,2026-08-26 08:24:00,DE,SaaS Platform,D,VIT-001,Vitalis C1000,Supplement,Vitalis,D2C,7,21.0,EUR,0.05,147.0,139.65
TXN-DE-2-000260,2026-08-26 19:35:38,2026-08-26 19:37:38,DE,SaaS Platform,D,MED-002,Medora Derm Cream,Prescription,Medora,D2C,12,26.0,EUR,0.2,312.0,249.6
TXN-DE-2-000261,2026-08-26 14:07:51,2026-08-26 14:10:51,DE,SaaS Platform,D,VIT-001,Vitalis C1000,Supplement,Vitalis,D2C,1,21.0,EUR,0.1,21.0,18.9
TXN-DE-2-000262,2026-08-26 18:49:57,2026-08-26 18:55:57,DE,SaaS Platform,D,VIT-001,Vitalis C1000,Supplement,Vitalis,E-commerce,3,21.0,EUR,0.2,63.0,50.4
TXN-DE-2-000263,2026-08-26 09:38:28,2026-08-26 09:44:28,DE,SaaS Platform,D,VIT-002,Vitalis Multivit,Supplement,Vitalis,Wholesale,10,17.0,EUR,0.05,170.0,161.5
TXN-DE-2-000264,2026-08-26 22:49:11,2026-08-26 22:55:11,DE,SaaS Platform,D,SAN-001,SanaPlus PainRelief,OTC,SanaPlus,Wholesale,11,9.5,EUR,0.2,104.5,83.6
TXN-DE-2-000265,2026-08-26 17:51:47,2026-08-26 17:53:47,DE,SaaS Platform,D,VIT-001,Vitalis C1000,Supplement,Vitalis,E-commerce,8,21.0,EUR,0.0,168.0,168.0
TXN-DE-2-000266,2026-08-26 09:18:36,2026-08-26 09:23:36,DE,SaaS Platform,D,VIT-001,Vitalis C1000,Supplement,Vitalis,E-commerce,11,21.0,EUR,0.0,231.0,231.0
TXN-DE-2-000267,2026-08-26 08:59:28,2026-08-26 09:01:28,DE,SaaS Platform,D,VIT-001,Vitalis C1000,Supplement,Vitalis,D2C,1,21.0,EUR,0.05,21.0,19.95
TXN-DE-2-000268,2026-08-26 02:37:06,2026-08-26 02:42:06,DE,SaaS Platform,D,DER-001,Dermacare GlowSerum,Aesthetic,Dermacare,D2C,7,32.0,EUR,0.0,224.0,224.0
TXN-DE-2-000269,2026-08-26 13:01:08,2026-08-26 13:05:08,DE,SaaS Platform,D,PUR-002,PureLife BP Monitor,Medical Device,PureLife,E-commerce,8,90.0,EUR,0.0,720.0,720.0
TXN-DE-2-000270,2026-08-26 13:30:16,2026-08-26 13:31:16,DE,SaaS Platform,D,SAN-002,SanaPlus ColdFlu,OTC,SanaPlus,Wholesale,10,10.5,EUR,0.0,105.0,105.0
TXN-DE-2-000271,2026-08-26 19:04:21,2026-08-26 19:06:21,DE,SaaS Platform,D,DER-001,Dermacare GlowSerum,Aesthetic,Dermacare,Pharmacy/B2B,7,32.0,EUR,0.15,224.0,190.4
TXN-DE-2-000272,2026-08-26 21:13:34,2026-08-26 21:14:34,DE,SaaS Platform,D,VIT-002,Vitalis Multivit,Supplement,Vitalis,D2C,4,17.0,EUR,0.15,68.0,57.8
TXN-DE-2-000273,2026-08-26 19:01:03,2026-08-26 19:07:03,DE,SaaS Platform,D,MED-002,Medora Derm Cream,Prescription,Medora,E-commerce,6,26.0,EUR,0.1,156.0,140.4
TXN-DE-2-000274,2026-08-26 01:42:46,2026-08-26 01:44:46,DE,SaaS Platform,D,SAN-002,SanaPlus ColdFlu,OTC,SanaPlus,Wholesale,3,10.5,EUR,0.0,31.5,31.5
TXN-DE-2-000275,2026-08-26 21:49:45,2026-08-26 21:53:45,DE,SaaS Platform,D,SAN-001,SanaPlus PainRelief,OTC,SanaPlus,Wholesale,7,9.5,EUR,0.0,66.5,66.5
TXN-DE-2-000276,2026-08-26 10:54:45,2026-08-26 11:00:45,DE,SaaS Platform,D,SAN-001,SanaPlus PainRelief,OTC,SanaPlus,Pharmacy/B2B,5,9.5,EUR,0.0,47.5,47.5
TXN-DE-2-000277,2026-08-26 09:41:50,2026-08-26 09:42:50,DE,SaaS Platform,D,SAN-001,SanaPlus PainRelief,OTC,SanaPlus,E-commerce,12,9.5,EUR,0.15,114.0,96.9
TXN-DE-2-000278,2026-08-26 15:09:50,2026-08-26 15:12:50,DE,SaaS Platform,D,DER-001,Dermacare GlowSerum,Aesthetic,Dermacare,E-commerce,7,32.0,EUR,0.0,224.0,224.0
TXN-DE-2-000279,2026-08-26 14:23:11,2026-08-26 14:24:11,DE,SaaS Platform,D,SAN-001,SanaPlus PainRelief,OTC,SanaPlus,Wholesale,5,9.5,EUR,0.0,47.5,47.5
TXN-DE-2-000280,2026-08-26 00:58:11,2026-08-26 01:04:11,DE,SaaS Platform,D,MED-001,Medora Cardio 10mg,Prescription,Medora,Wholesale,3,43.0,EUR,0.0,129.0,129.0
TXN-DE-2-000281,2026-08-26 16:51:31,2026-08-26 16:55:31,DE,SaaS Platform,D,DER-001,Dermacare GlowSerum,Aesthetic,Dermacare,Pharmacy/B2B,6,32.0,EUR,0.2,192.0,153.6
TXN-DE-2-000282,2026-08-26 07:56:00,2026-08-26 07:57:00,DE,SaaS Platform,D,VIT-002,Vitalis Multivit,Supplement,Vitalis,Wholesale,9,17.0,EUR,0.0,153.0,153.0
TXN-DE-2-000283,2026-08-26 16:49:42,2026-08-26 16:52:42,DE,SaaS Platform,D,DER-002,Dermacare LiftCream,Aesthetic,Dermacare,Wholesale,7,37.0,EUR,0.2,259.0,207.2
TXN-DE-2-000284,2026-08-26 21:57:51,2026-08-26 21:59:51,DE,SaaS Platform,D,DER-002,Dermacare LiftCream,Aesthetic,Dermacare,Wholesale,12,37.0,EUR,0.05,444.0,421.8
TXN-DE-2-000285,2026-08-26 06:45:05,2026-08-26 06:48:05,DE,SaaS Platform,D,VIT-001,Vitalis C1000,Supplement,Vitalis,D2C,3,21.0,EUR,0.05,63.0,59.85
TXN-DE-2-000286,2026-08-26 18:34:00,2026-08-26 18:37:00,DE,SaaS Platform,D,MED-002,Medora Derm Cream,Prescription,Medora,E-commerce,9,26.0,EUR,0.15,234.0,198.9
TXN-DE-2-000287,2026-08-26 17:53:50,2026-08-26 17:59:50,DE,SaaS Platform,D,DER-001,Dermacare GlowSerum,Aesthetic,Dermacare,Pharmacy/B2B,3,32.0,EUR,0.2,96.0,76.8
TXN-DE-2-000288,2026-08-26 18:22:27,2026-08-26 18:24:27,DE,SaaS Platform,D,DER-001,Dermacare GlowSerum,Aesthetic,Dermacare,Pharmacy/B2B,3,32.0,EUR,0.0,96.0,96.0
TXN-DE-2-000289,2026-08-26 21:14:04,2026-08-26 21:19:04,DE,SaaS Platform,D,PUR-001,PureLife GlucoMonitor,Medical Device,PureLife,Wholesale,8,85.0,EUR,0.1,680.0,612.0
TXN-DE-2-000290,2026-08-26 20:39:09,2026-08-26 20:44:09,DE,SaaS Platform,D,SAN-001,SanaPlus PainRelief,OTC,SanaPlus,Pharmacy/B2B,10,9.5,EUR,0.0,95.0,95.0
TXN-DE-2-000291,2026-08-26 01:21:13,2026-08-26 01:25:13,DE,SaaS Platform,D,PUR-001,PureLife GlucoMonitor,Medical Device,PureLife,Pharmacy/B2B,3,85.0,EUR,0.2,255.0,204.0
TXN-DE-2-000292,2026-08-26 16:40:44,2026-08-26 16:43:44,DE,SaaS Platform,D,DER-001,Dermacare GlowSerum,Aesthetic,Dermacare,Pharmacy/B2B,12,32.0,EUR,0.0,384.0,384.0
TXN-DE-2-000293,2026-08-26 10:42:54,2026-08-26 10:43:54,DE,SaaS Platform,D,PUR-001,PureLife GlucoMonitor,Medical Device,PureLife,Wholesale,8,85.0,EUR,0.2,680.0,544.0
TXN-DE-2-000294,2026-08-26 06:49:52,2026-08-26 06:51:52,DE,SaaS Platform,D,SAN-002,SanaPlus ColdFlu,OTC,SanaPlus,Wholesale,9,10.5,EUR,0.0,94.5,94.5
TXN-DE-2-000295,2026-08-26 18:57:20,2026-08-26 18:58:20,DE,SaaS Platform,D,MED-001,Medora Cardio 10mg,Prescription,Medora,Wholesale,3,43.0,EUR,0.0,129.0,129.0
TXN-DE-2-000296,2026-08-26 16:45:12,2026-08-26 16:46:12,DE,SaaS Platform,D,DER-001,Dermacare GlowSerum,Aesthetic,Dermacare,D2C,7,32.0,EUR,0.1,224.0,201.6
TXN-DE-2-000297,2026-08-26 07:04:18,2026-08-26 07:10:18,DE,SaaS Platform,D,PUR-001,PureLife GlucoMonitor,Medical Device,PureLife,Wholesale,6,85.0,EUR,0.0,510.0,510.0
TXN-DE-2-000298,2026-08-26 06:38:22,2026-08-26 06:39:22,DE,SaaS Platform,D,SAN-002,SanaPlus ColdFlu,OTC,SanaPlus,D2C,2,10.5,EUR,0.0,21.0,21.0
TXN-DE-2-000299,2026-08-26 04:41:19,2026-08-26 04:46:19,DE,SaaS Platform,D,MED-001,Medora Cardio 10mg,Prescription,Medora,Wholesale,9,43.0,EUR,0.05,387.0,367.65
TXN-DE-2-000300,2026-08-26 10:54:00,2026-08-26 10:58:00,DE,SaaS Platform,D,DER-002,Dermacare LiftCream,Aesthetic,Dermacare,Pharmacy/B2B,2,37.0,EUR,0.05,74.0,70.3
TXN-DE-2-000301,2026-08-26 21:09:47,2026-08-26 21:13:47,DE,SaaS Platform,D,VIT-001,Vitalis C1000,Supplement,Vitalis,Pharmacy/B2B,12,21.0,EUR,0.0,252.0,252.0
TXN-DE-2-000302,2026-08-26 08:42:58,2026-08-26 08:44:58,DE,SaaS Platform,D,DER-001,Dermacare GlowSerum,Aesthetic,Dermacare,E-commerce,8,32.0,EUR,0.0,256.0,256.0
TXN-DE-2-000303,2026-08-26 14:33:52,2026-08-26 14:36:52,DE,SaaS Platform,D,VIT-002,Vitalis Multivit,Supplement,Vitalis,Pharmacy/B2B,4,17.0,EUR,0.2,68.0,54.4
TXN-DE-2-000304,2026-08-26 17:11:35,2026-08-26 17:16:35,DE,SaaS Platform,D,PUR-002,PureLife BP Monitor,Medical Device,PureLife,D2C,7,90.0,EUR,0.15,630.0,535.5
TXN-DE-2-000305,2026-08-26 05:00:35,2026-08-26 05:02:35,DE,SaaS Platform,D,SAN-002,SanaPlus ColdFlu,OTC,SanaPlus,D2C,4,10.5,EUR,0.0,42.0,42.0
TXN-DE-2-000306,2026-08-26 23:39:26,2026-08-26 23:40:26,DE,SaaS Platform,D,VIT-001,Vitalis C1000,Supplement,Vitalis,Pharmacy/B2B,5,21.0,EUR,0.0,105.0,105.0
TXN-DE-2-000307,2026-08-26 19:50:27,2026-08-26 19:55:27,DE,SaaS Platform,D,DER-001,Dermacare GlowSerum,Aesthetic,Dermacare,E-commerce,12,32.0,EUR,0.1,384.0,345.6
TXN-DE-2-000308,2026-08-26 12:53:22,2026-08-26 12:58:22,DE,SaaS Platform,D,SAN-002,SanaPlus ColdFlu,OTC,SanaPlus,E-commerce,5,10.5,EUR,0.2,52.5,42.0
TXN-DE-2-000309,2026-08-26 01:44:54,2026-08-26 01:47:54,DE,SaaS Platform,D,MED-001,Medora Cardio 10mg,Prescription,Medora,Pharmacy/B2B,5,43.0,EUR,0.2,215.0,172.0
TXN-DE-2-000310,2026-08-26 11:30:20,2026-08-26 11:31:20,DE,SaaS Platform,D,MED-001,Medora Cardio 10mg,Prescription,Medora,Wholesale,11,43.0,EUR,0.05,473.0,449.35
TXN-DE-2-000311,2026-08-26 14:50:02,2026-08-26 14:51:02,DE,SaaS Platform,D,SAN-002,SanaPlus ColdFlu,OTC,SanaPlus,Pharmacy/B2B,10,10.5,EUR,0.0,105.0,105.0
TXN-DE-2-000312,2026-08-26 20:42:29,2026-08-26 20:44:29,DE,SaaS Platform,D,SAN-001,SanaPlus PainRelief,OTC,SanaPlus,E-commerce,10,9.5,EUR,0.15,95.0,80.75
TXN-DE-2-000313,2026-08-26 23:46:23,2026-08-26 23:51:23,DE,SaaS Platform,D,MED-002,Medora Derm Cream,Prescription,Medora,D2C,9,26.0,EUR,0.15,234.0,198.9
TXN-DE-2-000314,2026-08-26 18:37:07,2026-08-26 18:39:07,DE,SaaS Platform,D,VIT-001,Vitalis C1000,Supplement,Vitalis,E-commerce,6,21.0,EUR,0.2,126.0,100.8
TXN-DE-2-000315,2026-08-26 17:48:29,2026-08-26 17:49:29,DE,SaaS Platform,D,VIT-001,Vitalis C1000,Supplement,Vitalis,Pharmacy/B2B,2,21.0,EUR,0.05,42.0,39.9
TXN-DE-2-000316,2026-08-26 19:45:58,2026-08-26 19:51:58,DE,SaaS Platform,D,DER-001,Dermacare GlowSerum,Aesthetic,Dermacare,Wholesale,11,32.0,EUR,0.2,352.0,281.6
TXN-DE-2-000317,2026-08-26 01:34:39,2026-08-26 01:36:39,DE,SaaS Platform,D,PUR-001,PureLife GlucoMonitor,Medical Device,PureLife,E-commerce,9,85.0,EUR,0.2,765.0,612.0
TXN-DE-2-000318,2026-08-26 03:24:43,2026-08-26 03:27:43,DE,SaaS Platform,D,PUR-002,PureLife BP Monitor,Medical Device,PureLife,Wholesale,6,90.0,EUR,0.05,540.0,513.0
TXN-DE-2-000319,2026-08-26 23:55:29,2026-08-27 00:00:29,DE,SaaS Platform,D,MED-002,Medora Derm Cream,Prescription,Medora,Wholesale,9,26.0,EUR,0.0,234.0,234.0
TXN-DE-2-000320,2026-08-26 13:19:11,2026-08-26 13:22:11,DE,SaaS Platform,D,PUR-001,PureLife GlucoMonitor,Medical Device,PureLife,E-commerce,7,85.0,EUR,0.2,595.0,476.0
TXN-DE-2-000321,2026-08-26 03:09:26,2026-08-26 03:15:26,DE,SaaS Platform,D,MED-002,Medora Derm Cream,Prescription,Medora,D2C,4,26.0,EUR,0.1,104.0,93.6
TXN-DE-2-000322,2026-08-26 08:01:30,2026-08-26 08:03:30,DE,SaaS Platform,D,DER-001,Dermacare GlowSerum,Aesthetic,Dermacare,Wholesale,11,32.0,EUR,0.2,352.0,281.6
TXN-DE-2-000323,2026-08-26 11:07:36,2026-08-26 11:10:36,DE,SaaS Platform,D,PUR-002,PureLife BP Monitor,Medical Device,PureLife,E-commerce,5,90.0,EUR,0.05,450.0,427.5
TXN-DE-2-000324,2026-08-26 10:15:59,2026-08-26 10:17:59,DE,SaaS Platform,D,MED-001,Medora Cardio 10mg,Prescription,Medora,E-commerce,5,43.0,EUR,0.15,215.0,182.75
TXN-DE-2-000325,2026-08-26 05:09:33,2026-08-26 05:13:33,DE,SaaS Platform,D,DER-002,Dermacare LiftCream,Aesthetic,Dermacare,D2C,6,37.0,EUR,0.2,222.0,177.6
TXN-DE-2-000326,2026-08-26 14:24:29,2026-08-26 14:28:29,DE,SaaS Platform,D,MED-002,Medora Derm Cream,Prescription,Medora,Pharmacy/B2B,6,26.0,EUR,0.0,156.0,156.0
TXN-DE-2-000327,2026-08-26 14:31:31,2026-08-26 14:36:31,DE,SaaS Platform,D,MED-002,Medora Derm Cream,Prescription,Medora,Wholesale,1,26.0,EUR,0.1,26.0,23.4
TXN-DE-2-000328,2026-08-26 13:56:26,2026-08-26 13:59:26,DE,SaaS Platform,D,MED-001,Medora Cardio 10mg,Prescription,Medora,D2C,8,43.0,EUR,0.1,344.0,309.6
TXN-DE-2-000329,2026-08-26 17:57:49,2026-08-26 18:01:49,DE,SaaS Platform,D,DER-001,Dermacare GlowSerum,Aesthetic,Dermacare,Pharmacy/B2B,12,32.0,EUR,0.0,384.0,384.0
TXN-DE-2-000330,2026-08-26 17:08:55,2026-08-26 17:13:55,DE,SaaS Platform,D,VIT-001,Vitalis C1000,Supplement,Vitalis,Wholesale,2,21.0,EUR,0.2,42.0,33.6
TXN-DE-2-000331,2026-08-26 10:20:59,2026-08-26 10:26:59,DE,SaaS Platform,D,DER-002,Dermacare LiftCream,Aesthetic,Dermacare,E-commerce,1,37.0,EUR,0.05,37.0,35.15
TXN-DE-2-000332,2026-08-26 10:38:40,2026-08-26 10:43:40,DE,SaaS Platform,D,MED-001,Medora Cardio 10mg,Prescription,Medora,E-commerce,8,43.0,EUR,0.1,344.0,309.6
TXN-DE-2-000333,2026-08-26 18:07:56,2026-08-26 18:13:56,DE,SaaS Platform,D,VIT-001,Vitalis C1000,Supplement,Vitalis,Wholesale,4,21.0,EUR,0.0,84.0,84.0
TXN-DE-2-000334,2026-08-26 04:04:17,2026-08-26 04:09:17,DE,SaaS Platform,D,PUR-002,PureLife BP Monitor,Medical Device,PureLife,Wholesale,10,90.0,EUR,0.2,900.0,720.0
TXN-DE-2-000335,2026-08-26 21:17:15,2026-08-26 21:20:15,DE,SaaS Platform,D,DER-001,Dermacare GlowSerum,Aesthetic,Dermacare,D2C,3,32.0,EUR,0.0,96.0,96.0
TXN-DE-2-000336,2026-08-26 17:18:07,2026-08-26 17:21:07,DE,SaaS Platform,D,SAN-002,SanaPlus ColdFlu,OTC,SanaPlus,Wholesale,6,10.5,EUR,0.1,63.0,56.7
TXN-DE-2-000337,2026-08-26 21:11:27,2026-08-26 21:17:27,DE,SaaS Platform,D,PUR-001,PureLife GlucoMonitor,Medical Device,PureLife,D2C,4,85.0,EUR,0.2,340.0,272.0
TXN-DE-2-000338,2026-08-26 20:08:00,2026-08-26 20:12:00,DE,SaaS Platform,D,PUR-001,PureLife GlucoMonitor,Medical Device,PureLife,D2C,5,85.0,EUR,0.2,425.0,340.0
TXN-DE-2-000339,2026-08-26 08:14:26,2026-08-26 08:20:26,DE,SaaS Platform,D,PUR-001,PureLife GlucoMonitor,Medical Device,PureLife,Pharmacy/B2B,11,85.0,EUR,0.05,935.0,888.25
TXN-DE-2-000340,2026-08-26 19:01:26,2026-08-26 19:04:26,DE,SaaS Platform,D,MED-002,Medora Derm Cream,Prescription,Medora,D2C,6,26.0,EUR,0.05,156.0,148.2
TXN-DE-2-000341,2026-08-26 20:57:14,2026-08-26 21:00:14,DE,SaaS Platform,D,SAN-002,SanaPlus ColdFlu,OTC,SanaPlus,Wholesale,4,10.5,EUR,0.1,42.0,37.8
TXN-DE-2-000342,2026-08-26 02:23:21,2026-08-26 02:26:21,DE,SaaS Platform,D,DER-001,Dermacare GlowSerum,Aesthetic,Dermacare,Wholesale,10,32.0,EUR,0.1,320.0,288.0
TXN-DE-2-000343,2026-08-26 17:04:09,2026-08-26 17:10:09,DE,SaaS Platform,D,VIT-001,Vitalis C1000,Supplement,Vitalis,Pharmacy/B2B,6,21.0,EUR,0.05,126.0,119.7
TXN-DE-2-000344,2026-08-26 03:03:12,2026-08-26 03:05:12,DE,SaaS Platform,D,MED-001,Medora Cardio 10mg,Prescription,Medora,E-commerce,11,43.0,EUR,0.0,473.0,473.0
TXN-DE-2-000345,2026-08-26 05:52:00,2026-08-26 05:56:00,DE,SaaS Platform,D,DER-001,Dermacare GlowSerum,Aesthetic,Dermacare,E-commerce,10,32.0,EUR,0.0,320.0,320.0
TXN-DE-2-000346,2026-08-26 14:21:20,2026-08-26 14:27:20,DE,SaaS Platform,D,PUR-002,PureLife BP Monitor,Medical Device,PureLife,D2C,10,90.0,EUR,0.05,900.0,855.0
TXN-DE-2-000347,2026-08-26 07:30:19,2026-08-26 07:35:19,DE,SaaS Platform,D,DER-002,Dermacare LiftCream,Aesthetic,Dermacare,Wholesale,9,37.0,EUR,0.05,333.0,316.35
TXN-DE-2-000348,2026-08-26 13:57:30,2026-08-26 14:00:30,DE,SaaS Platform,D,PUR-002,PureLife BP Monitor,Medical Device,PureLife,Wholesale,5,90.0,EUR,0.2,450.0,360.0
TXN-DE-2-000349,2026-08-26 18:11:12,2026-08-26 18:12:12,DE,SaaS Platform,D,PUR-001,PureLife GlucoMonitor,Medical Device,PureLife,Pharmacy/B2B,11,85.0,EUR,0.05,935.0,888.25
TXN-DE-2-000350,2026-08-26 12:58:33,2026-08-26 13:00:33,DE,SaaS Platform,D,SAN-001,SanaPlus PainRelief,OTC,SanaPlus,Pharmacy/B2B,10,9.5,EUR,0.05,95.0,90.25
TXN-DE-2-000351,2026-08-26 03:55:18,2026-08-26 04:01:18,DE,SaaS Platform,D,PUR-002,PureLife BP Monitor,Medical Device,PureLife,Wholesale,11,90.0,EUR,0.2,990.0,792.0
TXN-DE-2-000352,2026-08-26 12:31:56,2026-08-26 12:32:56,DE,SaaS Platform,D,MED-002,Medora Derm Cream,Prescription,Medora,Wholesale,6,26.0,EUR,0.05,156.0,148.2
TXN-DE-2-000353,2026-08-26 07:56:33,2026-08-26 07:59:33,DE,SaaS Platform,D,SAN-001,SanaPlus PainRelief,OTC,SanaPlus,Pharmacy/B2B,7,9.5,EUR,0.0,66.5,66.5
TXN-DE-2-000354,2026-08-26 05:32:50,2026-08-26 05:33:50,DE,SaaS Platform,D,MED-001,Medora Cardio 10mg,Prescription,Medora,Pharmacy/B2B,7,43.0,EUR,0.2,301.0,240.8
TXN-DE-2-000355,2026-08-26 06:38:53,2026-08-26 06:42:53,DE,SaaS Platform,D,PUR-002,PureLife BP Monitor,Medical Device,PureLife,Wholesale,10,90.0,EUR,0.05,900.0,855.0
TXN-DE-2-000356,2026-08-26 17:29:28,2026-08-26 17:31:28,DE,SaaS Platform,D,DER-002,Dermacare LiftCream,Aesthetic,Dermacare,E-commerce,4,37.0,EUR,0.0,148.0,148.0
TXN-DE-2-000357,2026-08-26 06:28:16,2026-08-26 06:32:16,DE,SaaS Platform,D,VIT-002,Vitalis Multivit,Supplement,Vitalis,Wholesale,4,17.0,EUR,0.0,68.0,68.0
TXN-DE-2-000358,2026-08-26 20:33:08,2026-08-26 20:37:08,DE,SaaS Platform,D,PUR-001,PureLife GlucoMonitor,Medical Device,PureLife,E-commerce,5,85.0,EUR,0.0,425.0,425.0
TXN-DE-2-000359,2026-08-26 15:18:24,2026-08-26 15:23:24,DE,SaaS Platform,D,PUR-001,PureLife GlucoMonitor,Medical Device,PureLife,Pharmacy/B2B,3,85.0,EUR,0.0,255.0,255.0
TXN-DE-2-000360,2026-08-26 01:37:36,2026-08-26 01:41:36,DE,SaaS Platform,D,DER-002,Dermacare LiftCream,Aesthetic,Dermacare,Wholesale,3,37.0,EUR,0.05,111.0,105.45
TXN-DE-2-000361,2026-08-26 16:41:58,2026-08-26 16:42:58,DE,SaaS Platform,D,SAN-002,SanaPlus ColdFlu,OTC,SanaPlus,Wholesale,10,10.5,EUR,0.0,105.0,105.0
TXN-DE-2-000362,2026-08-26 23:14:33,2026-08-26 23:17:33,DE,SaaS Platform,D,DER-002,Dermacare LiftCream,Aesthetic,Dermacare,Pharmacy/B2B,2,37.0,EUR,0.0,74.0,74.0
TXN-DE-2-000363,2026-08-26 22:31:28,2026-08-26 22:36:28,DE,SaaS Platform,D,VIT-002,Vitalis Multivit,Supplement,Vitalis,D2C,11,17.0,EUR,0.0,187.0,187.0
TXN-DE-2-000364,2026-08-26 10:39:21,2026-08-26 10:40:21,DE,SaaS Platform,D,DER-001,Dermacare GlowSerum,Aesthetic,Dermacare,D2C,7,32.0,EUR,0.0,224.0,224.0
TXN-DE-2-000365,2026-08-26 17:44:53,2026-08-26 17:50:53,DE,SaaS Platform,D,MED-002,Medora Derm Cream,Prescription,Medora,D2C,1,26.0,EUR,0.0,26.0,26.0
TXN-DE-2-000366,2026-08-26 15:42:40,2026-08-26 15:48:40,DE,SaaS Platform,D,DER-001,Dermacare GlowSerum,Aesthetic,Dermacare,D2C,3,32.0,EUR,0.1,96.0,86.4
TXN-DE-2-000367,2026-08-26 12:04:27,2026-08-26 12:06:27,DE,SaaS Platform,D,MED-001,Medora Cardio 10mg,Prescription,Medora,Pharmacy/B2B,5,43.0,EUR,0.0,215.0,215.0
TXN-DE-2-000368,2026-08-26 13:38:05,2026-08-26 13:42:05,DE,SaaS Platform,D,PUR-001,PureLife GlucoMonitor,Medical Device,PureLife,Wholesale,9,85.0,EUR,0.2,765.0,612.0
TXN-DE-2-000369,2026-08-26 12:13:05,2026-08-26 12:18:05,DE,SaaS Platform,D,VIT-001,Vitalis C1000,Supplement,Vitalis,E-commerce,3,21.0,EUR,0.2,63.0,50.4
TXN-DE-2-000370,2026-08-26 04:35:14,2026-08-26 04:41:14,DE,SaaS Platform,D,MED-001,Medora Cardio 10mg,Prescription,Medora,Pharmacy/B2B,7,43.0,EUR,0.2,301.0,240.8
TXN-DE-2-000371,2026-08-26 12:36:51,2026-08-26 12:42:51,DE,SaaS Platform,D,PUR-002,PureLife BP Monitor,Medical Device,PureLife,Wholesale,11,90.0,EUR,0.05,990.0,940.5
TXN-DE-2-000372,2026-08-26 11:08:00,2026-08-26 11:14:00,DE,SaaS Platform,D,MED-002,Medora Derm Cream,Prescription,Medora,D2C,5,26.0,EUR,0.0,130.0,130.0
TXN-DE-2-000373,2026-08-26 23:14:54,2026-08-26 23:15:54,DE,SaaS Platform,D,MED-002,Medora Derm Cream,Prescription,Medora,Pharmacy/B2B,4,26.0,EUR,0.0,104.0,104.0
TXN-DE-2-000374,2026-08-26 05:14:24,2026-08-26 05:15:24,DE,SaaS Platform,D,DER-001,Dermacare GlowSerum,Aesthetic,Dermacare,Wholesale,3,32.0,EUR,0.0,96.0,96.0
TXN-DE-2-000375,2026-08-26 18:11:20,2026-08-26 18:12:20,DE,SaaS Platform,D,SAN-001,SanaPlus PainRelief,OTC,SanaPlus,Wholesale,7,9.5,EUR,0.1,66.5,59.85
TXN-DE-2-000376,2026-08-26 17:12:25,2026-08-26 17:18:25,DE,SaaS Platform,D,MED-001,Medora Cardio 10mg,Prescription,Medora,Pharmacy/B2B,8,43.0,EUR,0.1,344.0,309.6
TXN-DE-2-000377,2026-08-26 14:07:08,2026-08-26 14:09:08,DE,SaaS Platform,D,MED-002,Medora Derm Cream,Prescription,Medora,Pharmacy/B2B,7,26.0,EUR,0.05,182.0,172.9
TXN-DE-2-000378,2026-08-26 03:57:26,2026-08-26 03:59:26,DE,SaaS Platform,D,VIT-002,Vitalis Multivit,Supplement,Vitalis,Pharmacy/B2B,5,17.0,EUR,0.05,85.0,80.75
TXN-DE-2-000379,2026-08-26 12:29:13,2026-08-26 12:34:13,DE,SaaS Platform,D,VIT-002,Vitalis Multivit,Supplement,Vitalis,Wholesale,6,17.0,EUR,0.1,102.0,91.8
TXN-DE-2-000380,2026-08-26 22:10:50,2026-08-26 22:15:50,DE,SaaS Platform,D,MED-001,Medora Cardio 10mg,Prescription,Medora,Pharmacy/B2B,7,43.0,EUR,0.15,301.0,255.85
TXN-DE-2-000381,2026-08-26 15:06:51,2026-08-26 15:09:51,DE,SaaS Platform,D,PUR-001,PureLife GlucoMonitor,Medical Device,PureLife,Pharmacy/B2B,4,85.0,EUR,0.05,340.0,323.0
TXN-DE-2-000382,2026-08-26 14:50:39,2026-08-26 14:56:39,DE,SaaS Platform,D,VIT-001,Vitalis C1000,Supplement,Vitalis,E-commerce,3,21.0,EUR,0.2,63.0,50.4
TXN-DE-2-000383,2026-08-26 01:24:09,2026-08-26 01:29:09,DE,SaaS Platform,D,DER-001,Dermacare GlowSerum,Aesthetic,Dermacare,Pharmacy/B2B,11,32.0,EUR,0.0,352.0,352.0
TXN-DE-2-000384,2026-08-26 05:04:28,2026-08-26 05:05:28,DE,SaaS Platform,D,VIT-002,Vitalis Multivit,Supplement,Vitalis,Pharmacy/B2B,12,17.0,EUR,0.15,204.0,173.4
TXN-DE-2-000385,2026-08-26 13:14:05,2026-08-26 13:15:05,DE,SaaS Platform,D,PUR-002,PureLife BP Monitor,Medical Device,PureLife,Wholesale,4,90.0,EUR,0.1,360.0,324.0
TXN-DE-2-000386,2026-08-26 20:53:05,2026-08-26 20:56:05,DE,SaaS Platform,D,DER-002,Dermacare LiftCream,Aesthetic,Dermacare,E-commerce,5,37.0,EUR,0.1,185.0,166.5
TXN-DE-2-000387,2026-08-26 19:55:06,2026-08-26 19:56:06,DE,SaaS Platform,D,SAN-001,SanaPlus PainRelief,OTC,SanaPlus,Wholesale,1,9.5,EUR,0.2,9.5,7.6
TXN-DE-2-000388,2026-08-26 20:20:06,2026-08-26 20:22:06,DE,SaaS Platform,D,SAN-001,SanaPlus PainRelief,OTC,SanaPlus,Wholesale,5,9.5,EUR,0.0,47.5,47.5
TXN-DE-2-000389,2026-08-26 17:03:16,2026-08-26 17:08:16,DE,SaaS Platform,D,SAN-001,SanaPlus PainRelief,OTC,SanaPlus,E-commerce,5,9.5,EUR,0.0,47.5,47.5
TXN-DE-2-000390,2026-08-26 10:22:51,2026-08-26 10:23:51,DE,SaaS Platform,D,DER-002,Dermacare LiftCream,Aesthetic,Dermacare,D2C,7,37.0,EUR,0.05,259.0,246.05
TXN-DE-2-000391,2026-08-26 14:02:09,2026-08-26 14:03:09,DE,SaaS Platform,D,PUR-002,PureLife BP Monitor,Medical Device,PureLife,Wholesale,3,90.0,EUR,0.0,270.0,270.0
TXN-DE-2-000392,2026-08-26 08:06:05,2026-08-26 08:08:05,DE,SaaS Platform,D,VIT-002,Vitalis Multivit,Supplement,Vitalis,E-commerce,10,17.0,EUR,0.0,170.0,170.0
TXN-DE-2-000393,2026-08-26 00:21:36,2026-08-26 00:22:36,DE,SaaS Platform,D,PUR-002,PureLife BP Monitor,Medical Device,PureLife,Wholesale,7,90.0,EUR,0.0,630.0,630.0
TXN-DE-2-000394,2026-08-26 01:27:04,2026-08-26 01:29:04,DE,SaaS Platform,D,VIT-001,Vitalis C1000,Supplement,Vitalis,Pharmacy/B2B,7,21.0,EUR,0.0,147.0,147.0
TXN-DE-2-000395,2026-08-26 18:17:15,2026-08-26 18:23:15,DE,SaaS Platform,D,MED-001,Medora Cardio 10mg,Prescription,Medora,Wholesale,3,43.0,EUR,0.05,129.0,122.55
TXN-DE-2-000396,2026-08-26 17:19:47,2026-08-26 17:25:47,DE,SaaS Platform,D,MED-001,Medora Cardio 10mg,Prescription,Medora,D2C,11,43.0,EUR,0.0,473.0,473.0
TXN-DE-2-000397,2026-08-26 04:10:06,2026-08-26 04:15:06,DE,SaaS Platform,D,VIT-002,Vitalis Multivit,Supplement,Vitalis,E-commerce,11,17.0,EUR,0.0,187.0,187.0
TXN-DE-2-000398,2026-08-26 21:56:37,2026-08-26 21:57:37,DE,SaaS Platform,D,SAN-001,SanaPlus PainRelief,OTC,SanaPlus,D2C,11,9.5,EUR,0.1,104.5,94.05
TXN-DE-2-000399,2026-08-26 03:11:10,2026-08-26 03:15:10,DE,SaaS Platform,D,DER-002,Dermacare LiftCream,Aesthetic,Dermacare,E-commerce,10,37.0,EUR,0.2,370.0,296.0
TXN-DE-2-000400,2026-08-26 03:00:07,2026-08-26 03:05:07,DE,SaaS Platform,D,VIT-002,Vitalis Multivit,Supplement,Vitalis,Pharmacy/B2B,5,17.0,EUR,0.0,85.0,85.0
TXN-DE-2-000401,2026-08-26 01:12:19,2026-08-26 01:13:19,DE,SaaS Platform,D,PUR-001,PureLife GlucoMonitor,Medical Device,PureLife,D2C,10,85.0,EUR,0.0,850.0,850.0
TXN-DE-2-000402,2026-08-26 12:44:09,2026-08-26 12:46:09,DE,SaaS Platform,D,DER-002,Dermacare LiftCream,Aesthetic,Dermacare,E-commerce,2,37.0,EUR,0.0,74.0,74.0
TXN-DE-2-000403,2026-08-26 20:01:11,2026-08-26 20:05:11,DE,SaaS Platform,D,DER-001,Dermacare GlowSerum,Aesthetic,Dermacare,D2C,7,32.0,EUR,0.05,224.0,212.8
TXN-DE-2-000404,2026-08-26 06:45:38,2026-08-26 06:47:38,DE,SaaS Platform,D,SAN-001,SanaPlus PainRelief,OTC,SanaPlus,Pharmacy/B2B,3,9.5,EUR,0.1,28.5,25.65
TXN-DE-2-000405,2026-08-26 14:11:02,2026-08-26 14:14:02,DE,SaaS Platform,D,MED-001,Medora Cardio 10mg,Prescription,Medora,E-commerce,9,43.0,EUR,0.0,387.0,387.0
TXN-DE-2-000406,2026-08-26 04:32:45,2026-08-26 04:33:45,DE,SaaS Platform,D,MED-002,Medora Derm Cream,Prescription,Medora,D2C,10,26.0,EUR,0.1,260.0,234.0
TXN-DE-2-000407,2026-08-26 22:52:46,2026-08-26 22:58:46,DE,SaaS Platform,D,VIT-001,Vitalis C1000,Supplement,Vitalis,E-commerce,3,21.0,EUR,0.0,63.0,63.0
TXN-DE-2-000408,2026-08-26 21:18:39,2026-08-26 21:20:39,DE,SaaS Platform,D,SAN-001,SanaPlus PainRelief,OTC,SanaPlus,D2C,5,9.5,EUR,0.0,47.5,47.5
TXN-DE-2-000409,2026-08-26 14:33:44,2026-08-26 14:37:44,DE,SaaS Platform,D,MED-002,Medora Derm Cream,Prescription,Medora,D2C,10,26.0,EUR,0.15,260.0,221.0
TXN-DE-2-000410,2026-08-26 06:26:10,2026-08-26 06:32:10,DE,SaaS Platform,D,VIT-001,Vitalis C1000,Supplement,Vitalis,E-commerce,1,21.0,EUR,0.1,21.0,18.9
TXN-DE-2-000411,2026-08-26 17:51:55,2026-08-26 17:55:55,DE,SaaS Platform,D,SAN-001,SanaPlus PainRelief,OTC,SanaPlus,Wholesale,2,9.5,EUR,0.1,19.0,17.1
TXN-DE-2-000412,2026-08-26 06:50:57,2026-08-26 06:56:57,DE,SaaS Platform,D,PUR-001,PureLife GlucoMonitor,Medical Device,PureLife,E-commerce,6,85.0,EUR,0.2,510.0,408.0
TXN-DE-2-000413,2026-08-26 12:17:11,2026-08-26 12:23:11,DE,SaaS Platform,D,PUR-002,PureLife BP Monitor,Medical Device,PureLife,Pharmacy/B2B,5,90.0,EUR,0.0,450.0,450.0
TXN-DE-2-000414,2026-08-26 06:25:37,2026-08-26 06:26:37,DE,SaaS Platform,D,MED-002,Medora Derm Cream,Prescription,Medora,Wholesale,3,26.0,EUR,0.0,78.0,78.0
TXN-DE-2-000415,2026-08-26 12:44:41,2026-08-26 12:48:41,DE,SaaS Platform,D,MED-001,Medora Cardio 10mg,Prescription,Medora,D2C,2,43.0,EUR,0.1,86.0,77.4
TXN-DE-2-000416,2026-08-26 06:22:01,2026-08-26 06:23:01,DE,SaaS Platform,D,PUR-001,PureLife GlucoMonitor,Medical Device,PureLife,Pharmacy/B2B,9,85.0,EUR,0.05,765.0,726.75
TXN-DE-2-000417,2026-08-26 04:08:44,2026-08-26 04:12:44,DE,SaaS Platform,D,PUR-001,PureLife GlucoMonitor,Medical Device,PureLife,Pharmacy/B2B,9,85.0,EUR,0.05,765.0,726.75
TXN-DE-2-000418,2026-08-26 04:02:26,2026-08-26 04:04:26,DE,SaaS Platform,D,SAN-002,SanaPlus ColdFlu,OTC,SanaPlus,E-commerce,9,10.5,EUR,0.15,94.5,80.33
TXN-DE-2-000419,2026-08-26 11:10:29,2026-08-26 11:14:29,DE,SaaS Platform,D,VIT-002,Vitalis Multivit,Supplement,Vitalis,E-commerce,5,17.0,EUR,0.0,85.0,85.0
TXN-DE-2-000420,2026-08-26 02:09:59,2026-08-26 02:15:59,DE,SaaS Platform,D,SAN-002,SanaPlus ColdFlu,OTC,SanaPlus,Wholesale,1,10.5,EUR,0.15,10.5,8.92
TXN-DE-2-000421,2026-08-26 08:07:45,2026-08-26 08:11:45,DE,SaaS Platform,D,SAN-002,SanaPlus ColdFlu,OTC,SanaPlus,D2C,10,10.5,EUR,0.0,105.0,105.0
TXN-DE-2-000422,2026-08-26 11:30:09,2026-08-26 11:34:09,DE,SaaS Platform,D,MED-001,Medora Cardio 10mg,Prescription,Medora,Wholesale,12,43.0,EUR,0.0,516.0,516.0
TXN-DE-2-000423,2026-08-26 17:27:26,2026-08-26 17:33:26,DE,SaaS Platform,D,PUR-002,PureLife BP Monitor,Medical Device,PureLife,E-commerce,10,90.0,EUR,0.0,900.0,900.0
TXN-DE-2-000424,2026-08-26 09:31:52,2026-08-26 09:37:52,DE,SaaS Platform,D,DER-001,Dermacare GlowSerum,Aesthetic,Dermacare,Pharmacy/B2B,2,32.0,EUR,0.15,64.0,54.4
TXN-DE-2-000425,2026-08-26 15:55:46,2026-08-26 15:57:46,DE,SaaS Platform,D,MED-002,Medora Derm Cream,Prescription,Medora,E-commerce,8,26.0,EUR,0.0,208.0,208.0
TXN-DE-2-000426,2026-08-26 06:35:33,2026-08-26 06:41:33,DE,SaaS Platform,D,DER-001,Dermacare GlowSerum,Aesthetic,Dermacare,Pharmacy/B2B,7,32.0,EUR,0.05,224.0,212.8
TXN-DE-2-000427,2026-08-26 03:21:44,2026-08-26 03:25:44,DE,SaaS Platform,D,DER-002,Dermacare LiftCream,Aesthetic,Dermacare,E-commerce,8,37.0,EUR,0.0,296.0,296.0
TXN-DE-2-000428,2026-08-26 05:30:01,2026-08-26 05:32:01,DE,SaaS Platform,D,SAN-001,SanaPlus PainRelief,OTC,SanaPlus,Pharmacy/B2B,1,9.5,EUR,0.2,9.5,7.6
TXN-DE-2-000429,2026-08-26 06:01:49,2026-08-26 06:05:49,DE,SaaS Platform,D,VIT-001,Vitalis C1000,Supplement,Vitalis,Pharmacy/B2B,1,21.0,EUR,0.1,21.0,18.9
TXN-DE-2-000430,2026-08-26 07:31:03,2026-08-26 07:32:03,DE,SaaS Platform,D,PUR-001,PureLife GlucoMonitor,Medical Device,PureLife,E-commerce,3,85.0,EUR,0.0,255.0,255.0
TXN-DE-2-000431,2026-08-26 21:04:11,2026-08-26 21:05:11,DE,SaaS Platform,D,SAN-001,SanaPlus PainRelief,OTC,SanaPlus,E-commerce,11,9.5,EUR,0.0,104.5,104.5
TXN-DE-2-000432,2026-08-26 21:00:51,2026-08-26 21:02:51,DE,SaaS Platform,D,PUR-001,PureLife GlucoMonitor,Medical Device,PureLife,D2C,2,85.0,EUR,0.2,170.0,136.0
TXN-DE-2-000433,2026-08-26 11:59:51,2026-08-26 12:01:51,DE,SaaS Platform,D,MED-002,Medora Derm Cream,Prescription,Medora,Pharmacy/B2B,12,26.0,EUR,0.1,312.0,280.8
TXN-DE-2-000434,2026-08-26 21:37:49,2026-08-26 21:39:49,DE,SaaS Platform,D,VIT-002,Vitalis Multivit,Supplement,Vitalis,Pharmacy/B2B,8,17.0,EUR,0.2,136.0,108.8
TXN-DE-2-000435,2026-08-26 08:25:05,2026-08-26 08:26:05,DE,SaaS Platform,D,VIT-002,Vitalis Multivit,Supplement,Vitalis,Wholesale,3,17.0,EUR,0.1,51.0,45.9
TXN-DE-2-000436,2026-08-26 19:41:45,2026-08-26 19:46:45,DE,SaaS Platform,D,DER-002,Dermacare LiftCream,Aesthetic,Dermacare,E-commerce,9,37.0,EUR,0.05,333.0,316.35
TXN-DE-2-000437,2026-08-26 16:47:45,2026-08-26 16:48:45,DE,SaaS Platform,D,VIT-002,Vitalis Multivit,Supplement,Vitalis,Pharmacy/B2B,5,17.0,EUR,0.0,85.0,85.0
TXN-DE-2-000438,2026-08-26 08:27:42,2026-08-26 08:32:42,DE,SaaS Platform,D,DER-002,Dermacare LiftCream,Aesthetic,Dermacare,Wholesale,9,37.0,EUR,0.0,333.0,333.0
TXN-DE-2-000439,2026-08-26 21:23:25,2026-08-26 21:24:25,DE,SaaS Platform,D,MED-001,Medora Cardio 10mg,Prescription,Medora,Wholesale,11,43.0,EUR,0.15,473.0,402.05
TXN-DE-2-000440,2026-08-26 16:42:28,2026-08-26 16:47:28,DE,SaaS Platform,D,DER-001,Dermacare GlowSerum,Aesthetic,Dermacare,D2C,3,32.0,EUR,0.15,96.0,81.6
TXN-DE-2-000441,2026-08-26 16:46:08,2026-08-26 16:50:08,DE,SaaS Platform,D,MED-001,Medora Cardio 10mg,Prescription,Medora,Wholesale,9,43.0,EUR,0.2,387.0,309.6
TXN-DE-2-000442,2026-08-26 13:24:27,2026-08-26 13:26:27,DE,SaaS Platform,D,SAN-002,SanaPlus ColdFlu,OTC,SanaPlus,E-commerce,10,10.5,EUR,0.1,105.0,94.5
TXN-DE-2-000443,2026-08-26 02:23:23,2026-08-26 02:25:23,DE,SaaS Platform,D,PUR-001,PureLife GlucoMonitor,Medical Device,PureLife,D2C,5,85.0,EUR,0.0,425.0,425.0
TXN-DE-2-000444,2026-08-26 08:13:14,2026-08-26 08:14:14,DE,SaaS Platform,D,DER-002,Dermacare LiftCream,Aesthetic,Dermacare,D2C,5,37.0,EUR,0.1,185.0,166.5
TXN-DE-2-000445,2026-08-26 23:27:07,2026-08-26 23:30:07,DE,SaaS Platform,D,MED-002,Medora Derm Cream,Prescription,Medora,D2C,5,26.0,EUR,0.0,130.0,130.0
TXN-DE-2-000446,2026-08-26 06:12:20,2026-08-26 06:18:20,DE,SaaS Platform,D,VIT-002,Vitalis Multivit,Supplement,Vitalis,E-commerce,5,17.0,EUR,0.0,85.0,85.0
TXN-DE-2-000447,2026-08-26 01:30:32,2026-08-26 01:32:32,DE,SaaS Platform,D,SAN-002,SanaPlus ColdFlu,OTC,SanaPlus,D2C,6,10.5,EUR,0.0,63.0,63.0
TXN-DE-2-000448,2026-08-26 00:20:18,2026-08-26 00:25:18,DE,SaaS Platform,D,PUR-001,PureLife GlucoMonitor,Medical Device,PureLife,E-commerce,11,85.0,EUR,0.2,935.0,748.0
TXN-DE-2-000449,2026-08-26 03:45:56,2026-08-26 03:49:56,DE,SaaS Platform,D,MED-002,Medora Derm Cream,Prescription,Medora,Pharmacy/B2B,9,26.0,EUR,0.15,234.0,198.9
TXN-DE-2-000450,2026-08-26 16:29:51,2026-08-26 16:32:51,DE,SaaS Platform,D,PUR-001,PureLife GlucoMonitor,Medical Device,PureLife,D2C,4,85.0,EUR,0.0,340.0,340.0
TXN-DE-2-000451,2026-08-26 12:21:45,2026-08-26 12:26:45,DE,SaaS Platform,D,PUR-002,PureLife BP Monitor,Medical Device,PureLife,Wholesale,5,90.0,EUR,0.15,450.0,382.5
TXN-DE-2-000452,2026-08-26 14:27:01,2026-08-26 14:33:01,DE,SaaS Platform,D,MED-001,Medora Cardio 10mg,Prescription,Medora,Wholesale,11,43.0,EUR,0.0,473.0,473.0
TXN-DE-2-000453,2026-08-26 12:19:55,2026-08-26 12:22:55,DE,SaaS Platform,D,DER-002,Dermacare LiftCream,Aesthetic,Dermacare,Wholesale,8,37.0,EUR,0.0,296.0,296.0
TXN-DE-2-000454,2026-08-26 08:35:56,2026-08-26 08:40:56,DE,SaaS Platform,D,PUR-001,PureLife GlucoMonitor,Medical Device,PureLife,Pharmacy/B2B,12,85.0,EUR,0.05,1020.0,969.0
TXN-DE-2-000455,2026-08-26 15:49:59,2026-08-26 15:54:59,DE,SaaS Platform,D,VIT-002,Vitalis Multivit,Supplement,Vitalis,D2C,4,17.0,EUR,0.0,68.0,68.0
TXN-DE-2-000456,2026-08-26 10:01:33,2026-08-26 10:05:33,DE,SaaS Platform,D,PUR-001,PureLife GlucoMonitor,Medical Device,PureLife,Pharmacy/B2B,12,85.0,EUR,0.0,1020.0,1020.0
TXN-DE-2-000457,2026-08-26 00:25:14,2026-08-26 00:31:14,DE,SaaS Platform,D,MED-002,Medora Derm Cream,Prescription,Medora,Wholesale,3,26.0,EUR,0.0,78.0,78.0
TXN-DE-2-000458,2026-08-26 22:07:14,2026-08-26 22:12:14,DE,SaaS Platform,D,PUR-002,PureLife BP Monitor,Medical Device,PureLife,Wholesale,5,90.0,EUR,0.2,450.0,360.0
TXN-DE-2-000459,2026-08-26 10:22:30,2026-08-26 10:26:30,DE,SaaS Platform,D,PUR-002,PureLife BP Monitor,Medical Device,PureLife,E-commerce,2,90.0,EUR,0.05,180.0,171.0
TXN-DE-2-000460,2026-08-26 20:22:53,2026-08-26 20:28:53,DE,SaaS Platform,D,MED-002,Medora Derm Cream,Prescription,Medora,D2C,11,26.0,EUR,0.15,286.0,243.1
TXN-DE-2-000461,2026-08-26 02:40:04,2026-08-26 02:44:04,DE,SaaS Platform,D,SAN-001,SanaPlus PainRelief,OTC,SanaPlus,Pharmacy/B2B,12,9.5,EUR,0.1,114.0,102.6
TXN-DE-2-000462,2026-08-26 00:41:16,2026-08-26 00:45:16,DE,SaaS Platform,D,MED-001,Medora Cardio 10mg,Prescription,Medora,D2C,5,43.0,EUR,0.0,215.0,215.0
TXN-DE-2-000463,2026-08-26 04:13:23,2026-08-26 04:18:23,DE,SaaS Platform,D,DER-001,Dermacare GlowSerum,Aesthetic,Dermacare,D2C,10,32.0,EUR,0.2,320.0,256.0
TXN-DE-2-000464,2026-08-26 06:34:58,2026-08-26 06:36:58,DE,SaaS Platform,D,MED-001,Medora Cardio 10mg,Prescription,Medora,Wholesale,12,43.0,EUR,0.05,516.0,490.2
TXN-DE-2-000465,2026-08-26 02:22:26,2026-08-26 02:27:26,DE,SaaS Platform,D,MED-001,Medora Cardio 10mg,Prescription,Medora,Pharmacy/B2B,8,43.0,EUR,0.15,344.0,292.4
TXN-DE-2-000466,2026-08-26 09:53:28,2026-08-26 09:58:28,DE,SaaS Platform,D,SAN-001,SanaPlus PainRelief,OTC,SanaPlus,E-commerce,6,9.5,EUR,0.0,57.0,57.0
TXN-DE-2-000467,2026-08-26 09:47:05,2026-08-26 09:51:05,DE,SaaS Platform,D,DER-002,Dermacare LiftCream,Aesthetic,Dermacare,Pharmacy/B2B,10,37.0,EUR,0.0,370.0,370.0
TXN-DE-2-000468,2026-08-26 02:16:07,2026-08-26 02:20:07,DE,SaaS Platform,D,SAN-001,SanaPlus PainRelief,OTC,SanaPlus,Wholesale,4,9.5,EUR,0.15,38.0,32.3
TXN-DE-2-000469,2026-08-26 21:07:06,2026-08-26 21:08:06,DE,SaaS Platform,D,PUR-001,PureLife GlucoMonitor,Medical Device,PureLife,Wholesale,6,85.0,EUR,0.0,510.0,510.0
TXN-DE-2-000470,2026-08-26 12:23:08,2026-08-26 12:28:08,DE,SaaS Platform,D,PUR-002,PureLife BP Monitor,Medical Device,PureLife,E-commerce,3,90.0,EUR,0.15,270.0,229.5
TXN-DE-2-000471,2026-08-26 09:56:53,2026-08-26 09:58:53,DE,SaaS Platform,D,SAN-002,SanaPlus ColdFlu,OTC,SanaPlus,D2C,2,10.5,EUR,0.0,21.0,21.0
TXN-DE-2-000472,2026-08-26 06:56:44,2026-08-26 06:58:44,DE,SaaS Platform,D,MED-002,Medora Derm Cream,Prescription,Medora,Wholesale,12,26.0,EUR,0.1,312.0,280.8
TXN-DE-2-000473,2026-08-26 13:34:12,2026-08-26 13:37:12,DE,SaaS Platform,D,VIT-002,Vitalis Multivit,Supplement,Vitalis,E-commerce,4,17.0,EUR,0.0,68.0,68.0
TXN-DE-2-000474,2026-08-26 10:02:37,2026-08-26 10:06:37,DE,SaaS Platform,D,PUR-002,PureLife BP Monitor,Medical Device,PureLife,E-commerce,6,90.0,EUR,0.0,540.0,540.0
TXN-DE-2-000475,2026-08-26 04:29:21,2026-08-26 04:33:21,DE,SaaS Platform,D,PUR-002,PureLife BP Monitor,Medical Device,PureLife,Wholesale,9,90.0,EUR,0.1,810.0,729.0
TXN-DE-2-000476,2026-08-26 07:06:16,2026-08-26 07:12:16,DE,SaaS Platform,D,DER-002,Dermacare LiftCream,Aesthetic,Dermacare,Wholesale,8,37.0,EUR,0.2,296.0,236.8
TXN-DE-2-000477,2026-08-26 05:44:52,2026-08-26 05:45:52,DE,SaaS Platform,D,SAN-001,SanaPlus PainRelief,OTC,SanaPlus,E-commerce,10,9.5,EUR,0.05,95.0,90.25
TXN-DE-2-000478,2026-08-26 04:23:45,2026-08-26 04:28:45,DE,SaaS Platform,D,PUR-001,PureLife GlucoMonitor,Medical Device,PureLife,D2C,3,85.0,EUR,0.05,255.0,242.25
TXN-DE-2-000479,2026-08-26 04:02:47,2026-08-26 04:08:47,DE,SaaS Platform,D,DER-001,Dermacare GlowSerum,Aesthetic,Dermacare,Wholesale,6,32.0,EUR,0.05,192.0,182.4
TXN-DE-2-000480,2026-08-26 10:15:43,2026-08-26 10:18:43,DE,SaaS Platform,D,SAN-002,SanaPlus ColdFlu,OTC,SanaPlus,E-commerce,10,10.5,EUR,0.2,105.0,84.0
TXN-DE-2-000481,2026-08-26 05:54:36,2026-08-26 05:59:36,DE,SaaS Platform,D,SAN-001,SanaPlus PainRelief,OTC,SanaPlus,Pharmacy/B2B,4,9.5,EUR,0.0,38.0,38.0
TXN-DE-2-000482,2026-08-26 17:43:44,2026-08-26 17:47:44,DE,SaaS Platform,D,PUR-002,PureLife BP Monitor,Medical Device,PureLife,Wholesale,5,90.0,EUR,0.15,450.0,382.5
TXN-DE-2-000483,2026-08-26 13:30:23,2026-08-26 13:36:23,DE,SaaS Platform,D,SAN-001,SanaPlus PainRelief,OTC,SanaPlus,D2C,1,9.5,EUR,0.05,9.5,9.03
TXN-DE-2-000484,2026-08-26 14:18:38,2026-08-26 14:23:38,DE,SaaS Platform,D,PUR-002,PureLife BP Monitor,Medical Device,PureLife,D2C,3,90.0,EUR,0.0,270.0,270.0
TXN-DE-2-000485,2026-08-26 07:53:32,2026-08-26 07:55:32,DE,SaaS Platform,D,PUR-001,PureLife GlucoMonitor,Medical Device,PureLife,E-commerce,7,85.0,EUR,0.1,595.0,535.5
TXN-DE-2-000486,2026-08-26 08:27:16,2026-08-26 08:28:16,DE,SaaS Platform,D,PUR-001,PureLife GlucoMonitor,Medical Device,PureLife,Pharmacy/B2B,2,85.0,EUR,0.0,170.0,170.0
TXN-DE-2-000487,2026-08-26 23:34:48,2026-08-26 23:40:48,DE,SaaS Platform,D,PUR-001,PureLife GlucoMonitor,Medical Device,PureLife,Wholesale,3,85.0,EUR,0.0,255.0,255.0
TXN-DE-2-000488,2026-08-26 23:41:42,2026-08-26 23:43:42,DE,SaaS Platform,D,PUR-002,PureLife BP Monitor,Medical Device,PureLife,E-commerce,12,90.0,EUR,0.0,1080.0,1080.0
TXN-DE-2-000489,2026-08-26 05:59:11,2026-08-26 06:00:11,DE,SaaS Platform,D,MED-001,Medora Cardio 10mg,Prescription,Medora,D2C,7,43.0,EUR,0.15,301.0,255.85
TXN-DE-2-000490,2026-08-26 23:32:51,2026-08-26 23:35:51,DE,SaaS Platform,D,DER-002,Dermacare LiftCream,Aesthetic,Dermacare,E-commerce,11,37.0,EUR,0.0,407.0,407.0
TXN-DE-2-000491,2026-08-26 19:32:54,2026-08-26 19:36:54,DE,SaaS Platform,D,MED-002,Medora Derm Cream,Prescription,Medora,Wholesale,12,26.0,EUR,0.0,312.0,312.0
TXN-DE-2-000492,2026-08-26 02:46:30,2026-08-26 02:51:30,DE,SaaS Platform,D,DER-001,Dermacare GlowSerum,Aesthetic,Dermacare,Pharmacy/B2B,10,32.0,EUR,0.0,320.0,320.0
TXN-DE-2-000493,2026-08-26 08:52:49,2026-08-26 08:58:49,DE,SaaS Platform,D,DER-001,Dermacare GlowSerum,Aesthetic,Dermacare,D2C,1,32.0,EUR,0.15,32.0,27.2
TXN-DE-2-000494,2026-08-26 15:02:26,2026-08-26 15:07:26,DE,SaaS Platform,D,SAN-002,SanaPlus ColdFlu,OTC,SanaPlus,Pharmacy/B2B,6,10.5,EUR,0.15,63.0,53.55
TXN-DE-2-000495,2026-08-26 02:44:32,2026-08-26 02:49:32,DE,SaaS Platform,D,SAN-001,SanaPlus PainRelief,OTC,SanaPlus,Pharmacy/B2B,5,9.5,EUR,0.15,47.5,40.38
TXN-DE-2-000496,2026-08-26 17:59:08,2026-08-26 18:03:08,DE,SaaS Platform,D,VIT-002,Vitalis Multivit,Supplement,Vitalis,D2C,1,17.0,EUR,0.0,17.0,17.0
TXN-DE-2-000497,2026-08-26 04:24:12,2026-08-26 04:29:12,DE,SaaS Platform,D,PUR-001,PureLife GlucoMonitor,Medical Device,PureLife,D2C,10,85.0,EUR,0.05,850.0,807.5
TXN-DE-2-000498,2026-08-26 10:40:40,2026-08-26 10:41:40,DE,SaaS Platform,D,DER-001,Dermacare GlowSerum,Aesthetic,Dermacare,E-commerce,3,32.0,EUR,0.0,96.0,96.0
TXN-DE-2-000499,2026-08-26 19:09:53,2026-08-26 19:12:53,DE,SaaS Platform,D,SAN-002,SanaPlus ColdFlu,OTC,SanaPlus,Wholesale,4,10.5,EUR,0.2,42.0,33.6
TXN-DE-2-000500,2026-08-26 08:22:47,2026-08-26 08:26:47,DE,SaaS Platform,D,DER-001,Dermacare GlowSerum,Aesthetic,Dermacare,Pharmacy/B2B,3,32.0,EUR,0.0,96.0,96.0
TXN-DE-2-000501,2026-08-26 12:13:08,2026-08-26 12:15:08,DE,SaaS Platform,D,MED-002,Medora Derm Cream,Prescription,Medora,Wholesale,11,26.0,EUR,0.1,286.0,257.4
TXN-DE-2-000502,2026-08-26 23:56:35,2026-08-26 23:58:35,DE,SaaS Platform,D,MED-002,Medora Derm Cream,Prescription,Medora,Pharmacy/B2B,9,26.0,EUR,0.0,234.0,234.0
TXN-DE-2-000503,2026-08-26 19:27:47,2026-08-26 19:32:47,DE,SaaS Platform,D,MED-002,Medora Derm Cream,Prescription,Medora,E-commerce,1,26.0,EUR,0.2,26.0,20.8
TXN-DE-2-000504,2026-08-26 11:44:35,2026-08-26 11:45:35,DE,SaaS Platform,D,MED-001,Medora Cardio 10mg,Prescription,Medora,E-commerce,8,43.0,EUR,0.0,344.0,344.0
TXN-DE-2-000505,2026-08-26 22:13:30,2026-08-26 22:14:30,DE,SaaS Platform,D,SAN-002,SanaPlus ColdFlu,OTC,SanaPlus,Pharmacy/B2B,5,10.5,EUR,0.05,52.5,49.88
TXN-DE-2-000506,2026-08-26 22:45:43,2026-08-26 22:50:43,DE,SaaS Platform,D,DER-001,Dermacare GlowSerum,Aesthetic,Dermacare,Pharmacy/B2B,12,32.0,EUR,0.0,384.0,384.0
TXN-DE-2-000507,2026-08-26 13:43:32,2026-08-26 13:45:32,DE,SaaS Platform,D,VIT-002,Vitalis Multivit,Supplement,Vitalis,E-commerce,1,17.0,EUR,0.1,17.0,15.3
TXN-DE-2-000508,2026-08-26 09:18:19,2026-08-26 09:22:19,DE,SaaS Platform,D,PUR-002,PureLife BP Monitor,Medical Device,PureLife,Wholesale,7,90.0,EUR,0.1,630.0,567.0
TXN-DE-2-000509,2026-08-26 19:10:31,2026-08-26 19:13:31,DE,SaaS Platform,D,SAN-001,SanaPlus PainRelief,OTC,SanaPlus,E-commerce,5,9.5,EUR,0.2,47.5,38.0
TXN-DE-2-000510,2026-08-26 23:25:02,2026-08-26 23:29:02,DE,SaaS Platform,D,SAN-001,SanaPlus PainRelief,OTC,SanaPlus,D2C,9,9.5,EUR,0.0,85.5,85.5
TXN-DE-2-000511,2026-08-26 22:13:38,2026-08-26 22:16:38,DE,SaaS Platform,D,SAN-001,SanaPlus PainRelief,OTC,SanaPlus,Wholesale,4,9.5,EUR,0.2,38.0,30.4
TXN-DE-2-000512,2026-08-26 17:21:41,2026-08-26 17:23:41,DE,SaaS Platform,D,VIT-002,Vitalis Multivit,Supplement,Vitalis,E-commerce,1,17.0,EUR,0.0,17.0,17.0
TXN-DE-2-000513,2026-08-26 08:06:33,2026-08-26 08:12:33,DE,SaaS Platform,D,MED-001,Medora Cardio 10mg,Prescription,Medora,D2C,8,43.0,EUR,0.0,344.0,344.0
TXN-DE-2-000514,2026-08-26 13:52:37,2026-08-26 13:58:37,DE,SaaS Platform,D,DER-001,Dermacare GlowSerum,Aesthetic,Dermacare,E-commerce,4,32.0,EUR,0.0,128.0,128.0
TXN-DE-2-000515,2026-08-26 23:44:42,2026-08-26 23:46:42,DE,SaaS Platform,D,SAN-002,SanaPlus ColdFlu,OTC,SanaPlus,E-commerce,12,10.5,EUR,0.15,126.0,107.1
TXN-DE-2-000516,2026-08-26 01:42:03,2026-08-26 01:43:03,DE,SaaS Platform,D,VIT-001,Vitalis C1000,Supplement,Vitalis,Pharmacy/B2B,10,21.0,EUR,0.0,210.0,210.0
TXN-DE-2-000517,2026-08-26 00:26:05,2026-08-26 00:27:05,DE,SaaS Platform,D,MED-002,Medora Derm Cream,Prescription,Medora,Pharmacy/B2B,3,26.0,EUR,0.1,78.0,70.2
TXN-DE-2-000518,2026-08-26 12:31:23,2026-08-26 12:33:23,DE,SaaS Platform,D,MED-001,Medora Cardio 10mg,Prescription,Medora,Wholesale,11,43.0,EUR,0.15,473.0,402.05
TXN-DE-2-000519,2026-08-26 18:18:07,2026-08-26 18:19:07,DE,SaaS Platform,D,PUR-001,PureLife GlucoMonitor,Medical Device,PureLife,Wholesale,12,85.0,EUR,0.15,1020.0,867.0
TXN-DE-2-000520,2026-08-26 10:37:59,2026-08-26 10:38:59,DE,SaaS Platform,D,SAN-001,SanaPlus PainRelief,OTC,SanaPlus,Wholesale,6,9.5,EUR,0.05,57.0,54.15
TXN-DE-2-000521,2026-08-26 15:12:16,2026-08-26 15:18:16,DE,SaaS Platform,D,VIT-002,Vitalis Multivit,Supplement,Vitalis,Wholesale,1,17.0,EUR,0.05,17.0,16.15
TXN-DE-2-000522,2026-08-26 01:21:18,2026-08-26 01:27:18,DE,SaaS Platform,D,SAN-001,SanaPlus PainRelief,OTC,SanaPlus,E-commerce,11,9.5,EUR,0.15,104.5,88.83
TXN-DE-2-000523,2026-08-26 17:17:17,2026-08-26 17:19:17,DE,SaaS Platform,D,DER-002,Dermacare LiftCream,Aesthetic,Dermacare,D2C,2,37.0,EUR,0.0,74.0,74.0
TXN-DE-2-000524,2026-08-26 08:35:33,2026-08-26 08:38:33,DE,SaaS Platform,D,VIT-002,Vitalis Multivit,Supplement,Vitalis,D2C,6,17.0,EUR,0.15,102.0,86.7
TXN-DE-2-000525,2026-08-26 09:33:58,2026-08-26 09:37:58,DE,SaaS Platform,D,VIT-001,Vitalis C1000,Supplement,Vitalis,E-commerce,3,21.0,EUR,0.15,63.0,53.55
TXN-DE-2-000526,2026-08-26 19:29:39,2026-08-26 19:35:39,DE,SaaS Platform,D,SAN-001,SanaPlus PainRelief,OTC,SanaPlus,Wholesale,7,9.5,EUR,0.05,66.5,63.17
TXN-DE-2-000527,2026-08-26 01:17:43,2026-08-26 01:18:43,DE,SaaS Platform,D,PUR-002,PureLife BP Monitor,Medical Device,PureLife,Wholesale,5,90.0,EUR,0.2,450.0,360.0
TXN-DE-2-000528,2026-08-26 21:00:49,2026-08-26 21:01:49,DE,SaaS Platform,D,PUR-002,PureLife BP Monitor,Medical Device,PureLife,Pharmacy/B2B,11,90.0,EUR,0.0,990.0,990.0
TXN-DE-2-000529,2026-08-26 13:51:26,2026-08-26 13:52:26,DE,SaaS Platform,D,PUR-002,PureLife BP Monitor,Medical Device,PureLife,E-commerce,6,90.0,EUR,0.1,540.0,486.0
TXN-DE-2-000530,2026-08-26 03:34:25,2026-08-26 03:37:25,DE,SaaS Platform,D,MED-002,Medora Derm Cream,Prescription,Medora,D2C,2,26.0,EUR,0.1,52.0,46.8
TXN-DE-2-000531,2026-08-26 13:30:06,2026-08-26 13:35:06,DE,SaaS Platform,D,SAN-001,SanaPlus PainRelief,OTC,SanaPlus,Pharmacy/B2B,1,9.5,EUR,0.0,9.5,9.5
TXN-DE-2-000532,2026-08-26 18:33:13,2026-08-26 18:38:13,DE,SaaS Platform,D,DER-001,Dermacare GlowSerum,Aesthetic,Dermacare,D2C,7,32.0,EUR,0.0,224.0,224.0
TXN-DE-2-000533,2026-08-26 20:06:01,2026-08-26 20:09:01,DE,SaaS Platform,D,DER-001,Dermacare GlowSerum,Aesthetic,Dermacare,D2C,5,32.0,EUR,0.15,160.0,136.0
TXN-DE-2-000534,2026-08-26 09:54:29,2026-08-26 09:59:29,DE,SaaS Platform,D,SAN-002,SanaPlus ColdFlu,OTC,SanaPlus,Wholesale,12,10.5,EUR,0.15,126.0,107.1
TXN-DE-2-000535,2026-08-26 20:36:35,2026-08-26 20:40:35,DE,SaaS Platform,D,DER-002,Dermacare LiftCream,Aesthetic,Dermacare,D2C,6,37.0,EUR,0.05,222.0,210.9
TXN-DE-2-000536,2026-08-26 02:25:15,2026-08-26 02:27:15,DE,SaaS Platform,D,VIT-002,Vitalis Multivit,Supplement,Vitalis,D2C,1,17.0,EUR,0.0,17.0,17.0
TXN-DE-2-000537,2026-08-26 02:58:55,2026-08-26 03:04:55,DE,SaaS Platform,D,SAN-002,SanaPlus ColdFlu,OTC,SanaPlus,E-commerce,3,10.5,EUR,0.1,31.5,28.35
TXN-DE-2-000538,2026-08-26 00:57:26,2026-08-26 01:00:26,DE,SaaS Platform,D,MED-001,Medora Cardio 10mg,Prescription,Medora,Pharmacy/B2B,6,43.0,EUR,0.0,258.0,258.0
TXN-DE-2-000539,2026-08-26 17:34:31,2026-08-26 17:38:31,DE,SaaS Platform,D,VIT-001,Vitalis C1000,Supplement,Vitalis,D2C,3,21.0,EUR,0.0,63.0,63.0
TXN-DE-2-000540,2026-08-26 03:34:36,2026-08-26 03:36:36,DE,SaaS Platform,D,MED-002,Medora Derm Cream,Prescription,Medora,Wholesale,3,26.0,EUR,0.2,78.0,62.4
TXN-DE-2-000541,2026-08-26 06:45:08,2026-08-26 06:46:08,DE,SaaS Platform,D,PUR-002,PureLife BP Monitor,Medical Device,PureLife,D2C,4,90.0,EUR,0.0,360.0,360.0
TXN-DE-2-000542,2026-08-26 06:20:14,2026-08-26 06:22:14,DE,SaaS Platform,D,MED-001,Medora Cardio 10mg,Prescription,Medora,E-commerce,5,43.0,EUR,0.2,215.0,172.0
TXN-DE-2-000543,2026-08-26 03:04:52,2026-08-26 03:10:52,DE,SaaS Platform,D,PUR-002,PureLife BP Monitor,Medical Device,PureLife,D2C,8,90.0,EUR,0.05,720.0,684.0
TXN-DE-2-000544,2026-08-26 18:38:38,2026-08-26 18:42:38,DE,SaaS Platform,D,VIT-002,Vitalis Multivit,Supplement,Vitalis,D2C,2,17.0,EUR,0.15,34.0,28.9
TXN-DE-2-000545,2026-08-26 08:43:05,2026-08-26 08:47:05,DE,SaaS Platform,D,VIT-001,Vitalis C1000,Supplement,Vitalis,E-commerce,1,21.0,EUR,0.15,21.0,17.85
TXN-DE-2-000546,2026-08-26 16:38:14,2026-08-26 16:40:14,DE,SaaS Platform,D,SAN-002,SanaPlus ColdFlu,OTC,SanaPlus,Wholesale,2,10.5,EUR,0.15,21.0,17.85
TXN-DE-2-000547,2026-08-26 07:42:59,2026-08-26 07:46:59,DE,SaaS Platform,D,MED-002,Medora Derm Cream,Prescription,Medora,Wholesale,8,26.0,EUR,0.0,208.0,208.0
TXN-DE-2-000548,2026-08-26 21:02:23,2026-08-26 21:06:23,DE,SaaS Platform,D,PUR-001,PureLife GlucoMonitor,Medical Device,PureLife,D2C,4,85.0,EUR,0.15,340.0,289.0
TXN-DE-2-000549,2026-08-26 13:14:04,2026-08-26 13:16:04,DE,SaaS Platform,D,SAN-002,SanaPlus ColdFlu,OTC,SanaPlus,D2C,4,10.5,EUR,0.2,42.0,33.6
TXN-DE-2-000550,2026-08-26 11:35:30,2026-08-26 11:38:30,DE,SaaS Platform,D,PUR-002,PureLife BP Monitor,Medical Device,PureLife,D2C,2,90.0,EUR,0.0,180.0,180.0
TXN-DE-2-000551,2026-08-26 09:50:22,2026-08-26 09:51:22,DE,SaaS Platform,D,SAN-001,SanaPlus PainRelief,OTC,SanaPlus,E-commerce,7,9.5,EUR,0.0,66.5,66.5
TXN-DE-2-000552,2026-08-26 10:31:10,2026-08-26 10:33:10,DE,SaaS Platform,D,PUR-001,PureLife GlucoMonitor,Medical Device,PureLife,Wholesale,3,85.0,EUR,0.0,255.0,255.0
TXN-DE-2-000553,2026-08-26 08:33:59,2026-08-26 08:34:59,DE,SaaS Platform,D,PUR-001,PureLife GlucoMonitor,Medical Device,PureLife,D2C,9,85.0,EUR,0.2,765.0,612.0
TXN-DE-2-000554,2026-08-26 14:43:23,2026-08-26 14:49:23,DE,SaaS Platform,D,MED-001,Medora Cardio 10mg,Prescription,Medora,Wholesale,5,43.0,EUR,0.15,215.0,182.75
TXN-DE-2-000555,2026-08-26 04:19:36,2026-08-26 04:22:36,DE,SaaS Platform,D,SAN-001,SanaPlus PainRelief,OTC,SanaPlus,E-commerce,6,9.5,EUR,0.15,57.0,48.45
TXN-DE-2-000556,2026-08-26 01:48:48,2026-08-26 01:53:48,DE,SaaS Platform,D,DER-001,Dermacare GlowSerum,Aesthetic,Dermacare,E-commerce,4,32.0,EUR,0.2,128.0,102.4
TXN-DE-2-000557,2026-08-26 18:05:27,2026-08-26 18:08:27,DE,SaaS Platform,D,DER-002,Dermacare LiftCream,Aesthetic,Dermacare,Pharmacy/B2B,2,37.0,EUR,0.0,74.0,74.0
TXN-DE-2-000558,2026-08-26 12:56:33,2026-08-26 12:57:33,DE,SaaS Platform,D,PUR-001,PureLife GlucoMonitor,Medical Device,PureLife,Pharmacy/B2B,7,85.0,EUR,0.0,595.0,595.0
TXN-DE-2-000559,2026-08-26 20:51:19,2026-08-26 20:54:19,DE,SaaS Platform,D,PUR-001,PureLife GlucoMonitor,Medical Device,PureLife,D2C,6,85.0,EUR,0.0,510.0,510.0
TXN-DE-2-000560,2026-08-26 12:38:29,2026-08-26 12:39:29,DE,SaaS Platform,D,SAN-002,SanaPlus ColdFlu,OTC,SanaPlus,E-commerce,10,10.5,EUR,0.05,105.0,99.75
TXN-DE-2-000561,2026-08-26 12:31:26,2026-08-26 12:33:26,DE,SaaS Platform,D,DER-002,Dermacare LiftCream,Aesthetic,Dermacare,Pharmacy/B2B,5,37.0,EUR,0.05,185.0,175.75
TXN-DE-2-000562,2026-08-26 14:57:38,2026-08-26 15:03:38,DE,SaaS Platform,D,PUR-001,PureLife GlucoMonitor,Medical Device,PureLife,Pharmacy/B2B,10,85.0,EUR,0.1,850.0,765.0
TXN-DE-2-000563,2026-08-26 12:53:32,2026-08-26 12:57:32,DE,SaaS Platform,D,PUR-001,PureLife GlucoMonitor,Medical Device,PureLife,E-commerce,6,85.0,EUR,0.0,510.0,510.0
TXN-DE-2-000564,2026-08-26 12:56:28,2026-08-26 12:57:28,DE,SaaS Platform,D,PUR-001,PureLife GlucoMonitor,Medical Device,PureLife,E-commerce,5,85.0,EUR,0.0,425.0,425.0
TXN-DE-2-000565,2026-08-26 01:05:53,2026-08-26 01:07:53,DE,SaaS Platform,D,DER-002,Dermacare LiftCream,Aesthetic,Dermacare,D2C,6,37.0,EUR,0.0,222.0,222.0
TXN-DE-2-000566,2026-08-26 23:06:00,2026-08-26 23:10:00,DE,SaaS Platform,D,MED-001,Medora Cardio 10mg,Prescription,Medora,Pharmacy/B2B,5,43.0,EUR,0.0,215.0,215.0
TXN-DE-2-000567,2026-08-26 21:27:44,2026-08-26 21:30:44,DE,SaaS Platform,D,MED-001,Medora Cardio 10mg,Prescription,Medora,E-commerce,11,43.0,EUR,0.0,473.0,473.0
TXN-DE-2-000568,2026-08-26 15:34:34,2026-08-26 15:39:34,DE,SaaS Platform,D,VIT-002,Vitalis Multivit,Supplement,Vitalis,Wholesale,9,17.0,EUR,0.0,153.0,153.0
TXN-DE-2-000569,2026-08-26 10:53:29,2026-08-26 10:54:29,DE,SaaS Platform,D,VIT-001,Vitalis C1000,Supplement,Vitalis,Pharmacy/B2B,2,21.0,EUR,0.0,42.0,42.0
TXN-DE-2-000570,2026-08-26 09:47:15,2026-08-26 09:50:15,DE,SaaS Platform,D,SAN-001,SanaPlus PainRelief,OTC,SanaPlus,Pharmacy/B2B,11,9.5,EUR,0.15,104.5,88.83
TXN-DE-2-000571,2026-08-26 22:59:17,2026-08-26 23:02:17,DE,SaaS Platform,D,DER-001,Dermacare GlowSerum,Aesthetic,Dermacare,Pharmacy/B2B,7,32.0,EUR,0.0,224.0,224.0
TXN-DE-2-000572,2026-08-26 06:49:44,2026-08-26 06:52:44,DE,SaaS Platform,D,PUR-002,PureLife BP Monitor,Medical Device,PureLife,E-commerce,1,90.0,EUR,0.1,90.0,81.0
TXN-DE-2-000573,2026-08-26 15:24:01,2026-08-26 15:28:01,DE,SaaS Platform,D,DER-001,Dermacare GlowSerum,Aesthetic,Dermacare,E-commerce,5,32.0,EUR,0.1,160.0,144.0
TXN-DE-2-000574,2026-08-26 04:31:30,2026-08-26 04:35:30,DE,SaaS Platform,D,DER-001,Dermacare GlowSerum,Aesthetic,Dermacare,Pharmacy/B2B,6,32.0,EUR,0.15,192.0,163.2
TXN-DE-2-000575,2026-08-26 11:46:07,2026-08-26 11:50:07,DE,SaaS Platform,D,DER-002,Dermacare LiftCream,Aesthetic,Dermacare,E-commerce,12,37.0,EUR,0.1,444.0,399.6
TXN-DE-2-000576,2026-08-26 01:27:12,2026-08-26 01:30:12,DE,SaaS Platform,D,SAN-002,SanaPlus ColdFlu,OTC,SanaPlus,D2C,11,10.5,EUR,0.0,115.5,115.5
TXN-DE-2-000577,2026-08-26 06:59:33,2026-08-26 07:03:33,DE,SaaS Platform,D,VIT-001,Vitalis C1000,Supplement,Vitalis,E-commerce,4,21.0,EUR,0.0,84.0,84.0
TXN-DE-2-000578,2026-08-26 21:51:54,2026-08-26 21:57:54,DE,SaaS Platform,D,VIT-002,Vitalis Multivit,Supplement,Vitalis,Pharmacy/B2B,12,17.0,EUR,0.0,204.0,204.0
TXN-DE-2-000579,2026-08-26 02:42:32,2026-08-26 02:48:32,DE,SaaS Platform,D,MED-001,Medora Cardio 10mg,Prescription,Medora,Pharmacy/B2B,2,43.0,EUR,0.15,86.0,73.1
TXN-DE-2-000580,2026-08-26 01:28:53,2026-08-26 01:30:53,DE,SaaS Platform,D,PUR-001,PureLife GlucoMonitor,Medical Device,PureLife,Wholesale,8,85.0,EUR,0.0,680.0,680.0
TXN-DE-2-000581,2026-08-26 19:57:23,2026-08-26 19:58:23,DE,SaaS Platform,D,MED-001,Medora Cardio 10mg,Prescription,Medora,Wholesale,12,43.0,EUR,0.05,516.0,490.2
TXN-DE-2-000582,2026-08-26 20:21:13,2026-08-26 20:26:13,DE,SaaS Platform,D,PUR-001,PureLife GlucoMonitor,Medical Device,PureLife,Pharmacy/B2B,10,85.0,EUR,0.15,850.0,722.5
TXN-DE-2-000583,2026-08-26 14:40:14,2026-08-26 14:45:14,DE,SaaS Platform,D,DER-002,Dermacare LiftCream,Aesthetic,Dermacare,Pharmacy/B2B,12,37.0,EUR,0.05,444.0,421.8
TXN-DE-2-000584,2026-08-26 14:02:17,2026-08-26 14:06:17,DE,SaaS Platform,D,PUR-001,PureLife GlucoMonitor,Medical Device,PureLife,D2C,4,85.0,EUR,0.2,340.0,272.0
TXN-DE-2-000585,2026-08-26 07:08:42,2026-08-26 07:09:42,DE,SaaS Platform,D,DER-001,Dermacare GlowSerum,Aesthetic,Dermacare,D2C,1,32.0,EUR,0.1,32.0,28.8
TXN-DE-2-000586,2026-08-26 19:46:02,2026-08-26 19:48:02,DE,SaaS Platform,D,VIT-002,Vitalis Multivit,Supplement,Vitalis,Pharmacy/B2B,11,17.0,EUR,0.0,187.0,187.0
TXN-DE-2-000587,2026-08-26 17:51:15,2026-08-26 17:53:15,DE,SaaS Platform,D,SAN-001,SanaPlus PainRelief,OTC,SanaPlus,Pharmacy/B2B,2,9.5,EUR,0.2,19.0,15.2
TXN-DE-2-000588,2026-08-26 09:48:36,2026-08-26 09:49:36,DE,SaaS Platform,D,SAN-002,SanaPlus ColdFlu,OTC,SanaPlus,D2C,4,10.5,EUR,0.1,42.0,37.8
TXN-DE-2-000589,2026-08-26 08:22:54,2026-08-26 08:25:54,DE,SaaS Platform,D,DER-001,Dermacare GlowSerum,Aesthetic,Dermacare,D2C,8,32.0,EUR,0.15,256.0,217.6
TXN-DE-2-000590,2026-08-26 08:55:41,2026-08-26 09:00:41,DE,SaaS Platform,D,SAN-001,SanaPlus PainRelief,OTC,SanaPlus,E-commerce,10,9.5,EUR,0.0,95.0,95.0
TXN-DE-2-000591,2026-08-26 07:48:57,2026-08-26 07:52:57,DE,SaaS Platform,D,VIT-001,Vitalis C1000,Supplement,Vitalis,D2C,12,21.0,EUR,0.1,252.0,226.8
TXN-DE-2-000592,2026-08-26 00:27:43,2026-08-26 00:28:43,DE,SaaS Platform,D,SAN-002,SanaPlus ColdFlu,OTC,SanaPlus,E-commerce,11,10.5,EUR,0.0,115.5,115.5
TXN-DE-2-000593,2026-08-26 18:58:35,2026-08-26 19:01:35,DE,SaaS Platform,D,PUR-002,PureLife BP Monitor,Medical Device,PureLife,Wholesale,3,90.0,EUR,0.2,270.0,216.0
TXN-DE-2-000594,2026-08-26 00:38:41,2026-08-26 00:39:41,DE,SaaS Platform,D,VIT-002,Vitalis Multivit,Supplement,Vitalis,E-commerce,4,17.0,EUR,0.0,68.0,68.0
TXN-DE-2-000595,2026-08-26 05:54:45,2026-08-26 05:55:45,DE,SaaS Platform,D,MED-002,Medora Derm Cream,Prescription,Medora,E-commerce,7,26.0,EUR,0.15,182.0,154.7
TXN-DE-2-000596,2026-08-26 19:30:44,2026-08-26 19:34:44,DE,SaaS Platform,D,MED-001,Medora Cardio 10mg,Prescription,Medora,Pharmacy/B2B,8,43.0,EUR,0.0,344.0,344.0
TXN-DE-2-000597,2026-08-26 18:28:38,2026-08-26 18:31:38,DE,SaaS Platform,D,SAN-002,SanaPlus ColdFlu,OTC,SanaPlus,D2C,6,10.5,EUR,0.0,63.0,63.0
TXN-DE-2-000598,2026-08-26 01:47:44,2026-08-26 01:50:44,DE,SaaS Platform,D,MED-002,Medora Derm Cream,Prescription,Medora,Pharmacy/B2B,12,26.0,EUR,0.05,312.0,296.4
TXN-DE-2-000599,2026-08-26 13:43:21,2026-08-26 13:44:21,DE,SaaS Platform,D,SAN-001,SanaPlus PainRelief,OTC,SanaPlus,E-commerce,7,9.5,EUR,0.2,66.5,53.2
TXN-DE-2-000600,2026-08-26 15:15:58,2026-08-26 15:17:58,DE,SaaS Platform,D,SAN-001,SanaPlus PainRelief,OTC,SanaPlus,D2C,4,9.5,EUR,0.05,38.0,36.1
TXN-DE-2-000601,2026-08-26 18:00:11,2026-08-26 18:04:11,DE,SaaS Platform,D,MED-001,Medora Cardio 10mg,Prescription,Medora,D2C,11,43.0,EUR,0.2,473.0,378.4
TXN-DE-2-000602,2026-08-26 03:16:09,2026-08-26 03:17:09,DE,SaaS Platform,D,MED-001,Medora Cardio 10mg,Prescription,Medora,Pharmacy/B2B,1,43.0,EUR,0.15,43.0,36.55
TXN-DE-2-000603,2026-08-26 06:30:19,2026-08-26 06:36:19,DE,SaaS Platform,D,DER-001,Dermacare GlowSerum,Aesthetic,Dermacare,D2C,10,32.0,EUR,0.0,320.0,320.0
TXN-DE-2-000604,2026-08-26 07:23:14,2026-08-26 07:26:14,DE,SaaS Platform,D,PUR-002,PureLife BP Monitor,Medical Device,PureLife,Wholesale,5,90.0,EUR,0.2,450.0,360.0
TXN-DE-2-000605,2026-08-26 19:09:13,2026-08-26 19:14:13,DE,SaaS Platform,D,SAN-002,SanaPlus ColdFlu,OTC,SanaPlus,Wholesale,5,10.5,EUR,0.0,52.5,52.5
TXN-DE-2-000606,2026-08-26 13:32:23,2026-08-26 13:34:23,DE,SaaS Platform,D,DER-002,Dermacare LiftCream,Aesthetic,Dermacare,D2C,12,37.0,EUR,0.0,444.0,444.0
TXN-DE-2-000607,2026-08-26 03:17:06,2026-08-26 03:21:06,DE,SaaS Platform,D,DER-002,Dermacare LiftCream,Aesthetic,Dermacare,Pharmacy/B2B,1,37.0,EUR,0.0,37.0,37.0
TXN-DE-2-000608,2026-08-26 08:24:23,2026-08-26 08:28:23,DE,SaaS Platform,D,VIT-001,Vitalis C1000,Supplement,Vitalis,D2C,7,21.0,EUR,0.0,147.0,147.0
TXN-DE-2-000609,2026-08-26 14:00:49,2026-08-26 14:02:49,DE,SaaS Platform,D,VIT-002,Vitalis Multivit,Supplement,Vitalis,Wholesale,4,17.0,EUR,0.0,68.0,68.0
TXN-DE-2-000610,2026-08-26 06:58:19,2026-08-26 07:01:19,DE,SaaS Platform,D,PUR-001,PureLife GlucoMonitor,Medical Device,PureLife,Pharmacy/B2B,10,85.0,EUR,0.0,850.0,850.0
TXN-DE-2-000611,2026-08-26 00:55:05,2026-08-26 00:56:05,DE,SaaS Platform,D,MED-001,Medora Cardio 10mg,Prescription,Medora,E-commerce,5,43.0,EUR,0.0,215.0,215.0
TXN-DE-2-000612,2026-08-26 00:48:27,2026-08-26 00:49:27,DE,SaaS Platform,D,VIT-001,Vitalis C1000,Supplement,Vitalis,Wholesale,8,21.0,EUR,0.05,168.0,159.6
TXN-DE-2-000613,2026-08-26 01:01:20,2026-08-26 01:05:20,DE,SaaS Platform,D,DER-001,Dermacare GlowSerum,Aesthetic,Dermacare,E-commerce,6,32.0,EUR,0.15,192.0,163.2
TXN-DE-2-000614,2026-08-26 21:11:48,2026-08-26 21:14:48,DE,SaaS Platform,D,DER-002,Dermacare LiftCream,Aesthetic,Dermacare,Wholesale,5,37.0,EUR,0.0,185.0,185.0
TXN-DE-2-000615,2026-08-26 04:02:52,2026-08-26 04:03:52,DE,SaaS Platform,D,VIT-001,Vitalis C1000,Supplement,Vitalis,D2C,9,21.0,EUR,0.0,189.0,189.0
TXN-DE-2-000616,2026-08-26 06:21:31,2026-08-26 06:22:31,DE,SaaS Platform,D,DER-002,Dermacare LiftCream,Aesthetic,Dermacare,E-commerce,8,37.0,EUR,0.0,296.0,296.0
TXN-DE-2-000617,2026-08-26 22:59:06,2026-08-26 23:01:06,DE,SaaS Platform,D,MED-002,Medora Derm Cream,Prescription,Medora,D2C,1,26.0,EUR,0.15,26.0,22.1
TXN-DE-2-000618,2026-08-26 10:27:29,2026-08-26 10:31:29,DE,SaaS Platform,D,PUR-001,PureLife GlucoMonitor,Medical Device,PureLife,Pharmacy/B2B,4,85.0,EUR,0.05,340.0,323.0
TXN-DE-2-000619,2026-08-26 17:28:18,2026-08-26 17:29:18,DE,SaaS Platform,D,DER-001,Dermacare GlowSerum,Aesthetic,Dermacare,Pharmacy/B2B,11,32.0,EUR,0.05,352.0,334.4
TXN-DE-2-000620,2026-08-26 19:06:46,2026-08-26 19:09:46,DE,SaaS Platform,D,PUR-002,PureLife BP Monitor,Medical Device,PureLife,Pharmacy/B2B,11,90.0,EUR,0.0,990.0,990.0
TXN-DE-2-000621,2026-08-26 13:58:29,2026-08-26 14:00:29,DE,SaaS Platform,D,PUR-001,PureLife GlucoMonitor,Medical Device,PureLife,E-commerce,8,85.0,EUR,0.1,680.0,612.0
TXN-DE-2-000622,2026-08-26 11:14:01,2026-08-26 11:15:01,DE,SaaS Platform,D,SAN-001,SanaPlus PainRelief,OTC,SanaPlus,D2C,11,9.5,EUR,0.2,104.5,83.6
TXN-DE-2-000623,2026-08-26 12:31:49,2026-08-26 12:32:49,DE,SaaS Platform,D,PUR-002,PureLife BP Monitor,Medical Device,PureLife,Wholesale,4,90.0,EUR,0.2,360.0,288.0
TXN-DE-2-000624,2026-08-26 07:40:57,2026-08-26 07:42:57,DE,SaaS Platform,D,MED-001,Medora Cardio 10mg,Prescription,Medora,Wholesale,1,43.0,EUR,0.0,43.0,43.0
TXN-DE-2-000625,2026-08-26 18:42:46,2026-08-26 18:44:46,DE,SaaS Platform,D,SAN-001,SanaPlus PainRelief,OTC,SanaPlus,E-commerce,10,9.5,EUR,0.1,95.0,85.5
TXN-DE-2-000626,2026-08-26 13:07:02,2026-08-26 13:13:02,DE,SaaS Platform,D,VIT-001,Vitalis C1000,Supplement,Vitalis,Wholesale,1,21.0,EUR,0.0,21.0,21.0
TXN-DE-2-000627,2026-08-26 22:23:33,2026-08-26 22:27:33,DE,SaaS Platform,D,VIT-002,Vitalis Multivit,Supplement,Vitalis,D2C,5,17.0,EUR,0.0,85.0,85.0
TXN-DE-2-000628,2026-08-26 14:11:42,2026-08-26 14:13:42,DE,SaaS Platform,D,SAN-001,SanaPlus PainRelief,OTC,SanaPlus,Wholesale,5,9.5,EUR,0.05,47.5,45.12
TXN-DE-2-000629,2026-08-26 09:22:30,2026-08-26 09:27:30,DE,SaaS Platform,D,DER-001,Dermacare GlowSerum,Aesthetic,Dermacare,D2C,10,32.0,EUR,0.0,320.0,320.0
TXN-DE-2-000630,2026-08-26 09:04:49,2026-08-26 09:05:49,DE,SaaS Platform,D,MED-002,Medora Derm Cream,Prescription,Medora,Pharmacy/B2B,2,26.0,EUR,0.2,52.0,41.6
TXN-DE-2-000631,2026-08-26 13:33:22,2026-08-26 13:35:22,DE,SaaS Platform,D,VIT-001,Vitalis C1000,Supplement,Vitalis,Pharmacy/B2B,11,21.0,EUR,0.1,231.0,207.9
TXN-DE-2-000632,2026-08-26 03:23:46,2026-08-26 03:26:46,DE,SaaS Platform,D,PUR-002,PureLife BP Monitor,Medical Device,PureLife,D2C,9,90.0,EUR,0.1,810.0,729.0
TXN-DE-2-000633,2026-08-26 02:37:51,2026-08-26 02:39:51,DE,SaaS Platform,D,VIT-002,Vitalis Multivit,Supplement,Vitalis,Wholesale,12,17.0,EUR,0.1,204.0,183.6
TXN-DE-2-000634,2026-08-26 19:10:46,2026-08-26 19:14:46,DE,SaaS Platform,D,DER-001,Dermacare GlowSerum,Aesthetic,Dermacare,Pharmacy/B2B,9,32.0,EUR,0.15,288.0,244.8
TXN-DE-2-000635,2026-08-26 20:07:18,2026-08-26 20:09:18,DE,SaaS Platform,D,VIT-002,Vitalis Multivit,Supplement,Vitalis,E-commerce,4,17.0,EUR,0.0,68.0,68.0
TXN-DE-2-000636,2026-08-26 03:40:54,2026-08-26 03:41:54,DE,SaaS Platform,D,VIT-002,Vitalis Multivit,Supplement,Vitalis,D2C,12,17.0,EUR,0.0,204.0,204.0
TXN-DE-2-000637,2026-08-26 06:17:10,2026-08-26 06:20:10,DE,SaaS Platform,D,SAN-001,SanaPlus PainRelief,OTC,SanaPlus,D2C,6,9.5,EUR,0.05,57.0,54.15
TXN-DE-2-000638,2026-08-26 00:42:05,2026-08-26 00:44:05,DE,SaaS Platform,D,MED-002,Medora Derm Cream,Prescription,Medora,Wholesale,7,26.0,EUR,0.1,182.0,163.8
TXN-DE-2-000639,2026-08-26 23:59:46,2026-08-27 00:00:46,DE,SaaS Platform,D,MED-001,Medora Cardio 10mg,Prescription,Medora,Pharmacy/B2B,11,43.0,EUR,0.0,473.0,473.0
TXN-DE-2-000640,2026-08-26 05:45:54,2026-08-26 05:48:54,DE,SaaS Platform,D,DER-002,Dermacare LiftCream,Aesthetic,Dermacare,Pharmacy/B2B,8,37.0,EUR,0.0,296.0,296.0
TXN-DE-2-000641,2026-08-26 02:03:45,2026-08-26 02:08:45,DE,SaaS Platform,D,MED-002,Medora Derm Cream,Prescription,Medora,D2C,2,26.0,EUR,0.0,52.0,52.0
TXN-DE-2-000642,2026-08-26 06:34:18,2026-08-26 06:36:18,DE,SaaS Platform,D,DER-002,Dermacare LiftCream,Aesthetic,Dermacare,D2C,8,37.0,EUR,0.0,296.0,296.0
TXN-DE-2-000643,2026-08-26 12:30:00,2026-08-26 12:36:00,DE,SaaS Platform,D,SAN-001,SanaPlus PainRelief,OTC,SanaPlus,D2C,11,9.5,EUR,0.0,104.5,104.5
TXN-DE-2-000644,2026-08-26 16:04:40,2026-08-26 16:06:40,DE,SaaS Platform,D,VIT-002,Vitalis Multivit,Supplement,Vitalis,Pharmacy/B2B,2,17.0,EUR,0.05,34.0,32.3
TXN-DE-2-000645,2026-08-26 12:19:53,2026-08-26 12:25:53,DE,SaaS Platform,D,SAN-001,SanaPlus PainRelief,OTC,SanaPlus,Wholesale,7,9.5,EUR,0.0,66.5,66.5
TXN-DE-2-000646,2026-08-26 16:20:13,2026-08-26 16:25:13,DE,SaaS Platform,D,MED-002,Medora Derm Cream,Prescription,Medora,D2C,12,26.0,EUR,0.1,312.0,280.8
TXN-DE-2-000647,2026-08-26 02:40:40,2026-08-26 02:44:40,DE,SaaS Platform,D,DER-001,Dermacare GlowSerum,Aesthetic,Dermacare,D2C,6,32.0,EUR,0.15,192.0,163.2
TXN-DE-2-000648,2026-08-26 03:23:04,2026-08-26 03:27:04,DE,SaaS Platform,D,VIT-001,Vitalis C1000,Supplement,Vitalis,Wholesale,5,21.0,EUR,0.0,105.0,105.0
TXN-DE-2-000649,2026-08-26 02:47:12,2026-08-26 02:49:12,DE,SaaS Platform,D,DER-001,Dermacare GlowSerum,Aesthetic,Dermacare,Pharmacy/B2B,2,32.0,EUR,0.05,64.0,60.8
TXN-DE-2-000650,2026-08-26 03:23:15,2026-08-26 03:26:15,DE,SaaS Platform,D,DER-002,Dermacare LiftCream,Aesthetic,Dermacare,E-commerce,3,37.0,EUR,0.2,111.0,88.8
TXN-DE-2-000651,2026-08-26 04:34:11,2026-08-26 04:39:11,DE,SaaS Platform,D,SAN-001,SanaPlus PainRelief,OTC,SanaPlus,D2C,4,9.5,EUR,0.0,38.0,38.0
TXN-DE-2-000652,2026-08-26 20:32:35,2026-08-26 20:36:35,DE,SaaS Platform,D,SAN-002,SanaPlus ColdFlu,OTC,SanaPlus,Pharmacy/B2B,7,10.5,EUR,0.0,73.5,73.5
TXN-DE-2-000653,2026-08-26 10:34:48,2026-08-26 10:35:48,DE,SaaS Platform,D,PUR-001,PureLife GlucoMonitor,Medical Device,PureLife,Pharmacy/B2B,6,85.0,EUR,0.0,510.0,510.0
TXN-DE-2-000654,2026-08-26 00:22:53,2026-08-26 00:23:53,DE,SaaS Platform,D,PUR-001,PureLife GlucoMonitor,Medical Device,PureLife,D2C,12,85.0,EUR,0.0,1020.0,1020.0
TXN-DE-2-000655,2026-08-26 18:50:59,2026-08-26 18:56:59,DE,SaaS Platform,D,MED-001,Medora Cardio 10mg,Prescription,Medora,D2C,3,43.0,EUR,0.0,129.0,129.0
TXN-DE-2-000656,2026-08-26 16:58:25,2026-08-26 17:03:25,DE,SaaS Platform,D,DER-001,Dermacare GlowSerum,Aesthetic,Dermacare,Pharmacy/B2B,12,32.0,EUR,0.1,384.0,345.6
TXN-DE-2-000657,2026-08-26 21:31:29,2026-08-26 21:32:29,DE,SaaS Platform,D,PUR-002,PureLife BP Monitor,Medical Device,PureLife,Wholesale,10,90.0,EUR,0.1,900.0,810.0
TXN-DE-2-000658,2026-08-26 21:32:16,2026-08-26 21:36:16,DE,SaaS Platform,D,SAN-002,SanaPlus ColdFlu,OTC,SanaPlus,Pharmacy/B2B,4,10.5,EUR,0.0,42.0,42.0
TXN-DE-2-000659,2026-08-26 03:50:01,2026-08-26 03:55:01,DE,SaaS Platform,D,DER-002,Dermacare LiftCream,Aesthetic,Dermacare,Pharmacy/B2B,11,37.0,EUR,0.1,407.0,366.3
TXN-DE-2-000660,2026-08-26 16:43:16,2026-08-26 16:48:16,DE,SaaS Platform,D,MED-002,Medora Derm Cream,Prescription,Medora,D2C,8,26.0,EUR,0.0,208.0,208.0
TXN-DE-2-000661,2026-08-26 21:16:58,2026-08-26 21:22:58,DE,SaaS Platform,D,MED-002,Medora Derm Cream,Prescription,Medora,Wholesale,8,26.0,EUR,0.0,208.0,208.0
TXN-DE-2-000662,2026-08-26 15:25:22,2026-08-26 15:28:22,DE,SaaS Platform,D,DER-001,Dermacare GlowSerum,Aesthetic,Dermacare,Wholesale,1,32.0,EUR,0.15,32.0,27.2
TXN-DE-2-000663,2026-08-26 20:56:44,2026-08-26 21:01:44,DE,SaaS Platform,D,DER-001,Dermacare GlowSerum,Aesthetic,Dermacare,Wholesale,8,32.0,EUR,0.2,256.0,204.8
TXN-DE-2-000664,2026-08-26 19:54:33,2026-08-26 19:59:33,DE,SaaS Platform,D,SAN-002,SanaPlus ColdFlu,OTC,SanaPlus,Pharmacy/B2B,12,10.5,EUR,0.05,126.0,119.7
TXN-DE-2-000665,2026-08-26 20:02:24,2026-08-26 20:04:24,DE,SaaS Platform,D,MED-001,Medora Cardio 10mg,Prescription,Medora,E-commerce,9,43.0,EUR,0.2,387.0,309.6
TXN-DE-2-000666,2026-08-26 13:23:11,2026-08-26 13:25:11,DE,SaaS Platform,D,PUR-001,PureLife GlucoMonitor,Medical Device,PureLife,D2C,8,85.0,EUR,0.1,680.0,612.0
TXN-DE-2-000667,2026-08-26 10:52:59,2026-08-26 10:53:59,DE,SaaS Platform,D,MED-002,Medora Derm Cream,Prescription,Medora,D2C,5,26.0,EUR,0.15,130.0,110.5
TXN-DE-2-000668,2026-08-26 03:02:09,2026-08-26 03:08:09,DE,SaaS Platform,D,SAN-002,SanaPlus ColdFlu,OTC,SanaPlus,Pharmacy/B2B,7,10.5,EUR,0.1,73.5,66.15
TXN-DE-2-000669,2026-08-26 21:18:17,2026-08-26 21:23:17,DE,SaaS Platform,D,SAN-002,SanaPlus ColdFlu,OTC,SanaPlus,Pharmacy/B2B,2,10.5,EUR,0.1,21.0,18.9
TXN-DE-2-000670,2026-08-26 20:08:17,2026-08-26 20:14:17,DE,SaaS Platform,D,MED-002,Medora Derm Cream,Prescription,Medora,Pharmacy/B2B,7,26.0,EUR,0.15,182.0,154.7
TXN-DE-2-000671,2026-08-26 17:50:48,2026-08-26 17:55:48,DE,SaaS Platform,D,DER-002,Dermacare LiftCream,Aesthetic,Dermacare,E-commerce,5,37.0,EUR,0.1,185.0,166.5
TXN-DE-2-000672,2026-08-26 02:01:30,2026-08-26 02:06:30,DE,SaaS Platform,D,SAN-002,SanaPlus ColdFlu,OTC,SanaPlus,Pharmacy/B2B,12,10.5,EUR,0.0,126.0,126.0
TXN-DE-2-000673,2026-08-26 22:23:04,2026-08-26 22:27:04,DE,SaaS Platform,D,DER-001,Dermacare GlowSerum,Aesthetic,Dermacare,Wholesale,6,32.0,EUR,0.05,192.0,182.4
TXN-DE-2-000674,2026-08-26 23:59:17,2026-08-27 00:00:17,DE,SaaS Platform,D,DER-001,Dermacare GlowSerum,Aesthetic,Dermacare,D2C,5,32.0,EUR,0.0,160.0,160.0
TXN-DE-2-000675,2026-08-26 05:07:08,2026-08-26 05:09:08,DE,SaaS Platform,D,MED-002,Medora Derm Cream,Prescription,Medora,E-commerce,12,26.0,EUR,0.0,312.0,312.0
TXN-DE-2-000676,2026-08-26 06:42:43,2026-08-26 06:48:43,DE,SaaS Platform,D,DER-001,Dermacare GlowSerum,Aesthetic,Dermacare,E-commerce,10,32.0,EUR,0.15,320.0,272.0
TXN-DE-2-000677,2026-08-26 13:55:51,2026-08-26 14:00:51,DE,SaaS Platform,D,PUR-002,PureLife BP Monitor,Medical Device,PureLife,D2C,8,90.0,EUR,0.0,720.0,720.0
TXN-DE-2-000678,2026-08-26 08:00:18,2026-08-26 08:06:18,DE,SaaS Platform,D,PUR-002,PureLife BP Monitor,Medical Device,PureLife,D2C,8,90.0,EUR,0.0,720.0,720.0
TXN-DE-2-000679,2026-08-26 01:39:15,2026-08-26 01:40:15,DE,SaaS Platform,D,DER-001,Dermacare GlowSerum,Aesthetic,Dermacare,D2C,6,32.0,EUR,0.0,192.0,192.0
TXN-DE-2-000680,2026-08-26 22:46:44,2026-08-26 22:48:44,DE,SaaS Platform,D,VIT-001,Vitalis C1000,Supplement,Vitalis,D2C,11,21.0,EUR,0.0,231.0,231.0
TXN-DE-2-000681,2026-08-26 06:20:25,2026-08-26 06:22:25,DE,SaaS Platform,D,PUR-001,PureLife GlucoMonitor,Medical Device,PureLife,Wholesale,9,85.0,EUR,0.1,765.0,688.5
TXN-DE-2-000682,2026-08-26 06:53:05,2026-08-26 06:54:05,DE,SaaS Platform,D,VIT-002,Vitalis Multivit,Supplement,Vitalis,Pharmacy/B2B,5,17.0,EUR,0.15,85.0,72.25
TXN-DE-2-000683,2026-08-26 16:56:42,2026-08-26 17:00:42,DE,SaaS Platform,D,MED-001,Medora Cardio 10mg,Prescription,Medora,D2C,1,43.0,EUR,0.1,43.0,38.7
TXN-DE-2-000684,2026-08-26 14:25:21,2026-08-26 14:31:21,DE,SaaS Platform,D,VIT-001,Vitalis C1000,Supplement,Vitalis,Wholesale,3,21.0,EUR,0.1,63.0,56.7
TXN-DE-2-000685,2026-08-26 05:50:33,2026-08-26 05:52:33,DE,SaaS Platform,D,SAN-002,SanaPlus ColdFlu,OTC,SanaPlus,D2C,4,10.5,EUR,0.05,42.0,39.9
TXN-DE-2-000686,2026-08-26 15:30:14,2026-08-26 15:32:14,DE,SaaS Platform,D,MED-002,Medora Derm Cream,Prescription,Medora,Pharmacy/B2B,12,26.0,EUR,0.1,312.0,280.8
TXN-DE-2-000687,2026-08-26 20:00:58,2026-08-26 20:03:58,DE,SaaS Platform,D,VIT-002,Vitalis Multivit,Supplement,Vitalis,E-commerce,12,17.0,EUR,0.05,204.0,193.8
TXN-DE-2-000688,2026-08-26 04:42:42,2026-08-26 04:46:42,DE,SaaS Platform,D,VIT-001,Vitalis C1000,Supplement,Vitalis,Pharmacy/B2B,7,21.0,EUR,0.05,147.0,139.65
TXN-DE-2-000689,2026-08-26 16:51:26,2026-08-26 16:54:26,DE,SaaS Platform,D,SAN-001,SanaPlus PainRelief,OTC,SanaPlus,Pharmacy/B2B,6,9.5,EUR,0.1,57.0,51.3
TXN-DE-2-000690,2026-08-26 18:07:23,2026-08-26 18:09:23,DE,SaaS Platform,D,MED-001,Medora Cardio 10mg,Prescription,Medora,E-commerce,8,43.0,EUR,0.0,344.0,344.0
TXN-DE-2-000691,2026-08-26 08:48:06,2026-08-26 08:52:06,DE,SaaS Platform,D,SAN-001,SanaPlus PainRelief,OTC,SanaPlus,D2C,12,9.5,EUR,0.0,114.0,114.0
TXN-DE-2-000692,2026-08-26 18:26:42,2026-08-26 18:32:42,DE,SaaS Platform,D,PUR-001,PureLife GlucoMonitor,Medical Device,PureLife,E-commerce,1,85.0,EUR,0.15,85.0,72.25
TXN-DE-2-000693,2026-08-26 14:35:16,2026-08-26 14:40:16,DE,SaaS Platform,D,VIT-001,Vitalis C1000,Supplement,Vitalis,D2C,9,21.0,EUR,0.0,189.0,189.0
TXN-DE-2-000694,2026-08-26 16:05:51,2026-08-26 16:06:51,DE,SaaS Platform,D,SAN-001,SanaPlus PainRelief,OTC,SanaPlus,Wholesale,8,9.5,EUR,0.0,76.0,76.0
TXN-DE-2-000695,2026-08-26 21:15:24,2026-08-26 21:18:24,DE,SaaS Platform,D,VIT-001,Vitalis C1000,Supplement,Vitalis,Wholesale,12,21.0,EUR,0.1,252.0,226.8
TXN-DE-2-000696,2026-08-26 03:04:11,2026-08-26 03:09:11,DE,SaaS Platform,D,MED-002,Medora Derm Cream,Prescription,Medora,Wholesale,4,26.0,EUR,0.05,104.0,98.8
TXN-DE-2-000697,2026-08-26 22:25:12,2026-08-26 22:30:12,DE,SaaS Platform,D,MED-001,Medora Cardio 10mg,Prescription,Medora,Pharmacy/B2B,5,43.0,EUR,0.2,215.0,172.0
TXN-DE-2-000698,2026-08-26 16:17:23,2026-08-26 16:19:23,DE,SaaS Platform,D,MED-001,Medora Cardio 10mg,Prescription,Medora,E-commerce,12,43.0,EUR,0.15,516.0,438.6
TXN-DE-2-000699,2026-08-26 19:19:13,2026-08-26 19:24:13,DE,SaaS Platform,D,PUR-001,PureLife GlucoMonitor,Medical Device,PureLife,E-commerce,4,85.0,EUR,0.1,340.0,306.0
TXN-DE-2-000700,2026-08-26 16:07:05,2026-08-26 16:12:05,DE,SaaS Platform,D,DER-002,Dermacare LiftCream,Aesthetic,Dermacare,Pharmacy/B2B,9,37.0,EUR,0.05,333.0,316.35
TXN-DE-2-000701,2026-08-26 17:20:02,2026-08-26 17:21:02,DE,SaaS Platform,D,MED-002,Medora Derm Cream,Prescription,Medora,D2C,11,26.0,EUR,0.0,286.0,286.0
TXN-DE-2-000702,2026-08-26 10:55:43,2026-08-26 11:01:43,DE,SaaS Platform,D,VIT-001,Vitalis C1000,Supplement,Vitalis,D2C,5,21.0,EUR,0.0,105.0,105.0
TXN-DE-2-000703,2026-08-26 03:10:38,2026-08-26 03:11:38,DE,SaaS Platform,D,VIT-001,Vitalis C1000,Supplement,Vitalis,E-commerce,3,21.0,EUR,0.0,63.0,63.0
TXN-DE-2-000704,2026-08-26 00:47:17,2026-08-26 00:49:17,DE,SaaS Platform,D,DER-001,Dermacare GlowSerum,Aesthetic,Dermacare,Wholesale,11,32.0,EUR,0.2,352.0,281.6
TXN-DE-2-000705,2026-08-26 09:36:45,2026-08-26 09:37:45,DE,SaaS Platform,D,MED-001,Medora Cardio 10mg,Prescription,Medora,E-commerce,12,43.0,EUR,0.0,516.0,516.0
TXN-DE-2-000706,2026-08-26 09:35:39,2026-08-26 09:37:39,DE,SaaS Platform,D,DER-002,Dermacare LiftCream,Aesthetic,Dermacare,Pharmacy/B2B,10,37.0,EUR,0.1,370.0,333.0
TXN-DE-2-000707,2026-08-26 07:50:12,2026-08-26 07:51:12,DE,SaaS Platform,D,PUR-001,PureLife GlucoMonitor,Medical Device,PureLife,Pharmacy/B2B,9,85.0,EUR,0.0,765.0,765.0
TXN-DE-2-000708,2026-08-26 08:38:07,2026-08-26 08:41:07,DE,SaaS Platform,D,VIT-002,Vitalis Multivit,Supplement,Vitalis,Pharmacy/B2B,8,17.0,EUR,0.0,136.0,136.0
TXN-DE-2-000709,2026-08-26 10:59:13,2026-08-26 11:04:13,DE,SaaS Platform,D,PUR-001,PureLife GlucoMonitor,Medical Device,PureLife,E-commerce,1,85.0,EUR,0.0,85.0,85.0
TXN-DE-2-000710,2026-08-26 11:11:03,2026-08-26 11:14:03,DE,SaaS Platform,D,MED-001,Medora Cardio 10mg,Prescription,Medora,E-commerce,8,43.0,EUR,0.15,344.0,292.4
TXN-DE-2-000711,2026-08-26 13:02:20,2026-08-26 13:08:20,DE,SaaS Platform,D,PUR-002,PureLife BP Monitor,Medical Device,PureLife,Wholesale,9,90.0,EUR,0.0,810.0,810.0
TXN-DE-2-000712,2026-08-26 20:11:02,2026-08-26 20:12:02,DE,SaaS Platform,D,PUR-002,PureLife BP Monitor,Medical Device,PureLife,Wholesale,5,90.0,EUR,0.1,450.0,405.0
TXN-DE-2-000713,2026-08-26 20:05:03,2026-08-26 20:11:03,DE,SaaS Platform,D,SAN-001,SanaPlus PainRelief,OTC,SanaPlus,Wholesale,11,9.5,EUR,0.05,104.5,99.27
TXN-DE-2-000714,2026-08-26 09:24:12,2026-08-26 09:29:12,DE,SaaS Platform,D,VIT-001,Vitalis C1000,Supplement,Vitalis,E-commerce,4,21.0,EUR,0.0,84.0,84.0
TXN-DE-2-000715,2026-08-26 19:33:37,2026-08-26 19:37:37,DE,SaaS Platform,D,SAN-001,SanaPlus PainRelief,OTC,SanaPlus,E-commerce,6,9.5,EUR,0.0,57.0,57.0
TXN-DE-2-000716,2026-08-26 11:01:24,2026-08-26 11:05:24,DE,SaaS Platform,D,SAN-001,SanaPlus PainRelief,OTC,SanaPlus,Wholesale,2,9.5,EUR,0.15,19.0,16.15
TXN-DE-2-000717,2026-08-26 17:40:22,2026-08-26 17:43:22,DE,SaaS Platform,D,VIT-001,Vitalis C1000,Supplement,Vitalis,Wholesale,6,21.0,EUR,0.2,126.0,100.8
TXN-DE-2-000718,2026-08-26 19:48:53,2026-08-26 19:53:53,DE,SaaS Platform,D,SAN-001,SanaPlus PainRelief,OTC,SanaPlus,Pharmacy/B2B,7,9.5,EUR,0.05,66.5,63.17
TXN-DE-2-000719,2026-08-26 03:05:23,2026-08-26 03:07:23,DE,SaaS Platform,D,SAN-001,SanaPlus PainRelief,OTC,SanaPlus,D2C,1,9.5,EUR,0.0,9.5,9.5
TXN-DE-2-000720,2026-08-26 02:33:19,2026-08-26 02:37:19,DE,SaaS Platform,D,MED-001,Medora Cardio 10mg,Prescription,Medora,Pharmacy/B2B,3,43.0,EUR,0.2,129.0,103.2
TXN-DE-2-000721,2026-08-26 23:11:08,2026-08-26 23:14:08,DE,SaaS Platform,D,MED-002,Medora Derm Cream,Prescription,Medora,Pharmacy/B2B,2,26.0,EUR,0.15,52.0,44.2
TXN-DE-2-000722,2026-08-26 14:54:26,2026-08-26 14:55:26,DE,SaaS Platform,D,DER-002,Dermacare LiftCream,Aesthetic,Dermacare,Wholesale,3,37.0,EUR,0.15,111.0,94.35
TXN-DE-2-000723,2026-08-26 03:41:07,2026-08-26 03:42:07,DE,SaaS Platform,D,PUR-002,PureLife BP Monitor,Medical Device,PureLife,Wholesale,10,90.0,EUR,0.15,900.0,765.0
TXN-DE-2-000724,2026-08-26 05:56:03,2026-08-26 06:00:03,DE,SaaS Platform,D,VIT-001,Vitalis C1000,Supplement,Vitalis,Pharmacy/B2B,7,21.0,EUR,0.1,147.0,132.3
TXN-DE-2-000725,2026-08-26 09:52:32,2026-08-26 09:56:32,DE,SaaS Platform,D,VIT-001,Vitalis C1000,Supplement,Vitalis,Pharmacy/B2B,3,21.0,EUR,0.0,63.0,63.0
TXN-DE-2-000726,2026-08-26 13:49:25,2026-08-26 13:51:25,DE,SaaS Platform,D,MED-002,Medora Derm Cream,Prescription,Medora,D2C,2,26.0,EUR,0.2,52.0,41.6
TXN-DE-2-000727,2026-08-26 01:15:57,2026-08-26 01:20:57,DE,SaaS Platform,D,VIT-001,Vitalis C1000,Supplement,Vitalis,D2C,5,21.0,EUR,0.0,105.0,105.0
TXN-DE-2-000728,2026-08-26 06:37:36,2026-08-26 06:42:36,DE,SaaS Platform,D,SAN-002,SanaPlus ColdFlu,OTC,SanaPlus,D2C,1,10.5,EUR,0.15,10.5,8.92
TXN-DE-2-000729,2026-08-26 12:31:33,2026-08-26 12:35:33,DE,SaaS Platform,D,PUR-001,PureLife GlucoMonitor,Medical Device,PureLife,Wholesale,5,85.0,EUR,0.0,425.0,425.0
TXN-DE-2-000730,2026-08-26 20:52:14,2026-08-26 20:56:14,DE,SaaS Platform,D,MED-002,Medora Derm Cream,Prescription,Medora,Wholesale,3,26.0,EUR,0.2,78.0,62.4
TXN-DE-2-000731,2026-08-26 10:05:17,2026-08-26 10:09:17,DE,SaaS Platform,D,VIT-001,Vitalis C1000,Supplement,Vitalis,Wholesale,11,21.0,EUR,0.0,231.0,231.0
TXN-DE-2-000732,2026-08-26 02:29:10,2026-08-26 02:34:10,DE,SaaS Platform,D,PUR-001,PureLife GlucoMonitor,Medical Device,PureLife,Wholesale,1,85.0,EUR,0.05,85.0,80.75
TXN-DE-2-000733,2026-08-26 01:43:56,2026-08-26 01:46:56,DE,SaaS Platform,D,SAN-001,SanaPlus PainRelief,OTC,SanaPlus,Wholesale,3,9.5,EUR,0.0,28.5,28.5
TXN-DE-2-000734,2026-08-26 07:40:26,2026-08-26 07:44:26,DE,SaaS Platform,D,SAN-001,SanaPlus PainRelief,OTC,SanaPlus,D2C,12,9.5,EUR,0.0,114.0,114.0
TXN-DE-2-000735,2026-08-26 17:18:48,2026-08-26 17:19:48,DE,SaaS Platform,D,PUR-002,PureLife BP Monitor,Medical Device,PureLife,Pharmacy/B2B,11,90.0,EUR,0.05,990.0,940.5
TXN-DE-2-000736,2026-08-26 17:21:45,2026-08-26 17:23:45,DE,SaaS Platform,D,SAN-001,SanaPlus PainRelief,OTC,SanaPlus,E-commerce,11,9.5,EUR,0.0,104.5,104.5
TXN-DE-2-000737,2026-08-26 09:15:24,2026-08-26 09:17:24,DE,SaaS Platform,D,MED-002,Medora Derm Cream,Prescription,Medora,Pharmacy/B2B,5,26.0,EUR,0.0,130.0,130.0
TXN-DE-2-000738,2026-08-26 16:52:38,2026-08-26 16:58:38,DE,SaaS Platform,D,PUR-001,PureLife GlucoMonitor,Medical Device,PureLife,Pharmacy/B2B,4,85.0,EUR,0.05,340.0,323.0
TXN-DE-2-000739,2026-08-26 13:51:01,2026-08-26 13:54:01,DE,SaaS Platform,D,PUR-002,PureLife BP Monitor,Medical Device,PureLife,E-commerce,10,90.0,EUR,0.0,900.0,900.0
TXN-DE-2-000740,2026-08-26 18:00:30,2026-08-26 18:01:30,DE,SaaS Platform,D,VIT-002,Vitalis Multivit,Supplement,Vitalis,E-commerce,10,17.0,EUR,0.0,170.0,170.0
TXN-DE-2-000741,2026-08-26 06:17:48,2026-08-26 06:21:48,DE,SaaS Platform,D,MED-002,Medora Derm Cream,Prescription,Medora,E-commerce,12,26.0,EUR,0.0,312.0,312.0
TXN-DE-2-000742,2026-08-26 05:12:20,2026-08-26 05:15:20,DE,SaaS Platform,D,DER-002,Dermacare LiftCream,Aesthetic,Dermacare,Pharmacy/B2B,7,37.0,EUR,0.15,259.0,220.15
TXN-DE-2-000743,2026-08-26 10:49:30,2026-08-26 10:55:30,DE,SaaS Platform,D,PUR-002,PureLife BP Monitor,Medical Device,PureLife,E-commerce,3,90.0,EUR,0.2,270.0,216.0
TXN-DE-2-000744,2026-08-26 04:39:13,2026-08-26 04:42:13,DE,SaaS Platform,D,DER-002,Dermacare LiftCream,Aesthetic,Dermacare,Pharmacy/B2B,7,37.0,EUR,0.15,259.0,220.15
TXN-DE-2-000745,2026-08-26 10:35:13,2026-08-26 10:36:13,DE,SaaS Platform,D,MED-001,Medora Cardio 10mg,Prescription,Medora,D2C,9,43.0,EUR,0.15,387.0,328.95
TXN-DE-2-000746,2026-08-26 20:48:12,2026-08-26 20:51:12,DE,SaaS Platform,D,VIT-001,Vitalis C1000,Supplement,Vitalis,D2C,2,21.0,EUR,0.0,42.0,42.0
TXN-DE-2-000747,2026-08-26 08:05:10,2026-08-26 08:11:10,DE,SaaS Platform,D,SAN-001,SanaPlus PainRelief,OTC,SanaPlus,D2C,7,9.5,EUR,0.0,66.5,66.5
TXN-DE-2-000748,2026-08-26 14:51:49,2026-08-26 14:55:49,DE,SaaS Platform,D,VIT-002,Vitalis Multivit,Supplement,Vitalis,Wholesale,2,17.0,EUR,0.2,34.0,27.2
TXN-DE-2-000749,2026-08-26 18:13:35,2026-08-26 18:14:35,DE,SaaS Platform,D,MED-002,Medora Derm Cream,Prescription,Medora,E-commerce,12,26.0,EUR,0.0,312.0,312.0
TXN-DE-2-000750,2026-08-26 14:02:29,2026-08-26 14:04:29,DE,SaaS Platform,D,VIT-002,Vitalis Multivit,Supplement,Vitalis,D2C,8,17.0,EUR,0.0,136.0,136.0
TXN-DE-2-000751,2026-08-26 23:10:48,2026-08-26 23:15:48,DE,SaaS Platform,D,PUR-002,PureLife BP Monitor,Medical Device,PureLife,Wholesale,10,90.0,EUR,0.0,900.0,900.0
TXN-DE-2-000752,2026-08-26 21:45:30,2026-08-26 21:49:30,DE,SaaS Platform,D,SAN-002,SanaPlus ColdFlu,OTC,SanaPlus,Wholesale,8,10.5,EUR,0.0,84.0,84.0
TXN-DE-2-000753,2026-08-26 15:14:23,2026-08-26 15:17:23,DE,SaaS Platform,D,DER-001,Dermacare GlowSerum,Aesthetic,Dermacare,Wholesale,8,32.0,EUR,0.05,256.0,243.2
TXN-DE-2-000754,2026-08-26 14:26:44,2026-08-26 14:30:44,DE,SaaS Platform,D,SAN-001,SanaPlus PainRelief,OTC,SanaPlus,Pharmacy/B2B,4,9.5,EUR,0.0,38.0,38.0
TXN-DE-2-000755,2026-08-26 18:35:00,2026-08-26 18:36:00,DE,SaaS Platform,D,DER-001,Dermacare GlowSerum,Aesthetic,Dermacare,D2C,1,32.0,EUR,0.0,32.0,32.0
TXN-DE-2-000756,2026-08-26 06:02:42,2026-08-26 06:05:42,DE,SaaS Platform,D,VIT-001,Vitalis C1000,Supplement,Vitalis,E-commerce,2,21.0,EUR,0.05,42.0,39.9
TXN-DE-2-000757,2026-08-26 09:18:55,2026-08-26 09:24:55,DE,SaaS Platform,D,SAN-002,SanaPlus ColdFlu,OTC,SanaPlus,E-commerce,12,10.5,EUR,0.0,126.0,126.0
TXN-DE-2-000758,2026-08-26 10:19:44,2026-08-26 10:25:44,DE,SaaS Platform,D,SAN-001,SanaPlus PainRelief,OTC,SanaPlus,E-commerce,2,9.5,EUR,0.0,19.0,19.0
TXN-DE-2-000759,2026-08-26 14:31:51,2026-08-26 14:32:51,DE,SaaS Platform,D,MED-001,Medora Cardio 10mg,Prescription,Medora,Pharmacy/B2B,5,43.0,EUR,0.1,215.0,193.5
TXN-DE-2-000760,2026-08-26 18:42:10,2026-08-26 18:44:10,DE,SaaS Platform,D,SAN-002,SanaPlus ColdFlu,OTC,SanaPlus,Pharmacy/B2B,1,10.5,EUR,0.0,10.5,10.5
TXN-DE-2-000761,2026-08-26 18:17:05,2026-08-26 18:18:05,DE,SaaS Platform,D,PUR-002,PureLife BP Monitor,Medical Device,PureLife,E-commerce,7,90.0,EUR,0.0,630.0,630.0
TXN-DE-2-000762,2026-08-26 02:45:02,2026-08-26 02:48:02,DE,SaaS Platform,D,DER-001,Dermacare GlowSerum,Aesthetic,Dermacare,Pharmacy/B2B,6,32.0,EUR,0.1,192.0,172.8
TXN-DE-2-000763,2026-08-26 03:07:00,2026-08-26 03:12:00,DE,SaaS Platform,D,VIT-002,Vitalis Multivit,Supplement,Vitalis,Wholesale,7,17.0,EUR,0.0,119.0,119.0
TXN-DE-2-000764,2026-08-26 07:26:44,2026-08-26 07:31:44,DE,SaaS Platform,D,DER-002,Dermacare LiftCream,Aesthetic,Dermacare,Pharmacy/B2B,1,37.0,EUR,0.0,37.0,37.0
TXN-DE-2-000765,2026-08-26 16:42:19,2026-08-26 16:47:19,DE,SaaS Platform,D,VIT-002,Vitalis Multivit,Supplement,Vitalis,D2C,2,17.0,EUR,0.0,34.0,34.0
TXN-DE-2-000766,2026-08-26 19:46:02,2026-08-26 19:47:02,DE,SaaS Platform,D,DER-002,Dermacare LiftCream,Aesthetic,Dermacare,D2C,1,37.0,EUR,0.1,37.0,33.3
TXN-DE-2-000767,2026-08-26 12:05:03,2026-08-26 12:06:03,DE,SaaS Platform,D,VIT-002,Vitalis Multivit,Supplement,Vitalis,D2C,5,17.0,EUR,0.0,85.0,85.0
TXN-DE-2-000768,2026-08-26 04:05:14,2026-08-26 04:07:14,DE,SaaS Platform,D,DER-001,Dermacare GlowSerum,Aesthetic,Dermacare,D2C,1,32.0,EUR,0.0,32.0,32.0
TXN-DE-2-000769,2026-08-26 22:07:21,2026-08-26 22:10:21,DE,SaaS Platform,D,VIT-001,Vitalis C1000,Supplement,Vitalis,E-commerce,12,21.0,EUR,0.2,252.0,201.6
TXN-DE-2-000770,2026-08-26 01:35:12,2026-08-26 01:41:12,DE,SaaS Platform,D,PUR-001,PureLife GlucoMonitor,Medical Device,PureLife,D2C,10,85.0,EUR,0.0,850.0,850.0
TXN-DE-2-000771,2026-08-26 00:05:38,2026-08-26 00:07:38,DE,SaaS Platform,D,MED-002,Medora Derm Cream,Prescription,Medora,E-commerce,12,26.0,EUR,0.2,312.0,249.6
TXN-DE-2-000772,2026-08-26 03:31:26,2026-08-26 03:34:26,DE,SaaS Platform,D,SAN-002,SanaPlus ColdFlu,OTC,SanaPlus,D2C,10,10.5,EUR,0.1,105.0,94.5
TXN-DE-2-000773,2026-08-26 13:24:43,2026-08-26 13:29:43,DE,SaaS Platform,D,VIT-001,Vitalis C1000,Supplement,Vitalis,D2C,2,21.0,EUR,0.1,42.0,37.8
TXN-DE-2-000774,2026-08-26 15:59:56,2026-08-26 16:00:56,DE,SaaS Platform,D,DER-001,Dermacare GlowSerum,Aesthetic,Dermacare,Wholesale,6,32.0,EUR,0.0,192.0,192.0
TXN-DE-2-000775,2026-08-26 07:53:25,2026-08-26 07:57:25,DE,SaaS Platform,D,MED-001,Medora Cardio 10mg,Prescription,Medora,Pharmacy/B2B,9,43.0,EUR,0.0,387.0,387.0
TXN-DE-2-000776,2026-08-26 03:58:29,2026-08-26 04:04:29,DE,SaaS Platform,D,DER-002,Dermacare LiftCream,Aesthetic,Dermacare,Pharmacy/B2B,4,37.0,EUR,0.0,148.0,148.0
TXN-DE-2-000777,2026-08-26 19:56:58,2026-08-26 19:57:58,DE,SaaS Platform,D,VIT-002,Vitalis Multivit,Supplement,Vitalis,E-commerce,12,17.0,EUR,0.0,204.0,204.0
TXN-DE-2-000778,2026-08-26 07:19:17,2026-08-26 07:24:17,DE,SaaS Platform,D,VIT-002,Vitalis Multivit,Supplement,Vitalis,Wholesale,2,17.0,EUR,0.0,34.0,34.0
TXN-DE-2-000779,2026-08-26 09:44:23,2026-08-26 09:50:23,DE,SaaS Platform,D,PUR-002,PureLife BP Monitor,Medical Device,PureLife,Pharmacy/B2B,8,90.0,EUR,0.1,720.0,648.0
TXN-DE-2-000780,2026-08-26 05:40:55,2026-08-26 05:41:55,DE,SaaS Platform,D,DER-001,Dermacare GlowSerum,Aesthetic,Dermacare,D2C,2,32.0,EUR,0.0,64.0,64.0
TXN-DE-2-000781,2026-08-26 19:51:29,2026-08-26 19:52:29,DE,SaaS Platform,D,MED-002,Medora Derm Cream,Prescription,Medora,Pharmacy/B2B,5,26.0,EUR,0.05,130.0,123.5
TXN-DE-2-000782,2026-08-26 20:08:07,2026-08-26 20:12:07,DE,SaaS Platform,D,VIT-001,Vitalis C1000,Supplement,Vitalis,Wholesale,2,21.0,EUR,0.0,42.0,42.0
TXN-DE-2-000783,2026-08-26 17:58:20,2026-08-26 18:00:20,DE,SaaS Platform,D,DER-002,Dermacare LiftCream,Aesthetic,Dermacare,Pharmacy/B2B,3,37.0,EUR,0.0,111.0,111.0
TXN-DE-2-000784,2026-08-26 13:38:57,2026-08-26 13:40:57,DE,SaaS Platform,D,PUR-001,PureLife GlucoMonitor,Medical Device,PureLife,D2C,6,85.0,EUR,0.0,510.0,510.0
TXN-DE-2-000785,2026-08-26 07:25:52,2026-08-26 07:28:52,DE,SaaS Platform,D,SAN-002,SanaPlus ColdFlu,OTC,SanaPlus,Wholesale,8,10.5,EUR,0.0,84.0,84.0
TXN-DE-2-000786,2026-08-26 03:12:15,2026-08-26 03:14:15,DE,SaaS Platform,D,MED-002,Medora Derm Cream,Prescription,Medora,E-commerce,2,26.0,EUR,0.0,52.0,52.0
TXN-DE-2-000787,2026-08-26 02:42:45,2026-08-26 02:48:45,DE,SaaS Platform,D,VIT-001,Vitalis C1000,Supplement,Vitalis,D2C,4,21.0,EUR,0.0,84.0,84.0
TXN-DE-2-000788,2026-08-26 13:52:43,2026-08-26 13:56:43,DE,SaaS Platform,D,DER-001,Dermacare GlowSerum,Aesthetic,Dermacare,E-commerce,10,32.0,EUR,0.0,320.0,320.0
TXN-DE-2-000789,2026-08-26 07:19:48,2026-08-26 07:25:48,DE,SaaS Platform,D,DER-001,Dermacare GlowSerum,Aesthetic,Dermacare,E-commerce,2,32.0,EUR,0.0,64.0,64.0
TXN-DE-2-000790,2026-08-26 08:15:52,2026-08-26 08:20:52,DE,SaaS Platform,D,SAN-001,SanaPlus PainRelief,OTC,SanaPlus,D2C,1,9.5,EUR,0.2,9.5,7.6
TXN-DE-2-000791,2026-08-26 13:58:54,2026-08-26 13:59:54,DE,SaaS Platform,D,MED-002,Medora Derm Cream,Prescription,Medora,D2C,7,26.0,EUR,0.15,182.0,154.7
TXN-DE-2-000792,2026-08-26 04:06:31,2026-08-26 04:12:31,DE,SaaS Platform,D,VIT-001,Vitalis C1000,Supplement,Vitalis,Pharmacy/B2B,6,21.0,EUR,0.15,126.0,107.1
TXN-DE-2-000793,2026-08-26 20:08:30,2026-08-26 20:11:30,DE,SaaS Platform,D,PUR-002,PureLife BP Monitor,Medical Device,PureLife,D2C,5,90.0,EUR,0.05,450.0,427.5
TXN-DE-2-000794,2026-08-26 13:33:14,2026-08-26 13:35:14,DE,SaaS Platform,D,PUR-002,PureLife BP Monitor,Medical Device,PureLife,E-commerce,7,90.0,EUR,0.0,630.0,630.0
TXN-DE-2-000795,2026-08-26 01:00:49,2026-08-26 01:04:49,DE,SaaS Platform,D,SAN-001,SanaPlus PainRelief,OTC,SanaPlus,Pharmacy/B2B,4,9.5,EUR,0.2,38.0,30.4
TXN-DE-2-000796,2026-08-26 06:52:33,2026-08-26 06:55:33,DE,SaaS Platform,D,VIT-002,Vitalis Multivit,Supplement,Vitalis,E-commerce,12,17.0,EUR,0.0,204.0,204.0
TXN-DE-2-000797,2026-08-26 15:36:21,2026-08-26 15:41:21,DE,SaaS Platform,D,SAN-001,SanaPlus PainRelief,OTC,SanaPlus,Pharmacy/B2B,8,9.5,EUR,0.0,76.0,76.0
TXN-DE-2-000798,2026-08-26 04:02:36,2026-08-26 04:07:36,DE,SaaS Platform,D,MED-001,Medora Cardio 10mg,Prescription,Medora,Pharmacy/B2B,8,43.0,EUR,0.15,344.0,292.4
TXN-DE-2-000799,2026-08-26 12:44:13,2026-08-26 12:48:13,DE,SaaS Platform,D,SAN-002,SanaPlus ColdFlu,OTC,SanaPlus,E-commerce,6,10.5,EUR,0.0,63.0,63.0
TXN-DE-2-000800,2026-08-26 09:29:58,2026-08-26 09:34:58,DE,SaaS Platform,D,VIT-002,Vitalis Multivit,Supplement,Vitalis,Wholesale,9,17.0,EUR,0.15,153.0,130.05
TXN-DE-2-000801,2026-08-26 13:40:44,2026-08-26 13:41:44,DE,SaaS Platform,D,VIT-001,Vitalis C1000,Supplement,Vitalis,E-commerce,11,21.0,EUR,0.0,231.0,231.0
TXN-DE-2-000802,2026-08-26 18:58:32,2026-08-26 19:02:32,DE,SaaS Platform,D,PUR-002,PureLife BP Monitor,Medical Device,PureLife,Pharmacy/B2B,6,90.0,EUR,0.0,540.0,540.0
TXN-DE-2-000803,2026-08-26 17:27:01,2026-08-26 17:29:01,DE,SaaS Platform,D,MED-001,Medora Cardio 10mg,Prescription,Medora,Pharmacy/B2B,8,43.0,EUR,0.2,344.0,275.2
TXN-DE-2-000804,2026-08-26 04:38:06,2026-08-26 04:43:06,DE,SaaS Platform,D,SAN-001,SanaPlus PainRelief,OTC,SanaPlus,D2C,7,9.5,EUR,0.2,66.5,53.2
TXN-DE-2-000805,2026-08-26 09:02:28,2026-08-26 09:06:28,DE,SaaS Platform,D,DER-001,Dermacare GlowSerum,Aesthetic,Dermacare,Wholesale,8,32.0,EUR,0.0,256.0,256.0
TXN-DE-2-000806,2026-08-26 03:33:41,2026-08-26 03:35:41,DE,SaaS Platform,D,PUR-002,PureLife BP Monitor,Medical Device,PureLife,Wholesale,12,90.0,EUR,0.0,1080.0,1080.0
TXN-DE-2-000807,2026-08-26 18:53:55,2026-08-26 18:57:55,DE,SaaS Platform,D,VIT-002,Vitalis Multivit,Supplement,Vitalis,E-commerce,9,17.0,EUR,0.1,153.0,137.7
TXN-DE-2-000808,2026-08-26 16:42:27,2026-08-26 16:45:27,DE,SaaS Platform,D,SAN-001,SanaPlus PainRelief,OTC,SanaPlus,Wholesale,1,9.5,EUR,0.0,9.5,9.5
TXN-DE-2-000809,2026-08-26 02:53:33,2026-08-26 02:55:33,DE,SaaS Platform,D,MED-002,Medora Derm Cream,Prescription,Medora,D2C,4,26.0,EUR,0.2,104.0,83.2
TXN-DE-2-000810,2026-08-26 13:03:20,2026-08-26 13:08:20,DE,SaaS Platform,D,VIT-002,Vitalis Multivit,Supplement,Vitalis,E-commerce,10,17.0,EUR,0.0,170.0,170.0
TXN-DE-2-000811,2026-08-26 05:52:06,2026-08-26 05:56:06,DE,SaaS Platform,D,VIT-001,Vitalis C1000,Supplement,Vitalis,E-commerce,9,21.0,EUR,0.1,189.0,170.1
TXN-DE-2-000812,2026-08-26 04:23:01,2026-08-26 04:26:01,DE,SaaS Platform,D,DER-001,Dermacare GlowSerum,Aesthetic,Dermacare,D2C,12,32.0,EUR,0.1,384.0,345.6
TXN-DE-2-000813,2026-08-26 13:54:21,2026-08-26 13:55:21,DE,SaaS Platform,D,SAN-001,SanaPlus PainRelief,OTC,SanaPlus,Pharmacy/B2B,3,9.5,EUR,0.1,28.5,25.65
TXN-DE-2-000814,2026-08-26 23:56:48,2026-08-27 00:00:48,DE,SaaS Platform,D,SAN-001,SanaPlus PainRelief,OTC,SanaPlus,D2C,8,9.5,EUR,0.05,76.0,72.2
TXN-DE-2-000815,2026-08-26 00:40:43,2026-08-26 00:44:43,DE,SaaS Platform,D,SAN-001,SanaPlus PainRelief,OTC,SanaPlus,Pharmacy/B2B,4,9.5,EUR,0.0,38.0,38.0
TXN-DE-2-000816,2026-08-26 12:16:39,2026-08-26 12:20:39,DE,SaaS Platform,D,PUR-001,PureLife GlucoMonitor,Medical Device,PureLife,E-commerce,10,85.0,EUR,0.2,850.0,680.0
TXN-DE-2-000817,2026-08-26 21:26:26,2026-08-26 21:28:26,DE,SaaS Platform,D,SAN-001,SanaPlus PainRelief,OTC,SanaPlus,D2C,3,9.5,EUR,0.0,28.5,28.5
TXN-DE-2-000818,2026-08-26 11:50:12,2026-08-26 11:51:12,DE,SaaS Platform,D,DER-001,Dermacare GlowSerum,Aesthetic,Dermacare,D2C,4,32.0,EUR,0.2,128.0,102.4
TXN-DE-2-000819,2026-08-26 21:33:06,2026-08-26 21:35:06,DE,SaaS Platform,D,PUR-002,PureLife BP Monitor,Medical Device,PureLife,E-commerce,11,90.0,EUR,0.2,990.0,792.0
TXN-DE-2-000820,2026-08-26 22:38:00,2026-08-26 22:42:00,DE,SaaS Platform,D,MED-001,Medora Cardio 10mg,Prescription,Medora,Wholesale,12,43.0,EUR,0.0,516.0,516.0
TXN-DE-2-000821,2026-08-26 15:22:28,2026-08-26 15:24:28,DE,SaaS Platform,D,PUR-001,PureLife GlucoMonitor,Medical Device,PureLife,E-commerce,4,85.0,EUR,0.1,340.0,306.0
TXN-DE-2-000822,2026-08-26 03:59:31,2026-08-26 04:04:31,DE,SaaS Platform,D,VIT-001,Vitalis C1000,Supplement,Vitalis,D2C,8,21.0,EUR,0.15,168.0,142.8
TXN-DE-2-000823,2026-08-26 18:17:16,2026-08-26 18:23:16,DE,SaaS Platform,D,DER-002,Dermacare LiftCream,Aesthetic,Dermacare,D2C,6,37.0,EUR,0.2,222.0,177.6
TXN-DE-2-000824,2026-08-26 09:20:10,2026-08-26 09:23:10,DE,SaaS Platform,D,DER-001,Dermacare GlowSerum,Aesthetic,Dermacare,Pharmacy/B2B,4,32.0,EUR,0.15,128.0,108.8
TXN-DE-2-000825,2026-08-26 04:26:03,2026-08-26 04:32:03,DE,SaaS Platform,D,PUR-001,PureLife GlucoMonitor,Medical Device,PureLife,Wholesale,9,85.0,EUR,0.2,765.0,612.0
TXN-DE-2-000826,2026-08-26 14:02:13,2026-08-26 14:05:13,DE,SaaS Platform,D,PUR-002,PureLife BP Monitor,Medical Device,PureLife,E-commerce,8,90.0,EUR,0.1,720.0,648.0
TXN-DE-2-000827,2026-08-26 21:44:26,2026-08-26 21:47:26,DE,SaaS Platform,D,PUR-001,PureLife GlucoMonitor,Medical Device,PureLife,Pharmacy/B2B,11,85.0,EUR,0.0,935.0,935.0
TXN-DE-2-000828,2026-08-26 22:04:04,2026-08-26 22:10:04,DE,SaaS Platform,D,DER-001,Dermacare GlowSerum,Aesthetic,Dermacare,D2C,6,32.0,EUR,0.0,192.0,192.0
TXN-DE-2-000829,2026-08-26 18:55:16,2026-08-26 18:57:16,DE,SaaS Platform,D,DER-002,Dermacare LiftCream,Aesthetic,Dermacare,Wholesale,2,37.0,EUR,0.1,74.0,66.6
TXN-DE-2-000830,2026-08-26 12:39:23,2026-08-26 12:44:23,DE,SaaS Platform,D,MED-002,Medora Derm Cream,Prescription,Medora,Pharmacy/B2B,10,26.0,EUR,0.15,260.0,221.0
TXN-DE-2-000831,2026-08-26 21:23:05,2026-08-26 21:26:05,DE,SaaS Platform,D,MED-002,Medora Derm Cream,Prescription,Medora,E-commerce,7,26.0,EUR,0.0,182.0,182.0
TXN-DE-2-000832,2026-08-26 11:17:40,2026-08-26 11:23:40,DE,SaaS Platform,D,DER-002,Dermacare LiftCream,Aesthetic,Dermacare,Wholesale,3,37.0,EUR,0.1,111.0,99.9
TXN-DE-2-000833,2026-08-26 03:30:43,2026-08-26 03:31:43,DE,SaaS Platform,D,PUR-001,PureLife GlucoMonitor,Medical Device,PureLife,D2C,5,85.0,EUR,0.0,425.0,425.0
TXN-DE-2-000834,2026-08-26 04:13:57,2026-08-26 04:16:57,DE,SaaS Platform,D,DER-002,Dermacare LiftCream,Aesthetic,Dermacare,Pharmacy/B2B,9,37.0,EUR,0.0,333.0,333.0
TXN-DE-2-000835,2026-08-26 07:14:52,2026-08-26 07:15:52,DE,SaaS Platform,D,PUR-002,PureLife BP Monitor,Medical Device,PureLife,Wholesale,2,90.0,EUR,0.05,180.0,171.0
TXN-DE-2-000836,2026-08-26 23:38:12,2026-08-26 23:40:12,DE,SaaS Platform,D,SAN-002,SanaPlus ColdFlu,OTC,SanaPlus,E-commerce,11,10.5,EUR,0.15,115.5,98.17
TXN-DE-2-000837,2026-08-26 18:47:32,2026-08-26 18:50:32,DE,SaaS Platform,D,SAN-001,SanaPlus PainRelief,OTC,SanaPlus,E-commerce,8,9.5,EUR,0.0,76.0,76.0
TXN-DE-2-000838,2026-08-26 23:16:11,2026-08-26 23:21:11,DE,SaaS Platform,D,MED-001,Medora Cardio 10mg,Prescription,Medora,D2C,6,43.0,EUR,0.0,258.0,258.0
TXN-DE-2-000839,2026-08-26 22:16:32,2026-08-26 22:17:32,DE,SaaS Platform,D,VIT-001,Vitalis C1000,Supplement,Vitalis,D2C,2,21.0,EUR,0.0,42.0,42.0
TXN-DE-2-000840,2026-08-26 03:58:32,2026-08-26 04:04:32,DE,SaaS Platform,D,DER-002,Dermacare LiftCream,Aesthetic,Dermacare,D2C,11,37.0,EUR,0.0,407.0,407.0
TXN-DE-2-000841,2026-08-26 16:08:59,2026-08-26 16:11:59,DE,SaaS Platform,D,DER-001,Dermacare GlowSerum,Aesthetic,Dermacare,E-commerce,7,32.0,EUR,0.0,224.0,224.0
TXN-DE-2-000842,2026-08-26 04:31:10,2026-08-26 04:36:10,DE,SaaS Platform,D,VIT-002,Vitalis Multivit,Supplement,Vitalis,Wholesale,1,17.0,EUR,0.0,17.0,17.0
TXN-DE-2-000843,2026-08-26 16:42:04,2026-08-26 16:43:04,DE,SaaS Platform,D,VIT-001,Vitalis C1000,Supplement,Vitalis,E-commerce,8,21.0,EUR,0.2,168.0,134.4
TXN-DE-2-000844,2026-08-26 04:28:58,2026-08-26 04:34:58,DE,SaaS Platform,D,VIT-001,Vitalis C1000,Supplement,Vitalis,D2C,1,21.0,EUR,0.05,21.0,19.95
TXN-DE-2-000845,2026-08-26 18:33:08,2026-08-26 18:35:08,DE,SaaS Platform,D,MED-002,Medora Derm Cream,Prescription,Medora,E-commerce,1,26.0,EUR,0.0,26.0,26.0
TXN-DE-2-000846,2026-08-26 13:24:11,2026-08-26 13:29:11,DE,SaaS Platform,D,MED-002,Medora Derm Cream,Prescription,Medora,E-commerce,10,26.0,EUR,0.15,260.0,221.0
TXN-DE-2-000847,2026-08-26 23:58:26,2026-08-27 00:02:26,DE,SaaS Platform,D,PUR-002,PureLife BP Monitor,Medical Device,PureLife,D2C,2,90.0,EUR,0.1,180.0,162.0
TXN-DE-2-000848,2026-08-26 15:44:55,2026-08-26 15:50:55,DE,SaaS Platform,D,VIT-001,Vitalis C1000,Supplement,Vitalis,D2C,6,21.0,EUR,0.0,126.0,126.0
TXN-DE-2-000849,2026-08-26 09:38:06,2026-08-26 09:39:06,DE,SaaS Platform,D,SAN-002,SanaPlus ColdFlu,OTC,SanaPlus,D2C,9,10.5,EUR,0.1,94.5,85.05
TXN-DE-2-000850,2026-08-26 16:57:46,2026-08-26 16:59:46,DE,SaaS Platform,D,VIT-002,Vitalis Multivit,Supplement,Vitalis,D2C,10,17.0,EUR,0.0,170.0,170.0
TXN-DE-2-000851,2026-08-26 20:41:28,2026-08-26 20:47:28,DE,SaaS Platform,D,PUR-002,PureLife BP Monitor,Medical Device,PureLife,D2C,6,90.0,EUR,0.0,540.0,540.0
TXN-DE-2-000852,2026-08-26 06:10:16,2026-08-26 06:15:16,DE,SaaS Platform,D,VIT-001,Vitalis C1000,Supplement,Vitalis,Wholesale,8,21.0,EUR,0.2,168.0,134.4
TXN-DE-2-000853,2026-08-26 01:12:42,2026-08-26 01:14:42,DE,SaaS Platform,D,SAN-002,SanaPlus ColdFlu,OTC,SanaPlus,D2C,6,10.5,EUR,0.1,63.0,56.7
TXN-DE-2-000854,2026-08-26 11:38:19,2026-08-26 11:41:19,DE,SaaS Platform,D,SAN-001,SanaPlus PainRelief,OTC,SanaPlus,E-commerce,3,9.5,EUR,0.2,28.5,22.8
TXN-DE-2-000855,2026-08-26 01:23:05,2026-08-26 01:26:05,DE,SaaS Platform,D,SAN-001,SanaPlus PainRelief,OTC,SanaPlus,Wholesale,3,9.5,EUR,0.2,28.5,22.8
TXN-DE-2-000856,2026-08-26 21:02:16,2026-08-26 21:03:16,DE,SaaS Platform,D,VIT-001,Vitalis C1000,Supplement,Vitalis,Wholesale,8,21.0,EUR,0.0,168.0,168.0
TXN-DE-2-000857,2026-08-26 09:02:47,2026-08-26 09:08:47,DE,SaaS Platform,D,SAN-002,SanaPlus ColdFlu,OTC,SanaPlus,E-commerce,8,10.5,EUR,0.0,84.0,84.0
TXN-DE-2-000858,2026-08-26 23:00:21,2026-08-26 23:04:21,DE,SaaS Platform,D,VIT-002,Vitalis Multivit,Supplement,Vitalis,E-commerce,4,17.0,EUR,0.0,68.0,68.0
TXN-DE-2-000859,2026-08-26 00:07:42,2026-08-26 00:13:42,DE,SaaS Platform,D,MED-002,Medora Derm Cream,Prescription,Medora,Wholesale,2,26.0,EUR,0.1,52.0,46.8
TXN-DE-2-000860,2026-08-26 12:52:59,2026-08-26 12:55:59,DE,SaaS Platform,D,DER-002,Dermacare LiftCream,Aesthetic,Dermacare,Wholesale,4,37.0,EUR,0.0,148.0,148.0
TXN-DE-2-000861,2026-08-26 21:40:41,2026-08-26 21:43:41,DE,SaaS Platform,D,MED-002,Medora Derm Cream,Prescription,Medora,Wholesale,7,26.0,EUR,0.0,182.0,182.0
TXN-DE-2-000862,2026-08-26 02:34:09,2026-08-26 02:37:09,DE,SaaS Platform,D,DER-001,Dermacare GlowSerum,Aesthetic,Dermacare,Wholesale,5,32.0,EUR,0.2,160.0,128.0
TXN-DE-2-000863,2026-08-26 20:17:53,2026-08-26 20:23:53,DE,SaaS Platform,D,DER-001,Dermacare GlowSerum,Aesthetic,Dermacare,E-commerce,8,32.0,EUR,0.0,256.0,256.0
TXN-DE-2-000864,2026-08-26 17:53:26,2026-08-26 17:54:26,DE,SaaS Platform,D,VIT-002,Vitalis Multivit,Supplement,Vitalis,Pharmacy/B2B,4,17.0,EUR,0.05,68.0,64.6
TXN-DE-2-000865,2026-08-26 14:18:53,2026-08-26 14:20:53,DE,SaaS Platform,D,PUR-001,PureLife GlucoMonitor,Medical Device,PureLife,Wholesale,11,85.0,EUR,0.15,935.0,794.75
TXN-DE-2-000866,2026-08-26 01:57:45,2026-08-26 01:59:45,DE,SaaS Platform,D,DER-001,Dermacare GlowSerum,Aesthetic,Dermacare,Wholesale,2,32.0,EUR,0.15,64.0,54.4
TXN-DE-2-000867,2026-08-26 16:36:58,2026-08-26 16:39:58,DE,SaaS Platform,D,PUR-001,PureLife GlucoMonitor,Medical Device,PureLife,D2C,1,85.0,EUR,0.0,85.0,85.0
TXN-DE-2-000868,2026-08-26 08:14:32,2026-08-26 08:15:32,DE,SaaS Platform,D,PUR-001,PureLife GlucoMonitor,Medical Device,PureLife,Wholesale,6,85.0,EUR,0.1,510.0,459.0
TXN-DE-2-000869,2026-08-26 11:51:38,2026-08-26 11:53:38,DE,SaaS Platform,D,VIT-001,Vitalis C1000,Supplement,Vitalis,Wholesale,7,21.0,EUR,0.15,147.0,124.95
TXN-DE-2-000870,2026-08-26 04:29:01,2026-08-26 04:33:01,DE,SaaS Platform,D,VIT-001,Vitalis C1000,Supplement,Vitalis,Wholesale,5,21.0,EUR,0.05,105.0,99.75
TXN-DE-2-000871,2026-08-26 02:06:35,2026-08-26 02:07:35,DE,SaaS Platform,D,VIT-002,Vitalis Multivit,Supplement,Vitalis,D2C,2,17.0,EUR,0.0,34.0,34.0
TXN-DE-2-000872,2026-08-26 13:36:19,2026-08-26 13:41:19,DE,SaaS Platform,D,PUR-001,PureLife GlucoMonitor,Medical Device,PureLife,E-commerce,9,85.0,EUR,0.05,765.0,726.75
TXN-DE-2-000873,2026-08-26 01:01:16,2026-08-26 01:03:16,DE,SaaS Platform,D,SAN-002,SanaPlus ColdFlu,OTC,SanaPlus,Pharmacy/B2B,8,10.5,EUR,0.0,84.0,84.0
TXN-DE-2-000874,2026-08-26 21:26:24,2026-08-26 21:31:24,DE,SaaS Platform,D,SAN-001,SanaPlus PainRelief,OTC,SanaPlus,Wholesale,5,9.5,EUR,0.0,47.5,47.5
TXN-DE-2-000875,2026-08-26 00:32:58,2026-08-26 00:33:58,DE,SaaS Platform,D,PUR-002,PureLife BP Monitor,Medical Device,PureLife,Wholesale,1,90.0,EUR,0.05,90.0,85.5
TXN-DE-2-000876,2026-08-26 09:44:02,2026-08-26 09:50:02,DE,SaaS Platform,D,SAN-001,SanaPlus PainRelief,OTC,SanaPlus,Pharmacy/B2B,12,9.5,EUR,0.05,114.0,108.3
TXN-DE-2-000877,2026-08-26 02:36:49,2026-08-26 02:42:49,DE,SaaS Platform,D,VIT-001,Vitalis C1000,Supplement,Vitalis,D2C,4,21.0,EUR,0.2,84.0,67.2
TXN-DE-2-000878,2026-08-26 10:28:53,2026-08-26 10:32:53,DE,SaaS Platform,D,MED-002,Medora Derm Cream,Prescription,Medora,Pharmacy/B2B,6,26.0,EUR,0.2,156.0,124.8
TXN-DE-2-000879,2026-08-26 11:57:51,2026-08-26 12:03:51,DE,SaaS Platform,D,SAN-002,SanaPlus ColdFlu,OTC,SanaPlus,E-commerce,5,10.5,EUR,0.15,52.5,44.62
TXN-DE-2-000880,2026-08-26 01:05:45,2026-08-26 01:07:45,DE,SaaS Platform,D,DER-002,Dermacare LiftCream,Aesthetic,Dermacare,E-commerce,1,37.0,EUR,0.0,37.0,37.0
TXN-DE-2-000881,2026-08-26 13:10:35,2026-08-26 13:15:35,DE,SaaS Platform,D,MED-002,Medora Derm Cream,Prescription,Medora,Pharmacy/B2B,4,26.0,EUR,0.0,104.0,104.0
TXN-DE-2-000882,2026-08-26 18:42:44,2026-08-26 18:48:44,DE,SaaS Platform,D,VIT-002,Vitalis Multivit,Supplement,Vitalis,D2C,4,17.0,EUR,0.0,68.0,68.0
TXN-DE-2-000883,2026-08-26 02:42:53,2026-08-26 02:46:53,DE,SaaS Platform,D,PUR-002,PureLife BP Monitor,Medical Device,PureLife,D2C,11,90.0,EUR,0.15,990.0,841.5
TXN-DE-2-000884,2026-08-26 04:29:32,2026-08-26 04:32:32,DE,SaaS Platform,D,VIT-001,Vitalis C1000,Supplement,Vitalis,E-commerce,4,21.0,EUR,0.0,84.0,84.0
TXN-DE-2-000885,2026-08-26 11:55:15,2026-08-26 11:56:15,DE,SaaS Platform,D,PUR-001,PureLife GlucoMonitor,Medical Device,PureLife,Wholesale,1,85.0,EUR,0.15,85.0,72.25
TXN-DE-2-000886,2026-08-26 17:29:05,2026-08-26 17:30:05,DE,SaaS Platform,D,VIT-002,Vitalis Multivit,Supplement,Vitalis,Wholesale,7,17.0,EUR,0.05,119.0,113.05
TXN-DE-2-000887,2026-08-26 17:01:20,2026-08-26 17:02:20,DE,SaaS Platform,D,PUR-001,PureLife GlucoMonitor,Medical Device,PureLife,Pharmacy/B2B,7,85.0,EUR,0.2,595.0,476.0
TXN-DE-2-000888,2026-08-26 00:21:46,2026-08-26 00:25:46,DE,SaaS Platform,D,MED-001,Medora Cardio 10mg,Prescription,Medora,D2C,12,43.0,EUR,0.0,516.0,516.0
TXN-DE-2-000889,2026-08-26 15:17:00,2026-08-26 15:20:00,DE,SaaS Platform,D,MED-001,Medora Cardio 10mg,Prescription,Medora,D2C,2,43.0,EUR,0.0,86.0,86.0
TXN-DE-2-000890,2026-08-26 19:40:30,2026-08-26 19:42:30,DE,SaaS Platform,D,VIT-001,Vitalis C1000,Supplement,Vitalis,D2C,1,21.0,EUR,0.2,21.0,16.8
TXN-DE-2-000891,2026-08-26 03:32:27,2026-08-26 03:38:27,DE,SaaS Platform,D,SAN-001,SanaPlus PainRelief,OTC,SanaPlus,D2C,1,9.5,EUR,0.05,9.5,9.03
TXN-DE-2-000892,2026-08-26 22:35:03,2026-08-26 22:36:03,DE,SaaS Platform,D,SAN-001,SanaPlus PainRelief,OTC,SanaPlus,E-commerce,9,9.5,EUR,0.1,85.5,76.95
TXN-DE-2-000893,2026-08-26 06:59:04,2026-08-26 07:02:04,DE,SaaS Platform,D,VIT-002,Vitalis Multivit,Supplement,Vitalis,Pharmacy/B2B,8,17.0,EUR,0.0,136.0,136.0
TXN-DE-2-000894,2026-08-26 05:19:53,2026-08-26 05:22:53,DE,SaaS Platform,D,DER-001,Dermacare GlowSerum,Aesthetic,Dermacare,Pharmacy/B2B,6,32.0,EUR,0.15,192.0,163.2
TXN-DE-2-000895,2026-08-26 13:02:43,2026-08-26 13:04:43,DE,SaaS Platform,D,VIT-001,Vitalis C1000,Supplement,Vitalis,D2C,11,21.0,EUR,0.15,231.0,196.35
TXN-DE-2-000896,2026-08-26 02:55:18,2026-08-26 02:56:18,DE,SaaS Platform,D,VIT-002,Vitalis Multivit,Supplement,Vitalis,D2C,2,17.0,EUR,0.0,34.0,34.0
TXN-DE-2-000897,2026-08-26 20:06:18,2026-08-26 20:07:18,DE,SaaS Platform,D,VIT-001,Vitalis C1000,Supplement,Vitalis,Wholesale,12,21.0,EUR,0.1,252.0,226.8
TXN-DE-2-000898,2026-08-26 20:37:09,2026-08-26 20:39:09,DE,SaaS Platform,D,DER-001,Dermacare GlowSerum,Aesthetic,Dermacare,D2C,9,32.0,EUR,0.15,288.0,244.8
TXN-DE-2-000899,2026-08-26 07:58:43,2026-08-26 08:01:43,DE,SaaS Platform,D,VIT-001,Vitalis C1000,Supplement,Vitalis,Wholesale,4,21.0,EUR,0.1,84.0,75.6
TXN-DE-2-000900,2026-08-26 07:27:04,2026-08-26 07:33:04,DE,SaaS Platform,D,PUR-002,PureLife BP Monitor,Medical Device,PureLife,Wholesale,9,90.0,EUR,0.1,810.0,729.0
TXN-DE-2-000901,2026-08-26 11:47:28,2026-08-26 11:51:28,DE,SaaS Platform,D,MED-001,Medora Cardio 10mg,Prescription,Medora,Wholesale,10,43.0,EUR,0.0,430.0,430.0
TXN-DE-2-000902,2026-08-26 11:50:04,2026-08-26 11:54:04,DE,SaaS Platform,D,PUR-001,PureLife GlucoMonitor,Medical Device,PureLife,D2C,8,85.0,EUR,0.0,680.0,680.0
TXN-DE-2-000903,2026-08-26 22:06:15,2026-08-26 22:08:15,DE,SaaS Platform,D,MED-002,Medora Derm Cream,Prescription,Medora,D2C,8,26.0,EUR,0.1,208.0,187.2
TXN-DE-2-000904,2026-08-26 21:28:19,2026-08-26 21:32:19,DE,SaaS Platform,D,SAN-002,SanaPlus ColdFlu,OTC,SanaPlus,Pharmacy/B2B,3,10.5,EUR,0.15,31.5,26.77
TXN-DE-2-000905,2026-08-26 08:53:17,2026-08-26 08:58:17,DE,SaaS Platform,D,SAN-001,SanaPlus PainRelief,OTC,SanaPlus,D2C,11,9.5,EUR,0.2,104.5,83.6
TXN-DE-2-000906,2026-08-26 22:07:55,2026-08-26 22:10:55,DE,SaaS Platform,D,PUR-002,PureLife BP Monitor,Medical Device,PureLife,E-commerce,1,90.0,EUR,0.05,90.0,85.5
TXN-DE-2-000907,2026-08-26 23:44:41,2026-08-26 23:50:41,DE,SaaS Platform,D,PUR-001,PureLife GlucoMonitor,Medical Device,PureLife,D2C,6,85.0,EUR,0.05,510.0,484.5
TXN-DE-2-000908,2026-08-26 18:17:06,2026-08-26 18:20:06,DE,SaaS Platform,D,SAN-001,SanaPlus PainRelief,OTC,SanaPlus,Pharmacy/B2B,12,9.5,EUR,0.2,114.0,91.2
TXN-DE-2-000909,2026-08-26 06:08:23,2026-08-26 06:10:23,DE,SaaS Platform,D,MED-001,Medora Cardio 10mg,Prescription,Medora,Wholesale,8,43.0,EUR,0.0,344.0,344.0
TXN-DE-2-000910,2026-08-26 11:16:17,2026-08-26 11:22:17,DE,SaaS Platform,D,DER-001,Dermacare GlowSerum,Aesthetic,Dermacare,D2C,11,32.0,EUR,0.0,352.0,352.0
TXN-DE-2-000911,2026-08-26 23:47:48,2026-08-26 23:53:48,DE,SaaS Platform,D,VIT-001,Vitalis C1000,Supplement,Vitalis,Wholesale,1,21.0,EUR,0.2,21.0,16.8
TXN-DE-2-000912,2026-08-26 02:43:58,2026-08-26 02:44:58,DE,SaaS Platform,D,PUR-001,PureLife GlucoMonitor,Medical Device,PureLife,E-commerce,8,85.0,EUR,0.05,680.0,646.0
TXN-DE-2-000913,2026-08-26 22:25:57,2026-08-26 22:26:57,DE,SaaS Platform,D,MED-001,Medora Cardio 10mg,Prescription,Medora,Pharmacy/B2B,9,43.0,EUR,0.15,387.0,328.95
TXN-DE-2-000914,2026-08-26 21:51:47,2026-08-26 21:56:47,DE,SaaS Platform,D,MED-002,Medora Derm Cream,Prescription,Medora,E-commerce,8,26.0,EUR,0.1,208.0,187.2
TXN-DE-2-000915,2026-08-26 02:00:12,2026-08-26 02:01:12,DE,SaaS Platform,D,MED-002,Medora Derm Cream,Prescription,Medora,Pharmacy/B2B,5,26.0,EUR,0.05,130.0,123.5
TXN-DE-2-000916,2026-08-26 00:07:08,2026-08-26 00:12:08,DE,SaaS Platform,D,SAN-001,SanaPlus PainRelief,OTC,SanaPlus,D2C,12,9.5,EUR,0.2,114.0,91.2
TXN-DE-2-000917,2026-08-26 09:12:43,2026-08-26 09:15:43,DE,SaaS Platform,D,SAN-002,SanaPlus ColdFlu,OTC,SanaPlus,E-commerce,11,10.5,EUR,0.0,115.5,115.5
TXN-DE-2-000918,2026-08-26 12:42:39,2026-08-26 12:46:39,DE,SaaS Platform,D,DER-002,Dermacare LiftCream,Aesthetic,Dermacare,E-commerce,2,37.0,EUR,0.2,74.0,59.2
TXN-DE-2-000919,2026-08-26 02:20:27,2026-08-26 02:25:27,DE,SaaS Platform,D,SAN-002,SanaPlus ColdFlu,OTC,SanaPlus,Pharmacy/B2B,2,10.5,EUR,0.0,21.0,21.0
TXN-DE-2-000920,2026-08-26 20:41:23,2026-08-26 20:44:23,DE,SaaS Platform,D,SAN-002,SanaPlus ColdFlu,OTC,SanaPlus,E-commerce,7,10.5,EUR,0.0,73.5,73.5
TXN-DE-2-000921,2026-08-26 19:07:37,2026-08-26 19:13:37,DE,SaaS Platform,D,VIT-001,Vitalis C1000,Supplement,Vitalis,Pharmacy/B2B,7,21.0,EUR,0.0,147.0,147.0
TXN-DE-2-000922,2026-08-26 12:59:13,2026-08-26 13:00:13,DE,SaaS Platform,D,SAN-001,SanaPlus PainRelief,OTC,SanaPlus,Wholesale,3,9.5,EUR,0.15,28.5,24.22
TXN-DE-2-000923,2026-08-26 00:23:55,2026-08-26 00:24:55,DE,SaaS Platform,D,MED-001,Medora Cardio 10mg,Prescription,Medora,Wholesale,11,43.0,EUR,0.05,473.0,449.35
TXN-DE-2-000924,2026-08-26 10:51:48,2026-08-26 10:57:48,DE,SaaS Platform,D,MED-002,Medora Derm Cream,Prescription,Medora,D2C,4,26.0,EUR,0.05,104.0,98.8
TXN-DE-2-000925,2026-08-26 16:12:46,2026-08-26 16:14:46,DE,SaaS Platform,D,VIT-001,Vitalis C1000,Supplement,Vitalis,E-commerce,9,21.0,EUR,0.0,189.0,189.0
TXN-DE-2-000926,2026-08-26 11:52:00,2026-08-26 11:56:00,DE,SaaS Platform,D,PUR-002,PureLife BP Monitor,Medical Device,PureLife,E-commerce,2,90.0,EUR,0.2,180.0,144.0
TXN-DE-2-000927,2026-08-26 10:09:21,2026-08-26 10:14:21,DE,SaaS Platform,D,VIT-002,Vitalis Multivit,Supplement,Vitalis,D2C,5,17.0,EUR,0.1,85.0,76.5
TXN-DE-2-000928,2026-08-26 20:20:09,2026-08-26 20:21:09,DE,SaaS Platform,D,MED-001,Medora Cardio 10mg,Prescription,Medora,Wholesale,4,43.0,EUR,0.0,172.0,172.0
TXN-DE-2-000929,2026-08-26 16:52:23,2026-08-26 16:56:23,DE,SaaS Platform,D,MED-002,Medora Derm Cream,Prescription,Medora,Pharmacy/B2B,4,26.0,EUR,0.05,104.0,98.8
TXN-DE-2-000930,2026-08-26 17:10:16,2026-08-26 17:14:16,DE,SaaS Platform,D,VIT-002,Vitalis Multivit,Supplement,Vitalis,Pharmacy/B2B,2,17.0,EUR,0.0,34.0,34.0
TXN-DE-2-000931,2026-08-26 06:11:22,2026-08-26 06:14:22,DE,SaaS Platform,D,VIT-002,Vitalis Multivit,Supplement,Vitalis,Wholesale,11,17.0,EUR,0.0,187.0,187.0
TXN-DE-2-000932,2026-08-26 21:08:11,2026-08-26 21:10:11,DE,SaaS Platform,D,VIT-002,Vitalis Multivit,Supplement,Vitalis,D2C,9,17.0,EUR,0.0,153.0,153.0
TXN-DE-2-000933,2026-08-26 04:09:43,2026-08-26 04:15:43,DE,SaaS Platform,D,SAN-002,SanaPlus ColdFlu,OTC,SanaPlus,Pharmacy/B2B,11,10.5,EUR,0.0,115.5,115.5
TXN-DE-2-000934,2026-08-26 20:55:14,2026-08-26 20:58:14,DE,SaaS Platform,D,MED-001,Medora Cardio 10mg,Prescription,Medora,Pharmacy/B2B,8,43.0,EUR,0.0,344.0,344.0
TXN-DE-2-000935,2026-08-26 15:42:48,2026-08-26 15:46:48,DE,SaaS Platform,D,VIT-001,Vitalis C1000,Supplement,Vitalis,E-commerce,10,21.0,EUR,0.05,210.0,199.5
TXN-DE-2-000936,2026-08-26 22:40:31,2026-08-26 22:45:31,DE,SaaS Platform,D,PUR-001,PureLife GlucoMonitor,Medical Device,PureLife,Pharmacy/B2B,2,85.0,EUR,0.1,170.0,153.0
TXN-DE-2-000937,2026-08-26 18:22:54,2026-08-26 18:24:54,DE,SaaS Platform,D,MED-002,Medora Derm Cream,Prescription,Medora,Pharmacy/B2B,8,26.0,EUR,0.05,208.0,197.6
TXN-DE-2-000938,2026-08-26 01:10:10,2026-08-26 01:13:10,DE,SaaS Platform,D,PUR-002,PureLife BP Monitor,Medical Device,PureLife,D2C,6,90.0,EUR,0.1,540.0,486.0
TXN-DE-2-000939,2026-08-26 23:58:02,2026-08-27 00:04:02,DE,SaaS Platform,D,DER-002,Dermacare LiftCream,Aesthetic,Dermacare,Pharmacy/B2B,5,37.0,EUR,0.0,185.0,185.0
TXN-DE-2-000940,2026-08-26 13:25:06,2026-08-26 13:27:06,DE,SaaS Platform,D,DER-002,Dermacare LiftCream,Aesthetic,Dermacare,Wholesale,7,37.0,EUR,0.1,259.0,233.1
TXN-DE-2-000941,2026-08-26 14:47:57,2026-08-26 14:51:57,DE,SaaS Platform,D,VIT-002,Vitalis Multivit,Supplement,Vitalis,E-commerce,6,17.0,EUR,0.0,102.0,102.0
TXN-DE-2-000942,2026-08-26 21:23:33,2026-08-26 21:27:33,DE,SaaS Platform,D,DER-001,Dermacare GlowSerum,Aesthetic,Dermacare,Pharmacy/B2B,8,32.0,EUR,0.2,256.0,204.8
TXN-DE-2-000943,2026-08-26 00:16:33,2026-08-26 00:18:33,DE,SaaS Platform,D,PUR-001,PureLife GlucoMonitor,Medical Device,PureLife,Wholesale,4,85.0,EUR,0.2,340.0,272.0
TXN-DE-2-000944,2026-08-26 18:02:23,2026-08-26 18:04:23,DE,SaaS Platform,D,VIT-002,Vitalis Multivit,Supplement,Vitalis,Pharmacy/B2B,6,17.0,EUR,0.05,102.0,96.9
TXN-DE-2-000945,2026-08-26 04:15:05,2026-08-26 04:17:05,DE,SaaS Platform,D,MED-002,Medora Derm Cream,Prescription,Medora,Wholesale,12,26.0,EUR,0.2,312.0,249.6
TXN-DE-2-000946,2026-08-26 15:52:09,2026-08-26 15:54:09,DE,SaaS Platform,D,PUR-002,PureLife BP Monitor,Medical Device,PureLife,Wholesale,11,90.0,EUR,0.05,990.0,940.5
TXN-DE-2-000947,2026-08-26 19:01:19,2026-08-26 19:07:19,DE,SaaS Platform,D,VIT-001,Vitalis C1000,Supplement,Vitalis,Wholesale,4,21.0,EUR,0.0,84.0,84.0
TXN-DE-2-000948,2026-08-26 06:09:25,2026-08-26 06:14:25,DE,SaaS Platform,D,PUR-002,PureLife BP Monitor,Medical Device,PureLife,Pharmacy/B2B,11,90.0,EUR,0.2,990.0,792.0
TXN-DE-2-000949,2026-08-26 09:40:05,2026-08-26 09:42:05,DE,SaaS Platform,D,DER-001,Dermacare GlowSerum,Aesthetic,Dermacare,D2C,12,32.0,EUR,0.15,384.0,326.4
TXN-DE-2-000950,2026-08-26 10:36:12,2026-08-26 10:39:12,DE,SaaS Platform,D,DER-001,Dermacare GlowSerum,Aesthetic,Dermacare,Pharmacy/B2B,11,32.0,EUR,0.15,352.0,299.2
TXN-DE-2-000951,2026-08-26 22:56:11,2026-08-26 23:02:11,DE,SaaS Platform,D,DER-001,Dermacare GlowSerum,Aesthetic,Dermacare,D2C,9,32.0,EUR,0.1,288.0,259.2
TXN-DE-2-000952,2026-08-26 22:09:10,2026-08-26 22:11:10,DE,SaaS Platform,D,VIT-001,Vitalis C1000,Supplement,Vitalis,Pharmacy/B2B,10,21.0,EUR,0.0,210.0,210.0
TXN-DE-2-000953,2026-08-26 08:21:13,2026-08-26 08:23:13,DE,SaaS Platform,D,MED-001,Medora Cardio 10mg,Prescription,Medora,D2C,5,43.0,EUR,0.0,215.0,215.0
TXN-DE-2-000954,2026-08-26 03:27:25,2026-08-26 03:31:25,DE,SaaS Platform,D,PUR-002,PureLife BP Monitor,Medical Device,PureLife,D2C,4,90.0,EUR,0.0,360.0,360.0
TXN-DE-2-000955,2026-08-26 19:22:09,2026-08-26 19:25:09,DE,SaaS Platform,D,DER-001,Dermacare GlowSerum,Aesthetic,Dermacare,D2C,6,32.0,EUR,0.15,192.0,163.2
TXN-DE-2-000956,2026-08-26 00:30:53,2026-08-26 00:33:53,DE,SaaS Platform,D,SAN-001,SanaPlus PainRelief,OTC,SanaPlus,Wholesale,3,9.5,EUR,0.0,28.5,28.5
TXN-DE-2-000957,2026-08-26 00:54:09,2026-08-26 00:57:09,DE,SaaS Platform,D,SAN-001,SanaPlus PainRelief,OTC,SanaPlus,Pharmacy/B2B,7,9.5,EUR,0.0,66.5,66.5
TXN-DE-2-000958,2026-08-26 03:20:23,2026-08-26 03:24:23,DE,SaaS Platform,D,DER-001,Dermacare GlowSerum,Aesthetic,Dermacare,D2C,2,32.0,EUR,0.05,64.0,60.8
TXN-DE-2-000959,2026-08-26 02:00:05,2026-08-26 02:01:05,DE,SaaS Platform,D,MED-001,Medora Cardio 10mg,Prescription,Medora,E-commerce,4,43.0,EUR,0.05,172.0,163.4
TXN-DE-2-000960,2026-08-26 21:20:33,2026-08-26 21:21:33,DE,SaaS Platform,D,SAN-001,SanaPlus PainRelief,OTC,SanaPlus,Wholesale,5,9.5,EUR,0.2,47.5,38.0
TXN-DE-2-000961,2026-08-26 04:33:06,2026-08-26 04:34:06,DE,SaaS Platform,D,VIT-001,Vitalis C1000,Supplement,Vitalis,Pharmacy/B2B,7,21.0,EUR,0.2,147.0,117.6
TXN-DE-2-000962,2026-08-26 14:22:08,2026-08-26 14:23:08,DE,SaaS Platform,D,SAN-002,SanaPlus ColdFlu,OTC,SanaPlus,Pharmacy/B2B,12,10.5,EUR,0.2,126.0,100.8
TXN-DE-2-000963,2026-08-26 19:29:30,2026-08-26 19:32:30,DE,SaaS Platform,D,DER-001,Dermacare GlowSerum,Aesthetic,Dermacare,Pharmacy/B2B,3,32.0,EUR,0.15,96.0,81.6
TXN-DE-2-000964,2026-08-26 20:21:30,2026-08-26 20:27:30,DE,SaaS Platform,D,PUR-002,PureLife BP Monitor,Medical Device,PureLife,Pharmacy/B2B,11,90.0,EUR,0.05,990.0,940.5
TXN-DE-2-000965,2026-08-26 01:53:52,2026-08-26 01:58:52,DE,SaaS Platform,D,PUR-001,PureLife GlucoMonitor,Medical Device,PureLife,Pharmacy/B2B,8,85.0,EUR,0.2,680.0,544.0
TXN-DE-2-000966,2026-08-26 05:07:25,2026-08-26 05:10:25,DE,SaaS Platform,D,VIT-001,Vitalis C1000,Supplement,Vitalis,Pharmacy/B2B,8,21.0,EUR,0.0,168.0,168.0
TXN-DE-2-000967,2026-08-26 08:33:19,2026-08-26 08:34:19,DE,SaaS Platform,D,PUR-001,PureLife GlucoMonitor,Medical Device,PureLife,Wholesale,8,85.0,EUR,0.0,680.0,680.0
TXN-DE-2-000968,2026-08-26 05:31:00,2026-08-26 05:35:00,DE,SaaS Platform,D,PUR-002,PureLife BP Monitor,Medical Device,PureLife,Wholesale,7,90.0,EUR,0.05,630.0,598.5
TXN-DE-2-000969,2026-08-26 08:13:02,2026-08-26 08:16:02,DE,SaaS Platform,D,PUR-002,PureLife BP Monitor,Medical Device,PureLife,D2C,9,90.0,EUR,0.15,810.0,688.5
TXN-DE-2-000970,2026-08-26 15:53:08,2026-08-26 15:54:08,DE,SaaS Platform,D,MED-002,Medora Derm Cream,Prescription,Medora,D2C,12,26.0,EUR,0.0,312.0,312.0
TXN-DE-2-000971,2026-08-26 01:37:52,2026-08-26 01:42:52,DE,SaaS Platform,D,SAN-002,SanaPlus ColdFlu,OTC,SanaPlus,D2C,5,10.5,EUR,0.1,52.5,47.25
TXN-DE-2-000972,2026-08-26 02:27:15,2026-08-26 02:33:15,DE,SaaS Platform,D,SAN-001,SanaPlus PainRelief,OTC,SanaPlus,Wholesale,6,9.5,EUR,0.0,57.0,57.0
TXN-DE-2-000973,2026-08-26 15:53:55,2026-08-26 15:57:55,DE,SaaS Platform,D,PUR-002,PureLife BP Monitor,Medical Device,PureLife,E-commerce,2,90.0,EUR,0.0,180.0,180.0
TXN-DE-2-000974,2026-08-26 16:03:41,2026-08-26 16:04:41,DE,SaaS Platform,D,PUR-002,PureLife BP Monitor,Medical Device,PureLife,D2C,3,90.0,EUR,0.05,270.0,256.5
TXN-DE-2-000975,2026-08-26 03:22:35,2026-08-26 03:26:35,DE,SaaS Platform,D,MED-002,Medora Derm Cream,Prescription,Medora,Wholesale,8,26.0,EUR,0.0,208.0,208.0
TXN-DE-2-000976,2026-08-26 21:18:02,2026-08-26 21:22:02,DE,SaaS Platform,D,PUR-001,PureLife GlucoMonitor,Medical Device,PureLife,E-commerce,12,85.0,EUR,0.15,1020.0,867.0
TXN-DE-2-000977,2026-08-26 17:16:42,2026-08-26 17:18:42,DE,SaaS Platform,D,MED-001,Medora Cardio 10mg,Prescription,Medora,Pharmacy/B2B,7,43.0,EUR,0.0,301.0,301.0
TXN-DE-2-000978,2026-08-26 19:42:26,2026-08-26 19:48:26,DE,SaaS Platform,D,SAN-002,SanaPlus ColdFlu,OTC,SanaPlus,D2C,8,10.5,EUR,0.0,84.0,84.0
TXN-DE-2-000979,2026-08-26 08:58:22,2026-08-26 09:00:22,DE,SaaS Platform,D,VIT-001,Vitalis C1000,Supplement,Vitalis,D2C,9,21.0,EUR,0.0,189.0,189.0
TXN-DE-2-000980,2026-08-26 21:18:00,2026-08-26 21:24:00,DE,SaaS Platform,D,DER-001,Dermacare GlowSerum,Aesthetic,Dermacare,E-commerce,5,32.0,EUR,0.1,160.0,144.0
TXN-DE-2-000981,2026-08-26 03:16:44,2026-08-26 03:18:44,DE,SaaS Platform,D,MED-001,Medora Cardio 10mg,Prescription,Medora,Pharmacy/B2B,5,43.0,EUR,0.15,215.0,182.75
TXN-DE-2-000982,2026-08-26 08:48:09,2026-08-26 08:52:09,DE,SaaS Platform,D,VIT-001,Vitalis C1000,Supplement,Vitalis,D2C,11,21.0,EUR,0.05,231.0,219.45
TXN-DE-2-000983,2026-08-26 20:38:52,2026-08-26 20:39:52,DE,SaaS Platform,D,SAN-002,SanaPlus ColdFlu,OTC,SanaPlus,E-commerce,12,10.5,EUR,0.15,126.0,107.1
TXN-DE-2-000984,2026-08-26 21:55:59,2026-08-26 22:01:59,DE,SaaS Platform,D,VIT-002,Vitalis Multivit,Supplement,Vitalis,Pharmacy/B2B,6,17.0,EUR,0.1,102.0,91.8
TXN-DE-2-000985,2026-08-26 02:55:22,2026-08-26 03:00:22,DE,SaaS Platform,D,DER-002,Dermacare LiftCream,Aesthetic,Dermacare,Wholesale,3,37.0,EUR,0.0,111.0,111.0
TXN-DE-2-000986,2026-08-26 00:07:13,2026-08-26 00:10:13,DE,SaaS Platform,D,DER-001,Dermacare GlowSerum,Aesthetic,Dermacare,Wholesale,2,32.0,EUR,0.0,64.0,64.0
TXN-DE-2-000987,2026-08-26 02:18:51,2026-08-26 02:19:51,DE,SaaS Platform,D,DER-001,Dermacare GlowSerum,Aesthetic,Dermacare,Pharmacy/B2B,10,32.0,EUR,0.0,320.0,320.0
TXN-DE-2-000988,2026-08-26 18:28:21,2026-08-26 18:29:21,DE,SaaS Platform,D,DER-001,Dermacare GlowSerum,Aesthetic,Dermacare,Pharmacy/B2B,9,32.0,EUR,0.1,288.0,259.2
TXN-DE-2-000989,2026-08-26 07:22:48,2026-08-26 07:28:48,DE,SaaS Platform,D,VIT-001,Vitalis C1000,Supplement,Vitalis,Wholesale,6,21.0,EUR,0.0,126.0,126.0
TXN-DE-2-000990,2026-08-26 15:34:40,2026-08-26 15:38:40,DE,SaaS Platform,D,MED-002,Medora Derm Cream,Prescription,Medora,D2C,6,26.0,EUR,0.0,156.0,156.0
TXN-DE-2-000991,2026-08-26 02:47:53,2026-08-26 02:52:53,DE,SaaS Platform,D,MED-002,Medora Derm Cream,Prescription,Medora,Wholesale,9,26.0,EUR,0.0,234.0,234.0
TXN-DE-2-000992,2026-08-26 02:04:20,2026-08-26 02:06:20,DE,SaaS Platform,D,DER-002,Dermacare LiftCream,Aesthetic,Dermacare,D2C,12,37.0,EUR,0.0,444.0,444.0
TXN-DE-2-000993,2026-08-26 14:00:34,2026-08-26 14:06:34,DE,SaaS Platform,D,MED-002,Medora Derm Cream,Prescription,Medora,E-commerce,6,26.0,EUR,0.0,156.0,156.0
TXN-DE-2-000994,2026-08-26 10:22:23,2026-08-26 10:24:23,DE,SaaS Platform,D,DER-001,Dermacare GlowSerum,Aesthetic,Dermacare,Pharmacy/B2B,9,32.0,EUR,0.1,288.0,259.2
TXN-DE-2-000995,2026-08-26 02:53:45,2026-08-26 02:55:45,DE,SaaS Platform,D,SAN-001,SanaPlus PainRelief,OTC,SanaPlus,Pharmacy/B2B,6,9.5,EUR,0.2,57.0,45.6
TXN-DE-2-000996,2026-08-26 05:49:22,2026-08-26 05:50:22,DE,SaaS Platform,D,VIT-001,Vitalis C1000,Supplement,Vitalis,Pharmacy/B2B,11,21.0,EUR,0.2,231.0,184.8
TXN-DE-2-000997,2026-08-26 22:45:29,2026-08-26 22:50:29,DE,SaaS Platform,D,VIT-002,Vitalis Multivit,Supplement,Vitalis,E-commerce,9,17.0,EUR,0.05,153.0,145.35
TXN-DE-2-000998,2026-08-26 07:31:48,2026-08-26 07:32:48,DE,SaaS Platform,D,MED-001,Medora Cardio 10mg,Prescription,Medora,Wholesale,1,43.0,EUR,0.2,43.0,34.4
TXN-DE-2-000999,2026-08-26 08:33:09,2026-08-26 08:39:09,DE,SaaS Platform,D,VIT-001,Vitalis C1000,Supplement,Vitalis,Wholesale,10,21.0,EUR,0.2,210.0,168.0
TXN-DE-2-001000,2026-08-26 13:03:32,2026-08-26 13:07:32,DE,SaaS Platform,D,VIT-002,Vitalis Multivit,Supplement,Vitalis,Wholesale,12,17.0,EUR,0.05,204.0,193.8
TXN-DE-2-001001,2026-08-26 13:22:48,2026-08-26 13:26:48,DE,SaaS Platform,D,SAN-001,SanaPlus PainRelief,OTC,SanaPlus,Pharmacy/B2B,1,9.5,EUR,0.1,9.5,8.55
TXN-DE-2-001002,2026-08-26 21:29:31,2026-08-26 21:32:31,DE,SaaS Platform,D,SAN-002,SanaPlus ColdFlu,OTC,SanaPlus,E-commerce,1,10.5,EUR,0.05,10.5,9.97
TXN-DE-2-001003,2026-08-26 04:36:06,2026-08-26 04:39:06,DE,SaaS Platform,D,PUR-002,PureLife BP Monitor,Medical Device,PureLife,D2C,12,90.0,EUR,0.0,1080.0,1080.0
TXN-DE-2-001004,2026-08-26 07:01:41,2026-08-26 07:05:41,DE,SaaS Platform,D,DER-001,Dermacare GlowSerum,Aesthetic,Dermacare,D2C,10,32.0,EUR,0.0,320.0,320.0
TXN-DE-2-001005,2026-08-26 02:53:55,2026-08-26 02:55:55,DE,SaaS Platform,D,VIT-002,Vitalis Multivit,Supplement,Vitalis,Pharmacy/B2B,10,17.0,EUR,0.1,170.0,153.0
TXN-DE-2-001006,2026-08-26 09:15:51,2026-08-26 09:21:51,DE,SaaS Platform,D,SAN-002,SanaPlus ColdFlu,OTC,SanaPlus,D2C,3,10.5,EUR,0.15,31.5,26.77
TXN-DE-2-001007,2026-08-26 04:55:12,2026-08-26 04:58:12,DE,SaaS Platform,D,SAN-002,SanaPlus ColdFlu,OTC,SanaPlus,D2C,10,10.5,EUR,0.15,105.0,89.25
TXN-DE-2-001008,2026-08-26 09:18:25,2026-08-26 09:20:25,DE,SaaS Platform,D,VIT-001,Vitalis C1000,Supplement,Vitalis,D2C,2,21.0,EUR,0.0,42.0,42.0
TXN-DE-2-001009,2026-08-26 03:19:05,2026-08-26 03:21:05,DE,SaaS Platform,D,DER-001,Dermacare GlowSerum,Aesthetic,Dermacare,E-commerce,3,32.0,EUR,0.0,96.0,96.0
TXN-DE-2-001010,2026-08-26 11:28:46,2026-08-26 11:33:46,DE,SaaS Platform,D,DER-001,Dermacare GlowSerum,Aesthetic,Dermacare,Pharmacy/B2B,4,32.0,EUR,0.0,128.0,128.0
TXN-DE-2-001011,2026-08-26 06:54:34,2026-08-26 07:00:34,DE,SaaS Platform,D,VIT-002,Vitalis Multivit,Supplement,Vitalis,Pharmacy/B2B,6,17.0,EUR,0.05,102.0,96.9
TXN-DE-2-001012,2026-08-26 03:37:26,2026-08-26 03:43:26,DE,SaaS Platform,D,VIT-002,Vitalis Multivit,Supplement,Vitalis,Pharmacy/B2B,2,17.0,EUR,0.0,34.0,34.0
TXN-DE-2-001013,2026-08-26 23:53:33,2026-08-26 23:59:33,DE,SaaS Platform,D,VIT-002,Vitalis Multivit,Supplement,Vitalis,Wholesale,3,17.0,EUR,0.0,51.0,51.0
TXN-DE-2-001014,2026-08-26 15:18:26,2026-08-26 15:22:26,DE,SaaS Platform,D,PUR-002,PureLife BP Monitor,Medical Device,PureLife,Pharmacy/B2B,9,90.0,EUR,0.0,810.0,810.0
TXN-DE-2-001015,2026-08-26 04:32:25,2026-08-26 04:34:25,DE,SaaS Platform,D,SAN-002,SanaPlus ColdFlu,OTC,SanaPlus,E-commerce,12,10.5,EUR,0.0,126.0,126.0
TXN-DE-2-001016,2026-08-26 02:46:54,2026-08-26 02:47:54,DE,SaaS Platform,D,MED-002,Medora Derm Cream,Prescription,Medora,Pharmacy/B2B,9,26.0,EUR,0.1,234.0,210.6
TXN-DE-2-001017,2026-08-26 01:05:27,2026-08-26 01:10:27,DE,SaaS Platform,D,PUR-001,PureLife GlucoMonitor,Medical Device,PureLife,E-commerce,11,85.0,EUR,0.15,935.0,794.75
TXN-DE-2-001018,2026-08-26 01:46:40,2026-08-26 01:51:40,DE,SaaS Platform,D,DER-002,Dermacare LiftCream,Aesthetic,Dermacare,E-commerce,4,37.0,EUR,0.0,148.0,148.0
TXN-DE-2-001019,2026-08-26 01:42:02,2026-08-26 01:47:02,DE,SaaS Platform,D,MED-002,Medora Derm Cream,Prescription,Medora,E-commerce,9,26.0,EUR,0.2,234.0,187.2
TXN-DE-2-001020,2026-08-26 23:38:07,2026-08-26 23:43:07,DE,SaaS Platform,D,MED-002,Medora Derm Cream,Prescription,Medora,Wholesale,1,26.0,EUR,0.0,26.0,26.0
TXN-DE-2-001021,2026-08-26 00:39:03,2026-08-26 00:44:03,DE,SaaS Platform,D,VIT-001,Vitalis C1000,Supplement,Vitalis,Wholesale,11,21.0,EUR,0.15,231.0,196.35
TXN-DE-2-001022,2026-08-26 18:26:23,2026-08-26 18:32:23,DE,SaaS Platform,D,MED-002,Medora Derm Cream,Prescription,Medora,Pharmacy/B2B,5,26.0,EUR,0.0,130.0,130.0
TXN-DE-2-001023,2026-08-26 07:25:29,2026-08-26 07:28:29,DE,SaaS Platform,D,PUR-001,PureLife GlucoMonitor,Medical Device,PureLife,Wholesale,3,85.0,EUR,0.1,255.0,229.5
TXN-DE-2-001024,2026-08-26 09:02:04,2026-08-26 09:05:04,DE,SaaS Platform,D,PUR-001,PureLife GlucoMonitor,Medical Device,PureLife,Pharmacy/B2B,6,85.0,EUR,0.1,510.0,459.0
TXN-DE-2-001025,2026-08-26 19:06:08,2026-08-26 19:10:08,DE,SaaS Platform,D,DER-002,Dermacare LiftCream,Aesthetic,Dermacare,Wholesale,9,37.0,EUR,0.0,333.0,333.0
TXN-DE-2-001026,2026-08-26 16:38:56,2026-08-26 16:42:56,DE,SaaS Platform,D,PUR-001,PureLife GlucoMonitor,Medical Device,PureLife,Wholesale,10,85.0,EUR,0.0,850.0,850.0
TXN-DE-2-001027,2026-08-26 06:29:41,2026-08-26 06:32:41,DE,SaaS Platform,D,SAN-001,SanaPlus PainRelief,OTC,SanaPlus,Wholesale,5,9.5,EUR,0.0,47.5,47.5
TXN-DE-2-001028,2026-08-26 05:46:15,2026-08-26 05:48:15,DE,SaaS Platform,D,SAN-002,SanaPlus ColdFlu,OTC,SanaPlus,Wholesale,5,10.5,EUR,0.1,52.5,47.25
TXN-DE-2-001029,2026-08-26 09:57:07,2026-08-26 09:58:07,DE,SaaS Platform,D,PUR-002,PureLife BP Monitor,Medical Device,PureLife,E-commerce,11,90.0,EUR,0.2,990.0,792.0
TXN-DE-2-001030,2026-08-26 17:10:39,2026-08-26 17:11:39,DE,SaaS Platform,D,VIT-001,Vitalis C1000,Supplement,Vitalis,Pharmacy/B2B,8,21.0,EUR,0.0,168.0,168.0
TXN-DE-2-001031,2026-08-26 09:18:28,2026-08-26 09:20:28,DE,SaaS Platform,D,VIT-001,Vitalis C1000,Supplement,Vitalis,D2C,9,21.0,EUR,0.1,189.0,170.1
TXN-DE-2-001032,2026-08-26 20:06:51,2026-08-26 20:07:51,DE,SaaS Platform,D,MED-002,Medora Derm Cream,Prescription,Medora,D2C,8,26.0,EUR,0.05,208.0,197.6
TXN-DE-2-001033,2026-08-26 19:41:34,2026-08-26 19:46:34,DE,SaaS Platform,D,PUR-001,PureLife GlucoMonitor,Medical Device,PureLife,E-commerce,7,85.0,EUR,0.0,595.0,595.0
TXN-DE-2-001034,2026-08-26 23:34:22,2026-08-26 23:40:22,DE,SaaS Platform,D,PUR-002,PureLife BP Monitor,Medical Device,PureLife,Pharmacy/B2B,6,90.0,EUR,0.1,540.0,486.0
TXN-DE-2-001035,2026-08-26 14:15:33,2026-08-26 14:18:33,DE,SaaS Platform,D,PUR-001,PureLife GlucoMonitor,Medical Device,PureLife,Wholesale,7,85.0,EUR,0.15,595.0,505.75
TXN-DE-2-001036,2026-08-26 19:06:28,2026-08-26 19:12:28,DE,SaaS Platform,D,MED-002,Medora Derm Cream,Prescription,Medora,D2C,1,26.0,EUR,0.2,26.0,20.8
TXN-DE-2-001037,2026-08-26 08:58:25,2026-08-26 09:01:25,DE,SaaS Platform,D,PUR-001,PureLife GlucoMonitor,Medical Device,PureLife,D2C,6,85.0,EUR,0.0,510.0,510.0
TXN-DE-2-001038,2026-08-26 11:48:34,2026-08-26 11:50:34,DE,SaaS Platform,D,DER-001,Dermacare GlowSerum,Aesthetic,Dermacare,Wholesale,10,32.0,EUR,0.2,320.0,256.0
TXN-DE-2-001039,2026-08-26 06:51:18,2026-08-26 06:57:18,DE,SaaS Platform,D,VIT-001,Vitalis C1000,Supplement,Vitalis,Wholesale,4,21.0,EUR,0.0,84.0,84.0
TXN-DE-2-001040,2026-08-26 09:29:14,2026-08-26 09:32:14,DE,SaaS Platform,D,DER-002,Dermacare LiftCream,Aesthetic,Dermacare,Pharmacy/B2B,9,37.0,EUR,0.15,333.0,283.05
TXN-DE-2-001041,2026-08-26 02:33:42,2026-08-26 02:34:42,DE,SaaS Platform,D,DER-002,Dermacare LiftCream,Aesthetic,Dermacare,D2C,10,37.0,EUR,0.05,370.0,351.5
TXN-DE-2-001042,2026-08-26 14:51:15,2026-08-26 14:52:15,DE,SaaS Platform,D,SAN-001,SanaPlus PainRelief,OTC,SanaPlus,D2C,11,9.5,EUR,0.05,104.5,99.27
TXN-DE-2-001043,2026-08-26 14:09:45,2026-08-26 14:12:45,DE,SaaS Platform,D,PUR-001,PureLife GlucoMonitor,Medical Device,PureLife,D2C,10,85.0,EUR,0.0,850.0,850.0
TXN-DE-2-001044,2026-08-26 19:06:02,2026-08-26 19:12:02,DE,SaaS Platform,D,PUR-002,PureLife BP Monitor,Medical Device,PureLife,D2C,8,90.0,EUR,0.0,720.0,720.0
TXN-DE-2-001045,2026-08-26 01:47:20,2026-08-26 01:51:20,DE,SaaS Platform,D,MED-001,Medora Cardio 10mg,Prescription,Medora,Wholesale,2,43.0,EUR,0.0,86.0,86.0
TXN-DE-2-001046,2026-08-26 09:21:03,2026-08-26 09:22:03,DE,SaaS Platform,D,VIT-001,Vitalis C1000,Supplement,Vitalis,E-commerce,11,21.0,EUR,0.0,231.0,231.0
TXN-DE-2-001047,2026-08-26 23:19:06,2026-08-26 23:22:06,DE,SaaS Platform,D,PUR-002,PureLife BP Monitor,Medical Device,PureLife,Wholesale,1,90.0,EUR,0.05,90.0,85.5
TXN-DE-2-001048,2026-08-26 12:46:14,2026-08-26 12:51:14,DE,SaaS Platform,D,SAN-002,SanaPlus ColdFlu,OTC,SanaPlus,D2C,3,10.5,EUR,0.0,31.5,31.5
TXN-DE-2-001049,2026-08-26 21:22:53,2026-08-26 21:25:53,DE,SaaS Platform,D,MED-001,Medora Cardio 10mg,Prescription,Medora,D2C,5,43.0,EUR,0.0,215.0,215.0
TXN-DE-2-001050,2026-08-26 15:50:04,2026-08-26 15:51:04,DE,SaaS Platform,D,SAN-001,SanaPlus PainRelief,OTC,SanaPlus,D2C,9,9.5,EUR,0.15,85.5,72.67
TXN-DE-2-001051,2026-08-26 14:22:40,2026-08-26 14:28:40,DE,SaaS Platform,D,MED-002,Medora Derm Cream,Prescription,Medora,Pharmacy/B2B,8,26.0,EUR,0.0,208.0,208.0
TXN-DE-2-001052,2026-08-26 11:45:52,2026-08-26 11:49:52,DE,SaaS Platform,D,SAN-002,SanaPlus ColdFlu,OTC,SanaPlus,Wholesale,7,10.5,EUR,0.1,73.5,66.15
TXN-DE-2-001053,2026-08-26 04:43:57,2026-08-26 04:47:57,DE,SaaS Platform,D,VIT-002,Vitalis Multivit,Supplement,Vitalis,Wholesale,10,17.0,EUR,0.15,170.0,144.5
TXN-DE-2-001054,2026-08-26 00:25:57,2026-08-26 00:31:57,DE,SaaS Platform,D,MED-001,Medora Cardio 10mg,Prescription,Medora,Wholesale,4,43.0,EUR,0.15,172.0,146.2
TXN-DE-2-001055,2026-08-26 01:43:16,2026-08-26 01:45:16,DE,SaaS Platform,D,DER-001,Dermacare GlowSerum,Aesthetic,Dermacare,D2C,10,32.0,EUR,0.15,320.0,272.0
TXN-DE-2-001056,2026-08-26 01:16:32,2026-08-26 01:20:32,DE,SaaS Platform,D,DER-002,Dermacare LiftCream,Aesthetic,Dermacare,D2C,7,37.0,EUR,0.05,259.0,246.05
TXN-DE-2-001057,2026-08-26 09:07:51,2026-08-26 09:09:51,DE,SaaS Platform,D,VIT-002,Vitalis Multivit,Supplement,Vitalis,D2C,1,17.0,EUR,0.1,17.0,15.3
TXN-DE-2-001058,2026-08-26 16:37:13,2026-08-26 16:38:13,DE,SaaS Platform,D,SAN-002,SanaPlus ColdFlu,OTC,SanaPlus,D2C,6,10.5,EUR,0.2,63.0,50.4
TXN-DE-2-001059,2026-08-26 01:04:55,2026-08-26 01:05:55,DE,SaaS Platform,D,VIT-002,Vitalis Multivit,Supplement,Vitalis,E-commerce,4,17.0,EUR,0.2,68.0,54.4
TXN-DE-2-001060,2026-08-26 10:35:39,2026-08-26 10:37:39,DE,SaaS Platform,D,MED-002,Medora Derm Cream,Prescription,Medora,Wholesale,12,26.0,EUR,0.0,312.0,312.0
TXN-DE-2-001061,2026-08-26 17:43:29,2026-08-26 17:49:29,DE,SaaS Platform,D,SAN-001,SanaPlus PainRelief,OTC,SanaPlus,Wholesale,12,9.5,EUR,0.0,114.0,114.0
TXN-DE-2-001062,2026-08-26 03:31:01,2026-08-26 03:36:01,DE,SaaS Platform,D,PUR-001,PureLife GlucoMonitor,Medical Device,PureLife,D2C,4,85.0,EUR,0.15,340.0,289.0
TXN-DE-2-001063,2026-08-26 09:22:08,2026-08-26 09:23:08,DE,SaaS Platform,D,VIT-001,Vitalis C1000,Supplement,Vitalis,Wholesale,2,21.0,EUR,0.2,42.0,33.6
TXN-DE-2-001064,2026-08-26 01:46:08,2026-08-26 01:47:08,DE,SaaS Platform,D,SAN-002,SanaPlus ColdFlu,OTC,SanaPlus,D2C,3,10.5,EUR,0.05,31.5,29.92
TXN-DE-2-001065,2026-08-26 07:33:27,2026-08-26 07:35:27,DE,SaaS Platform,D,VIT-002,Vitalis Multivit,Supplement,Vitalis,Pharmacy/B2B,1,17.0,EUR,0.05,17.0,16.15
TXN-DE-2-001066,2026-08-26 18:56:21,2026-08-26 19:02:21,DE,SaaS Platform,D,SAN-002,SanaPlus ColdFlu,OTC,SanaPlus,Wholesale,8,10.5,EUR,0.1,84.0,75.6
TXN-DE-2-001067,2026-08-26 19:57:09,2026-08-26 20:00:09,DE,SaaS Platform,D,DER-001,Dermacare GlowSerum,Aesthetic,Dermacare,E-commerce,1,32.0,EUR,0.0,32.0,32.0
TXN-DE-2-001068,2026-08-26 10:34:20,2026-08-26 10:36:20,DE,SaaS Platform,D,MED-001,Medora Cardio 10mg,Prescription,Medora,Pharmacy/B2B,2,43.0,EUR,0.1,86.0,77.4
TXN-DE-2-001069,2026-08-26 15:16:26,2026-08-26 15:20:26,DE,SaaS Platform,D,PUR-001,PureLife GlucoMonitor,Medical Device,PureLife,E-commerce,8,85.0,EUR,0.0,680.0,680.0
TXN-DE-2-001070,2026-08-26 14:32:15,2026-08-26 14:34:15,DE,SaaS Platform,D,SAN-001,SanaPlus PainRelief,OTC,SanaPlus,Pharmacy/B2B,2,9.5,EUR,0.2,19.0,15.2
TXN-DE-2-001071,2026-08-26 18:32:39,2026-08-26 18:37:39,DE,SaaS Platform,D,MED-002,Medora Derm Cream,Prescription,Medora,D2C,10,26.0,EUR,0.05,260.0,247.0
TXN-DE-2-001072,2026-08-26 16:00:48,2026-08-26 16:06:48,DE,SaaS Platform,D,SAN-001,SanaPlus PainRelief,OTC,SanaPlus,Pharmacy/B2B,9,9.5,EUR,0.0,85.5,85.5
TXN-DE-2-001073,2026-08-26 18:19:00,2026-08-26 18:25:00,DE,SaaS Platform,D,VIT-001,Vitalis C1000,Supplement,Vitalis,Wholesale,2,21.0,EUR,0.15,42.0,35.7
TXN-DE-2-001074,2026-08-26 12:57:18,2026-08-26 13:03:18,DE,SaaS Platform,D,MED-002,Medora Derm Cream,Prescription,Medora,E-commerce,2,26.0,EUR,0.1,52.0,46.8
TXN-DE-2-001075,2026-08-26 09:51:10,2026-08-26 09:56:10,DE,SaaS Platform,D,VIT-001,Vitalis C1000,Supplement,Vitalis,E-commerce,8,21.0,EUR,0.05,168.0,159.6
TXN-DE-2-001076,2026-08-26 07:58:14,2026-08-26 08:01:14,DE,SaaS Platform,D,VIT-002,Vitalis Multivit,Supplement,Vitalis,D2C,7,17.0,EUR,0.0,119.0,119.0
TXN-DE-2-001077,2026-08-26 13:30:44,2026-08-26 13:34:44,DE,SaaS Platform,D,MED-002,Medora Derm Cream,Prescription,Medora,Wholesale,11,26.0,EUR,0.1,286.0,257.4
TXN-DE-2-001078,2026-08-26 07:10:13,2026-08-26 07:13:13,DE,SaaS Platform,D,SAN-001,SanaPlus PainRelief,OTC,SanaPlus,Wholesale,4,9.5,EUR,0.2,38.0,30.4
TXN-DE-2-001079,2026-08-26 16:59:23,2026-08-26 17:02:23,DE,SaaS Platform,D,SAN-002,SanaPlus ColdFlu,OTC,SanaPlus,Wholesale,2,10.5,EUR,0.0,21.0,21.0
TXN-DE-2-001080,2026-08-26 16:16:49,2026-08-26 16:18:49,DE,SaaS Platform,D,DER-002,Dermacare LiftCream,Aesthetic,Dermacare,D2C,11,37.0,EUR,0.15,407.0,345.95
TXN-DE-2-001081,2026-08-26 16:34:38,2026-08-26 16:39:38,DE,SaaS Platform,D,VIT-002,Vitalis Multivit,Supplement,Vitalis,Pharmacy/B2B,12,17.0,EUR,0.15,204.0,173.4
TXN-DE-2-001082,2026-08-26 21:50:53,2026-08-26 21:55:53,DE,SaaS Platform,D,MED-001,Medora Cardio 10mg,Prescription,Medora,Wholesale,2,43.0,EUR,0.0,86.0,86.0
TXN-DE-2-001083,2026-08-26 09:01:15,2026-08-26 09:03:15,DE,SaaS Platform,D,DER-001,Dermacare GlowSerum,Aesthetic,Dermacare,Wholesale,9,32.0,EUR,0.0,288.0,288.0
TXN-DE-2-001084,2026-08-26 05:16:47,2026-08-26 05:22:47,DE,SaaS Platform,D,MED-002,Medora Derm Cream,Prescription,Medora,D2C,6,26.0,EUR,0.0,156.0,156.0
TXN-DE-2-001085,2026-08-26 05:48:49,2026-08-26 05:50:49,DE,SaaS Platform,D,DER-002,Dermacare LiftCream,Aesthetic,Dermacare,E-commerce,10,37.0,EUR,0.15,370.0,314.5
TXN-DE-2-001086,2026-08-26 21:32:23,2026-08-26 21:36:23,DE,SaaS Platform,D,DER-002,Dermacare LiftCream,Aesthetic,Dermacare,Pharmacy/B2B,5,37.0,EUR,0.15,185.0,157.25
TXN-DE-2-001087,2026-08-26 03:44:59,2026-08-26 03:47:59,DE,SaaS Platform,D,SAN-002,SanaPlus ColdFlu,OTC,SanaPlus,Wholesale,2,10.5,EUR,0.0,21.0,21.0
TXN-DE-2-001088,2026-08-26 14:22:27,2026-08-26 14:25:27,DE,SaaS Platform,D,VIT-002,Vitalis Multivit,Supplement,Vitalis,E-commerce,4,17.0,EUR,0.0,68.0,68.0
TXN-DE-2-001089,2026-08-26 20:30:56,2026-08-26 20:31:56,DE,SaaS Platform,D,DER-001,Dermacare GlowSerum,Aesthetic,Dermacare,E-commerce,3,32.0,EUR,0.1,96.0,86.4
TXN-DE-2-001090,2026-08-26 16:39:45,2026-08-26 16:43:45,DE,SaaS Platform,D,SAN-002,SanaPlus ColdFlu,OTC,SanaPlus,D2C,5,10.5,EUR,0.15,52.5,44.62
TXN-DE-2-001091,2026-08-26 18:14:26,2026-08-26 18:17:26,DE,SaaS Platform,D,MED-001,Medora Cardio 10mg,Prescription,Medora,Pharmacy/B2B,5,43.0,EUR,0.0,215.0,215.0
TXN-DE-2-001092,2026-08-26 02:28:11,2026-08-26 02:29:11,DE,SaaS Platform,D,PUR-002,PureLife BP Monitor,Medical Device,PureLife,Wholesale,10,90.0,EUR,0.15,900.0,765.0
TXN-DE-2-001093,2026-08-26 18:55:32,2026-08-26 19:00:32,DE,SaaS Platform,D,SAN-002,SanaPlus ColdFlu,OTC,SanaPlus,Wholesale,7,10.5,EUR,0.15,73.5,62.48
TXN-DE-2-001094,2026-08-26 00:09:58,2026-08-26 00:10:58,DE,SaaS Platform,D,PUR-002,PureLife BP Monitor,Medical Device,PureLife,Wholesale,12,90.0,EUR,0.05,1080.0,1026.0
TXN-DE-2-001095,2026-08-26 14:12:50,2026-08-26 14:18:50,DE,SaaS Platform,D,DER-002,Dermacare LiftCream,Aesthetic,Dermacare,E-commerce,10,37.0,EUR,0.1,370.0,333.0
TXN-DE-2-001096,2026-08-26 06:49:08,2026-08-26 06:53:08,DE,SaaS Platform,D,PUR-001,PureLife GlucoMonitor,Medical Device,PureLife,E-commerce,7,85.0,EUR,0.15,595.0,505.75
TXN-DE-2-001097,2026-08-26 01:10:00,2026-08-26 01:16:00,DE,SaaS Platform,D,DER-002,Dermacare LiftCream,Aesthetic,Dermacare,Pharmacy/B2B,12,37.0,EUR,0.2,444.0,355.2
TXN-DE-2-001098,2026-08-26 20:38:39,2026-08-26 20:42:39,DE,SaaS Platform,D,PUR-001,PureLife GlucoMonitor,Medical Device,PureLife,E-commerce,1,85.0,EUR,0.05,85.0,80.75
TXN-DE-2-001099,2026-08-26 23:59:24,2026-08-27 00:05:24,DE,SaaS Platform,D,PUR-002,PureLife BP Monitor,Medical Device,PureLife,E-commerce,12,90.0,EUR,0.0,1080.0,1080.0
TXN-DE-2-001100,2026-08-26 18:56:40,2026-08-26 18:57:40,DE,SaaS Platform,D,MED-001,Medora Cardio 10mg,Prescription,Medora,Pharmacy/B2B,4,43.0,EUR,0.05,172.0,163.4
TXN-DE-2-001101,2026-08-26 04:44:39,2026-08-26 04:47:39,DE,SaaS Platform,D,MED-001,Medora Cardio 10mg,Prescription,Medora,E-commerce,2,43.0,EUR,0.1,86.0,77.4
TXN-DE-2-001102,2026-08-26 12:10:17,2026-08-26 12:16:17,DE,SaaS Platform,D,VIT-001,Vitalis C1000,Supplement,Vitalis,Wholesale,5,21.0,EUR,0.2,105.0,84.0
TXN-DE-2-001103,2026-08-26 14:23:27,2026-08-26 14:27:27,DE,SaaS Platform,D,SAN-001,SanaPlus PainRelief,OTC,SanaPlus,D2C,6,9.5,EUR,0.05,57.0,54.15
TXN-DE-2-001104,2026-08-26 07:02:12,2026-08-26 07:08:12,DE,SaaS Platform,D,VIT-001,Vitalis C1000,Supplement,Vitalis,E-commerce,11,21.0,EUR,0.15,231.0,196.35
TXN-DE-2-001105,2026-08-26 11:58:34,2026-08-26 11:59:34,DE,SaaS Platform,D,SAN-002,SanaPlus ColdFlu,OTC,SanaPlus,D2C,11,10.5,EUR,0.05,115.5,109.72
TXN-DE-2-001106,2026-08-26 16:58:07,2026-08-26 17:04:07,DE,SaaS Platform,D,PUR-001,PureLife GlucoMonitor,Medical Device,PureLife,D2C,9,85.0,EUR,0.2,765.0,612.0
TXN-DE-2-001107,2026-08-26 20:14:07,2026-08-26 20:15:07,DE,SaaS Platform,D,SAN-002,SanaPlus ColdFlu,OTC,SanaPlus,D2C,5,10.5,EUR,0.05,52.5,49.88
TXN-DE-2-001108,2026-08-26 10:26:36,2026-08-26 10:28:36,DE,SaaS Platform,D,MED-001,Medora Cardio 10mg,Prescription,Medora,Pharmacy/B2B,3,43.0,EUR,0.1,129.0,116.1
TXN-DE-2-001109,2026-08-26 20:45:46,2026-08-26 20:51:46,DE,SaaS Platform,D,VIT-001,Vitalis C1000,Supplement,Vitalis,E-commerce,5,21.0,EUR,0.2,105.0,84.0
TXN-DE-2-001110,2026-08-26 08:02:31,2026-08-26 08:08:31,DE,SaaS Platform,D,DER-002,Dermacare LiftCream,Aesthetic,Dermacare,Pharmacy/B2B,5,37.0,EUR,0.2,185.0,148.0
TXN-DE-2-001111,2026-08-26 06:23:32,2026-08-26 06:29:32,DE,SaaS Platform,D,SAN-001,SanaPlus PainRelief,OTC,SanaPlus,E-commerce,11,9.5,EUR,0.1,104.5,94.05
TXN-DE-2-001112,2026-08-26 18:42:17,2026-08-26 18:43:17,DE,SaaS Platform,D,MED-002,Medora Derm Cream,Prescription,Medora,E-commerce,12,26.0,EUR,0.05,312.0,296.4
TXN-DE-2-001113,2026-08-26 06:29:06,2026-08-26 06:35:06,DE,SaaS Platform,D,SAN-001,SanaPlus PainRelief,OTC,SanaPlus,E-commerce,9,9.5,EUR,0.1,85.5,76.95
TXN-DE-2-001114,2026-08-26 10:47:12,2026-08-26 10:48:12,DE,SaaS Platform,D,PUR-002,PureLife BP Monitor,Medical Device,PureLife,Wholesale,10,90.0,EUR,0.2,900.0,720.0
TXN-DE-2-001115,2026-08-26 15:15:54,2026-08-26 15:18:54,DE,SaaS Platform,D,DER-002,Dermacare LiftCream,Aesthetic,Dermacare,E-commerce,9,37.0,EUR,0.15,333.0,283.05
TXN-DE-2-001116,2026-08-26 12:15:22,2026-08-26 12:17:22,DE,SaaS Platform,D,DER-002,Dermacare LiftCream,Aesthetic,Dermacare,D2C,2,37.0,EUR,0.0,74.0,74.0
TXN-DE-2-001117,2026-08-26 05:29:54,2026-08-26 05:30:54,DE,SaaS Platform,D,DER-002,Dermacare LiftCream,Aesthetic,Dermacare,E-commerce,2,37.0,EUR,0.2,74.0,59.2
TXN-DE-2-001118,2026-08-26 11:33:56,2026-08-26 11:38:56,DE,SaaS Platform,D,PUR-001,PureLife GlucoMonitor,Medical Device,PureLife,Pharmacy/B2B,6,85.0,EUR,0.05,510.0,484.5
TXN-DE-2-001119,2026-08-26 00:12:00,2026-08-26 00:14:00,DE,SaaS Platform,D,VIT-001,Vitalis C1000,Supplement,Vitalis,E-commerce,5,21.0,EUR,0.05,105.0,99.75
TXN-DE-2-001120,2026-08-26 23:44:09,2026-08-26 23:45:09,DE,SaaS Platform,D,VIT-002,Vitalis Multivit,Supplement,Vitalis,E-commerce,11,17.0,EUR,0.15,187.0,158.95
TXN-DE-2-001121,2026-08-26 03:03:40,2026-08-26 03:05:40,DE,SaaS Platform,D,VIT-002,Vitalis Multivit,Supplement,Vitalis,Wholesale,9,17.0,EUR,0.0,153.0,153.0
TXN-DE-2-001122,2026-08-26 02:10:07,2026-08-26 02:14:07,DE,SaaS Platform,D,PUR-001,PureLife GlucoMonitor,Medical Device,PureLife,D2C,1,85.0,EUR,0.1,85.0,76.5
TXN-DE-2-001123,2026-08-26 14:53:27,2026-08-26 14:56:27,DE,SaaS Platform,D,VIT-001,Vitalis C1000,Supplement,Vitalis,E-commerce,9,21.0,EUR,0.2,189.0,151.2
TXN-DE-2-001124,2026-08-26 13:10:57,2026-08-26 13:13:57,DE,SaaS Platform,D,SAN-002,SanaPlus ColdFlu,OTC,SanaPlus,Pharmacy/B2B,8,10.5,EUR,0.15,84.0,71.4
TXN-DE-2-001125,2026-08-26 21:21:44,2026-08-26 21:23:44,DE,SaaS Platform,D,VIT-001,Vitalis C1000,Supplement,Vitalis,Pharmacy/B2B,1,21.0,EUR,0.15,21.0,17.85
TXN-DE-2-001126,2026-08-26 19:18:18,2026-08-26 19:20:18,DE,SaaS Platform,D,VIT-001,Vitalis C1000,Supplement,Vitalis,D2C,5,21.0,EUR,0.15,105.0,89.25
TXN-DE-2-001127,2026-08-26 21:34:16,2026-08-26 21:35:16,DE,SaaS Platform,D,VIT-002,Vitalis Multivit,Supplement,Vitalis,Pharmacy/B2B,11,17.0,EUR,0.05,187.0,177.65
TXN-DE-2-001128,2026-08-26 03:40:40,2026-08-26 03:41:40,DE,SaaS Platform,D,PUR-001,PureLife GlucoMonitor,Medical Device,PureLife,D2C,6,85.0,EUR,0.15,510.0,433.5
TXN-DE-2-001129,2026-08-26 17:41:25,2026-08-26 17:42:25,DE,SaaS Platform,D,SAN-001,SanaPlus PainRelief,OTC,SanaPlus,Pharmacy/B2B,10,9.5,EUR,0.0,95.0,95.0
TXN-DE-2-001130,2026-08-26 14:50:18,2026-08-26 14:53:18,DE,SaaS Platform,D,MED-001,Medora Cardio 10mg,Prescription,Medora,Wholesale,5,43.0,EUR,0.0,215.0,215.0
TXN-DE-2-001131,2026-08-26 13:38:23,2026-08-26 13:39:23,DE,SaaS Platform,D,MED-002,Medora Derm Cream,Prescription,Medora,E-commerce,3,26.0,EUR,0.0,78.0,78.0
TXN-DE-2-001132,2026-08-26 10:28:00,2026-08-26 10:29:00,DE,SaaS Platform,D,VIT-002,Vitalis Multivit,Supplement,Vitalis,E-commerce,12,17.0,EUR,0.15,204.0,173.4
TXN-DE-2-001133,2026-08-26 21:00:43,2026-08-26 21:03:43,DE,SaaS Platform,D,MED-001,Medora Cardio 10mg,Prescription,Medora,Pharmacy/B2B,1,43.0,EUR,0.0,43.0,43.0
TXN-DE-2-001134,2026-08-26 08:54:34,2026-08-26 08:56:34,DE,SaaS Platform,D,VIT-002,Vitalis Multivit,Supplement,Vitalis,E-commerce,12,17.0,EUR,0.2,204.0,163.2
TXN-DE-2-001135,2026-08-26 04:24:29,2026-08-26 04:26:29,DE,SaaS Platform,D,PUR-002,PureLife BP Monitor,Medical Device,PureLife,E-commerce,12,90.0,EUR,0.1,1080.0,972.0
TXN-DE-2-001136,2026-08-26 11:27:27,2026-08-26 11:32:27,DE,SaaS Platform,D,MED-002,Medora Derm Cream,Prescription,Medora,D2C,3,26.0,EUR,0.05,78.0,74.1
TXN-DE-2-001137,2026-08-26 08:29:59,2026-08-26 08:32:59,DE,SaaS Platform,D,MED-001,Medora Cardio 10mg,Prescription,Medora,E-commerce,3,43.0,EUR,0.0,129.0,129.0
TXN-DE-2-001138,2026-08-26 09:47:10,2026-08-26 09:52:10,DE,SaaS Platform,D,MED-002,Medora Derm Cream,Prescription,Medora,Wholesale,2,26.0,EUR,0.0,52.0,52.0
TXN-DE-2-001139,2026-08-26 03:04:21,2026-08-26 03:09:21,DE,SaaS Platform,D,PUR-002,PureLife BP Monitor,Medical Device,PureLife,D2C,4,90.0,EUR,0.15,360.0,306.0
TXN-DE-2-001140,2026-08-26 05:10:05,2026-08-26 05:11:05,DE,SaaS Platform,D,MED-001,Medora Cardio 10mg,Prescription,Medora,D2C,10,43.0,EUR,0.05,430.0,408.5
TXN-DE-2-001141,2026-08-26 18:17:31,2026-08-26 18:23:31,DE,SaaS Platform,D,SAN-001,SanaPlus PainRelief,OTC,SanaPlus,E-commerce,11,9.5,EUR,0.1,104.5,94.05
TXN-DE-2-001142,2026-08-26 03:13:59,2026-08-26 03:16:59,DE,SaaS Platform,D,VIT-002,Vitalis Multivit,Supplement,Vitalis,D2C,2,17.0,EUR,0.15,34.0,28.9
TXN-DE-2-001143,2026-08-26 23:45:35,2026-08-26 23:50:35,DE,SaaS Platform,D,SAN-001,SanaPlus PainRelief,OTC,SanaPlus,Pharmacy/B2B,10,9.5,EUR,0.2,95.0,76.0
TXN-DE-2-001144,2026-08-26 20:47:24,2026-08-26 20:51:24,DE,SaaS Platform,D,PUR-002,PureLife BP Monitor,Medical Device,PureLife,Pharmacy/B2B,8,90.0,EUR,0.05,720.0,684.0
TXN-DE-2-001145,2026-08-26 08:47:41,2026-08-26 08:48:41,DE,SaaS Platform,D,MED-002,Medora Derm Cream,Prescription,Medora,Pharmacy/B2B,2,26.0,EUR,0.0,52.0,52.0
TXN-DE-2-001146,2026-08-26 10:03:42,2026-08-26 10:05:42,DE,SaaS Platform,D,MED-002,Medora Derm Cream,Prescription,Medora,Wholesale,12,26.0,EUR,0.05,312.0,296.4
TXN-DE-2-001147,2026-08-26 01:53:15,2026-08-26 01:54:15,DE,SaaS Platform,D,SAN-001,SanaPlus PainRelief,OTC,SanaPlus,Pharmacy/B2B,1,9.5,EUR,0.0,9.5,9.5
TXN-DE-2-001148,2026-08-26 20:22:58,2026-08-26 20:27:58,DE,SaaS Platform,D,VIT-001,Vitalis C1000,Supplement,Vitalis,Pharmacy/B2B,7,21.0,EUR,0.0,147.0,147.0
TXN-DE-2-001149,2026-08-26 12:40:04,2026-08-26 12:44:04,DE,SaaS Platform,D,VIT-001,Vitalis C1000,Supplement,Vitalis,Pharmacy/B2B,11,21.0,EUR,0.0,231.0,231.0
TXN-DE-2-001150,2026-08-26 22:26:00,2026-08-26 22:31:00,DE,SaaS Platform,D,VIT-002,Vitalis Multivit,Supplement,Vitalis,E-commerce,12,17.0,EUR,0.05,204.0,193.8
TXN-DE-2-001151,2026-08-26 06:56:04,2026-08-26 07:00:04,DE,SaaS Platform,D,SAN-002,SanaPlus ColdFlu,OTC,SanaPlus,E-commerce,11,10.5,EUR,0.15,115.5,98.17
TXN-DE-2-001152,2026-08-26 20:30:08,2026-08-26 20:32:08,DE,SaaS Platform,D,PUR-002,PureLife BP Monitor,Medical Device,PureLife,Wholesale,3,90.0,EUR,0.0,270.0,270.0
TXN-DE-2-001153,2026-08-26 23:13:55,2026-08-26 23:19:55,DE,SaaS Platform,D,VIT-001,Vitalis C1000,Supplement,Vitalis,Pharmacy/B2B,12,21.0,EUR,0.15,252.0,214.2
TXN-DE-2-001154,2026-08-26 11:29:00,2026-08-26 11:33:00,DE,SaaS Platform,D,SAN-002,SanaPlus ColdFlu,OTC,SanaPlus,Wholesale,12,10.5,EUR,0.15,126.0,107.1
TXN-DE-2-001155,2026-08-26 16:54:19,2026-08-26 16:59:19,DE,SaaS Platform,D,MED-002,Medora Derm Cream,Prescription,Medora,Wholesale,8,26.0,EUR,0.2,208.0,166.4
TXN-DE-2-001156,2026-08-26 02:36:42,2026-08-26 02:38:42,DE,SaaS Platform,D,DER-002,Dermacare LiftCream,Aesthetic,Dermacare,D2C,5,37.0,EUR,0.15,185.0,157.25
TXN-DE-2-001157,2026-08-26 00:41:21,2026-08-26 00:42:21,DE,SaaS Platform,D,VIT-002,Vitalis Multivit,Supplement,Vitalis,Pharmacy/B2B,6,17.0,EUR,0.1,102.0,91.8
TXN-DE-2-001158,2026-08-26 16:24:13,2026-08-26 16:26:13,DE,SaaS Platform,D,SAN-002,SanaPlus ColdFlu,OTC,SanaPlus,E-commerce,4,10.5,EUR,0.15,42.0,35.7
TXN-DE-2-001159,2026-08-26 06:00:37,2026-08-26 06:03:37,DE,SaaS Platform,D,PUR-002,PureLife BP Monitor,Medical Device,PureLife,Wholesale,1,90.0,EUR,0.05,90.0,85.5
TXN-DE-2-001160,2026-08-26 07:11:44,2026-08-26 07:12:44,DE,SaaS Platform,D,DER-001,Dermacare GlowSerum,Aesthetic,Dermacare,Wholesale,9,32.0,EUR,0.1,288.0,259.2
TXN-DE-2-001161,2026-08-26 17:12:26,2026-08-26 17:17:26,DE,SaaS Platform,D,DER-001,Dermacare GlowSerum,Aesthetic,Dermacare,Pharmacy/B2B,10,32.0,EUR,0.0,320.0,320.0
TXN-DE-2-001162,2026-08-26 02:12:41,2026-08-26 02:18:41,DE,SaaS Platform,D,VIT-001,Vitalis C1000,Supplement,Vitalis,E-commerce,9,21.0,EUR,0.15,189.0,160.65
TXN-DE-2-001163,2026-08-26 12:32:51,2026-08-26 12:35:51,DE,SaaS Platform,D,MED-001,Medora Cardio 10mg,Prescription,Medora,D2C,1,43.0,EUR,0.0,43.0,43.0
TXN-DE-2-001164,2026-08-26 14:41:09,2026-08-26 14:42:09,DE,SaaS Platform,D,DER-001,Dermacare GlowSerum,Aesthetic,Dermacare,Wholesale,9,32.0,EUR,0.15,288.0,244.8
TXN-DE-2-001165,2026-08-26 09:18:32,2026-08-26 09:21:32,DE,SaaS Platform,D,MED-001,Medora Cardio 10mg,Prescription,Medora,Pharmacy/B2B,6,43.0,EUR,0.2,258.0,206.4
TXN-DE-2-001166,2026-08-26 15:43:16,2026-08-26 15:49:16,DE,SaaS Platform,D,VIT-001,Vitalis C1000,Supplement,Vitalis,E-commerce,6,21.0,EUR,0.2,126.0,100.8
TXN-DE-2-001167,2026-08-26 19:41:10,2026-08-26 19:44:10,DE,SaaS Platform,D,PUR-001,PureLife GlucoMonitor,Medical Device,PureLife,Pharmacy/B2B,10,85.0,EUR,0.2,850.0,680.0
TXN-DE-2-001168,2026-08-26 00:39:02,2026-08-26 00:43:02,DE,SaaS Platform,D,MED-001,Medora Cardio 10mg,Prescription,Medora,D2C,6,43.0,EUR,0.2,258.0,206.4
TXN-DE-2-001169,2026-08-26 23:28:46,2026-08-26 23:34:46,DE,SaaS Platform,D,PUR-002,PureLife BP Monitor,Medical Device,PureLife,E-commerce,12,90.0,EUR,0.05,1080.0,1026.0
TXN-DE-2-001170,2026-08-26 19:59:56,2026-08-26 20:00:56,DE,SaaS Platform,D,SAN-001,SanaPlus PainRelief,OTC,SanaPlus,Wholesale,1,9.5,EUR,0.0,9.5,9.5
TXN-DE-2-001171,2026-08-26 15:49:12,2026-08-26 15:52:12,DE,SaaS Platform,D,PUR-002,PureLife BP Monitor,Medical Device,PureLife,Wholesale,11,90.0,EUR,0.0,990.0,990.0
TXN-DE-2-001172,2026-08-26 17:36:44,2026-08-26 17:38:44,DE,SaaS Platform,D,PUR-002,PureLife BP Monitor,Medical Device,PureLife,Pharmacy/B2B,3,90.0,EUR,0.05,270.0,256.5
TXN-DE-2-001173,2026-08-26 20:30:45,2026-08-26 20:35:45,DE,SaaS Platform,D,MED-002,Medora Derm Cream,Prescription,Medora,D2C,4,26.0,EUR,0.0,104.0,104.0
TXN-DE-2-001174,2026-08-26 09:51:10,2026-08-26 09:54:10,DE,SaaS Platform,D,VIT-002,Vitalis Multivit,Supplement,Vitalis,E-commerce,9,17.0,EUR,0.0,153.0,153.0
TXN-DE-2-001175,2026-08-26 07:35:13,2026-08-26 07:36:13,DE,SaaS Platform,D,PUR-002,PureLife BP Monitor,Medical Device,PureLife,E-commerce,7,90.0,EUR,0.1,630.0,567.0
TXN-DE-2-001176,2026-08-26 16:31:08,2026-08-26 16:36:08,DE,SaaS Platform,D,PUR-001,PureLife GlucoMonitor,Medical Device,PureLife,E-commerce,4,85.0,EUR,0.0,340.0,340.0
TXN-DE-2-001177,2026-08-26 01:50:04,2026-08-26 01:56:04,DE,SaaS Platform,D,VIT-001,Vitalis C1000,Supplement,Vitalis,Pharmacy/B2B,9,21.0,EUR,0.0,189.0,189.0
TXN-DE-2-001178,2026-08-26 05:33:41,2026-08-26 05:34:41,DE,SaaS Platform,D,SAN-002,SanaPlus ColdFlu,OTC,SanaPlus,Wholesale,5,10.5,EUR,0.0,52.5,52.5
TXN-DE-2-001179,2026-08-26 22:22:05,2026-08-26 22:27:05,DE,SaaS Platform,D,MED-001,Medora Cardio 10mg,Prescription,Medora,E-commerce,5,43.0,EUR,0.0,215.0,215.0
TXN-DE-2-001180,2026-08-26 01:53:09,2026-08-26 01:56:09,DE,SaaS Platform,D,PUR-001,PureLife GlucoMonitor,Medical Device,PureLife,D2C,7,85.0,EUR,0.0,595.0,595.0
TXN-DE-2-001181,2026-08-26 22:25:54,2026-08-26 22:28:54,DE,SaaS Platform,D,MED-002,Medora Derm Cream,Prescription,Medora,Wholesale,12,26.0,EUR,0.0,312.0,312.0
TXN-DE-2-001182,2026-08-26 08:52:21,2026-08-26 08:57:21,DE,SaaS Platform,D,SAN-002,SanaPlus ColdFlu,OTC,SanaPlus,Pharmacy/B2B,5,10.5,EUR,0.0,52.5,52.5
TXN-DE-2-001183,2026-08-26 23:10:21,2026-08-26 23:16:21,DE,SaaS Platform,D,SAN-001,SanaPlus PainRelief,OTC,SanaPlus,E-commerce,11,9.5,EUR,0.0,104.5,104.5
TXN-DE-2-001184,2026-08-26 21:35:19,2026-08-26 21:38:19,DE,SaaS Platform,D,SAN-001,SanaPlus PainRelief,OTC,SanaPlus,D2C,6,9.5,EUR,0.0,57.0,57.0
TXN-DE-2-001185,2026-08-26 21:56:22,2026-08-26 21:57:22,DE,SaaS Platform,D,VIT-001,Vitalis C1000,Supplement,Vitalis,E-commerce,2,21.0,EUR,0.2,42.0,33.6
TXN-DE-2-001186,2026-08-26 03:33:51,2026-08-26 03:37:51,DE,SaaS Platform,D,PUR-002,PureLife BP Monitor,Medical Device,PureLife,D2C,10,90.0,EUR,0.0,900.0,900.0
TXN-DE-2-001187,2026-08-26 09:49:34,2026-08-26 09:51:34,DE,SaaS Platform,D,VIT-001,Vitalis C1000,Supplement,Vitalis,E-commerce,3,21.0,EUR,0.1,63.0,56.7
TXN-DE-2-001188,2026-08-26 23:08:32,2026-08-26 23:13:32,DE,SaaS Platform,D,SAN-002,SanaPlus ColdFlu,OTC,SanaPlus,Wholesale,5,10.5,EUR,0.0,52.5,52.5
TXN-DE-2-001189,2026-08-26 15:57:29,2026-08-26 16:02:29,DE,SaaS Platform,D,DER-001,Dermacare GlowSerum,Aesthetic,Dermacare,E-commerce,1,32.0,EUR,0.2,32.0,25.6
TXN-DE-2-001190,2026-08-26 10:07:50,2026-08-26 10:12:50,DE,SaaS Platform,D,SAN-002,SanaPlus ColdFlu,OTC,SanaPlus,D2C,1,10.5,EUR,0.1,10.5,9.45
TXN-DE-2-001191,2026-08-26 11:04:29,2026-08-26 11:08:29,DE,SaaS Platform,D,PUR-001,PureLife GlucoMonitor,Medical Device,PureLife,Wholesale,12,85.0,EUR,0.0,1020.0,1020.0
TXN-DE-2-001192,2026-08-26 02:26:41,2026-08-26 02:30:41,DE,SaaS Platform,D,VIT-002,Vitalis Multivit,Supplement,Vitalis,E-commerce,9,17.0,EUR,0.15,153.0,130.05
TXN-DE-2-001193,2026-08-26 02:18:42,2026-08-26 02:19:42,DE,SaaS Platform,D,SAN-002,SanaPlus ColdFlu,OTC,SanaPlus,E-commerce,6,10.5,EUR,0.0,63.0,63.0
TXN-DE-2-001194,2026-08-26 05:58:35,2026-08-26 05:59:35,DE,SaaS Platform,D,MED-002,Medora Derm Cream,Prescription,Medora,D2C,7,26.0,EUR,0.0,182.0,182.0
TXN-DE-2-001195,2026-08-26 08:54:24,2026-08-26 08:55:24,DE,SaaS Platform,D,MED-002,Medora Derm Cream,Prescription,Medora,Wholesale,7,26.0,EUR,0.0,182.0,182.0
TXN-DE-2-001196,2026-08-26 13:25:44,2026-08-26 13:29:44,DE,SaaS Platform,D,VIT-002,Vitalis Multivit,Supplement,Vitalis,Wholesale,4,17.0,EUR,0.0,68.0,68.0
TXN-DE-2-001197,2026-08-26 01:45:38,2026-08-26 01:51:38,DE,SaaS Platform,D,SAN-001,SanaPlus PainRelief,OTC,SanaPlus,E-commerce,4,9.5,EUR,0.0,38.0,38.0
TXN-DE-2-001198,2026-08-26 21:09:07,2026-08-26 21:10:07,DE,SaaS Platform,D,MED-002,Medora Derm Cream,Prescription,Medora,D2C,7,26.0,EUR,0.2,182.0,145.6
TXN-DE-2-001199,2026-08-26 10:45:08,2026-08-26 10:46:08,DE,SaaS Platform,D,DER-002,Dermacare LiftCream,Aesthetic,Dermacare,D2C,6,37.0,EUR,0.15,222.0,188.7
TXN-DE-2-001200,2026-08-26 14:41:04,2026-08-26 14:46:04,DE,SaaS Platform,D,SAN-001,SanaPlus PainRelief,OTC,SanaPlus,Pharmacy/B2B,5,9.5,EUR,0.05,47.5,45.12
TXN-DE-2-001201,2026-08-26 16:07:49,2026-08-26 16:09:49,DE,SaaS Platform,D,SAN-002,SanaPlus ColdFlu,OTC,SanaPlus,E-commerce,12,10.5,EUR,0.1,126.0,113.4
TXN-DE-2-001202,2026-08-26 07:06:21,2026-08-26 07:12:21,DE,SaaS Platform,D,PUR-002,PureLife BP Monitor,Medical Device,PureLife,Wholesale,3,90.0,EUR,0.0,270.0,270.0
TXN-DE-2-001203,2026-08-26 17:16:42,2026-08-26 17:20:42,DE,SaaS Platform,D,SAN-001,SanaPlus PainRelief,OTC,SanaPlus,Pharmacy/B2B,11,9.5,EUR,0.05,104.5,99.27
TXN-DE-2-001204,2026-08-26 04:27:43,2026-08-26 04:31:43,DE,SaaS Platform,D,SAN-002,SanaPlus ColdFlu,OTC,SanaPlus,Wholesale,11,10.5,EUR,0.05,115.5,109.72
TXN-DE-2-001205,2026-08-26 11:29:06,2026-08-26 11:33:06,DE,SaaS Platform,D,DER-001,Dermacare GlowSerum,Aesthetic,Dermacare,D2C,1,32.0,EUR,0.05,32.0,30.4
TXN-DE-2-001206,2026-08-26 07:44:29,2026-08-26 07:46:29,DE,SaaS Platform,D,DER-001,Dermacare GlowSerum,Aesthetic,Dermacare,D2C,6,32.0,EUR,0.1,192.0,172.8
TXN-DE-2-001207,2026-08-26 14:16:24,2026-08-26 14:17:24,DE,SaaS Platform,D,DER-002,Dermacare LiftCream,Aesthetic,Dermacare,Pharmacy/B2B,2,37.0,EUR,0.0,74.0,74.0
TXN-DE-2-001208,2026-08-26 15:22:48,2026-08-26 15:27:48,DE,SaaS Platform,D,DER-001,Dermacare GlowSerum,Aesthetic,Dermacare,Wholesale,10,32.0,EUR,0.05,320.0,304.0
TXN-DE-2-001209,2026-08-26 21:48:54,2026-08-26 21:50:54,DE,SaaS Platform,D,PUR-002,PureLife BP Monitor,Medical Device,PureLife,E-commerce,5,90.0,EUR,0.1,450.0,405.0
TXN-DE-2-001210,2026-08-26 23:23:45,2026-08-26 23:27:45,DE,SaaS Platform,D,VIT-001,Vitalis C1000,Supplement,Vitalis,E-commerce,5,21.0,EUR,0.0,105.0,105.0
TXN-DE-2-001211,2026-08-26 07:18:46,2026-08-26 07:22:46,DE,SaaS Platform,D,PUR-002,PureLife BP Monitor,Medical Device,PureLife,E-commerce,9,90.0,EUR,0.0,810.0,810.0
TXN-DE-2-001212,2026-08-26 03:02:24,2026-08-26 03:05:24,DE,SaaS Platform,D,DER-001,Dermacare GlowSerum,Aesthetic,Dermacare,E-commerce,12,32.0,EUR,0.1,384.0,345.6
TXN-DE-2-001213,2026-08-26 07:30:27,2026-08-26 07:34:27,DE,SaaS Platform,D,PUR-002,PureLife BP Monitor,Medical Device,PureLife,D2C,8,90.0,EUR,0.05,720.0,684.0
TXN-DE-2-001214,2026-08-26 22:58:06,2026-08-26 23:01:06,DE,SaaS Platform,D,MED-002,Medora Derm Cream,Prescription,Medora,Wholesale,12,26.0,EUR,0.0,312.0,312.0
TXN-DE-2-001215,2026-08-26 08:07:59,2026-08-26 08:13:59,DE,SaaS Platform,D,VIT-002,Vitalis Multivit,Supplement,Vitalis,Wholesale,12,17.0,EUR,0.0,204.0,204.0
TXN-DE-2-001216,2026-08-26 04:12:54,2026-08-26 04:13:54,DE,SaaS Platform,D,DER-002,Dermacare LiftCream,Aesthetic,Dermacare,Wholesale,8,37.0,EUR,0.05,296.0,281.2
TXN-DE-2-001217,2026-08-26 01:38:34,2026-08-26 01:41:34,DE,SaaS Platform,D,VIT-002,Vitalis Multivit,Supplement,Vitalis,D2C,12,17.0,EUR,0.0,204.0,204.0
TXN-DE-2-001218,2026-08-26 01:19:49,2026-08-26 01:21:49,DE,SaaS Platform,D,SAN-002,SanaPlus ColdFlu,OTC,SanaPlus,Pharmacy/B2B,7,10.5,EUR,0.15,73.5,62.48
TXN-DE-2-001219,2026-08-26 13:11:59,2026-08-26 13:14:59,DE,SaaS Platform,D,PUR-002,PureLife BP Monitor,Medical Device,PureLife,Pharmacy/B2B,11,90.0,EUR,0.15,990.0,841.5
TXN-DE-2-001220,2026-08-26 14:18:00,2026-08-26 14:19:00,DE,SaaS Platform,D,PUR-001,PureLife GlucoMonitor,Medical Device,PureLife,D2C,7,85.0,EUR,0.0,595.0,595.0
TXN-DE-2-001221,2026-08-26 20:10:43,2026-08-26 20:14:43,DE,SaaS Platform,D,DER-001,Dermacare GlowSerum,Aesthetic,Dermacare,Pharmacy/B2B,9,32.0,EUR,0.15,288.0,244.8
TXN-DE-2-001222,2026-08-26 13:30:20,2026-08-26 13:34:20,DE,SaaS Platform,D,DER-001,Dermacare GlowSerum,Aesthetic,Dermacare,D2C,7,32.0,EUR,0.2,224.0,179.2
TXN-DE-2-001223,2026-08-26 00:56:01,2026-08-26 00:58:01,DE,SaaS Platform,D,DER-001,Dermacare GlowSerum,Aesthetic,Dermacare,E-commerce,11,32.0,EUR,0.0,352.0,352.0
TXN-DE-2-001224,2026-08-26 10:18:27,2026-08-26 10:20:27,DE,SaaS Platform,D,PUR-001,PureLife GlucoMonitor,Medical Device,PureLife,Wholesale,7,85.0,EUR,0.0,595.0,595.0
TXN-DE-2-001225,2026-08-26 05:13:47,2026-08-26 05:17:47,DE,SaaS Platform,D,MED-002,Medora Derm Cream,Prescription,Medora,E-commerce,2,26.0,EUR,0.05,52.0,49.4
TXN-DE-2-001226,2026-08-26 08:08:42,2026-08-26 08:12:42,DE,SaaS Platform,D,DER-001,Dermacare GlowSerum,Aesthetic,Dermacare,D2C,7,32.0,EUR,0.05,224.0,212.8
TXN-DE-2-001227,2026-08-26 16:38:26,2026-08-26 16:40:26,DE,SaaS Platform,D,PUR-002,PureLife BP Monitor,Medical Device,PureLife,Pharmacy/B2B,7,90.0,EUR,0.15,630.0,535.5
TXN-DE-2-001228,2026-08-26 01:36:43,2026-08-26 01:40:43,DE,SaaS Platform,D,VIT-001,Vitalis C1000,Supplement,Vitalis,Wholesale,11,21.0,EUR,0.05,231.0,219.45
TXN-DE-2-001229,2026-08-26 05:56:16,2026-08-26 06:02:16,DE,SaaS Platform,D,VIT-002,Vitalis Multivit,Supplement,Vitalis,Wholesale,6,17.0,EUR,0.15,102.0,86.7
TXN-DE-2-001230,2026-08-26 16:14:55,2026-08-26 16:18:55,DE,SaaS Platform,D,MED-002,Medora Derm Cream,Prescription,Medora,D2C,8,26.0,EUR,0.15,208.0,176.8
TXN-DE-2-001231,2026-08-26 15:44:46,2026-08-26 15:48:46,DE,SaaS Platform,D,SAN-002,SanaPlus ColdFlu,OTC,SanaPlus,Wholesale,11,10.5,EUR,0.0,115.5,115.5
TXN-DE-2-001232,2026-08-26 15:10:14,2026-08-26 15:13:14,DE,SaaS Platform,D,MED-001,Medora Cardio 10mg,Prescription,Medora,E-commerce,3,43.0,EUR,0.05,129.0,122.55
TXN-DE-2-001233,2026-08-26 04:00:20,2026-08-26 04:06:20,DE,SaaS Platform,D,VIT-001,Vitalis C1000,Supplement,Vitalis,E-commerce,5,21.0,EUR,0.2,105.0,84.0
TXN-DE-2-001234,2026-08-26 21:11:41,2026-08-26 21:17:41,DE,SaaS Platform,D,SAN-001,SanaPlus PainRelief,OTC,SanaPlus,D2C,12,9.5,EUR,0.05,114.0,108.3
TXN-DE-2-001235,2026-08-26 06:20:45,2026-08-26 06:23:45,DE,SaaS Platform,D,SAN-001,SanaPlus PainRelief,OTC,SanaPlus,Pharmacy/B2B,8,9.5,EUR,0.05,76.0,72.2
TXN-DE-2-001236,2026-08-26 09:51:45,2026-08-26 09:56:45,DE,SaaS Platform,D,VIT-001,Vitalis C1000,Supplement,Vitalis,Wholesale,2,21.0,EUR,0.0,42.0,42.0
TXN-DE-2-001237,2026-08-26 19:07:33,2026-08-26 19:13:33,DE,SaaS Platform,D,MED-002,Medora Derm Cream,Prescription,Medora,Pharmacy/B2B,10,26.0,EUR,0.1,260.0,234.0
TXN-DE-2-001238,2026-08-26 12:23:10,2026-08-26 12:29:10,DE,SaaS Platform,D,DER-002,Dermacare LiftCream,Aesthetic,Dermacare,Pharmacy/B2B,9,37.0,EUR,0.0,333.0,333.0
TXN-DE-2-001239,2026-08-26 07:24:51,2026-08-26 07:29:51,DE,SaaS Platform,D,MED-001,Medora Cardio 10mg,Prescription,Medora,Wholesale,1,43.0,EUR,0.0,43.0,43.0
TXN-DE-2-001240,2026-08-26 23:00:37,2026-08-26 23:02:37,DE,SaaS Platform,D,MED-002,Medora Derm Cream,Prescription,Medora,D2C,7,26.0,EUR,0.2,182.0,145.6
TXN-DE-2-001241,2026-08-26 15:12:32,2026-08-26 15:16:32,DE,SaaS Platform,D,MED-001,Medora Cardio 10mg,Prescription,Medora,D2C,4,43.0,EUR,0.2,172.0,137.6
TXN-DE-2-001242,2026-08-26 09:02:44,2026-08-26 09:08:44,DE,SaaS Platform,D,MED-001,Medora Cardio 10mg,Prescription,Medora,D2C,2,43.0,EUR,0.1,86.0,77.4
TXN-DE-2-001243,2026-08-26 19:29:57,2026-08-26 19:31:57,DE,SaaS Platform,D,PUR-001,PureLife GlucoMonitor,Medical Device,PureLife,Wholesale,1,85.0,EUR,0.05,85.0,80.75
TXN-DE-2-001244,2026-08-26 20:42:14,2026-08-26 20:46:14,DE,SaaS Platform,D,VIT-001,Vitalis C1000,Supplement,Vitalis,D2C,10,21.0,EUR,0.1,210.0,189.0
TXN-DE-2-001245,2026-08-26 22:01:22,2026-08-26 22:04:22,DE,SaaS Platform,D,DER-001,Dermacare GlowSerum,Aesthetic,Dermacare,Pharmacy/B2B,2,32.0,EUR,0.0,64.0,64.0
TXN-DE-2-001246,2026-08-26 07:04:27,2026-08-26 07:05:27,DE,SaaS Platform,D,PUR-001,PureLife GlucoMonitor,Medical Device,PureLife,Wholesale,6,85.0,EUR,0.1,510.0,459.0
TXN-DE-2-001247,2026-08-26 14:00:50,2026-08-26 14:02:50,DE,SaaS Platform,D,PUR-001,PureLife GlucoMonitor,Medical Device,PureLife,Pharmacy/B2B,5,85.0,EUR,0.0,425.0,425.0
TXN-DE-2-001248,2026-08-26 10:47:48,2026-08-26 10:50:48,DE,SaaS Platform,D,MED-002,Medora Derm Cream,Prescription,Medora,Wholesale,2,26.0,EUR,0.05,52.0,49.4
TXN-DE-2-001249,2026-08-26 14:46:24,2026-08-26 14:52:24,DE,SaaS Platform,D,MED-002,Medora Derm Cream,Prescription,Medora,E-commerce,1,26.0,EUR,0.05,26.0,24.7
TXN-DE-2-001250,2026-08-26 07:19:00,2026-08-26 07:22:00,DE,SaaS Platform,D,SAN-001,SanaPlus PainRelief,OTC,SanaPlus,D2C,4,9.5,EUR,0.1,38.0,34.2
TXN-DE-2-001251,2026-08-26 15:16:06,2026-08-26 15:17:06,DE,SaaS Platform,D,MED-001,Medora Cardio 10mg,Prescription,Medora,D2C,9,43.0,EUR,0.2,387.0,309.6
TXN-DE-2-001252,2026-08-26 00:43:23,2026-08-26 00:48:23,DE,SaaS Platform,D,PUR-001,PureLife GlucoMonitor,Medical Device,PureLife,Pharmacy/B2B,6,85.0,EUR,0.2,510.0,408.0
TXN-DE-2-001253,2026-08-26 23:45:23,2026-08-26 23:49:23,DE,SaaS Platform,D,SAN-001,SanaPlus PainRelief,OTC,SanaPlus,Wholesale,6,9.5,EUR,0.1,57.0,51.3
TXN-DE-2-001254,2026-08-26 09:12:52,2026-08-26 09:18:52,DE,SaaS Platform,D,MED-001,Medora Cardio 10mg,Prescription,Medora,E-commerce,5,43.0,EUR,0.2,215.0,172.0
TXN-DE-2-001255,2026-08-26 21:28:37,2026-08-26 21:30:37,DE,SaaS Platform,D,PUR-001,PureLife GlucoMonitor,Medical Device,PureLife,Wholesale,2,85.0,EUR,0.2,170.0,136.0
TXN-DE-2-001256,2026-08-26 07:50:46,2026-08-26 07:55:46,DE,SaaS Platform,D,PUR-002,PureLife BP Monitor,Medical Device,PureLife,E-commerce,8,90.0,EUR,0.1,720.0,648.0
TXN-DE-2-001257,2026-08-26 08:22:18,2026-08-26 08:25:18,DE,SaaS Platform,D,SAN-001,SanaPlus PainRelief,OTC,SanaPlus,D2C,11,9.5,EUR,0.0,104.5,104.5
TXN-DE-2-001258,2026-08-26 12:15:25,2026-08-26 12:20:25,DE,SaaS Platform,D,PUR-002,PureLife BP Monitor,Medical Device,PureLife,Pharmacy/B2B,6,90.0,EUR,0.2,540.0,432.0
TXN-DE-2-001259,2026-08-26 15:56:04,2026-08-26 15:58:04,DE,SaaS Platform,D,MED-001,Medora Cardio 10mg,Prescription,Medora,Pharmacy/B2B,10,43.0,EUR,0.15,430.0,365.5
TXN-DE-2-001260,2026-08-26 21:51:41,2026-08-26 21:54:41,DE,SaaS Platform,D,VIT-001,Vitalis C1000,Supplement,Vitalis,Wholesale,2,21.0,EUR,0.2,42.0,33.6
TXN-DE-2-001261,2026-08-26 10:05:39,2026-08-26 10:11:39,DE,SaaS Platform,D,SAN-002,SanaPlus ColdFlu,OTC,SanaPlus,Wholesale,11,10.5,EUR,0.1,115.5,103.95
TXN-DE-2-001262,2026-08-26 06:12:19,2026-08-26 06:15:19,DE,SaaS Platform,D,SAN-002,SanaPlus ColdFlu,OTC,SanaPlus,Wholesale,7,10.5,EUR,0.0,73.5,73.5
TXN-DE-2-001263,2026-08-26 15:49:18,2026-08-26 15:51:18,DE,SaaS Platform,D,MED-001,Medora Cardio 10mg,Prescription,Medora,D2C,2,43.0,EUR,0.0,86.0,86.0
TXN-DE-2-001264,2026-08-26 18:49:07,2026-08-26 18:50:07,DE,SaaS Platform,D,DER-001,Dermacare GlowSerum,Aesthetic,Dermacare,E-commerce,8,32.0,EUR,0.1,256.0,230.4
TXN-DE-2-001265,2026-08-26 21:18:47,2026-08-26 21:22:47,DE,SaaS Platform,D,VIT-002,Vitalis Multivit,Supplement,Vitalis,Pharmacy/B2B,8,17.0,EUR,0.0,136.0,136.0
TXN-DE-2-001266,2026-08-26 07:09:53,2026-08-26 07:11:53,DE,SaaS Platform,D,PUR-001,PureLife GlucoMonitor,Medical Device,PureLife,D2C,7,85.0,EUR,0.1,595.0,535.5
TXN-DE-2-001267,2026-08-26 22:54:40,2026-08-26 22:56:40,DE,SaaS Platform,D,DER-001,Dermacare GlowSerum,Aesthetic,Dermacare,D2C,8,32.0,EUR,0.0,256.0,256.0
TXN-DE-2-001268,2026-08-26 23:02:12,2026-08-26 23:03:12,DE,SaaS Platform,D,MED-002,Medora Derm Cream,Prescription,Medora,D2C,11,26.0,EUR,0.0,286.0,286.0
TXN-DE-2-001269,2026-08-26 08:49:34,2026-08-26 08:52:34,DE,SaaS Platform,D,VIT-002,Vitalis Multivit,Supplement,Vitalis,Pharmacy/B2B,7,17.0,EUR,0.0,119.0,119.0
TXN-DE-2-001270,2026-08-26 22:11:16,2026-08-26 22:13:16,DE,SaaS Platform,D,VIT-002,Vitalis Multivit,Supplement,Vitalis,D2C,7,17.0,EUR,0.0,119.0,119.0
TXN-DE-2-001271,2026-08-26 04:30:22,2026-08-26 04:32:22,DE,SaaS Platform,D,SAN-001,SanaPlus PainRelief,OTC,SanaPlus,E-commerce,4,9.5,EUR,0.0,38.0,38.0
TXN-DE-2-001272,2026-08-26 16:16:06,2026-08-26 16:17:06,DE,SaaS Platform,D,VIT-001,Vitalis C1000,Supplement,Vitalis,Pharmacy/B2B,6,21.0,EUR,0.05,126.0,119.7
TXN-DE-2-001273,2026-08-26 11:17:24,2026-08-26 11:22:24,DE,SaaS Platform,D,VIT-001,Vitalis C1000,Supplement,Vitalis,Pharmacy/B2B,4,21.0,EUR,0.15,84.0,71.4
TXN-DE-2-001274,2026-08-26 19:28:17,2026-08-26 19:32:17,DE,SaaS Platform,D,MED-001,Medora Cardio 10mg,Prescription,Medora,Wholesale,9,43.0,EUR,0.0,387.0,387.0
TXN-DE-2-001275,2026-08-26 19:19:27,2026-08-26 19:24:27,DE,SaaS Platform,D,DER-002,Dermacare LiftCream,Aesthetic,Dermacare,E-commerce,11,37.0,EUR,0.15,407.0,345.95
TXN-DE-2-001276,2026-08-26 18:36:37,2026-08-26 18:40:37,DE,SaaS Platform,D,MED-001,Medora Cardio 10mg,Prescription,Medora,E-commerce,5,43.0,EUR,0.0,215.0,215.0
TXN-DE-2-001277,2026-08-26 14:36:49,2026-08-26 14:39:49,DE,SaaS Platform,D,SAN-002,SanaPlus ColdFlu,OTC,SanaPlus,E-commerce,2,10.5,EUR,0.15,21.0,17.85
TXN-DE-2-001278,2026-08-26 01:49:27,2026-08-26 01:53:27,DE,SaaS Platform,D,DER-001,Dermacare GlowSerum,Aesthetic,Dermacare,Pharmacy/B2B,8,32.0,EUR,0.0,256.0,256.0
TXN-DE-2-001279,2026-08-26 00:32:47,2026-08-26 00:38:47,DE,SaaS Platform,D,PUR-002,PureLife BP Monitor,Medical Device,PureLife,Wholesale,1,90.0,EUR,0.1,90.0,81.0
TXN-DE-2-001280,2026-08-26 20:54:00,2026-08-26 20:58:00,DE,SaaS Platform,D,DER-002,Dermacare LiftCream,Aesthetic,Dermacare,D2C,5,37.0,EUR,0.0,185.0,185.0
TXN-DE-2-001281,2026-08-26 23:27:38,2026-08-26 23:30:38,DE,SaaS Platform,D,PUR-002,PureLife BP Monitor,Medical Device,PureLife,E-commerce,5,90.0,EUR,0.0,450.0,450.0
TXN-DE-2-001282,2026-08-26 23:51:22,2026-08-26 23:55:22,DE,SaaS Platform,D,MED-002,Medora Derm Cream,Prescription,Medora,Wholesale,12,26.0,EUR,0.15,312.0,265.2
TXN-DE-2-001283,2026-08-26 04:06:50,2026-08-26 04:09:50,DE,SaaS Platform,D,DER-001,Dermacare GlowSerum,Aesthetic,Dermacare,E-commerce,4,32.0,EUR,0.05,128.0,121.6
TXN-DE-2-001284,2026-08-26 00:41:15,2026-08-26 00:45:15,DE,SaaS Platform,D,MED-002,Medora Derm Cream,Prescription,Medora,Pharmacy/B2B,12,26.0,EUR,0.15,312.0,265.2
TXN-DE-2-001285,2026-08-26 02:52:00,2026-08-26 02:54:00,DE,SaaS Platform,D,VIT-001,Vitalis C1000,Supplement,Vitalis,E-commerce,2,21.0,EUR,0.0,42.0,42.0
TXN-DE-2-001286,2026-08-26 06:54:55,2026-08-26 06:55:55,DE,SaaS Platform,D,VIT-002,Vitalis Multivit,Supplement,Vitalis,Wholesale,8,17.0,EUR,0.0,136.0,136.0
TXN-DE-2-001287,2026-08-26 15:33:23,2026-08-26 15:38:23,DE,SaaS Platform,D,SAN-001,SanaPlus PainRelief,OTC,SanaPlus,Wholesale,4,9.5,EUR,0.0,38.0,38.0
TXN-DE-2-001288,2026-08-26 19:45:04,2026-08-26 19:46:04,DE,SaaS Platform,D,DER-001,Dermacare GlowSerum,Aesthetic,Dermacare,Pharmacy/B2B,4,32.0,EUR,0.0,128.0,128.0
TXN-DE-2-001289,2026-08-26 01:02:35,2026-08-26 01:04:35,DE,SaaS Platform,D,SAN-001,SanaPlus PainRelief,OTC,SanaPlus,E-commerce,1,9.5,EUR,0.05,9.5,9.03
TXN-DE-2-001290,2026-08-26 05:18:30,2026-08-26 05:23:30,DE,SaaS Platform,D,PUR-002,PureLife BP Monitor,Medical Device,PureLife,D2C,12,90.0,EUR,0.1,1080.0,972.0
TXN-DE-2-001291,2026-08-26 00:19:19,2026-08-26 00:22:19,DE,SaaS Platform,D,VIT-001,Vitalis C1000,Supplement,Vitalis,D2C,9,21.0,EUR,0.0,189.0,189.0
TXN-DE-2-001292,2026-08-26 03:37:47,2026-08-26 03:43:47,DE,SaaS Platform,D,MED-002,Medora Derm Cream,Prescription,Medora,Wholesale,9,26.0,EUR,0.15,234.0,198.9
TXN-DE-2-001293,2026-08-26 20:19:37,2026-08-26 20:25:37,DE,SaaS Platform,D,VIT-002,Vitalis Multivit,Supplement,Vitalis,E-commerce,2,17.0,EUR,0.2,34.0,27.2
TXN-DE-2-001294,2026-08-26 02:22:25,2026-08-26 02:25:25,DE,SaaS Platform,D,VIT-002,Vitalis Multivit,Supplement,Vitalis,Wholesale,8,17.0,EUR,0.1,136.0,122.4
TXN-DE-2-001295,2026-08-26 12:36:12,2026-08-26 12:41:12,DE,SaaS Platform,D,DER-002,Dermacare LiftCream,Aesthetic,Dermacare,E-commerce,4,37.0,EUR,0.2,148.0,118.4
TXN-DE-2-001296,2026-08-26 09:37:33,2026-08-26 09:41:33,DE,SaaS Platform,D,DER-001,Dermacare GlowSerum,Aesthetic,Dermacare,Wholesale,7,32.0,EUR,0.15,224.0,190.4
TXN-DE-2-001297,2026-08-26 14:32:07,2026-08-26 14:37:07,DE,SaaS Platform,D,VIT-001,Vitalis C1000,Supplement,Vitalis,E-commerce,1,21.0,EUR,0.0,21.0,21.0
TXN-DE-2-001298,2026-08-26 17:46:36,2026-08-26 17:48:36,DE,SaaS Platform,D,DER-002,Dermacare LiftCream,Aesthetic,Dermacare,Pharmacy/B2B,4,37.0,EUR,0.1,148.0,133.2
TXN-DE-2-001299,2026-08-26 16:29:32,2026-08-26 16:33:32,DE,SaaS Platform,D,SAN-001,SanaPlus PainRelief,OTC,SanaPlus,Wholesale,5,9.5,EUR,0.0,47.5,47.5
TXN-DE-2-001300,2026-08-26 18:28:48,2026-08-26 18:34:48,DE,SaaS Platform,D,SAN-002,SanaPlus ColdFlu,OTC,SanaPlus,Pharmacy/B2B,9,10.5,EUR,0.1,94.5,85.05
TXN-DE-2-001301,2026-08-26 06:04:58,2026-08-26 06:07:58,DE,SaaS Platform,D,DER-002,Dermacare LiftCream,Aesthetic,Dermacare,Pharmacy/B2B,5,37.0,EUR,0.0,185.0,185.0
TXN-DE-2-001302,2026-08-26 12:16:19,2026-08-26 12:19:19,DE,SaaS Platform,D,SAN-001,SanaPlus PainRelief,OTC,SanaPlus,E-commerce,9,9.5,EUR,0.0,85.5,85.5
TXN-DE-2-001303,2026-08-26 13:22:12,2026-08-26 13:28:12,DE,SaaS Platform,D,PUR-001,PureLife GlucoMonitor,Medical Device,PureLife,Wholesale,11,85.0,EUR,0.0,935.0,935.0
TXN-DE-2-001304,2026-08-26 06:15:38,2026-08-26 06:16:38,DE,SaaS Platform,D,MED-001,Medora Cardio 10mg,Prescription,Medora,D2C,4,43.0,EUR,0.2,172.0,137.6
TXN-DE-2-001305,2026-08-26 19:48:15,2026-08-26 19:49:15,DE,SaaS Platform,D,SAN-002,SanaPlus ColdFlu,OTC,SanaPlus,D2C,11,10.5,EUR,0.2,115.5,92.4
TXN-DE-2-001306,2026-08-26 16:34:29,2026-08-26 16:39:29,DE,SaaS Platform,D,SAN-001,SanaPlus PainRelief,OTC,SanaPlus,E-commerce,1,9.5,EUR,0.0,9.5,9.5
TXN-DE-2-001307,2026-08-26 18:58:13,2026-08-26 19:02:13,DE,SaaS Platform,D,MED-001,Medora Cardio 10mg,Prescription,Medora,Pharmacy/B2B,12,43.0,EUR,0.05,516.0,490.2
TXN-DE-2-001308,2026-08-26 13:23:03,2026-08-26 13:29:03,DE,SaaS Platform,D,VIT-002,Vitalis Multivit,Supplement,Vitalis,E-commerce,11,17.0,EUR,0.15,187.0,158.95
TXN-DE-2-001309,2026-08-26 21:28:44,2026-08-26 21:33:44,DE,SaaS Platform,D,SAN-002,SanaPlus ColdFlu,OTC,SanaPlus,Wholesale,8,10.5,EUR,0.2,84.0,67.2
TXN-DE-2-001310,2026-08-26 15:25:32,2026-08-26 15:26:32,DE,SaaS Platform,D,MED-001,Medora Cardio 10mg,Prescription,Medora,D2C,3,43.0,EUR,0.05,129.0,122.55
TXN-DE-2-001311,2026-08-26 01:26:59,2026-08-26 01:31:59,DE,SaaS Platform,D,PUR-001,PureLife GlucoMonitor,Medical Device,PureLife,E-commerce,10,85.0,EUR,0.05,850.0,807.5
TXN-DE-2-001312,2026-08-26 12:12:58,2026-08-26 12:15:58,DE,SaaS Platform,D,PUR-001,PureLife GlucoMonitor,Medical Device,PureLife,D2C,11,85.0,EUR,0.0,935.0,935.0
TXN-DE-2-001313,2026-08-26 07:52:19,2026-08-26 07:57:19,DE,SaaS Platform,D,MED-001,Medora Cardio 10mg,Prescription,Medora,D2C,4,43.0,EUR,0.05,172.0,163.4
TXN-DE-2-001314,2026-08-26 08:25:17,2026-08-26 08:28:17,DE,SaaS Platform,D,DER-002,Dermacare LiftCream,Aesthetic,Dermacare,Pharmacy/B2B,12,37.0,EUR,0.05,444.0,421.8
TXN-DE-2-001315,2026-08-26 18:02:14,2026-08-26 18:07:14,DE,SaaS Platform,D,MED-001,Medora Cardio 10mg,Prescription,Medora,D2C,8,43.0,EUR,0.15,344.0,292.4
TXN-DE-2-001316,2026-08-26 20:10:26,2026-08-26 20:11:26,DE,SaaS Platform,D,SAN-002,SanaPlus ColdFlu,OTC,SanaPlus,D2C,5,10.5,EUR,0.0,52.5,52.5
TXN-DE-2-001317,2026-08-26 04:46:28,2026-08-26 04:51:28,DE,SaaS Platform,D,VIT-001,Vitalis C1000,Supplement,Vitalis,D2C,9,21.0,EUR,0.0,189.0,189.0
TXN-DE-2-001318,2026-08-26 09:32:30,2026-08-26 09:37:30,DE,SaaS Platform,D,MED-002,Medora Derm Cream,Prescription,Medora,D2C,9,26.0,EUR,0.0,234.0,234.0
TXN-DE-2-001319,2026-08-26 20:19:54,2026-08-26 20:23:54,DE,SaaS Platform,D,SAN-001,SanaPlus PainRelief,OTC,SanaPlus,D2C,10,9.5,EUR,0.0,95.0,95.0
TXN-DE-2-001320,2026-08-26 03:31:16,2026-08-26 03:37:16,DE,SaaS Platform,D,PUR-001,PureLife GlucoMonitor,Medical Device,PureLife,E-commerce,2,85.0,EUR,0.2,170.0,136.0
TXN-DE-2-001321,2026-08-26 01:26:47,2026-08-26 01:29:47,DE,SaaS Platform,D,PUR-001,PureLife GlucoMonitor,Medical Device,PureLife,Wholesale,7,85.0,EUR,0.2,595.0,476.0
TXN-DE-2-001322,2026-08-26 18:57:09,2026-08-26 19:01:09,DE,SaaS Platform,D,PUR-002,PureLife BP Monitor,Medical Device,PureLife,D2C,7,90.0,EUR,0.0,630.0,630.0
TXN-DE-2-001323,2026-08-26 20:01:01,2026-08-26 20:04:01,DE,SaaS Platform,D,MED-002,Medora Derm Cream,Prescription,Medora,Wholesale,6,26.0,EUR,0.15,156.0,132.6
TXN-DE-2-001324,2026-08-26 18:08:10,2026-08-26 18:09:10,DE,SaaS Platform,D,SAN-001,SanaPlus PainRelief,OTC,SanaPlus,Pharmacy/B2B,11,9.5,EUR,0.05,104.5,99.27
TXN-DE-2-001325,2026-08-26 20:05:07,2026-08-26 20:11:07,DE,SaaS Platform,D,DER-002,Dermacare LiftCream,Aesthetic,Dermacare,D2C,11,37.0,EUR,0.15,407.0,345.95
TXN-DE-2-001326,2026-08-26 04:18:35,2026-08-26 04:19:35,DE,SaaS Platform,D,SAN-002,SanaPlus ColdFlu,OTC,SanaPlus,Wholesale,7,10.5,EUR,0.0,73.5,73.5
TXN-DE-2-001327,2026-08-26 04:43:20,2026-08-26 04:47:20,DE,SaaS Platform,D,VIT-001,Vitalis C1000,Supplement,Vitalis,D2C,7,21.0,EUR,0.0,147.0,147.0
TXN-DE-2-001328,2026-08-26 01:09:38,2026-08-26 01:11:38,DE,SaaS Platform,D,SAN-002,SanaPlus ColdFlu,OTC,SanaPlus,Wholesale,9,10.5,EUR,0.15,94.5,80.33
TXN-DE-2-001329,2026-08-26 15:05:34,2026-08-26 15:08:34,DE,SaaS Platform,D,VIT-002,Vitalis Multivit,Supplement,Vitalis,D2C,8,17.0,EUR,0.1,136.0,122.4
TXN-DE-2-001330,2026-08-26 13:57:52,2026-08-26 14:01:52,DE,SaaS Platform,D,DER-001,Dermacare GlowSerum,Aesthetic,Dermacare,Wholesale,4,32.0,EUR,0.05,128.0,121.6
TXN-DE-2-001331,2026-08-26 01:01:25,2026-08-26 01:03:25,DE,SaaS Platform,D,VIT-001,Vitalis C1000,Supplement,Vitalis,Pharmacy/B2B,2,21.0,EUR,0.15,42.0,35.7
TXN-DE-2-001332,2026-08-26 06:03:29,2026-08-26 06:06:29,DE,SaaS Platform,D,SAN-002,SanaPlus ColdFlu,OTC,SanaPlus,Wholesale,2,10.5,EUR,0.0,21.0,21.0
TXN-DE-2-001333,2026-08-26 10:00:08,2026-08-26 10:04:08,DE,SaaS Platform,D,PUR-002,PureLife BP Monitor,Medical Device,PureLife,D2C,5,90.0,EUR,0.15,450.0,382.5
TXN-DE-2-001334,2026-08-26 03:41:16,2026-08-26 03:46:16,DE,SaaS Platform,D,SAN-002,SanaPlus ColdFlu,OTC,SanaPlus,Pharmacy/B2B,10,10.5,EUR,0.1,105.0,94.5
TXN-DE-2-001335,2026-08-26 14:58:00,2026-08-26 15:03:00,DE,SaaS Platform,D,VIT-002,Vitalis Multivit,Supplement,Vitalis,E-commerce,8,17.0,EUR,0.15,136.0,115.6
TXN-DE-2-001336,2026-08-26 15:15:15,2026-08-26 15:17:15,DE,SaaS Platform,D,PUR-001,PureLife GlucoMonitor,Medical Device,PureLife,Pharmacy/B2B,9,85.0,EUR,0.0,765.0,765.0
TXN-DE-2-001337,2026-08-26 07:59:25,2026-08-26 08:03:25,DE,SaaS Platform,D,MED-002,Medora Derm Cream,Prescription,Medora,Pharmacy/B2B,6,26.0,EUR,0.1,156.0,140.4
TXN-DE-2-001338,2026-08-26 15:14:50,2026-08-26 15:15:50,DE,SaaS Platform,D,VIT-001,Vitalis C1000,Supplement,Vitalis,E-commerce,4,21.0,EUR,0.15,84.0,71.4
TXN-DE-2-001339,2026-08-26 22:06:14,2026-08-26 22:11:14,DE,SaaS Platform,D,MED-001,Medora Cardio 10mg,Prescription,Medora,D2C,8,43.0,EUR,0.15,344.0,292.4
TXN-DE-2-001340,2026-08-26 08:56:18,2026-08-26 08:58:18,DE,SaaS Platform,D,DER-002,Dermacare LiftCream,Aesthetic,Dermacare,E-commerce,3,37.0,EUR,0.0,111.0,111.0
TXN-DE-2-001341,2026-08-26 06:55:18,2026-08-26 07:01:18,DE,SaaS Platform,D,DER-002,Dermacare LiftCream,Aesthetic,Dermacare,D2C,9,37.0,EUR,0.15,333.0,283.05
TXN-DE-2-001342,2026-08-26 03:33:48,2026-08-26 03:34:48,DE,SaaS Platform,D,DER-001,Dermacare GlowSerum,Aesthetic,Dermacare,E-commerce,6,32.0,EUR,0.1,192.0,172.8
TXN-DE-2-001343,2026-08-26 14:13:10,2026-08-26 14:19:10,DE,SaaS Platform,D,PUR-002,PureLife BP Monitor,Medical Device,PureLife,Wholesale,2,90.0,EUR,0.1,180.0,162.0
TXN-DE-2-001344,2026-08-26 13:24:35,2026-08-26 13:25:35,DE,SaaS Platform,D,MED-002,Medora Derm Cream,Prescription,Medora,D2C,11,26.0,EUR,0.05,286.0,271.7
TXN-DE-2-001345,2026-08-26 16:04:35,2026-08-26 16:08:35,DE,SaaS Platform,D,MED-002,Medora Derm Cream,Prescription,Medora,Wholesale,4,26.0,EUR,0.0,104.0,104.0
TXN-DE-2-001346,2026-08-26 11:30:04,2026-08-26 11:35:04,DE,SaaS Platform,D,VIT-002,Vitalis Multivit,Supplement,Vitalis,Pharmacy/B2B,10,17.0,EUR,0.2,170.0,136.0
TXN-DE-2-001347,2026-08-26 14:37:12,2026-08-26 14:39:12,DE,SaaS Platform,D,DER-002,Dermacare LiftCream,Aesthetic,Dermacare,Wholesale,2,37.0,EUR,0.0,74.0,74.0
TXN-DE-2-001348,2026-08-26 18:52:36,2026-08-26 18:58:36,DE,SaaS Platform,D,PUR-002,PureLife BP Monitor,Medical Device,PureLife,Pharmacy/B2B,10,90.0,EUR,0.0,900.0,900.0
TXN-DE-2-001349,2026-08-26 20:20:10,2026-08-26 20:22:10,DE,SaaS Platform,D,SAN-001,SanaPlus PainRelief,OTC,SanaPlus,D2C,1,9.5,EUR,0.2,9.5,7.6
TXN-DE-2-001350,2026-08-26 04:45:18,2026-08-26 04:49:18,DE,SaaS Platform,D,MED-001,Medora Cardio 10mg,Prescription,Medora,E-commerce,6,43.0,EUR,0.15,258.0,219.3
TXN-DE-2-001351,2026-08-26 20:12:55,2026-08-26 20:18:55,DE,SaaS Platform,D,PUR-001,PureLife GlucoMonitor,Medical Device,PureLife,Wholesale,5,85.0,EUR,0.15,425.0,361.25
TXN-DE-2-001352,2026-08-26 23:18:05,2026-08-26 23:20:05,DE,SaaS Platform,D,SAN-002,SanaPlus ColdFlu,OTC,SanaPlus,D2C,1,10.5,EUR,0.2,10.5,8.4
TXN-DE-2-001353,2026-08-26 18:32:05,2026-08-26 18:35:05,DE,SaaS Platform,D,PUR-001,PureLife GlucoMonitor,Medical Device,PureLife,D2C,3,85.0,EUR,0.2,255.0,204.0
TXN-DE-2-001354,2026-08-26 00:03:06,2026-08-26 00:06:06,DE,SaaS Platform,D,PUR-002,PureLife BP Monitor,Medical Device,PureLife,D2C,11,90.0,EUR,0.0,990.0,990.0
TXN-DE-2-001355,2026-08-26 22:27:17,2026-08-26 22:29:17,DE,SaaS Platform,D,PUR-001,PureLife GlucoMonitor,Medical Device,PureLife,Wholesale,7,85.0,EUR,0.05,595.0,565.25
TXN-DE-2-001356,2026-08-26 12:20:37,2026-08-26 12:24:37,DE,SaaS Platform,D,DER-002,Dermacare LiftCream,Aesthetic,Dermacare,D2C,4,37.0,EUR,0.2,148.0,118.4
TXN-DE-2-001357,2026-08-26 18:57:33,2026-08-26 19:01:33,DE,SaaS Platform,D,DER-001,Dermacare GlowSerum,Aesthetic,Dermacare,Pharmacy/B2B,5,32.0,EUR,0.0,160.0,160.0
TXN-DE-2-001358,2026-08-26 23:29:58,2026-08-26 23:31:58,DE,SaaS Platform,D,PUR-002,PureLife BP Monitor,Medical Device,PureLife,E-commerce,11,90.0,EUR,0.0,990.0,990.0
TXN-DE-2-001359,2026-08-26 03:10:20,2026-08-26 03:12:20,DE,SaaS Platform,D,VIT-002,Vitalis Multivit,Supplement,Vitalis,Wholesale,4,17.0,EUR,0.0,68.0,68.0
TXN-DE-2-001360,2026-08-26 06:18:21,2026-08-26 06:22:21,DE,SaaS Platform,D,SAN-001,SanaPlus PainRelief,OTC,SanaPlus,Pharmacy/B2B,9,9.5,EUR,0.0,85.5,85.5
TXN-DE-2-001361,2026-08-26 21:52:15,2026-08-26 21:58:15,DE,SaaS Platform,D,SAN-001,SanaPlus PainRelief,OTC,SanaPlus,D2C,5,9.5,EUR,0.1,47.5,42.75
TXN-DE-2-001362,2026-08-26 20:46:24,2026-08-26 20:47:24,DE,SaaS Platform,D,VIT-001,Vitalis C1000,Supplement,Vitalis,Pharmacy/B2B,9,21.0,EUR,0.0,189.0,189.0
TXN-DE-2-001363,2026-08-26 05:06:52,2026-08-26 05:10:52,DE,SaaS Platform,D,VIT-002,Vitalis Multivit,Supplement,Vitalis,D2C,10,17.0,EUR,0.1,170.0,153.0
TXN-DE-2-001364,2026-08-26 03:58:26,2026-08-26 04:03:26,DE,SaaS Platform,D,VIT-001,Vitalis C1000,Supplement,Vitalis,Pharmacy/B2B,6,21.0,EUR,0.05,126.0,119.7
TXN-DE-2-001365,2026-08-26 18:27:12,2026-08-26 18:31:12,DE,SaaS Platform,D,SAN-001,SanaPlus PainRelief,OTC,SanaPlus,D2C,12,9.5,EUR,0.1,114.0,102.6
TXN-DE-2-001366,2026-08-26 05:56:27,2026-08-26 06:01:27,DE,SaaS Platform,D,DER-001,Dermacare GlowSerum,Aesthetic,Dermacare,Pharmacy/B2B,3,32.0,EUR,0.0,96.0,96.0
TXN-DE-2-001367,2026-08-26 11:24:02,2026-08-26 11:26:02,DE,SaaS Platform,D,PUR-001,PureLife GlucoMonitor,Medical Device,PureLife,Wholesale,1,85.0,EUR,0.0,85.0,85.0
TXN-DE-2-001368,2026-08-26 04:22:35,2026-08-26 04:27:35,DE,SaaS Platform,D,MED-001,Medora Cardio 10mg,Prescription,Medora,Wholesale,3,43.0,EUR,0.0,129.0,129.0
TXN-DE-2-001369,2026-08-26 15:32:08,2026-08-26 15:35:08,DE,SaaS Platform,D,VIT-001,Vitalis C1000,Supplement,Vitalis,Pharmacy/B2B,11,21.0,EUR,0.15,231.0,196.35
TXN-DE-2-001370,2026-08-26 04:35:21,2026-08-26 04:37:21,DE,SaaS Platform,D,SAN-002,SanaPlus ColdFlu,OTC,SanaPlus,Wholesale,3,10.5,EUR,0.0,31.5,31.5
TXN-DE-2-001371,2026-08-26 10:34:27,2026-08-26 10:36:27,DE,SaaS Platform,D,DER-002,Dermacare LiftCream,Aesthetic,Dermacare,Wholesale,3,37.0,EUR,0.2,111.0,88.8
TXN-DE-2-001372,2026-08-26 22:11:35,2026-08-26 22:13:35,DE,SaaS Platform,D,MED-001,Medora Cardio 10mg,Prescription,Medora,Wholesale,7,43.0,EUR,0.0,301.0,301.0
TXN-DE-2-001373,2026-08-26 09:28:50,2026-08-26 09:31:50,DE,SaaS Platform,D,DER-001,Dermacare GlowSerum,Aesthetic,Dermacare,Wholesale,8,32.0,EUR,0.0,256.0,256.0
TXN-DE-2-001374,2026-08-26 06:54:16,2026-08-26 06:58:16,DE,SaaS Platform,D,MED-001,Medora Cardio 10mg,Prescription,Medora,Wholesale,1,43.0,EUR,0.0,43.0,43.0
TXN-DE-2-001375,2026-08-26 01:51:34,2026-08-26 01:56:34,DE,SaaS Platform,D,SAN-002,SanaPlus ColdFlu,OTC,SanaPlus,D2C,8,10.5,EUR,0.2,84.0,67.2
TXN-DE-2-001376,2026-08-26 12:51:47,2026-08-26 12:53:47,DE,SaaS Platform,D,PUR-001,PureLife GlucoMonitor,Medical Device,PureLife,E-commerce,6,85.0,EUR,0.2,510.0,408.0
TXN-DE-2-001377,2026-08-26 16:29:49,2026-08-26 16:34:49,DE,SaaS Platform,D,SAN-001,SanaPlus PainRelief,OTC,SanaPlus,E-commerce,8,9.5,EUR,0.0,76.0,76.0
TXN-DE-2-001378,2026-08-26 03:44:37,2026-08-26 03:48:37,DE,SaaS Platform,D,MED-002,Medora Derm Cream,Prescription,Medora,D2C,12,26.0,EUR,0.15,312.0,265.2
TXN-DE-2-001379,2026-08-26 14:41:23,2026-08-26 14:46:23,DE,SaaS Platform,D,MED-002,Medora Derm Cream,Prescription,Medora,Pharmacy/B2B,12,26.0,EUR,0.15,312.0,265.2
TXN-DE-2-001380,2026-08-26 17:12:02,2026-08-26 17:17:02,DE,SaaS Platform,D,MED-002,Medora Derm Cream,Prescription,Medora,Wholesale,6,26.0,EUR,0.2,156.0,124.8
TXN-DE-2-001381,2026-08-26 18:22:56,2026-08-26 18:23:56,DE,SaaS Platform,D,SAN-002,SanaPlus ColdFlu,OTC,SanaPlus,Pharmacy/B2B,9,10.5,EUR,0.15,94.5,80.33
TXN-DE-2-001382,2026-08-26 15:37:54,2026-08-26 15:39:54,DE,SaaS Platform,D,VIT-002,Vitalis Multivit,Supplement,Vitalis,E-commerce,8,17.0,EUR,0.1,136.0,122.4
TXN-DE-2-001383,2026-08-26 09:43:58,2026-08-26 09:44:58,DE,SaaS Platform,D,PUR-001,PureLife GlucoMonitor,Medical Device,PureLife,Wholesale,2,85.0,EUR,0.1,170.0,153.0
TXN-DE-2-001384,2026-08-26 13:15:17,2026-08-26 13:19:17,DE,SaaS Platform,D,MED-002,Medora Derm Cream,Prescription,Medora,D2C,7,26.0,EUR,0.2,182.0,145.6
TXN-DE-2-001385,2026-08-26 06:26:16,2026-08-26 06:27:16,DE,SaaS Platform,D,MED-001,Medora Cardio 10mg,Prescription,Medora,Pharmacy/B2B,1,43.0,EUR,0.0,43.0,43.0
TXN-DE-2-001386,2026-08-26 17:44:15,2026-08-26 17:50:15,DE,SaaS Platform,D,MED-002,Medora Derm Cream,Prescription,Medora,D2C,1,26.0,EUR,0.05,26.0,24.7
TXN-DE-2-001387,2026-08-26 23:52:18,2026-08-26 23:55:18,DE,SaaS Platform,D,DER-001,Dermacare GlowSerum,Aesthetic,Dermacare,D2C,10,32.0,EUR,0.0,320.0,320.0
TXN-DE-2-001388,2026-08-26 02:00:18,2026-08-26 02:02:18,DE,SaaS Platform,D,DER-002,Dermacare LiftCream,Aesthetic,Dermacare,Pharmacy/B2B,9,37.0,EUR,0.05,333.0,316.35
TXN-DE-2-001389,2026-08-26 02:18:10,2026-08-26 02:21:10,DE,SaaS Platform,D,DER-001,Dermacare GlowSerum,Aesthetic,Dermacare,E-commerce,10,32.0,EUR,0.0,320.0,320.0
TXN-DE-2-001390,2026-08-26 01:58:07,2026-08-26 02:00:07,DE,SaaS Platform,D,DER-002,Dermacare LiftCream,Aesthetic,Dermacare,D2C,3,37.0,EUR,0.0,111.0,111.0
TXN-DE-2-001391,2026-08-26 17:08:36,2026-08-26 17:13:36,DE,SaaS Platform,D,VIT-002,Vitalis Multivit,Supplement,Vitalis,Wholesale,11,17.0,EUR,0.05,187.0,177.65
TXN-DE-2-001392,2026-08-26 05:01:10,2026-08-26 05:03:10,DE,SaaS Platform,D,MED-002,Medora Derm Cream,Prescription,Medora,D2C,8,26.0,EUR,0.0,208.0,208.0
TXN-DE-2-001393,2026-08-26 03:22:46,2026-08-26 03:24:46,DE,SaaS Platform,D,DER-001,Dermacare GlowSerum,Aesthetic,Dermacare,Pharmacy/B2B,12,32.0,EUR,0.0,384.0,384.0
TXN-DE-2-001394,2026-08-26 14:48:52,2026-08-26 14:54:52,DE,SaaS Platform,D,VIT-001,Vitalis C1000,Supplement,Vitalis,E-commerce,7,21.0,EUR,0.05,147.0,139.65
TXN-DE-2-001395,2026-08-26 21:24:29,2026-08-26 21:26:29,DE,SaaS Platform,D,VIT-002,Vitalis Multivit,Supplement,Vitalis,Wholesale,3,17.0,EUR,0.0,51.0,51.0
TXN-DE-2-001396,2026-08-26 03:25:09,2026-08-26 03:27:09,DE,SaaS Platform,D,SAN-001,SanaPlus PainRelief,OTC,SanaPlus,E-commerce,2,9.5,EUR,0.0,19.0,19.0
TXN-DE-2-001397,2026-08-26 18:32:53,2026-08-26 18:36:53,DE,SaaS Platform,D,DER-001,Dermacare GlowSerum,Aesthetic,Dermacare,E-commerce,1,32.0,EUR,0.0,32.0,32.0
TXN-DE-2-001398,2026-08-26 21:33:33,2026-08-26 21:38:33,DE,SaaS Platform,D,DER-001,Dermacare GlowSerum,Aesthetic,Dermacare,E-commerce,9,32.0,EUR,0.0,288.0,288.0
TXN-DE-2-001399,2026-08-26 02:57:05,2026-08-26 03:02:05,DE,SaaS Platform,D,MED-001,Medora Cardio 10mg,Prescription,Medora,E-commerce,2,43.0,EUR,0.1,86.0,77.4
TXN-DE-2-001400,2026-08-26 14:13:20,2026-08-26 14:19:20,DE,SaaS Platform,D,PUR-001,PureLife GlucoMonitor,Medical Device,PureLife,D2C,4,85.0,EUR,0.0,340.0,340.0
TXN-DE-2-001401,2026-08-26 21:28:37,2026-08-26 21:29:37,DE,SaaS Platform,D,VIT-002,Vitalis Multivit,Supplement,Vitalis,D2C,9,17.0,EUR,0.0,153.0,153.0
TXN-DE-2-001402,2026-08-26 15:35:34,2026-08-26 15:37:34,DE,SaaS Platform,D,DER-002,Dermacare LiftCream,Aesthetic,Dermacare,D2C,8,37.0,EUR,0.1,296.0,266.4
TXN-DE-2-001403,2026-08-26 19:03:05,2026-08-26 19:09:05,DE,SaaS Platform,D,PUR-001,PureLife GlucoMonitor,Medical Device,PureLife,E-commerce,5,85.0,EUR,0.0,425.0,425.0
TXN-DE-2-001404,2026-08-26 22:33:39,2026-08-26 22:34:39,DE,SaaS Platform,D,PUR-002,PureLife BP Monitor,Medical Device,PureLife,Wholesale,9,90.0,EUR,0.0,810.0,810.0
TXN-DE-2-001405,2026-08-26 07:53:05,2026-08-26 07:55:05,DE,SaaS Platform,D,PUR-002,PureLife BP Monitor,Medical Device,PureLife,Pharmacy/B2B,8,90.0,EUR,0.0,720.0,720.0
TXN-DE-2-001406,2026-08-26 07:11:51,2026-08-26 07:13:51,DE,SaaS Platform,D,PUR-001,PureLife GlucoMonitor,Medical Device,PureLife,E-commerce,11,85.0,EUR,0.2,935.0,748.0
TXN-DE-2-001407,2026-08-26 08:11:38,2026-08-26 08:16:38,DE,SaaS Platform,D,VIT-001,Vitalis C1000,Supplement,Vitalis,Wholesale,6,21.0,EUR,0.0,126.0,126.0
TXN-DE-2-001408,2026-08-26 03:22:27,2026-08-26 03:24:27,DE,SaaS Platform,D,PUR-001,PureLife GlucoMonitor,Medical Device,PureLife,Wholesale,1,85.0,EUR,0.0,85.0,85.0
TXN-DE-2-001409,2026-08-26 11:36:38,2026-08-26 11:39:38,DE,SaaS Platform,D,SAN-001,SanaPlus PainRelief,OTC,SanaPlus,Pharmacy/B2B,6,9.5,EUR,0.15,57.0,48.45
TXN-DE-2-001410,2026-08-26 10:49:29,2026-08-26 10:53:29,DE,SaaS Platform,D,SAN-002,SanaPlus ColdFlu,OTC,SanaPlus,D2C,4,10.5,EUR,0.0,42.0,42.0
TXN-DE-2-001411,2026-08-26 10:44:20,2026-08-26 10:45:20,DE,SaaS Platform,D,VIT-002,Vitalis Multivit,Supplement,Vitalis,Wholesale,10,17.0,EUR,0.0,170.0,170.0
TXN-DE-2-001412,2026-08-26 17:21:36,2026-08-26 17:22:36,DE,SaaS Platform,D,VIT-001,Vitalis C1000,Supplement,Vitalis,D2C,10,21.0,EUR,0.1,210.0,189.0
TXN-DE-2-001413,2026-08-26 04:16:13,2026-08-26 04:19:13,DE,SaaS Platform,D,MED-002,Medora Derm Cream,Prescription,Medora,Pharmacy/B2B,12,26.0,EUR,0.05,312.0,296.4
TXN-DE-2-001414,2026-08-26 03:34:11,2026-08-26 03:38:11,DE,SaaS Platform,D,PUR-001,PureLife GlucoMonitor,Medical Device,PureLife,Wholesale,9,85.0,EUR,0.1,765.0,688.5
TXN-DE-2-001415,2026-08-26 15:19:02,2026-08-26 15:23:02,DE,SaaS Platform,D,SAN-002,SanaPlus ColdFlu,OTC,SanaPlus,E-commerce,12,10.5,EUR,0.05,126.0,119.7
TXN-DE-2-001416,2026-08-26 00:22:31,2026-08-26 00:23:31,DE,SaaS Platform,D,SAN-001,SanaPlus PainRelief,OTC,SanaPlus,D2C,5,9.5,EUR,0.0,47.5,47.5
TXN-DE-2-001417,2026-08-26 18:08:07,2026-08-26 18:13:07,DE,SaaS Platform,D,SAN-001,SanaPlus PainRelief,OTC,SanaPlus,E-commerce,8,9.5,EUR,0.2,76.0,60.8
TXN-DE-2-001418,2026-08-26 13:27:41,2026-08-26 13:29:41,DE,SaaS Platform,D,DER-002,Dermacare LiftCream,Aesthetic,Dermacare,E-commerce,8,37.0,EUR,0.0,296.0,296.0
TXN-DE-2-001419,2026-08-26 06:03:01,2026-08-26 06:07:01,DE,SaaS Platform,D,PUR-002,PureLife BP Monitor,Medical Device,PureLife,D2C,4,90.0,EUR,0.05,360.0,342.0
TXN-DE-2-001420,2026-08-26 05:21:37,2026-08-26 05:24:37,DE,SaaS Platform,D,SAN-001,SanaPlus PainRelief,OTC,SanaPlus,D2C,10,9.5,EUR,0.05,95.0,90.25
TXN-DE-2-001421,2026-08-26 04:23:01,2026-08-26 04:25:01,DE,SaaS Platform,D,VIT-001,Vitalis C1000,Supplement,Vitalis,Wholesale,10,21.0,EUR,0.0,210.0,210.0
TXN-DE-2-001422,2026-08-26 02:39:43,2026-08-26 02:42:43,DE,SaaS Platform,D,VIT-002,Vitalis Multivit,Supplement,Vitalis,Wholesale,10,17.0,EUR,0.0,170.0,170.0
TXN-DE-2-001423,2026-08-26 01:41:36,2026-08-26 01:42:36,DE,SaaS Platform,D,PUR-002,PureLife BP Monitor,Medical Device,PureLife,Pharmacy/B2B,3,90.0,EUR,0.0,270.0,270.0
TXN-DE-2-001424,2026-08-26 18:36:10,2026-08-26 18:39:10,DE,SaaS Platform,D,VIT-002,Vitalis Multivit,Supplement,Vitalis,D2C,12,17.0,EUR,0.0,204.0,204.0
TXN-DE-2-001425,2026-08-26 04:53:38,2026-08-26 04:58:38,DE,SaaS Platform,D,DER-002,Dermacare LiftCream,Aesthetic,Dermacare,Pharmacy/B2B,9,37.0,EUR,0.1,333.0,299.7
TXN-DE-2-001426,2026-08-26 12:54:42,2026-08-26 12:56:42,DE,SaaS Platform,D,PUR-001,PureLife GlucoMonitor,Medical Device,PureLife,Wholesale,1,85.0,EUR,0.05,85.0,80.75
TXN-DE-2-001427,2026-08-26 09:27:55,2026-08-26 09:28:55,DE,SaaS Platform,D,MED-002,Medora Derm Cream,Prescription,Medora,E-commerce,8,26.0,EUR,0.0,208.0,208.0
TXN-DE-2-001428,2026-08-26 20:11:11,2026-08-26 20:16:11,DE,SaaS Platform,D,DER-001,Dermacare GlowSerum,Aesthetic,Dermacare,Wholesale,9,32.0,EUR,0.2,288.0,230.4
TXN-DE-2-001429,2026-08-26 04:44:32,2026-08-26 04:48:32,DE,SaaS Platform,D,VIT-002,Vitalis Multivit,Supplement,Vitalis,Wholesale,7,17.0,EUR,0.1,119.0,107.1
TXN-DE-2-001430,2026-08-26 04:36:01,2026-08-26 04:39:01,DE,SaaS Platform,D,DER-001,Dermacare GlowSerum,Aesthetic,Dermacare,Pharmacy/B2B,1,32.0,EUR,0.0,32.0,32.0
TXN-DE-2-001431,2026-08-26 20:48:23,2026-08-26 20:54:23,DE,SaaS Platform,D,PUR-002,PureLife BP Monitor,Medical Device,PureLife,E-commerce,2,90.0,EUR,0.1,180.0,162.0
TXN-DE-2-001432,2026-08-26 00:50:15,2026-08-26 00:53:15,DE,SaaS Platform,D,SAN-001,SanaPlus PainRelief,OTC,SanaPlus,Wholesale,10,9.5,EUR,0.0,95.0,95.0
TXN-DE-2-001433,2026-08-26 00:56:02,2026-08-26 00:59:02,DE,SaaS Platform,D,MED-001,Medora Cardio 10mg,Prescription,Medora,D2C,2,43.0,EUR,0.0,86.0,86.0
TXN-DE-2-001434,2026-08-26 21:18:51,2026-08-26 21:21:51,DE,SaaS Platform,D,PUR-002,PureLife BP Monitor,Medical Device,PureLife,Pharmacy/B2B,7,90.0,EUR,0.2,630.0,504.0
TXN-DE-2-001435,2026-08-26 02:12:35,2026-08-26 02:14:35,DE,SaaS Platform,D,SAN-002,SanaPlus ColdFlu,OTC,SanaPlus,Wholesale,11,10.5,EUR,0.2,115.5,92.4
TXN-DE-2-001436,2026-08-26 05:52:07,2026-08-26 05:56:07,DE,SaaS Platform,D,MED-001,Medora Cardio 10mg,Prescription,Medora,Wholesale,2,43.0,EUR,0.0,86.0,86.0
TXN-DE-2-001437,2026-08-26 23:54:47,2026-08-26 23:57:47,DE,SaaS Platform,D,MED-001,Medora Cardio 10mg,Prescription,Medora,Pharmacy/B2B,10,43.0,EUR,0.0,430.0,430.0
TXN-DE-2-001438,2026-08-26 17:40:30,2026-08-26 17:41:30,DE,SaaS Platform,D,PUR-002,PureLife BP Monitor,Medical Device,PureLife,D2C,4,90.0,EUR,0.05,360.0,342.0
TXN-DE-2-001439,2026-08-26 05:26:07,2026-08-26 05:31:07,DE,SaaS Platform,D,MED-002,Medora Derm Cream,Prescription,Medora,Wholesale,8,26.0,EUR,0.15,208.0,176.8
TXN-DE-2-001440,2026-08-26 09:32:32,2026-08-26 09:33:32,DE,SaaS Platform,D,PUR-001,PureLife GlucoMonitor,Medical Device,PureLife,D2C,8,85.0,EUR,0.1,680.0,612.0
TXN-DE-2-001441,2026-08-26 16:04:17,2026-08-26 16:07:17,DE,SaaS Platform,D,VIT-002,Vitalis Multivit,Supplement,Vitalis,Pharmacy/B2B,11,17.0,EUR,0.15,187.0,158.95
TXN-DE-2-001442,2026-08-26 04:16:38,2026-08-26 04:19:38,DE,SaaS Platform,D,SAN-001,SanaPlus PainRelief,OTC,SanaPlus,D2C,12,9.5,EUR,0.0,114.0,114.0
TXN-DE-2-001443,2026-08-26 15:19:49,2026-08-26 15:22:49,DE,SaaS Platform,D,VIT-002,Vitalis Multivit,Supplement,Vitalis,E-commerce,12,17.0,EUR,0.15,204.0,173.4
TXN-DE-2-001444,2026-08-26 21:27:34,2026-08-26 21:32:34,DE,SaaS Platform,D,VIT-001,Vitalis C1000,Supplement,Vitalis,E-commerce,7,21.0,EUR,0.2,147.0,117.6
TXN-DE-2-001445,2026-08-26 16:48:54,2026-08-26 16:49:54,DE,SaaS Platform,D,MED-001,Medora Cardio 10mg,Prescription,Medora,Wholesale,5,43.0,EUR,0.2,215.0,172.0
TXN-DE-2-001446,2026-08-26 03:49:28,2026-08-26 03:54:28,DE,SaaS Platform,D,PUR-001,PureLife GlucoMonitor,Medical Device,PureLife,Wholesale,9,85.0,EUR,0.2,765.0,612.0
TXN-DE-2-001447,2026-08-26 04:59:56,2026-08-26 05:04:56,DE,SaaS Platform,D,DER-002,Dermacare LiftCream,Aesthetic,Dermacare,D2C,8,37.0,EUR,0.0,296.0,296.0
TXN-DE-2-001448,2026-08-26 21:23:37,2026-08-26 21:29:37,DE,SaaS Platform,D,PUR-001,PureLife GlucoMonitor,Medical Device,PureLife,Wholesale,3,85.0,EUR,0.15,255.0,216.75
TXN-DE-2-001449,2026-08-26 07:02:26,2026-08-26 07:03:26,DE,SaaS Platform,D,DER-002,Dermacare LiftCream,Aesthetic,Dermacare,D2C,12,37.0,EUR,0.0,444.0,444.0
TXN-DE-2-001450,2026-08-26 17:14:04,2026-08-26 17:19:04,DE,SaaS Platform,D,DER-001,Dermacare GlowSerum,Aesthetic,Dermacare,Pharmacy/B2B,7,32.0,EUR,0.0,224.0,224.0
TXN-DE-2-001451,2026-08-26 20:10:44,2026-08-26 20:13:44,DE,SaaS Platform,D,MED-002,Medora Derm Cream,Prescription,Medora,E-commerce,1,26.0,EUR,0.0,26.0,26.0
TXN-DE-2-001452,2026-08-26 22:34:25,2026-08-26 22:36:25,DE,SaaS Platform,D,VIT-001,Vitalis C1000,Supplement,Vitalis,E-commerce,1,21.0,EUR,0.05,21.0,19.95
TXN-DE-2-001453,2026-08-26 10:38:32,2026-08-26 10:42:32,DE,SaaS Platform,D,VIT-001,Vitalis C1000,Supplement,Vitalis,Pharmacy/B2B,7,21.0,EUR,0.15,147.0,124.95
TXN-DE-2-001454,2026-08-26 15:35:22,2026-08-26 15:39:22,DE,SaaS Platform,D,VIT-001,Vitalis C1000,Supplement,Vitalis,E-commerce,7,21.0,EUR,0.2,147.0,117.6
TXN-DE-2-001455,2026-08-26 03:05:27,2026-08-26 03:10:27,DE,SaaS Platform,D,SAN-001,SanaPlus PainRelief,OTC,SanaPlus,Pharmacy/B2B,12,9.5,EUR,0.2,114.0,91.2
TXN-DE-2-001456,2026-08-26 01:03:16,2026-08-26 01:05:16,DE,SaaS Platform,D,PUR-001,PureLife GlucoMonitor,Medical Device,PureLife,E-commerce,10,85.0,EUR,0.05,850.0,807.5
TXN-DE-2-001457,2026-08-26 07:19:37,2026-08-26 07:25:37,DE,SaaS Platform,D,PUR-001,PureLife GlucoMonitor,Medical Device,PureLife,Pharmacy/B2B,3,85.0,EUR,0.05,255.0,242.25
TXN-DE-2-001458,2026-08-26 11:21:36,2026-08-26 11:26:36,DE,SaaS Platform,D,VIT-001,Vitalis C1000,Supplement,Vitalis,Pharmacy/B2B,4,21.0,EUR,0.0,84.0,84.0
TXN-DE-2-001459,2026-08-26 12:36:54,2026-08-26 12:37:54,DE,SaaS Platform,D,VIT-001,Vitalis C1000,Supplement,Vitalis,E-commerce,12,21.0,EUR,0.05,252.0,239.4
TXN-DE-2-001460,2026-08-26 11:29:02,2026-08-26 11:35:02,DE,SaaS Platform,D,PUR-001,PureLife GlucoMonitor,Medical Device,PureLife,Pharmacy/B2B,12,85.0,EUR,0.2,1020.0,816.0
TXN-DE-2-001461,2026-08-26 16:04:49,2026-08-26 16:08:49,DE,SaaS Platform,D,VIT-001,Vitalis C1000,Supplement,Vitalis,E-commerce,6,21.0,EUR,0.05,126.0,119.7
TXN-DE-2-001462,2026-08-26 19:20:31,2026-08-26 19:22:31,DE,SaaS Platform,D,DER-001,Dermacare GlowSerum,Aesthetic,Dermacare,E-commerce,7,32.0,EUR,0.1,224.0,201.6
TXN-DE-2-001463,2026-08-26 03:53:54,2026-08-26 03:55:54,DE,SaaS Platform,D,VIT-002,Vitalis Multivit,Supplement,Vitalis,Pharmacy/B2B,6,17.0,EUR,0.15,102.0,86.7
TXN-DE-2-001464,2026-08-26 08:01:00,2026-08-26 08:03:00,DE,SaaS Platform,D,SAN-002,SanaPlus ColdFlu,OTC,SanaPlus,E-commerce,7,10.5,EUR,0.0,73.5,73.5
TXN-DE-2-001465,2026-08-26 01:29:03,2026-08-26 01:30:03,DE,SaaS Platform,D,MED-002,Medora Derm Cream,Prescription,Medora,Pharmacy/B2B,3,26.0,EUR,0.0,78.0,78.0
TXN-DE-2-001466,2026-08-26 00:36:12,2026-08-26 00:40:12,DE,SaaS Platform,D,VIT-002,Vitalis Multivit,Supplement,Vitalis,Pharmacy/B2B,2,17.0,EUR,0.15,34.0,28.9
TXN-DE-2-001467,2026-08-26 05:09:42,2026-08-26 05:11:42,DE,SaaS Platform,D,MED-002,Medora Derm Cream,Prescription,Medora,E-commerce,5,26.0,EUR,0.15,130.0,110.5
TXN-DE-2-001468,2026-08-26 07:14:19,2026-08-26 07:20:19,DE,SaaS Platform,D,DER-001,Dermacare GlowSerum,Aesthetic,Dermacare,D2C,3,32.0,EUR,0.2,96.0,76.8
TXN-DE-2-001469,2026-08-26 03:27:49,2026-08-26 03:28:49,DE,SaaS Platform,D,MED-002,Medora Derm Cream,Prescription,Medora,Pharmacy/B2B,8,26.0,EUR,0.2,208.0,166.4
TXN-DE-2-001470,2026-08-26 23:15:19,2026-08-26 23:18:19,DE,SaaS Platform,D,SAN-002,SanaPlus ColdFlu,OTC,SanaPlus,E-commerce,1,10.5,EUR,0.15,10.5,8.92
TXN-DE-2-001471,2026-08-26 12:40:15,2026-08-26 12:46:15,DE,SaaS Platform,D,MED-001,Medora Cardio 10mg,Prescription,Medora,Pharmacy/B2B,10,43.0,EUR,0.1,430.0,387.0
TXN-DE-2-001472,2026-08-26 02:54:42,2026-08-26 02:55:42,DE,SaaS Platform,D,PUR-002,PureLife BP Monitor,Medical Device,PureLife,Wholesale,2,90.0,EUR,0.0,180.0,180.0
TXN-DE-2-001473,2026-08-26 18:21:59,2026-08-26 18:22:59,DE,SaaS Platform,D,PUR-001,PureLife GlucoMonitor,Medical Device,PureLife,D2C,11,85.0,EUR,0.0,935.0,935.0
TXN-DE-2-001474,2026-08-26 03:01:59,2026-08-26 03:07:59,DE,SaaS Platform,D,MED-002,Medora Derm Cream,Prescription,Medora,D2C,1,26.0,EUR,0.15,26.0,22.1
TXN-DE-2-001475,2026-08-26 11:01:26,2026-08-26 11:02:26,DE,SaaS Platform,D,VIT-001,Vitalis C1000,Supplement,Vitalis,E-commerce,12,21.0,EUR,0.2,252.0,201.6
TXN-DE-2-001476,2026-08-26 12:30:33,2026-08-26 12:31:33,DE,SaaS Platform,D,MED-002,Medora Derm Cream,Prescription,Medora,Pharmacy/B2B,3,26.0,EUR,0.1,78.0,70.2
TXN-DE-2-001477,2026-08-26 16:35:18,2026-08-26 16:38:18,DE,SaaS Platform,D,MED-001,Medora Cardio 10mg,Prescription,Medora,E-commerce,7,43.0,EUR,0.05,301.0,285.95
TXN-DE-2-001478,2026-08-26 01:30:45,2026-08-26 01:32:45,DE,SaaS Platform,D,PUR-002,PureLife BP Monitor,Medical Device,PureLife,Pharmacy/B2B,10,90.0,EUR,0.05,900.0,855.0
TXN-DE-2-001479,2026-08-26 08:58:00,2026-08-26 09:03:00,DE,SaaS Platform,D,MED-001,Medora Cardio 10mg,Prescription,Medora,Wholesale,10,43.0,EUR,0.1,430.0,387.0
TXN-DE-2-001480,2026-08-26 03:26:52,2026-08-26 03:29:52,DE,SaaS Platform,D,PUR-002,PureLife BP Monitor,Medical Device,PureLife,E-commerce,8,90.0,EUR,0.0,720.0,720.0
TXN-DE-2-001481,2026-08-26 21:51:24,2026-08-26 21:52:24,DE,SaaS Platform,D,MED-001,Medora Cardio 10mg,Prescription,Medora,D2C,6,43.0,EUR,0.0,258.0,258.0
TXN-DE-2-001482,2026-08-26 11:01:53,2026-08-26 11:02:53,DE,SaaS Platform,D,SAN-001,SanaPlus PainRelief,OTC,SanaPlus,Wholesale,12,9.5,EUR,0.1,114.0,102.6
TXN-DE-2-001483,2026-08-26 18:15:57,2026-08-26 18:16:57,DE,SaaS Platform,D,DER-002,Dermacare LiftCream,Aesthetic,Dermacare,D2C,7,37.0,EUR,0.0,259.0,259.0
TXN-DE-2-001484,2026-08-26 01:32:02,2026-08-26 01:37:02,DE,SaaS Platform,D,SAN-002,SanaPlus ColdFlu,OTC,SanaPlus,E-commerce,5,10.5,EUR,0.1,52.5,47.25
TXN-DE-2-001485,2026-08-26 08:43:01,2026-08-26 08:46:01,DE,SaaS Platform,D,PUR-002,PureLife BP Monitor,Medical Device,PureLife,Pharmacy/B2B,3,90.0,EUR,0.05,270.0,256.5
TXN-DE-2-001486,2026-08-26 12:13:19,2026-08-26 12:15:19,DE,SaaS Platform,D,DER-001,Dermacare GlowSerum,Aesthetic,Dermacare,E-commerce,5,32.0,EUR,0.2,160.0,128.0
TXN-DE-2-001487,2026-08-26 17:13:17,2026-08-26 17:18:17,DE,SaaS Platform,D,PUR-002,PureLife BP Monitor,Medical Device,PureLife,Pharmacy/B2B,6,90.0,EUR,0.0,540.0,540.0
TXN-DE-2-001488,2026-08-26 08:21:28,2026-08-26 08:27:28,DE,SaaS Platform,D,VIT-002,Vitalis Multivit,Supplement,Vitalis,D2C,8,17.0,EUR,0.0,136.0,136.0
TXN-DE-2-001489,2026-08-26 00:29:30,2026-08-26 00:34:30,DE,SaaS Platform,D,MED-002,Medora Derm Cream,Prescription,Medora,Wholesale,9,26.0,EUR,0.0,234.0,234.0
TXN-DE-2-001490,2026-08-26 12:57:48,2026-08-26 13:03:48,DE,SaaS Platform,D,DER-001,Dermacare GlowSerum,Aesthetic,Dermacare,E-commerce,11,32.0,EUR,0.05,352.0,334.4
TXN-DE-2-001491,2026-08-26 09:50:07,2026-08-26 09:51:07,DE,SaaS Platform,D,SAN-002,SanaPlus ColdFlu,OTC,SanaPlus,D2C,9,10.5,EUR,0.1,94.5,85.05
TXN-DE-2-001492,2026-08-26 02:39:36,2026-08-26 02:40:36,DE,SaaS Platform,D,PUR-001,PureLife GlucoMonitor,Medical Device,PureLife,D2C,6,85.0,EUR,0.05,510.0,484.5
TXN-DE-2-001493,2026-08-26 17:17:59,2026-08-26 17:18:59,DE,SaaS Platform,D,DER-002,Dermacare LiftCream,Aesthetic,Dermacare,Pharmacy/B2B,8,37.0,EUR,0.2,296.0,236.8
TXN-DE-2-001494,2026-08-26 16:25:54,2026-08-26 16:28:54,DE,SaaS Platform,D,DER-002,Dermacare LiftCream,Aesthetic,Dermacare,Wholesale,7,37.0,EUR,0.0,259.0,259.0
TXN-DE-2-001495,2026-08-26 16:49:00,2026-08-26 16:50:00,DE,SaaS Platform,D,MED-001,Medora Cardio 10mg,Prescription,Medora,Wholesale,2,43.0,EUR,0.0,86.0,86.0
TXN-DE-2-001496,2026-08-26 10:22:43,2026-08-26 10:24:43,DE,SaaS Platform,D,MED-001,Medora Cardio 10mg,Prescription,Medora,E-commerce,1,43.0,EUR,0.05,43.0,40.85
TXN-DE-2-001497,2026-08-26 07:31:39,2026-08-26 07:37:39,DE,SaaS Platform,D,SAN-002,SanaPlus ColdFlu,OTC,SanaPlus,E-commerce,9,10.5,EUR,0.05,94.5,89.77
TXN-DE-2-001498,2026-08-26 19:15:28,2026-08-26 19:17:28,DE,SaaS Platform,D,PUR-001,PureLife GlucoMonitor,Medical Device,PureLife,Pharmacy/B2B,6,85.0,EUR,0.1,510.0,459.0
TXN-DE-2-001499,2026-08-26 16:59:58,2026-08-26 17:04:58,DE,SaaS Platform,D,MED-001,Medora Cardio 10mg,Prescription,Medora,Pharmacy/B2B,12,43.0,EUR,0.05,516.0,490.2
TXN-DE-2-001500,2026-08-26 23:43:55,2026-08-26 23:48:55,DE,SaaS Platform,D,DER-001,Dermacare GlowSerum,Aesthetic,Dermacare,Pharmacy/B2B,7,32.0,EUR,0.1,224.0,201.6
TXN-DE-2-001501,2026-08-26 00:01:28,2026-08-26 00:02:28,DE,SaaS Platform,D,PUR-001,PureLife GlucoMonitor,Medical Device,PureLife,D2C,4,85.0,EUR,0.0,340.0,340.0
TXN-DE-2-001502,2026-08-26 16:58:45,2026-08-26 17:01:45,DE,SaaS Platform,D,SAN-002,SanaPlus ColdFlu,OTC,SanaPlus,Pharmacy/B2B,12,10.5,EUR,0.05,126.0,119.7
TXN-DE-2-001503,2026-08-26 10:50:00,2026-08-26 10:55:00,DE,SaaS Platform,D,MED-002,Medora Derm Cream,Prescription,Medora,D2C,5,26.0,EUR,0.0,130.0,130.0
TXN-DE-2-001504,2026-08-26 08:37:41,2026-08-26 08:42:41,DE,SaaS Platform,D,SAN-001,SanaPlus PainRelief,OTC,SanaPlus,D2C,7,9.5,EUR,0.15,66.5,56.52
TXN-DE-2-001505,2026-08-26 21:55:27,2026-08-26 21:57:27,DE,SaaS Platform,D,DER-001,Dermacare GlowSerum,Aesthetic,Dermacare,Wholesale,3,32.0,EUR,0.05,96.0,91.2
TXN-DE-2-001506,2026-08-26 07:53:19,2026-08-26 07:58:19,DE,SaaS Platform,D,SAN-002,SanaPlus ColdFlu,OTC,SanaPlus,Pharmacy/B2B,10,10.5,EUR,0.15,105.0,89.25
TXN-DE-2-001507,2026-08-26 19:00:59,2026-08-26 19:01:59,DE,SaaS Platform,D,VIT-002,Vitalis Multivit,Supplement,Vitalis,E-commerce,4,17.0,EUR,0.0,68.0,68.0
TXN-DE-2-001508,2026-08-26 22:25:01,2026-08-26 22:31:01,DE,SaaS Platform,D,SAN-001,SanaPlus PainRelief,OTC,SanaPlus,Pharmacy/B2B,6,9.5,EUR,0.0,57.0,57.0
TXN-DE-2-001509,2026-08-26 06:33:49,2026-08-26 06:38:49,DE,SaaS Platform,D,PUR-002,PureLife BP Monitor,Medical Device,PureLife,E-commerce,8,90.0,EUR,0.05,720.0,684.0
TXN-DE-2-001510,2026-08-26 17:08:53,2026-08-26 17:14:53,DE,SaaS Platform,D,DER-002,Dermacare LiftCream,Aesthetic,Dermacare,Pharmacy/B2B,4,37.0,EUR,0.0,148.0,148.0
TXN-DE-2-001511,2026-08-26 19:25:12,2026-08-26 19:30:12,DE,SaaS Platform,D,PUR-002,PureLife BP Monitor,Medical Device,PureLife,Wholesale,2,90.0,EUR,0.2,180.0,144.0
TXN-DE-2-001512,2026-08-26 14:16:56,2026-08-26 14:17:56,DE,SaaS Platform,D,MED-001,Medora Cardio 10mg,Prescription,Medora,Pharmacy/B2B,4,43.0,EUR,0.0,172.0,172.0
TXN-DE-2-001513,2026-08-26 04:14:37,2026-08-26 04:16:37,DE,SaaS Platform,D,DER-002,Dermacare LiftCream,Aesthetic,Dermacare,Wholesale,2,37.0,EUR,0.2,74.0,59.2
TXN-DE-2-001514,2026-08-26 19:41:44,2026-08-26 19:45:44,DE,SaaS Platform,D,PUR-002,PureLife BP Monitor,Medical Device,PureLife,Wholesale,11,90.0,EUR,0.15,990.0,841.5
TXN-DE-2-001515,2026-08-26 19:05:44,2026-08-26 19:11:44,DE,SaaS Platform,D,PUR-002,PureLife BP Monitor,Medical Device,PureLife,E-commerce,10,90.0,EUR,0.2,900.0,720.0
TXN-DE-2-001516,2026-08-26 08:47:29,2026-08-26 08:48:29,DE,SaaS Platform,D,PUR-002,PureLife BP Monitor,Medical Device,PureLife,Pharmacy/B2B,8,90.0,EUR,0.05,720.0,684.0
TXN-DE-2-001517,2026-08-26 05:07:31,2026-08-26 05:10:31,DE,SaaS Platform,D,PUR-001,PureLife GlucoMonitor,Medical Device,PureLife,D2C,1,85.0,EUR,0.2,85.0,68.0
TXN-DE-2-001518,2026-08-26 01:53:10,2026-08-26 01:58:10,DE,SaaS Platform,D,MED-001,Medora Cardio 10mg,Prescription,Medora,Wholesale,3,43.0,EUR,0.15,129.0,109.65
TXN-DE-2-001519,2026-08-26 12:03:27,2026-08-26 12:04:27,DE,SaaS Platform,D,PUR-002,PureLife BP Monitor,Medical Device,PureLife,D2C,7,90.0,EUR,0.15,630.0,535.5
TXN-DE-2-001520,2026-08-26 13:59:15,2026-08-26 14:05:15,DE,SaaS Platform,D,DER-001,Dermacare GlowSerum,Aesthetic,Dermacare,Pharmacy/B2B,6,32.0,EUR,0.2,192.0,153.6
TXN-DE-2-001521,2026-08-26 00:04:04,2026-08-26 00:08:04,DE,SaaS Platform,D,PUR-001,PureLife GlucoMonitor,Medical Device,PureLife,Pharmacy/B2B,3,85.0,EUR,0.2,255.0,204.0
TXN-DE-2-001522,2026-08-26 13:13:48,2026-08-26 13:19:48,DE,SaaS Platform,D,SAN-002,SanaPlus ColdFlu,OTC,SanaPlus,E-commerce,9,10.5,EUR,0.1,94.5,85.05
TXN-DE-2-001523,2026-08-26 21:44:19,2026-08-26 21:48:19,DE,SaaS Platform,D,VIT-002,Vitalis Multivit,Supplement,Vitalis,Wholesale,11,17.0,EUR,0.1,187.0,168.3
TXN-DE-2-001524,2026-08-26 09:35:14,2026-08-26 09:36:14,DE,SaaS Platform,D,DER-002,Dermacare LiftCream,Aesthetic,Dermacare,Pharmacy/B2B,5,37.0,EUR,0.0,185.0,185.0
TXN-DE-2-001525,2026-08-26 21:10:18,2026-08-26 21:11:18,DE,SaaS Platform,D,VIT-001,Vitalis C1000,Supplement,Vitalis,D2C,2,21.0,EUR,0.05,42.0,39.9
TXN-DE-2-001526,2026-08-26 03:47:30,2026-08-26 03:51:30,DE,SaaS Platform,D,DER-002,Dermacare LiftCream,Aesthetic,Dermacare,E-commerce,4,37.0,EUR,0.05,148.0,140.6
TXN-DE-2-001527,2026-08-26 20:45:22,2026-08-26 20:51:22,DE,SaaS Platform,D,DER-002,Dermacare LiftCream,Aesthetic,Dermacare,E-commerce,1,37.0,EUR,0.1,37.0,33.3
TXN-DE-2-001528,2026-08-26 00:32:31,2026-08-26 00:35:31,DE,SaaS Platform,D,VIT-002,Vitalis Multivit,Supplement,Vitalis,E-commerce,1,17.0,EUR,0.0,17.0,17.0
TXN-DE-2-001529,2026-08-26 21:30:54,2026-08-26 21:32:54,DE,SaaS Platform,D,SAN-002,SanaPlus ColdFlu,OTC,SanaPlus,Pharmacy/B2B,9,10.5,EUR,0.05,94.5,89.77
TXN-DE-2-001530,2026-08-26 10:16:31,2026-08-26 10:20:31,DE,SaaS Platform,D,MED-001,Medora Cardio 10mg,Prescription,Medora,D2C,9,43.0,EUR,0.0,387.0,387.0
TXN-DE-2-001531,2026-08-26 11:33:35,2026-08-26 11:34:35,DE,SaaS Platform,D,VIT-001,Vitalis C1000,Supplement,Vitalis,E-commerce,2,21.0,EUR,0.0,42.0,42.0
TXN-DE-2-001532,2026-08-26 16:22:36,2026-08-26 16:28:36,DE,SaaS Platform,D,SAN-001,SanaPlus PainRelief,OTC,SanaPlus,D2C,8,9.5,EUR,0.0,76.0,76.0
TXN-DE-2-001533,2026-08-26 12:32:35,2026-08-26 12:36:35,DE,SaaS Platform,D,SAN-002,SanaPlus ColdFlu,OTC,SanaPlus,Pharmacy/B2B,4,10.5,EUR,0.2,42.0,33.6
TXN-DE-2-001534,2026-08-26 17:14:12,2026-08-26 17:15:12,DE,SaaS Platform,D,SAN-002,SanaPlus ColdFlu,OTC,SanaPlus,Pharmacy/B2B,1,10.5,EUR,0.05,10.5,9.97
TXN-DE-2-001535,2026-08-26 09:20:39,2026-08-26 09:25:39,DE,SaaS Platform,D,PUR-001,PureLife GlucoMonitor,Medical Device,PureLife,E-commerce,9,85.0,EUR,0.0,765.0,765.0
TXN-DE-2-001536,2026-08-26 15:52:52,2026-08-26 15:57:52,DE,SaaS Platform,D,VIT-001,Vitalis C1000,Supplement,Vitalis,Pharmacy/B2B,2,21.0,EUR,0.0,42.0,42.0
TXN-DE-2-001537,2026-08-26 01:15:12,2026-08-26 01:17:12,DE,SaaS Platform,D,MED-002,Medora Derm Cream,Prescription,Medora,D2C,3,26.0,EUR,0.05,78.0,74.1
TXN-DE-2-001538,2026-08-26 06:19:05,2026-08-26 06:20:05,DE,SaaS Platform,D,DER-002,Dermacare LiftCream,Aesthetic,Dermacare,Wholesale,11,37.0,EUR,0.05,407.0,386.65
TXN-DE-2-001539,2026-08-26 20:50:47,2026-08-26 20:53:47,DE,SaaS Platform,D,DER-002,Dermacare LiftCream,Aesthetic,Dermacare,D2C,11,37.0,EUR,0.05,407.0,386.65
TXN-DE-2-001540,2026-08-26 03:47:08,2026-08-26 03:53:08,DE,SaaS Platform,D,PUR-001,PureLife GlucoMonitor,Medical Device,PureLife,Wholesale,10,85.0,EUR,0.2,850.0,680.0
TXN-DE-2-001541,2026-08-26 16:19:46,2026-08-26 16:21:46,DE,SaaS Platform,D,SAN-002,SanaPlus ColdFlu,OTC,SanaPlus,Pharmacy/B2B,1,10.5,EUR,0.05,10.5,9.97
TXN-DE-2-001542,2026-08-26 21:40:26,2026-08-26 21:44:26,DE,SaaS Platform,D,VIT-002,Vitalis Multivit,Supplement,Vitalis,Wholesale,6,17.0,EUR,0.2,102.0,81.6
TXN-DE-2-001543,2026-08-26 18:44:23,2026-08-26 18:48:23,DE,SaaS Platform,D,PUR-002,PureLife BP Monitor,Medical Device,PureLife,D2C,10,90.0,EUR,0.15,900.0,765.0
TXN-DE-2-001544,2026-08-26 05:23:19,2026-08-26 05:29:19,DE,SaaS Platform,D,VIT-002,Vitalis Multivit,Supplement,Vitalis,Pharmacy/B2B,11,17.0,EUR,0.0,187.0,187.0
TXN-DE-2-001545,2026-08-26 03:56:46,2026-08-26 03:57:46,DE,SaaS Platform,D,MED-001,Medora Cardio 10mg,Prescription,Medora,Pharmacy/B2B,8,43.0,EUR,0.1,344.0,309.6
TXN-DE-2-001546,2026-08-26 07:12:27,2026-08-26 07:13:27,DE,SaaS Platform,D,VIT-002,Vitalis Multivit,Supplement,Vitalis,D2C,8,17.0,EUR,0.0,136.0,136.0
TXN-DE-2-001547,2026-08-26 22:31:45,2026-08-26 22:32:45,DE,SaaS Platform,D,PUR-002,PureLife BP Monitor,Medical Device,PureLife,E-commerce,12,90.0,EUR,0.2,1080.0,864.0
TXN-DE-2-001548,2026-08-26 14:55:19,2026-08-26 14:59:19,DE,SaaS Platform,D,MED-002,Medora Derm Cream,Prescription,Medora,Wholesale,7,26.0,EUR,0.0,182.0,182.0
TXN-DE-2-001549,2026-08-26 18:27:46,2026-08-26 18:32:46,DE,SaaS Platform,D,MED-002,Medora Derm Cream,Prescription,Medora,E-commerce,8,26.0,EUR,0.2,208.0,166.4
TXN-DE-2-001550,2026-08-26 13:45:05,2026-08-26 13:46:05,DE,SaaS Platform,D,DER-001,Dermacare GlowSerum,Aesthetic,Dermacare,Pharmacy/B2B,11,32.0,EUR,0.15,352.0,299.2
TXN-DE-2-001551,2026-08-26 16:24:30,2026-08-26 16:25:30,DE,SaaS Platform,D,VIT-001,Vitalis C1000,Supplement,Vitalis,D2C,6,21.0,EUR,0.15,126.0,107.1
TXN-DE-2-001552,2026-08-26 02:00:51,2026-08-26 02:04:51,DE,SaaS Platform,D,SAN-002,SanaPlus ColdFlu,OTC,SanaPlus,D2C,10,10.5,EUR,0.0,105.0,105.0
TXN-DE-2-001553,2026-08-26 22:11:18,2026-08-26 22:12:18,DE,SaaS Platform,D,DER-002,Dermacare LiftCream,Aesthetic,Dermacare,E-commerce,7,37.0,EUR,0.0,259.0,259.0
TXN-DE-2-001554,2026-08-26 02:07:21,2026-08-26 02:12:21,DE,SaaS Platform,D,VIT-002,Vitalis Multivit,Supplement,Vitalis,D2C,11,17.0,EUR,0.0,187.0,187.0
TXN-DE-2-001555,2026-08-26 11:10:23,2026-08-26 11:12:23,DE,SaaS Platform,D,SAN-001,SanaPlus PainRelief,OTC,SanaPlus,Pharmacy/B2B,3,9.5,EUR,0.1,28.5,25.65
TXN-DE-2-001556,2026-08-26 19:00:11,2026-08-26 19:03:11,DE,SaaS Platform,D,SAN-002,SanaPlus ColdFlu,OTC,SanaPlus,Pharmacy/B2B,1,10.5,EUR,0.1,10.5,9.45
TXN-DE-2-001557,2026-08-26 16:37:41,2026-08-26 16:41:41,DE,SaaS Platform,D,MED-002,Medora Derm Cream,Prescription,Medora,Wholesale,6,26.0,EUR,0.2,156.0,124.8
TXN-DE-2-001558,2026-08-26 15:54:00,2026-08-26 15:58:00,DE,SaaS Platform,D,VIT-002,Vitalis Multivit,Supplement,Vitalis,D2C,8,17.0,EUR,0.1,136.0,122.4
TXN-DE-2-001559,2026-08-26 00:02:11,2026-08-26 00:04:11,DE,SaaS Platform,D,PUR-001,PureLife GlucoMonitor,Medical Device,PureLife,Pharmacy/B2B,9,85.0,EUR,0.05,765.0,726.75
TXN-DE-2-001560,2026-08-26 18:55:32,2026-08-26 18:57:32,DE,SaaS Platform,D,VIT-001,Vitalis C1000,Supplement,Vitalis,Pharmacy/B2B,1,21.0,EUR,0.05,21.0,19.95
TXN-DE-2-001561,2026-08-26 07:25:22,2026-08-26 07:30:22,DE,SaaS Platform,D,DER-001,Dermacare GlowSerum,Aesthetic,Dermacare,D2C,5,32.0,EUR,0.0,160.0,160.0
TXN-DE-2-001562,2026-08-26 16:11:56,2026-08-26 16:12:56,DE,SaaS Platform,D,MED-002,Medora Derm Cream,Prescription,Medora,Pharmacy/B2B,3,26.0,EUR,0.05,78.0,74.1
TXN-DE-2-001563,2026-08-26 21:39:38,2026-08-26 21:44:38,DE,SaaS Platform,D,VIT-001,Vitalis C1000,Supplement,Vitalis,Wholesale,11,21.0,EUR,0.0,231.0,231.0
TXN-DE-2-001564,2026-08-26 04:51:27,2026-08-26 04:54:27,DE,SaaS Platform,D,PUR-002,PureLife BP Monitor,Medical Device,PureLife,Wholesale,7,90.0,EUR,0.0,630.0,630.0
TXN-DE-2-001565,2026-08-26 22:14:20,2026-08-26 22:20:20,DE,SaaS Platform,D,VIT-002,Vitalis Multivit,Supplement,Vitalis,D2C,9,17.0,EUR,0.05,153.0,145.35
TXN-DE-2-001566,2026-08-26 17:16:01,2026-08-26 17:22:01,DE,SaaS Platform,D,DER-001,Dermacare GlowSerum,Aesthetic,Dermacare,Pharmacy/B2B,2,32.0,EUR,0.0,64.0,64.0
TXN-DE-2-001567,2026-08-26 03:42:30,2026-08-26 03:43:30,DE,SaaS Platform,D,PUR-002,PureLife BP Monitor,Medical Device,PureLife,Wholesale,3,90.0,EUR,0.0,270.0,270.0
TXN-DE-2-001568,2026-08-26 13:14:14,2026-08-26 13:16:14,DE,SaaS Platform,D,MED-002,Medora Derm Cream,Prescription,Medora,Pharmacy/B2B,6,26.0,EUR,0.2,156.0,124.8
TXN-DE-2-001569,2026-08-26 17:55:45,2026-08-26 17:56:45,DE,SaaS Platform,D,PUR-001,PureLife GlucoMonitor,Medical Device,PureLife,E-commerce,7,85.0,EUR,0.0,595.0,595.0
TXN-DE-2-001570,2026-08-26 04:53:43,2026-08-26 04:55:43,DE,SaaS Platform,D,DER-002,Dermacare LiftCream,Aesthetic,Dermacare,Pharmacy/B2B,12,37.0,EUR,0.0,444.0,444.0
TXN-DE-2-001571,2026-08-26 14:39:10,2026-08-26 14:44:10,DE,SaaS Platform,D,SAN-001,SanaPlus PainRelief,OTC,SanaPlus,Wholesale,7,9.5,EUR,0.2,66.5,53.2
TXN-DE-2-001572,2026-08-26 15:53:02,2026-08-26 15:56:02,DE,SaaS Platform,D,DER-001,Dermacare GlowSerum,Aesthetic,Dermacare,D2C,9,32.0,EUR,0.0,288.0,288.0
TXN-DE-2-001573,2026-08-26 01:11:00,2026-08-26 01:14:00,DE,SaaS Platform,D,VIT-001,Vitalis C1000,Supplement,Vitalis,Pharmacy/B2B,11,21.0,EUR,0.0,231.0,231.0
TXN-DE-2-001574,2026-08-26 07:49:43,2026-08-26 07:53:43,DE,SaaS Platform,D,SAN-001,SanaPlus PainRelief,OTC,SanaPlus,Wholesale,4,9.5,EUR,0.05,38.0,36.1
TXN-DE-2-001575,2026-08-26 10:54:02,2026-08-26 10:57:02,DE,SaaS Platform,D,DER-001,Dermacare GlowSerum,Aesthetic,Dermacare,Wholesale,2,32.0,EUR,0.0,64.0,64.0
TXN-DE-2-001576,2026-08-26 02:51:55,2026-08-26 02:57:55,DE,SaaS Platform,D,VIT-001,Vitalis C1000,Supplement,Vitalis,D2C,10,21.0,EUR,0.1,210.0,189.0
TXN-DE-2-001577,2026-08-26 16:13:44,2026-08-26 16:17:44,DE,SaaS Platform,D,SAN-001,SanaPlus PainRelief,OTC,SanaPlus,Pharmacy/B2B,6,9.5,EUR,0.0,57.0,57.0
TXN-DE-2-001578,2026-08-26 17:15:53,2026-08-26 17:21:53,DE,SaaS Platform,D,VIT-001,Vitalis C1000,Supplement,Vitalis,Pharmacy/B2B,11,21.0,EUR,0.0,231.0,231.0
TXN-DE-2-001579,2026-08-26 02:22:46,2026-08-26 02:28:46,DE,SaaS Platform,D,PUR-002,PureLife BP Monitor,Medical Device,PureLife,Pharmacy/B2B,4,90.0,EUR,0.1,360.0,324.0
TXN-DE-2-001580,2026-08-26 13:46:50,2026-08-26 13:51:50,DE,SaaS Platform,D,VIT-002,Vitalis Multivit,Supplement,Vitalis,Pharmacy/B2B,3,17.0,EUR,0.2,51.0,40.8
TXN-DE-2-001581,2026-08-26 18:15:58,2026-08-26 18:17:58,DE,SaaS Platform,D,PUR-002,PureLife BP Monitor,Medical Device,PureLife,Wholesale,7,90.0,EUR,0.05,630.0,598.5
TXN-DE-2-001582,2026-08-26 06:25:27,2026-08-26 06:27:27,DE,SaaS Platform,D,MED-001,Medora Cardio 10mg,Prescription,Medora,Wholesale,2,43.0,EUR,0.2,86.0,68.8
TXN-DE-2-001583,2026-08-26 23:24:54,2026-08-26 23:25:54,DE,SaaS Platform,D,VIT-002,Vitalis Multivit,Supplement,Vitalis,D2C,1,17.0,EUR,0.2,17.0,13.6
TXN-DE-2-001584,2026-08-26 23:21:58,2026-08-26 23:27:58,DE,SaaS Platform,D,VIT-002,Vitalis Multivit,Supplement,Vitalis,E-commerce,7,17.0,EUR,0.05,119.0,113.05
TXN-DE-2-001585,2026-08-26 18:54:32,2026-08-26 18:59:32,DE,SaaS Platform,D,SAN-001,SanaPlus PainRelief,OTC,SanaPlus,D2C,10,9.5,EUR,0.0,95.0,95.0
TXN-DE-2-001586,2026-08-26 18:00:25,2026-08-26 18:05:25,DE,SaaS Platform,D,VIT-002,Vitalis Multivit,Supplement,Vitalis,Wholesale,8,17.0,EUR,0.05,136.0,129.2
TXN-DE-2-001587,2026-08-26 10:09:47,2026-08-26 10:12:47,DE,SaaS Platform,D,DER-002,Dermacare LiftCream,Aesthetic,Dermacare,E-commerce,3,37.0,EUR,0.0,111.0,111.0
TXN-DE-2-001588,2026-08-26 12:04:43,2026-08-26 12:08:43,DE,SaaS Platform,D,MED-002,Medora Derm Cream,Prescription,Medora,D2C,6,26.0,EUR,0.0,156.0,156.0
TXN-DE-2-001589,2026-08-26 20:35:38,2026-08-26 20:39:38,DE,SaaS Platform,D,PUR-001,PureLife GlucoMonitor,Medical Device,PureLife,D2C,8,85.0,EUR,0.0,680.0,680.0
TXN-DE-2-001590,2026-08-26 16:37:29,2026-08-26 16:43:29,DE,SaaS Platform,D,DER-001,Dermacare GlowSerum,Aesthetic,Dermacare,Pharmacy/B2B,5,32.0,EUR,0.0,160.0,160.0
TXN-DE-2-001591,2026-08-26 06:20:13,2026-08-26 06:25:13,DE,SaaS Platform,D,MED-002,Medora Derm Cream,Prescription,Medora,Wholesale,8,26.0,EUR,0.0,208.0,208.0
TXN-DE-2-001592,2026-08-26 17:41:46,2026-08-26 17:42:46,DE,SaaS Platform,D,DER-001,Dermacare GlowSerum,Aesthetic,Dermacare,D2C,5,32.0,EUR,0.0,160.0,160.0
TXN-DE-2-001593,2026-08-26 06:44:45,2026-08-26 06:50:45,DE,SaaS Platform,D,PUR-001,PureLife GlucoMonitor,Medical Device,PureLife,E-commerce,10,85.0,EUR,0.05,850.0,807.5
TXN-DE-2-001594,2026-08-26 07:45:42,2026-08-26 07:47:42,DE,SaaS Platform,D,SAN-001,SanaPlus PainRelief,OTC,SanaPlus,Wholesale,1,9.5,EUR,0.0,9.5,9.5
TXN-DE-2-001595,2026-08-26 11:17:48,2026-08-26 11:19:48,DE,SaaS Platform,D,PUR-002,PureLife BP Monitor,Medical Device,PureLife,D2C,6,90.0,EUR,0.15,540.0,459.0
TXN-DE-2-001596,2026-08-26 09:52:17,2026-08-26 09:56:17,DE,SaaS Platform,D,MED-002,Medora Derm Cream,Prescription,Medora,E-commerce,1,26.0,EUR,0.0,26.0,26.0
TXN-DE-2-001597,2026-08-26 16:03:21,2026-08-26 16:05:21,DE,SaaS Platform,D,MED-002,Medora Derm Cream,Prescription,Medora,Wholesale,9,26.0,EUR,0.0,234.0,234.0
TXN-DE-2-001598,2026-08-26 19:32:36,2026-08-26 19:33:36,DE,SaaS Platform,D,DER-001,Dermacare GlowSerum,Aesthetic,Dermacare,E-commerce,5,32.0,EUR,0.0,160.0,160.0
TXN-DE-2-001599,2026-08-26 08:55:43,2026-08-26 09:00:43,DE,SaaS Platform,D,PUR-002,PureLife BP Monitor,Medical Device,PureLife,Wholesale,11,90.0,EUR,0.05,990.0,940.5
TXN-DE-2-001600,2026-08-26 14:15:47,2026-08-26 14:21:47,DE,SaaS Platform,D,DER-002,Dermacare LiftCream,Aesthetic,Dermacare,D2C,4,37.0,EUR,0.0,148.0,148.0
TXN-DE-2-001601,2026-08-26 22:43:11,2026-08-26 22:48:11,DE,SaaS Platform,D,PUR-002,PureLife BP Monitor,Medical Device,PureLife,E-commerce,10,90.0,EUR,0.0,900.0,900.0
TXN-DE-2-001602,2026-08-26 20:03:38,2026-08-26 20:07:38,DE,SaaS Platform,D,SAN-002,SanaPlus ColdFlu,OTC,SanaPlus,Pharmacy/B2B,6,10.5,EUR,0.1,63.0,56.7
TXN-DE-2-001603,2026-08-26 19:16:33,2026-08-26 19:19:33,DE,SaaS Platform,D,MED-002,Medora Derm Cream,Prescription,Medora,D2C,9,26.0,EUR,0.0,234.0,234.0
TXN-DE-2-001604,2026-08-26 10:02:11,2026-08-26 10:06:11,DE,SaaS Platform,D,SAN-001,SanaPlus PainRelief,OTC,SanaPlus,Pharmacy/B2B,2,9.5,EUR,0.2,19.0,15.2
TXN-DE-2-001605,2026-08-26 19:15:35,2026-08-26 19:20:35,DE,SaaS Platform,D,MED-001,Medora Cardio 10mg,Prescription,Medora,E-commerce,12,43.0,EUR,0.0,516.0,516.0
TXN-DE-2-001606,2026-08-26 14:36:45,2026-08-26 14:40:45,DE,SaaS Platform,D,MED-001,Medora Cardio 10mg,Prescription,Medora,Pharmacy/B2B,7,43.0,EUR,0.0,301.0,301.0
TXN-DE-2-001607,2026-08-26 15:23:02,2026-08-26 15:28:02,DE,SaaS Platform,D,VIT-002,Vitalis Multivit,Supplement,Vitalis,D2C,8,17.0,EUR,0.0,136.0,136.0
TXN-DE-2-001608,2026-08-26 18:36:41,2026-08-26 18:37:41,DE,SaaS Platform,D,MED-001,Medora Cardio 10mg,Prescription,Medora,Wholesale,4,43.0,EUR,0.05,172.0,163.4
TXN-DE-2-001609,2026-08-26 00:09:50,2026-08-26 00:15:50,DE,SaaS Platform,D,DER-002,Dermacare LiftCream,Aesthetic,Dermacare,E-commerce,2,37.0,EUR,0.1,74.0,66.6
TXN-DE-2-001610,2026-08-26 13:32:52,2026-08-26 13:33:52,DE,SaaS Platform,D,PUR-001,PureLife GlucoMonitor,Medical Device,PureLife,E-commerce,3,85.0,EUR,0.05,255.0,242.25
TXN-DE-2-001611,2026-08-26 02:21:43,2026-08-26 02:25:43,DE,SaaS Platform,D,VIT-002,Vitalis Multivit,Supplement,Vitalis,D2C,1,17.0,EUR,0.0,17.0,17.0
TXN-DE-2-001612,2026-08-26 10:15:50,2026-08-26 10:19:50,DE,SaaS Platform,D,SAN-001,SanaPlus PainRelief,OTC,SanaPlus,D2C,10,9.5,EUR,0.0,95.0,95.0
TXN-DE-2-001613,2026-08-26 04:04:25,2026-08-26 04:08:25,DE,SaaS Platform,D,SAN-002,SanaPlus ColdFlu,OTC,SanaPlus,E-commerce,5,10.5,EUR,0.0,52.5,52.5
TXN-DE-2-001614,2026-08-26 00:17:10,2026-08-26 00:18:10,DE,SaaS Platform,D,DER-002,Dermacare LiftCream,Aesthetic,Dermacare,D2C,6,37.0,EUR,0.0,222.0,222.0
TXN-DE-2-001615,2026-08-26 10:39:50,2026-08-26 10:44:50,DE,SaaS Platform,D,VIT-002,Vitalis Multivit,Supplement,Vitalis,D2C,8,17.0,EUR,0.1,136.0,122.4
TXN-DE-2-001616,2026-08-26 04:11:29,2026-08-26 04:14:29,DE,SaaS Platform,D,MED-002,Medora Derm Cream,Prescription,Medora,E-commerce,8,26.0,EUR,0.05,208.0,197.6
TXN-DE-2-001617,2026-08-26 00:52:12,2026-08-26 00:53:12,DE,SaaS Platform,D,SAN-002,SanaPlus ColdFlu,OTC,SanaPlus,E-commerce,4,10.5,EUR,0.1,42.0,37.8
TXN-DE-2-001618,2026-08-26 18:01:06,2026-08-26 18:06:06,DE,SaaS Platform,D,VIT-001,Vitalis C1000,Supplement,Vitalis,E-commerce,10,21.0,EUR,0.0,210.0,210.0
TXN-DE-2-001619,2026-08-26 21:38:03,2026-08-26 21:39:03,DE,SaaS Platform,D,VIT-001,Vitalis C1000,Supplement,Vitalis,E-commerce,9,21.0,EUR,0.15,189.0,160.65
TXN-DE-2-001620,2026-08-26 04:30:23,2026-08-26 04:36:23,DE,SaaS Platform,D,MED-002,Medora Derm Cream,Prescription,Medora,Wholesale,5,26.0,EUR,0.15,130.0,110.5
TXN-DE-2-001621,2026-08-26 01:38:54,2026-08-26 01:39:54,DE,SaaS Platform,D,DER-002,Dermacare LiftCream,Aesthetic,Dermacare,D2C,4,37.0,EUR,0.2,148.0,118.4
TXN-DE-2-001622,2026-08-26 05:13:14,2026-08-26 05:17:14,DE,SaaS Platform,D,VIT-001,Vitalis C1000,Supplement,Vitalis,D2C,4,21.0,EUR,0.0,84.0,84.0
TXN-DE-2-001623,2026-08-26 08:08:38,2026-08-26 08:14:38,DE,SaaS Platform,D,DER-002,Dermacare LiftCream,Aesthetic,Dermacare,Wholesale,1,37.0,EUR,0.15,37.0,31.45
TXN-DE-2-001624,2026-08-26 22:58:56,2026-08-26 23:00:56,DE,SaaS Platform,D,SAN-002,SanaPlus ColdFlu,OTC,SanaPlus,Wholesale,8,10.5,EUR,0.0,84.0,84.0
TXN-DE-2-001625,2026-08-26 21:35:02,2026-08-26 21:38:02,DE,SaaS Platform,D,SAN-001,SanaPlus PainRelief,OTC,SanaPlus,E-commerce,5,9.5,EUR,0.2,47.5,38.0
TXN-DE-2-001626,2026-08-26 17:31:15,2026-08-26 17:33:15,DE,SaaS Platform,D,VIT-001,Vitalis C1000,Supplement,Vitalis,E-commerce,7,21.0,EUR,0.0,147.0,147.0
TXN-DE-2-001627,2026-08-26 17:26:05,2026-08-26 17:28:05,DE,SaaS Platform,D,PUR-001,PureLife GlucoMonitor,Medical Device,PureLife,E-commerce,11,85.0,EUR,0.0,935.0,935.0
TXN-DE-2-001628,2026-08-26 07:59:02,2026-08-26 08:02:02,DE,SaaS Platform,D,VIT-002,Vitalis Multivit,Supplement,Vitalis,E-commerce,11,17.0,EUR,0.05,187.0,177.65
TXN-DE-2-001629,2026-08-26 01:36:06,2026-08-26 01:42:06,DE,SaaS Platform,D,VIT-002,Vitalis Multivit,Supplement,Vitalis,E-commerce,3,17.0,EUR,0.0,51.0,51.0
TXN-DE-2-001630,2026-08-26 23:58:33,2026-08-27 00:02:33,DE,SaaS Platform,D,SAN-002,SanaPlus ColdFlu,OTC,SanaPlus,Wholesale,2,10.5,EUR,0.05,21.0,19.95
TXN-DE-2-001631,2026-08-26 23:40:53,2026-08-26 23:43:53,DE,SaaS Platform,D,PUR-001,PureLife GlucoMonitor,Medical Device,PureLife,E-commerce,5,85.0,EUR,0.15,425.0,361.25
TXN-DE-2-001632,2026-08-26 09:54:24,2026-08-26 10:00:24,DE,SaaS Platform,D,MED-002,Medora Derm Cream,Prescription,Medora,Wholesale,4,26.0,EUR,0.0,104.0,104.0
TXN-DE-2-001633,2026-08-26 22:41:19,2026-08-26 22:46:19,DE,SaaS Platform,D,MED-002,Medora Derm Cream,Prescription,Medora,Pharmacy/B2B,12,26.0,EUR,0.15,312.0,265.2
TXN-DE-2-001634,2026-08-26 20:54:35,2026-08-26 21:00:35,DE,SaaS Platform,D,VIT-001,Vitalis C1000,Supplement,Vitalis,D2C,12,21.0,EUR,0.2,252.0,201.6
TXN-DE-2-001635,2026-08-26 05:10:47,2026-08-26 05:13:47,DE,SaaS Platform,D,MED-002,Medora Derm Cream,Prescription,Medora,E-commerce,10,26.0,EUR,0.05,260.0,247.0
TXN-DE-2-001636,2026-08-26 08:14:37,2026-08-26 08:17:37,DE,SaaS Platform,D,PUR-002,PureLife BP Monitor,Medical Device,PureLife,Wholesale,6,90.0,EUR,0.0,540.0,540.0
TXN-DE-2-001637,2026-08-26 05:00:04,2026-08-26 05:05:04,DE,SaaS Platform,D,PUR-001,PureLife GlucoMonitor,Medical Device,PureLife,E-commerce,3,85.0,EUR,0.0,255.0,255.0
TXN-DE-2-001638,2026-08-26 22:33:30,2026-08-26 22:35:30,DE,SaaS Platform,D,PUR-002,PureLife BP Monitor,Medical Device,PureLife,Wholesale,5,90.0,EUR,0.1,450.0,405.0
TXN-DE-2-001639,2026-08-26 19:55:25,2026-08-26 19:56:25,DE,SaaS Platform,D,MED-001,Medora Cardio 10mg,Prescription,Medora,E-commerce,10,43.0,EUR,0.0,430.0,430.0
TXN-DE-2-001640,2026-08-26 14:50:12,2026-08-26 14:54:12,DE,SaaS Platform,D,DER-002,Dermacare LiftCream,Aesthetic,Dermacare,D2C,2,37.0,EUR,0.0,74.0,74.0
TXN-DE-2-001641,2026-08-26 12:43:33,2026-08-26 12:46:33,DE,SaaS Platform,D,SAN-001,SanaPlus PainRelief,OTC,SanaPlus,D2C,5,9.5,EUR,0.0,47.5,47.5
TXN-DE-2-001642,2026-08-26 11:08:16,2026-08-26 11:10:16,DE,SaaS Platform,D,PUR-002,PureLife BP Monitor,Medical Device,PureLife,Wholesale,4,90.0,EUR,0.05,360.0,342.0
TXN-DE-2-001643,2026-08-26 05:20:44,2026-08-26 05:24:44,DE,SaaS Platform,D,PUR-001,PureLife GlucoMonitor,Medical Device,PureLife,E-commerce,3,85.0,EUR,0.2,255.0,204.0
TXN-DE-2-001644,2026-08-26 08:24:55,2026-08-26 08:26:55,DE,SaaS Platform,D,SAN-001,SanaPlus PainRelief,OTC,SanaPlus,E-commerce,4,9.5,EUR,0.05,38.0,36.1
TXN-DE-2-001645,2026-08-26 12:51:07,2026-08-26 12:54:07,DE,SaaS Platform,D,DER-002,Dermacare LiftCream,Aesthetic,Dermacare,E-commerce,8,37.0,EUR,0.1,296.0,266.4
TXN-DE-2-001646,2026-08-26 12:23:20,2026-08-26 12:24:20,DE,SaaS Platform,D,VIT-002,Vitalis Multivit,Supplement,Vitalis,E-commerce,2,17.0,EUR,0.0,34.0,34.0
TXN-DE-2-001647,2026-08-26 14:10:38,2026-08-26 14:13:38,DE,SaaS Platform,D,VIT-002,Vitalis Multivit,Supplement,Vitalis,Pharmacy/B2B,3,17.0,EUR,0.2,51.0,40.8
TXN-DE-2-001648,2026-08-26 15:17:44,2026-08-26 15:20:44,DE,SaaS Platform,D,SAN-002,SanaPlus ColdFlu,OTC,SanaPlus,Wholesale,12,10.5,EUR,0.15,126.0,107.1
TXN-DE-2-001649,2026-08-26 22:24:19,2026-08-26 22:28:19,DE,SaaS Platform,D,DER-002,Dermacare LiftCream,Aesthetic,Dermacare,D2C,8,37.0,EUR,0.0,296.0,296.0
TXN-DE-2-001650,2026-08-26 12:54:03,2026-08-26 12:58:03,DE,SaaS Platform,D,MED-002,Medora Derm Cream,Prescription,Medora,Wholesale,2,26.0,EUR,0.0,52.0,52.0
TXN-DE-2-001651,2026-08-26 22:38:57,2026-08-26 22:44:57,DE,SaaS Platform,D,MED-002,Medora Derm Cream,Prescription,Medora,E-commerce,4,26.0,EUR,0.2,104.0,83.2
TXN-DE-2-001652,2026-08-26 08:14:48,2026-08-26 08:16:48,DE,SaaS Platform,D,SAN-002,SanaPlus ColdFlu,OTC,SanaPlus,Wholesale,3,10.5,EUR,0.2,31.5,25.2
TXN-DE-2-001653,2026-08-26 23:01:16,2026-08-26 23:07:16,DE,SaaS Platform,D,SAN-002,SanaPlus ColdFlu,OTC,SanaPlus,D2C,1,10.5,EUR,0.0,10.5,10.5
TXN-DE-2-001654,2026-08-26 07:29:36,2026-08-26 07:32:36,DE,SaaS Platform,D,PUR-001,PureLife GlucoMonitor,Medical Device,PureLife,D2C,2,85.0,EUR,0.2,170.0,136.0
TXN-DE-2-001655,2026-08-26 02:00:13,2026-08-26 02:06:13,DE,SaaS Platform,D,VIT-002,Vitalis Multivit,Supplement,Vitalis,D2C,2,17.0,EUR,0.0,34.0,34.0
TXN-DE-2-001656,2026-08-26 08:29:01,2026-08-26 08:33:01,DE,SaaS Platform,D,VIT-002,Vitalis Multivit,Supplement,Vitalis,E-commerce,1,17.0,EUR,0.15,17.0,14.45
TXN-DE-2-001657,2026-08-26 23:07:14,2026-08-26 23:13:14,DE,SaaS Platform,D,VIT-001,Vitalis C1000,Supplement,Vitalis,E-commerce,1,21.0,EUR,0.0,21.0,21.0
TXN-DE-2-001658,2026-08-26 16:34:09,2026-08-26 16:36:09,DE,SaaS Platform,D,PUR-001,PureLife GlucoMonitor,Medical Device,PureLife,E-commerce,3,85.0,EUR,0.15,255.0,216.75
TXN-DE-2-001659,2026-08-26 15:39:33,2026-08-26 15:40:33,DE,SaaS Platform,D,DER-001,Dermacare GlowSerum,Aesthetic,Dermacare,Wholesale,11,32.0,EUR,0.2,352.0,281.6
TXN-DE-2-001660,2026-08-26 20:15:13,2026-08-26 20:21:13,DE,SaaS Platform,D,DER-001,Dermacare GlowSerum,Aesthetic,Dermacare,Wholesale,4,32.0,EUR,0.0,128.0,128.0
TXN-DE-2-001661,2026-08-26 17:29:54,2026-08-26 17:30:54,DE,SaaS Platform,D,PUR-002,PureLife BP Monitor,Medical Device,PureLife,Wholesale,5,90.0,EUR,0.1,450.0,405.0
TXN-DE-2-001662,2026-08-26 19:39:23,2026-08-26 19:43:23,DE,SaaS Platform,D,VIT-002,Vitalis Multivit,Supplement,Vitalis,Wholesale,6,17.0,EUR,0.05,102.0,96.9
TXN-DE-2-001663,2026-08-26 20:24:53,2026-08-26 20:25:53,DE,SaaS Platform,D,PUR-002,PureLife BP Monitor,Medical Device,PureLife,E-commerce,10,90.0,EUR,0.1,900.0,810.0
