transaction_id,order_datetime_utc,ingested_at_utc,country,source_system,source_scenario,product_code,product_name,product_category,brand,sales_channel,quantity,unit_price,currency,discount_pct,gross_amount,net_amount
TXN-GB-2-000001,2026-08-26 12:05:18,2026-08-26 12:10:18,GB,Legacy Oracle EBS,E,MED-002,Medora Derm Cream,Prescription,Medora,Pharmacy/B2B,1,22.22,GBP,0.0,22.22,22.22
TXN-GB-2-000002,2026-08-26 22:30:43,2026-08-26 22:35:43,GB,Legacy Oracle EBS,E,SAN-001,SanaPlus PainRelief,OTC,SanaPlus,E-commerce,9,8.12,GBP,0.2,73.08,58.46
TXN-GB-2-000003,2026-08-26 06:55:08,2026-08-26 06:58:08,GB,Legacy Oracle EBS,E,MED-001,Medora Cardio 10mg,Prescription,Medora,E-commerce,3,36.75,GBP,0.05,110.25,104.74
TXN-GB-2-000004,2026-08-26 13:26:18,2026-08-26 13:28:18,GB,Legacy Oracle EBS,E,VIT-001,Vitalis C1000,Supplement,Vitalis,Wholesale,10,17.95,GBP,0.0,179.5,179.5
TXN-GB-2-000005,2026-08-26 18:13:39,2026-08-26 18:19:39,GB,Legacy Oracle EBS,E,DER-001,Dermacare GlowSerum,Aesthetic,Dermacare,E-commerce,11,27.35,GBP,0.15,300.85,255.72
TXN-GB-2-000006,2026-08-26 04:34:12,2026-08-26 04:35:12,GB,Legacy Oracle EBS,E,MED-002,Medora Derm Cream,Prescription,Medora,E-commerce,12,22.22,GBP,0.2,266.64,213.31
TXN-GB-2-000007,2026-08-26 00:28:33,2026-08-26 00:32:33,GB,Legacy Oracle EBS,E,SAN-002,SanaPlus ColdFlu,OTC,SanaPlus,E-commerce,4,8.97,GBP,0.0,35.88,35.88
TXN-GB-2-000008,2026-08-26 08:38:03,2026-08-26 08:43:03,GB,Legacy Oracle EBS,E,DER-001,Dermacare GlowSerum,Aesthetic,Dermacare,Pharmacy/B2B,2,27.35,GBP,0.15,54.7,46.5
TXN-GB-2-000009,2026-08-26 20:19:09,2026-08-26 20:23:09,GB,Legacy Oracle EBS,E,DER-001,Dermacare GlowSerum,Aesthetic,Dermacare,D2C,11,27.35,GBP,0.2,300.85,240.68
TXN-GB-2-000010,2026-08-26 04:02:10,2026-08-26 04:03:10,GB,Legacy Oracle EBS,E,SAN-002,SanaPlus ColdFlu,OTC,SanaPlus,Pharmacy/B2B,12,8.97,GBP,0.05,107.64,102.26
TXN-GB-2-000011,2026-08-26 10:41:00,2026-08-26 10:47:00,GB,Legacy Oracle EBS,E,SAN-001,SanaPlus PainRelief,OTC,SanaPlus,Wholesale,6,8.12,GBP,0.1,48.72,43.85
TXN-GB-2-000012,2026-08-26 05:21:39,2026-08-26 05:23:39,GB,Legacy Oracle EBS,E,PUR-002,PureLife BP Monitor,Medical Device,PureLife,Wholesale,6,76.92,GBP,0.1,461.52,415.37
TXN-GB-2-000013,2026-08-26 17:11:58,2026-08-26 17:16:58,GB,Legacy Oracle EBS,E,VIT-001,Vitalis C1000,Supplement,Vitalis,Wholesale,10,17.95,GBP,0.0,179.5,179.5
TXN-GB-2-000014,2026-08-26 01:53:07,2026-08-26 01:58:07,GB,Legacy Oracle EBS,E,MED-001,Medora Cardio 10mg,Prescription,Medora,Pharmacy/B2B,5,36.75,GBP,0.05,183.75,174.56
TXN-GB-2-000015,2026-08-26 00:06:47,2026-08-26 00:08:47,GB,Legacy Oracle EBS,E,VIT-001,Vitalis C1000,Supplement,Vitalis,E-commerce,7,17.95,GBP,0.0,125.65,125.65
TXN-GB-2-000016,2026-08-26 00:28:00,2026-08-26 00:33:00,GB,Legacy Oracle EBS,E,PUR-001,PureLife GlucoMonitor,Medical Device,PureLife,D2C,11,72.65,GBP,0.0,799.15,799.15
TXN-GB-2-000017,2026-08-26 20:30:20,2026-08-26 20:31:20,GB,Legacy Oracle EBS,E,VIT-002,Vitalis Multivit,Supplement,Vitalis,D2C,10,14.53,GBP,0.05,145.3,138.03
TXN-GB-2-000018,2026-08-26 08:55:34,2026-08-26 08:56:34,GB,Legacy Oracle EBS,E,MED-001,Medora Cardio 10mg,Prescription,Medora,D2C,4,36.75,GBP,0.1,147.0,132.3
TXN-GB-2-000019,2026-08-26 18:51:02,2026-08-26 18:56:02,GB,Legacy Oracle EBS,E,PUR-002,PureLife BP Monitor,Medical Device,PureLife,E-commerce,2,76.92,GBP,0.2,153.84,123.07
TXN-GB-2-000020,2026-08-26 05:51:39,2026-08-26 05:56:39,GB,Legacy Oracle EBS,E,MED-001,Medora Cardio 10mg,Prescription,Medora,D2C,12,36.75,GBP,0.0,441.0,441.0
TXN-GB-2-000021,2026-08-26 05:52:21,2026-08-26 05:57:21,GB,Legacy Oracle EBS,E,VIT-001,Vitalis C1000,Supplement,Vitalis,E-commerce,12,17.95,GBP,0.05,215.4,204.63
TXN-GB-2-000022,2026-08-26 04:32:04,2026-08-26 04:36:04,GB,Legacy Oracle EBS,E,MED-001,Medora Cardio 10mg,Prescription,Medora,Pharmacy/B2B,1,36.75,GBP,0.15,36.75,31.24
TXN-GB-2-000023,2026-08-26 22:37:40,2026-08-26 22:41:40,GB,Legacy Oracle EBS,E,VIT-001,Vitalis C1000,Supplement,Vitalis,E-commerce,12,17.95,GBP,0.1,215.4,193.86
TXN-GB-2-000024,2026-08-26 06:14:28,2026-08-26 06:15:28,GB,Legacy Oracle EBS,E,VIT-001,Vitalis C1000,Supplement,Vitalis,Pharmacy/B2B,1,17.95,GBP,0.0,17.95,17.95
TXN-GB-2-000025,2026-08-26 13:10:34,2026-08-26 13:11:34,GB,Legacy Oracle EBS,E,MED-001,Medora Cardio 10mg,Prescription,Medora,Wholesale,1,36.75,GBP,0.2,36.75,29.4
TXN-GB-2-000026,2026-08-26 21:49:38,2026-08-26 21:53:38,GB,Legacy Oracle EBS,E,PUR-001,PureLife GlucoMonitor,Medical Device,PureLife,D2C,10,72.65,GBP,0.05,726.5,690.17
TXN-GB-2-000027,2026-08-26 00:57:06,2026-08-26 01:00:06,GB,Legacy Oracle EBS,E,VIT-001,Vitalis C1000,Supplement,Vitalis,Pharmacy/B2B,10,17.95,GBP,0.05,179.5,170.53
TXN-GB-2-000028,2026-08-26 16:40:13,2026-08-26 16:46:13,GB,Legacy Oracle EBS,E,DER-001,Dermacare GlowSerum,Aesthetic,Dermacare,Wholesale,11,27.35,GBP,0.2,300.85,240.68
TXN-GB-2-000029,2026-08-26 08:46:37,2026-08-26 08:47:37,GB,Legacy Oracle EBS,E,MED-001,Medora Cardio 10mg,Prescription,Medora,Pharmacy/B2B,10,36.75,GBP,0.0,367.5,367.5
TXN-GB-2-000030,2026-08-26 12:09:47,2026-08-26 12:11:47,GB,Legacy Oracle EBS,E,MED-002,Medora Derm Cream,Prescription,Medora,D2C,3,22.22,GBP,0.0,66.66,66.66
TXN-GB-2-000031,2026-08-26 07:49:02,2026-08-26 07:53:02,GB,Legacy Oracle EBS,E,SAN-002,SanaPlus ColdFlu,OTC,SanaPlus,E-commerce,3,8.97,GBP,0.05,26.91,25.56
TXN-GB-2-000032,2026-08-26 02:53:38,2026-08-26 02:56:38,GB,Legacy Oracle EBS,E,DER-002,Dermacare LiftCream,Aesthetic,Dermacare,E-commerce,11,31.62,GBP,0.15,347.82,295.65
TXN-GB-2-000033,2026-08-26 12:36:01,2026-08-26 12:37:01,GB,Legacy Oracle EBS,E,DER-002,Dermacare LiftCream,Aesthetic,Dermacare,Wholesale,3,31.62,GBP,0.0,94.86,94.86
TXN-GB-2-000034,2026-08-26 08:18:28,2026-08-26 08:20:28,GB,Legacy Oracle EBS,E,DER-002,Dermacare LiftCream,Aesthetic,Dermacare,D2C,1,31.62,GBP,0.1,31.62,28.46
TXN-GB-2-000035,2026-08-26 09:56:54,2026-08-26 09:59:54,GB,Legacy Oracle EBS,E,SAN-001,SanaPlus PainRelief,OTC,SanaPlus,E-commerce,2,8.12,GBP,0.05,16.24,15.43
TXN-GB-2-000036,2026-08-26 10:25:49,2026-08-26 10:31:49,GB,Legacy Oracle EBS,E,PUR-002,PureLife BP Monitor,Medical Device,PureLife,E-commerce,7,76.92,GBP,0.0,538.44,538.44
TXN-GB-2-000037,2026-08-26 02:40:35,2026-08-26 02:44:35,GB,Legacy Oracle EBS,E,MED-002,Medora Derm Cream,Prescription,Medora,Wholesale,12,22.22,GBP,0.1,266.64,239.98
TXN-GB-2-000038,2026-08-26 17:16:23,2026-08-26 17:22:23,GB,Legacy Oracle EBS,E,DER-001,Dermacare GlowSerum,Aesthetic,Dermacare,E-commerce,12,27.35,GBP,0.0,328.2,328.2
TXN-GB-2-000039,2026-08-26 17:39:17,2026-08-26 17:41:17,GB,Legacy Oracle EBS,E,DER-002,Dermacare LiftCream,Aesthetic,Dermacare,E-commerce,3,31.62,GBP,0.2,94.86,75.89
TXN-GB-2-000040,2026-08-26 23:56:31,2026-08-26 23:59:31,GB,Legacy Oracle EBS,E,DER-002,Dermacare LiftCream,Aesthetic,Dermacare,D2C,9,31.62,GBP,0.0,284.58,284.58
TXN-GB-2-000041,2026-08-26 19:19:12,2026-08-26 19:21:12,GB,Legacy Oracle EBS,E,DER-001,Dermacare GlowSerum,Aesthetic,Dermacare,E-commerce,10,27.35,GBP,0.0,273.5,273.5
TXN-GB-2-000042,2026-08-26 16:09:45,2026-08-26 16:10:45,GB,Legacy Oracle EBS,E,MED-002,Medora Derm Cream,Prescription,Medora,E-commerce,9,22.22,GBP,0.1,199.98,179.98
TXN-GB-2-000043,2026-08-26 20:17:34,2026-08-26 20:22:34,GB,Legacy Oracle EBS,E,MED-002,Medora Derm Cream,Prescription,Medora,Pharmacy/B2B,3,22.22,GBP,0.1,66.66,59.99
TXN-GB-2-000044,2026-08-26 11:41:52,2026-08-26 11:45:52,GB,Legacy Oracle EBS,E,PUR-001,PureLife GlucoMonitor,Medical Device,PureLife,E-commerce,3,72.65,GBP,0.15,217.95,185.26
TXN-GB-2-000045,2026-08-26 07:35:51,2026-08-26 07:37:51,GB,Legacy Oracle EBS,E,SAN-002,SanaPlus ColdFlu,OTC,SanaPlus,Wholesale,3,8.97,GBP,0.0,26.91,26.91
TXN-GB-2-000046,2026-08-26 09:57:36,2026-08-26 09:59:36,GB,Legacy Oracle EBS,E,VIT-001,Vitalis C1000,Supplement,Vitalis,E-commerce,5,17.95,GBP,0.2,89.75,71.8
TXN-GB-2-000047,2026-08-26 04:46:27,2026-08-26 04:48:27,GB,Legacy Oracle EBS,E,DER-001,Dermacare GlowSerum,Aesthetic,Dermacare,D2C,2,27.35,GBP,0.0,54.7,54.7
TXN-GB-2-000048,2026-08-26 04:25:39,2026-08-26 04:28:39,GB,Legacy Oracle EBS,E,SAN-001,SanaPlus PainRelief,OTC,SanaPlus,E-commerce,4,8.12,GBP,0.0,32.48,32.48
TXN-GB-2-000049,2026-08-26 13:13:35,2026-08-26 13:17:35,GB,Legacy Oracle EBS,E,DER-001,Dermacare GlowSerum,Aesthetic,Dermacare,D2C,8,27.35,GBP,0.05,218.8,207.86
TXN-GB-2-000050,2026-08-26 15:20:05,2026-08-26 15:21:05,GB,Legacy Oracle EBS,E,DER-001,Dermacare GlowSerum,Aesthetic,Dermacare,Pharmacy/B2B,11,27.35,GBP,0.15,300.85,255.72
TXN-GB-2-000051,2026-08-26 05:30:32,2026-08-26 05:33:32,GB,Legacy Oracle EBS,E,MED-002,Medora Derm Cream,Prescription,Medora,Wholesale,5,22.22,GBP,0.0,111.1,111.1
TXN-GB-2-000052,2026-08-26 10:59:16,2026-08-26 11:01:16,GB,Legacy Oracle EBS,E,MED-002,Medora Derm Cream,Prescription,Medora,Pharmacy/B2B,9,22.22,GBP,0.0,199.98,199.98
TXN-GB-2-000053,2026-08-26 08:32:16,2026-08-26 08:37:16,GB,Legacy Oracle EBS,E,PUR-001,PureLife GlucoMonitor,Medical Device,PureLife,E-commerce,12,72.65,GBP,0.1,871.8,784.62
TXN-GB-2-000054,2026-08-26 00:58:17,2026-08-26 01:00:17,GB,Legacy Oracle EBS,E,MED-002,Medora Derm Cream,Prescription,Medora,Wholesale,10,22.22,GBP,0.05,222.2,211.09
TXN-GB-2-000055,2026-08-26 09:30:47,2026-08-26 09:34:47,GB,Legacy Oracle EBS,E,DER-001,Dermacare GlowSerum,Aesthetic,Dermacare,Pharmacy/B2B,3,27.35,GBP,0.2,82.05,65.64
TXN-GB-2-000056,2026-08-26 14:17:14,2026-08-26 14:23:14,GB,Legacy Oracle EBS,E,PUR-001,PureLife GlucoMonitor,Medical Device,PureLife,Wholesale,5,72.65,GBP,0.15,363.25,308.76
TXN-GB-2-000057,2026-08-26 20:21:58,2026-08-26 20:24:58,GB,Legacy Oracle EBS,E,MED-002,Medora Derm Cream,Prescription,Medora,Pharmacy/B2B,8,22.22,GBP,0.2,177.76,142.21
TXN-GB-2-000058,2026-08-26 15:26:38,2026-08-26 15:32:38,GB,Legacy Oracle EBS,E,DER-001,Dermacare GlowSerum,Aesthetic,Dermacare,Pharmacy/B2B,3,27.35,GBP,0.0,82.05,82.05
TXN-GB-2-000059,2026-08-26 17:53:58,2026-08-26 17:59:58,GB,Legacy Oracle EBS,E,DER-001,Dermacare GlowSerum,Aesthetic,Dermacare,D2C,12,27.35,GBP,0.1,328.2,295.38
TXN-GB-2-000060,2026-08-26 16:36:27,2026-08-26 16:40:27,GB,Legacy Oracle EBS,E,DER-001,Dermacare GlowSerum,Aesthetic,Dermacare,D2C,7,27.35,GBP,0.1,191.45,172.31
TXN-GB-2-000061,2026-08-26 05:44:17,2026-08-26 05:48:17,GB,Legacy Oracle EBS,E,SAN-002,SanaPlus ColdFlu,OTC,SanaPlus,Pharmacy/B2B,3,8.97,GBP,0.1,26.91,24.22
TXN-GB-2-000062,2026-08-26 05:49:38,2026-08-26 05:53:38,GB,Legacy Oracle EBS,E,DER-002,Dermacare LiftCream,Aesthetic,Dermacare,D2C,7,31.62,GBP,0.1,221.34,199.21
TXN-GB-2-000063,2026-08-26 10:06:46,2026-08-26 10:12:46,GB,Legacy Oracle EBS,E,PUR-001,PureLife GlucoMonitor,Medical Device,PureLife,E-commerce,6,72.65,GBP,0.15,435.9,370.51
TXN-GB-2-000064,2026-08-26 10:35:35,2026-08-26 10:38:35,GB,Legacy Oracle EBS,E,DER-002,Dermacare LiftCream,Aesthetic,Dermacare,Wholesale,4,31.62,GBP,0.0,126.48,126.48
TXN-GB-2-000065,2026-08-26 10:44:14,2026-08-26 10:48:14,GB,Legacy Oracle EBS,E,PUR-001,PureLife GlucoMonitor,Medical Device,PureLife,E-commerce,1,72.65,GBP,0.0,72.65,72.65
TXN-GB-2-000066,2026-08-26 03:58:18,2026-08-26 04:00:18,GB,Legacy Oracle EBS,E,DER-002,Dermacare LiftCream,Aesthetic,Dermacare,Wholesale,9,31.62,GBP,0.0,284.58,284.58
TXN-GB-2-000067,2026-08-26 13:10:54,2026-08-26 13:12:54,GB,Legacy Oracle EBS,E,PUR-001,PureLife GlucoMonitor,Medical Device,PureLife,Pharmacy/B2B,4,72.65,GBP,0.05,290.6,276.07
TXN-GB-2-000068,2026-08-26 04:41:58,2026-08-26 04:47:58,GB,Legacy Oracle EBS,E,SAN-001,SanaPlus PainRelief,OTC,SanaPlus,E-commerce,1,8.12,GBP,0.0,8.12,8.12
TXN-GB-2-000069,2026-08-26 15:16:29,2026-08-26 15:22:29,GB,Legacy Oracle EBS,E,SAN-002,SanaPlus ColdFlu,OTC,SanaPlus,E-commerce,6,8.97,GBP,0.0,53.82,53.82
TXN-GB-2-000070,2026-08-26 02:25:16,2026-08-26 02:31:16,GB,Legacy Oracle EBS,E,DER-002,Dermacare LiftCream,Aesthetic,Dermacare,Pharmacy/B2B,6,31.62,GBP,0.2,189.72,151.78
TXN-GB-2-000071,2026-08-26 17:18:14,2026-08-26 17:20:14,GB,Legacy Oracle EBS,E,DER-001,Dermacare GlowSerum,Aesthetic,Dermacare,Wholesale,8,27.35,GBP,0.1,218.8,196.92
TXN-GB-2-000072,2026-08-26 20:02:50,2026-08-26 20:04:50,GB,Legacy Oracle EBS,E,MED-001,Medora Cardio 10mg,Prescription,Medora,Pharmacy/B2B,3,36.75,GBP,0.15,110.25,93.71
TXN-GB-2-000073,2026-08-26 01:46:57,2026-08-26 01:48:57,GB,Legacy Oracle EBS,E,MED-001,Medora Cardio 10mg,Prescription,Medora,D2C,4,36.75,GBP,0.0,147.0,147.0
TXN-GB-2-000074,2026-08-26 01:46:30,2026-08-26 01:50:30,GB,Legacy Oracle EBS,E,DER-002,Dermacare LiftCream,Aesthetic,Dermacare,Pharmacy/B2B,12,31.62,GBP,0.0,379.44,379.44
TXN-GB-2-000075,2026-08-26 23:10:58,2026-08-26 23:11:58,GB,Legacy Oracle EBS,E,VIT-001,Vitalis C1000,Supplement,Vitalis,Pharmacy/B2B,6,17.95,GBP,0.0,107.7,107.7
TXN-GB-2-000076,2026-08-26 06:34:17,2026-08-26 06:36:17,GB,Legacy Oracle EBS,E,PUR-001,PureLife GlucoMonitor,Medical Device,PureLife,D2C,1,72.65,GBP,0.2,72.65,58.12
TXN-GB-2-000077,2026-08-26 20:45:14,2026-08-26 20:50:14,GB,Legacy Oracle EBS,E,SAN-002,SanaPlus ColdFlu,OTC,SanaPlus,D2C,6,8.97,GBP,0.0,53.82,53.82
TXN-GB-2-000078,2026-08-26 15:37:45,2026-08-26 15:39:45,GB,Legacy Oracle EBS,E,DER-002,Dermacare LiftCream,Aesthetic,Dermacare,Pharmacy/B2B,9,31.62,GBP,0.0,284.58,284.58
TXN-GB-2-000079,2026-08-26 01:50:57,2026-08-26 01:54:57,GB,Legacy Oracle EBS,E,VIT-002,Vitalis Multivit,Supplement,Vitalis,Pharmacy/B2B,10,14.53,GBP,0.1,145.3,130.77
TXN-GB-2-000080,2026-08-26 13:20:07,2026-08-26 13:23:07,GB,Legacy Oracle EBS,E,SAN-001,SanaPlus PainRelief,OTC,SanaPlus,Pharmacy/B2B,7,8.12,GBP,0.05,56.84,54.0
TXN-GB-2-000081,2026-08-26 16:22:57,2026-08-26 16:28:57,GB,Legacy Oracle EBS,E,DER-001,Dermacare GlowSerum,Aesthetic,Dermacare,D2C,12,27.35,GBP,0.05,328.2,311.79
TXN-GB-2-000082,2026-08-26 05:06:14,2026-08-26 05:12:14,GB,Legacy Oracle EBS,E,PUR-002,PureLife BP Monitor,Medical Device,PureLife,Pharmacy/B2B,11,76.92,GBP,0.2,846.12,676.9
TXN-GB-2-000083,2026-08-26 15:21:31,2026-08-26 15:24:31,GB,Legacy Oracle EBS,E,MED-002,Medora Derm Cream,Prescription,Medora,Wholesale,6,22.22,GBP,0.0,133.32,133.32
TXN-GB-2-000084,2026-08-26 04:49:05,2026-08-26 04:53:05,GB,Legacy Oracle EBS,E,SAN-002,SanaPlus ColdFlu,OTC,SanaPlus,D2C,8,8.97,GBP,0.2,71.76,57.41
TXN-GB-2-000085,2026-08-26 07:10:12,2026-08-26 07:14:12,GB,Legacy Oracle EBS,E,MED-001,Medora Cardio 10mg,Prescription,Medora,D2C,3,36.75,GBP,0.2,110.25,88.2
TXN-GB-2-000086,2026-08-26 23:40:29,2026-08-26 23:41:29,GB,Legacy Oracle EBS,E,SAN-001,SanaPlus PainRelief,OTC,SanaPlus,Pharmacy/B2B,6,8.12,GBP,0.0,48.72,48.72
TXN-GB-2-000087,2026-08-26 08:34:37,2026-08-26 08:39:37,GB,Legacy Oracle EBS,E,DER-002,Dermacare LiftCream,Aesthetic,Dermacare,Wholesale,9,31.62,GBP,0.05,284.58,270.35
TXN-GB-2-000088,2026-08-26 02:09:53,2026-08-26 02:10:53,GB,Legacy Oracle EBS,E,MED-001,Medora Cardio 10mg,Prescription,Medora,D2C,5,36.75,GBP,0.0,183.75,183.75
TXN-GB-2-000089,2026-08-26 02:02:20,2026-08-26 02:06:20,GB,Legacy Oracle EBS,E,PUR-002,PureLife BP Monitor,Medical Device,PureLife,E-commerce,6,76.92,GBP,0.15,461.52,392.29
TXN-GB-2-000090,2026-08-26 17:17:14,2026-08-26 17:21:14,GB,Legacy Oracle EBS,E,VIT-002,Vitalis Multivit,Supplement,Vitalis,E-commerce,9,14.53,GBP,0.2,130.77,104.62
TXN-GB-2-000091,2026-08-26 23:50:41,2026-08-26 23:51:41,GB,Legacy Oracle EBS,E,VIT-001,Vitalis C1000,Supplement,Vitalis,E-commerce,6,17.95,GBP,0.2,107.7,86.16
TXN-GB-2-000092,2026-08-26 10:49:01,2026-08-26 10:55:01,GB,Legacy Oracle EBS,E,VIT-002,Vitalis Multivit,Supplement,Vitalis,E-commerce,7,14.53,GBP,0.0,101.71,101.71
TXN-GB-2-000093,2026-08-26 14:18:06,2026-08-26 14:20:06,GB,Legacy Oracle EBS,E,MED-001,Medora Cardio 10mg,Prescription,Medora,E-commerce,8,36.75,GBP,0.05,294.0,279.3
TXN-GB-2-000094,2026-08-26 02:02:34,2026-08-26 02:04:34,GB,Legacy Oracle EBS,E,MED-001,Medora Cardio 10mg,Prescription,Medora,Wholesale,1,36.75,GBP,0.05,36.75,34.91
TXN-GB-2-000095,2026-08-26 08:58:27,2026-08-26 09:02:27,GB,Legacy Oracle EBS,E,VIT-002,Vitalis Multivit,Supplement,Vitalis,Wholesale,7,14.53,GBP,0.2,101.71,81.37
TXN-GB-2-000096,2026-08-26 19:33:16,2026-08-26 19:34:16,GB,Legacy Oracle EBS,E,VIT-002,Vitalis Multivit,Supplement,Vitalis,Pharmacy/B2B,7,14.53,GBP,0.2,101.71,81.37
TXN-GB-2-000097,2026-08-26 22:10:14,2026-08-26 22:16:14,GB,Legacy Oracle EBS,E,DER-002,Dermacare LiftCream,Aesthetic,Dermacare,Wholesale,1,31.62,GBP,0.05,31.62,30.04
TXN-GB-2-000098,2026-08-26 22:04:21,2026-08-26 22:05:21,GB,Legacy Oracle EBS,E,SAN-001,SanaPlus PainRelief,OTC,SanaPlus,Wholesale,11,8.12,GBP,0.05,89.32,84.85
TXN-GB-2-000099,2026-08-26 00:47:38,2026-08-26 00:48:38,GB,Legacy Oracle EBS,E,SAN-002,SanaPlus ColdFlu,OTC,SanaPlus,D2C,10,8.97,GBP,0.2,89.7,71.76
TXN-GB-2-000100,2026-08-26 08:36:33,2026-08-26 08:42:33,GB,Legacy Oracle EBS,E,MED-002,Medora Derm Cream,Prescription,Medora,D2C,10,22.22,GBP,0.0,222.2,222.2
TXN-GB-2-000101,2026-08-26 09:57:57,2026-08-26 10:00:57,GB,Legacy Oracle EBS,E,PUR-002,PureLife BP Monitor,Medical Device,PureLife,Pharmacy/B2B,11,76.92,GBP,0.15,846.12,719.2
TXN-GB-2-000102,2026-08-26 14:09:15,2026-08-26 14:10:15,GB,Legacy Oracle EBS,E,SAN-002,SanaPlus ColdFlu,OTC,SanaPlus,Pharmacy/B2B,3,8.97,GBP,0.2,26.91,21.53
TXN-GB-2-000103,2026-08-26 20:22:04,2026-08-26 20:26:04,GB,Legacy Oracle EBS,E,PUR-002,PureLife BP Monitor,Medical Device,PureLife,E-commerce,7,76.92,GBP,0.15,538.44,457.67
TXN-GB-2-000104,2026-08-26 06:17:36,2026-08-26 06:19:36,GB,Legacy Oracle EBS,E,SAN-002,SanaPlus ColdFlu,OTC,SanaPlus,D2C,6,8.97,GBP,0.05,53.82,51.13
TXN-GB-2-000105,2026-08-26 11:05:30,2026-08-26 11:06:30,GB,Legacy Oracle EBS,E,PUR-002,PureLife BP Monitor,Medical Device,PureLife,D2C,12,76.92,GBP,0.0,923.04,923.04
TXN-GB-2-000106,2026-08-26 23:03:25,2026-08-26 23:04:25,GB,Legacy Oracle EBS,E,PUR-001,PureLife GlucoMonitor,Medical Device,PureLife,Pharmacy/B2B,7,72.65,GBP,0.05,508.55,483.12
TXN-GB-2-000107,2026-08-26 00:54:41,2026-08-26 00:56:41,GB,Legacy Oracle EBS,E,DER-001,Dermacare GlowSerum,Aesthetic,Dermacare,E-commerce,5,27.35,GBP,0.0,136.75,136.75
TXN-GB-2-000108,2026-08-26 21:11:36,2026-08-26 21:17:36,GB,Legacy Oracle EBS,E,MED-002,Medora Derm Cream,Prescription,Medora,Wholesale,2,22.22,GBP,0.05,44.44,42.22
TXN-GB-2-000109,2026-08-26 20:35:53,2026-08-26 20:37:53,GB,Legacy Oracle EBS,E,MED-002,Medora Derm Cream,Prescription,Medora,E-commerce,4,22.22,GBP,0.0,88.88,88.88
TXN-GB-2-000110,2026-08-26 13:45:04,2026-08-26 13:47:04,GB,Legacy Oracle EBS,E,SAN-001,SanaPlus PainRelief,OTC,SanaPlus,D2C,3,8.12,GBP,0.1,24.36,21.92
TXN-GB-2-000111,2026-08-26 01:07:50,2026-08-26 01:10:50,GB,Legacy Oracle EBS,E,VIT-002,Vitalis Multivit,Supplement,Vitalis,E-commerce,3,14.53,GBP,0.15,43.59,37.05
TXN-GB-2-000112,2026-08-26 14:03:45,2026-08-26 14:06:45,GB,Legacy Oracle EBS,E,SAN-001,SanaPlus PainRelief,OTC,SanaPlus,D2C,6,8.12,GBP,0.2,48.72,38.98
TXN-GB-2-000113,2026-08-26 18:35:38,2026-08-26 18:36:38,GB,Legacy Oracle EBS,E,DER-001,Dermacare GlowSerum,Aesthetic,Dermacare,D2C,10,27.35,GBP,0.0,273.5,273.5
TXN-GB-2-000114,2026-08-26 15:08:21,2026-08-26 15:09:21,GB,Legacy Oracle EBS,E,SAN-002,SanaPlus ColdFlu,OTC,SanaPlus,E-commerce,11,8.97,GBP,0.1,98.67,88.8
TXN-GB-2-000115,2026-08-26 14:55:53,2026-08-26 15:00:53,GB,Legacy Oracle EBS,E,MED-002,Medora Derm Cream,Prescription,Medora,D2C,10,22.22,GBP,0.0,222.2,222.2
TXN-GB-2-000116,2026-08-26 13:10:01,2026-08-26 13:14:01,GB,Legacy Oracle EBS,E,DER-002,Dermacare LiftCream,Aesthetic,Dermacare,D2C,11,31.62,GBP,0.2,347.82,278.26
TXN-GB-2-000117,2026-08-26 00:39:47,2026-08-26 00:45:47,GB,Legacy Oracle EBS,E,DER-002,Dermacare LiftCream,Aesthetic,Dermacare,D2C,10,31.62,GBP,0.0,316.2,316.2
TXN-GB-2-000118,2026-08-26 15:58:43,2026-08-26 16:04:43,GB,Legacy Oracle EBS,E,PUR-002,PureLife BP Monitor,Medical Device,PureLife,Pharmacy/B2B,7,76.92,GBP,0.0,538.44,538.44
TXN-GB-2-000119,2026-08-26 19:45:32,2026-08-26 19:46:32,GB,Legacy Oracle EBS,E,VIT-001,Vitalis C1000,Supplement,Vitalis,D2C,8,17.95,GBP,0.2,143.6,114.88
TXN-GB-2-000120,2026-08-26 02:15:35,2026-08-26 02:19:35,GB,Legacy Oracle EBS,E,MED-001,Medora Cardio 10mg,Prescription,Medora,E-commerce,12,36.75,GBP,0.1,441.0,396.9
TXN-GB-2-000121,2026-08-26 19:19:56,2026-08-26 19:25:56,GB,Legacy Oracle EBS,E,VIT-001,Vitalis C1000,Supplement,Vitalis,E-commerce,5,17.95,GBP,0.1,89.75,80.78
TXN-GB-2-000122,2026-08-26 21:16:51,2026-08-26 21:22:51,GB,Legacy Oracle EBS,E,DER-002,Dermacare LiftCream,Aesthetic,Dermacare,Pharmacy/B2B,5,31.62,GBP,0.05,158.1,150.19
TXN-GB-2-000123,2026-08-26 01:52:20,2026-08-26 01:56:20,GB,Legacy Oracle EBS,E,DER-002,Dermacare LiftCream,Aesthetic,Dermacare,D2C,10,31.62,GBP,0.05,316.2,300.39
TXN-GB-2-000124,2026-08-26 11:59:26,2026-08-26 12:00:26,GB,Legacy Oracle EBS,E,MED-001,Medora Cardio 10mg,Prescription,Medora,Pharmacy/B2B,3,36.75,GBP,0.2,110.25,88.2
TXN-GB-2-000125,2026-08-26 04:07:12,2026-08-26 04:13:12,GB,Legacy Oracle EBS,E,PUR-002,PureLife BP Monitor,Medical Device,PureLife,Wholesale,10,76.92,GBP,0.05,769.2,730.74
TXN-GB-2-000126,2026-08-26 15:20:37,2026-08-26 15:23:37,GB,Legacy Oracle EBS,E,DER-002,Dermacare LiftCream,Aesthetic,Dermacare,Pharmacy/B2B,11,31.62,GBP,0.0,347.82,347.82
TXN-GB-2-000127,2026-08-26 20:16:17,2026-08-26 20:20:17,GB,Legacy Oracle EBS,E,MED-001,Medora Cardio 10mg,Prescription,Medora,Pharmacy/B2B,7,36.75,GBP,0.0,257.25,257.25
TXN-GB-2-000128,2026-08-26 14:30:13,2026-08-26 14:31:13,GB,Legacy Oracle EBS,E,VIT-001,Vitalis C1000,Supplement,Vitalis,D2C,7,17.95,GBP,0.05,125.65,119.37
TXN-GB-2-000129,2026-08-26 04:53:50,2026-08-26 04:56:50,GB,Legacy Oracle EBS,E,DER-001,Dermacare GlowSerum,Aesthetic,Dermacare,D2C,2,27.35,GBP,0.0,54.7,54.7
TXN-GB-2-000130,2026-08-26 13:31:59,2026-08-26 13:32:59,GB,Legacy Oracle EBS,E,DER-001,Dermacare GlowSerum,Aesthetic,Dermacare,E-commerce,9,27.35,GBP,0.15,246.15,209.23
TXN-GB-2-000131,2026-08-26 22:55:31,2026-08-26 22:56:31,GB,Legacy Oracle EBS,E,VIT-001,Vitalis C1000,Supplement,Vitalis,Wholesale,2,17.95,GBP,0.2,35.9,28.72
TXN-GB-2-000132,2026-08-26 10:00:16,2026-08-26 10:02:16,GB,Legacy Oracle EBS,E,VIT-001,Vitalis C1000,Supplement,Vitalis,D2C,8,17.95,GBP,0.0,143.6,143.6
TXN-GB-2-000133,2026-08-26 14:00:01,2026-08-26 14:05:01,GB,Legacy Oracle EBS,E,DER-002,Dermacare LiftCream,Aesthetic,Dermacare,D2C,2,31.62,GBP,0.0,63.24,63.24
TXN-GB-2-000134,2026-08-26 15:22:23,2026-08-26 15:27:23,GB,Legacy Oracle EBS,E,MED-002,Medora Derm Cream,Prescription,Medora,D2C,9,22.22,GBP,0.0,199.98,199.98
TXN-GB-2-000135,2026-08-26 23:21:04,2026-08-26 23:24:04,GB,Legacy Oracle EBS,E,SAN-001,SanaPlus PainRelief,OTC,SanaPlus,Wholesale,4,8.12,GBP,0.0,32.48,32.48
TXN-GB-2-000136,2026-08-26 20:01:56,2026-08-26 20:02:56,GB,Legacy Oracle EBS,E,MED-001,Medora Cardio 10mg,Prescription,Medora,E-commerce,8,36.75,GBP,0.2,294.0,235.2
TXN-GB-2-000137,2026-08-26 04:59:23,2026-08-26 05:04:23,GB,Legacy Oracle EBS,E,MED-002,Medora Derm Cream,Prescription,Medora,Wholesale,2,22.22,GBP,0.0,44.44,44.44
TXN-GB-2-000138,2026-08-26 04:31:42,2026-08-26 04:32:42,GB,Legacy Oracle EBS,E,VIT-001,Vitalis C1000,Supplement,Vitalis,Pharmacy/B2B,3,17.95,GBP,0.1,53.85,48.47
TXN-GB-2-000139,2026-08-26 01:28:51,2026-08-26 01:31:51,GB,Legacy Oracle EBS,E,PUR-001,PureLife GlucoMonitor,Medical Device,PureLife,D2C,2,72.65,GBP,0.1,145.3,130.77
TXN-GB-2-000140,2026-08-26 07:08:08,2026-08-26 07:12:08,GB,Legacy Oracle EBS,E,VIT-001,Vitalis C1000,Supplement,Vitalis,Wholesale,11,17.95,GBP,0.2,197.45,157.96
TXN-GB-2-000141,2026-08-26 07:39:38,2026-08-26 07:40:38,GB,Legacy Oracle EBS,E,VIT-002,Vitalis Multivit,Supplement,Vitalis,D2C,10,14.53,GBP,0.0,145.3,145.3
TXN-GB-2-000142,2026-08-26 15:26:16,2026-08-26 15:27:16,GB,Legacy Oracle EBS,E,DER-002,Dermacare LiftCream,Aesthetic,Dermacare,Pharmacy/B2B,12,31.62,GBP,0.1,379.44,341.5
TXN-GB-2-000143,2026-08-26 05:49:45,2026-08-26 05:54:45,GB,Legacy Oracle EBS,E,SAN-002,SanaPlus ColdFlu,OTC,SanaPlus,E-commerce,2,8.97,GBP,0.1,17.94,16.15
TXN-GB-2-000144,2026-08-26 08:35:52,2026-08-26 08:40:52,GB,Legacy Oracle EBS,E,SAN-002,SanaPlus ColdFlu,OTC,SanaPlus,E-commerce,3,8.97,GBP,0.0,26.91,26.91
TXN-GB-2-000145,2026-08-26 22:24:14,2026-08-26 22:26:14,GB,Legacy Oracle EBS,E,MED-002,Medora Derm Cream,Prescription,Medora,Pharmacy/B2B,5,22.22,GBP,0.0,111.1,111.1
TXN-GB-2-000146,2026-08-26 08:11:02,2026-08-26 08:12:02,GB,Legacy Oracle EBS,E,MED-002,Medora Derm Cream,Prescription,Medora,D2C,5,22.22,GBP,0.05,111.1,105.54
TXN-GB-2-000147,2026-08-26 21:11:26,2026-08-26 21:17:26,GB,Legacy Oracle EBS,E,DER-002,Dermacare LiftCream,Aesthetic,Dermacare,Pharmacy/B2B,5,31.62,GBP,0.2,158.1,126.48
TXN-GB-2-000148,2026-08-26 22:42:50,2026-08-26 22:48:50,GB,Legacy Oracle EBS,E,PUR-002,PureLife BP Monitor,Medical Device,PureLife,E-commerce,2,76.92,GBP,0.2,153.84,123.07
TXN-GB-2-000149,2026-08-26 06:19:58,2026-08-26 06:20:58,GB,Legacy Oracle EBS,E,DER-001,Dermacare GlowSerum,Aesthetic,Dermacare,Pharmacy/B2B,6,27.35,GBP,0.2,164.1,131.28
TXN-GB-2-000150,2026-08-26 08:22:25,2026-08-26 08:27:25,GB,Legacy Oracle EBS,E,SAN-002,SanaPlus ColdFlu,OTC,SanaPlus,D2C,4,8.97,GBP,0.2,35.88,28.7
TXN-GB-2-000151,2026-08-26 06:04:39,2026-08-26 06:09:39,GB,Legacy Oracle EBS,E,SAN-001,SanaPlus PainRelief,OTC,SanaPlus,D2C,11,8.12,GBP,0.0,89.32,89.32
TXN-GB-2-000152,2026-08-26 04:44:10,2026-08-26 04:49:10,GB,Legacy Oracle EBS,E,PUR-002,PureLife BP Monitor,Medical Device,PureLife,E-commerce,9,76.92,GBP,0.05,692.28,657.67
TXN-GB-2-000153,2026-08-26 19:00:00,2026-08-26 19:05:00,GB,Legacy Oracle EBS,E,SAN-001,SanaPlus PainRelief,OTC,SanaPlus,E-commerce,2,8.12,GBP,0.0,16.24,16.24
TXN-GB-2-000154,2026-08-26 15:57:16,2026-08-26 16:00:16,GB,Legacy Oracle EBS,E,PUR-002,PureLife BP Monitor,Medical Device,PureLife,Pharmacy/B2B,5,76.92,GBP,0.1,384.6,346.14
TXN-GB-2-000155,2026-08-26 16:25:34,2026-08-26 16:29:34,GB,Legacy Oracle EBS,E,SAN-001,SanaPlus PainRelief,OTC,SanaPlus,E-commerce,8,8.12,GBP,0.0,64.96,64.96
TXN-GB-2-000156,2026-08-26 00:09:52,2026-08-26 00:10:52,GB,Legacy Oracle EBS,E,PUR-002,PureLife BP Monitor,Medical Device,PureLife,E-commerce,1,76.92,GBP,0.2,76.92,61.54
TXN-GB-2-000157,2026-08-26 03:41:26,2026-08-26 03:46:26,GB,Legacy Oracle EBS,E,PUR-001,PureLife GlucoMonitor,Medical Device,PureLife,Wholesale,1,72.65,GBP,0.2,72.65,58.12
TXN-GB-2-000158,2026-08-26 15:13:42,2026-08-26 15:19:42,GB,Legacy Oracle EBS,E,PUR-002,PureLife BP Monitor,Medical Device,PureLife,E-commerce,3,76.92,GBP,0.2,230.76,184.61
TXN-GB-2-000159,2026-08-26 20:46:48,2026-08-26 20:48:48,GB,Legacy Oracle EBS,E,SAN-001,SanaPlus PainRelief,OTC,SanaPlus,Pharmacy/B2B,2,8.12,GBP,0.0,16.24,16.24
TXN-GB-2-000160,2026-08-26 13:44:27,2026-08-26 13:46:27,GB,Legacy Oracle EBS,E,PUR-001,PureLife GlucoMonitor,Medical Device,PureLife,Pharmacy/B2B,2,72.65,GBP,0.2,145.3,116.24
TXN-GB-2-000161,2026-08-26 15:07:36,2026-08-26 15:12:36,GB,Legacy Oracle EBS,E,MED-001,Medora Cardio 10mg,Prescription,Medora,Wholesale,4,36.75,GBP,0.0,147.0,147.0
TXN-GB-2-000162,2026-08-26 18:52:48,2026-08-26 18:53:48,GB,Legacy Oracle EBS,E,PUR-002,PureLife BP Monitor,Medical Device,PureLife,Wholesale,6,76.92,GBP,0.15,461.52,392.29
TXN-GB-2-000163,2026-08-26 23:30:27,2026-08-26 23:36:27,GB,Legacy Oracle EBS,E,MED-001,Medora Cardio 10mg,Prescription,Medora,Wholesale,8,36.75,GBP,0.0,294.0,294.0
TXN-GB-2-000164,2026-08-26 02:42:02,2026-08-26 02:47:02,GB,Legacy Oracle EBS,E,PUR-001,PureLife GlucoMonitor,Medical Device,PureLife,Pharmacy/B2B,7,72.65,GBP,0.05,508.55,483.12
TXN-GB-2-000165,2026-08-26 12:45:02,2026-08-26 12:51:02,GB,Legacy Oracle EBS,E,MED-001,Medora Cardio 10mg,Prescription,Medora,D2C,7,36.75,GBP,0.0,257.25,257.25
TXN-GB-2-000166,2026-08-26 13:29:10,2026-08-26 13:31:10,GB,Legacy Oracle EBS,E,SAN-001,SanaPlus PainRelief,OTC,SanaPlus,Pharmacy/B2B,1,8.12,GBP,0.2,8.12,6.5
TXN-GB-2-000167,2026-08-26 05:27:48,2026-08-26 05:31:48,GB,Legacy Oracle EBS,E,DER-002,Dermacare LiftCream,Aesthetic,Dermacare,Pharmacy/B2B,7,31.62,GBP,0.0,221.34,221.34
TXN-GB-2-000168,2026-08-26 16:33:05,2026-08-26 16:35:05,GB,Legacy Oracle EBS,E,DER-002,Dermacare LiftCream,Aesthetic,Dermacare,Wholesale,6,31.62,GBP,0.0,189.72,189.72
TXN-GB-2-000169,2026-08-26 22:14:02,2026-08-26 22:19:02,GB,Legacy Oracle EBS,E,SAN-002,SanaPlus ColdFlu,OTC,SanaPlus,D2C,4,8.97,GBP,0.15,35.88,30.5
TXN-GB-2-000170,2026-08-26 03:24:28,2026-08-26 03:30:28,GB,Legacy Oracle EBS,E,DER-001,Dermacare GlowSerum,Aesthetic,Dermacare,Pharmacy/B2B,2,27.35,GBP,0.1,54.7,49.23
TXN-GB-2-000171,2026-08-26 14:49:27,2026-08-26 14:54:27,GB,Legacy Oracle EBS,E,PUR-001,PureLife GlucoMonitor,Medical Device,PureLife,Pharmacy/B2B,5,72.65,GBP,0.2,363.25,290.6
TXN-GB-2-000172,2026-08-26 06:16:07,2026-08-26 06:22:07,GB,Legacy Oracle EBS,E,MED-002,Medora Derm Cream,Prescription,Medora,D2C,10,22.22,GBP,0.0,222.2,222.2
TXN-GB-2-000173,2026-08-26 20:37:43,2026-08-26 20:39:43,GB,Legacy Oracle EBS,E,MED-001,Medora Cardio 10mg,Prescription,Medora,Pharmacy/B2B,5,36.75,GBP,0.15,183.75,156.19
TXN-GB-2-000174,2026-08-26 09:59:40,2026-08-26 10:04:40,GB,Legacy Oracle EBS,E,VIT-001,Vitalis C1000,Supplement,Vitalis,E-commerce,10,17.95,GBP,0.0,179.5,179.5
TXN-GB-2-000175,2026-08-26 15:01:33,2026-08-26 15:06:33,GB,Legacy Oracle EBS,E,PUR-002,PureLife BP Monitor,Medical Device,PureLife,Wholesale,7,76.92,GBP,0.15,538.44,457.67
TXN-GB-2-000176,2026-08-26 03:42:42,2026-08-26 03:46:42,GB,Legacy Oracle EBS,E,DER-001,Dermacare GlowSerum,Aesthetic,Dermacare,Pharmacy/B2B,2,27.35,GBP,0.1,54.7,49.23
TXN-GB-2-000177,2026-08-26 13:32:58,2026-08-26 13:36:58,GB,Legacy Oracle EBS,E,MED-001,Medora Cardio 10mg,Prescription,Medora,Pharmacy/B2B,2,36.75,GBP,0.2,73.5,58.8
TXN-GB-2-000178,2026-08-26 00:44:25,2026-08-26 00:49:25,GB,Legacy Oracle EBS,E,VIT-001,Vitalis C1000,Supplement,Vitalis,Pharmacy/B2B,8,17.95,GBP,0.0,143.6,143.6
TXN-GB-2-000179,2026-08-26 16:07:59,2026-08-26 16:12:59,GB,Legacy Oracle EBS,E,DER-001,Dermacare GlowSerum,Aesthetic,Dermacare,Wholesale,6,27.35,GBP,0.0,164.1,164.1
TXN-GB-2-000180,2026-08-26 17:14:02,2026-08-26 17:15:02,GB,Legacy Oracle EBS,E,PUR-002,PureLife BP Monitor,Medical Device,PureLife,D2C,6,76.92,GBP,0.05,461.52,438.44
TXN-GB-2-000181,2026-08-26 06:00:43,2026-08-26 06:05:43,GB,Legacy Oracle EBS,E,MED-001,Medora Cardio 10mg,Prescription,Medora,E-commerce,5,36.75,GBP,0.0,183.75,183.75
TXN-GB-2-000182,2026-08-26 23:46:49,2026-08-26 23:48:49,GB,Legacy Oracle EBS,E,PUR-001,PureLife GlucoMonitor,Medical Device,PureLife,Wholesale,6,72.65,GBP,0.0,435.9,435.9
TXN-GB-2-000183,2026-08-26 16:53:32,2026-08-26 16:57:32,GB,Legacy Oracle EBS,E,DER-002,Dermacare LiftCream,Aesthetic,Dermacare,E-commerce,11,31.62,GBP,0.05,347.82,330.43
TXN-GB-2-000184,2026-08-26 05:24:41,2026-08-26 05:28:41,GB,Legacy Oracle EBS,E,VIT-001,Vitalis C1000,Supplement,Vitalis,D2C,10,17.95,GBP,0.2,179.5,143.6
TXN-GB-2-000185,2026-08-26 01:02:04,2026-08-26 01:06:04,GB,Legacy Oracle EBS,E,VIT-002,Vitalis Multivit,Supplement,Vitalis,D2C,10,14.53,GBP,0.15,145.3,123.51
TXN-GB-2-000186,2026-08-26 07:58:29,2026-08-26 07:59:29,GB,Legacy Oracle EBS,E,VIT-001,Vitalis C1000,Supplement,Vitalis,Pharmacy/B2B,12,17.95,GBP,0.0,215.4,215.4
TXN-GB-2-000187,2026-08-26 02:42:17,2026-08-26 02:48:17,GB,Legacy Oracle EBS,E,MED-001,Medora Cardio 10mg,Prescription,Medora,Pharmacy/B2B,10,36.75,GBP,0.1,367.5,330.75
TXN-GB-2-000188,2026-08-26 21:58:48,2026-08-26 21:59:48,GB,Legacy Oracle EBS,E,VIT-001,Vitalis C1000,Supplement,Vitalis,E-commerce,12,17.95,GBP,0.2,215.4,172.32
TXN-GB-2-000189,2026-08-26 09:57:10,2026-08-26 10:02:10,GB,Legacy Oracle EBS,E,DER-001,Dermacare GlowSerum,Aesthetic,Dermacare,Pharmacy/B2B,4,27.35,GBP,0.15,109.4,92.99
TXN-GB-2-000190,2026-08-26 03:02:03,2026-08-26 03:03:03,GB,Legacy Oracle EBS,E,MED-001,Medora Cardio 10mg,Prescription,Medora,E-commerce,6,36.75,GBP,0.1,220.5,198.45
TXN-GB-2-000191,2026-08-26 00:57:21,2026-08-26 01:01:21,GB,Legacy Oracle EBS,E,DER-002,Dermacare LiftCream,Aesthetic,Dermacare,Pharmacy/B2B,1,31.62,GBP,0.1,31.62,28.46
TXN-GB-2-000192,2026-08-26 03:21:29,2026-08-26 03:23:29,GB,Legacy Oracle EBS,E,MED-001,Medora Cardio 10mg,Prescription,Medora,D2C,12,36.75,GBP,0.0,441.0,441.0
TXN-GB-2-000193,2026-08-26 21:07:49,2026-08-26 21:09:49,GB,Legacy Oracle EBS,E,PUR-001,PureLife GlucoMonitor,Medical Device,PureLife,Wholesale,10,72.65,GBP,0.0,726.5,726.5
TXN-GB-2-000194,2026-08-26 22:11:06,2026-08-26 22:15:06,GB,Legacy Oracle EBS,E,VIT-002,Vitalis Multivit,Supplement,Vitalis,D2C,6,14.53,GBP,0.0,87.18,87.18
TXN-GB-2-000195,2026-08-26 11:51:33,2026-08-26 11:57:33,GB,Legacy Oracle EBS,E,SAN-001,SanaPlus PainRelief,OTC,SanaPlus,Wholesale,9,8.12,GBP,0.0,73.08,73.08
TXN-GB-2-000196,2026-08-26 22:34:08,2026-08-26 22:38:08,GB,Legacy Oracle EBS,E,DER-001,Dermacare GlowSerum,Aesthetic,Dermacare,E-commerce,4,27.35,GBP,0.2,109.4,87.52
TXN-GB-2-000197,2026-08-26 01:43:15,2026-08-26 01:44:15,GB,Legacy Oracle EBS,E,VIT-002,Vitalis Multivit,Supplement,Vitalis,Wholesale,4,14.53,GBP,0.05,58.12,55.21
TXN-GB-2-000198,2026-08-26 07:09:35,2026-08-26 07:13:35,GB,Legacy Oracle EBS,E,SAN-002,SanaPlus ColdFlu,OTC,SanaPlus,Wholesale,1,8.97,GBP,0.1,8.97,8.07
TXN-GB-2-000199,2026-08-26 02:32:23,2026-08-26 02:35:23,GB,Legacy Oracle EBS,E,MED-002,Medora Derm Cream,Prescription,Medora,Pharmacy/B2B,12,22.22,GBP,0.2,266.64,213.31
TXN-GB-2-000200,2026-08-26 16:34:49,2026-08-26 16:38:49,GB,Legacy Oracle EBS,E,PUR-001,PureLife GlucoMonitor,Medical Device,PureLife,E-commerce,4,72.65,GBP,0.2,290.6,232.48
TXN-GB-2-000201,2026-08-26 15:32:17,2026-08-26 15:37:17,GB,Legacy Oracle EBS,E,VIT-001,Vitalis C1000,Supplement,Vitalis,Wholesale,2,17.95,GBP,0.0,35.9,35.9
TXN-GB-2-000202,2026-08-26 11:01:35,2026-08-26 11:05:35,GB,Legacy Oracle EBS,E,SAN-001,SanaPlus PainRelief,OTC,SanaPlus,D2C,6,8.12,GBP,0.05,48.72,46.28
TXN-GB-2-000203,2026-08-26 12:45:45,2026-08-26 12:47:45,GB,Legacy Oracle EBS,E,MED-002,Medora Derm Cream,Prescription,Medora,Pharmacy/B2B,1,22.22,GBP,0.0,22.22,22.22
TXN-GB-2-000204,2026-08-26 14:56:07,2026-08-26 15:00:07,GB,Legacy Oracle EBS,E,PUR-001,PureLife GlucoMonitor,Medical Device,PureLife,Wholesale,5,72.65,GBP,0.2,363.25,290.6
TXN-GB-2-000205,2026-08-26 06:39:02,2026-08-26 06:43:02,GB,Legacy Oracle EBS,E,SAN-002,SanaPlus ColdFlu,OTC,SanaPlus,Wholesale,2,8.97,GBP,0.0,17.94,17.94
TXN-GB-2-000206,2026-08-26 19:03:21,2026-08-26 19:08:21,GB,Legacy Oracle EBS,E,MED-002,Medora Derm Cream,Prescription,Medora,E-commerce,6,22.22,GBP,0.0,133.32,133.32
TXN-GB-2-000207,2026-08-26 04:47:06,2026-08-26 04:52:06,GB,Legacy Oracle EBS,E,MED-002,Medora Derm Cream,Prescription,Medora,Wholesale,6,22.22,GBP,0.0,133.32,133.32
TXN-GB-2-000208,2026-08-26 22:10:20,2026-08-26 22:14:20,GB,Legacy Oracle EBS,E,PUR-002,PureLife BP Monitor,Medical Device,PureLife,D2C,5,76.92,GBP,0.05,384.6,365.37
TXN-GB-2-000209,2026-08-26 09:09:25,2026-08-26 09:10:25,GB,Legacy Oracle EBS,E,MED-002,Medora Derm Cream,Prescription,Medora,D2C,9,22.22,GBP,0.15,199.98,169.98
TXN-GB-2-000210,2026-08-26 15:01:52,2026-08-26 15:05:52,GB,Legacy Oracle EBS,E,PUR-001,PureLife GlucoMonitor,Medical Device,PureLife,D2C,10,72.65,GBP,0.2,726.5,581.2
TXN-GB-2-000211,2026-08-26 06:15:08,2026-08-26 06:19:08,GB,Legacy Oracle EBS,E,VIT-001,Vitalis C1000,Supplement,Vitalis,D2C,5,17.95,GBP,0.0,89.75,89.75
TXN-GB-2-000212,2026-08-26 06:09:40,2026-08-26 06:14:40,GB,Legacy Oracle EBS,E,VIT-002,Vitalis Multivit,Supplement,Vitalis,E-commerce,5,14.53,GBP,0.0,72.65,72.65
TXN-GB-2-000213,2026-08-26 05:02:03,2026-08-26 05:04:03,GB,Legacy Oracle EBS,E,MED-001,Medora Cardio 10mg,Prescription,Medora,Pharmacy/B2B,3,36.75,GBP,0.0,110.25,110.25
TXN-GB-2-000214,2026-08-26 21:08:09,2026-08-26 21:11:09,GB,Legacy Oracle EBS,E,VIT-002,Vitalis Multivit,Supplement,Vitalis,Wholesale,2,14.53,GBP,0.15,29.06,24.7
TXN-GB-2-000215,2026-08-26 11:23:40,2026-08-26 11:24:40,GB,Legacy Oracle EBS,E,MED-002,Medora Derm Cream,Prescription,Medora,Pharmacy/B2B,3,22.22,GBP,0.2,66.66,53.33
TXN-GB-2-000216,2026-08-26 08:59:14,2026-08-26 09:04:14,GB,Legacy Oracle EBS,E,SAN-001,SanaPlus PainRelief,OTC,SanaPlus,Pharmacy/B2B,5,8.12,GBP,0.15,40.6,34.51
TXN-GB-2-000217,2026-08-26 04:44:55,2026-08-26 04:50:55,GB,Legacy Oracle EBS,E,PUR-002,PureLife BP Monitor,Medical Device,PureLife,Pharmacy/B2B,1,76.92,GBP,0.1,76.92,69.23
TXN-GB-2-000218,2026-08-26 11:01:08,2026-08-26 11:02:08,GB,Legacy Oracle EBS,E,MED-002,Medora Derm Cream,Prescription,Medora,Wholesale,8,22.22,GBP,0.2,177.76,142.21
TXN-GB-2-000219,2026-08-26 09:28:27,2026-08-26 09:33:27,GB,Legacy Oracle EBS,E,MED-002,Medora Derm Cream,Prescription,Medora,E-commerce,9,22.22,GBP,0.0,199.98,199.98
TXN-GB-2-000220,2026-08-26 05:06:53,2026-08-26 05:09:53,GB,Legacy Oracle EBS,E,PUR-002,PureLife BP Monitor,Medical Device,PureLife,D2C,2,76.92,GBP,0.0,153.84,153.84
TXN-GB-2-000221,2026-08-26 00:13:18,2026-08-26 00:18:18,GB,Legacy Oracle EBS,E,DER-001,Dermacare GlowSerum,Aesthetic,Dermacare,Wholesale,1,27.35,GBP,0.15,27.35,23.25
TXN-GB-2-000222,2026-08-26 06:26:56,2026-08-26 06:29:56,GB,Legacy Oracle EBS,E,PUR-002,PureLife BP Monitor,Medical Device,PureLife,Pharmacy/B2B,2,76.92,GBP,0.2,153.84,123.07
TXN-GB-2-000223,2026-08-26 15:04:34,2026-08-26 15:09:34,GB,Legacy Oracle EBS,E,PUR-002,PureLife BP Monitor,Medical Device,PureLife,E-commerce,5,76.92,GBP,0.15,384.6,326.91
TXN-GB-2-000224,2026-08-26 16:38:51,2026-08-26 16:44:51,GB,Legacy Oracle EBS,E,PUR-001,PureLife GlucoMonitor,Medical Device,PureLife,Wholesale,8,72.65,GBP,0.05,581.2,552.14
TXN-GB-2-000225,2026-08-26 05:12:27,2026-08-26 05:17:27,GB,Legacy Oracle EBS,E,DER-002,Dermacare LiftCream,Aesthetic,Dermacare,D2C,12,31.62,GBP,0.05,379.44,360.47
TXN-GB-2-000226,2026-08-26 16:03:15,2026-08-26 16:08:15,GB,Legacy Oracle EBS,E,VIT-002,Vitalis Multivit,Supplement,Vitalis,Pharmacy/B2B,12,14.53,GBP,0.05,174.36,165.64
TXN-GB-2-000227,2026-08-26 05:20:54,2026-08-26 05:21:54,GB,Legacy Oracle EBS,E,DER-002,Dermacare LiftCream,Aesthetic,Dermacare,E-commerce,2,31.62,GBP,0.15,63.24,53.75
TXN-GB-2-000228,2026-08-26 21:19:58,2026-08-26 21:25:58,GB,Legacy Oracle EBS,E,VIT-001,Vitalis C1000,Supplement,Vitalis,Wholesale,10,17.95,GBP,0.2,179.5,143.6
TXN-GB-2-000229,2026-08-26 01:01:01,2026-08-26 01:07:01,GB,Legacy Oracle EBS,E,MED-001,Medora Cardio 10mg,Prescription,Medora,Wholesale,12,36.75,GBP,0.1,441.0,396.9
TXN-GB-2-000230,2026-08-26 23:41:08,2026-08-26 23:44:08,GB,Legacy Oracle EBS,E,DER-001,Dermacare GlowSerum,Aesthetic,Dermacare,D2C,3,27.35,GBP,0.1,82.05,73.84
TXN-GB-2-000231,2026-08-26 18:11:23,2026-08-26 18:13:23,GB,Legacy Oracle EBS,E,SAN-001,SanaPlus PainRelief,OTC,SanaPlus,D2C,11,8.12,GBP,0.05,89.32,84.85
TXN-GB-2-000232,2026-08-26 14:05:29,2026-08-26 14:07:29,GB,Legacy Oracle EBS,E,SAN-002,SanaPlus ColdFlu,OTC,SanaPlus,Wholesale,4,8.97,GBP,0.0,35.88,35.88
TXN-GB-2-000233,2026-08-26 03:10:41,2026-08-26 03:11:41,GB,Legacy Oracle EBS,E,VIT-002,Vitalis Multivit,Supplement,Vitalis,D2C,5,14.53,GBP,0.15,72.65,61.75
TXN-GB-2-000234,2026-08-26 22:17:04,2026-08-26 22:19:04,GB,Legacy Oracle EBS,E,SAN-002,SanaPlus ColdFlu,OTC,SanaPlus,Wholesale,8,8.97,GBP,0.0,71.76,71.76
TXN-GB-2-000235,2026-08-26 11:38:26,2026-08-26 11:42:26,GB,Legacy Oracle EBS,E,SAN-001,SanaPlus PainRelief,OTC,SanaPlus,D2C,4,8.12,GBP,0.0,32.48,32.48
TXN-GB-2-000236,2026-08-26 07:28:56,2026-08-26 07:30:56,GB,Legacy Oracle EBS,E,PUR-001,PureLife GlucoMonitor,Medical Device,PureLife,Pharmacy/B2B,12,72.65,GBP,0.0,871.8,871.8
TXN-GB-2-000237,2026-08-26 14:03:40,2026-08-26 14:04:40,GB,Legacy Oracle EBS,E,VIT-002,Vitalis Multivit,Supplement,Vitalis,Wholesale,9,14.53,GBP,0.0,130.77,130.77
TXN-GB-2-000238,2026-08-26 07:59:02,2026-08-26 08:01:02,GB,Legacy Oracle EBS,E,VIT-001,Vitalis C1000,Supplement,Vitalis,Pharmacy/B2B,12,17.95,GBP,0.0,215.4,215.4
TXN-GB-2-000239,2026-08-26 15:40:36,2026-08-26 15:41:36,GB,Legacy Oracle EBS,E,PUR-001,PureLife GlucoMonitor,Medical Device,PureLife,D2C,7,72.65,GBP,0.15,508.55,432.27
TXN-GB-2-000240,2026-08-26 16:05:38,2026-08-26 16:08:38,GB,Legacy Oracle EBS,E,MED-001,Medora Cardio 10mg,Prescription,Medora,Wholesale,3,36.75,GBP,0.0,110.25,110.25
TXN-GB-2-000241,2026-08-26 19:14:47,2026-08-26 19:15:47,GB,Legacy Oracle EBS,E,MED-002,Medora Derm Cream,Prescription,Medora,Wholesale,10,22.22,GBP,0.1,222.2,199.98
TXN-GB-2-000242,2026-08-26 22:01:28,2026-08-26 22:05:28,GB,Legacy Oracle EBS,E,MED-002,Medora Derm Cream,Prescription,Medora,Wholesale,10,22.22,GBP,0.0,222.2,222.2
TXN-GB-2-000243,2026-08-26 19:41:12,2026-08-26 19:44:12,GB,Legacy Oracle EBS,E,PUR-001,PureLife GlucoMonitor,Medical Device,PureLife,Pharmacy/B2B,6,72.65,GBP,0.15,435.9,370.51
TXN-GB-2-000244,2026-08-26 05:48:55,2026-08-26 05:52:55,GB,Legacy Oracle EBS,E,DER-002,Dermacare LiftCream,Aesthetic,Dermacare,Pharmacy/B2B,2,31.62,GBP,0.0,63.24,63.24
TXN-GB-2-000245,2026-08-26 05:54:09,2026-08-26 05:58:09,GB,Legacy Oracle EBS,E,SAN-002,SanaPlus ColdFlu,OTC,SanaPlus,Pharmacy/B2B,8,8.97,GBP,0.15,71.76,61.0
TXN-GB-2-000246,2026-08-26 07:26:38,2026-08-26 07:30:38,GB,Legacy Oracle EBS,E,MED-002,Medora Derm Cream,Prescription,Medora,E-commerce,3,22.22,GBP,0.0,66.66,66.66
TXN-GB-2-000247,2026-08-26 11:03:36,2026-08-26 11:04:36,GB,Legacy Oracle EBS,E,DER-001,Dermacare GlowSerum,Aesthetic,Dermacare,E-commerce,3,27.35,GBP,0.2,82.05,65.64
TXN-GB-2-000248,2026-08-26 06:13:02,2026-08-26 06:15:02,GB,Legacy Oracle EBS,E,DER-001,Dermacare GlowSerum,Aesthetic,Dermacare,E-commerce,11,27.35,GBP,0.1,300.85,270.77
TXN-GB-2-000249,2026-08-26 03:28:42,2026-08-26 03:34:42,GB,Legacy Oracle EBS,E,PUR-002,PureLife BP Monitor,Medical Device,PureLife,Wholesale,10,76.92,GBP,0.1,769.2,692.28
TXN-GB-2-000250,2026-08-26 02:53:49,2026-08-26 02:54:49,GB,Legacy Oracle EBS,E,MED-002,Medora Derm Cream,Prescription,Medora,E-commerce,1,22.22,GBP,0.05,22.22,21.11
TXN-GB-2-000251,2026-08-26 08:20:16,2026-08-26 08:24:16,GB,Legacy Oracle EBS,E,DER-001,Dermacare GlowSerum,Aesthetic,Dermacare,Pharmacy/B2B,10,27.35,GBP,0.15,273.5,232.47
TXN-GB-2-000252,2026-08-26 14:44:33,2026-08-26 14:48:33,GB,Legacy Oracle EBS,E,MED-002,Medora Derm Cream,Prescription,Medora,Wholesale,10,22.22,GBP,0.05,222.2,211.09
TXN-GB-2-000253,2026-08-26 21:37:34,2026-08-26 21:41:34,GB,Legacy Oracle EBS,E,PUR-001,PureLife GlucoMonitor,Medical Device,PureLife,Pharmacy/B2B,7,72.65,GBP,0.0,508.55,508.55
TXN-GB-2-000254,2026-08-26 14:36:22,2026-08-26 14:40:22,GB,Legacy Oracle EBS,E,DER-002,Dermacare LiftCream,Aesthetic,Dermacare,Pharmacy/B2B,5,31.62,GBP,0.0,158.1,158.1
TXN-GB-2-000255,2026-08-26 15:47:07,2026-08-26 15:52:07,GB,Legacy Oracle EBS,E,VIT-001,Vitalis C1000,Supplement,Vitalis,Wholesale,11,17.95,GBP,0.15,197.45,167.83
TXN-GB-2-000256,2026-08-26 13:14:15,2026-08-26 13:19:15,GB,Legacy Oracle EBS,E,DER-002,Dermacare LiftCream,Aesthetic,Dermacare,Pharmacy/B2B,1,31.62,GBP,0.05,31.62,30.04
TXN-GB-2-000257,2026-08-26 07:50:07,2026-08-26 07:52:07,GB,Legacy Oracle EBS,E,MED-002,Medora Derm Cream,Prescription,Medora,E-commerce,8,22.22,GBP,0.0,177.76,177.76
TXN-GB-2-000258,2026-08-26 05:07:07,2026-08-26 05:08:07,GB,Legacy Oracle EBS,E,SAN-002,SanaPlus ColdFlu,OTC,SanaPlus,Pharmacy/B2B,10,8.97,GBP,0.2,89.7,71.76
TXN-GB-2-000259,2026-08-26 16:10:16,2026-08-26 16:16:16,GB,Legacy Oracle EBS,E,MED-001,Medora Cardio 10mg,Prescription,Medora,Wholesale,3,36.75,GBP,0.05,110.25,104.74
TXN-GB-2-000260,2026-08-26 07:58:19,2026-08-26 07:59:19,GB,Legacy Oracle EBS,E,DER-001,Dermacare GlowSerum,Aesthetic,Dermacare,Wholesale,4,27.35,GBP,0.2,109.4,87.52
TXN-GB-2-000261,2026-08-26 09:12:00,2026-08-26 09:17:00,GB,Legacy Oracle EBS,E,PUR-002,PureLife BP Monitor,Medical Device,PureLife,E-commerce,9,76.92,GBP,0.2,692.28,553.82
TXN-GB-2-000262,2026-08-26 09:25:35,2026-08-26 09:27:35,GB,Legacy Oracle EBS,E,DER-001,Dermacare GlowSerum,Aesthetic,Dermacare,Wholesale,9,27.35,GBP,0.05,246.15,233.84
TXN-GB-2-000263,2026-08-26 03:21:32,2026-08-26 03:25:32,GB,Legacy Oracle EBS,E,PUR-001,PureLife GlucoMonitor,Medical Device,PureLife,D2C,1,72.65,GBP,0.0,72.65,72.65
TXN-GB-2-000264,2026-08-26 10:55:52,2026-08-26 11:00:52,GB,Legacy Oracle EBS,E,SAN-002,SanaPlus ColdFlu,OTC,SanaPlus,Pharmacy/B2B,3,8.97,GBP,0.0,26.91,26.91
TXN-GB-2-000265,2026-08-26 14:50:43,2026-08-26 14:51:43,GB,Legacy Oracle EBS,E,VIT-001,Vitalis C1000,Supplement,Vitalis,Wholesale,9,17.95,GBP,0.2,161.55,129.24
TXN-GB-2-000266,2026-08-26 17:20:16,2026-08-26 17:22:16,GB,Legacy Oracle EBS,E,DER-002,Dermacare LiftCream,Aesthetic,Dermacare,Pharmacy/B2B,2,31.62,GBP,0.0,63.24,63.24
TXN-GB-2-000267,2026-08-26 09:41:32,2026-08-26 09:46:32,GB,Legacy Oracle EBS,E,PUR-001,PureLife GlucoMonitor,Medical Device,PureLife,Wholesale,8,72.65,GBP,0.0,581.2,581.2
TXN-GB-2-000268,2026-08-26 13:21:44,2026-08-26 13:26:44,GB,Legacy Oracle EBS,E,PUR-002,PureLife BP Monitor,Medical Device,PureLife,E-commerce,8,76.92,GBP,0.1,615.36,553.82
TXN-GB-2-000269,2026-08-26 03:34:17,2026-08-26 03:40:17,GB,Legacy Oracle EBS,E,VIT-001,Vitalis C1000,Supplement,Vitalis,D2C,10,17.95,GBP,0.1,179.5,161.55
TXN-GB-2-000270,2026-08-26 08:30:30,2026-08-26 08:32:30,GB,Legacy Oracle EBS,E,PUR-002,PureLife BP Monitor,Medical Device,PureLife,Pharmacy/B2B,10,76.92,GBP,0.05,769.2,730.74
TXN-GB-2-000271,2026-08-26 21:02:59,2026-08-26 21:04:59,GB,Legacy Oracle EBS,E,DER-001,Dermacare GlowSerum,Aesthetic,Dermacare,Wholesale,5,27.35,GBP,0.0,136.75,136.75
TXN-GB-2-000272,2026-08-26 04:16:51,2026-08-26 04:19:51,GB,Legacy Oracle EBS,E,MED-002,Medora Derm Cream,Prescription,Medora,Pharmacy/B2B,12,22.22,GBP,0.0,266.64,266.64
TXN-GB-2-000273,2026-08-26 14:13:47,2026-08-26 14:14:47,GB,Legacy Oracle EBS,E,MED-001,Medora Cardio 10mg,Prescription,Medora,Pharmacy/B2B,12,36.75,GBP,0.0,441.0,441.0
TXN-GB-2-000274,2026-08-26 19:12:15,2026-08-26 19:18:15,GB,Legacy Oracle EBS,E,VIT-001,Vitalis C1000,Supplement,Vitalis,Wholesale,8,17.95,GBP,0.0,143.6,143.6
TXN-GB-2-000275,2026-08-26 13:44:46,2026-08-26 13:50:46,GB,Legacy Oracle EBS,E,SAN-002,SanaPlus ColdFlu,OTC,SanaPlus,E-commerce,10,8.97,GBP,0.1,89.7,80.73
TXN-GB-2-000276,2026-08-26 20:24:19,2026-08-26 20:30:19,GB,Legacy Oracle EBS,E,VIT-002,Vitalis Multivit,Supplement,Vitalis,Wholesale,7,14.53,GBP,0.15,101.71,86.45
TXN-GB-2-000277,2026-08-26 22:48:32,2026-08-26 22:54:32,GB,Legacy Oracle EBS,E,DER-002,Dermacare LiftCream,Aesthetic,Dermacare,E-commerce,3,31.62,GBP,0.05,94.86,90.12
TXN-GB-2-000278,2026-08-26 11:10:54,2026-08-26 11:12:54,GB,Legacy Oracle EBS,E,DER-001,Dermacare GlowSerum,Aesthetic,Dermacare,Wholesale,8,27.35,GBP,0.05,218.8,207.86
TXN-GB-2-000279,2026-08-26 07:42:29,2026-08-26 07:43:29,GB,Legacy Oracle EBS,E,MED-002,Medora Derm Cream,Prescription,Medora,D2C,3,22.22,GBP,0.2,66.66,53.33
TXN-GB-2-000280,2026-08-26 07:21:34,2026-08-26 07:24:34,GB,Legacy Oracle EBS,E,VIT-001,Vitalis C1000,Supplement,Vitalis,Wholesale,11,17.95,GBP,0.1,197.45,177.7
TXN-GB-2-000281,2026-08-26 09:44:49,2026-08-26 09:46:49,GB,Legacy Oracle EBS,E,SAN-001,SanaPlus PainRelief,OTC,SanaPlus,Pharmacy/B2B,8,8.12,GBP,0.0,64.96,64.96
TXN-GB-2-000282,2026-08-26 14:47:07,2026-08-26 14:49:07,GB,Legacy Oracle EBS,E,DER-002,Dermacare LiftCream,Aesthetic,Dermacare,Wholesale,7,31.62,GBP,0.0,221.34,221.34
TXN-GB-2-000283,2026-08-26 17:30:22,2026-08-26 17:35:22,GB,Legacy Oracle EBS,E,SAN-001,SanaPlus PainRelief,OTC,SanaPlus,Wholesale,1,8.12,GBP,0.15,8.12,6.9
TXN-GB-2-000284,2026-08-26 11:28:55,2026-08-26 11:32:55,GB,Legacy Oracle EBS,E,SAN-001,SanaPlus PainRelief,OTC,SanaPlus,Pharmacy/B2B,4,8.12,GBP,0.0,32.48,32.48
TXN-GB-2-000285,2026-08-26 00:50:57,2026-08-26 00:54:57,GB,Legacy Oracle EBS,E,DER-001,Dermacare GlowSerum,Aesthetic,Dermacare,Wholesale,1,27.35,GBP,0.15,27.35,23.25
TXN-GB-2-000286,2026-08-26 05:35:16,2026-08-26 05:40:16,GB,Legacy Oracle EBS,E,DER-002,Dermacare LiftCream,Aesthetic,Dermacare,E-commerce,10,31.62,GBP,0.0,316.2,316.2
TXN-GB-2-000287,2026-08-26 12:08:38,2026-08-26 12:09:38,GB,Legacy Oracle EBS,E,VIT-002,Vitalis Multivit,Supplement,Vitalis,D2C,7,14.53,GBP,0.0,101.71,101.71
TXN-GB-2-000288,2026-08-26 21:52:53,2026-08-26 21:57:53,GB,Legacy Oracle EBS,E,MED-001,Medora Cardio 10mg,Prescription,Medora,Pharmacy/B2B,11,36.75,GBP,0.0,404.25,404.25
TXN-GB-2-000289,2026-08-26 18:56:40,2026-08-26 18:57:40,GB,Legacy Oracle EBS,E,DER-001,Dermacare GlowSerum,Aesthetic,Dermacare,Pharmacy/B2B,1,27.35,GBP,0.05,27.35,25.98
TXN-GB-2-000290,2026-08-26 22:48:55,2026-08-26 22:51:55,GB,Legacy Oracle EBS,E,PUR-002,PureLife BP Monitor,Medical Device,PureLife,D2C,11,76.92,GBP,0.0,846.12,846.12
TXN-GB-2-000291,2026-08-26 07:25:39,2026-08-26 07:31:39,GB,Legacy Oracle EBS,E,DER-001,Dermacare GlowSerum,Aesthetic,Dermacare,E-commerce,11,27.35,GBP,0.2,300.85,240.68
TXN-GB-2-000292,2026-08-26 05:21:27,2026-08-26 05:25:27,GB,Legacy Oracle EBS,E,VIT-001,Vitalis C1000,Supplement,Vitalis,E-commerce,8,17.95,GBP,0.0,143.6,143.6
TXN-GB-2-000293,2026-08-26 00:47:19,2026-08-26 00:50:19,GB,Legacy Oracle EBS,E,SAN-001,SanaPlus PainRelief,OTC,SanaPlus,E-commerce,3,8.12,GBP,0.0,24.36,24.36
TXN-GB-2-000294,2026-08-26 15:16:07,2026-08-26 15:17:07,GB,Legacy Oracle EBS,E,VIT-001,Vitalis C1000,Supplement,Vitalis,Wholesale,9,17.95,GBP,0.0,161.55,161.55
TXN-GB-2-000295,2026-08-26 14:09:57,2026-08-26 14:15:57,GB,Legacy Oracle EBS,E,VIT-001,Vitalis C1000,Supplement,Vitalis,D2C,1,17.95,GBP,0.05,17.95,17.05
TXN-GB-2-000296,2026-08-26 18:48:41,2026-08-26 18:50:41,GB,Legacy Oracle EBS,E,DER-002,Dermacare LiftCream,Aesthetic,Dermacare,D2C,10,31.62,GBP,0.15,316.2,268.77
TXN-GB-2-000297,2026-08-26 09:25:30,2026-08-26 09:31:30,GB,Legacy Oracle EBS,E,SAN-002,SanaPlus ColdFlu,OTC,SanaPlus,Wholesale,12,8.97,GBP,0.0,107.64,107.64
TXN-GB-2-000298,2026-08-26 05:15:05,2026-08-26 05:17:05,GB,Legacy Oracle EBS,E,MED-001,Medora Cardio 10mg,Prescription,Medora,Wholesale,11,36.75,GBP,0.2,404.25,323.4
TXN-GB-2-000299,2026-08-26 02:22:21,2026-08-26 02:23:21,GB,Legacy Oracle EBS,E,SAN-002,SanaPlus ColdFlu,OTC,SanaPlus,Wholesale,5,8.97,GBP,0.0,44.85,44.85
TXN-GB-2-000300,2026-08-26 00:48:54,2026-08-26 00:52:54,GB,Legacy Oracle EBS,E,DER-002,Dermacare LiftCream,Aesthetic,Dermacare,D2C,2,31.62,GBP,0.0,63.24,63.24
TXN-GB-2-000301,2026-08-26 19:06:20,2026-08-26 19:10:20,GB,Legacy Oracle EBS,E,DER-002,Dermacare LiftCream,Aesthetic,Dermacare,D2C,11,31.62,GBP,0.0,347.82,347.82
TXN-GB-2-000302,2026-08-26 10:26:45,2026-08-26 10:32:45,GB,Legacy Oracle EBS,E,MED-001,Medora Cardio 10mg,Prescription,Medora,Wholesale,12,36.75,GBP,0.0,441.0,441.0
TXN-GB-2-000303,2026-08-26 03:37:31,2026-08-26 03:40:31,GB,Legacy Oracle EBS,E,SAN-002,SanaPlus ColdFlu,OTC,SanaPlus,Pharmacy/B2B,8,8.97,GBP,0.0,71.76,71.76
TXN-GB-2-000304,2026-08-26 17:54:30,2026-08-26 17:58:30,GB,Legacy Oracle EBS,E,SAN-001,SanaPlus PainRelief,OTC,SanaPlus,D2C,10,8.12,GBP,0.05,81.2,77.14
TXN-GB-2-000305,2026-08-26 22:47:42,2026-08-26 22:49:42,GB,Legacy Oracle EBS,E,PUR-002,PureLife BP Monitor,Medical Device,PureLife,E-commerce,2,76.92,GBP,0.0,153.84,153.84
TXN-GB-2-000306,2026-08-26 20:12:15,2026-08-26 20:13:15,GB,Legacy Oracle EBS,E,PUR-002,PureLife BP Monitor,Medical Device,PureLife,Wholesale,5,76.92,GBP,0.0,384.6,384.6
TXN-GB-2-000307,2026-08-26 10:01:46,2026-08-26 10:07:46,GB,Legacy Oracle EBS,E,MED-001,Medora Cardio 10mg,Prescription,Medora,D2C,4,36.75,GBP,0.05,147.0,139.65
TXN-GB-2-000308,2026-08-26 13:19:11,2026-08-26 13:22:11,GB,Legacy Oracle EBS,E,SAN-002,SanaPlus ColdFlu,OTC,SanaPlus,Pharmacy/B2B,10,8.97,GBP,0.0,89.7,89.7
TXN-GB-2-000309,2026-08-26 15:31:09,2026-08-26 15:32:09,GB,Legacy Oracle EBS,E,MED-001,Medora Cardio 10mg,Prescription,Medora,E-commerce,12,36.75,GBP,0.0,441.0,441.0
TXN-GB-2-000310,2026-08-26 05:31:34,2026-08-26 05:35:34,GB,Legacy Oracle EBS,E,SAN-002,SanaPlus ColdFlu,OTC,SanaPlus,Wholesale,8,8.97,GBP,0.1,71.76,64.58
TXN-GB-2-000311,2026-08-26 22:31:28,2026-08-26 22:33:28,GB,Legacy Oracle EBS,E,DER-001,Dermacare GlowSerum,Aesthetic,Dermacare,Wholesale,3,27.35,GBP,0.0,82.05,82.05
TXN-GB-2-000312,2026-08-26 08:21:02,2026-08-26 08:24:02,GB,Legacy Oracle EBS,E,MED-002,Medora Derm Cream,Prescription,Medora,Wholesale,9,22.22,GBP,0.15,199.98,169.98
TXN-GB-2-000313,2026-08-26 02:22:06,2026-08-26 02:25:06,GB,Legacy Oracle EBS,E,PUR-001,PureLife GlucoMonitor,Medical Device,PureLife,Pharmacy/B2B,9,72.65,GBP,0.1,653.85,588.47
TXN-GB-2-000314,2026-08-26 14:10:20,2026-08-26 14:13:20,GB,Legacy Oracle EBS,E,PUR-001,PureLife GlucoMonitor,Medical Device,PureLife,Wholesale,2,72.65,GBP,0.0,145.3,145.3
TXN-GB-2-000315,2026-08-26 14:49:54,2026-08-26 14:54:54,GB,Legacy Oracle EBS,E,VIT-001,Vitalis C1000,Supplement,Vitalis,Pharmacy/B2B,12,17.95,GBP,0.0,215.4,215.4
TXN-GB-2-000316,2026-08-26 21:12:44,2026-08-26 21:14:44,GB,Legacy Oracle EBS,E,DER-001,Dermacare GlowSerum,Aesthetic,Dermacare,Wholesale,6,27.35,GBP,0.05,164.1,155.89
TXN-GB-2-000317,2026-08-26 10:01:19,2026-08-26 10:02:19,GB,Legacy Oracle EBS,E,VIT-001,Vitalis C1000,Supplement,Vitalis,E-commerce,12,17.95,GBP,0.1,215.4,193.86
TXN-GB-2-000318,2026-08-26 17:14:11,2026-08-26 17:18:11,GB,Legacy Oracle EBS,E,DER-002,Dermacare LiftCream,Aesthetic,Dermacare,Pharmacy/B2B,11,31.62,GBP,0.0,347.82,347.82
TXN-GB-2-000319,2026-08-26 09:43:19,2026-08-26 09:46:19,GB,Legacy Oracle EBS,E,DER-002,Dermacare LiftCream,Aesthetic,Dermacare,Pharmacy/B2B,9,31.62,GBP,0.05,284.58,270.35
TXN-GB-2-000320,2026-08-26 20:33:42,2026-08-26 20:36:42,GB,Legacy Oracle EBS,E,MED-002,Medora Derm Cream,Prescription,Medora,E-commerce,10,22.22,GBP,0.0,222.2,222.2
TXN-GB-2-000321,2026-08-26 09:14:45,2026-08-26 09:15:45,GB,Legacy Oracle EBS,E,PUR-001,PureLife GlucoMonitor,Medical Device,PureLife,Pharmacy/B2B,9,72.65,GBP,0.05,653.85,621.16
TXN-GB-2-000322,2026-08-26 05:07:01,2026-08-26 05:13:01,GB,Legacy Oracle EBS,E,PUR-001,PureLife GlucoMonitor,Medical Device,PureLife,E-commerce,6,72.65,GBP,0.15,435.9,370.51
TXN-GB-2-000323,2026-08-26 11:55:36,2026-08-26 12:01:36,GB,Legacy Oracle EBS,E,DER-002,Dermacare LiftCream,Aesthetic,Dermacare,Pharmacy/B2B,5,31.62,GBP,0.0,158.1,158.1
TXN-GB-2-000324,2026-08-26 16:59:56,2026-08-26 17:00:56,GB,Legacy Oracle EBS,E,PUR-002,PureLife BP Monitor,Medical Device,PureLife,E-commerce,2,76.92,GBP,0.1,153.84,138.46
TXN-GB-2-000325,2026-08-26 03:01:47,2026-08-26 03:07:47,GB,Legacy Oracle EBS,E,VIT-001,Vitalis C1000,Supplement,Vitalis,Pharmacy/B2B,3,17.95,GBP,0.0,53.85,53.85
TXN-GB-2-000326,2026-08-26 23:52:50,2026-08-26 23:57:50,GB,Legacy Oracle EBS,E,SAN-002,SanaPlus ColdFlu,OTC,SanaPlus,E-commerce,6,8.97,GBP,0.0,53.82,53.82
TXN-GB-2-000327,2026-08-26 22:53:42,2026-08-26 22:55:42,GB,Legacy Oracle EBS,E,SAN-001,SanaPlus PainRelief,OTC,SanaPlus,Pharmacy/B2B,3,8.12,GBP,0.2,24.36,19.49
TXN-GB-2-000328,2026-08-26 15:26:21,2026-08-26 15:30:21,GB,Legacy Oracle EBS,E,DER-001,Dermacare GlowSerum,Aesthetic,Dermacare,E-commerce,11,27.35,GBP,0.0,300.85,300.85
TXN-GB-2-000329,2026-08-26 15:30:00,2026-08-26 15:35:00,GB,Legacy Oracle EBS,E,SAN-002,SanaPlus ColdFlu,OTC,SanaPlus,Wholesale,7,8.97,GBP,0.2,62.79,50.23
TXN-GB-2-000330,2026-08-26 01:34:55,2026-08-26 01:39:55,GB,Legacy Oracle EBS,E,MED-001,Medora Cardio 10mg,Prescription,Medora,E-commerce,9,36.75,GBP,0.1,330.75,297.68
TXN-GB-2-000331,2026-08-26 12:03:34,2026-08-26 12:06:34,GB,Legacy Oracle EBS,E,MED-002,Medora Derm Cream,Prescription,Medora,Pharmacy/B2B,2,22.22,GBP,0.15,44.44,37.77
TXN-GB-2-000332,2026-08-26 04:19:59,2026-08-26 04:25:59,GB,Legacy Oracle EBS,E,VIT-001,Vitalis C1000,Supplement,Vitalis,Pharmacy/B2B,2,17.95,GBP,0.0,35.9,35.9
TXN-GB-2-000333,2026-08-26 01:13:41,2026-08-26 01:15:41,GB,Legacy Oracle EBS,E,DER-001,Dermacare GlowSerum,Aesthetic,Dermacare,Pharmacy/B2B,6,27.35,GBP,0.0,164.1,164.1
TXN-GB-2-000334,2026-08-26 09:15:30,2026-08-26 09:21:30,GB,Legacy Oracle EBS,E,VIT-001,Vitalis C1000,Supplement,Vitalis,Wholesale,12,17.95,GBP,0.05,215.4,204.63
TXN-GB-2-000335,2026-08-26 03:19:04,2026-08-26 03:25:04,GB,Legacy Oracle EBS,E,SAN-001,SanaPlus PainRelief,OTC,SanaPlus,Pharmacy/B2B,1,8.12,GBP,0.0,8.12,8.12
TXN-GB-2-000336,2026-08-26 13:01:43,2026-08-26 13:03:43,GB,Legacy Oracle EBS,E,PUR-001,PureLife GlucoMonitor,Medical Device,PureLife,Wholesale,7,72.65,GBP,0.0,508.55,508.55
TXN-GB-2-000337,2026-08-26 15:43:15,2026-08-26 15:48:15,GB,Legacy Oracle EBS,E,PUR-001,PureLife GlucoMonitor,Medical Device,PureLife,Pharmacy/B2B,10,72.65,GBP,0.0,726.5,726.5
TXN-GB-2-000338,2026-08-26 09:11:00,2026-08-26 09:16:00,GB,Legacy Oracle EBS,E,SAN-002,SanaPlus ColdFlu,OTC,SanaPlus,E-commerce,7,8.97,GBP,0.0,62.79,62.79
TXN-GB-2-000339,2026-08-26 12:12:44,2026-08-26 12:18:44,GB,Legacy Oracle EBS,E,MED-002,Medora Derm Cream,Prescription,Medora,D2C,5,22.22,GBP,0.15,111.1,94.43
TXN-GB-2-000340,2026-08-26 13:59:55,2026-08-26 14:02:55,GB,Legacy Oracle EBS,E,MED-002,Medora Derm Cream,Prescription,Medora,E-commerce,8,22.22,GBP,0.0,177.76,177.76
TXN-GB-2-000341,2026-08-26 20:21:49,2026-08-26 20:22:49,GB,Legacy Oracle EBS,E,MED-002,Medora Derm Cream,Prescription,Medora,E-commerce,3,22.22,GBP,0.0,66.66,66.66
TXN-GB-2-000342,2026-08-26 02:49:42,2026-08-26 02:52:42,GB,Legacy Oracle EBS,E,SAN-001,SanaPlus PainRelief,OTC,SanaPlus,Wholesale,4,8.12,GBP,0.05,32.48,30.86
TXN-GB-2-000343,2026-08-26 15:24:36,2026-08-26 15:29:36,GB,Legacy Oracle EBS,E,MED-001,Medora Cardio 10mg,Prescription,Medora,E-commerce,10,36.75,GBP,0.0,367.5,367.5
TXN-GB-2-000344,2026-08-26 13:22:59,2026-08-26 13:25:59,GB,Legacy Oracle EBS,E,PUR-001,PureLife GlucoMonitor,Medical Device,PureLife,D2C,10,72.65,GBP,0.15,726.5,617.52
TXN-GB-2-000345,2026-08-26 23:02:32,2026-08-26 23:07:32,GB,Legacy Oracle EBS,E,DER-002,Dermacare LiftCream,Aesthetic,Dermacare,D2C,3,31.62,GBP,0.2,94.86,75.89
TXN-GB-2-000346,2026-08-26 14:59:55,2026-08-26 15:02:55,GB,Legacy Oracle EBS,E,DER-002,Dermacare LiftCream,Aesthetic,Dermacare,Pharmacy/B2B,1,31.62,GBP,0.0,31.62,31.62
TXN-GB-2-000347,2026-08-26 14:56:46,2026-08-26 14:58:46,GB,Legacy Oracle EBS,E,PUR-001,PureLife GlucoMonitor,Medical Device,PureLife,D2C,5,72.65,GBP,0.2,363.25,290.6
TXN-GB-2-000348,2026-08-26 07:01:17,2026-08-26 07:03:17,GB,Legacy Oracle EBS,E,PUR-002,PureLife BP Monitor,Medical Device,PureLife,Pharmacy/B2B,12,76.92,GBP,0.1,923.04,830.74
TXN-GB-2-000349,2026-08-26 03:12:24,2026-08-26 03:18:24,GB,Legacy Oracle EBS,E,MED-002,Medora Derm Cream,Prescription,Medora,Wholesale,1,22.22,GBP,0.15,22.22,18.89
TXN-GB-2-000350,2026-08-26 21:40:39,2026-08-26 21:44:39,GB,Legacy Oracle EBS,E,VIT-001,Vitalis C1000,Supplement,Vitalis,E-commerce,10,17.95,GBP,0.15,179.5,152.57
TXN-GB-2-000351,2026-08-26 11:53:18,2026-08-26 11:59:18,GB,Legacy Oracle EBS,E,DER-001,Dermacare GlowSerum,Aesthetic,Dermacare,Pharmacy/B2B,4,27.35,GBP,0.05,109.4,103.93
TXN-GB-2-000352,2026-08-26 03:23:17,2026-08-26 03:26:17,GB,Legacy Oracle EBS,E,MED-002,Medora Derm Cream,Prescription,Medora,Pharmacy/B2B,1,22.22,GBP,0.0,22.22,22.22
TXN-GB-2-000353,2026-08-26 18:02:49,2026-08-26 18:05:49,GB,Legacy Oracle EBS,E,PUR-002,PureLife BP Monitor,Medical Device,PureLife,E-commerce,2,76.92,GBP,0.2,153.84,123.07
TXN-GB-2-000354,2026-08-26 05:28:00,2026-08-26 05:29:00,GB,Legacy Oracle EBS,E,PUR-002,PureLife BP Monitor,Medical Device,PureLife,Wholesale,10,76.92,GBP,0.1,769.2,692.28
TXN-GB-2-000355,2026-08-26 14:03:56,2026-08-26 14:04:56,GB,Legacy Oracle EBS,E,MED-001,Medora Cardio 10mg,Prescription,Medora,Wholesale,8,36.75,GBP,0.2,294.0,235.2
TXN-GB-2-000356,2026-08-26 11:56:19,2026-08-26 12:00:19,GB,Legacy Oracle EBS,E,MED-002,Medora Derm Cream,Prescription,Medora,D2C,6,22.22,GBP,0.2,133.32,106.66
TXN-GB-2-000357,2026-08-26 12:02:07,2026-08-26 12:06:07,GB,Legacy Oracle EBS,E,VIT-001,Vitalis C1000,Supplement,Vitalis,E-commerce,10,17.95,GBP,0.15,179.5,152.57
TXN-GB-2-000358,2026-08-26 10:20:19,2026-08-26 10:24:19,GB,Legacy Oracle EBS,E,DER-001,Dermacare GlowSerum,Aesthetic,Dermacare,D2C,7,27.35,GBP,0.2,191.45,153.16
TXN-GB-2-000359,2026-08-26 22:27:08,2026-08-26 22:28:08,GB,Legacy Oracle EBS,E,SAN-001,SanaPlus PainRelief,OTC,SanaPlus,D2C,8,8.12,GBP,0.1,64.96,58.46
TXN-GB-2-000360,2026-08-26 13:37:09,2026-08-26 13:42:09,GB,Legacy Oracle EBS,E,MED-001,Medora Cardio 10mg,Prescription,Medora,D2C,2,36.75,GBP,0.1,73.5,66.15
TXN-GB-2-000361,2026-08-26 20:03:11,2026-08-26 20:04:11,GB,Legacy Oracle EBS,E,PUR-002,PureLife BP Monitor,Medical Device,PureLife,D2C,10,76.92,GBP,0.1,769.2,692.28
TXN-GB-2-000362,2026-08-26 02:13:30,2026-08-26 02:16:30,GB,Legacy Oracle EBS,E,DER-001,Dermacare GlowSerum,Aesthetic,Dermacare,Pharmacy/B2B,4,27.35,GBP,0.2,109.4,87.52
TXN-GB-2-000363,2026-08-26 04:39:58,2026-08-26 04:43:58,GB,Legacy Oracle EBS,E,DER-001,Dermacare GlowSerum,Aesthetic,Dermacare,E-commerce,12,27.35,GBP,0.15,328.2,278.97
TXN-GB-2-000364,2026-08-26 12:22:56,2026-08-26 12:28:56,GB,Legacy Oracle EBS,E,MED-002,Medora Derm Cream,Prescription,Medora,Pharmacy/B2B,4,22.22,GBP,0.0,88.88,88.88
TXN-GB-2-000365,2026-08-26 13:15:37,2026-08-26 13:17:37,GB,Legacy Oracle EBS,E,MED-001,Medora Cardio 10mg,Prescription,Medora,Wholesale,1,36.75,GBP,0.0,36.75,36.75
TXN-GB-2-000366,2026-08-26 08:15:40,2026-08-26 08:16:40,GB,Legacy Oracle EBS,E,VIT-001,Vitalis C1000,Supplement,Vitalis,D2C,7,17.95,GBP,0.05,125.65,119.37
TXN-GB-2-000367,2026-08-26 17:29:28,2026-08-26 17:33:28,GB,Legacy Oracle EBS,E,PUR-002,PureLife BP Monitor,Medical Device,PureLife,Wholesale,9,76.92,GBP,0.15,692.28,588.44
TXN-GB-2-000368,2026-08-26 20:12:18,2026-08-26 20:16:18,GB,Legacy Oracle EBS,E,MED-001,Medora Cardio 10mg,Prescription,Medora,Wholesale,5,36.75,GBP,0.0,183.75,183.75
TXN-GB-2-000369,2026-08-26 02:03:42,2026-08-26 02:08:42,GB,Legacy Oracle EBS,E,MED-001,Medora Cardio 10mg,Prescription,Medora,Pharmacy/B2B,1,36.75,GBP,0.05,36.75,34.91
TXN-GB-2-000370,2026-08-26 23:52:32,2026-08-26 23:54:32,GB,Legacy Oracle EBS,E,PUR-002,PureLife BP Monitor,Medical Device,PureLife,Wholesale,8,76.92,GBP,0.0,615.36,615.36
TXN-GB-2-000371,2026-08-26 06:24:24,2026-08-26 06:27:24,GB,Legacy Oracle EBS,E,PUR-001,PureLife GlucoMonitor,Medical Device,PureLife,D2C,6,72.65,GBP,0.0,435.9,435.9
TXN-GB-2-000372,2026-08-26 12:25:30,2026-08-26 12:31:30,GB,Legacy Oracle EBS,E,DER-002,Dermacare LiftCream,Aesthetic,Dermacare,Pharmacy/B2B,4,31.62,GBP,0.0,126.48,126.48
TXN-GB-2-000373,2026-08-26 07:23:29,2026-08-26 07:26:29,GB,Legacy Oracle EBS,E,PUR-002,PureLife BP Monitor,Medical Device,PureLife,Pharmacy/B2B,8,76.92,GBP,0.2,615.36,492.29
TXN-GB-2-000374,2026-08-26 02:47:34,2026-08-26 02:53:34,GB,Legacy Oracle EBS,E,MED-001,Medora Cardio 10mg,Prescription,Medora,Pharmacy/B2B,4,36.75,GBP,0.15,147.0,124.95
TXN-GB-2-000375,2026-08-26 22:49:02,2026-08-26 22:52:02,GB,Legacy Oracle EBS,E,DER-002,Dermacare LiftCream,Aesthetic,Dermacare,Pharmacy/B2B,6,31.62,GBP,0.1,189.72,170.75
TXN-GB-2-000376,2026-08-26 08:15:46,2026-08-26 08:21:46,GB,Legacy Oracle EBS,E,VIT-002,Vitalis Multivit,Supplement,Vitalis,D2C,10,14.53,GBP,0.0,145.3,145.3
TXN-GB-2-000377,2026-08-26 08:53:43,2026-08-26 08:59:43,GB,Legacy Oracle EBS,E,DER-002,Dermacare LiftCream,Aesthetic,Dermacare,D2C,8,31.62,GBP,0.0,252.96,252.96
TXN-GB-2-000378,2026-08-26 02:08:38,2026-08-26 02:12:38,GB,Legacy Oracle EBS,E,VIT-002,Vitalis Multivit,Supplement,Vitalis,Wholesale,9,14.53,GBP,0.0,130.77,130.77
TXN-GB-2-000379,2026-08-26 07:35:44,2026-08-26 07:40:44,GB,Legacy Oracle EBS,E,PUR-002,PureLife BP Monitor,Medical Device,PureLife,E-commerce,9,76.92,GBP,0.05,692.28,657.67
TXN-GB-2-000380,2026-08-26 07:27:51,2026-08-26 07:31:51,GB,Legacy Oracle EBS,E,PUR-002,PureLife BP Monitor,Medical Device,PureLife,E-commerce,5,76.92,GBP,0.15,384.6,326.91
TXN-GB-2-000381,2026-08-26 02:54:44,2026-08-26 02:55:44,GB,Legacy Oracle EBS,E,SAN-002,SanaPlus ColdFlu,OTC,SanaPlus,E-commerce,6,8.97,GBP,0.05,53.82,51.13
TXN-GB-2-000382,2026-08-26 09:47:40,2026-08-26 09:48:40,GB,Legacy Oracle EBS,E,DER-001,Dermacare GlowSerum,Aesthetic,Dermacare,D2C,1,27.35,GBP,0.05,27.35,25.98
TXN-GB-2-000383,2026-08-26 10:48:29,2026-08-26 10:50:29,GB,Legacy Oracle EBS,E,VIT-002,Vitalis Multivit,Supplement,Vitalis,Pharmacy/B2B,6,14.53,GBP,0.0,87.18,87.18
TXN-GB-2-000384,2026-08-26 02:13:13,2026-08-26 02:19:13,GB,Legacy Oracle EBS,E,DER-001,Dermacare GlowSerum,Aesthetic,Dermacare,Wholesale,6,27.35,GBP,0.0,164.1,164.1
TXN-GB-2-000385,2026-08-26 10:02:47,2026-08-26 10:07:47,GB,Legacy Oracle EBS,E,VIT-001,Vitalis C1000,Supplement,Vitalis,Wholesale,9,17.95,GBP,0.0,161.55,161.55
TXN-GB-2-000386,2026-08-26 16:36:20,2026-08-26 16:38:20,GB,Legacy Oracle EBS,E,SAN-002,SanaPlus ColdFlu,OTC,SanaPlus,Wholesale,4,8.97,GBP,0.1,35.88,32.29
TXN-GB-2-000387,2026-08-26 09:01:08,2026-08-26 09:02:08,GB,Legacy Oracle EBS,E,MED-001,Medora Cardio 10mg,Prescription,Medora,E-commerce,11,36.75,GBP,0.0,404.25,404.25
TXN-GB-2-000388,2026-08-26 10:08:22,2026-08-26 10:09:22,GB,Legacy Oracle EBS,E,MED-002,Medora Derm Cream,Prescription,Medora,Wholesale,8,22.22,GBP,0.0,177.76,177.76
TXN-GB-2-000389,2026-08-26 13:23:08,2026-08-26 13:26:08,GB,Legacy Oracle EBS,E,VIT-002,Vitalis Multivit,Supplement,Vitalis,Wholesale,8,14.53,GBP,0.0,116.24,116.24
TXN-GB-2-000390,2026-08-26 04:06:04,2026-08-26 04:12:04,GB,Legacy Oracle EBS,E,DER-002,Dermacare LiftCream,Aesthetic,Dermacare,D2C,3,31.62,GBP,0.2,94.86,75.89
TXN-GB-2-000391,2026-08-26 02:24:09,2026-08-26 02:25:09,GB,Legacy Oracle EBS,E,SAN-002,SanaPlus ColdFlu,OTC,SanaPlus,E-commerce,2,8.97,GBP,0.2,17.94,14.35
TXN-GB-2-000392,2026-08-26 21:07:36,2026-08-26 21:13:36,GB,Legacy Oracle EBS,E,VIT-001,Vitalis C1000,Supplement,Vitalis,Wholesale,12,17.95,GBP,0.1,215.4,193.86
TXN-GB-2-000393,2026-08-26 08:38:41,2026-08-26 08:42:41,GB,Legacy Oracle EBS,E,MED-001,Medora Cardio 10mg,Prescription,Medora,Wholesale,1,36.75,GBP,0.05,36.75,34.91
TXN-GB-2-000394,2026-08-26 06:55:27,2026-08-26 07:00:27,GB,Legacy Oracle EBS,E,PUR-002,PureLife BP Monitor,Medical Device,PureLife,D2C,6,76.92,GBP,0.0,461.52,461.52
TXN-GB-2-000395,2026-08-26 08:28:08,2026-08-26 08:29:08,GB,Legacy Oracle EBS,E,MED-001,Medora Cardio 10mg,Prescription,Medora,E-commerce,11,36.75,GBP,0.2,404.25,323.4
TXN-GB-2-000396,2026-08-26 20:41:52,2026-08-26 20:46:52,GB,Legacy Oracle EBS,E,DER-001,Dermacare GlowSerum,Aesthetic,Dermacare,Wholesale,4,27.35,GBP,0.0,109.4,109.4
TXN-GB-2-000397,2026-08-26 21:39:57,2026-08-26 21:42:57,GB,Legacy Oracle EBS,E,MED-002,Medora Derm Cream,Prescription,Medora,E-commerce,4,22.22,GBP,0.0,88.88,88.88
TXN-GB-2-000398,2026-08-26 17:11:52,2026-08-26 17:14:52,GB,Legacy Oracle EBS,E,DER-001,Dermacare GlowSerum,Aesthetic,Dermacare,Wholesale,5,27.35,GBP,0.0,136.75,136.75
TXN-GB-2-000399,2026-08-26 09:04:28,2026-08-26 09:08:28,GB,Legacy Oracle EBS,E,DER-002,Dermacare LiftCream,Aesthetic,Dermacare,Pharmacy/B2B,10,31.62,GBP,0.05,316.2,300.39
TXN-GB-2-000400,2026-08-26 09:13:56,2026-08-26 09:15:56,GB,Legacy Oracle EBS,E,VIT-001,Vitalis C1000,Supplement,Vitalis,D2C,7,17.95,GBP,0.0,125.65,125.65
TXN-GB-2-000401,2026-08-26 18:30:19,2026-08-26 18:33:19,GB,Legacy Oracle EBS,E,MED-002,Medora Derm Cream,Prescription,Medora,Wholesale,1,22.22,GBP,0.0,22.22,22.22
TXN-GB-2-000402,2026-08-26 03:59:10,2026-08-26 04:01:10,GB,Legacy Oracle EBS,E,MED-002,Medora Derm Cream,Prescription,Medora,Pharmacy/B2B,5,22.22,GBP,0.0,111.1,111.1
TXN-GB-2-000403,2026-08-26 04:49:06,2026-08-26 04:55:06,GB,Legacy Oracle EBS,E,VIT-002,Vitalis Multivit,Supplement,Vitalis,Pharmacy/B2B,5,14.53,GBP,0.0,72.65,72.65
TXN-GB-2-000404,2026-08-26 10:02:38,2026-08-26 10:03:38,GB,Legacy Oracle EBS,E,VIT-002,Vitalis Multivit,Supplement,Vitalis,E-commerce,8,14.53,GBP,0.15,116.24,98.8
TXN-GB-2-000405,2026-08-26 09:53:49,2026-08-26 09:54:49,GB,Legacy Oracle EBS,E,SAN-002,SanaPlus ColdFlu,OTC,SanaPlus,D2C,7,8.97,GBP,0.0,62.79,62.79
TXN-GB-2-000406,2026-08-26 06:39:59,2026-08-26 06:41:59,GB,Legacy Oracle EBS,E,SAN-002,SanaPlus ColdFlu,OTC,SanaPlus,D2C,10,8.97,GBP,0.0,89.7,89.7
TXN-GB-2-000407,2026-08-26 04:58:01,2026-08-26 05:02:01,GB,Legacy Oracle EBS,E,MED-002,Medora Derm Cream,Prescription,Medora,E-commerce,11,22.22,GBP,0.0,244.42,244.42
TXN-GB-2-000408,2026-08-26 17:07:24,2026-08-26 17:10:24,GB,Legacy Oracle EBS,E,SAN-001,SanaPlus PainRelief,OTC,SanaPlus,Pharmacy/B2B,11,8.12,GBP,0.0,89.32,89.32
TXN-GB-2-000409,2026-08-26 10:41:22,2026-08-26 10:47:22,GB,Legacy Oracle EBS,E,PUR-001,PureLife GlucoMonitor,Medical Device,PureLife,Wholesale,3,72.65,GBP,0.1,217.95,196.16
TXN-GB-2-000410,2026-08-26 17:43:36,2026-08-26 17:48:36,GB,Legacy Oracle EBS,E,VIT-002,Vitalis Multivit,Supplement,Vitalis,E-commerce,11,14.53,GBP,0.1,159.83,143.85
TXN-GB-2-000411,2026-08-26 10:24:06,2026-08-26 10:27:06,GB,Legacy Oracle EBS,E,VIT-002,Vitalis Multivit,Supplement,Vitalis,Pharmacy/B2B,3,14.53,GBP,0.2,43.59,34.87
TXN-GB-2-000412,2026-08-26 20:49:55,2026-08-26 20:55:55,GB,Legacy Oracle EBS,E,MED-002,Medora Derm Cream,Prescription,Medora,Wholesale,7,22.22,GBP,0.2,155.54,124.43
TXN-GB-2-000413,2026-08-26 02:04:58,2026-08-26 02:07:58,GB,Legacy Oracle EBS,E,MED-001,Medora Cardio 10mg,Prescription,Medora,Pharmacy/B2B,12,36.75,GBP,0.1,441.0,396.9
TXN-GB-2-000414,2026-08-26 20:17:27,2026-08-26 20:22:27,GB,Legacy Oracle EBS,E,VIT-002,Vitalis Multivit,Supplement,Vitalis,Wholesale,9,14.53,GBP,0.15,130.77,111.15
TXN-GB-2-000415,2026-08-26 16:20:59,2026-08-26 16:21:59,GB,Legacy Oracle EBS,E,MED-002,Medora Derm Cream,Prescription,Medora,Wholesale,3,22.22,GBP,0.0,66.66,66.66
TXN-GB-2-000416,2026-08-26 13:23:00,2026-08-26 13:29:00,GB,Legacy Oracle EBS,E,MED-002,Medora Derm Cream,Prescription,Medora,D2C,11,22.22,GBP,0.2,244.42,195.54
TXN-GB-2-000417,2026-08-26 16:58:15,2026-08-26 17:01:15,GB,Legacy Oracle EBS,E,SAN-001,SanaPlus PainRelief,OTC,SanaPlus,Pharmacy/B2B,1,8.12,GBP,0.0,8.12,8.12
TXN-GB-2-000418,2026-08-26 11:34:06,2026-08-26 11:37:06,GB,Legacy Oracle EBS,E,VIT-002,Vitalis Multivit,Supplement,Vitalis,Pharmacy/B2B,11,14.53,GBP,0.0,159.83,159.83
TXN-GB-2-000419,2026-08-26 04:37:32,2026-08-26 04:39:32,GB,Legacy Oracle EBS,E,DER-001,Dermacare GlowSerum,Aesthetic,Dermacare,D2C,10,27.35,GBP,0.0,273.5,273.5
TXN-GB-2-000420,2026-08-26 08:04:12,2026-08-26 08:06:12,GB,Legacy Oracle EBS,E,DER-002,Dermacare LiftCream,Aesthetic,Dermacare,E-commerce,5,31.62,GBP,0.15,158.1,134.38
TXN-GB-2-000421,2026-08-26 11:13:12,2026-08-26 11:19:12,GB,Legacy Oracle EBS,E,SAN-002,SanaPlus ColdFlu,OTC,SanaPlus,Pharmacy/B2B,4,8.97,GBP,0.1,35.88,32.29
TXN-GB-2-000422,2026-08-26 21:02:40,2026-08-26 21:04:40,GB,Legacy Oracle EBS,E,SAN-001,SanaPlus PainRelief,OTC,SanaPlus,Wholesale,7,8.12,GBP,0.15,56.84,48.31
TXN-GB-2-000423,2026-08-26 10:11:41,2026-08-26 10:16:41,GB,Legacy Oracle EBS,E,PUR-002,PureLife BP Monitor,Medical Device,PureLife,D2C,3,76.92,GBP,0.15,230.76,196.15
TXN-GB-2-000424,2026-08-26 06:49:45,2026-08-26 06:51:45,GB,Legacy Oracle EBS,E,SAN-002,SanaPlus ColdFlu,OTC,SanaPlus,E-commerce,12,8.97,GBP,0.05,107.64,102.26
TXN-GB-2-000425,2026-08-26 17:18:26,2026-08-26 17:24:26,GB,Legacy Oracle EBS,E,SAN-001,SanaPlus PainRelief,OTC,SanaPlus,E-commerce,3,8.12,GBP,0.15,24.36,20.71
TXN-GB-2-000426,2026-08-26 14:58:20,2026-08-26 15:02:20,GB,Legacy Oracle EBS,E,MED-002,Medora Derm Cream,Prescription,Medora,Wholesale,5,22.22,GBP,0.1,111.1,99.99
TXN-GB-2-000427,2026-08-26 09:18:12,2026-08-26 09:20:12,GB,Legacy Oracle EBS,E,SAN-002,SanaPlus ColdFlu,OTC,SanaPlus,Pharmacy/B2B,5,8.97,GBP,0.0,44.85,44.85
TXN-GB-2-000428,2026-08-26 10:25:59,2026-08-26 10:31:59,GB,Legacy Oracle EBS,E,DER-001,Dermacare GlowSerum,Aesthetic,Dermacare,E-commerce,7,27.35,GBP,0.0,191.45,191.45
TXN-GB-2-000429,2026-08-26 11:45:17,2026-08-26 11:48:17,GB,Legacy Oracle EBS,E,VIT-002,Vitalis Multivit,Supplement,Vitalis,D2C,6,14.53,GBP,0.0,87.18,87.18
TXN-GB-2-000430,2026-08-26 19:42:49,2026-08-26 19:47:49,GB,Legacy Oracle EBS,E,SAN-002,SanaPlus ColdFlu,OTC,SanaPlus,Pharmacy/B2B,12,8.97,GBP,0.2,107.64,86.11
TXN-GB-2-000431,2026-08-26 23:09:31,2026-08-26 23:14:31,GB,Legacy Oracle EBS,E,PUR-002,PureLife BP Monitor,Medical Device,PureLife,Pharmacy/B2B,4,76.92,GBP,0.0,307.68,307.68
TXN-GB-2-000432,2026-08-26 17:10:31,2026-08-26 17:14:31,GB,Legacy Oracle EBS,E,SAN-001,SanaPlus PainRelief,OTC,SanaPlus,D2C,12,8.12,GBP,0.1,97.44,87.7
TXN-GB-2-000433,2026-08-26 21:01:00,2026-08-26 21:04:00,GB,Legacy Oracle EBS,E,PUR-001,PureLife GlucoMonitor,Medical Device,PureLife,D2C,4,72.65,GBP,0.15,290.6,247.01
TXN-GB-2-000434,2026-08-26 22:07:28,2026-08-26 22:08:28,GB,Legacy Oracle EBS,E,MED-002,Medora Derm Cream,Prescription,Medora,Pharmacy/B2B,4,22.22,GBP,0.0,88.88,88.88
TXN-GB-2-000435,2026-08-26 19:24:09,2026-08-26 19:26:09,GB,Legacy Oracle EBS,E,VIT-001,Vitalis C1000,Supplement,Vitalis,Pharmacy/B2B,3,17.95,GBP,0.0,53.85,53.85
TXN-GB-2-000436,2026-08-26 15:32:19,2026-08-26 15:33:19,GB,Legacy Oracle EBS,E,DER-002,Dermacare LiftCream,Aesthetic,Dermacare,Wholesale,3,31.62,GBP,0.0,94.86,94.86
TXN-GB-2-000437,2026-08-26 03:19:51,2026-08-26 03:24:51,GB,Legacy Oracle EBS,E,DER-002,Dermacare LiftCream,Aesthetic,Dermacare,E-commerce,11,31.62,GBP,0.0,347.82,347.82
TXN-GB-2-000438,2026-08-26 23:16:42,2026-08-26 23:17:42,GB,Legacy Oracle EBS,E,VIT-001,Vitalis C1000,Supplement,Vitalis,E-commerce,4,17.95,GBP,0.0,71.8,71.8
TXN-GB-2-000439,2026-08-26 05:13:26,2026-08-26 05:17:26,GB,Legacy Oracle EBS,E,SAN-002,SanaPlus ColdFlu,OTC,SanaPlus,E-commerce,11,8.97,GBP,0.1,98.67,88.8
TXN-GB-2-000440,2026-08-26 03:28:37,2026-08-26 03:29:37,GB,Legacy Oracle EBS,E,MED-001,Medora Cardio 10mg,Prescription,Medora,Wholesale,5,36.75,GBP,0.2,183.75,147.0
TXN-GB-2-000441,2026-08-26 22:14:07,2026-08-26 22:19:07,GB,Legacy Oracle EBS,E,PUR-001,PureLife GlucoMonitor,Medical Device,PureLife,Wholesale,2,72.65,GBP,0.0,145.3,145.3
TXN-GB-2-000442,2026-08-26 12:58:15,2026-08-26 13:01:15,GB,Legacy Oracle EBS,E,PUR-001,PureLife GlucoMonitor,Medical Device,PureLife,D2C,1,72.65,GBP,0.0,72.65,72.65
TXN-GB-2-000443,2026-08-26 08:57:16,2026-08-26 09:02:16,GB,Legacy Oracle EBS,E,MED-001,Medora Cardio 10mg,Prescription,Medora,Pharmacy/B2B,9,36.75,GBP,0.05,330.75,314.21
TXN-GB-2-000444,2026-08-26 14:53:41,2026-08-26 14:57:41,GB,Legacy Oracle EBS,E,SAN-002,SanaPlus ColdFlu,OTC,SanaPlus,Pharmacy/B2B,6,8.97,GBP,0.2,53.82,43.06
TXN-GB-2-000445,2026-08-26 07:36:14,2026-08-26 07:41:14,GB,Legacy Oracle EBS,E,VIT-002,Vitalis Multivit,Supplement,Vitalis,Wholesale,3,14.53,GBP,0.0,43.59,43.59
TXN-GB-2-000446,2026-08-26 08:47:50,2026-08-26 08:49:50,GB,Legacy Oracle EBS,E,PUR-002,PureLife BP Monitor,Medical Device,PureLife,E-commerce,7,76.92,GBP,0.0,538.44,538.44
TXN-GB-2-000447,2026-08-26 15:38:02,2026-08-26 15:43:02,GB,Legacy Oracle EBS,E,SAN-002,SanaPlus ColdFlu,OTC,SanaPlus,D2C,10,8.97,GBP,0.15,89.7,76.25
TXN-GB-2-000448,2026-08-26 11:19:10,2026-08-26 11:23:10,GB,Legacy Oracle EBS,E,SAN-002,SanaPlus ColdFlu,OTC,SanaPlus,E-commerce,1,8.97,GBP,0.0,8.97,8.97
TXN-GB-2-000449,2026-08-26 10:56:39,2026-08-26 11:01:39,GB,Legacy Oracle EBS,E,PUR-001,PureLife GlucoMonitor,Medical Device,PureLife,D2C,1,72.65,GBP,0.05,72.65,69.02
TXN-GB-2-000450,2026-08-26 07:43:55,2026-08-26 07:45:55,GB,Legacy Oracle EBS,E,SAN-002,SanaPlus ColdFlu,OTC,SanaPlus,Wholesale,10,8.97,GBP,0.0,89.7,89.7
TXN-GB-2-000451,2026-08-26 14:52:55,2026-08-26 14:54:55,GB,Legacy Oracle EBS,E,PUR-002,PureLife BP Monitor,Medical Device,PureLife,Pharmacy/B2B,8,76.92,GBP,0.05,615.36,584.59
TXN-GB-2-000452,2026-08-26 06:01:49,2026-08-26 06:05:49,GB,Legacy Oracle EBS,E,PUR-002,PureLife BP Monitor,Medical Device,PureLife,E-commerce,6,76.92,GBP,0.0,461.52,461.52
TXN-GB-2-000453,2026-08-26 07:38:46,2026-08-26 07:40:46,GB,Legacy Oracle EBS,E,MED-001,Medora Cardio 10mg,Prescription,Medora,Wholesale,7,36.75,GBP,0.0,257.25,257.25
TXN-GB-2-000454,2026-08-26 16:27:38,2026-08-26 16:29:38,GB,Legacy Oracle EBS,E,SAN-002,SanaPlus ColdFlu,OTC,SanaPlus,Pharmacy/B2B,8,8.97,GBP,0.0,71.76,71.76
TXN-GB-2-000455,2026-08-26 02:31:31,2026-08-26 02:33:31,GB,Legacy Oracle EBS,E,MED-001,Medora Cardio 10mg,Prescription,Medora,Pharmacy/B2B,9,36.75,GBP,0.0,330.75,330.75
TXN-GB-2-000456,2026-08-26 01:39:55,2026-08-26 01:43:55,GB,Legacy Oracle EBS,E,SAN-002,SanaPlus ColdFlu,OTC,SanaPlus,E-commerce,3,8.97,GBP,0.0,26.91,26.91
TXN-GB-2-000457,2026-08-26 17:26:20,2026-08-26 17:28:20,GB,Legacy Oracle EBS,E,SAN-001,SanaPlus PainRelief,OTC,SanaPlus,D2C,10,8.12,GBP,0.1,81.2,73.08
TXN-GB-2-000458,2026-08-26 08:08:57,2026-08-26 08:09:57,GB,Legacy Oracle EBS,E,DER-002,Dermacare LiftCream,Aesthetic,Dermacare,D2C,9,31.62,GBP,0.05,284.58,270.35
TXN-GB-2-000459,2026-08-26 18:23:26,2026-08-26 18:29:26,GB,Legacy Oracle EBS,E,DER-002,Dermacare LiftCream,Aesthetic,Dermacare,E-commerce,5,31.62,GBP,0.0,158.1,158.1
TXN-GB-2-000460,2026-08-26 12:47:17,2026-08-26 12:49:17,GB,Legacy Oracle EBS,E,PUR-001,PureLife GlucoMonitor,Medical Device,PureLife,Wholesale,8,72.65,GBP,0.15,581.2,494.02
TXN-GB-2-000461,2026-08-26 14:43:07,2026-08-26 14:47:07,GB,Legacy Oracle EBS,E,DER-002,Dermacare LiftCream,Aesthetic,Dermacare,Pharmacy/B2B,11,31.62,GBP,0.0,347.82,347.82
TXN-GB-2-000462,2026-08-26 17:30:16,2026-08-26 17:36:16,GB,Legacy Oracle EBS,E,VIT-002,Vitalis Multivit,Supplement,Vitalis,Wholesale,10,14.53,GBP,0.2,145.3,116.24
TXN-GB-2-000463,2026-08-26 14:44:29,2026-08-26 14:48:29,GB,Legacy Oracle EBS,E,VIT-001,Vitalis C1000,Supplement,Vitalis,Pharmacy/B2B,4,17.95,GBP,0.05,71.8,68.21
TXN-GB-2-000464,2026-08-26 16:08:31,2026-08-26 16:09:31,GB,Legacy Oracle EBS,E,PUR-002,PureLife BP Monitor,Medical Device,PureLife,D2C,11,76.92,GBP,0.05,846.12,803.81
TXN-GB-2-000465,2026-08-26 13:26:29,2026-08-26 13:27:29,GB,Legacy Oracle EBS,E,MED-002,Medora Derm Cream,Prescription,Medora,E-commerce,4,22.22,GBP,0.0,88.88,88.88
TXN-GB-2-000466,2026-08-26 17:35:24,2026-08-26 17:40:24,GB,Legacy Oracle EBS,E,VIT-001,Vitalis C1000,Supplement,Vitalis,E-commerce,4,17.95,GBP,0.15,71.8,61.03
TXN-GB-2-000467,2026-08-26 22:26:07,2026-08-26 22:29:07,GB,Legacy Oracle EBS,E,PUR-002,PureLife BP Monitor,Medical Device,PureLife,Wholesale,1,76.92,GBP,0.1,76.92,69.23
TXN-GB-2-000468,2026-08-26 08:00:57,2026-08-26 08:03:57,GB,Legacy Oracle EBS,E,MED-001,Medora Cardio 10mg,Prescription,Medora,Wholesale,3,36.75,GBP,0.05,110.25,104.74
TXN-GB-2-000469,2026-08-26 05:07:31,2026-08-26 05:12:31,GB,Legacy Oracle EBS,E,SAN-002,SanaPlus ColdFlu,OTC,SanaPlus,E-commerce,7,8.97,GBP,0.0,62.79,62.79
TXN-GB-2-000470,2026-08-26 11:14:53,2026-08-26 11:15:53,GB,Legacy Oracle EBS,E,SAN-001,SanaPlus PainRelief,OTC,SanaPlus,Wholesale,8,8.12,GBP,0.05,64.96,61.71
TXN-GB-2-000471,2026-08-26 23:04:29,2026-08-26 23:07:29,GB,Legacy Oracle EBS,E,SAN-002,SanaPlus ColdFlu,OTC,SanaPlus,D2C,2,8.97,GBP,0.1,17.94,16.15
TXN-GB-2-000472,2026-08-26 19:31:26,2026-08-26 19:33:26,GB,Legacy Oracle EBS,E,DER-001,Dermacare GlowSerum,Aesthetic,Dermacare,Pharmacy/B2B,9,27.35,GBP,0.1,246.15,221.53
TXN-GB-2-000473,2026-08-26 19:08:44,2026-08-26 19:13:44,GB,Legacy Oracle EBS,E,MED-001,Medora Cardio 10mg,Prescription,Medora,E-commerce,3,36.75,GBP,0.0,110.25,110.25
TXN-GB-2-000474,2026-08-26 15:58:41,2026-08-26 16:03:41,GB,Legacy Oracle EBS,E,DER-001,Dermacare GlowSerum,Aesthetic,Dermacare,D2C,5,27.35,GBP,0.15,136.75,116.24
TXN-GB-2-000475,2026-08-26 19:10:46,2026-08-26 19:11:46,GB,Legacy Oracle EBS,E,DER-002,Dermacare LiftCream,Aesthetic,Dermacare,D2C,6,31.62,GBP,0.0,189.72,189.72
TXN-GB-2-000476,2026-08-26 12:13:13,2026-08-26 12:19:13,GB,Legacy Oracle EBS,E,VIT-002,Vitalis Multivit,Supplement,Vitalis,Pharmacy/B2B,11,14.53,GBP,0.0,159.83,159.83
TXN-GB-2-000477,2026-08-26 12:47:26,2026-08-26 12:50:26,GB,Legacy Oracle EBS,E,VIT-001,Vitalis C1000,Supplement,Vitalis,D2C,1,17.95,GBP,0.0,17.95,17.95
TXN-GB-2-000478,2026-08-26 07:00:25,2026-08-26 07:01:25,GB,Legacy Oracle EBS,E,PUR-001,PureLife GlucoMonitor,Medical Device,PureLife,Wholesale,4,72.65,GBP,0.15,290.6,247.01
TXN-GB-2-000479,2026-08-26 17:18:57,2026-08-26 17:22:57,GB,Legacy Oracle EBS,E,MED-001,Medora Cardio 10mg,Prescription,Medora,E-commerce,8,36.75,GBP,0.1,294.0,264.6
TXN-GB-2-000480,2026-08-26 17:15:23,2026-08-26 17:16:23,GB,Legacy Oracle EBS,E,VIT-002,Vitalis Multivit,Supplement,Vitalis,E-commerce,3,14.53,GBP,0.2,43.59,34.87
TXN-GB-2-000481,2026-08-26 04:08:15,2026-08-26 04:14:15,GB,Legacy Oracle EBS,E,SAN-002,SanaPlus ColdFlu,OTC,SanaPlus,E-commerce,11,8.97,GBP,0.05,98.67,93.74
TXN-GB-2-000482,2026-08-26 07:34:51,2026-08-26 07:35:51,GB,Legacy Oracle EBS,E,VIT-002,Vitalis Multivit,Supplement,Vitalis,E-commerce,9,14.53,GBP,0.2,130.77,104.62
TXN-GB-2-000483,2026-08-26 12:33:23,2026-08-26 12:38:23,GB,Legacy Oracle EBS,E,DER-001,Dermacare GlowSerum,Aesthetic,Dermacare,Wholesale,5,27.35,GBP,0.0,136.75,136.75
TXN-GB-2-000484,2026-08-26 22:54:30,2026-08-26 22:58:30,GB,Legacy Oracle EBS,E,MED-001,Medora Cardio 10mg,Prescription,Medora,D2C,9,36.75,GBP,0.15,330.75,281.14
TXN-GB-2-000485,2026-08-26 22:33:01,2026-08-26 22:38:01,GB,Legacy Oracle EBS,E,PUR-001,PureLife GlucoMonitor,Medical Device,PureLife,E-commerce,4,72.65,GBP,0.05,290.6,276.07
TXN-GB-2-000486,2026-08-26 05:00:14,2026-08-26 05:06:14,GB,Legacy Oracle EBS,E,PUR-001,PureLife GlucoMonitor,Medical Device,PureLife,Pharmacy/B2B,8,72.65,GBP,0.15,581.2,494.02
TXN-GB-2-000487,2026-08-26 11:31:41,2026-08-26 11:32:41,GB,Legacy Oracle EBS,E,DER-001,Dermacare GlowSerum,Aesthetic,Dermacare,Pharmacy/B2B,12,27.35,GBP,0.1,328.2,295.38
TXN-GB-2-000488,2026-08-26 10:41:14,2026-08-26 10:47:14,GB,Legacy Oracle EBS,E,DER-002,Dermacare LiftCream,Aesthetic,Dermacare,Pharmacy/B2B,9,31.62,GBP,0.2,284.58,227.66
TXN-GB-2-000489,2026-08-26 18:36:24,2026-08-26 18:41:24,GB,Legacy Oracle EBS,E,MED-001,Medora Cardio 10mg,Prescription,Medora,Wholesale,11,36.75,GBP,0.1,404.25,363.82
TXN-GB-2-000490,2026-08-26 23:21:42,2026-08-26 23:27:42,GB,Legacy Oracle EBS,E,SAN-002,SanaPlus ColdFlu,OTC,SanaPlus,Pharmacy/B2B,4,8.97,GBP,0.0,35.88,35.88
TXN-GB-2-000491,2026-08-26 21:18:51,2026-08-26 21:19:51,GB,Legacy Oracle EBS,E,SAN-001,SanaPlus PainRelief,OTC,SanaPlus,E-commerce,10,8.12,GBP,0.05,81.2,77.14
TXN-GB-2-000492,2026-08-26 16:18:46,2026-08-26 16:20:46,GB,Legacy Oracle EBS,E,MED-001,Medora Cardio 10mg,Prescription,Medora,Wholesale,5,36.75,GBP,0.05,183.75,174.56
TXN-GB-2-000493,2026-08-26 19:57:45,2026-08-26 20:03:45,GB,Legacy Oracle EBS,E,DER-001,Dermacare GlowSerum,Aesthetic,Dermacare,E-commerce,9,27.35,GBP,0.05,246.15,233.84
TXN-GB-2-000494,2026-08-26 10:47:41,2026-08-26 10:51:41,GB,Legacy Oracle EBS,E,MED-002,Medora Derm Cream,Prescription,Medora,Pharmacy/B2B,12,22.22,GBP,0.05,266.64,253.31
TXN-GB-2-000495,2026-08-26 19:58:13,2026-08-26 20:04:13,GB,Legacy Oracle EBS,E,MED-002,Medora Derm Cream,Prescription,Medora,E-commerce,8,22.22,GBP,0.05,177.76,168.87
TXN-GB-2-000496,2026-08-26 21:53:36,2026-08-26 21:56:36,GB,Legacy Oracle EBS,E,PUR-002,PureLife BP Monitor,Medical Device,PureLife,Pharmacy/B2B,8,76.92,GBP,0.05,615.36,584.59
TXN-GB-2-000497,2026-08-26 11:50:51,2026-08-26 11:53:51,GB,Legacy Oracle EBS,E,PUR-001,PureLife GlucoMonitor,Medical Device,PureLife,E-commerce,4,72.65,GBP,0.1,290.6,261.54
TXN-GB-2-000498,2026-08-26 02:22:10,2026-08-26 02:26:10,GB,Legacy Oracle EBS,E,VIT-001,Vitalis C1000,Supplement,Vitalis,Wholesale,1,17.95,GBP,0.0,17.95,17.95
TXN-GB-2-000499,2026-08-26 22:45:07,2026-08-26 22:46:07,GB,Legacy Oracle EBS,E,SAN-001,SanaPlus PainRelief,OTC,SanaPlus,Pharmacy/B2B,9,8.12,GBP,0.2,73.08,58.46
TXN-GB-2-000500,2026-08-26 13:13:15,2026-08-26 13:17:15,GB,Legacy Oracle EBS,E,VIT-001,Vitalis C1000,Supplement,Vitalis,E-commerce,4,17.95,GBP,0.0,71.8,71.8
TXN-GB-2-000501,2026-08-26 19:21:55,2026-08-26 19:27:55,GB,Legacy Oracle EBS,E,VIT-002,Vitalis Multivit,Supplement,Vitalis,Pharmacy/B2B,7,14.53,GBP,0.05,101.71,96.62
TXN-GB-2-000502,2026-08-26 06:32:22,2026-08-26 06:37:22,GB,Legacy Oracle EBS,E,MED-001,Medora Cardio 10mg,Prescription,Medora,Pharmacy/B2B,4,36.75,GBP,0.05,147.0,139.65
TXN-GB-2-000503,2026-08-26 05:06:58,2026-08-26 05:12:58,GB,Legacy Oracle EBS,E,SAN-001,SanaPlus PainRelief,OTC,SanaPlus,Wholesale,1,8.12,GBP,0.15,8.12,6.9
TXN-GB-2-000504,2026-08-26 21:17:04,2026-08-26 21:23:04,GB,Legacy Oracle EBS,E,SAN-001,SanaPlus PainRelief,OTC,SanaPlus,Pharmacy/B2B,12,8.12,GBP,0.1,97.44,87.7
TXN-GB-2-000505,2026-08-26 13:01:33,2026-08-26 13:02:33,GB,Legacy Oracle EBS,E,VIT-002,Vitalis Multivit,Supplement,Vitalis,Pharmacy/B2B,8,14.53,GBP,0.0,116.24,116.24
TXN-GB-2-000506,2026-08-26 11:54:46,2026-08-26 11:57:46,GB,Legacy Oracle EBS,E,VIT-001,Vitalis C1000,Supplement,Vitalis,Pharmacy/B2B,11,17.95,GBP,0.0,197.45,197.45
TXN-GB-2-000507,2026-08-26 07:12:35,2026-08-26 07:15:35,GB,Legacy Oracle EBS,E,PUR-002,PureLife BP Monitor,Medical Device,PureLife,E-commerce,11,76.92,GBP,0.0,846.12,846.12
TXN-GB-2-000508,2026-08-26 13:20:49,2026-08-26 13:24:49,GB,Legacy Oracle EBS,E,MED-001,Medora Cardio 10mg,Prescription,Medora,E-commerce,10,36.75,GBP,0.15,367.5,312.38
TXN-GB-2-000509,2026-08-26 04:47:09,2026-08-26 04:53:09,GB,Legacy Oracle EBS,E,VIT-001,Vitalis C1000,Supplement,Vitalis,Wholesale,4,17.95,GBP,0.2,71.8,57.44
TXN-GB-2-000510,2026-08-26 00:04:46,2026-08-26 00:06:46,GB,Legacy Oracle EBS,E,MED-001,Medora Cardio 10mg,Prescription,Medora,Wholesale,9,36.75,GBP,0.2,330.75,264.6
TXN-GB-2-000511,2026-08-26 08:31:21,2026-08-26 08:37:21,GB,Legacy Oracle EBS,E,DER-002,Dermacare LiftCream,Aesthetic,Dermacare,Pharmacy/B2B,11,31.62,GBP,0.05,347.82,330.43
TXN-GB-2-000512,2026-08-26 09:28:17,2026-08-26 09:30:17,GB,Legacy Oracle EBS,E,PUR-002,PureLife BP Monitor,Medical Device,PureLife,D2C,12,76.92,GBP,0.05,923.04,876.89
TXN-GB-2-000513,2026-08-26 03:40:37,2026-08-26 03:42:37,GB,Legacy Oracle EBS,E,SAN-002,SanaPlus ColdFlu,OTC,SanaPlus,Wholesale,10,8.97,GBP,0.1,89.7,80.73
TXN-GB-2-000514,2026-08-26 04:28:17,2026-08-26 04:34:17,GB,Legacy Oracle EBS,E,VIT-001,Vitalis C1000,Supplement,Vitalis,E-commerce,4,17.95,GBP,0.2,71.8,57.44
TXN-GB-2-000515,2026-08-26 04:16:24,2026-08-26 04:22:24,GB,Legacy Oracle EBS,E,DER-001,Dermacare GlowSerum,Aesthetic,Dermacare,Pharmacy/B2B,4,27.35,GBP,0.0,109.4,109.4
TXN-GB-2-000516,2026-08-26 19:38:13,2026-08-26 19:44:13,GB,Legacy Oracle EBS,E,PUR-002,PureLife BP Monitor,Medical Device,PureLife,E-commerce,11,76.92,GBP,0.2,846.12,676.9
TXN-GB-2-000517,2026-08-26 13:32:15,2026-08-26 13:36:15,GB,Legacy Oracle EBS,E,VIT-002,Vitalis Multivit,Supplement,Vitalis,Pharmacy/B2B,2,14.53,GBP,0.0,29.06,29.06
TXN-GB-2-000518,2026-08-26 00:46:59,2026-08-26 00:48:59,GB,Legacy Oracle EBS,E,MED-002,Medora Derm Cream,Prescription,Medora,D2C,4,22.22,GBP,0.0,88.88,88.88
TXN-GB-2-000519,2026-08-26 18:31:38,2026-08-26 18:32:38,GB,Legacy Oracle EBS,E,SAN-001,SanaPlus PainRelief,OTC,SanaPlus,Pharmacy/B2B,3,8.12,GBP,0.05,24.36,23.14
TXN-GB-2-000520,2026-08-26 15:01:43,2026-08-26 15:02:43,GB,Legacy Oracle EBS,E,DER-002,Dermacare LiftCream,Aesthetic,Dermacare,Wholesale,9,31.62,GBP,0.0,284.58,284.58
TXN-GB-2-000521,2026-08-26 06:08:35,2026-08-26 06:14:35,GB,Legacy Oracle EBS,E,PUR-001,PureLife GlucoMonitor,Medical Device,PureLife,E-commerce,4,72.65,GBP,0.0,290.6,290.6
TXN-GB-2-000522,2026-08-26 07:58:49,2026-08-26 08:01:49,GB,Legacy Oracle EBS,E,SAN-002,SanaPlus ColdFlu,OTC,SanaPlus,D2C,3,8.97,GBP,0.15,26.91,22.87
TXN-GB-2-000523,2026-08-26 05:18:49,2026-08-26 05:24:49,GB,Legacy Oracle EBS,E,VIT-002,Vitalis Multivit,Supplement,Vitalis,Pharmacy/B2B,12,14.53,GBP,0.05,174.36,165.64
TXN-GB-2-000524,2026-08-26 18:10:52,2026-08-26 18:15:52,GB,Legacy Oracle EBS,E,MED-002,Medora Derm Cream,Prescription,Medora,Wholesale,3,22.22,GBP,0.2,66.66,53.33
TXN-GB-2-000525,2026-08-26 04:04:11,2026-08-26 04:10:11,GB,Legacy Oracle EBS,E,SAN-001,SanaPlus PainRelief,OTC,SanaPlus,E-commerce,8,8.12,GBP,0.05,64.96,61.71
TXN-GB-2-000526,2026-08-26 13:13:09,2026-08-26 13:19:09,GB,Legacy Oracle EBS,E,DER-001,Dermacare GlowSerum,Aesthetic,Dermacare,D2C,8,27.35,GBP,0.2,218.8,175.04
TXN-GB-2-000527,2026-08-26 00:47:02,2026-08-26 00:51:02,GB,Legacy Oracle EBS,E,DER-001,Dermacare GlowSerum,Aesthetic,Dermacare,E-commerce,2,27.35,GBP,0.15,54.7,46.5
TXN-GB-2-000528,2026-08-26 09:15:56,2026-08-26 09:16:56,GB,Legacy Oracle EBS,E,DER-001,Dermacare GlowSerum,Aesthetic,Dermacare,E-commerce,6,27.35,GBP,0.0,164.1,164.1
TXN-GB-2-000529,2026-08-26 05:03:59,2026-08-26 05:04:59,GB,Legacy Oracle EBS,E,SAN-001,SanaPlus PainRelief,OTC,SanaPlus,E-commerce,2,8.12,GBP,0.0,16.24,16.24
TXN-GB-2-000530,2026-08-26 13:44:07,2026-08-26 13:50:07,GB,Legacy Oracle EBS,E,MED-002,Medora Derm Cream,Prescription,Medora,Pharmacy/B2B,5,22.22,GBP,0.0,111.1,111.1
TXN-GB-2-000531,2026-08-26 01:41:56,2026-08-26 01:47:56,GB,Legacy Oracle EBS,E,DER-001,Dermacare GlowSerum,Aesthetic,Dermacare,D2C,6,27.35,GBP,0.0,164.1,164.1
TXN-GB-2-000532,2026-08-26 18:19:38,2026-08-26 18:21:38,GB,Legacy Oracle EBS,E,MED-001,Medora Cardio 10mg,Prescription,Medora,Pharmacy/B2B,11,36.75,GBP,0.1,404.25,363.82
TXN-GB-2-000533,2026-08-26 09:16:26,2026-08-26 09:17:26,GB,Legacy Oracle EBS,E,VIT-001,Vitalis C1000,Supplement,Vitalis,D2C,5,17.95,GBP,0.0,89.75,89.75
TXN-GB-2-000534,2026-08-26 04:31:49,2026-08-26 04:35:49,GB,Legacy Oracle EBS,E,MED-002,Medora Derm Cream,Prescription,Medora,D2C,7,22.22,GBP,0.0,155.54,155.54
TXN-GB-2-000535,2026-08-26 09:00:30,2026-08-26 09:04:30,GB,Legacy Oracle EBS,E,MED-001,Medora Cardio 10mg,Prescription,Medora,E-commerce,4,36.75,GBP,0.15,147.0,124.95
TXN-GB-2-000536,2026-08-26 18:37:34,2026-08-26 18:43:34,GB,Legacy Oracle EBS,E,DER-002,Dermacare LiftCream,Aesthetic,Dermacare,E-commerce,3,31.62,GBP,0.15,94.86,80.63
TXN-GB-2-000537,2026-08-26 08:07:11,2026-08-26 08:09:11,GB,Legacy Oracle EBS,E,VIT-002,Vitalis Multivit,Supplement,Vitalis,Wholesale,8,14.53,GBP,0.05,116.24,110.43
TXN-GB-2-000538,2026-08-26 00:53:35,2026-08-26 00:58:35,GB,Legacy Oracle EBS,E,PUR-001,PureLife GlucoMonitor,Medical Device,PureLife,D2C,4,72.65,GBP,0.2,290.6,232.48
TXN-GB-2-000539,2026-08-26 10:51:19,2026-08-26 10:53:19,GB,Legacy Oracle EBS,E,SAN-002,SanaPlus ColdFlu,OTC,SanaPlus,Pharmacy/B2B,8,8.97,GBP,0.0,71.76,71.76
TXN-GB-2-000540,2026-08-26 04:26:00,2026-08-26 04:28:00,GB,Legacy Oracle EBS,E,SAN-002,SanaPlus ColdFlu,OTC,SanaPlus,Pharmacy/B2B,11,8.97,GBP,0.0,98.67,98.67
TXN-GB-2-000541,2026-08-26 04:23:47,2026-08-26 04:26:47,GB,Legacy Oracle EBS,E,SAN-002,SanaPlus ColdFlu,OTC,SanaPlus,D2C,3,8.97,GBP,0.0,26.91,26.91
TXN-GB-2-000542,2026-08-26 20:21:34,2026-08-26 20:26:34,GB,Legacy Oracle EBS,E,PUR-002,PureLife BP Monitor,Medical Device,PureLife,E-commerce,1,76.92,GBP,0.2,76.92,61.54
TXN-GB-2-000543,2026-08-26 18:23:26,2026-08-26 18:27:26,GB,Legacy Oracle EBS,E,MED-002,Medora Derm Cream,Prescription,Medora,E-commerce,1,22.22,GBP,0.2,22.22,17.78
TXN-GB-2-000544,2026-08-26 03:43:05,2026-08-26 03:47:05,GB,Legacy Oracle EBS,E,MED-002,Medora Derm Cream,Prescription,Medora,Pharmacy/B2B,5,22.22,GBP,0.2,111.1,88.88
TXN-GB-2-000545,2026-08-26 02:30:14,2026-08-26 02:31:14,GB,Legacy Oracle EBS,E,VIT-001,Vitalis C1000,Supplement,Vitalis,Pharmacy/B2B,11,17.95,GBP,0.0,197.45,197.45
TXN-GB-2-000546,2026-08-26 14:01:04,2026-08-26 14:02:04,GB,Legacy Oracle EBS,E,MED-001,Medora Cardio 10mg,Prescription,Medora,Pharmacy/B2B,7,36.75,GBP,0.15,257.25,218.66
TXN-GB-2-000547,2026-08-26 04:18:37,2026-08-26 04:19:37,GB,Legacy Oracle EBS,E,VIT-001,Vitalis C1000,Supplement,Vitalis,Wholesale,8,17.95,GBP,0.0,143.6,143.6
TXN-GB-2-000548,2026-08-26 15:14:00,2026-08-26 15:20:00,GB,Legacy Oracle EBS,E,PUR-002,PureLife BP Monitor,Medical Device,PureLife,Wholesale,8,76.92,GBP,0.1,615.36,553.82
TXN-GB-2-000549,2026-08-26 00:55:07,2026-08-26 00:57:07,GB,Legacy Oracle EBS,E,SAN-001,SanaPlus PainRelief,OTC,SanaPlus,E-commerce,2,8.12,GBP,0.05,16.24,15.43
TXN-GB-2-000550,2026-08-26 08:28:40,2026-08-26 08:34:40,GB,Legacy Oracle EBS,E,PUR-002,PureLife BP Monitor,Medical Device,PureLife,E-commerce,12,76.92,GBP,0.2,923.04,738.43
TXN-GB-2-000551,2026-08-26 11:03:56,2026-08-26 11:08:56,GB,Legacy Oracle EBS,E,VIT-002,Vitalis Multivit,Supplement,Vitalis,D2C,6,14.53,GBP,0.05,87.18,82.82
TXN-GB-2-000552,2026-08-26 11:21:33,2026-08-26 11:26:33,GB,Legacy Oracle EBS,E,MED-001,Medora Cardio 10mg,Prescription,Medora,D2C,8,36.75,GBP,0.0,294.0,294.0
TXN-GB-2-000553,2026-08-26 17:45:11,2026-08-26 17:46:11,GB,Legacy Oracle EBS,E,DER-002,Dermacare LiftCream,Aesthetic,Dermacare,Wholesale,2,31.62,GBP,0.0,63.24,63.24
TXN-GB-2-000554,2026-08-26 12:10:25,2026-08-26 12:14:25,GB,Legacy Oracle EBS,E,SAN-001,SanaPlus PainRelief,OTC,SanaPlus,Wholesale,5,8.12,GBP,0.0,40.6,40.6
TXN-GB-2-000555,2026-08-26 05:33:19,2026-08-26 05:35:19,GB,Legacy Oracle EBS,E,SAN-001,SanaPlus PainRelief,OTC,SanaPlus,Wholesale,10,8.12,GBP,0.05,81.2,77.14
TXN-GB-2-000556,2026-08-26 08:28:22,2026-08-26 08:29:22,GB,Legacy Oracle EBS,E,PUR-001,PureLife GlucoMonitor,Medical Device,PureLife,Pharmacy/B2B,6,72.65,GBP,0.1,435.9,392.31
TXN-GB-2-000557,2026-08-26 21:40:27,2026-08-26 21:45:27,GB,Legacy Oracle EBS,E,DER-001,Dermacare GlowSerum,Aesthetic,Dermacare,Pharmacy/B2B,10,27.35,GBP,0.1,273.5,246.15
TXN-GB-2-000558,2026-08-26 07:09:59,2026-08-26 07:15:59,GB,Legacy Oracle EBS,E,VIT-001,Vitalis C1000,Supplement,Vitalis,Wholesale,4,17.95,GBP,0.0,71.8,71.8
TXN-GB-2-000559,2026-08-26 07:08:47,2026-08-26 07:09:47,GB,Legacy Oracle EBS,E,PUR-002,PureLife BP Monitor,Medical Device,PureLife,E-commerce,7,76.92,GBP,0.0,538.44,538.44
TXN-GB-2-000560,2026-08-26 00:42:34,2026-08-26 00:45:34,GB,Legacy Oracle EBS,E,PUR-001,PureLife GlucoMonitor,Medical Device,PureLife,E-commerce,5,72.65,GBP,0.0,363.25,363.25
TXN-GB-2-000561,2026-08-26 04:03:24,2026-08-26 04:06:24,GB,Legacy Oracle EBS,E,VIT-001,Vitalis C1000,Supplement,Vitalis,Pharmacy/B2B,8,17.95,GBP,0.2,143.6,114.88
TXN-GB-2-000562,2026-08-26 07:32:58,2026-08-26 07:37:58,GB,Legacy Oracle EBS,E,MED-002,Medora Derm Cream,Prescription,Medora,Pharmacy/B2B,2,22.22,GBP,0.15,44.44,37.77
TXN-GB-2-000563,2026-08-26 18:59:53,2026-08-26 19:04:53,GB,Legacy Oracle EBS,E,DER-002,Dermacare LiftCream,Aesthetic,Dermacare,E-commerce,12,31.62,GBP,0.0,379.44,379.44
TXN-GB-2-000564,2026-08-26 22:45:59,2026-08-26 22:47:59,GB,Legacy Oracle EBS,E,SAN-001,SanaPlus PainRelief,OTC,SanaPlus,Wholesale,2,8.12,GBP,0.0,16.24,16.24
TXN-GB-2-000565,2026-08-26 05:54:47,2026-08-26 05:57:47,GB,Legacy Oracle EBS,E,PUR-001,PureLife GlucoMonitor,Medical Device,PureLife,Wholesale,8,72.65,GBP,0.2,581.2,464.96
TXN-GB-2-000566,2026-08-26 08:31:06,2026-08-26 08:36:06,GB,Legacy Oracle EBS,E,MED-001,Medora Cardio 10mg,Prescription,Medora,E-commerce,2,36.75,GBP,0.2,73.5,58.8
TXN-GB-2-000567,2026-08-26 14:06:57,2026-08-26 14:11:57,GB,Legacy Oracle EBS,E,DER-002,Dermacare LiftCream,Aesthetic,Dermacare,E-commerce,9,31.62,GBP,0.0,284.58,284.58
TXN-GB-2-000568,2026-08-26 19:38:28,2026-08-26 19:43:28,GB,Legacy Oracle EBS,E,SAN-002,SanaPlus ColdFlu,OTC,SanaPlus,D2C,1,8.97,GBP,0.05,8.97,8.52
TXN-GB-2-000569,2026-08-26 08:48:13,2026-08-26 08:51:13,GB,Legacy Oracle EBS,E,VIT-002,Vitalis Multivit,Supplement,Vitalis,Pharmacy/B2B,10,14.53,GBP,0.0,145.3,145.3
TXN-GB-2-000570,2026-08-26 19:59:14,2026-08-26 20:02:14,GB,Legacy Oracle EBS,E,DER-002,Dermacare LiftCream,Aesthetic,Dermacare,E-commerce,5,31.62,GBP,0.05,158.1,150.19
TXN-GB-2-000571,2026-08-26 22:31:31,2026-08-26 22:36:31,GB,Legacy Oracle EBS,E,DER-001,Dermacare GlowSerum,Aesthetic,Dermacare,Wholesale,6,27.35,GBP,0.15,164.1,139.48
TXN-GB-2-000572,2026-08-26 20:01:22,2026-08-26 20:06:22,GB,Legacy Oracle EBS,E,DER-002,Dermacare LiftCream,Aesthetic,Dermacare,Pharmacy/B2B,2,31.62,GBP,0.0,63.24,63.24
TXN-GB-2-000573,2026-08-26 10:26:32,2026-08-26 10:28:32,GB,Legacy Oracle EBS,E,VIT-001,Vitalis C1000,Supplement,Vitalis,Wholesale,1,17.95,GBP,0.1,17.95,16.16
TXN-GB-2-000574,2026-08-26 13:23:22,2026-08-26 13:26:22,GB,Legacy Oracle EBS,E,DER-002,Dermacare LiftCream,Aesthetic,Dermacare,Wholesale,11,31.62,GBP,0.2,347.82,278.26
TXN-GB-2-000575,2026-08-26 05:42:14,2026-08-26 05:43:14,GB,Legacy Oracle EBS,E,MED-001,Medora Cardio 10mg,Prescription,Medora,D2C,12,36.75,GBP,0.0,441.0,441.0
TXN-GB-2-000576,2026-08-26 15:06:36,2026-08-26 15:11:36,GB,Legacy Oracle EBS,E,PUR-001,PureLife GlucoMonitor,Medical Device,PureLife,Pharmacy/B2B,9,72.65,GBP,0.1,653.85,588.47
TXN-GB-2-000577,2026-08-26 15:44:01,2026-08-26 15:47:01,GB,Legacy Oracle EBS,E,VIT-002,Vitalis Multivit,Supplement,Vitalis,D2C,12,14.53,GBP,0.2,174.36,139.49
TXN-GB-2-000578,2026-08-26 08:57:30,2026-08-26 09:02:30,GB,Legacy Oracle EBS,E,VIT-001,Vitalis C1000,Supplement,Vitalis,Pharmacy/B2B,2,17.95,GBP,0.1,35.9,32.31
TXN-GB-2-000579,2026-08-26 17:04:25,2026-08-26 17:08:25,GB,Legacy Oracle EBS,E,DER-001,Dermacare GlowSerum,Aesthetic,Dermacare,Wholesale,12,27.35,GBP,0.0,328.2,328.2
TXN-GB-2-000580,2026-08-26 05:57:37,2026-08-26 06:02:37,GB,Legacy Oracle EBS,E,SAN-001,SanaPlus PainRelief,OTC,SanaPlus,D2C,12,8.12,GBP,0.0,97.44,97.44
TXN-GB-2-000581,2026-08-26 02:31:30,2026-08-26 02:34:30,GB,Legacy Oracle EBS,E,VIT-002,Vitalis Multivit,Supplement,Vitalis,Pharmacy/B2B,10,14.53,GBP,0.0,145.3,145.3
TXN-GB-2-000582,2026-08-26 05:27:03,2026-08-26 05:33:03,GB,Legacy Oracle EBS,E,DER-002,Dermacare LiftCream,Aesthetic,Dermacare,Pharmacy/B2B,8,31.62,GBP,0.0,252.96,252.96
TXN-GB-2-000583,2026-08-26 14:02:35,2026-08-26 14:06:35,GB,Legacy Oracle EBS,E,VIT-001,Vitalis C1000,Supplement,Vitalis,Pharmacy/B2B,7,17.95,GBP,0.15,125.65,106.8
TXN-GB-2-000584,2026-08-26 05:30:37,2026-08-26 05:34:37,GB,Legacy Oracle EBS,E,VIT-001,Vitalis C1000,Supplement,Vitalis,D2C,5,17.95,GBP,0.05,89.75,85.26
TXN-GB-2-000585,2026-08-26 00:25:39,2026-08-26 00:30:39,GB,Legacy Oracle EBS,E,PUR-002,PureLife BP Monitor,Medical Device,PureLife,Wholesale,8,76.92,GBP,0.0,615.36,615.36
TXN-GB-2-000586,2026-08-26 13:16:37,2026-08-26 13:17:37,GB,Legacy Oracle EBS,E,DER-002,Dermacare LiftCream,Aesthetic,Dermacare,Pharmacy/B2B,7,31.62,GBP,0.0,221.34,221.34
TXN-GB-2-000587,2026-08-26 08:28:44,2026-08-26 08:33:44,GB,Legacy Oracle EBS,E,VIT-001,Vitalis C1000,Supplement,Vitalis,D2C,3,17.95,GBP,0.05,53.85,51.16
TXN-GB-2-000588,2026-08-26 12:38:38,2026-08-26 12:44:38,GB,Legacy Oracle EBS,E,SAN-002,SanaPlus ColdFlu,OTC,SanaPlus,D2C,12,8.97,GBP,0.15,107.64,91.49
TXN-GB-2-000589,2026-08-26 16:10:10,2026-08-26 16:13:10,GB,Legacy Oracle EBS,E,DER-002,Dermacare LiftCream,Aesthetic,Dermacare,Wholesale,11,31.62,GBP,0.1,347.82,313.04
TXN-GB-2-000590,2026-08-26 04:27:56,2026-08-26 04:28:56,GB,Legacy Oracle EBS,E,VIT-001,Vitalis C1000,Supplement,Vitalis,Pharmacy/B2B,1,17.95,GBP,0.2,17.95,14.36
TXN-GB-2-000591,2026-08-26 13:01:27,2026-08-26 13:05:27,GB,Legacy Oracle EBS,E,SAN-002,SanaPlus ColdFlu,OTC,SanaPlus,D2C,6,8.97,GBP,0.0,53.82,53.82
TXN-GB-2-000592,2026-08-26 01:46:15,2026-08-26 01:52:15,GB,Legacy Oracle EBS,E,SAN-001,SanaPlus PainRelief,OTC,SanaPlus,Pharmacy/B2B,8,8.12,GBP,0.2,64.96,51.97
TXN-GB-2-000593,2026-08-26 10:07:37,2026-08-26 10:09:37,GB,Legacy Oracle EBS,E,PUR-002,PureLife BP Monitor,Medical Device,PureLife,E-commerce,9,76.92,GBP,0.05,692.28,657.67
TXN-GB-2-000594,2026-08-26 05:44:52,2026-08-26 05:50:52,GB,Legacy Oracle EBS,E,DER-002,Dermacare LiftCream,Aesthetic,Dermacare,Pharmacy/B2B,8,31.62,GBP,0.15,252.96,215.02
TXN-GB-2-000595,2026-08-26 13:09:36,2026-08-26 13:14:36,GB,Legacy Oracle EBS,E,VIT-002,Vitalis Multivit,Supplement,Vitalis,E-commerce,6,14.53,GBP,0.1,87.18,78.46
TXN-GB-2-000596,2026-08-26 23:47:27,2026-08-26 23:49:27,GB,Legacy Oracle EBS,E,SAN-001,SanaPlus PainRelief,OTC,SanaPlus,E-commerce,4,8.12,GBP,0.1,32.48,29.23
TXN-GB-2-000597,2026-08-26 10:54:38,2026-08-26 10:57:38,GB,Legacy Oracle EBS,E,PUR-001,PureLife GlucoMonitor,Medical Device,PureLife,E-commerce,4,72.65,GBP,0.15,290.6,247.01
TXN-GB-2-000598,2026-08-26 05:28:32,2026-08-26 05:33:32,GB,Legacy Oracle EBS,E,PUR-002,PureLife BP Monitor,Medical Device,PureLife,Pharmacy/B2B,2,76.92,GBP,0.15,153.84,130.76
TXN-GB-2-000599,2026-08-26 17:09:58,2026-08-26 17:10:58,GB,Legacy Oracle EBS,E,MED-001,Medora Cardio 10mg,Prescription,Medora,Wholesale,4,36.75,GBP,0.05,147.0,139.65
TXN-GB-2-000600,2026-08-26 19:07:05,2026-08-26 19:08:05,GB,Legacy Oracle EBS,E,MED-002,Medora Derm Cream,Prescription,Medora,Wholesale,9,22.22,GBP,0.2,199.98,159.98
TXN-GB-2-000601,2026-08-26 21:24:15,2026-08-26 21:26:15,GB,Legacy Oracle EBS,E,PUR-001,PureLife GlucoMonitor,Medical Device,PureLife,E-commerce,10,72.65,GBP,0.15,726.5,617.52
TXN-GB-2-000602,2026-08-26 12:30:30,2026-08-26 12:33:30,GB,Legacy Oracle EBS,E,VIT-002,Vitalis Multivit,Supplement,Vitalis,D2C,11,14.53,GBP,0.0,159.83,159.83
TXN-GB-2-000603,2026-08-26 18:10:27,2026-08-26 18:16:27,GB,Legacy Oracle EBS,E,MED-002,Medora Derm Cream,Prescription,Medora,E-commerce,9,22.22,GBP,0.0,199.98,199.98
TXN-GB-2-000604,2026-08-26 02:01:02,2026-08-26 02:03:02,GB,Legacy Oracle EBS,E,PUR-001,PureLife GlucoMonitor,Medical Device,PureLife,D2C,1,72.65,GBP,0.2,72.65,58.12
TXN-GB-2-000605,2026-08-26 13:24:08,2026-08-26 13:29:08,GB,Legacy Oracle EBS,E,PUR-001,PureLife GlucoMonitor,Medical Device,PureLife,Wholesale,1,72.65,GBP,0.0,72.65,72.65
TXN-GB-2-000606,2026-08-26 22:19:49,2026-08-26 22:25:49,GB,Legacy Oracle EBS,E,MED-002,Medora Derm Cream,Prescription,Medora,E-commerce,2,22.22,GBP,0.1,44.44,40.0
TXN-GB-2-000607,2026-08-26 23:43:59,2026-08-26 23:47:59,GB,Legacy Oracle EBS,E,VIT-002,Vitalis Multivit,Supplement,Vitalis,E-commerce,4,14.53,GBP,0.15,58.12,49.4
TXN-GB-2-000608,2026-08-26 06:59:40,2026-08-26 07:02:40,GB,Legacy Oracle EBS,E,MED-002,Medora Derm Cream,Prescription,Medora,D2C,1,22.22,GBP,0.1,22.22,20.0
TXN-GB-2-000609,2026-08-26 15:05:03,2026-08-26 15:07:03,GB,Legacy Oracle EBS,E,VIT-002,Vitalis Multivit,Supplement,Vitalis,E-commerce,5,14.53,GBP,0.0,72.65,72.65
TXN-GB-2-000610,2026-08-26 00:56:30,2026-08-26 01:02:30,GB,Legacy Oracle EBS,E,SAN-002,SanaPlus ColdFlu,OTC,SanaPlus,E-commerce,9,8.97,GBP,0.15,80.73,68.62
TXN-GB-2-000611,2026-08-26 22:24:34,2026-08-26 22:29:34,GB,Legacy Oracle EBS,E,VIT-002,Vitalis Multivit,Supplement,Vitalis,E-commerce,4,14.53,GBP,0.0,58.12,58.12
TXN-GB-2-000612,2026-08-26 16:13:46,2026-08-26 16:19:46,GB,Legacy Oracle EBS,E,PUR-001,PureLife GlucoMonitor,Medical Device,PureLife,Wholesale,4,72.65,GBP,0.15,290.6,247.01
TXN-GB-2-000613,2026-08-26 23:58:04,2026-08-27 00:00:04,GB,Legacy Oracle EBS,E,SAN-002,SanaPlus ColdFlu,OTC,SanaPlus,Pharmacy/B2B,6,8.97,GBP,0.2,53.82,43.06
TXN-GB-2-000614,2026-08-26 20:00:18,2026-08-26 20:02:18,GB,Legacy Oracle EBS,E,PUR-002,PureLife BP Monitor,Medical Device,PureLife,D2C,10,76.92,GBP,0.15,769.2,653.82
TXN-GB-2-000615,2026-08-26 18:20:31,2026-08-26 18:21:31,GB,Legacy Oracle EBS,E,SAN-001,SanaPlus PainRelief,OTC,SanaPlus,Pharmacy/B2B,6,8.12,GBP,0.1,48.72,43.85
TXN-GB-2-000616,2026-08-26 12:10:15,2026-08-26 12:11:15,GB,Legacy Oracle EBS,E,SAN-002,SanaPlus ColdFlu,OTC,SanaPlus,D2C,7,8.97,GBP,0.05,62.79,59.65
TXN-GB-2-000617,2026-08-26 09:58:57,2026-08-26 10:02:57,GB,Legacy Oracle EBS,E,SAN-001,SanaPlus PainRelief,OTC,SanaPlus,E-commerce,3,8.12,GBP,0.05,24.36,23.14
TXN-GB-2-000618,2026-08-26 07:14:31,2026-08-26 07:15:31,GB,Legacy Oracle EBS,E,MED-001,Medora Cardio 10mg,Prescription,Medora,Wholesale,4,36.75,GBP,0.05,147.0,139.65
TXN-GB-2-000619,2026-08-26 10:40:08,2026-08-26 10:44:08,GB,Legacy Oracle EBS,E,MED-001,Medora Cardio 10mg,Prescription,Medora,D2C,9,36.75,GBP,0.05,330.75,314.21
TXN-GB-2-000620,2026-08-26 02:10:50,2026-08-26 02:13:50,GB,Legacy Oracle EBS,E,VIT-001,Vitalis C1000,Supplement,Vitalis,Pharmacy/B2B,5,17.95,GBP,0.15,89.75,76.29
TXN-GB-2-000621,2026-08-26 19:41:33,2026-08-26 19:46:33,GB,Legacy Oracle EBS,E,MED-002,Medora Derm Cream,Prescription,Medora,E-commerce,10,22.22,GBP,0.0,222.2,222.2
TXN-GB-2-000622,2026-08-26 22:55:01,2026-08-26 22:58:01,GB,Legacy Oracle EBS,E,DER-002,Dermacare LiftCream,Aesthetic,Dermacare,Wholesale,4,31.62,GBP,0.0,126.48,126.48
TXN-GB-2-000623,2026-08-26 23:08:24,2026-08-26 23:14:24,GB,Legacy Oracle EBS,E,DER-002,Dermacare LiftCream,Aesthetic,Dermacare,Wholesale,10,31.62,GBP,0.1,316.2,284.58
TXN-GB-2-000624,2026-08-26 08:43:17,2026-08-26 08:48:17,GB,Legacy Oracle EBS,E,MED-001,Medora Cardio 10mg,Prescription,Medora,D2C,8,36.75,GBP,0.2,294.0,235.2
TXN-GB-2-000625,2026-08-26 01:28:59,2026-08-26 01:29:59,GB,Legacy Oracle EBS,E,VIT-002,Vitalis Multivit,Supplement,Vitalis,Pharmacy/B2B,4,14.53,GBP,0.05,58.12,55.21
TXN-GB-2-000626,2026-08-26 15:39:00,2026-08-26 15:40:00,GB,Legacy Oracle EBS,E,SAN-001,SanaPlus PainRelief,OTC,SanaPlus,Pharmacy/B2B,10,8.12,GBP,0.0,81.2,81.2
TXN-GB-2-000627,2026-08-26 17:57:16,2026-08-26 18:02:16,GB,Legacy Oracle EBS,E,PUR-002,PureLife BP Monitor,Medical Device,PureLife,Wholesale,1,76.92,GBP,0.2,76.92,61.54
TXN-GB-2-000628,2026-08-26 12:04:41,2026-08-26 12:08:41,GB,Legacy Oracle EBS,E,PUR-002,PureLife BP Monitor,Medical Device,PureLife,Wholesale,4,76.92,GBP,0.0,307.68,307.68
TXN-GB-2-000629,2026-08-26 00:44:41,2026-08-26 00:49:41,GB,Legacy Oracle EBS,E,MED-001,Medora Cardio 10mg,Prescription,Medora,E-commerce,8,36.75,GBP,0.15,294.0,249.9
TXN-GB-2-000630,2026-08-26 02:32:05,2026-08-26 02:34:05,GB,Legacy Oracle EBS,E,DER-001,Dermacare GlowSerum,Aesthetic,Dermacare,E-commerce,3,27.35,GBP,0.0,82.05,82.05
TXN-GB-2-000631,2026-08-26 13:22:47,2026-08-26 13:26:47,GB,Legacy Oracle EBS,E,PUR-001,PureLife GlucoMonitor,Medical Device,PureLife,D2C,2,72.65,GBP,0.1,145.3,130.77
TXN-GB-2-000632,2026-08-26 00:20:13,2026-08-26 00:22:13,GB,Legacy Oracle EBS,E,VIT-001,Vitalis C1000,Supplement,Vitalis,E-commerce,3,17.95,GBP,0.0,53.85,53.85
TXN-GB-2-000633,2026-08-26 04:15:19,2026-08-26 04:17:19,GB,Legacy Oracle EBS,E,PUR-001,PureLife GlucoMonitor,Medical Device,PureLife,Wholesale,10,72.65,GBP,0.15,726.5,617.52
TXN-GB-2-000634,2026-08-26 02:28:34,2026-08-26 02:33:34,GB,Legacy Oracle EBS,E,DER-001,Dermacare GlowSerum,Aesthetic,Dermacare,Wholesale,1,27.35,GBP,0.05,27.35,25.98
TXN-GB-2-000635,2026-08-26 00:31:40,2026-08-26 00:36:40,GB,Legacy Oracle EBS,E,SAN-001,SanaPlus PainRelief,OTC,SanaPlus,Pharmacy/B2B,12,8.12,GBP,0.2,97.44,77.95
TXN-GB-2-000636,2026-08-26 21:10:41,2026-08-26 21:13:41,GB,Legacy Oracle EBS,E,DER-002,Dermacare LiftCream,Aesthetic,Dermacare,E-commerce,5,31.62,GBP,0.0,158.1,158.1
TXN-GB-2-000637,2026-08-26 14:57:54,2026-08-26 15:02:54,GB,Legacy Oracle EBS,E,SAN-002,SanaPlus ColdFlu,OTC,SanaPlus,D2C,6,8.97,GBP,0.15,53.82,45.75
TXN-GB-2-000638,2026-08-26 07:35:45,2026-08-26 07:41:45,GB,Legacy Oracle EBS,E,DER-001,Dermacare GlowSerum,Aesthetic,Dermacare,Pharmacy/B2B,11,27.35,GBP,0.0,300.85,300.85
TXN-GB-2-000639,2026-08-26 12:43:02,2026-08-26 12:45:02,GB,Legacy Oracle EBS,E,SAN-001,SanaPlus PainRelief,OTC,SanaPlus,Pharmacy/B2B,6,8.12,GBP,0.0,48.72,48.72
TXN-GB-2-000640,2026-08-26 10:42:02,2026-08-26 10:46:02,GB,Legacy Oracle EBS,E,SAN-001,SanaPlus PainRelief,OTC,SanaPlus,E-commerce,11,8.12,GBP,0.2,89.32,71.46
TXN-GB-2-000641,2026-08-26 07:43:27,2026-08-26 07:44:27,GB,Legacy Oracle EBS,E,PUR-001,PureLife GlucoMonitor,Medical Device,PureLife,Pharmacy/B2B,1,72.65,GBP,0.05,72.65,69.02
TXN-GB-2-000642,2026-08-26 22:39:12,2026-08-26 22:44:12,GB,Legacy Oracle EBS,E,VIT-002,Vitalis Multivit,Supplement,Vitalis,D2C,6,14.53,GBP,0.05,87.18,82.82
TXN-GB-2-000643,2026-08-26 13:01:19,2026-08-26 13:02:19,GB,Legacy Oracle EBS,E,VIT-002,Vitalis Multivit,Supplement,Vitalis,Pharmacy/B2B,8,14.53,GBP,0.15,116.24,98.8
TXN-GB-2-000644,2026-08-26 06:08:04,2026-08-26 06:12:04,GB,Legacy Oracle EBS,E,DER-002,Dermacare LiftCream,Aesthetic,Dermacare,D2C,11,31.62,GBP,0.2,347.82,278.26
TXN-GB-2-000645,2026-08-26 11:44:11,2026-08-26 11:46:11,GB,Legacy Oracle EBS,E,VIT-002,Vitalis Multivit,Supplement,Vitalis,Wholesale,3,14.53,GBP,0.0,43.59,43.59
TXN-GB-2-000646,2026-08-26 20:53:33,2026-08-26 20:58:33,GB,Legacy Oracle EBS,E,PUR-002,PureLife BP Monitor,Medical Device,PureLife,Pharmacy/B2B,8,76.92,GBP,0.2,615.36,492.29
TXN-GB-2-000647,2026-08-26 20:01:59,2026-08-26 20:02:59,GB,Legacy Oracle EBS,E,VIT-001,Vitalis C1000,Supplement,Vitalis,Wholesale,2,17.95,GBP,0.0,35.9,35.9
TXN-GB-2-000648,2026-08-26 06:46:20,2026-08-26 06:48:20,GB,Legacy Oracle EBS,E,DER-002,Dermacare LiftCream,Aesthetic,Dermacare,E-commerce,8,31.62,GBP,0.2,252.96,202.37
TXN-GB-2-000649,2026-08-26 05:52:22,2026-08-26 05:58:22,GB,Legacy Oracle EBS,E,VIT-001,Vitalis C1000,Supplement,Vitalis,Wholesale,4,17.95,GBP,0.2,71.8,57.44
TXN-GB-2-000650,2026-08-26 19:13:26,2026-08-26 19:17:26,GB,Legacy Oracle EBS,E,MED-002,Medora Derm Cream,Prescription,Medora,Wholesale,2,22.22,GBP,0.05,44.44,42.22
TXN-GB-2-000651,2026-08-26 20:27:50,2026-08-26 20:28:50,GB,Legacy Oracle EBS,E,VIT-002,Vitalis Multivit,Supplement,Vitalis,E-commerce,6,14.53,GBP,0.1,87.18,78.46
TXN-GB-2-000652,2026-08-26 03:46:34,2026-08-26 03:50:34,GB,Legacy Oracle EBS,E,PUR-001,PureLife GlucoMonitor,Medical Device,PureLife,Pharmacy/B2B,1,72.65,GBP,0.2,72.65,58.12
TXN-GB-2-000653,2026-08-26 13:04:04,2026-08-26 13:06:04,GB,Legacy Oracle EBS,E,SAN-001,SanaPlus PainRelief,OTC,SanaPlus,D2C,1,8.12,GBP,0.0,8.12,8.12
TXN-GB-2-000654,2026-08-26 11:26:00,2026-08-26 11:30:00,GB,Legacy Oracle EBS,E,PUR-001,PureLife GlucoMonitor,Medical Device,PureLife,E-commerce,6,72.65,GBP,0.0,435.9,435.9
TXN-GB-2-000655,2026-08-26 06:28:43,2026-08-26 06:29:43,GB,Legacy Oracle EBS,E,MED-002,Medora Derm Cream,Prescription,Medora,E-commerce,11,22.22,GBP,0.2,244.42,195.54
TXN-GB-2-000656,2026-08-26 22:56:42,2026-08-26 22:59:42,GB,Legacy Oracle EBS,E,DER-002,Dermacare LiftCream,Aesthetic,Dermacare,Wholesale,2,31.62,GBP,0.0,63.24,63.24
TXN-GB-2-000657,2026-08-26 09:31:59,2026-08-26 09:34:59,GB,Legacy Oracle EBS,E,MED-001,Medora Cardio 10mg,Prescription,Medora,Pharmacy/B2B,6,36.75,GBP,0.05,220.5,209.47
TXN-GB-2-000658,2026-08-26 21:16:25,2026-08-26 21:21:25,GB,Legacy Oracle EBS,E,DER-002,Dermacare LiftCream,Aesthetic,Dermacare,D2C,4,31.62,GBP,0.0,126.48,126.48
TXN-GB-2-000659,2026-08-26 12:24:49,2026-08-26 12:26:49,GB,Legacy Oracle EBS,E,VIT-001,Vitalis C1000,Supplement,Vitalis,Wholesale,12,17.95,GBP,0.1,215.4,193.86
TXN-GB-2-000660,2026-08-26 03:04:10,2026-08-26 03:05:10,GB,Legacy Oracle EBS,E,MED-001,Medora Cardio 10mg,Prescription,Medora,Wholesale,5,36.75,GBP,0.05,183.75,174.56
TXN-GB-2-000661,2026-08-26 12:46:46,2026-08-26 12:49:46,GB,Legacy Oracle EBS,E,MED-001,Medora Cardio 10mg,Prescription,Medora,Wholesale,6,36.75,GBP,0.2,220.5,176.4
TXN-GB-2-000662,2026-08-26 08:37:03,2026-08-26 08:38:03,GB,Legacy Oracle EBS,E,VIT-001,Vitalis C1000,Supplement,Vitalis,Pharmacy/B2B,1,17.95,GBP,0.05,17.95,17.05
TXN-GB-2-000663,2026-08-26 19:33:49,2026-08-26 19:39:49,GB,Legacy Oracle EBS,E,DER-001,Dermacare GlowSerum,Aesthetic,Dermacare,D2C,11,27.35,GBP,0.0,300.85,300.85
TXN-GB-2-000664,2026-08-26 06:52:13,2026-08-26 06:54:13,GB,Legacy Oracle EBS,E,MED-001,Medora Cardio 10mg,Prescription,Medora,D2C,3,36.75,GBP,0.2,110.25,88.2
TXN-GB-2-000665,2026-08-26 00:48:24,2026-08-26 00:54:24,GB,Legacy Oracle EBS,E,SAN-001,SanaPlus PainRelief,OTC,SanaPlus,E-commerce,3,8.12,GBP,0.0,24.36,24.36
TXN-GB-2-000666,2026-08-26 16:55:38,2026-08-26 16:56:38,GB,Legacy Oracle EBS,E,SAN-001,SanaPlus PainRelief,OTC,SanaPlus,E-commerce,9,8.12,GBP,0.0,73.08,73.08
TXN-GB-2-000667,2026-08-26 18:14:36,2026-08-26 18:17:36,GB,Legacy Oracle EBS,E,MED-001,Medora Cardio 10mg,Prescription,Medora,Pharmacy/B2B,4,36.75,GBP,0.05,147.0,139.65
TXN-GB-2-000668,2026-08-26 17:34:11,2026-08-26 17:36:11,GB,Legacy Oracle EBS,E,SAN-001,SanaPlus PainRelief,OTC,SanaPlus,D2C,1,8.12,GBP,0.1,8.12,7.31
TXN-GB-2-000669,2026-08-26 22:24:20,2026-08-26 22:26:20,GB,Legacy Oracle EBS,E,VIT-001,Vitalis C1000,Supplement,Vitalis,Pharmacy/B2B,1,17.95,GBP,0.1,17.95,16.16
TXN-GB-2-000670,2026-08-26 11:33:00,2026-08-26 11:39:00,GB,Legacy Oracle EBS,E,PUR-001,PureLife GlucoMonitor,Medical Device,PureLife,Wholesale,6,72.65,GBP,0.0,435.9,435.9
TXN-GB-2-000671,2026-08-26 02:21:46,2026-08-26 02:26:46,GB,Legacy Oracle EBS,E,VIT-002,Vitalis Multivit,Supplement,Vitalis,E-commerce,7,14.53,GBP,0.1,101.71,91.54
TXN-GB-2-000672,2026-08-26 10:50:08,2026-08-26 10:53:08,GB,Legacy Oracle EBS,E,DER-001,Dermacare GlowSerum,Aesthetic,Dermacare,D2C,4,27.35,GBP,0.0,109.4,109.4
TXN-GB-2-000673,2026-08-26 00:42:51,2026-08-26 00:44:51,GB,Legacy Oracle EBS,E,PUR-002,PureLife BP Monitor,Medical Device,PureLife,Pharmacy/B2B,12,76.92,GBP,0.0,923.04,923.04
TXN-GB-2-000674,2026-08-26 00:58:54,2026-08-26 01:03:54,GB,Legacy Oracle EBS,E,DER-002,Dermacare LiftCream,Aesthetic,Dermacare,Wholesale,11,31.62,GBP,0.0,347.82,347.82
TXN-GB-2-000675,2026-08-26 18:55:09,2026-08-26 18:57:09,GB,Legacy Oracle EBS,E,SAN-002,SanaPlus ColdFlu,OTC,SanaPlus,Wholesale,2,8.97,GBP,0.15,17.94,15.25
TXN-GB-2-000676,2026-08-26 17:07:08,2026-08-26 17:12:08,GB,Legacy Oracle EBS,E,DER-001,Dermacare GlowSerum,Aesthetic,Dermacare,E-commerce,1,27.35,GBP,0.1,27.35,24.62
TXN-GB-2-000677,2026-08-26 21:39:12,2026-08-26 21:41:12,GB,Legacy Oracle EBS,E,DER-002,Dermacare LiftCream,Aesthetic,Dermacare,Wholesale,10,31.62,GBP,0.0,316.2,316.2
TXN-GB-2-000678,2026-08-26 09:07:46,2026-08-26 09:12:46,GB,Legacy Oracle EBS,E,VIT-002,Vitalis Multivit,Supplement,Vitalis,E-commerce,10,14.53,GBP,0.0,145.3,145.3
TXN-GB-2-000679,2026-08-26 18:55:10,2026-08-26 18:56:10,GB,Legacy Oracle EBS,E,DER-002,Dermacare LiftCream,Aesthetic,Dermacare,D2C,3,31.62,GBP,0.05,94.86,90.12
TXN-GB-2-000680,2026-08-26 18:18:21,2026-08-26 18:23:21,GB,Legacy Oracle EBS,E,MED-001,Medora Cardio 10mg,Prescription,Medora,Pharmacy/B2B,8,36.75,GBP,0.0,294.0,294.0
TXN-GB-2-000681,2026-08-26 02:13:14,2026-08-26 02:14:14,GB,Legacy Oracle EBS,E,DER-002,Dermacare LiftCream,Aesthetic,Dermacare,Wholesale,6,31.62,GBP,0.0,189.72,189.72
TXN-GB-2-000682,2026-08-26 16:26:10,2026-08-26 16:29:10,GB,Legacy Oracle EBS,E,MED-001,Medora Cardio 10mg,Prescription,Medora,E-commerce,11,36.75,GBP,0.0,404.25,404.25
TXN-GB-2-000683,2026-08-26 15:13:33,2026-08-26 15:19:33,GB,Legacy Oracle EBS,E,PUR-001,PureLife GlucoMonitor,Medical Device,PureLife,Pharmacy/B2B,6,72.65,GBP,0.05,435.9,414.1
TXN-GB-2-000684,2026-08-26 06:57:51,2026-08-26 07:01:51,GB,Legacy Oracle EBS,E,DER-001,Dermacare GlowSerum,Aesthetic,Dermacare,D2C,12,27.35,GBP,0.0,328.2,328.2
TXN-GB-2-000685,2026-08-26 22:10:28,2026-08-26 22:16:28,GB,Legacy Oracle EBS,E,DER-001,Dermacare GlowSerum,Aesthetic,Dermacare,Pharmacy/B2B,2,27.35,GBP,0.0,54.7,54.7
TXN-GB-2-000686,2026-08-26 00:56:40,2026-08-26 00:57:40,GB,Legacy Oracle EBS,E,VIT-002,Vitalis Multivit,Supplement,Vitalis,Pharmacy/B2B,9,14.53,GBP,0.15,130.77,111.15
TXN-GB-2-000687,2026-08-26 04:26:32,2026-08-26 04:32:32,GB,Legacy Oracle EBS,E,PUR-002,PureLife BP Monitor,Medical Device,PureLife,Wholesale,12,76.92,GBP,0.0,923.04,923.04
TXN-GB-2-000688,2026-08-26 11:10:57,2026-08-26 11:14:57,GB,Legacy Oracle EBS,E,DER-001,Dermacare GlowSerum,Aesthetic,Dermacare,D2C,10,27.35,GBP,0.0,273.5,273.5
TXN-GB-2-000689,2026-08-26 10:48:21,2026-08-26 10:51:21,GB,Legacy Oracle EBS,E,MED-001,Medora Cardio 10mg,Prescription,Medora,D2C,1,36.75,GBP,0.0,36.75,36.75
TXN-GB-2-000690,2026-08-26 17:51:39,2026-08-26 17:53:39,GB,Legacy Oracle EBS,E,MED-002,Medora Derm Cream,Prescription,Medora,E-commerce,1,22.22,GBP,0.0,22.22,22.22
TXN-GB-2-000691,2026-08-26 03:20:41,2026-08-26 03:25:41,GB,Legacy Oracle EBS,E,MED-001,Medora Cardio 10mg,Prescription,Medora,D2C,9,36.75,GBP,0.0,330.75,330.75
TXN-GB-2-000692,2026-08-26 21:20:28,2026-08-26 21:24:28,GB,Legacy Oracle EBS,E,MED-001,Medora Cardio 10mg,Prescription,Medora,D2C,7,36.75,GBP,0.0,257.25,257.25
TXN-GB-2-000693,2026-08-26 02:01:46,2026-08-26 02:06:46,GB,Legacy Oracle EBS,E,DER-002,Dermacare LiftCream,Aesthetic,Dermacare,E-commerce,9,31.62,GBP,0.0,284.58,284.58
TXN-GB-2-000694,2026-08-26 08:01:48,2026-08-26 08:03:48,GB,Legacy Oracle EBS,E,VIT-001,Vitalis C1000,Supplement,Vitalis,Pharmacy/B2B,6,17.95,GBP,0.2,107.7,86.16
TXN-GB-2-000695,2026-08-26 14:14:40,2026-08-26 14:16:40,GB,Legacy Oracle EBS,E,SAN-001,SanaPlus PainRelief,OTC,SanaPlus,E-commerce,10,8.12,GBP,0.15,81.2,69.02
TXN-GB-2-000696,2026-08-26 17:42:05,2026-08-26 17:46:05,GB,Legacy Oracle EBS,E,PUR-001,PureLife GlucoMonitor,Medical Device,PureLife,E-commerce,11,72.65,GBP,0.0,799.15,799.15
TXN-GB-2-000697,2026-08-26 04:40:26,2026-08-26 04:42:26,GB,Legacy Oracle EBS,E,PUR-001,PureLife GlucoMonitor,Medical Device,PureLife,Pharmacy/B2B,6,72.65,GBP,0.2,435.9,348.72
TXN-GB-2-000698,2026-08-26 10:15:17,2026-08-26 10:19:17,GB,Legacy Oracle EBS,E,SAN-001,SanaPlus PainRelief,OTC,SanaPlus,E-commerce,12,8.12,GBP,0.0,97.44,97.44
TXN-GB-2-000699,2026-08-26 23:28:15,2026-08-26 23:33:15,GB,Legacy Oracle EBS,E,PUR-002,PureLife BP Monitor,Medical Device,PureLife,D2C,6,76.92,GBP,0.2,461.52,369.22
TXN-GB-2-000700,2026-08-26 16:18:00,2026-08-26 16:21:00,GB,Legacy Oracle EBS,E,SAN-002,SanaPlus ColdFlu,OTC,SanaPlus,E-commerce,9,8.97,GBP,0.0,80.73,80.73
TXN-GB-2-000701,2026-08-26 13:11:31,2026-08-26 13:12:31,GB,Legacy Oracle EBS,E,DER-001,Dermacare GlowSerum,Aesthetic,Dermacare,D2C,12,27.35,GBP,0.0,328.2,328.2
TXN-GB-2-000702,2026-08-26 02:37:06,2026-08-26 02:39:06,GB,Legacy Oracle EBS,E,PUR-002,PureLife BP Monitor,Medical Device,PureLife,Pharmacy/B2B,8,76.92,GBP,0.15,615.36,523.06
TXN-GB-2-000703,2026-08-26 09:58:52,2026-08-26 10:01:52,GB,Legacy Oracle EBS,E,VIT-002,Vitalis Multivit,Supplement,Vitalis,E-commerce,10,14.53,GBP,0.05,145.3,138.03
TXN-GB-2-000704,2026-08-26 20:42:18,2026-08-26 20:44:18,GB,Legacy Oracle EBS,E,MED-001,Medora Cardio 10mg,Prescription,Medora,E-commerce,3,36.75,GBP,0.0,110.25,110.25
TXN-GB-2-000705,2026-08-26 04:29:39,2026-08-26 04:31:39,GB,Legacy Oracle EBS,E,VIT-002,Vitalis Multivit,Supplement,Vitalis,Wholesale,11,14.53,GBP,0.0,159.83,159.83
TXN-GB-2-000706,2026-08-26 23:55:54,2026-08-26 23:57:54,GB,Legacy Oracle EBS,E,VIT-001,Vitalis C1000,Supplement,Vitalis,E-commerce,9,17.95,GBP,0.1,161.55,145.4
TXN-GB-2-000707,2026-08-26 19:25:55,2026-08-26 19:30:55,GB,Legacy Oracle EBS,E,DER-002,Dermacare LiftCream,Aesthetic,Dermacare,Pharmacy/B2B,11,31.62,GBP,0.0,347.82,347.82
TXN-GB-2-000708,2026-08-26 15:47:42,2026-08-26 15:48:42,GB,Legacy Oracle EBS,E,MED-001,Medora Cardio 10mg,Prescription,Medora,D2C,3,36.75,GBP,0.0,110.25,110.25
TXN-GB-2-000709,2026-08-26 15:25:04,2026-08-26 15:26:04,GB,Legacy Oracle EBS,E,MED-001,Medora Cardio 10mg,Prescription,Medora,D2C,2,36.75,GBP,0.0,73.5,73.5
TXN-GB-2-000710,2026-08-26 14:02:52,2026-08-26 14:07:52,GB,Legacy Oracle EBS,E,DER-002,Dermacare LiftCream,Aesthetic,Dermacare,Wholesale,11,31.62,GBP,0.15,347.82,295.65
TXN-GB-2-000711,2026-08-26 16:49:12,2026-08-26 16:52:12,GB,Legacy Oracle EBS,E,VIT-002,Vitalis Multivit,Supplement,Vitalis,E-commerce,4,14.53,GBP,0.1,58.12,52.31
TXN-GB-2-000712,2026-08-26 14:18:12,2026-08-26 14:20:12,GB,Legacy Oracle EBS,E,DER-002,Dermacare LiftCream,Aesthetic,Dermacare,Wholesale,4,31.62,GBP,0.05,126.48,120.16
TXN-GB-2-000713,2026-08-26 10:45:35,2026-08-26 10:47:35,GB,Legacy Oracle EBS,E,MED-002,Medora Derm Cream,Prescription,Medora,Wholesale,9,22.22,GBP,0.0,199.98,199.98
TXN-GB-2-000714,2026-08-26 17:09:35,2026-08-26 17:11:35,GB,Legacy Oracle EBS,E,VIT-001,Vitalis C1000,Supplement,Vitalis,Pharmacy/B2B,12,17.95,GBP,0.0,215.4,215.4
TXN-GB-2-000715,2026-08-26 08:08:08,2026-08-26 08:12:08,GB,Legacy Oracle EBS,E,PUR-002,PureLife BP Monitor,Medical Device,PureLife,Pharmacy/B2B,8,76.92,GBP,0.15,615.36,523.06
TXN-GB-2-000716,2026-08-26 10:43:53,2026-08-26 10:45:53,GB,Legacy Oracle EBS,E,VIT-002,Vitalis Multivit,Supplement,Vitalis,Pharmacy/B2B,11,14.53,GBP,0.1,159.83,143.85
TXN-GB-2-000717,2026-08-26 15:52:02,2026-08-26 15:57:02,GB,Legacy Oracle EBS,E,MED-002,Medora Derm Cream,Prescription,Medora,Pharmacy/B2B,9,22.22,GBP,0.0,199.98,199.98
TXN-GB-2-000718,2026-08-26 20:52:33,2026-08-26 20:57:33,GB,Legacy Oracle EBS,E,MED-002,Medora Derm Cream,Prescription,Medora,Wholesale,5,22.22,GBP,0.0,111.1,111.1
TXN-GB-2-000719,2026-08-26 11:58:57,2026-08-26 12:04:57,GB,Legacy Oracle EBS,E,VIT-001,Vitalis C1000,Supplement,Vitalis,Wholesale,6,17.95,GBP,0.15,107.7,91.55
TXN-GB-2-000720,2026-08-26 07:14:34,2026-08-26 07:18:34,GB,Legacy Oracle EBS,E,MED-001,Medora Cardio 10mg,Prescription,Medora,Pharmacy/B2B,5,36.75,GBP,0.0,183.75,183.75
TXN-GB-2-000721,2026-08-26 01:13:59,2026-08-26 01:15:59,GB,Legacy Oracle EBS,E,VIT-002,Vitalis Multivit,Supplement,Vitalis,E-commerce,7,14.53,GBP,0.2,101.71,81.37
TXN-GB-2-000722,2026-08-26 05:49:49,2026-08-26 05:54:49,GB,Legacy Oracle EBS,E,DER-001,Dermacare GlowSerum,Aesthetic,Dermacare,D2C,2,27.35,GBP,0.0,54.7,54.7
TXN-GB-2-000723,2026-08-26 14:16:34,2026-08-26 14:21:34,GB,Legacy Oracle EBS,E,VIT-001,Vitalis C1000,Supplement,Vitalis,Wholesale,8,17.95,GBP,0.15,143.6,122.06
TXN-GB-2-000724,2026-08-26 01:48:00,2026-08-26 01:50:00,GB,Legacy Oracle EBS,E,PUR-001,PureLife GlucoMonitor,Medical Device,PureLife,E-commerce,11,72.65,GBP,0.15,799.15,679.28
TXN-GB-2-000725,2026-08-26 02:35:10,2026-08-26 02:41:10,GB,Legacy Oracle EBS,E,VIT-002,Vitalis Multivit,Supplement,Vitalis,Wholesale,11,14.53,GBP,0.0,159.83,159.83
TXN-GB-2-000726,2026-08-26 21:11:13,2026-08-26 21:12:13,GB,Legacy Oracle EBS,E,VIT-002,Vitalis Multivit,Supplement,Vitalis,Wholesale,12,14.53,GBP,0.0,174.36,174.36
TXN-GB-2-000727,2026-08-26 16:24:03,2026-08-26 16:25:03,GB,Legacy Oracle EBS,E,DER-001,Dermacare GlowSerum,Aesthetic,Dermacare,Wholesale,3,27.35,GBP,0.1,82.05,73.84
TXN-GB-2-000728,2026-08-26 23:41:07,2026-08-26 23:43:07,GB,Legacy Oracle EBS,E,MED-002,Medora Derm Cream,Prescription,Medora,Pharmacy/B2B,2,22.22,GBP,0.0,44.44,44.44
TXN-GB-2-000729,2026-08-26 03:01:59,2026-08-26 03:06:59,GB,Legacy Oracle EBS,E,SAN-002,SanaPlus ColdFlu,OTC,SanaPlus,D2C,5,8.97,GBP,0.0,44.85,44.85
TXN-GB-2-000730,2026-08-26 13:38:55,2026-08-26 13:42:55,GB,Legacy Oracle EBS,E,SAN-001,SanaPlus PainRelief,OTC,SanaPlus,D2C,9,8.12,GBP,0.05,73.08,69.43
TXN-GB-2-000731,2026-08-26 00:49:54,2026-08-26 00:51:54,GB,Legacy Oracle EBS,E,PUR-001,PureLife GlucoMonitor,Medical Device,PureLife,Pharmacy/B2B,12,72.65,GBP,0.05,871.8,828.21
TXN-GB-2-000732,2026-08-26 03:33:00,2026-08-26 03:37:00,GB,Legacy Oracle EBS,E,SAN-001,SanaPlus PainRelief,OTC,SanaPlus,Wholesale,5,8.12,GBP,0.1,40.6,36.54
TXN-GB-2-000733,2026-08-26 00:48:40,2026-08-26 00:52:40,GB,Legacy Oracle EBS,E,PUR-002,PureLife BP Monitor,Medical Device,PureLife,E-commerce,4,76.92,GBP,0.0,307.68,307.68
TXN-GB-2-000734,2026-08-26 19:08:52,2026-08-26 19:11:52,GB,Legacy Oracle EBS,E,VIT-002,Vitalis Multivit,Supplement,Vitalis,E-commerce,8,14.53,GBP,0.0,116.24,116.24
TXN-GB-2-000735,2026-08-26 14:26:22,2026-08-26 14:28:22,GB,Legacy Oracle EBS,E,VIT-002,Vitalis Multivit,Supplement,Vitalis,Pharmacy/B2B,12,14.53,GBP,0.0,174.36,174.36
TXN-GB-2-000736,2026-08-26 16:11:27,2026-08-26 16:15:27,GB,Legacy Oracle EBS,E,VIT-001,Vitalis C1000,Supplement,Vitalis,Pharmacy/B2B,12,17.95,GBP,0.2,215.4,172.32
TXN-GB-2-000737,2026-08-26 16:49:24,2026-08-26 16:51:24,GB,Legacy Oracle EBS,E,DER-001,Dermacare GlowSerum,Aesthetic,Dermacare,Wholesale,10,27.35,GBP,0.0,273.5,273.5
TXN-GB-2-000738,2026-08-26 04:26:52,2026-08-26 04:31:52,GB,Legacy Oracle EBS,E,SAN-002,SanaPlus ColdFlu,OTC,SanaPlus,D2C,3,8.97,GBP,0.15,26.91,22.87
TXN-GB-2-000739,2026-08-26 23:41:30,2026-08-26 23:42:30,GB,Legacy Oracle EBS,E,PUR-001,PureLife GlucoMonitor,Medical Device,PureLife,Wholesale,3,72.65,GBP,0.0,217.95,217.95
TXN-GB-2-000740,2026-08-26 08:04:19,2026-08-26 08:09:19,GB,Legacy Oracle EBS,E,SAN-002,SanaPlus ColdFlu,OTC,SanaPlus,Wholesale,4,8.97,GBP,0.1,35.88,32.29
TXN-GB-2-000741,2026-08-26 09:36:23,2026-08-26 09:42:23,GB,Legacy Oracle EBS,E,PUR-001,PureLife GlucoMonitor,Medical Device,PureLife,Wholesale,5,72.65,GBP,0.0,363.25,363.25
TXN-GB-2-000742,2026-08-26 04:52:13,2026-08-26 04:55:13,GB,Legacy Oracle EBS,E,VIT-002,Vitalis Multivit,Supplement,Vitalis,D2C,10,14.53,GBP,0.0,145.3,145.3
TXN-GB-2-000743,2026-08-26 21:29:00,2026-08-26 21:31:00,GB,Legacy Oracle EBS,E,SAN-001,SanaPlus PainRelief,OTC,SanaPlus,E-commerce,7,8.12,GBP,0.2,56.84,45.47
TXN-GB-2-000744,2026-08-26 21:17:39,2026-08-26 21:19:39,GB,Legacy Oracle EBS,E,DER-001,Dermacare GlowSerum,Aesthetic,Dermacare,E-commerce,5,27.35,GBP,0.0,136.75,136.75
TXN-GB-2-000745,2026-08-26 10:54:17,2026-08-26 10:59:17,GB,Legacy Oracle EBS,E,VIT-002,Vitalis Multivit,Supplement,Vitalis,Pharmacy/B2B,5,14.53,GBP,0.0,72.65,72.65
TXN-GB-2-000746,2026-08-26 00:39:44,2026-08-26 00:42:44,GB,Legacy Oracle EBS,E,SAN-001,SanaPlus PainRelief,OTC,SanaPlus,D2C,11,8.12,GBP,0.2,89.32,71.46
TXN-GB-2-000747,2026-08-26 19:17:20,2026-08-26 19:22:20,GB,Legacy Oracle EBS,E,DER-001,Dermacare GlowSerum,Aesthetic,Dermacare,Pharmacy/B2B,2,27.35,GBP,0.1,54.7,49.23
TXN-GB-2-000748,2026-08-26 08:12:30,2026-08-26 08:18:30,GB,Legacy Oracle EBS,E,DER-002,Dermacare LiftCream,Aesthetic,Dermacare,Wholesale,3,31.62,GBP,0.1,94.86,85.37
TXN-GB-2-000749,2026-08-26 14:10:48,2026-08-26 14:14:48,GB,Legacy Oracle EBS,E,SAN-002,SanaPlus ColdFlu,OTC,SanaPlus,Wholesale,7,8.97,GBP,0.15,62.79,53.37
TXN-GB-2-000750,2026-08-26 19:33:46,2026-08-26 19:34:46,GB,Legacy Oracle EBS,E,DER-002,Dermacare LiftCream,Aesthetic,Dermacare,E-commerce,5,31.62,GBP,0.0,158.1,158.1
TXN-GB-2-000751,2026-08-26 16:43:15,2026-08-26 16:44:15,GB,Legacy Oracle EBS,E,MED-001,Medora Cardio 10mg,Prescription,Medora,Wholesale,2,36.75,GBP,0.05,73.5,69.83
TXN-GB-2-000752,2026-08-26 18:40:15,2026-08-26 18:41:15,GB,Legacy Oracle EBS,E,DER-001,Dermacare GlowSerum,Aesthetic,Dermacare,D2C,6,27.35,GBP,0.2,164.1,131.28
TXN-GB-2-000753,2026-08-26 01:21:51,2026-08-26 01:23:51,GB,Legacy Oracle EBS,E,DER-001,Dermacare GlowSerum,Aesthetic,Dermacare,D2C,8,27.35,GBP,0.0,218.8,218.8
TXN-GB-2-000754,2026-08-26 04:51:40,2026-08-26 04:53:40,GB,Legacy Oracle EBS,E,MED-002,Medora Derm Cream,Prescription,Medora,D2C,7,22.22,GBP,0.15,155.54,132.21
TXN-GB-2-000755,2026-08-26 10:40:34,2026-08-26 10:42:34,GB,Legacy Oracle EBS,E,MED-001,Medora Cardio 10mg,Prescription,Medora,E-commerce,1,36.75,GBP,0.05,36.75,34.91
TXN-GB-2-000756,2026-08-26 14:21:52,2026-08-26 14:24:52,GB,Legacy Oracle EBS,E,DER-002,Dermacare LiftCream,Aesthetic,Dermacare,Wholesale,7,31.62,GBP,0.2,221.34,177.07
TXN-GB-2-000757,2026-08-26 16:34:16,2026-08-26 16:37:16,GB,Legacy Oracle EBS,E,PUR-001,PureLife GlucoMonitor,Medical Device,PureLife,Pharmacy/B2B,12,72.65,GBP,0.0,871.8,871.8
TXN-GB-2-000758,2026-08-26 10:54:06,2026-08-26 10:56:06,GB,Legacy Oracle EBS,E,SAN-001,SanaPlus PainRelief,OTC,SanaPlus,D2C,8,8.12,GBP,0.2,64.96,51.97
TXN-GB-2-000759,2026-08-26 16:05:12,2026-08-26 16:11:12,GB,Legacy Oracle EBS,E,DER-001,Dermacare GlowSerum,Aesthetic,Dermacare,E-commerce,4,27.35,GBP,0.05,109.4,103.93
TXN-GB-2-000760,2026-08-26 20:42:43,2026-08-26 20:46:43,GB,Legacy Oracle EBS,E,DER-001,Dermacare GlowSerum,Aesthetic,Dermacare,E-commerce,8,27.35,GBP,0.1,218.8,196.92
TXN-GB-2-000761,2026-08-26 15:33:51,2026-08-26 15:34:51,GB,Legacy Oracle EBS,E,VIT-001,Vitalis C1000,Supplement,Vitalis,Pharmacy/B2B,5,17.95,GBP,0.0,89.75,89.75
TXN-GB-2-000762,2026-08-26 22:39:02,2026-08-26 22:43:02,GB,Legacy Oracle EBS,E,DER-002,Dermacare LiftCream,Aesthetic,Dermacare,Wholesale,8,31.62,GBP,0.2,252.96,202.37
TXN-GB-2-000763,2026-08-26 23:22:04,2026-08-26 23:25:04,GB,Legacy Oracle EBS,E,MED-001,Medora Cardio 10mg,Prescription,Medora,D2C,10,36.75,GBP,0.0,367.5,367.5
TXN-GB-2-000764,2026-08-26 01:06:35,2026-08-26 01:10:35,GB,Legacy Oracle EBS,E,PUR-002,PureLife BP Monitor,Medical Device,PureLife,E-commerce,6,76.92,GBP,0.2,461.52,369.22
TXN-GB-2-000765,2026-08-26 03:05:51,2026-08-26 03:11:51,GB,Legacy Oracle EBS,E,PUR-002,PureLife BP Monitor,Medical Device,PureLife,Pharmacy/B2B,2,76.92,GBP,0.0,153.84,153.84
TXN-GB-2-000766,2026-08-26 13:35:02,2026-08-26 13:39:02,GB,Legacy Oracle EBS,E,SAN-002,SanaPlus ColdFlu,OTC,SanaPlus,E-commerce,10,8.97,GBP,0.2,89.7,71.76
TXN-GB-2-000767,2026-08-26 05:07:30,2026-08-26 05:11:30,GB,Legacy Oracle EBS,E,PUR-001,PureLife GlucoMonitor,Medical Device,PureLife,Pharmacy/B2B,11,72.65,GBP,0.0,799.15,799.15
TXN-GB-2-000768,2026-08-26 14:45:18,2026-08-26 14:47:18,GB,Legacy Oracle EBS,E,SAN-001,SanaPlus PainRelief,OTC,SanaPlus,Pharmacy/B2B,12,8.12,GBP,0.0,97.44,97.44
TXN-GB-2-000769,2026-08-26 15:46:54,2026-08-26 15:50:54,GB,Legacy Oracle EBS,E,DER-002,Dermacare LiftCream,Aesthetic,Dermacare,E-commerce,4,31.62,GBP,0.1,126.48,113.83
TXN-GB-2-000770,2026-08-26 08:37:05,2026-08-26 08:42:05,GB,Legacy Oracle EBS,E,SAN-002,SanaPlus ColdFlu,OTC,SanaPlus,Pharmacy/B2B,3,8.97,GBP,0.15,26.91,22.87
TXN-GB-2-000771,2026-08-26 16:53:10,2026-08-26 16:58:10,GB,Legacy Oracle EBS,E,DER-001,Dermacare GlowSerum,Aesthetic,Dermacare,E-commerce,11,27.35,GBP,0.05,300.85,285.81
TXN-GB-2-000772,2026-08-26 07:20:43,2026-08-26 07:26:43,GB,Legacy Oracle EBS,E,MED-002,Medora Derm Cream,Prescription,Medora,D2C,2,22.22,GBP,0.0,44.44,44.44
TXN-GB-2-000773,2026-08-26 11:32:16,2026-08-26 11:38:16,GB,Legacy Oracle EBS,E,MED-001,Medora Cardio 10mg,Prescription,Medora,E-commerce,12,36.75,GBP,0.2,441.0,352.8
TXN-GB-2-000774,2026-08-26 22:02:57,2026-08-26 22:06:57,GB,Legacy Oracle EBS,E,PUR-001,PureLife GlucoMonitor,Medical Device,PureLife,D2C,2,72.65,GBP,0.0,145.3,145.3
TXN-GB-2-000775,2026-08-26 02:34:54,2026-08-26 02:36:54,GB,Legacy Oracle EBS,E,MED-001,Medora Cardio 10mg,Prescription,Medora,Pharmacy/B2B,2,36.75,GBP,0.2,73.5,58.8
TXN-GB-2-000776,2026-08-26 21:11:03,2026-08-26 21:12:03,GB,Legacy Oracle EBS,E,DER-001,Dermacare GlowSerum,Aesthetic,Dermacare,Wholesale,8,27.35,GBP,0.0,218.8,218.8
TXN-GB-2-000777,2026-08-26 15:12:38,2026-08-26 15:17:38,GB,Legacy Oracle EBS,E,SAN-002,SanaPlus ColdFlu,OTC,SanaPlus,E-commerce,11,8.97,GBP,0.0,98.67,98.67
TXN-GB-2-000778,2026-08-26 16:33:28,2026-08-26 16:39:28,GB,Legacy Oracle EBS,E,SAN-001,SanaPlus PainRelief,OTC,SanaPlus,Wholesale,7,8.12,GBP,0.0,56.84,56.84
TXN-GB-2-000779,2026-08-26 04:12:31,2026-08-26 04:15:31,GB,Legacy Oracle EBS,E,SAN-002,SanaPlus ColdFlu,OTC,SanaPlus,D2C,10,8.97,GBP,0.15,89.7,76.25
TXN-GB-2-000780,2026-08-26 17:23:33,2026-08-26 17:25:33,GB,Legacy Oracle EBS,E,PUR-001,PureLife GlucoMonitor,Medical Device,PureLife,D2C,1,72.65,GBP,0.0,72.65,72.65
TXN-GB-2-000781,2026-08-26 18:54:34,2026-08-26 18:55:34,GB,Legacy Oracle EBS,E,MED-002,Medora Derm Cream,Prescription,Medora,Pharmacy/B2B,6,22.22,GBP,0.2,133.32,106.66
TXN-GB-2-000782,2026-08-26 05:08:26,2026-08-26 05:09:26,GB,Legacy Oracle EBS,E,VIT-001,Vitalis C1000,Supplement,Vitalis,D2C,1,17.95,GBP,0.15,17.95,15.26
TXN-GB-2-000783,2026-08-26 17:25:22,2026-08-26 17:29:22,GB,Legacy Oracle EBS,E,DER-001,Dermacare GlowSerum,Aesthetic,Dermacare,Wholesale,9,27.35,GBP,0.05,246.15,233.84
TXN-GB-2-000784,2026-08-26 03:41:33,2026-08-26 03:46:33,GB,Legacy Oracle EBS,E,PUR-001,PureLife GlucoMonitor,Medical Device,PureLife,Wholesale,7,72.65,GBP,0.0,508.55,508.55
TXN-GB-2-000785,2026-08-26 12:51:53,2026-08-26 12:53:53,GB,Legacy Oracle EBS,E,VIT-002,Vitalis Multivit,Supplement,Vitalis,E-commerce,8,14.53,GBP,0.0,116.24,116.24
TXN-GB-2-000786,2026-08-26 07:25:47,2026-08-26 07:26:47,GB,Legacy Oracle EBS,E,MED-001,Medora Cardio 10mg,Prescription,Medora,Wholesale,11,36.75,GBP,0.2,404.25,323.4
TXN-GB-2-000787,2026-08-26 10:58:55,2026-08-26 11:02:55,GB,Legacy Oracle EBS,E,DER-001,Dermacare GlowSerum,Aesthetic,Dermacare,Pharmacy/B2B,4,27.35,GBP,0.0,109.4,109.4
TXN-GB-2-000788,2026-08-26 01:27:22,2026-08-26 01:31:22,GB,Legacy Oracle EBS,E,DER-002,Dermacare LiftCream,Aesthetic,Dermacare,Wholesale,4,31.62,GBP,0.15,126.48,107.51
TXN-GB-2-000789,2026-08-26 13:22:45,2026-08-26 13:24:45,GB,Legacy Oracle EBS,E,VIT-002,Vitalis Multivit,Supplement,Vitalis,Wholesale,5,14.53,GBP,0.0,72.65,72.65
TXN-GB-2-000790,2026-08-26 09:50:01,2026-08-26 09:53:01,GB,Legacy Oracle EBS,E,MED-002,Medora Derm Cream,Prescription,Medora,E-commerce,8,22.22,GBP,0.2,177.76,142.21
TXN-GB-2-000791,2026-08-26 13:26:52,2026-08-26 13:30:52,GB,Legacy Oracle EBS,E,PUR-002,PureLife BP Monitor,Medical Device,PureLife,Pharmacy/B2B,3,76.92,GBP,0.05,230.76,219.22
TXN-GB-2-000792,2026-08-26 05:05:08,2026-08-26 05:06:08,GB,Legacy Oracle EBS,E,PUR-002,PureLife BP Monitor,Medical Device,PureLife,E-commerce,6,76.92,GBP,0.0,461.52,461.52
TXN-GB-2-000793,2026-08-26 13:15:48,2026-08-26 13:16:48,GB,Legacy Oracle EBS,E,VIT-001,Vitalis C1000,Supplement,Vitalis,Pharmacy/B2B,10,17.95,GBP,0.1,179.5,161.55
TXN-GB-2-000794,2026-08-26 16:31:13,2026-08-26 16:34:13,GB,Legacy Oracle EBS,E,SAN-002,SanaPlus ColdFlu,OTC,SanaPlus,D2C,12,8.97,GBP,0.05,107.64,102.26
TXN-GB-2-000795,2026-08-26 18:09:11,2026-08-26 18:15:11,GB,Legacy Oracle EBS,E,MED-001,Medora Cardio 10mg,Prescription,Medora,Pharmacy/B2B,5,36.75,GBP,0.05,183.75,174.56
TXN-GB-2-000796,2026-08-26 12:52:52,2026-08-26 12:58:52,GB,Legacy Oracle EBS,E,PUR-001,PureLife GlucoMonitor,Medical Device,PureLife,Wholesale,1,72.65,GBP,0.2,72.65,58.12
TXN-GB-2-000797,2026-08-26 03:36:35,2026-08-26 03:38:35,GB,Legacy Oracle EBS,E,PUR-001,PureLife GlucoMonitor,Medical Device,PureLife,Pharmacy/B2B,9,72.65,GBP,0.05,653.85,621.16
TXN-GB-2-000798,2026-08-26 01:11:02,2026-08-26 01:13:02,GB,Legacy Oracle EBS,E,SAN-001,SanaPlus PainRelief,OTC,SanaPlus,Pharmacy/B2B,2,8.12,GBP,0.05,16.24,15.43
TXN-GB-2-000799,2026-08-26 07:08:30,2026-08-26 07:13:30,GB,Legacy Oracle EBS,E,DER-001,Dermacare GlowSerum,Aesthetic,Dermacare,Pharmacy/B2B,1,27.35,GBP,0.0,27.35,27.35
TXN-GB-2-000800,2026-08-26 00:19:25,2026-08-26 00:24:25,GB,Legacy Oracle EBS,E,VIT-002,Vitalis Multivit,Supplement,Vitalis,Pharmacy/B2B,2,14.53,GBP,0.0,29.06,29.06
TXN-GB-2-000801,2026-08-26 07:03:36,2026-08-26 07:06:36,GB,Legacy Oracle EBS,E,VIT-001,Vitalis C1000,Supplement,Vitalis,Wholesale,9,17.95,GBP,0.0,161.55,161.55
TXN-GB-2-000802,2026-08-26 01:38:56,2026-08-26 01:44:56,GB,Legacy Oracle EBS,E,SAN-002,SanaPlus ColdFlu,OTC,SanaPlus,Wholesale,1,8.97,GBP,0.1,8.97,8.07
TXN-GB-2-000803,2026-08-26 19:23:52,2026-08-26 19:27:52,GB,Legacy Oracle EBS,E,VIT-002,Vitalis Multivit,Supplement,Vitalis,D2C,2,14.53,GBP,0.1,29.06,26.15
TXN-GB-2-000804,2026-08-26 14:00:07,2026-08-26 14:02:07,GB,Legacy Oracle EBS,E,PUR-001,PureLife GlucoMonitor,Medical Device,PureLife,D2C,2,72.65,GBP,0.2,145.3,116.24
TXN-GB-2-000805,2026-08-26 21:48:10,2026-08-26 21:51:10,GB,Legacy Oracle EBS,E,SAN-001,SanaPlus PainRelief,OTC,SanaPlus,Wholesale,5,8.12,GBP,0.05,40.6,38.57
TXN-GB-2-000806,2026-08-26 22:35:16,2026-08-26 22:36:16,GB,Legacy Oracle EBS,E,SAN-002,SanaPlus ColdFlu,OTC,SanaPlus,Wholesale,10,8.97,GBP,0.0,89.7,89.7
TXN-GB-2-000807,2026-08-26 09:03:11,2026-08-26 09:05:11,GB,Legacy Oracle EBS,E,MED-002,Medora Derm Cream,Prescription,Medora,E-commerce,10,22.22,GBP,0.0,222.2,222.2
TXN-GB-2-000808,2026-08-26 17:30:28,2026-08-26 17:34:28,GB,Legacy Oracle EBS,E,PUR-001,PureLife GlucoMonitor,Medical Device,PureLife,D2C,4,72.65,GBP,0.1,290.6,261.54
TXN-GB-2-000809,2026-08-26 22:03:59,2026-08-26 22:05:59,GB,Legacy Oracle EBS,E,VIT-002,Vitalis Multivit,Supplement,Vitalis,D2C,7,14.53,GBP,0.0,101.71,101.71
TXN-GB-2-000810,2026-08-26 09:44:00,2026-08-26 09:45:00,GB,Legacy Oracle EBS,E,PUR-002,PureLife BP Monitor,Medical Device,PureLife,D2C,2,76.92,GBP,0.05,153.84,146.15
TXN-GB-2-000811,2026-08-26 20:12:19,2026-08-26 20:16:19,GB,Legacy Oracle EBS,E,VIT-002,Vitalis Multivit,Supplement,Vitalis,Pharmacy/B2B,9,14.53,GBP,0.15,130.77,111.15
TXN-GB-2-000812,2026-08-26 21:12:20,2026-08-26 21:14:20,GB,Legacy Oracle EBS,E,DER-002,Dermacare LiftCream,Aesthetic,Dermacare,Wholesale,10,31.62,GBP,0.2,316.2,252.96
TXN-GB-2-000813,2026-08-26 20:21:49,2026-08-26 20:27:49,GB,Legacy Oracle EBS,E,SAN-002,SanaPlus ColdFlu,OTC,SanaPlus,Wholesale,9,8.97,GBP,0.05,80.73,76.69
TXN-GB-2-000814,2026-08-26 20:42:38,2026-08-26 20:46:38,GB,Legacy Oracle EBS,E,DER-002,Dermacare LiftCream,Aesthetic,Dermacare,E-commerce,8,31.62,GBP,0.15,252.96,215.02
TXN-GB-2-000815,2026-08-26 21:43:13,2026-08-26 21:49:13,GB,Legacy Oracle EBS,E,PUR-002,PureLife BP Monitor,Medical Device,PureLife,D2C,7,76.92,GBP,0.1,538.44,484.6
TXN-GB-2-000816,2026-08-26 18:57:21,2026-08-26 18:58:21,GB,Legacy Oracle EBS,E,PUR-001,PureLife GlucoMonitor,Medical Device,PureLife,D2C,12,72.65,GBP,0.15,871.8,741.03
TXN-GB-2-000817,2026-08-26 21:46:39,2026-08-26 21:52:39,GB,Legacy Oracle EBS,E,DER-001,Dermacare GlowSerum,Aesthetic,Dermacare,Wholesale,6,27.35,GBP,0.0,164.1,164.1
TXN-GB-2-000818,2026-08-26 04:18:45,2026-08-26 04:22:45,GB,Legacy Oracle EBS,E,VIT-002,Vitalis Multivit,Supplement,Vitalis,D2C,9,14.53,GBP,0.05,130.77,124.23
TXN-GB-2-000819,2026-08-26 20:06:55,2026-08-26 20:10:55,GB,Legacy Oracle EBS,E,SAN-001,SanaPlus PainRelief,OTC,SanaPlus,Pharmacy/B2B,2,8.12,GBP,0.0,16.24,16.24
TXN-GB-2-000820,2026-08-26 12:00:26,2026-08-26 12:01:26,GB,Legacy Oracle EBS,E,MED-002,Medora Derm Cream,Prescription,Medora,D2C,3,22.22,GBP,0.15,66.66,56.66
TXN-GB-2-000821,2026-08-26 13:39:31,2026-08-26 13:42:31,GB,Legacy Oracle EBS,E,MED-002,Medora Derm Cream,Prescription,Medora,Pharmacy/B2B,3,22.22,GBP,0.0,66.66,66.66
TXN-GB-2-000822,2026-08-26 01:50:18,2026-08-26 01:53:18,GB,Legacy Oracle EBS,E,PUR-001,PureLife GlucoMonitor,Medical Device,PureLife,E-commerce,6,72.65,GBP,0.1,435.9,392.31
TXN-GB-2-000823,2026-08-26 11:45:48,2026-08-26 11:51:48,GB,Legacy Oracle EBS,E,DER-002,Dermacare LiftCream,Aesthetic,Dermacare,Pharmacy/B2B,12,31.62,GBP,0.1,379.44,341.5
TXN-GB-2-000824,2026-08-26 08:07:56,2026-08-26 08:10:56,GB,Legacy Oracle EBS,E,VIT-001,Vitalis C1000,Supplement,Vitalis,Wholesale,3,17.95,GBP,0.15,53.85,45.77
TXN-GB-2-000825,2026-08-26 16:17:42,2026-08-26 16:19:42,GB,Legacy Oracle EBS,E,PUR-001,PureLife GlucoMonitor,Medical Device,PureLife,E-commerce,8,72.65,GBP,0.05,581.2,552.14
TXN-GB-2-000826,2026-08-26 00:35:27,2026-08-26 00:39:27,GB,Legacy Oracle EBS,E,DER-002,Dermacare LiftCream,Aesthetic,Dermacare,Pharmacy/B2B,7,31.62,GBP,0.0,221.34,221.34
TXN-GB-2-000827,2026-08-26 13:19:53,2026-08-26 13:20:53,GB,Legacy Oracle EBS,E,PUR-002,PureLife BP Monitor,Medical Device,PureLife,Pharmacy/B2B,11,76.92,GBP,0.05,846.12,803.81
TXN-GB-2-000828,2026-08-26 23:48:29,2026-08-26 23:53:29,GB,Legacy Oracle EBS,E,VIT-001,Vitalis C1000,Supplement,Vitalis,Wholesale,2,17.95,GBP,0.0,35.9,35.9
TXN-GB-2-000829,2026-08-26 22:30:35,2026-08-26 22:36:35,GB,Legacy Oracle EBS,E,PUR-001,PureLife GlucoMonitor,Medical Device,PureLife,Pharmacy/B2B,10,72.65,GBP,0.2,726.5,581.2
TXN-GB-2-000830,2026-08-26 11:51:57,2026-08-26 11:55:57,GB,Legacy Oracle EBS,E,MED-001,Medora Cardio 10mg,Prescription,Medora,Wholesale,11,36.75,GBP,0.1,404.25,363.82
TXN-GB-2-000831,2026-08-26 22:11:21,2026-08-26 22:13:21,GB,Legacy Oracle EBS,E,VIT-001,Vitalis C1000,Supplement,Vitalis,E-commerce,3,17.95,GBP,0.15,53.85,45.77
TXN-GB-2-000832,2026-08-26 07:03:55,2026-08-26 07:07:55,GB,Legacy Oracle EBS,E,DER-002,Dermacare LiftCream,Aesthetic,Dermacare,E-commerce,7,31.62,GBP,0.15,221.34,188.14
TXN-GB-2-000833,2026-08-26 12:22:58,2026-08-26 12:28:58,GB,Legacy Oracle EBS,E,SAN-001,SanaPlus PainRelief,OTC,SanaPlus,Pharmacy/B2B,2,8.12,GBP,0.2,16.24,12.99
TXN-GB-2-000834,2026-08-26 20:29:27,2026-08-26 20:35:27,GB,Legacy Oracle EBS,E,DER-002,Dermacare LiftCream,Aesthetic,Dermacare,E-commerce,2,31.62,GBP,0.0,63.24,63.24
TXN-GB-2-000835,2026-08-26 03:16:06,2026-08-26 03:18:06,GB,Legacy Oracle EBS,E,MED-001,Medora Cardio 10mg,Prescription,Medora,E-commerce,8,36.75,GBP,0.0,294.0,294.0
TXN-GB-2-000836,2026-08-26 06:28:31,2026-08-26 06:29:31,GB,Legacy Oracle EBS,E,DER-001,Dermacare GlowSerum,Aesthetic,Dermacare,E-commerce,2,27.35,GBP,0.05,54.7,51.97
TXN-GB-2-000837,2026-08-26 10:45:14,2026-08-26 10:51:14,GB,Legacy Oracle EBS,E,MED-002,Medora Derm Cream,Prescription,Medora,E-commerce,9,22.22,GBP,0.1,199.98,179.98
TXN-GB-2-000838,2026-08-26 04:40:05,2026-08-26 04:46:05,GB,Legacy Oracle EBS,E,DER-002,Dermacare LiftCream,Aesthetic,Dermacare,E-commerce,4,31.62,GBP,0.0,126.48,126.48
TXN-GB-2-000839,2026-08-26 00:34:22,2026-08-26 00:39:22,GB,Legacy Oracle EBS,E,SAN-002,SanaPlus ColdFlu,OTC,SanaPlus,Wholesale,4,8.97,GBP,0.0,35.88,35.88
TXN-GB-2-000840,2026-08-26 10:34:54,2026-08-26 10:38:54,GB,Legacy Oracle EBS,E,PUR-002,PureLife BP Monitor,Medical Device,PureLife,E-commerce,4,76.92,GBP,0.2,307.68,246.14
TXN-GB-2-000841,2026-08-26 05:04:25,2026-08-26 05:08:25,GB,Legacy Oracle EBS,E,DER-001,Dermacare GlowSerum,Aesthetic,Dermacare,E-commerce,5,27.35,GBP,0.0,136.75,136.75
TXN-GB-2-000842,2026-08-26 21:10:15,2026-08-26 21:16:15,GB,Legacy Oracle EBS,E,PUR-002,PureLife BP Monitor,Medical Device,PureLife,Wholesale,7,76.92,GBP,0.2,538.44,430.75
TXN-GB-2-000843,2026-08-26 08:07:04,2026-08-26 08:12:04,GB,Legacy Oracle EBS,E,MED-001,Medora Cardio 10mg,Prescription,Medora,Wholesale,5,36.75,GBP,0.0,183.75,183.75
TXN-GB-2-000844,2026-08-26 14:01:29,2026-08-26 14:05:29,GB,Legacy Oracle EBS,E,VIT-002,Vitalis Multivit,Supplement,Vitalis,E-commerce,9,14.53,GBP,0.15,130.77,111.15
TXN-GB-2-000845,2026-08-26 22:43:25,2026-08-26 22:44:25,GB,Legacy Oracle EBS,E,VIT-001,Vitalis C1000,Supplement,Vitalis,E-commerce,9,17.95,GBP,0.0,161.55,161.55
TXN-GB-2-000846,2026-08-26 00:20:18,2026-08-26 00:22:18,GB,Legacy Oracle EBS,E,VIT-002,Vitalis Multivit,Supplement,Vitalis,Wholesale,1,14.53,GBP,0.15,14.53,12.35
TXN-GB-2-000847,2026-08-26 14:55:50,2026-08-26 14:56:50,GB,Legacy Oracle EBS,E,PUR-002,PureLife BP Monitor,Medical Device,PureLife,E-commerce,2,76.92,GBP,0.0,153.84,153.84
TXN-GB-2-000848,2026-08-26 02:24:57,2026-08-26 02:28:57,GB,Legacy Oracle EBS,E,VIT-002,Vitalis Multivit,Supplement,Vitalis,E-commerce,7,14.53,GBP,0.0,101.71,101.71
TXN-GB-2-000849,2026-08-26 05:49:34,2026-08-26 05:51:34,GB,Legacy Oracle EBS,E,PUR-002,PureLife BP Monitor,Medical Device,PureLife,E-commerce,4,76.92,GBP,0.1,307.68,276.91
TXN-GB-2-000850,2026-08-26 03:18:39,2026-08-26 03:23:39,GB,Legacy Oracle EBS,E,PUR-002,PureLife BP Monitor,Medical Device,PureLife,D2C,6,76.92,GBP,0.15,461.52,392.29
TXN-GB-2-000851,2026-08-26 10:10:58,2026-08-26 10:16:58,GB,Legacy Oracle EBS,E,PUR-002,PureLife BP Monitor,Medical Device,PureLife,Wholesale,6,76.92,GBP,0.2,461.52,369.22
TXN-GB-2-000852,2026-08-26 02:57:23,2026-08-26 03:03:23,GB,Legacy Oracle EBS,E,SAN-002,SanaPlus ColdFlu,OTC,SanaPlus,E-commerce,4,8.97,GBP,0.2,35.88,28.7
TXN-GB-2-000853,2026-08-26 19:17:51,2026-08-26 19:23:51,GB,Legacy Oracle EBS,E,SAN-002,SanaPlus ColdFlu,OTC,SanaPlus,Wholesale,3,8.97,GBP,0.0,26.91,26.91
TXN-GB-2-000854,2026-08-26 00:45:59,2026-08-26 00:49:59,GB,Legacy Oracle EBS,E,DER-002,Dermacare LiftCream,Aesthetic,Dermacare,Pharmacy/B2B,4,31.62,GBP,0.0,126.48,126.48
TXN-GB-2-000855,2026-08-26 04:50:31,2026-08-26 04:56:31,GB,Legacy Oracle EBS,E,VIT-002,Vitalis Multivit,Supplement,Vitalis,Wholesale,12,14.53,GBP,0.15,174.36,148.21
TXN-GB-2-000856,2026-08-26 00:35:10,2026-08-26 00:40:10,GB,Legacy Oracle EBS,E,MED-001,Medora Cardio 10mg,Prescription,Medora,E-commerce,2,36.75,GBP,0.0,73.5,73.5
TXN-GB-2-000857,2026-08-26 11:15:07,2026-08-26 11:19:07,GB,Legacy Oracle EBS,E,SAN-001,SanaPlus PainRelief,OTC,SanaPlus,D2C,4,8.12,GBP,0.1,32.48,29.23
TXN-GB-2-000858,2026-08-26 00:21:48,2026-08-26 00:27:48,GB,Legacy Oracle EBS,E,MED-002,Medora Derm Cream,Prescription,Medora,D2C,11,22.22,GBP,0.2,244.42,195.54
TXN-GB-2-000859,2026-08-26 08:15:33,2026-08-26 08:17:33,GB,Legacy Oracle EBS,E,PUR-002,PureLife BP Monitor,Medical Device,PureLife,D2C,9,76.92,GBP,0.0,692.28,692.28
TXN-GB-2-000860,2026-08-26 06:52:59,2026-08-26 06:58:59,GB,Legacy Oracle EBS,E,VIT-001,Vitalis C1000,Supplement,Vitalis,Wholesale,6,17.95,GBP,0.0,107.7,107.7
TXN-GB-2-000861,2026-08-26 22:19:51,2026-08-26 22:20:51,GB,Legacy Oracle EBS,E,MED-002,Medora Derm Cream,Prescription,Medora,E-commerce,9,22.22,GBP,0.0,199.98,199.98
TXN-GB-2-000862,2026-08-26 18:23:49,2026-08-26 18:26:49,GB,Legacy Oracle EBS,E,PUR-001,PureLife GlucoMonitor,Medical Device,PureLife,E-commerce,11,72.65,GBP,0.05,799.15,759.19
TXN-GB-2-000863,2026-08-26 10:54:36,2026-08-26 10:57:36,GB,Legacy Oracle EBS,E,PUR-002,PureLife BP Monitor,Medical Device,PureLife,Pharmacy/B2B,4,76.92,GBP,0.2,307.68,246.14
TXN-GB-2-000864,2026-08-26 01:54:01,2026-08-26 01:55:01,GB,Legacy Oracle EBS,E,DER-001,Dermacare GlowSerum,Aesthetic,Dermacare,Wholesale,10,27.35,GBP,0.1,273.5,246.15
TXN-GB-2-000865,2026-08-26 02:28:26,2026-08-26 02:34:26,GB,Legacy Oracle EBS,E,VIT-002,Vitalis Multivit,Supplement,Vitalis,D2C,7,14.53,GBP,0.1,101.71,91.54
TXN-GB-2-000866,2026-08-26 01:26:11,2026-08-26 01:30:11,GB,Legacy Oracle EBS,E,MED-001,Medora Cardio 10mg,Prescription,Medora,Wholesale,6,36.75,GBP,0.05,220.5,209.47
TXN-GB-2-000867,2026-08-26 02:21:04,2026-08-26 02:23:04,GB,Legacy Oracle EBS,E,MED-002,Medora Derm Cream,Prescription,Medora,Wholesale,5,22.22,GBP,0.05,111.1,105.54
TXN-GB-2-000868,2026-08-26 05:03:00,2026-08-26 05:07:00,GB,Legacy Oracle EBS,E,DER-002,Dermacare LiftCream,Aesthetic,Dermacare,E-commerce,4,31.62,GBP,0.0,126.48,126.48
TXN-GB-2-000869,2026-08-26 01:24:26,2026-08-26 01:28:26,GB,Legacy Oracle EBS,E,PUR-001,PureLife GlucoMonitor,Medical Device,PureLife,Wholesale,8,72.65,GBP,0.0,581.2,581.2
TXN-GB-2-000870,2026-08-26 17:31:38,2026-08-26 17:34:38,GB,Legacy Oracle EBS,E,VIT-002,Vitalis Multivit,Supplement,Vitalis,Wholesale,7,14.53,GBP,0.1,101.71,91.54
TXN-GB-2-000871,2026-08-26 21:40:13,2026-08-26 21:46:13,GB,Legacy Oracle EBS,E,DER-002,Dermacare LiftCream,Aesthetic,Dermacare,Pharmacy/B2B,8,31.62,GBP,0.0,252.96,252.96
TXN-GB-2-000872,2026-08-26 10:54:23,2026-08-26 11:00:23,GB,Legacy Oracle EBS,E,VIT-001,Vitalis C1000,Supplement,Vitalis,Pharmacy/B2B,9,17.95,GBP,0.0,161.55,161.55
TXN-GB-2-000873,2026-08-26 18:34:57,2026-08-26 18:39:57,GB,Legacy Oracle EBS,E,VIT-002,Vitalis Multivit,Supplement,Vitalis,Pharmacy/B2B,7,14.53,GBP,0.1,101.71,91.54
TXN-GB-2-000874,2026-08-26 18:23:22,2026-08-26 18:25:22,GB,Legacy Oracle EBS,E,VIT-002,Vitalis Multivit,Supplement,Vitalis,Wholesale,10,14.53,GBP,0.2,145.3,116.24
TXN-GB-2-000875,2026-08-26 21:34:04,2026-08-26 21:40:04,GB,Legacy Oracle EBS,E,SAN-002,SanaPlus ColdFlu,OTC,SanaPlus,E-commerce,12,8.97,GBP,0.0,107.64,107.64
TXN-GB-2-000876,2026-08-26 04:52:15,2026-08-26 04:58:15,GB,Legacy Oracle EBS,E,MED-001,Medora Cardio 10mg,Prescription,Medora,D2C,7,36.75,GBP,0.05,257.25,244.39
TXN-GB-2-000877,2026-08-26 18:17:47,2026-08-26 18:18:47,GB,Legacy Oracle EBS,E,DER-002,Dermacare LiftCream,Aesthetic,Dermacare,E-commerce,6,31.62,GBP,0.2,189.72,151.78
TXN-GB-2-000878,2026-08-26 06:15:25,2026-08-26 06:19:25,GB,Legacy Oracle EBS,E,DER-002,Dermacare LiftCream,Aesthetic,Dermacare,D2C,7,31.62,GBP,0.0,221.34,221.34
TXN-GB-2-000879,2026-08-26 06:25:29,2026-08-26 06:30:29,GB,Legacy Oracle EBS,E,PUR-001,PureLife GlucoMonitor,Medical Device,PureLife,Pharmacy/B2B,6,72.65,GBP,0.0,435.9,435.9
TXN-GB-2-000880,2026-08-26 23:40:05,2026-08-26 23:41:05,GB,Legacy Oracle EBS,E,VIT-002,Vitalis Multivit,Supplement,Vitalis,Wholesale,2,14.53,GBP,0.0,29.06,29.06
TXN-GB-2-000881,2026-08-26 00:36:04,2026-08-26 00:39:04,GB,Legacy Oracle EBS,E,DER-001,Dermacare GlowSerum,Aesthetic,Dermacare,Pharmacy/B2B,12,27.35,GBP,0.0,328.2,328.2
TXN-GB-2-000882,2026-08-26 03:58:08,2026-08-26 03:59:08,GB,Legacy Oracle EBS,E,MED-001,Medora Cardio 10mg,Prescription,Medora,Pharmacy/B2B,10,36.75,GBP,0.15,367.5,312.38
TXN-GB-2-000883,2026-08-26 22:39:08,2026-08-26 22:42:08,GB,Legacy Oracle EBS,E,MED-001,Medora Cardio 10mg,Prescription,Medora,Pharmacy/B2B,10,36.75,GBP,0.2,367.5,294.0
TXN-GB-2-000884,2026-08-26 20:18:13,2026-08-26 20:24:13,GB,Legacy Oracle EBS,E,DER-002,Dermacare LiftCream,Aesthetic,Dermacare,E-commerce,7,31.62,GBP,0.0,221.34,221.34
TXN-GB-2-000885,2026-08-26 15:14:08,2026-08-26 15:16:08,GB,Legacy Oracle EBS,E,DER-002,Dermacare LiftCream,Aesthetic,Dermacare,Pharmacy/B2B,7,31.62,GBP,0.05,221.34,210.27
TXN-GB-2-000886,2026-08-26 12:46:47,2026-08-26 12:48:47,GB,Legacy Oracle EBS,E,MED-001,Medora Cardio 10mg,Prescription,Medora,D2C,10,36.75,GBP,0.0,367.5,367.5
TXN-GB-2-000887,2026-08-26 12:08:11,2026-08-26 12:11:11,GB,Legacy Oracle EBS,E,MED-002,Medora Derm Cream,Prescription,Medora,D2C,8,22.22,GBP,0.15,177.76,151.1
TXN-GB-2-000888,2026-08-26 05:44:03,2026-08-26 05:46:03,GB,Legacy Oracle EBS,E,PUR-002,PureLife BP Monitor,Medical Device,PureLife,Wholesale,5,76.92,GBP,0.0,384.6,384.6
TXN-GB-2-000889,2026-08-26 09:10:00,2026-08-26 09:14:00,GB,Legacy Oracle EBS,E,SAN-001,SanaPlus PainRelief,OTC,SanaPlus,E-commerce,11,8.12,GBP,0.0,89.32,89.32
TXN-GB-2-000890,2026-08-26 19:41:27,2026-08-26 19:46:27,GB,Legacy Oracle EBS,E,MED-002,Medora Derm Cream,Prescription,Medora,D2C,10,22.22,GBP,0.05,222.2,211.09
TXN-GB-2-000891,2026-08-26 11:15:48,2026-08-26 11:19:48,GB,Legacy Oracle EBS,E,SAN-002,SanaPlus ColdFlu,OTC,SanaPlus,Pharmacy/B2B,10,8.97,GBP,0.1,89.7,80.73
TXN-GB-2-000892,2026-08-26 10:47:35,2026-08-26 10:51:35,GB,Legacy Oracle EBS,E,SAN-002,SanaPlus ColdFlu,OTC,SanaPlus,Wholesale,4,8.97,GBP,0.15,35.88,30.5
TXN-GB-2-000893,2026-08-26 04:00:34,2026-08-26 04:04:34,GB,Legacy Oracle EBS,E,MED-001,Medora Cardio 10mg,Prescription,Medora,E-commerce,3,36.75,GBP,0.15,110.25,93.71
TXN-GB-2-000894,2026-08-26 20:24:38,2026-08-26 20:30:38,GB,Legacy Oracle EBS,E,PUR-001,PureLife GlucoMonitor,Medical Device,PureLife,D2C,11,72.65,GBP,0.1,799.15,719.24
TXN-GB-2-000895,2026-08-26 20:50:15,2026-08-26 20:54:15,GB,Legacy Oracle EBS,E,PUR-001,PureLife GlucoMonitor,Medical Device,PureLife,D2C,2,72.65,GBP,0.15,145.3,123.51
TXN-GB-2-000896,2026-08-26 17:58:49,2026-08-26 18:00:49,GB,Legacy Oracle EBS,E,DER-001,Dermacare GlowSerum,Aesthetic,Dermacare,E-commerce,12,27.35,GBP,0.15,328.2,278.97
TXN-GB-2-000897,2026-08-26 12:58:18,2026-08-26 13:00:18,GB,Legacy Oracle EBS,E,PUR-001,PureLife GlucoMonitor,Medical Device,PureLife,E-commerce,9,72.65,GBP,0.0,653.85,653.85
TXN-GB-2-000898,2026-08-26 19:16:17,2026-08-26 19:18:17,GB,Legacy Oracle EBS,E,VIT-002,Vitalis Multivit,Supplement,Vitalis,Pharmacy/B2B,5,14.53,GBP,0.0,72.65,72.65
TXN-GB-2-000899,2026-08-26 01:23:12,2026-08-26 01:29:12,GB,Legacy Oracle EBS,E,VIT-001,Vitalis C1000,Supplement,Vitalis,D2C,3,17.95,GBP,0.0,53.85,53.85
TXN-GB-2-000900,2026-08-26 00:25:18,2026-08-26 00:31:18,GB,Legacy Oracle EBS,E,VIT-001,Vitalis C1000,Supplement,Vitalis,Pharmacy/B2B,5,17.95,GBP,0.0,89.75,89.75
TXN-GB-2-000901,2026-08-26 15:05:22,2026-08-26 15:10:22,GB,Legacy Oracle EBS,E,PUR-001,PureLife GlucoMonitor,Medical Device,PureLife,Pharmacy/B2B,9,72.65,GBP,0.05,653.85,621.16
TXN-GB-2-000902,2026-08-26 19:46:59,2026-08-26 19:48:59,GB,Legacy Oracle EBS,E,SAN-002,SanaPlus ColdFlu,OTC,SanaPlus,E-commerce,5,8.97,GBP,0.05,44.85,42.61
TXN-GB-2-000903,2026-08-26 18:01:38,2026-08-26 18:07:38,GB,Legacy Oracle EBS,E,MED-001,Medora Cardio 10mg,Prescription,Medora,Wholesale,11,36.75,GBP,0.1,404.25,363.82
TXN-GB-2-000904,2026-08-26 11:59:03,2026-08-26 12:05:03,GB,Legacy Oracle EBS,E,MED-001,Medora Cardio 10mg,Prescription,Medora,Wholesale,2,36.75,GBP,0.05,73.5,69.83
TXN-GB-2-000905,2026-08-26 02:27:10,2026-08-26 02:29:10,GB,Legacy Oracle EBS,E,MED-002,Medora Derm Cream,Prescription,Medora,E-commerce,2,22.22,GBP,0.05,44.44,42.22
TXN-GB-2-000906,2026-08-26 19:12:42,2026-08-26 19:17:42,GB,Legacy Oracle EBS,E,PUR-001,PureLife GlucoMonitor,Medical Device,PureLife,Pharmacy/B2B,7,72.65,GBP,0.15,508.55,432.27
TXN-GB-2-000907,2026-08-26 06:41:28,2026-08-26 06:45:28,GB,Legacy Oracle EBS,E,DER-001,Dermacare GlowSerum,Aesthetic,Dermacare,Wholesale,10,27.35,GBP,0.1,273.5,246.15
TXN-GB-2-000908,2026-08-26 17:20:48,2026-08-26 17:23:48,GB,Legacy Oracle EBS,E,VIT-001,Vitalis C1000,Supplement,Vitalis,E-commerce,4,17.95,GBP,0.2,71.8,57.44
TXN-GB-2-000909,2026-08-26 08:17:15,2026-08-26 08:22:15,GB,Legacy Oracle EBS,E,SAN-001,SanaPlus PainRelief,OTC,SanaPlus,D2C,5,8.12,GBP,0.05,40.6,38.57
TXN-GB-2-000910,2026-08-26 02:29:27,2026-08-26 02:30:27,GB,Legacy Oracle EBS,E,DER-002,Dermacare LiftCream,Aesthetic,Dermacare,D2C,5,31.62,GBP,0.1,158.1,142.29
TXN-GB-2-000911,2026-08-26 13:23:56,2026-08-26 13:29:56,GB,Legacy Oracle EBS,E,DER-002,Dermacare LiftCream,Aesthetic,Dermacare,Pharmacy/B2B,11,31.62,GBP,0.2,347.82,278.26
TXN-GB-2-000912,2026-08-26 03:01:53,2026-08-26 03:05:53,GB,Legacy Oracle EBS,E,MED-001,Medora Cardio 10mg,Prescription,Medora,D2C,10,36.75,GBP,0.0,367.5,367.5
TXN-GB-2-000913,2026-08-26 23:26:01,2026-08-26 23:32:01,GB,Legacy Oracle EBS,E,SAN-001,SanaPlus PainRelief,OTC,SanaPlus,Pharmacy/B2B,6,8.12,GBP,0.0,48.72,48.72
TXN-GB-2-000914,2026-08-26 14:03:33,2026-08-26 14:04:33,GB,Legacy Oracle EBS,E,SAN-001,SanaPlus PainRelief,OTC,SanaPlus,D2C,2,8.12,GBP,0.15,16.24,13.8
TXN-GB-2-000915,2026-08-26 23:21:44,2026-08-26 23:26:44,GB,Legacy Oracle EBS,E,VIT-002,Vitalis Multivit,Supplement,Vitalis,Pharmacy/B2B,4,14.53,GBP,0.0,58.12,58.12
TXN-GB-2-000916,2026-08-26 03:26:51,2026-08-26 03:32:51,GB,Legacy Oracle EBS,E,PUR-001,PureLife GlucoMonitor,Medical Device,PureLife,Pharmacy/B2B,12,72.65,GBP,0.05,871.8,828.21
TXN-GB-2-000917,2026-08-26 17:13:48,2026-08-26 17:14:48,GB,Legacy Oracle EBS,E,SAN-001,SanaPlus PainRelief,OTC,SanaPlus,Pharmacy/B2B,6,8.12,GBP,0.05,48.72,46.28
TXN-GB-2-000918,2026-08-26 03:56:52,2026-08-26 03:57:52,GB,Legacy Oracle EBS,E,MED-001,Medora Cardio 10mg,Prescription,Medora,Wholesale,3,36.75,GBP,0.05,110.25,104.74
TXN-GB-2-000919,2026-08-26 02:15:13,2026-08-26 02:19:13,GB,Legacy Oracle EBS,E,DER-001,Dermacare GlowSerum,Aesthetic,Dermacare,D2C,2,27.35,GBP,0.05,54.7,51.97
TXN-GB-2-000920,2026-08-26 10:35:57,2026-08-26 10:41:57,GB,Legacy Oracle EBS,E,MED-001,Medora Cardio 10mg,Prescription,Medora,Wholesale,5,36.75,GBP,0.0,183.75,183.75
TXN-GB-2-000921,2026-08-26 01:52:28,2026-08-26 01:55:28,GB,Legacy Oracle EBS,E,PUR-001,PureLife GlucoMonitor,Medical Device,PureLife,D2C,5,72.65,GBP,0.0,363.25,363.25
TXN-GB-2-000922,2026-08-26 03:45:04,2026-08-26 03:51:04,GB,Legacy Oracle EBS,E,VIT-001,Vitalis C1000,Supplement,Vitalis,E-commerce,8,17.95,GBP,0.2,143.6,114.88
TXN-GB-2-000923,2026-08-26 05:06:06,2026-08-26 05:11:06,GB,Legacy Oracle EBS,E,SAN-001,SanaPlus PainRelief,OTC,SanaPlus,E-commerce,9,8.12,GBP,0.1,73.08,65.77
TXN-GB-2-000924,2026-08-26 19:48:57,2026-08-26 19:49:57,GB,Legacy Oracle EBS,E,MED-002,Medora Derm Cream,Prescription,Medora,Wholesale,7,22.22,GBP,0.2,155.54,124.43
TXN-GB-2-000925,2026-08-26 10:19:47,2026-08-26 10:24:47,GB,Legacy Oracle EBS,E,DER-002,Dermacare LiftCream,Aesthetic,Dermacare,E-commerce,11,31.62,GBP,0.0,347.82,347.82
TXN-GB-2-000926,2026-08-26 19:06:24,2026-08-26 19:12:24,GB,Legacy Oracle EBS,E,VIT-002,Vitalis Multivit,Supplement,Vitalis,E-commerce,6,14.53,GBP,0.2,87.18,69.74
TXN-GB-2-000927,2026-08-26 21:53:01,2026-08-26 21:56:01,GB,Legacy Oracle EBS,E,DER-002,Dermacare LiftCream,Aesthetic,Dermacare,D2C,12,31.62,GBP,0.1,379.44,341.5
TXN-GB-2-000928,2026-08-26 13:19:02,2026-08-26 13:24:02,GB,Legacy Oracle EBS,E,MED-002,Medora Derm Cream,Prescription,Medora,E-commerce,4,22.22,GBP,0.05,88.88,84.44
TXN-GB-2-000929,2026-08-26 12:48:17,2026-08-26 12:53:17,GB,Legacy Oracle EBS,E,PUR-002,PureLife BP Monitor,Medical Device,PureLife,E-commerce,4,76.92,GBP,0.0,307.68,307.68
TXN-GB-2-000930,2026-08-26 13:22:00,2026-08-26 13:27:00,GB,Legacy Oracle EBS,E,VIT-001,Vitalis C1000,Supplement,Vitalis,E-commerce,9,17.95,GBP,0.1,161.55,145.4
TXN-GB-2-000931,2026-08-26 03:13:07,2026-08-26 03:18:07,GB,Legacy Oracle EBS,E,DER-002,Dermacare LiftCream,Aesthetic,Dermacare,Pharmacy/B2B,7,31.62,GBP,0.1,221.34,199.21
TXN-GB-2-000932,2026-08-26 09:12:12,2026-08-26 09:16:12,GB,Legacy Oracle EBS,E,DER-002,Dermacare LiftCream,Aesthetic,Dermacare,D2C,7,31.62,GBP,0.1,221.34,199.21
TXN-GB-2-000933,2026-08-26 22:19:36,2026-08-26 22:25:36,GB,Legacy Oracle EBS,E,VIT-001,Vitalis C1000,Supplement,Vitalis,E-commerce,5,17.95,GBP,0.15,89.75,76.29
TXN-GB-2-000934,2026-08-26 16:36:32,2026-08-26 16:40:32,GB,Legacy Oracle EBS,E,PUR-001,PureLife GlucoMonitor,Medical Device,PureLife,Pharmacy/B2B,8,72.65,GBP,0.0,581.2,581.2
TXN-GB-2-000935,2026-08-26 12:00:25,2026-08-26 12:04:25,GB,Legacy Oracle EBS,E,PUR-002,PureLife BP Monitor,Medical Device,PureLife,Wholesale,6,76.92,GBP,0.2,461.52,369.22
TXN-GB-2-000936,2026-08-26 23:01:39,2026-08-26 23:02:39,GB,Legacy Oracle EBS,E,VIT-002,Vitalis Multivit,Supplement,Vitalis,Pharmacy/B2B,6,14.53,GBP,0.15,87.18,74.1
TXN-GB-2-000937,2026-08-26 10:08:31,2026-08-26 10:12:31,GB,Legacy Oracle EBS,E,VIT-002,Vitalis Multivit,Supplement,Vitalis,Wholesale,8,14.53,GBP,0.15,116.24,98.8
TXN-GB-2-000938,2026-08-26 15:22:28,2026-08-26 15:24:28,GB,Legacy Oracle EBS,E,MED-002,Medora Derm Cream,Prescription,Medora,E-commerce,11,22.22,GBP,0.05,244.42,232.2
TXN-GB-2-000939,2026-08-26 00:26:51,2026-08-26 00:30:51,GB,Legacy Oracle EBS,E,VIT-001,Vitalis C1000,Supplement,Vitalis,D2C,12,17.95,GBP,0.1,215.4,193.86
TXN-GB-2-000940,2026-08-26 10:02:04,2026-08-26 10:05:04,GB,Legacy Oracle EBS,E,DER-002,Dermacare LiftCream,Aesthetic,Dermacare,E-commerce,8,31.62,GBP,0.0,252.96,252.96
TXN-GB-2-000941,2026-08-26 11:20:11,2026-08-26 11:23:11,GB,Legacy Oracle EBS,E,SAN-002,SanaPlus ColdFlu,OTC,SanaPlus,Wholesale,7,8.97,GBP,0.1,62.79,56.51
TXN-GB-2-000942,2026-08-26 21:22:59,2026-08-26 21:27:59,GB,Legacy Oracle EBS,E,PUR-001,PureLife GlucoMonitor,Medical Device,PureLife,Wholesale,6,72.65,GBP,0.0,435.9,435.9
TXN-GB-2-000943,2026-08-26 03:48:41,2026-08-26 03:53:41,GB,Legacy Oracle EBS,E,SAN-001,SanaPlus PainRelief,OTC,SanaPlus,E-commerce,11,8.12,GBP,0.0,89.32,89.32
TXN-GB-2-000944,2026-08-26 08:06:04,2026-08-26 08:10:04,GB,Legacy Oracle EBS,E,VIT-002,Vitalis Multivit,Supplement,Vitalis,Wholesale,1,14.53,GBP,0.0,14.53,14.53
TXN-GB-2-000945,2026-08-26 11:21:21,2026-08-26 11:24:21,GB,Legacy Oracle EBS,E,DER-002,Dermacare LiftCream,Aesthetic,Dermacare,Pharmacy/B2B,6,31.62,GBP,0.15,189.72,161.26
TXN-GB-2-000946,2026-08-26 21:02:18,2026-08-26 21:07:18,GB,Legacy Oracle EBS,E,DER-002,Dermacare LiftCream,Aesthetic,Dermacare,Wholesale,11,31.62,GBP,0.2,347.82,278.26
TXN-GB-2-000947,2026-08-26 02:44:19,2026-08-26 02:49:19,GB,Legacy Oracle EBS,E,SAN-001,SanaPlus PainRelief,OTC,SanaPlus,D2C,6,8.12,GBP,0.1,48.72,43.85
TXN-GB-2-000948,2026-08-26 13:14:47,2026-08-26 13:20:47,GB,Legacy Oracle EBS,E,PUR-002,PureLife BP Monitor,Medical Device,PureLife,Wholesale,2,76.92,GBP,0.0,153.84,153.84
TXN-GB-2-000949,2026-08-26 01:24:25,2026-08-26 01:29:25,GB,Legacy Oracle EBS,E,DER-002,Dermacare LiftCream,Aesthetic,Dermacare,Wholesale,5,31.62,GBP,0.0,158.1,158.1
TXN-GB-2-000950,2026-08-26 18:30:18,2026-08-26 18:33:18,GB,Legacy Oracle EBS,E,MED-002,Medora Derm Cream,Prescription,Medora,E-commerce,7,22.22,GBP,0.0,155.54,155.54
TXN-GB-2-000951,2026-08-26 01:03:02,2026-08-26 01:06:02,GB,Legacy Oracle EBS,E,VIT-002,Vitalis Multivit,Supplement,Vitalis,D2C,3,14.53,GBP,0.1,43.59,39.23
TXN-GB-2-000952,2026-08-26 08:02:51,2026-08-26 08:04:51,GB,Legacy Oracle EBS,E,VIT-001,Vitalis C1000,Supplement,Vitalis,Wholesale,7,17.95,GBP,0.1,125.65,113.09
TXN-GB-2-000953,2026-08-26 17:41:01,2026-08-26 17:43:01,GB,Legacy Oracle EBS,E,MED-001,Medora Cardio 10mg,Prescription,Medora,D2C,8,36.75,GBP,0.0,294.0,294.0
TXN-GB-2-000954,2026-08-26 04:20:24,2026-08-26 04:25:24,GB,Legacy Oracle EBS,E,DER-001,Dermacare GlowSerum,Aesthetic,Dermacare,D2C,6,27.35,GBP,0.2,164.1,131.28
TXN-GB-2-000955,2026-08-26 08:03:12,2026-08-26 08:05:12,GB,Legacy Oracle EBS,E,DER-001,Dermacare GlowSerum,Aesthetic,Dermacare,Pharmacy/B2B,7,27.35,GBP,0.1,191.45,172.31
TXN-GB-2-000956,2026-08-26 02:46:56,2026-08-26 02:50:56,GB,Legacy Oracle EBS,E,SAN-001,SanaPlus PainRelief,OTC,SanaPlus,E-commerce,11,8.12,GBP,0.15,89.32,75.92
TXN-GB-2-000957,2026-08-26 22:12:22,2026-08-26 22:15:22,GB,Legacy Oracle EBS,E,SAN-002,SanaPlus ColdFlu,OTC,SanaPlus,E-commerce,3,8.97,GBP,0.05,26.91,25.56
TXN-GB-2-000958,2026-08-26 21:36:47,2026-08-26 21:37:47,GB,Legacy Oracle EBS,E,PUR-001,PureLife GlucoMonitor,Medical Device,PureLife,Pharmacy/B2B,6,72.65,GBP,0.0,435.9,435.9
TXN-GB-2-000959,2026-08-26 09:36:47,2026-08-26 09:40:47,GB,Legacy Oracle EBS,E,MED-001,Medora Cardio 10mg,Prescription,Medora,Pharmacy/B2B,12,36.75,GBP,0.2,441.0,352.8
TXN-GB-2-000960,2026-08-26 15:08:46,2026-08-26 15:13:46,GB,Legacy Oracle EBS,E,PUR-001,PureLife GlucoMonitor,Medical Device,PureLife,Wholesale,4,72.65,GBP,0.2,290.6,232.48
TXN-GB-2-000961,2026-08-26 00:09:53,2026-08-26 00:15:53,GB,Legacy Oracle EBS,E,VIT-001,Vitalis C1000,Supplement,Vitalis,Wholesale,11,17.95,GBP,0.0,197.45,197.45
TXN-GB-2-000962,2026-08-26 00:54:23,2026-08-26 00:57:23,GB,Legacy Oracle EBS,E,DER-001,Dermacare GlowSerum,Aesthetic,Dermacare,E-commerce,4,27.35,GBP,0.05,109.4,103.93
TXN-GB-2-000963,2026-08-26 09:25:49,2026-08-26 09:26:49,GB,Legacy Oracle EBS,E,PUR-002,PureLife BP Monitor,Medical Device,PureLife,Wholesale,7,76.92,GBP,0.0,538.44,538.44
TXN-GB-2-000964,2026-08-26 19:47:40,2026-08-26 19:49:40,GB,Legacy Oracle EBS,E,DER-002,Dermacare LiftCream,Aesthetic,Dermacare,Pharmacy/B2B,11,31.62,GBP,0.0,347.82,347.82
TXN-GB-2-000965,2026-08-26 20:18:27,2026-08-26 20:23:27,GB,Legacy Oracle EBS,E,VIT-001,Vitalis C1000,Supplement,Vitalis,Wholesale,4,17.95,GBP,0.0,71.8,71.8
TXN-GB-2-000966,2026-08-26 00:42:52,2026-08-26 00:48:52,GB,Legacy Oracle EBS,E,PUR-002,PureLife BP Monitor,Medical Device,PureLife,Wholesale,9,76.92,GBP,0.05,692.28,657.67
TXN-GB-2-000967,2026-08-26 06:16:38,2026-08-26 06:19:38,GB,Legacy Oracle EBS,E,SAN-001,SanaPlus PainRelief,OTC,SanaPlus,Pharmacy/B2B,8,8.12,GBP,0.05,64.96,61.71
TXN-GB-2-000968,2026-08-26 09:11:17,2026-08-26 09:16:17,GB,Legacy Oracle EBS,E,PUR-001,PureLife GlucoMonitor,Medical Device,PureLife,Pharmacy/B2B,7,72.65,GBP,0.2,508.55,406.84
TXN-GB-2-000969,2026-08-26 18:29:05,2026-08-26 18:31:05,GB,Legacy Oracle EBS,E,MED-001,Medora Cardio 10mg,Prescription,Medora,D2C,4,36.75,GBP,0.0,147.0,147.0
TXN-GB-2-000970,2026-08-26 18:53:30,2026-08-26 18:54:30,GB,Legacy Oracle EBS,E,VIT-001,Vitalis C1000,Supplement,Vitalis,Wholesale,8,17.95,GBP,0.0,143.6,143.6
TXN-GB-2-000971,2026-08-26 04:07:06,2026-08-26 04:11:06,GB,Legacy Oracle EBS,E,DER-002,Dermacare LiftCream,Aesthetic,Dermacare,D2C,11,31.62,GBP,0.2,347.82,278.26
TXN-GB-2-000972,2026-08-26 06:07:41,2026-08-26 06:13:41,GB,Legacy Oracle EBS,E,DER-002,Dermacare LiftCream,Aesthetic,Dermacare,D2C,4,31.62,GBP,0.05,126.48,120.16
TXN-GB-2-000973,2026-08-26 19:49:47,2026-08-26 19:55:47,GB,Legacy Oracle EBS,E,PUR-001,PureLife GlucoMonitor,Medical Device,PureLife,Wholesale,3,72.65,GBP,0.0,217.95,217.95
TXN-GB-2-000974,2026-08-26 05:02:42,2026-08-26 05:06:42,GB,Legacy Oracle EBS,E,SAN-002,SanaPlus ColdFlu,OTC,SanaPlus,Pharmacy/B2B,5,8.97,GBP,0.0,44.85,44.85
TXN-GB-2-000975,2026-08-26 13:55:11,2026-08-26 13:58:11,GB,Legacy Oracle EBS,E,MED-001,Medora Cardio 10mg,Prescription,Medora,D2C,9,36.75,GBP,0.0,330.75,330.75
TXN-GB-2-000976,2026-08-26 20:48:48,2026-08-26 20:54:48,GB,Legacy Oracle EBS,E,SAN-002,SanaPlus ColdFlu,OTC,SanaPlus,E-commerce,2,8.97,GBP,0.05,17.94,17.04
TXN-GB-2-000977,2026-08-26 10:50:28,2026-08-26 10:54:28,GB,Legacy Oracle EBS,E,MED-001,Medora Cardio 10mg,Prescription,Medora,D2C,10,36.75,GBP,0.15,367.5,312.38
TXN-GB-2-000978,2026-08-26 09:35:41,2026-08-26 09:40:41,GB,Legacy Oracle EBS,E,PUR-001,PureLife GlucoMonitor,Medical Device,PureLife,Wholesale,6,72.65,GBP,0.0,435.9,435.9
TXN-GB-2-000979,2026-08-26 09:50:42,2026-08-26 09:51:42,GB,Legacy Oracle EBS,E,DER-002,Dermacare LiftCream,Aesthetic,Dermacare,E-commerce,3,31.62,GBP,0.1,94.86,85.37
TXN-GB-2-000980,2026-08-26 23:08:40,2026-08-26 23:11:40,GB,Legacy Oracle EBS,E,SAN-002,SanaPlus ColdFlu,OTC,SanaPlus,Wholesale,9,8.97,GBP,0.1,80.73,72.66
TXN-GB-2-000981,2026-08-26 20:53:48,2026-08-26 20:55:48,GB,Legacy Oracle EBS,E,VIT-001,Vitalis C1000,Supplement,Vitalis,E-commerce,9,17.95,GBP,0.0,161.55,161.55
TXN-GB-2-000982,2026-08-26 23:12:29,2026-08-26 23:16:29,GB,Legacy Oracle EBS,E,MED-002,Medora Derm Cream,Prescription,Medora,Pharmacy/B2B,9,22.22,GBP,0.0,199.98,199.98
TXN-GB-2-000983,2026-08-26 05:12:26,2026-08-26 05:17:26,GB,Legacy Oracle EBS,E,MED-002,Medora Derm Cream,Prescription,Medora,D2C,1,22.22,GBP,0.0,22.22,22.22
TXN-GB-2-000984,2026-08-26 07:23:13,2026-08-26 07:26:13,GB,Legacy Oracle EBS,E,PUR-002,PureLife BP Monitor,Medical Device,PureLife,Wholesale,8,76.92,GBP,0.0,615.36,615.36
TXN-GB-2-000985,2026-08-26 23:13:37,2026-08-26 23:19:37,GB,Legacy Oracle EBS,E,PUR-002,PureLife BP Monitor,Medical Device,PureLife,E-commerce,4,76.92,GBP,0.05,307.68,292.3
TXN-GB-2-000986,2026-08-26 16:07:06,2026-08-26 16:12:06,GB,Legacy Oracle EBS,E,VIT-002,Vitalis Multivit,Supplement,Vitalis,D2C,9,14.53,GBP,0.1,130.77,117.69
TXN-GB-2-000987,2026-08-26 10:16:08,2026-08-26 10:19:08,GB,Legacy Oracle EBS,E,SAN-001,SanaPlus PainRelief,OTC,SanaPlus,Pharmacy/B2B,11,8.12,GBP,0.1,89.32,80.39
TXN-GB-2-000988,2026-08-26 14:55:58,2026-08-26 14:59:58,GB,Legacy Oracle EBS,E,PUR-001,PureLife GlucoMonitor,Medical Device,PureLife,Pharmacy/B2B,4,72.65,GBP,0.1,290.6,261.54
TXN-GB-2-000989,2026-08-26 05:07:29,2026-08-26 05:09:29,GB,Legacy Oracle EBS,E,MED-002,Medora Derm Cream,Prescription,Medora,Pharmacy/B2B,10,22.22,GBP,0.05,222.2,211.09
TXN-GB-2-000990,2026-08-26 18:11:34,2026-08-26 18:17:34,GB,Legacy Oracle EBS,E,DER-001,Dermacare GlowSerum,Aesthetic,Dermacare,D2C,8,27.35,GBP,0.0,218.8,218.8
TXN-GB-2-000991,2026-08-26 18:58:09,2026-08-26 19:04:09,GB,Legacy Oracle EBS,E,VIT-002,Vitalis Multivit,Supplement,Vitalis,E-commerce,6,14.53,GBP,0.05,87.18,82.82
TXN-GB-2-000992,2026-08-26 13:48:34,2026-08-26 13:50:34,GB,Legacy Oracle EBS,E,PUR-001,PureLife GlucoMonitor,Medical Device,PureLife,E-commerce,9,72.65,GBP,0.0,653.85,653.85
TXN-GB-2-000993,2026-08-26 06:35:19,2026-08-26 06:39:19,GB,Legacy Oracle EBS,E,MED-001,Medora Cardio 10mg,Prescription,Medora,Wholesale,11,36.75,GBP,0.15,404.25,343.61
TXN-GB-2-000994,2026-08-26 21:08:02,2026-08-26 21:12:02,GB,Legacy Oracle EBS,E,DER-002,Dermacare LiftCream,Aesthetic,Dermacare,Wholesale,8,31.62,GBP,0.0,252.96,252.96
TXN-GB-2-000995,2026-08-26 01:12:28,2026-08-26 01:17:28,GB,Legacy Oracle EBS,E,SAN-001,SanaPlus PainRelief,OTC,SanaPlus,E-commerce,10,8.12,GBP,0.2,81.2,64.96
TXN-GB-2-000996,2026-08-26 18:24:45,2026-08-26 18:27:45,GB,Legacy Oracle EBS,E,MED-001,Medora Cardio 10mg,Prescription,Medora,Wholesale,8,36.75,GBP,0.0,294.0,294.0
TXN-GB-2-000997,2026-08-26 23:10:07,2026-08-26 23:12:07,GB,Legacy Oracle EBS,E,VIT-002,Vitalis Multivit,Supplement,Vitalis,Wholesale,9,14.53,GBP,0.0,130.77,130.77
TXN-GB-2-000998,2026-08-26 01:56:45,2026-08-26 02:02:45,GB,Legacy Oracle EBS,E,SAN-001,SanaPlus PainRelief,OTC,SanaPlus,Wholesale,4,8.12,GBP,0.05,32.48,30.86
TXN-GB-2-000999,2026-08-26 08:53:59,2026-08-26 08:55:59,GB,Legacy Oracle EBS,E,MED-001,Medora Cardio 10mg,Prescription,Medora,Pharmacy/B2B,6,36.75,GBP,0.2,220.5,176.4
TXN-GB-2-001000,2026-08-26 10:53:36,2026-08-26 10:57:36,GB,Legacy Oracle EBS,E,MED-002,Medora Derm Cream,Prescription,Medora,E-commerce,2,22.22,GBP,0.0,44.44,44.44
TXN-GB-2-001001,2026-08-26 21:21:00,2026-08-26 21:22:00,GB,Legacy Oracle EBS,E,VIT-001,Vitalis C1000,Supplement,Vitalis,E-commerce,9,17.95,GBP,0.15,161.55,137.32
TXN-GB-2-001002,2026-08-26 23:07:20,2026-08-26 23:11:20,GB,Legacy Oracle EBS,E,DER-002,Dermacare LiftCream,Aesthetic,Dermacare,E-commerce,2,31.62,GBP,0.15,63.24,53.75
TXN-GB-2-001003,2026-08-26 21:28:43,2026-08-26 21:31:43,GB,Legacy Oracle EBS,E,MED-002,Medora Derm Cream,Prescription,Medora,D2C,10,22.22,GBP,0.0,222.2,222.2
TXN-GB-2-001004,2026-08-26 23:28:04,2026-08-26 23:32:04,GB,Legacy Oracle EBS,E,SAN-002,SanaPlus ColdFlu,OTC,SanaPlus,Pharmacy/B2B,2,8.97,GBP,0.1,17.94,16.15
TXN-GB-2-001005,2026-08-26 12:03:22,2026-08-26 12:09:22,GB,Legacy Oracle EBS,E,PUR-001,PureLife GlucoMonitor,Medical Device,PureLife,Pharmacy/B2B,3,72.65,GBP,0.0,217.95,217.95
TXN-GB-2-001006,2026-08-26 06:35:42,2026-08-26 06:41:42,GB,Legacy Oracle EBS,E,VIT-002,Vitalis Multivit,Supplement,Vitalis,Pharmacy/B2B,6,14.53,GBP,0.15,87.18,74.1
TXN-GB-2-001007,2026-08-26 23:31:28,2026-08-26 23:33:28,GB,Legacy Oracle EBS,E,MED-002,Medora Derm Cream,Prescription,Medora,Pharmacy/B2B,10,22.22,GBP,0.05,222.2,211.09
TXN-GB-2-001008,2026-08-26 02:32:34,2026-08-26 02:34:34,GB,Legacy Oracle EBS,E,SAN-001,SanaPlus PainRelief,OTC,SanaPlus,E-commerce,1,8.12,GBP,0.0,8.12,8.12
TXN-GB-2-001009,2026-08-26 20:00:05,2026-08-26 20:06:05,GB,Legacy Oracle EBS,E,SAN-001,SanaPlus PainRelief,OTC,SanaPlus,E-commerce,6,8.12,GBP,0.15,48.72,41.41
TXN-GB-2-001010,2026-08-26 21:39:10,2026-08-26 21:43:10,GB,Legacy Oracle EBS,E,VIT-002,Vitalis Multivit,Supplement,Vitalis,Pharmacy/B2B,10,14.53,GBP,0.1,145.3,130.77
TXN-GB-2-001011,2026-08-26 01:57:53,2026-08-26 02:01:53,GB,Legacy Oracle EBS,E,SAN-002,SanaPlus ColdFlu,OTC,SanaPlus,Wholesale,3,8.97,GBP,0.05,26.91,25.56
TXN-GB-2-001012,2026-08-26 06:51:50,2026-08-26 06:56:50,GB,Legacy Oracle EBS,E,MED-001,Medora Cardio 10mg,Prescription,Medora,Pharmacy/B2B,7,36.75,GBP,0.15,257.25,218.66
TXN-GB-2-001013,2026-08-26 12:19:01,2026-08-26 12:24:01,GB,Legacy Oracle EBS,E,SAN-001,SanaPlus PainRelief,OTC,SanaPlus,D2C,7,8.12,GBP,0.0,56.84,56.84
TXN-GB-2-001014,2026-08-26 06:38:19,2026-08-26 06:44:19,GB,Legacy Oracle EBS,E,SAN-001,SanaPlus PainRelief,OTC,SanaPlus,D2C,5,8.12,GBP,0.15,40.6,34.51
TXN-GB-2-001015,2026-08-26 00:15:04,2026-08-26 00:21:04,GB,Legacy Oracle EBS,E,SAN-002,SanaPlus ColdFlu,OTC,SanaPlus,E-commerce,7,8.97,GBP,0.0,62.79,62.79
TXN-GB-2-001016,2026-08-26 14:33:17,2026-08-26 14:36:17,GB,Legacy Oracle EBS,E,DER-001,Dermacare GlowSerum,Aesthetic,Dermacare,Pharmacy/B2B,6,27.35,GBP,0.0,164.1,164.1
TXN-GB-2-001017,2026-08-26 22:47:01,2026-08-26 22:48:01,GB,Legacy Oracle EBS,E,PUR-002,PureLife BP Monitor,Medical Device,PureLife,D2C,11,76.92,GBP,0.0,846.12,846.12
TXN-GB-2-001018,2026-08-26 03:30:42,2026-08-26 03:34:42,GB,Legacy Oracle EBS,E,DER-002,Dermacare LiftCream,Aesthetic,Dermacare,E-commerce,11,31.62,GBP,0.2,347.82,278.26
TXN-GB-2-001019,2026-08-26 20:36:38,2026-08-26 20:40:38,GB,Legacy Oracle EBS,E,VIT-001,Vitalis C1000,Supplement,Vitalis,E-commerce,10,17.95,GBP,0.0,179.5,179.5
TXN-GB-2-001020,2026-08-26 08:15:31,2026-08-26 08:21:31,GB,Legacy Oracle EBS,E,SAN-001,SanaPlus PainRelief,OTC,SanaPlus,Wholesale,8,8.12,GBP,0.0,64.96,64.96
TXN-GB-2-001021,2026-08-26 19:38:16,2026-08-26 19:41:16,GB,Legacy Oracle EBS,E,SAN-001,SanaPlus PainRelief,OTC,SanaPlus,Wholesale,2,8.12,GBP,0.15,16.24,13.8
TXN-GB-2-001022,2026-08-26 16:01:27,2026-08-26 16:03:27,GB,Legacy Oracle EBS,E,VIT-001,Vitalis C1000,Supplement,Vitalis,Wholesale,5,17.95,GBP,0.0,89.75,89.75
TXN-GB-2-001023,2026-08-26 00:55:20,2026-08-26 01:01:20,GB,Legacy Oracle EBS,E,DER-002,Dermacare LiftCream,Aesthetic,Dermacare,Wholesale,12,31.62,GBP,0.15,379.44,322.52
TXN-GB-2-001024,2026-08-26 22:56:49,2026-08-26 23:02:49,GB,Legacy Oracle EBS,E,DER-001,Dermacare GlowSerum,Aesthetic,Dermacare,Wholesale,11,27.35,GBP,0.0,300.85,300.85
TXN-GB-2-001025,2026-08-26 22:57:24,2026-08-26 22:58:24,GB,Legacy Oracle EBS,E,MED-001,Medora Cardio 10mg,Prescription,Medora,Pharmacy/B2B,11,36.75,GBP,0.1,404.25,363.82
TXN-GB-2-001026,2026-08-26 10:55:10,2026-08-26 10:59:10,GB,Legacy Oracle EBS,E,DER-001,Dermacare GlowSerum,Aesthetic,Dermacare,Wholesale,10,27.35,GBP,0.1,273.5,246.15
TXN-GB-2-001027,2026-08-26 13:18:49,2026-08-26 13:20:49,GB,Legacy Oracle EBS,E,SAN-002,SanaPlus ColdFlu,OTC,SanaPlus,Wholesale,1,8.97,GBP,0.05,8.97,8.52
TXN-GB-2-001028,2026-08-26 03:11:05,2026-08-26 03:13:05,GB,Legacy Oracle EBS,E,SAN-001,SanaPlus PainRelief,OTC,SanaPlus,Pharmacy/B2B,9,8.12,GBP,0.0,73.08,73.08
TXN-GB-2-001029,2026-08-26 17:17:01,2026-08-26 17:21:01,GB,Legacy Oracle EBS,E,SAN-002,SanaPlus ColdFlu,OTC,SanaPlus,E-commerce,1,8.97,GBP,0.2,8.97,7.18
TXN-GB-2-001030,2026-08-26 12:38:14,2026-08-26 12:42:14,GB,Legacy Oracle EBS,E,VIT-001,Vitalis C1000,Supplement,Vitalis,E-commerce,11,17.95,GBP,0.0,197.45,197.45
TXN-GB-2-001031,2026-08-26 16:31:58,2026-08-26 16:32:58,GB,Legacy Oracle EBS,E,PUR-001,PureLife GlucoMonitor,Medical Device,PureLife,Pharmacy/B2B,4,72.65,GBP,0.15,290.6,247.01
TXN-GB-2-001032,2026-08-26 18:46:38,2026-08-26 18:51:38,GB,Legacy Oracle EBS,E,MED-002,Medora Derm Cream,Prescription,Medora,D2C,11,22.22,GBP,0.2,244.42,195.54
TXN-GB-2-001033,2026-08-26 08:42:41,2026-08-26 08:46:41,GB,Legacy Oracle EBS,E,MED-002,Medora Derm Cream,Prescription,Medora,Pharmacy/B2B,5,22.22,GBP,0.15,111.1,94.43
TXN-GB-2-001034,2026-08-26 11:32:32,2026-08-26 11:38:32,GB,Legacy Oracle EBS,E,PUR-001,PureLife GlucoMonitor,Medical Device,PureLife,E-commerce,7,72.65,GBP,0.0,508.55,508.55
TXN-GB-2-001035,2026-08-26 21:32:44,2026-08-26 21:36:44,GB,Legacy Oracle EBS,E,MED-001,Medora Cardio 10mg,Prescription,Medora,Pharmacy/B2B,12,36.75,GBP,0.05,441.0,418.95
TXN-GB-2-001036,2026-08-26 11:28:58,2026-08-26 11:29:58,GB,Legacy Oracle EBS,E,DER-002,Dermacare LiftCream,Aesthetic,Dermacare,Wholesale,6,31.62,GBP,0.2,189.72,151.78
TXN-GB-2-001037,2026-08-26 05:16:34,2026-08-26 05:18:34,GB,Legacy Oracle EBS,E,MED-002,Medora Derm Cream,Prescription,Medora,Wholesale,9,22.22,GBP,0.0,199.98,199.98
TXN-GB-2-001038,2026-08-26 15:01:37,2026-08-26 15:05:37,GB,Legacy Oracle EBS,E,DER-002,Dermacare LiftCream,Aesthetic,Dermacare,Wholesale,5,31.62,GBP,0.2,158.1,126.48
TXN-GB-2-001039,2026-08-26 18:14:12,2026-08-26 18:15:12,GB,Legacy Oracle EBS,E,PUR-001,PureLife GlucoMonitor,Medical Device,PureLife,E-commerce,1,72.65,GBP,0.15,72.65,61.75
TXN-GB-2-001040,2026-08-26 22:48:14,2026-08-26 22:49:14,GB,Legacy Oracle EBS,E,DER-001,Dermacare GlowSerum,Aesthetic,Dermacare,E-commerce,12,27.35,GBP,0.15,328.2,278.97
TXN-GB-2-001041,2026-08-26 15:41:06,2026-08-26 15:46:06,GB,Legacy Oracle EBS,E,SAN-001,SanaPlus PainRelief,OTC,SanaPlus,E-commerce,7,8.12,GBP,0.0,56.84,56.84
TXN-GB-2-001042,2026-08-26 07:42:47,2026-08-26 07:46:47,GB,Legacy Oracle EBS,E,MED-002,Medora Derm Cream,Prescription,Medora,Pharmacy/B2B,4,22.22,GBP,0.0,88.88,88.88
TXN-GB-2-001043,2026-08-26 12:24:14,2026-08-26 12:29:14,GB,Legacy Oracle EBS,E,DER-001,Dermacare GlowSerum,Aesthetic,Dermacare,D2C,8,27.35,GBP,0.0,218.8,218.8
TXN-GB-2-001044,2026-08-26 16:56:37,2026-08-26 16:58:37,GB,Legacy Oracle EBS,E,PUR-001,PureLife GlucoMonitor,Medical Device,PureLife,Wholesale,9,72.65,GBP,0.0,653.85,653.85
TXN-GB-2-001045,2026-08-26 23:55:40,2026-08-27 00:01:40,GB,Legacy Oracle EBS,E,PUR-001,PureLife GlucoMonitor,Medical Device,PureLife,D2C,11,72.65,GBP,0.0,799.15,799.15
TXN-GB-2-001046,2026-08-26 11:04:41,2026-08-26 11:08:41,GB,Legacy Oracle EBS,E,DER-001,Dermacare GlowSerum,Aesthetic,Dermacare,E-commerce,11,27.35,GBP,0.0,300.85,300.85
TXN-GB-2-001047,2026-08-26 18:32:39,2026-08-26 18:33:39,GB,Legacy Oracle EBS,E,VIT-001,Vitalis C1000,Supplement,Vitalis,Wholesale,8,17.95,GBP,0.0,143.6,143.6
TXN-GB-2-001048,2026-08-26 21:38:09,2026-08-26 21:41:09,GB,Legacy Oracle EBS,E,DER-001,Dermacare GlowSerum,Aesthetic,Dermacare,Pharmacy/B2B,9,27.35,GBP,0.05,246.15,233.84
TXN-GB-2-001049,2026-08-26 16:49:46,2026-08-26 16:55:46,GB,Legacy Oracle EBS,E,DER-002,Dermacare LiftCream,Aesthetic,Dermacare,Pharmacy/B2B,12,31.62,GBP,0.05,379.44,360.47
TXN-GB-2-001050,2026-08-26 10:08:17,2026-08-26 10:09:17,GB,Legacy Oracle EBS,E,PUR-001,PureLife GlucoMonitor,Medical Device,PureLife,Pharmacy/B2B,5,72.65,GBP,0.05,363.25,345.09
TXN-GB-2-001051,2026-08-26 01:53:29,2026-08-26 01:56:29,GB,Legacy Oracle EBS,E,PUR-002,PureLife BP Monitor,Medical Device,PureLife,Pharmacy/B2B,3,76.92,GBP,0.1,230.76,207.68
TXN-GB-2-001052,2026-08-26 08:05:24,2026-08-26 08:09:24,GB,Legacy Oracle EBS,E,VIT-002,Vitalis Multivit,Supplement,Vitalis,E-commerce,3,14.53,GBP,0.1,43.59,39.23
TXN-GB-2-001053,2026-08-26 01:04:29,2026-08-26 01:10:29,GB,Legacy Oracle EBS,E,VIT-001,Vitalis C1000,Supplement,Vitalis,Wholesale,10,17.95,GBP,0.2,179.5,143.6
TXN-GB-2-001054,2026-08-26 18:35:29,2026-08-26 18:36:29,GB,Legacy Oracle EBS,E,MED-002,Medora Derm Cream,Prescription,Medora,E-commerce,5,22.22,GBP,0.05,111.1,105.54
TXN-GB-2-001055,2026-08-26 05:29:36,2026-08-26 05:35:36,GB,Legacy Oracle EBS,E,MED-001,Medora Cardio 10mg,Prescription,Medora,Wholesale,8,36.75,GBP,0.0,294.0,294.0
TXN-GB-2-001056,2026-08-26 19:35:45,2026-08-26 19:41:45,GB,Legacy Oracle EBS,E,DER-001,Dermacare GlowSerum,Aesthetic,Dermacare,Wholesale,8,27.35,GBP,0.0,218.8,218.8
TXN-GB-2-001057,2026-08-26 02:27:29,2026-08-26 02:32:29,GB,Legacy Oracle EBS,E,DER-001,Dermacare GlowSerum,Aesthetic,Dermacare,D2C,4,27.35,GBP,0.05,109.4,103.93
TXN-GB-2-001058,2026-08-26 14:07:25,2026-08-26 14:11:25,GB,Legacy Oracle EBS,E,MED-001,Medora Cardio 10mg,Prescription,Medora,E-commerce,10,36.75,GBP,0.2,367.5,294.0
TXN-GB-2-001059,2026-08-26 06:18:06,2026-08-26 06:22:06,GB,Legacy Oracle EBS,E,SAN-001,SanaPlus PainRelief,OTC,SanaPlus,Pharmacy/B2B,5,8.12,GBP,0.0,40.6,40.6
TXN-GB-2-001060,2026-08-26 19:49:30,2026-08-26 19:51:30,GB,Legacy Oracle EBS,E,PUR-002,PureLife BP Monitor,Medical Device,PureLife,Wholesale,11,76.92,GBP,0.0,846.12,846.12
TXN-GB-2-001061,2026-08-26 00:01:52,2026-08-26 00:04:52,GB,Legacy Oracle EBS,E,VIT-002,Vitalis Multivit,Supplement,Vitalis,Pharmacy/B2B,9,14.53,GBP,0.15,130.77,111.15
TXN-GB-2-001062,2026-08-26 06:59:27,2026-08-26 07:01:27,GB,Legacy Oracle EBS,E,DER-001,Dermacare GlowSerum,Aesthetic,Dermacare,Pharmacy/B2B,2,27.35,GBP,0.0,54.7,54.7
TXN-GB-2-001063,2026-08-26 15:38:05,2026-08-26 15:42:05,GB,Legacy Oracle EBS,E,MED-002,Medora Derm Cream,Prescription,Medora,D2C,2,22.22,GBP,0.0,44.44,44.44
TXN-GB-2-001064,2026-08-26 23:09:24,2026-08-26 23:14:24,GB,Legacy Oracle EBS,E,PUR-001,PureLife GlucoMonitor,Medical Device,PureLife,E-commerce,8,72.65,GBP,0.0,581.2,581.2
TXN-GB-2-001065,2026-08-26 08:46:06,2026-08-26 08:48:06,GB,Legacy Oracle EBS,E,VIT-001,Vitalis C1000,Supplement,Vitalis,D2C,12,17.95,GBP,0.1,215.4,193.86
TXN-GB-2-001066,2026-08-26 22:17:08,2026-08-26 22:18:08,GB,Legacy Oracle EBS,E,VIT-002,Vitalis Multivit,Supplement,Vitalis,Wholesale,1,14.53,GBP,0.0,14.53,14.53
TXN-GB-2-001067,2026-08-26 07:06:34,2026-08-26 07:10:34,GB,Legacy Oracle EBS,E,SAN-001,SanaPlus PainRelief,OTC,SanaPlus,D2C,6,8.12,GBP,0.05,48.72,46.28
TXN-GB-2-001068,2026-08-26 23:28:43,2026-08-26 23:32:43,GB,Legacy Oracle EBS,E,DER-001,Dermacare GlowSerum,Aesthetic,Dermacare,E-commerce,10,27.35,GBP,0.2,273.5,218.8
TXN-GB-2-001069,2026-08-26 11:02:35,2026-08-26 11:03:35,GB,Legacy Oracle EBS,E,PUR-001,PureLife GlucoMonitor,Medical Device,PureLife,Pharmacy/B2B,10,72.65,GBP,0.0,726.5,726.5
TXN-GB-2-001070,2026-08-26 18:05:15,2026-08-26 18:08:15,GB,Legacy Oracle EBS,E,PUR-001,PureLife GlucoMonitor,Medical Device,PureLife,D2C,12,72.65,GBP,0.1,871.8,784.62
TXN-GB-2-001071,2026-08-26 05:43:10,2026-08-26 05:47:10,GB,Legacy Oracle EBS,E,DER-002,Dermacare LiftCream,Aesthetic,Dermacare,D2C,10,31.62,GBP,0.0,316.2,316.2
TXN-GB-2-001072,2026-08-26 16:26:52,2026-08-26 16:31:52,GB,Legacy Oracle EBS,E,VIT-001,Vitalis C1000,Supplement,Vitalis,E-commerce,8,17.95,GBP,0.15,143.6,122.06
TXN-GB-2-001073,2026-08-26 01:53:59,2026-08-26 01:54:59,GB,Legacy Oracle EBS,E,PUR-002,PureLife BP Monitor,Medical Device,PureLife,E-commerce,5,76.92,GBP,0.15,384.6,326.91
TXN-GB-2-001074,2026-08-26 13:40:02,2026-08-26 13:44:02,GB,Legacy Oracle EBS,E,SAN-002,SanaPlus ColdFlu,OTC,SanaPlus,D2C,8,8.97,GBP,0.2,71.76,57.41
TXN-GB-2-001075,2026-08-26 22:25:35,2026-08-26 22:31:35,GB,Legacy Oracle EBS,E,DER-001,Dermacare GlowSerum,Aesthetic,Dermacare,E-commerce,4,27.35,GBP,0.05,109.4,103.93
TXN-GB-2-001076,2026-08-26 04:21:55,2026-08-26 04:27:55,GB,Legacy Oracle EBS,E,MED-002,Medora Derm Cream,Prescription,Medora,E-commerce,6,22.22,GBP,0.0,133.32,133.32
TXN-GB-2-001077,2026-08-26 16:53:10,2026-08-26 16:54:10,GB,Legacy Oracle EBS,E,PUR-001,PureLife GlucoMonitor,Medical Device,PureLife,Wholesale,2,72.65,GBP,0.05,145.3,138.03
TXN-GB-2-001078,2026-08-26 11:24:26,2026-08-26 11:25:26,GB,Legacy Oracle EBS,E,PUR-001,PureLife GlucoMonitor,Medical Device,PureLife,Pharmacy/B2B,8,72.65,GBP,0.0,581.2,581.2
TXN-GB-2-001079,2026-08-26 07:25:18,2026-08-26 07:31:18,GB,Legacy Oracle EBS,E,DER-002,Dermacare LiftCream,Aesthetic,Dermacare,Wholesale,2,31.62,GBP,0.0,63.24,63.24
TXN-GB-2-001080,2026-08-26 11:54:40,2026-08-26 11:56:40,GB,Legacy Oracle EBS,E,SAN-001,SanaPlus PainRelief,OTC,SanaPlus,E-commerce,9,8.12,GBP,0.0,73.08,73.08
TXN-GB-2-001081,2026-08-26 15:35:00,2026-08-26 15:40:00,GB,Legacy Oracle EBS,E,SAN-001,SanaPlus PainRelief,OTC,SanaPlus,D2C,4,8.12,GBP,0.2,32.48,25.98
TXN-GB-2-001082,2026-08-26 19:48:04,2026-08-26 19:51:04,GB,Legacy Oracle EBS,E,SAN-002,SanaPlus ColdFlu,OTC,SanaPlus,D2C,5,8.97,GBP,0.0,44.85,44.85
TXN-GB-2-001083,2026-08-26 23:08:19,2026-08-26 23:14:19,GB,Legacy Oracle EBS,E,DER-002,Dermacare LiftCream,Aesthetic,Dermacare,E-commerce,5,31.62,GBP,0.0,158.1,158.1
TXN-GB-2-001084,2026-08-26 23:17:08,2026-08-26 23:21:08,GB,Legacy Oracle EBS,E,SAN-002,SanaPlus ColdFlu,OTC,SanaPlus,E-commerce,10,8.97,GBP,0.2,89.7,71.76
TXN-GB-2-001085,2026-08-26 22:51:39,2026-08-26 22:56:39,GB,Legacy Oracle EBS,E,DER-002,Dermacare LiftCream,Aesthetic,Dermacare,E-commerce,11,31.62,GBP,0.0,347.82,347.82
TXN-GB-2-001086,2026-08-26 03:16:12,2026-08-26 03:19:12,GB,Legacy Oracle EBS,E,PUR-001,PureLife GlucoMonitor,Medical Device,PureLife,E-commerce,10,72.65,GBP,0.0,726.5,726.5
TXN-GB-2-001087,2026-08-26 07:14:26,2026-08-26 07:18:26,GB,Legacy Oracle EBS,E,PUR-002,PureLife BP Monitor,Medical Device,PureLife,E-commerce,6,76.92,GBP,0.15,461.52,392.29
TXN-GB-2-001088,2026-08-26 20:51:04,2026-08-26 20:57:04,GB,Legacy Oracle EBS,E,PUR-002,PureLife BP Monitor,Medical Device,PureLife,Wholesale,9,76.92,GBP,0.05,692.28,657.67
TXN-GB-2-001089,2026-08-26 11:42:45,2026-08-26 11:43:45,GB,Legacy Oracle EBS,E,DER-001,Dermacare GlowSerum,Aesthetic,Dermacare,Wholesale,1,27.35,GBP,0.0,27.35,27.35
TXN-GB-2-001090,2026-08-26 03:07:06,2026-08-26 03:11:06,GB,Legacy Oracle EBS,E,SAN-002,SanaPlus ColdFlu,OTC,SanaPlus,D2C,9,8.97,GBP,0.05,80.73,76.69
TXN-GB-2-001091,2026-08-26 12:52:59,2026-08-26 12:53:59,GB,Legacy Oracle EBS,E,MED-002,Medora Derm Cream,Prescription,Medora,D2C,1,22.22,GBP,0.0,22.22,22.22
TXN-GB-2-001092,2026-08-26 11:47:43,2026-08-26 11:50:43,GB,Legacy Oracle EBS,E,SAN-002,SanaPlus ColdFlu,OTC,SanaPlus,Pharmacy/B2B,9,8.97,GBP,0.15,80.73,68.62
TXN-GB-2-001093,2026-08-26 02:02:02,2026-08-26 02:08:02,GB,Legacy Oracle EBS,E,MED-001,Medora Cardio 10mg,Prescription,Medora,Wholesale,7,36.75,GBP,0.15,257.25,218.66
TXN-GB-2-001094,2026-08-26 01:04:57,2026-08-26 01:07:57,GB,Legacy Oracle EBS,E,DER-001,Dermacare GlowSerum,Aesthetic,Dermacare,Wholesale,8,27.35,GBP,0.15,218.8,185.98
TXN-GB-2-001095,2026-08-26 06:45:51,2026-08-26 06:51:51,GB,Legacy Oracle EBS,E,MED-002,Medora Derm Cream,Prescription,Medora,E-commerce,7,22.22,GBP,0.0,155.54,155.54
TXN-GB-2-001096,2026-08-26 01:27:42,2026-08-26 01:32:42,GB,Legacy Oracle EBS,E,SAN-001,SanaPlus PainRelief,OTC,SanaPlus,E-commerce,9,8.12,GBP,0.0,73.08,73.08
TXN-GB-2-001097,2026-08-26 00:53:13,2026-08-26 00:59:13,GB,Legacy Oracle EBS,E,DER-001,Dermacare GlowSerum,Aesthetic,Dermacare,E-commerce,12,27.35,GBP,0.1,328.2,295.38
TXN-GB-2-001098,2026-08-26 21:56:25,2026-08-26 21:58:25,GB,Legacy Oracle EBS,E,DER-002,Dermacare LiftCream,Aesthetic,Dermacare,E-commerce,4,31.62,GBP,0.05,126.48,120.16
TXN-GB-2-001099,2026-08-26 21:18:04,2026-08-26 21:24:04,GB,Legacy Oracle EBS,E,MED-002,Medora Derm Cream,Prescription,Medora,Pharmacy/B2B,10,22.22,GBP,0.15,222.2,188.87
TXN-GB-2-001100,2026-08-26 22:34:49,2026-08-26 22:40:49,GB,Legacy Oracle EBS,E,DER-002,Dermacare LiftCream,Aesthetic,Dermacare,Wholesale,3,31.62,GBP,0.2,94.86,75.89
TXN-GB-2-001101,2026-08-26 02:21:37,2026-08-26 02:26:37,GB,Legacy Oracle EBS,E,MED-002,Medora Derm Cream,Prescription,Medora,Wholesale,4,22.22,GBP,0.15,88.88,75.55
TXN-GB-2-001102,2026-08-26 00:14:29,2026-08-26 00:20:29,GB,Legacy Oracle EBS,E,PUR-002,PureLife BP Monitor,Medical Device,PureLife,Pharmacy/B2B,7,76.92,GBP,0.0,538.44,538.44
TXN-GB-2-001103,2026-08-26 03:19:31,2026-08-26 03:23:31,GB,Legacy Oracle EBS,E,PUR-001,PureLife GlucoMonitor,Medical Device,PureLife,Pharmacy/B2B,1,72.65,GBP,0.0,72.65,72.65
TXN-GB-2-001104,2026-08-26 17:31:47,2026-08-26 17:33:47,GB,Legacy Oracle EBS,E,MED-002,Medora Derm Cream,Prescription,Medora,D2C,4,22.22,GBP,0.0,88.88,88.88
TXN-GB-2-001105,2026-08-26 17:10:34,2026-08-26 17:16:34,GB,Legacy Oracle EBS,E,MED-001,Medora Cardio 10mg,Prescription,Medora,Pharmacy/B2B,10,36.75,GBP,0.0,367.5,367.5
TXN-GB-2-001106,2026-08-26 12:01:37,2026-08-26 12:06:37,GB,Legacy Oracle EBS,E,DER-002,Dermacare LiftCream,Aesthetic,Dermacare,Pharmacy/B2B,8,31.62,GBP,0.0,252.96,252.96
TXN-GB-2-001107,2026-08-26 06:46:43,2026-08-26 06:47:43,GB,Legacy Oracle EBS,E,MED-001,Medora Cardio 10mg,Prescription,Medora,D2C,6,36.75,GBP,0.15,220.5,187.42
TXN-GB-2-001108,2026-08-26 13:16:57,2026-08-26 13:17:57,GB,Legacy Oracle EBS,E,MED-002,Medora Derm Cream,Prescription,Medora,Wholesale,9,22.22,GBP,0.1,199.98,179.98
TXN-GB-2-001109,2026-08-26 00:25:49,2026-08-26 00:26:49,GB,Legacy Oracle EBS,E,SAN-002,SanaPlus ColdFlu,OTC,SanaPlus,E-commerce,10,8.97,GBP,0.1,89.7,80.73
TXN-GB-2-001110,2026-08-26 09:35:38,2026-08-26 09:37:38,GB,Legacy Oracle EBS,E,VIT-002,Vitalis Multivit,Supplement,Vitalis,E-commerce,6,14.53,GBP,0.0,87.18,87.18
TXN-GB-2-001111,2026-08-26 09:38:26,2026-08-26 09:40:26,GB,Legacy Oracle EBS,E,VIT-002,Vitalis Multivit,Supplement,Vitalis,D2C,10,14.53,GBP,0.0,145.3,145.3
TXN-GB-2-001112,2026-08-26 07:40:15,2026-08-26 07:42:15,GB,Legacy Oracle EBS,E,MED-002,Medora Derm Cream,Prescription,Medora,E-commerce,11,22.22,GBP,0.0,244.42,244.42
TXN-GB-2-001113,2026-08-26 07:14:56,2026-08-26 07:15:56,GB,Legacy Oracle EBS,E,VIT-001,Vitalis C1000,Supplement,Vitalis,D2C,9,17.95,GBP,0.15,161.55,137.32
TXN-GB-2-001114,2026-08-26 23:09:50,2026-08-26 23:11:50,GB,Legacy Oracle EBS,E,VIT-002,Vitalis Multivit,Supplement,Vitalis,Pharmacy/B2B,4,14.53,GBP,0.05,58.12,55.21
TXN-GB-2-001115,2026-08-26 22:54:01,2026-08-26 22:55:01,GB,Legacy Oracle EBS,E,VIT-002,Vitalis Multivit,Supplement,Vitalis,E-commerce,3,14.53,GBP,0.05,43.59,41.41
TXN-GB-2-001116,2026-08-26 15:23:04,2026-08-26 15:29:04,GB,Legacy Oracle EBS,E,PUR-002,PureLife BP Monitor,Medical Device,PureLife,Pharmacy/B2B,5,76.92,GBP,0.2,384.6,307.68
TXN-GB-2-001117,2026-08-26 23:38:33,2026-08-26 23:44:33,GB,Legacy Oracle EBS,E,DER-002,Dermacare LiftCream,Aesthetic,Dermacare,D2C,5,31.62,GBP,0.05,158.1,150.19
TXN-GB-2-001118,2026-08-26 23:49:42,2026-08-26 23:51:42,GB,Legacy Oracle EBS,E,MED-001,Medora Cardio 10mg,Prescription,Medora,Pharmacy/B2B,2,36.75,GBP,0.2,73.5,58.8
TXN-GB-2-001119,2026-08-26 01:06:59,2026-08-26 01:12:59,GB,Legacy Oracle EBS,E,DER-002,Dermacare LiftCream,Aesthetic,Dermacare,Pharmacy/B2B,12,31.62,GBP,0.2,379.44,303.55
TXN-GB-2-001120,2026-08-26 20:19:52,2026-08-26 20:23:52,GB,Legacy Oracle EBS,E,DER-001,Dermacare GlowSerum,Aesthetic,Dermacare,Wholesale,8,27.35,GBP,0.1,218.8,196.92
TXN-GB-2-001121,2026-08-26 11:06:09,2026-08-26 11:09:09,GB,Legacy Oracle EBS,E,VIT-002,Vitalis Multivit,Supplement,Vitalis,E-commerce,5,14.53,GBP,0.15,72.65,61.75
TXN-GB-2-001122,2026-08-26 23:41:20,2026-08-26 23:43:20,GB,Legacy Oracle EBS,E,VIT-002,Vitalis Multivit,Supplement,Vitalis,D2C,11,14.53,GBP,0.2,159.83,127.86
TXN-GB-2-001123,2026-08-26 16:44:50,2026-08-26 16:49:50,GB,Legacy Oracle EBS,E,SAN-001,SanaPlus PainRelief,OTC,SanaPlus,E-commerce,8,8.12,GBP,0.0,64.96,64.96
TXN-GB-2-001124,2026-08-26 02:32:26,2026-08-26 02:38:26,GB,Legacy Oracle EBS,E,MED-002,Medora Derm Cream,Prescription,Medora,Pharmacy/B2B,4,22.22,GBP,0.0,88.88,88.88
TXN-GB-2-001125,2026-08-26 14:31:02,2026-08-26 14:32:02,GB,Legacy Oracle EBS,E,VIT-002,Vitalis Multivit,Supplement,Vitalis,Wholesale,4,14.53,GBP,0.05,58.12,55.21
TXN-GB-2-001126,2026-08-26 11:52:32,2026-08-26 11:53:32,GB,Legacy Oracle EBS,E,DER-001,Dermacare GlowSerum,Aesthetic,Dermacare,Pharmacy/B2B,6,27.35,GBP,0.0,164.1,164.1
TXN-GB-2-001127,2026-08-26 08:02:06,2026-08-26 08:04:06,GB,Legacy Oracle EBS,E,SAN-002,SanaPlus ColdFlu,OTC,SanaPlus,Pharmacy/B2B,2,8.97,GBP,0.05,17.94,17.04
TXN-GB-2-001128,2026-08-26 08:36:13,2026-08-26 08:42:13,GB,Legacy Oracle EBS,E,DER-002,Dermacare LiftCream,Aesthetic,Dermacare,D2C,6,31.62,GBP,0.15,189.72,161.26
TXN-GB-2-001129,2026-08-26 16:25:12,2026-08-26 16:31:12,GB,Legacy Oracle EBS,E,VIT-002,Vitalis Multivit,Supplement,Vitalis,Wholesale,3,14.53,GBP,0.0,43.59,43.59
TXN-GB-2-001130,2026-08-26 08:46:45,2026-08-26 08:47:45,GB,Legacy Oracle EBS,E,VIT-002,Vitalis Multivit,Supplement,Vitalis,D2C,11,14.53,GBP,0.15,159.83,135.86
TXN-GB-2-001131,2026-08-26 04:34:30,2026-08-26 04:38:30,GB,Legacy Oracle EBS,E,MED-001,Medora Cardio 10mg,Prescription,Medora,E-commerce,8,36.75,GBP,0.2,294.0,235.2
TXN-GB-2-001132,2026-08-26 08:36:09,2026-08-26 08:38:09,GB,Legacy Oracle EBS,E,VIT-001,Vitalis C1000,Supplement,Vitalis,Wholesale,10,17.95,GBP,0.1,179.5,161.55
TXN-GB-2-001133,2026-08-26 04:45:17,2026-08-26 04:49:17,GB,Legacy Oracle EBS,E,VIT-001,Vitalis C1000,Supplement,Vitalis,Wholesale,1,17.95,GBP,0.0,17.95,17.95
TXN-GB-2-001134,2026-08-26 06:42:54,2026-08-26 06:47:54,GB,Legacy Oracle EBS,E,SAN-001,SanaPlus PainRelief,OTC,SanaPlus,Pharmacy/B2B,1,8.12,GBP,0.1,8.12,7.31
TXN-GB-2-001135,2026-08-26 17:48:44,2026-08-26 17:51:44,GB,Legacy Oracle EBS,E,MED-002,Medora Derm Cream,Prescription,Medora,Pharmacy/B2B,1,22.22,GBP,0.2,22.22,17.78
TXN-GB-2-001136,2026-08-26 06:47:14,2026-08-26 06:52:14,GB,Legacy Oracle EBS,E,VIT-002,Vitalis Multivit,Supplement,Vitalis,D2C,1,14.53,GBP,0.1,14.53,13.08
TXN-GB-2-001137,2026-08-26 20:56:49,2026-08-26 21:00:49,GB,Legacy Oracle EBS,E,SAN-002,SanaPlus ColdFlu,OTC,SanaPlus,Wholesale,8,8.97,GBP,0.2,71.76,57.41
TXN-GB-2-001138,2026-08-26 20:18:05,2026-08-26 20:23:05,GB,Legacy Oracle EBS,E,SAN-002,SanaPlus ColdFlu,OTC,SanaPlus,Wholesale,5,8.97,GBP,0.15,44.85,38.12
TXN-GB-2-001139,2026-08-26 12:55:23,2026-08-26 13:00:23,GB,Legacy Oracle EBS,E,PUR-001,PureLife GlucoMonitor,Medical Device,PureLife,Pharmacy/B2B,8,72.65,GBP,0.0,581.2,581.2
TXN-GB-2-001140,2026-08-26 07:40:41,2026-08-26 07:41:41,GB,Legacy Oracle EBS,E,VIT-002,Vitalis Multivit,Supplement,Vitalis,E-commerce,10,14.53,GBP,0.0,145.3,145.3
TXN-GB-2-001141,2026-08-26 20:25:06,2026-08-26 20:28:06,GB,Legacy Oracle EBS,E,SAN-001,SanaPlus PainRelief,OTC,SanaPlus,E-commerce,12,8.12,GBP,0.0,97.44,97.44
TXN-GB-2-001142,2026-08-26 03:54:27,2026-08-26 03:56:27,GB,Legacy Oracle EBS,E,PUR-001,PureLife GlucoMonitor,Medical Device,PureLife,D2C,12,72.65,GBP,0.0,871.8,871.8
TXN-GB-2-001143,2026-08-26 07:55:16,2026-08-26 07:57:16,GB,Legacy Oracle EBS,E,MED-002,Medora Derm Cream,Prescription,Medora,E-commerce,4,22.22,GBP,0.2,88.88,71.1
TXN-GB-2-001144,2026-08-26 01:21:28,2026-08-26 01:22:28,GB,Legacy Oracle EBS,E,MED-001,Medora Cardio 10mg,Prescription,Medora,D2C,12,36.75,GBP,0.0,441.0,441.0
TXN-GB-2-001145,2026-08-26 22:37:14,2026-08-26 22:40:14,GB,Legacy Oracle EBS,E,DER-001,Dermacare GlowSerum,Aesthetic,Dermacare,Pharmacy/B2B,4,27.35,GBP,0.0,109.4,109.4
TXN-GB-2-001146,2026-08-26 04:41:53,2026-08-26 04:46:53,GB,Legacy Oracle EBS,E,VIT-002,Vitalis Multivit,Supplement,Vitalis,Pharmacy/B2B,10,14.53,GBP,0.0,145.3,145.3
TXN-GB-2-001147,2026-08-26 18:20:16,2026-08-26 18:24:16,GB,Legacy Oracle EBS,E,VIT-001,Vitalis C1000,Supplement,Vitalis,Pharmacy/B2B,3,17.95,GBP,0.0,53.85,53.85
TXN-GB-2-001148,2026-08-26 16:29:36,2026-08-26 16:32:36,GB,Legacy Oracle EBS,E,VIT-001,Vitalis C1000,Supplement,Vitalis,Pharmacy/B2B,1,17.95,GBP,0.2,17.95,14.36
TXN-GB-2-001149,2026-08-26 06:16:14,2026-08-26 06:19:14,GB,Legacy Oracle EBS,E,SAN-002,SanaPlus ColdFlu,OTC,SanaPlus,Wholesale,10,8.97,GBP,0.0,89.7,89.7
TXN-GB-2-001150,2026-08-26 03:03:04,2026-08-26 03:08:04,GB,Legacy Oracle EBS,E,DER-001,Dermacare GlowSerum,Aesthetic,Dermacare,Pharmacy/B2B,7,27.35,GBP,0.15,191.45,162.73
TXN-GB-2-001151,2026-08-26 05:54:07,2026-08-26 05:56:07,GB,Legacy Oracle EBS,E,MED-002,Medora Derm Cream,Prescription,Medora,D2C,4,22.22,GBP,0.1,88.88,79.99
TXN-GB-2-001152,2026-08-26 17:28:16,2026-08-26 17:31:16,GB,Legacy Oracle EBS,E,SAN-001,SanaPlus PainRelief,OTC,SanaPlus,E-commerce,8,8.12,GBP,0.2,64.96,51.97
TXN-GB-2-001153,2026-08-26 08:56:29,2026-08-26 08:57:29,GB,Legacy Oracle EBS,E,SAN-002,SanaPlus ColdFlu,OTC,SanaPlus,E-commerce,6,8.97,GBP,0.1,53.82,48.44
TXN-GB-2-001154,2026-08-26 15:16:56,2026-08-26 15:18:56,GB,Legacy Oracle EBS,E,DER-002,Dermacare LiftCream,Aesthetic,Dermacare,Wholesale,4,31.62,GBP,0.0,126.48,126.48
TXN-GB-2-001155,2026-08-26 01:16:25,2026-08-26 01:22:25,GB,Legacy Oracle EBS,E,PUR-002,PureLife BP Monitor,Medical Device,PureLife,Wholesale,7,76.92,GBP,0.2,538.44,430.75
TXN-GB-2-001156,2026-08-26 08:21:00,2026-08-26 08:27:00,GB,Legacy Oracle EBS,E,VIT-001,Vitalis C1000,Supplement,Vitalis,D2C,3,17.95,GBP,0.05,53.85,51.16
TXN-GB-2-001157,2026-08-26 23:54:57,2026-08-26 23:56:57,GB,Legacy Oracle EBS,E,PUR-002,PureLife BP Monitor,Medical Device,PureLife,Wholesale,7,76.92,GBP,0.05,538.44,511.52
TXN-GB-2-001158,2026-08-26 09:25:16,2026-08-26 09:30:16,GB,Legacy Oracle EBS,E,PUR-001,PureLife GlucoMonitor,Medical Device,PureLife,Pharmacy/B2B,4,72.65,GBP,0.1,290.6,261.54
TXN-GB-2-001159,2026-08-26 03:26:41,2026-08-26 03:29:41,GB,Legacy Oracle EBS,E,VIT-001,Vitalis C1000,Supplement,Vitalis,Pharmacy/B2B,4,17.95,GBP,0.05,71.8,68.21
TXN-GB-2-001160,2026-08-26 13:11:44,2026-08-26 13:15:44,GB,Legacy Oracle EBS,E,PUR-002,PureLife BP Monitor,Medical Device,PureLife,D2C,2,76.92,GBP,0.2,153.84,123.07
TXN-GB-2-001161,2026-08-26 11:15:43,2026-08-26 11:17:43,GB,Legacy Oracle EBS,E,MED-002,Medora Derm Cream,Prescription,Medora,D2C,1,22.22,GBP,0.0,22.22,22.22
TXN-GB-2-001162,2026-08-26 08:32:28,2026-08-26 08:37:28,GB,Legacy Oracle EBS,E,PUR-001,PureLife GlucoMonitor,Medical Device,PureLife,Wholesale,12,72.65,GBP,0.1,871.8,784.62
TXN-GB-2-001163,2026-08-26 11:14:22,2026-08-26 11:16:22,GB,Legacy Oracle EBS,E,PUR-002,PureLife BP Monitor,Medical Device,PureLife,D2C,4,76.92,GBP,0.15,307.68,261.53
TXN-GB-2-001164,2026-08-26 07:21:33,2026-08-26 07:27:33,GB,Legacy Oracle EBS,E,DER-002,Dermacare LiftCream,Aesthetic,Dermacare,Pharmacy/B2B,9,31.62,GBP,0.1,284.58,256.12
TXN-GB-2-001165,2026-08-26 09:18:20,2026-08-26 09:20:20,GB,Legacy Oracle EBS,E,PUR-001,PureLife GlucoMonitor,Medical Device,PureLife,D2C,1,72.65,GBP,0.2,72.65,58.12
TXN-GB-2-001166,2026-08-26 19:32:47,2026-08-26 19:38:47,GB,Legacy Oracle EBS,E,PUR-001,PureLife GlucoMonitor,Medical Device,PureLife,D2C,7,72.65,GBP,0.15,508.55,432.27
TXN-GB-2-001167,2026-08-26 08:04:24,2026-08-26 08:09:24,GB,Legacy Oracle EBS,E,MED-001,Medora Cardio 10mg,Prescription,Medora,E-commerce,11,36.75,GBP,0.1,404.25,363.82
TXN-GB-2-001168,2026-08-26 12:13:12,2026-08-26 12:15:12,GB,Legacy Oracle EBS,E,MED-002,Medora Derm Cream,Prescription,Medora,E-commerce,1,22.22,GBP,0.0,22.22,22.22
TXN-GB-2-001169,2026-08-26 10:26:36,2026-08-26 10:32:36,GB,Legacy Oracle EBS,E,MED-002,Medora Derm Cream,Prescription,Medora,Wholesale,5,22.22,GBP,0.1,111.1,99.99
TXN-GB-2-001170,2026-08-26 13:05:41,2026-08-26 13:11:41,GB,Legacy Oracle EBS,E,MED-002,Medora Derm Cream,Prescription,Medora,D2C,6,22.22,GBP,0.1,133.32,119.99
TXN-GB-2-001171,2026-08-26 14:45:23,2026-08-26 14:48:23,GB,Legacy Oracle EBS,E,PUR-001,PureLife GlucoMonitor,Medical Device,PureLife,Wholesale,1,72.65,GBP,0.0,72.65,72.65
TXN-GB-2-001172,2026-08-26 04:55:50,2026-08-26 04:56:50,GB,Legacy Oracle EBS,E,PUR-001,PureLife GlucoMonitor,Medical Device,PureLife,Wholesale,1,72.65,GBP,0.0,72.65,72.65
TXN-GB-2-001173,2026-08-26 22:20:19,2026-08-26 22:23:19,GB,Legacy Oracle EBS,E,MED-001,Medora Cardio 10mg,Prescription,Medora,D2C,3,36.75,GBP,0.2,110.25,88.2
TXN-GB-2-001174,2026-08-26 08:26:13,2026-08-26 08:32:13,GB,Legacy Oracle EBS,E,SAN-002,SanaPlus ColdFlu,OTC,SanaPlus,D2C,1,8.97,GBP,0.0,8.97,8.97
TXN-GB-2-001175,2026-08-26 02:30:57,2026-08-26 02:34:57,GB,Legacy Oracle EBS,E,PUR-002,PureLife BP Monitor,Medical Device,PureLife,Pharmacy/B2B,7,76.92,GBP,0.1,538.44,484.6
TXN-GB-2-001176,2026-08-26 02:31:40,2026-08-26 02:33:40,GB,Legacy Oracle EBS,E,SAN-002,SanaPlus ColdFlu,OTC,SanaPlus,Wholesale,4,8.97,GBP,0.15,35.88,30.5
TXN-GB-2-001177,2026-08-26 13:58:58,2026-08-26 14:00:58,GB,Legacy Oracle EBS,E,VIT-001,Vitalis C1000,Supplement,Vitalis,D2C,11,17.95,GBP,0.0,197.45,197.45
TXN-GB-2-001178,2026-08-26 15:45:19,2026-08-26 15:47:19,GB,Legacy Oracle EBS,E,DER-001,Dermacare GlowSerum,Aesthetic,Dermacare,D2C,6,27.35,GBP,0.05,164.1,155.89
TXN-GB-2-001179,2026-08-26 04:25:44,2026-08-26 04:28:44,GB,Legacy Oracle EBS,E,DER-002,Dermacare LiftCream,Aesthetic,Dermacare,Wholesale,3,31.62,GBP,0.2,94.86,75.89
TXN-GB-2-001180,2026-08-26 08:20:16,2026-08-26 08:23:16,GB,Legacy Oracle EBS,E,SAN-002,SanaPlus ColdFlu,OTC,SanaPlus,Pharmacy/B2B,8,8.97,GBP,0.0,71.76,71.76
TXN-GB-2-001181,2026-08-26 16:47:54,2026-08-26 16:50:54,GB,Legacy Oracle EBS,E,PUR-001,PureLife GlucoMonitor,Medical Device,PureLife,D2C,8,72.65,GBP,0.1,581.2,523.08
TXN-GB-2-001182,2026-08-26 06:45:36,2026-08-26 06:49:36,GB,Legacy Oracle EBS,E,MED-001,Medora Cardio 10mg,Prescription,Medora,D2C,10,36.75,GBP,0.1,367.5,330.75
TXN-GB-2-001183,2026-08-26 09:39:48,2026-08-26 09:42:48,GB,Legacy Oracle EBS,E,DER-001,Dermacare GlowSerum,Aesthetic,Dermacare,Pharmacy/B2B,8,27.35,GBP,0.0,218.8,218.8
TXN-GB-2-001184,2026-08-26 11:28:54,2026-08-26 11:30:54,GB,Legacy Oracle EBS,E,DER-001,Dermacare GlowSerum,Aesthetic,Dermacare,Pharmacy/B2B,7,27.35,GBP,0.15,191.45,162.73
TXN-GB-2-001185,2026-08-26 18:13:04,2026-08-26 18:16:04,GB,Legacy Oracle EBS,E,SAN-001,SanaPlus PainRelief,OTC,SanaPlus,Wholesale,12,8.12,GBP,0.15,97.44,82.82
TXN-GB-2-001186,2026-08-26 00:05:54,2026-08-26 00:09:54,GB,Legacy Oracle EBS,E,DER-002,Dermacare LiftCream,Aesthetic,Dermacare,D2C,1,31.62,GBP,0.1,31.62,28.46
TXN-GB-2-001187,2026-08-26 02:18:33,2026-08-26 02:24:33,GB,Legacy Oracle EBS,E,VIT-001,Vitalis C1000,Supplement,Vitalis,Wholesale,1,17.95,GBP,0.0,17.95,17.95
TXN-GB-2-001188,2026-08-26 23:08:50,2026-08-26 23:13:50,GB,Legacy Oracle EBS,E,DER-002,Dermacare LiftCream,Aesthetic,Dermacare,Pharmacy/B2B,1,31.62,GBP,0.15,31.62,26.88
TXN-GB-2-001189,2026-08-26 16:17:33,2026-08-26 16:18:33,GB,Legacy Oracle EBS,E,MED-002,Medora Derm Cream,Prescription,Medora,Pharmacy/B2B,7,22.22,GBP,0.0,155.54,155.54
TXN-GB-2-001190,2026-08-26 18:31:13,2026-08-26 18:32:13,GB,Legacy Oracle EBS,E,VIT-001,Vitalis C1000,Supplement,Vitalis,E-commerce,3,17.95,GBP,0.0,53.85,53.85
TXN-GB-2-001191,2026-08-26 18:30:29,2026-08-26 18:34:29,GB,Legacy Oracle EBS,E,PUR-002,PureLife BP Monitor,Medical Device,PureLife,Pharmacy/B2B,1,76.92,GBP,0.2,76.92,61.54
TXN-GB-2-001192,2026-08-26 19:44:50,2026-08-26 19:49:50,GB,Legacy Oracle EBS,E,MED-002,Medora Derm Cream,Prescription,Medora,D2C,9,22.22,GBP,0.0,199.98,199.98
TXN-GB-2-001193,2026-08-26 19:41:57,2026-08-26 19:47:57,GB,Legacy Oracle EBS,E,PUR-002,PureLife BP Monitor,Medical Device,PureLife,D2C,7,76.92,GBP,0.15,538.44,457.67
TXN-GB-2-001194,2026-08-26 11:58:38,2026-08-26 12:01:38,GB,Legacy Oracle EBS,E,MED-002,Medora Derm Cream,Prescription,Medora,Pharmacy/B2B,3,22.22,GBP,0.0,66.66,66.66
TXN-GB-2-001195,2026-08-26 06:21:12,2026-08-26 06:23:12,GB,Legacy Oracle EBS,E,PUR-002,PureLife BP Monitor,Medical Device,PureLife,Wholesale,1,76.92,GBP,0.05,76.92,73.07
TXN-GB-2-001196,2026-08-26 22:34:41,2026-08-26 22:35:41,GB,Legacy Oracle EBS,E,VIT-002,Vitalis Multivit,Supplement,Vitalis,E-commerce,12,14.53,GBP,0.0,174.36,174.36
TXN-GB-2-001197,2026-08-26 17:15:28,2026-08-26 17:21:28,GB,Legacy Oracle EBS,E,VIT-001,Vitalis C1000,Supplement,Vitalis,D2C,3,17.95,GBP,0.15,53.85,45.77
TXN-GB-2-001198,2026-08-26 02:49:11,2026-08-26 02:54:11,GB,Legacy Oracle EBS,E,DER-001,Dermacare GlowSerum,Aesthetic,Dermacare,Wholesale,8,27.35,GBP,0.1,218.8,196.92
TXN-GB-2-001199,2026-08-26 05:13:32,2026-08-26 05:15:32,GB,Legacy Oracle EBS,E,PUR-002,PureLife BP Monitor,Medical Device,PureLife,Wholesale,8,76.92,GBP,0.0,615.36,615.36
TXN-GB-2-001200,2026-08-26 15:39:18,2026-08-26 15:45:18,GB,Legacy Oracle EBS,E,DER-002,Dermacare LiftCream,Aesthetic,Dermacare,Wholesale,12,31.62,GBP,0.0,379.44,379.44
TXN-GB-2-001201,2026-08-26 21:17:28,2026-08-26 21:20:28,GB,Legacy Oracle EBS,E,PUR-001,PureLife GlucoMonitor,Medical Device,PureLife,Wholesale,4,72.65,GBP,0.05,290.6,276.07
TXN-GB-2-001202,2026-08-26 20:16:49,2026-08-26 20:20:49,GB,Legacy Oracle EBS,E,PUR-001,PureLife GlucoMonitor,Medical Device,PureLife,D2C,6,72.65,GBP,0.1,435.9,392.31
TXN-GB-2-001203,2026-08-26 16:11:21,2026-08-26 16:12:21,GB,Legacy Oracle EBS,E,MED-002,Medora Derm Cream,Prescription,Medora,Wholesale,12,22.22,GBP,0.0,266.64,266.64
TXN-GB-2-001204,2026-08-26 10:16:33,2026-08-26 10:22:33,GB,Legacy Oracle EBS,E,PUR-001,PureLife GlucoMonitor,Medical Device,PureLife,Pharmacy/B2B,9,72.65,GBP,0.15,653.85,555.77
TXN-GB-2-001205,2026-08-26 16:09:10,2026-08-26 16:10:10,GB,Legacy Oracle EBS,E,DER-001,Dermacare GlowSerum,Aesthetic,Dermacare,E-commerce,4,27.35,GBP,0.05,109.4,103.93
TXN-GB-2-001206,2026-08-26 22:55:14,2026-08-26 23:00:14,GB,Legacy Oracle EBS,E,DER-002,Dermacare LiftCream,Aesthetic,Dermacare,D2C,8,31.62,GBP,0.0,252.96,252.96
TXN-GB-2-001207,2026-08-26 14:59:30,2026-08-26 15:03:30,GB,Legacy Oracle EBS,E,VIT-002,Vitalis Multivit,Supplement,Vitalis,E-commerce,7,14.53,GBP,0.15,101.71,86.45
TXN-GB-2-001208,2026-08-26 18:53:32,2026-08-26 18:54:32,GB,Legacy Oracle EBS,E,VIT-002,Vitalis Multivit,Supplement,Vitalis,Wholesale,2,14.53,GBP,0.0,29.06,29.06
TXN-GB-2-001209,2026-08-26 23:56:22,2026-08-27 00:02:22,GB,Legacy Oracle EBS,E,PUR-002,PureLife BP Monitor,Medical Device,PureLife,E-commerce,7,76.92,GBP,0.0,538.44,538.44
TXN-GB-2-001210,2026-08-26 01:43:31,2026-08-26 01:47:31,GB,Legacy Oracle EBS,E,DER-001,Dermacare GlowSerum,Aesthetic,Dermacare,E-commerce,1,27.35,GBP,0.15,27.35,23.25
TXN-GB-2-001211,2026-08-26 22:56:08,2026-08-26 22:58:08,GB,Legacy Oracle EBS,E,PUR-001,PureLife GlucoMonitor,Medical Device,PureLife,E-commerce,12,72.65,GBP,0.0,871.8,871.8
TXN-GB-2-001212,2026-08-26 17:32:05,2026-08-26 17:35:05,GB,Legacy Oracle EBS,E,PUR-002,PureLife BP Monitor,Medical Device,PureLife,D2C,12,76.92,GBP,0.1,923.04,830.74
TXN-GB-2-001213,2026-08-26 14:52:44,2026-08-26 14:54:44,GB,Legacy Oracle EBS,E,SAN-001,SanaPlus PainRelief,OTC,SanaPlus,Pharmacy/B2B,11,8.12,GBP,0.0,89.32,89.32
TXN-GB-2-001214,2026-08-26 05:12:29,2026-08-26 05:15:29,GB,Legacy Oracle EBS,E,SAN-002,SanaPlus ColdFlu,OTC,SanaPlus,Pharmacy/B2B,12,8.97,GBP,0.0,107.64,107.64
TXN-GB-2-001215,2026-08-26 08:44:35,2026-08-26 08:50:35,GB,Legacy Oracle EBS,E,MED-002,Medora Derm Cream,Prescription,Medora,D2C,11,22.22,GBP,0.15,244.42,207.76
TXN-GB-2-001216,2026-08-26 03:03:23,2026-08-26 03:06:23,GB,Legacy Oracle EBS,E,VIT-001,Vitalis C1000,Supplement,Vitalis,Pharmacy/B2B,6,17.95,GBP,0.1,107.7,96.93
TXN-GB-2-001217,2026-08-26 05:23:43,2026-08-26 05:26:43,GB,Legacy Oracle EBS,E,SAN-001,SanaPlus PainRelief,OTC,SanaPlus,D2C,12,8.12,GBP,0.2,97.44,77.95
TXN-GB-2-001218,2026-08-26 04:16:01,2026-08-26 04:19:01,GB,Legacy Oracle EBS,E,VIT-002,Vitalis Multivit,Supplement,Vitalis,D2C,4,14.53,GBP,0.1,58.12,52.31
TXN-GB-2-001219,2026-08-26 05:23:48,2026-08-26 05:26:48,GB,Legacy Oracle EBS,E,MED-001,Medora Cardio 10mg,Prescription,Medora,Pharmacy/B2B,9,36.75,GBP,0.15,330.75,281.14
TXN-GB-2-001220,2026-08-26 13:55:04,2026-08-26 14:01:04,GB,Legacy Oracle EBS,E,PUR-002,PureLife BP Monitor,Medical Device,PureLife,E-commerce,1,76.92,GBP,0.0,76.92,76.92
TXN-GB-2-001221,2026-08-26 02:31:09,2026-08-26 02:32:09,GB,Legacy Oracle EBS,E,VIT-002,Vitalis Multivit,Supplement,Vitalis,D2C,12,14.53,GBP,0.2,174.36,139.49
TXN-GB-2-001222,2026-08-26 02:43:34,2026-08-26 02:46:34,GB,Legacy Oracle EBS,E,PUR-002,PureLife BP Monitor,Medical Device,PureLife,D2C,10,76.92,GBP,0.2,769.2,615.36
TXN-GB-2-001223,2026-08-26 23:56:20,2026-08-26 23:58:20,GB,Legacy Oracle EBS,E,PUR-001,PureLife GlucoMonitor,Medical Device,PureLife,E-commerce,5,72.65,GBP,0.1,363.25,326.93
TXN-GB-2-001224,2026-08-26 10:19:02,2026-08-26 10:21:02,GB,Legacy Oracle EBS,E,PUR-001,PureLife GlucoMonitor,Medical Device,PureLife,E-commerce,6,72.65,GBP,0.2,435.9,348.72
TXN-GB-2-001225,2026-08-26 04:55:54,2026-08-26 04:59:54,GB,Legacy Oracle EBS,E,MED-001,Medora Cardio 10mg,Prescription,Medora,Wholesale,1,36.75,GBP,0.05,36.75,34.91
TXN-GB-2-001226,2026-08-26 17:33:47,2026-08-26 17:39:47,GB,Legacy Oracle EBS,E,MED-002,Medora Derm Cream,Prescription,Medora,D2C,10,22.22,GBP,0.2,222.2,177.76
TXN-GB-2-001227,2026-08-26 17:25:33,2026-08-26 17:29:33,GB,Legacy Oracle EBS,E,SAN-001,SanaPlus PainRelief,OTC,SanaPlus,E-commerce,4,8.12,GBP,0.05,32.48,30.86
TXN-GB-2-001228,2026-08-26 22:19:34,2026-08-26 22:20:34,GB,Legacy Oracle EBS,E,DER-002,Dermacare LiftCream,Aesthetic,Dermacare,Pharmacy/B2B,4,31.62,GBP,0.2,126.48,101.18
TXN-GB-2-001229,2026-08-26 04:47:40,2026-08-26 04:50:40,GB,Legacy Oracle EBS,E,VIT-001,Vitalis C1000,Supplement,Vitalis,E-commerce,4,17.95,GBP,0.0,71.8,71.8
TXN-GB-2-001230,2026-08-26 02:31:53,2026-08-26 02:35:53,GB,Legacy Oracle EBS,E,DER-002,Dermacare LiftCream,Aesthetic,Dermacare,E-commerce,12,31.62,GBP,0.15,379.44,322.52
TXN-GB-2-001231,2026-08-26 02:54:16,2026-08-26 03:00:16,GB,Legacy Oracle EBS,E,MED-002,Medora Derm Cream,Prescription,Medora,Wholesale,1,22.22,GBP,0.0,22.22,22.22
TXN-GB-2-001232,2026-08-26 13:17:39,2026-08-26 13:19:39,GB,Legacy Oracle EBS,E,SAN-001,SanaPlus PainRelief,OTC,SanaPlus,D2C,10,8.12,GBP,0.05,81.2,77.14
TXN-GB-2-001233,2026-08-26 00:29:07,2026-08-26 00:34:07,GB,Legacy Oracle EBS,E,MED-001,Medora Cardio 10mg,Prescription,Medora,Pharmacy/B2B,3,36.75,GBP,0.2,110.25,88.2
TXN-GB-2-001234,2026-08-26 17:10:52,2026-08-26 17:11:52,GB,Legacy Oracle EBS,E,DER-002,Dermacare LiftCream,Aesthetic,Dermacare,E-commerce,1,31.62,GBP,0.1,31.62,28.46
TXN-GB-2-001235,2026-08-26 19:35:20,2026-08-26 19:38:20,GB,Legacy Oracle EBS,E,MED-001,Medora Cardio 10mg,Prescription,Medora,E-commerce,8,36.75,GBP,0.2,294.0,235.2
TXN-GB-2-001236,2026-08-26 01:15:33,2026-08-26 01:21:33,GB,Legacy Oracle EBS,E,PUR-002,PureLife BP Monitor,Medical Device,PureLife,D2C,4,76.92,GBP,0.0,307.68,307.68
TXN-GB-2-001237,2026-08-26 12:47:32,2026-08-26 12:49:32,GB,Legacy Oracle EBS,E,MED-002,Medora Derm Cream,Prescription,Medora,Pharmacy/B2B,10,22.22,GBP,0.2,222.2,177.76
TXN-GB-2-001238,2026-08-26 22:30:16,2026-08-26 22:34:16,GB,Legacy Oracle EBS,E,MED-002,Medora Derm Cream,Prescription,Medora,Wholesale,9,22.22,GBP,0.2,199.98,159.98
TXN-GB-2-001239,2026-08-26 15:09:53,2026-08-26 15:15:53,GB,Legacy Oracle EBS,E,VIT-001,Vitalis C1000,Supplement,Vitalis,D2C,11,17.95,GBP,0.05,197.45,187.58
TXN-GB-2-001240,2026-08-26 03:17:38,2026-08-26 03:20:38,GB,Legacy Oracle EBS,E,DER-001,Dermacare GlowSerum,Aesthetic,Dermacare,E-commerce,7,27.35,GBP,0.1,191.45,172.31
TXN-GB-2-001241,2026-08-26 19:45:58,2026-08-26 19:49:58,GB,Legacy Oracle EBS,E,SAN-001,SanaPlus PainRelief,OTC,SanaPlus,Wholesale,11,8.12,GBP,0.15,89.32,75.92
TXN-GB-2-001242,2026-08-26 12:18:32,2026-08-26 12:24:32,GB,Legacy Oracle EBS,E,MED-001,Medora Cardio 10mg,Prescription,Medora,D2C,6,36.75,GBP,0.05,220.5,209.47
TXN-GB-2-001243,2026-08-26 20:55:48,2026-08-26 20:59:48,GB,Legacy Oracle EBS,E,MED-001,Medora Cardio 10mg,Prescription,Medora,Wholesale,3,36.75,GBP,0.1,110.25,99.23
TXN-GB-2-001244,2026-08-26 12:45:08,2026-08-26 12:47:08,GB,Legacy Oracle EBS,E,DER-001,Dermacare GlowSerum,Aesthetic,Dermacare,Wholesale,5,27.35,GBP,0.1,136.75,123.08
TXN-GB-2-001245,2026-08-26 06:11:51,2026-08-26 06:16:51,GB,Legacy Oracle EBS,E,MED-002,Medora Derm Cream,Prescription,Medora,Wholesale,2,22.22,GBP,0.2,44.44,35.55
TXN-GB-2-001246,2026-08-26 02:40:59,2026-08-26 02:46:59,GB,Legacy Oracle EBS,E,VIT-002,Vitalis Multivit,Supplement,Vitalis,Wholesale,4,14.53,GBP,0.0,58.12,58.12
TXN-GB-2-001247,2026-08-26 10:31:09,2026-08-26 10:33:09,GB,Legacy Oracle EBS,E,MED-002,Medora Derm Cream,Prescription,Medora,E-commerce,4,22.22,GBP,0.0,88.88,88.88
TXN-GB-2-001248,2026-08-26 03:21:21,2026-08-26 03:27:21,GB,Legacy Oracle EBS,E,VIT-001,Vitalis C1000,Supplement,Vitalis,Wholesale,12,17.95,GBP,0.0,215.4,215.4
TXN-GB-2-001249,2026-08-26 15:54:11,2026-08-26 16:00:11,GB,Legacy Oracle EBS,E,SAN-001,SanaPlus PainRelief,OTC,SanaPlus,D2C,5,8.12,GBP,0.05,40.6,38.57
TXN-GB-2-001250,2026-08-26 19:14:32,2026-08-26 19:16:32,GB,Legacy Oracle EBS,E,PUR-002,PureLife BP Monitor,Medical Device,PureLife,Pharmacy/B2B,5,76.92,GBP,0.2,384.6,307.68
TXN-GB-2-001251,2026-08-26 21:04:00,2026-08-26 21:08:00,GB,Legacy Oracle EBS,E,PUR-002,PureLife BP Monitor,Medical Device,PureLife,Pharmacy/B2B,1,76.92,GBP,0.0,76.92,76.92
TXN-GB-2-001252,2026-08-26 01:27:17,2026-08-26 01:33:17,GB,Legacy Oracle EBS,E,VIT-002,Vitalis Multivit,Supplement,Vitalis,E-commerce,8,14.53,GBP,0.1,116.24,104.62
TXN-GB-2-001253,2026-08-26 22:11:02,2026-08-26 22:12:02,GB,Legacy Oracle EBS,E,DER-001,Dermacare GlowSerum,Aesthetic,Dermacare,Pharmacy/B2B,9,27.35,GBP,0.0,246.15,246.15
TXN-GB-2-001254,2026-08-26 00:03:13,2026-08-26 00:05:13,GB,Legacy Oracle EBS,E,PUR-002,PureLife BP Monitor,Medical Device,PureLife,Wholesale,7,76.92,GBP,0.05,538.44,511.52
TXN-GB-2-001255,2026-08-26 01:54:21,2026-08-26 01:58:21,GB,Legacy Oracle EBS,E,SAN-001,SanaPlus PainRelief,OTC,SanaPlus,D2C,1,8.12,GBP,0.1,8.12,7.31
TXN-GB-2-001256,2026-08-26 07:38:15,2026-08-26 07:39:15,GB,Legacy Oracle EBS,E,SAN-002,SanaPlus ColdFlu,OTC,SanaPlus,Wholesale,8,8.97,GBP,0.05,71.76,68.17
TXN-GB-2-001257,2026-08-26 23:36:53,2026-08-26 23:37:53,GB,Legacy Oracle EBS,E,SAN-001,SanaPlus PainRelief,OTC,SanaPlus,Pharmacy/B2B,7,8.12,GBP,0.1,56.84,51.16
TXN-GB-2-001258,2026-08-26 05:35:20,2026-08-26 05:39:20,GB,Legacy Oracle EBS,E,MED-001,Medora Cardio 10mg,Prescription,Medora,Pharmacy/B2B,6,36.75,GBP,0.0,220.5,220.5
TXN-GB-2-001259,2026-08-26 05:37:49,2026-08-26 05:42:49,GB,Legacy Oracle EBS,E,DER-001,Dermacare GlowSerum,Aesthetic,Dermacare,E-commerce,6,27.35,GBP,0.05,164.1,155.89
TXN-GB-2-001260,2026-08-26 10:13:23,2026-08-26 10:14:23,GB,Legacy Oracle EBS,E,PUR-001,PureLife GlucoMonitor,Medical Device,PureLife,D2C,2,72.65,GBP,0.05,145.3,138.03
TXN-GB-2-001261,2026-08-26 11:11:07,2026-08-26 11:14:07,GB,Legacy Oracle EBS,E,SAN-001,SanaPlus PainRelief,OTC,SanaPlus,D2C,2,8.12,GBP,0.0,16.24,16.24
TXN-GB-2-001262,2026-08-26 19:11:22,2026-08-26 19:16:22,GB,Legacy Oracle EBS,E,VIT-001,Vitalis C1000,Supplement,Vitalis,D2C,9,17.95,GBP,0.15,161.55,137.32
TXN-GB-2-001263,2026-08-26 06:35:23,2026-08-26 06:41:23,GB,Legacy Oracle EBS,E,VIT-002,Vitalis Multivit,Supplement,Vitalis,D2C,6,14.53,GBP,0.0,87.18,87.18
TXN-GB-2-001264,2026-08-26 14:17:11,2026-08-26 14:19:11,GB,Legacy Oracle EBS,E,DER-002,Dermacare LiftCream,Aesthetic,Dermacare,E-commerce,4,31.62,GBP,0.1,126.48,113.83
TXN-GB-2-001265,2026-08-26 02:09:00,2026-08-26 02:13:00,GB,Legacy Oracle EBS,E,MED-002,Medora Derm Cream,Prescription,Medora,Wholesale,8,22.22,GBP,0.1,177.76,159.98
TXN-GB-2-001266,2026-08-26 21:52:06,2026-08-26 21:57:06,GB,Legacy Oracle EBS,E,PUR-002,PureLife BP Monitor,Medical Device,PureLife,Pharmacy/B2B,5,76.92,GBP,0.2,384.6,307.68
TXN-GB-2-001267,2026-08-26 07:36:14,2026-08-26 07:41:14,GB,Legacy Oracle EBS,E,MED-002,Medora Derm Cream,Prescription,Medora,Pharmacy/B2B,1,22.22,GBP,0.05,22.22,21.11
TXN-GB-2-001268,2026-08-26 07:51:15,2026-08-26 07:52:15,GB,Legacy Oracle EBS,E,MED-001,Medora Cardio 10mg,Prescription,Medora,D2C,10,36.75,GBP,0.15,367.5,312.38
TXN-GB-2-001269,2026-08-26 12:48:41,2026-08-26 12:49:41,GB,Legacy Oracle EBS,E,DER-002,Dermacare LiftCream,Aesthetic,Dermacare,Wholesale,2,31.62,GBP,0.0,63.24,63.24
TXN-GB-2-001270,2026-08-26 00:10:19,2026-08-26 00:16:19,GB,Legacy Oracle EBS,E,SAN-001,SanaPlus PainRelief,OTC,SanaPlus,Wholesale,9,8.12,GBP,0.05,73.08,69.43
TXN-GB-2-001271,2026-08-26 04:06:25,2026-08-26 04:12:25,GB,Legacy Oracle EBS,E,DER-001,Dermacare GlowSerum,Aesthetic,Dermacare,Pharmacy/B2B,8,27.35,GBP,0.2,218.8,175.04
TXN-GB-2-001272,2026-08-26 08:47:24,2026-08-26 08:49:24,GB,Legacy Oracle EBS,E,PUR-001,PureLife GlucoMonitor,Medical Device,PureLife,E-commerce,2,72.65,GBP,0.0,145.3,145.3
TXN-GB-2-001273,2026-08-26 21:51:07,2026-08-26 21:53:07,GB,Legacy Oracle EBS,E,MED-001,Medora Cardio 10mg,Prescription,Medora,Pharmacy/B2B,10,36.75,GBP,0.0,367.5,367.5
TXN-GB-2-001274,2026-08-26 04:14:39,2026-08-26 04:17:39,GB,Legacy Oracle EBS,E,PUR-002,PureLife BP Monitor,Medical Device,PureLife,E-commerce,2,76.92,GBP,0.15,153.84,130.76
TXN-GB-2-001275,2026-08-26 13:54:08,2026-08-26 13:59:08,GB,Legacy Oracle EBS,E,SAN-002,SanaPlus ColdFlu,OTC,SanaPlus,Pharmacy/B2B,10,8.97,GBP,0.1,89.7,80.73
TXN-GB-2-001276,2026-08-26 21:55:23,2026-08-26 21:58:23,GB,Legacy Oracle EBS,E,DER-002,Dermacare LiftCream,Aesthetic,Dermacare,E-commerce,10,31.62,GBP,0.1,316.2,284.58
TXN-GB-2-001277,2026-08-26 23:20:32,2026-08-26 23:22:32,GB,Legacy Oracle EBS,E,DER-001,Dermacare GlowSerum,Aesthetic,Dermacare,D2C,7,27.35,GBP,0.1,191.45,172.31
TXN-GB-2-001278,2026-08-26 00:24:23,2026-08-26 00:30:23,GB,Legacy Oracle EBS,E,DER-001,Dermacare GlowSerum,Aesthetic,Dermacare,Pharmacy/B2B,1,27.35,GBP,0.1,27.35,24.62
TXN-GB-2-001279,2026-08-26 15:33:35,2026-08-26 15:34:35,GB,Legacy Oracle EBS,E,VIT-002,Vitalis Multivit,Supplement,Vitalis,E-commerce,9,14.53,GBP,0.15,130.77,111.15
TXN-GB-2-001280,2026-08-26 05:39:06,2026-08-26 05:41:06,GB,Legacy Oracle EBS,E,VIT-002,Vitalis Multivit,Supplement,Vitalis,E-commerce,3,14.53,GBP,0.0,43.59,43.59
TXN-GB-2-001281,2026-08-26 13:37:01,2026-08-26 13:39:01,GB,Legacy Oracle EBS,E,DER-002,Dermacare LiftCream,Aesthetic,Dermacare,D2C,6,31.62,GBP,0.15,189.72,161.26
TXN-GB-2-001282,2026-08-26 18:05:16,2026-08-26 18:07:16,GB,Legacy Oracle EBS,E,DER-002,Dermacare LiftCream,Aesthetic,Dermacare,Pharmacy/B2B,6,31.62,GBP,0.1,189.72,170.75
TXN-GB-2-001283,2026-08-26 04:48:29,2026-08-26 04:54:29,GB,Legacy Oracle EBS,E,SAN-002,SanaPlus ColdFlu,OTC,SanaPlus,Pharmacy/B2B,11,8.97,GBP,0.0,98.67,98.67
TXN-GB-2-001284,2026-08-26 19:47:32,2026-08-26 19:53:32,GB,Legacy Oracle EBS,E,PUR-001,PureLife GlucoMonitor,Medical Device,PureLife,Wholesale,3,72.65,GBP,0.0,217.95,217.95
TXN-GB-2-001285,2026-08-26 14:53:54,2026-08-26 14:58:54,GB,Legacy Oracle EBS,E,DER-001,Dermacare GlowSerum,Aesthetic,Dermacare,D2C,8,27.35,GBP,0.05,218.8,207.86
TXN-GB-2-001286,2026-08-26 14:47:17,2026-08-26 14:51:17,GB,Legacy Oracle EBS,E,DER-002,Dermacare LiftCream,Aesthetic,Dermacare,Wholesale,2,31.62,GBP,0.0,63.24,63.24
TXN-GB-2-001287,2026-08-26 00:21:42,2026-08-26 00:26:42,GB,Legacy Oracle EBS,E,SAN-001,SanaPlus PainRelief,OTC,SanaPlus,E-commerce,10,8.12,GBP,0.05,81.2,77.14
TXN-GB-2-001288,2026-08-26 04:46:19,2026-08-26 04:47:19,GB,Legacy Oracle EBS,E,MED-001,Medora Cardio 10mg,Prescription,Medora,Wholesale,12,36.75,GBP,0.05,441.0,418.95
TXN-GB-2-001289,2026-08-26 07:44:42,2026-08-26 07:46:42,GB,Legacy Oracle EBS,E,PUR-002,PureLife BP Monitor,Medical Device,PureLife,D2C,7,76.92,GBP,0.1,538.44,484.6
TXN-GB-2-001290,2026-08-26 20:30:41,2026-08-26 20:35:41,GB,Legacy Oracle EBS,E,DER-001,Dermacare GlowSerum,Aesthetic,Dermacare,D2C,8,27.35,GBP,0.0,218.8,218.8
TXN-GB-2-001291,2026-08-26 18:15:16,2026-08-26 18:20:16,GB,Legacy Oracle EBS,E,VIT-002,Vitalis Multivit,Supplement,Vitalis,Wholesale,8,14.53,GBP,0.2,116.24,92.99
TXN-GB-2-001292,2026-08-26 23:15:51,2026-08-26 23:16:51,GB,Legacy Oracle EBS,E,DER-001,Dermacare GlowSerum,Aesthetic,Dermacare,Pharmacy/B2B,10,27.35,GBP,0.15,273.5,232.47
TXN-GB-2-001293,2026-08-26 17:59:44,2026-08-26 18:02:44,GB,Legacy Oracle EBS,E,MED-001,Medora Cardio 10mg,Prescription,Medora,Pharmacy/B2B,4,36.75,GBP,0.1,147.0,132.3
TXN-GB-2-001294,2026-08-26 02:47:53,2026-08-26 02:53:53,GB,Legacy Oracle EBS,E,SAN-001,SanaPlus PainRelief,OTC,SanaPlus,Pharmacy/B2B,5,8.12,GBP,0.0,40.6,40.6
TXN-GB-2-001295,2026-08-26 20:19:42,2026-08-26 20:24:42,GB,Legacy Oracle EBS,E,MED-001,Medora Cardio 10mg,Prescription,Medora,Pharmacy/B2B,6,36.75,GBP,0.2,220.5,176.4
TXN-GB-2-001296,2026-08-26 07:26:46,2026-08-26 07:27:46,GB,Legacy Oracle EBS,E,SAN-002,SanaPlus ColdFlu,OTC,SanaPlus,Pharmacy/B2B,1,8.97,GBP,0.2,8.97,7.18
TXN-GB-2-001297,2026-08-26 13:07:18,2026-08-26 13:13:18,GB,Legacy Oracle EBS,E,PUR-001,PureLife GlucoMonitor,Medical Device,PureLife,E-commerce,6,72.65,GBP,0.15,435.9,370.51
TXN-GB-2-001298,2026-08-26 06:55:34,2026-08-26 06:58:34,GB,Legacy Oracle EBS,E,PUR-001,PureLife GlucoMonitor,Medical Device,PureLife,D2C,11,72.65,GBP,0.1,799.15,719.24
TXN-GB-2-001299,2026-08-26 10:40:47,2026-08-26 10:42:47,GB,Legacy Oracle EBS,E,SAN-002,SanaPlus ColdFlu,OTC,SanaPlus,D2C,7,8.97,GBP,0.0,62.79,62.79
TXN-GB-2-001300,2026-08-26 10:01:36,2026-08-26 10:02:36,GB,Legacy Oracle EBS,E,DER-002,Dermacare LiftCream,Aesthetic,Dermacare,D2C,4,31.62,GBP,0.2,126.48,101.18
TXN-GB-2-001301,2026-08-26 16:25:47,2026-08-26 16:29:47,GB,Legacy Oracle EBS,E,MED-001,Medora Cardio 10mg,Prescription,Medora,Pharmacy/B2B,9,36.75,GBP,0.15,330.75,281.14
TXN-GB-2-001302,2026-08-26 07:13:03,2026-08-26 07:15:03,GB,Legacy Oracle EBS,E,SAN-002,SanaPlus ColdFlu,OTC,SanaPlus,Wholesale,11,8.97,GBP,0.1,98.67,88.8
TXN-GB-2-001303,2026-08-26 18:37:22,2026-08-26 18:38:22,GB,Legacy Oracle EBS,E,DER-001,Dermacare GlowSerum,Aesthetic,Dermacare,D2C,12,27.35,GBP,0.15,328.2,278.97
TXN-GB-2-001304,2026-08-26 08:25:15,2026-08-26 08:31:15,GB,Legacy Oracle EBS,E,SAN-002,SanaPlus ColdFlu,OTC,SanaPlus,E-commerce,5,8.97,GBP,0.15,44.85,38.12
TXN-GB-2-001305,2026-08-26 14:49:09,2026-08-26 14:54:09,GB,Legacy Oracle EBS,E,VIT-002,Vitalis Multivit,Supplement,Vitalis,Wholesale,1,14.53,GBP,0.0,14.53,14.53
TXN-GB-2-001306,2026-08-26 06:41:23,2026-08-26 06:44:23,GB,Legacy Oracle EBS,E,PUR-002,PureLife BP Monitor,Medical Device,PureLife,Pharmacy/B2B,5,76.92,GBP,0.15,384.6,326.91
TXN-GB-2-001307,2026-08-26 00:15:45,2026-08-26 00:16:45,GB,Legacy Oracle EBS,E,PUR-002,PureLife BP Monitor,Medical Device,PureLife,E-commerce,10,76.92,GBP,0.2,769.2,615.36
TXN-GB-2-001308,2026-08-26 11:23:12,2026-08-26 11:29:12,GB,Legacy Oracle EBS,E,PUR-001,PureLife GlucoMonitor,Medical Device,PureLife,Pharmacy/B2B,12,72.65,GBP,0.15,871.8,741.03
TXN-GB-2-001309,2026-08-26 18:31:48,2026-08-26 18:37:48,GB,Legacy Oracle EBS,E,SAN-001,SanaPlus PainRelief,OTC,SanaPlus,E-commerce,12,8.12,GBP,0.0,97.44,97.44
TXN-GB-2-001310,2026-08-26 10:10:25,2026-08-26 10:13:25,GB,Legacy Oracle EBS,E,SAN-002,SanaPlus ColdFlu,OTC,SanaPlus,Wholesale,12,8.97,GBP,0.0,107.64,107.64
TXN-GB-2-001311,2026-08-26 08:31:27,2026-08-26 08:34:27,GB,Legacy Oracle EBS,E,VIT-001,Vitalis C1000,Supplement,Vitalis,D2C,10,17.95,GBP,0.0,179.5,179.5
TXN-GB-2-001312,2026-08-26 22:56:58,2026-08-26 22:57:58,GB,Legacy Oracle EBS,E,VIT-001,Vitalis C1000,Supplement,Vitalis,E-commerce,9,17.95,GBP,0.05,161.55,153.47
TXN-GB-2-001313,2026-08-26 21:12:57,2026-08-26 21:15:57,GB,Legacy Oracle EBS,E,VIT-001,Vitalis C1000,Supplement,Vitalis,E-commerce,12,17.95,GBP,0.15,215.4,183.09
TXN-GB-2-001314,2026-08-26 22:56:13,2026-08-26 23:01:13,GB,Legacy Oracle EBS,E,VIT-001,Vitalis C1000,Supplement,Vitalis,Pharmacy/B2B,1,17.95,GBP,0.05,17.95,17.05
TXN-GB-2-001315,2026-08-26 05:36:49,2026-08-26 05:41:49,GB,Legacy Oracle EBS,E,DER-001,Dermacare GlowSerum,Aesthetic,Dermacare,D2C,3,27.35,GBP,0.0,82.05,82.05
TXN-GB-2-001316,2026-08-26 01:33:46,2026-08-26 01:34:46,GB,Legacy Oracle EBS,E,DER-002,Dermacare LiftCream,Aesthetic,Dermacare,E-commerce,6,31.62,GBP,0.1,189.72,170.75
TXN-GB-2-001317,2026-08-26 01:10:55,2026-08-26 01:11:55,GB,Legacy Oracle EBS,E,VIT-002,Vitalis Multivit,Supplement,Vitalis,E-commerce,12,14.53,GBP,0.2,174.36,139.49
TXN-GB-2-001318,2026-08-26 23:16:49,2026-08-26 23:19:49,GB,Legacy Oracle EBS,E,DER-002,Dermacare LiftCream,Aesthetic,Dermacare,Pharmacy/B2B,11,31.62,GBP,0.2,347.82,278.26
TXN-GB-2-001319,2026-08-26 11:04:32,2026-08-26 11:07:32,GB,Legacy Oracle EBS,E,MED-002,Medora Derm Cream,Prescription,Medora,D2C,9,22.22,GBP,0.0,199.98,199.98
TXN-GB-2-001320,2026-08-26 05:24:29,2026-08-26 05:27:29,GB,Legacy Oracle EBS,E,VIT-002,Vitalis Multivit,Supplement,Vitalis,Pharmacy/B2B,3,14.53,GBP,0.0,43.59,43.59
TXN-GB-2-001321,2026-08-26 22:22:19,2026-08-26 22:25:19,GB,Legacy Oracle EBS,E,PUR-001,PureLife GlucoMonitor,Medical Device,PureLife,D2C,6,72.65,GBP,0.05,435.9,414.1
TXN-GB-2-001322,2026-08-26 07:36:29,2026-08-26 07:41:29,GB,Legacy Oracle EBS,E,VIT-002,Vitalis Multivit,Supplement,Vitalis,Wholesale,5,14.53,GBP,0.0,72.65,72.65
TXN-GB-2-001323,2026-08-26 23:17:35,2026-08-26 23:21:35,GB,Legacy Oracle EBS,E,MED-001,Medora Cardio 10mg,Prescription,Medora,D2C,6,36.75,GBP,0.0,220.5,220.5
TXN-GB-2-001324,2026-08-26 04:56:01,2026-08-26 05:02:01,GB,Legacy Oracle EBS,E,DER-001,Dermacare GlowSerum,Aesthetic,Dermacare,E-commerce,6,27.35,GBP,0.2,164.1,131.28
TXN-GB-2-001325,2026-08-26 21:22:06,2026-08-26 21:27:06,GB,Legacy Oracle EBS,E,MED-002,Medora Derm Cream,Prescription,Medora,D2C,11,22.22,GBP,0.2,244.42,195.54
TXN-GB-2-001326,2026-08-26 08:39:03,2026-08-26 08:42:03,GB,Legacy Oracle EBS,E,VIT-002,Vitalis Multivit,Supplement,Vitalis,D2C,10,14.53,GBP,0.2,145.3,116.24
TXN-GB-2-001327,2026-08-26 11:35:56,2026-08-26 11:39:56,GB,Legacy Oracle EBS,E,PUR-002,PureLife BP Monitor,Medical Device,PureLife,Pharmacy/B2B,8,76.92,GBP,0.0,615.36,615.36
TXN-GB-2-001328,2026-08-26 00:31:47,2026-08-26 00:35:47,GB,Legacy Oracle EBS,E,MED-001,Medora Cardio 10mg,Prescription,Medora,E-commerce,7,36.75,GBP,0.15,257.25,218.66
TXN-GB-2-001329,2026-08-26 17:41:29,2026-08-26 17:46:29,GB,Legacy Oracle EBS,E,PUR-001,PureLife GlucoMonitor,Medical Device,PureLife,E-commerce,8,72.65,GBP,0.0,581.2,581.2
TXN-GB-2-001330,2026-08-26 14:09:29,2026-08-26 14:11:29,GB,Legacy Oracle EBS,E,MED-001,Medora Cardio 10mg,Prescription,Medora,Pharmacy/B2B,6,36.75,GBP,0.15,220.5,187.42
TXN-GB-2-001331,2026-08-26 06:40:13,2026-08-26 06:44:13,GB,Legacy Oracle EBS,E,DER-002,Dermacare LiftCream,Aesthetic,Dermacare,E-commerce,8,31.62,GBP,0.0,252.96,252.96
TXN-GB-2-001332,2026-08-26 19:44:43,2026-08-26 19:45:43,GB,Legacy Oracle EBS,E,MED-002,Medora Derm Cream,Prescription,Medora,D2C,5,22.22,GBP,0.1,111.1,99.99
TXN-GB-2-001333,2026-08-26 18:00:13,2026-08-26 18:05:13,GB,Legacy Oracle EBS,E,PUR-002,PureLife BP Monitor,Medical Device,PureLife,Pharmacy/B2B,6,76.92,GBP,0.0,461.52,461.52
TXN-GB-2-001334,2026-08-26 20:54:54,2026-08-26 20:55:54,GB,Legacy Oracle EBS,E,PUR-001,PureLife GlucoMonitor,Medical Device,PureLife,D2C,5,72.65,GBP,0.0,363.25,363.25
TXN-GB-2-001335,2026-08-26 20:43:27,2026-08-26 20:44:27,GB,Legacy Oracle EBS,E,MED-001,Medora Cardio 10mg,Prescription,Medora,E-commerce,6,36.75,GBP,0.2,220.5,176.4
TXN-GB-2-001336,2026-08-26 11:42:20,2026-08-26 11:47:20,GB,Legacy Oracle EBS,E,DER-002,Dermacare LiftCream,Aesthetic,Dermacare,E-commerce,6,31.62,GBP,0.2,189.72,151.78
TXN-GB-2-001337,2026-08-26 16:52:33,2026-08-26 16:54:33,GB,Legacy Oracle EBS,E,MED-002,Medora Derm Cream,Prescription,Medora,E-commerce,1,22.22,GBP,0.0,22.22,22.22
TXN-GB-2-001338,2026-08-26 05:41:56,2026-08-26 05:42:56,GB,Legacy Oracle EBS,E,VIT-002,Vitalis Multivit,Supplement,Vitalis,Wholesale,4,14.53,GBP,0.15,58.12,49.4
TXN-GB-2-001339,2026-08-26 12:36:13,2026-08-26 12:39:13,GB,Legacy Oracle EBS,E,MED-001,Medora Cardio 10mg,Prescription,Medora,D2C,11,36.75,GBP,0.0,404.25,404.25
TXN-GB-2-001340,2026-08-26 07:19:04,2026-08-26 07:25:04,GB,Legacy Oracle EBS,E,SAN-001,SanaPlus PainRelief,OTC,SanaPlus,Pharmacy/B2B,2,8.12,GBP,0.05,16.24,15.43
TXN-GB-2-001341,2026-08-26 10:06:56,2026-08-26 10:12:56,GB,Legacy Oracle EBS,E,DER-002,Dermacare LiftCream,Aesthetic,Dermacare,D2C,11,31.62,GBP,0.0,347.82,347.82
TXN-GB-2-001342,2026-08-26 15:09:31,2026-08-26 15:10:31,GB,Legacy Oracle EBS,E,PUR-002,PureLife BP Monitor,Medical Device,PureLife,E-commerce,4,76.92,GBP,0.05,307.68,292.3
TXN-GB-2-001343,2026-08-26 02:30:52,2026-08-26 02:35:52,GB,Legacy Oracle EBS,E,PUR-001,PureLife GlucoMonitor,Medical Device,PureLife,Wholesale,6,72.65,GBP,0.1,435.9,392.31
TXN-GB-2-001344,2026-08-26 11:38:01,2026-08-26 11:39:01,GB,Legacy Oracle EBS,E,MED-001,Medora Cardio 10mg,Prescription,Medora,E-commerce,12,36.75,GBP,0.15,441.0,374.85
TXN-GB-2-001345,2026-08-26 02:32:02,2026-08-26 02:38:02,GB,Legacy Oracle EBS,E,SAN-001,SanaPlus PainRelief,OTC,SanaPlus,Wholesale,6,8.12,GBP,0.0,48.72,48.72
TXN-GB-2-001346,2026-08-26 19:34:31,2026-08-26 19:35:31,GB,Legacy Oracle EBS,E,PUR-002,PureLife BP Monitor,Medical Device,PureLife,E-commerce,3,76.92,GBP,0.2,230.76,184.61
TXN-GB-2-001347,2026-08-26 06:04:16,2026-08-26 06:05:16,GB,Legacy Oracle EBS,E,DER-001,Dermacare GlowSerum,Aesthetic,Dermacare,Pharmacy/B2B,6,27.35,GBP,0.0,164.1,164.1
TXN-GB-2-001348,2026-08-26 11:31:24,2026-08-26 11:32:24,GB,Legacy Oracle EBS,E,MED-002,Medora Derm Cream,Prescription,Medora,Pharmacy/B2B,8,22.22,GBP,0.05,177.76,168.87
TXN-GB-2-001349,2026-08-26 21:54:57,2026-08-26 21:59:57,GB,Legacy Oracle EBS,E,DER-002,Dermacare LiftCream,Aesthetic,Dermacare,D2C,1,31.62,GBP,0.2,31.62,25.3
TXN-GB-2-001350,2026-08-26 10:53:10,2026-08-26 10:57:10,GB,Legacy Oracle EBS,E,MED-001,Medora Cardio 10mg,Prescription,Medora,Pharmacy/B2B,7,36.75,GBP,0.0,257.25,257.25
TXN-GB-2-001351,2026-08-26 05:06:44,2026-08-26 05:09:44,GB,Legacy Oracle EBS,E,MED-001,Medora Cardio 10mg,Prescription,Medora,Pharmacy/B2B,8,36.75,GBP,0.2,294.0,235.2
TXN-GB-2-001352,2026-08-26 17:57:58,2026-08-26 18:00:58,GB,Legacy Oracle EBS,E,PUR-002,PureLife BP Monitor,Medical Device,PureLife,Pharmacy/B2B,8,76.92,GBP,0.15,615.36,523.06
TXN-GB-2-001353,2026-08-26 10:15:45,2026-08-26 10:20:45,GB,Legacy Oracle EBS,E,PUR-002,PureLife BP Monitor,Medical Device,PureLife,Pharmacy/B2B,10,76.92,GBP,0.0,769.2,769.2
TXN-GB-2-001354,2026-08-26 07:15:11,2026-08-26 07:20:11,GB,Legacy Oracle EBS,E,VIT-002,Vitalis Multivit,Supplement,Vitalis,Wholesale,1,14.53,GBP,0.15,14.53,12.35
TXN-GB-2-001355,2026-08-26 11:13:16,2026-08-26 11:19:16,GB,Legacy Oracle EBS,E,SAN-001,SanaPlus PainRelief,OTC,SanaPlus,Wholesale,1,8.12,GBP,0.05,8.12,7.71
TXN-GB-2-001356,2026-08-26 22:56:11,2026-08-26 22:57:11,GB,Legacy Oracle EBS,E,DER-001,Dermacare GlowSerum,Aesthetic,Dermacare,Wholesale,1,27.35,GBP,0.15,27.35,23.25
TXN-GB-2-001357,2026-08-26 13:03:50,2026-08-26 13:07:50,GB,Legacy Oracle EBS,E,PUR-002,PureLife BP Monitor,Medical Device,PureLife,Wholesale,6,76.92,GBP,0.0,461.52,461.52
TXN-GB-2-001358,2026-08-26 17:12:21,2026-08-26 17:14:21,GB,Legacy Oracle EBS,E,PUR-002,PureLife BP Monitor,Medical Device,PureLife,E-commerce,2,76.92,GBP,0.15,153.84,130.76
TXN-GB-2-001359,2026-08-26 03:28:33,2026-08-26 03:30:33,GB,Legacy Oracle EBS,E,SAN-002,SanaPlus ColdFlu,OTC,SanaPlus,E-commerce,3,8.97,GBP,0.2,26.91,21.53
TXN-GB-2-001360,2026-08-26 03:06:55,2026-08-26 03:11:55,GB,Legacy Oracle EBS,E,PUR-002,PureLife BP Monitor,Medical Device,PureLife,Wholesale,1,76.92,GBP,0.0,76.92,76.92
TXN-GB-2-001361,2026-08-26 15:43:21,2026-08-26 15:45:21,GB,Legacy Oracle EBS,E,SAN-001,SanaPlus PainRelief,OTC,SanaPlus,D2C,5,8.12,GBP,0.0,40.6,40.6
TXN-GB-2-001362,2026-08-26 02:34:03,2026-08-26 02:38:03,GB,Legacy Oracle EBS,E,PUR-002,PureLife BP Monitor,Medical Device,PureLife,Wholesale,2,76.92,GBP,0.0,153.84,153.84
TXN-GB-2-001363,2026-08-26 17:47:03,2026-08-26 17:48:03,GB,Legacy Oracle EBS,E,VIT-002,Vitalis Multivit,Supplement,Vitalis,D2C,1,14.53,GBP,0.2,14.53,11.62
TXN-GB-2-001364,2026-08-26 19:42:18,2026-08-26 19:48:18,GB,Legacy Oracle EBS,E,SAN-001,SanaPlus PainRelief,OTC,SanaPlus,Wholesale,9,8.12,GBP,0.0,73.08,73.08
TXN-GB-2-001365,2026-08-26 08:10:57,2026-08-26 08:11:57,GB,Legacy Oracle EBS,E,SAN-002,SanaPlus ColdFlu,OTC,SanaPlus,Pharmacy/B2B,3,8.97,GBP,0.15,26.91,22.87
TXN-GB-2-001366,2026-08-26 16:34:53,2026-08-26 16:40:53,GB,Legacy Oracle EBS,E,SAN-001,SanaPlus PainRelief,OTC,SanaPlus,E-commerce,10,8.12,GBP,0.0,81.2,81.2
TXN-GB-2-001367,2026-08-26 22:03:07,2026-08-26 22:09:07,GB,Legacy Oracle EBS,E,MED-002,Medora Derm Cream,Prescription,Medora,Pharmacy/B2B,11,22.22,GBP,0.15,244.42,207.76
TXN-GB-2-001368,2026-08-26 13:50:23,2026-08-26 13:53:23,GB,Legacy Oracle EBS,E,SAN-001,SanaPlus PainRelief,OTC,SanaPlus,D2C,10,8.12,GBP,0.0,81.2,81.2
TXN-GB-2-001369,2026-08-26 19:39:36,2026-08-26 19:40:36,GB,Legacy Oracle EBS,E,DER-001,Dermacare GlowSerum,Aesthetic,Dermacare,E-commerce,1,27.35,GBP,0.1,27.35,24.62
TXN-GB-2-001370,2026-08-26 11:30:46,2026-08-26 11:32:46,GB,Legacy Oracle EBS,E,DER-002,Dermacare LiftCream,Aesthetic,Dermacare,D2C,9,31.62,GBP,0.15,284.58,241.89
TXN-GB-2-001371,2026-08-26 14:22:46,2026-08-26 14:23:46,GB,Legacy Oracle EBS,E,DER-002,Dermacare LiftCream,Aesthetic,Dermacare,E-commerce,6,31.62,GBP,0.0,189.72,189.72
TXN-GB-2-001372,2026-08-26 21:39:58,2026-08-26 21:41:58,GB,Legacy Oracle EBS,E,VIT-002,Vitalis Multivit,Supplement,Vitalis,E-commerce,1,14.53,GBP,0.0,14.53,14.53
TXN-GB-2-001373,2026-08-26 01:49:40,2026-08-26 01:53:40,GB,Legacy Oracle EBS,E,PUR-001,PureLife GlucoMonitor,Medical Device,PureLife,E-commerce,3,72.65,GBP,0.0,217.95,217.95
TXN-GB-2-001374,2026-08-26 11:41:42,2026-08-26 11:43:42,GB,Legacy Oracle EBS,E,PUR-001,PureLife GlucoMonitor,Medical Device,PureLife,D2C,6,72.65,GBP,0.2,435.9,348.72
TXN-GB-2-001375,2026-08-26 05:53:17,2026-08-26 05:58:17,GB,Legacy Oracle EBS,E,MED-002,Medora Derm Cream,Prescription,Medora,E-commerce,5,22.22,GBP,0.1,111.1,99.99
TXN-GB-2-001376,2026-08-26 17:03:14,2026-08-26 17:08:14,GB,Legacy Oracle EBS,E,SAN-002,SanaPlus ColdFlu,OTC,SanaPlus,Wholesale,6,8.97,GBP,0.2,53.82,43.06
TXN-GB-2-001377,2026-08-26 05:27:10,2026-08-26 05:29:10,GB,Legacy Oracle EBS,E,VIT-001,Vitalis C1000,Supplement,Vitalis,Wholesale,7,17.95,GBP,0.0,125.65,125.65
TXN-GB-2-001378,2026-08-26 01:10:41,2026-08-26 01:12:41,GB,Legacy Oracle EBS,E,PUR-001,PureLife GlucoMonitor,Medical Device,PureLife,E-commerce,2,72.65,GBP,0.0,145.3,145.3
TXN-GB-2-001379,2026-08-26 19:05:42,2026-08-26 19:09:42,GB,Legacy Oracle EBS,E,VIT-001,Vitalis C1000,Supplement,Vitalis,Pharmacy/B2B,6,17.95,GBP,0.2,107.7,86.16
TXN-GB-2-001380,2026-08-26 01:34:03,2026-08-26 01:40:03,GB,Legacy Oracle EBS,E,VIT-001,Vitalis C1000,Supplement,Vitalis,D2C,6,17.95,GBP,0.0,107.7,107.7
TXN-GB-2-001381,2026-08-26 08:49:11,2026-08-26 08:50:11,GB,Legacy Oracle EBS,E,PUR-002,PureLife BP Monitor,Medical Device,PureLife,Wholesale,3,76.92,GBP,0.1,230.76,207.68
TXN-GB-2-001382,2026-08-26 10:49:07,2026-08-26 10:51:07,GB,Legacy Oracle EBS,E,DER-001,Dermacare GlowSerum,Aesthetic,Dermacare,D2C,11,27.35,GBP,0.1,300.85,270.77
TXN-GB-2-001383,2026-08-26 18:08:20,2026-08-26 18:12:20,GB,Legacy Oracle EBS,E,MED-001,Medora Cardio 10mg,Prescription,Medora,Wholesale,1,36.75,GBP,0.0,36.75,36.75
TXN-GB-2-001384,2026-08-26 10:37:02,2026-08-26 10:40:02,GB,Legacy Oracle EBS,E,DER-001,Dermacare GlowSerum,Aesthetic,Dermacare,E-commerce,2,27.35,GBP,0.0,54.7,54.7
TXN-GB-2-001385,2026-08-26 13:04:56,2026-08-26 13:07:56,GB,Legacy Oracle EBS,E,VIT-001,Vitalis C1000,Supplement,Vitalis,Wholesale,5,17.95,GBP,0.0,89.75,89.75
TXN-GB-2-001386,2026-08-26 04:00:24,2026-08-26 04:04:24,GB,Legacy Oracle EBS,E,PUR-002,PureLife BP Monitor,Medical Device,PureLife,Pharmacy/B2B,10,76.92,GBP,0.0,769.2,769.2
TXN-GB-2-001387,2026-08-26 17:39:28,2026-08-26 17:42:28,GB,Legacy Oracle EBS,E,PUR-002,PureLife BP Monitor,Medical Device,PureLife,D2C,2,76.92,GBP,0.15,153.84,130.76
TXN-GB-2-001388,2026-08-26 20:40:48,2026-08-26 20:46:48,GB,Legacy Oracle EBS,E,MED-001,Medora Cardio 10mg,Prescription,Medora,D2C,6,36.75,GBP,0.0,220.5,220.5
TXN-GB-2-001389,2026-08-26 20:54:54,2026-08-26 20:55:54,GB,Legacy Oracle EBS,E,DER-001,Dermacare GlowSerum,Aesthetic,Dermacare,D2C,5,27.35,GBP,0.15,136.75,116.24
TXN-GB-2-001390,2026-08-26 18:05:23,2026-08-26 18:10:23,GB,Legacy Oracle EBS,E,VIT-001,Vitalis C1000,Supplement,Vitalis,E-commerce,5,17.95,GBP,0.0,89.75,89.75
TXN-GB-2-001391,2026-08-26 23:51:41,2026-08-26 23:56:41,GB,Legacy Oracle EBS,E,PUR-001,PureLife GlucoMonitor,Medical Device,PureLife,Wholesale,7,72.65,GBP,0.05,508.55,483.12
TXN-GB-2-001392,2026-08-26 02:41:13,2026-08-26 02:47:13,GB,Legacy Oracle EBS,E,MED-002,Medora Derm Cream,Prescription,Medora,Wholesale,1,22.22,GBP,0.2,22.22,17.78
TXN-GB-2-001393,2026-08-26 00:29:09,2026-08-26 00:33:09,GB,Legacy Oracle EBS,E,SAN-001,SanaPlus PainRelief,OTC,SanaPlus,Pharmacy/B2B,1,8.12,GBP,0.05,8.12,7.71
TXN-GB-2-001394,2026-08-26 03:19:36,2026-08-26 03:24:36,GB,Legacy Oracle EBS,E,MED-001,Medora Cardio 10mg,Prescription,Medora,E-commerce,1,36.75,GBP,0.0,36.75,36.75
TXN-GB-2-001395,2026-08-26 04:10:56,2026-08-26 04:13:56,GB,Legacy Oracle EBS,E,SAN-002,SanaPlus ColdFlu,OTC,SanaPlus,Wholesale,8,8.97,GBP,0.05,71.76,68.17
TXN-GB-2-001396,2026-08-26 11:32:26,2026-08-26 11:34:26,GB,Legacy Oracle EBS,E,MED-002,Medora Derm Cream,Prescription,Medora,Wholesale,4,22.22,GBP,0.0,88.88,88.88
TXN-GB-2-001397,2026-08-26 22:33:06,2026-08-26 22:35:06,GB,Legacy Oracle EBS,E,SAN-001,SanaPlus PainRelief,OTC,SanaPlus,D2C,5,8.12,GBP,0.2,40.6,32.48
TXN-GB-2-001398,2026-08-26 12:56:17,2026-08-26 12:57:17,GB,Legacy Oracle EBS,E,DER-002,Dermacare LiftCream,Aesthetic,Dermacare,Wholesale,6,31.62,GBP,0.0,189.72,189.72
TXN-GB-2-001399,2026-08-26 16:37:12,2026-08-26 16:42:12,GB,Legacy Oracle EBS,E,PUR-001,PureLife GlucoMonitor,Medical Device,PureLife,Pharmacy/B2B,6,72.65,GBP,0.2,435.9,348.72
TXN-GB-2-001400,2026-08-26 13:31:22,2026-08-26 13:36:22,GB,Legacy Oracle EBS,E,VIT-002,Vitalis Multivit,Supplement,Vitalis,Wholesale,8,14.53,GBP,0.0,116.24,116.24
TXN-GB-2-001401,2026-08-26 04:16:45,2026-08-26 04:19:45,GB,Legacy Oracle EBS,E,VIT-001,Vitalis C1000,Supplement,Vitalis,D2C,12,17.95,GBP,0.1,215.4,193.86
TXN-GB-2-001402,2026-08-26 00:45:58,2026-08-26 00:49:58,GB,Legacy Oracle EBS,E,SAN-001,SanaPlus PainRelief,OTC,SanaPlus,E-commerce,3,8.12,GBP,0.0,24.36,24.36
TXN-GB-2-001403,2026-08-26 05:52:44,2026-08-26 05:53:44,GB,Legacy Oracle EBS,E,VIT-002,Vitalis Multivit,Supplement,Vitalis,Wholesale,12,14.53,GBP,0.0,174.36,174.36
TXN-GB-2-001404,2026-08-26 15:03:26,2026-08-26 15:04:26,GB,Legacy Oracle EBS,E,MED-001,Medora Cardio 10mg,Prescription,Medora,Pharmacy/B2B,5,36.75,GBP,0.0,183.75,183.75
TXN-GB-2-001405,2026-08-26 06:47:41,2026-08-26 06:49:41,GB,Legacy Oracle EBS,E,VIT-001,Vitalis C1000,Supplement,Vitalis,E-commerce,3,17.95,GBP,0.2,53.85,43.08
TXN-GB-2-001406,2026-08-26 22:41:40,2026-08-26 22:42:40,GB,Legacy Oracle EBS,E,SAN-001,SanaPlus PainRelief,OTC,SanaPlus,E-commerce,11,8.12,GBP,0.0,89.32,89.32
TXN-GB-2-001407,2026-08-26 09:36:54,2026-08-26 09:37:54,GB,Legacy Oracle EBS,E,DER-002,Dermacare LiftCream,Aesthetic,Dermacare,E-commerce,12,31.62,GBP,0.1,379.44,341.5
TXN-GB-2-001408,2026-08-26 11:56:35,2026-08-26 11:58:35,GB,Legacy Oracle EBS,E,PUR-001,PureLife GlucoMonitor,Medical Device,PureLife,D2C,4,72.65,GBP,0.0,290.6,290.6
TXN-GB-2-001409,2026-08-26 17:36:07,2026-08-26 17:37:07,GB,Legacy Oracle EBS,E,PUR-001,PureLife GlucoMonitor,Medical Device,PureLife,D2C,7,72.65,GBP,0.05,508.55,483.12
TXN-GB-2-001410,2026-08-26 00:25:23,2026-08-26 00:30:23,GB,Legacy Oracle EBS,E,MED-001,Medora Cardio 10mg,Prescription,Medora,E-commerce,12,36.75,GBP,0.0,441.0,441.0
TXN-GB-2-001411,2026-08-26 04:00:29,2026-08-26 04:06:29,GB,Legacy Oracle EBS,E,SAN-001,SanaPlus PainRelief,OTC,SanaPlus,Pharmacy/B2B,11,8.12,GBP,0.0,89.32,89.32
TXN-GB-2-001412,2026-08-26 07:57:07,2026-08-26 07:59:07,GB,Legacy Oracle EBS,E,MED-002,Medora Derm Cream,Prescription,Medora,E-commerce,10,22.22,GBP,0.0,222.2,222.2
TXN-GB-2-001413,2026-08-26 13:53:02,2026-08-26 13:59:02,GB,Legacy Oracle EBS,E,MED-001,Medora Cardio 10mg,Prescription,Medora,D2C,12,36.75,GBP,0.05,441.0,418.95
TXN-GB-2-001414,2026-08-26 05:23:52,2026-08-26 05:29:52,GB,Legacy Oracle EBS,E,MED-001,Medora Cardio 10mg,Prescription,Medora,Wholesale,4,36.75,GBP,0.0,147.0,147.0
TXN-GB-2-001415,2026-08-26 02:35:17,2026-08-26 02:38:17,GB,Legacy Oracle EBS,E,DER-001,Dermacare GlowSerum,Aesthetic,Dermacare,Wholesale,7,27.35,GBP,0.15,191.45,162.73
TXN-GB-2-001416,2026-08-26 06:22:31,2026-08-26 06:24:31,GB,Legacy Oracle EBS,E,PUR-001,PureLife GlucoMonitor,Medical Device,PureLife,Wholesale,6,72.65,GBP,0.1,435.9,392.31
TXN-GB-2-001417,2026-08-26 04:49:42,2026-08-26 04:53:42,GB,Legacy Oracle EBS,E,VIT-002,Vitalis Multivit,Supplement,Vitalis,Pharmacy/B2B,2,14.53,GBP,0.15,29.06,24.7
TXN-GB-2-001418,2026-08-26 13:42:42,2026-08-26 13:43:42,GB,Legacy Oracle EBS,E,PUR-001,PureLife GlucoMonitor,Medical Device,PureLife,Pharmacy/B2B,4,72.65,GBP,0.0,290.6,290.6
TXN-GB-2-001419,2026-08-26 07:50:05,2026-08-26 07:55:05,GB,Legacy Oracle EBS,E,DER-002,Dermacare LiftCream,Aesthetic,Dermacare,D2C,3,31.62,GBP,0.05,94.86,90.12
TXN-GB-2-001420,2026-08-26 07:41:19,2026-08-26 07:47:19,GB,Legacy Oracle EBS,E,SAN-001,SanaPlus PainRelief,OTC,SanaPlus,Pharmacy/B2B,12,8.12,GBP,0.0,97.44,97.44
TXN-GB-2-001421,2026-08-26 10:44:07,2026-08-26 10:48:07,GB,Legacy Oracle EBS,E,SAN-002,SanaPlus ColdFlu,OTC,SanaPlus,D2C,2,8.97,GBP,0.0,17.94,17.94
TXN-GB-2-001422,2026-08-26 14:38:16,2026-08-26 14:43:16,GB,Legacy Oracle EBS,E,PUR-001,PureLife GlucoMonitor,Medical Device,PureLife,E-commerce,3,72.65,GBP,0.0,217.95,217.95
TXN-GB-2-001423,2026-08-26 22:10:26,2026-08-26 22:15:26,GB,Legacy Oracle EBS,E,MED-002,Medora Derm Cream,Prescription,Medora,Pharmacy/B2B,3,22.22,GBP,0.1,66.66,59.99
TXN-GB-2-001424,2026-08-26 22:52:33,2026-08-26 22:53:33,GB,Legacy Oracle EBS,E,PUR-002,PureLife BP Monitor,Medical Device,PureLife,Pharmacy/B2B,10,76.92,GBP,0.0,769.2,769.2
TXN-GB-2-001425,2026-08-26 17:03:08,2026-08-26 17:07:08,GB,Legacy Oracle EBS,E,MED-001,Medora Cardio 10mg,Prescription,Medora,Pharmacy/B2B,10,36.75,GBP,0.2,367.5,294.0
TXN-GB-2-001426,2026-08-26 19:09:07,2026-08-26 19:11:07,GB,Legacy Oracle EBS,E,DER-002,Dermacare LiftCream,Aesthetic,Dermacare,Wholesale,11,31.62,GBP,0.2,347.82,278.26
TXN-GB-2-001427,2026-08-26 04:12:38,2026-08-26 04:16:38,GB,Legacy Oracle EBS,E,PUR-002,PureLife BP Monitor,Medical Device,PureLife,D2C,7,76.92,GBP,0.05,538.44,511.52
TXN-GB-2-001428,2026-08-26 18:53:13,2026-08-26 18:56:13,GB,Legacy Oracle EBS,E,PUR-001,PureLife GlucoMonitor,Medical Device,PureLife,Wholesale,7,72.65,GBP,0.05,508.55,483.12
TXN-GB-2-001429,2026-08-26 04:28:26,2026-08-26 04:30:26,GB,Legacy Oracle EBS,E,MED-002,Medora Derm Cream,Prescription,Medora,Wholesale,8,22.22,GBP,0.15,177.76,151.1
TXN-GB-2-001430,2026-08-26 10:17:55,2026-08-26 10:23:55,GB,Legacy Oracle EBS,E,SAN-001,SanaPlus PainRelief,OTC,SanaPlus,D2C,2,8.12,GBP,0.0,16.24,16.24
TXN-GB-2-001431,2026-08-26 13:44:52,2026-08-26 13:47:52,GB,Legacy Oracle EBS,E,DER-002,Dermacare LiftCream,Aesthetic,Dermacare,D2C,4,31.62,GBP,0.2,126.48,101.18
TXN-GB-2-001432,2026-08-26 17:31:20,2026-08-26 17:34:20,GB,Legacy Oracle EBS,E,PUR-002,PureLife BP Monitor,Medical Device,PureLife,E-commerce,5,76.92,GBP,0.1,384.6,346.14
TXN-GB-2-001433,2026-08-26 02:43:08,2026-08-26 02:45:08,GB,Legacy Oracle EBS,E,VIT-001,Vitalis C1000,Supplement,Vitalis,Pharmacy/B2B,9,17.95,GBP,0.0,161.55,161.55
TXN-GB-2-001434,2026-08-26 03:27:08,2026-08-26 03:29:08,GB,Legacy Oracle EBS,E,PUR-002,PureLife BP Monitor,Medical Device,PureLife,D2C,6,76.92,GBP,0.1,461.52,415.37
TXN-GB-2-001435,2026-08-26 09:55:50,2026-08-26 10:01:50,GB,Legacy Oracle EBS,E,SAN-001,SanaPlus PainRelief,OTC,SanaPlus,D2C,8,8.12,GBP,0.0,64.96,64.96
TXN-GB-2-001436,2026-08-26 11:49:23,2026-08-26 11:51:23,GB,Legacy Oracle EBS,E,DER-001,Dermacare GlowSerum,Aesthetic,Dermacare,D2C,1,27.35,GBP,0.2,27.35,21.88
TXN-GB-2-001437,2026-08-26 16:16:54,2026-08-26 16:17:54,GB,Legacy Oracle EBS,E,SAN-001,SanaPlus PainRelief,OTC,SanaPlus,Pharmacy/B2B,4,8.12,GBP,0.0,32.48,32.48
TXN-GB-2-001438,2026-08-26 01:30:40,2026-08-26 01:33:40,GB,Legacy Oracle EBS,E,DER-001,Dermacare GlowSerum,Aesthetic,Dermacare,D2C,3,27.35,GBP,0.05,82.05,77.95
TXN-GB-2-001439,2026-08-26 11:19:34,2026-08-26 11:20:34,GB,Legacy Oracle EBS,E,SAN-001,SanaPlus PainRelief,OTC,SanaPlus,D2C,7,8.12,GBP,0.0,56.84,56.84
TXN-GB-2-001440,2026-08-26 11:41:09,2026-08-26 11:44:09,GB,Legacy Oracle EBS,E,VIT-002,Vitalis Multivit,Supplement,Vitalis,Pharmacy/B2B,11,14.53,GBP,0.0,159.83,159.83
TXN-GB-2-001441,2026-08-26 20:56:04,2026-08-26 20:57:04,GB,Legacy Oracle EBS,E,VIT-002,Vitalis Multivit,Supplement,Vitalis,E-commerce,7,14.53,GBP,0.0,101.71,101.71
TXN-GB-2-001442,2026-08-26 03:36:40,2026-08-26 03:38:40,GB,Legacy Oracle EBS,E,PUR-002,PureLife BP Monitor,Medical Device,PureLife,D2C,8,76.92,GBP,0.0,615.36,615.36
TXN-GB-2-001443,2026-08-26 20:51:34,2026-08-26 20:56:34,GB,Legacy Oracle EBS,E,VIT-001,Vitalis C1000,Supplement,Vitalis,Wholesale,4,17.95,GBP,0.0,71.8,71.8
TXN-GB-2-001444,2026-08-26 16:21:56,2026-08-26 16:22:56,GB,Legacy Oracle EBS,E,MED-001,Medora Cardio 10mg,Prescription,Medora,D2C,2,36.75,GBP,0.0,73.5,73.5
TXN-GB-2-001445,2026-08-26 07:56:51,2026-08-26 08:02:51,GB,Legacy Oracle EBS,E,PUR-002,PureLife BP Monitor,Medical Device,PureLife,Pharmacy/B2B,11,76.92,GBP,0.2,846.12,676.9
TXN-GB-2-001446,2026-08-26 06:43:01,2026-08-26 06:45:01,GB,Legacy Oracle EBS,E,VIT-001,Vitalis C1000,Supplement,Vitalis,Wholesale,12,17.95,GBP,0.05,215.4,204.63
TXN-GB-2-001447,2026-08-26 03:35:55,2026-08-26 03:38:55,GB,Legacy Oracle EBS,E,PUR-001,PureLife GlucoMonitor,Medical Device,PureLife,D2C,3,72.65,GBP,0.0,217.95,217.95
TXN-GB-2-001448,2026-08-26 03:04:20,2026-08-26 03:05:20,GB,Legacy Oracle EBS,E,PUR-001,PureLife GlucoMonitor,Medical Device,PureLife,Wholesale,12,72.65,GBP,0.0,871.8,871.8
TXN-GB-2-001449,2026-08-26 06:35:54,2026-08-26 06:37:54,GB,Legacy Oracle EBS,E,VIT-002,Vitalis Multivit,Supplement,Vitalis,Pharmacy/B2B,9,14.53,GBP,0.0,130.77,130.77
TXN-GB-2-001450,2026-08-26 18:28:09,2026-08-26 18:30:09,GB,Legacy Oracle EBS,E,MED-002,Medora Derm Cream,Prescription,Medora,E-commerce,3,22.22,GBP,0.1,66.66,59.99
TXN-GB-2-001451,2026-08-26 17:34:12,2026-08-26 17:37:12,GB,Legacy Oracle EBS,E,DER-002,Dermacare LiftCream,Aesthetic,Dermacare,Pharmacy/B2B,4,31.62,GBP,0.0,126.48,126.48
TXN-GB-2-001452,2026-08-26 01:02:54,2026-08-26 01:07:54,GB,Legacy Oracle EBS,E,DER-002,Dermacare LiftCream,Aesthetic,Dermacare,Pharmacy/B2B,12,31.62,GBP,0.2,379.44,303.55
TXN-GB-2-001453,2026-08-26 19:29:41,2026-08-26 19:30:41,GB,Legacy Oracle EBS,E,SAN-001,SanaPlus PainRelief,OTC,SanaPlus,D2C,5,8.12,GBP,0.0,40.6,40.6
TXN-GB-2-001454,2026-08-26 14:37:59,2026-08-26 14:39:59,GB,Legacy Oracle EBS,E,DER-002,Dermacare LiftCream,Aesthetic,Dermacare,D2C,9,31.62,GBP,0.2,284.58,227.66
TXN-GB-2-001455,2026-08-26 03:51:47,2026-08-26 03:56:47,GB,Legacy Oracle EBS,E,DER-002,Dermacare LiftCream,Aesthetic,Dermacare,E-commerce,2,31.62,GBP,0.05,63.24,60.08
TXN-GB-2-001456,2026-08-26 20:09:11,2026-08-26 20:12:11,GB,Legacy Oracle EBS,E,VIT-001,Vitalis C1000,Supplement,Vitalis,Wholesale,7,17.95,GBP,0.0,125.65,125.65
TXN-GB-2-001457,2026-08-26 05:54:30,2026-08-26 05:59:30,GB,Legacy Oracle EBS,E,SAN-001,SanaPlus PainRelief,OTC,SanaPlus,Wholesale,9,8.12,GBP,0.0,73.08,73.08
TXN-GB-2-001458,2026-08-26 04:31:26,2026-08-26 04:36:26,GB,Legacy Oracle EBS,E,VIT-001,Vitalis C1000,Supplement,Vitalis,Wholesale,2,17.95,GBP,0.05,35.9,34.1
TXN-GB-2-001459,2026-08-26 12:49:17,2026-08-26 12:55:17,GB,Legacy Oracle EBS,E,PUR-001,PureLife GlucoMonitor,Medical Device,PureLife,Wholesale,10,72.65,GBP,0.0,726.5,726.5
TXN-GB-2-001460,2026-08-26 16:24:10,2026-08-26 16:30:10,GB,Legacy Oracle EBS,E,SAN-001,SanaPlus PainRelief,OTC,SanaPlus,E-commerce,11,8.12,GBP,0.1,89.32,80.39
TXN-GB-2-001461,2026-08-26 01:49:12,2026-08-26 01:55:12,GB,Legacy Oracle EBS,E,MED-001,Medora Cardio 10mg,Prescription,Medora,E-commerce,10,36.75,GBP,0.2,367.5,294.0
TXN-GB-2-001462,2026-08-26 04:21:14,2026-08-26 04:25:14,GB,Legacy Oracle EBS,E,MED-002,Medora Derm Cream,Prescription,Medora,Pharmacy/B2B,3,22.22,GBP,0.1,66.66,59.99
TXN-GB-2-001463,2026-08-26 02:59:11,2026-08-26 03:00:11,GB,Legacy Oracle EBS,E,MED-002,Medora Derm Cream,Prescription,Medora,Pharmacy/B2B,8,22.22,GBP,0.0,177.76,177.76
TXN-GB-2-001464,2026-08-26 10:55:25,2026-08-26 10:56:25,GB,Legacy Oracle EBS,E,SAN-001,SanaPlus PainRelief,OTC,SanaPlus,Wholesale,9,8.12,GBP,0.15,73.08,62.12
TXN-GB-2-001465,2026-08-26 23:57:34,2026-08-27 00:01:34,GB,Legacy Oracle EBS,E,VIT-002,Vitalis Multivit,Supplement,Vitalis,Wholesale,5,14.53,GBP,0.1,72.65,65.39
TXN-GB-2-001466,2026-08-26 01:47:40,2026-08-26 01:50:40,GB,Legacy Oracle EBS,E,VIT-001,Vitalis C1000,Supplement,Vitalis,Pharmacy/B2B,12,17.95,GBP,0.15,215.4,183.09
TXN-GB-2-001467,2026-08-26 16:51:18,2026-08-26 16:57:18,GB,Legacy Oracle EBS,E,MED-001,Medora Cardio 10mg,Prescription,Medora,E-commerce,1,36.75,GBP,0.05,36.75,34.91
TXN-GB-2-001468,2026-08-26 08:48:35,2026-08-26 08:53:35,GB,Legacy Oracle EBS,E,DER-002,Dermacare LiftCream,Aesthetic,Dermacare,Pharmacy/B2B,11,31.62,GBP,0.0,347.82,347.82
TXN-GB-2-001469,2026-08-26 15:09:17,2026-08-26 15:15:17,GB,Legacy Oracle EBS,E,VIT-002,Vitalis Multivit,Supplement,Vitalis,Pharmacy/B2B,7,14.53,GBP,0.0,101.71,101.71
TXN-GB-2-001470,2026-08-26 21:04:33,2026-08-26 21:07:33,GB,Legacy Oracle EBS,E,PUR-001,PureLife GlucoMonitor,Medical Device,PureLife,Pharmacy/B2B,1,72.65,GBP,0.2,72.65,58.12
TXN-GB-2-001471,2026-08-26 16:26:14,2026-08-26 16:30:14,GB,Legacy Oracle EBS,E,MED-002,Medora Derm Cream,Prescription,Medora,Wholesale,11,22.22,GBP,0.05,244.42,232.2
TXN-GB-2-001472,2026-08-26 15:48:40,2026-08-26 15:52:40,GB,Legacy Oracle EBS,E,SAN-001,SanaPlus PainRelief,OTC,SanaPlus,Pharmacy/B2B,11,8.12,GBP,0.05,89.32,84.85
TXN-GB-2-001473,2026-08-26 14:00:27,2026-08-26 14:01:27,GB,Legacy Oracle EBS,E,DER-001,Dermacare GlowSerum,Aesthetic,Dermacare,D2C,9,27.35,GBP,0.0,246.15,246.15
TXN-GB-2-001474,2026-08-26 20:00:14,2026-08-26 20:06:14,GB,Legacy Oracle EBS,E,PUR-001,PureLife GlucoMonitor,Medical Device,PureLife,D2C,11,72.65,GBP,0.2,799.15,639.32
TXN-GB-2-001475,2026-08-26 11:21:41,2026-08-26 11:24:41,GB,Legacy Oracle EBS,E,VIT-001,Vitalis C1000,Supplement,Vitalis,D2C,6,17.95,GBP,0.0,107.7,107.7
TXN-GB-2-001476,2026-08-26 09:55:25,2026-08-26 10:01:25,GB,Legacy Oracle EBS,E,PUR-002,PureLife BP Monitor,Medical Device,PureLife,Wholesale,5,76.92,GBP,0.2,384.6,307.68
TXN-GB-2-001477,2026-08-26 12:53:24,2026-08-26 12:55:24,GB,Legacy Oracle EBS,E,PUR-001,PureLife GlucoMonitor,Medical Device,PureLife,Wholesale,9,72.65,GBP,0.15,653.85,555.77
TXN-GB-2-001478,2026-08-26 10:39:52,2026-08-26 10:42:52,GB,Legacy Oracle EBS,E,MED-002,Medora Derm Cream,Prescription,Medora,E-commerce,7,22.22,GBP,0.0,155.54,155.54
TXN-GB-2-001479,2026-08-26 06:27:46,2026-08-26 06:31:46,GB,Legacy Oracle EBS,E,DER-001,Dermacare GlowSerum,Aesthetic,Dermacare,Wholesale,8,27.35,GBP,0.0,218.8,218.8
TXN-GB-2-001480,2026-08-26 03:57:12,2026-08-26 04:00:12,GB,Legacy Oracle EBS,E,SAN-002,SanaPlus ColdFlu,OTC,SanaPlus,E-commerce,6,8.97,GBP,0.2,53.82,43.06
TXN-GB-2-001481,2026-08-26 09:49:32,2026-08-26 09:50:32,GB,Legacy Oracle EBS,E,DER-002,Dermacare LiftCream,Aesthetic,Dermacare,E-commerce,3,31.62,GBP,0.0,94.86,94.86
TXN-GB-2-001482,2026-08-26 02:51:48,2026-08-26 02:53:48,GB,Legacy Oracle EBS,E,DER-001,Dermacare GlowSerum,Aesthetic,Dermacare,Pharmacy/B2B,9,27.35,GBP,0.05,246.15,233.84
TXN-GB-2-001483,2026-08-26 18:50:18,2026-08-26 18:53:18,GB,Legacy Oracle EBS,E,MED-001,Medora Cardio 10mg,Prescription,Medora,Wholesale,4,36.75,GBP,0.0,147.0,147.0
TXN-GB-2-001484,2026-08-26 11:51:46,2026-08-26 11:56:46,GB,Legacy Oracle EBS,E,SAN-002,SanaPlus ColdFlu,OTC,SanaPlus,Wholesale,12,8.97,GBP,0.15,107.64,91.49
TXN-GB-2-001485,2026-08-26 21:28:32,2026-08-26 21:32:32,GB,Legacy Oracle EBS,E,DER-002,Dermacare LiftCream,Aesthetic,Dermacare,Pharmacy/B2B,1,31.62,GBP,0.0,31.62,31.62
TXN-GB-2-001486,2026-08-26 13:22:18,2026-08-26 13:28:18,GB,Legacy Oracle EBS,E,DER-001,Dermacare GlowSerum,Aesthetic,Dermacare,E-commerce,7,27.35,GBP,0.15,191.45,162.73
TXN-GB-2-001487,2026-08-26 08:36:06,2026-08-26 08:39:06,GB,Legacy Oracle EBS,E,VIT-001,Vitalis C1000,Supplement,Vitalis,D2C,3,17.95,GBP,0.0,53.85,53.85
TXN-GB-2-001488,2026-08-26 13:05:28,2026-08-26 13:10:28,GB,Legacy Oracle EBS,E,VIT-001,Vitalis C1000,Supplement,Vitalis,Wholesale,1,17.95,GBP,0.0,17.95,17.95
TXN-GB-2-001489,2026-08-26 12:05:03,2026-08-26 12:07:03,GB,Legacy Oracle EBS,E,SAN-002,SanaPlus ColdFlu,OTC,SanaPlus,Pharmacy/B2B,4,8.97,GBP,0.05,35.88,34.09
TXN-GB-2-001490,2026-08-26 06:37:33,2026-08-26 06:41:33,GB,Legacy Oracle EBS,E,VIT-001,Vitalis C1000,Supplement,Vitalis,D2C,9,17.95,GBP,0.2,161.55,129.24
TXN-GB-2-001491,2026-08-26 14:40:20,2026-08-26 14:41:20,GB,Legacy Oracle EBS,E,PUR-001,PureLife GlucoMonitor,Medical Device,PureLife,E-commerce,2,72.65,GBP,0.0,145.3,145.3
TXN-GB-2-001492,2026-08-26 22:49:51,2026-08-26 22:52:51,GB,Legacy Oracle EBS,E,MED-001,Medora Cardio 10mg,Prescription,Medora,D2C,12,36.75,GBP,0.1,441.0,396.9
TXN-GB-2-001493,2026-08-26 17:00:42,2026-08-26 17:03:42,GB,Legacy Oracle EBS,E,VIT-001,Vitalis C1000,Supplement,Vitalis,Wholesale,2,17.95,GBP,0.0,35.9,35.9
TXN-GB-2-001494,2026-08-26 23:00:50,2026-08-26 23:03:50,GB,Legacy Oracle EBS,E,DER-002,Dermacare LiftCream,Aesthetic,Dermacare,Pharmacy/B2B,3,31.62,GBP,0.0,94.86,94.86
TXN-GB-2-001495,2026-08-26 13:40:16,2026-08-26 13:42:16,GB,Legacy Oracle EBS,E,DER-002,Dermacare LiftCream,Aesthetic,Dermacare,D2C,8,31.62,GBP,0.15,252.96,215.02
TXN-GB-2-001496,2026-08-26 06:58:29,2026-08-26 07:00:29,GB,Legacy Oracle EBS,E,VIT-001,Vitalis C1000,Supplement,Vitalis,Pharmacy/B2B,1,17.95,GBP,0.05,17.95,17.05
TXN-GB-2-001497,2026-08-26 03:27:53,2026-08-26 03:28:53,GB,Legacy Oracle EBS,E,PUR-002,PureLife BP Monitor,Medical Device,PureLife,E-commerce,7,76.92,GBP,0.1,538.44,484.6
TXN-GB-2-001498,2026-08-26 22:11:59,2026-08-26 22:14:59,GB,Legacy Oracle EBS,E,VIT-001,Vitalis C1000,Supplement,Vitalis,Wholesale,5,17.95,GBP,0.2,89.75,71.8
TXN-GB-2-001499,2026-08-26 19:38:48,2026-08-26 19:39:48,GB,Legacy Oracle EBS,E,VIT-001,Vitalis C1000,Supplement,Vitalis,E-commerce,4,17.95,GBP,0.15,71.8,61.03
TXN-GB-2-001500,2026-08-26 13:03:37,2026-08-26 13:05:37,GB,Legacy Oracle EBS,E,VIT-002,Vitalis Multivit,Supplement,Vitalis,D2C,9,14.53,GBP,0.15,130.77,111.15
TXN-GB-2-001501,2026-08-26 09:14:29,2026-08-26 09:20:29,GB,Legacy Oracle EBS,E,SAN-002,SanaPlus ColdFlu,OTC,SanaPlus,Wholesale,4,8.97,GBP,0.2,35.88,28.7
TXN-GB-2-001502,2026-08-26 20:20:05,2026-08-26 20:22:05,GB,Legacy Oracle EBS,E,PUR-001,PureLife GlucoMonitor,Medical Device,PureLife,D2C,7,72.65,GBP,0.0,508.55,508.55
TXN-GB-2-001503,2026-08-26 16:23:52,2026-08-26 16:26:52,GB,Legacy Oracle EBS,E,PUR-002,PureLife BP Monitor,Medical Device,PureLife,Pharmacy/B2B,7,76.92,GBP,0.15,538.44,457.67
TXN-GB-2-001504,2026-08-26 22:14:20,2026-08-26 22:19:20,GB,Legacy Oracle EBS,E,MED-002,Medora Derm Cream,Prescription,Medora,D2C,6,22.22,GBP,0.0,133.32,133.32
TXN-GB-2-001505,2026-08-26 15:51:39,2026-08-26 15:52:39,GB,Legacy Oracle EBS,E,VIT-002,Vitalis Multivit,Supplement,Vitalis,Wholesale,12,14.53,GBP,0.0,174.36,174.36
TXN-GB-2-001506,2026-08-26 11:19:03,2026-08-26 11:23:03,GB,Legacy Oracle EBS,E,SAN-002,SanaPlus ColdFlu,OTC,SanaPlus,Pharmacy/B2B,11,8.97,GBP,0.0,98.67,98.67
TXN-GB-2-001507,2026-08-26 10:34:09,2026-08-26 10:36:09,GB,Legacy Oracle EBS,E,SAN-001,SanaPlus PainRelief,OTC,SanaPlus,E-commerce,6,8.12,GBP,0.1,48.72,43.85
TXN-GB-2-001508,2026-08-26 09:27:29,2026-08-26 09:31:29,GB,Legacy Oracle EBS,E,SAN-002,SanaPlus ColdFlu,OTC,SanaPlus,E-commerce,4,8.97,GBP,0.0,35.88,35.88
TXN-GB-2-001509,2026-08-26 12:20:09,2026-08-26 12:24:09,GB,Legacy Oracle EBS,E,MED-002,Medora Derm Cream,Prescription,Medora,Wholesale,7,22.22,GBP,0.1,155.54,139.99
TXN-GB-2-001510,2026-08-26 13:06:44,2026-08-26 13:08:44,GB,Legacy Oracle EBS,E,PUR-001,PureLife GlucoMonitor,Medical Device,PureLife,D2C,10,72.65,GBP,0.1,726.5,653.85
TXN-GB-2-001511,2026-08-26 09:50:27,2026-08-26 09:51:27,GB,Legacy Oracle EBS,E,PUR-001,PureLife GlucoMonitor,Medical Device,PureLife,D2C,12,72.65,GBP,0.05,871.8,828.21
TXN-GB-2-001512,2026-08-26 16:54:58,2026-08-26 16:56:58,GB,Legacy Oracle EBS,E,DER-002,Dermacare LiftCream,Aesthetic,Dermacare,Wholesale,3,31.62,GBP,0.1,94.86,85.37
TXN-GB-2-001513,2026-08-26 00:53:03,2026-08-26 00:58:03,GB,Legacy Oracle EBS,E,VIT-001,Vitalis C1000,Supplement,Vitalis,Wholesale,8,17.95,GBP,0.15,143.6,122.06
TXN-GB-2-001514,2026-08-26 02:40:40,2026-08-26 02:43:40,GB,Legacy Oracle EBS,E,MED-001,Medora Cardio 10mg,Prescription,Medora,Pharmacy/B2B,11,36.75,GBP,0.0,404.25,404.25
TXN-GB-2-001515,2026-08-26 13:43:20,2026-08-26 13:46:20,GB,Legacy Oracle EBS,E,MED-001,Medora Cardio 10mg,Prescription,Medora,Wholesale,10,36.75,GBP,0.1,367.5,330.75
TXN-GB-2-001516,2026-08-26 03:38:45,2026-08-26 03:42:45,GB,Legacy Oracle EBS,E,VIT-002,Vitalis Multivit,Supplement,Vitalis,Wholesale,2,14.53,GBP,0.1,29.06,26.15
TXN-GB-2-001517,2026-08-26 19:06:52,2026-08-26 19:09:52,GB,Legacy Oracle EBS,E,DER-002,Dermacare LiftCream,Aesthetic,Dermacare,D2C,3,31.62,GBP,0.0,94.86,94.86
TXN-GB-2-001518,2026-08-26 13:14:04,2026-08-26 13:16:04,GB,Legacy Oracle EBS,E,MED-002,Medora Derm Cream,Prescription,Medora,Wholesale,5,22.22,GBP,0.0,111.1,111.1
TXN-GB-2-001519,2026-08-26 23:37:00,2026-08-26 23:38:00,GB,Legacy Oracle EBS,E,MED-002,Medora Derm Cream,Prescription,Medora,Pharmacy/B2B,12,22.22,GBP,0.1,266.64,239.98
TXN-GB-2-001520,2026-08-26 01:50:04,2026-08-26 01:55:04,GB,Legacy Oracle EBS,E,VIT-001,Vitalis C1000,Supplement,Vitalis,D2C,5,17.95,GBP,0.15,89.75,76.29
TXN-GB-2-001521,2026-08-26 20:27:38,2026-08-26 20:33:38,GB,Legacy Oracle EBS,E,SAN-002,SanaPlus ColdFlu,OTC,SanaPlus,E-commerce,2,8.97,GBP,0.15,17.94,15.25
TXN-GB-2-001522,2026-08-26 02:58:32,2026-08-26 03:04:32,GB,Legacy Oracle EBS,E,VIT-001,Vitalis C1000,Supplement,Vitalis,Pharmacy/B2B,12,17.95,GBP,0.0,215.4,215.4
TXN-GB-2-001523,2026-08-26 20:59:28,2026-08-26 21:02:28,GB,Legacy Oracle EBS,E,DER-001,Dermacare GlowSerum,Aesthetic,Dermacare,E-commerce,4,27.35,GBP,0.0,109.4,109.4
TXN-GB-2-001524,2026-08-26 20:27:48,2026-08-26 20:28:48,GB,Legacy Oracle EBS,E,DER-002,Dermacare LiftCream,Aesthetic,Dermacare,D2C,3,31.62,GBP,0.05,94.86,90.12
TXN-GB-2-001525,2026-08-26 15:17:46,2026-08-26 15:22:46,GB,Legacy Oracle EBS,E,MED-001,Medora Cardio 10mg,Prescription,Medora,Pharmacy/B2B,8,36.75,GBP,0.05,294.0,279.3
TXN-GB-2-001526,2026-08-26 00:56:47,2026-08-26 01:00:47,GB,Legacy Oracle EBS,E,PUR-002,PureLife BP Monitor,Medical Device,PureLife,Pharmacy/B2B,12,76.92,GBP,0.2,923.04,738.43
TXN-GB-2-001527,2026-08-26 12:00:11,2026-08-26 12:02:11,GB,Legacy Oracle EBS,E,VIT-002,Vitalis Multivit,Supplement,Vitalis,Wholesale,1,14.53,GBP,0.15,14.53,12.35
TXN-GB-2-001528,2026-08-26 04:29:51,2026-08-26 04:34:51,GB,Legacy Oracle EBS,E,VIT-002,Vitalis Multivit,Supplement,Vitalis,Wholesale,4,14.53,GBP,0.1,58.12,52.31
TXN-GB-2-001529,2026-08-26 22:13:18,2026-08-26 22:18:18,GB,Legacy Oracle EBS,E,DER-001,Dermacare GlowSerum,Aesthetic,Dermacare,D2C,2,27.35,GBP,0.0,54.7,54.7
TXN-GB-2-001530,2026-08-26 23:19:05,2026-08-26 23:21:05,GB,Legacy Oracle EBS,E,DER-001,Dermacare GlowSerum,Aesthetic,Dermacare,D2C,7,27.35,GBP,0.0,191.45,191.45
TXN-GB-2-001531,2026-08-26 20:41:43,2026-08-26 20:45:43,GB,Legacy Oracle EBS,E,PUR-002,PureLife BP Monitor,Medical Device,PureLife,Pharmacy/B2B,6,76.92,GBP,0.0,461.52,461.52
TXN-GB-2-001532,2026-08-26 12:24:05,2026-08-26 12:26:05,GB,Legacy Oracle EBS,E,MED-002,Medora Derm Cream,Prescription,Medora,Pharmacy/B2B,10,22.22,GBP,0.0,222.2,222.2
TXN-GB-2-001533,2026-08-26 14:24:06,2026-08-26 14:28:06,GB,Legacy Oracle EBS,E,MED-002,Medora Derm Cream,Prescription,Medora,E-commerce,6,22.22,GBP,0.1,133.32,119.99
TXN-GB-2-001534,2026-08-26 10:00:14,2026-08-26 10:01:14,GB,Legacy Oracle EBS,E,SAN-001,SanaPlus PainRelief,OTC,SanaPlus,Wholesale,7,8.12,GBP,0.2,56.84,45.47
TXN-GB-2-001535,2026-08-26 02:07:17,2026-08-26 02:12:17,GB,Legacy Oracle EBS,E,VIT-002,Vitalis Multivit,Supplement,Vitalis,Pharmacy/B2B,8,14.53,GBP,0.0,116.24,116.24
TXN-GB-2-001536,2026-08-26 12:00:29,2026-08-26 12:03:29,GB,Legacy Oracle EBS,E,DER-001,Dermacare GlowSerum,Aesthetic,Dermacare,Pharmacy/B2B,1,27.35,GBP,0.15,27.35,23.25
TXN-GB-2-001537,2026-08-26 17:45:38,2026-08-26 17:50:38,GB,Legacy Oracle EBS,E,DER-002,Dermacare LiftCream,Aesthetic,Dermacare,D2C,1,31.62,GBP,0.15,31.62,26.88
TXN-GB-2-001538,2026-08-26 17:09:20,2026-08-26 17:13:20,GB,Legacy Oracle EBS,E,PUR-001,PureLife GlucoMonitor,Medical Device,PureLife,D2C,7,72.65,GBP,0.0,508.55,508.55
TXN-GB-2-001539,2026-08-26 09:24:12,2026-08-26 09:29:12,GB,Legacy Oracle EBS,E,VIT-001,Vitalis C1000,Supplement,Vitalis,D2C,6,17.95,GBP,0.1,107.7,96.93
TXN-GB-2-001540,2026-08-26 08:24:14,2026-08-26 08:26:14,GB,Legacy Oracle EBS,E,SAN-001,SanaPlus PainRelief,OTC,SanaPlus,Wholesale,10,8.12,GBP,0.0,81.2,81.2
TXN-GB-2-001541,2026-08-26 11:13:31,2026-08-26 11:17:31,GB,Legacy Oracle EBS,E,PUR-001,PureLife GlucoMonitor,Medical Device,PureLife,Pharmacy/B2B,1,72.65,GBP,0.0,72.65,72.65
TXN-GB-2-001542,2026-08-26 06:26:54,2026-08-26 06:27:54,GB,Legacy Oracle EBS,E,PUR-002,PureLife BP Monitor,Medical Device,PureLife,Wholesale,7,76.92,GBP,0.0,538.44,538.44
TXN-GB-2-001543,2026-08-26 14:12:15,2026-08-26 14:15:15,GB,Legacy Oracle EBS,E,VIT-002,Vitalis Multivit,Supplement,Vitalis,Pharmacy/B2B,12,14.53,GBP,0.15,174.36,148.21
TXN-GB-2-001544,2026-08-26 18:07:12,2026-08-26 18:13:12,GB,Legacy Oracle EBS,E,SAN-002,SanaPlus ColdFlu,OTC,SanaPlus,D2C,10,8.97,GBP,0.05,89.7,85.22
TXN-GB-2-001545,2026-08-26 04:50:42,2026-08-26 04:56:42,GB,Legacy Oracle EBS,E,DER-002,Dermacare LiftCream,Aesthetic,Dermacare,D2C,3,31.62,GBP,0.2,94.86,75.89
TXN-GB-2-001546,2026-08-26 07:52:08,2026-08-26 07:54:08,GB,Legacy Oracle EBS,E,SAN-001,SanaPlus PainRelief,OTC,SanaPlus,Pharmacy/B2B,3,8.12,GBP,0.1,24.36,21.92
TXN-GB-2-001547,2026-08-26 08:45:29,2026-08-26 08:48:29,GB,Legacy Oracle EBS,E,VIT-002,Vitalis Multivit,Supplement,Vitalis,Wholesale,1,14.53,GBP,0.0,14.53,14.53
TXN-GB-2-001548,2026-08-26 16:47:40,2026-08-26 16:50:40,GB,Legacy Oracle EBS,E,VIT-001,Vitalis C1000,Supplement,Vitalis,Wholesale,10,17.95,GBP,0.2,179.5,143.6
TXN-GB-2-001549,2026-08-26 15:10:32,2026-08-26 15:15:32,GB,Legacy Oracle EBS,E,SAN-002,SanaPlus ColdFlu,OTC,SanaPlus,Wholesale,6,8.97,GBP,0.0,53.82,53.82
TXN-GB-2-001550,2026-08-26 21:44:24,2026-08-26 21:45:24,GB,Legacy Oracle EBS,E,DER-001,Dermacare GlowSerum,Aesthetic,Dermacare,Pharmacy/B2B,4,27.35,GBP,0.1,109.4,98.46
TXN-GB-2-001551,2026-08-26 09:34:17,2026-08-26 09:38:17,GB,Legacy Oracle EBS,E,PUR-001,PureLife GlucoMonitor,Medical Device,PureLife,E-commerce,4,72.65,GBP,0.0,290.6,290.6
TXN-GB-2-001552,2026-08-26 17:38:00,2026-08-26 17:42:00,GB,Legacy Oracle EBS,E,DER-001,Dermacare GlowSerum,Aesthetic,Dermacare,Pharmacy/B2B,7,27.35,GBP,0.0,191.45,191.45
TXN-GB-2-001553,2026-08-26 22:40:03,2026-08-26 22:45:03,GB,Legacy Oracle EBS,E,SAN-001,SanaPlus PainRelief,OTC,SanaPlus,Pharmacy/B2B,2,8.12,GBP,0.05,16.24,15.43
TXN-GB-2-001554,2026-08-26 05:31:17,2026-08-26 05:33:17,GB,Legacy Oracle EBS,E,SAN-002,SanaPlus ColdFlu,OTC,SanaPlus,Pharmacy/B2B,3,8.97,GBP,0.2,26.91,21.53
TXN-GB-2-001555,2026-08-26 11:49:55,2026-08-26 11:53:55,GB,Legacy Oracle EBS,E,SAN-001,SanaPlus PainRelief,OTC,SanaPlus,Pharmacy/B2B,6,8.12,GBP,0.2,48.72,38.98
TXN-GB-2-001556,2026-08-26 07:36:10,2026-08-26 07:38:10,GB,Legacy Oracle EBS,E,SAN-001,SanaPlus PainRelief,OTC,SanaPlus,Wholesale,11,8.12,GBP,0.0,89.32,89.32
TXN-GB-2-001557,2026-08-26 23:11:25,2026-08-26 23:15:25,GB,Legacy Oracle EBS,E,VIT-002,Vitalis Multivit,Supplement,Vitalis,Pharmacy/B2B,11,14.53,GBP,0.1,159.83,143.85
TXN-GB-2-001558,2026-08-26 00:12:17,2026-08-26 00:17:17,GB,Legacy Oracle EBS,E,SAN-002,SanaPlus ColdFlu,OTC,SanaPlus,D2C,5,8.97,GBP,0.0,44.85,44.85
TXN-GB-2-001559,2026-08-26 01:16:42,2026-08-26 01:20:42,GB,Legacy Oracle EBS,E,MED-001,Medora Cardio 10mg,Prescription,Medora,E-commerce,10,36.75,GBP,0.2,367.5,294.0
TXN-GB-2-001560,2026-08-26 22:45:55,2026-08-26 22:49:55,GB,Legacy Oracle EBS,E,MED-001,Medora Cardio 10mg,Prescription,Medora,Pharmacy/B2B,12,36.75,GBP,0.05,441.0,418.95
TXN-GB-2-001561,2026-08-26 19:56:29,2026-08-26 20:01:29,GB,Legacy Oracle EBS,E,SAN-001,SanaPlus PainRelief,OTC,SanaPlus,E-commerce,6,8.12,GBP,0.2,48.72,38.98
TXN-GB-2-001562,2026-08-26 00:14:20,2026-08-26 00:18:20,GB,Legacy Oracle EBS,E,MED-002,Medora Derm Cream,Prescription,Medora,Wholesale,8,22.22,GBP,0.0,177.76,177.76
TXN-GB-2-001563,2026-08-26 07:27:35,2026-08-26 07:32:35,GB,Legacy Oracle EBS,E,VIT-001,Vitalis C1000,Supplement,Vitalis,Pharmacy/B2B,8,17.95,GBP,0.0,143.6,143.6
TXN-GB-2-001564,2026-08-26 02:38:06,2026-08-26 02:39:06,GB,Legacy Oracle EBS,E,VIT-002,Vitalis Multivit,Supplement,Vitalis,D2C,9,14.53,GBP,0.2,130.77,104.62
TXN-GB-2-001565,2026-08-26 15:40:19,2026-08-26 15:43:19,GB,Legacy Oracle EBS,E,DER-002,Dermacare LiftCream,Aesthetic,Dermacare,Wholesale,12,31.62,GBP,0.1,379.44,341.5
TXN-GB-2-001566,2026-08-26 04:05:36,2026-08-26 04:06:36,GB,Legacy Oracle EBS,E,VIT-002,Vitalis Multivit,Supplement,Vitalis,E-commerce,1,14.53,GBP,0.0,14.53,14.53
TXN-GB-2-001567,2026-08-26 05:56:33,2026-08-26 05:59:33,GB,Legacy Oracle EBS,E,MED-001,Medora Cardio 10mg,Prescription,Medora,Pharmacy/B2B,8,36.75,GBP,0.0,294.0,294.0
TXN-GB-2-001568,2026-08-26 05:49:52,2026-08-26 05:54:52,GB,Legacy Oracle EBS,E,MED-002,Medora Derm Cream,Prescription,Medora,D2C,10,22.22,GBP,0.15,222.2,188.87
TXN-GB-2-001569,2026-08-26 22:52:35,2026-08-26 22:55:35,GB,Legacy Oracle EBS,E,SAN-001,SanaPlus PainRelief,OTC,SanaPlus,E-commerce,2,8.12,GBP,0.0,16.24,16.24
TXN-GB-2-001570,2026-08-26 09:27:46,2026-08-26 09:33:46,GB,Legacy Oracle EBS,E,DER-001,Dermacare GlowSerum,Aesthetic,Dermacare,Wholesale,5,27.35,GBP,0.0,136.75,136.75
TXN-GB-2-001571,2026-08-26 00:09:18,2026-08-26 00:14:18,GB,Legacy Oracle EBS,E,SAN-001,SanaPlus PainRelief,OTC,SanaPlus,Pharmacy/B2B,5,8.12,GBP,0.0,40.6,40.6
TXN-GB-2-001572,2026-08-26 16:19:51,2026-08-26 16:24:51,GB,Legacy Oracle EBS,E,MED-002,Medora Derm Cream,Prescription,Medora,D2C,2,22.22,GBP,0.0,44.44,44.44
TXN-GB-2-001573,2026-08-26 21:15:24,2026-08-26 21:18:24,GB,Legacy Oracle EBS,E,PUR-001,PureLife GlucoMonitor,Medical Device,PureLife,Wholesale,12,72.65,GBP,0.2,871.8,697.44
TXN-GB-2-001574,2026-08-26 08:09:47,2026-08-26 08:13:47,GB,Legacy Oracle EBS,E,MED-001,Medora Cardio 10mg,Prescription,Medora,Wholesale,12,36.75,GBP,0.2,441.0,352.8
TXN-GB-2-001575,2026-08-26 08:27:05,2026-08-26 08:30:05,GB,Legacy Oracle EBS,E,MED-001,Medora Cardio 10mg,Prescription,Medora,D2C,2,36.75,GBP,0.0,73.5,73.5
TXN-GB-2-001576,2026-08-26 01:19:34,2026-08-26 01:20:34,GB,Legacy Oracle EBS,E,SAN-002,SanaPlus ColdFlu,OTC,SanaPlus,Wholesale,3,8.97,GBP,0.0,26.91,26.91
TXN-GB-2-001577,2026-08-26 20:35:03,2026-08-26 20:38:03,GB,Legacy Oracle EBS,E,VIT-002,Vitalis Multivit,Supplement,Vitalis,E-commerce,8,14.53,GBP,0.1,116.24,104.62
TXN-GB-2-001578,2026-08-26 04:09:14,2026-08-26 04:14:14,GB,Legacy Oracle EBS,E,VIT-001,Vitalis C1000,Supplement,Vitalis,E-commerce,4,17.95,GBP,0.2,71.8,57.44
TXN-GB-2-001579,2026-08-26 04:29:25,2026-08-26 04:33:25,GB,Legacy Oracle EBS,E,DER-002,Dermacare LiftCream,Aesthetic,Dermacare,Pharmacy/B2B,7,31.62,GBP,0.0,221.34,221.34
TXN-GB-2-001580,2026-08-26 21:45:52,2026-08-26 21:50:52,GB,Legacy Oracle EBS,E,DER-001,Dermacare GlowSerum,Aesthetic,Dermacare,Pharmacy/B2B,11,27.35,GBP,0.05,300.85,285.81
TXN-GB-2-001581,2026-08-26 12:08:01,2026-08-26 12:11:01,GB,Legacy Oracle EBS,E,PUR-001,PureLife GlucoMonitor,Medical Device,PureLife,Pharmacy/B2B,5,72.65,GBP,0.0,363.25,363.25
TXN-GB-2-001582,2026-08-26 04:42:29,2026-08-26 04:48:29,GB,Legacy Oracle EBS,E,VIT-002,Vitalis Multivit,Supplement,Vitalis,E-commerce,6,14.53,GBP,0.2,87.18,69.74
TXN-GB-2-001583,2026-08-26 05:39:50,2026-08-26 05:45:50,GB,Legacy Oracle EBS,E,MED-002,Medora Derm Cream,Prescription,Medora,D2C,7,22.22,GBP,0.0,155.54,155.54
TXN-GB-2-001584,2026-08-26 05:07:27,2026-08-26 05:09:27,GB,Legacy Oracle EBS,E,VIT-001,Vitalis C1000,Supplement,Vitalis,D2C,8,17.95,GBP,0.0,143.6,143.6
TXN-GB-2-001585,2026-08-26 14:25:59,2026-08-26 14:30:59,GB,Legacy Oracle EBS,E,DER-002,Dermacare LiftCream,Aesthetic,Dermacare,E-commerce,8,31.62,GBP,0.0,252.96,252.96
TXN-GB-2-001586,2026-08-26 20:03:21,2026-08-26 20:06:21,GB,Legacy Oracle EBS,E,SAN-002,SanaPlus ColdFlu,OTC,SanaPlus,Pharmacy/B2B,4,8.97,GBP,0.05,35.88,34.09
TXN-GB-2-001587,2026-08-26 01:58:30,2026-08-26 02:00:30,GB,Legacy Oracle EBS,E,SAN-002,SanaPlus ColdFlu,OTC,SanaPlus,Wholesale,10,8.97,GBP,0.05,89.7,85.22
TXN-GB-2-001588,2026-08-26 19:44:21,2026-08-26 19:50:21,GB,Legacy Oracle EBS,E,MED-001,Medora Cardio 10mg,Prescription,Medora,Wholesale,9,36.75,GBP,0.15,330.75,281.14
TXN-GB-2-001589,2026-08-26 10:33:12,2026-08-26 10:34:12,GB,Legacy Oracle EBS,E,DER-002,Dermacare LiftCream,Aesthetic,Dermacare,Wholesale,8,31.62,GBP,0.1,252.96,227.66
TXN-GB-2-001590,2026-08-26 23:38:53,2026-08-26 23:40:53,GB,Legacy Oracle EBS,E,PUR-002,PureLife BP Monitor,Medical Device,PureLife,E-commerce,7,76.92,GBP,0.1,538.44,484.6
TXN-GB-2-001591,2026-08-26 08:00:58,2026-08-26 08:05:58,GB,Legacy Oracle EBS,E,SAN-001,SanaPlus PainRelief,OTC,SanaPlus,D2C,8,8.12,GBP,0.0,64.96,64.96
TXN-GB-2-001592,2026-08-26 01:05:09,2026-08-26 01:07:09,GB,Legacy Oracle EBS,E,MED-001,Medora Cardio 10mg,Prescription,Medora,E-commerce,6,36.75,GBP,0.0,220.5,220.5
TXN-GB-2-001593,2026-08-26 04:25:03,2026-08-26 04:26:03,GB,Legacy Oracle EBS,E,SAN-001,SanaPlus PainRelief,OTC,SanaPlus,Pharmacy/B2B,2,8.12,GBP,0.2,16.24,12.99
TXN-GB-2-001594,2026-08-26 09:26:35,2026-08-26 09:30:35,GB,Legacy Oracle EBS,E,PUR-001,PureLife GlucoMonitor,Medical Device,PureLife,Pharmacy/B2B,4,72.65,GBP,0.1,290.6,261.54
TXN-GB-2-001595,2026-08-26 21:23:18,2026-08-26 21:29:18,GB,Legacy Oracle EBS,E,VIT-002,Vitalis Multivit,Supplement,Vitalis,E-commerce,2,14.53,GBP,0.0,29.06,29.06
TXN-GB-2-001596,2026-08-26 19:03:48,2026-08-26 19:07:48,GB,Legacy Oracle EBS,E,VIT-002,Vitalis Multivit,Supplement,Vitalis,D2C,10,14.53,GBP,0.0,145.3,145.3
TXN-GB-2-001597,2026-08-26 07:50:05,2026-08-26 07:53:05,GB,Legacy Oracle EBS,E,VIT-001,Vitalis C1000,Supplement,Vitalis,D2C,10,17.95,GBP,0.0,179.5,179.5
TXN-GB-2-001598,2026-08-26 17:45:17,2026-08-26 17:51:17,GB,Legacy Oracle EBS,E,MED-002,Medora Derm Cream,Prescription,Medora,Pharmacy/B2B,5,22.22,GBP,0.0,111.1,111.1
TXN-GB-2-001599,2026-08-26 16:55:25,2026-08-26 16:59:25,GB,Legacy Oracle EBS,E,VIT-001,Vitalis C1000,Supplement,Vitalis,D2C,12,17.95,GBP,0.0,215.4,215.4
TXN-GB-2-001600,2026-08-26 00:14:00,2026-08-26 00:16:00,GB,Legacy Oracle EBS,E,MED-001,Medora Cardio 10mg,Prescription,Medora,Pharmacy/B2B,7,36.75,GBP,0.0,257.25,257.25
TXN-GB-2-001601,2026-08-26 01:31:27,2026-08-26 01:37:27,GB,Legacy Oracle EBS,E,SAN-001,SanaPlus PainRelief,OTC,SanaPlus,Pharmacy/B2B,4,8.12,GBP,0.1,32.48,29.23
TXN-GB-2-001602,2026-08-26 17:02:42,2026-08-26 17:08:42,GB,Legacy Oracle EBS,E,DER-001,Dermacare GlowSerum,Aesthetic,Dermacare,E-commerce,2,27.35,GBP,0.0,54.7,54.7
TXN-GB-2-001603,2026-08-26 19:14:04,2026-08-26 19:19:04,GB,Legacy Oracle EBS,E,MED-001,Medora Cardio 10mg,Prescription,Medora,Wholesale,10,36.75,GBP,0.0,367.5,367.5
TXN-GB-2-001604,2026-08-26 10:04:10,2026-08-26 10:06:10,GB,Legacy Oracle EBS,E,PUR-001,PureLife GlucoMonitor,Medical Device,PureLife,Pharmacy/B2B,2,72.65,GBP,0.0,145.3,145.3
TXN-GB-2-001605,2026-08-26 23:32:50,2026-08-26 23:37:50,GB,Legacy Oracle EBS,E,VIT-001,Vitalis C1000,Supplement,Vitalis,Pharmacy/B2B,10,17.95,GBP,0.1,179.5,161.55
TXN-GB-2-001606,2026-08-26 04:05:03,2026-08-26 04:07:03,GB,Legacy Oracle EBS,E,MED-001,Medora Cardio 10mg,Prescription,Medora,Wholesale,3,36.75,GBP,0.2,110.25,88.2
TXN-GB-2-001607,2026-08-26 09:14:21,2026-08-26 09:17:21,GB,Legacy Oracle EBS,E,MED-002,Medora Derm Cream,Prescription,Medora,D2C,1,22.22,GBP,0.0,22.22,22.22
TXN-GB-2-001608,2026-08-26 15:10:15,2026-08-26 15:14:15,GB,Legacy Oracle EBS,E,SAN-001,SanaPlus PainRelief,OTC,SanaPlus,Pharmacy/B2B,6,8.12,GBP,0.2,48.72,38.98
TXN-GB-2-001609,2026-08-26 00:39:59,2026-08-26 00:44:59,GB,Legacy Oracle EBS,E,PUR-002,PureLife BP Monitor,Medical Device,PureLife,D2C,8,76.92,GBP,0.15,615.36,523.06
TXN-GB-2-001610,2026-08-26 12:01:09,2026-08-26 12:05:09,GB,Legacy Oracle EBS,E,PUR-001,PureLife GlucoMonitor,Medical Device,PureLife,Pharmacy/B2B,2,72.65,GBP,0.15,145.3,123.51
TXN-GB-2-001611,2026-08-26 08:19:30,2026-08-26 08:22:30,GB,Legacy Oracle EBS,E,VIT-002,Vitalis Multivit,Supplement,Vitalis,Pharmacy/B2B,6,14.53,GBP,0.0,87.18,87.18
TXN-GB-2-001612,2026-08-26 06:41:45,2026-08-26 06:46:45,GB,Legacy Oracle EBS,E,VIT-002,Vitalis Multivit,Supplement,Vitalis,Pharmacy/B2B,5,14.53,GBP,0.1,72.65,65.39
TXN-GB-2-001613,2026-08-26 08:27:32,2026-08-26 08:32:32,GB,Legacy Oracle EBS,E,VIT-001,Vitalis C1000,Supplement,Vitalis,E-commerce,3,17.95,GBP,0.0,53.85,53.85
TXN-GB-2-001614,2026-08-26 13:21:47,2026-08-26 13:27:47,GB,Legacy Oracle EBS,E,PUR-002,PureLife BP Monitor,Medical Device,PureLife,Wholesale,4,76.92,GBP,0.0,307.68,307.68
TXN-GB-2-001615,2026-08-26 17:24:50,2026-08-26 17:26:50,GB,Legacy Oracle EBS,E,DER-001,Dermacare GlowSerum,Aesthetic,Dermacare,E-commerce,12,27.35,GBP,0.0,328.2,328.2
TXN-GB-2-001616,2026-08-26 16:11:21,2026-08-26 16:12:21,GB,Legacy Oracle EBS,E,PUR-002,PureLife BP Monitor,Medical Device,PureLife,E-commerce,10,76.92,GBP,0.0,769.2,769.2
TXN-GB-2-001617,2026-08-26 15:18:50,2026-08-26 15:21:50,GB,Legacy Oracle EBS,E,VIT-001,Vitalis C1000,Supplement,Vitalis,Wholesale,11,17.95,GBP,0.05,197.45,187.58
TXN-GB-2-001618,2026-08-26 07:15:09,2026-08-26 07:16:09,GB,Legacy Oracle EBS,E,PUR-001,PureLife GlucoMonitor,Medical Device,PureLife,Wholesale,12,72.65,GBP,0.0,871.8,871.8
TXN-GB-2-001619,2026-08-26 09:10:25,2026-08-26 09:11:25,GB,Legacy Oracle EBS,E,VIT-002,Vitalis Multivit,Supplement,Vitalis,Wholesale,5,14.53,GBP,0.1,72.65,65.39
TXN-GB-2-001620,2026-08-26 01:28:12,2026-08-26 01:29:12,GB,Legacy Oracle EBS,E,VIT-001,Vitalis C1000,Supplement,Vitalis,D2C,11,17.95,GBP,0.0,197.45,197.45
TXN-GB-2-001621,2026-08-26 00:20:06,2026-08-26 00:24:06,GB,Legacy Oracle EBS,E,SAN-001,SanaPlus PainRelief,OTC,SanaPlus,Wholesale,11,8.12,GBP,0.05,89.32,84.85
TXN-GB-2-001622,2026-08-26 15:22:54,2026-08-26 15:25:54,GB,Legacy Oracle EBS,E,MED-002,Medora Derm Cream,Prescription,Medora,Wholesale,3,22.22,GBP,0.05,66.66,63.33
TXN-GB-2-001623,2026-08-26 18:10:37,2026-08-26 18:16:37,GB,Legacy Oracle EBS,E,SAN-002,SanaPlus ColdFlu,OTC,SanaPlus,E-commerce,3,8.97,GBP,0.1,26.91,24.22
TXN-GB-2-001624,2026-08-26 04:06:43,2026-08-26 04:08:43,GB,Legacy Oracle EBS,E,VIT-002,Vitalis Multivit,Supplement,Vitalis,Wholesale,6,14.53,GBP,0.15,87.18,74.1
TXN-GB-2-001625,2026-08-26 12:05:23,2026-08-26 12:09:23,GB,Legacy Oracle EBS,E,SAN-001,SanaPlus PainRelief,OTC,SanaPlus,D2C,2,8.12,GBP,0.0,16.24,16.24
TXN-GB-2-001626,2026-08-26 21:21:27,2026-08-26 21:23:27,GB,Legacy Oracle EBS,E,MED-001,Medora Cardio 10mg,Prescription,Medora,Pharmacy/B2B,2,36.75,GBP,0.15,73.5,62.48
TXN-GB-2-001627,2026-08-26 13:24:07,2026-08-26 13:29:07,GB,Legacy Oracle EBS,E,MED-001,Medora Cardio 10mg,Prescription,Medora,E-commerce,9,36.75,GBP,0.0,330.75,330.75
TXN-GB-2-001628,2026-08-26 09:14:49,2026-08-26 09:15:49,GB,Legacy Oracle EBS,E,VIT-002,Vitalis Multivit,Supplement,Vitalis,Pharmacy/B2B,10,14.53,GBP,0.0,145.3,145.3
TXN-GB-2-001629,2026-08-26 05:01:45,2026-08-26 05:07:45,GB,Legacy Oracle EBS,E,PUR-001,PureLife GlucoMonitor,Medical Device,PureLife,E-commerce,5,72.65,GBP,0.0,363.25,363.25
TXN-GB-2-001630,2026-08-26 14:03:37,2026-08-26 14:06:37,GB,Legacy Oracle EBS,E,SAN-001,SanaPlus PainRelief,OTC,SanaPlus,D2C,7,8.12,GBP,0.05,56.84,54.0
TXN-GB-2-001631,2026-08-26 07:17:44,2026-08-26 07:18:44,GB,Legacy Oracle EBS,E,PUR-002,PureLife BP Monitor,Medical Device,PureLife,Pharmacy/B2B,7,76.92,GBP,0.05,538.44,511.52
TXN-GB-2-001632,2026-08-26 20:47:04,2026-08-26 20:50:04,GB,Legacy Oracle EBS,E,PUR-001,PureLife GlucoMonitor,Medical Device,PureLife,Pharmacy/B2B,12,72.65,GBP,0.0,871.8,871.8
TXN-GB-2-001633,2026-08-26 22:16:45,2026-08-26 22:19:45,GB,Legacy Oracle EBS,E,MED-001,Medora Cardio 10mg,Prescription,Medora,Wholesale,7,36.75,GBP,0.2,257.25,205.8
TXN-GB-2-001634,2026-08-26 10:58:24,2026-08-26 11:01:24,GB,Legacy Oracle EBS,E,DER-001,Dermacare GlowSerum,Aesthetic,Dermacare,D2C,2,27.35,GBP,0.0,54.7,54.7
TXN-GB-2-001635,2026-08-26 16:51:36,2026-08-26 16:52:36,GB,Legacy Oracle EBS,E,DER-002,Dermacare LiftCream,Aesthetic,Dermacare,E-commerce,12,31.62,GBP,0.0,379.44,379.44
TXN-GB-2-001636,2026-08-26 01:49:54,2026-08-26 01:50:54,GB,Legacy Oracle EBS,E,VIT-001,Vitalis C1000,Supplement,Vitalis,E-commerce,5,17.95,GBP,0.1,89.75,80.78
TXN-GB-2-001637,2026-08-26 23:57:39,2026-08-26 23:59:39,GB,Legacy Oracle EBS,E,PUR-001,PureLife GlucoMonitor,Medical Device,PureLife,D2C,5,72.65,GBP,0.0,363.25,363.25
TXN-GB-2-001638,2026-08-26 11:56:25,2026-08-26 11:57:25,GB,Legacy Oracle EBS,E,DER-002,Dermacare LiftCream,Aesthetic,Dermacare,D2C,11,31.62,GBP,0.2,347.82,278.26
TXN-GB-2-001639,2026-08-26 06:14:31,2026-08-26 06:19:31,GB,Legacy Oracle EBS,E,PUR-001,PureLife GlucoMonitor,Medical Device,PureLife,E-commerce,9,72.65,GBP,0.0,653.85,653.85
TXN-GB-2-001640,2026-08-26 07:08:41,2026-08-26 07:14:41,GB,Legacy Oracle EBS,E,DER-002,Dermacare LiftCream,Aesthetic,Dermacare,D2C,5,31.62,GBP,0.0,158.1,158.1
TXN-GB-2-001641,2026-08-26 01:54:23,2026-08-26 01:55:23,GB,Legacy Oracle EBS,E,MED-002,Medora Derm Cream,Prescription,Medora,Pharmacy/B2B,6,22.22,GBP,0.05,133.32,126.65
TXN-GB-2-001642,2026-08-26 19:18:47,2026-08-26 19:23:47,GB,Legacy Oracle EBS,E,DER-002,Dermacare LiftCream,Aesthetic,Dermacare,Wholesale,10,31.62,GBP,0.0,316.2,316.2
TXN-GB-2-001643,2026-08-26 08:09:47,2026-08-26 08:15:47,GB,Legacy Oracle EBS,E,DER-001,Dermacare GlowSerum,Aesthetic,Dermacare,D2C,10,27.35,GBP,0.05,273.5,259.82
TXN-GB-2-001644,2026-08-26 11:03:46,2026-08-26 11:06:46,GB,Legacy Oracle EBS,E,VIT-001,Vitalis C1000,Supplement,Vitalis,E-commerce,2,17.95,GBP,0.2,35.9,28.72
TXN-GB-2-001645,2026-08-26 14:39:54,2026-08-26 14:44:54,GB,Legacy Oracle EBS,E,DER-001,Dermacare GlowSerum,Aesthetic,Dermacare,E-commerce,12,27.35,GBP,0.1,328.2,295.38
TXN-GB-2-001646,2026-08-26 15:44:43,2026-08-26 15:49:43,GB,Legacy Oracle EBS,E,DER-002,Dermacare LiftCream,Aesthetic,Dermacare,Wholesale,10,31.62,GBP,0.0,316.2,316.2
TXN-GB-2-001647,2026-08-26 10:40:57,2026-08-26 10:45:57,GB,Legacy Oracle EBS,E,SAN-002,SanaPlus ColdFlu,OTC,SanaPlus,Wholesale,4,8.97,GBP,0.2,35.88,28.7
TXN-GB-2-001648,2026-08-26 13:08:17,2026-08-26 13:12:17,GB,Legacy Oracle EBS,E,VIT-001,Vitalis C1000,Supplement,Vitalis,E-commerce,11,17.95,GBP,0.0,197.45,197.45
TXN-GB-2-001649,2026-08-26 03:05:33,2026-08-26 03:08:33,GB,Legacy Oracle EBS,E,VIT-001,Vitalis C1000,Supplement,Vitalis,Wholesale,1,17.95,GBP,0.0,17.95,17.95
TXN-GB-2-001650,2026-08-26 16:39:49,2026-08-26 16:44:49,GB,Legacy Oracle EBS,E,SAN-001,SanaPlus PainRelief,OTC,SanaPlus,Pharmacy/B2B,6,8.12,GBP,0.05,48.72,46.28
TXN-GB-2-001651,2026-08-26 11:36:49,2026-08-26 11:41:49,GB,Legacy Oracle EBS,E,MED-002,Medora Derm Cream,Prescription,Medora,Pharmacy/B2B,1,22.22,GBP,0.0,22.22,22.22
TXN-GB-2-001652,2026-08-26 13:25:58,2026-08-26 13:28:58,GB,Legacy Oracle EBS,E,SAN-001,SanaPlus PainRelief,OTC,SanaPlus,Wholesale,6,8.12,GBP,0.0,48.72,48.72
TXN-GB-2-001653,2026-08-26 06:32:20,2026-08-26 06:35:20,GB,Legacy Oracle EBS,E,SAN-002,SanaPlus ColdFlu,OTC,SanaPlus,Wholesale,4,8.97,GBP,0.05,35.88,34.09
TXN-GB-2-001654,2026-08-26 20:45:21,2026-08-26 20:51:21,GB,Legacy Oracle EBS,E,PUR-001,PureLife GlucoMonitor,Medical Device,PureLife,D2C,9,72.65,GBP,0.2,653.85,523.08
TXN-GB-2-001655,2026-08-26 01:22:51,2026-08-26 01:28:51,GB,Legacy Oracle EBS,E,MED-001,Medora Cardio 10mg,Prescription,Medora,E-commerce,1,36.75,GBP,0.2,36.75,29.4
TXN-GB-2-001656,2026-08-26 08:06:35,2026-08-26 08:08:35,GB,Legacy Oracle EBS,E,PUR-001,PureLife GlucoMonitor,Medical Device,PureLife,Wholesale,11,72.65,GBP,0.2,799.15,639.32
TXN-GB-2-001657,2026-08-26 01:52:33,2026-08-26 01:56:33,GB,Legacy Oracle EBS,E,PUR-001,PureLife GlucoMonitor,Medical Device,PureLife,Wholesale,12,72.65,GBP,0.0,871.8,871.8
TXN-GB-2-001658,2026-08-26 17:25:36,2026-08-26 17:30:36,GB,Legacy Oracle EBS,E,VIT-002,Vitalis Multivit,Supplement,Vitalis,E-commerce,11,14.53,GBP,0.2,159.83,127.86
TXN-GB-2-001659,2026-08-26 04:50:45,2026-08-26 04:53:45,GB,Legacy Oracle EBS,E,MED-001,Medora Cardio 10mg,Prescription,Medora,Pharmacy/B2B,6,36.75,GBP,0.15,220.5,187.42
TXN-GB-2-001660,2026-08-26 13:08:06,2026-08-26 13:12:06,GB,Legacy Oracle EBS,E,VIT-002,Vitalis Multivit,Supplement,Vitalis,E-commerce,3,14.53,GBP,0.0,43.59,43.59
TXN-GB-2-001661,2026-08-26 06:42:29,2026-08-26 06:44:29,GB,Legacy Oracle EBS,E,VIT-001,Vitalis C1000,Supplement,Vitalis,Wholesale,1,17.95,GBP,0.0,17.95,17.95
TXN-GB-2-001662,2026-08-26 16:30:36,2026-08-26 16:33:36,GB,Legacy Oracle EBS,E,SAN-001,SanaPlus PainRelief,OTC,SanaPlus,E-commerce,7,8.12,GBP,0.1,56.84,51.16
TXN-GB-2-001663,2026-08-26 19:19:39,2026-08-26 19:24:39,GB,Legacy Oracle EBS,E,VIT-002,Vitalis Multivit,Supplement,Vitalis,E-commerce,1,14.53,GBP,0.1,14.53,13.08
TXN-GB-2-001664,2026-08-26 20:55:02,2026-08-26 21:01:02,GB,Legacy Oracle EBS,E,MED-002,Medora Derm Cream,Prescription,Medora,E-commerce,5,22.22,GBP,0.0,111.1,111.1
TXN-GB-2-001665,2026-08-26 07:34:59,2026-08-26 07:37:59,GB,Legacy Oracle EBS,E,PUR-001,PureLife GlucoMonitor,Medical Device,PureLife,E-commerce,11,72.65,GBP,0.1,799.15,719.24
TXN-GB-2-001666,2026-08-26 23:36:05,2026-08-26 23:37:05,GB,Legacy Oracle EBS,E,DER-001,Dermacare GlowSerum,Aesthetic,Dermacare,Pharmacy/B2B,12,27.35,GBP,0.1,328.2,295.38
TXN-GB-2-001667,2026-08-26 09:51:20,2026-08-26 09:54:20,GB,Legacy Oracle EBS,E,DER-001,Dermacare GlowSerum,Aesthetic,Dermacare,Wholesale,3,27.35,GBP,0.05,82.05,77.95
TXN-GB-2-001668,2026-08-26 18:36:19,2026-08-26 18:39:19,GB,Legacy Oracle EBS,E,DER-002,Dermacare LiftCream,Aesthetic,Dermacare,E-commerce,1,31.62,GBP,0.0,31.62,31.62
TXN-GB-2-001669,2026-08-26 07:38:45,2026-08-26 07:44:45,GB,Legacy Oracle EBS,E,PUR-002,PureLife BP Monitor,Medical Device,PureLife,D2C,9,76.92,GBP,0.0,692.28,692.28
TXN-GB-2-001670,2026-08-26 17:28:43,2026-08-26 17:34:43,GB,Legacy Oracle EBS,E,DER-002,Dermacare LiftCream,Aesthetic,Dermacare,Pharmacy/B2B,5,31.62,GBP,0.05,158.1,150.19
TXN-GB-2-001671,2026-08-26 17:08:27,2026-08-26 17:10:27,GB,Legacy Oracle EBS,E,VIT-002,Vitalis Multivit,Supplement,Vitalis,Pharmacy/B2B,10,14.53,GBP,0.0,145.3,145.3
TXN-GB-2-001672,2026-08-26 04:26:45,2026-08-26 04:28:45,GB,Legacy Oracle EBS,E,DER-002,Dermacare LiftCream,Aesthetic,Dermacare,Pharmacy/B2B,2,31.62,GBP,0.1,63.24,56.92
TXN-GB-2-001673,2026-08-26 07:43:56,2026-08-26 07:45:56,GB,Legacy Oracle EBS,E,DER-002,Dermacare LiftCream,Aesthetic,Dermacare,D2C,1,31.62,GBP,0.2,31.62,25.3
TXN-GB-2-001674,2026-08-26 07:03:00,2026-08-26 07:04:00,GB,Legacy Oracle EBS,E,DER-001,Dermacare GlowSerum,Aesthetic,Dermacare,D2C,11,27.35,GBP,0.2,300.85,240.68
TXN-GB-2-001675,2026-08-26 17:23:50,2026-08-26 17:26:50,GB,Legacy Oracle EBS,E,VIT-002,Vitalis Multivit,Supplement,Vitalis,D2C,2,14.53,GBP,0.1,29.06,26.15
TXN-GB-2-001676,2026-08-26 19:19:27,2026-08-26 19:20:27,GB,Legacy Oracle EBS,E,SAN-002,SanaPlus ColdFlu,OTC,SanaPlus,Wholesale,11,8.97,GBP,0.05,98.67,93.74
TXN-GB-2-001677,2026-08-26 13:30:51,2026-08-26 13:31:51,GB,Legacy Oracle EBS,E,SAN-002,SanaPlus ColdFlu,OTC,SanaPlus,Pharmacy/B2B,3,8.97,GBP,0.0,26.91,26.91
TXN-GB-2-001678,2026-08-26 18:37:39,2026-08-26 18:41:39,GB,Legacy Oracle EBS,E,SAN-001,SanaPlus PainRelief,OTC,SanaPlus,D2C,10,8.12,GBP,0.1,81.2,73.08
TXN-GB-2-001679,2026-08-26 05:03:17,2026-08-26 05:04:17,GB,Legacy Oracle EBS,E,PUR-002,PureLife BP Monitor,Medical Device,PureLife,D2C,2,76.92,GBP,0.0,153.84,153.84
TXN-GB-2-001680,2026-08-26 03:04:28,2026-08-26 03:08:28,GB,Legacy Oracle EBS,E,DER-001,Dermacare GlowSerum,Aesthetic,Dermacare,E-commerce,9,27.35,GBP,0.05,246.15,233.84
TXN-GB-2-001681,2026-08-26 03:13:04,2026-08-26 03:18:04,GB,Legacy Oracle EBS,E,PUR-002,PureLife BP Monitor,Medical Device,PureLife,Pharmacy/B2B,9,76.92,GBP,0.0,692.28,692.28
TXN-GB-2-001682,2026-08-26 10:57:46,2026-08-26 10:58:46,GB,Legacy Oracle EBS,E,VIT-002,Vitalis Multivit,Supplement,Vitalis,Pharmacy/B2B,4,14.53,GBP,0.0,58.12,58.12
TXN-GB-2-001683,2026-08-26 13:03:33,2026-08-26 13:05:33,GB,Legacy Oracle EBS,E,SAN-002,SanaPlus ColdFlu,OTC,SanaPlus,D2C,6,8.97,GBP,0.1,53.82,48.44
TXN-GB-2-001684,2026-08-26 21:58:43,2026-08-26 22:04:43,GB,Legacy Oracle EBS,E,SAN-002,SanaPlus ColdFlu,OTC,SanaPlus,E-commerce,10,8.97,GBP,0.05,89.7,85.22
TXN-GB-2-001685,2026-08-26 06:35:30,2026-08-26 06:36:30,GB,Legacy Oracle EBS,E,SAN-002,SanaPlus ColdFlu,OTC,SanaPlus,Wholesale,1,8.97,GBP,0.0,8.97,8.97
TXN-GB-2-001686,2026-08-26 23:09:11,2026-08-26 23:13:11,GB,Legacy Oracle EBS,E,SAN-001,SanaPlus PainRelief,OTC,SanaPlus,E-commerce,1,8.12,GBP,0.1,8.12,7.31
TXN-GB-2-001687,2026-08-26 06:18:56,2026-08-26 06:20:56,GB,Legacy Oracle EBS,E,SAN-002,SanaPlus ColdFlu,OTC,SanaPlus,Wholesale,4,8.97,GBP,0.1,35.88,32.29
TXN-GB-2-001688,2026-08-26 15:05:40,2026-08-26 15:09:40,GB,Legacy Oracle EBS,E,MED-001,Medora Cardio 10mg,Prescription,Medora,Wholesale,2,36.75,GBP,0.0,73.5,73.5
TXN-GB-2-001689,2026-08-26 14:10:07,2026-08-26 14:16:07,GB,Legacy Oracle EBS,E,MED-001,Medora Cardio 10mg,Prescription,Medora,Pharmacy/B2B,12,36.75,GBP,0.2,441.0,352.8
TXN-GB-2-001690,2026-08-26 03:06:35,2026-08-26 03:12:35,GB,Legacy Oracle EBS,E,VIT-002,Vitalis Multivit,Supplement,Vitalis,Pharmacy/B2B,4,14.53,GBP,0.0,58.12,58.12
TXN-GB-2-001691,2026-08-26 05:54:21,2026-08-26 05:56:21,GB,Legacy Oracle EBS,E,VIT-001,Vitalis C1000,Supplement,Vitalis,E-commerce,6,17.95,GBP,0.15,107.7,91.55
TXN-GB-2-001692,2026-08-26 11:05:49,2026-08-26 11:07:49,GB,Legacy Oracle EBS,E,VIT-002,Vitalis Multivit,Supplement,Vitalis,Wholesale,12,14.53,GBP,0.0,174.36,174.36
TXN-GB-2-001693,2026-08-26 11:36:03,2026-08-26 11:38:03,GB,Legacy Oracle EBS,E,DER-001,Dermacare GlowSerum,Aesthetic,Dermacare,D2C,7,27.35,GBP,0.0,191.45,191.45
TXN-GB-2-001694,2026-08-26 05:00:23,2026-08-26 05:04:23,GB,Legacy Oracle EBS,E,DER-002,Dermacare LiftCream,Aesthetic,Dermacare,D2C,2,31.62,GBP,0.2,63.24,50.59
TXN-GB-2-001695,2026-08-26 06:16:09,2026-08-26 06:17:09,GB,Legacy Oracle EBS,E,DER-001,Dermacare GlowSerum,Aesthetic,Dermacare,E-commerce,9,27.35,GBP,0.0,246.15,246.15
TXN-GB-2-001696,2026-08-26 09:08:05,2026-08-26 09:11:05,GB,Legacy Oracle EBS,E,PUR-002,PureLife BP Monitor,Medical Device,PureLife,Wholesale,3,76.92,GBP,0.0,230.76,230.76
TXN-GB-2-001697,2026-08-26 08:15:37,2026-08-26 08:20:37,GB,Legacy Oracle EBS,E,DER-002,Dermacare LiftCream,Aesthetic,Dermacare,E-commerce,5,31.62,GBP,0.15,158.1,134.38
TXN-GB-2-001698,2026-08-26 19:34:03,2026-08-26 19:37:03,GB,Legacy Oracle EBS,E,VIT-002,Vitalis Multivit,Supplement,Vitalis,Wholesale,12,14.53,GBP,0.15,174.36,148.21
TXN-GB-2-001699,2026-08-26 01:47:58,2026-08-26 01:52:58,GB,Legacy Oracle EBS,E,PUR-002,PureLife BP Monitor,Medical Device,PureLife,Wholesale,12,76.92,GBP,0.0,923.04,923.04
TXN-GB-2-001700,2026-08-26 16:41:53,2026-08-26 16:46:53,GB,Legacy Oracle EBS,E,VIT-002,Vitalis Multivit,Supplement,Vitalis,Pharmacy/B2B,1,14.53,GBP,0.0,14.53,14.53
TXN-GB-2-001701,2026-08-26 03:28:59,2026-08-26 03:31:59,GB,Legacy Oracle EBS,E,MED-001,Medora Cardio 10mg,Prescription,Medora,Wholesale,2,36.75,GBP,0.15,73.5,62.48
TXN-GB-2-001702,2026-08-26 02:10:32,2026-08-26 02:15:32,GB,Legacy Oracle EBS,E,MED-002,Medora Derm Cream,Prescription,Medora,Wholesale,6,22.22,GBP,0.0,133.32,133.32
TXN-GB-2-001703,2026-08-26 12:25:48,2026-08-26 12:30:48,GB,Legacy Oracle EBS,E,PUR-001,PureLife GlucoMonitor,Medical Device,PureLife,D2C,12,72.65,GBP,0.15,871.8,741.03
TXN-GB-2-001704,2026-08-26 02:17:41,2026-08-26 02:20:41,GB,Legacy Oracle EBS,E,VIT-002,Vitalis Multivit,Supplement,Vitalis,E-commerce,1,14.53,GBP,0.15,14.53,12.35
TXN-GB-2-001705,2026-08-26 22:27:57,2026-08-26 22:29:57,GB,Legacy Oracle EBS,E,PUR-001,PureLife GlucoMonitor,Medical Device,PureLife,E-commerce,11,72.65,GBP,0.0,799.15,799.15
TXN-GB-2-001706,2026-08-26 08:39:02,2026-08-26 08:42:02,GB,Legacy Oracle EBS,E,VIT-001,Vitalis C1000,Supplement,Vitalis,D2C,11,17.95,GBP,0.1,197.45,177.7
TXN-GB-2-001707,2026-08-26 12:04:11,2026-08-26 12:05:11,GB,Legacy Oracle EBS,E,MED-002,Medora Derm Cream,Prescription,Medora,D2C,3,22.22,GBP,0.15,66.66,56.66
TXN-GB-2-001708,2026-08-26 19:23:09,2026-08-26 19:24:09,GB,Legacy Oracle EBS,E,MED-001,Medora Cardio 10mg,Prescription,Medora,Wholesale,5,36.75,GBP,0.2,183.75,147.0
TXN-GB-2-001709,2026-08-26 19:11:43,2026-08-26 19:15:43,GB,Legacy Oracle EBS,E,MED-002,Medora Derm Cream,Prescription,Medora,D2C,8,22.22,GBP,0.15,177.76,151.1
TXN-GB-2-001710,2026-08-26 16:37:37,2026-08-26 16:42:37,GB,Legacy Oracle EBS,E,PUR-002,PureLife BP Monitor,Medical Device,PureLife,E-commerce,11,76.92,GBP,0.0,846.12,846.12
TXN-GB-2-001711,2026-08-26 09:45:36,2026-08-26 09:49:36,GB,Legacy Oracle EBS,E,PUR-002,PureLife BP Monitor,Medical Device,PureLife,Wholesale,12,76.92,GBP,0.0,923.04,923.04
TXN-GB-2-001712,2026-08-26 22:01:50,2026-08-26 22:03:50,GB,Legacy Oracle EBS,E,PUR-001,PureLife GlucoMonitor,Medical Device,PureLife,Wholesale,4,72.65,GBP,0.2,290.6,232.48
TXN-GB-2-001713,2026-08-26 19:13:44,2026-08-26 19:18:44,GB,Legacy Oracle EBS,E,PUR-002,PureLife BP Monitor,Medical Device,PureLife,Wholesale,9,76.92,GBP,0.0,692.28,692.28
TXN-GB-2-001714,2026-08-26 03:45:42,2026-08-26 03:47:42,GB,Legacy Oracle EBS,E,DER-001,Dermacare GlowSerum,Aesthetic,Dermacare,Wholesale,10,27.35,GBP,0.15,273.5,232.47
TXN-GB-2-001715,2026-08-26 22:19:00,2026-08-26 22:21:00,GB,Legacy Oracle EBS,E,MED-001,Medora Cardio 10mg,Prescription,Medora,Pharmacy/B2B,6,36.75,GBP,0.0,220.5,220.5
TXN-GB-2-001716,2026-08-26 16:14:26,2026-08-26 16:18:26,GB,Legacy Oracle EBS,E,SAN-001,SanaPlus PainRelief,OTC,SanaPlus,E-commerce,12,8.12,GBP,0.0,97.44,97.44
TXN-GB-2-001717,2026-08-26 22:30:16,2026-08-26 22:33:16,GB,Legacy Oracle EBS,E,SAN-001,SanaPlus PainRelief,OTC,SanaPlus,E-commerce,12,8.12,GBP,0.1,97.44,87.7
TXN-GB-2-001718,2026-08-26 06:29:32,2026-08-26 06:34:32,GB,Legacy Oracle EBS,E,MED-002,Medora Derm Cream,Prescription,Medora,E-commerce,3,22.22,GBP,0.0,66.66,66.66
TXN-GB-2-001719,2026-08-26 13:14:05,2026-08-26 13:15:05,GB,Legacy Oracle EBS,E,VIT-001,Vitalis C1000,Supplement,Vitalis,Wholesale,7,17.95,GBP,0.2,125.65,100.52
TXN-GB-2-001720,2026-08-26 21:37:42,2026-08-26 21:38:42,GB,Legacy Oracle EBS,E,DER-002,Dermacare LiftCream,Aesthetic,Dermacare,E-commerce,8,31.62,GBP,0.0,252.96,252.96
TXN-GB-2-001721,2026-08-26 22:03:03,2026-08-26 22:07:03,GB,Legacy Oracle EBS,E,VIT-001,Vitalis C1000,Supplement,Vitalis,Pharmacy/B2B,4,17.95,GBP,0.05,71.8,68.21
TXN-GB-2-001722,2026-08-26 22:25:03,2026-08-26 22:31:03,GB,Legacy Oracle EBS,E,MED-001,Medora Cardio 10mg,Prescription,Medora,Wholesale,7,36.75,GBP,0.0,257.25,257.25
TXN-GB-2-001723,2026-08-26 06:07:50,2026-08-26 06:09:50,GB,Legacy Oracle EBS,E,PUR-002,PureLife BP Monitor,Medical Device,PureLife,Wholesale,4,76.92,GBP,0.0,307.68,307.68
TXN-GB-2-001724,2026-08-26 14:56:35,2026-08-26 14:59:35,GB,Legacy Oracle EBS,E,MED-001,Medora Cardio 10mg,Prescription,Medora,Pharmacy/B2B,12,36.75,GBP,0.0,441.0,441.0
TXN-GB-2-001725,2026-08-26 10:00:52,2026-08-26 10:01:52,GB,Legacy Oracle EBS,E,SAN-001,SanaPlus PainRelief,OTC,SanaPlus,Pharmacy/B2B,12,8.12,GBP,0.15,97.44,82.82
TXN-GB-2-001726,2026-08-26 07:36:17,2026-08-26 07:39:17,GB,Legacy Oracle EBS,E,MED-002,Medora Derm Cream,Prescription,Medora,Wholesale,7,22.22,GBP,0.0,155.54,155.54
TXN-GB-2-001727,2026-08-26 22:27:41,2026-08-26 22:31:41,GB,Legacy Oracle EBS,E,MED-002,Medora Derm Cream,Prescription,Medora,E-commerce,8,22.22,GBP,0.05,177.76,168.87
TXN-GB-2-001728,2026-08-26 17:29:18,2026-08-26 17:34:18,GB,Legacy Oracle EBS,E,VIT-002,Vitalis Multivit,Supplement,Vitalis,Wholesale,5,14.53,GBP,0.0,72.65,72.65
TXN-GB-2-001729,2026-08-26 09:31:49,2026-08-26 09:35:49,GB,Legacy Oracle EBS,E,MED-001,Medora Cardio 10mg,Prescription,Medora,D2C,3,36.75,GBP,0.0,110.25,110.25
TXN-GB-2-001730,2026-08-26 19:47:34,2026-08-26 19:51:34,GB,Legacy Oracle EBS,E,DER-001,Dermacare GlowSerum,Aesthetic,Dermacare,D2C,8,27.35,GBP,0.15,218.8,185.98
TXN-GB-2-001731,2026-08-26 19:20:19,2026-08-26 19:24:19,GB,Legacy Oracle EBS,E,VIT-002,Vitalis Multivit,Supplement,Vitalis,D2C,12,14.53,GBP,0.1,174.36,156.92
TXN-GB-2-001732,2026-08-26 09:45:36,2026-08-26 09:47:36,GB,Legacy Oracle EBS,E,MED-001,Medora Cardio 10mg,Prescription,Medora,Pharmacy/B2B,3,36.75,GBP,0.0,110.25,110.25
TXN-GB-2-001733,2026-08-26 14:06:48,2026-08-26 14:11:48,GB,Legacy Oracle EBS,E,SAN-001,SanaPlus PainRelief,OTC,SanaPlus,Pharmacy/B2B,6,8.12,GBP,0.0,48.72,48.72
TXN-GB-2-001734,2026-08-26 23:57:29,2026-08-27 00:00:29,GB,Legacy Oracle EBS,E,SAN-001,SanaPlus PainRelief,OTC,SanaPlus,E-commerce,2,8.12,GBP,0.1,16.24,14.62
TXN-GB-2-001735,2026-08-26 17:09:03,2026-08-26 17:10:03,GB,Legacy Oracle EBS,E,SAN-002,SanaPlus ColdFlu,OTC,SanaPlus,Pharmacy/B2B,10,8.97,GBP,0.1,89.7,80.73
TXN-GB-2-001736,2026-08-26 05:54:10,2026-08-26 05:56:10,GB,Legacy Oracle EBS,E,MED-002,Medora Derm Cream,Prescription,Medora,Wholesale,3,22.22,GBP,0.15,66.66,56.66
TXN-GB-2-001737,2026-08-26 13:38:42,2026-08-26 13:43:42,GB,Legacy Oracle EBS,E,VIT-002,Vitalis Multivit,Supplement,Vitalis,E-commerce,3,14.53,GBP,0.0,43.59,43.59
TXN-GB-2-001738,2026-08-26 00:19:01,2026-08-26 00:25:01,GB,Legacy Oracle EBS,E,PUR-001,PureLife GlucoMonitor,Medical Device,PureLife,D2C,11,72.65,GBP,0.0,799.15,799.15
TXN-GB-2-001739,2026-08-26 23:36:50,2026-08-26 23:40:50,GB,Legacy Oracle EBS,E,SAN-001,SanaPlus PainRelief,OTC,SanaPlus,E-commerce,9,8.12,GBP,0.0,73.08,73.08
TXN-GB-2-001740,2026-08-26 09:38:52,2026-08-26 09:39:52,GB,Legacy Oracle EBS,E,DER-001,Dermacare GlowSerum,Aesthetic,Dermacare,E-commerce,4,27.35,GBP,0.2,109.4,87.52
TXN-GB-2-001741,2026-08-26 05:17:52,2026-08-26 05:20:52,GB,Legacy Oracle EBS,E,VIT-001,Vitalis C1000,Supplement,Vitalis,Wholesale,5,17.95,GBP,0.0,89.75,89.75
TXN-GB-2-001742,2026-08-26 00:56:09,2026-08-26 00:58:09,GB,Legacy Oracle EBS,E,PUR-002,PureLife BP Monitor,Medical Device,PureLife,Pharmacy/B2B,4,76.92,GBP,0.0,307.68,307.68
TXN-GB-2-001743,2026-08-26 04:57:05,2026-08-26 04:59:05,GB,Legacy Oracle EBS,E,DER-002,Dermacare LiftCream,Aesthetic,Dermacare,Wholesale,1,31.62,GBP,0.2,31.62,25.3
TXN-GB-2-001744,2026-08-26 07:32:11,2026-08-26 07:37:11,GB,Legacy Oracle EBS,E,VIT-001,Vitalis C1000,Supplement,Vitalis,Pharmacy/B2B,10,17.95,GBP,0.0,179.5,179.5
TXN-GB-2-001745,2026-08-26 14:57:19,2026-08-26 15:00:19,GB,Legacy Oracle EBS,E,PUR-001,PureLife GlucoMonitor,Medical Device,PureLife,Pharmacy/B2B,7,72.65,GBP,0.0,508.55,508.55
TXN-GB-2-001746,2026-08-26 07:46:02,2026-08-26 07:52:02,GB,Legacy Oracle EBS,E,PUR-001,PureLife GlucoMonitor,Medical Device,PureLife,D2C,6,72.65,GBP,0.15,435.9,370.51
TXN-GB-2-001747,2026-08-26 02:17:45,2026-08-26 02:19:45,GB,Legacy Oracle EBS,E,PUR-002,PureLife BP Monitor,Medical Device,PureLife,Wholesale,7,76.92,GBP,0.15,538.44,457.67
TXN-GB-2-001748,2026-08-26 08:35:37,2026-08-26 08:36:37,GB,Legacy Oracle EBS,E,PUR-001,PureLife GlucoMonitor,Medical Device,PureLife,Pharmacy/B2B,6,72.65,GBP,0.1,435.9,392.31
TXN-GB-2-001749,2026-08-26 08:54:36,2026-08-26 08:55:36,GB,Legacy Oracle EBS,E,PUR-002,PureLife BP Monitor,Medical Device,PureLife,Wholesale,7,76.92,GBP,0.1,538.44,484.6
TXN-GB-2-001750,2026-08-26 01:03:13,2026-08-26 01:09:13,GB,Legacy Oracle EBS,E,SAN-001,SanaPlus PainRelief,OTC,SanaPlus,Wholesale,4,8.12,GBP,0.2,32.48,25.98
TXN-GB-2-001751,2026-08-26 11:30:20,2026-08-26 11:31:20,GB,Legacy Oracle EBS,E,DER-002,Dermacare LiftCream,Aesthetic,Dermacare,Wholesale,4,31.62,GBP,0.15,126.48,107.51
TXN-GB-2-001752,2026-08-26 03:58:46,2026-08-26 04:03:46,GB,Legacy Oracle EBS,E,PUR-001,PureLife GlucoMonitor,Medical Device,PureLife,D2C,10,72.65,GBP,0.0,726.5,726.5
TXN-GB-2-001753,2026-08-26 17:02:06,2026-08-26 17:06:06,GB,Legacy Oracle EBS,E,SAN-002,SanaPlus ColdFlu,OTC,SanaPlus,E-commerce,4,8.97,GBP,0.0,35.88,35.88
TXN-GB-2-001754,2026-08-26 21:39:55,2026-08-26 21:45:55,GB,Legacy Oracle EBS,E,SAN-001,SanaPlus PainRelief,OTC,SanaPlus,Pharmacy/B2B,10,8.12,GBP,0.2,81.2,64.96
TXN-GB-2-001755,2026-08-26 11:28:21,2026-08-26 11:34:21,GB,Legacy Oracle EBS,E,VIT-002,Vitalis Multivit,Supplement,Vitalis,E-commerce,3,14.53,GBP,0.15,43.59,37.05
TXN-GB-2-001756,2026-08-26 09:40:41,2026-08-26 09:46:41,GB,Legacy Oracle EBS,E,VIT-002,Vitalis Multivit,Supplement,Vitalis,E-commerce,12,14.53,GBP,0.0,174.36,174.36
TXN-GB-2-001757,2026-08-26 00:41:45,2026-08-26 00:45:45,GB,Legacy Oracle EBS,E,PUR-002,PureLife BP Monitor,Medical Device,PureLife,D2C,5,76.92,GBP,0.0,384.6,384.6
TXN-GB-2-001758,2026-08-26 07:56:24,2026-08-26 08:02:24,GB,Legacy Oracle EBS,E,PUR-001,PureLife GlucoMonitor,Medical Device,PureLife,Pharmacy/B2B,3,72.65,GBP,0.0,217.95,217.95
TXN-GB-2-001759,2026-08-26 09:40:35,2026-08-26 09:44:35,GB,Legacy Oracle EBS,E,MED-002,Medora Derm Cream,Prescription,Medora,E-commerce,8,22.22,GBP,0.1,177.76,159.98
TXN-GB-2-001760,2026-08-26 00:10:26,2026-08-26 00:14:26,GB,Legacy Oracle EBS,E,DER-001,Dermacare GlowSerum,Aesthetic,Dermacare,D2C,5,27.35,GBP,0.1,136.75,123.08
TXN-GB-2-001761,2026-08-26 13:17:14,2026-08-26 13:23:14,GB,Legacy Oracle EBS,E,DER-001,Dermacare GlowSerum,Aesthetic,Dermacare,Wholesale,9,27.35,GBP,0.15,246.15,209.23
TXN-GB-2-001762,2026-08-26 13:43:12,2026-08-26 13:48:12,GB,Legacy Oracle EBS,E,PUR-002,PureLife BP Monitor,Medical Device,PureLife,E-commerce,7,76.92,GBP,0.15,538.44,457.67
TXN-GB-2-001763,2026-08-26 18:12:51,2026-08-26 18:15:51,GB,Legacy Oracle EBS,E,SAN-002,SanaPlus ColdFlu,OTC,SanaPlus,Pharmacy/B2B,3,8.97,GBP,0.05,26.91,25.56
TXN-GB-2-001764,2026-08-26 01:55:19,2026-08-26 02:01:19,GB,Legacy Oracle EBS,E,MED-002,Medora Derm Cream,Prescription,Medora,Pharmacy/B2B,9,22.22,GBP,0.15,199.98,169.98
TXN-GB-2-001765,2026-08-26 07:25:09,2026-08-26 07:29:09,GB,Legacy Oracle EBS,E,MED-001,Medora Cardio 10mg,Prescription,Medora,Wholesale,4,36.75,GBP,0.2,147.0,117.6
TXN-GB-2-001766,2026-08-26 18:05:16,2026-08-26 18:06:16,GB,Legacy Oracle EBS,E,SAN-002,SanaPlus ColdFlu,OTC,SanaPlus,D2C,5,8.97,GBP,0.0,44.85,44.85
TXN-GB-2-001767,2026-08-26 14:54:39,2026-08-26 15:00:39,GB,Legacy Oracle EBS,E,SAN-002,SanaPlus ColdFlu,OTC,SanaPlus,Pharmacy/B2B,6,8.97,GBP,0.0,53.82,53.82
TXN-GB-2-001768,2026-08-26 22:45:20,2026-08-26 22:46:20,GB,Legacy Oracle EBS,E,SAN-001,SanaPlus PainRelief,OTC,SanaPlus,E-commerce,4,8.12,GBP,0.15,32.48,27.61
TXN-GB-2-001769,2026-08-26 19:35:29,2026-08-26 19:39:29,GB,Legacy Oracle EBS,E,MED-002,Medora Derm Cream,Prescription,Medora,D2C,6,22.22,GBP,0.0,133.32,133.32
TXN-GB-2-001770,2026-08-26 22:07:51,2026-08-26 22:10:51,GB,Legacy Oracle EBS,E,MED-002,Medora Derm Cream,Prescription,Medora,E-commerce,11,22.22,GBP,0.15,244.42,207.76
TXN-GB-2-001771,2026-08-26 20:12:26,2026-08-26 20:14:26,GB,Legacy Oracle EBS,E,VIT-001,Vitalis C1000,Supplement,Vitalis,D2C,9,17.95,GBP,0.0,161.55,161.55
TXN-GB-2-001772,2026-08-26 09:43:51,2026-08-26 09:49:51,GB,Legacy Oracle EBS,E,MED-001,Medora Cardio 10mg,Prescription,Medora,Pharmacy/B2B,11,36.75,GBP,0.0,404.25,404.25
TXN-GB-2-001773,2026-08-26 03:58:16,2026-08-26 04:04:16,GB,Legacy Oracle EBS,E,MED-002,Medora Derm Cream,Prescription,Medora,Pharmacy/B2B,6,22.22,GBP,0.0,133.32,133.32
TXN-GB-2-001774,2026-08-26 11:01:19,2026-08-26 11:07:19,GB,Legacy Oracle EBS,E,SAN-001,SanaPlus PainRelief,OTC,SanaPlus,E-commerce,11,8.12,GBP,0.1,89.32,80.39
TXN-GB-2-001775,2026-08-26 03:42:17,2026-08-26 03:46:17,GB,Legacy Oracle EBS,E,SAN-001,SanaPlus PainRelief,OTC,SanaPlus,D2C,9,8.12,GBP,0.15,73.08,62.12
TXN-GB-2-001776,2026-08-26 01:16:21,2026-08-26 01:22:21,GB,Legacy Oracle EBS,E,PUR-001,PureLife GlucoMonitor,Medical Device,PureLife,Pharmacy/B2B,1,72.65,GBP,0.15,72.65,61.75
TXN-GB-2-001777,2026-08-26 14:27:06,2026-08-26 14:33:06,GB,Legacy Oracle EBS,E,VIT-002,Vitalis Multivit,Supplement,Vitalis,D2C,6,14.53,GBP,0.0,87.18,87.18
TXN-GB-2-001778,2026-08-26 21:04:46,2026-08-26 21:08:46,GB,Legacy Oracle EBS,E,VIT-001,Vitalis C1000,Supplement,Vitalis,Wholesale,4,17.95,GBP,0.0,71.8,71.8
TXN-GB-2-001779,2026-08-26 09:55:49,2026-08-26 09:58:49,GB,Legacy Oracle EBS,E,SAN-002,SanaPlus ColdFlu,OTC,SanaPlus,Wholesale,6,8.97,GBP,0.2,53.82,43.06
