transaction_id,order_datetime_utc,ingested_at_utc,country,source_system,source_scenario,product_code,product_name,product_category,brand,sales_channel,quantity,unit_price,currency,discount_pct,gross_amount,net_amount
TXN-CH-2-000001,2026-08-26 23:44:41,2026-08-26 23:50:41,CH,SAP S/4HANA,A,SAN-002,SanaPlus ColdFlu,OTC,SanaPlus,Wholesale,8,10.0,CHF,0.05,80.0,76.0
TXN-CH-2-000002,2026-08-26 00:00:55,2026-08-26 00:06:55,CH,SAP S/4HANA,A,DER-002,Dermacare LiftCream,Aesthetic,Dermacare,D2C,1,35.24,CHF,0.0,35.24,35.24
TXN-CH-2-000003,2026-08-26 06:58:05,2026-08-26 07:03:05,CH,SAP S/4HANA,A,PUR-002,PureLife BP Monitor,Medical Device,PureLife,E-commerce,10,85.71,CHF,0.15,857.1,728.53
TXN-CH-2-000004,2026-08-26 06:18:40,2026-08-26 06:21:40,CH,SAP S/4HANA,A,DER-001,Dermacare GlowSerum,Aesthetic,Dermacare,Wholesale,10,30.48,CHF,0.05,304.8,289.56
TXN-CH-2-000005,2026-08-26 11:05:08,2026-08-26 11:11:08,CH,SAP S/4HANA,A,DER-001,Dermacare GlowSerum,Aesthetic,Dermacare,E-commerce,2,30.48,CHF,0.2,60.96,48.77
TXN-CH-2-000006,2026-08-26 17:26:49,2026-08-26 17:30:49,CH,SAP S/4HANA,A,MED-002,Medora Derm Cream,Prescription,Medora,Wholesale,3,24.76,CHF,0.05,74.28,70.57
TXN-CH-2-000007,2026-08-26 14:47:45,2026-08-26 14:53:45,CH,SAP S/4HANA,A,DER-002,Dermacare LiftCream,Aesthetic,Dermacare,Wholesale,2,35.24,CHF,0.05,70.48,66.96
TXN-CH-2-000008,2026-08-26 08:27:45,2026-08-26 08:29:45,CH,SAP S/4HANA,A,PUR-001,PureLife GlucoMonitor,Medical Device,PureLife,Wholesale,4,80.95,CHF,0.2,323.8,259.04
TXN-CH-2-000009,2026-08-26 19:26:50,2026-08-26 19:27:50,CH,SAP S/4HANA,A,VIT-002,Vitalis Multivit,Supplement,Vitalis,Pharmacy/B2B,4,16.19,CHF,0.0,64.76,64.76
TXN-CH-2-000010,2026-08-26 14:55:49,2026-08-26 14:57:49,CH,SAP S/4HANA,A,SAN-001,SanaPlus PainRelief,OTC,SanaPlus,Wholesale,5,9.05,CHF,0.0,45.25,45.25
TXN-CH-2-000011,2026-08-26 22:12:39,2026-08-26 22:15:39,CH,SAP S/4HANA,A,DER-001,Dermacare GlowSerum,Aesthetic,Dermacare,Wholesale,6,30.48,CHF,0.2,182.88,146.3
TXN-CH-2-000012,2026-08-26 10:04:41,2026-08-26 10:09:41,CH,SAP S/4HANA,A,DER-002,Dermacare LiftCream,Aesthetic,Dermacare,Wholesale,1,35.24,CHF,0.2,35.24,28.19
TXN-CH-2-000013,2026-08-26 11:23:19,2026-08-26 11:25:19,CH,SAP S/4HANA,A,DER-001,Dermacare GlowSerum,Aesthetic,Dermacare,D2C,5,30.48,CHF,0.2,152.4,121.92
TXN-CH-2-000014,2026-08-26 09:02:44,2026-08-26 09:05:44,CH,SAP S/4HANA,A,PUR-002,PureLife BP Monitor,Medical Device,PureLife,D2C,5,85.71,CHF,0.0,428.55,428.55
TXN-CH-2-000015,2026-08-26 04:48:15,2026-08-26 04:49:15,CH,SAP S/4HANA,A,DER-002,Dermacare LiftCream,Aesthetic,Dermacare,Wholesale,3,35.24,CHF,0.0,105.72,105.72
TXN-CH-2-000016,2026-08-26 19:41:33,2026-08-26 19:47:33,CH,SAP S/4HANA,A,MED-001,Medora Cardio 10mg,Prescription,Medora,Pharmacy/B2B,12,40.95,CHF,0.0,491.4,491.4
TXN-CH-2-000017,2026-08-26 19:20:04,2026-08-26 19:25:04,CH,SAP S/4HANA,A,VIT-002,Vitalis Multivit,Supplement,Vitalis,D2C,9,16.19,CHF,0.0,145.71,145.71
TXN-CH-2-000018,2026-08-26 19:23:33,2026-08-26 19:24:33,CH,SAP S/4HANA,A,MED-001,Medora Cardio 10mg,Prescription,Medora,E-commerce,1,40.95,CHF,0.0,40.95,40.95
TXN-CH-2-000019,2026-08-26 08:57:36,2026-08-26 09:01:36,CH,SAP S/4HANA,A,SAN-002,SanaPlus ColdFlu,OTC,SanaPlus,Pharmacy/B2B,5,10.0,CHF,0.15,50.0,42.5
TXN-CH-2-000020,2026-08-26 12:55:16,2026-08-26 12:59:16,CH,SAP S/4HANA,A,PUR-001,PureLife GlucoMonitor,Medical Device,PureLife,Wholesale,10,80.95,CHF,0.05,809.5,769.02
TXN-CH-2-000021,2026-08-26 21:47:48,2026-08-26 21:48:48,CH,SAP S/4HANA,A,MED-001,Medora Cardio 10mg,Prescription,Medora,Pharmacy/B2B,10,40.95,CHF,0.0,409.5,409.5
TXN-CH-2-000022,2026-08-26 07:57:16,2026-08-26 07:59:16,CH,SAP S/4HANA,A,MED-002,Medora Derm Cream,Prescription,Medora,D2C,3,24.76,CHF,0.2,74.28,59.42
TXN-CH-2-000023,2026-08-26 10:56:22,2026-08-26 10:57:22,CH,SAP S/4HANA,A,SAN-001,SanaPlus PainRelief,OTC,SanaPlus,Pharmacy/B2B,6,9.05,CHF,0.15,54.3,46.15
TXN-CH-2-000024,2026-08-26 16:36:31,2026-08-26 16:39:31,CH,SAP S/4HANA,A,PUR-001,PureLife GlucoMonitor,Medical Device,PureLife,D2C,12,80.95,CHF,0.2,971.4,777.12
TXN-CH-2-000025,2026-08-26 05:17:36,2026-08-26 05:21:36,CH,SAP S/4HANA,A,DER-001,Dermacare GlowSerum,Aesthetic,Dermacare,Wholesale,2,30.48,CHF,0.15,60.96,51.82
TXN-CH-2-000026,2026-08-26 06:21:19,2026-08-26 06:25:19,CH,SAP S/4HANA,A,DER-002,Dermacare LiftCream,Aesthetic,Dermacare,E-commerce,4,35.24,CHF,0.0,140.96,140.96
TXN-CH-2-000027,2026-08-26 08:42:09,2026-08-26 08:45:09,CH,SAP S/4HANA,A,DER-001,Dermacare GlowSerum,Aesthetic,Dermacare,D2C,3,30.48,CHF,0.0,91.44,91.44
TXN-CH-2-000028,2026-08-26 03:24:38,2026-08-26 03:29:38,CH,SAP S/4HANA,A,SAN-001,SanaPlus PainRelief,OTC,SanaPlus,D2C,6,9.05,CHF,0.05,54.3,51.58
TXN-CH-2-000029,2026-08-26 14:20:08,2026-08-26 14:24:08,CH,SAP S/4HANA,A,MED-002,Medora Derm Cream,Prescription,Medora,Wholesale,12,24.76,CHF,0.15,297.12,252.55
TXN-CH-2-000030,2026-08-26 06:22:50,2026-08-26 06:27:50,CH,SAP S/4HANA,A,SAN-002,SanaPlus ColdFlu,OTC,SanaPlus,Pharmacy/B2B,12,10.0,CHF,0.05,120.0,114.0
TXN-CH-2-000031,2026-08-26 10:14:36,2026-08-26 10:15:36,CH,SAP S/4HANA,A,MED-001,Medora Cardio 10mg,Prescription,Medora,E-commerce,2,40.95,CHF,0.1,81.9,73.71
TXN-CH-2-000032,2026-08-26 11:10:28,2026-08-26 11:11:28,CH,SAP S/4HANA,A,DER-002,Dermacare LiftCream,Aesthetic,Dermacare,E-commerce,11,35.24,CHF,0.0,387.64,387.64
TXN-CH-2-000033,2026-08-26 23:14:41,2026-08-26 23:18:41,CH,SAP S/4HANA,A,SAN-002,SanaPlus ColdFlu,OTC,SanaPlus,E-commerce,4,10.0,CHF,0.0,40.0,40.0
TXN-CH-2-000034,2026-08-26 23:06:10,2026-08-26 23:10:10,CH,SAP S/4HANA,A,SAN-002,SanaPlus ColdFlu,OTC,SanaPlus,D2C,5,10.0,CHF,0.05,50.0,47.5
TXN-CH-2-000035,2026-08-26 02:18:49,2026-08-26 02:20:49,CH,SAP S/4HANA,A,MED-001,Medora Cardio 10mg,Prescription,Medora,E-commerce,9,40.95,CHF,0.0,368.55,368.55
TXN-CH-2-000036,2026-08-26 14:58:37,2026-08-26 15:02:37,CH,SAP S/4HANA,A,VIT-001,Vitalis C1000,Supplement,Vitalis,Wholesale,5,20.0,CHF,0.0,100.0,100.0
TXN-CH-2-000037,2026-08-26 01:53:09,2026-08-26 01:54:09,CH,SAP S/4HANA,A,PUR-002,PureLife BP Monitor,Medical Device,PureLife,E-commerce,12,85.71,CHF,0.1,1028.52,925.67
TXN-CH-2-000038,2026-08-26 21:54:14,2026-08-26 21:55:14,CH,SAP S/4HANA,A,SAN-001,SanaPlus PainRelief,OTC,SanaPlus,E-commerce,6,9.05,CHF,0.0,54.3,54.3
TXN-CH-2-000039,2026-08-26 12:21:58,2026-08-26 12:27:58,CH,SAP S/4HANA,A,SAN-001,SanaPlus PainRelief,OTC,SanaPlus,E-commerce,6,9.05,CHF,0.15,54.3,46.15
TXN-CH-2-000040,2026-08-26 15:38:51,2026-08-26 15:40:51,CH,SAP S/4HANA,A,PUR-001,PureLife GlucoMonitor,Medical Device,PureLife,Wholesale,12,80.95,CHF,0.15,971.4,825.69
TXN-CH-2-000041,2026-08-26 00:05:05,2026-08-26 00:09:05,CH,SAP S/4HANA,A,PUR-001,PureLife GlucoMonitor,Medical Device,PureLife,Pharmacy/B2B,4,80.95,CHF,0.2,323.8,259.04
TXN-CH-2-000042,2026-08-26 18:27:05,2026-08-26 18:30:05,CH,SAP S/4HANA,A,DER-002,Dermacare LiftCream,Aesthetic,Dermacare,D2C,2,35.24,CHF,0.0,70.48,70.48
TXN-CH-2-000043,2026-08-26 09:22:06,2026-08-26 09:23:06,CH,SAP S/4HANA,A,DER-002,Dermacare LiftCream,Aesthetic,Dermacare,D2C,10,35.24,CHF,0.0,352.4,352.4
TXN-CH-2-000044,2026-08-26 18:18:47,2026-08-26 18:24:47,CH,SAP S/4HANA,A,SAN-002,SanaPlus ColdFlu,OTC,SanaPlus,Pharmacy/B2B,6,10.0,CHF,0.15,60.0,51.0
TXN-CH-2-000045,2026-08-26 19:30:12,2026-08-26 19:32:12,CH,SAP S/4HANA,A,SAN-001,SanaPlus PainRelief,OTC,SanaPlus,Pharmacy/B2B,6,9.05,CHF,0.15,54.3,46.15
TXN-CH-2-000046,2026-08-26 11:28:42,2026-08-26 11:31:42,CH,SAP S/4HANA,A,DER-001,Dermacare GlowSerum,Aesthetic,Dermacare,D2C,2,30.48,CHF,0.0,60.96,60.96
TXN-CH-2-000047,2026-08-26 02:09:53,2026-08-26 02:13:53,CH,SAP S/4HANA,A,PUR-002,PureLife BP Monitor,Medical Device,PureLife,Pharmacy/B2B,11,85.71,CHF,0.15,942.81,801.39
TXN-CH-2-000048,2026-08-26 23:28:19,2026-08-26 23:32:19,CH,SAP S/4HANA,A,MED-002,Medora Derm Cream,Prescription,Medora,Pharmacy/B2B,10,24.76,CHF,0.2,247.6,198.08
TXN-CH-2-000049,2026-08-26 12:41:55,2026-08-26 12:46:55,CH,SAP S/4HANA,A,DER-002,Dermacare LiftCream,Aesthetic,Dermacare,E-commerce,11,35.24,CHF,0.05,387.64,368.26
TXN-CH-2-000050,2026-08-26 05:39:46,2026-08-26 05:42:46,CH,SAP S/4HANA,A,VIT-002,Vitalis Multivit,Supplement,Vitalis,Pharmacy/B2B,4,16.19,CHF,0.0,64.76,64.76
TXN-CH-2-000051,2026-08-26 11:29:25,2026-08-26 11:34:25,CH,SAP S/4HANA,A,SAN-001,SanaPlus PainRelief,OTC,SanaPlus,Wholesale,5,9.05,CHF,0.0,45.25,45.25
TXN-CH-2-000052,2026-08-26 21:41:50,2026-08-26 21:44:50,CH,SAP S/4HANA,A,SAN-001,SanaPlus PainRelief,OTC,SanaPlus,E-commerce,9,9.05,CHF,0.0,81.45,81.45
TXN-CH-2-000053,2026-08-26 11:39:57,2026-08-26 11:42:57,CH,SAP S/4HANA,A,MED-001,Medora Cardio 10mg,Prescription,Medora,Pharmacy/B2B,10,40.95,CHF,0.0,409.5,409.5
TXN-CH-2-000054,2026-08-26 07:40:17,2026-08-26 07:41:17,CH,SAP S/4HANA,A,PUR-002,PureLife BP Monitor,Medical Device,PureLife,D2C,1,85.71,CHF,0.05,85.71,81.42
TXN-CH-2-000055,2026-08-26 20:23:46,2026-08-26 20:27:46,CH,SAP S/4HANA,A,VIT-002,Vitalis Multivit,Supplement,Vitalis,Pharmacy/B2B,6,16.19,CHF,0.15,97.14,82.57
TXN-CH-2-000056,2026-08-26 06:52:45,2026-08-26 06:57:45,CH,SAP S/4HANA,A,MED-001,Medora Cardio 10mg,Prescription,Medora,Pharmacy/B2B,4,40.95,CHF,0.2,163.8,131.04
TXN-CH-2-000057,2026-08-26 09:53:14,2026-08-26 09:59:14,CH,SAP S/4HANA,A,VIT-002,Vitalis Multivit,Supplement,Vitalis,E-commerce,12,16.19,CHF,0.1,194.28,174.85
TXN-CH-2-000058,2026-08-26 05:47:28,2026-08-26 05:51:28,CH,SAP S/4HANA,A,VIT-001,Vitalis C1000,Supplement,Vitalis,Pharmacy/B2B,6,20.0,CHF,0.15,120.0,102.0
TXN-CH-2-000059,2026-08-26 13:15:50,2026-08-26 13:21:50,CH,SAP S/4HANA,A,SAN-002,SanaPlus ColdFlu,OTC,SanaPlus,D2C,12,10.0,CHF,0.05,120.0,114.0
TXN-CH-2-000060,2026-08-26 05:22:35,2026-08-26 05:27:35,CH,SAP S/4HANA,A,SAN-001,SanaPlus PainRelief,OTC,SanaPlus,Wholesale,6,9.05,CHF,0.05,54.3,51.58
TXN-CH-2-000061,2026-08-26 12:33:52,2026-08-26 12:39:52,CH,SAP S/4HANA,A,DER-002,Dermacare LiftCream,Aesthetic,Dermacare,E-commerce,4,35.24,CHF,0.1,140.96,126.86
TXN-CH-2-000062,2026-08-26 08:50:43,2026-08-26 08:55:43,CH,SAP S/4HANA,A,PUR-002,PureLife BP Monitor,Medical Device,PureLife,D2C,4,85.71,CHF,0.0,342.84,342.84
TXN-CH-2-000063,2026-08-26 01:04:24,2026-08-26 01:09:24,CH,SAP S/4HANA,A,SAN-002,SanaPlus ColdFlu,OTC,SanaPlus,Pharmacy/B2B,9,10.0,CHF,0.1,90.0,81.0
TXN-CH-2-000064,2026-08-26 18:30:45,2026-08-26 18:33:45,CH,SAP S/4HANA,A,DER-002,Dermacare LiftCream,Aesthetic,Dermacare,Wholesale,9,35.24,CHF,0.0,317.16,317.16
TXN-CH-2-000065,2026-08-26 19:16:22,2026-08-26 19:17:22,CH,SAP S/4HANA,A,PUR-002,PureLife BP Monitor,Medical Device,PureLife,D2C,8,85.71,CHF,0.0,685.68,685.68
TXN-CH-2-000066,2026-08-26 18:33:32,2026-08-26 18:35:32,CH,SAP S/4HANA,A,PUR-002,PureLife BP Monitor,Medical Device,PureLife,Wholesale,9,85.71,CHF,0.0,771.39,771.39
TXN-CH-2-000067,2026-08-26 00:26:28,2026-08-26 00:32:28,CH,SAP S/4HANA,A,MED-002,Medora Derm Cream,Prescription,Medora,Wholesale,6,24.76,CHF,0.15,148.56,126.28
TXN-CH-2-000068,2026-08-26 23:25:36,2026-08-26 23:30:36,CH,SAP S/4HANA,A,PUR-001,PureLife GlucoMonitor,Medical Device,PureLife,D2C,7,80.95,CHF,0.2,566.65,453.32
TXN-CH-2-000069,2026-08-26 23:07:15,2026-08-26 23:13:15,CH,SAP S/4HANA,A,MED-001,Medora Cardio 10mg,Prescription,Medora,Wholesale,5,40.95,CHF,0.0,204.75,204.75
TXN-CH-2-000070,2026-08-26 15:16:31,2026-08-26 15:18:31,CH,SAP S/4HANA,A,SAN-002,SanaPlus ColdFlu,OTC,SanaPlus,Wholesale,11,10.0,CHF,0.05,110.0,104.5
TXN-CH-2-000071,2026-08-26 00:07:44,2026-08-26 00:09:44,CH,SAP S/4HANA,A,VIT-001,Vitalis C1000,Supplement,Vitalis,Wholesale,2,20.0,CHF,0.1,40.0,36.0
TXN-CH-2-000072,2026-08-26 23:15:37,2026-08-26 23:20:37,CH,SAP S/4HANA,A,DER-002,Dermacare LiftCream,Aesthetic,Dermacare,D2C,9,35.24,CHF,0.05,317.16,301.3
TXN-CH-2-000073,2026-08-26 11:56:59,2026-08-26 11:57:59,CH,SAP S/4HANA,A,PUR-002,PureLife BP Monitor,Medical Device,PureLife,Pharmacy/B2B,11,85.71,CHF,0.0,942.81,942.81
TXN-CH-2-000074,2026-08-26 01:15:29,2026-08-26 01:19:29,CH,SAP S/4HANA,A,SAN-002,SanaPlus ColdFlu,OTC,SanaPlus,E-commerce,1,10.0,CHF,0.0,10.0,10.0
TXN-CH-2-000075,2026-08-26 14:34:39,2026-08-26 14:39:39,CH,SAP S/4HANA,A,MED-001,Medora Cardio 10mg,Prescription,Medora,Wholesale,5,40.95,CHF,0.0,204.75,204.75
TXN-CH-2-000076,2026-08-26 21:09:14,2026-08-26 21:10:14,CH,SAP S/4HANA,A,DER-001,Dermacare GlowSerum,Aesthetic,Dermacare,D2C,9,30.48,CHF,0.0,274.32,274.32
TXN-CH-2-000077,2026-08-26 17:28:35,2026-08-26 17:32:35,CH,SAP S/4HANA,A,VIT-002,Vitalis Multivit,Supplement,Vitalis,E-commerce,1,16.19,CHF,0.0,16.19,16.19
TXN-CH-2-000078,2026-08-26 10:50:42,2026-08-26 10:56:42,CH,SAP S/4HANA,A,SAN-001,SanaPlus PainRelief,OTC,SanaPlus,D2C,1,9.05,CHF,0.15,9.05,7.69
TXN-CH-2-000079,2026-08-26 17:23:28,2026-08-26 17:25:28,CH,SAP S/4HANA,A,MED-002,Medora Derm Cream,Prescription,Medora,Wholesale,2,24.76,CHF,0.1,49.52,44.57
TXN-CH-2-000080,2026-08-26 23:45:53,2026-08-26 23:50:53,CH,SAP S/4HANA,A,MED-001,Medora Cardio 10mg,Prescription,Medora,Pharmacy/B2B,2,40.95,CHF,0.0,81.9,81.9
TXN-CH-2-000081,2026-08-26 02:06:32,2026-08-26 02:08:32,CH,SAP S/4HANA,A,DER-001,Dermacare GlowSerum,Aesthetic,Dermacare,Wholesale,3,30.48,CHF,0.1,91.44,82.3
TXN-CH-2-000082,2026-08-26 23:37:40,2026-08-26 23:38:40,CH,SAP S/4HANA,A,DER-001,Dermacare GlowSerum,Aesthetic,Dermacare,D2C,3,30.48,CHF,0.05,91.44,86.87
TXN-CH-2-000083,2026-08-26 03:00:20,2026-08-26 03:06:20,CH,SAP S/4HANA,A,DER-001,Dermacare GlowSerum,Aesthetic,Dermacare,Wholesale,11,30.48,CHF,0.05,335.28,318.52
TXN-CH-2-000084,2026-08-26 09:59:50,2026-08-26 10:03:50,CH,SAP S/4HANA,A,MED-002,Medora Derm Cream,Prescription,Medora,Pharmacy/B2B,8,24.76,CHF,0.15,198.08,168.37
TXN-CH-2-000085,2026-08-26 20:52:02,2026-08-26 20:54:02,CH,SAP S/4HANA,A,SAN-002,SanaPlus ColdFlu,OTC,SanaPlus,E-commerce,8,10.0,CHF,0.0,80.0,80.0
TXN-CH-2-000086,2026-08-26 15:18:09,2026-08-26 15:21:09,CH,SAP S/4HANA,A,VIT-001,Vitalis C1000,Supplement,Vitalis,Pharmacy/B2B,9,20.0,CHF,0.0,180.0,180.0
TXN-CH-2-000087,2026-08-26 03:52:25,2026-08-26 03:58:25,CH,SAP S/4HANA,A,VIT-002,Vitalis Multivit,Supplement,Vitalis,Pharmacy/B2B,11,16.19,CHF,0.0,178.09,178.09
TXN-CH-2-000088,2026-08-26 02:44:21,2026-08-26 02:50:21,CH,SAP S/4HANA,A,DER-001,Dermacare GlowSerum,Aesthetic,Dermacare,Pharmacy/B2B,11,30.48,CHF,0.2,335.28,268.22
TXN-CH-2-000089,2026-08-26 19:06:38,2026-08-26 19:08:38,CH,SAP S/4HANA,A,VIT-001,Vitalis C1000,Supplement,Vitalis,Pharmacy/B2B,6,20.0,CHF,0.0,120.0,120.0
TXN-CH-2-000090,2026-08-26 20:42:25,2026-08-26 20:43:25,CH,SAP S/4HANA,A,MED-001,Medora Cardio 10mg,Prescription,Medora,Wholesale,5,40.95,CHF,0.0,204.75,204.75
TXN-CH-2-000091,2026-08-26 13:57:04,2026-08-26 14:01:04,CH,SAP S/4HANA,A,SAN-001,SanaPlus PainRelief,OTC,SanaPlus,E-commerce,1,9.05,CHF,0.1,9.05,8.15
TXN-CH-2-000092,2026-08-26 13:45:17,2026-08-26 13:46:17,CH,SAP S/4HANA,A,SAN-001,SanaPlus PainRelief,OTC,SanaPlus,E-commerce,9,9.05,CHF,0.2,81.45,65.16
TXN-CH-2-000093,2026-08-26 08:33:40,2026-08-26 08:34:40,CH,SAP S/4HANA,A,DER-001,Dermacare GlowSerum,Aesthetic,Dermacare,Wholesale,3,30.48,CHF,0.0,91.44,91.44
TXN-CH-2-000094,2026-08-26 04:45:31,2026-08-26 04:48:31,CH,SAP S/4HANA,A,DER-001,Dermacare GlowSerum,Aesthetic,Dermacare,D2C,5,30.48,CHF,0.05,152.4,144.78
TXN-CH-2-000095,2026-08-26 04:12:42,2026-08-26 04:13:42,CH,SAP S/4HANA,A,DER-001,Dermacare GlowSerum,Aesthetic,Dermacare,Pharmacy/B2B,7,30.48,CHF,0.0,213.36,213.36
TXN-CH-2-000096,2026-08-26 15:39:28,2026-08-26 15:43:28,CH,SAP S/4HANA,A,VIT-002,Vitalis Multivit,Supplement,Vitalis,Wholesale,8,16.19,CHF,0.1,129.52,116.57
TXN-CH-2-000097,2026-08-26 19:21:22,2026-08-26 19:26:22,CH,SAP S/4HANA,A,VIT-001,Vitalis C1000,Supplement,Vitalis,Pharmacy/B2B,5,20.0,CHF,0.0,100.0,100.0
TXN-CH-2-000098,2026-08-26 19:47:02,2026-08-26 19:48:02,CH,SAP S/4HANA,A,MED-001,Medora Cardio 10mg,Prescription,Medora,Pharmacy/B2B,8,40.95,CHF,0.0,327.6,327.6
TXN-CH-2-000099,2026-08-26 22:08:21,2026-08-26 22:09:21,CH,SAP S/4HANA,A,PUR-001,PureLife GlucoMonitor,Medical Device,PureLife,D2C,8,80.95,CHF,0.1,647.6,582.84
TXN-CH-2-000100,2026-08-26 19:24:29,2026-08-26 19:30:29,CH,SAP S/4HANA,A,MED-001,Medora Cardio 10mg,Prescription,Medora,Pharmacy/B2B,11,40.95,CHF,0.0,450.45,450.45
TXN-CH-2-000101,2026-08-26 16:36:21,2026-08-26 16:37:21,CH,SAP S/4HANA,A,SAN-002,SanaPlus ColdFlu,OTC,SanaPlus,Wholesale,5,10.0,CHF,0.05,50.0,47.5
TXN-CH-2-000102,2026-08-26 23:13:06,2026-08-26 23:19:06,CH,SAP S/4HANA,A,DER-001,Dermacare GlowSerum,Aesthetic,Dermacare,D2C,9,30.48,CHF,0.15,274.32,233.17
TXN-CH-2-000103,2026-08-26 13:29:04,2026-08-26 13:33:04,CH,SAP S/4HANA,A,SAN-002,SanaPlus ColdFlu,OTC,SanaPlus,Wholesale,10,10.0,CHF,0.0,100.0,100.0
TXN-CH-2-000104,2026-08-26 08:12:07,2026-08-26 08:18:07,CH,SAP S/4HANA,A,VIT-002,Vitalis Multivit,Supplement,Vitalis,Wholesale,11,16.19,CHF,0.05,178.09,169.19
TXN-CH-2-000105,2026-08-26 11:39:29,2026-08-26 11:45:29,CH,SAP S/4HANA,A,PUR-002,PureLife BP Monitor,Medical Device,PureLife,D2C,8,85.71,CHF,0.1,685.68,617.11
TXN-CH-2-000106,2026-08-26 03:01:34,2026-08-26 03:02:34,CH,SAP S/4HANA,A,PUR-002,PureLife BP Monitor,Medical Device,PureLife,E-commerce,12,85.71,CHF,0.2,1028.52,822.82
TXN-CH-2-000107,2026-08-26 17:35:18,2026-08-26 17:40:18,CH,SAP S/4HANA,A,SAN-001,SanaPlus PainRelief,OTC,SanaPlus,Wholesale,6,9.05,CHF,0.0,54.3,54.3
TXN-CH-2-000108,2026-08-26 07:54:30,2026-08-26 07:55:30,CH,SAP S/4HANA,A,PUR-001,PureLife GlucoMonitor,Medical Device,PureLife,Pharmacy/B2B,5,80.95,CHF,0.0,404.75,404.75
TXN-CH-2-000109,2026-08-26 07:47:30,2026-08-26 07:49:30,CH,SAP S/4HANA,A,SAN-001,SanaPlus PainRelief,OTC,SanaPlus,E-commerce,1,9.05,CHF,0.0,9.05,9.05
TXN-CH-2-000110,2026-08-26 22:16:38,2026-08-26 22:21:38,CH,SAP S/4HANA,A,VIT-001,Vitalis C1000,Supplement,Vitalis,Pharmacy/B2B,8,20.0,CHF,0.2,160.0,128.0
TXN-CH-2-000111,2026-08-26 01:10:30,2026-08-26 01:11:30,CH,SAP S/4HANA,A,MED-001,Medora Cardio 10mg,Prescription,Medora,E-commerce,7,40.95,CHF,0.2,286.65,229.32
TXN-CH-2-000112,2026-08-26 17:03:41,2026-08-26 17:06:41,CH,SAP S/4HANA,A,SAN-002,SanaPlus ColdFlu,OTC,SanaPlus,D2C,8,10.0,CHF,0.0,80.0,80.0
TXN-CH-2-000113,2026-08-26 07:21:58,2026-08-26 07:27:58,CH,SAP S/4HANA,A,PUR-002,PureLife BP Monitor,Medical Device,PureLife,Wholesale,5,85.71,CHF,0.2,428.55,342.84
TXN-CH-2-000114,2026-08-26 03:15:12,2026-08-26 03:19:12,CH,SAP S/4HANA,A,VIT-002,Vitalis Multivit,Supplement,Vitalis,E-commerce,6,16.19,CHF,0.0,97.14,97.14
TXN-CH-2-000115,2026-08-26 03:47:24,2026-08-26 03:51:24,CH,SAP S/4HANA,A,VIT-001,Vitalis C1000,Supplement,Vitalis,E-commerce,1,20.0,CHF,0.0,20.0,20.0
TXN-CH-2-000116,2026-08-26 12:42:18,2026-08-26 12:47:18,CH,SAP S/4HANA,A,VIT-001,Vitalis C1000,Supplement,Vitalis,Pharmacy/B2B,8,20.0,CHF,0.2,160.0,128.0
TXN-CH-2-000117,2026-08-26 06:22:54,2026-08-26 06:26:54,CH,SAP S/4HANA,A,VIT-002,Vitalis Multivit,Supplement,Vitalis,E-commerce,1,16.19,CHF,0.1,16.19,14.57
TXN-CH-2-000118,2026-08-26 01:55:37,2026-08-26 02:01:37,CH,SAP S/4HANA,A,SAN-001,SanaPlus PainRelief,OTC,SanaPlus,Pharmacy/B2B,9,9.05,CHF,0.15,81.45,69.23
TXN-CH-2-000119,2026-08-26 18:46:10,2026-08-26 18:52:10,CH,SAP S/4HANA,A,DER-001,Dermacare GlowSerum,Aesthetic,Dermacare,Pharmacy/B2B,2,30.48,CHF,0.0,60.96,60.96
TXN-CH-2-000120,2026-08-26 13:22:27,2026-08-26 13:27:27,CH,SAP S/4HANA,A,MED-001,Medora Cardio 10mg,Prescription,Medora,D2C,5,40.95,CHF,0.15,204.75,174.04
TXN-CH-2-000121,2026-08-26 08:26:04,2026-08-26 08:27:04,CH,SAP S/4HANA,A,DER-001,Dermacare GlowSerum,Aesthetic,Dermacare,D2C,11,30.48,CHF,0.2,335.28,268.22
TXN-CH-2-000122,2026-08-26 16:54:33,2026-08-26 16:58:33,CH,SAP S/4HANA,A,VIT-001,Vitalis C1000,Supplement,Vitalis,Pharmacy/B2B,2,20.0,CHF,0.0,40.0,40.0
TXN-CH-2-000123,2026-08-26 16:12:36,2026-08-26 16:13:36,CH,SAP S/4HANA,A,DER-001,Dermacare GlowSerum,Aesthetic,Dermacare,Pharmacy/B2B,1,30.48,CHF,0.1,30.48,27.43
TXN-CH-2-000124,2026-08-26 19:19:33,2026-08-26 19:20:33,CH,SAP S/4HANA,A,DER-002,Dermacare LiftCream,Aesthetic,Dermacare,Wholesale,7,35.24,CHF,0.0,246.68,246.68
TXN-CH-2-000125,2026-08-26 13:22:42,2026-08-26 13:24:42,CH,SAP S/4HANA,A,MED-002,Medora Derm Cream,Prescription,Medora,D2C,3,24.76,CHF,0.05,74.28,70.57
TXN-CH-2-000126,2026-08-26 17:37:18,2026-08-26 17:39:18,CH,SAP S/4HANA,A,DER-002,Dermacare LiftCream,Aesthetic,Dermacare,Pharmacy/B2B,2,35.24,CHF,0.0,70.48,70.48
TXN-CH-2-000127,2026-08-26 16:27:24,2026-08-26 16:28:24,CH,SAP S/4HANA,A,DER-001,Dermacare GlowSerum,Aesthetic,Dermacare,Wholesale,9,30.48,CHF,0.15,274.32,233.17
TXN-CH-2-000128,2026-08-26 15:46:13,2026-08-26 15:49:13,CH,SAP S/4HANA,A,DER-001,Dermacare GlowSerum,Aesthetic,Dermacare,D2C,2,30.48,CHF,0.0,60.96,60.96
TXN-CH-2-000129,2026-08-26 17:12:32,2026-08-26 17:14:32,CH,SAP S/4HANA,A,SAN-002,SanaPlus ColdFlu,OTC,SanaPlus,D2C,7,10.0,CHF,0.1,70.0,63.0
TXN-CH-2-000130,2026-08-26 20:43:35,2026-08-26 20:46:35,CH,SAP S/4HANA,A,VIT-002,Vitalis Multivit,Supplement,Vitalis,Wholesale,5,16.19,CHF,0.0,80.95,80.95
TXN-CH-2-000131,2026-08-26 12:28:50,2026-08-26 12:30:50,CH,SAP S/4HANA,A,SAN-002,SanaPlus ColdFlu,OTC,SanaPlus,Wholesale,8,10.0,CHF,0.05,80.0,76.0
TXN-CH-2-000132,2026-08-26 19:36:05,2026-08-26 19:41:05,CH,SAP S/4HANA,A,PUR-002,PureLife BP Monitor,Medical Device,PureLife,Wholesale,12,85.71,CHF,0.05,1028.52,977.09
TXN-CH-2-000133,2026-08-26 08:03:00,2026-08-26 08:09:00,CH,SAP S/4HANA,A,PUR-002,PureLife BP Monitor,Medical Device,PureLife,D2C,2,85.71,CHF,0.05,171.42,162.85
TXN-CH-2-000134,2026-08-26 22:48:35,2026-08-26 22:52:35,CH,SAP S/4HANA,A,MED-001,Medora Cardio 10mg,Prescription,Medora,E-commerce,12,40.95,CHF,0.0,491.4,491.4
TXN-CH-2-000135,2026-08-26 23:41:43,2026-08-26 23:43:43,CH,SAP S/4HANA,A,DER-002,Dermacare LiftCream,Aesthetic,Dermacare,Pharmacy/B2B,2,35.24,CHF,0.0,70.48,70.48
TXN-CH-2-000136,2026-08-26 00:37:04,2026-08-26 00:42:04,CH,SAP S/4HANA,A,SAN-002,SanaPlus ColdFlu,OTC,SanaPlus,Pharmacy/B2B,11,10.0,CHF,0.05,110.0,104.5
TXN-CH-2-000137,2026-08-26 23:31:24,2026-08-26 23:32:24,CH,SAP S/4HANA,A,SAN-002,SanaPlus ColdFlu,OTC,SanaPlus,Pharmacy/B2B,10,10.0,CHF,0.1,100.0,90.0
TXN-CH-2-000138,2026-08-26 13:50:04,2026-08-26 13:56:04,CH,SAP S/4HANA,A,VIT-002,Vitalis Multivit,Supplement,Vitalis,E-commerce,4,16.19,CHF,0.0,64.76,64.76
TXN-CH-2-000139,2026-08-26 23:41:02,2026-08-26 23:44:02,CH,SAP S/4HANA,A,DER-002,Dermacare LiftCream,Aesthetic,Dermacare,Wholesale,3,35.24,CHF,0.0,105.72,105.72
TXN-CH-2-000140,2026-08-26 21:31:04,2026-08-26 21:35:04,CH,SAP S/4HANA,A,MED-002,Medora Derm Cream,Prescription,Medora,Pharmacy/B2B,6,24.76,CHF,0.15,148.56,126.28
TXN-CH-2-000141,2026-08-26 23:23:26,2026-08-26 23:28:26,CH,SAP S/4HANA,A,SAN-002,SanaPlus ColdFlu,OTC,SanaPlus,E-commerce,4,10.0,CHF,0.2,40.0,32.0
TXN-CH-2-000142,2026-08-26 18:23:27,2026-08-26 18:26:27,CH,SAP S/4HANA,A,MED-002,Medora Derm Cream,Prescription,Medora,Wholesale,3,24.76,CHF,0.2,74.28,59.42
TXN-CH-2-000143,2026-08-26 21:06:17,2026-08-26 21:12:17,CH,SAP S/4HANA,A,MED-001,Medora Cardio 10mg,Prescription,Medora,Wholesale,3,40.95,CHF,0.1,122.85,110.56
TXN-CH-2-000144,2026-08-26 18:31:36,2026-08-26 18:32:36,CH,SAP S/4HANA,A,SAN-002,SanaPlus ColdFlu,OTC,SanaPlus,Wholesale,7,10.0,CHF,0.0,70.0,70.0
TXN-CH-2-000145,2026-08-26 07:01:38,2026-08-26 07:02:38,CH,SAP S/4HANA,A,PUR-002,PureLife BP Monitor,Medical Device,PureLife,Pharmacy/B2B,6,85.71,CHF,0.0,514.26,514.26
TXN-CH-2-000146,2026-08-26 23:15:42,2026-08-26 23:20:42,CH,SAP S/4HANA,A,VIT-002,Vitalis Multivit,Supplement,Vitalis,D2C,4,16.19,CHF,0.0,64.76,64.76
TXN-CH-2-000147,2026-08-26 20:39:33,2026-08-26 20:41:33,CH,SAP S/4HANA,A,DER-001,Dermacare GlowSerum,Aesthetic,Dermacare,E-commerce,6,30.48,CHF,0.05,182.88,173.74
TXN-CH-2-000148,2026-08-26 19:12:13,2026-08-26 19:13:13,CH,SAP S/4HANA,A,PUR-001,PureLife GlucoMonitor,Medical Device,PureLife,Wholesale,8,80.95,CHF,0.1,647.6,582.84
TXN-CH-2-000149,2026-08-26 22:54:03,2026-08-26 22:56:03,CH,SAP S/4HANA,A,SAN-001,SanaPlus PainRelief,OTC,SanaPlus,Wholesale,3,9.05,CHF,0.0,27.15,27.15
TXN-CH-2-000150,2026-08-26 09:29:15,2026-08-26 09:30:15,CH,SAP S/4HANA,A,DER-001,Dermacare GlowSerum,Aesthetic,Dermacare,Wholesale,7,30.48,CHF,0.0,213.36,213.36
TXN-CH-2-000151,2026-08-26 03:26:05,2026-08-26 03:31:05,CH,SAP S/4HANA,A,DER-002,Dermacare LiftCream,Aesthetic,Dermacare,D2C,4,35.24,CHF,0.0,140.96,140.96
TXN-CH-2-000152,2026-08-26 22:28:22,2026-08-26 22:32:22,CH,SAP S/4HANA,A,SAN-001,SanaPlus PainRelief,OTC,SanaPlus,Wholesale,5,9.05,CHF,0.0,45.25,45.25
TXN-CH-2-000153,2026-08-26 21:56:37,2026-08-26 22:02:37,CH,SAP S/4HANA,A,VIT-002,Vitalis Multivit,Supplement,Vitalis,E-commerce,7,16.19,CHF,0.1,113.33,102.0
TXN-CH-2-000154,2026-08-26 08:36:06,2026-08-26 08:42:06,CH,SAP S/4HANA,A,SAN-001,SanaPlus PainRelief,OTC,SanaPlus,Wholesale,1,9.05,CHF,0.1,9.05,8.15
TXN-CH-2-000155,2026-08-26 23:14:35,2026-08-26 23:16:35,CH,SAP S/4HANA,A,PUR-002,PureLife BP Monitor,Medical Device,PureLife,D2C,2,85.71,CHF,0.05,171.42,162.85
TXN-CH-2-000156,2026-08-26 06:08:43,2026-08-26 06:13:43,CH,SAP S/4HANA,A,PUR-002,PureLife BP Monitor,Medical Device,PureLife,Pharmacy/B2B,9,85.71,CHF,0.0,771.39,771.39
TXN-CH-2-000157,2026-08-26 12:41:11,2026-08-26 12:44:11,CH,SAP S/4HANA,A,PUR-001,PureLife GlucoMonitor,Medical Device,PureLife,E-commerce,7,80.95,CHF,0.0,566.65,566.65
TXN-CH-2-000158,2026-08-26 15:56:59,2026-08-26 16:00:59,CH,SAP S/4HANA,A,VIT-002,Vitalis Multivit,Supplement,Vitalis,E-commerce,2,16.19,CHF,0.2,32.38,25.9
TXN-CH-2-000159,2026-08-26 06:49:02,2026-08-26 06:52:02,CH,SAP S/4HANA,A,PUR-001,PureLife GlucoMonitor,Medical Device,PureLife,Pharmacy/B2B,3,80.95,CHF,0.15,242.85,206.42
TXN-CH-2-000160,2026-08-26 20:24:12,2026-08-26 20:28:12,CH,SAP S/4HANA,A,DER-001,Dermacare GlowSerum,Aesthetic,Dermacare,Wholesale,4,30.48,CHF,0.0,121.92,121.92
TXN-CH-2-000161,2026-08-26 00:15:20,2026-08-26 00:18:20,CH,SAP S/4HANA,A,MED-002,Medora Derm Cream,Prescription,Medora,Wholesale,12,24.76,CHF,0.0,297.12,297.12
TXN-CH-2-000162,2026-08-26 09:30:40,2026-08-26 09:34:40,CH,SAP S/4HANA,A,DER-001,Dermacare GlowSerum,Aesthetic,Dermacare,D2C,12,30.48,CHF,0.0,365.76,365.76
TXN-CH-2-000163,2026-08-26 04:41:55,2026-08-26 04:44:55,CH,SAP S/4HANA,A,DER-001,Dermacare GlowSerum,Aesthetic,Dermacare,Wholesale,9,30.48,CHF,0.2,274.32,219.46
TXN-CH-2-000164,2026-08-26 12:03:14,2026-08-26 12:04:14,CH,SAP S/4HANA,A,DER-001,Dermacare GlowSerum,Aesthetic,Dermacare,E-commerce,2,30.48,CHF,0.05,60.96,57.91
TXN-CH-2-000165,2026-08-26 13:29:49,2026-08-26 13:30:49,CH,SAP S/4HANA,A,DER-002,Dermacare LiftCream,Aesthetic,Dermacare,Pharmacy/B2B,4,35.24,CHF,0.0,140.96,140.96
TXN-CH-2-000166,2026-08-26 23:55:20,2026-08-26 23:57:20,CH,SAP S/4HANA,A,PUR-001,PureLife GlucoMonitor,Medical Device,PureLife,D2C,6,80.95,CHF,0.0,485.7,485.7
TXN-CH-2-000167,2026-08-26 23:23:20,2026-08-26 23:27:20,CH,SAP S/4HANA,A,MED-001,Medora Cardio 10mg,Prescription,Medora,D2C,1,40.95,CHF,0.15,40.95,34.81
TXN-CH-2-000168,2026-08-26 00:50:15,2026-08-26 00:53:15,CH,SAP S/4HANA,A,DER-002,Dermacare LiftCream,Aesthetic,Dermacare,D2C,11,35.24,CHF,0.0,387.64,387.64
TXN-CH-2-000169,2026-08-26 19:10:15,2026-08-26 19:11:15,CH,SAP S/4HANA,A,DER-002,Dermacare LiftCream,Aesthetic,Dermacare,Wholesale,7,35.24,CHF,0.0,246.68,246.68
TXN-CH-2-000170,2026-08-26 19:28:01,2026-08-26 19:32:01,CH,SAP S/4HANA,A,PUR-001,PureLife GlucoMonitor,Medical Device,PureLife,D2C,2,80.95,CHF,0.0,161.9,161.9
TXN-CH-2-000171,2026-08-26 19:51:56,2026-08-26 19:57:56,CH,SAP S/4HANA,A,VIT-002,Vitalis Multivit,Supplement,Vitalis,Pharmacy/B2B,3,16.19,CHF,0.05,48.57,46.14
TXN-CH-2-000172,2026-08-26 15:51:49,2026-08-26 15:52:49,CH,SAP S/4HANA,A,DER-002,Dermacare LiftCream,Aesthetic,Dermacare,E-commerce,4,35.24,CHF,0.0,140.96,140.96
TXN-CH-2-000173,2026-08-26 22:05:14,2026-08-26 22:08:14,CH,SAP S/4HANA,A,PUR-001,PureLife GlucoMonitor,Medical Device,PureLife,E-commerce,11,80.95,CHF,0.2,890.45,712.36
TXN-CH-2-000174,2026-08-26 04:38:37,2026-08-26 04:41:37,CH,SAP S/4HANA,A,SAN-002,SanaPlus ColdFlu,OTC,SanaPlus,E-commerce,5,10.0,CHF,0.2,50.0,40.0
TXN-CH-2-000175,2026-08-26 19:42:00,2026-08-26 19:47:00,CH,SAP S/4HANA,A,MED-002,Medora Derm Cream,Prescription,Medora,Wholesale,1,24.76,CHF,0.15,24.76,21.05
TXN-CH-2-000176,2026-08-26 06:52:52,2026-08-26 06:55:52,CH,SAP S/4HANA,A,VIT-002,Vitalis Multivit,Supplement,Vitalis,D2C,2,16.19,CHF,0.05,32.38,30.76
TXN-CH-2-000177,2026-08-26 15:26:03,2026-08-26 15:32:03,CH,SAP S/4HANA,A,SAN-002,SanaPlus ColdFlu,OTC,SanaPlus,D2C,7,10.0,CHF,0.0,70.0,70.0
TXN-CH-2-000178,2026-08-26 09:32:27,2026-08-26 09:33:27,CH,SAP S/4HANA,A,MED-002,Medora Derm Cream,Prescription,Medora,Pharmacy/B2B,1,24.76,CHF,0.15,24.76,21.05
TXN-CH-2-000179,2026-08-26 03:38:03,2026-08-26 03:41:03,CH,SAP S/4HANA,A,DER-002,Dermacare LiftCream,Aesthetic,Dermacare,E-commerce,10,35.24,CHF,0.15,352.4,299.54
TXN-CH-2-000180,2026-08-26 02:53:40,2026-08-26 02:59:40,CH,SAP S/4HANA,A,VIT-001,Vitalis C1000,Supplement,Vitalis,E-commerce,6,20.0,CHF,0.1,120.0,108.0
TXN-CH-2-000181,2026-08-26 09:07:00,2026-08-26 09:10:00,CH,SAP S/4HANA,A,PUR-001,PureLife GlucoMonitor,Medical Device,PureLife,Pharmacy/B2B,11,80.95,CHF,0.0,890.45,890.45
TXN-CH-2-000182,2026-08-26 04:54:11,2026-08-26 04:58:11,CH,SAP S/4HANA,A,DER-002,Dermacare LiftCream,Aesthetic,Dermacare,Pharmacy/B2B,3,35.24,CHF,0.05,105.72,100.43
TXN-CH-2-000183,2026-08-26 17:50:04,2026-08-26 17:56:04,CH,SAP S/4HANA,A,MED-002,Medora Derm Cream,Prescription,Medora,D2C,7,24.76,CHF,0.15,173.32,147.32
TXN-CH-2-000184,2026-08-26 18:16:25,2026-08-26 18:19:25,CH,SAP S/4HANA,A,VIT-002,Vitalis Multivit,Supplement,Vitalis,Pharmacy/B2B,10,16.19,CHF,0.0,161.9,161.9
TXN-CH-2-000185,2026-08-26 16:24:59,2026-08-26 16:27:59,CH,SAP S/4HANA,A,SAN-001,SanaPlus PainRelief,OTC,SanaPlus,Wholesale,10,9.05,CHF,0.0,90.5,90.5
TXN-CH-2-000186,2026-08-26 00:30:36,2026-08-26 00:35:36,CH,SAP S/4HANA,A,MED-001,Medora Cardio 10mg,Prescription,Medora,E-commerce,1,40.95,CHF,0.2,40.95,32.76
TXN-CH-2-000187,2026-08-26 19:34:58,2026-08-26 19:39:58,CH,SAP S/4HANA,A,VIT-001,Vitalis C1000,Supplement,Vitalis,E-commerce,10,20.0,CHF,0.15,200.0,170.0
TXN-CH-2-000188,2026-08-26 01:37:42,2026-08-26 01:41:42,CH,SAP S/4HANA,A,SAN-001,SanaPlus PainRelief,OTC,SanaPlus,Pharmacy/B2B,10,9.05,CHF,0.1,90.5,81.45
TXN-CH-2-000189,2026-08-26 14:09:55,2026-08-26 14:12:55,CH,SAP S/4HANA,A,PUR-001,PureLife GlucoMonitor,Medical Device,PureLife,D2C,1,80.95,CHF,0.0,80.95,80.95
TXN-CH-2-000190,2026-08-26 20:34:21,2026-08-26 20:36:21,CH,SAP S/4HANA,A,DER-002,Dermacare LiftCream,Aesthetic,Dermacare,Wholesale,5,35.24,CHF,0.0,176.2,176.2
TXN-CH-2-000191,2026-08-26 04:36:53,2026-08-26 04:40:53,CH,SAP S/4HANA,A,SAN-002,SanaPlus ColdFlu,OTC,SanaPlus,Wholesale,3,10.0,CHF,0.1,30.0,27.0
TXN-CH-2-000192,2026-08-26 00:31:08,2026-08-26 00:33:08,CH,SAP S/4HANA,A,VIT-002,Vitalis Multivit,Supplement,Vitalis,Wholesale,6,16.19,CHF,0.05,97.14,92.28
TXN-CH-2-000193,2026-08-26 06:29:45,2026-08-26 06:33:45,CH,SAP S/4HANA,A,MED-001,Medora Cardio 10mg,Prescription,Medora,Pharmacy/B2B,9,40.95,CHF,0.0,368.55,368.55
TXN-CH-2-000194,2026-08-26 13:17:28,2026-08-26 13:22:28,CH,SAP S/4HANA,A,PUR-001,PureLife GlucoMonitor,Medical Device,PureLife,Pharmacy/B2B,11,80.95,CHF,0.2,890.45,712.36
TXN-CH-2-000195,2026-08-26 04:22:24,2026-08-26 04:27:24,CH,SAP S/4HANA,A,PUR-001,PureLife GlucoMonitor,Medical Device,PureLife,Pharmacy/B2B,1,80.95,CHF,0.15,80.95,68.81
TXN-CH-2-000196,2026-08-26 09:00:31,2026-08-26 09:01:31,CH,SAP S/4HANA,A,MED-001,Medora Cardio 10mg,Prescription,Medora,D2C,4,40.95,CHF,0.05,163.8,155.61
TXN-CH-2-000197,2026-08-26 19:35:27,2026-08-26 19:37:27,CH,SAP S/4HANA,A,PUR-001,PureLife GlucoMonitor,Medical Device,PureLife,Wholesale,9,80.95,CHF,0.15,728.55,619.27
TXN-CH-2-000198,2026-08-26 17:26:31,2026-08-26 17:32:31,CH,SAP S/4HANA,A,VIT-001,Vitalis C1000,Supplement,Vitalis,E-commerce,1,20.0,CHF,0.2,20.0,16.0
TXN-CH-2-000199,2026-08-26 06:56:26,2026-08-26 06:57:26,CH,SAP S/4HANA,A,DER-002,Dermacare LiftCream,Aesthetic,Dermacare,Pharmacy/B2B,1,35.24,CHF,0.2,35.24,28.19
TXN-CH-2-000200,2026-08-26 19:44:52,2026-08-26 19:45:52,CH,SAP S/4HANA,A,DER-001,Dermacare GlowSerum,Aesthetic,Dermacare,E-commerce,3,30.48,CHF,0.0,91.44,91.44
TXN-CH-2-000201,2026-08-26 21:29:34,2026-08-26 21:33:34,CH,SAP S/4HANA,A,DER-001,Dermacare GlowSerum,Aesthetic,Dermacare,Wholesale,3,30.48,CHF,0.0,91.44,91.44
TXN-CH-2-000202,2026-08-26 13:20:08,2026-08-26 13:23:08,CH,SAP S/4HANA,A,MED-002,Medora Derm Cream,Prescription,Medora,D2C,12,24.76,CHF,0.0,297.12,297.12
TXN-CH-2-000203,2026-08-26 21:03:36,2026-08-26 21:08:36,CH,SAP S/4HANA,A,MED-001,Medora Cardio 10mg,Prescription,Medora,Wholesale,1,40.95,CHF,0.2,40.95,32.76
TXN-CH-2-000204,2026-08-26 04:37:11,2026-08-26 04:41:11,CH,SAP S/4HANA,A,VIT-001,Vitalis C1000,Supplement,Vitalis,E-commerce,12,20.0,CHF,0.1,240.0,216.0
TXN-CH-2-000205,2026-08-26 11:13:23,2026-08-26 11:15:23,CH,SAP S/4HANA,A,PUR-001,PureLife GlucoMonitor,Medical Device,PureLife,Wholesale,4,80.95,CHF,0.0,323.8,323.8
TXN-CH-2-000206,2026-08-26 19:35:08,2026-08-26 19:37:08,CH,SAP S/4HANA,A,SAN-001,SanaPlus PainRelief,OTC,SanaPlus,E-commerce,12,9.05,CHF,0.05,108.6,103.17
TXN-CH-2-000207,2026-08-26 07:17:24,2026-08-26 07:22:24,CH,SAP S/4HANA,A,PUR-002,PureLife BP Monitor,Medical Device,PureLife,Wholesale,11,85.71,CHF,0.15,942.81,801.39
TXN-CH-2-000208,2026-08-26 09:48:21,2026-08-26 09:53:21,CH,SAP S/4HANA,A,SAN-002,SanaPlus ColdFlu,OTC,SanaPlus,D2C,10,10.0,CHF,0.0,100.0,100.0
TXN-CH-2-000209,2026-08-26 01:55:48,2026-08-26 02:00:48,CH,SAP S/4HANA,A,VIT-001,Vitalis C1000,Supplement,Vitalis,E-commerce,4,20.0,CHF,0.0,80.0,80.0
TXN-CH-2-000210,2026-08-26 13:13:30,2026-08-26 13:18:30,CH,SAP S/4HANA,A,PUR-001,PureLife GlucoMonitor,Medical Device,PureLife,D2C,8,80.95,CHF,0.2,647.6,518.08
TXN-CH-2-000211,2026-08-26 05:24:25,2026-08-26 05:29:25,CH,SAP S/4HANA,A,VIT-002,Vitalis Multivit,Supplement,Vitalis,D2C,7,16.19,CHF,0.15,113.33,96.33
TXN-CH-2-000212,2026-08-26 07:50:52,2026-08-26 07:56:52,CH,SAP S/4HANA,A,PUR-001,PureLife GlucoMonitor,Medical Device,PureLife,Pharmacy/B2B,7,80.95,CHF,0.0,566.65,566.65
TXN-CH-2-000213,2026-08-26 21:50:26,2026-08-26 21:51:26,CH,SAP S/4HANA,A,SAN-002,SanaPlus ColdFlu,OTC,SanaPlus,D2C,9,10.0,CHF,0.05,90.0,85.5
TXN-CH-2-000214,2026-08-26 13:18:50,2026-08-26 13:20:50,CH,SAP S/4HANA,A,MED-001,Medora Cardio 10mg,Prescription,Medora,E-commerce,10,40.95,CHF,0.05,409.5,389.02
TXN-CH-2-000215,2026-08-26 03:08:30,2026-08-26 03:11:30,CH,SAP S/4HANA,A,PUR-002,PureLife BP Monitor,Medical Device,PureLife,Pharmacy/B2B,11,85.71,CHF,0.2,942.81,754.25
TXN-CH-2-000216,2026-08-26 22:11:57,2026-08-26 22:14:57,CH,SAP S/4HANA,A,MED-002,Medora Derm Cream,Prescription,Medora,Wholesale,8,24.76,CHF,0.1,198.08,178.27
TXN-CH-2-000217,2026-08-26 11:55:58,2026-08-26 12:01:58,CH,SAP S/4HANA,A,VIT-001,Vitalis C1000,Supplement,Vitalis,Pharmacy/B2B,3,20.0,CHF,0.05,60.0,57.0
TXN-CH-2-000218,2026-08-26 21:41:32,2026-08-26 21:46:32,CH,SAP S/4HANA,A,PUR-002,PureLife BP Monitor,Medical Device,PureLife,Pharmacy/B2B,5,85.71,CHF,0.0,428.55,428.55
TXN-CH-2-000219,2026-08-26 09:35:05,2026-08-26 09:40:05,CH,SAP S/4HANA,A,MED-002,Medora Derm Cream,Prescription,Medora,Pharmacy/B2B,9,24.76,CHF,0.1,222.84,200.56
TXN-CH-2-000220,2026-08-26 04:24:18,2026-08-26 04:28:18,CH,SAP S/4HANA,A,VIT-001,Vitalis C1000,Supplement,Vitalis,D2C,6,20.0,CHF,0.2,120.0,96.0
TXN-CH-2-000221,2026-08-26 18:47:24,2026-08-26 18:50:24,CH,SAP S/4HANA,A,PUR-001,PureLife GlucoMonitor,Medical Device,PureLife,Wholesale,5,80.95,CHF,0.1,404.75,364.28
TXN-CH-2-000222,2026-08-26 09:22:26,2026-08-26 09:23:26,CH,SAP S/4HANA,A,MED-001,Medora Cardio 10mg,Prescription,Medora,E-commerce,7,40.95,CHF,0.0,286.65,286.65
TXN-CH-2-000223,2026-08-26 20:07:13,2026-08-26 20:12:13,CH,SAP S/4HANA,A,DER-001,Dermacare GlowSerum,Aesthetic,Dermacare,D2C,12,30.48,CHF,0.1,365.76,329.18
TXN-CH-2-000224,2026-08-26 00:48:19,2026-08-26 00:52:19,CH,SAP S/4HANA,A,VIT-001,Vitalis C1000,Supplement,Vitalis,Pharmacy/B2B,1,20.0,CHF,0.1,20.0,18.0
TXN-CH-2-000225,2026-08-26 23:13:09,2026-08-26 23:19:09,CH,SAP S/4HANA,A,MED-001,Medora Cardio 10mg,Prescription,Medora,D2C,8,40.95,CHF,0.2,327.6,262.08
TXN-CH-2-000226,2026-08-26 00:45:08,2026-08-26 00:46:08,CH,SAP S/4HANA,A,PUR-002,PureLife BP Monitor,Medical Device,PureLife,Wholesale,5,85.71,CHF,0.2,428.55,342.84
TXN-CH-2-000227,2026-08-26 07:39:27,2026-08-26 07:45:27,CH,SAP S/4HANA,A,SAN-002,SanaPlus ColdFlu,OTC,SanaPlus,Wholesale,6,10.0,CHF,0.15,60.0,51.0
TXN-CH-2-000228,2026-08-26 05:20:49,2026-08-26 05:26:49,CH,SAP S/4HANA,A,PUR-002,PureLife BP Monitor,Medical Device,PureLife,E-commerce,6,85.71,CHF,0.0,514.26,514.26
TXN-CH-2-000229,2026-08-26 13:36:09,2026-08-26 13:42:09,CH,SAP S/4HANA,A,DER-001,Dermacare GlowSerum,Aesthetic,Dermacare,Pharmacy/B2B,12,30.48,CHF,0.15,365.76,310.9
TXN-CH-2-000230,2026-08-26 19:55:27,2026-08-26 19:58:27,CH,SAP S/4HANA,A,DER-001,Dermacare GlowSerum,Aesthetic,Dermacare,Pharmacy/B2B,1,30.48,CHF,0.0,30.48,30.48
TXN-CH-2-000231,2026-08-26 12:21:33,2026-08-26 12:27:33,CH,SAP S/4HANA,A,PUR-001,PureLife GlucoMonitor,Medical Device,PureLife,Pharmacy/B2B,3,80.95,CHF,0.2,242.85,194.28
TXN-CH-2-000232,2026-08-26 07:41:04,2026-08-26 07:45:04,CH,SAP S/4HANA,A,VIT-001,Vitalis C1000,Supplement,Vitalis,D2C,12,20.0,CHF,0.0,240.0,240.0
TXN-CH-2-000233,2026-08-26 10:40:56,2026-08-26 10:45:56,CH,SAP S/4HANA,A,SAN-001,SanaPlus PainRelief,OTC,SanaPlus,Wholesale,11,9.05,CHF,0.0,99.55,99.55
TXN-CH-2-000234,2026-08-26 00:10:11,2026-08-26 00:12:11,CH,SAP S/4HANA,A,SAN-002,SanaPlus ColdFlu,OTC,SanaPlus,Pharmacy/B2B,10,10.0,CHF,0.15,100.0,85.0
TXN-CH-2-000235,2026-08-26 01:26:54,2026-08-26 01:30:54,CH,SAP S/4HANA,A,DER-002,Dermacare LiftCream,Aesthetic,Dermacare,E-commerce,5,35.24,CHF,0.15,176.2,149.77
TXN-CH-2-000236,2026-08-26 09:48:19,2026-08-26 09:52:19,CH,SAP S/4HANA,A,MED-001,Medora Cardio 10mg,Prescription,Medora,D2C,8,40.95,CHF,0.15,327.6,278.46
TXN-CH-2-000237,2026-08-26 17:38:36,2026-08-26 17:40:36,CH,SAP S/4HANA,A,SAN-001,SanaPlus PainRelief,OTC,SanaPlus,Wholesale,8,9.05,CHF,0.0,72.4,72.4
TXN-CH-2-000238,2026-08-26 16:40:41,2026-08-26 16:44:41,CH,SAP S/4HANA,A,VIT-002,Vitalis Multivit,Supplement,Vitalis,Pharmacy/B2B,11,16.19,CHF,0.1,178.09,160.28
TXN-CH-2-000239,2026-08-26 07:44:29,2026-08-26 07:47:29,CH,SAP S/4HANA,A,DER-002,Dermacare LiftCream,Aesthetic,Dermacare,E-commerce,11,35.24,CHF,0.1,387.64,348.88
TXN-CH-2-000240,2026-08-26 21:57:45,2026-08-26 21:58:45,CH,SAP S/4HANA,A,PUR-002,PureLife BP Monitor,Medical Device,PureLife,Pharmacy/B2B,11,85.71,CHF,0.0,942.81,942.81
TXN-CH-2-000241,2026-08-26 01:20:43,2026-08-26 01:26:43,CH,SAP S/4HANA,A,DER-001,Dermacare GlowSerum,Aesthetic,Dermacare,E-commerce,5,30.48,CHF,0.15,152.4,129.54
TXN-CH-2-000242,2026-08-26 16:45:19,2026-08-26 16:48:19,CH,SAP S/4HANA,A,MED-002,Medora Derm Cream,Prescription,Medora,Pharmacy/B2B,5,24.76,CHF,0.2,123.8,99.04
TXN-CH-2-000243,2026-08-26 04:54:04,2026-08-26 04:55:04,CH,SAP S/4HANA,A,VIT-001,Vitalis C1000,Supplement,Vitalis,E-commerce,4,20.0,CHF,0.0,80.0,80.0
TXN-CH-2-000244,2026-08-26 11:30:22,2026-08-26 11:35:22,CH,SAP S/4HANA,A,DER-002,Dermacare LiftCream,Aesthetic,Dermacare,D2C,8,35.24,CHF,0.0,281.92,281.92
TXN-CH-2-000245,2026-08-26 07:49:14,2026-08-26 07:53:14,CH,SAP S/4HANA,A,PUR-001,PureLife GlucoMonitor,Medical Device,PureLife,E-commerce,9,80.95,CHF,0.2,728.55,582.84
TXN-CH-2-000246,2026-08-26 17:28:57,2026-08-26 17:32:57,CH,SAP S/4HANA,A,SAN-002,SanaPlus ColdFlu,OTC,SanaPlus,Wholesale,6,10.0,CHF,0.15,60.0,51.0
TXN-CH-2-000247,2026-08-26 13:00:22,2026-08-26 13:03:22,CH,SAP S/4HANA,A,VIT-001,Vitalis C1000,Supplement,Vitalis,D2C,9,20.0,CHF,0.05,180.0,171.0
TXN-CH-2-000248,2026-08-26 20:17:45,2026-08-26 20:20:45,CH,SAP S/4HANA,A,DER-001,Dermacare GlowSerum,Aesthetic,Dermacare,D2C,1,30.48,CHF,0.15,30.48,25.91
TXN-CH-2-000249,2026-08-26 15:31:02,2026-08-26 15:35:02,CH,SAP S/4HANA,A,SAN-001,SanaPlus PainRelief,OTC,SanaPlus,Wholesale,9,9.05,CHF,0.0,81.45,81.45
TXN-CH-2-000250,2026-08-26 23:57:04,2026-08-27 00:01:04,CH,SAP S/4HANA,A,SAN-001,SanaPlus PainRelief,OTC,SanaPlus,Wholesale,2,9.05,CHF,0.0,18.1,18.1
TXN-CH-2-000251,2026-08-26 01:38:13,2026-08-26 01:39:13,CH,SAP S/4HANA,A,MED-001,Medora Cardio 10mg,Prescription,Medora,E-commerce,6,40.95,CHF,0.0,245.7,245.7
TXN-CH-2-000252,2026-08-26 09:30:35,2026-08-26 09:34:35,CH,SAP S/4HANA,A,SAN-001,SanaPlus PainRelief,OTC,SanaPlus,D2C,4,9.05,CHF,0.0,36.2,36.2
TXN-CH-2-000253,2026-08-26 10:24:09,2026-08-26 10:28:09,CH,SAP S/4HANA,A,PUR-002,PureLife BP Monitor,Medical Device,PureLife,D2C,3,85.71,CHF,0.1,257.13,231.42
TXN-CH-2-000254,2026-08-26 09:40:00,2026-08-26 09:46:00,CH,SAP S/4HANA,A,PUR-001,PureLife GlucoMonitor,Medical Device,PureLife,D2C,5,80.95,CHF,0.05,404.75,384.51
TXN-CH-2-000255,2026-08-26 00:13:13,2026-08-26 00:16:13,CH,SAP S/4HANA,A,MED-002,Medora Derm Cream,Prescription,Medora,D2C,6,24.76,CHF,0.0,148.56,148.56
TXN-CH-2-000256,2026-08-26 11:58:34,2026-08-26 12:04:34,CH,SAP S/4HANA,A,DER-001,Dermacare GlowSerum,Aesthetic,Dermacare,E-commerce,4,30.48,CHF,0.05,121.92,115.82
TXN-CH-2-000257,2026-08-26 01:28:11,2026-08-26 01:32:11,CH,SAP S/4HANA,A,PUR-002,PureLife BP Monitor,Medical Device,PureLife,D2C,11,85.71,CHF,0.0,942.81,942.81
TXN-CH-2-000258,2026-08-26 02:23:27,2026-08-26 02:28:27,CH,SAP S/4HANA,A,MED-002,Medora Derm Cream,Prescription,Medora,Wholesale,11,24.76,CHF,0.0,272.36,272.36
TXN-CH-2-000259,2026-08-26 07:12:09,2026-08-26 07:17:09,CH,SAP S/4HANA,A,DER-002,Dermacare LiftCream,Aesthetic,Dermacare,D2C,11,35.24,CHF,0.1,387.64,348.88
TXN-CH-2-000260,2026-08-26 12:40:46,2026-08-26 12:43:46,CH,SAP S/4HANA,A,PUR-002,PureLife BP Monitor,Medical Device,PureLife,D2C,3,85.71,CHF,0.0,257.13,257.13
TXN-CH-2-000261,2026-08-26 20:55:48,2026-08-26 21:00:48,CH,SAP S/4HANA,A,MED-002,Medora Derm Cream,Prescription,Medora,E-commerce,4,24.76,CHF,0.15,99.04,84.18
TXN-CH-2-000262,2026-08-26 05:31:31,2026-08-26 05:34:31,CH,SAP S/4HANA,A,MED-002,Medora Derm Cream,Prescription,Medora,Wholesale,8,24.76,CHF,0.15,198.08,168.37
TXN-CH-2-000263,2026-08-26 03:10:19,2026-08-26 03:11:19,CH,SAP S/4HANA,A,PUR-001,PureLife GlucoMonitor,Medical Device,PureLife,Pharmacy/B2B,2,80.95,CHF,0.15,161.9,137.62
TXN-CH-2-000264,2026-08-26 13:44:30,2026-08-26 13:48:30,CH,SAP S/4HANA,A,DER-002,Dermacare LiftCream,Aesthetic,Dermacare,D2C,4,35.24,CHF,0.05,140.96,133.91
TXN-CH-2-000265,2026-08-26 01:52:43,2026-08-26 01:55:43,CH,SAP S/4HANA,A,PUR-001,PureLife GlucoMonitor,Medical Device,PureLife,Pharmacy/B2B,10,80.95,CHF,0.1,809.5,728.55
TXN-CH-2-000266,2026-08-26 12:04:55,2026-08-26 12:09:55,CH,SAP S/4HANA,A,VIT-001,Vitalis C1000,Supplement,Vitalis,Wholesale,2,20.0,CHF,0.0,40.0,40.0
TXN-CH-2-000267,2026-08-26 08:07:55,2026-08-26 08:13:55,CH,SAP S/4HANA,A,DER-001,Dermacare GlowSerum,Aesthetic,Dermacare,D2C,8,30.48,CHF,0.0,243.84,243.84
TXN-CH-2-000268,2026-08-26 22:00:27,2026-08-26 22:02:27,CH,SAP S/4HANA,A,SAN-001,SanaPlus PainRelief,OTC,SanaPlus,Wholesale,7,9.05,CHF,0.15,63.35,53.85
TXN-CH-2-000269,2026-08-26 18:48:55,2026-08-26 18:53:55,CH,SAP S/4HANA,A,PUR-002,PureLife BP Monitor,Medical Device,PureLife,E-commerce,12,85.71,CHF,0.1,1028.52,925.67
TXN-CH-2-000270,2026-08-26 15:12:56,2026-08-26 15:13:56,CH,SAP S/4HANA,A,DER-001,Dermacare GlowSerum,Aesthetic,Dermacare,Pharmacy/B2B,12,30.48,CHF,0.1,365.76,329.18
TXN-CH-2-000271,2026-08-26 17:29:41,2026-08-26 17:33:41,CH,SAP S/4HANA,A,DER-001,Dermacare GlowSerum,Aesthetic,Dermacare,D2C,12,30.48,CHF,0.0,365.76,365.76
TXN-CH-2-000272,2026-08-26 19:03:36,2026-08-26 19:09:36,CH,SAP S/4HANA,A,MED-001,Medora Cardio 10mg,Prescription,Medora,D2C,4,40.95,CHF,0.0,163.8,163.8
TXN-CH-2-000273,2026-08-26 22:30:43,2026-08-26 22:34:43,CH,SAP S/4HANA,A,SAN-002,SanaPlus ColdFlu,OTC,SanaPlus,E-commerce,12,10.0,CHF,0.0,120.0,120.0
TXN-CH-2-000274,2026-08-26 16:16:32,2026-08-26 16:21:32,CH,SAP S/4HANA,A,MED-001,Medora Cardio 10mg,Prescription,Medora,Pharmacy/B2B,6,40.95,CHF,0.0,245.7,245.7
TXN-CH-2-000275,2026-08-26 02:21:31,2026-08-26 02:23:31,CH,SAP S/4HANA,A,DER-001,Dermacare GlowSerum,Aesthetic,Dermacare,Pharmacy/B2B,6,30.48,CHF,0.0,182.88,182.88
TXN-CH-2-000276,2026-08-26 17:50:37,2026-08-26 17:53:37,CH,SAP S/4HANA,A,MED-001,Medora Cardio 10mg,Prescription,Medora,E-commerce,11,40.95,CHF,0.2,450.45,360.36
TXN-CH-2-000277,2026-08-26 19:21:07,2026-08-26 19:24:07,CH,SAP S/4HANA,A,SAN-002,SanaPlus ColdFlu,OTC,SanaPlus,D2C,9,10.0,CHF,0.2,90.0,72.0
TXN-CH-2-000278,2026-08-26 16:05:10,2026-08-26 16:09:10,CH,SAP S/4HANA,A,PUR-002,PureLife BP Monitor,Medical Device,PureLife,D2C,6,85.71,CHF,0.1,514.26,462.83
TXN-CH-2-000279,2026-08-26 03:25:30,2026-08-26 03:31:30,CH,SAP S/4HANA,A,VIT-001,Vitalis C1000,Supplement,Vitalis,Wholesale,9,20.0,CHF,0.0,180.0,180.0
TXN-CH-2-000280,2026-08-26 08:16:12,2026-08-26 08:17:12,CH,SAP S/4HANA,A,DER-002,Dermacare LiftCream,Aesthetic,Dermacare,E-commerce,8,35.24,CHF,0.2,281.92,225.54
TXN-CH-2-000281,2026-08-26 07:38:06,2026-08-26 07:39:06,CH,SAP S/4HANA,A,PUR-001,PureLife GlucoMonitor,Medical Device,PureLife,E-commerce,6,80.95,CHF,0.1,485.7,437.13
TXN-CH-2-000282,2026-08-26 11:10:45,2026-08-26 11:11:45,CH,SAP S/4HANA,A,VIT-001,Vitalis C1000,Supplement,Vitalis,E-commerce,12,20.0,CHF,0.0,240.0,240.0
TXN-CH-2-000283,2026-08-26 11:56:03,2026-08-26 12:01:03,CH,SAP S/4HANA,A,VIT-001,Vitalis C1000,Supplement,Vitalis,E-commerce,3,20.0,CHF,0.2,60.0,48.0
TXN-CH-2-000284,2026-08-26 13:27:47,2026-08-26 13:33:47,CH,SAP S/4HANA,A,PUR-001,PureLife GlucoMonitor,Medical Device,PureLife,Pharmacy/B2B,12,80.95,CHF,0.0,971.4,971.4
TXN-CH-2-000285,2026-08-26 10:31:16,2026-08-26 10:34:16,CH,SAP S/4HANA,A,SAN-002,SanaPlus ColdFlu,OTC,SanaPlus,Wholesale,2,10.0,CHF,0.0,20.0,20.0
TXN-CH-2-000286,2026-08-26 13:57:08,2026-08-26 13:59:08,CH,SAP S/4HANA,A,DER-002,Dermacare LiftCream,Aesthetic,Dermacare,D2C,4,35.24,CHF,0.0,140.96,140.96
TXN-CH-2-000287,2026-08-26 03:44:19,2026-08-26 03:47:19,CH,SAP S/4HANA,A,PUR-002,PureLife BP Monitor,Medical Device,PureLife,E-commerce,9,85.71,CHF,0.2,771.39,617.11
TXN-CH-2-000288,2026-08-26 14:59:16,2026-08-26 15:01:16,CH,SAP S/4HANA,A,VIT-001,Vitalis C1000,Supplement,Vitalis,Wholesale,12,20.0,CHF,0.0,240.0,240.0
TXN-CH-2-000289,2026-08-26 05:36:06,2026-08-26 05:38:06,CH,SAP S/4HANA,A,MED-002,Medora Derm Cream,Prescription,Medora,Wholesale,5,24.76,CHF,0.15,123.8,105.23
TXN-CH-2-000290,2026-08-26 01:12:44,2026-08-26 01:14:44,CH,SAP S/4HANA,A,PUR-001,PureLife GlucoMonitor,Medical Device,PureLife,Pharmacy/B2B,1,80.95,CHF,0.05,80.95,76.9
TXN-CH-2-000291,2026-08-26 00:06:17,2026-08-26 00:12:17,CH,SAP S/4HANA,A,DER-002,Dermacare LiftCream,Aesthetic,Dermacare,Wholesale,4,35.24,CHF,0.2,140.96,112.77
TXN-CH-2-000292,2026-08-26 10:48:15,2026-08-26 10:51:15,CH,SAP S/4HANA,A,VIT-002,Vitalis Multivit,Supplement,Vitalis,E-commerce,5,16.19,CHF,0.15,80.95,68.81
TXN-CH-2-000293,2026-08-26 15:06:50,2026-08-26 15:07:50,CH,SAP S/4HANA,A,VIT-001,Vitalis C1000,Supplement,Vitalis,Wholesale,4,20.0,CHF,0.0,80.0,80.0
TXN-CH-2-000294,2026-08-26 13:20:56,2026-08-26 13:24:56,CH,SAP S/4HANA,A,SAN-001,SanaPlus PainRelief,OTC,SanaPlus,Pharmacy/B2B,12,9.05,CHF,0.05,108.6,103.17
TXN-CH-2-000295,2026-08-26 23:14:25,2026-08-26 23:16:25,CH,SAP S/4HANA,A,PUR-002,PureLife BP Monitor,Medical Device,PureLife,Wholesale,1,85.71,CHF,0.2,85.71,68.57
TXN-CH-2-000296,2026-08-26 06:13:40,2026-08-26 06:16:40,CH,SAP S/4HANA,A,VIT-001,Vitalis C1000,Supplement,Vitalis,Pharmacy/B2B,6,20.0,CHF,0.15,120.0,102.0
TXN-CH-2-000297,2026-08-26 03:12:32,2026-08-26 03:15:32,CH,SAP S/4HANA,A,VIT-002,Vitalis Multivit,Supplement,Vitalis,D2C,2,16.19,CHF,0.05,32.38,30.76
TXN-CH-2-000298,2026-08-26 04:45:31,2026-08-26 04:51:31,CH,SAP S/4HANA,A,VIT-002,Vitalis Multivit,Supplement,Vitalis,Wholesale,9,16.19,CHF,0.0,145.71,145.71
TXN-CH-2-000299,2026-08-26 01:35:09,2026-08-26 01:38:09,CH,SAP S/4HANA,A,SAN-001,SanaPlus PainRelief,OTC,SanaPlus,D2C,3,9.05,CHF,0.05,27.15,25.79
TXN-CH-2-000300,2026-08-26 01:52:02,2026-08-26 01:58:02,CH,SAP S/4HANA,A,VIT-001,Vitalis C1000,Supplement,Vitalis,E-commerce,6,20.0,CHF,0.0,120.0,120.0
TXN-CH-2-000301,2026-08-26 23:51:10,2026-08-26 23:55:10,CH,SAP S/4HANA,A,VIT-001,Vitalis C1000,Supplement,Vitalis,E-commerce,5,20.0,CHF,0.0,100.0,100.0
TXN-CH-2-000302,2026-08-26 11:38:04,2026-08-26 11:44:04,CH,SAP S/4HANA,A,SAN-002,SanaPlus ColdFlu,OTC,SanaPlus,E-commerce,1,10.0,CHF,0.2,10.0,8.0
TXN-CH-2-000303,2026-08-26 14:46:03,2026-08-26 14:47:03,CH,SAP S/4HANA,A,MED-002,Medora Derm Cream,Prescription,Medora,E-commerce,10,24.76,CHF,0.0,247.6,247.6
TXN-CH-2-000304,2026-08-26 00:09:19,2026-08-26 00:12:19,CH,SAP S/4HANA,A,SAN-002,SanaPlus ColdFlu,OTC,SanaPlus,E-commerce,8,10.0,CHF,0.0,80.0,80.0
TXN-CH-2-000305,2026-08-26 23:06:12,2026-08-26 23:08:12,CH,SAP S/4HANA,A,VIT-002,Vitalis Multivit,Supplement,Vitalis,D2C,1,16.19,CHF,0.1,16.19,14.57
TXN-CH-2-000306,2026-08-26 17:54:23,2026-08-26 17:55:23,CH,SAP S/4HANA,A,SAN-002,SanaPlus ColdFlu,OTC,SanaPlus,Wholesale,9,10.0,CHF,0.2,90.0,72.0
TXN-CH-2-000307,2026-08-26 08:12:32,2026-08-26 08:14:32,CH,SAP S/4HANA,A,SAN-002,SanaPlus ColdFlu,OTC,SanaPlus,D2C,6,10.0,CHF,0.05,60.0,57.0
TXN-CH-2-000308,2026-08-26 08:43:59,2026-08-26 08:48:59,CH,SAP S/4HANA,A,SAN-002,SanaPlus ColdFlu,OTC,SanaPlus,Pharmacy/B2B,9,10.0,CHF,0.2,90.0,72.0
TXN-CH-2-000309,2026-08-26 05:36:04,2026-08-26 05:41:04,CH,SAP S/4HANA,A,SAN-001,SanaPlus PainRelief,OTC,SanaPlus,E-commerce,10,9.05,CHF,0.1,90.5,81.45
TXN-CH-2-000310,2026-08-26 15:58:29,2026-08-26 16:01:29,CH,SAP S/4HANA,A,PUR-001,PureLife GlucoMonitor,Medical Device,PureLife,Wholesale,10,80.95,CHF,0.1,809.5,728.55
TXN-CH-2-000311,2026-08-26 01:32:29,2026-08-26 01:33:29,CH,SAP S/4HANA,A,SAN-002,SanaPlus ColdFlu,OTC,SanaPlus,D2C,8,10.0,CHF,0.15,80.0,68.0
TXN-CH-2-000312,2026-08-26 07:35:28,2026-08-26 07:37:28,CH,SAP S/4HANA,A,PUR-001,PureLife GlucoMonitor,Medical Device,PureLife,Pharmacy/B2B,8,80.95,CHF,0.1,647.6,582.84
TXN-CH-2-000313,2026-08-26 04:34:45,2026-08-26 04:38:45,CH,SAP S/4HANA,A,DER-001,Dermacare GlowSerum,Aesthetic,Dermacare,Pharmacy/B2B,10,30.48,CHF,0.15,304.8,259.08
TXN-CH-2-000314,2026-08-26 10:31:11,2026-08-26 10:32:11,CH,SAP S/4HANA,A,SAN-001,SanaPlus PainRelief,OTC,SanaPlus,D2C,8,9.05,CHF,0.0,72.4,72.4
TXN-CH-2-000315,2026-08-26 00:57:17,2026-08-26 00:58:17,CH,SAP S/4HANA,A,DER-002,Dermacare LiftCream,Aesthetic,Dermacare,D2C,1,35.24,CHF,0.0,35.24,35.24
TXN-CH-2-000316,2026-08-26 15:00:50,2026-08-26 15:06:50,CH,SAP S/4HANA,A,DER-001,Dermacare GlowSerum,Aesthetic,Dermacare,D2C,6,30.48,CHF,0.1,182.88,164.59
TXN-CH-2-000317,2026-08-26 21:40:21,2026-08-26 21:45:21,CH,SAP S/4HANA,A,MED-001,Medora Cardio 10mg,Prescription,Medora,Wholesale,6,40.95,CHF,0.1,245.7,221.13
TXN-CH-2-000318,2026-08-26 14:27:03,2026-08-26 14:32:03,CH,SAP S/4HANA,A,DER-002,Dermacare LiftCream,Aesthetic,Dermacare,E-commerce,3,35.24,CHF,0.0,105.72,105.72
TXN-CH-2-000319,2026-08-26 06:09:42,2026-08-26 06:12:42,CH,SAP S/4HANA,A,VIT-001,Vitalis C1000,Supplement,Vitalis,Pharmacy/B2B,5,20.0,CHF,0.0,100.0,100.0
TXN-CH-2-000320,2026-08-26 00:39:38,2026-08-26 00:40:38,CH,SAP S/4HANA,A,DER-001,Dermacare GlowSerum,Aesthetic,Dermacare,E-commerce,12,30.48,CHF,0.0,365.76,365.76
TXN-CH-2-000321,2026-08-26 20:54:15,2026-08-26 20:55:15,CH,SAP S/4HANA,A,MED-001,Medora Cardio 10mg,Prescription,Medora,Wholesale,10,40.95,CHF,0.05,409.5,389.02
TXN-CH-2-000322,2026-08-26 03:40:02,2026-08-26 03:46:02,CH,SAP S/4HANA,A,VIT-002,Vitalis Multivit,Supplement,Vitalis,Wholesale,4,16.19,CHF,0.0,64.76,64.76
TXN-CH-2-000323,2026-08-26 21:32:39,2026-08-26 21:33:39,CH,SAP S/4HANA,A,MED-002,Medora Derm Cream,Prescription,Medora,D2C,12,24.76,CHF,0.0,297.12,297.12
TXN-CH-2-000324,2026-08-26 01:47:56,2026-08-26 01:49:56,CH,SAP S/4HANA,A,PUR-001,PureLife GlucoMonitor,Medical Device,PureLife,Wholesale,2,80.95,CHF,0.0,161.9,161.9
TXN-CH-2-000325,2026-08-26 05:15:28,2026-08-26 05:17:28,CH,SAP S/4HANA,A,VIT-001,Vitalis C1000,Supplement,Vitalis,Wholesale,11,20.0,CHF,0.2,220.0,176.0
TXN-CH-2-000326,2026-08-26 04:23:29,2026-08-26 04:26:29,CH,SAP S/4HANA,A,MED-001,Medora Cardio 10mg,Prescription,Medora,E-commerce,11,40.95,CHF,0.0,450.45,450.45
TXN-CH-2-000327,2026-08-26 12:00:38,2026-08-26 12:03:38,CH,SAP S/4HANA,A,VIT-001,Vitalis C1000,Supplement,Vitalis,E-commerce,5,20.0,CHF,0.15,100.0,85.0
TXN-CH-2-000328,2026-08-26 21:38:58,2026-08-26 21:40:58,CH,SAP S/4HANA,A,VIT-001,Vitalis C1000,Supplement,Vitalis,D2C,4,20.0,CHF,0.0,80.0,80.0
TXN-CH-2-000329,2026-08-26 05:24:45,2026-08-26 05:26:45,CH,SAP S/4HANA,A,VIT-001,Vitalis C1000,Supplement,Vitalis,Pharmacy/B2B,1,20.0,CHF,0.0,20.0,20.0
TXN-CH-2-000330,2026-08-26 03:30:49,2026-08-26 03:32:49,CH,SAP S/4HANA,A,VIT-001,Vitalis C1000,Supplement,Vitalis,Wholesale,9,20.0,CHF,0.1,180.0,162.0
TXN-CH-2-000331,2026-08-26 06:14:12,2026-08-26 06:19:12,CH,SAP S/4HANA,A,VIT-001,Vitalis C1000,Supplement,Vitalis,D2C,11,20.0,CHF,0.0,220.0,220.0
TXN-CH-2-000332,2026-08-26 12:07:15,2026-08-26 12:08:15,CH,SAP S/4HANA,A,PUR-002,PureLife BP Monitor,Medical Device,PureLife,Wholesale,10,85.71,CHF,0.0,857.1,857.1
TXN-CH-2-000333,2026-08-26 08:29:43,2026-08-26 08:32:43,CH,SAP S/4HANA,A,VIT-002,Vitalis Multivit,Supplement,Vitalis,E-commerce,10,16.19,CHF,0.0,161.9,161.9
TXN-CH-2-000334,2026-08-26 13:51:30,2026-08-26 13:52:30,CH,SAP S/4HANA,A,DER-002,Dermacare LiftCream,Aesthetic,Dermacare,Wholesale,3,35.24,CHF,0.1,105.72,95.15
TXN-CH-2-000335,2026-08-26 10:13:08,2026-08-26 10:19:08,CH,SAP S/4HANA,A,PUR-001,PureLife GlucoMonitor,Medical Device,PureLife,D2C,7,80.95,CHF,0.15,566.65,481.65
TXN-CH-2-000336,2026-08-26 17:46:28,2026-08-26 17:50:28,CH,SAP S/4HANA,A,SAN-001,SanaPlus PainRelief,OTC,SanaPlus,Pharmacy/B2B,9,9.05,CHF,0.2,81.45,65.16
TXN-CH-2-000337,2026-08-26 21:42:09,2026-08-26 21:46:09,CH,SAP S/4HANA,A,DER-002,Dermacare LiftCream,Aesthetic,Dermacare,D2C,4,35.24,CHF,0.05,140.96,133.91
TXN-CH-2-000338,2026-08-26 02:30:59,2026-08-26 02:33:59,CH,SAP S/4HANA,A,MED-001,Medora Cardio 10mg,Prescription,Medora,E-commerce,1,40.95,CHF,0.15,40.95,34.81
TXN-CH-2-000339,2026-08-26 16:55:40,2026-08-26 16:56:40,CH,SAP S/4HANA,A,PUR-002,PureLife BP Monitor,Medical Device,PureLife,Pharmacy/B2B,7,85.71,CHF,0.0,599.97,599.97
TXN-CH-2-000340,2026-08-26 08:38:47,2026-08-26 08:42:47,CH,SAP S/4HANA,A,MED-001,Medora Cardio 10mg,Prescription,Medora,E-commerce,8,40.95,CHF,0.0,327.6,327.6
TXN-CH-2-000341,2026-08-26 04:26:28,2026-08-26 04:32:28,CH,SAP S/4HANA,A,SAN-002,SanaPlus ColdFlu,OTC,SanaPlus,Wholesale,8,10.0,CHF,0.2,80.0,64.0
TXN-CH-2-000342,2026-08-26 05:57:58,2026-08-26 06:01:58,CH,SAP S/4HANA,A,MED-002,Medora Derm Cream,Prescription,Medora,Wholesale,12,24.76,CHF,0.2,297.12,237.7
TXN-CH-2-000343,2026-08-26 07:12:06,2026-08-26 07:16:06,CH,SAP S/4HANA,A,VIT-001,Vitalis C1000,Supplement,Vitalis,E-commerce,5,20.0,CHF,0.0,100.0,100.0
TXN-CH-2-000344,2026-08-26 21:46:49,2026-08-26 21:52:49,CH,SAP S/4HANA,A,PUR-001,PureLife GlucoMonitor,Medical Device,PureLife,Wholesale,12,80.95,CHF,0.05,971.4,922.83
TXN-CH-2-000345,2026-08-26 16:33:42,2026-08-26 16:35:42,CH,SAP S/4HANA,A,PUR-001,PureLife GlucoMonitor,Medical Device,PureLife,E-commerce,12,80.95,CHF,0.0,971.4,971.4
TXN-CH-2-000346,2026-08-26 07:04:20,2026-08-26 07:09:20,CH,SAP S/4HANA,A,VIT-001,Vitalis C1000,Supplement,Vitalis,Pharmacy/B2B,5,20.0,CHF,0.05,100.0,95.0
TXN-CH-2-000347,2026-08-26 06:03:01,2026-08-26 06:08:01,CH,SAP S/4HANA,A,VIT-001,Vitalis C1000,Supplement,Vitalis,E-commerce,3,20.0,CHF,0.0,60.0,60.0
TXN-CH-2-000348,2026-08-26 19:17:58,2026-08-26 19:19:58,CH,SAP S/4HANA,A,VIT-002,Vitalis Multivit,Supplement,Vitalis,Pharmacy/B2B,4,16.19,CHF,0.1,64.76,58.28
TXN-CH-2-000349,2026-08-26 11:50:54,2026-08-26 11:52:54,CH,SAP S/4HANA,A,VIT-001,Vitalis C1000,Supplement,Vitalis,E-commerce,6,20.0,CHF,0.1,120.0,108.0
TXN-CH-2-000350,2026-08-26 01:01:03,2026-08-26 01:05:03,CH,SAP S/4HANA,A,VIT-001,Vitalis C1000,Supplement,Vitalis,Wholesale,11,20.0,CHF,0.0,220.0,220.0
TXN-CH-2-000351,2026-08-26 21:09:00,2026-08-26 21:15:00,CH,SAP S/4HANA,A,SAN-001,SanaPlus PainRelief,OTC,SanaPlus,Pharmacy/B2B,12,9.05,CHF,0.15,108.6,92.31
TXN-CH-2-000352,2026-08-26 03:29:29,2026-08-26 03:32:29,CH,SAP S/4HANA,A,SAN-001,SanaPlus PainRelief,OTC,SanaPlus,Pharmacy/B2B,3,9.05,CHF,0.0,27.15,27.15
TXN-CH-2-000353,2026-08-26 12:19:13,2026-08-26 12:21:13,CH,SAP S/4HANA,A,VIT-001,Vitalis C1000,Supplement,Vitalis,E-commerce,5,20.0,CHF,0.2,100.0,80.0
TXN-CH-2-000354,2026-08-26 13:27:34,2026-08-26 13:31:34,CH,SAP S/4HANA,A,DER-002,Dermacare LiftCream,Aesthetic,Dermacare,Pharmacy/B2B,9,35.24,CHF,0.15,317.16,269.59
TXN-CH-2-000355,2026-08-26 23:29:04,2026-08-26 23:34:04,CH,SAP S/4HANA,A,VIT-002,Vitalis Multivit,Supplement,Vitalis,E-commerce,12,16.19,CHF,0.15,194.28,165.14
TXN-CH-2-000356,2026-08-26 12:41:12,2026-08-26 12:42:12,CH,SAP S/4HANA,A,SAN-001,SanaPlus PainRelief,OTC,SanaPlus,Wholesale,3,9.05,CHF,0.15,27.15,23.08
TXN-CH-2-000357,2026-08-26 22:20:26,2026-08-26 22:26:26,CH,SAP S/4HANA,A,VIT-002,Vitalis Multivit,Supplement,Vitalis,E-commerce,11,16.19,CHF,0.05,178.09,169.19
TXN-CH-2-000358,2026-08-26 10:08:01,2026-08-26 10:09:01,CH,SAP S/4HANA,A,SAN-002,SanaPlus ColdFlu,OTC,SanaPlus,E-commerce,6,10.0,CHF,0.1,60.0,54.0
TXN-CH-2-000359,2026-08-26 08:31:48,2026-08-26 08:33:48,CH,SAP S/4HANA,A,PUR-001,PureLife GlucoMonitor,Medical Device,PureLife,Wholesale,9,80.95,CHF,0.15,728.55,619.27
TXN-CH-2-000360,2026-08-26 21:12:30,2026-08-26 21:15:30,CH,SAP S/4HANA,A,PUR-002,PureLife BP Monitor,Medical Device,PureLife,Pharmacy/B2B,12,85.71,CHF,0.2,1028.52,822.82
TXN-CH-2-000361,2026-08-26 22:11:16,2026-08-26 22:12:16,CH,SAP S/4HANA,A,SAN-002,SanaPlus ColdFlu,OTC,SanaPlus,E-commerce,1,10.0,CHF,0.1,10.0,9.0
TXN-CH-2-000362,2026-08-26 23:15:56,2026-08-26 23:21:56,CH,SAP S/4HANA,A,SAN-001,SanaPlus PainRelief,OTC,SanaPlus,D2C,9,9.05,CHF,0.05,81.45,77.38
TXN-CH-2-000363,2026-08-26 13:09:30,2026-08-26 13:14:30,CH,SAP S/4HANA,A,SAN-002,SanaPlus ColdFlu,OTC,SanaPlus,Pharmacy/B2B,9,10.0,CHF,0.15,90.0,76.5
TXN-CH-2-000364,2026-08-26 06:44:30,2026-08-26 06:47:30,CH,SAP S/4HANA,A,DER-002,Dermacare LiftCream,Aesthetic,Dermacare,E-commerce,4,35.24,CHF,0.0,140.96,140.96
TXN-CH-2-000365,2026-08-26 06:57:26,2026-08-26 06:58:26,CH,SAP S/4HANA,A,MED-001,Medora Cardio 10mg,Prescription,Medora,Wholesale,1,40.95,CHF,0.1,40.95,36.86
TXN-CH-2-000366,2026-08-26 15:20:29,2026-08-26 15:21:29,CH,SAP S/4HANA,A,PUR-001,PureLife GlucoMonitor,Medical Device,PureLife,Wholesale,10,80.95,CHF,0.2,809.5,647.6
TXN-CH-2-000367,2026-08-26 11:03:00,2026-08-26 11:08:00,CH,SAP S/4HANA,A,SAN-001,SanaPlus PainRelief,OTC,SanaPlus,Wholesale,11,9.05,CHF,0.05,99.55,94.57
TXN-CH-2-000368,2026-08-26 10:22:52,2026-08-26 10:26:52,CH,SAP S/4HANA,A,SAN-002,SanaPlus ColdFlu,OTC,SanaPlus,E-commerce,12,10.0,CHF,0.1,120.0,108.0
TXN-CH-2-000369,2026-08-26 03:34:01,2026-08-26 03:37:01,CH,SAP S/4HANA,A,PUR-001,PureLife GlucoMonitor,Medical Device,PureLife,E-commerce,12,80.95,CHF,0.0,971.4,971.4
TXN-CH-2-000370,2026-08-26 23:31:54,2026-08-26 23:35:54,CH,SAP S/4HANA,A,SAN-002,SanaPlus ColdFlu,OTC,SanaPlus,Pharmacy/B2B,9,10.0,CHF,0.15,90.0,76.5
TXN-CH-2-000371,2026-08-26 13:52:17,2026-08-26 13:57:17,CH,SAP S/4HANA,A,VIT-001,Vitalis C1000,Supplement,Vitalis,E-commerce,8,20.0,CHF,0.2,160.0,128.0
TXN-CH-2-000372,2026-08-26 00:01:28,2026-08-26 00:07:28,CH,SAP S/4HANA,A,VIT-001,Vitalis C1000,Supplement,Vitalis,D2C,3,20.0,CHF,0.15,60.0,51.0
TXN-CH-2-000373,2026-08-26 13:26:03,2026-08-26 13:32:03,CH,SAP S/4HANA,A,SAN-001,SanaPlus PainRelief,OTC,SanaPlus,Pharmacy/B2B,2,9.05,CHF,0.15,18.1,15.39
TXN-CH-2-000374,2026-08-26 02:15:39,2026-08-26 02:18:39,CH,SAP S/4HANA,A,SAN-002,SanaPlus ColdFlu,OTC,SanaPlus,Wholesale,3,10.0,CHF,0.15,30.0,25.5
TXN-CH-2-000375,2026-08-26 11:02:31,2026-08-26 11:03:31,CH,SAP S/4HANA,A,VIT-001,Vitalis C1000,Supplement,Vitalis,Wholesale,11,20.0,CHF,0.05,220.0,209.0
TXN-CH-2-000376,2026-08-26 16:13:38,2026-08-26 16:17:38,CH,SAP S/4HANA,A,PUR-001,PureLife GlucoMonitor,Medical Device,PureLife,Pharmacy/B2B,11,80.95,CHF,0.1,890.45,801.41
TXN-CH-2-000377,2026-08-26 09:39:34,2026-08-26 09:40:34,CH,SAP S/4HANA,A,SAN-002,SanaPlus ColdFlu,OTC,SanaPlus,Wholesale,5,10.0,CHF,0.05,50.0,47.5
TXN-CH-2-000378,2026-08-26 01:17:20,2026-08-26 01:19:20,CH,SAP S/4HANA,A,VIT-002,Vitalis Multivit,Supplement,Vitalis,Wholesale,5,16.19,CHF,0.0,80.95,80.95
TXN-CH-2-000379,2026-08-26 10:31:27,2026-08-26 10:34:27,CH,SAP S/4HANA,A,VIT-002,Vitalis Multivit,Supplement,Vitalis,E-commerce,1,16.19,CHF,0.05,16.19,15.38
TXN-CH-2-000380,2026-08-26 11:39:25,2026-08-26 11:42:25,CH,SAP S/4HANA,A,VIT-002,Vitalis Multivit,Supplement,Vitalis,E-commerce,7,16.19,CHF,0.15,113.33,96.33
TXN-CH-2-000381,2026-08-26 02:26:41,2026-08-26 02:29:41,CH,SAP S/4HANA,A,VIT-002,Vitalis Multivit,Supplement,Vitalis,D2C,1,16.19,CHF,0.15,16.19,13.76
TXN-CH-2-000382,2026-08-26 07:33:50,2026-08-26 07:37:50,CH,SAP S/4HANA,A,MED-002,Medora Derm Cream,Prescription,Medora,D2C,3,24.76,CHF,0.2,74.28,59.42
TXN-CH-2-000383,2026-08-26 09:42:09,2026-08-26 09:44:09,CH,SAP S/4HANA,A,MED-002,Medora Derm Cream,Prescription,Medora,Pharmacy/B2B,10,24.76,CHF,0.0,247.6,247.6
TXN-CH-2-000384,2026-08-26 12:12:08,2026-08-26 12:18:08,CH,SAP S/4HANA,A,DER-001,Dermacare GlowSerum,Aesthetic,Dermacare,E-commerce,11,30.48,CHF,0.0,335.28,335.28
TXN-CH-2-000385,2026-08-26 22:32:26,2026-08-26 22:38:26,CH,SAP S/4HANA,A,SAN-002,SanaPlus ColdFlu,OTC,SanaPlus,E-commerce,12,10.0,CHF,0.0,120.0,120.0
TXN-CH-2-000386,2026-08-26 06:47:03,2026-08-26 06:49:03,CH,SAP S/4HANA,A,SAN-002,SanaPlus ColdFlu,OTC,SanaPlus,E-commerce,12,10.0,CHF,0.2,120.0,96.0
TXN-CH-2-000387,2026-08-26 14:37:51,2026-08-26 14:40:51,CH,SAP S/4HANA,A,PUR-002,PureLife BP Monitor,Medical Device,PureLife,Wholesale,5,85.71,CHF,0.05,428.55,407.12
TXN-CH-2-000388,2026-08-26 19:59:21,2026-08-26 20:03:21,CH,SAP S/4HANA,A,MED-001,Medora Cardio 10mg,Prescription,Medora,Wholesale,8,40.95,CHF,0.15,327.6,278.46
TXN-CH-2-000389,2026-08-26 22:47:40,2026-08-26 22:53:40,CH,SAP S/4HANA,A,DER-001,Dermacare GlowSerum,Aesthetic,Dermacare,D2C,5,30.48,CHF,0.0,152.4,152.4
TXN-CH-2-000390,2026-08-26 18:25:56,2026-08-26 18:29:56,CH,SAP S/4HANA,A,VIT-002,Vitalis Multivit,Supplement,Vitalis,Pharmacy/B2B,8,16.19,CHF,0.15,129.52,110.09
TXN-CH-2-000391,2026-08-26 01:05:20,2026-08-26 01:09:20,CH,SAP S/4HANA,A,PUR-001,PureLife GlucoMonitor,Medical Device,PureLife,Pharmacy/B2B,12,80.95,CHF,0.0,971.4,971.4
TXN-CH-2-000392,2026-08-26 02:31:08,2026-08-26 02:37:08,CH,SAP S/4HANA,A,MED-001,Medora Cardio 10mg,Prescription,Medora,Pharmacy/B2B,3,40.95,CHF,0.0,122.85,122.85
TXN-CH-2-000393,2026-08-26 10:33:30,2026-08-26 10:38:30,CH,SAP S/4HANA,A,MED-001,Medora Cardio 10mg,Prescription,Medora,D2C,7,40.95,CHF,0.1,286.65,257.99
TXN-CH-2-000394,2026-08-26 23:18:28,2026-08-26 23:21:28,CH,SAP S/4HANA,A,VIT-001,Vitalis C1000,Supplement,Vitalis,Pharmacy/B2B,2,20.0,CHF,0.15,40.0,34.0
TXN-CH-2-000395,2026-08-26 18:32:30,2026-08-26 18:36:30,CH,SAP S/4HANA,A,SAN-001,SanaPlus PainRelief,OTC,SanaPlus,Pharmacy/B2B,1,9.05,CHF,0.0,9.05,9.05
TXN-CH-2-000396,2026-08-26 09:19:37,2026-08-26 09:24:37,CH,SAP S/4HANA,A,MED-002,Medora Derm Cream,Prescription,Medora,Pharmacy/B2B,11,24.76,CHF,0.2,272.36,217.89
TXN-CH-2-000397,2026-08-26 02:14:51,2026-08-26 02:18:51,CH,SAP S/4HANA,A,VIT-001,Vitalis C1000,Supplement,Vitalis,E-commerce,12,20.0,CHF,0.0,240.0,240.0
TXN-CH-2-000398,2026-08-26 10:41:01,2026-08-26 10:46:01,CH,SAP S/4HANA,A,VIT-001,Vitalis C1000,Supplement,Vitalis,Pharmacy/B2B,5,20.0,CHF,0.1,100.0,90.0
TXN-CH-2-000399,2026-08-26 21:52:47,2026-08-26 21:54:47,CH,SAP S/4HANA,A,MED-001,Medora Cardio 10mg,Prescription,Medora,Wholesale,5,40.95,CHF,0.0,204.75,204.75
TXN-CH-2-000400,2026-08-26 09:38:40,2026-08-26 09:39:40,CH,SAP S/4HANA,A,VIT-001,Vitalis C1000,Supplement,Vitalis,Pharmacy/B2B,1,20.0,CHF,0.05,20.0,19.0
TXN-CH-2-000401,2026-08-26 01:27:36,2026-08-26 01:33:36,CH,SAP S/4HANA,A,SAN-001,SanaPlus PainRelief,OTC,SanaPlus,E-commerce,2,9.05,CHF,0.0,18.1,18.1
TXN-CH-2-000402,2026-08-26 12:40:15,2026-08-26 12:43:15,CH,SAP S/4HANA,A,MED-001,Medora Cardio 10mg,Prescription,Medora,E-commerce,2,40.95,CHF,0.0,81.9,81.9
TXN-CH-2-000403,2026-08-26 19:00:44,2026-08-26 19:05:44,CH,SAP S/4HANA,A,DER-002,Dermacare LiftCream,Aesthetic,Dermacare,D2C,1,35.24,CHF,0.05,35.24,33.48
TXN-CH-2-000404,2026-08-26 15:07:08,2026-08-26 15:08:08,CH,SAP S/4HANA,A,DER-001,Dermacare GlowSerum,Aesthetic,Dermacare,Wholesale,6,30.48,CHF,0.15,182.88,155.45
TXN-CH-2-000405,2026-08-26 04:12:53,2026-08-26 04:15:53,CH,SAP S/4HANA,A,MED-002,Medora Derm Cream,Prescription,Medora,D2C,9,24.76,CHF,0.0,222.84,222.84
TXN-CH-2-000406,2026-08-26 12:34:53,2026-08-26 12:35:53,CH,SAP S/4HANA,A,SAN-002,SanaPlus ColdFlu,OTC,SanaPlus,Wholesale,1,10.0,CHF,0.1,10.0,9.0
TXN-CH-2-000407,2026-08-26 12:47:09,2026-08-26 12:48:09,CH,SAP S/4HANA,A,SAN-001,SanaPlus PainRelief,OTC,SanaPlus,E-commerce,8,9.05,CHF,0.05,72.4,68.78
TXN-CH-2-000408,2026-08-26 01:53:03,2026-08-26 01:59:03,CH,SAP S/4HANA,A,VIT-001,Vitalis C1000,Supplement,Vitalis,Pharmacy/B2B,6,20.0,CHF,0.2,120.0,96.0
TXN-CH-2-000409,2026-08-26 08:23:10,2026-08-26 08:28:10,CH,SAP S/4HANA,A,DER-001,Dermacare GlowSerum,Aesthetic,Dermacare,Pharmacy/B2B,2,30.48,CHF,0.0,60.96,60.96
TXN-CH-2-000410,2026-08-26 04:26:52,2026-08-26 04:27:52,CH,SAP S/4HANA,A,MED-002,Medora Derm Cream,Prescription,Medora,Wholesale,3,24.76,CHF,0.2,74.28,59.42
TXN-CH-2-000411,2026-08-26 17:08:39,2026-08-26 17:09:39,CH,SAP S/4HANA,A,SAN-001,SanaPlus PainRelief,OTC,SanaPlus,E-commerce,6,9.05,CHF,0.1,54.3,48.87
TXN-CH-2-000412,2026-08-26 07:01:11,2026-08-26 07:04:11,CH,SAP S/4HANA,A,MED-002,Medora Derm Cream,Prescription,Medora,Pharmacy/B2B,7,24.76,CHF,0.0,173.32,173.32
TXN-CH-2-000413,2026-08-26 23:33:44,2026-08-26 23:37:44,CH,SAP S/4HANA,A,SAN-002,SanaPlus ColdFlu,OTC,SanaPlus,Pharmacy/B2B,11,10.0,CHF,0.0,110.0,110.0
TXN-CH-2-000414,2026-08-26 18:09:52,2026-08-26 18:11:52,CH,SAP S/4HANA,A,SAN-002,SanaPlus ColdFlu,OTC,SanaPlus,D2C,4,10.0,CHF,0.0,40.0,40.0
TXN-CH-2-000415,2026-08-26 01:18:42,2026-08-26 01:22:42,CH,SAP S/4HANA,A,VIT-002,Vitalis Multivit,Supplement,Vitalis,Wholesale,2,16.19,CHF,0.0,32.38,32.38
TXN-CH-2-000416,2026-08-26 05:18:07,2026-08-26 05:19:07,CH,SAP S/4HANA,A,DER-002,Dermacare LiftCream,Aesthetic,Dermacare,E-commerce,6,35.24,CHF,0.15,211.44,179.72
TXN-CH-2-000417,2026-08-26 01:09:33,2026-08-26 01:14:33,CH,SAP S/4HANA,A,SAN-001,SanaPlus PainRelief,OTC,SanaPlus,D2C,12,9.05,CHF,0.15,108.6,92.31
TXN-CH-2-000418,2026-08-26 06:26:13,2026-08-26 06:29:13,CH,SAP S/4HANA,A,MED-001,Medora Cardio 10mg,Prescription,Medora,Wholesale,12,40.95,CHF,0.2,491.4,393.12
TXN-CH-2-000419,2026-08-26 01:15:19,2026-08-26 01:21:19,CH,SAP S/4HANA,A,PUR-002,PureLife BP Monitor,Medical Device,PureLife,Wholesale,11,85.71,CHF,0.1,942.81,848.53
TXN-CH-2-000420,2026-08-26 04:40:20,2026-08-26 04:43:20,CH,SAP S/4HANA,A,VIT-002,Vitalis Multivit,Supplement,Vitalis,E-commerce,7,16.19,CHF,0.0,113.33,113.33
TXN-CH-2-000421,2026-08-26 03:36:33,2026-08-26 03:42:33,CH,SAP S/4HANA,A,MED-001,Medora Cardio 10mg,Prescription,Medora,E-commerce,2,40.95,CHF,0.2,81.9,65.52
TXN-CH-2-000422,2026-08-26 21:30:34,2026-08-26 21:31:34,CH,SAP S/4HANA,A,SAN-001,SanaPlus PainRelief,OTC,SanaPlus,Pharmacy/B2B,1,9.05,CHF,0.2,9.05,7.24
TXN-CH-2-000423,2026-08-26 21:39:58,2026-08-26 21:44:58,CH,SAP S/4HANA,A,PUR-001,PureLife GlucoMonitor,Medical Device,PureLife,Pharmacy/B2B,3,80.95,CHF,0.2,242.85,194.28
TXN-CH-2-000424,2026-08-26 22:43:52,2026-08-26 22:47:52,CH,SAP S/4HANA,A,MED-002,Medora Derm Cream,Prescription,Medora,E-commerce,11,24.76,CHF,0.15,272.36,231.51
TXN-CH-2-000425,2026-08-26 23:24:24,2026-08-26 23:26:24,CH,SAP S/4HANA,A,PUR-001,PureLife GlucoMonitor,Medical Device,PureLife,Wholesale,5,80.95,CHF,0.15,404.75,344.04
TXN-CH-2-000426,2026-08-26 02:47:56,2026-08-26 02:50:56,CH,SAP S/4HANA,A,PUR-002,PureLife BP Monitor,Medical Device,PureLife,D2C,10,85.71,CHF,0.0,857.1,857.1
TXN-CH-2-000427,2026-08-26 12:57:34,2026-08-26 13:00:34,CH,SAP S/4HANA,A,VIT-002,Vitalis Multivit,Supplement,Vitalis,D2C,12,16.19,CHF,0.0,194.28,194.28
TXN-CH-2-000428,2026-08-26 01:36:00,2026-08-26 01:38:00,CH,SAP S/4HANA,A,DER-001,Dermacare GlowSerum,Aesthetic,Dermacare,Wholesale,5,30.48,CHF,0.15,152.4,129.54
TXN-CH-2-000429,2026-08-26 06:19:28,2026-08-26 06:23:28,CH,SAP S/4HANA,A,VIT-002,Vitalis Multivit,Supplement,Vitalis,Wholesale,11,16.19,CHF,0.1,178.09,160.28
TXN-CH-2-000430,2026-08-26 14:20:04,2026-08-26 14:24:04,CH,SAP S/4HANA,A,SAN-001,SanaPlus PainRelief,OTC,SanaPlus,Pharmacy/B2B,2,9.05,CHF,0.0,18.1,18.1
TXN-CH-2-000431,2026-08-26 12:10:14,2026-08-26 12:11:14,CH,SAP S/4HANA,A,VIT-001,Vitalis C1000,Supplement,Vitalis,E-commerce,12,20.0,CHF,0.05,240.0,228.0
TXN-CH-2-000432,2026-08-26 05:24:12,2026-08-26 05:27:12,CH,SAP S/4HANA,A,VIT-002,Vitalis Multivit,Supplement,Vitalis,Pharmacy/B2B,12,16.19,CHF,0.05,194.28,184.57
TXN-CH-2-000433,2026-08-26 17:56:20,2026-08-26 18:00:20,CH,SAP S/4HANA,A,DER-002,Dermacare LiftCream,Aesthetic,Dermacare,E-commerce,11,35.24,CHF,0.05,387.64,368.26
TXN-CH-2-000434,2026-08-26 16:35:05,2026-08-26 16:39:05,CH,SAP S/4HANA,A,PUR-001,PureLife GlucoMonitor,Medical Device,PureLife,Pharmacy/B2B,1,80.95,CHF,0.05,80.95,76.9
TXN-CH-2-000435,2026-08-26 00:06:39,2026-08-26 00:11:39,CH,SAP S/4HANA,A,VIT-001,Vitalis C1000,Supplement,Vitalis,D2C,1,20.0,CHF,0.1,20.0,18.0
TXN-CH-2-000436,2026-08-26 22:11:51,2026-08-26 22:13:51,CH,SAP S/4HANA,A,SAN-002,SanaPlus ColdFlu,OTC,SanaPlus,Pharmacy/B2B,12,10.0,CHF,0.15,120.0,102.0
TXN-CH-2-000437,2026-08-26 07:58:22,2026-08-26 08:00:22,CH,SAP S/4HANA,A,MED-002,Medora Derm Cream,Prescription,Medora,D2C,8,24.76,CHF,0.1,198.08,178.27
TXN-CH-2-000438,2026-08-26 06:29:45,2026-08-26 06:30:45,CH,SAP S/4HANA,A,PUR-001,PureLife GlucoMonitor,Medical Device,PureLife,E-commerce,11,80.95,CHF,0.0,890.45,890.45
TXN-CH-2-000439,2026-08-26 15:44:18,2026-08-26 15:48:18,CH,SAP S/4HANA,A,MED-002,Medora Derm Cream,Prescription,Medora,Wholesale,11,24.76,CHF,0.0,272.36,272.36
TXN-CH-2-000440,2026-08-26 00:35:17,2026-08-26 00:36:17,CH,SAP S/4HANA,A,DER-002,Dermacare LiftCream,Aesthetic,Dermacare,E-commerce,10,35.24,CHF,0.2,352.4,281.92
TXN-CH-2-000441,2026-08-26 11:50:49,2026-08-26 11:56:49,CH,SAP S/4HANA,A,MED-002,Medora Derm Cream,Prescription,Medora,E-commerce,7,24.76,CHF,0.15,173.32,147.32
TXN-CH-2-000442,2026-08-26 14:36:22,2026-08-26 14:37:22,CH,SAP S/4HANA,A,PUR-001,PureLife GlucoMonitor,Medical Device,PureLife,Wholesale,10,80.95,CHF,0.05,809.5,769.02
TXN-CH-2-000443,2026-08-26 04:01:04,2026-08-26 04:02:04,CH,SAP S/4HANA,A,MED-001,Medora Cardio 10mg,Prescription,Medora,D2C,1,40.95,CHF,0.15,40.95,34.81
TXN-CH-2-000444,2026-08-26 08:42:54,2026-08-26 08:47:54,CH,SAP S/4HANA,A,MED-001,Medora Cardio 10mg,Prescription,Medora,E-commerce,11,40.95,CHF,0.15,450.45,382.88
TXN-CH-2-000445,2026-08-26 17:23:11,2026-08-26 17:27:11,CH,SAP S/4HANA,A,DER-002,Dermacare LiftCream,Aesthetic,Dermacare,E-commerce,7,35.24,CHF,0.0,246.68,246.68
TXN-CH-2-000446,2026-08-26 19:14:48,2026-08-26 19:18:48,CH,SAP S/4HANA,A,VIT-002,Vitalis Multivit,Supplement,Vitalis,E-commerce,4,16.19,CHF,0.2,64.76,51.81
TXN-CH-2-000447,2026-08-26 21:14:03,2026-08-26 21:19:03,CH,SAP S/4HANA,A,SAN-002,SanaPlus ColdFlu,OTC,SanaPlus,Pharmacy/B2B,7,10.0,CHF,0.05,70.0,66.5
TXN-CH-2-000448,2026-08-26 14:43:25,2026-08-26 14:49:25,CH,SAP S/4HANA,A,DER-002,Dermacare LiftCream,Aesthetic,Dermacare,Wholesale,1,35.24,CHF,0.2,35.24,28.19
TXN-CH-2-000449,2026-08-26 12:23:32,2026-08-26 12:26:32,CH,SAP S/4HANA,A,MED-001,Medora Cardio 10mg,Prescription,Medora,Pharmacy/B2B,11,40.95,CHF,0.0,450.45,450.45
TXN-CH-2-000450,2026-08-26 12:22:12,2026-08-26 12:23:12,CH,SAP S/4HANA,A,PUR-002,PureLife BP Monitor,Medical Device,PureLife,Pharmacy/B2B,9,85.71,CHF,0.0,771.39,771.39
TXN-CH-2-000451,2026-08-26 01:34:02,2026-08-26 01:38:02,CH,SAP S/4HANA,A,PUR-002,PureLife BP Monitor,Medical Device,PureLife,E-commerce,6,85.71,CHF,0.0,514.26,514.26
TXN-CH-2-000452,2026-08-26 21:30:03,2026-08-26 21:35:03,CH,SAP S/4HANA,A,MED-001,Medora Cardio 10mg,Prescription,Medora,D2C,6,40.95,CHF,0.05,245.7,233.41
TXN-CH-2-000453,2026-08-26 10:44:25,2026-08-26 10:47:25,CH,SAP S/4HANA,A,MED-002,Medora Derm Cream,Prescription,Medora,D2C,2,24.76,CHF,0.2,49.52,39.62
TXN-CH-2-000454,2026-08-26 04:37:00,2026-08-26 04:40:00,CH,SAP S/4HANA,A,VIT-002,Vitalis Multivit,Supplement,Vitalis,Wholesale,2,16.19,CHF,0.05,32.38,30.76
TXN-CH-2-000455,2026-08-26 01:45:14,2026-08-26 01:48:14,CH,SAP S/4HANA,A,MED-001,Medora Cardio 10mg,Prescription,Medora,E-commerce,10,40.95,CHF,0.15,409.5,348.07
TXN-CH-2-000456,2026-08-26 21:16:34,2026-08-26 21:21:34,CH,SAP S/4HANA,A,MED-001,Medora Cardio 10mg,Prescription,Medora,Wholesale,7,40.95,CHF,0.0,286.65,286.65
TXN-CH-2-000457,2026-08-26 21:09:47,2026-08-26 21:10:47,CH,SAP S/4HANA,A,PUR-001,PureLife GlucoMonitor,Medical Device,PureLife,Pharmacy/B2B,12,80.95,CHF,0.0,971.4,971.4
TXN-CH-2-000458,2026-08-26 22:15:24,2026-08-26 22:20:24,CH,SAP S/4HANA,A,VIT-002,Vitalis Multivit,Supplement,Vitalis,Wholesale,8,16.19,CHF,0.1,129.52,116.57
TXN-CH-2-000459,2026-08-26 09:35:41,2026-08-26 09:40:41,CH,SAP S/4HANA,A,MED-001,Medora Cardio 10mg,Prescription,Medora,E-commerce,3,40.95,CHF,0.2,122.85,98.28
TXN-CH-2-000460,2026-08-26 03:24:38,2026-08-26 03:28:38,CH,SAP S/4HANA,A,DER-002,Dermacare LiftCream,Aesthetic,Dermacare,D2C,10,35.24,CHF,0.2,352.4,281.92
TXN-CH-2-000461,2026-08-26 03:24:25,2026-08-26 03:25:25,CH,SAP S/4HANA,A,DER-002,Dermacare LiftCream,Aesthetic,Dermacare,Wholesale,8,35.24,CHF,0.0,281.92,281.92
TXN-CH-2-000462,2026-08-26 13:31:13,2026-08-26 13:32:13,CH,SAP S/4HANA,A,MED-001,Medora Cardio 10mg,Prescription,Medora,D2C,4,40.95,CHF,0.2,163.8,131.04
TXN-CH-2-000463,2026-08-26 17:58:31,2026-08-26 18:01:31,CH,SAP S/4HANA,A,VIT-002,Vitalis Multivit,Supplement,Vitalis,Pharmacy/B2B,6,16.19,CHF,0.2,97.14,77.71
TXN-CH-2-000464,2026-08-26 16:13:48,2026-08-26 16:16:48,CH,SAP S/4HANA,A,VIT-001,Vitalis C1000,Supplement,Vitalis,E-commerce,10,20.0,CHF,0.0,200.0,200.0
TXN-CH-2-000465,2026-08-26 01:54:33,2026-08-26 02:00:33,CH,SAP S/4HANA,A,PUR-001,PureLife GlucoMonitor,Medical Device,PureLife,E-commerce,9,80.95,CHF,0.05,728.55,692.12
TXN-CH-2-000466,2026-08-26 01:18:09,2026-08-26 01:20:09,CH,SAP S/4HANA,A,PUR-002,PureLife BP Monitor,Medical Device,PureLife,Pharmacy/B2B,4,85.71,CHF,0.05,342.84,325.7
TXN-CH-2-000467,2026-08-26 18:02:52,2026-08-26 18:05:52,CH,SAP S/4HANA,A,PUR-001,PureLife GlucoMonitor,Medical Device,PureLife,Wholesale,8,80.95,CHF,0.2,647.6,518.08
TXN-CH-2-000468,2026-08-26 13:06:34,2026-08-26 13:10:34,CH,SAP S/4HANA,A,DER-002,Dermacare LiftCream,Aesthetic,Dermacare,D2C,4,35.24,CHF,0.2,140.96,112.77
TXN-CH-2-000469,2026-08-26 11:49:57,2026-08-26 11:50:57,CH,SAP S/4HANA,A,SAN-002,SanaPlus ColdFlu,OTC,SanaPlus,E-commerce,5,10.0,CHF,0.15,50.0,42.5
TXN-CH-2-000470,2026-08-26 17:58:43,2026-08-26 18:01:43,CH,SAP S/4HANA,A,VIT-002,Vitalis Multivit,Supplement,Vitalis,E-commerce,8,16.19,CHF,0.0,129.52,129.52
TXN-CH-2-000471,2026-08-26 18:51:51,2026-08-26 18:52:51,CH,SAP S/4HANA,A,VIT-001,Vitalis C1000,Supplement,Vitalis,Pharmacy/B2B,8,20.0,CHF,0.1,160.0,144.0
TXN-CH-2-000472,2026-08-26 01:37:47,2026-08-26 01:43:47,CH,SAP S/4HANA,A,MED-001,Medora Cardio 10mg,Prescription,Medora,E-commerce,8,40.95,CHF,0.1,327.6,294.84
TXN-CH-2-000473,2026-08-26 03:14:25,2026-08-26 03:15:25,CH,SAP S/4HANA,A,MED-002,Medora Derm Cream,Prescription,Medora,Pharmacy/B2B,4,24.76,CHF,0.15,99.04,84.18
TXN-CH-2-000474,2026-08-26 05:13:03,2026-08-26 05:14:03,CH,SAP S/4HANA,A,PUR-001,PureLife GlucoMonitor,Medical Device,PureLife,E-commerce,4,80.95,CHF,0.0,323.8,323.8
TXN-CH-2-000475,2026-08-26 03:31:32,2026-08-26 03:35:32,CH,SAP S/4HANA,A,MED-001,Medora Cardio 10mg,Prescription,Medora,Pharmacy/B2B,10,40.95,CHF,0.05,409.5,389.02
TXN-CH-2-000476,2026-08-26 12:39:07,2026-08-26 12:43:07,CH,SAP S/4HANA,A,PUR-001,PureLife GlucoMonitor,Medical Device,PureLife,D2C,2,80.95,CHF,0.05,161.9,153.81
TXN-CH-2-000477,2026-08-26 14:30:43,2026-08-26 14:31:43,CH,SAP S/4HANA,A,PUR-002,PureLife BP Monitor,Medical Device,PureLife,Pharmacy/B2B,8,85.71,CHF,0.05,685.68,651.4
TXN-CH-2-000478,2026-08-26 09:29:34,2026-08-26 09:32:34,CH,SAP S/4HANA,A,SAN-001,SanaPlus PainRelief,OTC,SanaPlus,Pharmacy/B2B,5,9.05,CHF,0.0,45.25,45.25
TXN-CH-2-000479,2026-08-26 21:28:49,2026-08-26 21:31:49,CH,SAP S/4HANA,A,DER-001,Dermacare GlowSerum,Aesthetic,Dermacare,Pharmacy/B2B,7,30.48,CHF,0.15,213.36,181.36
TXN-CH-2-000480,2026-08-26 05:08:41,2026-08-26 05:10:41,CH,SAP S/4HANA,A,VIT-001,Vitalis C1000,Supplement,Vitalis,Wholesale,12,20.0,CHF,0.2,240.0,192.0
TXN-CH-2-000481,2026-08-26 16:09:44,2026-08-26 16:11:44,CH,SAP S/4HANA,A,DER-001,Dermacare GlowSerum,Aesthetic,Dermacare,Pharmacy/B2B,1,30.48,CHF,0.0,30.48,30.48
TXN-CH-2-000482,2026-08-26 09:46:41,2026-08-26 09:52:41,CH,SAP S/4HANA,A,MED-001,Medora Cardio 10mg,Prescription,Medora,E-commerce,12,40.95,CHF,0.05,491.4,466.83
TXN-CH-2-000483,2026-08-26 00:42:13,2026-08-26 00:48:13,CH,SAP S/4HANA,A,VIT-001,Vitalis C1000,Supplement,Vitalis,D2C,7,20.0,CHF,0.0,140.0,140.0
TXN-CH-2-000484,2026-08-26 12:03:16,2026-08-26 12:08:16,CH,SAP S/4HANA,A,VIT-001,Vitalis C1000,Supplement,Vitalis,Pharmacy/B2B,12,20.0,CHF,0.1,240.0,216.0
TXN-CH-2-000485,2026-08-26 21:23:57,2026-08-26 21:26:57,CH,SAP S/4HANA,A,DER-001,Dermacare GlowSerum,Aesthetic,Dermacare,Wholesale,5,30.48,CHF,0.2,152.4,121.92
TXN-CH-2-000486,2026-08-26 22:44:48,2026-08-26 22:49:48,CH,SAP S/4HANA,A,VIT-002,Vitalis Multivit,Supplement,Vitalis,E-commerce,11,16.19,CHF,0.1,178.09,160.28
TXN-CH-2-000487,2026-08-26 16:22:34,2026-08-26 16:25:34,CH,SAP S/4HANA,A,SAN-002,SanaPlus ColdFlu,OTC,SanaPlus,E-commerce,10,10.0,CHF,0.0,100.0,100.0
TXN-CH-2-000488,2026-08-26 19:22:41,2026-08-26 19:23:41,CH,SAP S/4HANA,A,VIT-001,Vitalis C1000,Supplement,Vitalis,E-commerce,9,20.0,CHF,0.0,180.0,180.0
TXN-CH-2-000489,2026-08-26 20:15:36,2026-08-26 20:19:36,CH,SAP S/4HANA,A,DER-001,Dermacare GlowSerum,Aesthetic,Dermacare,Pharmacy/B2B,11,30.48,CHF,0.0,335.28,335.28
TXN-CH-2-000490,2026-08-26 11:03:21,2026-08-26 11:06:21,CH,SAP S/4HANA,A,VIT-002,Vitalis Multivit,Supplement,Vitalis,E-commerce,11,16.19,CHF,0.15,178.09,151.38
TXN-CH-2-000491,2026-08-26 16:03:44,2026-08-26 16:05:44,CH,SAP S/4HANA,A,DER-001,Dermacare GlowSerum,Aesthetic,Dermacare,Pharmacy/B2B,10,30.48,CHF,0.2,304.8,243.84
TXN-CH-2-000492,2026-08-26 02:15:18,2026-08-26 02:20:18,CH,SAP S/4HANA,A,SAN-002,SanaPlus ColdFlu,OTC,SanaPlus,Wholesale,6,10.0,CHF,0.0,60.0,60.0
TXN-CH-2-000493,2026-08-26 17:02:01,2026-08-26 17:07:01,CH,SAP S/4HANA,A,SAN-001,SanaPlus PainRelief,OTC,SanaPlus,Wholesale,7,9.05,CHF,0.2,63.35,50.68
TXN-CH-2-000494,2026-08-26 07:52:01,2026-08-26 07:53:01,CH,SAP S/4HANA,A,PUR-001,PureLife GlucoMonitor,Medical Device,PureLife,E-commerce,11,80.95,CHF,0.0,890.45,890.45
TXN-CH-2-000495,2026-08-26 06:32:36,2026-08-26 06:38:36,CH,SAP S/4HANA,A,PUR-002,PureLife BP Monitor,Medical Device,PureLife,Pharmacy/B2B,1,85.71,CHF,0.0,85.71,85.71
TXN-CH-2-000496,2026-08-26 10:23:42,2026-08-26 10:28:42,CH,SAP S/4HANA,A,VIT-001,Vitalis C1000,Supplement,Vitalis,Wholesale,9,20.0,CHF,0.2,180.0,144.0
TXN-CH-2-000497,2026-08-26 12:26:52,2026-08-26 12:28:52,CH,SAP S/4HANA,A,VIT-002,Vitalis Multivit,Supplement,Vitalis,D2C,7,16.19,CHF,0.15,113.33,96.33
TXN-CH-2-000498,2026-08-26 23:58:28,2026-08-26 23:59:28,CH,SAP S/4HANA,A,SAN-002,SanaPlus ColdFlu,OTC,SanaPlus,Pharmacy/B2B,3,10.0,CHF,0.0,30.0,30.0
TXN-CH-2-000499,2026-08-26 15:31:42,2026-08-26 15:35:42,CH,SAP S/4HANA,A,DER-001,Dermacare GlowSerum,Aesthetic,Dermacare,Pharmacy/B2B,9,30.48,CHF,0.1,274.32,246.89
TXN-CH-2-000500,2026-08-26 14:53:15,2026-08-26 14:54:15,CH,SAP S/4HANA,A,MED-002,Medora Derm Cream,Prescription,Medora,Pharmacy/B2B,7,24.76,CHF,0.05,173.32,164.65
TXN-CH-2-000501,2026-08-26 11:33:14,2026-08-26 11:38:14,CH,SAP S/4HANA,A,PUR-002,PureLife BP Monitor,Medical Device,PureLife,Wholesale,9,85.71,CHF,0.15,771.39,655.68
TXN-CH-2-000502,2026-08-26 05:49:40,2026-08-26 05:55:40,CH,SAP S/4HANA,A,SAN-001,SanaPlus PainRelief,OTC,SanaPlus,E-commerce,12,9.05,CHF,0.0,108.6,108.6
TXN-CH-2-000503,2026-08-26 15:20:52,2026-08-26 15:23:52,CH,SAP S/4HANA,A,PUR-001,PureLife GlucoMonitor,Medical Device,PureLife,E-commerce,10,80.95,CHF,0.0,809.5,809.5
TXN-CH-2-000504,2026-08-26 20:16:19,2026-08-26 20:19:19,CH,SAP S/4HANA,A,SAN-001,SanaPlus PainRelief,OTC,SanaPlus,Pharmacy/B2B,11,9.05,CHF,0.15,99.55,84.62
TXN-CH-2-000505,2026-08-26 10:56:32,2026-08-26 11:02:32,CH,SAP S/4HANA,A,SAN-001,SanaPlus PainRelief,OTC,SanaPlus,D2C,1,9.05,CHF,0.15,9.05,7.69
TXN-CH-2-000506,2026-08-26 08:28:02,2026-08-26 08:33:02,CH,SAP S/4HANA,A,PUR-001,PureLife GlucoMonitor,Medical Device,PureLife,Wholesale,4,80.95,CHF,0.1,323.8,291.42
TXN-CH-2-000507,2026-08-26 07:13:36,2026-08-26 07:19:36,CH,SAP S/4HANA,A,SAN-001,SanaPlus PainRelief,OTC,SanaPlus,Wholesale,7,9.05,CHF,0.1,63.35,57.02
TXN-CH-2-000508,2026-08-26 00:49:30,2026-08-26 00:54:30,CH,SAP S/4HANA,A,MED-002,Medora Derm Cream,Prescription,Medora,D2C,5,24.76,CHF,0.1,123.8,111.42
TXN-CH-2-000509,2026-08-26 19:20:06,2026-08-26 19:24:06,CH,SAP S/4HANA,A,MED-001,Medora Cardio 10mg,Prescription,Medora,E-commerce,10,40.95,CHF,0.15,409.5,348.07
TXN-CH-2-000510,2026-08-26 14:43:29,2026-08-26 14:46:29,CH,SAP S/4HANA,A,VIT-002,Vitalis Multivit,Supplement,Vitalis,E-commerce,11,16.19,CHF,0.1,178.09,160.28
TXN-CH-2-000511,2026-08-26 08:07:00,2026-08-26 08:08:00,CH,SAP S/4HANA,A,SAN-002,SanaPlus ColdFlu,OTC,SanaPlus,E-commerce,1,10.0,CHF,0.05,10.0,9.5
TXN-CH-2-000512,2026-08-26 00:36:22,2026-08-26 00:40:22,CH,SAP S/4HANA,A,PUR-002,PureLife BP Monitor,Medical Device,PureLife,Pharmacy/B2B,10,85.71,CHF,0.0,857.1,857.1
TXN-CH-2-000513,2026-08-26 10:36:45,2026-08-26 10:42:45,CH,SAP S/4HANA,A,PUR-001,PureLife GlucoMonitor,Medical Device,PureLife,Wholesale,9,80.95,CHF,0.05,728.55,692.12
TXN-CH-2-000514,2026-08-26 00:49:58,2026-08-26 00:50:58,CH,SAP S/4HANA,A,SAN-002,SanaPlus ColdFlu,OTC,SanaPlus,Pharmacy/B2B,9,10.0,CHF,0.15,90.0,76.5
TXN-CH-2-000515,2026-08-26 23:12:09,2026-08-26 23:14:09,CH,SAP S/4HANA,A,VIT-002,Vitalis Multivit,Supplement,Vitalis,D2C,6,16.19,CHF,0.0,97.14,97.14
TXN-CH-2-000516,2026-08-26 06:31:47,2026-08-26 06:36:47,CH,SAP S/4HANA,A,PUR-001,PureLife GlucoMonitor,Medical Device,PureLife,E-commerce,10,80.95,CHF,0.15,809.5,688.07
TXN-CH-2-000517,2026-08-26 09:09:20,2026-08-26 09:12:20,CH,SAP S/4HANA,A,SAN-001,SanaPlus PainRelief,OTC,SanaPlus,Pharmacy/B2B,9,9.05,CHF,0.0,81.45,81.45
TXN-CH-2-000518,2026-08-26 07:15:22,2026-08-26 07:19:22,CH,SAP S/4HANA,A,PUR-001,PureLife GlucoMonitor,Medical Device,PureLife,Pharmacy/B2B,5,80.95,CHF,0.15,404.75,344.04
TXN-CH-2-000519,2026-08-26 17:53:35,2026-08-26 17:59:35,CH,SAP S/4HANA,A,SAN-001,SanaPlus PainRelief,OTC,SanaPlus,E-commerce,6,9.05,CHF,0.0,54.3,54.3
TXN-CH-2-000520,2026-08-26 16:40:12,2026-08-26 16:43:12,CH,SAP S/4HANA,A,VIT-002,Vitalis Multivit,Supplement,Vitalis,E-commerce,1,16.19,CHF,0.2,16.19,12.95
TXN-CH-2-000521,2026-08-26 07:16:54,2026-08-26 07:21:54,CH,SAP S/4HANA,A,SAN-002,SanaPlus ColdFlu,OTC,SanaPlus,Pharmacy/B2B,11,10.0,CHF,0.15,110.0,93.5
TXN-CH-2-000522,2026-08-26 02:01:14,2026-08-26 02:05:14,CH,SAP S/4HANA,A,PUR-001,PureLife GlucoMonitor,Medical Device,PureLife,Wholesale,8,80.95,CHF,0.05,647.6,615.22
TXN-CH-2-000523,2026-08-26 12:07:19,2026-08-26 12:10:19,CH,SAP S/4HANA,A,MED-001,Medora Cardio 10mg,Prescription,Medora,Pharmacy/B2B,6,40.95,CHF,0.0,245.7,245.7
TXN-CH-2-000524,2026-08-26 11:36:10,2026-08-26 11:40:10,CH,SAP S/4HANA,A,DER-001,Dermacare GlowSerum,Aesthetic,Dermacare,Pharmacy/B2B,11,30.48,CHF,0.0,335.28,335.28
TXN-CH-2-000525,2026-08-26 14:17:20,2026-08-26 14:21:20,CH,SAP S/4HANA,A,VIT-002,Vitalis Multivit,Supplement,Vitalis,E-commerce,7,16.19,CHF,0.0,113.33,113.33
TXN-CH-2-000526,2026-08-26 09:47:54,2026-08-26 09:49:54,CH,SAP S/4HANA,A,SAN-001,SanaPlus PainRelief,OTC,SanaPlus,Wholesale,5,9.05,CHF,0.0,45.25,45.25
TXN-CH-2-000527,2026-08-26 12:58:19,2026-08-26 12:59:19,CH,SAP S/4HANA,A,DER-001,Dermacare GlowSerum,Aesthetic,Dermacare,E-commerce,3,30.48,CHF,0.1,91.44,82.3
TXN-CH-2-000528,2026-08-26 11:30:17,2026-08-26 11:34:17,CH,SAP S/4HANA,A,DER-001,Dermacare GlowSerum,Aesthetic,Dermacare,Pharmacy/B2B,11,30.48,CHF,0.0,335.28,335.28
TXN-CH-2-000529,2026-08-26 18:30:24,2026-08-26 18:36:24,CH,SAP S/4HANA,A,VIT-001,Vitalis C1000,Supplement,Vitalis,D2C,11,20.0,CHF,0.0,220.0,220.0
TXN-CH-2-000530,2026-08-26 15:10:01,2026-08-26 15:13:01,CH,SAP S/4HANA,A,PUR-001,PureLife GlucoMonitor,Medical Device,PureLife,D2C,2,80.95,CHF,0.05,161.9,153.81
TXN-CH-2-000531,2026-08-26 19:12:19,2026-08-26 19:14:19,CH,SAP S/4HANA,A,DER-002,Dermacare LiftCream,Aesthetic,Dermacare,D2C,12,35.24,CHF,0.05,422.88,401.74
TXN-CH-2-000532,2026-08-26 17:15:37,2026-08-26 17:17:37,CH,SAP S/4HANA,A,MED-001,Medora Cardio 10mg,Prescription,Medora,Wholesale,2,40.95,CHF,0.0,81.9,81.9
TXN-CH-2-000533,2026-08-26 14:14:11,2026-08-26 14:15:11,CH,SAP S/4HANA,A,MED-002,Medora Derm Cream,Prescription,Medora,Wholesale,11,24.76,CHF,0.0,272.36,272.36
TXN-CH-2-000534,2026-08-26 03:07:48,2026-08-26 03:12:48,CH,SAP S/4HANA,A,DER-001,Dermacare GlowSerum,Aesthetic,Dermacare,D2C,1,30.48,CHF,0.15,30.48,25.91
TXN-CH-2-000535,2026-08-26 02:11:29,2026-08-26 02:12:29,CH,SAP S/4HANA,A,PUR-002,PureLife BP Monitor,Medical Device,PureLife,E-commerce,6,85.71,CHF,0.05,514.26,488.55
TXN-CH-2-000536,2026-08-26 18:35:45,2026-08-26 18:37:45,CH,SAP S/4HANA,A,SAN-002,SanaPlus ColdFlu,OTC,SanaPlus,Wholesale,3,10.0,CHF,0.05,30.0,28.5
TXN-CH-2-000537,2026-08-26 18:56:34,2026-08-26 18:58:34,CH,SAP S/4HANA,A,PUR-001,PureLife GlucoMonitor,Medical Device,PureLife,Wholesale,8,80.95,CHF,0.05,647.6,615.22
TXN-CH-2-000538,2026-08-26 13:55:25,2026-08-26 13:58:25,CH,SAP S/4HANA,A,SAN-001,SanaPlus PainRelief,OTC,SanaPlus,Pharmacy/B2B,3,9.05,CHF,0.0,27.15,27.15
TXN-CH-2-000539,2026-08-26 10:50:15,2026-08-26 10:54:15,CH,SAP S/4HANA,A,MED-002,Medora Derm Cream,Prescription,Medora,D2C,6,24.76,CHF,0.0,148.56,148.56
TXN-CH-2-000540,2026-08-26 07:02:11,2026-08-26 07:06:11,CH,SAP S/4HANA,A,SAN-001,SanaPlus PainRelief,OTC,SanaPlus,Pharmacy/B2B,3,9.05,CHF,0.1,27.15,24.43
TXN-CH-2-000541,2026-08-26 23:34:28,2026-08-26 23:36:28,CH,SAP S/4HANA,A,DER-001,Dermacare GlowSerum,Aesthetic,Dermacare,D2C,11,30.48,CHF,0.2,335.28,268.22
TXN-CH-2-000542,2026-08-26 15:42:42,2026-08-26 15:45:42,CH,SAP S/4HANA,A,VIT-001,Vitalis C1000,Supplement,Vitalis,E-commerce,11,20.0,CHF,0.05,220.0,209.0
TXN-CH-2-000543,2026-08-26 17:25:41,2026-08-26 17:28:41,CH,SAP S/4HANA,A,DER-001,Dermacare GlowSerum,Aesthetic,Dermacare,E-commerce,8,30.48,CHF,0.0,243.84,243.84
TXN-CH-2-000544,2026-08-26 09:10:06,2026-08-26 09:13:06,CH,SAP S/4HANA,A,SAN-001,SanaPlus PainRelief,OTC,SanaPlus,Pharmacy/B2B,4,9.05,CHF,0.2,36.2,28.96
TXN-CH-2-000545,2026-08-26 11:06:10,2026-08-26 11:11:10,CH,SAP S/4HANA,A,PUR-001,PureLife GlucoMonitor,Medical Device,PureLife,E-commerce,10,80.95,CHF,0.05,809.5,769.02
TXN-CH-2-000546,2026-08-26 13:09:09,2026-08-26 13:14:09,CH,SAP S/4HANA,A,SAN-002,SanaPlus ColdFlu,OTC,SanaPlus,D2C,4,10.0,CHF,0.05,40.0,38.0
TXN-CH-2-000547,2026-08-26 23:54:35,2026-08-26 23:57:35,CH,SAP S/4HANA,A,VIT-001,Vitalis C1000,Supplement,Vitalis,E-commerce,11,20.0,CHF,0.0,220.0,220.0
TXN-CH-2-000548,2026-08-26 21:03:29,2026-08-26 21:06:29,CH,SAP S/4HANA,A,DER-002,Dermacare LiftCream,Aesthetic,Dermacare,Pharmacy/B2B,6,35.24,CHF,0.0,211.44,211.44
TXN-CH-2-000549,2026-08-26 09:27:54,2026-08-26 09:31:54,CH,SAP S/4HANA,A,DER-001,Dermacare GlowSerum,Aesthetic,Dermacare,D2C,9,30.48,CHF,0.15,274.32,233.17
TXN-CH-2-000550,2026-08-26 07:18:50,2026-08-26 07:23:50,CH,SAP S/4HANA,A,MED-001,Medora Cardio 10mg,Prescription,Medora,Pharmacy/B2B,9,40.95,CHF,0.15,368.55,313.27
TXN-CH-2-000551,2026-08-26 23:50:59,2026-08-26 23:54:59,CH,SAP S/4HANA,A,DER-001,Dermacare GlowSerum,Aesthetic,Dermacare,E-commerce,8,30.48,CHF,0.0,243.84,243.84
TXN-CH-2-000552,2026-08-26 09:55:24,2026-08-26 09:57:24,CH,SAP S/4HANA,A,PUR-001,PureLife GlucoMonitor,Medical Device,PureLife,D2C,12,80.95,CHF,0.0,971.4,971.4
TXN-CH-2-000553,2026-08-26 18:54:47,2026-08-26 18:58:47,CH,SAP S/4HANA,A,MED-002,Medora Derm Cream,Prescription,Medora,D2C,12,24.76,CHF,0.1,297.12,267.41
TXN-CH-2-000554,2026-08-26 08:29:44,2026-08-26 08:32:44,CH,SAP S/4HANA,A,SAN-001,SanaPlus PainRelief,OTC,SanaPlus,E-commerce,1,9.05,CHF,0.0,9.05,9.05
TXN-CH-2-000555,2026-08-26 21:13:35,2026-08-26 21:18:35,CH,SAP S/4HANA,A,DER-002,Dermacare LiftCream,Aesthetic,Dermacare,E-commerce,9,35.24,CHF,0.0,317.16,317.16
TXN-CH-2-000556,2026-08-26 11:18:48,2026-08-26 11:21:48,CH,SAP S/4HANA,A,VIT-001,Vitalis C1000,Supplement,Vitalis,D2C,1,20.0,CHF,0.0,20.0,20.0
TXN-CH-2-000557,2026-08-26 22:24:07,2026-08-26 22:27:07,CH,SAP S/4HANA,A,PUR-001,PureLife GlucoMonitor,Medical Device,PureLife,Pharmacy/B2B,5,80.95,CHF,0.15,404.75,344.04
TXN-CH-2-000558,2026-08-26 15:26:55,2026-08-26 15:31:55,CH,SAP S/4HANA,A,PUR-001,PureLife GlucoMonitor,Medical Device,PureLife,Wholesale,12,80.95,CHF,0.15,971.4,825.69
TXN-CH-2-000559,2026-08-26 22:51:31,2026-08-26 22:56:31,CH,SAP S/4HANA,A,PUR-001,PureLife GlucoMonitor,Medical Device,PureLife,Pharmacy/B2B,9,80.95,CHF,0.15,728.55,619.27
TXN-CH-2-000560,2026-08-26 16:26:03,2026-08-26 16:30:03,CH,SAP S/4HANA,A,VIT-002,Vitalis Multivit,Supplement,Vitalis,D2C,11,16.19,CHF,0.0,178.09,178.09
TXN-CH-2-000561,2026-08-26 17:45:15,2026-08-26 17:47:15,CH,SAP S/4HANA,A,SAN-001,SanaPlus PainRelief,OTC,SanaPlus,Wholesale,8,9.05,CHF,0.0,72.4,72.4
TXN-CH-2-000562,2026-08-26 04:03:25,2026-08-26 04:06:25,CH,SAP S/4HANA,A,DER-002,Dermacare LiftCream,Aesthetic,Dermacare,Wholesale,4,35.24,CHF,0.05,140.96,133.91
TXN-CH-2-000563,2026-08-26 19:33:07,2026-08-26 19:34:07,CH,SAP S/4HANA,A,SAN-002,SanaPlus ColdFlu,OTC,SanaPlus,Wholesale,2,10.0,CHF,0.2,20.0,16.0
TXN-CH-2-000564,2026-08-26 14:41:48,2026-08-26 14:43:48,CH,SAP S/4HANA,A,MED-002,Medora Derm Cream,Prescription,Medora,Wholesale,4,24.76,CHF,0.05,99.04,94.09
TXN-CH-2-000565,2026-08-26 17:14:50,2026-08-26 17:15:50,CH,SAP S/4HANA,A,VIT-002,Vitalis Multivit,Supplement,Vitalis,Wholesale,4,16.19,CHF,0.0,64.76,64.76
TXN-CH-2-000566,2026-08-26 10:37:22,2026-08-26 10:38:22,CH,SAP S/4HANA,A,VIT-002,Vitalis Multivit,Supplement,Vitalis,Pharmacy/B2B,10,16.19,CHF,0.15,161.9,137.62
TXN-CH-2-000567,2026-08-26 04:16:23,2026-08-26 04:20:23,CH,SAP S/4HANA,A,DER-001,Dermacare GlowSerum,Aesthetic,Dermacare,Wholesale,12,30.48,CHF,0.0,365.76,365.76
TXN-CH-2-000568,2026-08-26 15:26:40,2026-08-26 15:28:40,CH,SAP S/4HANA,A,SAN-001,SanaPlus PainRelief,OTC,SanaPlus,Wholesale,10,9.05,CHF,0.15,90.5,76.92
TXN-CH-2-000569,2026-08-26 19:51:45,2026-08-26 19:56:45,CH,SAP S/4HANA,A,PUR-002,PureLife BP Monitor,Medical Device,PureLife,Wholesale,8,85.71,CHF,0.05,685.68,651.4
TXN-CH-2-000570,2026-08-26 06:16:22,2026-08-26 06:22:22,CH,SAP S/4HANA,A,MED-002,Medora Derm Cream,Prescription,Medora,E-commerce,3,24.76,CHF,0.0,74.28,74.28
TXN-CH-2-000571,2026-08-26 16:54:35,2026-08-26 16:59:35,CH,SAP S/4HANA,A,VIT-001,Vitalis C1000,Supplement,Vitalis,E-commerce,5,20.0,CHF,0.05,100.0,95.0
TXN-CH-2-000572,2026-08-26 14:44:20,2026-08-26 14:50:20,CH,SAP S/4HANA,A,PUR-001,PureLife GlucoMonitor,Medical Device,PureLife,Wholesale,8,80.95,CHF,0.0,647.6,647.6
TXN-CH-2-000573,2026-08-26 16:35:48,2026-08-26 16:36:48,CH,SAP S/4HANA,A,DER-001,Dermacare GlowSerum,Aesthetic,Dermacare,Wholesale,2,30.48,CHF,0.15,60.96,51.82
TXN-CH-2-000574,2026-08-26 09:44:44,2026-08-26 09:49:44,CH,SAP S/4HANA,A,PUR-002,PureLife BP Monitor,Medical Device,PureLife,D2C,8,85.71,CHF,0.1,685.68,617.11
TXN-CH-2-000575,2026-08-26 05:07:53,2026-08-26 05:10:53,CH,SAP S/4HANA,A,DER-002,Dermacare LiftCream,Aesthetic,Dermacare,D2C,12,35.24,CHF,0.0,422.88,422.88
TXN-CH-2-000576,2026-08-26 07:00:02,2026-08-26 07:03:02,CH,SAP S/4HANA,A,VIT-001,Vitalis C1000,Supplement,Vitalis,Pharmacy/B2B,1,20.0,CHF,0.2,20.0,16.0
TXN-CH-2-000577,2026-08-26 22:34:54,2026-08-26 22:36:54,CH,SAP S/4HANA,A,SAN-001,SanaPlus PainRelief,OTC,SanaPlus,Pharmacy/B2B,4,9.05,CHF,0.2,36.2,28.96
TXN-CH-2-000578,2026-08-26 16:04:25,2026-08-26 16:06:25,CH,SAP S/4HANA,A,SAN-001,SanaPlus PainRelief,OTC,SanaPlus,D2C,5,9.05,CHF,0.0,45.25,45.25
TXN-CH-2-000579,2026-08-26 10:24:40,2026-08-26 10:28:40,CH,SAP S/4HANA,A,MED-002,Medora Derm Cream,Prescription,Medora,Pharmacy/B2B,6,24.76,CHF,0.0,148.56,148.56
TXN-CH-2-000580,2026-08-26 18:51:21,2026-08-26 18:53:21,CH,SAP S/4HANA,A,VIT-001,Vitalis C1000,Supplement,Vitalis,Pharmacy/B2B,9,20.0,CHF,0.0,180.0,180.0
TXN-CH-2-000581,2026-08-26 20:35:59,2026-08-26 20:38:59,CH,SAP S/4HANA,A,MED-002,Medora Derm Cream,Prescription,Medora,Wholesale,2,24.76,CHF,0.2,49.52,39.62
TXN-CH-2-000582,2026-08-26 21:58:43,2026-08-26 21:59:43,CH,SAP S/4HANA,A,DER-002,Dermacare LiftCream,Aesthetic,Dermacare,Pharmacy/B2B,7,35.24,CHF,0.05,246.68,234.35
TXN-CH-2-000583,2026-08-26 17:11:26,2026-08-26 17:17:26,CH,SAP S/4HANA,A,DER-001,Dermacare GlowSerum,Aesthetic,Dermacare,E-commerce,2,30.48,CHF,0.0,60.96,60.96
TXN-CH-2-000584,2026-08-26 03:32:19,2026-08-26 03:36:19,CH,SAP S/4HANA,A,SAN-001,SanaPlus PainRelief,OTC,SanaPlus,D2C,4,9.05,CHF,0.1,36.2,32.58
TXN-CH-2-000585,2026-08-26 07:09:08,2026-08-26 07:11:08,CH,SAP S/4HANA,A,DER-001,Dermacare GlowSerum,Aesthetic,Dermacare,D2C,3,30.48,CHF,0.0,91.44,91.44
TXN-CH-2-000586,2026-08-26 11:44:16,2026-08-26 11:45:16,CH,SAP S/4HANA,A,VIT-002,Vitalis Multivit,Supplement,Vitalis,D2C,4,16.19,CHF,0.0,64.76,64.76
TXN-CH-2-000587,2026-08-26 06:21:55,2026-08-26 06:27:55,CH,SAP S/4HANA,A,MED-002,Medora Derm Cream,Prescription,Medora,Pharmacy/B2B,2,24.76,CHF,0.0,49.52,49.52
TXN-CH-2-000588,2026-08-26 12:16:50,2026-08-26 12:19:50,CH,SAP S/4HANA,A,DER-001,Dermacare GlowSerum,Aesthetic,Dermacare,Wholesale,6,30.48,CHF,0.2,182.88,146.3
TXN-CH-2-000589,2026-08-26 21:41:27,2026-08-26 21:42:27,CH,SAP S/4HANA,A,SAN-001,SanaPlus PainRelief,OTC,SanaPlus,D2C,10,9.05,CHF,0.2,90.5,72.4
TXN-CH-2-000590,2026-08-26 16:20:51,2026-08-26 16:24:51,CH,SAP S/4HANA,A,MED-001,Medora Cardio 10mg,Prescription,Medora,E-commerce,2,40.95,CHF,0.15,81.9,69.62
TXN-CH-2-000591,2026-08-26 17:28:46,2026-08-26 17:29:46,CH,SAP S/4HANA,A,SAN-002,SanaPlus ColdFlu,OTC,SanaPlus,Wholesale,9,10.0,CHF,0.15,90.0,76.5
TXN-CH-2-000592,2026-08-26 04:35:08,2026-08-26 04:38:08,CH,SAP S/4HANA,A,PUR-001,PureLife GlucoMonitor,Medical Device,PureLife,E-commerce,3,80.95,CHF,0.0,242.85,242.85
TXN-CH-2-000593,2026-08-26 02:26:18,2026-08-26 02:29:18,CH,SAP S/4HANA,A,VIT-002,Vitalis Multivit,Supplement,Vitalis,D2C,5,16.19,CHF,0.0,80.95,80.95
TXN-CH-2-000594,2026-08-26 14:08:22,2026-08-26 14:10:22,CH,SAP S/4HANA,A,DER-001,Dermacare GlowSerum,Aesthetic,Dermacare,Wholesale,10,30.48,CHF,0.1,304.8,274.32
TXN-CH-2-000595,2026-08-26 18:46:22,2026-08-26 18:52:22,CH,SAP S/4HANA,A,VIT-002,Vitalis Multivit,Supplement,Vitalis,Wholesale,9,16.19,CHF,0.05,145.71,138.42
TXN-CH-2-000596,2026-08-26 08:33:57,2026-08-26 08:37:57,CH,SAP S/4HANA,A,SAN-001,SanaPlus PainRelief,OTC,SanaPlus,D2C,12,9.05,CHF,0.0,108.6,108.6
TXN-CH-2-000597,2026-08-26 21:06:02,2026-08-26 21:11:02,CH,SAP S/4HANA,A,MED-002,Medora Derm Cream,Prescription,Medora,Pharmacy/B2B,11,24.76,CHF,0.05,272.36,258.74
TXN-CH-2-000598,2026-08-26 07:03:46,2026-08-26 07:05:46,CH,SAP S/4HANA,A,DER-001,Dermacare GlowSerum,Aesthetic,Dermacare,Wholesale,4,30.48,CHF,0.1,121.92,109.73
TXN-CH-2-000599,2026-08-26 05:04:59,2026-08-26 05:10:59,CH,SAP S/4HANA,A,MED-001,Medora Cardio 10mg,Prescription,Medora,Wholesale,12,40.95,CHF,0.2,491.4,393.12
TXN-CH-2-000600,2026-08-26 00:50:17,2026-08-26 00:53:17,CH,SAP S/4HANA,A,VIT-001,Vitalis C1000,Supplement,Vitalis,D2C,3,20.0,CHF,0.1,60.0,54.0
TXN-CH-2-000601,2026-08-26 22:12:11,2026-08-26 22:14:11,CH,SAP S/4HANA,A,MED-002,Medora Derm Cream,Prescription,Medora,Pharmacy/B2B,10,24.76,CHF,0.2,247.6,198.08
TXN-CH-2-000602,2026-08-26 06:22:07,2026-08-26 06:25:07,CH,SAP S/4HANA,A,DER-002,Dermacare LiftCream,Aesthetic,Dermacare,D2C,4,35.24,CHF,0.15,140.96,119.82
TXN-CH-2-000603,2026-08-26 22:57:46,2026-08-26 23:00:46,CH,SAP S/4HANA,A,MED-001,Medora Cardio 10mg,Prescription,Medora,Wholesale,10,40.95,CHF,0.15,409.5,348.07
TXN-CH-2-000604,2026-08-26 17:35:49,2026-08-26 17:40:49,CH,SAP S/4HANA,A,VIT-001,Vitalis C1000,Supplement,Vitalis,Pharmacy/B2B,10,20.0,CHF,0.1,200.0,180.0
TXN-CH-2-000605,2026-08-26 07:32:18,2026-08-26 07:37:18,CH,SAP S/4HANA,A,DER-002,Dermacare LiftCream,Aesthetic,Dermacare,E-commerce,2,35.24,CHF,0.0,70.48,70.48
TXN-CH-2-000606,2026-08-26 05:02:20,2026-08-26 05:03:20,CH,SAP S/4HANA,A,VIT-002,Vitalis Multivit,Supplement,Vitalis,E-commerce,12,16.19,CHF,0.1,194.28,174.85
TXN-CH-2-000607,2026-08-26 22:23:54,2026-08-26 22:28:54,CH,SAP S/4HANA,A,VIT-002,Vitalis Multivit,Supplement,Vitalis,Pharmacy/B2B,2,16.19,CHF,0.0,32.38,32.38
TXN-CH-2-000608,2026-08-26 00:05:38,2026-08-26 00:11:38,CH,SAP S/4HANA,A,SAN-002,SanaPlus ColdFlu,OTC,SanaPlus,D2C,5,10.0,CHF,0.05,50.0,47.5
TXN-CH-2-000609,2026-08-26 15:30:11,2026-08-26 15:31:11,CH,SAP S/4HANA,A,DER-001,Dermacare GlowSerum,Aesthetic,Dermacare,Pharmacy/B2B,12,30.48,CHF,0.15,365.76,310.9
TXN-CH-2-000610,2026-08-26 14:08:08,2026-08-26 14:13:08,CH,SAP S/4HANA,A,MED-001,Medora Cardio 10mg,Prescription,Medora,E-commerce,1,40.95,CHF,0.0,40.95,40.95
TXN-CH-2-000611,2026-08-26 01:07:17,2026-08-26 01:08:17,CH,SAP S/4HANA,A,SAN-002,SanaPlus ColdFlu,OTC,SanaPlus,D2C,7,10.0,CHF,0.1,70.0,63.0
TXN-CH-2-000612,2026-08-26 00:37:01,2026-08-26 00:38:01,CH,SAP S/4HANA,A,VIT-002,Vitalis Multivit,Supplement,Vitalis,Pharmacy/B2B,5,16.19,CHF,0.0,80.95,80.95
TXN-CH-2-000613,2026-08-26 08:44:49,2026-08-26 08:48:49,CH,SAP S/4HANA,A,MED-001,Medora Cardio 10mg,Prescription,Medora,D2C,8,40.95,CHF,0.0,327.6,327.6
TXN-CH-2-000614,2026-08-26 07:08:14,2026-08-26 07:10:14,CH,SAP S/4HANA,A,MED-002,Medora Derm Cream,Prescription,Medora,Pharmacy/B2B,2,24.76,CHF,0.0,49.52,49.52
TXN-CH-2-000615,2026-08-26 09:41:13,2026-08-26 09:46:13,CH,SAP S/4HANA,A,SAN-002,SanaPlus ColdFlu,OTC,SanaPlus,E-commerce,10,10.0,CHF,0.0,100.0,100.0
TXN-CH-2-000616,2026-08-26 17:15:25,2026-08-26 17:20:25,CH,SAP S/4HANA,A,MED-002,Medora Derm Cream,Prescription,Medora,Wholesale,10,24.76,CHF,0.2,247.6,198.08
TXN-CH-2-000617,2026-08-26 23:57:18,2026-08-26 23:58:18,CH,SAP S/4HANA,A,PUR-002,PureLife BP Monitor,Medical Device,PureLife,Pharmacy/B2B,4,85.71,CHF,0.05,342.84,325.7
TXN-CH-2-000618,2026-08-26 10:39:36,2026-08-26 10:40:36,CH,SAP S/4HANA,A,DER-002,Dermacare LiftCream,Aesthetic,Dermacare,Wholesale,6,35.24,CHF,0.15,211.44,179.72
TXN-CH-2-000619,2026-08-26 20:42:57,2026-08-26 20:44:57,CH,SAP S/4HANA,A,MED-001,Medora Cardio 10mg,Prescription,Medora,D2C,10,40.95,CHF,0.0,409.5,409.5
TXN-CH-2-000620,2026-08-26 19:44:05,2026-08-26 19:50:05,CH,SAP S/4HANA,A,VIT-002,Vitalis Multivit,Supplement,Vitalis,Wholesale,1,16.19,CHF,0.1,16.19,14.57
TXN-CH-2-000621,2026-08-26 00:59:37,2026-08-26 01:00:37,CH,SAP S/4HANA,A,DER-001,Dermacare GlowSerum,Aesthetic,Dermacare,Pharmacy/B2B,2,30.48,CHF,0.2,60.96,48.77
TXN-CH-2-000622,2026-08-26 02:59:25,2026-08-26 03:02:25,CH,SAP S/4HANA,A,VIT-002,Vitalis Multivit,Supplement,Vitalis,Wholesale,1,16.19,CHF,0.1,16.19,14.57
TXN-CH-2-000623,2026-08-26 14:01:02,2026-08-26 14:04:02,CH,SAP S/4HANA,A,VIT-002,Vitalis Multivit,Supplement,Vitalis,D2C,6,16.19,CHF,0.15,97.14,82.57
TXN-CH-2-000624,2026-08-26 07:07:19,2026-08-26 07:13:19,CH,SAP S/4HANA,A,SAN-001,SanaPlus PainRelief,OTC,SanaPlus,Wholesale,4,9.05,CHF,0.0,36.2,36.2
TXN-CH-2-000625,2026-08-26 02:08:29,2026-08-26 02:09:29,CH,SAP S/4HANA,A,PUR-002,PureLife BP Monitor,Medical Device,PureLife,Wholesale,1,85.71,CHF,0.0,85.71,85.71
TXN-CH-2-000626,2026-08-26 13:31:48,2026-08-26 13:33:48,CH,SAP S/4HANA,A,SAN-002,SanaPlus ColdFlu,OTC,SanaPlus,E-commerce,11,10.0,CHF,0.2,110.0,88.0
TXN-CH-2-000627,2026-08-26 01:03:17,2026-08-26 01:06:17,CH,SAP S/4HANA,A,VIT-002,Vitalis Multivit,Supplement,Vitalis,E-commerce,6,16.19,CHF,0.05,97.14,92.28
TXN-CH-2-000628,2026-08-26 06:17:27,2026-08-26 06:20:27,CH,SAP S/4HANA,A,PUR-001,PureLife GlucoMonitor,Medical Device,PureLife,Pharmacy/B2B,5,80.95,CHF,0.1,404.75,364.28
TXN-CH-2-000629,2026-08-26 18:02:20,2026-08-26 18:03:20,CH,SAP S/4HANA,A,SAN-001,SanaPlus PainRelief,OTC,SanaPlus,Wholesale,5,9.05,CHF,0.1,45.25,40.73
TXN-CH-2-000630,2026-08-26 12:01:54,2026-08-26 12:04:54,CH,SAP S/4HANA,A,SAN-002,SanaPlus ColdFlu,OTC,SanaPlus,Pharmacy/B2B,11,10.0,CHF,0.05,110.0,104.5
TXN-CH-2-000631,2026-08-26 20:45:33,2026-08-26 20:51:33,CH,SAP S/4HANA,A,VIT-002,Vitalis Multivit,Supplement,Vitalis,E-commerce,12,16.19,CHF,0.0,194.28,194.28
TXN-CH-2-000632,2026-08-26 01:09:00,2026-08-26 01:12:00,CH,SAP S/4HANA,A,DER-002,Dermacare LiftCream,Aesthetic,Dermacare,D2C,2,35.24,CHF,0.0,70.48,70.48
TXN-CH-2-000633,2026-08-26 23:18:31,2026-08-26 23:23:31,CH,SAP S/4HANA,A,VIT-002,Vitalis Multivit,Supplement,Vitalis,D2C,4,16.19,CHF,0.1,64.76,58.28
TXN-CH-2-000634,2026-08-26 03:34:24,2026-08-26 03:40:24,CH,SAP S/4HANA,A,MED-001,Medora Cardio 10mg,Prescription,Medora,E-commerce,9,40.95,CHF,0.15,368.55,313.27
TXN-CH-2-000635,2026-08-26 21:05:11,2026-08-26 21:06:11,CH,SAP S/4HANA,A,DER-001,Dermacare GlowSerum,Aesthetic,Dermacare,Wholesale,8,30.48,CHF,0.05,243.84,231.65
TXN-CH-2-000636,2026-08-26 00:58:00,2026-08-26 01:03:00,CH,SAP S/4HANA,A,SAN-002,SanaPlus ColdFlu,OTC,SanaPlus,E-commerce,2,10.0,CHF,0.1,20.0,18.0
TXN-CH-2-000637,2026-08-26 12:05:51,2026-08-26 12:11:51,CH,SAP S/4HANA,A,PUR-001,PureLife GlucoMonitor,Medical Device,PureLife,Wholesale,9,80.95,CHF,0.15,728.55,619.27
TXN-CH-2-000638,2026-08-26 01:33:35,2026-08-26 01:36:35,CH,SAP S/4HANA,A,VIT-002,Vitalis Multivit,Supplement,Vitalis,D2C,3,16.19,CHF,0.1,48.57,43.71
TXN-CH-2-000639,2026-08-26 00:30:36,2026-08-26 00:31:36,CH,SAP S/4HANA,A,PUR-001,PureLife GlucoMonitor,Medical Device,PureLife,E-commerce,6,80.95,CHF,0.2,485.7,388.56
TXN-CH-2-000640,2026-08-26 19:39:16,2026-08-26 19:45:16,CH,SAP S/4HANA,A,SAN-002,SanaPlus ColdFlu,OTC,SanaPlus,Wholesale,9,10.0,CHF,0.2,90.0,72.0
TXN-CH-2-000641,2026-08-26 07:16:40,2026-08-26 07:21:40,CH,SAP S/4HANA,A,PUR-001,PureLife GlucoMonitor,Medical Device,PureLife,Pharmacy/B2B,4,80.95,CHF,0.05,323.8,307.61
TXN-CH-2-000642,2026-08-26 00:51:47,2026-08-26 00:53:47,CH,SAP S/4HANA,A,DER-002,Dermacare LiftCream,Aesthetic,Dermacare,Wholesale,4,35.24,CHF,0.2,140.96,112.77
TXN-CH-2-000643,2026-08-26 03:00:19,2026-08-26 03:02:19,CH,SAP S/4HANA,A,MED-001,Medora Cardio 10mg,Prescription,Medora,D2C,9,40.95,CHF,0.2,368.55,294.84
TXN-CH-2-000644,2026-08-26 20:12:20,2026-08-26 20:16:20,CH,SAP S/4HANA,A,PUR-002,PureLife BP Monitor,Medical Device,PureLife,D2C,9,85.71,CHF,0.0,771.39,771.39
TXN-CH-2-000645,2026-08-26 07:28:22,2026-08-26 07:34:22,CH,SAP S/4HANA,A,MED-001,Medora Cardio 10mg,Prescription,Medora,Wholesale,5,40.95,CHF,0.1,204.75,184.28
TXN-CH-2-000646,2026-08-26 16:42:09,2026-08-26 16:47:09,CH,SAP S/4HANA,A,MED-002,Medora Derm Cream,Prescription,Medora,E-commerce,5,24.76,CHF,0.0,123.8,123.8
TXN-CH-2-000647,2026-08-26 21:34:23,2026-08-26 21:37:23,CH,SAP S/4HANA,A,MED-002,Medora Derm Cream,Prescription,Medora,D2C,1,24.76,CHF,0.0,24.76,24.76
TXN-CH-2-000648,2026-08-26 02:05:09,2026-08-26 02:11:09,CH,SAP S/4HANA,A,MED-002,Medora Derm Cream,Prescription,Medora,Pharmacy/B2B,4,24.76,CHF,0.15,99.04,84.18
TXN-CH-2-000649,2026-08-26 14:03:51,2026-08-26 14:04:51,CH,SAP S/4HANA,A,DER-002,Dermacare LiftCream,Aesthetic,Dermacare,Pharmacy/B2B,1,35.24,CHF,0.0,35.24,35.24
TXN-CH-2-000650,2026-08-26 10:03:15,2026-08-26 10:08:15,CH,SAP S/4HANA,A,SAN-002,SanaPlus ColdFlu,OTC,SanaPlus,D2C,12,10.0,CHF,0.15,120.0,102.0
TXN-CH-2-000651,2026-08-26 03:58:27,2026-08-26 04:04:27,CH,SAP S/4HANA,A,VIT-001,Vitalis C1000,Supplement,Vitalis,E-commerce,11,20.0,CHF,0.0,220.0,220.0
TXN-CH-2-000652,2026-08-26 18:26:06,2026-08-26 18:27:06,CH,SAP S/4HANA,A,MED-001,Medora Cardio 10mg,Prescription,Medora,D2C,11,40.95,CHF,0.0,450.45,450.45
TXN-CH-2-000653,2026-08-26 06:01:21,2026-08-26 06:04:21,CH,SAP S/4HANA,A,SAN-002,SanaPlus ColdFlu,OTC,SanaPlus,E-commerce,12,10.0,CHF,0.1,120.0,108.0
TXN-CH-2-000654,2026-08-26 14:01:27,2026-08-26 14:03:27,CH,SAP S/4HANA,A,SAN-002,SanaPlus ColdFlu,OTC,SanaPlus,D2C,7,10.0,CHF,0.0,70.0,70.0
TXN-CH-2-000655,2026-08-26 09:53:14,2026-08-26 09:56:14,CH,SAP S/4HANA,A,MED-002,Medora Derm Cream,Prescription,Medora,E-commerce,11,24.76,CHF,0.15,272.36,231.51
TXN-CH-2-000656,2026-08-26 20:32:02,2026-08-26 20:37:02,CH,SAP S/4HANA,A,DER-002,Dermacare LiftCream,Aesthetic,Dermacare,Pharmacy/B2B,2,35.24,CHF,0.2,70.48,56.38
TXN-CH-2-000657,2026-08-26 02:07:55,2026-08-26 02:12:55,CH,SAP S/4HANA,A,VIT-002,Vitalis Multivit,Supplement,Vitalis,E-commerce,2,16.19,CHF,0.0,32.38,32.38
TXN-CH-2-000658,2026-08-26 05:18:10,2026-08-26 05:23:10,CH,SAP S/4HANA,A,SAN-001,SanaPlus PainRelief,OTC,SanaPlus,Pharmacy/B2B,8,9.05,CHF,0.2,72.4,57.92
TXN-CH-2-000659,2026-08-26 15:42:13,2026-08-26 15:43:13,CH,SAP S/4HANA,A,MED-002,Medora Derm Cream,Prescription,Medora,Pharmacy/B2B,5,24.76,CHF,0.1,123.8,111.42
TXN-CH-2-000660,2026-08-26 08:31:34,2026-08-26 08:33:34,CH,SAP S/4HANA,A,SAN-001,SanaPlus PainRelief,OTC,SanaPlus,Pharmacy/B2B,10,9.05,CHF,0.05,90.5,85.97
TXN-CH-2-000661,2026-08-26 12:28:49,2026-08-26 12:30:49,CH,SAP S/4HANA,A,DER-001,Dermacare GlowSerum,Aesthetic,Dermacare,Pharmacy/B2B,3,30.48,CHF,0.0,91.44,91.44
TXN-CH-2-000662,2026-08-26 14:07:37,2026-08-26 14:11:37,CH,SAP S/4HANA,A,PUR-002,PureLife BP Monitor,Medical Device,PureLife,D2C,9,85.71,CHF,0.0,771.39,771.39
TXN-CH-2-000663,2026-08-26 23:11:47,2026-08-26 23:12:47,CH,SAP S/4HANA,A,MED-001,Medora Cardio 10mg,Prescription,Medora,Pharmacy/B2B,2,40.95,CHF,0.0,81.9,81.9
TXN-CH-2-000664,2026-08-26 07:32:16,2026-08-26 07:34:16,CH,SAP S/4HANA,A,MED-001,Medora Cardio 10mg,Prescription,Medora,Pharmacy/B2B,7,40.95,CHF,0.05,286.65,272.32
TXN-CH-2-000665,2026-08-26 21:06:22,2026-08-26 21:10:22,CH,SAP S/4HANA,A,SAN-002,SanaPlus ColdFlu,OTC,SanaPlus,D2C,11,10.0,CHF,0.05,110.0,104.5
TXN-CH-2-000666,2026-08-26 23:41:07,2026-08-26 23:45:07,CH,SAP S/4HANA,A,VIT-002,Vitalis Multivit,Supplement,Vitalis,E-commerce,4,16.19,CHF,0.1,64.76,58.28
TXN-CH-2-000667,2026-08-26 23:33:41,2026-08-26 23:35:41,CH,SAP S/4HANA,A,DER-001,Dermacare GlowSerum,Aesthetic,Dermacare,D2C,2,30.48,CHF,0.0,60.96,60.96
TXN-CH-2-000668,2026-08-26 08:46:08,2026-08-26 08:49:08,CH,SAP S/4HANA,A,SAN-001,SanaPlus PainRelief,OTC,SanaPlus,Wholesale,3,9.05,CHF,0.0,27.15,27.15
TXN-CH-2-000669,2026-08-26 18:23:51,2026-08-26 18:24:51,CH,SAP S/4HANA,A,DER-002,Dermacare LiftCream,Aesthetic,Dermacare,D2C,11,35.24,CHF,0.1,387.64,348.88
TXN-CH-2-000670,2026-08-26 23:24:59,2026-08-26 23:25:59,CH,SAP S/4HANA,A,SAN-002,SanaPlus ColdFlu,OTC,SanaPlus,E-commerce,9,10.0,CHF,0.15,90.0,76.5
TXN-CH-2-000671,2026-08-26 20:48:14,2026-08-26 20:54:14,CH,SAP S/4HANA,A,MED-001,Medora Cardio 10mg,Prescription,Medora,D2C,12,40.95,CHF,0.1,491.4,442.26
TXN-CH-2-000672,2026-08-26 13:22:11,2026-08-26 13:23:11,CH,SAP S/4HANA,A,PUR-002,PureLife BP Monitor,Medical Device,PureLife,D2C,3,85.71,CHF,0.1,257.13,231.42
TXN-CH-2-000673,2026-08-26 23:20:27,2026-08-26 23:21:27,CH,SAP S/4HANA,A,DER-001,Dermacare GlowSerum,Aesthetic,Dermacare,E-commerce,7,30.48,CHF,0.0,213.36,213.36
TXN-CH-2-000674,2026-08-26 12:03:51,2026-08-26 12:07:51,CH,SAP S/4HANA,A,DER-002,Dermacare LiftCream,Aesthetic,Dermacare,E-commerce,2,35.24,CHF,0.0,70.48,70.48
TXN-CH-2-000675,2026-08-26 18:16:28,2026-08-26 18:20:28,CH,SAP S/4HANA,A,VIT-001,Vitalis C1000,Supplement,Vitalis,Wholesale,5,20.0,CHF,0.0,100.0,100.0
TXN-CH-2-000676,2026-08-26 01:50:07,2026-08-26 01:53:07,CH,SAP S/4HANA,A,PUR-002,PureLife BP Monitor,Medical Device,PureLife,Pharmacy/B2B,6,85.71,CHF,0.15,514.26,437.12
TXN-CH-2-000677,2026-08-26 16:46:07,2026-08-26 16:51:07,CH,SAP S/4HANA,A,PUR-001,PureLife GlucoMonitor,Medical Device,PureLife,Pharmacy/B2B,6,80.95,CHF,0.0,485.7,485.7
TXN-CH-2-000678,2026-08-26 12:14:20,2026-08-26 12:15:20,CH,SAP S/4HANA,A,PUR-001,PureLife GlucoMonitor,Medical Device,PureLife,D2C,10,80.95,CHF,0.0,809.5,809.5
TXN-CH-2-000679,2026-08-26 13:24:01,2026-08-26 13:26:01,CH,SAP S/4HANA,A,PUR-002,PureLife BP Monitor,Medical Device,PureLife,Wholesale,5,85.71,CHF,0.0,428.55,428.55
TXN-CH-2-000680,2026-08-26 22:49:31,2026-08-26 22:52:31,CH,SAP S/4HANA,A,VIT-001,Vitalis C1000,Supplement,Vitalis,E-commerce,2,20.0,CHF,0.05,40.0,38.0
TXN-CH-2-000681,2026-08-26 07:13:04,2026-08-26 07:15:04,CH,SAP S/4HANA,A,PUR-001,PureLife GlucoMonitor,Medical Device,PureLife,D2C,3,80.95,CHF,0.0,242.85,242.85
TXN-CH-2-000682,2026-08-26 19:05:46,2026-08-26 19:09:46,CH,SAP S/4HANA,A,VIT-001,Vitalis C1000,Supplement,Vitalis,Pharmacy/B2B,11,20.0,CHF,0.0,220.0,220.0
TXN-CH-2-000683,2026-08-26 00:49:08,2026-08-26 00:51:08,CH,SAP S/4HANA,A,PUR-002,PureLife BP Monitor,Medical Device,PureLife,Pharmacy/B2B,11,85.71,CHF,0.05,942.81,895.67
TXN-CH-2-000684,2026-08-26 06:16:28,2026-08-26 06:20:28,CH,SAP S/4HANA,A,SAN-002,SanaPlus ColdFlu,OTC,SanaPlus,Pharmacy/B2B,11,10.0,CHF,0.15,110.0,93.5
TXN-CH-2-000685,2026-08-26 08:52:57,2026-08-26 08:58:57,CH,SAP S/4HANA,A,SAN-001,SanaPlus PainRelief,OTC,SanaPlus,E-commerce,1,9.05,CHF,0.0,9.05,9.05
TXN-CH-2-000686,2026-08-26 22:45:35,2026-08-26 22:48:35,CH,SAP S/4HANA,A,DER-002,Dermacare LiftCream,Aesthetic,Dermacare,Pharmacy/B2B,4,35.24,CHF,0.0,140.96,140.96
TXN-CH-2-000687,2026-08-26 10:35:43,2026-08-26 10:38:43,CH,SAP S/4HANA,A,DER-001,Dermacare GlowSerum,Aesthetic,Dermacare,E-commerce,12,30.48,CHF,0.0,365.76,365.76
TXN-CH-2-000688,2026-08-26 08:16:11,2026-08-26 08:17:11,CH,SAP S/4HANA,A,VIT-002,Vitalis Multivit,Supplement,Vitalis,Pharmacy/B2B,3,16.19,CHF,0.0,48.57,48.57
TXN-CH-2-000689,2026-08-26 02:22:44,2026-08-26 02:24:44,CH,SAP S/4HANA,A,MED-001,Medora Cardio 10mg,Prescription,Medora,Pharmacy/B2B,2,40.95,CHF,0.0,81.9,81.9
TXN-CH-2-000690,2026-08-26 07:40:47,2026-08-26 07:41:47,CH,SAP S/4HANA,A,SAN-001,SanaPlus PainRelief,OTC,SanaPlus,Wholesale,5,9.05,CHF,0.2,45.25,36.2
TXN-CH-2-000691,2026-08-26 11:11:35,2026-08-26 11:13:35,CH,SAP S/4HANA,A,MED-002,Medora Derm Cream,Prescription,Medora,D2C,4,24.76,CHF,0.05,99.04,94.09
TXN-CH-2-000692,2026-08-26 23:22:53,2026-08-26 23:26:53,CH,SAP S/4HANA,A,PUR-001,PureLife GlucoMonitor,Medical Device,PureLife,Pharmacy/B2B,6,80.95,CHF,0.0,485.7,485.7
TXN-CH-2-000693,2026-08-26 22:28:13,2026-08-26 22:30:13,CH,SAP S/4HANA,A,VIT-001,Vitalis C1000,Supplement,Vitalis,Wholesale,8,20.0,CHF,0.0,160.0,160.0
TXN-CH-2-000694,2026-08-26 04:37:11,2026-08-26 04:41:11,CH,SAP S/4HANA,A,MED-001,Medora Cardio 10mg,Prescription,Medora,D2C,10,40.95,CHF,0.05,409.5,389.02
TXN-CH-2-000695,2026-08-26 14:32:43,2026-08-26 14:37:43,CH,SAP S/4HANA,A,DER-002,Dermacare LiftCream,Aesthetic,Dermacare,Wholesale,12,35.24,CHF,0.0,422.88,422.88
TXN-CH-2-000696,2026-08-26 12:47:56,2026-08-26 12:51:56,CH,SAP S/4HANA,A,PUR-002,PureLife BP Monitor,Medical Device,PureLife,Wholesale,11,85.71,CHF,0.2,942.81,754.25
TXN-CH-2-000697,2026-08-26 11:07:51,2026-08-26 11:08:51,CH,SAP S/4HANA,A,MED-002,Medora Derm Cream,Prescription,Medora,E-commerce,6,24.76,CHF,0.0,148.56,148.56
TXN-CH-2-000698,2026-08-26 16:18:18,2026-08-26 16:24:18,CH,SAP S/4HANA,A,DER-001,Dermacare GlowSerum,Aesthetic,Dermacare,D2C,10,30.48,CHF,0.1,304.8,274.32
TXN-CH-2-000699,2026-08-26 13:50:48,2026-08-26 13:54:48,CH,SAP S/4HANA,A,VIT-001,Vitalis C1000,Supplement,Vitalis,Wholesale,12,20.0,CHF,0.05,240.0,228.0
TXN-CH-2-000700,2026-08-26 06:55:03,2026-08-26 06:57:03,CH,SAP S/4HANA,A,PUR-002,PureLife BP Monitor,Medical Device,PureLife,Wholesale,9,85.71,CHF,0.0,771.39,771.39
TXN-CH-2-000701,2026-08-26 01:27:30,2026-08-26 01:31:30,CH,SAP S/4HANA,A,MED-002,Medora Derm Cream,Prescription,Medora,Pharmacy/B2B,10,24.76,CHF,0.2,247.6,198.08
TXN-CH-2-000702,2026-08-26 10:17:31,2026-08-26 10:21:31,CH,SAP S/4HANA,A,SAN-002,SanaPlus ColdFlu,OTC,SanaPlus,Pharmacy/B2B,11,10.0,CHF,0.2,110.0,88.0
TXN-CH-2-000703,2026-08-26 12:58:05,2026-08-26 13:04:05,CH,SAP S/4HANA,A,VIT-001,Vitalis C1000,Supplement,Vitalis,E-commerce,1,20.0,CHF,0.0,20.0,20.0
TXN-CH-2-000704,2026-08-26 02:24:17,2026-08-26 02:26:17,CH,SAP S/4HANA,A,DER-002,Dermacare LiftCream,Aesthetic,Dermacare,Pharmacy/B2B,12,35.24,CHF,0.0,422.88,422.88
TXN-CH-2-000705,2026-08-26 05:11:03,2026-08-26 05:13:03,CH,SAP S/4HANA,A,SAN-002,SanaPlus ColdFlu,OTC,SanaPlus,E-commerce,4,10.0,CHF,0.15,40.0,34.0
TXN-CH-2-000706,2026-08-26 05:02:07,2026-08-26 05:04:07,CH,SAP S/4HANA,A,PUR-001,PureLife GlucoMonitor,Medical Device,PureLife,Pharmacy/B2B,5,80.95,CHF,0.0,404.75,404.75
TXN-CH-2-000707,2026-08-26 07:43:32,2026-08-26 07:44:32,CH,SAP S/4HANA,A,DER-001,Dermacare GlowSerum,Aesthetic,Dermacare,Pharmacy/B2B,7,30.48,CHF,0.05,213.36,202.69
TXN-CH-2-000708,2026-08-26 22:37:35,2026-08-26 22:43:35,CH,SAP S/4HANA,A,DER-002,Dermacare LiftCream,Aesthetic,Dermacare,D2C,11,35.24,CHF,0.0,387.64,387.64
TXN-CH-2-000709,2026-08-26 15:02:54,2026-08-26 15:07:54,CH,SAP S/4HANA,A,DER-002,Dermacare LiftCream,Aesthetic,Dermacare,Pharmacy/B2B,8,35.24,CHF,0.0,281.92,281.92
TXN-CH-2-000710,2026-08-26 04:04:40,2026-08-26 04:09:40,CH,SAP S/4HANA,A,PUR-001,PureLife GlucoMonitor,Medical Device,PureLife,D2C,2,80.95,CHF,0.2,161.9,129.52
TXN-CH-2-000711,2026-08-26 04:00:10,2026-08-26 04:01:10,CH,SAP S/4HANA,A,SAN-002,SanaPlus ColdFlu,OTC,SanaPlus,Wholesale,9,10.0,CHF,0.05,90.0,85.5
TXN-CH-2-000712,2026-08-26 04:40:27,2026-08-26 04:42:27,CH,SAP S/4HANA,A,PUR-002,PureLife BP Monitor,Medical Device,PureLife,Pharmacy/B2B,4,85.71,CHF,0.05,342.84,325.7
TXN-CH-2-000713,2026-08-26 04:16:32,2026-08-26 04:19:32,CH,SAP S/4HANA,A,SAN-002,SanaPlus ColdFlu,OTC,SanaPlus,Wholesale,1,10.0,CHF,0.0,10.0,10.0
TXN-CH-2-000714,2026-08-26 14:38:55,2026-08-26 14:41:55,CH,SAP S/4HANA,A,VIT-001,Vitalis C1000,Supplement,Vitalis,E-commerce,7,20.0,CHF,0.2,140.0,112.0
TXN-CH-2-000715,2026-08-26 06:28:17,2026-08-26 06:34:17,CH,SAP S/4HANA,A,SAN-001,SanaPlus PainRelief,OTC,SanaPlus,D2C,9,9.05,CHF,0.1,81.45,73.31
TXN-CH-2-000716,2026-08-26 10:23:55,2026-08-26 10:29:55,CH,SAP S/4HANA,A,DER-001,Dermacare GlowSerum,Aesthetic,Dermacare,E-commerce,8,30.48,CHF,0.0,243.84,243.84
TXN-CH-2-000717,2026-08-26 10:14:11,2026-08-26 10:18:11,CH,SAP S/4HANA,A,PUR-001,PureLife GlucoMonitor,Medical Device,PureLife,Wholesale,6,80.95,CHF,0.2,485.7,388.56
TXN-CH-2-000718,2026-08-26 00:56:22,2026-08-26 01:01:22,CH,SAP S/4HANA,A,MED-001,Medora Cardio 10mg,Prescription,Medora,D2C,11,40.95,CHF,0.15,450.45,382.88
TXN-CH-2-000719,2026-08-26 16:43:50,2026-08-26 16:49:50,CH,SAP S/4HANA,A,MED-002,Medora Derm Cream,Prescription,Medora,Pharmacy/B2B,8,24.76,CHF,0.1,198.08,178.27
TXN-CH-2-000720,2026-08-26 09:23:58,2026-08-26 09:29:58,CH,SAP S/4HANA,A,SAN-001,SanaPlus PainRelief,OTC,SanaPlus,D2C,1,9.05,CHF,0.0,9.05,9.05
TXN-CH-2-000721,2026-08-26 05:41:06,2026-08-26 05:47:06,CH,SAP S/4HANA,A,DER-002,Dermacare LiftCream,Aesthetic,Dermacare,D2C,9,35.24,CHF,0.1,317.16,285.44
TXN-CH-2-000722,2026-08-26 09:18:07,2026-08-26 09:20:07,CH,SAP S/4HANA,A,SAN-001,SanaPlus PainRelief,OTC,SanaPlus,D2C,4,9.05,CHF,0.05,36.2,34.39
TXN-CH-2-000723,2026-08-26 22:06:57,2026-08-26 22:08:57,CH,SAP S/4HANA,A,DER-001,Dermacare GlowSerum,Aesthetic,Dermacare,Wholesale,7,30.48,CHF,0.0,213.36,213.36
TXN-CH-2-000724,2026-08-26 10:26:04,2026-08-26 10:29:04,CH,SAP S/4HANA,A,PUR-001,PureLife GlucoMonitor,Medical Device,PureLife,Wholesale,12,80.95,CHF,0.05,971.4,922.83
TXN-CH-2-000725,2026-08-26 04:14:59,2026-08-26 04:15:59,CH,SAP S/4HANA,A,PUR-001,PureLife GlucoMonitor,Medical Device,PureLife,Pharmacy/B2B,7,80.95,CHF,0.0,566.65,566.65
TXN-CH-2-000726,2026-08-26 19:09:14,2026-08-26 19:11:14,CH,SAP S/4HANA,A,DER-002,Dermacare LiftCream,Aesthetic,Dermacare,Wholesale,11,35.24,CHF,0.0,387.64,387.64
TXN-CH-2-000727,2026-08-26 10:46:17,2026-08-26 10:50:17,CH,SAP S/4HANA,A,DER-002,Dermacare LiftCream,Aesthetic,Dermacare,D2C,10,35.24,CHF,0.05,352.4,334.78
TXN-CH-2-000728,2026-08-26 15:57:09,2026-08-26 16:02:09,CH,SAP S/4HANA,A,SAN-001,SanaPlus PainRelief,OTC,SanaPlus,D2C,12,9.05,CHF,0.0,108.6,108.6
TXN-CH-2-000729,2026-08-26 16:51:01,2026-08-26 16:53:01,CH,SAP S/4HANA,A,VIT-002,Vitalis Multivit,Supplement,Vitalis,Pharmacy/B2B,11,16.19,CHF,0.1,178.09,160.28
TXN-CH-2-000730,2026-08-26 18:55:53,2026-08-26 18:56:53,CH,SAP S/4HANA,A,SAN-002,SanaPlus ColdFlu,OTC,SanaPlus,Wholesale,8,10.0,CHF,0.0,80.0,80.0
TXN-CH-2-000731,2026-08-26 10:22:22,2026-08-26 10:23:22,CH,SAP S/4HANA,A,VIT-002,Vitalis Multivit,Supplement,Vitalis,D2C,5,16.19,CHF,0.15,80.95,68.81
TXN-CH-2-000732,2026-08-26 23:02:39,2026-08-26 23:05:39,CH,SAP S/4HANA,A,SAN-002,SanaPlus ColdFlu,OTC,SanaPlus,Wholesale,10,10.0,CHF,0.05,100.0,95.0
TXN-CH-2-000733,2026-08-26 23:11:03,2026-08-26 23:12:03,CH,SAP S/4HANA,A,DER-002,Dermacare LiftCream,Aesthetic,Dermacare,Pharmacy/B2B,8,35.24,CHF,0.05,281.92,267.82
TXN-CH-2-000734,2026-08-26 23:22:19,2026-08-26 23:23:19,CH,SAP S/4HANA,A,SAN-001,SanaPlus PainRelief,OTC,SanaPlus,D2C,6,9.05,CHF,0.0,54.3,54.3
TXN-CH-2-000735,2026-08-26 00:58:32,2026-08-26 00:59:32,CH,SAP S/4HANA,A,MED-002,Medora Derm Cream,Prescription,Medora,Wholesale,4,24.76,CHF,0.0,99.04,99.04
TXN-CH-2-000736,2026-08-26 09:32:45,2026-08-26 09:33:45,CH,SAP S/4HANA,A,VIT-001,Vitalis C1000,Supplement,Vitalis,Wholesale,3,20.0,CHF,0.0,60.0,60.0
TXN-CH-2-000737,2026-08-26 21:23:57,2026-08-26 21:25:57,CH,SAP S/4HANA,A,MED-002,Medora Derm Cream,Prescription,Medora,E-commerce,10,24.76,CHF,0.15,247.6,210.46
TXN-CH-2-000738,2026-08-26 20:10:42,2026-08-26 20:13:42,CH,SAP S/4HANA,A,DER-001,Dermacare GlowSerum,Aesthetic,Dermacare,Wholesale,12,30.48,CHF,0.0,365.76,365.76
TXN-CH-2-000739,2026-08-26 09:24:20,2026-08-26 09:25:20,CH,SAP S/4HANA,A,SAN-002,SanaPlus ColdFlu,OTC,SanaPlus,D2C,6,10.0,CHF,0.2,60.0,48.0
TXN-CH-2-000740,2026-08-26 23:30:37,2026-08-26 23:36:37,CH,SAP S/4HANA,A,VIT-001,Vitalis C1000,Supplement,Vitalis,D2C,2,20.0,CHF,0.05,40.0,38.0
TXN-CH-2-000741,2026-08-26 17:04:51,2026-08-26 17:07:51,CH,SAP S/4HANA,A,PUR-001,PureLife GlucoMonitor,Medical Device,PureLife,D2C,7,80.95,CHF,0.0,566.65,566.65
TXN-CH-2-000742,2026-08-26 05:40:48,2026-08-26 05:46:48,CH,SAP S/4HANA,A,DER-001,Dermacare GlowSerum,Aesthetic,Dermacare,D2C,3,30.48,CHF,0.2,91.44,73.15
TXN-CH-2-000743,2026-08-26 09:49:05,2026-08-26 09:51:05,CH,SAP S/4HANA,A,DER-002,Dermacare LiftCream,Aesthetic,Dermacare,D2C,3,35.24,CHF,0.1,105.72,95.15
TXN-CH-2-000744,2026-08-26 04:55:27,2026-08-26 04:57:27,CH,SAP S/4HANA,A,MED-001,Medora Cardio 10mg,Prescription,Medora,E-commerce,3,40.95,CHF,0.0,122.85,122.85
TXN-CH-2-000745,2026-08-26 10:01:11,2026-08-26 10:02:11,CH,SAP S/4HANA,A,MED-001,Medora Cardio 10mg,Prescription,Medora,Wholesale,5,40.95,CHF,0.1,204.75,184.28
TXN-CH-2-000746,2026-08-26 14:46:31,2026-08-26 14:47:31,CH,SAP S/4HANA,A,DER-002,Dermacare LiftCream,Aesthetic,Dermacare,E-commerce,7,35.24,CHF,0.0,246.68,246.68
TXN-CH-2-000747,2026-08-26 05:41:37,2026-08-26 05:47:37,CH,SAP S/4HANA,A,MED-001,Medora Cardio 10mg,Prescription,Medora,Pharmacy/B2B,12,40.95,CHF,0.0,491.4,491.4
TXN-CH-2-000748,2026-08-26 18:41:51,2026-08-26 18:45:51,CH,SAP S/4HANA,A,DER-001,Dermacare GlowSerum,Aesthetic,Dermacare,Pharmacy/B2B,10,30.48,CHF,0.05,304.8,289.56
TXN-CH-2-000749,2026-08-26 16:26:07,2026-08-26 16:28:07,CH,SAP S/4HANA,A,DER-002,Dermacare LiftCream,Aesthetic,Dermacare,E-commerce,6,35.24,CHF,0.0,211.44,211.44
TXN-CH-2-000750,2026-08-26 02:00:01,2026-08-26 02:05:01,CH,SAP S/4HANA,A,VIT-002,Vitalis Multivit,Supplement,Vitalis,E-commerce,2,16.19,CHF,0.15,32.38,27.52
TXN-CH-2-000751,2026-08-26 20:51:37,2026-08-26 20:54:37,CH,SAP S/4HANA,A,DER-001,Dermacare GlowSerum,Aesthetic,Dermacare,E-commerce,3,30.48,CHF,0.0,91.44,91.44
TXN-CH-2-000752,2026-08-26 13:38:04,2026-08-26 13:44:04,CH,SAP S/4HANA,A,MED-001,Medora Cardio 10mg,Prescription,Medora,Wholesale,12,40.95,CHF,0.0,491.4,491.4
TXN-CH-2-000753,2026-08-26 01:31:02,2026-08-26 01:35:02,CH,SAP S/4HANA,A,PUR-002,PureLife BP Monitor,Medical Device,PureLife,Wholesale,11,85.71,CHF,0.0,942.81,942.81
TXN-CH-2-000754,2026-08-26 12:13:34,2026-08-26 12:18:34,CH,SAP S/4HANA,A,PUR-001,PureLife GlucoMonitor,Medical Device,PureLife,D2C,5,80.95,CHF,0.15,404.75,344.04
TXN-CH-2-000755,2026-08-26 12:47:17,2026-08-26 12:49:17,CH,SAP S/4HANA,A,VIT-002,Vitalis Multivit,Supplement,Vitalis,Wholesale,5,16.19,CHF,0.1,80.95,72.86
TXN-CH-2-000756,2026-08-26 09:37:33,2026-08-26 09:38:33,CH,SAP S/4HANA,A,MED-002,Medora Derm Cream,Prescription,Medora,Pharmacy/B2B,1,24.76,CHF,0.2,24.76,19.81
TXN-CH-2-000757,2026-08-26 06:12:46,2026-08-26 06:13:46,CH,SAP S/4HANA,A,PUR-001,PureLife GlucoMonitor,Medical Device,PureLife,Wholesale,8,80.95,CHF,0.05,647.6,615.22
TXN-CH-2-000758,2026-08-26 01:14:28,2026-08-26 01:17:28,CH,SAP S/4HANA,A,MED-001,Medora Cardio 10mg,Prescription,Medora,Wholesale,3,40.95,CHF,0.0,122.85,122.85
TXN-CH-2-000759,2026-08-26 06:47:25,2026-08-26 06:48:25,CH,SAP S/4HANA,A,SAN-002,SanaPlus ColdFlu,OTC,SanaPlus,Pharmacy/B2B,12,10.0,CHF,0.2,120.0,96.0
TXN-CH-2-000760,2026-08-26 16:58:32,2026-08-26 17:01:32,CH,SAP S/4HANA,A,MED-002,Medora Derm Cream,Prescription,Medora,Wholesale,8,24.76,CHF,0.1,198.08,178.27
TXN-CH-2-000761,2026-08-26 06:30:39,2026-08-26 06:35:39,CH,SAP S/4HANA,A,DER-001,Dermacare GlowSerum,Aesthetic,Dermacare,Pharmacy/B2B,6,30.48,CHF,0.1,182.88,164.59
TXN-CH-2-000762,2026-08-26 15:40:14,2026-08-26 15:43:14,CH,SAP S/4HANA,A,VIT-002,Vitalis Multivit,Supplement,Vitalis,Pharmacy/B2B,5,16.19,CHF,0.15,80.95,68.81
TXN-CH-2-000763,2026-08-26 07:42:40,2026-08-26 07:45:40,CH,SAP S/4HANA,A,VIT-001,Vitalis C1000,Supplement,Vitalis,E-commerce,1,20.0,CHF,0.05,20.0,19.0
TXN-CH-2-000764,2026-08-26 01:41:57,2026-08-26 01:44:57,CH,SAP S/4HANA,A,VIT-002,Vitalis Multivit,Supplement,Vitalis,Pharmacy/B2B,11,16.19,CHF,0.0,178.09,178.09
TXN-CH-2-000765,2026-08-26 16:34:54,2026-08-26 16:38:54,CH,SAP S/4HANA,A,VIT-001,Vitalis C1000,Supplement,Vitalis,E-commerce,3,20.0,CHF,0.1,60.0,54.0
TXN-CH-2-000766,2026-08-26 16:59:42,2026-08-26 17:02:42,CH,SAP S/4HANA,A,PUR-002,PureLife BP Monitor,Medical Device,PureLife,D2C,9,85.71,CHF,0.1,771.39,694.25
TXN-CH-2-000767,2026-08-26 07:00:28,2026-08-26 07:06:28,CH,SAP S/4HANA,A,DER-001,Dermacare GlowSerum,Aesthetic,Dermacare,Wholesale,5,30.48,CHF,0.0,152.4,152.4
TXN-CH-2-000768,2026-08-26 19:41:15,2026-08-26 19:47:15,CH,SAP S/4HANA,A,DER-001,Dermacare GlowSerum,Aesthetic,Dermacare,Pharmacy/B2B,2,30.48,CHF,0.05,60.96,57.91
TXN-CH-2-000769,2026-08-26 14:16:04,2026-08-26 14:22:04,CH,SAP S/4HANA,A,DER-002,Dermacare LiftCream,Aesthetic,Dermacare,Wholesale,4,35.24,CHF,0.1,140.96,126.86
TXN-CH-2-000770,2026-08-26 18:47:04,2026-08-26 18:48:04,CH,SAP S/4HANA,A,MED-002,Medora Derm Cream,Prescription,Medora,Pharmacy/B2B,2,24.76,CHF,0.2,49.52,39.62
TXN-CH-2-000771,2026-08-26 07:31:21,2026-08-26 07:32:21,CH,SAP S/4HANA,A,SAN-002,SanaPlus ColdFlu,OTC,SanaPlus,E-commerce,11,10.0,CHF,0.1,110.0,99.0
TXN-CH-2-000772,2026-08-26 05:28:32,2026-08-26 05:30:32,CH,SAP S/4HANA,A,PUR-001,PureLife GlucoMonitor,Medical Device,PureLife,E-commerce,6,80.95,CHF,0.0,485.7,485.7
TXN-CH-2-000773,2026-08-26 05:23:11,2026-08-26 05:25:11,CH,SAP S/4HANA,A,DER-002,Dermacare LiftCream,Aesthetic,Dermacare,Wholesale,6,35.24,CHF,0.0,211.44,211.44
TXN-CH-2-000774,2026-08-26 09:49:17,2026-08-26 09:52:17,CH,SAP S/4HANA,A,PUR-001,PureLife GlucoMonitor,Medical Device,PureLife,Pharmacy/B2B,7,80.95,CHF,0.15,566.65,481.65
TXN-CH-2-000775,2026-08-26 08:48:59,2026-08-26 08:54:59,CH,SAP S/4HANA,A,VIT-001,Vitalis C1000,Supplement,Vitalis,D2C,5,20.0,CHF,0.1,100.0,90.0
TXN-CH-2-000776,2026-08-26 22:11:23,2026-08-26 22:15:23,CH,SAP S/4HANA,A,PUR-001,PureLife GlucoMonitor,Medical Device,PureLife,D2C,7,80.95,CHF,0.0,566.65,566.65
TXN-CH-2-000777,2026-08-26 10:08:55,2026-08-26 10:09:55,CH,SAP S/4HANA,A,VIT-001,Vitalis C1000,Supplement,Vitalis,Wholesale,2,20.0,CHF,0.05,40.0,38.0
TXN-CH-2-000778,2026-08-26 13:20:28,2026-08-26 13:23:28,CH,SAP S/4HANA,A,SAN-001,SanaPlus PainRelief,OTC,SanaPlus,E-commerce,8,9.05,CHF,0.1,72.4,65.16
TXN-CH-2-000779,2026-08-26 09:00:57,2026-08-26 09:02:57,CH,SAP S/4HANA,A,PUR-002,PureLife BP Monitor,Medical Device,PureLife,Wholesale,1,85.71,CHF,0.0,85.71,85.71
TXN-CH-2-000780,2026-08-26 04:23:49,2026-08-26 04:26:49,CH,SAP S/4HANA,A,DER-001,Dermacare GlowSerum,Aesthetic,Dermacare,Pharmacy/B2B,12,30.48,CHF,0.05,365.76,347.47
TXN-CH-2-000781,2026-08-26 22:18:22,2026-08-26 22:24:22,CH,SAP S/4HANA,A,MED-001,Medora Cardio 10mg,Prescription,Medora,D2C,8,40.95,CHF,0.15,327.6,278.46
TXN-CH-2-000782,2026-08-26 13:50:14,2026-08-26 13:51:14,CH,SAP S/4HANA,A,MED-001,Medora Cardio 10mg,Prescription,Medora,E-commerce,10,40.95,CHF,0.2,409.5,327.6
TXN-CH-2-000783,2026-08-26 15:33:22,2026-08-26 15:39:22,CH,SAP S/4HANA,A,SAN-002,SanaPlus ColdFlu,OTC,SanaPlus,D2C,5,10.0,CHF,0.0,50.0,50.0
TXN-CH-2-000784,2026-08-26 21:22:19,2026-08-26 21:28:19,CH,SAP S/4HANA,A,MED-001,Medora Cardio 10mg,Prescription,Medora,D2C,4,40.95,CHF,0.05,163.8,155.61
TXN-CH-2-000785,2026-08-26 16:55:37,2026-08-26 16:56:37,CH,SAP S/4HANA,A,VIT-001,Vitalis C1000,Supplement,Vitalis,Wholesale,8,20.0,CHF,0.0,160.0,160.0
TXN-CH-2-000786,2026-08-26 12:01:13,2026-08-26 12:02:13,CH,SAP S/4HANA,A,VIT-002,Vitalis Multivit,Supplement,Vitalis,D2C,7,16.19,CHF,0.2,113.33,90.66
TXN-CH-2-000787,2026-08-26 06:07:49,2026-08-26 06:09:49,CH,SAP S/4HANA,A,DER-002,Dermacare LiftCream,Aesthetic,Dermacare,E-commerce,5,35.24,CHF,0.05,176.2,167.39
TXN-CH-2-000788,2026-08-26 09:46:35,2026-08-26 09:49:35,CH,SAP S/4HANA,A,DER-001,Dermacare GlowSerum,Aesthetic,Dermacare,Pharmacy/B2B,5,30.48,CHF,0.1,152.4,137.16
TXN-CH-2-000789,2026-08-26 13:00:29,2026-08-26 13:01:29,CH,SAP S/4HANA,A,MED-002,Medora Derm Cream,Prescription,Medora,Pharmacy/B2B,7,24.76,CHF,0.0,173.32,173.32
TXN-CH-2-000790,2026-08-26 14:18:20,2026-08-26 14:24:20,CH,SAP S/4HANA,A,VIT-002,Vitalis Multivit,Supplement,Vitalis,E-commerce,3,16.19,CHF,0.15,48.57,41.28
TXN-CH-2-000791,2026-08-26 14:43:07,2026-08-26 14:47:07,CH,SAP S/4HANA,A,PUR-002,PureLife BP Monitor,Medical Device,PureLife,Pharmacy/B2B,2,85.71,CHF,0.0,171.42,171.42
TXN-CH-2-000792,2026-08-26 17:53:26,2026-08-26 17:58:26,CH,SAP S/4HANA,A,SAN-002,SanaPlus ColdFlu,OTC,SanaPlus,Pharmacy/B2B,3,10.0,CHF,0.0,30.0,30.0
TXN-CH-2-000793,2026-08-26 21:56:47,2026-08-26 22:02:47,CH,SAP S/4HANA,A,VIT-001,Vitalis C1000,Supplement,Vitalis,Wholesale,3,20.0,CHF,0.2,60.0,48.0
TXN-CH-2-000794,2026-08-26 21:10:47,2026-08-26 21:11:47,CH,SAP S/4HANA,A,DER-001,Dermacare GlowSerum,Aesthetic,Dermacare,D2C,3,30.48,CHF,0.2,91.44,73.15
TXN-CH-2-000795,2026-08-26 05:18:34,2026-08-26 05:20:34,CH,SAP S/4HANA,A,PUR-002,PureLife BP Monitor,Medical Device,PureLife,E-commerce,6,85.71,CHF,0.0,514.26,514.26
TXN-CH-2-000796,2026-08-26 19:53:22,2026-08-26 19:56:22,CH,SAP S/4HANA,A,MED-002,Medora Derm Cream,Prescription,Medora,Wholesale,6,24.76,CHF,0.2,148.56,118.85
TXN-CH-2-000797,2026-08-26 17:25:05,2026-08-26 17:29:05,CH,SAP S/4HANA,A,MED-002,Medora Derm Cream,Prescription,Medora,Wholesale,7,24.76,CHF,0.0,173.32,173.32
TXN-CH-2-000798,2026-08-26 17:38:32,2026-08-26 17:40:32,CH,SAP S/4HANA,A,VIT-001,Vitalis C1000,Supplement,Vitalis,D2C,6,20.0,CHF,0.2,120.0,96.0
TXN-CH-2-000799,2026-08-26 18:57:42,2026-08-26 19:02:42,CH,SAP S/4HANA,A,VIT-002,Vitalis Multivit,Supplement,Vitalis,Wholesale,7,16.19,CHF,0.0,113.33,113.33
TXN-CH-2-000800,2026-08-26 18:11:30,2026-08-26 18:16:30,CH,SAP S/4HANA,A,PUR-001,PureLife GlucoMonitor,Medical Device,PureLife,E-commerce,4,80.95,CHF,0.15,323.8,275.23
TXN-CH-2-000801,2026-08-26 10:17:25,2026-08-26 10:18:25,CH,SAP S/4HANA,A,PUR-001,PureLife GlucoMonitor,Medical Device,PureLife,E-commerce,12,80.95,CHF,0.2,971.4,777.12
TXN-CH-2-000802,2026-08-26 07:04:54,2026-08-26 07:08:54,CH,SAP S/4HANA,A,PUR-001,PureLife GlucoMonitor,Medical Device,PureLife,E-commerce,7,80.95,CHF,0.2,566.65,453.32
TXN-CH-2-000803,2026-08-26 23:08:17,2026-08-26 23:09:17,CH,SAP S/4HANA,A,SAN-002,SanaPlus ColdFlu,OTC,SanaPlus,E-commerce,7,10.0,CHF,0.05,70.0,66.5
TXN-CH-2-000804,2026-08-26 19:01:18,2026-08-26 19:05:18,CH,SAP S/4HANA,A,DER-001,Dermacare GlowSerum,Aesthetic,Dermacare,Pharmacy/B2B,9,30.48,CHF,0.0,274.32,274.32
TXN-CH-2-000805,2026-08-26 17:31:28,2026-08-26 17:36:28,CH,SAP S/4HANA,A,SAN-002,SanaPlus ColdFlu,OTC,SanaPlus,Wholesale,6,10.0,CHF,0.0,60.0,60.0
TXN-CH-2-000806,2026-08-26 01:51:05,2026-08-26 01:52:05,CH,SAP S/4HANA,A,MED-001,Medora Cardio 10mg,Prescription,Medora,E-commerce,3,40.95,CHF,0.05,122.85,116.71
TXN-CH-2-000807,2026-08-26 13:16:28,2026-08-26 13:17:28,CH,SAP S/4HANA,A,PUR-002,PureLife BP Monitor,Medical Device,PureLife,E-commerce,12,85.71,CHF,0.05,1028.52,977.09
TXN-CH-2-000808,2026-08-26 23:59:38,2026-08-27 00:00:38,CH,SAP S/4HANA,A,SAN-001,SanaPlus PainRelief,OTC,SanaPlus,Wholesale,1,9.05,CHF,0.1,9.05,8.15
TXN-CH-2-000809,2026-08-26 05:39:27,2026-08-26 05:44:27,CH,SAP S/4HANA,A,MED-001,Medora Cardio 10mg,Prescription,Medora,E-commerce,4,40.95,CHF,0.05,163.8,155.61
TXN-CH-2-000810,2026-08-26 03:10:02,2026-08-26 03:13:02,CH,SAP S/4HANA,A,VIT-001,Vitalis C1000,Supplement,Vitalis,Pharmacy/B2B,4,20.0,CHF,0.2,80.0,64.0
TXN-CH-2-000811,2026-08-26 17:11:41,2026-08-26 17:14:41,CH,SAP S/4HANA,A,DER-002,Dermacare LiftCream,Aesthetic,Dermacare,E-commerce,8,35.24,CHF,0.2,281.92,225.54
TXN-CH-2-000812,2026-08-26 20:42:25,2026-08-26 20:44:25,CH,SAP S/4HANA,A,PUR-002,PureLife BP Monitor,Medical Device,PureLife,E-commerce,11,85.71,CHF,0.0,942.81,942.81
TXN-CH-2-000813,2026-08-26 14:50:30,2026-08-26 14:56:30,CH,SAP S/4HANA,A,PUR-001,PureLife GlucoMonitor,Medical Device,PureLife,D2C,10,80.95,CHF,0.0,809.5,809.5
TXN-CH-2-000814,2026-08-26 09:28:02,2026-08-26 09:30:02,CH,SAP S/4HANA,A,DER-002,Dermacare LiftCream,Aesthetic,Dermacare,Wholesale,12,35.24,CHF,0.0,422.88,422.88
TXN-CH-2-000815,2026-08-26 22:14:11,2026-08-26 22:16:11,CH,SAP S/4HANA,A,VIT-002,Vitalis Multivit,Supplement,Vitalis,Wholesale,12,16.19,CHF,0.1,194.28,174.85
TXN-CH-2-000816,2026-08-26 18:35:46,2026-08-26 18:37:46,CH,SAP S/4HANA,A,VIT-001,Vitalis C1000,Supplement,Vitalis,D2C,1,20.0,CHF,0.15,20.0,17.0
TXN-CH-2-000817,2026-08-26 17:09:38,2026-08-26 17:11:38,CH,SAP S/4HANA,A,PUR-001,PureLife GlucoMonitor,Medical Device,PureLife,Pharmacy/B2B,10,80.95,CHF,0.2,809.5,647.6
TXN-CH-2-000818,2026-08-26 12:35:01,2026-08-26 12:40:01,CH,SAP S/4HANA,A,PUR-001,PureLife GlucoMonitor,Medical Device,PureLife,Pharmacy/B2B,11,80.95,CHF,0.15,890.45,756.88
TXN-CH-2-000819,2026-08-26 15:09:44,2026-08-26 15:10:44,CH,SAP S/4HANA,A,PUR-001,PureLife GlucoMonitor,Medical Device,PureLife,Pharmacy/B2B,10,80.95,CHF,0.2,809.5,647.6
TXN-CH-2-000820,2026-08-26 18:25:44,2026-08-26 18:26:44,CH,SAP S/4HANA,A,PUR-002,PureLife BP Monitor,Medical Device,PureLife,Pharmacy/B2B,5,85.71,CHF,0.0,428.55,428.55
TXN-CH-2-000821,2026-08-26 22:45:16,2026-08-26 22:47:16,CH,SAP S/4HANA,A,VIT-002,Vitalis Multivit,Supplement,Vitalis,Wholesale,12,16.19,CHF,0.0,194.28,194.28
TXN-CH-2-000822,2026-08-26 15:55:55,2026-08-26 15:57:55,CH,SAP S/4HANA,A,SAN-001,SanaPlus PainRelief,OTC,SanaPlus,D2C,6,9.05,CHF,0.2,54.3,43.44
TXN-CH-2-000823,2026-08-26 04:37:29,2026-08-26 04:39:29,CH,SAP S/4HANA,A,DER-002,Dermacare LiftCream,Aesthetic,Dermacare,D2C,10,35.24,CHF,0.0,352.4,352.4
TXN-CH-2-000824,2026-08-26 04:57:17,2026-08-26 05:01:17,CH,SAP S/4HANA,A,DER-002,Dermacare LiftCream,Aesthetic,Dermacare,E-commerce,3,35.24,CHF,0.15,105.72,89.86
TXN-CH-2-000825,2026-08-26 17:38:07,2026-08-26 17:40:07,CH,SAP S/4HANA,A,VIT-001,Vitalis C1000,Supplement,Vitalis,E-commerce,2,20.0,CHF,0.2,40.0,32.0
TXN-CH-2-000826,2026-08-26 11:28:56,2026-08-26 11:31:56,CH,SAP S/4HANA,A,VIT-002,Vitalis Multivit,Supplement,Vitalis,E-commerce,6,16.19,CHF,0.0,97.14,97.14
TXN-CH-2-000827,2026-08-26 03:30:26,2026-08-26 03:34:26,CH,SAP S/4HANA,A,PUR-002,PureLife BP Monitor,Medical Device,PureLife,E-commerce,3,85.71,CHF,0.1,257.13,231.42
TXN-CH-2-000828,2026-08-26 16:06:51,2026-08-26 16:09:51,CH,SAP S/4HANA,A,SAN-002,SanaPlus ColdFlu,OTC,SanaPlus,Pharmacy/B2B,2,10.0,CHF,0.15,20.0,17.0
TXN-CH-2-000829,2026-08-26 14:22:05,2026-08-26 14:25:05,CH,SAP S/4HANA,A,MED-002,Medora Derm Cream,Prescription,Medora,Wholesale,1,24.76,CHF,0.1,24.76,22.28
TXN-CH-2-000830,2026-08-26 14:31:35,2026-08-26 14:33:35,CH,SAP S/4HANA,A,SAN-001,SanaPlus PainRelief,OTC,SanaPlus,D2C,2,9.05,CHF,0.0,18.1,18.1
TXN-CH-2-000831,2026-08-26 07:15:21,2026-08-26 07:20:21,CH,SAP S/4HANA,A,DER-001,Dermacare GlowSerum,Aesthetic,Dermacare,Wholesale,12,30.48,CHF,0.0,365.76,365.76
TXN-CH-2-000832,2026-08-26 12:24:58,2026-08-26 12:28:58,CH,SAP S/4HANA,A,SAN-002,SanaPlus ColdFlu,OTC,SanaPlus,E-commerce,11,10.0,CHF,0.1,110.0,99.0
TXN-CH-2-000833,2026-08-26 14:47:08,2026-08-26 14:51:08,CH,SAP S/4HANA,A,SAN-001,SanaPlus PainRelief,OTC,SanaPlus,Wholesale,2,9.05,CHF,0.15,18.1,15.39
TXN-CH-2-000834,2026-08-26 03:24:15,2026-08-26 03:29:15,CH,SAP S/4HANA,A,MED-002,Medora Derm Cream,Prescription,Medora,E-commerce,3,24.76,CHF,0.15,74.28,63.14
TXN-CH-2-000835,2026-08-26 00:08:20,2026-08-26 00:12:20,CH,SAP S/4HANA,A,VIT-001,Vitalis C1000,Supplement,Vitalis,E-commerce,12,20.0,CHF,0.1,240.0,216.0
TXN-CH-2-000836,2026-08-26 04:19:15,2026-08-26 04:24:15,CH,SAP S/4HANA,A,MED-002,Medora Derm Cream,Prescription,Medora,D2C,7,24.76,CHF,0.0,173.32,173.32
TXN-CH-2-000837,2026-08-26 13:17:14,2026-08-26 13:18:14,CH,SAP S/4HANA,A,DER-001,Dermacare GlowSerum,Aesthetic,Dermacare,E-commerce,7,30.48,CHF,0.1,213.36,192.02
TXN-CH-2-000838,2026-08-26 18:31:01,2026-08-26 18:34:01,CH,SAP S/4HANA,A,MED-002,Medora Derm Cream,Prescription,Medora,Wholesale,8,24.76,CHF,0.15,198.08,168.37
TXN-CH-2-000839,2026-08-26 15:18:38,2026-08-26 15:24:38,CH,SAP S/4HANA,A,SAN-002,SanaPlus ColdFlu,OTC,SanaPlus,D2C,10,10.0,CHF,0.1,100.0,90.0
TXN-CH-2-000840,2026-08-26 21:08:02,2026-08-26 21:09:02,CH,SAP S/4HANA,A,PUR-002,PureLife BP Monitor,Medical Device,PureLife,Wholesale,7,85.71,CHF,0.1,599.97,539.97
TXN-CH-2-000841,2026-08-26 16:07:21,2026-08-26 16:11:21,CH,SAP S/4HANA,A,MED-001,Medora Cardio 10mg,Prescription,Medora,E-commerce,3,40.95,CHF,0.0,122.85,122.85
TXN-CH-2-000842,2026-08-26 13:46:16,2026-08-26 13:49:16,CH,SAP S/4HANA,A,SAN-001,SanaPlus PainRelief,OTC,SanaPlus,D2C,11,9.05,CHF,0.0,99.55,99.55
TXN-CH-2-000843,2026-08-26 10:32:01,2026-08-26 10:34:01,CH,SAP S/4HANA,A,DER-002,Dermacare LiftCream,Aesthetic,Dermacare,Pharmacy/B2B,12,35.24,CHF,0.0,422.88,422.88
TXN-CH-2-000844,2026-08-26 07:10:34,2026-08-26 07:16:34,CH,SAP S/4HANA,A,SAN-001,SanaPlus PainRelief,OTC,SanaPlus,E-commerce,5,9.05,CHF,0.1,45.25,40.73
TXN-CH-2-000845,2026-08-26 03:46:17,2026-08-26 03:50:17,CH,SAP S/4HANA,A,VIT-001,Vitalis C1000,Supplement,Vitalis,Wholesale,4,20.0,CHF,0.0,80.0,80.0
TXN-CH-2-000846,2026-08-26 18:06:41,2026-08-26 18:10:41,CH,SAP S/4HANA,A,DER-002,Dermacare LiftCream,Aesthetic,Dermacare,D2C,12,35.24,CHF,0.0,422.88,422.88
TXN-CH-2-000847,2026-08-26 05:23:07,2026-08-26 05:25:07,CH,SAP S/4HANA,A,VIT-001,Vitalis C1000,Supplement,Vitalis,Pharmacy/B2B,3,20.0,CHF,0.15,60.0,51.0
TXN-CH-2-000848,2026-08-26 10:58:40,2026-08-26 11:00:40,CH,SAP S/4HANA,A,MED-002,Medora Derm Cream,Prescription,Medora,Wholesale,4,24.76,CHF,0.1,99.04,89.14
TXN-CH-2-000849,2026-08-26 03:22:23,2026-08-26 03:28:23,CH,SAP S/4HANA,A,PUR-002,PureLife BP Monitor,Medical Device,PureLife,Pharmacy/B2B,4,85.71,CHF,0.0,342.84,342.84
TXN-CH-2-000850,2026-08-26 16:09:24,2026-08-26 16:11:24,CH,SAP S/4HANA,A,MED-002,Medora Derm Cream,Prescription,Medora,Wholesale,6,24.76,CHF,0.0,148.56,148.56
TXN-CH-2-000851,2026-08-26 01:08:16,2026-08-26 01:14:16,CH,SAP S/4HANA,A,VIT-001,Vitalis C1000,Supplement,Vitalis,D2C,9,20.0,CHF,0.0,180.0,180.0
TXN-CH-2-000852,2026-08-26 20:22:17,2026-08-26 20:25:17,CH,SAP S/4HANA,A,MED-001,Medora Cardio 10mg,Prescription,Medora,E-commerce,4,40.95,CHF,0.0,163.8,163.8
TXN-CH-2-000853,2026-08-26 17:15:22,2026-08-26 17:16:22,CH,SAP S/4HANA,A,MED-001,Medora Cardio 10mg,Prescription,Medora,D2C,6,40.95,CHF,0.0,245.7,245.7
TXN-CH-2-000854,2026-08-26 11:44:47,2026-08-26 11:45:47,CH,SAP S/4HANA,A,VIT-002,Vitalis Multivit,Supplement,Vitalis,D2C,11,16.19,CHF,0.05,178.09,169.19
TXN-CH-2-000855,2026-08-26 07:20:44,2026-08-26 07:26:44,CH,SAP S/4HANA,A,SAN-001,SanaPlus PainRelief,OTC,SanaPlus,E-commerce,2,9.05,CHF,0.15,18.1,15.39
TXN-CH-2-000856,2026-08-26 16:00:05,2026-08-26 16:01:05,CH,SAP S/4HANA,A,PUR-002,PureLife BP Monitor,Medical Device,PureLife,Pharmacy/B2B,7,85.71,CHF,0.0,599.97,599.97
TXN-CH-2-000857,2026-08-26 07:07:17,2026-08-26 07:10:17,CH,SAP S/4HANA,A,SAN-001,SanaPlus PainRelief,OTC,SanaPlus,Wholesale,11,9.05,CHF,0.0,99.55,99.55
TXN-CH-2-000858,2026-08-26 13:03:11,2026-08-26 13:06:11,CH,SAP S/4HANA,A,VIT-002,Vitalis Multivit,Supplement,Vitalis,E-commerce,11,16.19,CHF,0.15,178.09,151.38
TXN-CH-2-000859,2026-08-26 18:25:10,2026-08-26 18:27:10,CH,SAP S/4HANA,A,SAN-002,SanaPlus ColdFlu,OTC,SanaPlus,D2C,2,10.0,CHF,0.05,20.0,19.0
TXN-CH-2-000860,2026-08-26 14:56:01,2026-08-26 15:01:01,CH,SAP S/4HANA,A,PUR-002,PureLife BP Monitor,Medical Device,PureLife,E-commerce,12,85.71,CHF,0.15,1028.52,874.24
TXN-CH-2-000861,2026-08-26 05:21:22,2026-08-26 05:22:22,CH,SAP S/4HANA,A,DER-001,Dermacare GlowSerum,Aesthetic,Dermacare,E-commerce,10,30.48,CHF,0.15,304.8,259.08
TXN-CH-2-000862,2026-08-26 21:32:57,2026-08-26 21:38:57,CH,SAP S/4HANA,A,SAN-001,SanaPlus PainRelief,OTC,SanaPlus,D2C,9,9.05,CHF,0.15,81.45,69.23
TXN-CH-2-000863,2026-08-26 01:30:46,2026-08-26 01:32:46,CH,SAP S/4HANA,A,PUR-001,PureLife GlucoMonitor,Medical Device,PureLife,D2C,6,80.95,CHF,0.05,485.7,461.41
TXN-CH-2-000864,2026-08-26 04:18:51,2026-08-26 04:24:51,CH,SAP S/4HANA,A,PUR-001,PureLife GlucoMonitor,Medical Device,PureLife,Wholesale,10,80.95,CHF,0.15,809.5,688.07
TXN-CH-2-000865,2026-08-26 03:38:24,2026-08-26 03:43:24,CH,SAP S/4HANA,A,PUR-001,PureLife GlucoMonitor,Medical Device,PureLife,Pharmacy/B2B,7,80.95,CHF,0.15,566.65,481.65
TXN-CH-2-000866,2026-08-26 06:24:28,2026-08-26 06:27:28,CH,SAP S/4HANA,A,SAN-001,SanaPlus PainRelief,OTC,SanaPlus,E-commerce,2,9.05,CHF,0.0,18.1,18.1
TXN-CH-2-000867,2026-08-26 11:43:57,2026-08-26 11:45:57,CH,SAP S/4HANA,A,DER-001,Dermacare GlowSerum,Aesthetic,Dermacare,D2C,2,30.48,CHF,0.0,60.96,60.96
TXN-CH-2-000868,2026-08-26 07:54:00,2026-08-26 07:59:00,CH,SAP S/4HANA,A,DER-001,Dermacare GlowSerum,Aesthetic,Dermacare,Pharmacy/B2B,4,30.48,CHF,0.05,121.92,115.82
TXN-CH-2-000869,2026-08-26 16:57:52,2026-08-26 17:03:52,CH,SAP S/4HANA,A,SAN-001,SanaPlus PainRelief,OTC,SanaPlus,Wholesale,2,9.05,CHF,0.05,18.1,17.2
TXN-CH-2-000870,2026-08-26 03:39:28,2026-08-26 03:43:28,CH,SAP S/4HANA,A,MED-001,Medora Cardio 10mg,Prescription,Medora,D2C,5,40.95,CHF,0.0,204.75,204.75
TXN-CH-2-000871,2026-08-26 08:14:50,2026-08-26 08:18:50,CH,SAP S/4HANA,A,MED-001,Medora Cardio 10mg,Prescription,Medora,Wholesale,11,40.95,CHF,0.2,450.45,360.36
TXN-CH-2-000872,2026-08-26 08:37:34,2026-08-26 08:41:34,CH,SAP S/4HANA,A,DER-002,Dermacare LiftCream,Aesthetic,Dermacare,Pharmacy/B2B,3,35.24,CHF,0.05,105.72,100.43
TXN-CH-2-000873,2026-08-26 09:27:14,2026-08-26 09:31:14,CH,SAP S/4HANA,A,MED-001,Medora Cardio 10mg,Prescription,Medora,Wholesale,10,40.95,CHF,0.2,409.5,327.6
TXN-CH-2-000874,2026-08-26 13:38:54,2026-08-26 13:40:54,CH,SAP S/4HANA,A,MED-002,Medora Derm Cream,Prescription,Medora,E-commerce,2,24.76,CHF,0.05,49.52,47.04
TXN-CH-2-000875,2026-08-26 19:14:50,2026-08-26 19:19:50,CH,SAP S/4HANA,A,SAN-001,SanaPlus PainRelief,OTC,SanaPlus,Pharmacy/B2B,11,9.05,CHF,0.15,99.55,84.62
TXN-CH-2-000876,2026-08-26 14:07:18,2026-08-26 14:12:18,CH,SAP S/4HANA,A,DER-002,Dermacare LiftCream,Aesthetic,Dermacare,E-commerce,10,35.24,CHF,0.05,352.4,334.78
TXN-CH-2-000877,2026-08-26 16:14:58,2026-08-26 16:16:58,CH,SAP S/4HANA,A,MED-001,Medora Cardio 10mg,Prescription,Medora,D2C,2,40.95,CHF,0.1,81.9,73.71
TXN-CH-2-000878,2026-08-26 15:39:25,2026-08-26 15:41:25,CH,SAP S/4HANA,A,PUR-002,PureLife BP Monitor,Medical Device,PureLife,E-commerce,2,85.71,CHF,0.1,171.42,154.28
TXN-CH-2-000879,2026-08-26 03:50:56,2026-08-26 03:56:56,CH,SAP S/4HANA,A,DER-001,Dermacare GlowSerum,Aesthetic,Dermacare,Wholesale,9,30.48,CHF,0.15,274.32,233.17
TXN-CH-2-000880,2026-08-26 16:27:59,2026-08-26 16:30:59,CH,SAP S/4HANA,A,PUR-001,PureLife GlucoMonitor,Medical Device,PureLife,Wholesale,12,80.95,CHF,0.0,971.4,971.4
TXN-CH-2-000881,2026-08-26 17:53:28,2026-08-26 17:56:28,CH,SAP S/4HANA,A,MED-001,Medora Cardio 10mg,Prescription,Medora,Pharmacy/B2B,10,40.95,CHF,0.2,409.5,327.6
TXN-CH-2-000882,2026-08-26 05:14:10,2026-08-26 05:20:10,CH,SAP S/4HANA,A,SAN-002,SanaPlus ColdFlu,OTC,SanaPlus,D2C,4,10.0,CHF,0.0,40.0,40.0
TXN-CH-2-000883,2026-08-26 16:29:42,2026-08-26 16:32:42,CH,SAP S/4HANA,A,SAN-002,SanaPlus ColdFlu,OTC,SanaPlus,Pharmacy/B2B,5,10.0,CHF,0.05,50.0,47.5
TXN-CH-2-000884,2026-08-26 03:44:35,2026-08-26 03:48:35,CH,SAP S/4HANA,A,MED-002,Medora Derm Cream,Prescription,Medora,D2C,12,24.76,CHF,0.0,297.12,297.12
TXN-CH-2-000885,2026-08-26 19:42:55,2026-08-26 19:48:55,CH,SAP S/4HANA,A,SAN-001,SanaPlus PainRelief,OTC,SanaPlus,Pharmacy/B2B,4,9.05,CHF,0.1,36.2,32.58
TXN-CH-2-000886,2026-08-26 16:58:07,2026-08-26 17:00:07,CH,SAP S/4HANA,A,DER-001,Dermacare GlowSerum,Aesthetic,Dermacare,Wholesale,6,30.48,CHF,0.0,182.88,182.88
TXN-CH-2-000887,2026-08-26 12:35:10,2026-08-26 12:39:10,CH,SAP S/4HANA,A,DER-001,Dermacare GlowSerum,Aesthetic,Dermacare,Pharmacy/B2B,10,30.48,CHF,0.0,304.8,304.8
TXN-CH-2-000888,2026-08-26 03:14:27,2026-08-26 03:17:27,CH,SAP S/4HANA,A,VIT-001,Vitalis C1000,Supplement,Vitalis,D2C,11,20.0,CHF,0.2,220.0,176.0
TXN-CH-2-000889,2026-08-26 02:15:01,2026-08-26 02:20:01,CH,SAP S/4HANA,A,SAN-002,SanaPlus ColdFlu,OTC,SanaPlus,Wholesale,4,10.0,CHF,0.05,40.0,38.0
TXN-CH-2-000890,2026-08-26 02:02:49,2026-08-26 02:04:49,CH,SAP S/4HANA,A,PUR-001,PureLife GlucoMonitor,Medical Device,PureLife,D2C,11,80.95,CHF,0.0,890.45,890.45
TXN-CH-2-000891,2026-08-26 05:50:32,2026-08-26 05:55:32,CH,SAP S/4HANA,A,PUR-001,PureLife GlucoMonitor,Medical Device,PureLife,E-commerce,4,80.95,CHF,0.0,323.8,323.8
TXN-CH-2-000892,2026-08-26 07:39:01,2026-08-26 07:41:01,CH,SAP S/4HANA,A,PUR-002,PureLife BP Monitor,Medical Device,PureLife,Wholesale,8,85.71,CHF,0.1,685.68,617.11
TXN-CH-2-000893,2026-08-26 07:52:15,2026-08-26 07:55:15,CH,SAP S/4HANA,A,VIT-002,Vitalis Multivit,Supplement,Vitalis,D2C,9,16.19,CHF,0.15,145.71,123.85
TXN-CH-2-000894,2026-08-26 13:16:50,2026-08-26 13:21:50,CH,SAP S/4HANA,A,PUR-002,PureLife BP Monitor,Medical Device,PureLife,Pharmacy/B2B,10,85.71,CHF,0.05,857.1,814.25
TXN-CH-2-000895,2026-08-26 16:58:17,2026-08-26 17:02:17,CH,SAP S/4HANA,A,VIT-002,Vitalis Multivit,Supplement,Vitalis,D2C,9,16.19,CHF,0.05,145.71,138.42
TXN-CH-2-000896,2026-08-26 23:56:22,2026-08-27 00:01:22,CH,SAP S/4HANA,A,VIT-001,Vitalis C1000,Supplement,Vitalis,E-commerce,6,20.0,CHF,0.15,120.0,102.0
TXN-CH-2-000897,2026-08-26 23:33:43,2026-08-26 23:39:43,CH,SAP S/4HANA,A,SAN-001,SanaPlus PainRelief,OTC,SanaPlus,E-commerce,8,9.05,CHF,0.15,72.4,61.54
TXN-CH-2-000898,2026-08-26 14:49:04,2026-08-26 14:51:04,CH,SAP S/4HANA,A,DER-001,Dermacare GlowSerum,Aesthetic,Dermacare,Wholesale,3,30.48,CHF,0.1,91.44,82.3
TXN-CH-2-000899,2026-08-26 18:06:25,2026-08-26 18:07:25,CH,SAP S/4HANA,A,MED-002,Medora Derm Cream,Prescription,Medora,Wholesale,2,24.76,CHF,0.2,49.52,39.62
TXN-CH-2-000900,2026-08-26 15:55:07,2026-08-26 15:58:07,CH,SAP S/4HANA,A,VIT-002,Vitalis Multivit,Supplement,Vitalis,D2C,10,16.19,CHF,0.2,161.9,129.52
TXN-CH-2-000901,2026-08-26 12:07:05,2026-08-26 12:10:05,CH,SAP S/4HANA,A,VIT-002,Vitalis Multivit,Supplement,Vitalis,D2C,6,16.19,CHF,0.2,97.14,77.71
TXN-CH-2-000902,2026-08-26 01:44:06,2026-08-26 01:48:06,CH,SAP S/4HANA,A,PUR-002,PureLife BP Monitor,Medical Device,PureLife,D2C,9,85.71,CHF,0.2,771.39,617.11
TXN-CH-2-000903,2026-08-26 23:55:56,2026-08-26 23:57:56,CH,SAP S/4HANA,A,PUR-002,PureLife BP Monitor,Medical Device,PureLife,D2C,9,85.71,CHF,0.05,771.39,732.82
TXN-CH-2-000904,2026-08-26 08:34:23,2026-08-26 08:35:23,CH,SAP S/4HANA,A,PUR-002,PureLife BP Monitor,Medical Device,PureLife,Wholesale,12,85.71,CHF,0.0,1028.52,1028.52
TXN-CH-2-000905,2026-08-26 18:57:04,2026-08-26 19:00:04,CH,SAP S/4HANA,A,SAN-002,SanaPlus ColdFlu,OTC,SanaPlus,D2C,2,10.0,CHF,0.05,20.0,19.0
TXN-CH-2-000906,2026-08-26 21:07:52,2026-08-26 21:09:52,CH,SAP S/4HANA,A,PUR-002,PureLife BP Monitor,Medical Device,PureLife,D2C,4,85.71,CHF,0.0,342.84,342.84
TXN-CH-2-000907,2026-08-26 11:22:04,2026-08-26 11:27:04,CH,SAP S/4HANA,A,MED-002,Medora Derm Cream,Prescription,Medora,D2C,3,24.76,CHF,0.0,74.28,74.28
TXN-CH-2-000908,2026-08-26 12:58:10,2026-08-26 13:01:10,CH,SAP S/4HANA,A,SAN-001,SanaPlus PainRelief,OTC,SanaPlus,Pharmacy/B2B,10,9.05,CHF,0.05,90.5,85.97
TXN-CH-2-000909,2026-08-26 16:50:35,2026-08-26 16:54:35,CH,SAP S/4HANA,A,VIT-001,Vitalis C1000,Supplement,Vitalis,D2C,3,20.0,CHF,0.1,60.0,54.0
TXN-CH-2-000910,2026-08-26 13:08:01,2026-08-26 13:12:01,CH,SAP S/4HANA,A,SAN-001,SanaPlus PainRelief,OTC,SanaPlus,Pharmacy/B2B,5,9.05,CHF,0.0,45.25,45.25
TXN-CH-2-000911,2026-08-26 13:28:23,2026-08-26 13:30:23,CH,SAP S/4HANA,A,DER-002,Dermacare LiftCream,Aesthetic,Dermacare,Wholesale,1,35.24,CHF,0.0,35.24,35.24
TXN-CH-2-000912,2026-08-26 13:24:18,2026-08-26 13:27:18,CH,SAP S/4HANA,A,DER-002,Dermacare LiftCream,Aesthetic,Dermacare,Wholesale,7,35.24,CHF,0.2,246.68,197.34
TXN-CH-2-000913,2026-08-26 08:25:38,2026-08-26 08:26:38,CH,SAP S/4HANA,A,DER-002,Dermacare LiftCream,Aesthetic,Dermacare,Wholesale,10,35.24,CHF,0.2,352.4,281.92
TXN-CH-2-000914,2026-08-26 22:07:27,2026-08-26 22:11:27,CH,SAP S/4HANA,A,SAN-002,SanaPlus ColdFlu,OTC,SanaPlus,Pharmacy/B2B,11,10.0,CHF,0.15,110.0,93.5
TXN-CH-2-000915,2026-08-26 00:01:00,2026-08-26 00:06:00,CH,SAP S/4HANA,A,MED-001,Medora Cardio 10mg,Prescription,Medora,Wholesale,12,40.95,CHF,0.15,491.4,417.69
TXN-CH-2-000916,2026-08-26 12:52:31,2026-08-26 12:53:31,CH,SAP S/4HANA,A,PUR-002,PureLife BP Monitor,Medical Device,PureLife,D2C,1,85.71,CHF,0.05,85.71,81.42
TXN-CH-2-000917,2026-08-26 06:10:27,2026-08-26 06:12:27,CH,SAP S/4HANA,A,SAN-001,SanaPlus PainRelief,OTC,SanaPlus,Wholesale,2,9.05,CHF,0.0,18.1,18.1
TXN-CH-2-000918,2026-08-26 01:31:12,2026-08-26 01:34:12,CH,SAP S/4HANA,A,MED-002,Medora Derm Cream,Prescription,Medora,Pharmacy/B2B,8,24.76,CHF,0.0,198.08,198.08
TXN-CH-2-000919,2026-08-26 18:41:28,2026-08-26 18:43:28,CH,SAP S/4HANA,A,PUR-002,PureLife BP Monitor,Medical Device,PureLife,E-commerce,3,85.71,CHF,0.0,257.13,257.13
TXN-CH-2-000920,2026-08-26 21:23:29,2026-08-26 21:25:29,CH,SAP S/4HANA,A,SAN-002,SanaPlus ColdFlu,OTC,SanaPlus,Pharmacy/B2B,12,10.0,CHF,0.0,120.0,120.0
TXN-CH-2-000921,2026-08-26 22:30:26,2026-08-26 22:31:26,CH,SAP S/4HANA,A,MED-001,Medora Cardio 10mg,Prescription,Medora,E-commerce,10,40.95,CHF,0.15,409.5,348.07
TXN-CH-2-000922,2026-08-26 12:57:28,2026-08-26 12:58:28,CH,SAP S/4HANA,A,MED-002,Medora Derm Cream,Prescription,Medora,Pharmacy/B2B,5,24.76,CHF,0.05,123.8,117.61
TXN-CH-2-000923,2026-08-26 09:20:48,2026-08-26 09:26:48,CH,SAP S/4HANA,A,DER-002,Dermacare LiftCream,Aesthetic,Dermacare,E-commerce,10,35.24,CHF,0.1,352.4,317.16
TXN-CH-2-000924,2026-08-26 01:59:44,2026-08-26 02:05:44,CH,SAP S/4HANA,A,SAN-002,SanaPlus ColdFlu,OTC,SanaPlus,D2C,6,10.0,CHF,0.0,60.0,60.0
TXN-CH-2-000925,2026-08-26 08:45:40,2026-08-26 08:49:40,CH,SAP S/4HANA,A,PUR-001,PureLife GlucoMonitor,Medical Device,PureLife,E-commerce,12,80.95,CHF,0.1,971.4,874.26
TXN-CH-2-000926,2026-08-26 01:00:58,2026-08-26 01:03:58,CH,SAP S/4HANA,A,PUR-002,PureLife BP Monitor,Medical Device,PureLife,Wholesale,6,85.71,CHF,0.05,514.26,488.55
TXN-CH-2-000927,2026-08-26 10:39:58,2026-08-26 10:42:58,CH,SAP S/4HANA,A,DER-001,Dermacare GlowSerum,Aesthetic,Dermacare,D2C,5,30.48,CHF,0.0,152.4,152.4
TXN-CH-2-000928,2026-08-26 13:54:52,2026-08-26 13:56:52,CH,SAP S/4HANA,A,VIT-002,Vitalis Multivit,Supplement,Vitalis,E-commerce,4,16.19,CHF,0.2,64.76,51.81
TXN-CH-2-000929,2026-08-26 23:06:11,2026-08-26 23:11:11,CH,SAP S/4HANA,A,PUR-001,PureLife GlucoMonitor,Medical Device,PureLife,D2C,12,80.95,CHF,0.2,971.4,777.12
TXN-CH-2-000930,2026-08-26 15:05:13,2026-08-26 15:08:13,CH,SAP S/4HANA,A,MED-002,Medora Derm Cream,Prescription,Medora,Pharmacy/B2B,4,24.76,CHF,0.15,99.04,84.18
TXN-CH-2-000931,2026-08-26 10:35:36,2026-08-26 10:40:36,CH,SAP S/4HANA,A,VIT-002,Vitalis Multivit,Supplement,Vitalis,Pharmacy/B2B,9,16.19,CHF,0.0,145.71,145.71
TXN-CH-2-000932,2026-08-26 10:43:32,2026-08-26 10:44:32,CH,SAP S/4HANA,A,VIT-002,Vitalis Multivit,Supplement,Vitalis,Pharmacy/B2B,2,16.19,CHF,0.05,32.38,30.76
TXN-CH-2-000933,2026-08-26 01:47:07,2026-08-26 01:51:07,CH,SAP S/4HANA,A,SAN-001,SanaPlus PainRelief,OTC,SanaPlus,D2C,10,9.05,CHF,0.0,90.5,90.5
TXN-CH-2-000934,2026-08-26 07:19:50,2026-08-26 07:22:50,CH,SAP S/4HANA,A,PUR-002,PureLife BP Monitor,Medical Device,PureLife,E-commerce,5,85.71,CHF,0.0,428.55,428.55
TXN-CH-2-000935,2026-08-26 17:40:12,2026-08-26 17:46:12,CH,SAP S/4HANA,A,DER-002,Dermacare LiftCream,Aesthetic,Dermacare,E-commerce,4,35.24,CHF,0.0,140.96,140.96
TXN-CH-2-000936,2026-08-26 23:43:01,2026-08-26 23:45:01,CH,SAP S/4HANA,A,MED-001,Medora Cardio 10mg,Prescription,Medora,Wholesale,2,40.95,CHF,0.1,81.9,73.71
TXN-CH-2-000937,2026-08-26 05:31:44,2026-08-26 05:32:44,CH,SAP S/4HANA,A,PUR-001,PureLife GlucoMonitor,Medical Device,PureLife,E-commerce,2,80.95,CHF,0.2,161.9,129.52
TXN-CH-2-000938,2026-08-26 13:56:28,2026-08-26 14:02:28,CH,SAP S/4HANA,A,MED-001,Medora Cardio 10mg,Prescription,Medora,Wholesale,11,40.95,CHF,0.0,450.45,450.45
TXN-CH-2-000939,2026-08-26 20:42:56,2026-08-26 20:44:56,CH,SAP S/4HANA,A,VIT-002,Vitalis Multivit,Supplement,Vitalis,Pharmacy/B2B,9,16.19,CHF,0.05,145.71,138.42
TXN-CH-2-000940,2026-08-26 16:47:44,2026-08-26 16:53:44,CH,SAP S/4HANA,A,PUR-001,PureLife GlucoMonitor,Medical Device,PureLife,Pharmacy/B2B,11,80.95,CHF,0.0,890.45,890.45
TXN-CH-2-000941,2026-08-26 00:59:34,2026-08-26 01:04:34,CH,SAP S/4HANA,A,MED-001,Medora Cardio 10mg,Prescription,Medora,E-commerce,4,40.95,CHF,0.1,163.8,147.42
TXN-CH-2-000942,2026-08-26 20:17:01,2026-08-26 20:19:01,CH,SAP S/4HANA,A,DER-001,Dermacare GlowSerum,Aesthetic,Dermacare,Wholesale,1,30.48,CHF,0.2,30.48,24.38
TXN-CH-2-000943,2026-08-26 05:06:47,2026-08-26 05:12:47,CH,SAP S/4HANA,A,SAN-002,SanaPlus ColdFlu,OTC,SanaPlus,Wholesale,10,10.0,CHF,0.0,100.0,100.0
TXN-CH-2-000944,2026-08-26 08:43:47,2026-08-26 08:46:47,CH,SAP S/4HANA,A,DER-001,Dermacare GlowSerum,Aesthetic,Dermacare,D2C,5,30.48,CHF,0.15,152.4,129.54
TXN-CH-2-000945,2026-08-26 02:19:27,2026-08-26 02:20:27,CH,SAP S/4HANA,A,PUR-002,PureLife BP Monitor,Medical Device,PureLife,E-commerce,6,85.71,CHF,0.0,514.26,514.26
TXN-CH-2-000946,2026-08-26 16:26:00,2026-08-26 16:32:00,CH,SAP S/4HANA,A,VIT-001,Vitalis C1000,Supplement,Vitalis,Wholesale,4,20.0,CHF,0.1,80.0,72.0
TXN-CH-2-000947,2026-08-26 20:35:29,2026-08-26 20:41:29,CH,SAP S/4HANA,A,DER-001,Dermacare GlowSerum,Aesthetic,Dermacare,E-commerce,5,30.48,CHF,0.2,152.4,121.92
TXN-CH-2-000948,2026-08-26 00:36:23,2026-08-26 00:42:23,CH,SAP S/4HANA,A,VIT-001,Vitalis C1000,Supplement,Vitalis,E-commerce,9,20.0,CHF,0.15,180.0,153.0
TXN-CH-2-000949,2026-08-26 09:33:16,2026-08-26 09:38:16,CH,SAP S/4HANA,A,VIT-001,Vitalis C1000,Supplement,Vitalis,Pharmacy/B2B,4,20.0,CHF,0.0,80.0,80.0
TXN-CH-2-000950,2026-08-26 17:17:24,2026-08-26 17:23:24,CH,SAP S/4HANA,A,SAN-002,SanaPlus ColdFlu,OTC,SanaPlus,Pharmacy/B2B,5,10.0,CHF,0.0,50.0,50.0
TXN-CH-2-000951,2026-08-26 00:21:53,2026-08-26 00:26:53,CH,SAP S/4HANA,A,MED-001,Medora Cardio 10mg,Prescription,Medora,Pharmacy/B2B,11,40.95,CHF,0.0,450.45,450.45
TXN-CH-2-000952,2026-08-26 22:38:59,2026-08-26 22:44:59,CH,SAP S/4HANA,A,SAN-002,SanaPlus ColdFlu,OTC,SanaPlus,Wholesale,3,10.0,CHF,0.1,30.0,27.0
TXN-CH-2-000953,2026-08-26 13:42:03,2026-08-26 13:47:03,CH,SAP S/4HANA,A,VIT-002,Vitalis Multivit,Supplement,Vitalis,D2C,4,16.19,CHF,0.1,64.76,58.28
TXN-CH-2-000954,2026-08-26 23:16:16,2026-08-26 23:17:16,CH,SAP S/4HANA,A,MED-001,Medora Cardio 10mg,Prescription,Medora,Wholesale,12,40.95,CHF,0.05,491.4,466.83
TXN-CH-2-000955,2026-08-26 08:14:45,2026-08-26 08:16:45,CH,SAP S/4HANA,A,VIT-002,Vitalis Multivit,Supplement,Vitalis,E-commerce,8,16.19,CHF,0.05,129.52,123.04
TXN-CH-2-000956,2026-08-26 11:38:57,2026-08-26 11:40:57,CH,SAP S/4HANA,A,SAN-001,SanaPlus PainRelief,OTC,SanaPlus,Pharmacy/B2B,3,9.05,CHF,0.15,27.15,23.08
TXN-CH-2-000957,2026-08-26 10:55:14,2026-08-26 11:00:14,CH,SAP S/4HANA,A,DER-001,Dermacare GlowSerum,Aesthetic,Dermacare,Wholesale,9,30.48,CHF,0.1,274.32,246.89
TXN-CH-2-000958,2026-08-26 20:55:44,2026-08-26 21:01:44,CH,SAP S/4HANA,A,VIT-001,Vitalis C1000,Supplement,Vitalis,E-commerce,9,20.0,CHF,0.0,180.0,180.0
TXN-CH-2-000959,2026-08-26 19:56:46,2026-08-26 19:59:46,CH,SAP S/4HANA,A,SAN-002,SanaPlus ColdFlu,OTC,SanaPlus,E-commerce,1,10.0,CHF,0.0,10.0,10.0
TXN-CH-2-000960,2026-08-26 00:03:31,2026-08-26 00:09:31,CH,SAP S/4HANA,A,MED-002,Medora Derm Cream,Prescription,Medora,D2C,11,24.76,CHF,0.0,272.36,272.36
TXN-CH-2-000961,2026-08-26 11:01:20,2026-08-26 11:04:20,CH,SAP S/4HANA,A,PUR-001,PureLife GlucoMonitor,Medical Device,PureLife,D2C,8,80.95,CHF,0.1,647.6,582.84
TXN-CH-2-000962,2026-08-26 05:08:27,2026-08-26 05:09:27,CH,SAP S/4HANA,A,DER-002,Dermacare LiftCream,Aesthetic,Dermacare,D2C,1,35.24,CHF,0.0,35.24,35.24
TXN-CH-2-000963,2026-08-26 03:49:02,2026-08-26 03:55:02,CH,SAP S/4HANA,A,PUR-001,PureLife GlucoMonitor,Medical Device,PureLife,Wholesale,1,80.95,CHF,0.0,80.95,80.95
TXN-CH-2-000964,2026-08-26 04:54:11,2026-08-26 04:56:11,CH,SAP S/4HANA,A,MED-002,Medora Derm Cream,Prescription,Medora,Wholesale,8,24.76,CHF,0.0,198.08,198.08
TXN-CH-2-000965,2026-08-26 22:24:14,2026-08-26 22:29:14,CH,SAP S/4HANA,A,MED-001,Medora Cardio 10mg,Prescription,Medora,E-commerce,6,40.95,CHF,0.2,245.7,196.56
TXN-CH-2-000966,2026-08-26 09:08:37,2026-08-26 09:14:37,CH,SAP S/4HANA,A,PUR-002,PureLife BP Monitor,Medical Device,PureLife,E-commerce,10,85.71,CHF,0.0,857.1,857.1
TXN-CH-2-000967,2026-08-26 00:56:54,2026-08-26 00:58:54,CH,SAP S/4HANA,A,VIT-001,Vitalis C1000,Supplement,Vitalis,Pharmacy/B2B,12,20.0,CHF,0.0,240.0,240.0
TXN-CH-2-000968,2026-08-26 03:51:10,2026-08-26 03:57:10,CH,SAP S/4HANA,A,MED-001,Medora Cardio 10mg,Prescription,Medora,E-commerce,11,40.95,CHF,0.05,450.45,427.93
TXN-CH-2-000969,2026-08-26 04:46:41,2026-08-26 04:51:41,CH,SAP S/4HANA,A,MED-002,Medora Derm Cream,Prescription,Medora,Pharmacy/B2B,3,24.76,CHF,0.2,74.28,59.42
TXN-CH-2-000970,2026-08-26 21:45:08,2026-08-26 21:49:08,CH,SAP S/4HANA,A,VIT-001,Vitalis C1000,Supplement,Vitalis,D2C,8,20.0,CHF,0.0,160.0,160.0
TXN-CH-2-000971,2026-08-26 13:00:18,2026-08-26 13:01:18,CH,SAP S/4HANA,A,VIT-001,Vitalis C1000,Supplement,Vitalis,Wholesale,4,20.0,CHF,0.05,80.0,76.0
TXN-CH-2-000972,2026-08-26 02:01:58,2026-08-26 02:07:58,CH,SAP S/4HANA,A,MED-001,Medora Cardio 10mg,Prescription,Medora,Wholesale,10,40.95,CHF,0.05,409.5,389.02
TXN-CH-2-000973,2026-08-26 23:51:22,2026-08-26 23:57:22,CH,SAP S/4HANA,A,VIT-002,Vitalis Multivit,Supplement,Vitalis,E-commerce,12,16.19,CHF,0.0,194.28,194.28
TXN-CH-2-000974,2026-08-26 06:34:42,2026-08-26 06:36:42,CH,SAP S/4HANA,A,SAN-002,SanaPlus ColdFlu,OTC,SanaPlus,Pharmacy/B2B,8,10.0,CHF,0.05,80.0,76.0
TXN-CH-2-000975,2026-08-26 15:38:04,2026-08-26 15:42:04,CH,SAP S/4HANA,A,PUR-001,PureLife GlucoMonitor,Medical Device,PureLife,E-commerce,2,80.95,CHF,0.0,161.9,161.9
TXN-CH-2-000976,2026-08-26 17:48:27,2026-08-26 17:51:27,CH,SAP S/4HANA,A,DER-001,Dermacare GlowSerum,Aesthetic,Dermacare,E-commerce,2,30.48,CHF,0.2,60.96,48.77
TXN-CH-2-000977,2026-08-26 07:34:10,2026-08-26 07:36:10,CH,SAP S/4HANA,A,SAN-001,SanaPlus PainRelief,OTC,SanaPlus,D2C,10,9.05,CHF,0.15,90.5,76.92
TXN-CH-2-000978,2026-08-26 12:39:23,2026-08-26 12:44:23,CH,SAP S/4HANA,A,VIT-001,Vitalis C1000,Supplement,Vitalis,D2C,7,20.0,CHF,0.0,140.0,140.0
TXN-CH-2-000979,2026-08-26 14:28:55,2026-08-26 14:30:55,CH,SAP S/4HANA,A,MED-002,Medora Derm Cream,Prescription,Medora,E-commerce,10,24.76,CHF,0.15,247.6,210.46
TXN-CH-2-000980,2026-08-26 11:52:31,2026-08-26 11:57:31,CH,SAP S/4HANA,A,MED-001,Medora Cardio 10mg,Prescription,Medora,D2C,5,40.95,CHF,0.0,204.75,204.75
TXN-CH-2-000981,2026-08-26 10:52:11,2026-08-26 10:56:11,CH,SAP S/4HANA,A,SAN-002,SanaPlus ColdFlu,OTC,SanaPlus,E-commerce,8,10.0,CHF,0.05,80.0,76.0
TXN-CH-2-000982,2026-08-26 07:08:06,2026-08-26 07:12:06,CH,SAP S/4HANA,A,PUR-001,PureLife GlucoMonitor,Medical Device,PureLife,E-commerce,6,80.95,CHF,0.05,485.7,461.41
TXN-CH-2-000983,2026-08-26 10:38:07,2026-08-26 10:43:07,CH,SAP S/4HANA,A,SAN-002,SanaPlus ColdFlu,OTC,SanaPlus,Wholesale,5,10.0,CHF,0.05,50.0,47.5
TXN-CH-2-000984,2026-08-26 15:54:34,2026-08-26 15:58:34,CH,SAP S/4HANA,A,PUR-002,PureLife BP Monitor,Medical Device,PureLife,D2C,11,85.71,CHF,0.0,942.81,942.81
TXN-CH-2-000985,2026-08-26 18:04:58,2026-08-26 18:08:58,CH,SAP S/4HANA,A,MED-001,Medora Cardio 10mg,Prescription,Medora,D2C,2,40.95,CHF,0.1,81.9,73.71
TXN-CH-2-000986,2026-08-26 14:48:44,2026-08-26 14:51:44,CH,SAP S/4HANA,A,MED-001,Medora Cardio 10mg,Prescription,Medora,Wholesale,8,40.95,CHF,0.1,327.6,294.84
TXN-CH-2-000987,2026-08-26 21:09:22,2026-08-26 21:13:22,CH,SAP S/4HANA,A,SAN-001,SanaPlus PainRelief,OTC,SanaPlus,D2C,2,9.05,CHF,0.0,18.1,18.1
TXN-CH-2-000988,2026-08-26 13:37:08,2026-08-26 13:42:08,CH,SAP S/4HANA,A,MED-001,Medora Cardio 10mg,Prescription,Medora,D2C,10,40.95,CHF,0.0,409.5,409.5
TXN-CH-2-000989,2026-08-26 12:03:54,2026-08-26 12:07:54,CH,SAP S/4HANA,A,PUR-001,PureLife GlucoMonitor,Medical Device,PureLife,Wholesale,1,80.95,CHF,0.0,80.95,80.95
TXN-CH-2-000990,2026-08-26 06:01:57,2026-08-26 06:05:57,CH,SAP S/4HANA,A,SAN-001,SanaPlus PainRelief,OTC,SanaPlus,Wholesale,10,9.05,CHF,0.05,90.5,85.97
TXN-CH-2-000991,2026-08-26 22:28:34,2026-08-26 22:31:34,CH,SAP S/4HANA,A,MED-001,Medora Cardio 10mg,Prescription,Medora,Pharmacy/B2B,5,40.95,CHF,0.15,204.75,174.04
TXN-CH-2-000992,2026-08-26 14:28:11,2026-08-26 14:32:11,CH,SAP S/4HANA,A,MED-001,Medora Cardio 10mg,Prescription,Medora,Wholesale,4,40.95,CHF,0.1,163.8,147.42
TXN-CH-2-000993,2026-08-26 06:40:56,2026-08-26 06:45:56,CH,SAP S/4HANA,A,SAN-002,SanaPlus ColdFlu,OTC,SanaPlus,Pharmacy/B2B,12,10.0,CHF,0.0,120.0,120.0
TXN-CH-2-000994,2026-08-26 03:43:16,2026-08-26 03:47:16,CH,SAP S/4HANA,A,VIT-001,Vitalis C1000,Supplement,Vitalis,Wholesale,6,20.0,CHF,0.0,120.0,120.0
TXN-CH-2-000995,2026-08-26 22:55:28,2026-08-26 23:01:28,CH,SAP S/4HANA,A,VIT-001,Vitalis C1000,Supplement,Vitalis,Pharmacy/B2B,11,20.0,CHF,0.1,220.0,198.0
TXN-CH-2-000996,2026-08-26 05:44:56,2026-08-26 05:46:56,CH,SAP S/4HANA,A,SAN-002,SanaPlus ColdFlu,OTC,SanaPlus,E-commerce,2,10.0,CHF,0.0,20.0,20.0
TXN-CH-2-000997,2026-08-26 08:09:48,2026-08-26 08:14:48,CH,SAP S/4HANA,A,MED-001,Medora Cardio 10mg,Prescription,Medora,E-commerce,10,40.95,CHF,0.2,409.5,327.6
TXN-CH-2-000998,2026-08-26 10:15:23,2026-08-26 10:18:23,CH,SAP S/4HANA,A,DER-001,Dermacare GlowSerum,Aesthetic,Dermacare,E-commerce,8,30.48,CHF,0.05,243.84,231.65
TXN-CH-2-000999,2026-08-26 08:51:53,2026-08-26 08:54:53,CH,SAP S/4HANA,A,MED-002,Medora Derm Cream,Prescription,Medora,D2C,9,24.76,CHF,0.05,222.84,211.7
TXN-CH-2-001000,2026-08-26 09:35:44,2026-08-26 09:40:44,CH,SAP S/4HANA,A,DER-002,Dermacare LiftCream,Aesthetic,Dermacare,Pharmacy/B2B,6,35.24,CHF,0.15,211.44,179.72
TXN-CH-2-001001,2026-08-26 03:33:05,2026-08-26 03:35:05,CH,SAP S/4HANA,A,PUR-002,PureLife BP Monitor,Medical Device,PureLife,D2C,5,85.71,CHF,0.0,428.55,428.55
TXN-CH-2-001002,2026-08-26 20:24:00,2026-08-26 20:29:00,CH,SAP S/4HANA,A,VIT-002,Vitalis Multivit,Supplement,Vitalis,D2C,4,16.19,CHF,0.15,64.76,55.05
TXN-CH-2-001003,2026-08-26 08:15:59,2026-08-26 08:18:59,CH,SAP S/4HANA,A,PUR-001,PureLife GlucoMonitor,Medical Device,PureLife,D2C,10,80.95,CHF,0.1,809.5,728.55
TXN-CH-2-001004,2026-08-26 22:50:23,2026-08-26 22:55:23,CH,SAP S/4HANA,A,PUR-002,PureLife BP Monitor,Medical Device,PureLife,Pharmacy/B2B,7,85.71,CHF,0.1,599.97,539.97
TXN-CH-2-001005,2026-08-26 12:39:00,2026-08-26 12:41:00,CH,SAP S/4HANA,A,SAN-002,SanaPlus ColdFlu,OTC,SanaPlus,D2C,3,10.0,CHF,0.0,30.0,30.0
TXN-CH-2-001006,2026-08-26 20:01:45,2026-08-26 20:07:45,CH,SAP S/4HANA,A,DER-002,Dermacare LiftCream,Aesthetic,Dermacare,D2C,2,35.24,CHF,0.0,70.48,70.48
TXN-CH-2-001007,2026-08-26 00:15:19,2026-08-26 00:20:19,CH,SAP S/4HANA,A,MED-001,Medora Cardio 10mg,Prescription,Medora,Pharmacy/B2B,9,40.95,CHF,0.0,368.55,368.55
TXN-CH-2-001008,2026-08-26 18:04:42,2026-08-26 18:10:42,CH,SAP S/4HANA,A,SAN-001,SanaPlus PainRelief,OTC,SanaPlus,Wholesale,4,9.05,CHF,0.2,36.2,28.96
TXN-CH-2-001009,2026-08-26 02:18:12,2026-08-26 02:19:12,CH,SAP S/4HANA,A,MED-002,Medora Derm Cream,Prescription,Medora,D2C,10,24.76,CHF,0.05,247.6,235.22
TXN-CH-2-001010,2026-08-26 08:41:42,2026-08-26 08:43:42,CH,SAP S/4HANA,A,DER-001,Dermacare GlowSerum,Aesthetic,Dermacare,Pharmacy/B2B,10,30.48,CHF,0.1,304.8,274.32
TXN-CH-2-001011,2026-08-26 22:12:54,2026-08-26 22:18:54,CH,SAP S/4HANA,A,MED-002,Medora Derm Cream,Prescription,Medora,Pharmacy/B2B,6,24.76,CHF,0.15,148.56,126.28
TXN-CH-2-001012,2026-08-26 00:06:23,2026-08-26 00:09:23,CH,SAP S/4HANA,A,SAN-002,SanaPlus ColdFlu,OTC,SanaPlus,Wholesale,11,10.0,CHF,0.2,110.0,88.0
TXN-CH-2-001013,2026-08-26 03:42:48,2026-08-26 03:47:48,CH,SAP S/4HANA,A,DER-002,Dermacare LiftCream,Aesthetic,Dermacare,D2C,1,35.24,CHF,0.0,35.24,35.24
TXN-CH-2-001014,2026-08-26 13:11:07,2026-08-26 13:16:07,CH,SAP S/4HANA,A,DER-002,Dermacare LiftCream,Aesthetic,Dermacare,D2C,9,35.24,CHF,0.0,317.16,317.16
TXN-CH-2-001015,2026-08-26 09:31:44,2026-08-26 09:37:44,CH,SAP S/4HANA,A,SAN-001,SanaPlus PainRelief,OTC,SanaPlus,D2C,10,9.05,CHF,0.15,90.5,76.92
TXN-CH-2-001016,2026-08-26 09:55:23,2026-08-26 09:57:23,CH,SAP S/4HANA,A,MED-002,Medora Derm Cream,Prescription,Medora,Pharmacy/B2B,12,24.76,CHF,0.0,297.12,297.12
TXN-CH-2-001017,2026-08-26 05:55:52,2026-08-26 05:56:52,CH,SAP S/4HANA,A,PUR-001,PureLife GlucoMonitor,Medical Device,PureLife,D2C,2,80.95,CHF,0.1,161.9,145.71
TXN-CH-2-001018,2026-08-26 06:48:26,2026-08-26 06:53:26,CH,SAP S/4HANA,A,DER-001,Dermacare GlowSerum,Aesthetic,Dermacare,D2C,5,30.48,CHF,0.1,152.4,137.16
TXN-CH-2-001019,2026-08-26 01:18:43,2026-08-26 01:22:43,CH,SAP S/4HANA,A,PUR-001,PureLife GlucoMonitor,Medical Device,PureLife,Wholesale,3,80.95,CHF,0.0,242.85,242.85
TXN-CH-2-001020,2026-08-26 11:58:36,2026-08-26 11:59:36,CH,SAP S/4HANA,A,SAN-002,SanaPlus ColdFlu,OTC,SanaPlus,D2C,2,10.0,CHF,0.0,20.0,20.0
TXN-CH-2-001021,2026-08-26 04:23:53,2026-08-26 04:28:53,CH,SAP S/4HANA,A,MED-001,Medora Cardio 10mg,Prescription,Medora,E-commerce,8,40.95,CHF,0.0,327.6,327.6
TXN-CH-2-001022,2026-08-26 16:18:06,2026-08-26 16:22:06,CH,SAP S/4HANA,A,MED-001,Medora Cardio 10mg,Prescription,Medora,Wholesale,10,40.95,CHF,0.05,409.5,389.02
TXN-CH-2-001023,2026-08-26 23:56:02,2026-08-26 23:57:02,CH,SAP S/4HANA,A,DER-001,Dermacare GlowSerum,Aesthetic,Dermacare,Pharmacy/B2B,11,30.48,CHF,0.05,335.28,318.52
TXN-CH-2-001024,2026-08-26 21:22:14,2026-08-26 21:25:14,CH,SAP S/4HANA,A,MED-002,Medora Derm Cream,Prescription,Medora,E-commerce,6,24.76,CHF,0.2,148.56,118.85
TXN-CH-2-001025,2026-08-26 03:39:42,2026-08-26 03:41:42,CH,SAP S/4HANA,A,PUR-001,PureLife GlucoMonitor,Medical Device,PureLife,D2C,9,80.95,CHF,0.0,728.55,728.55
TXN-CH-2-001026,2026-08-26 13:49:51,2026-08-26 13:54:51,CH,SAP S/4HANA,A,SAN-002,SanaPlus ColdFlu,OTC,SanaPlus,D2C,10,10.0,CHF,0.2,100.0,80.0
TXN-CH-2-001027,2026-08-26 13:16:14,2026-08-26 13:21:14,CH,SAP S/4HANA,A,VIT-001,Vitalis C1000,Supplement,Vitalis,Wholesale,8,20.0,CHF,0.15,160.0,136.0
TXN-CH-2-001028,2026-08-26 02:14:32,2026-08-26 02:20:32,CH,SAP S/4HANA,A,DER-001,Dermacare GlowSerum,Aesthetic,Dermacare,E-commerce,3,30.48,CHF,0.05,91.44,86.87
TXN-CH-2-001029,2026-08-26 21:48:38,2026-08-26 21:54:38,CH,SAP S/4HANA,A,MED-002,Medora Derm Cream,Prescription,Medora,D2C,7,24.76,CHF,0.1,173.32,155.99
TXN-CH-2-001030,2026-08-26 09:10:07,2026-08-26 09:15:07,CH,SAP S/4HANA,A,MED-001,Medora Cardio 10mg,Prescription,Medora,Wholesale,1,40.95,CHF,0.2,40.95,32.76
TXN-CH-2-001031,2026-08-26 19:04:04,2026-08-26 19:10:04,CH,SAP S/4HANA,A,VIT-001,Vitalis C1000,Supplement,Vitalis,Wholesale,7,20.0,CHF,0.0,140.0,140.0
TXN-CH-2-001032,2026-08-26 00:42:27,2026-08-26 00:43:27,CH,SAP S/4HANA,A,VIT-001,Vitalis C1000,Supplement,Vitalis,E-commerce,6,20.0,CHF,0.2,120.0,96.0
TXN-CH-2-001033,2026-08-26 02:48:06,2026-08-26 02:54:06,CH,SAP S/4HANA,A,VIT-001,Vitalis C1000,Supplement,Vitalis,Pharmacy/B2B,10,20.0,CHF,0.2,200.0,160.0
TXN-CH-2-001034,2026-08-26 09:25:24,2026-08-26 09:28:24,CH,SAP S/4HANA,A,PUR-002,PureLife BP Monitor,Medical Device,PureLife,Wholesale,10,85.71,CHF,0.0,857.1,857.1
TXN-CH-2-001035,2026-08-26 12:10:21,2026-08-26 12:14:21,CH,SAP S/4HANA,A,VIT-002,Vitalis Multivit,Supplement,Vitalis,D2C,10,16.19,CHF,0.0,161.9,161.9
TXN-CH-2-001036,2026-08-26 07:05:16,2026-08-26 07:10:16,CH,SAP S/4HANA,A,SAN-002,SanaPlus ColdFlu,OTC,SanaPlus,Wholesale,4,10.0,CHF,0.0,40.0,40.0
TXN-CH-2-001037,2026-08-26 17:21:16,2026-08-26 17:24:16,CH,SAP S/4HANA,A,PUR-002,PureLife BP Monitor,Medical Device,PureLife,D2C,10,85.71,CHF,0.15,857.1,728.53
TXN-CH-2-001038,2026-08-26 03:05:44,2026-08-26 03:07:44,CH,SAP S/4HANA,A,PUR-001,PureLife GlucoMonitor,Medical Device,PureLife,Wholesale,12,80.95,CHF,0.1,971.4,874.26
TXN-CH-2-001039,2026-08-26 18:07:55,2026-08-26 18:08:55,CH,SAP S/4HANA,A,MED-002,Medora Derm Cream,Prescription,Medora,Pharmacy/B2B,11,24.76,CHF,0.2,272.36,217.89
TXN-CH-2-001040,2026-08-26 03:10:56,2026-08-26 03:11:56,CH,SAP S/4HANA,A,VIT-002,Vitalis Multivit,Supplement,Vitalis,E-commerce,8,16.19,CHF,0.1,129.52,116.57
TXN-CH-2-001041,2026-08-26 11:51:43,2026-08-26 11:57:43,CH,SAP S/4HANA,A,VIT-001,Vitalis C1000,Supplement,Vitalis,E-commerce,4,20.0,CHF,0.0,80.0,80.0
TXN-CH-2-001042,2026-08-26 09:40:58,2026-08-26 09:42:58,CH,SAP S/4HANA,A,VIT-001,Vitalis C1000,Supplement,Vitalis,D2C,2,20.0,CHF,0.15,40.0,34.0
TXN-CH-2-001043,2026-08-26 16:05:56,2026-08-26 16:06:56,CH,SAP S/4HANA,A,DER-002,Dermacare LiftCream,Aesthetic,Dermacare,Pharmacy/B2B,3,35.24,CHF,0.05,105.72,100.43
TXN-CH-2-001044,2026-08-26 18:19:18,2026-08-26 18:23:18,CH,SAP S/4HANA,A,PUR-002,PureLife BP Monitor,Medical Device,PureLife,Wholesale,4,85.71,CHF,0.0,342.84,342.84
TXN-CH-2-001045,2026-08-26 18:33:52,2026-08-26 18:37:52,CH,SAP S/4HANA,A,PUR-002,PureLife BP Monitor,Medical Device,PureLife,Pharmacy/B2B,9,85.71,CHF,0.15,771.39,655.68
TXN-CH-2-001046,2026-08-26 02:29:50,2026-08-26 02:31:50,CH,SAP S/4HANA,A,VIT-001,Vitalis C1000,Supplement,Vitalis,E-commerce,12,20.0,CHF,0.0,240.0,240.0
TXN-CH-2-001047,2026-08-26 18:28:37,2026-08-26 18:30:37,CH,SAP S/4HANA,A,VIT-001,Vitalis C1000,Supplement,Vitalis,Pharmacy/B2B,5,20.0,CHF,0.0,100.0,100.0
TXN-CH-2-001048,2026-08-26 18:53:54,2026-08-26 18:56:54,CH,SAP S/4HANA,A,VIT-002,Vitalis Multivit,Supplement,Vitalis,D2C,2,16.19,CHF,0.1,32.38,29.14
TXN-CH-2-001049,2026-08-26 17:52:11,2026-08-26 17:57:11,CH,SAP S/4HANA,A,PUR-001,PureLife GlucoMonitor,Medical Device,PureLife,Pharmacy/B2B,7,80.95,CHF,0.0,566.65,566.65
TXN-CH-2-001050,2026-08-26 21:20:25,2026-08-26 21:23:25,CH,SAP S/4HANA,A,DER-002,Dermacare LiftCream,Aesthetic,Dermacare,Pharmacy/B2B,1,35.24,CHF,0.2,35.24,28.19
TXN-CH-2-001051,2026-08-26 10:35:30,2026-08-26 10:37:30,CH,SAP S/4HANA,A,SAN-002,SanaPlus ColdFlu,OTC,SanaPlus,Pharmacy/B2B,1,10.0,CHF,0.15,10.0,8.5
TXN-CH-2-001052,2026-08-26 23:00:37,2026-08-26 23:02:37,CH,SAP S/4HANA,A,PUR-001,PureLife GlucoMonitor,Medical Device,PureLife,D2C,3,80.95,CHF,0.0,242.85,242.85
TXN-CH-2-001053,2026-08-26 10:00:43,2026-08-26 10:01:43,CH,SAP S/4HANA,A,DER-002,Dermacare LiftCream,Aesthetic,Dermacare,Pharmacy/B2B,12,35.24,CHF,0.0,422.88,422.88
TXN-CH-2-001054,2026-08-26 19:37:50,2026-08-26 19:43:50,CH,SAP S/4HANA,A,VIT-002,Vitalis Multivit,Supplement,Vitalis,Pharmacy/B2B,4,16.19,CHF,0.05,64.76,61.52
TXN-CH-2-001055,2026-08-26 17:55:12,2026-08-26 18:01:12,CH,SAP S/4HANA,A,SAN-001,SanaPlus PainRelief,OTC,SanaPlus,E-commerce,5,9.05,CHF,0.0,45.25,45.25
TXN-CH-2-001056,2026-08-26 08:09:41,2026-08-26 08:10:41,CH,SAP S/4HANA,A,SAN-002,SanaPlus ColdFlu,OTC,SanaPlus,Wholesale,10,10.0,CHF,0.0,100.0,100.0
TXN-CH-2-001057,2026-08-26 12:05:28,2026-08-26 12:11:28,CH,SAP S/4HANA,A,MED-002,Medora Derm Cream,Prescription,Medora,Wholesale,4,24.76,CHF,0.0,99.04,99.04
TXN-CH-2-001058,2026-08-26 08:57:14,2026-08-26 09:00:14,CH,SAP S/4HANA,A,PUR-001,PureLife GlucoMonitor,Medical Device,PureLife,Pharmacy/B2B,4,80.95,CHF,0.05,323.8,307.61
TXN-CH-2-001059,2026-08-26 18:14:05,2026-08-26 18:16:05,CH,SAP S/4HANA,A,VIT-001,Vitalis C1000,Supplement,Vitalis,Pharmacy/B2B,2,20.0,CHF,0.15,40.0,34.0
TXN-CH-2-001060,2026-08-26 12:11:06,2026-08-26 12:13:06,CH,SAP S/4HANA,A,PUR-002,PureLife BP Monitor,Medical Device,PureLife,Wholesale,10,85.71,CHF,0.05,857.1,814.25
TXN-CH-2-001061,2026-08-26 20:08:07,2026-08-26 20:11:07,CH,SAP S/4HANA,A,SAN-001,SanaPlus PainRelief,OTC,SanaPlus,Wholesale,3,9.05,CHF,0.0,27.15,27.15
TXN-CH-2-001062,2026-08-26 03:21:52,2026-08-26 03:25:52,CH,SAP S/4HANA,A,DER-002,Dermacare LiftCream,Aesthetic,Dermacare,Pharmacy/B2B,11,35.24,CHF,0.0,387.64,387.64
TXN-CH-2-001063,2026-08-26 15:11:05,2026-08-26 15:13:05,CH,SAP S/4HANA,A,MED-001,Medora Cardio 10mg,Prescription,Medora,E-commerce,2,40.95,CHF,0.2,81.9,65.52
TXN-CH-2-001064,2026-08-26 04:49:55,2026-08-26 04:52:55,CH,SAP S/4HANA,A,MED-001,Medora Cardio 10mg,Prescription,Medora,Wholesale,11,40.95,CHF,0.05,450.45,427.93
TXN-CH-2-001065,2026-08-26 15:45:15,2026-08-26 15:48:15,CH,SAP S/4HANA,A,SAN-002,SanaPlus ColdFlu,OTC,SanaPlus,E-commerce,7,10.0,CHF,0.0,70.0,70.0
TXN-CH-2-001066,2026-08-26 20:56:11,2026-08-26 20:58:11,CH,SAP S/4HANA,A,MED-002,Medora Derm Cream,Prescription,Medora,E-commerce,12,24.76,CHF,0.0,297.12,297.12
TXN-CH-2-001067,2026-08-26 01:35:44,2026-08-26 01:41:44,CH,SAP S/4HANA,A,MED-002,Medora Derm Cream,Prescription,Medora,Pharmacy/B2B,4,24.76,CHF,0.0,99.04,99.04
TXN-CH-2-001068,2026-08-26 09:19:52,2026-08-26 09:24:52,CH,SAP S/4HANA,A,DER-001,Dermacare GlowSerum,Aesthetic,Dermacare,D2C,1,30.48,CHF,0.1,30.48,27.43
TXN-CH-2-001069,2026-08-26 04:49:38,2026-08-26 04:54:38,CH,SAP S/4HANA,A,MED-002,Medora Derm Cream,Prescription,Medora,D2C,9,24.76,CHF,0.1,222.84,200.56
TXN-CH-2-001070,2026-08-26 21:36:28,2026-08-26 21:39:28,CH,SAP S/4HANA,A,SAN-002,SanaPlus ColdFlu,OTC,SanaPlus,D2C,11,10.0,CHF,0.15,110.0,93.5
TXN-CH-2-001071,2026-08-26 21:15:39,2026-08-26 21:18:39,CH,SAP S/4HANA,A,PUR-002,PureLife BP Monitor,Medical Device,PureLife,Wholesale,3,85.71,CHF,0.0,257.13,257.13
TXN-CH-2-001072,2026-08-26 10:43:52,2026-08-26 10:47:52,CH,SAP S/4HANA,A,VIT-001,Vitalis C1000,Supplement,Vitalis,Pharmacy/B2B,5,20.0,CHF,0.05,100.0,95.0
TXN-CH-2-001073,2026-08-26 09:07:40,2026-08-26 09:10:40,CH,SAP S/4HANA,A,VIT-001,Vitalis C1000,Supplement,Vitalis,Pharmacy/B2B,8,20.0,CHF,0.2,160.0,128.0
TXN-CH-2-001074,2026-08-26 13:08:00,2026-08-26 13:12:00,CH,SAP S/4HANA,A,VIT-002,Vitalis Multivit,Supplement,Vitalis,D2C,10,16.19,CHF,0.0,161.9,161.9
TXN-CH-2-001075,2026-08-26 09:34:16,2026-08-26 09:38:16,CH,SAP S/4HANA,A,SAN-002,SanaPlus ColdFlu,OTC,SanaPlus,Pharmacy/B2B,5,10.0,CHF,0.0,50.0,50.0
TXN-CH-2-001076,2026-08-26 09:24:54,2026-08-26 09:27:54,CH,SAP S/4HANA,A,DER-001,Dermacare GlowSerum,Aesthetic,Dermacare,D2C,8,30.48,CHF,0.0,243.84,243.84
TXN-CH-2-001077,2026-08-26 18:48:59,2026-08-26 18:49:59,CH,SAP S/4HANA,A,SAN-001,SanaPlus PainRelief,OTC,SanaPlus,D2C,3,9.05,CHF,0.0,27.15,27.15
TXN-CH-2-001078,2026-08-26 04:54:06,2026-08-26 05:00:06,CH,SAP S/4HANA,A,PUR-001,PureLife GlucoMonitor,Medical Device,PureLife,Wholesale,5,80.95,CHF,0.05,404.75,384.51
TXN-CH-2-001079,2026-08-26 11:34:41,2026-08-26 11:35:41,CH,SAP S/4HANA,A,PUR-001,PureLife GlucoMonitor,Medical Device,PureLife,E-commerce,1,80.95,CHF,0.0,80.95,80.95
TXN-CH-2-001080,2026-08-26 08:40:25,2026-08-26 08:41:25,CH,SAP S/4HANA,A,DER-002,Dermacare LiftCream,Aesthetic,Dermacare,D2C,3,35.24,CHF,0.0,105.72,105.72
TXN-CH-2-001081,2026-08-26 08:39:02,2026-08-26 08:44:02,CH,SAP S/4HANA,A,MED-002,Medora Derm Cream,Prescription,Medora,E-commerce,7,24.76,CHF,0.15,173.32,147.32
TXN-CH-2-001082,2026-08-26 22:11:10,2026-08-26 22:16:10,CH,SAP S/4HANA,A,DER-002,Dermacare LiftCream,Aesthetic,Dermacare,D2C,5,35.24,CHF,0.1,176.2,158.58
TXN-CH-2-001083,2026-08-26 07:57:57,2026-08-26 08:02:57,CH,SAP S/4HANA,A,VIT-002,Vitalis Multivit,Supplement,Vitalis,Wholesale,8,16.19,CHF,0.05,129.52,123.04
TXN-CH-2-001084,2026-08-26 04:49:27,2026-08-26 04:55:27,CH,SAP S/4HANA,A,DER-002,Dermacare LiftCream,Aesthetic,Dermacare,Pharmacy/B2B,6,35.24,CHF,0.0,211.44,211.44
TXN-CH-2-001085,2026-08-26 05:31:11,2026-08-26 05:33:11,CH,SAP S/4HANA,A,SAN-001,SanaPlus PainRelief,OTC,SanaPlus,Pharmacy/B2B,3,9.05,CHF,0.0,27.15,27.15
TXN-CH-2-001086,2026-08-26 00:03:16,2026-08-26 00:09:16,CH,SAP S/4HANA,A,VIT-002,Vitalis Multivit,Supplement,Vitalis,E-commerce,5,16.19,CHF,0.2,80.95,64.76
TXN-CH-2-001087,2026-08-26 03:33:57,2026-08-26 03:35:57,CH,SAP S/4HANA,A,SAN-001,SanaPlus PainRelief,OTC,SanaPlus,Wholesale,3,9.05,CHF,0.0,27.15,27.15
TXN-CH-2-001088,2026-08-26 08:21:31,2026-08-26 08:25:31,CH,SAP S/4HANA,A,VIT-001,Vitalis C1000,Supplement,Vitalis,Pharmacy/B2B,8,20.0,CHF,0.0,160.0,160.0
TXN-CH-2-001089,2026-08-26 02:30:22,2026-08-26 02:35:22,CH,SAP S/4HANA,A,DER-002,Dermacare LiftCream,Aesthetic,Dermacare,D2C,4,35.24,CHF,0.2,140.96,112.77
TXN-CH-2-001090,2026-08-26 17:23:07,2026-08-26 17:24:07,CH,SAP S/4HANA,A,MED-001,Medora Cardio 10mg,Prescription,Medora,Wholesale,4,40.95,CHF,0.0,163.8,163.8
TXN-CH-2-001091,2026-08-26 08:32:47,2026-08-26 08:37:47,CH,SAP S/4HANA,A,PUR-002,PureLife BP Monitor,Medical Device,PureLife,Wholesale,8,85.71,CHF,0.0,685.68,685.68
TXN-CH-2-001092,2026-08-26 08:13:57,2026-08-26 08:16:57,CH,SAP S/4HANA,A,VIT-001,Vitalis C1000,Supplement,Vitalis,Pharmacy/B2B,1,20.0,CHF,0.1,20.0,18.0
TXN-CH-2-001093,2026-08-26 12:25:57,2026-08-26 12:30:57,CH,SAP S/4HANA,A,VIT-002,Vitalis Multivit,Supplement,Vitalis,Wholesale,6,16.19,CHF,0.0,97.14,97.14
TXN-CH-2-001094,2026-08-26 19:52:54,2026-08-26 19:54:54,CH,SAP S/4HANA,A,DER-001,Dermacare GlowSerum,Aesthetic,Dermacare,E-commerce,3,30.48,CHF,0.0,91.44,91.44
TXN-CH-2-001095,2026-08-26 19:12:13,2026-08-26 19:17:13,CH,SAP S/4HANA,A,SAN-001,SanaPlus PainRelief,OTC,SanaPlus,D2C,2,9.05,CHF,0.15,18.1,15.39
TXN-CH-2-001096,2026-08-26 02:13:07,2026-08-26 02:18:07,CH,SAP S/4HANA,A,PUR-001,PureLife GlucoMonitor,Medical Device,PureLife,D2C,9,80.95,CHF,0.1,728.55,655.69
TXN-CH-2-001097,2026-08-26 21:03:35,2026-08-26 21:08:35,CH,SAP S/4HANA,A,MED-002,Medora Derm Cream,Prescription,Medora,Pharmacy/B2B,2,24.76,CHF,0.2,49.52,39.62
TXN-CH-2-001098,2026-08-26 21:54:18,2026-08-26 21:59:18,CH,SAP S/4HANA,A,SAN-001,SanaPlus PainRelief,OTC,SanaPlus,E-commerce,9,9.05,CHF,0.0,81.45,81.45
TXN-CH-2-001099,2026-08-26 18:05:31,2026-08-26 18:11:31,CH,SAP S/4HANA,A,PUR-001,PureLife GlucoMonitor,Medical Device,PureLife,E-commerce,5,80.95,CHF,0.0,404.75,404.75
TXN-CH-2-001100,2026-08-26 23:23:37,2026-08-26 23:24:37,CH,SAP S/4HANA,A,DER-001,Dermacare GlowSerum,Aesthetic,Dermacare,D2C,4,30.48,CHF,0.0,121.92,121.92
TXN-CH-2-001101,2026-08-26 23:57:28,2026-08-27 00:02:28,CH,SAP S/4HANA,A,SAN-002,SanaPlus ColdFlu,OTC,SanaPlus,D2C,4,10.0,CHF,0.2,40.0,32.0
TXN-CH-2-001102,2026-08-26 11:14:21,2026-08-26 11:16:21,CH,SAP S/4HANA,A,VIT-002,Vitalis Multivit,Supplement,Vitalis,D2C,10,16.19,CHF,0.15,161.9,137.62
TXN-CH-2-001103,2026-08-26 16:31:13,2026-08-26 16:37:13,CH,SAP S/4HANA,A,MED-002,Medora Derm Cream,Prescription,Medora,Wholesale,3,24.76,CHF,0.15,74.28,63.14
TXN-CH-2-001104,2026-08-26 00:27:29,2026-08-26 00:30:29,CH,SAP S/4HANA,A,MED-001,Medora Cardio 10mg,Prescription,Medora,E-commerce,3,40.95,CHF,0.0,122.85,122.85
TXN-CH-2-001105,2026-08-26 05:24:00,2026-08-26 05:27:00,CH,SAP S/4HANA,A,VIT-002,Vitalis Multivit,Supplement,Vitalis,Pharmacy/B2B,1,16.19,CHF,0.1,16.19,14.57
TXN-CH-2-001106,2026-08-26 23:29:29,2026-08-26 23:30:29,CH,SAP S/4HANA,A,DER-002,Dermacare LiftCream,Aesthetic,Dermacare,E-commerce,2,35.24,CHF,0.05,70.48,66.96
TXN-CH-2-001107,2026-08-26 07:00:59,2026-08-26 07:02:59,CH,SAP S/4HANA,A,VIT-001,Vitalis C1000,Supplement,Vitalis,D2C,11,20.0,CHF,0.0,220.0,220.0
TXN-CH-2-001108,2026-08-26 00:08:18,2026-08-26 00:14:18,CH,SAP S/4HANA,A,PUR-001,PureLife GlucoMonitor,Medical Device,PureLife,Wholesale,3,80.95,CHF,0.0,242.85,242.85
TXN-CH-2-001109,2026-08-26 09:15:56,2026-08-26 09:19:56,CH,SAP S/4HANA,A,PUR-001,PureLife GlucoMonitor,Medical Device,PureLife,E-commerce,10,80.95,CHF,0.15,809.5,688.07
TXN-CH-2-001110,2026-08-26 01:02:02,2026-08-26 01:06:02,CH,SAP S/4HANA,A,MED-002,Medora Derm Cream,Prescription,Medora,E-commerce,2,24.76,CHF,0.0,49.52,49.52
TXN-CH-2-001111,2026-08-26 13:19:06,2026-08-26 13:23:06,CH,SAP S/4HANA,A,PUR-002,PureLife BP Monitor,Medical Device,PureLife,Wholesale,10,85.71,CHF,0.0,857.1,857.1
TXN-CH-2-001112,2026-08-26 01:48:53,2026-08-26 01:50:53,CH,SAP S/4HANA,A,SAN-001,SanaPlus PainRelief,OTC,SanaPlus,Pharmacy/B2B,10,9.05,CHF,0.1,90.5,81.45
TXN-CH-2-001113,2026-08-26 23:59:42,2026-08-27 00:01:42,CH,SAP S/4HANA,A,DER-002,Dermacare LiftCream,Aesthetic,Dermacare,E-commerce,5,35.24,CHF,0.0,176.2,176.2
TXN-CH-2-001114,2026-08-26 23:43:07,2026-08-26 23:48:07,CH,SAP S/4HANA,A,SAN-002,SanaPlus ColdFlu,OTC,SanaPlus,E-commerce,1,10.0,CHF,0.05,10.0,9.5
TXN-CH-2-001115,2026-08-26 13:58:38,2026-08-26 14:03:38,CH,SAP S/4HANA,A,PUR-002,PureLife BP Monitor,Medical Device,PureLife,Pharmacy/B2B,6,85.71,CHF,0.0,514.26,514.26
TXN-CH-2-001116,2026-08-26 19:40:35,2026-08-26 19:42:35,CH,SAP S/4HANA,A,MED-002,Medora Derm Cream,Prescription,Medora,Pharmacy/B2B,10,24.76,CHF,0.05,247.6,235.22
TXN-CH-2-001117,2026-08-26 17:56:59,2026-08-26 18:01:59,CH,SAP S/4HANA,A,PUR-002,PureLife BP Monitor,Medical Device,PureLife,D2C,2,85.71,CHF,0.05,171.42,162.85
TXN-CH-2-001118,2026-08-26 14:46:14,2026-08-26 14:49:14,CH,SAP S/4HANA,A,MED-001,Medora Cardio 10mg,Prescription,Medora,Pharmacy/B2B,9,40.95,CHF,0.0,368.55,368.55
TXN-CH-2-001119,2026-08-26 01:54:59,2026-08-26 01:57:59,CH,SAP S/4HANA,A,SAN-001,SanaPlus PainRelief,OTC,SanaPlus,D2C,1,9.05,CHF,0.2,9.05,7.24
TXN-CH-2-001120,2026-08-26 05:14:24,2026-08-26 05:18:24,CH,SAP S/4HANA,A,DER-002,Dermacare LiftCream,Aesthetic,Dermacare,Wholesale,1,35.24,CHF,0.0,35.24,35.24
TXN-CH-2-001121,2026-08-26 04:36:14,2026-08-26 04:38:14,CH,SAP S/4HANA,A,MED-002,Medora Derm Cream,Prescription,Medora,Wholesale,3,24.76,CHF,0.0,74.28,74.28
TXN-CH-2-001122,2026-08-26 17:09:40,2026-08-26 17:12:40,CH,SAP S/4HANA,A,MED-002,Medora Derm Cream,Prescription,Medora,Pharmacy/B2B,1,24.76,CHF,0.0,24.76,24.76
TXN-CH-2-001123,2026-08-26 07:50:59,2026-08-26 07:54:59,CH,SAP S/4HANA,A,DER-001,Dermacare GlowSerum,Aesthetic,Dermacare,D2C,8,30.48,CHF,0.2,243.84,195.07
TXN-CH-2-001124,2026-08-26 11:22:07,2026-08-26 11:24:07,CH,SAP S/4HANA,A,PUR-002,PureLife BP Monitor,Medical Device,PureLife,Wholesale,11,85.71,CHF,0.0,942.81,942.81
TXN-CH-2-001125,2026-08-26 19:58:37,2026-08-26 20:01:37,CH,SAP S/4HANA,A,DER-002,Dermacare LiftCream,Aesthetic,Dermacare,Pharmacy/B2B,12,35.24,CHF,0.15,422.88,359.45
TXN-CH-2-001126,2026-08-26 19:54:28,2026-08-26 19:57:28,CH,SAP S/4HANA,A,SAN-002,SanaPlus ColdFlu,OTC,SanaPlus,Pharmacy/B2B,7,10.0,CHF,0.0,70.0,70.0
TXN-CH-2-001127,2026-08-26 01:43:40,2026-08-26 01:45:40,CH,SAP S/4HANA,A,MED-002,Medora Derm Cream,Prescription,Medora,E-commerce,10,24.76,CHF,0.2,247.6,198.08
TXN-CH-2-001128,2026-08-26 02:49:55,2026-08-26 02:54:55,CH,SAP S/4HANA,A,VIT-001,Vitalis C1000,Supplement,Vitalis,E-commerce,7,20.0,CHF,0.0,140.0,140.0
TXN-CH-2-001129,2026-08-26 17:16:44,2026-08-26 17:18:44,CH,SAP S/4HANA,A,SAN-002,SanaPlus ColdFlu,OTC,SanaPlus,Pharmacy/B2B,2,10.0,CHF,0.0,20.0,20.0
TXN-CH-2-001130,2026-08-26 21:41:26,2026-08-26 21:47:26,CH,SAP S/4HANA,A,PUR-001,PureLife GlucoMonitor,Medical Device,PureLife,Pharmacy/B2B,12,80.95,CHF,0.2,971.4,777.12
TXN-CH-2-001131,2026-08-26 07:29:05,2026-08-26 07:35:05,CH,SAP S/4HANA,A,MED-002,Medora Derm Cream,Prescription,Medora,Pharmacy/B2B,3,24.76,CHF,0.05,74.28,70.57
TXN-CH-2-001132,2026-08-26 05:33:58,2026-08-26 05:35:58,CH,SAP S/4HANA,A,DER-002,Dermacare LiftCream,Aesthetic,Dermacare,Pharmacy/B2B,6,35.24,CHF,0.0,211.44,211.44
TXN-CH-2-001133,2026-08-26 13:57:58,2026-08-26 14:01:58,CH,SAP S/4HANA,A,SAN-001,SanaPlus PainRelief,OTC,SanaPlus,E-commerce,11,9.05,CHF,0.0,99.55,99.55
TXN-CH-2-001134,2026-08-26 05:49:40,2026-08-26 05:51:40,CH,SAP S/4HANA,A,PUR-002,PureLife BP Monitor,Medical Device,PureLife,E-commerce,6,85.71,CHF,0.0,514.26,514.26
TXN-CH-2-001135,2026-08-26 14:19:12,2026-08-26 14:22:12,CH,SAP S/4HANA,A,SAN-001,SanaPlus PainRelief,OTC,SanaPlus,Wholesale,7,9.05,CHF,0.0,63.35,63.35
TXN-CH-2-001136,2026-08-26 02:47:55,2026-08-26 02:51:55,CH,SAP S/4HANA,A,PUR-002,PureLife BP Monitor,Medical Device,PureLife,Pharmacy/B2B,5,85.71,CHF,0.0,428.55,428.55
TXN-CH-2-001137,2026-08-26 12:53:06,2026-08-26 12:58:06,CH,SAP S/4HANA,A,MED-001,Medora Cardio 10mg,Prescription,Medora,E-commerce,7,40.95,CHF,0.0,286.65,286.65
TXN-CH-2-001138,2026-08-26 08:12:11,2026-08-26 08:15:11,CH,SAP S/4HANA,A,SAN-001,SanaPlus PainRelief,OTC,SanaPlus,E-commerce,4,9.05,CHF,0.05,36.2,34.39
TXN-CH-2-001139,2026-08-26 05:47:47,2026-08-26 05:50:47,CH,SAP S/4HANA,A,DER-001,Dermacare GlowSerum,Aesthetic,Dermacare,Wholesale,8,30.48,CHF,0.2,243.84,195.07
TXN-CH-2-001140,2026-08-26 13:58:48,2026-08-26 14:04:48,CH,SAP S/4HANA,A,VIT-001,Vitalis C1000,Supplement,Vitalis,E-commerce,7,20.0,CHF,0.15,140.0,119.0
TXN-CH-2-001141,2026-08-26 17:32:35,2026-08-26 17:36:35,CH,SAP S/4HANA,A,MED-002,Medora Derm Cream,Prescription,Medora,Wholesale,5,24.76,CHF,0.15,123.8,105.23
TXN-CH-2-001142,2026-08-26 16:01:39,2026-08-26 16:06:39,CH,SAP S/4HANA,A,MED-001,Medora Cardio 10mg,Prescription,Medora,D2C,6,40.95,CHF,0.2,245.7,196.56
TXN-CH-2-001143,2026-08-26 12:12:32,2026-08-26 12:14:32,CH,SAP S/4HANA,A,VIT-001,Vitalis C1000,Supplement,Vitalis,D2C,12,20.0,CHF,0.2,240.0,192.0
TXN-CH-2-001144,2026-08-26 06:12:53,2026-08-26 06:18:53,CH,SAP S/4HANA,A,MED-001,Medora Cardio 10mg,Prescription,Medora,D2C,10,40.95,CHF,0.2,409.5,327.6
TXN-CH-2-001145,2026-08-26 15:32:18,2026-08-26 15:35:18,CH,SAP S/4HANA,A,VIT-001,Vitalis C1000,Supplement,Vitalis,D2C,5,20.0,CHF,0.1,100.0,90.0
TXN-CH-2-001146,2026-08-26 16:22:48,2026-08-26 16:27:48,CH,SAP S/4HANA,A,MED-001,Medora Cardio 10mg,Prescription,Medora,Wholesale,5,40.95,CHF,0.0,204.75,204.75
TXN-CH-2-001147,2026-08-26 17:33:34,2026-08-26 17:34:34,CH,SAP S/4HANA,A,PUR-002,PureLife BP Monitor,Medical Device,PureLife,Wholesale,1,85.71,CHF,0.15,85.71,72.85
TXN-CH-2-001148,2026-08-26 23:32:58,2026-08-26 23:34:58,CH,SAP S/4HANA,A,SAN-001,SanaPlus PainRelief,OTC,SanaPlus,Wholesale,4,9.05,CHF,0.0,36.2,36.2
TXN-CH-2-001149,2026-08-26 03:57:04,2026-08-26 04:01:04,CH,SAP S/4HANA,A,MED-001,Medora Cardio 10mg,Prescription,Medora,Pharmacy/B2B,6,40.95,CHF,0.05,245.7,233.41
TXN-CH-2-001150,2026-08-26 12:29:46,2026-08-26 12:31:46,CH,SAP S/4HANA,A,PUR-002,PureLife BP Monitor,Medical Device,PureLife,D2C,3,85.71,CHF,0.0,257.13,257.13
TXN-CH-2-001151,2026-08-26 03:29:25,2026-08-26 03:35:25,CH,SAP S/4HANA,A,SAN-002,SanaPlus ColdFlu,OTC,SanaPlus,D2C,3,10.0,CHF,0.0,30.0,30.0
TXN-CH-2-001152,2026-08-26 00:10:33,2026-08-26 00:11:33,CH,SAP S/4HANA,A,SAN-002,SanaPlus ColdFlu,OTC,SanaPlus,Pharmacy/B2B,11,10.0,CHF,0.15,110.0,93.5
TXN-CH-2-001153,2026-08-26 09:30:24,2026-08-26 09:32:24,CH,SAP S/4HANA,A,DER-002,Dermacare LiftCream,Aesthetic,Dermacare,Pharmacy/B2B,12,35.24,CHF,0.1,422.88,380.59
TXN-CH-2-001154,2026-08-26 15:08:31,2026-08-26 15:13:31,CH,SAP S/4HANA,A,MED-001,Medora Cardio 10mg,Prescription,Medora,E-commerce,6,40.95,CHF,0.1,245.7,221.13
TXN-CH-2-001155,2026-08-26 13:26:35,2026-08-26 13:29:35,CH,SAP S/4HANA,A,PUR-001,PureLife GlucoMonitor,Medical Device,PureLife,E-commerce,7,80.95,CHF,0.0,566.65,566.65
TXN-CH-2-001156,2026-08-26 11:40:33,2026-08-26 11:43:33,CH,SAP S/4HANA,A,PUR-001,PureLife GlucoMonitor,Medical Device,PureLife,Wholesale,6,80.95,CHF,0.2,485.7,388.56
TXN-CH-2-001157,2026-08-26 22:18:57,2026-08-26 22:22:57,CH,SAP S/4HANA,A,PUR-002,PureLife BP Monitor,Medical Device,PureLife,Wholesale,5,85.71,CHF,0.0,428.55,428.55
TXN-CH-2-001158,2026-08-26 12:43:21,2026-08-26 12:49:21,CH,SAP S/4HANA,A,SAN-001,SanaPlus PainRelief,OTC,SanaPlus,E-commerce,11,9.05,CHF,0.1,99.55,89.59
TXN-CH-2-001159,2026-08-26 23:35:31,2026-08-26 23:36:31,CH,SAP S/4HANA,A,SAN-001,SanaPlus PainRelief,OTC,SanaPlus,E-commerce,7,9.05,CHF,0.1,63.35,57.02
TXN-CH-2-001160,2026-08-26 06:06:04,2026-08-26 06:10:04,CH,SAP S/4HANA,A,SAN-002,SanaPlus ColdFlu,OTC,SanaPlus,Wholesale,9,10.0,CHF,0.0,90.0,90.0
TXN-CH-2-001161,2026-08-26 21:18:22,2026-08-26 21:22:22,CH,SAP S/4HANA,A,PUR-001,PureLife GlucoMonitor,Medical Device,PureLife,D2C,1,80.95,CHF,0.2,80.95,64.76
TXN-CH-2-001162,2026-08-26 16:29:51,2026-08-26 16:34:51,CH,SAP S/4HANA,A,DER-001,Dermacare GlowSerum,Aesthetic,Dermacare,Wholesale,3,30.48,CHF,0.2,91.44,73.15
TXN-CH-2-001163,2026-08-26 11:33:27,2026-08-26 11:35:27,CH,SAP S/4HANA,A,MED-001,Medora Cardio 10mg,Prescription,Medora,Pharmacy/B2B,6,40.95,CHF,0.1,245.7,221.13
TXN-CH-2-001164,2026-08-26 00:12:27,2026-08-26 00:17:27,CH,SAP S/4HANA,A,DER-001,Dermacare GlowSerum,Aesthetic,Dermacare,Wholesale,9,30.48,CHF,0.15,274.32,233.17
TXN-CH-2-001165,2026-08-26 21:40:35,2026-08-26 21:43:35,CH,SAP S/4HANA,A,SAN-002,SanaPlus ColdFlu,OTC,SanaPlus,Pharmacy/B2B,2,10.0,CHF,0.2,20.0,16.0
TXN-CH-2-001166,2026-08-26 21:56:04,2026-08-26 21:58:04,CH,SAP S/4HANA,A,VIT-001,Vitalis C1000,Supplement,Vitalis,D2C,7,20.0,CHF,0.05,140.0,133.0
TXN-CH-2-001167,2026-08-26 02:35:09,2026-08-26 02:41:09,CH,SAP S/4HANA,A,PUR-002,PureLife BP Monitor,Medical Device,PureLife,E-commerce,8,85.71,CHF,0.0,685.68,685.68
TXN-CH-2-001168,2026-08-26 06:13:43,2026-08-26 06:15:43,CH,SAP S/4HANA,A,DER-002,Dermacare LiftCream,Aesthetic,Dermacare,Pharmacy/B2B,1,35.24,CHF,0.0,35.24,35.24
TXN-CH-2-001169,2026-08-26 05:20:53,2026-08-26 05:26:53,CH,SAP S/4HANA,A,PUR-002,PureLife BP Monitor,Medical Device,PureLife,D2C,10,85.71,CHF,0.15,857.1,728.53
TXN-CH-2-001170,2026-08-26 14:02:28,2026-08-26 14:04:28,CH,SAP S/4HANA,A,SAN-002,SanaPlus ColdFlu,OTC,SanaPlus,Pharmacy/B2B,9,10.0,CHF,0.2,90.0,72.0
TXN-CH-2-001171,2026-08-26 17:41:21,2026-08-26 17:44:21,CH,SAP S/4HANA,A,DER-002,Dermacare LiftCream,Aesthetic,Dermacare,Pharmacy/B2B,6,35.24,CHF,0.0,211.44,211.44
TXN-CH-2-001172,2026-08-26 06:35:41,2026-08-26 06:36:41,CH,SAP S/4HANA,A,PUR-002,PureLife BP Monitor,Medical Device,PureLife,E-commerce,7,85.71,CHF,0.0,599.97,599.97
TXN-CH-2-001173,2026-08-26 08:03:20,2026-08-26 08:09:20,CH,SAP S/4HANA,A,MED-001,Medora Cardio 10mg,Prescription,Medora,Pharmacy/B2B,5,40.95,CHF,0.0,204.75,204.75
TXN-CH-2-001174,2026-08-26 14:49:52,2026-08-26 14:52:52,CH,SAP S/4HANA,A,MED-002,Medora Derm Cream,Prescription,Medora,Wholesale,3,24.76,CHF,0.15,74.28,63.14
TXN-CH-2-001175,2026-08-26 20:32:55,2026-08-26 20:38:55,CH,SAP S/4HANA,A,SAN-001,SanaPlus PainRelief,OTC,SanaPlus,Pharmacy/B2B,11,9.05,CHF,0.0,99.55,99.55
TXN-CH-2-001176,2026-08-26 07:41:39,2026-08-26 07:45:39,CH,SAP S/4HANA,A,DER-002,Dermacare LiftCream,Aesthetic,Dermacare,D2C,9,35.24,CHF,0.0,317.16,317.16
TXN-CH-2-001177,2026-08-26 14:06:44,2026-08-26 14:11:44,CH,SAP S/4HANA,A,VIT-002,Vitalis Multivit,Supplement,Vitalis,E-commerce,12,16.19,CHF,0.15,194.28,165.14
TXN-CH-2-001178,2026-08-26 19:05:22,2026-08-26 19:10:22,CH,SAP S/4HANA,A,SAN-001,SanaPlus PainRelief,OTC,SanaPlus,Pharmacy/B2B,2,9.05,CHF,0.0,18.1,18.1
TXN-CH-2-001179,2026-08-26 16:36:16,2026-08-26 16:37:16,CH,SAP S/4HANA,A,VIT-002,Vitalis Multivit,Supplement,Vitalis,Pharmacy/B2B,4,16.19,CHF,0.15,64.76,55.05
TXN-CH-2-001180,2026-08-26 17:38:29,2026-08-26 17:39:29,CH,SAP S/4HANA,A,PUR-002,PureLife BP Monitor,Medical Device,PureLife,Wholesale,2,85.71,CHF,0.1,171.42,154.28
TXN-CH-2-001181,2026-08-26 09:37:45,2026-08-26 09:41:45,CH,SAP S/4HANA,A,DER-002,Dermacare LiftCream,Aesthetic,Dermacare,Pharmacy/B2B,9,35.24,CHF,0.05,317.16,301.3
TXN-CH-2-001182,2026-08-26 17:20:02,2026-08-26 17:26:02,CH,SAP S/4HANA,A,VIT-002,Vitalis Multivit,Supplement,Vitalis,Wholesale,4,16.19,CHF,0.15,64.76,55.05
TXN-CH-2-001183,2026-08-26 03:50:38,2026-08-26 03:54:38,CH,SAP S/4HANA,A,PUR-002,PureLife BP Monitor,Medical Device,PureLife,E-commerce,8,85.71,CHF,0.0,685.68,685.68
TXN-CH-2-001184,2026-08-26 22:11:43,2026-08-26 22:13:43,CH,SAP S/4HANA,A,DER-002,Dermacare LiftCream,Aesthetic,Dermacare,D2C,7,35.24,CHF,0.0,246.68,246.68
TXN-CH-2-001185,2026-08-26 03:04:14,2026-08-26 03:05:14,CH,SAP S/4HANA,A,MED-001,Medora Cardio 10mg,Prescription,Medora,Wholesale,11,40.95,CHF,0.1,450.45,405.4
TXN-CH-2-001186,2026-08-26 23:43:54,2026-08-26 23:47:54,CH,SAP S/4HANA,A,DER-002,Dermacare LiftCream,Aesthetic,Dermacare,D2C,1,35.24,CHF,0.0,35.24,35.24
TXN-CH-2-001187,2026-08-26 21:38:29,2026-08-26 21:44:29,CH,SAP S/4HANA,A,DER-002,Dermacare LiftCream,Aesthetic,Dermacare,Pharmacy/B2B,2,35.24,CHF,0.1,70.48,63.43
TXN-CH-2-001188,2026-08-26 07:50:34,2026-08-26 07:52:34,CH,SAP S/4HANA,A,SAN-002,SanaPlus ColdFlu,OTC,SanaPlus,Wholesale,7,10.0,CHF,0.15,70.0,59.5
TXN-CH-2-001189,2026-08-26 02:35:51,2026-08-26 02:40:51,CH,SAP S/4HANA,A,MED-001,Medora Cardio 10mg,Prescription,Medora,Wholesale,2,40.95,CHF,0.0,81.9,81.9
TXN-CH-2-001190,2026-08-26 19:10:28,2026-08-26 19:13:28,CH,SAP S/4HANA,A,VIT-002,Vitalis Multivit,Supplement,Vitalis,Wholesale,1,16.19,CHF,0.0,16.19,16.19
TXN-CH-2-001191,2026-08-26 18:11:27,2026-08-26 18:12:27,CH,SAP S/4HANA,A,MED-001,Medora Cardio 10mg,Prescription,Medora,Pharmacy/B2B,1,40.95,CHF,0.0,40.95,40.95
TXN-CH-2-001192,2026-08-26 05:06:51,2026-08-26 05:08:51,CH,SAP S/4HANA,A,MED-002,Medora Derm Cream,Prescription,Medora,E-commerce,12,24.76,CHF,0.05,297.12,282.26
TXN-CH-2-001193,2026-08-26 20:22:28,2026-08-26 20:24:28,CH,SAP S/4HANA,A,PUR-002,PureLife BP Monitor,Medical Device,PureLife,Pharmacy/B2B,6,85.71,CHF,0.0,514.26,514.26
TXN-CH-2-001194,2026-08-26 01:18:06,2026-08-26 01:19:06,CH,SAP S/4HANA,A,MED-002,Medora Derm Cream,Prescription,Medora,Pharmacy/B2B,12,24.76,CHF,0.05,297.12,282.26
TXN-CH-2-001195,2026-08-26 20:37:05,2026-08-26 20:39:05,CH,SAP S/4HANA,A,SAN-001,SanaPlus PainRelief,OTC,SanaPlus,Pharmacy/B2B,1,9.05,CHF,0.2,9.05,7.24
TXN-CH-2-001196,2026-08-26 13:54:33,2026-08-26 13:58:33,CH,SAP S/4HANA,A,DER-001,Dermacare GlowSerum,Aesthetic,Dermacare,Wholesale,2,30.48,CHF,0.0,60.96,60.96
TXN-CH-2-001197,2026-08-26 04:00:02,2026-08-26 04:03:02,CH,SAP S/4HANA,A,PUR-002,PureLife BP Monitor,Medical Device,PureLife,D2C,2,85.71,CHF,0.0,171.42,171.42
TXN-CH-2-001198,2026-08-26 15:29:37,2026-08-26 15:31:37,CH,SAP S/4HANA,A,VIT-001,Vitalis C1000,Supplement,Vitalis,E-commerce,12,20.0,CHF,0.0,240.0,240.0
TXN-CH-2-001199,2026-08-26 13:12:33,2026-08-26 13:13:33,CH,SAP S/4HANA,A,PUR-002,PureLife BP Monitor,Medical Device,PureLife,Wholesale,5,85.71,CHF,0.2,428.55,342.84
TXN-CH-2-001200,2026-08-26 04:55:10,2026-08-26 05:00:10,CH,SAP S/4HANA,A,SAN-002,SanaPlus ColdFlu,OTC,SanaPlus,Wholesale,2,10.0,CHF,0.05,20.0,19.0
TXN-CH-2-001201,2026-08-26 16:14:26,2026-08-26 16:16:26,CH,SAP S/4HANA,A,MED-002,Medora Derm Cream,Prescription,Medora,Pharmacy/B2B,8,24.76,CHF,0.0,198.08,198.08
TXN-CH-2-001202,2026-08-26 05:40:38,2026-08-26 05:43:38,CH,SAP S/4HANA,A,SAN-001,SanaPlus PainRelief,OTC,SanaPlus,D2C,10,9.05,CHF,0.05,90.5,85.97
TXN-CH-2-001203,2026-08-26 11:30:37,2026-08-26 11:33:37,CH,SAP S/4HANA,A,MED-001,Medora Cardio 10mg,Prescription,Medora,E-commerce,12,40.95,CHF,0.0,491.4,491.4
TXN-CH-2-001204,2026-08-26 05:42:16,2026-08-26 05:48:16,CH,SAP S/4HANA,A,MED-002,Medora Derm Cream,Prescription,Medora,E-commerce,6,24.76,CHF,0.2,148.56,118.85
TXN-CH-2-001205,2026-08-26 09:35:21,2026-08-26 09:41:21,CH,SAP S/4HANA,A,PUR-001,PureLife GlucoMonitor,Medical Device,PureLife,Pharmacy/B2B,6,80.95,CHF,0.15,485.7,412.84
TXN-CH-2-001206,2026-08-26 16:59:18,2026-08-26 17:02:18,CH,SAP S/4HANA,A,PUR-002,PureLife BP Monitor,Medical Device,PureLife,D2C,1,85.71,CHF,0.0,85.71,85.71
TXN-CH-2-001207,2026-08-26 10:43:07,2026-08-26 10:45:07,CH,SAP S/4HANA,A,SAN-001,SanaPlus PainRelief,OTC,SanaPlus,E-commerce,7,9.05,CHF,0.0,63.35,63.35
TXN-CH-2-001208,2026-08-26 08:55:26,2026-08-26 08:58:26,CH,SAP S/4HANA,A,VIT-001,Vitalis C1000,Supplement,Vitalis,E-commerce,2,20.0,CHF,0.15,40.0,34.0
TXN-CH-2-001209,2026-08-26 16:51:19,2026-08-26 16:57:19,CH,SAP S/4HANA,A,SAN-002,SanaPlus ColdFlu,OTC,SanaPlus,D2C,9,10.0,CHF,0.05,90.0,85.5
TXN-CH-2-001210,2026-08-26 18:07:19,2026-08-26 18:08:19,CH,SAP S/4HANA,A,VIT-002,Vitalis Multivit,Supplement,Vitalis,E-commerce,1,16.19,CHF,0.0,16.19,16.19
TXN-CH-2-001211,2026-08-26 00:36:20,2026-08-26 00:40:20,CH,SAP S/4HANA,A,MED-002,Medora Derm Cream,Prescription,Medora,E-commerce,10,24.76,CHF,0.2,247.6,198.08
TXN-CH-2-001212,2026-08-26 23:12:48,2026-08-26 23:14:48,CH,SAP S/4HANA,A,MED-001,Medora Cardio 10mg,Prescription,Medora,E-commerce,2,40.95,CHF,0.2,81.9,65.52
TXN-CH-2-001213,2026-08-26 19:04:43,2026-08-26 19:08:43,CH,SAP S/4HANA,A,DER-002,Dermacare LiftCream,Aesthetic,Dermacare,Wholesale,12,35.24,CHF,0.2,422.88,338.3
TXN-CH-2-001214,2026-08-26 16:49:46,2026-08-26 16:52:46,CH,SAP S/4HANA,A,SAN-001,SanaPlus PainRelief,OTC,SanaPlus,E-commerce,3,9.05,CHF,0.1,27.15,24.43
TXN-CH-2-001215,2026-08-26 17:48:39,2026-08-26 17:53:39,CH,SAP S/4HANA,A,MED-001,Medora Cardio 10mg,Prescription,Medora,Wholesale,4,40.95,CHF,0.1,163.8,147.42
TXN-CH-2-001216,2026-08-26 02:14:57,2026-08-26 02:15:57,CH,SAP S/4HANA,A,SAN-001,SanaPlus PainRelief,OTC,SanaPlus,Wholesale,4,9.05,CHF,0.0,36.2,36.2
TXN-CH-2-001217,2026-08-26 21:03:59,2026-08-26 21:07:59,CH,SAP S/4HANA,A,DER-001,Dermacare GlowSerum,Aesthetic,Dermacare,Wholesale,8,30.48,CHF,0.2,243.84,195.07
TXN-CH-2-001218,2026-08-26 15:54:37,2026-08-26 15:56:37,CH,SAP S/4HANA,A,PUR-002,PureLife BP Monitor,Medical Device,PureLife,Wholesale,1,85.71,CHF,0.15,85.71,72.85
TXN-CH-2-001219,2026-08-26 05:42:13,2026-08-26 05:48:13,CH,SAP S/4HANA,A,PUR-002,PureLife BP Monitor,Medical Device,PureLife,Wholesale,11,85.71,CHF,0.0,942.81,942.81
TXN-CH-2-001220,2026-08-26 22:12:26,2026-08-26 22:17:26,CH,SAP S/4HANA,A,MED-002,Medora Derm Cream,Prescription,Medora,Pharmacy/B2B,5,24.76,CHF,0.2,123.8,99.04
TXN-CH-2-001221,2026-08-26 17:56:26,2026-08-26 17:57:26,CH,SAP S/4HANA,A,DER-001,Dermacare GlowSerum,Aesthetic,Dermacare,D2C,10,30.48,CHF,0.0,304.8,304.8
TXN-CH-2-001222,2026-08-26 09:21:29,2026-08-26 09:24:29,CH,SAP S/4HANA,A,PUR-001,PureLife GlucoMonitor,Medical Device,PureLife,D2C,12,80.95,CHF,0.0,971.4,971.4
TXN-CH-2-001223,2026-08-26 14:49:10,2026-08-26 14:52:10,CH,SAP S/4HANA,A,DER-002,Dermacare LiftCream,Aesthetic,Dermacare,Wholesale,12,35.24,CHF,0.0,422.88,422.88
TXN-CH-2-001224,2026-08-26 08:55:28,2026-08-26 09:01:28,CH,SAP S/4HANA,A,DER-002,Dermacare LiftCream,Aesthetic,Dermacare,Pharmacy/B2B,6,35.24,CHF,0.0,211.44,211.44
TXN-CH-2-001225,2026-08-26 09:16:19,2026-08-26 09:18:19,CH,SAP S/4HANA,A,DER-002,Dermacare LiftCream,Aesthetic,Dermacare,E-commerce,11,35.24,CHF,0.2,387.64,310.11
TXN-CH-2-001226,2026-08-26 06:21:13,2026-08-26 06:26:13,CH,SAP S/4HANA,A,DER-002,Dermacare LiftCream,Aesthetic,Dermacare,E-commerce,3,35.24,CHF,0.2,105.72,84.58
TXN-CH-2-001227,2026-08-26 06:19:04,2026-08-26 06:23:04,CH,SAP S/4HANA,A,DER-001,Dermacare GlowSerum,Aesthetic,Dermacare,Wholesale,6,30.48,CHF,0.0,182.88,182.88
TXN-CH-2-001228,2026-08-26 19:27:11,2026-08-26 19:33:11,CH,SAP S/4HANA,A,SAN-001,SanaPlus PainRelief,OTC,SanaPlus,E-commerce,8,9.05,CHF,0.2,72.4,57.92
TXN-CH-2-001229,2026-08-26 11:06:32,2026-08-26 11:11:32,CH,SAP S/4HANA,A,SAN-001,SanaPlus PainRelief,OTC,SanaPlus,Wholesale,12,9.05,CHF,0.0,108.6,108.6
TXN-CH-2-001230,2026-08-26 12:28:46,2026-08-26 12:34:46,CH,SAP S/4HANA,A,SAN-001,SanaPlus PainRelief,OTC,SanaPlus,Pharmacy/B2B,4,9.05,CHF,0.15,36.2,30.77
TXN-CH-2-001231,2026-08-26 01:05:41,2026-08-26 01:11:41,CH,SAP S/4HANA,A,MED-001,Medora Cardio 10mg,Prescription,Medora,E-commerce,11,40.95,CHF,0.0,450.45,450.45
TXN-CH-2-001232,2026-08-26 10:55:54,2026-08-26 10:57:54,CH,SAP S/4HANA,A,DER-001,Dermacare GlowSerum,Aesthetic,Dermacare,Wholesale,6,30.48,CHF,0.2,182.88,146.3
TXN-CH-2-001233,2026-08-26 20:30:53,2026-08-26 20:33:53,CH,SAP S/4HANA,A,SAN-002,SanaPlus ColdFlu,OTC,SanaPlus,E-commerce,9,10.0,CHF,0.1,90.0,81.0
TXN-CH-2-001234,2026-08-26 06:16:10,2026-08-26 06:18:10,CH,SAP S/4HANA,A,VIT-001,Vitalis C1000,Supplement,Vitalis,E-commerce,5,20.0,CHF,0.2,100.0,80.0
TXN-CH-2-001235,2026-08-26 12:07:13,2026-08-26 12:13:13,CH,SAP S/4HANA,A,VIT-002,Vitalis Multivit,Supplement,Vitalis,E-commerce,6,16.19,CHF,0.05,97.14,92.28
TXN-CH-2-001236,2026-08-26 15:11:27,2026-08-26 15:16:27,CH,SAP S/4HANA,A,VIT-001,Vitalis C1000,Supplement,Vitalis,E-commerce,9,20.0,CHF,0.1,180.0,162.0
TXN-CH-2-001237,2026-08-26 15:07:26,2026-08-26 15:10:26,CH,SAP S/4HANA,A,DER-002,Dermacare LiftCream,Aesthetic,Dermacare,D2C,5,35.24,CHF,0.1,176.2,158.58
TXN-CH-2-001238,2026-08-26 23:05:51,2026-08-26 23:07:51,CH,SAP S/4HANA,A,MED-001,Medora Cardio 10mg,Prescription,Medora,E-commerce,12,40.95,CHF,0.1,491.4,442.26
TXN-CH-2-001239,2026-08-26 19:55:19,2026-08-26 19:56:19,CH,SAP S/4HANA,A,MED-002,Medora Derm Cream,Prescription,Medora,E-commerce,4,24.76,CHF,0.2,99.04,79.23
TXN-CH-2-001240,2026-08-26 23:08:23,2026-08-26 23:12:23,CH,SAP S/4HANA,A,DER-001,Dermacare GlowSerum,Aesthetic,Dermacare,Pharmacy/B2B,10,30.48,CHF,0.0,304.8,304.8
TXN-CH-2-001241,2026-08-26 13:18:17,2026-08-26 13:24:17,CH,SAP S/4HANA,A,DER-002,Dermacare LiftCream,Aesthetic,Dermacare,Wholesale,1,35.24,CHF,0.0,35.24,35.24
TXN-CH-2-001242,2026-08-26 11:18:44,2026-08-26 11:19:44,CH,SAP S/4HANA,A,MED-002,Medora Derm Cream,Prescription,Medora,Pharmacy/B2B,6,24.76,CHF,0.15,148.56,126.28
TXN-CH-2-001243,2026-08-26 19:14:08,2026-08-26 19:15:08,CH,SAP S/4HANA,A,DER-001,Dermacare GlowSerum,Aesthetic,Dermacare,E-commerce,4,30.48,CHF,0.0,121.92,121.92
TXN-CH-2-001244,2026-08-26 12:52:34,2026-08-26 12:54:34,CH,SAP S/4HANA,A,PUR-002,PureLife BP Monitor,Medical Device,PureLife,D2C,3,85.71,CHF,0.1,257.13,231.42
TXN-CH-2-001245,2026-08-26 02:40:08,2026-08-26 02:41:08,CH,SAP S/4HANA,A,SAN-002,SanaPlus ColdFlu,OTC,SanaPlus,Wholesale,12,10.0,CHF,0.05,120.0,114.0
TXN-CH-2-001246,2026-08-26 12:18:06,2026-08-26 12:19:06,CH,SAP S/4HANA,A,PUR-002,PureLife BP Monitor,Medical Device,PureLife,Pharmacy/B2B,7,85.71,CHF,0.0,599.97,599.97
TXN-CH-2-001247,2026-08-26 21:51:01,2026-08-26 21:55:01,CH,SAP S/4HANA,A,SAN-002,SanaPlus ColdFlu,OTC,SanaPlus,Pharmacy/B2B,6,10.0,CHF,0.05,60.0,57.0
TXN-CH-2-001248,2026-08-26 22:02:44,2026-08-26 22:04:44,CH,SAP S/4HANA,A,MED-002,Medora Derm Cream,Prescription,Medora,D2C,2,24.76,CHF,0.0,49.52,49.52
TXN-CH-2-001249,2026-08-26 23:52:02,2026-08-26 23:57:02,CH,SAP S/4HANA,A,PUR-001,PureLife GlucoMonitor,Medical Device,PureLife,Pharmacy/B2B,1,80.95,CHF,0.0,80.95,80.95
TXN-CH-2-001250,2026-08-26 23:27:51,2026-08-26 23:32:51,CH,SAP S/4HANA,A,SAN-001,SanaPlus PainRelief,OTC,SanaPlus,D2C,4,9.05,CHF,0.0,36.2,36.2
TXN-CH-2-001251,2026-08-26 01:17:32,2026-08-26 01:19:32,CH,SAP S/4HANA,A,DER-002,Dermacare LiftCream,Aesthetic,Dermacare,Wholesale,4,35.24,CHF,0.0,140.96,140.96
TXN-CH-2-001252,2026-08-26 00:30:53,2026-08-26 00:36:53,CH,SAP S/4HANA,A,DER-001,Dermacare GlowSerum,Aesthetic,Dermacare,D2C,7,30.48,CHF,0.1,213.36,192.02
TXN-CH-2-001253,2026-08-26 10:31:32,2026-08-26 10:33:32,CH,SAP S/4HANA,A,DER-002,Dermacare LiftCream,Aesthetic,Dermacare,Wholesale,11,35.24,CHF,0.0,387.64,387.64
TXN-CH-2-001254,2026-08-26 20:09:22,2026-08-26 20:10:22,CH,SAP S/4HANA,A,PUR-001,PureLife GlucoMonitor,Medical Device,PureLife,E-commerce,7,80.95,CHF,0.2,566.65,453.32
TXN-CH-2-001255,2026-08-26 07:11:49,2026-08-26 07:13:49,CH,SAP S/4HANA,A,DER-001,Dermacare GlowSerum,Aesthetic,Dermacare,Wholesale,7,30.48,CHF,0.15,213.36,181.36
TXN-CH-2-001256,2026-08-26 08:14:25,2026-08-26 08:20:25,CH,SAP S/4HANA,A,MED-002,Medora Derm Cream,Prescription,Medora,Pharmacy/B2B,5,24.76,CHF,0.0,123.8,123.8
TXN-CH-2-001257,2026-08-26 02:52:55,2026-08-26 02:58:55,CH,SAP S/4HANA,A,MED-001,Medora Cardio 10mg,Prescription,Medora,Wholesale,6,40.95,CHF,0.0,245.7,245.7
TXN-CH-2-001258,2026-08-26 21:43:34,2026-08-26 21:48:34,CH,SAP S/4HANA,A,DER-002,Dermacare LiftCream,Aesthetic,Dermacare,Pharmacy/B2B,5,35.24,CHF,0.0,176.2,176.2
TXN-CH-2-001259,2026-08-26 09:41:22,2026-08-26 09:43:22,CH,SAP S/4HANA,A,DER-001,Dermacare GlowSerum,Aesthetic,Dermacare,D2C,3,30.48,CHF,0.1,91.44,82.3
TXN-CH-2-001260,2026-08-26 08:02:12,2026-08-26 08:03:12,CH,SAP S/4HANA,A,DER-001,Dermacare GlowSerum,Aesthetic,Dermacare,D2C,12,30.48,CHF,0.05,365.76,347.47
TXN-CH-2-001261,2026-08-26 04:04:42,2026-08-26 04:07:42,CH,SAP S/4HANA,A,VIT-002,Vitalis Multivit,Supplement,Vitalis,E-commerce,12,16.19,CHF,0.1,194.28,174.85
TXN-CH-2-001262,2026-08-26 02:18:09,2026-08-26 02:22:09,CH,SAP S/4HANA,A,DER-002,Dermacare LiftCream,Aesthetic,Dermacare,D2C,12,35.24,CHF,0.15,422.88,359.45
TXN-CH-2-001263,2026-08-26 04:53:31,2026-08-26 04:59:31,CH,SAP S/4HANA,A,PUR-001,PureLife GlucoMonitor,Medical Device,PureLife,D2C,5,80.95,CHF,0.2,404.75,323.8
TXN-CH-2-001264,2026-08-26 01:51:39,2026-08-26 01:54:39,CH,SAP S/4HANA,A,PUR-001,PureLife GlucoMonitor,Medical Device,PureLife,D2C,11,80.95,CHF,0.05,890.45,845.93
TXN-CH-2-001265,2026-08-26 09:27:01,2026-08-26 09:29:01,CH,SAP S/4HANA,A,PUR-001,PureLife GlucoMonitor,Medical Device,PureLife,D2C,8,80.95,CHF,0.0,647.6,647.6
TXN-CH-2-001266,2026-08-26 04:51:48,2026-08-26 04:56:48,CH,SAP S/4HANA,A,PUR-002,PureLife BP Monitor,Medical Device,PureLife,Wholesale,3,85.71,CHF,0.15,257.13,218.56
TXN-CH-2-001267,2026-08-26 11:06:41,2026-08-26 11:09:41,CH,SAP S/4HANA,A,PUR-002,PureLife BP Monitor,Medical Device,PureLife,Wholesale,10,85.71,CHF,0.1,857.1,771.39
TXN-CH-2-001268,2026-08-26 21:28:00,2026-08-26 21:33:00,CH,SAP S/4HANA,A,VIT-001,Vitalis C1000,Supplement,Vitalis,E-commerce,5,20.0,CHF,0.0,100.0,100.0
TXN-CH-2-001269,2026-08-26 12:33:16,2026-08-26 12:39:16,CH,SAP S/4HANA,A,SAN-001,SanaPlus PainRelief,OTC,SanaPlus,Pharmacy/B2B,12,9.05,CHF,0.15,108.6,92.31
TXN-CH-2-001270,2026-08-26 10:10:43,2026-08-26 10:12:43,CH,SAP S/4HANA,A,MED-002,Medora Derm Cream,Prescription,Medora,Pharmacy/B2B,1,24.76,CHF,0.0,24.76,24.76
TXN-CH-2-001271,2026-08-26 10:55:48,2026-08-26 11:01:48,CH,SAP S/4HANA,A,PUR-002,PureLife BP Monitor,Medical Device,PureLife,Wholesale,2,85.71,CHF,0.0,171.42,171.42
TXN-CH-2-001272,2026-08-26 17:13:46,2026-08-26 17:17:46,CH,SAP S/4HANA,A,PUR-001,PureLife GlucoMonitor,Medical Device,PureLife,D2C,5,80.95,CHF,0.0,404.75,404.75
TXN-CH-2-001273,2026-08-26 07:36:00,2026-08-26 07:41:00,CH,SAP S/4HANA,A,MED-001,Medora Cardio 10mg,Prescription,Medora,D2C,8,40.95,CHF,0.15,327.6,278.46
TXN-CH-2-001274,2026-08-26 22:34:17,2026-08-26 22:39:17,CH,SAP S/4HANA,A,DER-001,Dermacare GlowSerum,Aesthetic,Dermacare,Wholesale,3,30.48,CHF,0.15,91.44,77.72
TXN-CH-2-001275,2026-08-26 15:41:47,2026-08-26 15:46:47,CH,SAP S/4HANA,A,VIT-001,Vitalis C1000,Supplement,Vitalis,E-commerce,4,20.0,CHF,0.1,80.0,72.0
TXN-CH-2-001276,2026-08-26 12:19:15,2026-08-26 12:21:15,CH,SAP S/4HANA,A,MED-001,Medora Cardio 10mg,Prescription,Medora,Pharmacy/B2B,12,40.95,CHF,0.15,491.4,417.69
TXN-CH-2-001277,2026-08-26 22:53:42,2026-08-26 22:55:42,CH,SAP S/4HANA,A,SAN-002,SanaPlus ColdFlu,OTC,SanaPlus,D2C,4,10.0,CHF,0.1,40.0,36.0
TXN-CH-2-001278,2026-08-26 12:11:06,2026-08-26 12:17:06,CH,SAP S/4HANA,A,VIT-001,Vitalis C1000,Supplement,Vitalis,D2C,7,20.0,CHF,0.15,140.0,119.0
TXN-CH-2-001279,2026-08-26 07:30:19,2026-08-26 07:34:19,CH,SAP S/4HANA,A,DER-002,Dermacare LiftCream,Aesthetic,Dermacare,E-commerce,2,35.24,CHF,0.0,70.48,70.48
TXN-CH-2-001280,2026-08-26 13:03:48,2026-08-26 13:05:48,CH,SAP S/4HANA,A,SAN-001,SanaPlus PainRelief,OTC,SanaPlus,D2C,9,9.05,CHF,0.15,81.45,69.23
TXN-CH-2-001281,2026-08-26 17:49:19,2026-08-26 17:50:19,CH,SAP S/4HANA,A,MED-002,Medora Derm Cream,Prescription,Medora,E-commerce,2,24.76,CHF,0.15,49.52,42.09
TXN-CH-2-001282,2026-08-26 04:15:31,2026-08-26 04:16:31,CH,SAP S/4HANA,A,DER-002,Dermacare LiftCream,Aesthetic,Dermacare,D2C,2,35.24,CHF,0.05,70.48,66.96
TXN-CH-2-001283,2026-08-26 08:39:04,2026-08-26 08:45:04,CH,SAP S/4HANA,A,VIT-002,Vitalis Multivit,Supplement,Vitalis,D2C,9,16.19,CHF,0.0,145.71,145.71
TXN-CH-2-001284,2026-08-26 14:58:24,2026-08-26 15:00:24,CH,SAP S/4HANA,A,SAN-001,SanaPlus PainRelief,OTC,SanaPlus,E-commerce,2,9.05,CHF,0.0,18.1,18.1
TXN-CH-2-001285,2026-08-26 03:09:03,2026-08-26 03:12:03,CH,SAP S/4HANA,A,DER-001,Dermacare GlowSerum,Aesthetic,Dermacare,D2C,5,30.48,CHF,0.0,152.4,152.4
TXN-CH-2-001286,2026-08-26 20:08:28,2026-08-26 20:12:28,CH,SAP S/4HANA,A,PUR-001,PureLife GlucoMonitor,Medical Device,PureLife,Wholesale,2,80.95,CHF,0.05,161.9,153.81
TXN-CH-2-001287,2026-08-26 02:29:30,2026-08-26 02:31:30,CH,SAP S/4HANA,A,SAN-002,SanaPlus ColdFlu,OTC,SanaPlus,E-commerce,6,10.0,CHF,0.15,60.0,51.0
TXN-CH-2-001288,2026-08-26 18:41:45,2026-08-26 18:47:45,CH,SAP S/4HANA,A,PUR-002,PureLife BP Monitor,Medical Device,PureLife,Pharmacy/B2B,1,85.71,CHF,0.0,85.71,85.71
TXN-CH-2-001289,2026-08-26 10:08:37,2026-08-26 10:13:37,CH,SAP S/4HANA,A,VIT-001,Vitalis C1000,Supplement,Vitalis,D2C,7,20.0,CHF,0.0,140.0,140.0
TXN-CH-2-001290,2026-08-26 17:37:06,2026-08-26 17:39:06,CH,SAP S/4HANA,A,PUR-002,PureLife BP Monitor,Medical Device,PureLife,Wholesale,5,85.71,CHF,0.0,428.55,428.55
TXN-CH-2-001291,2026-08-26 07:21:29,2026-08-26 07:22:29,CH,SAP S/4HANA,A,DER-001,Dermacare GlowSerum,Aesthetic,Dermacare,Pharmacy/B2B,3,30.48,CHF,0.0,91.44,91.44
TXN-CH-2-001292,2026-08-26 23:27:05,2026-08-26 23:32:05,CH,SAP S/4HANA,A,PUR-002,PureLife BP Monitor,Medical Device,PureLife,E-commerce,9,85.71,CHF,0.05,771.39,732.82
TXN-CH-2-001293,2026-08-26 19:25:31,2026-08-26 19:31:31,CH,SAP S/4HANA,A,DER-002,Dermacare LiftCream,Aesthetic,Dermacare,D2C,3,35.24,CHF,0.15,105.72,89.86
TXN-CH-2-001294,2026-08-26 17:11:21,2026-08-26 17:15:21,CH,SAP S/4HANA,A,SAN-002,SanaPlus ColdFlu,OTC,SanaPlus,Pharmacy/B2B,6,10.0,CHF,0.0,60.0,60.0
TXN-CH-2-001295,2026-08-26 14:27:17,2026-08-26 14:33:17,CH,SAP S/4HANA,A,DER-002,Dermacare LiftCream,Aesthetic,Dermacare,E-commerce,1,35.24,CHF,0.15,35.24,29.95
TXN-CH-2-001296,2026-08-26 21:28:42,2026-08-26 21:32:42,CH,SAP S/4HANA,A,SAN-002,SanaPlus ColdFlu,OTC,SanaPlus,Pharmacy/B2B,7,10.0,CHF,0.05,70.0,66.5
TXN-CH-2-001297,2026-08-26 22:25:34,2026-08-26 22:30:34,CH,SAP S/4HANA,A,MED-002,Medora Derm Cream,Prescription,Medora,E-commerce,12,24.76,CHF,0.1,297.12,267.41
TXN-CH-2-001298,2026-08-26 11:25:21,2026-08-26 11:31:21,CH,SAP S/4HANA,A,DER-001,Dermacare GlowSerum,Aesthetic,Dermacare,D2C,10,30.48,CHF,0.2,304.8,243.84
TXN-CH-2-001299,2026-08-26 10:01:22,2026-08-26 10:04:22,CH,SAP S/4HANA,A,MED-002,Medora Derm Cream,Prescription,Medora,Wholesale,5,24.76,CHF,0.2,123.8,99.04
TXN-CH-2-001300,2026-08-26 20:49:14,2026-08-26 20:51:14,CH,SAP S/4HANA,A,VIT-002,Vitalis Multivit,Supplement,Vitalis,Pharmacy/B2B,2,16.19,CHF,0.0,32.38,32.38
TXN-CH-2-001301,2026-08-26 11:38:42,2026-08-26 11:42:42,CH,SAP S/4HANA,A,PUR-001,PureLife GlucoMonitor,Medical Device,PureLife,D2C,5,80.95,CHF,0.0,404.75,404.75
TXN-CH-2-001302,2026-08-26 06:11:41,2026-08-26 06:15:41,CH,SAP S/4HANA,A,VIT-001,Vitalis C1000,Supplement,Vitalis,Pharmacy/B2B,9,20.0,CHF,0.0,180.0,180.0
TXN-CH-2-001303,2026-08-26 14:18:54,2026-08-26 14:24:54,CH,SAP S/4HANA,A,MED-001,Medora Cardio 10mg,Prescription,Medora,E-commerce,7,40.95,CHF,0.0,286.65,286.65
TXN-CH-2-001304,2026-08-26 06:10:53,2026-08-26 06:12:53,CH,SAP S/4HANA,A,SAN-002,SanaPlus ColdFlu,OTC,SanaPlus,Pharmacy/B2B,9,10.0,CHF,0.0,90.0,90.0
TXN-CH-2-001305,2026-08-26 06:15:07,2026-08-26 06:17:07,CH,SAP S/4HANA,A,PUR-002,PureLife BP Monitor,Medical Device,PureLife,Pharmacy/B2B,7,85.71,CHF,0.2,599.97,479.98
TXN-CH-2-001306,2026-08-26 12:53:33,2026-08-26 12:57:33,CH,SAP S/4HANA,A,MED-002,Medora Derm Cream,Prescription,Medora,E-commerce,12,24.76,CHF,0.0,297.12,297.12
TXN-CH-2-001307,2026-08-26 16:01:39,2026-08-26 16:07:39,CH,SAP S/4HANA,A,VIT-002,Vitalis Multivit,Supplement,Vitalis,Wholesale,2,16.19,CHF,0.15,32.38,27.52
TXN-CH-2-001308,2026-08-26 10:35:39,2026-08-26 10:40:39,CH,SAP S/4HANA,A,SAN-001,SanaPlus PainRelief,OTC,SanaPlus,D2C,5,9.05,CHF,0.0,45.25,45.25
TXN-CH-2-001309,2026-08-26 07:14:20,2026-08-26 07:15:20,CH,SAP S/4HANA,A,MED-001,Medora Cardio 10mg,Prescription,Medora,Wholesale,11,40.95,CHF,0.0,450.45,450.45
TXN-CH-2-001310,2026-08-26 12:16:01,2026-08-26 12:22:01,CH,SAP S/4HANA,A,DER-002,Dermacare LiftCream,Aesthetic,Dermacare,Wholesale,8,35.24,CHF,0.0,281.92,281.92
TXN-CH-2-001311,2026-08-26 04:24:33,2026-08-26 04:30:33,CH,SAP S/4HANA,A,SAN-001,SanaPlus PainRelief,OTC,SanaPlus,Wholesale,12,9.05,CHF,0.2,108.6,86.88
TXN-CH-2-001312,2026-08-26 12:36:34,2026-08-26 12:37:34,CH,SAP S/4HANA,A,PUR-001,PureLife GlucoMonitor,Medical Device,PureLife,E-commerce,2,80.95,CHF,0.05,161.9,153.81
TXN-CH-2-001313,2026-08-26 08:54:05,2026-08-26 08:56:05,CH,SAP S/4HANA,A,VIT-001,Vitalis C1000,Supplement,Vitalis,D2C,4,20.0,CHF,0.2,80.0,64.0
TXN-CH-2-001314,2026-08-26 08:49:08,2026-08-26 08:55:08,CH,SAP S/4HANA,A,DER-001,Dermacare GlowSerum,Aesthetic,Dermacare,E-commerce,1,30.48,CHF,0.0,30.48,30.48
TXN-CH-2-001315,2026-08-26 16:37:48,2026-08-26 16:43:48,CH,SAP S/4HANA,A,SAN-002,SanaPlus ColdFlu,OTC,SanaPlus,Wholesale,12,10.0,CHF,0.1,120.0,108.0
TXN-CH-2-001316,2026-08-26 13:49:33,2026-08-26 13:53:33,CH,SAP S/4HANA,A,MED-001,Medora Cardio 10mg,Prescription,Medora,Wholesale,1,40.95,CHF,0.0,40.95,40.95
TXN-CH-2-001317,2026-08-26 12:15:13,2026-08-26 12:16:13,CH,SAP S/4HANA,A,DER-002,Dermacare LiftCream,Aesthetic,Dermacare,Wholesale,7,35.24,CHF,0.05,246.68,234.35
TXN-CH-2-001318,2026-08-26 01:37:27,2026-08-26 01:41:27,CH,SAP S/4HANA,A,PUR-002,PureLife BP Monitor,Medical Device,PureLife,D2C,1,85.71,CHF,0.1,85.71,77.14
TXN-CH-2-001319,2026-08-26 13:08:40,2026-08-26 13:14:40,CH,SAP S/4HANA,A,VIT-001,Vitalis C1000,Supplement,Vitalis,Wholesale,2,20.0,CHF,0.0,40.0,40.0
TXN-CH-2-001320,2026-08-26 15:19:23,2026-08-26 15:24:23,CH,SAP S/4HANA,A,PUR-002,PureLife BP Monitor,Medical Device,PureLife,Wholesale,6,85.71,CHF,0.0,514.26,514.26
TXN-CH-2-001321,2026-08-26 07:36:58,2026-08-26 07:38:58,CH,SAP S/4HANA,A,DER-001,Dermacare GlowSerum,Aesthetic,Dermacare,D2C,8,30.48,CHF,0.0,243.84,243.84
TXN-CH-2-001322,2026-08-26 03:54:23,2026-08-26 04:00:23,CH,SAP S/4HANA,A,SAN-001,SanaPlus PainRelief,OTC,SanaPlus,Pharmacy/B2B,3,9.05,CHF,0.15,27.15,23.08
TXN-CH-2-001323,2026-08-26 09:54:14,2026-08-26 09:55:14,CH,SAP S/4HANA,A,SAN-001,SanaPlus PainRelief,OTC,SanaPlus,E-commerce,10,9.05,CHF,0.05,90.5,85.97
TXN-CH-2-001324,2026-08-26 18:56:48,2026-08-26 18:59:48,CH,SAP S/4HANA,A,PUR-001,PureLife GlucoMonitor,Medical Device,PureLife,E-commerce,6,80.95,CHF,0.1,485.7,437.13
TXN-CH-2-001325,2026-08-26 14:07:06,2026-08-26 14:08:06,CH,SAP S/4HANA,A,MED-001,Medora Cardio 10mg,Prescription,Medora,Pharmacy/B2B,2,40.95,CHF,0.1,81.9,73.71
TXN-CH-2-001326,2026-08-26 05:39:26,2026-08-26 05:40:26,CH,SAP S/4HANA,A,PUR-001,PureLife GlucoMonitor,Medical Device,PureLife,Wholesale,2,80.95,CHF,0.05,161.9,153.81
TXN-CH-2-001327,2026-08-26 23:01:00,2026-08-26 23:03:00,CH,SAP S/4HANA,A,PUR-001,PureLife GlucoMonitor,Medical Device,PureLife,Pharmacy/B2B,10,80.95,CHF,0.0,809.5,809.5
TXN-CH-2-001328,2026-08-26 21:10:47,2026-08-26 21:16:47,CH,SAP S/4HANA,A,VIT-001,Vitalis C1000,Supplement,Vitalis,Wholesale,2,20.0,CHF,0.1,40.0,36.0
TXN-CH-2-001329,2026-08-26 03:27:43,2026-08-26 03:32:43,CH,SAP S/4HANA,A,PUR-002,PureLife BP Monitor,Medical Device,PureLife,E-commerce,9,85.71,CHF,0.2,771.39,617.11
TXN-CH-2-001330,2026-08-26 03:51:05,2026-08-26 03:56:05,CH,SAP S/4HANA,A,PUR-001,PureLife GlucoMonitor,Medical Device,PureLife,Wholesale,10,80.95,CHF,0.0,809.5,809.5
TXN-CH-2-001331,2026-08-26 03:30:25,2026-08-26 03:34:25,CH,SAP S/4HANA,A,SAN-002,SanaPlus ColdFlu,OTC,SanaPlus,Pharmacy/B2B,2,10.0,CHF,0.2,20.0,16.0
TXN-CH-2-001332,2026-08-26 19:06:17,2026-08-26 19:07:17,CH,SAP S/4HANA,A,DER-002,Dermacare LiftCream,Aesthetic,Dermacare,D2C,8,35.24,CHF,0.05,281.92,267.82
TXN-CH-2-001333,2026-08-26 00:17:23,2026-08-26 00:18:23,CH,SAP S/4HANA,A,PUR-001,PureLife GlucoMonitor,Medical Device,PureLife,Pharmacy/B2B,9,80.95,CHF,0.05,728.55,692.12
TXN-CH-2-001334,2026-08-26 16:00:10,2026-08-26 16:06:10,CH,SAP S/4HANA,A,SAN-002,SanaPlus ColdFlu,OTC,SanaPlus,E-commerce,3,10.0,CHF,0.05,30.0,28.5
TXN-CH-2-001335,2026-08-26 04:46:32,2026-08-26 04:49:32,CH,SAP S/4HANA,A,PUR-002,PureLife BP Monitor,Medical Device,PureLife,Pharmacy/B2B,6,85.71,CHF,0.0,514.26,514.26
TXN-CH-2-001336,2026-08-26 18:52:18,2026-08-26 18:57:18,CH,SAP S/4HANA,A,VIT-002,Vitalis Multivit,Supplement,Vitalis,E-commerce,9,16.19,CHF,0.0,145.71,145.71
TXN-CH-2-001337,2026-08-26 14:41:54,2026-08-26 14:45:54,CH,SAP S/4HANA,A,SAN-002,SanaPlus ColdFlu,OTC,SanaPlus,Pharmacy/B2B,8,10.0,CHF,0.05,80.0,76.0
TXN-CH-2-001338,2026-08-26 07:18:54,2026-08-26 07:19:54,CH,SAP S/4HANA,A,VIT-002,Vitalis Multivit,Supplement,Vitalis,Pharmacy/B2B,10,16.19,CHF,0.2,161.9,129.52
TXN-CH-2-001339,2026-08-26 16:46:49,2026-08-26 16:49:49,CH,SAP S/4HANA,A,PUR-002,PureLife BP Monitor,Medical Device,PureLife,E-commerce,2,85.71,CHF,0.0,171.42,171.42
TXN-CH-2-001340,2026-08-26 11:52:29,2026-08-26 11:54:29,CH,SAP S/4HANA,A,DER-002,Dermacare LiftCream,Aesthetic,Dermacare,Wholesale,3,35.24,CHF,0.2,105.72,84.58
TXN-CH-2-001341,2026-08-26 12:32:51,2026-08-26 12:35:51,CH,SAP S/4HANA,A,PUR-002,PureLife BP Monitor,Medical Device,PureLife,E-commerce,8,85.71,CHF,0.05,685.68,651.4
TXN-CH-2-001342,2026-08-26 13:28:02,2026-08-26 13:29:02,CH,SAP S/4HANA,A,MED-002,Medora Derm Cream,Prescription,Medora,E-commerce,6,24.76,CHF,0.05,148.56,141.13
TXN-CH-2-001343,2026-08-26 15:25:56,2026-08-26 15:31:56,CH,SAP S/4HANA,A,SAN-002,SanaPlus ColdFlu,OTC,SanaPlus,Pharmacy/B2B,7,10.0,CHF,0.0,70.0,70.0
TXN-CH-2-001344,2026-08-26 21:42:17,2026-08-26 21:43:17,CH,SAP S/4HANA,A,DER-002,Dermacare LiftCream,Aesthetic,Dermacare,E-commerce,8,35.24,CHF,0.0,281.92,281.92
TXN-CH-2-001345,2026-08-26 12:00:16,2026-08-26 12:03:16,CH,SAP S/4HANA,A,PUR-001,PureLife GlucoMonitor,Medical Device,PureLife,E-commerce,7,80.95,CHF,0.0,566.65,566.65
TXN-CH-2-001346,2026-08-26 19:28:44,2026-08-26 19:29:44,CH,SAP S/4HANA,A,VIT-002,Vitalis Multivit,Supplement,Vitalis,D2C,2,16.19,CHF,0.0,32.38,32.38
TXN-CH-2-001347,2026-08-26 12:09:04,2026-08-26 12:10:04,CH,SAP S/4HANA,A,VIT-002,Vitalis Multivit,Supplement,Vitalis,E-commerce,5,16.19,CHF,0.05,80.95,76.9
TXN-CH-2-001348,2026-08-26 00:27:02,2026-08-26 00:33:02,CH,SAP S/4HANA,A,DER-002,Dermacare LiftCream,Aesthetic,Dermacare,D2C,10,35.24,CHF,0.05,352.4,334.78
TXN-CH-2-001349,2026-08-26 23:06:31,2026-08-26 23:11:31,CH,SAP S/4HANA,A,DER-002,Dermacare LiftCream,Aesthetic,Dermacare,D2C,8,35.24,CHF,0.0,281.92,281.92
TXN-CH-2-001350,2026-08-26 23:30:36,2026-08-26 23:36:36,CH,SAP S/4HANA,A,SAN-001,SanaPlus PainRelief,OTC,SanaPlus,Wholesale,12,9.05,CHF,0.0,108.6,108.6
TXN-CH-2-001351,2026-08-26 11:05:20,2026-08-26 11:11:20,CH,SAP S/4HANA,A,SAN-001,SanaPlus PainRelief,OTC,SanaPlus,E-commerce,2,9.05,CHF,0.1,18.1,16.29
TXN-CH-2-001352,2026-08-26 17:46:59,2026-08-26 17:48:59,CH,SAP S/4HANA,A,PUR-002,PureLife BP Monitor,Medical Device,PureLife,E-commerce,2,85.71,CHF,0.2,171.42,137.14
TXN-CH-2-001353,2026-08-26 04:37:38,2026-08-26 04:40:38,CH,SAP S/4HANA,A,SAN-002,SanaPlus ColdFlu,OTC,SanaPlus,Wholesale,8,10.0,CHF,0.0,80.0,80.0
TXN-CH-2-001354,2026-08-26 01:27:21,2026-08-26 01:30:21,CH,SAP S/4HANA,A,MED-001,Medora Cardio 10mg,Prescription,Medora,E-commerce,2,40.95,CHF,0.0,81.9,81.9
TXN-CH-2-001355,2026-08-26 02:24:48,2026-08-26 02:26:48,CH,SAP S/4HANA,A,SAN-001,SanaPlus PainRelief,OTC,SanaPlus,Wholesale,6,9.05,CHF,0.0,54.3,54.3
TXN-CH-2-001356,2026-08-26 19:51:34,2026-08-26 19:57:34,CH,SAP S/4HANA,A,DER-001,Dermacare GlowSerum,Aesthetic,Dermacare,D2C,12,30.48,CHF,0.05,365.76,347.47
TXN-CH-2-001357,2026-08-26 22:33:39,2026-08-26 22:38:39,CH,SAP S/4HANA,A,DER-001,Dermacare GlowSerum,Aesthetic,Dermacare,E-commerce,9,30.48,CHF,0.05,274.32,260.6
TXN-CH-2-001358,2026-08-26 09:42:09,2026-08-26 09:45:09,CH,SAP S/4HANA,A,DER-002,Dermacare LiftCream,Aesthetic,Dermacare,Wholesale,2,35.24,CHF,0.0,70.48,70.48
TXN-CH-2-001359,2026-08-26 11:12:40,2026-08-26 11:13:40,CH,SAP S/4HANA,A,VIT-001,Vitalis C1000,Supplement,Vitalis,D2C,12,20.0,CHF,0.0,240.0,240.0
TXN-CH-2-001360,2026-08-26 23:20:44,2026-08-26 23:25:44,CH,SAP S/4HANA,A,VIT-002,Vitalis Multivit,Supplement,Vitalis,D2C,2,16.19,CHF,0.0,32.38,32.38
TXN-CH-2-001361,2026-08-26 15:26:05,2026-08-26 15:29:05,CH,SAP S/4HANA,A,DER-002,Dermacare LiftCream,Aesthetic,Dermacare,E-commerce,10,35.24,CHF,0.15,352.4,299.54
TXN-CH-2-001362,2026-08-26 22:36:05,2026-08-26 22:40:05,CH,SAP S/4HANA,A,DER-001,Dermacare GlowSerum,Aesthetic,Dermacare,Wholesale,6,30.48,CHF,0.05,182.88,173.74
TXN-CH-2-001363,2026-08-26 05:42:58,2026-08-26 05:48:58,CH,SAP S/4HANA,A,MED-001,Medora Cardio 10mg,Prescription,Medora,Wholesale,8,40.95,CHF,0.15,327.6,278.46
TXN-CH-2-001364,2026-08-26 01:47:36,2026-08-26 01:49:36,CH,SAP S/4HANA,A,PUR-002,PureLife BP Monitor,Medical Device,PureLife,E-commerce,4,85.71,CHF,0.05,342.84,325.7
TXN-CH-2-001365,2026-08-26 16:02:30,2026-08-26 16:08:30,CH,SAP S/4HANA,A,DER-002,Dermacare LiftCream,Aesthetic,Dermacare,Wholesale,5,35.24,CHF,0.0,176.2,176.2
TXN-CH-2-001366,2026-08-26 03:27:26,2026-08-26 03:28:26,CH,SAP S/4HANA,A,PUR-001,PureLife GlucoMonitor,Medical Device,PureLife,D2C,4,80.95,CHF,0.1,323.8,291.42
TXN-CH-2-001367,2026-08-26 17:04:48,2026-08-26 17:05:48,CH,SAP S/4HANA,A,MED-002,Medora Derm Cream,Prescription,Medora,E-commerce,12,24.76,CHF,0.0,297.12,297.12
TXN-CH-2-001368,2026-08-26 00:26:44,2026-08-26 00:28:44,CH,SAP S/4HANA,A,SAN-001,SanaPlus PainRelief,OTC,SanaPlus,Pharmacy/B2B,10,9.05,CHF,0.15,90.5,76.92
TXN-CH-2-001369,2026-08-26 08:56:19,2026-08-26 08:59:19,CH,SAP S/4HANA,A,PUR-001,PureLife GlucoMonitor,Medical Device,PureLife,E-commerce,8,80.95,CHF,0.15,647.6,550.46
TXN-CH-2-001370,2026-08-26 04:07:37,2026-08-26 04:11:37,CH,SAP S/4HANA,A,VIT-002,Vitalis Multivit,Supplement,Vitalis,E-commerce,1,16.19,CHF,0.0,16.19,16.19
TXN-CH-2-001371,2026-08-26 02:54:10,2026-08-26 03:00:10,CH,SAP S/4HANA,A,MED-001,Medora Cardio 10mg,Prescription,Medora,Wholesale,7,40.95,CHF,0.05,286.65,272.32
TXN-CH-2-001372,2026-08-26 10:14:48,2026-08-26 10:18:48,CH,SAP S/4HANA,A,SAN-002,SanaPlus ColdFlu,OTC,SanaPlus,Pharmacy/B2B,9,10.0,CHF,0.0,90.0,90.0
TXN-CH-2-001373,2026-08-26 17:17:24,2026-08-26 17:22:24,CH,SAP S/4HANA,A,PUR-001,PureLife GlucoMonitor,Medical Device,PureLife,Wholesale,12,80.95,CHF,0.15,971.4,825.69
TXN-CH-2-001374,2026-08-26 22:39:11,2026-08-26 22:43:11,CH,SAP S/4HANA,A,PUR-001,PureLife GlucoMonitor,Medical Device,PureLife,D2C,6,80.95,CHF,0.2,485.7,388.56
TXN-CH-2-001375,2026-08-26 18:13:30,2026-08-26 18:19:30,CH,SAP S/4HANA,A,DER-002,Dermacare LiftCream,Aesthetic,Dermacare,D2C,8,35.24,CHF,0.15,281.92,239.63
TXN-CH-2-001376,2026-08-26 21:09:09,2026-08-26 21:13:09,CH,SAP S/4HANA,A,MED-002,Medora Derm Cream,Prescription,Medora,Pharmacy/B2B,5,24.76,CHF,0.2,123.8,99.04
TXN-CH-2-001377,2026-08-26 21:48:04,2026-08-26 21:49:04,CH,SAP S/4HANA,A,DER-002,Dermacare LiftCream,Aesthetic,Dermacare,D2C,7,35.24,CHF,0.0,246.68,246.68
TXN-CH-2-001378,2026-08-26 23:34:03,2026-08-26 23:39:03,CH,SAP S/4HANA,A,MED-001,Medora Cardio 10mg,Prescription,Medora,Wholesale,10,40.95,CHF,0.15,409.5,348.07
TXN-CH-2-001379,2026-08-26 06:26:29,2026-08-26 06:28:29,CH,SAP S/4HANA,A,PUR-002,PureLife BP Monitor,Medical Device,PureLife,D2C,2,85.71,CHF,0.0,171.42,171.42
TXN-CH-2-001380,2026-08-26 19:37:15,2026-08-26 19:43:15,CH,SAP S/4HANA,A,VIT-002,Vitalis Multivit,Supplement,Vitalis,E-commerce,8,16.19,CHF,0.15,129.52,110.09
TXN-CH-2-001381,2026-08-26 18:48:50,2026-08-26 18:52:50,CH,SAP S/4HANA,A,DER-001,Dermacare GlowSerum,Aesthetic,Dermacare,Wholesale,9,30.48,CHF,0.15,274.32,233.17
TXN-CH-2-001382,2026-08-26 22:04:47,2026-08-26 22:09:47,CH,SAP S/4HANA,A,PUR-001,PureLife GlucoMonitor,Medical Device,PureLife,D2C,3,80.95,CHF,0.0,242.85,242.85
TXN-CH-2-001383,2026-08-26 00:45:36,2026-08-26 00:47:36,CH,SAP S/4HANA,A,VIT-001,Vitalis C1000,Supplement,Vitalis,Wholesale,6,20.0,CHF,0.0,120.0,120.0
TXN-CH-2-001384,2026-08-26 23:21:19,2026-08-26 23:23:19,CH,SAP S/4HANA,A,MED-001,Medora Cardio 10mg,Prescription,Medora,D2C,3,40.95,CHF,0.0,122.85,122.85
TXN-CH-2-001385,2026-08-26 03:24:52,2026-08-26 03:25:52,CH,SAP S/4HANA,A,SAN-001,SanaPlus PainRelief,OTC,SanaPlus,E-commerce,1,9.05,CHF,0.15,9.05,7.69
TXN-CH-2-001386,2026-08-26 16:07:42,2026-08-26 16:11:42,CH,SAP S/4HANA,A,SAN-002,SanaPlus ColdFlu,OTC,SanaPlus,Pharmacy/B2B,4,10.0,CHF,0.0,40.0,40.0
TXN-CH-2-001387,2026-08-26 12:16:51,2026-08-26 12:18:51,CH,SAP S/4HANA,A,PUR-002,PureLife BP Monitor,Medical Device,PureLife,D2C,10,85.71,CHF,0.0,857.1,857.1
TXN-CH-2-001388,2026-08-26 17:20:40,2026-08-26 17:24:40,CH,SAP S/4HANA,A,MED-001,Medora Cardio 10mg,Prescription,Medora,E-commerce,12,40.95,CHF,0.15,491.4,417.69
TXN-CH-2-001389,2026-08-26 20:44:33,2026-08-26 20:48:33,CH,SAP S/4HANA,A,MED-002,Medora Derm Cream,Prescription,Medora,Pharmacy/B2B,9,24.76,CHF,0.0,222.84,222.84
TXN-CH-2-001390,2026-08-26 23:01:57,2026-08-26 23:07:57,CH,SAP S/4HANA,A,PUR-002,PureLife BP Monitor,Medical Device,PureLife,E-commerce,12,85.71,CHF,0.1,1028.52,925.67
TXN-CH-2-001391,2026-08-26 17:23:53,2026-08-26 17:24:53,CH,SAP S/4HANA,A,SAN-001,SanaPlus PainRelief,OTC,SanaPlus,D2C,4,9.05,CHF,0.1,36.2,32.58
TXN-CH-2-001392,2026-08-26 15:26:35,2026-08-26 15:31:35,CH,SAP S/4HANA,A,DER-002,Dermacare LiftCream,Aesthetic,Dermacare,Wholesale,2,35.24,CHF,0.0,70.48,70.48
TXN-CH-2-001393,2026-08-26 20:40:22,2026-08-26 20:44:22,CH,SAP S/4HANA,A,DER-001,Dermacare GlowSerum,Aesthetic,Dermacare,Wholesale,7,30.48,CHF,0.0,213.36,213.36
TXN-CH-2-001394,2026-08-26 04:08:01,2026-08-26 04:14:01,CH,SAP S/4HANA,A,VIT-002,Vitalis Multivit,Supplement,Vitalis,D2C,5,16.19,CHF,0.15,80.95,68.81
TXN-CH-2-001395,2026-08-26 11:40:56,2026-08-26 11:44:56,CH,SAP S/4HANA,A,MED-002,Medora Derm Cream,Prescription,Medora,D2C,12,24.76,CHF,0.0,297.12,297.12
TXN-CH-2-001396,2026-08-26 04:23:13,2026-08-26 04:26:13,CH,SAP S/4HANA,A,VIT-002,Vitalis Multivit,Supplement,Vitalis,E-commerce,11,16.19,CHF,0.0,178.09,178.09
TXN-CH-2-001397,2026-08-26 20:20:00,2026-08-26 20:26:00,CH,SAP S/4HANA,A,PUR-002,PureLife BP Monitor,Medical Device,PureLife,D2C,4,85.71,CHF,0.0,342.84,342.84
TXN-CH-2-001398,2026-08-26 06:29:23,2026-08-26 06:30:23,CH,SAP S/4HANA,A,MED-001,Medora Cardio 10mg,Prescription,Medora,D2C,10,40.95,CHF,0.0,409.5,409.5
TXN-CH-2-001399,2026-08-26 11:21:09,2026-08-26 11:22:09,CH,SAP S/4HANA,A,MED-001,Medora Cardio 10mg,Prescription,Medora,E-commerce,5,40.95,CHF,0.0,204.75,204.75
TXN-CH-2-001400,2026-08-26 16:25:34,2026-08-26 16:26:34,CH,SAP S/4HANA,A,VIT-002,Vitalis Multivit,Supplement,Vitalis,Wholesale,12,16.19,CHF,0.0,194.28,194.28
TXN-CH-2-001401,2026-08-26 06:40:28,2026-08-26 06:42:28,CH,SAP S/4HANA,A,DER-002,Dermacare LiftCream,Aesthetic,Dermacare,E-commerce,4,35.24,CHF,0.0,140.96,140.96
TXN-CH-2-001402,2026-08-26 07:26:51,2026-08-26 07:29:51,CH,SAP S/4HANA,A,VIT-001,Vitalis C1000,Supplement,Vitalis,D2C,2,20.0,CHF,0.0,40.0,40.0
TXN-CH-2-001403,2026-08-26 22:48:07,2026-08-26 22:52:07,CH,SAP S/4HANA,A,MED-002,Medora Derm Cream,Prescription,Medora,Wholesale,7,24.76,CHF,0.0,173.32,173.32
TXN-CH-2-001404,2026-08-26 02:43:31,2026-08-26 02:47:31,CH,SAP S/4HANA,A,DER-002,Dermacare LiftCream,Aesthetic,Dermacare,D2C,12,35.24,CHF,0.0,422.88,422.88
TXN-CH-2-001405,2026-08-26 23:22:00,2026-08-26 23:27:00,CH,SAP S/4HANA,A,VIT-001,Vitalis C1000,Supplement,Vitalis,Pharmacy/B2B,1,20.0,CHF,0.2,20.0,16.0
TXN-CH-2-001406,2026-08-26 03:46:21,2026-08-26 03:50:21,CH,SAP S/4HANA,A,VIT-001,Vitalis C1000,Supplement,Vitalis,Wholesale,5,20.0,CHF,0.1,100.0,90.0
TXN-CH-2-001407,2026-08-26 04:51:22,2026-08-26 04:52:22,CH,SAP S/4HANA,A,SAN-002,SanaPlus ColdFlu,OTC,SanaPlus,Pharmacy/B2B,8,10.0,CHF,0.2,80.0,64.0
TXN-CH-2-001408,2026-08-26 12:16:22,2026-08-26 12:17:22,CH,SAP S/4HANA,A,DER-002,Dermacare LiftCream,Aesthetic,Dermacare,Wholesale,4,35.24,CHF,0.0,140.96,140.96
TXN-CH-2-001409,2026-08-26 08:11:19,2026-08-26 08:13:19,CH,SAP S/4HANA,A,SAN-001,SanaPlus PainRelief,OTC,SanaPlus,Pharmacy/B2B,11,9.05,CHF,0.2,99.55,79.64
TXN-CH-2-001410,2026-08-26 09:59:31,2026-08-26 10:04:31,CH,SAP S/4HANA,A,DER-001,Dermacare GlowSerum,Aesthetic,Dermacare,Pharmacy/B2B,10,30.48,CHF,0.05,304.8,289.56
TXN-CH-2-001411,2026-08-26 23:26:33,2026-08-26 23:32:33,CH,SAP S/4HANA,A,SAN-002,SanaPlus ColdFlu,OTC,SanaPlus,Pharmacy/B2B,10,10.0,CHF,0.05,100.0,95.0
TXN-CH-2-001412,2026-08-26 14:16:42,2026-08-26 14:18:42,CH,SAP S/4HANA,A,DER-002,Dermacare LiftCream,Aesthetic,Dermacare,Pharmacy/B2B,5,35.24,CHF,0.0,176.2,176.2
TXN-CH-2-001413,2026-08-26 17:37:49,2026-08-26 17:38:49,CH,SAP S/4HANA,A,DER-001,Dermacare GlowSerum,Aesthetic,Dermacare,D2C,12,30.48,CHF,0.1,365.76,329.18
TXN-CH-2-001414,2026-08-26 15:46:58,2026-08-26 15:51:58,CH,SAP S/4HANA,A,DER-001,Dermacare GlowSerum,Aesthetic,Dermacare,E-commerce,4,30.48,CHF,0.05,121.92,115.82
TXN-CH-2-001415,2026-08-26 18:37:25,2026-08-26 18:40:25,CH,SAP S/4HANA,A,DER-002,Dermacare LiftCream,Aesthetic,Dermacare,Wholesale,2,35.24,CHF,0.15,70.48,59.91
TXN-CH-2-001416,2026-08-26 16:51:40,2026-08-26 16:52:40,CH,SAP S/4HANA,A,VIT-001,Vitalis C1000,Supplement,Vitalis,Pharmacy/B2B,10,20.0,CHF,0.1,200.0,180.0
TXN-CH-2-001417,2026-08-26 20:46:47,2026-08-26 20:48:47,CH,SAP S/4HANA,A,PUR-002,PureLife BP Monitor,Medical Device,PureLife,Pharmacy/B2B,8,85.71,CHF,0.05,685.68,651.4
TXN-CH-2-001418,2026-08-26 17:24:48,2026-08-26 17:25:48,CH,SAP S/4HANA,A,DER-002,Dermacare LiftCream,Aesthetic,Dermacare,Pharmacy/B2B,1,35.24,CHF,0.0,35.24,35.24
TXN-CH-2-001419,2026-08-26 06:14:07,2026-08-26 06:20:07,CH,SAP S/4HANA,A,DER-002,Dermacare LiftCream,Aesthetic,Dermacare,Wholesale,3,35.24,CHF,0.15,105.72,89.86
TXN-CH-2-001420,2026-08-26 10:04:20,2026-08-26 10:07:20,CH,SAP S/4HANA,A,SAN-002,SanaPlus ColdFlu,OTC,SanaPlus,E-commerce,8,10.0,CHF,0.1,80.0,72.0
TXN-CH-2-001421,2026-08-26 10:33:59,2026-08-26 10:35:59,CH,SAP S/4HANA,A,MED-001,Medora Cardio 10mg,Prescription,Medora,Pharmacy/B2B,4,40.95,CHF,0.1,163.8,147.42
TXN-CH-2-001422,2026-08-26 19:50:47,2026-08-26 19:54:47,CH,SAP S/4HANA,A,PUR-001,PureLife GlucoMonitor,Medical Device,PureLife,Pharmacy/B2B,7,80.95,CHF,0.2,566.65,453.32
TXN-CH-2-001423,2026-08-26 10:26:36,2026-08-26 10:30:36,CH,SAP S/4HANA,A,SAN-002,SanaPlus ColdFlu,OTC,SanaPlus,D2C,12,10.0,CHF,0.1,120.0,108.0
TXN-CH-2-001424,2026-08-26 03:11:32,2026-08-26 03:17:32,CH,SAP S/4HANA,A,PUR-001,PureLife GlucoMonitor,Medical Device,PureLife,Wholesale,9,80.95,CHF,0.15,728.55,619.27
TXN-CH-2-001425,2026-08-26 11:04:09,2026-08-26 11:09:09,CH,SAP S/4HANA,A,PUR-001,PureLife GlucoMonitor,Medical Device,PureLife,Wholesale,12,80.95,CHF,0.0,971.4,971.4
TXN-CH-2-001426,2026-08-26 21:55:34,2026-08-26 22:01:34,CH,SAP S/4HANA,A,VIT-002,Vitalis Multivit,Supplement,Vitalis,E-commerce,1,16.19,CHF,0.0,16.19,16.19
TXN-CH-2-001427,2026-08-26 21:09:53,2026-08-26 21:11:53,CH,SAP S/4HANA,A,VIT-001,Vitalis C1000,Supplement,Vitalis,Wholesale,9,20.0,CHF,0.2,180.0,144.0
TXN-CH-2-001428,2026-08-26 14:39:37,2026-08-26 14:44:37,CH,SAP S/4HANA,A,DER-002,Dermacare LiftCream,Aesthetic,Dermacare,Pharmacy/B2B,11,35.24,CHF,0.15,387.64,329.49
TXN-CH-2-001429,2026-08-26 07:32:14,2026-08-26 07:36:14,CH,SAP S/4HANA,A,SAN-002,SanaPlus ColdFlu,OTC,SanaPlus,D2C,12,10.0,CHF,0.2,120.0,96.0
TXN-CH-2-001430,2026-08-26 17:52:51,2026-08-26 17:57:51,CH,SAP S/4HANA,A,SAN-002,SanaPlus ColdFlu,OTC,SanaPlus,D2C,6,10.0,CHF,0.05,60.0,57.0
TXN-CH-2-001431,2026-08-26 14:04:22,2026-08-26 14:07:22,CH,SAP S/4HANA,A,VIT-002,Vitalis Multivit,Supplement,Vitalis,Pharmacy/B2B,10,16.19,CHF,0.0,161.9,161.9
TXN-CH-2-001432,2026-08-26 09:29:25,2026-08-26 09:35:25,CH,SAP S/4HANA,A,DER-001,Dermacare GlowSerum,Aesthetic,Dermacare,D2C,4,30.48,CHF,0.0,121.92,121.92
TXN-CH-2-001433,2026-08-26 18:23:46,2026-08-26 18:24:46,CH,SAP S/4HANA,A,VIT-002,Vitalis Multivit,Supplement,Vitalis,E-commerce,3,16.19,CHF,0.0,48.57,48.57
TXN-CH-2-001434,2026-08-26 12:35:52,2026-08-26 12:39:52,CH,SAP S/4HANA,A,SAN-002,SanaPlus ColdFlu,OTC,SanaPlus,Pharmacy/B2B,5,10.0,CHF,0.0,50.0,50.0
TXN-CH-2-001435,2026-08-26 05:01:44,2026-08-26 05:03:44,CH,SAP S/4HANA,A,DER-001,Dermacare GlowSerum,Aesthetic,Dermacare,Wholesale,5,30.48,CHF,0.2,152.4,121.92
TXN-CH-2-001436,2026-08-26 08:41:04,2026-08-26 08:47:04,CH,SAP S/4HANA,A,SAN-002,SanaPlus ColdFlu,OTC,SanaPlus,Pharmacy/B2B,10,10.0,CHF,0.0,100.0,100.0
TXN-CH-2-001437,2026-08-26 11:28:33,2026-08-26 11:31:33,CH,SAP S/4HANA,A,DER-002,Dermacare LiftCream,Aesthetic,Dermacare,E-commerce,2,35.24,CHF,0.0,70.48,70.48
TXN-CH-2-001438,2026-08-26 20:45:25,2026-08-26 20:47:25,CH,SAP S/4HANA,A,DER-001,Dermacare GlowSerum,Aesthetic,Dermacare,Wholesale,3,30.48,CHF,0.0,91.44,91.44
TXN-CH-2-001439,2026-08-26 23:56:44,2026-08-26 23:59:44,CH,SAP S/4HANA,A,DER-002,Dermacare LiftCream,Aesthetic,Dermacare,Wholesale,7,35.24,CHF,0.0,246.68,246.68
TXN-CH-2-001440,2026-08-26 07:20:02,2026-08-26 07:25:02,CH,SAP S/4HANA,A,VIT-001,Vitalis C1000,Supplement,Vitalis,Pharmacy/B2B,8,20.0,CHF,0.0,160.0,160.0
TXN-CH-2-001441,2026-08-26 02:12:57,2026-08-26 02:13:57,CH,SAP S/4HANA,A,VIT-001,Vitalis C1000,Supplement,Vitalis,D2C,6,20.0,CHF,0.1,120.0,108.0
TXN-CH-2-001442,2026-08-26 19:13:49,2026-08-26 19:19:49,CH,SAP S/4HANA,A,DER-001,Dermacare GlowSerum,Aesthetic,Dermacare,D2C,2,30.48,CHF,0.15,60.96,51.82
TXN-CH-2-001443,2026-08-26 16:44:30,2026-08-26 16:50:30,CH,SAP S/4HANA,A,PUR-002,PureLife BP Monitor,Medical Device,PureLife,E-commerce,10,85.71,CHF,0.1,857.1,771.39
TXN-CH-2-001444,2026-08-26 14:10:05,2026-08-26 14:15:05,CH,SAP S/4HANA,A,DER-002,Dermacare LiftCream,Aesthetic,Dermacare,E-commerce,11,35.24,CHF,0.2,387.64,310.11
TXN-CH-2-001445,2026-08-26 23:17:20,2026-08-26 23:19:20,CH,SAP S/4HANA,A,PUR-002,PureLife BP Monitor,Medical Device,PureLife,E-commerce,4,85.71,CHF,0.1,342.84,308.56
TXN-CH-2-001446,2026-08-26 07:07:29,2026-08-26 07:13:29,CH,SAP S/4HANA,A,VIT-002,Vitalis Multivit,Supplement,Vitalis,Wholesale,7,16.19,CHF,0.1,113.33,102.0
TXN-CH-2-001447,2026-08-26 18:39:17,2026-08-26 18:41:17,CH,SAP S/4HANA,A,PUR-001,PureLife GlucoMonitor,Medical Device,PureLife,Wholesale,9,80.95,CHF,0.1,728.55,655.69
TXN-CH-2-001448,2026-08-26 19:16:19,2026-08-26 19:18:19,CH,SAP S/4HANA,A,SAN-002,SanaPlus ColdFlu,OTC,SanaPlus,Pharmacy/B2B,8,10.0,CHF,0.0,80.0,80.0
TXN-CH-2-001449,2026-08-26 20:17:24,2026-08-26 20:23:24,CH,SAP S/4HANA,A,DER-001,Dermacare GlowSerum,Aesthetic,Dermacare,Pharmacy/B2B,7,30.48,CHF,0.0,213.36,213.36
TXN-CH-2-001450,2026-08-26 06:34:23,2026-08-26 06:40:23,CH,SAP S/4HANA,A,VIT-001,Vitalis C1000,Supplement,Vitalis,E-commerce,6,20.0,CHF,0.0,120.0,120.0
TXN-CH-2-001451,2026-08-26 17:52:56,2026-08-26 17:58:56,CH,SAP S/4HANA,A,PUR-002,PureLife BP Monitor,Medical Device,PureLife,E-commerce,8,85.71,CHF,0.1,685.68,617.11
TXN-CH-2-001452,2026-08-26 17:51:29,2026-08-26 17:53:29,CH,SAP S/4HANA,A,SAN-002,SanaPlus ColdFlu,OTC,SanaPlus,E-commerce,2,10.0,CHF,0.1,20.0,18.0
TXN-CH-2-001453,2026-08-26 21:58:39,2026-08-26 22:03:39,CH,SAP S/4HANA,A,MED-001,Medora Cardio 10mg,Prescription,Medora,Wholesale,9,40.95,CHF,0.0,368.55,368.55
TXN-CH-2-001454,2026-08-26 21:43:47,2026-08-26 21:47:47,CH,SAP S/4HANA,A,MED-001,Medora Cardio 10mg,Prescription,Medora,E-commerce,4,40.95,CHF,0.0,163.8,163.8
TXN-CH-2-001455,2026-08-26 06:25:35,2026-08-26 06:30:35,CH,SAP S/4HANA,A,PUR-002,PureLife BP Monitor,Medical Device,PureLife,D2C,1,85.71,CHF,0.1,85.71,77.14
TXN-CH-2-001456,2026-08-26 14:22:02,2026-08-26 14:26:02,CH,SAP S/4HANA,A,VIT-001,Vitalis C1000,Supplement,Vitalis,E-commerce,7,20.0,CHF,0.15,140.0,119.0
TXN-CH-2-001457,2026-08-26 22:58:49,2026-08-26 23:02:49,CH,SAP S/4HANA,A,VIT-001,Vitalis C1000,Supplement,Vitalis,Pharmacy/B2B,1,20.0,CHF,0.05,20.0,19.0
TXN-CH-2-001458,2026-08-26 14:42:53,2026-08-26 14:46:53,CH,SAP S/4HANA,A,DER-002,Dermacare LiftCream,Aesthetic,Dermacare,Wholesale,9,35.24,CHF,0.2,317.16,253.73
TXN-CH-2-001459,2026-08-26 15:02:53,2026-08-26 15:06:53,CH,SAP S/4HANA,A,VIT-002,Vitalis Multivit,Supplement,Vitalis,Wholesale,2,16.19,CHF,0.1,32.38,29.14
TXN-CH-2-001460,2026-08-26 02:27:41,2026-08-26 02:32:41,CH,SAP S/4HANA,A,MED-001,Medora Cardio 10mg,Prescription,Medora,D2C,11,40.95,CHF,0.1,450.45,405.4
TXN-CH-2-001461,2026-08-26 15:56:29,2026-08-26 15:59:29,CH,SAP S/4HANA,A,DER-001,Dermacare GlowSerum,Aesthetic,Dermacare,E-commerce,4,30.48,CHF,0.0,121.92,121.92
TXN-CH-2-001462,2026-08-26 13:09:49,2026-08-26 13:11:49,CH,SAP S/4HANA,A,DER-002,Dermacare LiftCream,Aesthetic,Dermacare,D2C,1,35.24,CHF,0.15,35.24,29.95
TXN-CH-2-001463,2026-08-26 15:27:15,2026-08-26 15:29:15,CH,SAP S/4HANA,A,SAN-001,SanaPlus PainRelief,OTC,SanaPlus,E-commerce,7,9.05,CHF,0.0,63.35,63.35
TXN-CH-2-001464,2026-08-26 02:00:52,2026-08-26 02:06:52,CH,SAP S/4HANA,A,VIT-002,Vitalis Multivit,Supplement,Vitalis,E-commerce,3,16.19,CHF,0.0,48.57,48.57
TXN-CH-2-001465,2026-08-26 20:14:49,2026-08-26 20:20:49,CH,SAP S/4HANA,A,DER-002,Dermacare LiftCream,Aesthetic,Dermacare,Wholesale,4,35.24,CHF,0.05,140.96,133.91
TXN-CH-2-001466,2026-08-26 12:44:59,2026-08-26 12:45:59,CH,SAP S/4HANA,A,PUR-001,PureLife GlucoMonitor,Medical Device,PureLife,D2C,10,80.95,CHF,0.0,809.5,809.5
TXN-CH-2-001467,2026-08-26 22:21:32,2026-08-26 22:26:32,CH,SAP S/4HANA,A,DER-001,Dermacare GlowSerum,Aesthetic,Dermacare,Wholesale,2,30.48,CHF,0.0,60.96,60.96
TXN-CH-2-001468,2026-08-26 05:08:31,2026-08-26 05:13:31,CH,SAP S/4HANA,A,SAN-001,SanaPlus PainRelief,OTC,SanaPlus,Pharmacy/B2B,7,9.05,CHF,0.0,63.35,63.35
TXN-CH-2-001469,2026-08-26 13:15:53,2026-08-26 13:19:53,CH,SAP S/4HANA,A,VIT-001,Vitalis C1000,Supplement,Vitalis,D2C,8,20.0,CHF,0.05,160.0,152.0
TXN-CH-2-001470,2026-08-26 07:25:24,2026-08-26 07:30:24,CH,SAP S/4HANA,A,PUR-001,PureLife GlucoMonitor,Medical Device,PureLife,D2C,8,80.95,CHF,0.2,647.6,518.08
TXN-CH-2-001471,2026-08-26 05:22:03,2026-08-26 05:26:03,CH,SAP S/4HANA,A,PUR-001,PureLife GlucoMonitor,Medical Device,PureLife,D2C,1,80.95,CHF,0.0,80.95,80.95
TXN-CH-2-001472,2026-08-26 16:55:58,2026-08-26 16:57:58,CH,SAP S/4HANA,A,PUR-001,PureLife GlucoMonitor,Medical Device,PureLife,D2C,4,80.95,CHF,0.1,323.8,291.42
TXN-CH-2-001473,2026-08-26 23:36:18,2026-08-26 23:42:18,CH,SAP S/4HANA,A,SAN-002,SanaPlus ColdFlu,OTC,SanaPlus,Pharmacy/B2B,1,10.0,CHF,0.1,10.0,9.0
TXN-CH-2-001474,2026-08-26 22:38:35,2026-08-26 22:43:35,CH,SAP S/4HANA,A,PUR-001,PureLife GlucoMonitor,Medical Device,PureLife,Wholesale,7,80.95,CHF,0.15,566.65,481.65
TXN-CH-2-001475,2026-08-26 20:41:47,2026-08-26 20:43:47,CH,SAP S/4HANA,A,SAN-001,SanaPlus PainRelief,OTC,SanaPlus,D2C,12,9.05,CHF,0.0,108.6,108.6
TXN-CH-2-001476,2026-08-26 11:53:45,2026-08-26 11:54:45,CH,SAP S/4HANA,A,SAN-001,SanaPlus PainRelief,OTC,SanaPlus,Pharmacy/B2B,5,9.05,CHF,0.1,45.25,40.73
TXN-CH-2-001477,2026-08-26 17:00:32,2026-08-26 17:06:32,CH,SAP S/4HANA,A,VIT-002,Vitalis Multivit,Supplement,Vitalis,D2C,12,16.19,CHF,0.1,194.28,174.85
TXN-CH-2-001478,2026-08-26 17:45:33,2026-08-26 17:48:33,CH,SAP S/4HANA,A,SAN-001,SanaPlus PainRelief,OTC,SanaPlus,E-commerce,5,9.05,CHF,0.2,45.25,36.2
TXN-CH-2-001479,2026-08-26 11:42:31,2026-08-26 11:44:31,CH,SAP S/4HANA,A,DER-001,Dermacare GlowSerum,Aesthetic,Dermacare,D2C,10,30.48,CHF,0.1,304.8,274.32
TXN-CH-2-001480,2026-08-26 14:15:47,2026-08-26 14:16:47,CH,SAP S/4HANA,A,MED-001,Medora Cardio 10mg,Prescription,Medora,Wholesale,8,40.95,CHF,0.15,327.6,278.46
TXN-CH-2-001481,2026-08-26 20:53:38,2026-08-26 20:58:38,CH,SAP S/4HANA,A,DER-002,Dermacare LiftCream,Aesthetic,Dermacare,Wholesale,3,35.24,CHF,0.0,105.72,105.72
TXN-CH-2-001482,2026-08-26 05:51:03,2026-08-26 05:53:03,CH,SAP S/4HANA,A,DER-001,Dermacare GlowSerum,Aesthetic,Dermacare,D2C,7,30.48,CHF,0.15,213.36,181.36
TXN-CH-2-001483,2026-08-26 03:04:45,2026-08-26 03:07:45,CH,SAP S/4HANA,A,VIT-002,Vitalis Multivit,Supplement,Vitalis,E-commerce,1,16.19,CHF,0.0,16.19,16.19
TXN-CH-2-001484,2026-08-26 05:22:47,2026-08-26 05:26:47,CH,SAP S/4HANA,A,MED-001,Medora Cardio 10mg,Prescription,Medora,E-commerce,8,40.95,CHF,0.2,327.6,262.08
TXN-CH-2-001485,2026-08-26 13:13:40,2026-08-26 13:19:40,CH,SAP S/4HANA,A,MED-001,Medora Cardio 10mg,Prescription,Medora,Wholesale,7,40.95,CHF,0.2,286.65,229.32
TXN-CH-2-001486,2026-08-26 22:15:50,2026-08-26 22:19:50,CH,SAP S/4HANA,A,DER-001,Dermacare GlowSerum,Aesthetic,Dermacare,E-commerce,9,30.48,CHF,0.15,274.32,233.17
TXN-CH-2-001487,2026-08-26 01:24:32,2026-08-26 01:27:32,CH,SAP S/4HANA,A,MED-002,Medora Derm Cream,Prescription,Medora,D2C,6,24.76,CHF,0.0,148.56,148.56
TXN-CH-2-001488,2026-08-26 20:10:25,2026-08-26 20:14:25,CH,SAP S/4HANA,A,PUR-002,PureLife BP Monitor,Medical Device,PureLife,Pharmacy/B2B,2,85.71,CHF,0.05,171.42,162.85
TXN-CH-2-001489,2026-08-26 18:46:36,2026-08-26 18:47:36,CH,SAP S/4HANA,A,VIT-001,Vitalis C1000,Supplement,Vitalis,Pharmacy/B2B,8,20.0,CHF,0.0,160.0,160.0
TXN-CH-2-001490,2026-08-26 00:13:58,2026-08-26 00:14:58,CH,SAP S/4HANA,A,MED-001,Medora Cardio 10mg,Prescription,Medora,Wholesale,10,40.95,CHF,0.2,409.5,327.6
TXN-CH-2-001491,2026-08-26 22:29:33,2026-08-26 22:35:33,CH,SAP S/4HANA,A,MED-002,Medora Derm Cream,Prescription,Medora,D2C,6,24.76,CHF,0.1,148.56,133.7
TXN-CH-2-001492,2026-08-26 12:36:42,2026-08-26 12:41:42,CH,SAP S/4HANA,A,VIT-002,Vitalis Multivit,Supplement,Vitalis,E-commerce,3,16.19,CHF,0.2,48.57,38.86
TXN-CH-2-001493,2026-08-26 09:24:24,2026-08-26 09:27:24,CH,SAP S/4HANA,A,SAN-002,SanaPlus ColdFlu,OTC,SanaPlus,D2C,7,10.0,CHF,0.0,70.0,70.0
TXN-CH-2-001494,2026-08-26 06:39:11,2026-08-26 06:41:11,CH,SAP S/4HANA,A,VIT-001,Vitalis C1000,Supplement,Vitalis,E-commerce,2,20.0,CHF,0.0,40.0,40.0
TXN-CH-2-001495,2026-08-26 19:31:05,2026-08-26 19:36:05,CH,SAP S/4HANA,A,SAN-001,SanaPlus PainRelief,OTC,SanaPlus,D2C,2,9.05,CHF,0.0,18.1,18.1
TXN-CH-2-001496,2026-08-26 22:38:33,2026-08-26 22:43:33,CH,SAP S/4HANA,A,PUR-002,PureLife BP Monitor,Medical Device,PureLife,D2C,11,85.71,CHF,0.0,942.81,942.81
TXN-CH-2-001497,2026-08-26 16:16:58,2026-08-26 16:20:58,CH,SAP S/4HANA,A,PUR-002,PureLife BP Monitor,Medical Device,PureLife,E-commerce,4,85.71,CHF,0.0,342.84,342.84
TXN-CH-2-001498,2026-08-26 08:40:56,2026-08-26 08:45:56,CH,SAP S/4HANA,A,MED-002,Medora Derm Cream,Prescription,Medora,D2C,7,24.76,CHF,0.1,173.32,155.99
TXN-CH-2-001499,2026-08-26 11:54:39,2026-08-26 11:59:39,CH,SAP S/4HANA,A,MED-001,Medora Cardio 10mg,Prescription,Medora,Wholesale,1,40.95,CHF,0.0,40.95,40.95
TXN-CH-2-001500,2026-08-26 15:51:02,2026-08-26 15:56:02,CH,SAP S/4HANA,A,SAN-002,SanaPlus ColdFlu,OTC,SanaPlus,Pharmacy/B2B,1,10.0,CHF,0.2,10.0,8.0
TXN-CH-2-001501,2026-08-26 15:42:22,2026-08-26 15:44:22,CH,SAP S/4HANA,A,DER-001,Dermacare GlowSerum,Aesthetic,Dermacare,Pharmacy/B2B,11,30.48,CHF,0.2,335.28,268.22
TXN-CH-2-001502,2026-08-26 02:19:09,2026-08-26 02:21:09,CH,SAP S/4HANA,A,PUR-001,PureLife GlucoMonitor,Medical Device,PureLife,Wholesale,5,80.95,CHF,0.0,404.75,404.75
TXN-CH-2-001503,2026-08-26 18:17:42,2026-08-26 18:23:42,CH,SAP S/4HANA,A,MED-002,Medora Derm Cream,Prescription,Medora,Pharmacy/B2B,8,24.76,CHF,0.2,198.08,158.46
TXN-CH-2-001504,2026-08-26 06:56:41,2026-08-26 06:57:41,CH,SAP S/4HANA,A,DER-001,Dermacare GlowSerum,Aesthetic,Dermacare,E-commerce,9,30.48,CHF,0.0,274.32,274.32
TXN-CH-2-001505,2026-08-26 02:31:16,2026-08-26 02:34:16,CH,SAP S/4HANA,A,SAN-002,SanaPlus ColdFlu,OTC,SanaPlus,E-commerce,9,10.0,CHF,0.05,90.0,85.5
TXN-CH-2-001506,2026-08-26 18:54:44,2026-08-26 18:59:44,CH,SAP S/4HANA,A,PUR-002,PureLife BP Monitor,Medical Device,PureLife,Wholesale,3,85.71,CHF,0.1,257.13,231.42
TXN-CH-2-001507,2026-08-26 20:58:54,2026-08-26 21:00:54,CH,SAP S/4HANA,A,MED-001,Medora Cardio 10mg,Prescription,Medora,E-commerce,9,40.95,CHF,0.0,368.55,368.55
TXN-CH-2-001508,2026-08-26 02:03:13,2026-08-26 02:06:13,CH,SAP S/4HANA,A,VIT-001,Vitalis C1000,Supplement,Vitalis,Pharmacy/B2B,9,20.0,CHF,0.0,180.0,180.0
TXN-CH-2-001509,2026-08-26 01:43:24,2026-08-26 01:46:24,CH,SAP S/4HANA,A,DER-001,Dermacare GlowSerum,Aesthetic,Dermacare,Pharmacy/B2B,9,30.48,CHF,0.0,274.32,274.32
TXN-CH-2-001510,2026-08-26 03:53:23,2026-08-26 03:58:23,CH,SAP S/4HANA,A,MED-002,Medora Derm Cream,Prescription,Medora,E-commerce,11,24.76,CHF,0.05,272.36,258.74
TXN-CH-2-001511,2026-08-26 01:56:36,2026-08-26 01:59:36,CH,SAP S/4HANA,A,PUR-001,PureLife GlucoMonitor,Medical Device,PureLife,D2C,12,80.95,CHF,0.1,971.4,874.26
TXN-CH-2-001512,2026-08-26 20:39:11,2026-08-26 20:43:11,CH,SAP S/4HANA,A,SAN-002,SanaPlus ColdFlu,OTC,SanaPlus,D2C,10,10.0,CHF,0.1,100.0,90.0
TXN-CH-2-001513,2026-08-26 02:28:27,2026-08-26 02:33:27,CH,SAP S/4HANA,A,SAN-001,SanaPlus PainRelief,OTC,SanaPlus,D2C,1,9.05,CHF,0.1,9.05,8.15
TXN-CH-2-001514,2026-08-26 08:48:14,2026-08-26 08:53:14,CH,SAP S/4HANA,A,DER-001,Dermacare GlowSerum,Aesthetic,Dermacare,D2C,5,30.48,CHF,0.05,152.4,144.78
TXN-CH-2-001515,2026-08-26 02:31:34,2026-08-26 02:36:34,CH,SAP S/4HANA,A,VIT-001,Vitalis C1000,Supplement,Vitalis,Wholesale,11,20.0,CHF,0.2,220.0,176.0
TXN-CH-2-001516,2026-08-26 01:52:22,2026-08-26 01:58:22,CH,SAP S/4HANA,A,SAN-002,SanaPlus ColdFlu,OTC,SanaPlus,D2C,9,10.0,CHF,0.05,90.0,85.5
TXN-CH-2-001517,2026-08-26 11:08:35,2026-08-26 11:13:35,CH,SAP S/4HANA,A,DER-002,Dermacare LiftCream,Aesthetic,Dermacare,Pharmacy/B2B,6,35.24,CHF,0.05,211.44,200.87
TXN-CH-2-001518,2026-08-26 13:51:21,2026-08-26 13:53:21,CH,SAP S/4HANA,A,VIT-002,Vitalis Multivit,Supplement,Vitalis,Pharmacy/B2B,12,16.19,CHF,0.0,194.28,194.28
TXN-CH-2-001519,2026-08-26 13:31:36,2026-08-26 13:35:36,CH,SAP S/4HANA,A,MED-001,Medora Cardio 10mg,Prescription,Medora,D2C,5,40.95,CHF,0.15,204.75,174.04
TXN-CH-2-001520,2026-08-26 14:14:53,2026-08-26 14:15:53,CH,SAP S/4HANA,A,SAN-002,SanaPlus ColdFlu,OTC,SanaPlus,Pharmacy/B2B,2,10.0,CHF,0.0,20.0,20.0
TXN-CH-2-001521,2026-08-26 08:03:09,2026-08-26 08:06:09,CH,SAP S/4HANA,A,MED-001,Medora Cardio 10mg,Prescription,Medora,Wholesale,7,40.95,CHF,0.15,286.65,243.65
TXN-CH-2-001522,2026-08-26 13:39:08,2026-08-26 13:43:08,CH,SAP S/4HANA,A,DER-001,Dermacare GlowSerum,Aesthetic,Dermacare,Pharmacy/B2B,6,30.48,CHF,0.0,182.88,182.88
TXN-CH-2-001523,2026-08-26 12:42:11,2026-08-26 12:47:11,CH,SAP S/4HANA,A,MED-001,Medora Cardio 10mg,Prescription,Medora,D2C,11,40.95,CHF,0.0,450.45,450.45
TXN-CH-2-001524,2026-08-26 16:40:00,2026-08-26 16:44:00,CH,SAP S/4HANA,A,SAN-002,SanaPlus ColdFlu,OTC,SanaPlus,Wholesale,9,10.0,CHF,0.1,90.0,81.0
TXN-CH-2-001525,2026-08-26 07:44:46,2026-08-26 07:48:46,CH,SAP S/4HANA,A,PUR-002,PureLife BP Monitor,Medical Device,PureLife,E-commerce,10,85.71,CHF,0.0,857.1,857.1
TXN-CH-2-001526,2026-08-26 21:54:44,2026-08-26 21:57:44,CH,SAP S/4HANA,A,DER-002,Dermacare LiftCream,Aesthetic,Dermacare,D2C,4,35.24,CHF,0.05,140.96,133.91
TXN-CH-2-001527,2026-08-26 05:31:58,2026-08-26 05:36:58,CH,SAP S/4HANA,A,PUR-002,PureLife BP Monitor,Medical Device,PureLife,Pharmacy/B2B,12,85.71,CHF,0.0,1028.52,1028.52
TXN-CH-2-001528,2026-08-26 11:51:17,2026-08-26 11:53:17,CH,SAP S/4HANA,A,MED-002,Medora Derm Cream,Prescription,Medora,Wholesale,1,24.76,CHF,0.1,24.76,22.28
TXN-CH-2-001529,2026-08-26 04:32:31,2026-08-26 04:33:31,CH,SAP S/4HANA,A,VIT-001,Vitalis C1000,Supplement,Vitalis,Wholesale,7,20.0,CHF,0.2,140.0,112.0
TXN-CH-2-001530,2026-08-26 09:54:10,2026-08-26 09:58:10,CH,SAP S/4HANA,A,MED-002,Medora Derm Cream,Prescription,Medora,D2C,3,24.76,CHF,0.0,74.28,74.28
TXN-CH-2-001531,2026-08-26 23:45:00,2026-08-26 23:47:00,CH,SAP S/4HANA,A,VIT-001,Vitalis C1000,Supplement,Vitalis,Pharmacy/B2B,2,20.0,CHF,0.0,40.0,40.0
TXN-CH-2-001532,2026-08-26 23:01:22,2026-08-26 23:06:22,CH,SAP S/4HANA,A,MED-001,Medora Cardio 10mg,Prescription,Medora,E-commerce,7,40.95,CHF,0.15,286.65,243.65
TXN-CH-2-001533,2026-08-26 15:09:55,2026-08-26 15:15:55,CH,SAP S/4HANA,A,VIT-001,Vitalis C1000,Supplement,Vitalis,E-commerce,8,20.0,CHF,0.05,160.0,152.0
TXN-CH-2-001534,2026-08-26 06:59:45,2026-08-26 07:05:45,CH,SAP S/4HANA,A,PUR-001,PureLife GlucoMonitor,Medical Device,PureLife,Pharmacy/B2B,4,80.95,CHF,0.2,323.8,259.04
TXN-CH-2-001535,2026-08-26 09:04:39,2026-08-26 09:05:39,CH,SAP S/4HANA,A,PUR-002,PureLife BP Monitor,Medical Device,PureLife,E-commerce,2,85.71,CHF,0.0,171.42,171.42
TXN-CH-2-001536,2026-08-26 13:28:15,2026-08-26 13:30:15,CH,SAP S/4HANA,A,VIT-002,Vitalis Multivit,Supplement,Vitalis,Wholesale,9,16.19,CHF,0.2,145.71,116.57
TXN-CH-2-001537,2026-08-26 00:28:32,2026-08-26 00:30:32,CH,SAP S/4HANA,A,SAN-001,SanaPlus PainRelief,OTC,SanaPlus,Wholesale,4,9.05,CHF,0.2,36.2,28.96
TXN-CH-2-001538,2026-08-26 07:08:21,2026-08-26 07:14:21,CH,SAP S/4HANA,A,VIT-001,Vitalis C1000,Supplement,Vitalis,Wholesale,5,20.0,CHF,0.15,100.0,85.0
TXN-CH-2-001539,2026-08-26 05:35:07,2026-08-26 05:38:07,CH,SAP S/4HANA,A,DER-001,Dermacare GlowSerum,Aesthetic,Dermacare,D2C,7,30.48,CHF,0.1,213.36,192.02
TXN-CH-2-001540,2026-08-26 14:17:50,2026-08-26 14:21:50,CH,SAP S/4HANA,A,PUR-001,PureLife GlucoMonitor,Medical Device,PureLife,Pharmacy/B2B,12,80.95,CHF,0.15,971.4,825.69
TXN-CH-2-001541,2026-08-26 12:08:53,2026-08-26 12:13:53,CH,SAP S/4HANA,A,MED-001,Medora Cardio 10mg,Prescription,Medora,Pharmacy/B2B,1,40.95,CHF,0.15,40.95,34.81
TXN-CH-2-001542,2026-08-26 13:07:06,2026-08-26 13:12:06,CH,SAP S/4HANA,A,PUR-002,PureLife BP Monitor,Medical Device,PureLife,D2C,12,85.71,CHF,0.2,1028.52,822.82
TXN-CH-2-001543,2026-08-26 07:50:09,2026-08-26 07:55:09,CH,SAP S/4HANA,A,MED-002,Medora Derm Cream,Prescription,Medora,D2C,8,24.76,CHF,0.2,198.08,158.46
TXN-CH-2-001544,2026-08-26 13:33:40,2026-08-26 13:34:40,CH,SAP S/4HANA,A,MED-002,Medora Derm Cream,Prescription,Medora,D2C,5,24.76,CHF,0.0,123.8,123.8
TXN-CH-2-001545,2026-08-26 19:47:17,2026-08-26 19:53:17,CH,SAP S/4HANA,A,SAN-002,SanaPlus ColdFlu,OTC,SanaPlus,Wholesale,9,10.0,CHF,0.0,90.0,90.0
TXN-CH-2-001546,2026-08-26 20:22:56,2026-08-26 20:28:56,CH,SAP S/4HANA,A,MED-001,Medora Cardio 10mg,Prescription,Medora,Wholesale,8,40.95,CHF,0.1,327.6,294.84
TXN-CH-2-001547,2026-08-26 09:57:59,2026-08-26 10:02:59,CH,SAP S/4HANA,A,MED-002,Medora Derm Cream,Prescription,Medora,D2C,9,24.76,CHF,0.1,222.84,200.56
TXN-CH-2-001548,2026-08-26 04:10:02,2026-08-26 04:13:02,CH,SAP S/4HANA,A,MED-002,Medora Derm Cream,Prescription,Medora,D2C,5,24.76,CHF,0.05,123.8,117.61
TXN-CH-2-001549,2026-08-26 14:47:40,2026-08-26 14:48:40,CH,SAP S/4HANA,A,PUR-002,PureLife BP Monitor,Medical Device,PureLife,D2C,5,85.71,CHF,0.0,428.55,428.55
TXN-CH-2-001550,2026-08-26 16:32:05,2026-08-26 16:33:05,CH,SAP S/4HANA,A,MED-001,Medora Cardio 10mg,Prescription,Medora,Pharmacy/B2B,7,40.95,CHF,0.0,286.65,286.65
TXN-CH-2-001551,2026-08-26 15:06:38,2026-08-26 15:08:38,CH,SAP S/4HANA,A,DER-001,Dermacare GlowSerum,Aesthetic,Dermacare,Wholesale,7,30.48,CHF,0.1,213.36,192.02
TXN-CH-2-001552,2026-08-26 20:08:40,2026-08-26 20:11:40,CH,SAP S/4HANA,A,SAN-001,SanaPlus PainRelief,OTC,SanaPlus,D2C,11,9.05,CHF,0.0,99.55,99.55
TXN-CH-2-001553,2026-08-26 08:33:14,2026-08-26 08:39:14,CH,SAP S/4HANA,A,DER-001,Dermacare GlowSerum,Aesthetic,Dermacare,E-commerce,8,30.48,CHF,0.2,243.84,195.07
TXN-CH-2-001554,2026-08-26 18:04:08,2026-08-26 18:08:08,CH,SAP S/4HANA,A,DER-001,Dermacare GlowSerum,Aesthetic,Dermacare,D2C,10,30.48,CHF,0.1,304.8,274.32
TXN-CH-2-001555,2026-08-26 12:49:22,2026-08-26 12:54:22,CH,SAP S/4HANA,A,PUR-002,PureLife BP Monitor,Medical Device,PureLife,Pharmacy/B2B,3,85.71,CHF,0.15,257.13,218.56
TXN-CH-2-001556,2026-08-26 08:19:27,2026-08-26 08:22:27,CH,SAP S/4HANA,A,SAN-001,SanaPlus PainRelief,OTC,SanaPlus,E-commerce,4,9.05,CHF,0.2,36.2,28.96
TXN-CH-2-001557,2026-08-26 20:25:37,2026-08-26 20:26:37,CH,SAP S/4HANA,A,DER-001,Dermacare GlowSerum,Aesthetic,Dermacare,E-commerce,3,30.48,CHF,0.05,91.44,86.87
TXN-CH-2-001558,2026-08-26 15:37:15,2026-08-26 15:40:15,CH,SAP S/4HANA,A,PUR-001,PureLife GlucoMonitor,Medical Device,PureLife,D2C,10,80.95,CHF,0.15,809.5,688.07
TXN-CH-2-001559,2026-08-26 03:55:18,2026-08-26 04:00:18,CH,SAP S/4HANA,A,DER-001,Dermacare GlowSerum,Aesthetic,Dermacare,Pharmacy/B2B,5,30.48,CHF,0.05,152.4,144.78
TXN-CH-2-001560,2026-08-26 05:49:53,2026-08-26 05:54:53,CH,SAP S/4HANA,A,PUR-001,PureLife GlucoMonitor,Medical Device,PureLife,E-commerce,7,80.95,CHF,0.0,566.65,566.65
TXN-CH-2-001561,2026-08-26 12:12:08,2026-08-26 12:17:08,CH,SAP S/4HANA,A,MED-001,Medora Cardio 10mg,Prescription,Medora,D2C,4,40.95,CHF,0.0,163.8,163.8
TXN-CH-2-001562,2026-08-26 03:09:24,2026-08-26 03:15:24,CH,SAP S/4HANA,A,SAN-002,SanaPlus ColdFlu,OTC,SanaPlus,Pharmacy/B2B,11,10.0,CHF,0.0,110.0,110.0
TXN-CH-2-001563,2026-08-26 02:48:43,2026-08-26 02:54:43,CH,SAP S/4HANA,A,VIT-002,Vitalis Multivit,Supplement,Vitalis,D2C,7,16.19,CHF,0.0,113.33,113.33
TXN-CH-2-001564,2026-08-26 03:58:42,2026-08-26 04:02:42,CH,SAP S/4HANA,A,MED-001,Medora Cardio 10mg,Prescription,Medora,E-commerce,8,40.95,CHF,0.1,327.6,294.84
TXN-CH-2-001565,2026-08-26 10:32:29,2026-08-26 10:36:29,CH,SAP S/4HANA,A,VIT-002,Vitalis Multivit,Supplement,Vitalis,D2C,5,16.19,CHF,0.05,80.95,76.9
TXN-CH-2-001566,2026-08-26 21:01:52,2026-08-26 21:03:52,CH,SAP S/4HANA,A,DER-002,Dermacare LiftCream,Aesthetic,Dermacare,E-commerce,12,35.24,CHF,0.0,422.88,422.88
TXN-CH-2-001567,2026-08-26 08:15:09,2026-08-26 08:20:09,CH,SAP S/4HANA,A,MED-002,Medora Derm Cream,Prescription,Medora,Wholesale,7,24.76,CHF,0.0,173.32,173.32
TXN-CH-2-001568,2026-08-26 22:12:53,2026-08-26 22:18:53,CH,SAP S/4HANA,A,DER-001,Dermacare GlowSerum,Aesthetic,Dermacare,E-commerce,3,30.48,CHF,0.0,91.44,91.44
TXN-CH-2-001569,2026-08-26 19:00:51,2026-08-26 19:05:51,CH,SAP S/4HANA,A,SAN-002,SanaPlus ColdFlu,OTC,SanaPlus,D2C,11,10.0,CHF,0.0,110.0,110.0
TXN-CH-2-001570,2026-08-26 04:22:24,2026-08-26 04:24:24,CH,SAP S/4HANA,A,SAN-002,SanaPlus ColdFlu,OTC,SanaPlus,Wholesale,5,10.0,CHF,0.0,50.0,50.0
TXN-CH-2-001571,2026-08-26 19:12:49,2026-08-26 19:16:49,CH,SAP S/4HANA,A,SAN-001,SanaPlus PainRelief,OTC,SanaPlus,Wholesale,5,9.05,CHF,0.0,45.25,45.25
TXN-CH-2-001572,2026-08-26 16:26:35,2026-08-26 16:28:35,CH,SAP S/4HANA,A,PUR-002,PureLife BP Monitor,Medical Device,PureLife,Wholesale,3,85.71,CHF,0.1,257.13,231.42
TXN-CH-2-001573,2026-08-26 22:52:53,2026-08-26 22:56:53,CH,SAP S/4HANA,A,MED-002,Medora Derm Cream,Prescription,Medora,Wholesale,6,24.76,CHF,0.05,148.56,141.13
